OMSCHRIJVING;STATUS;-;DISCIPLINE;-;HOOFDGROEP;-;OBJECT;_;SUBOBJECT01;_;SUBOBJECT02;_;SUBOBJECT03;_;SUBOBJECT04;_;SUBOBJECT05;-;BEWERKING;-;ELEMENT;-;SCHAAL;ARCERING;SYMBOOL;LAAGNAAM;B lineweight;B color;B color A;B color GD;B color GN;B color V;B linetype;N lineweight;N color;N color A;N color GD;N color GN;N color V;N linetype;V lineweight;V color;V color A;V color GD;V color GN;V color V;V linetype;T lineweight;T color;T color A;T color GD;T color GN;T color V;T linetype;VRKL_kort;VRKL_lang;VERSIE;WIJZIGING;STATUS;ID;KIND_VAN;
AFSLUITINSTALLATIE;*;-;**;-;KL;-;AFSLUITINSTALLATIE;;;;;;;;;;;;;-;G;;;;;*-**-KL-AFSLUITINSTALLATIE-G;0.18;60;62;60;60;253;CONTINUOUS;0.35;60;62;60;60;253;CONTINUOUS;0.35;60;62;60;60;253;V-CONTINUOUS-SO;0.35;60;62;60;60;253;CONTINUOUS;;;3.0;;NIEUW;1416;0;
AFSLUITINSTALLATIE_KABEL;*;-;**;-;KL;-;AFSLUITINSTALLATIE;_;KABEL;;;;;;;;;;;-;G;;;;;*-**-KL-AFSLUITINSTALLATIE_KABEL-G;0.18;60;62;60;60;253;CONTINUOUS;0.35;60;62;60;60;253;CONTINUOUS;0.35;60;62;60;60;253;V-CONTINUOUS-SO;0.35;60;62;60;60;253;CONTINUOUS;;;3.0;;NIEUW;1417;1416;
BEWEGWIJZERING;*;-;**;-;KL;-;BEWEGWIJZERING;;;;;;;;;;;;;-;G;;;;;*-**-KL-BEWEGWIJZERING-G;0.18;210;212;210;210;253;CONTINUOUS;0.35;210;212;210;210;253;CONTINUOUS;0.35;210;212;210;210;253;V-CONTINUOUS-SO;0.35;210;212;210;210;253;CONTINUOUS;;;3.0;;NIEUW;1386;0;
BEWEGWIJZERING_KABEL;*;-;**;-;KL;-;BEWEGWIJZERING;_;KABEL;;;;;;;;;;;-;G;;;;;*-**-KL-BEWEGWIJZERING_KABEL-G;0.18;210;212;210;210;253;KL-BEWEGWIJZERING-SO;0.35;210;212;210;210;253;KL-BEWEGWIJZERING-SO;0.35;210;212;210;210;253;V-KL-BEWEGWIJZERING-SO;0.35;210;212;210;210;253;KL-BEWEGWIJZERING-SO;;;4.2;4.2:Lijnstijl toegevoegd;GEWIJZIGD;1387;1386;
BRANDSTOF;*;-;**;-;KL;-;BRANDSTOF;;;;;;;;;;;;;-;G;;;;;*-**-KL-BRANDSTOF-G;0.18;40;42;40;40;40;KL-BRANDSTOF-SO;0.35;40;42;40;40;40;KL-BRANDSTOF-SO;0.35;40;42;40;40;40;V-KL-BRANDSTOF-SO;0.35;40;42;40;40;40;KL-BRANDSTOF-SO;;;2.3;;;620;0;
BRANDSTOF_HULPSTUK;*;-;**;-;KL;-;BRANDSTOF;_;HULPSTUK;;;;;;;;;;;-;G/S;;;;SKL-WTB_HULP;*-**-KL-BRANDSTOF_HULPSTUK-G/S;0.18;40;42;40;40;40;CONTINUOUS;0.35;40;42;40;40;40;CONTINUOUS;0.35;40;42;40;40;40;V-CONTINUOUS-SO;0.35;40;42;40;40;40;CONTINUOUS;;;2.3;;;621;620;
BRANDSTOF_HULPSTUK_AANSLUITPUNT;*;-;**;-;KL;-;BRANDSTOF;_;HULPSTUK;_;AANSLUITPUNT;;;;;;;;;-;G/S;;;;SKL-WTB_HULP_AANSLUITPUNT;*-**-KL-BRANDSTOF_HULPSTUK_AANSLUITPUNT-G;0.18;40;42;40;40;40;CONTINUOUS;0.35;40;42;40;40;40;CONTINUOUS;0.35;40;42;40;40;40;V-CONTINUOUS-SO;0.35;40;42;40;40;40;CONTINUOUS;;;2.3;;;622;621;
BRANDSTOF_HULPSTUK_AFSLUITER;*;-;**;-;KL;-;BRANDSTOF;_;HULPSTUK;_;AFSLUITER;;;;;;;;;-;G/S;;;;SKL-WTB_HULP_AFSLUITER;*-**-KL-BRANDSTOF_HULPSTUK_AFSLUITER-G;0.18;40;42;40;40;40;CONTINUOUS;0.35;40;42;40;40;40;CONTINUOUS;0.35;40;42;40;40;40;V-CONTINUOUS-SO;0.35;40;42;40;40;40;CONTINUOUS;;;2.3;;;623;621;
BRANDSTOF_HULPSTUK_DRUKMEETPUNT;*;-;**;-;KL;-;BRANDSTOF;_;HULPSTUK;_;DRUKMEETPUNT;;;;;;;;;-;G;;;;;*-**-KL-BRANDSTOF_HULPSTUK_DRUKMEETPUNT-G;0.18;40;42;40;40;40;CONTINUOUS;0.35;40;42;40;40;40;CONTINUOUS;0.35;40;42;40;40;40;V-CONTINUOUS-SO;0.35;40;42;40;40;40;CONTINUOUS;;;2.3;;;624;621;
BRANDSTOF_HULPSTUK_ONTLUCHTING;*;-;**;-;KL;-;BRANDSTOF;_;HULPSTUK;_;ONTLUCHTING;;;;;;;;;-;G;;;;;*-**-KL-BRANDSTOF_HULPSTUK_ONTLUCHTING-G;0.18;40;42;40;40;40;CONTINUOUS;0.35;40;42;40;40;40;CONTINUOUS;0.35;40;42;40;40;40;V-CONTINUOUS-SO;0.35;40;42;40;40;40;CONTINUOUS;;;2.3;;;625;621;
BRANDSTOF_HULPSTUK_OVERIG;*;-;**;-;KL;-;BRANDSTOF;_;HULPSTUK;_;OVERIG;;;;;;;;;-;G;;;;;*-**-KL-BRANDSTOF_HULPSTUK_OVERIG-G;0.18;40;42;40;40;40;CONTINUOUS;0.35;40;42;40;40;40;CONTINUOUS;0.35;40;42;40;40;40;V-CONTINUOUS-SO;0.35;40;42;40;40;40;CONTINUOUS;;;3.1;;VERVALLEN;626;621;
BRANDSTOF_LOCATIEPAAL;*;-;**;-;KL;-;BRANDSTOF;_;LOCATIEPAAL;;;;;;;;;;;-;G/S;;;;SKL-LEIDINGMERKPAAL;*-**-KL-BRANDSTOF_LOCATIEPAAL-G/S;0.18;40;42;40;40;40;CONTINUOUS;0.35;40;42;40;40;40;CONTINUOUS;0.35;40;42;40;40;40;V-CONTINUOUS-SO;0.35;40;42;40;40;40;CONTINUOUS;;;2.3;;;627;620;
BRANDSTOF_MANTELBUIS;*;-;**;-;KL;-;BRANDSTOF;_;MANTELBUIS;;;;;;;;;;;-;G;;;;;*-**-KL-BRANDSTOF_MANTELBUIS-G;0.18;40;42;40;40;40;CONTINUOUS;0.35;40;42;40;40;40;CONTINUOUS;0.35;40;42;40;40;40;V-CONTINUOUS-SO;0.35;40;42;40;40;40;CONTINUOUS;;;2.5;;;628;620;
BRANDSTOF_OVERIG;*;-;**;-;KL;-;BRANDSTOF;_;OVERIG;;;;;;;;;;;-;G;;;;;*-**-KL-BRANDSTOF_OVERIG-G;0.18;40;42;40;40;40;CONTINUOUS;0.35;40;42;40;40;40;CONTINUOUS;0.35;40;42;40;40;40;V-CONTINUOUS-SO;0.35;40;42;40;40;40;CONTINUOUS;;;3.1;;VERVALLEN;629;620;
BRANDSTOF_PUT;*;-;**;-;KL;-;BRANDSTOF;_;PUT;;;;;;;;;;;-;G/S;;;;SKL-BENZINEPUT_OLIEPUT;*-**-KL-BRANDSTOF_PUT-G/S;0.18;40;42;40;40;40;CONTINUOUS;0.35;40;42;40;40;40;CONTINUOUS;0.35;40;42;40;40;40;V-CONTINUOUS-SO;0.35;40;42;40;40;40;CONTINUOUS;;;4.2;4.2:symbool gewijzigd;GEWIJZIGD;630;620;
BRANDSTOF_TANK;*;-;**;-;KL;-;BRANDSTOF;_;TANK;;;;;;;;;;;-;G/S;;;;SKL-TANK;*-**-KL-BRANDSTOF_TANK-G/S;0.18;40;42;40;40;40;CONTINUOUS;0.35;40;42;40;40;40;CONTINUOUS;0.35;40;42;40;40;40;V-CONTINUOUS-SO;0.35;40;42;40;40;40;CONTINUOUS;;;2.3;;;631;620;
BRANDSTOF_TRANSPORTLEIDING;*;-;**;-;KL;-;BRANDSTOF;_;TRANSPORTLEIDING;;;;;;;;;;;-;G;;;;;*-**-KL-BRANDSTOF_TRANSPORTLEIDING-G;0.18;40;42;40;40;40;KL-BRANDSTOF-SO;0.35;40;42;40;40;40;KL-BRANDSTOF-SO;0.35;40;42;40;40;40;V-KL-BRANDSTOF-SO;0.35;40;42;40;40;40;KL-BRANDSTOF-SO;;;2.3;;;632;620;
BRANDSTOF_TRANSPORTLEIDING_GVK;*;-;**;-;KL;-;BRANDSTOF;_;TRANSPORTLEIDING;_;GVK;;;;;;;;;-;G;;;;;*-**-KL-BRANDSTOF_TRANSPORTLEIDING_GVK-G;0.18;40;42;40;40;40;KL-BRANDSTOF-SO;0.35;40;42;40;40;40;KL-BRANDSTOF-SO;0.35;40;42;40;40;40;V-KL-BRANDSTOF-SO;0.35;40;42;40;40;40;KL-BRANDSTOF-SO;;;2.3;;;633;632;
BRANDSTOF_TRANSPORTLEIDING_PE;*;-;**;-;KL;-;BRANDSTOF;_;TRANSPORTLEIDING;_;PE;;;;;;;;;-;G;;;;;*-**-KL-BRANDSTOF_TRANSPORTLEIDING_PE-G;0.18;40;42;40;40;40;KL-BRANDSTOF-SO;0.35;40;42;40;40;40;KL-BRANDSTOF-SO;0.35;40;42;40;40;40;V-KL-BRANDSTOF-SO;0.35;40;42;40;40;40;KL-BRANDSTOF-SO;;;2.3;;;634;632;
BRANDSTOF_TRANSPORTLEIDING_STAAL;*;-;**;-;KL;-;BRANDSTOF;_;TRANSPORTLEIDING;_;STAAL;;;;;;;;;-;G;;;;;*-**-KL-BRANDSTOF_TRANSPORTLEIDING_STAAL-G;0.18;40;42;40;40;40;KL-BRANDSTOF-SO;0.35;40;42;40;40;40;KL-BRANDSTOF-SO;0.35;40;42;40;40;40;V-KL-BRANDSTOF-SO;0.35;40;42;40;40;40;KL-BRANDSTOF-SO;;;2.3;;;635;632;
BRANDSTOF_VULPUNT;*;-;**;-;KL;-;BRANDSTOF;_;VULPUNT;;;;;;;;;;;-;G;;;;;*-**-KL-BRANDSTOF_VULPUNT-G;0.18;40;42;40;40;40;CONTINUOUS;0.35;40;42;40;40;40;CONTINUOUS;0.35;40;42;40;40;40;V-CONTINUOUS-SO;0.35;40;42;40;40;40;CONTINUOUS;;;2.3;;;636;620;
CCTV;*;-;**;-;KL;-;CCTV;;;;;;;;;;;;;-;G;;;;;*-**-KL-CCTV-G;0.18;70;72;70;70;253;CONTINUOUS;0.35;70;72;70;70;253;CONTINUOUS;0.35;70;72;70;70;253;V-CONTINUOUS-SO;0.35;70;72;70;70;253;CONTINUOUS;;;3.0;;NIEUW;1418;0;
CCTV_KABEL;*;-;**;-;KL;-;CCTV;_;KABEL;;;;;;;;;;;-;G;;;;;*-**-KL-CCTV_KABEL-G;0.18;70;72;70;70;253;CONTINUOUS;0.35;70;72;70;70;253;CONTINUOUS;0.35;70;72;70;70;253;V-CONTINUOUS-SO;0.35;70;72;70;70;253;CONTINUOUS;;;3.0;;NIEUW;1419;1418;
CCTV_KABEL_COMBI;*;-;**;-;KL;-;CCTV;_;KABEL;_;COMBI;;;;;;;;;-;G;;;;;*-**-KL-CCTV_KABEL_COMBI-G;0.18;70;72;70;70;253;CONTINUOUS;0.35;70;72;70;70;253;CONTINUOUS;0.35;70;72;70;70;253;V-CONTINUOUS-SO;0.35;70;72;70;70;253;CONTINUOUS;;;4.1;;NIEUW;3432;1419;
CCTV_KABEL_COMBI;*;-;**;-;KL;-;CCTV;_;KABEL;_;COMBI;;;;;;;;;-;G;;;;;*-**-KL-CCTV_KABEL_COMBI-G;0.18;70;72;70;70;253;CONTINUOUS;0.35;70;72;70;70;253;CONTINUOUS;0.35;70;72;70;70;253;V-CONTINUOUS-SO;0.35;70;72;70;70;253;CONTINUOUS;;;4.2;4.2: dubbel met 3432;VERVALLEN;3441;1419;
CCTV_KABEL_COMMUNICATIE;*;-;**;-;KL;-;CCTV;_;KABEL;_;COMMUNICATIE;;;;;;;;;-;G;;;;;*-**-KL-CCTV_KABEL_COMMUNICATIE-G;0.18;70;72;70;70;253;CONTINUOUS;0.35;70;72;70;70;253;CONTINUOUS;0.35;70;72;70;70;253;V-CONTINUOUS-SO;0.35;70;72;70;70;253;CONTINUOUS;;;4.1;;NIEUW;3431;1419;
CCTV_KABEL_COMMUNICATIE;*;-;**;-;KL;-;CCTV;_;KABEL;_;COMMUNICATIE;;;;;;;;;-;G;;;;;*-**-KL-CCTV_KABEL_COMMUNICATIE-G;0.18;70;72;70;70;253;CONTINUOUS;0.35;70;72;70;70;253;CONTINUOUS;0.35;70;72;70;70;253;V-CONTINUOUS-SO;0.35;70;72;70;70;253;CONTINUOUS;;;4.2;4.2: dubbel met 3431;VERVALLEN;3440;1419;
CCTV_KABEL_VOEDING;*;-;**;-;KL;-;CCTV;_;KABEL;_;VOEDING;;;;;;;;;-;G;;;;;*-**-KL-CCTV_KABEL_VOEDING-G;0.18;70;72;70;70;253;CONTINUOUS;0.35;70;72;70;70;253;CONTINUOUS;0.35;70;72;70;70;253;V-CONTINUOUS-SO;0.35;70;72;70;70;253;CONTINUOUS;;;4.1;;NIEUW;3430;1419;
CCTV_KABEL_VOEDING;*;-;**;-;KL;-;CCTV;_;KABEL;_;VOEDING;;;;;;;;;-;G;;;;;*-**-KL-CCTV_KABEL_VOEDING-G;0.18;70;72;70;70;253;CONTINUOUS;0.35;70;72;70;70;253;CONTINUOUS;0.35;70;72;70;70;253;V-CONTINUOUS-SO;0.35;70;72;70;70;253;CONTINUOUS;;;4.2;4.2: dubbel met 3430;VERVALLEN;3439;1419;
CHEMIE;*;-;**;-;KL;-;CHEMIE;;;;;;;;;;;;;-;G;;;;;*-**-KL-CHEMIE-G;0.18;40;42;40;40;40;KL-CHEMIE-SO;0.35;40;42;40;40;40;KL-CHEMIE-SO;0.35;40;42;40;40;40;V-KL-CHEMIE-SO;0.35;40;42;40;40;40;KL-CHEMIE-SO;;;2.3;;;637;0;
CHEMIE_AFSLUITER;*;-;**;-;KL;-;CHEMIE;_;AFSLUITER;;;;;;;;;;;-;G/S;;;;SKL-WTB_HULP_AFSLUITER;*-**-KL-CHEMIE_AFSLUITER-G;0.18;40;42;40;40;40;CONTINUOUS;0.35;40;42;40;40;40;CONTINUOUS;0.35;40;42;40;40;40;V-CONTINUOUS-SO;0.35;40;42;40;40;40;CONTINUOUS;;;2.3;;;638;637;
CHEMIE_HULPSTUK;*;-;**;-;KL;-;CHEMIE;_;HULPSTUK;;;;;;;;;;;-;G/S;;;;SKL-WTB_HULP;*-**-KL-CHEMIE_HULPSTUK-G/S;0.18;40;42;40;40;40;CONTINUOUS;0.35;40;42;40;40;40;CONTINUOUS;0.35;40;42;40;40;40;V-CONTINUOUS-SO;0.35;40;42;40;40;40;CONTINUOUS;;;2.3;;;639;637;
CHEMIE_LEIDING;*;-;**;-;KL;-;CHEMIE;_;LEIDING;;;;;;;;;;;-;G;;;;;*-**-KL-CHEMIE_LEIDING-G;0.18;40;42;40;40;40;KL-CHEMIE-SO;0.35;40;42;40;40;40;KL-CHEMIE-SO;0.35;40;42;40;40;40;V-KL-CHEMIE-SO;0.35;40;42;40;40;40;KL-CHEMIE-SO;;;2.3;;;640;637;
CHEMIE_LOCATIEPAAL;*;-;**;-;KL;-;CHEMIE;_;LOCATIEPAAL;;;;;;;;;;;-;G/S;;;;SKL-LEIDINGMERKPAAL;*-**-KL-CHEMIE_LOCATIEPAAL-G/S;0.18;40;42;40;40;40;CONTINUOUS;0.35;40;42;40;40;40;CONTINUOUS;0.35;40;42;40;40;40;V-CONTINUOUS-SO;0.35;40;42;40;40;40;CONTINUOUS;;;2.3;;;641;637;
CHEMIE_MANTELBUIS;*;-;**;-;KL;-;CHEMIE;_;MANTELBUIS;;;;;;;;;;;-;G;;;;;*-**-KL-CHEMIE_MANTELBUIS-G;0.18;40;42;40;40;40;CONTINUOUS;0.35;40;42;40;40;40;CONTINUOUS;0.35;40;42;40;40;40;V-CONTINUOUS-SO;0.35;40;42;40;40;40;CONTINUOUS;;;2.5;;;642;637;
CHEMIE_OVERIG;*;-;**;-;KL;-;CHEMIE;_;OVERIG;;;;;;;;;;;-;G;;;;;*-**-KL-CHEMIE_OVERIG-G;0.18;40;42;40;40;40;CONTINUOUS;0.35;40;42;40;40;40;CONTINUOUS;0.35;40;42;40;40;40;V-CONTINUOUS-SO;0.35;40;42;40;40;40;CONTINUOUS;;;3.1;;VERVALLEN;643;637;
CHEMIE_PUT;*;-;**;-;KL;-;CHEMIE;_;PUT;;;;;;;;;;;-;G/S;;;;SKL-WTB_PUT;*-**-KL-CHEMIE_PUT-G/S;0.18;40;42;40;40;40;CONTINUOUS;0.35;40;42;40;40;40;CONTINUOUS;0.35;40;42;40;40;40;V-CONTINUOUS-SO;0.35;40;42;40;40;40;CONTINUOUS;;;2.3;;;644;637;
COMBIKABEL;*;-;**;-;KL;-;COMBIKABEL;;;;;;;;;;;;;-;G;;;;;*-**-KL-COMBIKABEL-G;0.18;90;92;90;90;90;KL-COMBIKABEL-SO;0.35;90;92;90;90;90;KL-COMBIKABEL-SO;0.35;90;92;90;90;90;V-KL-COMBIKABEL-SO;0.35;90;92;90;90;90;KL-COMBIKABEL-SO;;;4.2;4.2:Lijnstijl toegevoegd;GEWIJZIGD;3118;0;
CV;*;-;**;-;KL;-;CV;;;;;;;;;;;;;-;G;;;;;*-**-KL-CV-G;0.18;40;42;40;40;40;KL-CV-SO;0.35;40;42;40;40;40;KL-CV-SO;0.35;40;42;40;40;40;V-KL-CV-SO;0.35;40;42;40;40;40;KL-CV-SO;;;2.3;;;645;0;
CV_HUISAANSLUITING;*;-;**;-;KL;-;CV;_;HUISAANSLUITING;;;;;;;;;;;-;G;;;;;*-**-KL-CV_HUISAANSLUITING-G;0.18;40;42;40;40;40;KL-CV-SO;0.35;40;42;40;40;40;KL-CV-SO;0.35;40;42;40;40;40;V-KL-CV-SO;0.35;40;42;40;40;40;KL-CV-SO;;;2.3;;;646;645;
CV_HUISAANSLUITING_GVK;*;-;**;-;KL;-;CV;_;HUISAANSLUITING;_;GVK;;;;;;;;;-;G;;;;;*-**-KL-CV_HUISAANSLUITING_GVK-G;0.18;40;42;40;40;40;KL-CV-SO;0.35;40;42;40;40;40;KL-CV-SO;0.35;40;42;40;40;40;V-KL-CV-SO;0.35;40;42;40;40;40;KL-CV-SO;;;2.3;;;647;646;
CV_HUISAANSLUITING_GVK_100;*;-;**;-;KL;-;CV;_;HUISAANSLUITING;_;GVK;_;100;;;;;;;-;G;;;;;*-**-KL-CV_HUISAANSLUITING_GVK_100-G;0.18;40;42;40;40;40;KL-CV-SO;0.35;40;42;40;40;40;KL-CV-SO;0.35;40;42;40;40;40;V-KL-CV-SO;0.35;40;42;40;40;40;KL-CV-SO;;;2.3;;;648;647;
CV_HUISAANSLUITING_GVK_150;*;-;**;-;KL;-;CV;_;HUISAANSLUITING;_;GVK;_;150;;;;;;;-;G;;;;;*-**-KL-CV_HUISAANSLUITING_GVK_150-G;0.18;40;42;40;40;40;KL-CV-SO;0.35;40;42;40;40;40;KL-CV-SO;0.35;40;42;40;40;40;V-KL-CV-SO;0.35;40;42;40;40;40;KL-CV-SO;;;2.3;;;649;647;
CV_HUISAANSLUITING_GVK_25;*;-;**;-;KL;-;CV;_;HUISAANSLUITING;_;GVK;_;25;;;;;;;-;G;;;;;*-**-KL-CV_HUISAANSLUITING_GVK_25-G;0.18;40;42;40;40;40;KL-CV-SO;0.35;40;42;40;40;40;KL-CV-SO;0.35;40;42;40;40;40;V-KL-CV-SO;0.35;40;42;40;40;40;KL-CV-SO;;;2.3;;;650;647;
CV_HUISAANSLUITING_GVK_40;*;-;**;-;KL;-;CV;_;HUISAANSLUITING;_;GVK;_;40;;;;;;;-;G;;;;;*-**-KL-CV_HUISAANSLUITING_GVK_40-G;0.18;40;42;40;40;40;KL-CV-SO;0.35;40;42;40;40;40;KL-CV-SO;0.35;40;42;40;40;40;V-KL-CV-SO;0.35;40;42;40;40;40;KL-CV-SO;;;2.3;;;651;647;
CV_HUISAANSLUITING_GVK_50;*;-;**;-;KL;-;CV;_;HUISAANSLUITING;_;GVK;_;50;;;;;;;-;G;;;;;*-**-KL-CV_HUISAANSLUITING_GVK_50-G;0.18;40;42;40;40;40;KL-CV-SO;0.35;40;42;40;40;40;KL-CV-SO;0.35;40;42;40;40;40;V-KL-CV-SO;0.35;40;42;40;40;40;KL-CV-SO;;;2.3;;;652;647;
CV_HUISAANSLUITING_GVK_80;*;-;**;-;KL;-;CV;_;HUISAANSLUITING;_;GVK;_;80;;;;;;;-;G;;;;;*-**-KL-CV_HUISAANSLUITING_GVK_80-G;0.18;40;42;40;40;40;KL-CV-SO;0.35;40;42;40;40;40;KL-CV-SO;0.35;40;42;40;40;40;V-KL-CV-SO;0.35;40;42;40;40;40;KL-CV-SO;;;2.3;;;653;647;
CV_HUISAANSLUITING_STAAL;*;-;**;-;KL;-;CV;_;HUISAANSLUITING;_;STAAL;;;;;;;;;-;G;;;;;*-**-KL-CV_HUISAANSLUITING_STAAL-G;0.18;40;42;40;40;40;KL-CV-SO;0.35;40;42;40;40;40;KL-CV-SO;0.35;40;42;40;40;40;V-KL-CV-SO;0.35;40;42;40;40;40;KL-CV-SO;;;2.3;;;654;646;
CV_HUISAANSLUITING_STAAL_DN100;*;-;**;-;KL;-;CV;_;HUISAANSLUITING;_;STAAL;_;DN100;;;;;;;-;G;;;;;*-**-KL-CV_HUISAANSLUITING_STAAL_DN100-G;0.18;40;42;40;40;40;KL-CV-SO;0.35;40;42;40;40;40;KL-CV-SO;0.35;40;42;40;40;40;V-KL-CV-SO;0.35;40;42;40;40;40;KL-CV-SO;;;2.3;;;655;654;
CV_HUISAANSLUITING_STAAL_DN125;*;-;**;-;KL;-;CV;_;HUISAANSLUITING;_;STAAL;_;DN125;;;;;;;-;G;;;;;*-**-KL-CV_HUISAANSLUITING_STAAL_DN125-G;0.18;40;42;40;40;40;KL-CV-SO;0.35;40;42;40;40;40;KL-CV-SO;0.35;40;42;40;40;40;V-KL-CV-SO;0.35;40;42;40;40;40;KL-CV-SO;;;2.3;;;656;654;
CV_HUISAANSLUITING_STAAL_DN150;*;-;**;-;KL;-;CV;_;HUISAANSLUITING;_;STAAL;_;DN150;;;;;;;-;G;;;;;*-**-KL-CV_HUISAANSLUITING_STAAL_DN150-G;0.18;40;42;40;40;40;KL-CV-SO;0.35;40;42;40;40;40;KL-CV-SO;0.35;40;42;40;40;40;V-KL-CV-SO;0.35;40;42;40;40;40;KL-CV-SO;;;2.3;;;657;654;
CV_HUISAANSLUITING_STAAL_DN20;*;-;**;-;KL;-;CV;_;HUISAANSLUITING;_;STAAL;_;DN20;;;;;;;-;G;;;;;*-**-KL-CV_HUISAANSLUITING_STAAL_DN20-G;0.18;40;42;40;40;40;KL-CV-SO;0.35;40;42;40;40;40;KL-CV-SO;0.35;40;42;40;40;40;V-KL-CV-SO;0.35;40;42;40;40;40;KL-CV-SO;;;2.3;;;658;654;
CV_HUISAANSLUITING_STAAL_DN200;*;-;**;-;KL;-;CV;_;HUISAANSLUITING;_;STAAL;_;DN200;;;;;;;-;G;;;;;*-**-KL-CV_HUISAANSLUITING_STAAL_DN200-G;0.18;40;42;40;40;40;KL-CV-SO;0.35;40;42;40;40;40;KL-CV-SO;0.35;40;42;40;40;40;V-KL-CV-SO;0.35;40;42;40;40;40;KL-CV-SO;;;2.3;;;659;654;
CV_HUISAANSLUITING_STAAL_DN25;*;-;**;-;KL;-;CV;_;HUISAANSLUITING;_;STAAL;_;DN25;;;;;;;-;G;;;;;*-**-KL-CV_HUISAANSLUITING_STAAL_DN25-G;0.18;40;42;40;40;40;KL-CV-SO;0.35;40;42;40;40;40;KL-CV-SO;0.35;40;42;40;40;40;V-KL-CV-SO;0.35;40;42;40;40;40;KL-CV-SO;;;2.3;;;660;654;
CV_HUISAANSLUITING_STAAL_DN250;*;-;**;-;KL;-;CV;_;HUISAANSLUITING;_;STAAL;_;DN250;;;;;;;-;G;;;;;*-**-KL-CV_HUISAANSLUITING_STAAL_DN250-G;0.18;40;42;40;40;40;KL-CV-SO;0.35;40;42;40;40;40;KL-CV-SO;0.35;40;42;40;40;40;V-KL-CV-SO;0.35;40;42;40;40;40;KL-CV-SO;;;2.3;;;661;654;
CV_HUISAANSLUITING_STAAL_DN300;*;-;**;-;KL;-;CV;_;HUISAANSLUITING;_;STAAL;_;DN300;;;;;;;-;G;;;;;*-**-KL-CV_HUISAANSLUITING_STAAL_DN300-G;0.18;40;42;40;40;40;KL-CV-SO;0.35;40;42;40;40;40;KL-CV-SO;0.35;40;42;40;40;40;V-KL-CV-SO;0.35;40;42;40;40;40;KL-CV-SO;;;2.3;;;662;654;
CV_HUISAANSLUITING_STAAL_DN32;*;-;**;-;KL;-;CV;_;HUISAANSLUITING;_;STAAL;_;DN32;;;;;;;-;G;;;;;*-**-KL-CV_HUISAANSLUITING_STAAL_DN32-G;0.18;40;42;40;40;40;KL-CV-SO;0.35;40;42;40;40;40;KL-CV-SO;0.35;40;42;40;40;40;V-KL-CV-SO;0.35;40;42;40;40;40;KL-CV-SO;;;2.3;;;663;654;
CV_HUISAANSLUITING_STAAL_DN350;*;-;**;-;KL;-;CV;_;HUISAANSLUITING;_;STAAL;_;DN350;;;;;;;-;G;;;;;*-**-KL-CV_HUISAANSLUITING_STAAL_DN350-G;0.18;40;42;40;40;40;KL-CV-SO;0.35;40;42;40;40;40;KL-CV-SO;0.35;40;42;40;40;40;V-KL-CV-SO;0.35;40;42;40;40;40;KL-CV-SO;;;2.3;;;664;654;
CV_HUISAANSLUITING_STAAL_DN40;*;-;**;-;KL;-;CV;_;HUISAANSLUITING;_;STAAL;_;DN40;;;;;;;-;G;;;;;*-**-KL-CV_HUISAANSLUITING_STAAL_DN40-G;0.18;40;42;40;40;40;KL-CV-SO;0.35;40;42;40;40;40;KL-CV-SO;0.35;40;42;40;40;40;V-KL-CV-SO;0.35;40;42;40;40;40;KL-CV-SO;;;2.3;;;665;654;
CV_HUISAANSLUITING_STAAL_DN400;*;-;**;-;KL;-;CV;_;HUISAANSLUITING;_;STAAL;_;DN400;;;;;;;-;G;;;;;*-**-KL-CV_HUISAANSLUITING_STAAL_DN400-G;0.18;40;42;40;40;40;KL-CV-SO;0.35;40;42;40;40;40;KL-CV-SO;0.35;40;42;40;40;40;V-KL-CV-SO;0.35;40;42;40;40;40;KL-CV-SO;;;2.3;;;666;654;
CV_HUISAANSLUITING_STAAL_DN450;*;-;**;-;KL;-;CV;_;HUISAANSLUITING;_;STAAL;_;DN450;;;;;;;-;G;;;;;*-**-KL-CV_HUISAANSLUITING_STAAL_DN450-G;0.18;40;42;40;40;40;KL-CV-SO;0.35;40;42;40;40;40;KL-CV-SO;0.35;40;42;40;40;40;V-KL-CV-SO;0.35;40;42;40;40;40;KL-CV-SO;;;2.3;;;667;654;
CV_HUISAANSLUITING_STAAL_DN50;*;-;**;-;KL;-;CV;_;HUISAANSLUITING;_;STAAL;_;DN50;;;;;;;-;G;;;;;*-**-KL-CV_HUISAANSLUITING_STAAL_DN50-G;0.18;40;42;40;40;40;KL-CV-SO;0.35;40;42;40;40;40;KL-CV-SO;0.35;40;42;40;40;40;V-KL-CV-SO;0.35;40;42;40;40;40;KL-CV-SO;;;2.3;;;668;654;
CV_HUISAANSLUITING_STAAL_DN500;*;-;**;-;KL;-;CV;_;HUISAANSLUITING;_;STAAL;_;DN500;;;;;;;-;G;;;;;*-**-KL-CV_HUISAANSLUITING_STAAL_DN500-G;0.18;40;42;40;40;40;KL-CV-SO;0.35;40;42;40;40;40;KL-CV-SO;0.35;40;42;40;40;40;V-KL-CV-SO;0.35;40;42;40;40;40;KL-CV-SO;;;2.3;;;669;654;
CV_HUISAANSLUITING_STAAL_DN600;*;-;**;-;KL;-;CV;_;HUISAANSLUITING;_;STAAL;_;DN600;;;;;;;-;G;;;;;*-**-KL-CV_HUISAANSLUITING_STAAL_DN600-G;0.18;40;42;40;40;40;KL-CV-SO;0.35;40;42;40;40;40;KL-CV-SO;0.35;40;42;40;40;40;V-KL-CV-SO;0.35;40;42;40;40;40;KL-CV-SO;;;2.3;;;670;654;
CV_HUISAANSLUITING_STAAL_DN65;*;-;**;-;KL;-;CV;_;HUISAANSLUITING;_;STAAL;_;DN65;;;;;;;-;G;;;;;*-**-KL-CV_HUISAANSLUITING_STAAL_DN65-G;0.18;40;42;40;40;40;KL-CV-SO;0.35;40;42;40;40;40;KL-CV-SO;0.35;40;42;40;40;40;V-KL-CV-SO;0.35;40;42;40;40;40;KL-CV-SO;;;2.3;;;671;654;
CV_HUISAANSLUITING_STAAL_DN80;*;-;**;-;KL;-;CV;_;HUISAANSLUITING;_;STAAL;_;DN80;;;;;;;-;G;;;;;*-**-KL-CV_HUISAANSLUITING_STAAL_DN80-G;0.18;40;42;40;40;40;KL-CV-SO;0.35;40;42;40;40;40;KL-CV-SO;0.35;40;42;40;40;40;V-KL-CV-SO;0.35;40;42;40;40;40;KL-CV-SO;;;2.3;;;672;654;
CV_HULPSTUK;*;-;**;-;KL;-;CV;_;HULPSTUK;;;;;;;;;;;-;G/S;;;;SKL-WTB_HULP;*-**-KL-CV_HULPSTUK-G/S;0.18;40;42;40;40;40;CONTINUOUS;0.35;40;42;40;40;40;CONTINUOUS;0.35;40;42;40;40;40;V-CONTINUOUS-SO;0.35;40;42;40;40;40;CONTINUOUS;;;2.3;;;673;645;
CV_HULPSTUK_AANSLUITPUNT;*;-;**;-;KL;-;CV;_;HULPSTUK;_;AANSLUITPUNT;;;;;;;;;-;G/S;;;;SKL-WTB_HULP_AANSLUITPUNT;*-**-KL-CV_HULPSTUK_AANSLUITPUNT-G;0.18;40;42;40;40;40;CONTINUOUS;0.35;40;42;40;40;40;CONTINUOUS;0.35;40;42;40;40;40;V-CONTINUOUS-SO;0.35;40;42;40;40;40;CONTINUOUS;;;2.3;;;674;673;
CV_HULPSTUK_AFSLUITER;*;-;**;-;KL;-;CV;_;HULPSTUK;_;AFSLUITER;;;;;;;;;-;G/S;;;;SKL-WTB_HULP_AFSLUITER;*-**-KL-CV_HULPSTUK_AFSLUITER-G;0.18;40;42;40;40;40;CONTINUOUS;0.35;40;42;40;40;40;CONTINUOUS;0.35;40;42;40;40;40;V-CONTINUOUS-SO;0.35;40;42;40;40;40;CONTINUOUS;;;2.3;;;675;673;
CV_HULPSTUK_OVERIG;*;-;**;-;KL;-;CV;_;HULPSTUK;_;OVERIG;;;;;;;;;-;G;;;;;*-**-KL-CV_HULPSTUK_OVERIG-G;0.18;40;42;40;40;40;CONTINUOUS;0.35;40;42;40;40;40;CONTINUOUS;0.35;40;42;40;40;40;V-CONTINUOUS-SO;0.35;40;42;40;40;40;CONTINUOUS;;;3.1;;VERVALLEN;676;673;
CV_LOCATIEPAAL;*;-;**;-;KL;-;CV;_;LOCATIEPAAL;;;;;;;;;;;-;G/S;;;;SKL-LEIDINGMERKPAAL;*-**-KL-CV_LOCATIEPAAL-G/S;0.18;40;42;40;40;40;CONTINUOUS;0.35;40;42;40;40;40;CONTINUOUS;0.35;40;42;40;40;40;V-CONTINUOUS-SO;0.35;40;42;40;40;40;CONTINUOUS;;;2.3;;;677;645;
CV_MANTELBUIS;*;-;**;-;KL;-;CV;_;MANTELBUIS;;;;;;;;;;;-;G;;;;;*-**-KL-CV_MANTELBUIS-G;0.18;40;42;40;40;40;CONTINUOUS;0.35;40;42;40;40;40;CONTINUOUS;0.35;40;42;40;40;40;V-CONTINUOUS-SO;0.35;40;42;40;40;40;CONTINUOUS;;;2.5;;;678;645;
CV_OVERIG;*;-;**;-;KL;-;CV;_;OVERIG;;;;;;;;;;;-;G;;;;;*-**-KL-CV_OVERIG-G;0.18;40;42;40;40;40;CONTINUOUS;0.35;40;42;40;40;40;CONTINUOUS;0.35;40;42;40;40;40;V-CONTINUOUS-SO;0.35;40;42;40;40;40;CONTINUOUS;;;3.1;;VERVALLEN;679;645;
CV_PUT;*;-;**;-;KL;-;CV;_;PUT;;;;;;;;;;;-;G/S;;;;SKL-WTB_PUT;*-**-KL-CV_PUT-G;0.18;40;42;40;40;40;CONTINUOUS;0.35;40;42;40;40;40;CONTINUOUS;0.35;40;42;40;40;40;V-CONTINUOUS-SO;0.35;40;42;40;40;40;CONTINUOUS;;;2.3;;;680;645;
CV_PUT_PUTKAST;*;-;**;-;KL;-;CV;_;PUT;_;PUTKAST;;;;;;;;;-;G;;;;;*-**-KL-CV_PUT_PUTKAST-G;0.18;40;42;40;40;40;CONTINUOUS;0.35;40;42;40;40;40;CONTINUOUS;0.35;40;42;40;40;40;V-CONTINUOUS-SO;0.35;40;42;40;40;40;CONTINUOUS;;;2.3;;;681;680;
CV_TRANSPORTLEIDING;*;-;**;-;KL;-;CV;_;TRANSPORTLEIDING;;;;;;;;;;;-;G;;;;;*-**-KL-CV_TRANSPORTLEIDING-G;0.18;40;42;40;40;40;KL-CV-SO;0.35;40;42;40;40;40;KL-CV-SO;0.35;40;42;40;40;40;V-KL-CV-SO;0.35;40;42;40;40;40;KL-CV-SO;;;2.3;;;682;645;
CV_TRANSPORTLEIDING_GVK;*;-;**;-;KL;-;CV;_;TRANSPORTLEIDING;_;GVK;;;;;;;;;-;G;;;;;*-**-KL-CV_TRANSPORTLEIDING_GVK-G;0.18;40;42;40;40;40;KL-CV-SO;0.35;40;42;40;40;40;KL-CV-SO;0.35;40;42;40;40;40;V-KL-CV-SO;0.35;40;42;40;40;40;KL-CV-SO;;;2.3;;;683;682;
CV_TRANSPORTLEIDING_GVK_100;*;-;**;-;KL;-;CV;_;TRANSPORTLEIDING;_;GVK;_;100;;;;;;;-;G;;;;;*-**-KL-CV_TRANSPORTLEIDING_GVK_100-G;0.18;40;42;40;40;40;KL-CV-SO;0.35;40;42;40;40;40;KL-CV-SO;0.35;40;42;40;40;40;V-KL-CV-SO;0.35;40;42;40;40;40;KL-CV-SO;;;2.3;;;684;683;
CV_TRANSPORTLEIDING_GVK_1000;*;-;**;-;KL;-;CV;_;TRANSPORTLEIDING;_;GVK;_;1000;;;;;;;-;G;;;;;*-**-KL-CV_TRANSPORTLEIDING_GVK_1000-G;0.18;40;42;40;40;40;KL-CV-SO;0.35;40;42;40;40;40;KL-CV-SO;0.35;40;42;40;40;40;V-KL-CV-SO;0.35;40;42;40;40;40;KL-CV-SO;;;2.3;;;685;683;
CV_TRANSPORTLEIDING_GVK_1200;*;-;**;-;KL;-;CV;_;TRANSPORTLEIDING;_;GVK;_;1200;;;;;;;-;G;;;;;*-**-KL-CV_TRANSPORTLEIDING_GVK_1200-G;0.18;40;42;40;40;40;KL-CV-SO;0.35;40;42;40;40;40;KL-CV-SO;0.35;40;42;40;40;40;V-KL-CV-SO;0.35;40;42;40;40;40;KL-CV-SO;;;2.3;;;686;683;
CV_TRANSPORTLEIDING_GVK_1400;*;-;**;-;KL;-;CV;_;TRANSPORTLEIDING;_;GVK;_;1400;;;;;;;-;G;;;;;*-**-KL-CV_TRANSPORTLEIDING_GVK_1400-G;0.18;40;42;40;40;40;KL-CV-SO;0.35;40;42;40;40;40;KL-CV-SO;0.35;40;42;40;40;40;V-KL-CV-SO;0.35;40;42;40;40;40;KL-CV-SO;;;2.3;;;687;683;
CV_TRANSPORTLEIDING_GVK_150;*;-;**;-;KL;-;CV;_;TRANSPORTLEIDING;_;GVK;_;150;;;;;;;-;G;;;;;*-**-KL-CV_TRANSPORTLEIDING_GVK_150-G;0.18;40;42;40;40;40;KL-CV-SO;0.35;40;42;40;40;40;KL-CV-SO;0.35;40;42;40;40;40;V-KL-CV-SO;0.35;40;42;40;40;40;KL-CV-SO;;;2.3;;;688;683;
CV_TRANSPORTLEIDING_GVK_200;*;-;**;-;KL;-;CV;_;TRANSPORTLEIDING;_;GVK;_;200;;;;;;;-;G;;;;;*-**-KL-CV_TRANSPORTLEIDING_GVK_200-G;0.18;40;42;40;40;40;KL-CV-SO;0.35;40;42;40;40;40;KL-CV-SO;0.35;40;42;40;40;40;V-KL-CV-SO;0.35;40;42;40;40;40;KL-CV-SO;;;2.3;;;689;683;
CV_TRANSPORTLEIDING_GVK_250;*;-;**;-;KL;-;CV;_;TRANSPORTLEIDING;_;GVK;_;250;;;;;;;-;G;;;;;*-**-KL-CV_TRANSPORTLEIDING_GVK_250-G;0.18;40;42;40;40;40;KL-CV-SO;0.35;40;42;40;40;40;KL-CV-SO;0.35;40;42;40;40;40;V-KL-CV-SO;0.35;40;42;40;40;40;KL-CV-SO;;;2.3;;;690;683;
CV_TRANSPORTLEIDING_GVK_300;*;-;**;-;KL;-;CV;_;TRANSPORTLEIDING;_;GVK;_;300;;;;;;;-;G;;;;;*-**-KL-CV_TRANSPORTLEIDING_GVK_300-G;0.18;40;42;40;40;40;KL-CV-SO;0.35;40;42;40;40;40;KL-CV-SO;0.35;40;42;40;40;40;V-KL-CV-SO;0.35;40;42;40;40;40;KL-CV-SO;;;2.3;;;691;683;
CV_TRANSPORTLEIDING_GVK_350;*;-;**;-;KL;-;CV;_;TRANSPORTLEIDING;_;GVK;_;350;;;;;;;-;G;;;;;*-**-KL-CV_TRANSPORTLEIDING_GVK_350-G;0.18;40;42;40;40;40;KL-CV-SO;0.35;40;42;40;40;40;KL-CV-SO;0.35;40;42;40;40;40;V-KL-CV-SO;0.35;40;42;40;40;40;KL-CV-SO;;;2.3;;;692;683;
CV_TRANSPORTLEIDING_GVK_400;*;-;**;-;KL;-;CV;_;TRANSPORTLEIDING;_;GVK;_;400;;;;;;;-;G;;;;;*-**-KL-CV_TRANSPORTLEIDING_GVK_400-G;0.18;40;42;40;40;40;KL-CV-SO;0.35;40;42;40;40;40;KL-CV-SO;0.35;40;42;40;40;40;V-KL-CV-SO;0.35;40;42;40;40;40;KL-CV-SO;;;2.3;;;693;683;
CV_TRANSPORTLEIDING_GVK_450;*;-;**;-;KL;-;CV;_;TRANSPORTLEIDING;_;GVK;_;450;;;;;;;-;G;;;;;*-**-KL-CV_TRANSPORTLEIDING_GVK_450-G;0.18;40;42;40;40;40;KL-CV-SO;0.35;40;42;40;40;40;KL-CV-SO;0.35;40;42;40;40;40;V-KL-CV-SO;0.35;40;42;40;40;40;KL-CV-SO;;;2.3;;;694;683;
CV_TRANSPORTLEIDING_GVK_500;*;-;**;-;KL;-;CV;_;TRANSPORTLEIDING;_;GVK;_;500;;;;;;;-;G;;;;;*-**-KL-CV_TRANSPORTLEIDING_GVK_500-G;0.18;40;42;40;40;40;KL-CV-SO;0.35;40;42;40;40;40;KL-CV-SO;0.35;40;42;40;40;40;V-KL-CV-SO;0.35;40;42;40;40;40;KL-CV-SO;;;2.3;;;695;683;
CV_TRANSPORTLEIDING_GVK_600;*;-;**;-;KL;-;CV;_;TRANSPORTLEIDING;_;GVK;_;600;;;;;;;-;G;;;;;*-**-KL-CV_TRANSPORTLEIDING_GVK_600-G;0.18;40;42;40;40;40;KL-CV-SO;0.35;40;42;40;40;40;KL-CV-SO;0.35;40;42;40;40;40;V-KL-CV-SO;0.35;40;42;40;40;40;KL-CV-SO;;;2.3;;;696;683;
CV_TRANSPORTLEIDING_GVK_700;*;-;**;-;KL;-;CV;_;TRANSPORTLEIDING;_;GVK;_;700;;;;;;;-;G;;;;;*-**-KL-CV_TRANSPORTLEIDING_GVK_700-G;0.18;40;42;40;40;40;KL-CV-SO;0.35;40;42;40;40;40;KL-CV-SO;0.35;40;42;40;40;40;V-KL-CV-SO;0.35;40;42;40;40;40;KL-CV-SO;;;2.3;;;697;683;
CV_TRANSPORTLEIDING_GVK_750;*;-;**;-;KL;-;CV;_;TRANSPORTLEIDING;_;GVK;_;750;;;;;;;-;G;;;;;*-**-KL-CV_TRANSPORTLEIDING_GVK_750-G;0.18;40;42;40;40;40;KL-CV-SO;0.35;40;42;40;40;40;KL-CV-SO;0.35;40;42;40;40;40;V-KL-CV-SO;0.35;40;42;40;40;40;KL-CV-SO;;;2.3;;;698;683;
CV_TRANSPORTLEIDING_GVK_800;*;-;**;-;KL;-;CV;_;TRANSPORTLEIDING;_;GVK;_;800;;;;;;;-;G;;;;;*-**-KL-CV_TRANSPORTLEIDING_GVK_800-G;0.18;40;42;40;40;40;KL-CV-SO;0.35;40;42;40;40;40;KL-CV-SO;0.35;40;42;40;40;40;V-KL-CV-SO;0.35;40;42;40;40;40;KL-CV-SO;;;2.3;;;699;683;
CV_TRANSPORTLEIDING_GVK_900;*;-;**;-;KL;-;CV;_;TRANSPORTLEIDING;_;GVK;_;900;;;;;;;-;G;;;;;*-**-KL-CV_TRANSPORTLEIDING_GVK_900-G;0.18;40;42;40;40;40;KL-CV-SO;0.35;40;42;40;40;40;KL-CV-SO;0.35;40;42;40;40;40;V-KL-CV-SO;0.35;40;42;40;40;40;KL-CV-SO;;;2.3;;;700;683;
CV_TRANSPORTLEIDING_STAAL;*;-;**;-;KL;-;CV;_;TRANSPORTLEIDING;_;STAAL;;;;;;;;;-;G;;;;;*-**-KL-CV_TRANSPORTLEIDING_STAAL-G;0.18;40;42;40;40;40;KL-CV-SO;0.35;40;42;40;40;40;KL-CV-SO;0.35;40;42;40;40;40;V-KL-CV-SO;0.35;40;42;40;40;40;KL-CV-SO;;;2.3;;;701;682;
CV_TRANSPORTLEIDING_STAAL_DN100;*;-;**;-;KL;-;CV;_;TRANSPORTLEIDING;_;STAAL;_;DN100;;;;;;;-;G;;;;;*-**-KL-CV_TRANSPORTLEIDING_STAAL_DN100-G;0.18;40;42;40;40;40;KL-CV-SO;0.35;40;42;40;40;40;KL-CV-SO;0.35;40;42;40;40;40;V-KL-CV-SO;0.35;40;42;40;40;40;KL-CV-SO;;;2.3;;;702;701;
CV_TRANSPORTLEIDING_STAAL_DN125;*;-;**;-;KL;-;CV;_;TRANSPORTLEIDING;_;STAAL;_;DN125;;;;;;;-;G;;;;;*-**-KL-CV_TRANSPORTLEIDING_STAAL_DN125-G;0.18;40;42;40;40;40;KL-CV-SO;0.35;40;42;40;40;40;KL-CV-SO;0.35;40;42;40;40;40;V-KL-CV-SO;0.35;40;42;40;40;40;KL-CV-SO;;;2.3;;;703;701;
CV_TRANSPORTLEIDING_STAAL_DN150;*;-;**;-;KL;-;CV;_;TRANSPORTLEIDING;_;STAAL;_;DN150;;;;;;;-;G;;;;;*-**-KL-CV_TRANSPORTLEIDING_STAAL_DN150-G;0.18;40;42;40;40;40;KL-CV-SO;0.35;40;42;40;40;40;KL-CV-SO;0.35;40;42;40;40;40;V-KL-CV-SO;0.35;40;42;40;40;40;KL-CV-SO;;;2.3;;;704;701;
CV_TRANSPORTLEIDING_STAAL_DN20;*;-;**;-;KL;-;CV;_;TRANSPORTLEIDING;_;STAAL;_;DN20;;;;;;;-;G;;;;;*-**-KL-CV_TRANSPORTLEIDING_STAAL_DN20-G;0.18;40;42;40;40;40;KL-CV-SO;0.35;40;42;40;40;40;KL-CV-SO;0.35;40;42;40;40;40;V-KL-CV-SO;0.35;40;42;40;40;40;KL-CV-SO;;;2.3;;;705;701;
CV_TRANSPORTLEIDING_STAAL_DN200;*;-;**;-;KL;-;CV;_;TRANSPORTLEIDING;_;STAAL;_;DN200;;;;;;;-;G;;;;;*-**-KL-CV_TRANSPORTLEIDING_STAAL_DN200-G;0.18;40;42;40;40;40;KL-CV-SO;0.35;40;42;40;40;40;KL-CV-SO;0.35;40;42;40;40;40;V-KL-CV-SO;0.35;40;42;40;40;40;KL-CV-SO;;;2.3;;;706;701;
CV_TRANSPORTLEIDING_STAAL_DN25;*;-;**;-;KL;-;CV;_;TRANSPORTLEIDING;_;STAAL;_;DN25;;;;;;;-;G;;;;;*-**-KL-CV_TRANSPORTLEIDING_STAAL_DN25-G;0.18;40;42;40;40;40;KL-CV-SO;0.35;40;42;40;40;40;KL-CV-SO;0.35;40;42;40;40;40;V-KL-CV-SO;0.35;40;42;40;40;40;KL-CV-SO;;;2.3;;;707;701;
CV_TRANSPORTLEIDING_STAAL_DN250;*;-;**;-;KL;-;CV;_;TRANSPORTLEIDING;_;STAAL;_;DN250;;;;;;;-;G;;;;;*-**-KL-CV_TRANSPORTLEIDING_STAAL_DN250-G;0.18;40;42;40;40;40;KL-CV-SO;0.35;40;42;40;40;40;KL-CV-SO;0.35;40;42;40;40;40;V-KL-CV-SO;0.35;40;42;40;40;40;KL-CV-SO;;;2.3;;;708;701;
CV_TRANSPORTLEIDING_STAAL_DN300;*;-;**;-;KL;-;CV;_;TRANSPORTLEIDING;_;STAAL;_;DN300;;;;;;;-;G;;;;;*-**-KL-CV_TRANSPORTLEIDING_STAAL_DN300-G;0.18;40;42;40;40;40;KL-CV-SO;0.35;40;42;40;40;40;KL-CV-SO;0.35;40;42;40;40;40;V-KL-CV-SO;0.35;40;42;40;40;40;KL-CV-SO;;;2.3;;;709;701;
CV_TRANSPORTLEIDING_STAAL_DN32;*;-;**;-;KL;-;CV;_;TRANSPORTLEIDING;_;STAAL;_;DN32;;;;;;;-;G;;;;;*-**-KL-CV_TRANSPORTLEIDING_STAAL_DN32-G;0.18;40;42;40;40;40;KL-CV-SO;0.35;40;42;40;40;40;KL-CV-SO;0.35;40;42;40;40;40;V-KL-CV-SO;0.35;40;42;40;40;40;KL-CV-SO;;;2.3;;;710;701;
CV_TRANSPORTLEIDING_STAAL_DN350;*;-;**;-;KL;-;CV;_;TRANSPORTLEIDING;_;STAAL;_;DN350;;;;;;;-;G;;;;;*-**-KL-CV_TRANSPORTLEIDING_STAAL_DN350-G;0.18;40;42;40;40;40;KL-CV-SO;0.35;40;42;40;40;40;KL-CV-SO;0.35;40;42;40;40;40;V-KL-CV-SO;0.35;40;42;40;40;40;KL-CV-SO;;;2.3;;;711;701;
CV_TRANSPORTLEIDING_STAAL_DN40;*;-;**;-;KL;-;CV;_;TRANSPORTLEIDING;_;STAAL;_;DN40;;;;;;;-;G;;;;;*-**-KL-CV_TRANSPORTLEIDING_STAAL_DN40-G;0.18;40;42;40;40;40;KL-CV-SO;0.35;40;42;40;40;40;KL-CV-SO;0.35;40;42;40;40;40;V-KL-CV-SO;0.35;40;42;40;40;40;KL-CV-SO;;;2.3;;;712;701;
CV_TRANSPORTLEIDING_STAAL_DN400;*;-;**;-;KL;-;CV;_;TRANSPORTLEIDING;_;STAAL;_;DN400;;;;;;;-;G;;;;;*-**-KL-CV_TRANSPORTLEIDING_STAAL_DN400-G;0.18;40;42;40;40;40;KL-CV-SO;0.35;40;42;40;40;40;KL-CV-SO;0.35;40;42;40;40;40;V-KL-CV-SO;0.35;40;42;40;40;40;KL-CV-SO;;;2.3;;;713;701;
CV_TRANSPORTLEIDING_STAAL_DN450;*;-;**;-;KL;-;CV;_;TRANSPORTLEIDING;_;STAAL;_;DN450;;;;;;;-;G;;;;;*-**-KL-CV_TRANSPORTLEIDING_STAAL_DN450-G;0.18;40;42;40;40;40;KL-CV-SO;0.35;40;42;40;40;40;KL-CV-SO;0.35;40;42;40;40;40;V-KL-CV-SO;0.35;40;42;40;40;40;KL-CV-SO;;;2.3;;;714;701;
CV_TRANSPORTLEIDING_STAAL_DN50;*;-;**;-;KL;-;CV;_;TRANSPORTLEIDING;_;STAAL;_;DN50;;;;;;;-;G;;;;;*-**-KL-CV_TRANSPORTLEIDING_STAAL_DN50-G;0.18;40;42;40;40;40;KL-CV-SO;0.35;40;42;40;40;40;KL-CV-SO;0.35;40;42;40;40;40;V-KL-CV-SO;0.35;40;42;40;40;40;KL-CV-SO;;;2.3;;;715;701;
CV_TRANSPORTLEIDING_STAAL_DN500;*;-;**;-;KL;-;CV;_;TRANSPORTLEIDING;_;STAAL;_;DN500;;;;;;;-;G;;;;;*-**-KL-CV_TRANSPORTLEIDING_STAAL_DN500-G;0.18;40;42;40;40;40;KL-CV-SO;0.35;40;42;40;40;40;KL-CV-SO;0.35;40;42;40;40;40;V-KL-CV-SO;0.35;40;42;40;40;40;KL-CV-SO;;;2.3;;;716;701;
CV_TRANSPORTLEIDING_STAAL_DN600;*;-;**;-;KL;-;CV;_;TRANSPORTLEIDING;_;STAAL;_;DN600;;;;;;;-;G;;;;;*-**-KL-CV_TRANSPORTLEIDING_STAAL_DN600-G;0.18;40;42;40;40;40;KL-CV-SO;0.35;40;42;40;40;40;KL-CV-SO;0.35;40;42;40;40;40;V-KL-CV-SO;0.35;40;42;40;40;40;KL-CV-SO;;;2.3;;;717;701;
CV_TRANSPORTLEIDING_STAAL_DN65;*;-;**;-;KL;-;CV;_;TRANSPORTLEIDING;_;STAAL;_;DN65;;;;;;;-;G;;;;;*-**-KL-CV_TRANSPORTLEIDING_STAAL_DN65-G;0.18;40;42;40;40;40;KL-CV-SO;0.35;40;42;40;40;40;KL-CV-SO;0.35;40;42;40;40;40;V-KL-CV-SO;0.35;40;42;40;40;40;KL-CV-SO;;;2.3;;;718;701;
CV_TRANSPORTLEIDING_STAAL_DN80;*;-;**;-;KL;-;CV;_;TRANSPORTLEIDING;_;STAAL;_;DN80;;;;;;;-;G;;;;;*-**-KL-CV_TRANSPORTLEIDING_STAAL_DN80-G;0.18;40;42;40;40;40;KL-CV-SO;0.35;40;42;40;40;40;KL-CV-SO;0.35;40;42;40;40;40;V-KL-CV-SO;0.35;40;42;40;40;40;KL-CV-SO;;;2.3;;;719;701;
DATA;*;-;**;-;KL;-;DATA;;;;;;;;;;;;;-;G/S;;;;SKL-DATA_APPENDAGE;*-**-KL-DATA-G;0.18;90;92;90;90;90;KL-DATA-SO;0.35;90;92;90;90;90;KL-DATA-SO;0.35;90;92;90;90;90;V-KL-DATA-SO;0.35;90;92;90;90;90;KL-DATA-SO;;;3.1;SYMBOLEN TOEGEVOEGD;GEWIJZIGD;720;0;
DATA_ALGEMEEN;*;-;**;-;KL;-;DATA;_;ALGEMEEN;;;;;;;;;;;-;G;;;;;*-**-KL-DATA_ALGEMEEN-G;0.18;90;92;90;90;90;CONTINUOUS;0.35;90;92;90;90;90;CONTINUOUS;0.35;90;92;90;90;90;V-CONTINUOUS-SO;0.35;90;92;90;90;90;CONTINUOUS;;;2.3;;;722;720;
DATA_ALGEMEEN_KABELNUMMER;*;-;**;-;KL;-;DATA;_;ALGEMEEN;_;KABELNUMMER;;;;;;;;;-;G;;;;;*-**-KL-DATA_ALGEMEEN_KABELNUMMER-G;0.18;90;92;90;90;90;CONTINUOUS;0.35;90;92;90;90;90;CONTINUOUS;0.35;90;92;90;90;90;V-CONTINUOUS-SO;0.35;90;92;90;90;90;CONTINUOUS;;;2.3;;;723;722;
DATA_CAI;*;-;**;-;KL;-;DATA;_;CAI;;;;;;;;;;;-;G;;;;;*-**-KL-DATA_CAI-G;0.18;90;92;90;90;90;KL-CAI-SO;0.35;90;92;90;90;90;KL-CAI-SO;0.35;90;92;90;90;90;V-KL-CAI-SO;0.35;90;92;90;90;90;KL-CAI-SO;;;2.3;;;724;720;
DATA_CAI_HULPSTUK;*;-;**;-;KL;-;DATA;_;CAI;_;HULPSTUK;;;;;;;;;-;G/S;;;;SKL-DATA_HULP;*-**-KL-DATA_CAI_HULPSTUK-G/S;0.18;90;92;90;90;90;CONTINUOUS;0.35;90;92;90;90;90;CONTINUOUS;0.35;90;92;90;90;90;V-CONTINUOUS-SO;0.35;90;92;90;90;90;CONTINUOUS;;;2.3;;;725;724;
DATA_CAI_HULPSTUK_AANSLUITPUNT;*;-;**;-;KL;-;DATA;_;CAI;_;HULPSTUK;_;AANSLUITPUNT;;;;;;;-;G/S;;;;SKL-DATA_AANSLUITPUNT;*-**-KL-DATA_CAI_HULPSTUK_AANSLUITPUNT-G;0.18;90;92;90;90;90;CONTINUOUS;0.35;90;92;90;90;90;CONTINUOUS;0.35;90;92;90;90;90;V-CONTINUOUS-SO;0.35;90;92;90;90;90;CONTINUOUS;;;2.3;;;726;725;
DATA_CAI_HULPSTUK_MOF;*;-;**;-;KL;-;DATA;_;CAI;_;HULPSTUK;_;MOF;;;;;;;-;G;;;;;*-**-KL-DATA_CAI_HULPSTUK_MOF-G;0.18;90;92;90;90;90;CONTINUOUS;0.35;90;92;90;90;90;CONTINUOUS;0.35;90;92;90;90;90;V-CONTINUOUS-SO;0.35;90;92;90;90;90;CONTINUOUS;;;2.3;;;727;725;
DATA_CAI_HULPSTUK_OVERIG;*;-;**;-;KL;-;DATA;_;CAI;_;HULPSTUK;_;OVERIG;;;;;;;-;G;;;;;*-**-KL-DATA_CAI_HULPSTUK_OVERIG-G;0.18;90;92;90;90;90;CONTINUOUS;0.35;90;92;90;90;90;CONTINUOUS;0.35;90;92;90;90;90;V-CONTINUOUS-SO;0.35;90;92;90;90;90;CONTINUOUS;;;3.1;;VERVALLEN;728;725;
DATA_CAI_KAST;*;-;**;-;KL;-;DATA;_;CAI;_;KAST;;;;;;;;;-;G/S;;;;SKL-DATA_TERREINKAST;*-**-KL-DATA_CAI_KAST-G/S;0.18;90;92;90;90;90;CONTINUOUS;0.35;90;92;90;90;90;CONTINUOUS;0.35;90;92;90;90;90;V-CONTINUOUS-SO;0.35;90;92;90;90;90;CONTINUOUS;;;2.3;;;729;724;
DATA_CAI_KAST_LASKAST;*;-;**;-;KL;-;DATA;_;CAI;_;KAST;_;LASKAST;;;;;;;-;G;;;;;*-**-KL-DATA_CAI_KAST_LASKAST-G;0.18;90;92;90;90;90;CONTINUOUS;0.35;90;92;90;90;90;CONTINUOUS;0.35;90;92;90;90;90;V-CONTINUOUS-SO;0.35;90;92;90;90;90;CONTINUOUS;;;2.3;;;730;729;
DATA_CAI_KAST_PUTKAST;*;-;**;-;KL;-;DATA;_;CAI;_;KAST;_;PUTKAST;;;;;;;-;G;;;;;*-**-KL-DATA_CAI_KAST_PUTKAST-G;0.18;90;92;90;90;90;CONTINUOUS;0.35;90;92;90;90;90;CONTINUOUS;0.35;90;92;90;90;90;V-CONTINUOUS-SO;0.35;90;92;90;90;90;CONTINUOUS;;;2.3;;;731;729;
DATA_CAI_KAST_VERDEELKAST;*;-;**;-;KL;-;DATA;_;CAI;_;KAST;_;VERDEELKAST;;;;;;;-;G;;;;;*-**-KL-DATA_CAI_KAST_VERDEELKAST-G;0.18;90;92;90;90;90;CONTINUOUS;0.35;90;92;90;90;90;CONTINUOUS;0.35;90;92;90;90;90;V-CONTINUOUS-SO;0.35;90;92;90;90;90;CONTINUOUS;;;2.3;;;732;729;
DATA_CAI_KOPER;*;-;**;-;KL;-;DATA;_;CAI;_;KOPER;;;;;;;;;-;G;;;;;*-**-KL-DATA_CAI_KOPER-G;0.18;90;92;90;90;90;KL-CAI-SO;0.35;90;92;90;90;90;KL-CAI-SO;0.35;90;92;90;90;90;V-KL-CAI-SO;0.35;90;92;90;90;90;KL-CAI-SO;;;2.3;;;733;724;
DATA_CAI_KOPER_COAX3;*;-;**;-;KL;-;DATA;_;CAI;_;KOPER;_;COAX3;;;;;;;-;G;;;;;*-**-KL-DATA_CAI_KOPER_COAX3-G;0.18;90;92;90;90;90;KL-CAI-SO;0.35;90;92;90;90;90;KL-CAI-SO;0.35;90;92;90;90;90;V-KL-CAI-SO;0.35;90;92;90;90;90;KL-CAI-SO;;;2.3;;;734;733;
DATA_CAI_MANTELBUIS;*;-;**;-;KL;-;DATA;_;CAI;_;MANTELBUIS;;;;;;;;;-;G;;;;;*-**-KL-DATA_CAI_MANTELBUIS-G;0.18;90;92;90;90;90;CONTINUOUS;0.35;90;92;90;90;90;CONTINUOUS;0.35;90;92;90;90;90;V-CONTINUOUS-SO;0.35;90;92;90;90;90;CONTINUOUS;;;2.5;;;735;724;
DATA_CAI_OVERIG;*;-;**;-;KL;-;DATA;_;CAI;_;OVERIG;;;;;;;;;-;G;;;;;*-**-KL-DATA_CAI_OVERIG-G;0.18;90;92;90;90;90;CONTINUOUS;0.35;90;92;90;90;90;CONTINUOUS;0.35;90;92;90;90;90;V-CONTINUOUS-SO;0.35;90;92;90;90;90;CONTINUOUS;;;3.1;;VERVALLEN;736;724;
DATA_DEFENSIE;*;-;**;-;KL;-;DATA;_;DEFENSIE;;;;;;;;;;;-;G;;;;;*-**-KL-DATA_DEFENSIE-G;0.18;90;92;90;90;90;KL-DEF-SO;0.35;90;92;90;90;90;KL-DEF-SO;0.35;90;92;90;90;90;V-KL-DEF-SO;0.35;90;92;90;90;90;KL-DEF-SO;;;2.3;;;737;720;
DATA_DEFENSIE_GLASVEZEL;*;-;**;-;KL;-;DATA;_;DEFENSIE;_;GLASVEZEL;;;;;;;;;-;G;;;;;*-**-KL-DATA_DEFENSIE_GLASVEZEL-G;0.18;90;92;90;90;90;KL-DEF-SO;0.35;90;92;90;90;90;KL-DEF-SO;0.35;90;92;90;90;90;V-KL-DEF-SO;0.35;90;92;90;90;90;KL-DEF-SO;;;2.3;;;738;737;
DATA_DEFENSIE_HULPSTUK;*;-;**;-;KL;-;DATA;_;DEFENSIE;_;HULPSTUK;;;;;;;;;-;G/S;;;;SKL-DATA_HULP;*-**-KL-DATA_DEFENSIE_HULPSTUK-G/S;0.18;90;92;90;90;90;CONTINUOUS;0.35;90;92;90;90;90;CONTINUOUS;0.35;90;92;90;90;90;V-CONTINUOUS-SO;0.35;90;92;90;90;90;CONTINUOUS;;;2.3;;;739;737;
DATA_DEFENSIE_HULPSTUK_AANSLUITPUNT;*;-;**;-;KL;-;DATA;_;DEFENSIE;_;HULPSTUK;_;AANSLUITPUNT;;;;;;;-;G/S;;;;SKL-DATA_AANSLUITPUNT;*-**-KL-DATA_DEFENSIE_HULPSTUK_AANSLUITPUNT-G;0.18;90;92;90;90;90;CONTINUOUS;0.35;90;92;90;90;90;CONTINUOUS;0.35;90;92;90;90;90;V-CONTINUOUS-SO;0.35;90;92;90;90;90;CONTINUOUS;;;2.3;;;740;739;
DATA_DEFENSIE_HULPSTUK_MOF;*;-;**;-;KL;-;DATA;_;DEFENSIE;_;HULPSTUK;_;MOF;;;;;;;-;G;;;;;*-**-KL-DATA_DEFENSIE_HULPSTUK_MOF-G;0.18;90;92;90;90;90;CONTINUOUS;0.35;90;92;90;90;90;CONTINUOUS;0.35;90;92;90;90;90;V-CONTINUOUS-SO;0.35;90;92;90;90;90;CONTINUOUS;;;2.3;;;741;739;
DATA_DEFENSIE_HULPSTUK_OVERIG;*;-;**;-;KL;-;DATA;_;DEFENSIE;_;HULPSTUK;_;OVERIG;;;;;;;-;G;;;;;*-**-KL-DATA_DEFENSIE_HULPSTUK_OVERIG-G;0.18;90;92;90;90;90;CONTINUOUS;0.35;90;92;90;90;90;CONTINUOUS;0.35;90;92;90;90;90;V-CONTINUOUS-SO;0.35;90;92;90;90;90;CONTINUOUS;;;2.3;;;742;739;
DATA_DEFENSIE_KAST;*;-;**;-;KL;-;DATA;_;DEFENSIE;_;KAST;;;;;;;;;-;G/S;;;;SKL-DATA_TERREINKAST;*-**-KL-DATA_DEFENSIE_KAST-G/S;0.18;90;92;90;90;90;CONTINUOUS;0.35;90;92;90;90;90;CONTINUOUS;0.35;90;92;90;90;90;V-CONTINUOUS-SO;0.35;90;92;90;90;90;CONTINUOUS;;;2.3;;;743;737;
DATA_DEFENSIE_KAST_LASKAST;*;-;**;-;KL;-;DATA;_;DEFENSIE;_;KAST;_;LASKAST;;;;;;;-;G;;;;;*-**-KL-DATA_DEFENSIE_KAST_LASKAST-G;0.18;90;92;90;90;90;CONTINUOUS;0.35;90;92;90;90;90;CONTINUOUS;0.35;90;92;90;90;90;V-CONTINUOUS-SO;0.35;90;92;90;90;90;CONTINUOUS;;;2.3;;;744;743;
DATA_DEFENSIE_KAST_PUTKAST;*;-;**;-;KL;-;DATA;_;DEFENSIE;_;KAST;_;PUTKAST;;;;;;;-;G;;;;;*-**-KL-DATA_DEFENSIE_KAST_PUTKAST-G;0.18;90;92;90;90;90;CONTINUOUS;0.35;90;92;90;90;90;CONTINUOUS;0.35;90;92;90;90;90;V-CONTINUOUS-SO;0.35;90;92;90;90;90;CONTINUOUS;;;2.3;;;745;743;
DATA_DEFENSIE_KAST_VERDEELKAST;*;-;**;-;KL;-;DATA;_;DEFENSIE;_;KAST;_;VERDEELKAST;;;;;;;-;G;;;;;*-**-KL-DATA_DEFENSIE_KAST_VERDEELKAST-G;0.18;90;92;90;90;90;CONTINUOUS;0.35;90;92;90;90;90;CONTINUOUS;0.35;90;92;90;90;90;V-CONTINUOUS-SO;0.35;90;92;90;90;90;CONTINUOUS;;;2.3;;;746;743;
DATA_DEFENSIE_KOPER;*;-;**;-;KL;-;DATA;_;DEFENSIE;_;KOPER;;;;;;;;;-;G;;;;;*-**-KL-DATA_DEFENSIE_KOPER-G;0.18;90;92;90;90;90;KL-DEF-SO;0.35;90;92;90;90;90;KL-DEF-SO;0.35;90;92;90;90;90;V-KL-DEF-SO;0.35;90;92;90;90;90;KL-DEF-SO;;;2.3;;;747;737;
DATA_DEFENSIE_MANTELBUIS;*;-;**;-;KL;-;DATA;_;DEFENSIE;_;MANTELBUIS;;;;;;;;;-;G;;;;;*-**-KL-DATA_DEFENSIE_MANTELBUIS-G;0.18;90;92;90;90;90;CONTINUOUS;0.35;90;92;90;90;90;CONTINUOUS;0.35;90;92;90;90;90;V-CONTINUOUS-SO;0.35;90;92;90;90;90;CONTINUOUS;;;2.5;;;748;737;
DATA_DEFENSIE_OVERIG;*;-;**;-;KL;-;DATA;_;DEFENSIE;_;OVERIG;;;;;;;;;-;G;;;;;*-**-KL-DATA_DEFENSIE_OVERIG-G;0.18;90;92;90;90;90;CONTINUOUS;0.35;90;92;90;90;90;CONTINUOUS;0.35;90;92;90;90;90;V-CONTINUOUS-SO;0.35;90;92;90;90;90;CONTINUOUS;;;3.1;;VERVALLEN;749;737;
DATA_GLASVEZEL;*;-;**;-;KL;-;DATA;_;GLASVEZEL;;;;;;;;;;;-;G/S;;;;SKL-DATA_GLASVEZEL;*-**-KL-DATA_GLASVEZEL-G/S;0.18;90;92;90;90;90;KL-GLASVEZEL-SO;0.35;90;92;90;90;90;KL-GLASVEZEL-SO;0.35;90;92;90;90;90;V-KL-GLASVEZEL-SO;0.35;90;92;90;90;90;KL-GLASVEZEL-SO;;;3.1;SYMBOLEN TOEGEVOEGD;GEWIJZIGD;750;720;
DATA_GLASVEZEL_BORING;*;-;**;-;KL;-;DATA;_;GLASVEZEL;_;BORING;;;;;;;;;-;G;;;;;*-**-KL-DATA_GLASVEZEL_BORING-G;0.18;7;7;7;7;7;ZZ-CENTER-SO;0.35;7;7;7;7;7;ZZ-CENTER-SO;0.35;7;7;7;7;7;ZZ-CENTER-SO;0.35;7;7;7;7;7;ZZ-CENTER-SO;;;3.1;NIEUW;NIEUW;2984;750;
DATA_GLASVEZEL_BORING_GESTUURD;*;-;**;-;KL;-;DATA;_;GLASVEZEL;_;BORING;_;GESTUURD;;;;;;;-;G;;;;;*-**-KL-DATA_GLASVEZEL_BORING_GESTUURD-G;0.18;7;7;7;7;7;CONTINUOUS;0.35;7;7;7;7;7;CONTINUOUS;0.35;7;7;7;7;7;V-CONTINUOUS-SO;0.35;7;7;7;7;7;CONTINUOUS;;;3.2;NIEUW;GEWIJZIGD;2985;2984;
DATA_GLASVEZEL_HULPSTUK;*;-;**;-;KL;-;DATA;_;GLASVEZEL;_;HULPSTUK;;;;;;;;;-;G/S;;;;SKL-DATA_HULP;*-**-KL-DATA_GLASVEZEL_HULPSTUK-G/S;0.18;90;92;90;90;90;CONTINUOUS;0.35;90;92;90;90;90;CONTINUOUS;0.35;90;92;90;90;90;V-CONTINUOUS-SO;0.35;90;92;90;90;90;CONTINUOUS;;;2.3;;;751;750;
DATA_GLASVEZEL_HULPSTUK_AANSLUITPUNT;*;-;**;-;KL;-;DATA;_;GLASVEZEL;_;HULPSTUK;_;AANSLUITPUNT;;;;;;;-;G/S;;;;SKL-DATA_AANSLUITPUNT;*-**-KL-DATA_GLASVEZEL_HULPSTUK_AANSLUITPUNT-G;0.18;90;92;90;90;90;CONTINUOUS;0.35;90;92;90;90;90;CONTINUOUS;0.35;90;92;90;90;90;V-CONTINUOUS-SO;0.35;90;92;90;90;90;CONTINUOUS;;;2.3;;;752;751;
DATA_GLASVEZEL_HULPSTUK_MOF;*;-;**;-;KL;-;DATA;_;GLASVEZEL;_;HULPSTUK;_;MOF;;;;;;;-;G;;;;SKL-DATA_GLASVEZEL_HULP_MOF;*-**-KL-DATA_GLASVEZEL_HULPSTUK_MOF-G;0.18;90;92;90;90;90;CONTINUOUS;0.35;90;92;90;90;90;CONTINUOUS;0.35;90;92;90;90;90;V-CONTINUOUS-SO;0.35;90;92;90;90;90;CONTINUOUS;;;2.3;;;753;751;
DATA_GLASVEZEL_HULPSTUK_OVERIG;*;-;**;-;KL;-;DATA;_;GLASVEZEL;_;HULPSTUK;_;OVERIG;;;;;;;-;G;;;;;*-**-KL-DATA_GLASVEZEL_HULPSTUK_OVERIG-G;0.18;90;92;90;90;90;CONTINUOUS;0.35;90;92;90;90;90;CONTINUOUS;0.35;90;92;90;90;90;V-CONTINUOUS-SO;0.35;90;92;90;90;90;CONTINUOUS;;;3.1;;VERVALLEN;754;751;
DATA_GLASVEZEL_KABELBUIS;*;-;**;-;KL;-;DATA;_;GLASVEZEL;_;KABELBUIS;;;;;;;;;-;G;;;;;*-**-KL-DATA_GLASVEZEL_KABELBUIS-G;0.18;90;92;90;7;90;CONTINUOUS;0.35;90;92;90;7;90;CONTINUOUS;0.35;90;92;90;7;90;V-CONTINUOUS-SO;0.35;90;92;90;7;90;CONTINUOUS;;;3.1;NIEUW;NIEUW;2986;750;
DATA_GLASVEZEL_KABELBUIS_SUBDUCT;*;-;**;-;KL;-;DATA;_;GLASVEZEL;_;KABELBUIS;_;SUBDUCT;;;;;;;-;G;;;;;*-**-KL-DATA_GLASVEZEL_KABELBUIS_SUBDUCT-G;0.18;90;92;90;7;90;CONTINUOUS;0.35;90;92;90;7;90;CONTINUOUS;0.35;90;92;90;7;90;V-CONTINUOUS-SO;0.35;90;92;90;7;90;CONTINUOUS;;;3.1;NIEUW;NIEUW;2987;2986;
DATA_GLASVEZEL_KAST;*;-;**;-;KL;-;DATA;_;GLASVEZEL;_;KAST;;;;;;;;;-;G/S;;;;SKL-DATA_TERREINKAST;*-**-KL-DATA_GLASVEZEL_KAST-G/S;0.18;90;92;90;90;90;CONTINUOUS;0.35;90;92;90;90;90;CONTINUOUS;0.35;90;92;90;90;90;V-CONTINUOUS-SO;0.35;90;92;90;90;90;CONTINUOUS;;;2.3;;;755;750;
DATA_GLASVEZEL_KAST_LASKAST;*;-;**;-;KL;-;DATA;_;GLASVEZEL;_;KAST;_;LASKAST;;;;;;;-;G;;;;;*-**-KL-DATA_GLASVEZEL_KAST_LASKAST-G;0.18;90;92;90;90;90;CONTINUOUS;0.35;90;92;90;90;90;CONTINUOUS;0.35;90;92;90;90;90;V-CONTINUOUS-SO;0.35;90;92;90;90;90;CONTINUOUS;;;2.3;;;756;755;
DATA_GLASVEZEL_KAST_PUTKAST;*;-;**;-;KL;-;DATA;_;GLASVEZEL;_;KAST;_;PUTKAST;;;;;;;-;G;;;;;*-**-KL-DATA_GLASVEZEL_KAST_PUTKAST-G;0.18;90;92;90;90;90;CONTINUOUS;0.35;90;92;90;90;90;CONTINUOUS;0.35;90;92;90;90;90;V-CONTINUOUS-SO;0.35;90;92;90;90;90;CONTINUOUS;;;2.3;;;757;755;
DATA_GLASVEZEL_KAST_VERDEELKAST;*;-;**;-;KL;-;DATA;_;GLASVEZEL;_;KAST;_;VERDEELKAST;;;;;;;-;G;;;;;*-**-KL-DATA_GLASVEZEL_KAST_VERDEELKAST-G;0.18;90;92;90;90;90;CONTINUOUS;0.35;90;92;90;90;90;CONTINUOUS;0.35;90;92;90;90;90;V-CONTINUOUS-SO;0.35;90;92;90;90;90;CONTINUOUS;;;2.3;;;758;755;
DATA_GLASVEZEL_MANTELBUIS;*;-;**;-;KL;-;DATA;_;GLASVEZEL;_;MANTELBUIS;;;;;;;;;-;G;;;;;*-**-KL-DATA_GLASVEZEL_MANTELBUIS-G;0.18;90;92;90;90;90;CONTINUOUS;0.35;90;92;90;90;90;CONTINUOUS;0.35;90;92;90;90;90;V-CONTINUOUS-SO;0.35;90;92;90;90;90;CONTINUOUS;;;2.5;;;759;750;
DATA_GLASVEZEL_OVERIG;*;-;**;-;KL;-;DATA;_;GLASVEZEL;_;OVERIG;;;;;;;;;-;G;;;;;*-**-KL-DATA_GLASVEZEL_OVERIG-G;0.18;90;92;90;90;90;CONTINUOUS;0.35;90;92;90;90;90;CONTINUOUS;0.35;90;92;90;90;90;V-CONTINUOUS-SO;0.35;90;92;90;90;90;CONTINUOUS;;;3.1;;VERVALLEN;760;750;
DATA_HULPSTUK;*;-;**;-;KL;-;DATA;_;HULPSTUK;;;;;;;;;;;-;G/S;;;;SKL-DATA_HULP;*-**-KL-DATA_HULPSTUK-G/S;0.18;90;92;90;90;90;CONTINUOUS;0.35;90;92;90;90;90;CONTINUOUS;0.35;90;92;90;90;90;V-CONTINUOUS-SO;0.35;90;92;90;90;90;CONTINUOUS;;;2.3;;;761;720;
DATA_HULPSTUK_AANSLUITPUNT;*;-;**;-;KL;-;DATA;_;HULPSTUK;_;AANSLUITPUNT;;;;;;;;;-;G;;;;;*-**-KL-DATA_HULPSTUK_AANSLUITPUNT-G;0.18;90;92;90;90;90;CONTINUOUS;0.35;90;92;90;90;90;CONTINUOUS;0.35;90;92;90;90;90;V-CONTINUOUS-SO;0.35;90;92;90;90;90;CONTINUOUS;;;2.3;;;762;761;
DATA_HULPSTUK_MOF;*;-;**;-;KL;-;DATA;_;HULPSTUK;_;MOF;;;;;;;;;-;G;;;;;*-**-KL-DATA_HULPSTUK_MOF-G;0.18;90;92;90;90;90;CONTINUOUS;0.35;90;92;90;90;90;CONTINUOUS;0.35;90;92;90;90;90;V-CONTINUOUS-SO;0.35;90;92;90;90;90;CONTINUOUS;;;2.3;;;763;761;
DATA_HULPSTUK_OVERIG;*;-;**;-;KL;-;DATA;_;HULPSTUK;_;OVERIG;;;;;;;;;-;G;;;;;*-**-KL-DATA_HULPSTUK_OVERIG-G;0.18;90;92;90;90;90;CONTINUOUS;0.35;90;92;90;90;90;CONTINUOUS;0.35;90;92;90;90;90;V-CONTINUOUS-SO;0.35;90;92;90;90;90;CONTINUOUS;;;3.1;;VERVALLEN;764;761;
DATA_INTERCOM;*;-;**;-;KL;-;DATA;_;INTERCOM;;;;;;;;;;;-;G;;;;;*-**-KL-DATA_INTERCOM-G;0.18;90;92;90;90;90;KL-TELECOM-SO;0.35;90;92;90;90;90;KL-TELECOM-SO;0.35;90;92;90;90;90;V-KL-TELECOM-SO;0.35;90;92;90;90;90;KL-TELECOM-SO;;;2.3;;;765;720;
DATA_INTERCOM_GLASVEZEL;*;-;**;-;KL;-;DATA;_;INTERCOM;_;GLASVEZEL;;;;;;;;;-;G;;;;;*-**-KL-DATA_INTERCOM_GLASVEZEL-G;0.18;90;92;90;90;90;KL-TELECOM-SO;0.35;90;92;90;90;90;KL-TELECOM-SO;0.35;90;92;90;90;90;V-KL-TELECOM-SO;0.35;90;92;90;90;90;KL-TELECOM-SO;;;2.3;;;766;765;
DATA_INTERCOM_HULPSTUK;*;-;**;-;KL;-;DATA;_;INTERCOM;_;HULPSTUK;;;;;;;;;-;G/S;;;;SKL-DATA_HULP;*-**-KL-DATA_INTERCOM_HULPSTUK-G/S;0.18;90;92;90;90;90;CONTINUOUS;0.35;90;92;90;90;90;CONTINUOUS;0.35;90;92;90;90;90;V-CONTINUOUS-SO;0.35;90;92;90;90;90;CONTINUOUS;;;2.3;;;767;765;
DATA_INTERCOM_HULPSTUK_AANSLUITPUNT;*;-;**;-;KL;-;DATA;_;INTERCOM;_;HULPSTUK;_;AANSLUITPUNT;;;;;;;-;G/S;;;;SKL-DATA_AANSLUITPUNT;*-**-KL-DATA_INTERCOM_HULPSTUK_AANSLUITPUNT-G;0.18;90;92;90;90;90;CONTINUOUS;0.35;90;92;90;90;90;CONTINUOUS;0.35;90;92;90;90;90;V-CONTINUOUS-SO;0.35;90;92;90;90;90;CONTINUOUS;;;2.3;;;768;767;
DATA_INTERCOM_HULPSTUK_MOF;*;-;**;-;KL;-;DATA;_;INTERCOM;_;HULPSTUK;_;MOF;;;;;;;-;G;;;;;*-**-KL-DATA_INTERCOM_HULPSTUK_MOF-G;0.18;90;92;90;90;90;CONTINUOUS;0.35;90;92;90;90;90;CONTINUOUS;0.35;90;92;90;90;90;V-CONTINUOUS-SO;0.35;90;92;90;90;90;CONTINUOUS;;;2.3;;;769;767;
DATA_INTERCOM_HULPSTUK_OVERIG;*;-;**;-;KL;-;DATA;_;INTERCOM;_;HULPSTUK;_;OVERIG;;;;;;;-;G;;;;;*-**-KL-DATA_INTERCOM_HULPSTUK_OVERIG-G;0.18;90;92;90;90;90;CONTINUOUS;0.35;90;92;90;90;90;CONTINUOUS;0.35;90;92;90;90;90;V-CONTINUOUS-SO;0.35;90;92;90;90;90;CONTINUOUS;;;3.1;;VERVALLEN;770;767;
DATA_INTERCOM_KAST;*;-;**;-;KL;-;DATA;_;INTERCOM;_;KAST;;;;;;;;;-;G/S;;;;SKL-DATA_TERREINKAST;*-**-KL-DATA_INTERCOM_KAST-G/S;0.18;90;92;90;90;90;CONTINUOUS;0.35;90;92;90;90;90;CONTINUOUS;0.35;90;92;90;90;90;V-CONTINUOUS-SO;0.35;90;92;90;90;90;CONTINUOUS;;;2.3;;;771;765;
DATA_INTERCOM_KAST_LASKAST;*;-;**;-;KL;-;DATA;_;INTERCOM;_;KAST;_;LASKAST;;;;;;;-;G;;;;;*-**-KL-DATA_INTERCOM_KAST_LASKAST-G;0.18;90;92;90;90;90;CONTINUOUS;0.35;90;92;90;90;90;CONTINUOUS;0.35;90;92;90;90;90;V-CONTINUOUS-SO;0.35;90;92;90;90;90;CONTINUOUS;;;2.3;;;772;771;
DATA_INTERCOM_KAST_PUTKAST;*;-;**;-;KL;-;DATA;_;INTERCOM;_;KAST;_;PUTKAST;;;;;;;-;G;;;;;*-**-KL-DATA_INTERCOM_KAST_PUTKAST-G;0.18;90;92;90;90;90;CONTINUOUS;0.35;90;92;90;90;90;CONTINUOUS;0.35;90;92;90;90;90;V-CONTINUOUS-SO;0.35;90;92;90;90;90;CONTINUOUS;;;2.3;;;773;771;
DATA_INTERCOM_KAST_VERDEELKAST;*;-;**;-;KL;-;DATA;_;INTERCOM;_;KAST;_;VERDEELKAST;;;;;;;-;G;;;;;*-**-KL-DATA_INTERCOM_KAST_VERDEELKAST-G;0.18;90;92;90;90;90;CONTINUOUS;0.35;90;92;90;90;90;CONTINUOUS;0.35;90;92;90;90;90;V-CONTINUOUS-SO;0.35;90;92;90;90;90;CONTINUOUS;;;2.3;;;774;771;
DATA_INTERCOM_KOPER;*;-;**;-;KL;-;DATA;_;INTERCOM;_;KOPER;;;;;;;;;-;G;;;;;*-**-KL-DATA_INTERCOM_KOPER-G;0.18;90;92;90;90;90;KL-TELECOM-SO;0.35;90;92;90;90;90;KL-TELECOM-SO;0.35;90;92;90;90;90;V-KL-TELECOM-SO;0.35;90;92;90;90;90;KL-TELECOM-SO;;;2.3;;;775;765;
DATA_INTERCOM_MANTELBUIS;*;-;**;-;KL;-;DATA;_;INTERCOM;_;MANTELBUIS;;;;;;;;;-;G;;;;;*-**-KL-DATA_INTERCOM_MANTELBUIS-G;0.18;90;92;90;90;90;CONTINUOUS;0.35;90;92;90;90;90;CONTINUOUS;0.35;90;92;90;90;90;V-CONTINUOUS-SO;0.35;90;92;90;90;90;CONTINUOUS;;;2.5;;;776;765;
DATA_INTERCOM_OVERIG;*;-;**;-;KL;-;DATA;_;INTERCOM;_;OVERIG;;;;;;;;;-;G;;;;;*-**-KL-DATA_INTERCOM_OVERIG-G;0.18;90;92;90;90;90;CONTINUOUS;0.35;90;92;90;90;90;CONTINUOUS;0.35;90;92;90;90;90;V-CONTINUOUS-SO;0.35;90;92;90;90;90;CONTINUOUS;;;3.1;;VERVALLEN;777;765;
DATA_KABELBUNDEL;*;-;**;-;KL;-;DATA;_;KABELBUNDEL;;;;;;;;;;;-;G;;;;;*-**-KL-DATA_KABELBUNDEL-G;0.18;90;92;90;90;90;CONTINUOUS;0.35;90;92;90;90;90;CONTINUOUS;0.35;90;92;90;90;90;V-CONTINUOUS-SO;0.35;90;92;90;90;90;CONTINUOUS;;;4.2;4.2: lijntype naar CONTINUOUS (-V);GEWIJZIGD;778;720;
DATA_KABELGOOT;*;-;**;-;KL;-;DATA;_;KABELGOOT;;;;;;;;;;;-;G;;;;;*-**-KL-DATA_KABELGOOT-G;0.18;90;92;90;90;90;CONTINUOUS;0.35;90;92;90;90;90;CONTINUOUS;0.35;90;92;90;90;90;V-CONTINUOUS-SO;0.35;90;92;90;90;90;CONTINUOUS;;;2.3;;;779;720;
DATA_KABELKOKER;*;-;**;-;KL;-;DATA;_;KABELKOKER;;;;;;;;;;;-;G;;;;;*-**-KL-DATA_KABELKOKER-G;0.18;90;92;90;90;90;CONTINUOUS;0.35;90;92;90;90;90;CONTINUOUS;0.35;90;92;90;90;90;V-CONTINUOUS-SO;0.35;90;92;90;90;90;CONTINUOUS;;;4.2;4.2: lijntype naar COUNTINUOUS (-V);GEWIJZIGD;780;720;
DATA_KABELROL;*;-;**;-;KL;-;DATA;_;KABELROL;;;;;;;;;;;-;G/S;;;;SKL-DATA_KABELROL;*-**-KL-DATA_KABELROL-G/S;0.18;90;92;90;90;90;CONTINUOUS;0.35;90;92;90;90;90;CONTINUOUS;0.35;90;92;90;90;90;V-CONTINUOUS-SO;0.35;90;92;90;90;90;CONTINUOUS;;;2.3;;;781;720;
DATA_KAST;*;-;**;-;KL;-;DATA;_;KAST;;;;;;;;;;;-;G/S;;;;SKL-DATA_TERREINKAST;*-**-KL-DATA_KAST-G/S;0.18;90;92;90;90;90;CONTINUOUS;0.35;90;92;90;90;90;CONTINUOUS;0.35;90;92;90;90;90;V-CONTINUOUS-SO;0.35;90;92;90;90;90;CONTINUOUS;;;2.3;;;782;720;
DATA_KAST_LASKAST;*;-;**;-;KL;-;DATA;_;KAST;_;LASKAST;;;;;;;;;-;G;;;;;*-**-KL-DATA_KAST_LASKAST-G;0.18;90;92;90;90;90;CONTINUOUS;0.35;90;92;90;90;90;CONTINUOUS;0.35;90;92;90;90;90;V-CONTINUOUS-SO;0.35;90;92;90;90;90;CONTINUOUS;;;2.3;;;783;782;
DATA_KAST_PUTKAST;*;-;**;-;KL;-;DATA;_;KAST;_;PUTKAST;;;;;;;;;-;G;;;;;*-**-KL-DATA_KAST_PUTKAST-G;0.18;90;92;90;90;90;CONTINUOUS;0.35;90;92;90;90;90;CONTINUOUS;0.35;90;92;90;90;90;V-CONTINUOUS-SO;0.35;90;92;90;90;90;CONTINUOUS;;;2.3;;;784;782;
DATA_KAST_VERDEELKAST;*;-;**;-;KL;-;DATA;_;KAST;_;VERDEELKAST;;;;;;;;;-;G;;;;;*-**-KL-DATA_KAST_VERDEELKAST-G;0.18;90;92;90;90;90;CONTINUOUS;0.35;90;92;90;90;90;CONTINUOUS;0.35;90;92;90;90;90;V-CONTINUOUS-SO;0.35;90;92;90;90;90;CONTINUOUS;;;2.3;;;785;782;
DATA_LOZE LEIDING;*;-;**;-;KL;-;DATA;_;LOZE LEIDING;;;;;;;;;;;-;G;;;;;*-**-KL-DATA_LOZE LEIDING-G;0.18;90;92;90;90;90;CONTINUOUS;0.35;90;92;90;90;90;CONTINUOUS;0.35;90;92;90;90;90;V-CONTINUOUS-SO;0.35;90;92;90;90;90;CONTINUOUS;;;3.0;;NIEUW;721;720;
DATA_MANTELBUIS;*;-;**;-;KL;-;DATA;_;MANTELBUIS;;;;;;;;;;;-;G;;;;;*-**-KL-DATA_MANTELBUIS-G;0.18;90;92;90;90;90;CONTINUOUS;0.35;90;92;90;90;90;CONTINUOUS;0.35;90;92;90;90;90;V-CONTINUOUS-SO;0.35;90;92;90;90;90;CONTINUOUS;;;2.5;;;786;720;
DATA_OVERIG;*;-;**;-;KL;-;DATA;_;OVERIG;;;;;;;;;;;-;G;;;;;*-**-KL-DATA_OVERIG-G;0.18;90;92;90;90;90;CONTINUOUS;0.35;90;92;90;90;90;CONTINUOUS;0.35;90;92;90;90;90;V-CONTINUOUS-SO;0.35;90;92;90;90;90;CONTINUOUS;;;3.1;;VERVALLEN;787;720;
DATA_RADARMAST;*;-;**;-;KL;-;DATA;_;RADARMAST;;;;;;;;;;;-;G/S;;;;SKL-DATA_RADARMAST;*-**-KL-DATA_RADARMAST-G/S;0.18;90;92;90;90;90;CONTINUOUS;0.35;90;92;90;90;90;CONTINUOUS;0.35;90;92;90;90;90;V-CONTINUOUS-SO;0.35;90;92;90;90;90;CONTINUOUS;;;4.1;;NIEUW;3424;720;
DATA_RADARMAST;*;-;**;-;KL;-;DATA;_;RADARMAST;;;;;;;;;;;-;G/S;;;;SKL-DATA_RADARMAST;*-**-KL-DATA_RADARMAST-G/S;0.18;90;92;90;90;90;CONTINUOUS;0.35;90;92;90;90;90;CONTINUOUS;0.35;90;92;90;90;90;V-CONTINUOUS-SO;0.35;90;92;90;90;90;CONTINUOUS;;;4.2;4.2: dubbel met 3424;VERVALLEN;3433;720;
DATA_RESERVE;*;-;**;-;KL;-;DATA;_;RESERVE;;;;;;;;;;;-;G;;;;;*-**-KL-DATA_RESERVE-G;0.18;90;92;90;90;90;CONTINUOUS;0.35;90;92;90;90;90;CONTINUOUS;0.35;90;92;90;90;90;V-CONTINUOUS-SO;0.35;90;92;90;90;90;CONTINUOUS;;;2.3;;;788;720;
DATA_SIGNAALGEVER;*;-;**;-;KL;-;DATA;_;SIGNAALGEVER;;;;;;;;;;;-;G/S;;;;SKL-DATA_SIGNAALGEVER;*-**-KL-DATA_SIGNAALGEVER-G/S;0.18;90;92;90;90;90;CONTINUOUS;0.35;90;92;90;90;90;CONTINUOUS;0.35;90;92;90;90;90;V-CONTINUOUS-SO;0.35;90;92;90;90;90;CONTINUOUS;;;5.0;LINETYPE STATUS V AANGEPAST;GEWIJZIGD;2910;720;
DATA_SIGNAALKABEL;*;-;**;-;KL;-;DATA;_;SIGNAALKABEL;;;;;;;;;;;-;G;;;;;*-**-KL-DATA_SIGNAALKABEL-G;0.18;90;92;90;90;90;KL-SIGNAALKABEL-SO;0.35;90;92;90;90;90;KL-SIGNAALKABEL-SO;0.35;90;92;90;90;90;V-KL-SIGNAALKABEL-SO;0.35;90;92;90;90;90;KL-SIGNAALKABEL-SO;;;2.3;;;789;720;
DATA_SIGNAALKABEL_GLASVEZEL;*;-;**;-;KL;-;DATA;_;SIGNAALKABEL;_;GLASVEZEL;;;;;;;;;-;G;;;;;*-**-KL-DATA_SIGNAALKABEL_GLASVEZEL-G;0.18;90;92;90;90;90;KL-SIGNAALKABEL-SO;0.35;90;92;90;90;90;KL-SIGNAALKABEL-SO;0.35;90;92;90;90;90;V-KL-SIGNAALKABEL-SO;0.35;90;92;90;90;90;KL-SIGNAALKABEL-SO;;;2.3;;;790;789;
DATA_SIGNAALKABEL_HULPSTUK;*;-;**;-;KL;-;DATA;_;SIGNAALKABEL;_;HULPSTUK;;;;;;;;;-;G/S;;;;SKL-DATA_HULP;*-**-KL-DATA_SIGNAALKABEL_HULPSTUK-G/S;0.18;90;92;90;90;90;CONTINUOUS;0.35;90;92;90;90;90;CONTINUOUS;0.35;90;92;90;90;90;V-CONTINUOUS-SO;0.35;90;92;90;90;90;CONTINUOUS;;;2.3;;;791;789;
DATA_SIGNAALKABEL_HULPSTUK_AANSLUITPUNT;*;-;**;-;KL;-;DATA;_;SIGNAALKABEL;_;HULPSTUK;_;AANSLUITPUNT;;;;;;;-;G/S;;;;SKL-DATA_AANSLUITPUNT;*-**-KL-DATA_SIGNAALKABEL_HULPSTUK_AANSLUITPUNT-G;0.18;90;92;90;90;90;CONTINUOUS;0.35;90;92;90;90;90;CONTINUOUS;0.35;90;92;90;90;90;V-CONTINUOUS-SO;0.35;90;92;90;90;90;CONTINUOUS;;;2.3;;;792;791;
DATA_SIGNAALKABEL_HULPSTUK_MOF;*;-;**;-;KL;-;DATA;_;SIGNAALKABEL;_;HULPSTUK;_;MOF;;;;;;;-;G;;;;;*-**-KL-DATA_SIGNAALKABEL_HULPSTUK_MOF-G;0.18;90;92;90;90;90;CONTINUOUS;0.35;90;92;90;90;90;CONTINUOUS;0.35;90;92;90;90;90;V-CONTINUOUS-SO;0.35;90;92;90;90;90;CONTINUOUS;;;2.3;;;793;791;
DATA_SIGNAALKABEL_HULPSTUK_OVERIG;*;-;**;-;KL;-;DATA;_;SIGNAALKABEL;_;HULPSTUK;_;OVERIG;;;;;;;-;G;;;;;*-**-KL-DATA_SIGNAALKABEL_HULPSTUK_OVERIG-G;0.18;90;92;90;90;90;CONTINUOUS;0.35;90;92;90;90;90;CONTINUOUS;0.35;90;92;90;90;90;V-CONTINUOUS-SO;0.35;90;92;90;90;90;CONTINUOUS;;;3.1;;VERVALLEN;794;791;
DATA_SIGNAALKABEL_KAST;*;-;**;-;KL;-;DATA;_;SIGNAALKABEL;_;KAST;;;;;;;;;-;G/S;;;;SKL-DATA_TERREINKAST;*-**-KL-DATA_SIGNAALKABEL_KAST-G/S;0.18;90;92;90;90;90;KL-SIGNAALKABEL-SO;0.35;90;92;90;90;90;KL-SIGNAALKABEL-SO;0.35;90;92;90;90;90;V-KL-SIGNAALKABEL-SO;0.35;90;92;90;90;90;KL-SIGNAALKABEL-SO;;;2.3;;;795;789;
DATA_SIGNAALKABEL_KAST_LASKAST;*;-;**;-;KL;-;DATA;_;SIGNAALKABEL;_;KAST;_;LASKAST;;;;;;;-;G;;;;;*-**-KL-DATA_SIGNAALKABEL_KAST_LASKAST-G;0.18;90;92;90;90;90;KL-SIGNAALKABEL-SO;0.35;90;92;90;90;90;KL-SIGNAALKABEL-SO;0.35;90;92;90;90;90;V-KL-SIGNAALKABEL-SO;0.35;90;92;90;90;90;KL-SIGNAALKABEL-SO;;;2.3;;;796;795;
DATA_SIGNAALKABEL_KAST_PUTKAST;*;-;**;-;KL;-;DATA;_;SIGNAALKABEL;_;KAST;_;PUTKAST;;;;;;;-;G;;;;;*-**-KL-DATA_SIGNAALKABEL_KAST_PUTKAST-G;0.18;90;92;90;90;90;KL-SIGNAALKABEL-SO;0.35;90;92;90;90;90;KL-SIGNAALKABEL-SO;0.35;90;92;90;90;90;V-KL-SIGNAALKABEL-SO;0.35;90;92;90;90;90;KL-SIGNAALKABEL-SO;;;2.3;;;797;795;
DATA_SIGNAALKABEL_KAST_VERDEELKAST;*;-;**;-;KL;-;DATA;_;SIGNAALKABEL;_;KAST;_;VERDEELKAST;;;;;;;-;G;;;;;*-**-KL-DATA_SIGNAALKABEL_KAST_VERDEELKAST-G;0.18;90;92;90;90;90;KL-SIGNAALKABEL-SO;0.35;90;92;90;90;90;KL-SIGNAALKABEL-SO;0.35;90;92;90;90;90;V-KL-SIGNAALKABEL-SO;0.35;90;92;90;90;90;KL-SIGNAALKABEL-SO;;;2.3;;;798;795;
DATA_SIGNAALKABEL_KOPER;*;-;**;-;KL;-;DATA;_;SIGNAALKABEL;_;KOPER;;;;;;;;;-;G;;;;;*-**-KL-DATA_SIGNAALKABEL_KOPER-G;0.18;90;92;90;90;90;KL-SIGNAALKABEL-SO;0.35;90;92;90;90;90;KL-SIGNAALKABEL-SO;0.35;90;92;90;90;90;V-KL-SIGNAALKABEL-SO;0.35;90;92;90;90;90;KL-SIGNAALKABEL-SO;;;2.3;;;799;789;
DATA_SIGNAALKABEL_OVERIG;*;-;**;-;KL;-;DATA;_;SIGNAALKABEL;_;OVERIG;;;;;;;;;-;G;;;;;*-**-KL-DATA_SIGNAALKABEL_OVERIG-G;0.18;90;92;90;90;90;KL-SIGNAALKABEL-SO;0.35;90;92;90;90;90;KL-SIGNAALKABEL-SO;0.35;90;92;90;90;90;V-KL-SIGNAALKABEL-SO;0.35;90;92;90;90;90;KL-SIGNAALKABEL-SO;;;3.1;;VERVALLEN;800;789;
DATA_SIGNAALKABEL_PRORAIL;*;-;**;-;KL;-;DATA;_;SIGNAALKABEL;_;PRORAIL;;;;;;;;;-;G;;;;;*-**-KL-DATA_SIGNAALKABEL_PRORAIL-G;0.18;90;92;90;90;90;KL-DATA_PRORAIL-SO;0.35;90;92;90;90;90;KL-DATA_PRORAIL-SO;0.35;90;92;90;90;90;V-KL-DATA_PRORAIL-SO;0.35;90;92;90;90;90;KL-DATA_PRORAIL-SO;;;4.2;4.2:Lijnstijl toegevoegd;GEWIJZIGD;3119;789;
DATA_STRAALZENDER;*;-;**;-;KL;-;DATA;_;STRAALZENDER;;;;;;;;;;;-;G/S;;;;SKL-DATA_STRAALZENDER;*-**-KL-DATA_STRAALZENDER-G/S;0.18;90;92;90;90;90;CONTINUOUS;0.35;90;92;90;90;90;CONTINUOUS;0.35;90;92;90;90;90;V-CONTINUOUS-SO;0.35;90;92;90;90;90;CONTINUOUS;;;4.1;;NIEUW;3425;720;
DATA_STRAALZENDER;*;-;**;-;KL;-;DATA;_;STRAALZENDER;;;;;;;;;;;-;G/S;;;;SKL-DATA_STRAALZENDER;*-**-KL-DATA_STRAALZENDER-G/S;0.18;90;92;90;90;90;CONTINUOUS;0.35;90;92;90;90;90;CONTINUOUS;0.35;90;92;90;90;90;V-CONTINUOUS-SO;0.35;90;92;90;90;90;CONTINUOUS;;;4.2;4.2: dubbel met 3425;VERVALLEN;3434;720;
DATA_STUURKABEL;*;-;**;-;KL;-;DATA;_;STUURKABEL;;;;;;;;;;;-;G;;;;;*-**-KL-DATA_STUURKABEL-G;0.18;90;92;90;90;90;KL-STUURKABEL-SO;0.35;90;92;90;90;90;KL-STUURKABEL-SO;0.35;90;92;90;90;90;V-KL-STUURKABEL-SO;0.35;90;92;90;90;90;KL-STUURKABEL-SO;;;2.3;;;801;720;
DATA_STUURKABEL_GLASVEZEL;*;-;**;-;KL;-;DATA;_;STUURKABEL;_;GLASVEZEL;;;;;;;;;-;G;;;;;*-**-KL-DATA_STUURKABEL_GLASVEZEL-G;0.18;90;92;90;90;90;KL-STUURKABEL-SO;0.35;90;92;90;90;90;KL-STUURKABEL-SO;0.35;90;92;90;90;90;V-KL-STUURKABEL-SO;0.35;90;92;90;90;90;KL-STUURKABEL-SO;;;2.3;;;802;801;
DATA_STUURKABEL_HULPSTUK;*;-;**;-;KL;-;DATA;_;STUURKABEL;_;HULPSTUK;;;;;;;;;-;G/S;;;;SKL-DATA_HULP;*-**-KL-DATA_STUURKABEL_HULPSTUK-G/S;0.18;90;92;90;90;90;CONTINUOUS;0.35;90;92;90;90;90;CONTINUOUS;0.35;90;92;90;90;90;V-CONTINUOUS-SO;0.35;90;92;90;90;90;CONTINUOUS;;;2.3;;;803;801;
DATA_STUURKABEL_HULPSTUK_AANSLUITPUNT;*;-;**;-;KL;-;DATA;_;STUURKABEL;_;HULPSTUK;_;AANSLUITPUNT;;;;;;;-;G/S;;;;SKL-DATA_AANSLUITPUNT;*-**-KL-DATA_STUURKABEL_HULPSTUK_AANSLUITPUNT-G;0.18;90;92;90;90;90;CONTINUOUS;0.35;90;92;90;90;90;CONTINUOUS;0.35;90;92;90;90;90;V-CONTINUOUS-SO;0.35;90;92;90;90;90;CONTINUOUS;;;2.3;;;804;803;
DATA_STUURKABEL_HULPSTUK_MOF;*;-;**;-;KL;-;DATA;_;STUURKABEL;_;HULPSTUK;_;MOF;;;;;;;-;G;;;;;*-**-KL-DATA_STUURKABEL_HULPSTUK_MOF-G;0.18;90;92;90;90;90;CONTINUOUS;0.35;90;92;90;90;90;CONTINUOUS;0.35;90;92;90;90;90;V-CONTINUOUS-SO;0.35;90;92;90;90;90;CONTINUOUS;;;2.3;;;805;803;
DATA_STUURKABEL_HULPSTUK_OVERIG;*;-;**;-;KL;-;DATA;_;STUURKABEL;_;HULPSTUK;_;OVERIG;;;;;;;-;G;;;;;*-**-KL-DATA_STUURKABEL_HULPSTUK_OVERIG-G;0.18;90;92;90;90;90;CONTINUOUS;0.35;90;92;90;90;90;CONTINUOUS;0.35;90;92;90;90;90;V-CONTINUOUS-SO;0.35;90;92;90;90;90;CONTINUOUS;;;3.1;;VERVALLEN;806;803;
DATA_STUURKABEL_KAST;*;-;**;-;KL;-;DATA;_;STUURKABEL;_;KAST;;;;;;;;;-;G/S;;;;SKL-DATA_TERREINKAST;*-**-KL-DATA_STUURKABEL_KAST-G/S;0.18;90;92;90;90;90;KL-STUURKABEL-SO;0.35;90;92;90;90;90;KL-STUURKABEL-SO;0.35;90;92;90;90;90;V-KL-STUURKABEL-SO;0.35;90;92;90;90;90;KL-STUURKABEL-SO;;;2.3;;;807;801;
DATA_STUURKABEL_KAST_LASKAST;*;-;**;-;KL;-;DATA;_;STUURKABEL;_;KAST;_;LASKAST;;;;;;;-;G;;;;;*-**-KL-DATA_STUURKABEL_KAST_LASKAST-G;0.18;90;92;90;90;90;KL-STUURKABEL-SO;0.35;90;92;90;90;90;KL-STUURKABEL-SO;0.35;90;92;90;90;90;V-KL-STUURKABEL-SO;0.35;90;92;90;90;90;KL-STUURKABEL-SO;;;2.3;;;808;807;
DATA_STUURKABEL_KAST_PUTKAST;*;-;**;-;KL;-;DATA;_;STUURKABEL;_;KAST;_;PUTKAST;;;;;;;-;G;;;;;*-**-KL-DATA_STUURKABEL_KAST_PUTKAST-G;0.18;90;92;90;90;90;KL-STUURKABEL-SO;0.35;90;92;90;90;90;KL-STUURKABEL-SO;0.35;90;92;90;90;90;V-KL-STUURKABEL-SO;0.35;90;92;90;90;90;KL-STUURKABEL-SO;;;2.3;;;809;807;
DATA_STUURKABEL_KAST_VERDEELKAST;*;-;**;-;KL;-;DATA;_;STUURKABEL;_;KAST;_;VERDEELKAST;;;;;;;-;G;;;;;*-**-KL-DATA_STUURKABEL_KAST_VERDEELKAST-G;0.18;90;92;90;90;90;KL-STUURKABEL-SO;0.35;90;92;90;90;90;KL-STUURKABEL-SO;0.35;90;92;90;90;90;V-KL-STUURKABEL-SO;0.35;90;92;90;90;90;KL-STUURKABEL-SO;;;2.3;;;810;807;
DATA_STUURKABEL_KOPER;*;-;**;-;KL;-;DATA;_;STUURKABEL;_;KOPER;;;;;;;;;-;G;;;;;*-**-KL-DATA_STUURKABEL_KOPER-G;0.18;90;92;90;90;90;KL-STUURKABEL-SO;0.35;90;92;90;90;90;KL-STUURKABEL-SO;0.35;90;92;90;90;90;V-KL-STUURKABEL-SO;0.35;90;92;90;90;90;KL-STUURKABEL-SO;;;2.3;;;811;801;
DATA_STUURKABEL_MANTELBUIS;*;-;**;-;KL;-;DATA;_;STUURKABEL;_;MANTELBUIS;;;;;;;;;-;G;;;;;*-**-KL-DATA_STUURKABEL_MANTELBUIS-G;0.18;90;92;90;90;90;KL-STUURKABEL-SO;0.35;90;92;90;90;90;KL-STUURKABEL-SO;0.35;90;92;90;90;90;V-KL-STUURKABEL-SO;0.35;90;92;90;90;90;KL-STUURKABEL-SO;;;2.5;;;812;801;
DATA_STUURKABEL_OVERIG;*;-;**;-;KL;-;DATA;_;STUURKABEL;_;OVERIG;;;;;;;;;-;G;;;;;*-**-KL-DATA_STUURKABEL_OVERIG-G;0.18;90;92;90;90;90;KL-STUURKABEL-SO;0.35;90;92;90;90;90;KL-STUURKABEL-SO;0.35;90;92;90;90;90;V-KL-STUURKABEL-SO;0.35;90;92;90;90;90;KL-STUURKABEL-SO;;;3.1;;VERVALLEN;813;801;
DATA_TELECOM;*;-;**;-;KL;-;DATA;_;TELECOM;;;;;;;;;;;-;G;;;;;*-**-KL-DATA_TELECOM-G;0.18;90;92;90;90;90;KL-TELECOM-SO;0.35;90;92;90;90;90;KL-TELECOM-SO;0.35;90;92;90;90;90;V-KL-TELECOM-SO;0.35;90;92;90;90;90;KL-TELECOM-SO;;;2.3;;;814;720;
DATA_TELECOM_GLASVEZEL;*;-;**;-;KL;-;DATA;_;TELECOM;_;GLASVEZEL;;;;;;;;;-;G;;;;;*-**-KL-DATA_TELECOM_GLASVEZEL-G;0.18;90;92;90;90;90;KL-TELECOM-SO;0.35;90;92;90;90;90;KL-TELECOM-SO;0.35;90;92;90;90;90;V-KL-TELECOM-SO;0.35;90;92;90;90;90;KL-TELECOM-SO;;;2.3;;;815;814;
DATA_TELECOM_HULPSTUK;*;-;**;-;KL;-;DATA;_;TELECOM;_;HULPSTUK;;;;;;;;;-;G/S;;;;SKL-DATA_HULP;*-**-KL-DATA_TELECOM_HULPSTUK-G/S;0.18;90;92;90;90;90;CONTINUOUS;0.35;90;92;90;90;90;CONTINUOUS;0.35;90;92;90;90;90;V-CONTINUOUS-SO;0.35;90;92;90;90;90;CONTINUOUS;;;2.3;;;816;814;
DATA_TELECOM_HULPSTUK_AANSLUITPUNT;*;-;**;-;KL;-;DATA;_;TELECOM;_;HULPSTUK;_;AANSLUITPUNT;;;;;;;-;G/S;;;;SKL-DATA_AANSLUITPUNT;*-**-KL-DATA_TELECOM_HULPSTUK_AANSLUITPUNT-G;0.18;90;92;90;90;90;CONTINUOUS;0.35;90;92;90;90;90;CONTINUOUS;0.35;90;92;90;90;90;V-CONTINUOUS-SO;0.35;90;92;90;90;90;CONTINUOUS;;;2.3;;;817;816;
DATA_TELECOM_HULPSTUK_MOF;*;-;**;-;KL;-;DATA;_;TELECOM;_;HULPSTUK;_;MOF;;;;;;;-;G;;;;;*-**-KL-DATA_TELECOM_HULPSTUK_MOF-G;0.18;90;92;90;90;90;CONTINUOUS;0.35;90;92;90;90;90;CONTINUOUS;0.35;90;92;90;90;90;V-CONTINUOUS-SO;0.35;90;92;90;90;90;CONTINUOUS;;;2.3;;;818;816;
DATA_TELECOM_HULPSTUK_OVERIG;*;-;**;-;KL;-;DATA;_;TELECOM;_;HULPSTUK;_;OVERIG;;;;;;;-;G;;;;;*-**-KL-DATA_TELECOM_HULPSTUK_OVERIG-G;0.18;90;92;90;90;90;CONTINUOUS;0.35;90;92;90;90;90;CONTINUOUS;0.35;90;92;90;90;90;V-CONTINUOUS-SO;0.35;90;92;90;90;90;CONTINUOUS;;;3.1;;VERVALLEN;819;816;
DATA_TELECOM_KAST;*;-;**;-;KL;-;DATA;_;TELECOM;_;KAST;;;;;;;;;-;G/S;;;;SKL-TELECOM_TERREINKAST;*-**-KL-DATA_TELECOM_KAST-G/S;0.18;90;92;90;90;90;CONTINUOUS;0.35;90;92;90;90;90;CONTINUOUS;0.35;90;92;90;90;90;V-CONTINUOUS-SO;0.35;90;92;90;90;90;CONTINUOUS;;;2.3;;;820;814;
DATA_TELECOM_KAST_LASKAST;*;-;**;-;KL;-;DATA;_;TELECOM;_;KAST;_;LASKAST;;;;;;;-;G;;;;;*-**-KL-DATA_TELECOM_KAST_LASKAST-G;0.18;90;92;90;90;90;CONTINUOUS;0.35;90;92;90;90;90;CONTINUOUS;0.35;90;92;90;90;90;V-CONTINUOUS-SO;0.35;90;92;90;90;90;CONTINUOUS;;;2.3;;;821;820;
DATA_TELECOM_KAST_PUTKAST;*;-;**;-;KL;-;DATA;_;TELECOM;_;KAST;_;PUTKAST;;;;;;;-;G;;;;;*-**-KL-DATA_TELECOM_KAST_PUTKAST-G;0.18;90;92;90;90;90;CONTINUOUS;0.35;90;92;90;90;90;CONTINUOUS;0.35;90;92;90;90;90;V-CONTINUOUS-SO;0.35;90;92;90;90;90;CONTINUOUS;;;2.3;;;822;820;
DATA_TELECOM_KAST_VERDEELKAST;*;-;**;-;KL;-;DATA;_;TELECOM;_;KAST;_;VERDEELKAST;;;;;;;-;G;;;;;*-**-KL-DATA_TELECOM_KAST_VERDEELKAST-G;0.18;90;92;90;90;90;CONTINUOUS;0.35;90;92;90;90;90;CONTINUOUS;0.35;90;92;90;90;90;V-CONTINUOUS-SO;0.35;90;92;90;90;90;CONTINUOUS;;;2.3;;;823;820;
DATA_TELECOM_KOPER;*;-;**;-;KL;-;DATA;_;TELECOM;_;KOPER;;;;;;;;;-;G;;;;;*-**-KL-DATA_TELECOM_KOPER-G;0.18;90;92;90;90;90;KL-TELECOM-SO;0.35;90;92;90;90;90;KL-TELECOM-SO;0.35;90;92;90;90;90;V-KL-TELECOM-SO;0.35;90;92;90;90;90;KL-TELECOM-SO;;;2.3;;;824;814;
DATA_TELECOM_MANTELBUIS;*;-;**;-;KL;-;DATA;_;TELECOM;_;MANTELBUIS;;;;;;;;;-;G;;;;;*-**-KL-DATA_TELECOM_MANTELBUIS-G;0.18;90;92;90;90;90;CONTINUOUS;0.35;90;92;90;90;90;CONTINUOUS;0.35;90;92;90;90;90;V-CONTINUOUS-SO;0.35;90;92;90;90;90;CONTINUOUS;;;2.5;;;825;814;
DATA_TELECOM_OVERIG;*;-;**;-;KL;-;DATA;_;TELECOM;_;OVERIG;;;;;;;;;-;G;;;;;*-**-KL-DATA_TELECOM_OVERIG-G;0.18;90;92;90;90;90;CONTINUOUS;0.35;90;92;90;90;90;CONTINUOUS;0.35;90;92;90;90;90;V-CONTINUOUS-SO;0.35;90;92;90;90;90;CONTINUOUS;;;3.1;;VERVALLEN;826;814;
DATA_TELPAAL;*;-;**;-;KL;-;DATA;_;TELPAAL;;;;;;;;;;;-;G/S;;;;SKL-DATA_TELPAAL;*-**-KL-DATA_TELPAAL-G/S;0.18;90;92;90;90;90;CONTINUOUS;0.35;90;92;90;90;90;CONTINUOUS;0.35;90;92;90;90;90;V-CONTINUOUS-SO;0.35;90;92;90;90;90;CONTINUOUS;;;4.1;;NIEUW;3426;720;
DATA_TELPAAL;*;-;**;-;KL;-;DATA;_;TELPAAL;;;;;;;;;;;-;G/S;;;;SKL-DATA_TELPAAL;*-**-KL-DATA_TELPAAL-G/S;0.18;90;92;90;90;90;CONTINUOUS;0.35;90;92;90;90;90;CONTINUOUS;0.35;90;92;90;90;90;V-CONTINUOUS-SO;0.35;90;92;90;90;90;CONTINUOUS;;;4.2;4.2: dubbel met 3426;VERVALLEN;3435;720;
DATA_WAN;*;-;**;-;KL;-;DATA;_;WAN;;;;;;;;;;;-;G;;;;;*-**-KL-DATA_WAN-G;0.18;90;92;90;90;90;KL-WAN-SO;0.35;90;92;90;90;90;KL-WAN-SO;0.35;90;92;90;90;90;V-KL-WAN-SO;0.35;90;92;90;90;90;KL-WAN-SO;;;2.3;;;827;720;
DATA_WAN_GLASVEZEL;*;-;**;-;KL;-;DATA;_;WAN;_;GLASVEZEL;;;;;;;;;-;G;;;;;*-**-KL-DATA_WAN_GLASVEZEL-G;0.18;90;92;90;90;90;KL-WAN-SO;0.35;90;92;90;90;90;KL-WAN-SO;0.35;90;92;90;90;90;V-KL-WAN-SO;0.35;90;92;90;90;90;KL-WAN-SO;;;2.3;;;828;827;
DATA_WAN_HULPSTUK;*;-;**;-;KL;-;DATA;_;WAN;_;HULPSTUK;;;;;;;;;-;G/S;;;;SKL-DATA_HULP;*-**-KL-DATA_WAN_HULPSTUK-G/S;0.18;90;92;90;90;90;CONTINUOUS;0.35;90;92;90;90;90;CONTINUOUS;0.35;90;92;90;90;90;V-CONTINUOUS-SO;0.35;90;92;90;90;90;CONTINUOUS;;;2.3;;;829;827;
DATA_WAN_HULPSTUK_AANSLUITPUNT;*;-;**;-;KL;-;DATA;_;WAN;_;HULPSTUK;_;AANSLUITPUNT;;;;;;;-;G/S;;;;SKL-DATA_AANSLUITPUNT;*-**-KL-DATA_WAN_HULPSTUK_AANSLUITPUNT-G;0.18;90;92;90;90;90;CONTINUOUS;0.35;90;92;90;90;90;CONTINUOUS;0.35;90;92;90;90;90;V-CONTINUOUS-SO;0.35;90;92;90;90;90;CONTINUOUS;;;2.3;;;830;829;
DATA_WAN_HULPSTUK_MOF;*;-;**;-;KL;-;DATA;_;WAN;_;HULPSTUK;_;MOF;;;;;;;-;G;;;;;*-**-KL-DATA_WAN_HULPSTUK_MOF-G;0.18;90;92;90;90;90;CONTINUOUS;0.35;90;92;90;90;90;CONTINUOUS;0.35;90;92;90;90;90;V-CONTINUOUS-SO;0.35;90;92;90;90;90;CONTINUOUS;;;2.3;;;831;829;
DATA_WAN_HULPSTUK_OVERIG;*;-;**;-;KL;-;DATA;_;WAN;_;HULPSTUK;_;OVERIG;;;;;;;-;G;;;;;*-**-KL-DATA_WAN_HULPSTUK_OVERIG-G;0.18;90;92;90;90;90;CONTINUOUS;0.35;90;92;90;90;90;CONTINUOUS;0.35;90;92;90;90;90;V-CONTINUOUS-SO;0.35;90;92;90;90;90;CONTINUOUS;;;3.1;;VERVALLEN;832;829;
DATA_WAN_KAST;*;-;**;-;KL;-;DATA;_;WAN;_;KAST;;;;;;;;;-;G/S;;;;SKL-DATA_TERREINKAST;*-**-KL-DATA_WAN_KAST-G/S;0.18;90;92;90;90;90;CONTINUOUS;0.35;90;92;90;90;90;CONTINUOUS;0.35;90;92;90;90;90;V-CONTINUOUS-SO;0.35;90;92;90;90;90;CONTINUOUS;;;2.3;;;833;827;
DATA_WAN_KAST_LASKAST;*;-;**;-;KL;-;DATA;_;WAN;_;KAST;_;LASKAST;;;;;;;-;G;;;;;*-**-KL-DATA_WAN_KAST_LASKAST-G;0.18;90;92;90;90;90;CONTINUOUS;0.35;90;92;90;90;90;CONTINUOUS;0.35;90;92;90;90;90;V-CONTINUOUS-SO;0.35;90;92;90;90;90;CONTINUOUS;;;2.3;;;834;833;
DATA_WAN_KAST_PUTKAST;*;-;**;-;KL;-;DATA;_;WAN;_;KAST;_;PUTKAST;;;;;;;-;G;;;;;*-**-KL-DATA_WAN_KAST_PUTKAST-G;0.18;90;92;90;90;90;CONTINUOUS;0.35;90;92;90;90;90;CONTINUOUS;0.35;90;92;90;90;90;V-CONTINUOUS-SO;0.35;90;92;90;90;90;CONTINUOUS;;;2.3;;;835;833;
DATA_WAN_KAST_VERDEELKAST;*;-;**;-;KL;-;DATA;_;WAN;_;KAST;_;VERDEELKAST;;;;;;;-;G;;;;;*-**-KL-DATA_WAN_KAST_VERDEELKAST-G;0.18;90;92;90;90;90;CONTINUOUS;0.35;90;92;90;90;90;CONTINUOUS;0.35;90;92;90;90;90;V-CONTINUOUS-SO;0.35;90;92;90;90;90;CONTINUOUS;;;2.3;;;836;833;
DATA_WAN_MANTELBUIS;*;-;**;-;KL;-;DATA;_;WAN;_;MANTELBUIS;;;;;;;;;-;G;;;;;*-**-KL-DATA_WAN_MANTELBUIS-G;0.18;90;92;90;90;90;CONTINUOUS;0.35;90;92;90;90;90;CONTINUOUS;0.35;90;92;90;90;90;V-CONTINUOUS-SO;0.35;90;92;90;90;90;CONTINUOUS;;;2.5;;;837;827;
DATA_WAN_OVERIG;*;-;**;-;KL;-;DATA;_;WAN;_;OVERIG;;;;;;;;;-;G;;;;;*-**-KL-DATA_WAN_OVERIG-G;0.18;90;92;90;90;90;CONTINUOUS;0.35;90;92;90;90;90;CONTINUOUS;0.35;90;92;90;90;90;V-CONTINUOUS-SO;0.35;90;92;90;90;90;CONTINUOUS;;;3.1;;VERVALLEN;838;827;
DATA_ZENDMAST;*;-;**;-;KL;-;DATA;_;ZENDMAST;;;;;;;;;;;-;G/S;;;;SKL-DATA_ZENDMAST;*-**-KL-DATA_ZENDMAST-G/S;0.18;90;92;90;90;90;CONTINUOUS;0.35;90;92;90;90;90;CONTINUOUS;0.35;90;92;90;90;90;V-CONTINUOUS-SO;0.35;90;92;90;90;90;CONTINUOUS;;;5.0;SYMBOOLNAAM AANGEPAST;GEWIJZIGD;839;720;
DRIP;*;-;**;-;KL;-;DRIP;;;;;;;;;;;;;-;G;;;;;*-**-KL-DRIP-G;0.18;170;172;170;170;253;CONTINUOUS;0.35;170;172;170;170;253;CONTINUOUS;0.35;170;172;170;170;253;V-CONTINUOUS-SO;0.35;170;172;170;170;253;CONTINUOUS;;;3.1;;GEWIJZIGD;1388;0;
DRIP_KABEL;*;-;**;-;KL;-;DRIP;_;KABEL;;;;;;;;;;;-;G;;;;;*-**-KL-DRIP_KABEL-G;0.18;170;172;170;170;253;KL-DRIP-SO;0.35;170;172;170;170;253;KL-DRIP-SO;0.35;170;172;170;170;253;V-KL-DRIP-SO;0.35;170;172;170;170;253;KL-DRIP-SO;;;4.2;4.2:Lijnstijl toegevoegd;GEWIJZIGD;1389;1388;
ET;*;-;**;-;KL;-;ET;;;;;;;;;;;;;-;G;;;;;*-**-KL-ET-G;0.18;10;12;10;10;10;KL-ELECTRICITEIT-SO;0.35;10;12;10;10;10;KL-ELECTRICITEIT-SO;0.35;10;12;10;10;10;V-KL-ELECTRICITEIT-SO;0.35;10;12;10;10;10;KL-ELECTRICITEIT-SO;;;2.3;;;840;0;
ET_AARDING;*;-;**;-;KL;-;ET;_;AARDING;;;;;;;;;;;-;G/S;;;;SKL-ET_AARDING;*-**-KL-ET_AARDING-G/S;0.18;7;7;7;7;7;KL-AARDING-SO;0.35;7;7;7;7;7;KL-AARDING-SO;0.35;7;7;7;7;7;V-KL-AARDING-SO;0.35;7;7;7;7;7;KL-AARDING-SO;;;2.3;;;841;840;
ET_AARDING_AARDELECTRODE;*;-;**;-;KL;-;ET;_;AARDING;_;AARDELECTRODE;;;;;;;;;-;G;;;;;*-**-KL-ET_AARDING_AARDELECTRODE-G;0.18;7;7;7;7;7;CONTINUOUS;0.35;7;7;7;7;7;CONTINUOUS;0.35;7;7;7;7;7;V-CONTINUOUS-SO;0.35;7;7;7;7;7;CONTINUOUS;;;2.3;;;842;841;
ET_AARDING_AARDRAIL;*;-;**;-;KL;-;ET;_;AARDING;_;AARDRAIL;;;;;;;;;-;G;;;;;*-**-KL-ET_AARDING_AARDRAIL-G;0.18;7;7;7;7;7;CONTINUOUS;0.35;7;7;7;7;7;CONTINUOUS;0.35;7;7;7;7;7;V-CONTINUOUS-SO;0.35;7;7;7;7;7;CONTINUOUS;;;2.3;;;843;841;
ET_AARDING_BLIKSEMAFLEIDER;*;-;**;-;KL;-;ET;_;AARDING;_;BLIKSEMAFLEIDER;;;;;;;;;-;G;;;;;*-**-KL-ET_AARDING_BLIKSEMAFLEIDER-G;0.18;7;7;7;7;7;CONTINUOUS;0.35;7;7;7;7;7;CONTINUOUS;0.35;7;7;7;7;7;V-CONTINUOUS-SO;0.35;7;7;7;7;7;CONTINUOUS;;;2.3;;;844;841;
ET_AARDING_BLIKSEMAFLEIDER_AFSPANDRAAD;*;-;**;-;KL;-;ET;_;AARDING;_;BLIKSEMAFLEIDER;_;AFSPANDRAAD;;;;;;;-;G;;;;;*-**-KL-ET_AARDING_BLIKSEMAFLEIDER_AFSPANDRAAD-G;0.18;7;7;7;7;7;CONTINUOUS;0.35;7;7;7;7;7;CONTINUOUS;0.35;7;7;7;7;7;V-CONTINUOUS-SO;0.35;7;7;7;7;7;CONTINUOUS;;;2.3;;;845;844;
ET_AARDING_BLIKSEMAFLEIDER_STIJGPUNT;*;-;**;-;KL;-;ET;_;AARDING;_;BLIKSEMAFLEIDER;_;STIJGPUNT;;;;;;;-;G;;;;;*-**-KL-ET_AARDING_BLIKSEMAFLEIDER_STIJGPUNT-G;0.18;7;7;7;7;7;CONTINUOUS;0.35;7;7;7;7;7;CONTINUOUS;0.35;7;7;7;7;7;V-CONTINUOUS-SO;0.35;7;7;7;7;7;CONTINUOUS;;;2.3;;;846;844;
ET_AARDING_BLIKSEMAFLEIDER_VANGMAST;*;-;**;-;KL;-;ET;_;AARDING;_;BLIKSEMAFLEIDER;_;VANGMAST;;;;;;;-;G;;;;;*-**-KL-ET_AARDING_BLIKSEMAFLEIDER_VANGMAST-G;0.18;7;7;7;7;7;CONTINUOUS;0.35;7;7;7;7;7;CONTINUOUS;0.35;7;7;7;7;7;V-CONTINUOUS-SO;0.35;7;7;7;7;7;CONTINUOUS;;;2.3;;;847;844;
ET_AARDING_HULPSTUK;*;-;**;-;KL;-;ET;_;AARDING;_;HULPSTUK;;;;;;;;;-;G;;;;;*-**-KL-ET_AARDING_HULPSTUK-G;0.18;7;7;7;7;7;CONTINUOUS;0.35;7;7;7;7;7;CONTINUOUS;0.35;7;7;7;7;7;V-CONTINUOUS-SO;0.35;7;7;7;7;7;CONTINUOUS;;;2.3;;;848;841;
ET_AARDING_HULPSTUK_AANSLUITPUNT;*;-;**;-;KL;-;ET;_;AARDING;_;HULPSTUK;_;AANSLUITPUNT;;;;;;;-;G;;;;;*-**-KL-ET_AARDING_HULPSTUK_AANSLUITPUNT-G;0.18;7;7;7;7;7;CONTINUOUS;0.35;7;7;7;7;7;CONTINUOUS;0.35;7;7;7;7;7;V-CONTINUOUS-SO;0.35;7;7;7;7;7;CONTINUOUS;;;2.3;;;849;848;
ET_AARDING_HULPSTUK_AARDTEGEL;*;-;**;-;KL;-;ET;_;AARDING;_;HULPSTUK;_;AARDTEGEL;;;;;;;-;G;;;;;*-**-KL-ET_AARDING_HULPSTUK_AARDTEGEL-G;0.18;7;7;7;7;7;CONTINUOUS;0.35;7;7;7;7;7;CONTINUOUS;0.35;7;7;7;7;7;V-CONTINUOUS-SO;0.35;7;7;7;7;7;CONTINUOUS;;;2.3;;;850;848;
ET_AARDING_HULPSTUK_MOF;*;-;**;-;KL;-;ET;_;AARDING;_;HULPSTUK;_;MOF;;;;;;;-;G;;;;;*-**-KL-ET_AARDING_HULPSTUK_MOF-G;0.18;7;7;7;7;7;CONTINUOUS;0.35;7;7;7;7;7;CONTINUOUS;0.35;7;7;7;7;7;V-CONTINUOUS-SO;0.35;7;7;7;7;7;CONTINUOUS;;;2.3;;;851;848;
ET_AARDING_HULPSTUK_OVERIG;*;-;**;-;KL;-;ET;_;AARDING;_;HULPSTUK;_;OVERIG;;;;;;;-;G;;;;;*-**-KL-ET_AARDING_HULPSTUK_OVERIG-G;0.18;7;7;7;7;7;CONTINUOUS;0.35;7;7;7;7;7;CONTINUOUS;0.35;7;7;7;7;7;V-CONTINUOUS-SO;0.35;7;7;7;7;7;CONTINUOUS;;;3.1;;VERVALLEN;852;848;
ET_AARDING_KABEL;*;-;**;-;KL;-;ET;_;AARDING;_;KABEL;;;;;;;;;-;G;;;;;*-**-KL-ET_AARDING_KABEL-G;0.18;7;7;7;7;7;KL-AARDING-SO;0.35;7;7;7;7;7;KL-AARDING-SO;0.35;7;7;7;7;7;V-KL-AARDING-SO;0.35;7;7;7;7;7;KL-AARDING-SO;;;2.3;;;853;841;
ET_AARDING_KABEL_BLIKSEMAFLEIDINGSKABEL;*;-;**;-;KL;-;ET;_;AARDING;_;KABEL;_;BLIKSEMAFLEIDINGSKABEL;;;;;;;-;G;;;;;*-**-KL-ET_AARDING_KABEL_BLIKSEMAFLEIDINGSKABEL-G;0.18;7;7;7;7;7;KL-AARDING-SO;0.35;7;7;7;7;7;KL-AARDING-SO;0.35;7;7;7;7;7;V-KL-AARDING-SO;0.35;7;7;7;7;7;KL-AARDING-SO;;;2.3;;;854;853;
ET_AARDING_KABEL_POTENTIAALKABEL;*;-;**;-;KL;-;ET;_;AARDING;_;KABEL;_;POTENTIAALKABEL;;;;;;;-;G;;;;;*-**-KL-ET_AARDING_KABEL_POTENTIAALKABEL-G;0.18;7;7;7;7;7;KL-AARDING-SO;0.35;7;7;7;7;7;KL-AARDING-SO;0.35;7;7;7;7;7;V-KL-AARDING-SO;0.35;7;7;7;7;7;KL-AARDING-SO;;;2.3;;;855;853;
ET_AARDING_KABEL_VEILIGHEIDSKABEL;*;-;**;-;KL;-;ET;_;AARDING;_;KABEL;_;VEILIGHEIDSKABEL;;;;;;;-;G;;;;;*-**-KL-ET_AARDING_KABEL_VEILIGHEIDSKABEL-G;0.18;7;7;7;7;7;KL-AARDING-SO;0.35;7;7;7;7;7;KL-AARDING-SO;0.35;7;7;7;7;7;V-KL-AARDING-SO;0.35;7;7;7;7;7;KL-AARDING-SO;;;2.3;;;856;853;
ET_AARDING_KAST;*;-;**;-;KL;-;ET;_;AARDING;_;KAST;;;;;;;;;-;G/S;;;;SKL-ET_TERREINKAST;*-**-KL-ET_AARDING_KAST-G/S;0.18;7;7;7;7;7;CONTINUOUS;0.35;7;7;7;7;7;CONTINUOUS;0.35;7;7;7;7;7;V-CONTINUOUS-SO;0.35;7;7;7;7;7;CONTINUOUS;;;2.3;;;857;841;
ET_AARDING_KAST_VERDEELKAST;*;-;**;-;KL;-;ET;_;AARDING;_;KAST;_;VERDEELKAST;;;;;;;-;G;;;;;*-**-KL-ET_AARDING_KAST_VERDEELKAST-G;0.18;7;7;7;7;7;CONTINUOUS;0.35;7;7;7;7;7;CONTINUOUS;0.35;7;7;7;7;7;V-CONTINUOUS-SO;0.35;7;7;7;7;7;CONTINUOUS;;;2.3;;;858;857;
ET_AARDING_MANTELBUIS;*;-;**;-;KL;-;ET;_;AARDING;_;MANTELBUIS;;;;;;;;;-;G;;;;;*-**-KL-ET_AARDING_MANTELBUIS-G;0.18;7;7;7;7;7;CONTINUOUS;0.35;7;7;7;7;7;CONTINUOUS;0.35;7;7;7;7;7;V-CONTINUOUS-SO;0.35;7;7;7;7;7;CONTINUOUS;;;2.5;;;859;841;
ET_AARDING_MEETPUNT;*;-;**;-;KL;-;ET;_;AARDING;_;MEETPUNT;;;;;;;;;-;G;;;;;*-**-KL-ET_AARDING_MEETPUNT-G;0.18;7;7;7;7;7;CONTINUOUS;0.35;7;7;7;7;7;CONTINUOUS;0.35;7;7;7;7;7;V-CONTINUOUS-SO;0.35;7;7;7;7;7;CONTINUOUS;;;2.3;;;860;841;
ET_AARDING_OVERIG;*;-;**;-;KL;-;ET;_;AARDING;_;OVERIG;;;;;;;;;-;G;;;;;*-**-KL-ET_AARDING_OVERIG-G;0.18;7;7;7;7;7;CONTINUOUS;0.35;7;7;7;7;7;CONTINUOUS;0.35;7;7;7;7;7;V-CONTINUOUS-SO;0.35;7;7;7;7;7;CONTINUOUS;;;3.1;;VERVALLEN;861;841;
ET_DVM;*;-;**;-;KL;-;ET;_;DVM;;;;;;;;;;;-;G/S;;;;SKL-ET_DVM;*-**-KL-ET_DVM-G/S;0.18;10;12;10;10;10;CONTINUOUS;0.35;10;12;10;10;10;CONTINUOUS;0.35;10;12;10;10;10;V-CONTINUOUS-SO;0.35;10;12;10;10;10;CONTINUOUS;;;4.1;;NIEUW;3427;840;
ET_DVM;*;-;**;-;KL;-;ET;_;DVM;;;;;;;;;;;-;G/S;;;;SKL-ET_DVM;*-**-KL-ET_DVM-G/S;0.18;10;12;10;10;10;CONTINUOUS;0.35;10;12;10;10;10;CONTINUOUS;0.35;10;12;10;10;10;V-CONTINUOUS-SO;0.35;10;12;10;10;10;CONTINUOUS;;;4.2;4.2: dubbel met 3427;VERVALLEN;3436;840;
ET_HS;*;-;**;-;KL;-;ET;_;HS;;;;;;;;;;;-;G/S;;;;SKL-ET_HS;*-**-KL-ET_HS-G/S;0.18;10;12;10;10;10;KL-HS-SO;0.35;10;12;10;10;10;KL-HS-SO;0.35;10;12;10;10;10;V-KL-HS-SO;0.35;10;12;10;10;10;KL-HS-SO;;;2.3;;;863;840;
ET_HS_220 kV;*;-;**;-;KL;-;ET;_;HS;_;220 kV;;;;;;;;;-;G;;;;;*-**-KL-ET_HS_220 kV-G;0.18;10;12;10;10;10;KL-HS-SO;0.35;10;12;10;10;10;KL-HS-SO;0.35;10;12;10;10;10;V-KL-HS-SO;0.35;10;12;10;10;10;KL-HS-SO;;;2.3;;;864;863;
ET_HS_36 kV;*;-;**;-;KL;-;ET;_;HS;_;36 kV;;;;;;;;;-;G;;;;;*-**-KL-ET_HS_36 kV-G;0.18;10;12;10;10;10;KL-HS-SO;0.35;10;12;10;10;10;KL-HS-SO;0.35;10;12;10;10;10;V-KL-HS-SO;0.35;10;12;10;10;10;KL-HS-SO;;;2.3;;;865;863;
ET_HS_HOOGSPANNINGSMAST;*;-;**;-;KL;-;ET;_;HS;_;HOOGSPANNINGSMAST;;;;;;;;;-;G;;;;;*-**-KL-ET_HS_HOOGSPANNINGSMAST-G;0.18;10;12;10;10;10;CONTINUOUS;0.35;10;12;10;10;10;CONTINUOUS;0.35;10;12;10;10;10;V-CONTINUOUS-SO;0.35;10;12;10;10;10;CONTINUOUS;;;4.2;;NIEUW;3504;863;
ET_HS_HULPSTUK;*;-;**;-;KL;-;ET;_;HS;_;HULPSTUK;;;;;;;;;-;G/S;;;;SKL-ET_HULP;*-**-KL-ET_HS_HULPSTUK-G/S;0.18;10;12;10;10;10;CONTINUOUS;0.35;10;12;10;10;10;CONTINUOUS;0.35;10;12;10;10;10;V-CONTINUOUS-SO;0.35;10;12;10;10;10;CONTINUOUS;;;2.3;;;866;863;
ET_HS_HULPSTUK_AANSLUITPUNT;*;-;**;-;KL;-;ET;_;HS;_;HULPSTUK;_;AANSLUITPUNT;;;;;;;-;G;;;;;*-**-KL-ET_HS_HULPSTUK_AANSLUITPUNT-G;0.18;10;12;10;10;10;CONTINUOUS;0.35;10;12;10;10;10;CONTINUOUS;0.35;10;12;10;10;10;V-CONTINUOUS-SO;0.35;10;12;10;10;10;CONTINUOUS;;;2.3;;;867;866;
ET_HS_HULPSTUK_MOF;*;-;**;-;KL;-;ET;_;HS;_;HULPSTUK;_;MOF;;;;;;;-;G;;;;;*-**-KL-ET_HS_HULPSTUK_MOF-G;0.18;10;12;10;10;10;CONTINUOUS;0.35;10;12;10;10;10;CONTINUOUS;0.35;10;12;10;10;10;V-CONTINUOUS-SO;0.35;10;12;10;10;10;CONTINUOUS;;;2.3;;;868;866;
ET_HS_HULPSTUK_OVERIG;*;-;**;-;KL;-;ET;_;HS;_;HULPSTUK;_;OVERIG;;;;;;;-;G;;;;;*-**-KL-ET_HS_HULPSTUK_OVERIG-G;0.18;10;12;10;10;10;CONTINUOUS;0.35;10;12;10;10;10;CONTINUOUS;0.35;10;12;10;10;10;V-CONTINUOUS-SO;0.35;10;12;10;10;10;CONTINUOUS;;;3.1;;VERVALLEN;869;866;
ET_HS_KABELROL;*;-;**;-;KL;-;ET;_;HS;_;KABELROL;;;;;;;;;-;G/S;;;;SKL-ET_KABELROL;*-**-KL-ET_HS_KABELROL-G/S;0.18;10;12;10;10;10;CONTINUOUS;0.35;10;12;10;10;10;CONTINUOUS;0.35;10;12;10;10;10;V-CONTINUOUS-SO;0.35;10;12;10;10;10;CONTINUOUS;;;2.3;;;870;863;
ET_HS_MANTELBUIS;*;-;**;-;KL;-;ET;_;HS;_;MANTELBUIS;;;;;;;;;-;G;;;;;*-**-KL-ET_HS_MANTELBUIS-G;0.18;10;12;10;10;10;CONTINUOUS;0.35;10;12;10;10;10;CONTINUOUS;0.35;10;12;10;10;10;V-CONTINUOUS-SO;0.35;10;12;10;10;10;CONTINUOUS;;;2.5;;;871;863;
ET_HS_OVERIG;*;-;**;-;KL;-;ET;_;HS;_;OVERIG;;;;;;;;;-;G;;;;;*-**-KL-ET_HS_OVERIG-G;0.18;10;12;10;10;10;CONTINUOUS;0.35;10;12;10;10;10;CONTINUOUS;0.35;10;12;10;10;10;V-CONTINUOUS-SO;0.35;10;12;10;10;10;CONTINUOUS;;;3.1;;VERVALLEN;872;863;
ET_HS_TRANSFORMATORSTATION;*;-;**;-;KL;-;ET;_;HS;_;TRANSFORMATORSTATION;;;;;;;;;-;G/S;;;;SKL-ET_TRANSFORMATORSTATION;*-**-KL-ET_HS_TRANSFORMATORSTATION-G/S;0.18;10;12;10;10;10;CONTINUOUS;0.35;10;12;10;10;10;CONTINUOUS;0.35;10;12;10;10;10;V-CONTINUOUS-SO;0.35;10;12;10;10;10;CONTINUOUS;;;2.3;;;873;863;
ET_HULPSTUK;*;-;**;-;KL;-;ET;_;HULPSTUK;;;;;;;;;;;-;G/S;;;;SKL-ET_HULP;*-**-KL-ET_HULPSTUK-G/S;0.18;10;12;10;10;10;CONTINUOUS;0.35;10;12;10;10;10;CONTINUOUS;0.35;10;12;10;10;10;V-CONTINUOUS-SO;0.35;10;12;10;10;10;CONTINUOUS;;;2.3;;;874;840;
ET_HULPSTUK_AANSLUITPUNT;*;-;**;-;KL;-;ET;_;HULPSTUK;_;AANSLUITPUNT;;;;;;;;;-;G;;;;;*-**-KL-ET_HULPSTUK_AANSLUITPUNT-G;0.18;10;12;10;10;10;CONTINUOUS;0.35;10;12;10;10;10;CONTINUOUS;0.35;10;12;10;10;10;V-CONTINUOUS-SO;0.35;10;12;10;10;10;CONTINUOUS;;;2.3;;;875;874;
ET_HULPSTUK_MOF;*;-;**;-;KL;-;ET;_;HULPSTUK;_;MOF;;;;;;;;;-;G;;;;;*-**-KL-ET_HULPSTUK_MOF-G;0.18;10;12;10;10;10;CONTINUOUS;0.35;10;12;10;10;10;CONTINUOUS;0.35;10;12;10;10;10;V-CONTINUOUS-SO;0.35;10;12;10;10;10;CONTINUOUS;;;2.3;;;876;874;
ET_HULPSTUK_OVERIG;*;-;**;-;KL;-;ET;_;HULPSTUK;_;OVERIG;;;;;;;;;-;G;;;;;*-**-KL-ET_HULPSTUK_OVERIG-G;0.18;10;12;10;10;10;CONTINUOUS;0.35;10;12;10;10;10;CONTINUOUS;0.35;10;12;10;10;10;V-CONTINUOUS-SO;0.35;10;12;10;10;10;CONTINUOUS;;;3.1;;VERVALLEN;877;874;
ET_LICHTGEVOELIGE CEL;*;-;**;-;KL;-;ET;_;LICHTGEVOELIGE CEL;;;;;;;;;;;-;S;;;;SKL-ET_LICHTGEVOELIGE CEL;*-**-KL-ET_LICHTGEVOELIGE CEL-S;0.18;10;12;10;10;252;CONTINUOUS;0.35;10;12;10;10;252;CONTINUOUS;0.35;10;12;10;10;252;V-CONTINUOUS-SO;0.35;10;12;10;10;252;CONTINUOUS;;;3.2;NIEUW;NIEUW;968;840;
ET_LOZE LEIDING;*;-;**;-;KL;-;ET;_;LOZE LEIDING;;;;;;;;;;;-;G;;;;;*-**-KL-ET_LOZE LEIDING-G;0.18;10;12;10;10;10;CONTINUOUS;0.35;10;12;10;10;10;CONTINUOUS;0.35;10;12;10;10;10;V-CONTINUOUS-SO;0.35;10;12;10;10;10;CONTINUOUS;;;3.0;;NIEUW;862;840;
ET_LS;*;-;**;-;KL;-;ET;_;LS;;;;;;;;;;;-;G/S;;;;SKL-ET_LS;*-**-KL-ET_LS-G/S;0.18;190;192;190;190;252;KL-LS-SO;0.35;190;192;190;190;190;KL-LS-SO;0.35;190;192;190;190;190;V-KL-LS-SO;0.35;190;192;190;190;190;KL-LS-SO;;;4.1;Symbool toegevoegd;GEWIJZIGD;878;840;
ET_LS_HULPSTUK;*;-;**;-;KL;-;ET;_;LS;_;HULPSTUK;;;;;;;;;-;G/S;;;;SKL-ET_HULP;*-**-KL-ET_LS_HULPSTUK-G/S;0.18;190;192;190;190;252;CONTINUOUS;0.35;190;192;190;190;190;CONTINUOUS;0.35;190;192;190;190;190;V-CONTINUOUS-SO;0.35;190;192;190;190;190;CONTINUOUS;;;4.0;Kleur 190 ipv 10 vanwege verschil met HS en MS;GEWIJZIGD;879;878;
ET_LS_HULPSTUK_AANSLUITPUNT;*;-;**;-;KL;-;ET;_;LS;_;HULPSTUK;_;AANSLUITPUNT;;;;;;;-;G;;;;;*-**-KL-ET_LS_HULPSTUK_AANSLUITPUNT-G;0.18;190;192;190;190;252;CONTINUOUS;0.35;190;192;190;190;190;CONTINUOUS;0.35;190;192;190;190;190;V-CONTINUOUS-SO;0.35;190;192;190;190;190;CONTINUOUS;;;4.0;Kleur 190 ipv 10 vanwege verschil met HS en MS;GEWIJZIGD;880;879;
ET_LS_HULPSTUK_MOF;*;-;**;-;KL;-;ET;_;LS;_;HULPSTUK;_;MOF;;;;;;;-;G;;;;;*-**-KL-ET_LS_HULPSTUK_MOF-G;0.18;190;192;190;190;252;CONTINUOUS;0.35;190;192;190;190;190;CONTINUOUS;0.35;190;192;190;190;190;V-CONTINUOUS-SO;0.35;190;192;190;190;190;CONTINUOUS;;;4.0;Kleur 190 ipv 10 vanwege verschil met HS en MS;GEWIJZIGD;881;879;
ET_LS_HULPSTUK_OVERIG;*;-;**;-;KL;-;ET;_;LS;_;HULPSTUK;_;OVERIG;;;;;;;-;G;;;;;*-**-KL-ET_LS_HULPSTUK_OVERIG-G;0.18;10;12;10;10;10;CONTINUOUS;0.35;10;12;10;10;10;CONTINUOUS;0.35;10;12;10;10;10;V-CONTINUOUS-SO;0.35;10;12;10;10;10;CONTINUOUS;;;3.1;;VERVALLEN;882;879;
ET_LS_KABELBUNDEL;*;-;**;-;KL;-;ET;_;LS;_;KABELBUNDEL;;;;;;;;;-;G;;;;;*-**-KL-ET_LS_KABELBUNDEL-G;0.18;190;192;190;190;252;KL-BUNDEL-SO;0.35;190;192;190;190;190;KL-BUNDEL-SO;0.35;190;192;190;190;190;V-CONTINUOUS-SO;0.35;190;192;190;190;190;KL-BUNDEL-SO;;;4.0;Kleur 190 ipv 10 vanwege verschil met HS en MS;GEWIJZIGD;883;878;
ET_LS_KABELROL;*;-;**;-;KL;-;ET;_;LS;_;KABELROL;;;;;;;;;-;G/S;;;;SKL-ET_KABELROL;*-**-KL-ET_LS_KABELROL-G/S;0.18;190;192;190;190;252;CONTINUOUS;0.35;190;192;190;190;190;CONTINUOUS;0.35;190;192;190;190;190;V-CONTINUOUS-SO;0.35;190;192;190;190;190;CONTINUOUS;;;4.0;Kleur 190 ipv 10 vanwege verschil met HS en MS;GEWIJZIGD;884;878;
ET_LS_MANTELBUIS;*;-;**;-;KL;-;ET;_;LS;_;MANTELBUIS;;;;;;;;;-;G;;;;;*-**-KL-ET_LS_MANTELBUIS-G;0.18;190;192;190;190;252;CONTINUOUS;0.35;190;192;190;190;190;CONTINUOUS;0.35;190;192;190;190;190;V-CONTINUOUS-SO;0.35;190;192;190;190;190;CONTINUOUS;;;4.0;Kleur 190 ipv 10 vanwege verschil met HS en MS;GEWIJZIGD;885;878;
ET_LS_OV;*;-;**;-;KL;-;ET;_;LS;_;OV;;;;;;;;;-;G;;;;;*-**-KL-ET_LS_OV-G;0.18;190;192;190;190;252;OV-KABEL-SO;0.35;190;192;190;190;190;OV-KABEL-SO;0.35;190;192;190;190;190;V-OV-KABEL-SO;0.35;190;192;190;190;190;OV-KABEL-SO;;;5.0;;VERVALLEN;886;878;
ET_LS_OV_OVERIG;*;-;**;-;KL;-;ET;_;LS;_;OV;_;OVERIG;;;;;;;-;G;;;;;*-**-KL-ET_LS_OV_OVERIG-G;0.18;10;12;10;10;10;CONTINUOUS;0.35;10;12;10;10;10;CONTINUOUS;0.35;10;12;10;10;10;V-CONTINUOUS-SO;0.35;10;12;10;10;10;CONTINUOUS;;;3.1;;VERVALLEN;914;886;
ET_LS_OVERIG;*;-;**;-;KL;-;ET;_;LS;_;OVERIG;;;;;;;;;-;G;;;;;*-**-KL-ET_LS_OVERIG-G;0.18;10;12;10;10;10;CONTINUOUS;0.35;10;12;10;10;10;CONTINUOUS;0.35;10;12;10;10;10;V-CONTINUOUS-SO;0.35;10;12;10;10;10;CONTINUOUS;;;3.1;;VERVALLEN;916;878;
ET_LS_PUTKAST;*;-;**;-;KL;-;ET;_;LS;_;PUTKAST;;;;;;;;;-;G;;;;;*-**-KL-ET_LS_PUTKAST-G;0.18;190;192;190;190;252;CONTINUOUS;0.35;190;192;190;190;190;CONTINUOUS;0.35;190;192;190;190;190;V-CONTINUOUS-SO;0.35;190;192;190;190;190;CONTINUOUS;;;4.0;Kleur 190 ipv 10 vanwege verschil met HS en MS;GEWIJZIGD;917;878;
ET_LS_SR;*;-;**;-;KL;-;ET;_;LS;_;SR;;;;;;;;;-;G;;;;;*-**-KL-ET_LS_SR-G;0.18;190;192;190;190;252;KL-LS-SO;0.35;190;192;190;190;190;KL-LS-SO;0.35;190;192;190;190;190;V-KL-LS-SO;0.35;190;192;190;190;190;KL-LS-SO;;;4.0;Kleur 190 ipv 10 vanwege verschil met HS en MS;GEWIJZIGD;918;878;
ET_LS_SR_ARMATUUR;*;-;**;-;KL;-;ET;_;LS;_;SR;_;ARMATUUR;;;;;;;-;G;;;;;*-**-KL-ET_LS_SR_ARMATUUR-G;0.18;190;192;190;190;252;CONTINUOUS;0.35;190;192;190;190;190;CONTINUOUS;0.35;190;192;190;190;190;V-CONTINUOUS-SO;0.35;190;192;190;190;190;CONTINUOUS;;;4.0;Kleur 190 ipv 10 vanwege verschil met HS en MS;GEWIJZIGD;919;918;
ET_LS_SR_ARMATUUR_BAANEINDELICHT;*;-;**;-;KL;-;ET;_;LS;_;SR;_;ARMATUUR;_;BAANEINDELICHT;;;;;-;G;;;;;*-**-KL-ET_LS_SR_ARMATUUR_BAANEINDELICHT-G;0.18;190;192;190;190;252;CONTINUOUS;0.35;190;192;190;190;190;CONTINUOUS;0.35;190;192;190;190;190;V-CONTINUOUS-SO;0.35;190;192;190;190;190;CONTINUOUS;;;4.0;Kleur 190 ipv 10 vanwege verschil met HS en MS;GEWIJZIGD;920;919;
ET_LS_SR_ARMATUUR_BAANEINDELICHT_INBOUW;*;-;**;-;KL;-;ET;_;LS;_;SR;_;ARMATUUR;_;BAANEINDELICHT;_;INBOUW;;;-;G;;;;;*-**-KL-ET_LS_SR_ARMATUUR_BAANEINDELICHT_INBOUW-G;0.18;190;192;190;190;252;CONTINUOUS;0.35;190;192;190;190;190;CONTINUOUS;0.35;190;192;190;190;190;V-CONTINUOUS-SO;0.35;190;192;190;190;190;CONTINUOUS;;;4.0;Kleur 190 ipv 10 vanwege verschil met HS en MS;GEWIJZIGD;921;920;
ET_LS_SR_ARMATUUR_BAANEINDELICHT_OPBOUW;*;-;**;-;KL;-;ET;_;LS;_;SR;_;ARMATUUR;_;BAANEINDELICHT;_;OPBOUW;;;-;G;;;;;*-**-KL-ET_LS_SR_ARMATUUR_BAANEINDELICHT_OPBOUW-G;0.18;190;192;190;190;252;CONTINUOUS;0.35;190;192;190;190;190;CONTINUOUS;0.35;190;192;190;190;190;V-CONTINUOUS-SO;0.35;190;192;190;190;190;CONTINUOUS;;;4.0;Kleur 190 ipv 10 vanwege verschil met HS en MS;GEWIJZIGD;922;920;
ET_LS_SR_ARMATUUR_DREMPELLICHT;*;-;**;-;KL;-;ET;_;LS;_;SR;_;ARMATUUR;_;DREMPELLICHT;;;;;-;G;;;;;*-**-KL-ET_LS_SR_ARMATUUR_DREMPELLICHT-G;0.18;190;192;190;190;252;CONTINUOUS;0.35;190;192;190;190;190;CONTINUOUS;0.35;190;192;190;190;190;V-CONTINUOUS-SO;0.35;190;192;190;190;190;CONTINUOUS;;;4.0;Kleur 190 ipv 10 vanwege verschil met HS en MS;GEWIJZIGD;923;919;
ET_LS_SR_ARMATUUR_DREMPELLICHT_INBOUW;*;-;**;-;KL;-;ET;_;LS;_;SR;_;ARMATUUR;_;DREMPELLICHT;_;INBOUW;;;-;G;;;;;*-**-KL-ET_LS_SR_ARMATUUR_DREMPELLICHT_INBOUW-G;0.18;190;192;190;190;252;CONTINUOUS;0.35;190;192;190;190;190;CONTINUOUS;0.35;190;192;190;190;190;V-CONTINUOUS-SO;0.35;190;192;190;190;190;CONTINUOUS;;;4.0;Kleur 190 ipv 10 vanwege verschil met HS en MS;GEWIJZIGD;924;923;
ET_LS_SR_ARMATUUR_DREMPELLICHT_OPBOUW;*;-;**;-;KL;-;ET;_;LS;_;SR;_;ARMATUUR;_;DREMPELLICHT;_;OPBOUW;;;-;G;;;;;*-**-KL-ET_LS_SR_ARMATUUR_DREMPELLICHT_OPBOUW-G;0.18;190;192;190;190;252;CONTINUOUS;0.35;190;192;190;190;190;CONTINUOUS;0.35;190;192;190;190;190;V-CONTINUOUS-SO;0.35;190;192;190;190;190;CONTINUOUS;;;4.0;Kleur 190 ipv 10 vanwege verschil met HS en MS;GEWIJZIGD;925;923;
ET_LS_SR_ARMATUUR_HELIPANELLICHT;*;-;**;-;KL;-;ET;_;LS;_;SR;_;ARMATUUR;_;HELIPANELLICHT;;;;;-;G;;;;;*-**-KL-ET_LS_SR_ARMATUUR_HELIPANELLICHT-G;0.18;190;192;190;190;252;CONTINUOUS;0.35;190;192;190;190;190;CONTINUOUS;0.35;190;192;190;190;190;V-CONTINUOUS-SO;0.35;190;192;190;190;190;CONTINUOUS;;;4.0;Kleur 190 ipv 10 vanwege verschil met HS en MS;GEWIJZIGD;926;919;
ET_LS_SR_ARMATUUR_INVLIEGLICHT;*;-;**;-;KL;-;ET;_;LS;_;SR;_;ARMATUUR;_;INVLIEGLICHT;;;;;-;G;;;;;*-**-KL-ET_LS_SR_ARMATUUR_INVLIEGLICHT-G;0.18;190;192;190;190;252;CONTINUOUS;0.35;190;192;190;190;190;CONTINUOUS;0.35;190;192;190;190;190;V-CONTINUOUS-SO;0.35;190;192;190;190;190;CONTINUOUS;;;4.0;Kleur 190 ipv 10 vanwege verschil met HS en MS;GEWIJZIGD;927;919;
ET_LS_SR_ARMATUUR_INVLIEGLICHT_INBOUW;*;-;**;-;KL;-;ET;_;LS;_;SR;_;ARMATUUR;_;INVLIEGLICHT;_;INBOUW;;;-;G;;;;;*-**-KL-ET_LS_SR_ARMATUUR_INVLIEGLICHT_INBOUW-G;0.18;190;192;190;190;252;CONTINUOUS;0.35;190;192;190;190;190;CONTINUOUS;0.35;190;192;190;190;190;V-CONTINUOUS-SO;0.35;190;192;190;190;190;CONTINUOUS;;;4.0;Kleur 190 ipv 10 vanwege verschil met HS en MS;GEWIJZIGD;928;927;
ET_LS_SR_ARMATUUR_INVLIEGLICHT_OPBOUW;*;-;**;-;KL;-;ET;_;LS;_;SR;_;ARMATUUR;_;INVLIEGLICHT;_;OPBOUW;;;-;G;;;;;*-**-KL-ET_LS_SR_ARMATUUR_INVLIEGLICHT_OPBOUW-G;0.18;190;192;190;190;252;CONTINUOUS;0.35;190;192;190;190;190;CONTINUOUS;0.35;190;192;190;190;190;V-CONTINUOUS-SO;0.35;190;192;190;190;190;CONTINUOUS;;;4.0;Kleur 190 ipv 10 vanwege verschil met HS en MS;GEWIJZIGD;929;927;
ET_LS_SR_ARMATUUR_NADERINGSLICHT;*;-;**;-;KL;-;ET;_;LS;_;SR;_;ARMATUUR;_;NADERINGSLICHT;;;;;-;G;;;;;*-**-KL-ET_LS_SR_ARMATUUR_NADERINGSLICHT-G;0.18;190;192;190;190;252;CONTINUOUS;0.35;190;192;190;190;190;CONTINUOUS;0.35;190;192;190;190;190;V-CONTINUOUS-SO;0.35;190;192;190;190;190;CONTINUOUS;;;4.0;Kleur 190 ipv 10 vanwege verschil met HS en MS;GEWIJZIGD;930;919;
ET_LS_SR_ARMATUUR_NADERINGSLICHT_INBOUW;*;-;**;-;KL;-;ET;_;LS;_;SR;_;ARMATUUR;_;NADERINGSLICHT;_;INBOUW;;;-;G;;;;;*-**-KL-ET_LS_SR_ARMATUUR_NADERINGSLICHT_INBOUW-G;0.18;190;192;190;190;252;CONTINUOUS;0.35;190;192;190;190;190;CONTINUOUS;0.35;190;192;190;190;190;V-CONTINUOUS-SO;0.35;190;192;190;190;190;CONTINUOUS;;;4.0;Kleur 190 ipv 10 vanwege verschil met HS en MS;GEWIJZIGD;931;930;
ET_LS_SR_ARMATUUR_NADERINGSLICHT_OPBOUW;*;-;**;-;KL;-;ET;_;LS;_;SR;_;ARMATUUR;_;NADERINGSLICHT;_;OPBOUW;;;-;G;;;;;*-**-KL-ET_LS_SR_ARMATUUR_NADERINGSLICHT_OPBOUW-G;0.18;190;192;190;190;252;CONTINUOUS;0.35;190;192;190;190;190;CONTINUOUS;0.35;190;192;190;190;190;V-CONTINUOUS-SO;0.35;190;192;190;190;190;CONTINUOUS;;;4.0;Kleur 190 ipv 10 vanwege verschil met HS en MS;GEWIJZIGD;932;930;
ET_LS_SR_ARMATUUR_OVERRUNRANDLICHT;*;-;**;-;KL;-;ET;_;LS;_;SR;_;ARMATUUR;_;OVERRUNRANDLICHT;;;;;-;G;;;;;*-**-KL-ET_LS_SR_ARMATUUR_OVERRUNRANDLICHT-G;0.18;190;192;190;190;252;CONTINUOUS;0.35;190;192;190;190;190;CONTINUOUS;0.35;190;192;190;190;190;V-CONTINUOUS-SO;0.35;190;192;190;190;190;CONTINUOUS;;;4.0;Kleur 190 ipv 10 vanwege verschil met HS en MS;GEWIJZIGD;933;919;
ET_LS_SR_ARMATUUR_OVERRUNRANDLICHT_INBOUW;*;-;**;-;KL;-;ET;_;LS;_;SR;_;ARMATUUR;_;OVERRUNRANDLICHT;_;INBOUW;;;-;G;;;;;*-**-KL-ET_LS_SR_ARMATUUR_OVERRUNRANDLICHT_INBOUW-G;0.18;190;192;190;190;252;CONTINUOUS;0.35;190;192;190;190;190;CONTINUOUS;0.35;190;192;190;190;190;V-CONTINUOUS-SO;0.35;190;192;190;190;190;CONTINUOUS;;;4.0;Kleur 190 ipv 10 vanwege verschil met HS en MS;GEWIJZIGD;934;933;
ET_LS_SR_ARMATUUR_OVERRUNRANDLICHT_OPBOUW;*;-;**;-;KL;-;ET;_;LS;_;SR;_;ARMATUUR;_;OVERRUNRANDLICHT;_;OPBOUW;;;-;G;;;;;*-**-KL-ET_LS_SR_ARMATUUR_OVERRUNRANDLICHT_OPBOUW-G;0.18;190;192;190;190;252;CONTINUOUS;0.35;190;192;190;190;190;CONTINUOUS;0.35;190;192;190;190;190;V-CONTINUOUS-SO;0.35;190;192;190;190;190;CONTINUOUS;;;4.0;Kleur 190 ipv 10 vanwege verschil met HS en MS;GEWIJZIGD;935;933;
ET_LS_SR_ARMATUUR_PAPLICHT;*;-;**;-;KL;-;ET;_;LS;_;SR;_;ARMATUUR;_;PAPLICHT;;;;;-;G;;;;;*-**-KL-ET_LS_SR_ARMATUUR_PAPLICHT-G;0.18;190;192;190;190;252;CONTINUOUS;0.35;190;192;190;190;190;CONTINUOUS;0.35;190;192;190;190;190;V-CONTINUOUS-SO;0.35;190;192;190;190;190;CONTINUOUS;;;4.0;Kleur 190 ipv 10 vanwege verschil met HS en MS;GEWIJZIGD;936;919;
ET_LS_SR_ARMATUUR_PLATFORMLICHT;*;-;**;-;KL;-;ET;_;LS;_;SR;_;ARMATUUR;_;PLATFORMLICHT;;;;;-;G;;;;;*-**-KL-ET_LS_SR_ARMATUUR_PLATFORMLICHT-G;0.18;190;192;190;190;252;CONTINUOUS;0.35;190;192;190;190;190;CONTINUOUS;0.35;190;192;190;190;190;V-CONTINUOUS-SO;0.35;190;192;190;190;190;CONTINUOUS;;;4.0;Kleur 190 ipv 10 vanwege verschil met HS en MS;GEWIJZIGD;937;919;
ET_LS_SR_ARMATUUR_ROLBAANLICHT;*;-;**;-;KL;-;ET;_;LS;_;SR;_;ARMATUUR;_;ROLBAANLICHT;;;;;-;G;;;;;*-**-KL-ET_LS_SR_ARMATUUR_ROLBAANLICHT-G;0.18;190;192;190;190;252;CONTINUOUS;0.35;190;192;190;190;190;CONTINUOUS;0.35;190;192;190;190;190;V-CONTINUOUS-SO;0.35;190;192;190;190;190;CONTINUOUS;;;4.0;Kleur 190 ipv 10 vanwege verschil met HS en MS;GEWIJZIGD;938;919;
ET_LS_SR_ARMATUUR_ROLBAANLICHT_INBOUW;*;-;**;-;KL;-;ET;_;LS;_;SR;_;ARMATUUR;_;ROLBAANLICHT;_;INBOUW;;;-;G;;;;;*-**-KL-ET_LS_SR_ARMATUUR_ROLBAANLICHT_INBOUW-G;0.18;190;192;190;190;252;CONTINUOUS;0.35;190;192;190;190;190;CONTINUOUS;0.35;190;192;190;190;190;V-CONTINUOUS-SO;0.35;190;192;190;190;190;CONTINUOUS;;;4.0;Kleur 190 ipv 10 vanwege verschil met HS en MS;GEWIJZIGD;939;938;
ET_LS_SR_ARMATUUR_ROLBAANLICHT_OPBOUW;*;-;**;-;KL;-;ET;_;LS;_;SR;_;ARMATUUR;_;ROLBAANLICHT;_;OPBOUW;;;-;G;;;;;*-**-KL-ET_LS_SR_ARMATUUR_ROLBAANLICHT_OPBOUW-G;0.18;190;192;190;190;252;CONTINUOUS;0.35;190;192;190;190;190;CONTINUOUS;0.35;190;192;190;190;190;V-CONTINUOUS-SO;0.35;190;192;190;190;190;CONTINUOUS;;;4.0;Kleur 190 ipv 10 vanwege verschil met HS en MS;GEWIJZIGD;940;938;
ET_LS_SR_ARMATUUR_STARTBAANLICHT;*;-;**;-;KL;-;ET;_;LS;_;SR;_;ARMATUUR;_;STARTBAANLICHT;;;;;-;G;;;;;*-**-KL-ET_LS_SR_ARMATUUR_STARTBAANLICHT-G;0.18;190;192;190;190;252;CONTINUOUS;0.35;190;192;190;190;190;CONTINUOUS;0.35;190;192;190;190;190;V-CONTINUOUS-SO;0.35;190;192;190;190;190;CONTINUOUS;;;4.0;Kleur 190 ipv 10 vanwege verschil met HS en MS;GEWIJZIGD;941;919;
ET_LS_SR_ARMATUUR_STARTBAANLICHT_INBOUW;*;-;**;-;KL;-;ET;_;LS;_;SR;_;ARMATUUR;_;STARTBAANLICHT;_;INBOUW;;;-;G;;;;;*-**-KL-ET_LS_SR_ARMATUUR_STARTBAANLICHT_INBOUW-G;0.18;190;192;190;190;252;CONTINUOUS;0.35;190;192;190;190;190;CONTINUOUS;0.35;190;192;190;190;190;V-CONTINUOUS-SO;0.35;190;192;190;190;190;CONTINUOUS;;;4.0;Kleur 190 ipv 10 vanwege verschil met HS en MS;GEWIJZIGD;942;941;
ET_LS_SR_ARMATUUR_STARTBAANLICHT_OPBOUW;*;-;**;-;KL;-;ET;_;LS;_;SR;_;ARMATUUR;_;STARTBAANLICHT;_;OPBOUW;;;-;G;;;;;*-**-KL-ET_LS_SR_ARMATUUR_STARTBAANLICHT_OPBOUW-G;0.18;190;192;190;190;252;CONTINUOUS;0.35;190;192;190;190;190;CONTINUOUS;0.35;190;192;190;190;190;V-CONTINUOUS-SO;0.35;190;192;190;190;190;CONTINUOUS;;;4.0;Kleur 190 ipv 10 vanwege verschil met HS en MS;GEWIJZIGD;943;941;
ET_LS_SR_BORD;*;-;**;-;KL;-;ET;_;LS;_;SR;_;BORD;;;;;;;-;G;;;;;*-**-KL-ET_LS_SR_BORD-G;0.18;190;192;190;190;252;CONTINUOUS;0.35;190;192;190;190;190;CONTINUOUS;0.35;190;192;190;190;190;V-CONTINUOUS-SO;0.35;190;192;190;190;190;CONTINUOUS;;;4.0;Kleur 190 ipv 10 vanwege verschil met HS en MS;GEWIJZIGD;944;918;
ET_LS_SR_BORD_AFSTANDMARKERINGSBORD;*;-;**;-;KL;-;ET;_;LS;_;SR;_;BORD;_;AFSTANDMARKERINGSBORD;;;;;-;G;;;;;*-**-KL-ET_LS_SR_BORD_AFSTANDMARKERINGSBORD-G;0.18;190;192;190;190;252;CONTINUOUS;0.35;190;192;190;190;190;CONTINUOUS;0.35;190;192;190;190;190;V-CONTINUOUS-SO;0.35;190;192;190;190;190;CONTINUOUS;;;4.0;Kleur 190 ipv 10 vanwege verschil met HS en MS;GEWIJZIGD;945;944;
ET_LS_SR_BORD_ARRISTOGEARBORD;*;-;**;-;KL;-;ET;_;LS;_;SR;_;BORD;_;ARRISTOGEARBORD;;;;;-;G;;;;;*-**-KL-ET_LS_SR_BORD_ARRISTOGEARBORD-G;0.18;190;192;190;190;252;CONTINUOUS;0.35;190;192;190;190;190;CONTINUOUS;0.35;190;192;190;190;190;V-CONTINUOUS-SO;0.35;190;192;190;190;190;CONTINUOUS;;;4.0;Kleur 190 ipv 10 vanwege verschil met HS en MS;GEWIJZIGD;946;944;
ET_LS_SR_BORD_HOOKBORD;*;-;**;-;KL;-;ET;_;LS;_;SR;_;BORD;_;HOOKBORD;;;;;-;G;;;;;*-**-KL-ET_LS_SR_BORD_HOOKBORD-G;0.18;190;192;190;190;252;CONTINUOUS;0.35;190;192;190;190;190;CONTINUOUS;0.35;190;192;190;190;190;V-CONTINUOUS-SO;0.35;190;192;190;190;190;CONTINUOUS;;;4.0;Kleur 190 ipv 10 vanwege verschil met HS en MS;GEWIJZIGD;947;944;
ET_LS_SR_BORD_INFOBORD;*;-;**;-;KL;-;ET;_;LS;_;SR;_;BORD;_;INFOBORD;;;;;-;G;;;;;*-**-KL-ET_LS_SR_BORD_INFOBORD-G;0.18;190;192;190;190;252;CONTINUOUS;0.35;190;192;190;190;190;CONTINUOUS;0.35;190;192;190;190;190;V-CONTINUOUS-SO;0.35;190;192;190;190;190;CONTINUOUS;;;4.0;Kleur 190 ipv 10 vanwege verschil met HS en MS;GEWIJZIGD;948;944;
ET_LS_SR_HULPSTUK;*;-;**;-;KL;-;ET;_;LS;_;SR;_;HULPSTUK;;;;;;;-;G;;;;;*-**-KL-ET_LS_SR_HULPSTUK-G;0.18;190;192;190;190;252;CONTINUOUS;0.35;190;192;190;190;190;CONTINUOUS;0.35;190;192;190;190;190;V-CONTINUOUS-SO;0.35;190;192;190;190;190;CONTINUOUS;;;4.0;Kleur 190 ipv 10 vanwege verschil met HS en MS;GEWIJZIGD;949;918;
ET_LS_SR_HULPSTUK_AANSLUITPUNT;*;-;**;-;KL;-;ET;_;LS;_;SR;_;HULPSTUK;_;AANSLUITPUNT;;;;;-;G;;;;;*-**-KL-ET_LS_SR_HULPSTUK_AANSLUITPUNT-G;0.18;190;192;190;190;252;CONTINUOUS;0.35;190;192;190;190;190;CONTINUOUS;0.35;190;192;190;190;190;V-CONTINUOUS-SO;0.35;190;192;190;190;190;CONTINUOUS;;;4.0;Kleur 190 ipv 10 vanwege verschil met HS en MS;GEWIJZIGD;950;949;
ET_LS_SR_HULPSTUK_MOF;*;-;**;-;KL;-;ET;_;LS;_;SR;_;HULPSTUK;_;MOF;;;;;-;G;;;;;*-**-KL-ET_LS_SR_HULPSTUK_MOF-G;0.18;190;192;190;190;252;CONTINUOUS;0.35;190;192;190;190;190;CONTINUOUS;0.35;190;192;190;190;190;V-CONTINUOUS-SO;0.35;190;192;190;190;190;CONTINUOUS;;;4.0;Kleur 190 ipv 10 vanwege verschil met HS en MS;GEWIJZIGD;951;949;
ET_LS_SR_HULPSTUK_OVERIG;*;-;**;-;KL;-;ET;_;LS;_;SR;_;HULPSTUK;_;OVERIG;;;;;-;G;;;;;*-**-KL-ET_LS_SR_HULPSTUK_OVERIG-G;0.18;10;12;10;10;252;CONTINUOUS;0.35;10;12;10;10;252;CONTINUOUS;0.35;10;12;10;10;252;V-CONTINUOUS-SO;0.35;10;12;10;10;252;CONTINUOUS;;;3.1;;VERVALLEN;952;949;
ET_LS_SR_KAST;*;-;**;-;KL;-;ET;_;LS;_;SR;_;KAST;;;;;;;-;G/S;;;;SKL-ET_TERREINKAST;*-**-KL-ET_LS_SR_KAST-G/S;0.18;190;192;190;190;252;CONTINUOUS;0.35;190;192;190;190;190;CONTINUOUS;0.35;190;192;190;190;190;V-CONTINUOUS-SO;0.35;190;192;190;190;190;CONTINUOUS;;;4.0;Kleur 190 ipv 10 vanwege verschil met HS en MS;GEWIJZIGD;953;918;
ET_LS_SR_KAST_PUTKAST;*;-;**;-;KL;-;ET;_;LS;_;SR;_;KAST;_;PUTKAST;;;;;-;G;;;;;*-**-KL-ET_LS_SR_KAST_PUTKAST-G;0.18;190;192;190;190;252;CONTINUOUS;0.35;190;192;190;190;190;CONTINUOUS;0.35;190;192;190;190;190;V-CONTINUOUS-SO;0.35;190;192;190;190;190;CONTINUOUS;;;4.0;Kleur 190 ipv 10 vanwege verschil met HS en MS;GEWIJZIGD;954;953;
ET_LS_SR_MANTELBUIS;*;-;**;-;KL;-;ET;_;LS;_;SR;_;MANTELBUIS;;;;;;;-;G;;;;;*-**-KL-ET_LS_SR_MANTELBUIS-G;0.18;190;192;190;190;252;CONTINUOUS;0.35;190;192;190;190;190;CONTINUOUS;0.35;190;192;190;190;190;V-CONTINUOUS-SO;0.35;190;192;190;190;190;CONTINUOUS;;;4.0;Kleur 190 ipv 10 vanwege verschil met HS en MS;GEWIJZIGD;955;918;
ET_LS_SR_OVERIG;*;-;**;-;KL;-;ET;_;LS;_;SR;_;OVERIG;;;;;;;-;G;;;;;*-**-KL-ET_LS_SR_OVERIG-G;0.18;10;12;10;10;252;CONTINUOUS;0.35;10;12;10;10;252;CONTINUOUS;0.35;10;12;10;10;252;V-CONTINUOUS-SO;0.35;10;12;10;10;252;CONTINUOUS;;;3.1;;VERVALLEN;956;918;
ET_LS_SR_PUT;*;-;**;-;KL;-;ET;_;LS;_;SR;_;PUT;;;;;;;-;G;;;;;*-**-KL-ET_LS_SR_PUT-G;0.18;190;192;190;190;252;CONTINUOUS;0.35;190;192;190;190;190;CONTINUOUS;0.35;190;192;190;190;190;V-CONTINUOUS-SO;0.35;190;192;190;190;190;CONTINUOUS;;;4.0;Kleur 190 ipv 10 vanwege verschil met HS en MS;GEWIJZIGD;957;918;
ET_LS_SR_TRAFO;*;-;**;-;KL;-;ET;_;LS;_;SR;_;TRAFO;;;;;;;-;G;;;;;*-**-KL-ET_LS_SR_TRAFO-G;0.18;190;192;190;190;252;CONTINUOUS;0.35;190;192;190;190;190;CONTINUOUS;0.35;190;192;190;190;190;V-CONTINUOUS-SO;0.35;190;192;190;190;190;CONTINUOUS;;;4.0;Kleur 190 ipv 10 vanwege verschil met HS en MS;GEWIJZIGD;958;918;
ET_LS_VERDEELKAST;*;-;**;-;KL;-;ET;_;LS;_;VERDEELKAST;;;;;;;;;-;G;;;;;*-**-KL-ET_LS_VERDEELKAST-G;0.18;190;192;190;190;252;CONTINUOUS;0.35;190;192;190;190;190;CONTINUOUS;0.35;190;192;190;190;190;V-CONTINUOUS-SO;0.35;190;192;190;190;190;CONTINUOUS;;;4.0;Kleur 190 ipv 10 vanwege verschil met HS en MS;GEWIJZIGD;959;878;
ET_LS_VOEDINGKAST;*;-;**;-;KL;-;ET;_;LS;_;VOEDINGKAST;;;;;;;;;-;G;;;;;*-**-KL-ET_LS_VOEDINGKAST-G;0.18;190;192;190;190;252;CONTINUOUS;0.35;190;192;190;190;190;CONTINUOUS;0.35;190;192;190;190;190;V-CONTINUOUS-SO;0.35;190;192;190;190;190;CONTINUOUS;;;4.0;Kleur 190 ipv 10 vanwege verschil met HS en MS;GEWIJZIGD;960;878;
ET_LS_VOEDINGSKABEL;*;-;**;-;KL;-;ET;_;LS;_;VOEDINGSKABEL;;;;;;;;;-;G;;;;;*-**-KL-ET_LS_VOEDINGSKABEL-G;0.18;190;192;190;190;252;KL-LS-SO;0.35;190;192;190;190;190;KL-LS-SO;0.35;190;192;190;190;190;V-KL-LS-SO;0.35;190;192;190;190;190;KL-LS-SO;;;4.0;Kleur 190 ipv 10 vanwege verschil met HS en MS;GEWIJZIGD;961;878;
ET_LS_VOEDINGSKABEL_AGGREGAAT;*;-;**;-;KL;-;ET;_;LS;_;VOEDINGSKABEL;_;AGGREGAAT;;;;;;;-;G;;;;;*-**-KL-ET_LS_VOEDINGSKABEL_AGGREGAAT-G;0.18;190;192;190;190;252;CONTINUOUS;0.35;190;192;190;190;190;CONTINUOUS;0.35;190;192;190;190;190;V-CONTINUOUS-SO;0.35;190;192;190;190;190;CONTINUOUS;;;4.0;Kleur 190 ipv 10 vanwege verschil met HS en MS;GEWIJZIGD;962;961;
ET_LS_VOEDINGSKABEL_GEBOUW;*;-;**;-;KL;-;ET;_;LS;_;VOEDINGSKABEL;_;GEBOUW;;;;;;;-;G;;;;;*-**-KL-ET_LS_VOEDINGSKABEL_GEBOUW-G;0.18;190;192;190;190;252;CONTINUOUS;0.35;190;192;190;190;190;CONTINUOUS;0.35;190;192;190;190;190;V-CONTINUOUS-SO;0.35;190;192;190;190;190;CONTINUOUS;;;4.0;Kleur 190 ipv 10 vanwege verschil met HS en MS;GEWIJZIGD;963;961;
ET_LS_VOEDINGSKABEL_KABELROL;*;-;**;-;KL;-;ET;_;LS;_;VOEDINGSKABEL;_;KABELROL;;;;;;;-;G/S;;;;SKL-ET_KABELROL;*-**-KL-ET_LS_VOEDINGSKABEL_KABELROL-G/S;0.18;190;192;190;190;252;CONTINUOUS;0.35;190;192;190;190;190;CONTINUOUS;0.35;190;192;190;190;190;V-CONTINUOUS-SO;0.35;190;192;190;190;190;CONTINUOUS;;;4.0;Kleur 190 ipv 10 vanwege verschil met HS en MS;GEWIJZIGD;964;961;
ET_LS_VOEDINGSKABEL_OVERIG;*;-;**;-;KL;-;ET;_;LS;_;VOEDINGSKABEL;_;OVERIG;;;;;;;-;G;;;;;*-**-KL-ET_LS_VOEDINGSKABEL_OVERIG-G;0.18;10;12;10;10;252;CONTINUOUS;0.35;10;12;10;10;252;CONTINUOUS;0.35;10;12;10;10;252;V-CONTINUOUS-SO;0.35;10;12;10;10;252;CONTINUOUS;;;3.1;;VERVALLEN;965;961;
ET_LS_VOEDINGSKABEL_POMP;*;-;**;-;KL;-;ET;_;LS;_;VOEDINGSKABEL;_;POMP;;;;;;;-;G;;;;;*-**-KL-ET_LS_VOEDINGSKABEL_POMP-G;0.18;190;192;190;190;252;CONTINUOUS;0.35;190;192;190;190;190;CONTINUOUS;0.35;190;192;190;190;190;V-CONTINUOUS-SO;0.35;190;192;190;190;190;CONTINUOUS;;;4.0;Kleur 190 ipv 10 vanwege verschil met HS en MS;GEWIJZIGD;966;961;
ET_LS_VOEDINGSKABEL_POORT;*;-;**;-;KL;-;ET;_;LS;_;VOEDINGSKABEL;_;POORT;;;;;;;-;G;;;;;*-**-KL-ET_LS_VOEDINGSKABEL_POORT-G;0.18;190;192;190;190;252;CONTINUOUS;0.35;190;192;190;190;190;CONTINUOUS;0.35;190;192;190;190;190;V-CONTINUOUS-SO;0.35;190;192;190;190;190;CONTINUOUS;;;4.0;Kleur 190 ipv 10 vanwege verschil met HS en MS;GEWIJZIGD;967;961;
ET_MANTELBUIS;*;-;**;-;KL;-;ET;_;MANTELBUIS;;;;;;;;;;;-;G;;;;;*-**-KL-ET_MANTELBUIS-G;0.18;10;12;10;10;252;CONTINUOUS;0.35;10;12;10;10;252;CONTINUOUS;0.35;10;12;10;10;252;V-CONTINUOUS-SO;0.35;10;12;10;10;252;CONTINUOUS;;;2.5;;;969;840;
ET_MANTELBUIS_PE;*;-;**;-;KL;-;ET;_;MANTELBUIS;_;PE;;;;;;;;;-;G;;;;;*-**-KL-ET_MANTELBUIS_PE-G;0.18;10;12;10;10;252;CONTINUOUS;0.35;10;12;10;10;252;CONTINUOUS;0.35;10;12;10;10;252;V-CONTINUOUS-SO;0.35;10;12;10;10;252;CONTINUOUS;;;2.5;;;970;969;
ET_MANTELBUIS_PVC;*;-;**;-;KL;-;ET;_;MANTELBUIS;_;PVC;;;;;;;;;-;G;;;;;*-**-KL-ET_MANTELBUIS_PVC-G;0.18;10;12;10;10;252;CONTINUOUS;0.35;10;12;10;10;252;CONTINUOUS;0.35;10;12;10;10;252;V-CONTINUOUS-SO;0.35;10;12;10;10;252;CONTINUOUS;;;2.5;;;971;969;
ET_MANTELBUIS_STAAL;*;-;**;-;KL;-;ET;_;MANTELBUIS;_;STAAL;;;;;;;;;-;G;;;;;*-**-KL-ET_MANTELBUIS_STAAL-G;0.18;10;12;10;10;252;CONTINUOUS;0.35;10;12;10;10;252;CONTINUOUS;0.35;10;12;10;10;252;V-CONTINUOUS-SO;0.35;10;12;10;10;252;CONTINUOUS;;;2.5;;;972;969;
ET_MS;*;-;**;-;KL;-;ET;_;MS;;;;;;;;;;;-;G;;;;;*-**-KL-ET_MS-G;0.18;130;132;130;130;252;KL-MS-SO;0.35;130;132;130;130;252;KL-MS-SO;0.35;130;132;130;130;252;V-KL-MS-SO;0.35;130;132;130;130;252;KL-MS-SO;;;4.0;Kleur 130 ipv 10 vanwege verschil met HS en LS;GEWIJZIGD;973;840;
ET_MS_04 kV;*;-;**;-;KL;-;ET;_;MS;_;04 kV;;;;;;;;;-;G;;;;;*-**-KL-ET_MS_04 kV-G;0.18;130;132;130;130;252;KL-MS-SO;0.35;130;132;130;130;252;KL-MS-SO;0.35;130;132;130;130;252;V-KL-MS-SO;0.35;130;132;130;130;252;KL-MS-SO;;;4.0;Kleur 130 ipv 10 vanwege verschil met HS en LS;GEWIJZIGD;974;973;
ET_MS_10 kV;*;-;**;-;KL;-;ET;_;MS;_;10 kV;;;;;;;;;-;G;;;;;*-**-KL-ET_MS_10 kV-G;0.18;130;132;130;130;252;KL-MS-SO;0.35;130;132;130;130;252;KL-MS-SO;0.35;130;132;130;130;252;V-KL-MS-SO;0.35;130;132;130;130;252;KL-MS-SO;;;4.0;Kleur 130 ipv 10 vanwege verschil met HS en LS;GEWIJZIGD;975;973;
ET_MS_30 kV;*;-;**;-;KL;-;ET;_;MS;_;30 kV;;;;;;;;;-;G;;;;;*-**-KL-ET_MS_30 kV-G;0.18;130;132;130;130;252;KL-MS-SO;0.35;130;132;130;130;252;KL-MS-SO;0.35;130;132;130;130;252;V-KL-MS-SO;0.35;130;132;130;130;252;KL-MS-SO;;;4.0;Kleur 130 ipv 10 vanwege verschil met HS en LS;GEWIJZIGD;976;973;
ET_MS_HULPSTUK;*;-;**;-;KL;-;ET;_;MS;_;HULPSTUK;;;;;;;;;-;G/S;;;;SKL-ET_HULP;*-**-KL-ET_MS_HULPSTUK-G/S;0.18;130;132;130;130;252;CONTINUOUS;0.35;130;132;130;130;252;CONTINUOUS;0.35;130;132;130;130;252;V-CONTINUOUS-SO;0.35;130;132;130;130;252;CONTINUOUS;;;4.0;Kleur 130 ipv 10 vanwege verschil met HS en LS;GEWIJZIGD;977;973;
ET_MS_HULPSTUK_AANSLUITPUNT;*;-;**;-;KL;-;ET;_;MS;_;HULPSTUK;_;AANSLUITPUNT;;;;;;;-;G;;;;;*-**-KL-ET_MS_HULPSTUK_AANSLUITPUNT-G;0.18;130;132;130;130;252;CONTINUOUS;0.35;130;132;130;130;252;CONTINUOUS;0.35;130;132;130;130;252;V-CONTINUOUS-SO;0.35;130;132;130;130;252;CONTINUOUS;;;4.0;Kleur 130 ipv 10 vanwege verschil met HS en LS;GEWIJZIGD;978;977;
ET_MS_HULPSTUK_MOF;*;-;**;-;KL;-;ET;_;MS;_;HULPSTUK;_;MOF;;;;;;;-;G;;;;;*-**-KL-ET_MS_HULPSTUK_MOF-G;0.18;130;132;130;130;252;CONTINUOUS;0.35;130;132;130;130;252;CONTINUOUS;0.35;130;132;130;130;252;V-CONTINUOUS-SO;0.35;130;132;130;130;252;CONTINUOUS;;;4.0;Kleur 130 ipv 10 vanwege verschil met HS en LS;GEWIJZIGD;979;977;
ET_MS_HULPSTUK_OVERIG;*;-;**;-;KL;-;ET;_;MS;_;HULPSTUK;_;OVERIG;;;;;;;-;G;;;;;*-**-KL-ET_MS_HULPSTUK_OVERIG-G;0.18;10;12;10;10;252;CONTINUOUS;0.35;10;12;10;10;252;CONTINUOUS;0.35;10;12;10;10;252;V-CONTINUOUS-SO;0.35;10;12;10;10;252;CONTINUOUS;;;3.1;;VERVALLEN;980;977;
ET_MS_KABELROL;*;-;**;-;KL;-;ET;_;MS;_;KABELROL;;;;;;;;;-;G/S;;;;SKL-ET_KABELROL;*-**-KL-ET_MS_KABELROL-G/S;0.18;130;132;130;130;252;CONTINUOUS;0.35;130;132;130;130;252;CONTINUOUS;0.35;130;132;130;130;252;V-CONTINUOUS-SO;0.35;130;132;130;130;252;CONTINUOUS;;;4.0;Kleur 130 ipv 10 vanwege verschil met HS en LS;GEWIJZIGD;981;973;
ET_MS_MANTELBUIS;*;-;**;-;KL;-;ET;_;MS;_;MANTELBUIS;;;;;;;;;-;G;;;;;*-**-KL-ET_MS_MANTELBUIS-G;0.18;130;132;130;130;252;CONTINUOUS;0.35;130;132;130;130;252;CONTINUOUS;0.35;130;132;130;130;252;V-CONTINUOUS-SO;0.35;130;132;130;130;252;CONTINUOUS;;;4.0;Kleur 130 ipv 10 vanwege verschil met HS en LS;GEWIJZIGD;982;973;
ET_MS_OVERIG;*;-;**;-;KL;-;ET;_;MS;_;OVERIG;;;;;;;;;-;G;;;;;*-**-KL-ET_MS_OVERIG-G;0.18;10;12;10;10;252;CONTINUOUS;0.35;10;12;10;10;252;CONTINUOUS;0.35;10;12;10;10;252;V-CONTINUOUS-SO;0.35;10;12;10;10;252;CONTINUOUS;;;3.1;;VERVALLEN;983;973;
ET_MS_TRANSFORMATORSTATION;*;-;**;-;KL;-;ET;_;MS;_;TRANSFORMATORSTATION;;;;;;;;;-;G/S;;;;SKL-ET_TRANSFORMATORSTATION;*-**-KL-ET_MS_TRANSFORMATORSTATION-G/S;0.18;130;132;130;130;252;CONTINUOUS;0.35;130;132;130;130;252;CONTINUOUS;0.35;130;132;130;130;252;V-CONTINUOUS-SO;0.35;130;132;130;130;252;CONTINUOUS;;;4.0;Kleur 130 ipv 10 vanwege verschil met HS en LS;GEWIJZIGD;984;973;
ET_OVERIG;*;-;**;-;KL;-;ET;_;OVERIG;;;;;;;;;;;-;G;;;;;*-**-KL-ET_OVERIG-G;0.18;10;12;10;10;252;CONTINUOUS;0.35;10;12;10;10;252;CONTINUOUS;0.35;10;12;10;10;252;V-CONTINUOUS-SO;0.35;10;12;10;10;252;CONTINUOUS;;;3.1;;VERVALLEN;985;840;
ET_ZHS;*;-;**;-;KL;-;ET;_;ZHS;;;;;;;;;;;-;G;;;;;*-**-KL-ET_ZHS-G;0.18;10;12;10;10;252;KL-ZHS-SO;0.35;10;12;10;10;252;KL-ZHS-SO;0.35;10;12;10;10;252;V-KL-ZHS-SO;0.35;10;12;10;10;252;KL-ZHS-SO;;;2.3;;;986;840;
ET_ZHS_110 kV;*;-;**;-;KL;-;ET;_;ZHS;_;110 kV;;;;;;;;;-;G;;;;;*-**-KL-ET_ZHS_110 kV-G;0.18;10;12;10;10;252;KL-ZHS-SO;0.35;10;12;10;10;252;KL-ZHS-SO;0.35;10;12;10;10;252;V-KL-ZHS-SO;0.35;10;12;10;10;252;KL-ZHS-SO;;;2.3;;;987;986;
ET_ZHS_380 kV;*;-;**;-;KL;-;ET;_;ZHS;_;380 kV;;;;;;;;;-;G;;;;;*-**-KL-ET_ZHS_380 kV-G;0.18;10;12;10;10;252;KL-ZHS-SO;0.35;10;12;10;10;252;KL-ZHS-SO;0.35;10;12;10;10;252;V-KL-ZHS-SO;0.35;10;12;10;10;252;KL-ZHS-SO;;;2.3;;;988;986;
ET_ZHS_HOOGSPANNINGSMAST;*;-;**;-;KL;-;ET;_;ZHS;_;HOOGSPANNINGSMAST;;;;;;;;;-;G;;;;;*-**-KL-ET_ZHS_HOOGSPANNINGSMAST-G;0.18;10;12;10;10;252;CONTINUOUS;0.35;10;12;10;10;252;CONTINUOUS;0.35;10;12;10;10;252;V-CONTINUOUS-SO;0.35;10;12;10;10;252;CONTINUOUS;;;3.0;;NIEUW;995;986;
ET_ZHS_HULPSTUK;*;-;**;-;KL;-;ET;_;ZHS;_;HULPSTUK;;;;;;;;;-;G/S;;;;SKL-ET_HULP;*-**-KL-ET_ZHS_HULPSTUK-G/S;0.18;10;12;10;10;252;CONTINUOUS;0.35;10;12;10;10;252;CONTINUOUS;0.35;10;12;10;10;252;V-CONTINUOUS-SO;0.35;10;12;10;10;252;CONTINUOUS;;;2.3;;;989;986;
ET_ZHS_HULPSTUK_AANSLUITPUNT;*;-;**;-;KL;-;ET;_;ZHS;_;HULPSTUK;_;AANSLUITPUNT;;;;;;;-;G;;;;;*-**-KL-ET_ZHS_HULPSTUK_AANSLUITPUNT-G;0.18;10;12;10;10;252;CONTINUOUS;0.35;10;12;10;10;252;CONTINUOUS;0.35;10;12;10;10;252;V-CONTINUOUS-SO;0.35;10;12;10;10;252;CONTINUOUS;;;2.3;;;990;989;
ET_ZHS_HULPSTUK_MOF;*;-;**;-;KL;-;ET;_;ZHS;_;HULPSTUK;_;MOF;;;;;;;-;G;;;;;*-**-KL-ET_ZHS_HULPSTUK_MOF-G;0.18;10;12;10;10;252;CONTINUOUS;0.35;10;12;10;10;252;CONTINUOUS;0.35;10;12;10;10;252;V-CONTINUOUS-SO;0.35;10;12;10;10;252;CONTINUOUS;;;2.3;;;991;989;
ET_ZHS_HULPSTUK_OVERIG;*;-;**;-;KL;-;ET;_;ZHS;_;HULPSTUK;_;OVERIG;;;;;;;-;G;;;;;*-**-KL-ET_ZHS_HULPSTUK_OVERIG-G;0.18;10;12;10;10;252;CONTINUOUS;0.35;10;12;10;10;252;CONTINUOUS;0.35;10;12;10;10;252;V-CONTINUOUS-SO;0.35;10;12;10;10;252;CONTINUOUS;;;3.1;;VERVALLEN;992;989;
ET_ZHS_KABELROL;*;-;**;-;KL;-;ET;_;ZHS;_;KABELROL;;;;;;;;;-;G/S;;;;SKL-ET_KABELROL;*-**-KL-ET_ZHS_KABELROL-G/S;0.18;10;12;10;10;252;CONTINUOUS;0.35;10;12;10;10;252;CONTINUOUS;0.35;10;12;10;10;252;V-CONTINUOUS-SO;0.35;10;12;10;10;252;CONTINUOUS;;;2.3;;;993;986;
ET_ZHS_MANTELBUIS;*;-;**;-;KL;-;ET;_;ZHS;_;MANTELBUIS;;;;;;;;;-;G;;;;;*-**-KL-ET_ZHS_MANTELBUIS-G;0.18;10;12;10;10;252;CONTINUOUS;0.35;10;12;10;10;252;CONTINUOUS;0.35;10;12;10;10;252;V-CONTINUOUS-SO;0.35;10;12;10;10;252;CONTINUOUS;;;2.5;;;994;986;
ET_ZHS_OVERIG;*;-;**;-;KL;-;ET;_;ZHS;_;OVERIG;;;;;;;;;-;G;;;;;*-**-KL-ET_ZHS_OVERIG-G;0.18;10;12;10;10;252;CONTINUOUS;0.35;10;12;10;10;252;CONTINUOUS;0.35;10;12;10;10;252;V-CONTINUOUS-SO;0.35;10;12;10;10;252;CONTINUOUS;;;3.1;;VERVALLEN;997;986;
ET_ZHS_TRANSFORMATORSTATION;*;-;**;-;KL;-;ET;_;ZHS;_;TRANSFORMATORSTATION;;;;;;;;;-;G/S;;;;SKL-ET_TRANSFORMATORSTATION;*-**-KL-ET_ZHS_TRANSFORMATORSTATION-G/S;0.18;10;12;10;10;252;CONTINUOUS;0.35;10;12;10;10;252;CONTINUOUS;0.35;10;12;10;10;252;V-CONTINUOUS-SO;0.35;10;12;10;10;252;CONTINUOUS;;;2.3;;;996;986;
FILEMELDSYSTEEM;*;-;**;-;KL;-;FILEMELDSYSTEEM;;;;;;;;;;;;;-;G;;;;;*-**-KL-FILEMELDSYSTEEM-G;0.18;240;242;240;240;253;CONTINUOUS;0.35;240;242;240;240;253;CONTINUOUS;0.35;240;242;240;240;253;V-CONTINUOUS-SO;0.35;240;242;240;240;253;CONTINUOUS;;;3.0;;NIEUW;1402;0;
FILEMELDSYSTEEM_KABEL;*;-;**;-;KL;-;FILEMELDSYSTEEM;_;KABEL;;;;;;;;;;;-;G;;;;;*-**-KL-FILEMELDSYSTEEM_KABEL-G;0.18;240;242;240;240;253;CONTINUOUS;0.35;240;242;240;240;253;CONTINUOUS;0.35;240;242;240;240;253;V-CONTINUOUS-SO;0.35;240;242;240;240;253;CONTINUOUS;;;3.0;;NIEUW;1403;1402;
GAS;*;-;**;-;KL;-;GAS;;;;;;;;;;;;;-;G;;;;;*-**-KL-GAS-G;0.18;30;32;30;30;252;KL-GAS_AL-SO;0.35;30;32;30;30;252;KL-GAS_AL-SO;0.35;30;32;30;30;252;V-KL-GAS_AL-SO;0.35;30;32;30;30;252;KL-GAS_AL-SO;;;2.3;;;998;0;
GAS_HD;*;-;**;-;KL;-;GAS;_;HD;;;;;;;;;;;-;G;;;;;*-**-KL-GAS_HD-G;0.18;30;32;30;30;252;KL-GAS_HD-SO;0.35;30;32;30;30;252;KL-GAS_HD-SO;0.35;30;32;30;30;252;V-KL-GAS_HD-SO;0.35;30;32;30;30;252;KL-GAS_HD-SO;;;2.3;;;999;998;
GAS_HD_AANSLUITLEIDING;*;-;**;-;KL;-;GAS;_;HD;_;AANSLUITLEIDING;;;;;;;;;-;G;;;;;*-**-KL-GAS_HD_AANSLUITLEIDING-G;0.18;30;32;30;30;252;KL-GAS_HD-SO;0.35;30;32;30;30;252;KL-GAS_HD-SO;0.35;30;32;30;30;252;V-KL-GAS_HD-SO;0.35;30;32;30;30;252;KL-GAS_HD-SO;;;2.3;;;1000;999;
GAS_HD_AANSLUITLEIDING_1 BAR;*;-;**;-;KL;-;GAS;_;HD;_;AANSLUITLEIDING;_;1 BAR;;;;;;;-;G;;;;;*-**-KL-GAS_HD_AANSLUITLEIDING_1 BAR-G;0.18;30;32;30;30;252;KL-GAS_HD-SO;0.35;30;32;30;30;252;KL-GAS_HD-SO;0.35;30;32;30;30;252;V-KL-GAS_HD-SO;0.35;30;32;30;30;252;KL-GAS_HD-SO;;;2.3;;;1001;1000;
GAS_HD_AANSLUITLEIDING_1 BAR_PE;*;-;**;-;KL;-;GAS;_;HD;_;AANSLUITLEIDING;_;1 BAR;_;PE;;;;;-;G;;;;;*-**-KL-GAS_HD_AANSLUITLEIDING_1 BAR_PE-G;0.18;30;32;30;30;252;KL-GAS_HD-SO;0.35;30;32;30;30;252;KL-GAS_HD-SO;0.35;30;32;30;30;252;V-KL-GAS_HD-SO;0.35;30;32;30;30;252;KL-GAS_HD-SO;;;2.3;;;1002;1001;
GAS_HD_AANSLUITLEIDING_1 BAR_PE_25;*;-;**;-;KL;-;GAS;_;HD;_;AANSLUITLEIDING;_;1 BAR;_;PE;_;25;;;-;G;;;;;*-**-KL-GAS_HD_AANSLUITLEIDING_1 BAR_PE_25-G;0.18;30;32;30;30;252;KL-GAS_HD-SO;0.35;30;32;30;30;252;KL-GAS_HD-SO;0.35;30;32;30;30;252;V-KL-GAS_HD-SO;0.35;30;32;30;30;252;KL-GAS_HD-SO;;;2.3;;;1003;1002;
GAS_HD_AANSLUITLEIDING_1 BAR_PE_32;*;-;**;-;KL;-;GAS;_;HD;_;AANSLUITLEIDING;_;1 BAR;_;PE;_;32;;;-;G;;;;;*-**-KL-GAS_HD_AANSLUITLEIDING_1 BAR_PE_32-G;0.18;30;32;30;30;252;KL-GAS_HD-SO;0.35;30;32;30;30;252;KL-GAS_HD-SO;0.35;30;32;30;30;252;V-KL-GAS_HD-SO;0.35;30;32;30;30;252;KL-GAS_HD-SO;;;2.3;;;1004;1002;
GAS_HD_AANSLUITLEIDING_1 BAR_PE_40;*;-;**;-;KL;-;GAS;_;HD;_;AANSLUITLEIDING;_;1 BAR;_;PE;_;40;;;-;G;;;;;*-**-KL-GAS_HD_AANSLUITLEIDING_1 BAR_PE_40-G;0.18;30;32;30;30;252;KL-GAS_HD-SO;0.35;30;32;30;30;252;KL-GAS_HD-SO;0.35;30;32;30;30;252;V-KL-GAS_HD-SO;0.35;30;32;30;30;252;KL-GAS_HD-SO;;;2.3;;;1005;1002;
GAS_HD_AANSLUITLEIDING_1 BAR_PE_50;*;-;**;-;KL;-;GAS;_;HD;_;AANSLUITLEIDING;_;1 BAR;_;PE;_;50;;;-;G;;;;;*-**-KL-GAS_HD_AANSLUITLEIDING_1 BAR_PE_50-G;0.18;30;32;30;30;252;KL-GAS_HD-SO;0.35;30;32;30;30;252;KL-GAS_HD-SO;0.35;30;32;30;30;252;V-KL-GAS_HD-SO;0.35;30;32;30;30;252;KL-GAS_HD-SO;;;2.3;;;1006;1002;
GAS_HD_AANSLUITLEIDING_1 BAR_PE_63;*;-;**;-;KL;-;GAS;_;HD;_;AANSLUITLEIDING;_;1 BAR;_;PE;_;63;;;-;G;;;;;*-**-KL-GAS_HD_AANSLUITLEIDING_1 BAR_PE_63-G;0.18;30;32;30;30;252;KL-GAS_HD-SO;0.35;30;32;30;30;252;KL-GAS_HD-SO;0.35;30;32;30;30;252;V-KL-GAS_HD-SO;0.35;30;32;30;30;252;KL-GAS_HD-SO;;;2.3;;;1007;1002;
GAS_HD_AANSLUITLEIDING_1 BAR_PE_75;*;-;**;-;KL;-;GAS;_;HD;_;AANSLUITLEIDING;_;1 BAR;_;PE;_;75;;;-;G;;;;;*-**-KL-GAS_HD_AANSLUITLEIDING_1 BAR_PE_75-G;0.18;30;32;30;30;252;KL-GAS_HD-SO;0.35;30;32;30;30;252;KL-GAS_HD-SO;0.35;30;32;30;30;252;V-KL-GAS_HD-SO;0.35;30;32;30;30;252;KL-GAS_HD-SO;;;2.3;;;1008;1002;
GAS_HD_AANSLUITLEIDING_1 BAR_PE_90;*;-;**;-;KL;-;GAS;_;HD;_;AANSLUITLEIDING;_;1 BAR;_;PE;_;90;;;-;G;;;;;*-**-KL-GAS_HD_AANSLUITLEIDING_1 BAR_PE_90-G;0.18;30;32;30;30;252;KL-GAS_HD-SO;0.35;30;32;30;30;252;KL-GAS_HD-SO;0.35;30;32;30;30;252;V-KL-GAS_HD-SO;0.35;30;32;30;30;252;KL-GAS_HD-SO;;;2.3;;;1009;1002;
GAS_HD_AANSLUITLEIDING_1 BAR_PVC;*;-;**;-;KL;-;GAS;_;HD;_;AANSLUITLEIDING;_;1 BAR;_;PVC;;;;;-;G;;;;;*-**-KL-GAS_HD_AANSLUITLEIDING_1 BAR_PVC-G;0.18;30;32;30;30;252;KL-GAS_HD-SO;0.35;30;32;30;30;252;KL-GAS_HD-SO;0.35;30;32;30;30;252;V-KL-GAS_HD-SO;0.35;30;32;30;30;252;KL-GAS_HD-SO;;;2.3;;;1010;1001;
GAS_HD_AANSLUITLEIDING_1 BAR_PVC_25;*;-;**;-;KL;-;GAS;_;HD;_;AANSLUITLEIDING;_;1 BAR;_;PVC;_;25;;;-;G;;;;;*-**-KL-GAS_HD_AANSLUITLEIDING_1 BAR_PVC_25-G;0.18;30;32;30;30;252;KL-GAS_HD-SO;0.35;30;32;30;30;252;KL-GAS_HD-SO;0.35;30;32;30;30;252;V-KL-GAS_HD-SO;0.35;30;32;30;30;252;KL-GAS_HD-SO;;;2.3;;;1011;1010;
GAS_HD_AANSLUITLEIDING_1 BAR_PVC_32;*;-;**;-;KL;-;GAS;_;HD;_;AANSLUITLEIDING;_;1 BAR;_;PVC;_;32;;;-;G;;;;;*-**-KL-GAS_HD_AANSLUITLEIDING_1 BAR_PVC_32-G;0.18;30;32;30;30;252;KL-GAS_HD-SO;0.35;30;32;30;30;252;KL-GAS_HD-SO;0.35;30;32;30;30;252;V-KL-GAS_HD-SO;0.35;30;32;30;30;252;KL-GAS_HD-SO;;;2.3;;;1012;1010;
GAS_HD_AANSLUITLEIDING_1 BAR_PVC_40;*;-;**;-;KL;-;GAS;_;HD;_;AANSLUITLEIDING;_;1 BAR;_;PVC;_;40;;;-;G;;;;;*-**-KL-GAS_HD_AANSLUITLEIDING_1 BAR_PVC_40-G;0.18;30;32;30;30;252;KL-GAS_HD-SO;0.35;30;32;30;30;252;KL-GAS_HD-SO;0.35;30;32;30;30;252;V-KL-GAS_HD-SO;0.35;30;32;30;30;252;KL-GAS_HD-SO;;;2.3;;;1013;1010;
GAS_HD_AANSLUITLEIDING_1 BAR_PVC_50;*;-;**;-;KL;-;GAS;_;HD;_;AANSLUITLEIDING;_;1 BAR;_;PVC;_;50;;;-;G;;;;;*-**-KL-GAS_HD_AANSLUITLEIDING_1 BAR_PVC_50-G;0.18;30;32;30;30;252;KL-GAS_HD-SO;0.35;30;32;30;30;252;KL-GAS_HD-SO;0.35;30;32;30;30;252;V-KL-GAS_HD-SO;0.35;30;32;30;30;252;KL-GAS_HD-SO;;;2.3;;;1014;1010;
GAS_HD_AANSLUITLEIDING_1 BAR_PVC_63;*;-;**;-;KL;-;GAS;_;HD;_;AANSLUITLEIDING;_;1 BAR;_;PVC;_;63;;;-;G;;;;;*-**-KL-GAS_HD_AANSLUITLEIDING_1 BAR_PVC_63-G;0.18;30;32;30;30;252;KL-GAS_HD-SO;0.35;30;32;30;30;252;KL-GAS_HD-SO;0.35;30;32;30;30;252;V-KL-GAS_HD-SO;0.35;30;32;30;30;252;KL-GAS_HD-SO;;;2.3;;;1015;1010;
GAS_HD_AANSLUITLEIDING_1 BAR_PVC_75;*;-;**;-;KL;-;GAS;_;HD;_;AANSLUITLEIDING;_;1 BAR;_;PVC;_;75;;;-;G;;;;;*-**-KL-GAS_HD_AANSLUITLEIDING_1 BAR_PVC_75-G;0.18;30;32;30;30;252;KL-GAS_HD-SO;0.35;30;32;30;30;252;KL-GAS_HD-SO;0.35;30;32;30;30;252;V-KL-GAS_HD-SO;0.35;30;32;30;30;252;KL-GAS_HD-SO;;;2.3;;;1016;1010;
GAS_HD_AANSLUITLEIDING_1 BAR_PVC_90;*;-;**;-;KL;-;GAS;_;HD;_;AANSLUITLEIDING;_;1 BAR;_;PVC;_;90;;;-;G;;;;;*-**-KL-GAS_HD_AANSLUITLEIDING_1 BAR_PVC_90-G;0.18;30;32;30;30;252;KL-GAS_HD-SO;0.35;30;32;30;30;252;KL-GAS_HD-SO;0.35;30;32;30;30;252;V-KL-GAS_HD-SO;0.35;30;32;30;30;252;KL-GAS_HD-SO;;;2.3;;;1017;1010;
GAS_HD_AANSLUITLEIDING_4 BAR;*;-;**;-;KL;-;GAS;_;HD;_;AANSLUITLEIDING;_;4 BAR;;;;;;;-;G;;;;;*-**-KL-GAS_HD_AANSLUITLEIDING_4 BAR-G;0.18;30;32;30;30;252;KL-GAS_HD-SO;0.35;30;32;30;30;252;KL-GAS_HD-SO;0.35;30;32;30;30;252;V-KL-GAS_HD-SO;0.35;30;32;30;30;252;KL-GAS_HD-SO;;;2.3;;;1018;1000;
GAS_HD_AANSLUITLEIDING_4 BAR_PE;*;-;**;-;KL;-;GAS;_;HD;_;AANSLUITLEIDING;_;4 BAR;_;PE;;;;;-;G;;;;;*-**-KL-GAS_HD_AANSLUITLEIDING_4 BAR_PE-G;0.18;30;32;30;30;252;KL-GAS_HD-SO;0.35;30;32;30;30;252;KL-GAS_HD-SO;0.35;30;32;30;30;252;V-KL-GAS_HD-SO;0.35;30;32;30;30;252;KL-GAS_HD-SO;;;2.3;;;1019;1018;
GAS_HD_AANSLUITLEIDING_4 BAR_PE_25;*;-;**;-;KL;-;GAS;_;HD;_;AANSLUITLEIDING;_;4 BAR;_;PE;_;25;;;-;G;;;;;*-**-KL-GAS_HD_AANSLUITLEIDING_4 BAR_PE_25-G;0.18;30;32;30;30;252;KL-GAS_HD-SO;0.35;30;32;30;30;252;KL-GAS_HD-SO;0.35;30;32;30;30;252;V-KL-GAS_HD-SO;0.35;30;32;30;30;252;KL-GAS_HD-SO;;;2.3;;;1020;1019;
GAS_HD_AANSLUITLEIDING_4 BAR_PE_32;*;-;**;-;KL;-;GAS;_;HD;_;AANSLUITLEIDING;_;4 BAR;_;PE;_;32;;;-;G;;;;;*-**-KL-GAS_HD_AANSLUITLEIDING_4 BAR_PE_32-G;0.18;30;32;30;30;252;KL-GAS_HD-SO;0.35;30;32;30;30;252;KL-GAS_HD-SO;0.35;30;32;30;30;252;V-KL-GAS_HD-SO;0.35;30;32;30;30;252;KL-GAS_HD-SO;;;2.3;;;1021;1019;
GAS_HD_AANSLUITLEIDING_4 BAR_PE_40;*;-;**;-;KL;-;GAS;_;HD;_;AANSLUITLEIDING;_;4 BAR;_;PE;_;40;;;-;G;;;;;*-**-KL-GAS_HD_AANSLUITLEIDING_4 BAR_PE_40-G;0.18;30;32;30;30;252;KL-GAS_HD-SO;0.35;30;32;30;30;252;KL-GAS_HD-SO;0.35;30;32;30;30;252;V-KL-GAS_HD-SO;0.35;30;32;30;30;252;KL-GAS_HD-SO;;;2.3;;;1022;1019;
GAS_HD_AANSLUITLEIDING_4 BAR_PE_50;*;-;**;-;KL;-;GAS;_;HD;_;AANSLUITLEIDING;_;4 BAR;_;PE;_;50;;;-;G;;;;;*-**-KL-GAS_HD_AANSLUITLEIDING_4 BAR_PE_50-G;0.18;30;32;30;30;252;KL-GAS_HD-SO;0.35;30;32;30;30;252;KL-GAS_HD-SO;0.35;30;32;30;30;252;V-KL-GAS_HD-SO;0.35;30;32;30;30;252;KL-GAS_HD-SO;;;2.3;;;1023;1019;
GAS_HD_AANSLUITLEIDING_4 BAR_PE_63;*;-;**;-;KL;-;GAS;_;HD;_;AANSLUITLEIDING;_;4 BAR;_;PE;_;63;;;-;G;;;;;*-**-KL-GAS_HD_AANSLUITLEIDING_4 BAR_PE_63-G;0.18;30;32;30;30;252;KL-GAS_HD-SO;0.35;30;32;30;30;252;KL-GAS_HD-SO;0.35;30;32;30;30;252;V-KL-GAS_HD-SO;0.35;30;32;30;30;252;KL-GAS_HD-SO;;;2.3;;;1024;1019;
GAS_HD_AANSLUITLEIDING_4 BAR_PE_75;*;-;**;-;KL;-;GAS;_;HD;_;AANSLUITLEIDING;_;4 BAR;_;PE;_;75;;;-;G;;;;;*-**-KL-GAS_HD_AANSLUITLEIDING_4 BAR_PE_75-G;0.18;30;32;30;30;252;KL-GAS_HD-SO;0.35;30;32;30;30;252;KL-GAS_HD-SO;0.35;30;32;30;30;252;V-KL-GAS_HD-SO;0.35;30;32;30;30;252;KL-GAS_HD-SO;;;2.3;;;1025;1019;
GAS_HD_AANSLUITLEIDING_4 BAR_PE_90;*;-;**;-;KL;-;GAS;_;HD;_;AANSLUITLEIDING;_;4 BAR;_;PE;_;90;;;-;G;;;;;*-**-KL-GAS_HD_AANSLUITLEIDING_4 BAR_PE_90-G;0.18;30;32;30;30;252;KL-GAS_HD-SO;0.35;30;32;30;30;252;KL-GAS_HD-SO;0.35;30;32;30;30;252;V-KL-GAS_HD-SO;0.35;30;32;30;30;252;KL-GAS_HD-SO;;;2.3;;;1026;1019;
GAS_HD_AANSLUITLEIDING_4 BAR_PVC;*;-;**;-;KL;-;GAS;_;HD;_;AANSLUITLEIDING;_;4 BAR;_;PVC;;;;;-;G;;;;;*-**-KL-GAS_HD_AANSLUITLEIDING_4 BAR_PVC-G;0.18;30;32;30;30;252;KL-GAS_HD-SO;0.35;30;32;30;30;252;KL-GAS_HD-SO;0.35;30;32;30;30;252;V-KL-GAS_HD-SO;0.35;30;32;30;30;252;KL-GAS_HD-SO;;;2.3;;;1027;1018;
GAS_HD_AANSLUITLEIDING_4 BAR_PVC_25;*;-;**;-;KL;-;GAS;_;HD;_;AANSLUITLEIDING;_;4 BAR;_;PVC;_;25;;;-;G;;;;;*-**-KL-GAS_HD_AANSLUITLEIDING_4 BAR_PVC_25-G;0.18;30;32;30;30;252;KL-GAS_HD-SO;0.35;30;32;30;30;252;KL-GAS_HD-SO;0.35;30;32;30;30;252;V-KL-GAS_HD-SO;0.35;30;32;30;30;252;KL-GAS_HD-SO;;;2.3;;;1028;1027;
GAS_HD_AANSLUITLEIDING_4 BAR_PVC_32;*;-;**;-;KL;-;GAS;_;HD;_;AANSLUITLEIDING;_;4 BAR;_;PVC;_;32;;;-;G;;;;;*-**-KL-GAS_HD_AANSLUITLEIDING_4 BAR_PVC_32-G;0.18;30;32;30;30;252;KL-GAS_HD-SO;0.35;30;32;30;30;252;KL-GAS_HD-SO;0.35;30;32;30;30;252;V-KL-GAS_HD-SO;0.35;30;32;30;30;252;KL-GAS_HD-SO;;;2.3;;;1029;1027;
GAS_HD_AANSLUITLEIDING_4 BAR_PVC_40;*;-;**;-;KL;-;GAS;_;HD;_;AANSLUITLEIDING;_;4 BAR;_;PVC;_;40;;;-;G;;;;;*-**-KL-GAS_HD_AANSLUITLEIDING_4 BAR_PVC_40-G;0.18;30;32;30;30;252;KL-GAS_HD-SO;0.35;30;32;30;30;252;KL-GAS_HD-SO;0.35;30;32;30;30;252;V-KL-GAS_HD-SO;0.35;30;32;30;30;252;KL-GAS_HD-SO;;;2.3;;;1030;1027;
GAS_HD_AANSLUITLEIDING_4 BAR_PVC_50;*;-;**;-;KL;-;GAS;_;HD;_;AANSLUITLEIDING;_;4 BAR;_;PVC;_;50;;;-;G;;;;;*-**-KL-GAS_HD_AANSLUITLEIDING_4 BAR_PVC_50-G;0.18;30;32;30;30;252;KL-GAS_HD-SO;0.35;30;32;30;30;252;KL-GAS_HD-SO;0.35;30;32;30;30;252;V-KL-GAS_HD-SO;0.35;30;32;30;30;252;KL-GAS_HD-SO;;;2.3;;;1031;1027;
GAS_HD_AANSLUITLEIDING_4 BAR_PVC_63;*;-;**;-;KL;-;GAS;_;HD;_;AANSLUITLEIDING;_;4 BAR;_;PVC;_;63;;;-;G;;;;;*-**-KL-GAS_HD_AANSLUITLEIDING_4 BAR_PVC_63-G;0.18;30;32;30;30;252;KL-GAS_HD-SO;0.35;30;32;30;30;252;KL-GAS_HD-SO;0.35;30;32;30;30;252;V-KL-GAS_HD-SO;0.35;30;32;30;30;252;KL-GAS_HD-SO;;;2.3;;;1032;1027;
GAS_HD_AANSLUITLEIDING_4 BAR_PVC_75;*;-;**;-;KL;-;GAS;_;HD;_;AANSLUITLEIDING;_;4 BAR;_;PVC;_;75;;;-;G;;;;;*-**-KL-GAS_HD_AANSLUITLEIDING_4 BAR_PVC_75-G;0.18;30;32;30;30;252;KL-GAS_HD-SO;0.35;30;32;30;30;252;KL-GAS_HD-SO;0.35;30;32;30;30;252;V-KL-GAS_HD-SO;0.35;30;32;30;30;252;KL-GAS_HD-SO;;;2.3;;;1033;1027;
GAS_HD_AANSLUITLEIDING_4 BAR_PVC_90;*;-;**;-;KL;-;GAS;_;HD;_;AANSLUITLEIDING;_;4 BAR;_;PVC;_;90;;;-;G;;;;;*-**-KL-GAS_HD_AANSLUITLEIDING_4 BAR_PVC_90-G;0.18;30;32;30;30;252;KL-GAS_HD-SO;0.35;30;32;30;30;252;KL-GAS_HD-SO;0.35;30;32;30;30;252;V-KL-GAS_HD-SO;0.35;30;32;30;30;252;KL-GAS_HD-SO;;;2.3;;;1034;1027;
GAS_HD_AANSLUITLEIDING_40 BAR;*;-;**;-;KL;-;GAS;_;HD;_;AANSLUITLEIDING;_;40 BAR;;;;;;;-;G;;;;;*-**-KL-GAS_HD_AANSLUITLEIDING_40 BAR-G;0.18;30;32;30;30;252;KL-GAS_HD-SO;0.35;30;32;30;30;252;KL-GAS_HD-SO;0.35;30;32;30;30;252;V-KL-GAS_HD-SO;0.35;30;32;30;30;252;KL-GAS_HD-SO;;;2.3;;;1035;1000;
GAS_HD_AANSLUITLEIDING_67 BAR;*;-;**;-;KL;-;GAS;_;HD;_;AANSLUITLEIDING;_;67 BAR;;;;;;;-;G;;;;;*-**-KL-GAS_HD_AANSLUITLEIDING_67 BAR-G;0.18;30;32;30;30;252;KL-GAS_HD-SO;0.35;30;32;30;30;252;KL-GAS_HD-SO;0.35;30;32;30;30;252;V-KL-GAS_HD-SO;0.35;30;32;30;30;252;KL-GAS_HD-SO;;;2.3;;;1036;1000;
GAS_HD_AANSLUITLEIDING_8 BAR;*;-;**;-;KL;-;GAS;_;HD;_;AANSLUITLEIDING;_;8 BAR;;;;;;;-;G;;;;;*-**-KL-GAS_HD_AANSLUITLEIDING_8 BAR-G;0.18;30;32;30;30;252;KL-GAS_HD-SO;0.35;30;32;30;30;252;KL-GAS_HD-SO;0.35;30;32;30;30;252;V-KL-GAS_HD-SO;0.35;30;32;30;30;252;KL-GAS_HD-SO;;;2.3;;;1037;1000;
GAS_HD_AANSLUITLEIDING_8 BAR_PE;*;-;**;-;KL;-;GAS;_;HD;_;AANSLUITLEIDING;_;8 BAR;_;PE;;;;;-;G;;;;;*-**-KL-GAS_HD_AANSLUITLEIDING_8 BAR_PE-G;0.18;30;32;30;30;252;KL-GAS_HD-SO;0.35;30;32;30;30;252;KL-GAS_HD-SO;0.35;30;32;30;30;252;V-KL-GAS_HD-SO;0.35;30;32;30;30;252;KL-GAS_HD-SO;;;2.3;;;1038;1037;
GAS_HD_AANSLUITLEIDING_8 BAR_PE_25;*;-;**;-;KL;-;GAS;_;HD;_;AANSLUITLEIDING;_;8 BAR;_;PE;_;25;;;-;G;;;;;*-**-KL-GAS_HD_AANSLUITLEIDING_8 BAR_PE_25-G;0.18;30;32;30;30;252;KL-GAS_HD-SO;0.35;30;32;30;30;252;KL-GAS_HD-SO;0.35;30;32;30;30;252;V-KL-GAS_HD-SO;0.35;30;32;30;30;252;KL-GAS_HD-SO;;;2.3;;;1039;1038;
GAS_HD_AANSLUITLEIDING_8 BAR_PE_32;*;-;**;-;KL;-;GAS;_;HD;_;AANSLUITLEIDING;_;8 BAR;_;PE;_;32;;;-;G;;;;;*-**-KL-GAS_HD_AANSLUITLEIDING_8 BAR_PE_32-G;0.18;30;32;30;30;252;KL-GAS_HD-SO;0.35;30;32;30;30;252;KL-GAS_HD-SO;0.35;30;32;30;30;252;V-KL-GAS_HD-SO;0.35;30;32;30;30;252;KL-GAS_HD-SO;;;2.3;;;1040;1038;
GAS_HD_AANSLUITLEIDING_8 BAR_PE_40;*;-;**;-;KL;-;GAS;_;HD;_;AANSLUITLEIDING;_;8 BAR;_;PE;_;40;;;-;G;;;;;*-**-KL-GAS_HD_AANSLUITLEIDING_8 BAR_PE_40-G;0.18;30;32;30;30;252;KL-GAS_HD-SO;0.35;30;32;30;30;252;KL-GAS_HD-SO;0.35;30;32;30;30;252;V-KL-GAS_HD-SO;0.35;30;32;30;30;252;KL-GAS_HD-SO;;;2.3;;;1041;1038;
GAS_HD_AANSLUITLEIDING_8 BAR_PE_50;*;-;**;-;KL;-;GAS;_;HD;_;AANSLUITLEIDING;_;8 BAR;_;PE;_;50;;;-;G;;;;;*-**-KL-GAS_HD_AANSLUITLEIDING_8 BAR_PE_50-G;0.18;30;32;30;30;252;KL-GAS_HD-SO;0.35;30;32;30;30;252;KL-GAS_HD-SO;0.35;30;32;30;30;252;V-KL-GAS_HD-SO;0.35;30;32;30;30;252;KL-GAS_HD-SO;;;2.3;;;1042;1038;
GAS_HD_AANSLUITLEIDING_8 BAR_PE_63;*;-;**;-;KL;-;GAS;_;HD;_;AANSLUITLEIDING;_;8 BAR;_;PE;_;63;;;-;G;;;;;*-**-KL-GAS_HD_AANSLUITLEIDING_8 BAR_PE_63-G;0.18;30;32;30;30;252;KL-GAS_HD-SO;0.35;30;32;30;30;252;KL-GAS_HD-SO;0.35;30;32;30;30;252;V-KL-GAS_HD-SO;0.35;30;32;30;30;252;KL-GAS_HD-SO;;;2.3;;;1043;1038;
GAS_HD_AANSLUITLEIDING_8 BAR_PE_75;*;-;**;-;KL;-;GAS;_;HD;_;AANSLUITLEIDING;_;8 BAR;_;PE;_;75;;;-;G;;;;;*-**-KL-GAS_HD_AANSLUITLEIDING_8 BAR_PE_75-G;0.18;30;32;30;30;252;KL-GAS_HD-SO;0.35;30;32;30;30;252;KL-GAS_HD-SO;0.35;30;32;30;30;252;V-KL-GAS_HD-SO;0.35;30;32;30;30;252;KL-GAS_HD-SO;;;2.3;;;1044;1038;
GAS_HD_AANSLUITLEIDING_8 BAR_PE_90;*;-;**;-;KL;-;GAS;_;HD;_;AANSLUITLEIDING;_;8 BAR;_;PE;_;90;;;-;G;;;;;*-**-KL-GAS_HD_AANSLUITLEIDING_8 BAR_PE_90-G;0.18;30;32;30;30;252;KL-GAS_HD-SO;0.35;30;32;30;30;252;KL-GAS_HD-SO;0.35;30;32;30;30;252;V-KL-GAS_HD-SO;0.35;30;32;30;30;252;KL-GAS_HD-SO;;;2.3;;;1045;1038;
GAS_HD_AANSLUITLEIDING_8 BAR_PVC;*;-;**;-;KL;-;GAS;_;HD;_;AANSLUITLEIDING;_;8 BAR;_;PVC;;;;;-;G;;;;;*-**-KL-GAS_HD_AANSLUITLEIDING_8 BAR_PVC-G;0.18;30;32;30;30;252;KL-GAS_HD-SO;0.35;30;32;30;30;252;KL-GAS_HD-SO;0.35;30;32;30;30;252;V-KL-GAS_HD-SO;0.35;30;32;30;30;252;KL-GAS_HD-SO;;;2.3;;;1046;1037;
GAS_HD_AANSLUITLEIDING_8 BAR_PVC_25;*;-;**;-;KL;-;GAS;_;HD;_;AANSLUITLEIDING;_;8 BAR;_;PVC;_;25;;;-;G;;;;;*-**-KL-GAS_HD_AANSLUITLEIDING_8 BAR_PVC_25-G;0.18;30;32;30;30;252;KL-GAS_HD-SO;0.35;30;32;30;30;252;KL-GAS_HD-SO;0.35;30;32;30;30;252;V-KL-GAS_HD-SO;0.35;30;32;30;30;252;KL-GAS_HD-SO;;;2.3;;;1047;1046;
GAS_HD_AANSLUITLEIDING_8 BAR_PVC_32;*;-;**;-;KL;-;GAS;_;HD;_;AANSLUITLEIDING;_;8 BAR;_;PVC;_;32;;;-;G;;;;;*-**-KL-GAS_HD_AANSLUITLEIDING_8 BAR_PVC_32-G;0.18;30;32;30;30;252;KL-GAS_HD-SO;0.35;30;32;30;30;252;KL-GAS_HD-SO;0.35;30;32;30;30;252;V-KL-GAS_HD-SO;0.35;30;32;30;30;252;KL-GAS_HD-SO;;;2.3;;;1048;1046;
GAS_HD_AANSLUITLEIDING_8 BAR_PVC_40;*;-;**;-;KL;-;GAS;_;HD;_;AANSLUITLEIDING;_;8 BAR;_;PVC;_;40;;;-;G;;;;;*-**-KL-GAS_HD_AANSLUITLEIDING_8 BAR_PVC_40-G;0.18;30;32;30;30;252;KL-GAS_HD-SO;0.35;30;32;30;30;252;KL-GAS_HD-SO;0.35;30;32;30;30;252;V-KL-GAS_HD-SO;0.35;30;32;30;30;252;KL-GAS_HD-SO;;;2.3;;;1049;1046;
GAS_HD_AANSLUITLEIDING_8 BAR_PVC_50;*;-;**;-;KL;-;GAS;_;HD;_;AANSLUITLEIDING;_;8 BAR;_;PVC;_;50;;;-;G;;;;;*-**-KL-GAS_HD_AANSLUITLEIDING_8 BAR_PVC_50-G;0.18;30;32;30;30;252;KL-GAS_HD-SO;0.35;30;32;30;30;252;KL-GAS_HD-SO;0.35;30;32;30;30;252;V-KL-GAS_HD-SO;0.35;30;32;30;30;252;KL-GAS_HD-SO;;;2.3;;;1050;1046;
GAS_HD_AANSLUITLEIDING_8 BAR_PVC_63;*;-;**;-;KL;-;GAS;_;HD;_;AANSLUITLEIDING;_;8 BAR;_;PVC;_;63;;;-;G;;;;;*-**-KL-GAS_HD_AANSLUITLEIDING_8 BAR_PVC_63-G;0.18;30;32;30;30;252;KL-GAS_HD-SO;0.35;30;32;30;30;252;KL-GAS_HD-SO;0.35;30;32;30;30;252;V-KL-GAS_HD-SO;0.35;30;32;30;30;252;KL-GAS_HD-SO;;;2.3;;;1051;1046;
GAS_HD_AANSLUITLEIDING_8 BAR_PVC_75;*;-;**;-;KL;-;GAS;_;HD;_;AANSLUITLEIDING;_;8 BAR;_;PVC;_;75;;;-;G;;;;;*-**-KL-GAS_HD_AANSLUITLEIDING_8 BAR_PVC_75-G;0.18;30;32;30;30;252;KL-GAS_HD-SO;0.35;30;32;30;30;252;KL-GAS_HD-SO;0.35;30;32;30;30;252;V-KL-GAS_HD-SO;0.35;30;32;30;30;252;KL-GAS_HD-SO;;;2.3;;;1052;1046;
GAS_HD_AANSLUITLEIDING_8 BAR_PVC_90;*;-;**;-;KL;-;GAS;_;HD;_;AANSLUITLEIDING;_;8 BAR;_;PVC;_;90;;;-;G;;;;;*-**-KL-GAS_HD_AANSLUITLEIDING_8 BAR_PVC_90-G;0.18;30;32;30;30;252;KL-GAS_HD-SO;0.35;30;32;30;30;252;KL-GAS_HD-SO;0.35;30;32;30;30;252;V-KL-GAS_HD-SO;0.35;30;32;30;30;252;KL-GAS_HD-SO;;;2.3;;;1053;1046;
GAS_HD_HOOFDLEIDING;*;-;**;-;KL;-;GAS;_;HD;_;HOOFDLEIDING;;;;;;;;;-;G;;;;;*-**-KL-GAS_HD_HOOFDLEIDING-G;0.18;30;32;30;30;252;KL-GAS_HD-SO;0.35;30;32;30;30;252;KL-GAS_HD-SO;0.35;30;32;30;30;252;V-KL-GAS_HD-SO;0.35;30;32;30;30;252;KL-GAS_HD-SO;;;2.3;;;1054;999;
GAS_HD_HOOFDLEIDING_1 BAR;*;-;**;-;KL;-;GAS;_;HD;_;HOOFDLEIDING;_;1 BAR;;;;;;;-;G;;;;;*-**-KL-GAS_HD_HOOFDLEIDING_1 BAR-G;0.18;30;32;30;30;252;KL-GAS_HD-SO;0.35;30;32;30;30;252;KL-GAS_HD-SO;0.35;30;32;30;30;252;V-KL-GAS_HD-SO;0.35;30;32;30;30;252;KL-GAS_HD-SO;;;2.3;;;1055;1054;
GAS_HD_HOOFDLEIDING_1 BAR_PE;*;-;**;-;KL;-;GAS;_;HD;_;HOOFDLEIDING;_;1 BAR;_;PE;;;;;-;G;;;;;*-**-KL-GAS_HD_HOOFDLEIDING_1 BAR_PE-G;0.18;30;32;30;30;252;KL-GAS_HD-SO;0.35;30;32;30;30;252;KL-GAS_HD-SO;0.35;30;32;30;30;252;V-KL-GAS_HD-SO;0.35;30;32;30;30;252;KL-GAS_HD-SO;;;2.3;;;1056;1055;
GAS_HD_HOOFDLEIDING_1 BAR_PE_110;*;-;**;-;KL;-;GAS;_;HD;_;HOOFDLEIDING;_;1 BAR;_;PE;_;110;;;-;G;;;;;*-**-KL-GAS_HD_HOOFDLEIDING_1 BAR_PE_110-G;0.18;30;32;30;30;252;KL-GAS_HD-SO;0.35;30;32;30;30;252;KL-GAS_HD-SO;0.35;30;32;30;30;252;V-KL-GAS_HD-SO;0.35;30;32;30;30;252;KL-GAS_HD-SO;;;2.3;;;1057;1056;
GAS_HD_HOOFDLEIDING_1 BAR_PE_160;*;-;**;-;KL;-;GAS;_;HD;_;HOOFDLEIDING;_;1 BAR;_;PE;_;160;;;-;G;;;;;*-**-KL-GAS_HD_HOOFDLEIDING_1 BAR_PE_160-G;0.18;30;32;30;30;252;KL-GAS_HD-SO;0.35;30;32;30;30;252;KL-GAS_HD-SO;0.35;30;32;30;30;252;V-KL-GAS_HD-SO;0.35;30;32;30;30;252;KL-GAS_HD-SO;;;2.3;;;1058;1056;
GAS_HD_HOOFDLEIDING_1 BAR_PE_250;*;-;**;-;KL;-;GAS;_;HD;_;HOOFDLEIDING;_;1 BAR;_;PE;_;250;;;-;G;;;;;*-**-KL-GAS_HD_HOOFDLEIDING_1 BAR_PE_250-G;0.18;30;32;30;30;252;KL-GAS_HD-SO;0.35;30;32;30;30;252;KL-GAS_HD-SO;0.35;30;32;30;30;252;V-KL-GAS_HD-SO;0.35;30;32;30;30;252;KL-GAS_HD-SO;;;2.3;;;1059;1056;
GAS_HD_HOOFDLEIDING_1 BAR_PE_315;*;-;**;-;KL;-;GAS;_;HD;_;HOOFDLEIDING;_;1 BAR;_;PE;_;315;;;-;G;;;;;*-**-KL-GAS_HD_HOOFDLEIDING_1 BAR_PE_315-G;0.18;30;32;30;30;252;KL-GAS_HD-SO;0.35;30;32;30;30;252;KL-GAS_HD-SO;0.35;30;32;30;30;252;V-KL-GAS_HD-SO;0.35;30;32;30;30;252;KL-GAS_HD-SO;;;2.3;;;1060;1056;
GAS_HD_HOOFDLEIDING_1 BAR_PE_75;*;-;**;-;KL;-;GAS;_;HD;_;HOOFDLEIDING;_;1 BAR;_;PE;_;75;;;-;G;;;;;*-**-KL-GAS_HD_HOOFDLEIDING_1 BAR_PE_75-G;0.18;30;32;30;30;252;KL-GAS_HD-SO;0.35;30;32;30;30;252;KL-GAS_HD-SO;0.35;30;32;30;30;252;V-KL-GAS_HD-SO;0.35;30;32;30;30;252;KL-GAS_HD-SO;;;2.3;;;1061;1056;
GAS_HD_HOOFDLEIDING_1 BAR_PE_90;*;-;**;-;KL;-;GAS;_;HD;_;HOOFDLEIDING;_;1 BAR;_;PE;_;90;;;-;G;;;;;*-**-KL-GAS_HD_HOOFDLEIDING_1 BAR_PE_90-G;0.18;30;32;30;30;252;KL-GAS_HD-SO;0.35;30;32;30;30;252;KL-GAS_HD-SO;0.35;30;32;30;30;252;V-KL-GAS_HD-SO;0.35;30;32;30;30;252;KL-GAS_HD-SO;;;2.3;;;1062;1056;
GAS_HD_HOOFDLEIDING_1 BAR_PVC;*;-;**;-;KL;-;GAS;_;HD;_;HOOFDLEIDING;_;1 BAR;_;PVC;;;;;-;G;;;;;*-**-KL-GAS_HD_HOOFDLEIDING_1 BAR_PVC-G;0.18;30;32;30;30;252;KL-GAS_HD-SO;0.35;30;32;30;30;252;KL-GAS_HD-SO;0.35;30;32;30;30;252;V-KL-GAS_HD-SO;0.35;30;32;30;30;252;KL-GAS_HD-SO;;;2.3;;;1063;1055;
GAS_HD_HOOFDLEIDING_1 BAR_PVC_110;*;-;**;-;KL;-;GAS;_;HD;_;HOOFDLEIDING;_;1 BAR;_;PVC;_;110;;;-;G;;;;;*-**-KL-GAS_HD_HOOFDLEIDING_1 BAR_PVC_110-G;0.18;30;32;30;30;252;KL-GAS_HD-SO;0.35;30;32;30;30;252;KL-GAS_HD-SO;0.35;30;32;30;30;252;V-KL-GAS_HD-SO;0.35;30;32;30;30;252;KL-GAS_HD-SO;;;2.3;;;1064;1063;
GAS_HD_HOOFDLEIDING_1 BAR_PVC_160;*;-;**;-;KL;-;GAS;_;HD;_;HOOFDLEIDING;_;1 BAR;_;PVC;_;160;;;-;G;;;;;*-**-KL-GAS_HD_HOOFDLEIDING_1 BAR_PVC_160-G;0.18;30;32;30;30;252;KL-GAS_HD-SO;0.35;30;32;30;30;252;KL-GAS_HD-SO;0.35;30;32;30;30;252;V-KL-GAS_HD-SO;0.35;30;32;30;30;252;KL-GAS_HD-SO;;;2.3;;;1065;1063;
GAS_HD_HOOFDLEIDING_1 BAR_PVC_250;*;-;**;-;KL;-;GAS;_;HD;_;HOOFDLEIDING;_;1 BAR;_;PVC;_;250;;;-;G;;;;;*-**-KL-GAS_HD_HOOFDLEIDING_1 BAR_PVC_250-G;0.18;30;32;30;30;252;KL-GAS_HD-SO;0.35;30;32;30;30;252;KL-GAS_HD-SO;0.35;30;32;30;30;252;V-KL-GAS_HD-SO;0.35;30;32;30;30;252;KL-GAS_HD-SO;;;2.3;;;1066;1063;
GAS_HD_HOOFDLEIDING_1 BAR_PVC_315;*;-;**;-;KL;-;GAS;_;HD;_;HOOFDLEIDING;_;1 BAR;_;PVC;_;315;;;-;G;;;;;*-**-KL-GAS_HD_HOOFDLEIDING_1 BAR_PVC_315-G;0.18;30;32;30;30;252;KL-GAS_HD-SO;0.35;30;32;30;30;252;KL-GAS_HD-SO;0.35;30;32;30;30;252;V-KL-GAS_HD-SO;0.35;30;32;30;30;252;KL-GAS_HD-SO;;;2.3;;;1067;1063;
GAS_HD_HOOFDLEIDING_1 BAR_PVC_75;*;-;**;-;KL;-;GAS;_;HD;_;HOOFDLEIDING;_;1 BAR;_;PVC;_;75;;;-;G;;;;;*-**-KL-GAS_HD_HOOFDLEIDING_1 BAR_PVC_75-G;0.18;30;32;30;30;252;KL-GAS_HD-SO;0.35;30;32;30;30;252;KL-GAS_HD-SO;0.35;30;32;30;30;252;V-KL-GAS_HD-SO;0.35;30;32;30;30;252;KL-GAS_HD-SO;;;2.3;;;1068;1063;
GAS_HD_HOOFDLEIDING_1 BAR_PVC_90;*;-;**;-;KL;-;GAS;_;HD;_;HOOFDLEIDING;_;1 BAR;_;PVC;_;90;;;-;G;;;;;*-**-KL-GAS_HD_HOOFDLEIDING_1 BAR_PVC_90-G;0.18;30;32;30;30;252;KL-GAS_HD-SO;0.35;30;32;30;30;252;KL-GAS_HD-SO;0.35;30;32;30;30;252;V-KL-GAS_HD-SO;0.35;30;32;30;30;252;KL-GAS_HD-SO;;;2.3;;;1069;1063;
GAS_HD_HOOFDLEIDING_4 BAR;*;-;**;-;KL;-;GAS;_;HD;_;HOOFDLEIDING;_;4 BAR;;;;;;;-;G;;;;;*-**-KL-GAS_HD_HOOFDLEIDING_4 BAR-G;0.18;30;32;30;30;252;KL-GAS_HD-SO;0.35;30;32;30;30;252;KL-GAS_HD-SO;0.35;30;32;30;30;252;V-KL-GAS_HD-SO;0.35;30;32;30;30;252;KL-GAS_HD-SO;;;2.3;;;1070;1054;
GAS_HD_HOOFDLEIDING_4 BAR_PE;*;-;**;-;KL;-;GAS;_;HD;_;HOOFDLEIDING;_;4 BAR;_;PE;;;;;-;G;;;;;*-**-KL-GAS_HD_HOOFDLEIDING_4 BAR_PE-G;0.18;30;32;30;30;252;KL-GAS_HD-SO;0.35;30;32;30;30;252;KL-GAS_HD-SO;0.35;30;32;30;30;252;V-KL-GAS_HD-SO;0.35;30;32;30;30;252;KL-GAS_HD-SO;;;2.3;;;1071;1070;
GAS_HD_HOOFDLEIDING_4 BAR_PE_110;*;-;**;-;KL;-;GAS;_;HD;_;HOOFDLEIDING;_;4 BAR;_;PE;_;110;;;-;G;;;;;*-**-KL-GAS_HD_HOOFDLEIDING_4 BAR_PE_110-G;0.18;30;32;30;30;252;KL-GAS_HD-SO;0.35;30;32;30;30;252;KL-GAS_HD-SO;0.35;30;32;30;30;252;V-KL-GAS_HD-SO;0.35;30;32;30;30;252;KL-GAS_HD-SO;;;2.3;;;1072;1071;
GAS_HD_HOOFDLEIDING_4 BAR_PE_160;*;-;**;-;KL;-;GAS;_;HD;_;HOOFDLEIDING;_;4 BAR;_;PE;_;160;;;-;G;;;;;*-**-KL-GAS_HD_HOOFDLEIDING_4 BAR_PE_160-G;0.18;30;32;30;30;252;KL-GAS_HD-SO;0.35;30;32;30;30;252;KL-GAS_HD-SO;0.35;30;32;30;30;252;V-KL-GAS_HD-SO;0.35;30;32;30;30;252;KL-GAS_HD-SO;;;2.3;;;1073;1071;
GAS_HD_HOOFDLEIDING_4 BAR_PE_250;*;-;**;-;KL;-;GAS;_;HD;_;HOOFDLEIDING;_;4 BAR;_;PE;_;250;;;-;G;;;;;*-**-KL-GAS_HD_HOOFDLEIDING_4 BAR_PE_250-G;0.18;30;32;30;30;252;KL-GAS_HD-SO;0.35;30;32;30;30;252;KL-GAS_HD-SO;0.35;30;32;30;30;252;V-KL-GAS_HD-SO;0.35;30;32;30;30;252;KL-GAS_HD-SO;;;2.3;;;1074;1071;
GAS_HD_HOOFDLEIDING_4 BAR_PE_315;*;-;**;-;KL;-;GAS;_;HD;_;HOOFDLEIDING;_;4 BAR;_;PE;_;315;;;-;G;;;;;*-**-KL-GAS_HD_HOOFDLEIDING_4 BAR_PE_315-G;0.18;30;32;30;30;252;KL-GAS_HD-SO;0.35;30;32;30;30;252;KL-GAS_HD-SO;0.35;30;32;30;30;252;V-KL-GAS_HD-SO;0.35;30;32;30;30;252;KL-GAS_HD-SO;;;2.3;;;1075;1071;
GAS_HD_HOOFDLEIDING_4 BAR_PE_75;*;-;**;-;KL;-;GAS;_;HD;_;HOOFDLEIDING;_;4 BAR;_;PE;_;75;;;-;G;;;;;*-**-KL-GAS_HD_HOOFDLEIDING_4 BAR_PE_75-G;0.18;30;32;30;30;252;KL-GAS_HD-SO;0.35;30;32;30;30;252;KL-GAS_HD-SO;0.35;30;32;30;30;252;V-KL-GAS_HD-SO;0.35;30;32;30;30;252;KL-GAS_HD-SO;;;2.3;;;1076;1071;
GAS_HD_HOOFDLEIDING_4 BAR_PE_90;*;-;**;-;KL;-;GAS;_;HD;_;HOOFDLEIDING;_;4 BAR;_;PE;_;90;;;-;G;;;;;*-**-KL-GAS_HD_HOOFDLEIDING_4 BAR_PE_90-G;0.18;30;32;30;30;252;KL-GAS_HD-SO;0.35;30;32;30;30;252;KL-GAS_HD-SO;0.35;30;32;30;30;252;V-KL-GAS_HD-SO;0.35;30;32;30;30;252;KL-GAS_HD-SO;;;2.3;;;1077;1071;
GAS_HD_HOOFDLEIDING_4 BAR_PVC;*;-;**;-;KL;-;GAS;_;HD;_;HOOFDLEIDING;_;4 BAR;_;PVC;;;;;-;G;;;;;*-**-KL-GAS_HD_HOOFDLEIDING_4 BAR_PVC-G;0.18;30;32;30;30;252;KL-GAS_HD-SO;0.35;30;32;30;30;252;KL-GAS_HD-SO;0.35;30;32;30;30;252;V-KL-GAS_HD-SO;0.35;30;32;30;30;252;KL-GAS_HD-SO;;;2.3;;;1078;1070;
GAS_HD_HOOFDLEIDING_4 BAR_PVC_110;*;-;**;-;KL;-;GAS;_;HD;_;HOOFDLEIDING;_;4 BAR;_;PVC;_;110;;;-;G;;;;;*-**-KL-GAS_HD_HOOFDLEIDING_4 BAR_PVC_110-G;0.18;30;32;30;30;252;KL-GAS_HD-SO;0.35;30;32;30;30;252;KL-GAS_HD-SO;0.35;30;32;30;30;252;V-KL-GAS_HD-SO;0.35;30;32;30;30;252;KL-GAS_HD-SO;;;2.3;;;1079;1078;
GAS_HD_HOOFDLEIDING_4 BAR_PVC_160;*;-;**;-;KL;-;GAS;_;HD;_;HOOFDLEIDING;_;4 BAR;_;PVC;_;160;;;-;G;;;;;*-**-KL-GAS_HD_HOOFDLEIDING_4 BAR_PVC_160-G;0.18;30;32;30;30;252;KL-GAS_HD-SO;0.35;30;32;30;30;252;KL-GAS_HD-SO;0.35;30;32;30;30;252;V-KL-GAS_HD-SO;0.35;30;32;30;30;252;KL-GAS_HD-SO;;;2.3;;;1080;1078;
GAS_HD_HOOFDLEIDING_4 BAR_PVC_250;*;-;**;-;KL;-;GAS;_;HD;_;HOOFDLEIDING;_;4 BAR;_;PVC;_;250;;;-;G;;;;;*-**-KL-GAS_HD_HOOFDLEIDING_4 BAR_PVC_250-G;0.18;30;32;30;30;252;KL-GAS_HD-SO;0.35;30;32;30;30;252;KL-GAS_HD-SO;0.35;30;32;30;30;252;V-KL-GAS_HD-SO;0.35;30;32;30;30;252;KL-GAS_HD-SO;;;2.3;;;1081;1078;
GAS_HD_HOOFDLEIDING_4 BAR_PVC_315;*;-;**;-;KL;-;GAS;_;HD;_;HOOFDLEIDING;_;4 BAR;_;PVC;_;315;;;-;G;;;;;*-**-KL-GAS_HD_HOOFDLEIDING_4 BAR_PVC_315-G;0.18;30;32;30;30;252;KL-GAS_HD-SO;0.35;30;32;30;30;252;KL-GAS_HD-SO;0.35;30;32;30;30;252;V-KL-GAS_HD-SO;0.35;30;32;30;30;252;KL-GAS_HD-SO;;;2.3;;;1082;1078;
GAS_HD_HOOFDLEIDING_4 BAR_PVC_75;*;-;**;-;KL;-;GAS;_;HD;_;HOOFDLEIDING;_;4 BAR;_;PVC;_;75;;;-;G;;;;;*-**-KL-GAS_HD_HOOFDLEIDING_4 BAR_PVC_75-G;0.18;30;32;30;30;252;KL-GAS_HD-SO;0.35;30;32;30;30;252;KL-GAS_HD-SO;0.35;30;32;30;30;252;V-KL-GAS_HD-SO;0.35;30;32;30;30;252;KL-GAS_HD-SO;;;2.3;;;1083;1078;
GAS_HD_HOOFDLEIDING_4 BAR_PVC_90;*;-;**;-;KL;-;GAS;_;HD;_;HOOFDLEIDING;_;4 BAR;_;PVC;_;90;;;-;G;;;;;*-**-KL-GAS_HD_HOOFDLEIDING_4 BAR_PVC_90-G;0.18;30;32;30;30;252;KL-GAS_HD-SO;0.35;30;32;30;30;252;KL-GAS_HD-SO;0.35;30;32;30;30;252;V-KL-GAS_HD-SO;0.35;30;32;30;30;252;KL-GAS_HD-SO;;;2.3;;;1084;1078;
GAS_HD_HOOFDLEIDING_40 BAR;*;-;**;-;KL;-;GAS;_;HD;_;HOOFDLEIDING;_;40 BAR;;;;;;;-;G;;;;;*-**-KL-GAS_HD_HOOFDLEIDING_40 BAR-G;0.18;30;32;30;30;252;KL-GAS_HD-SO;0.35;30;32;30;30;252;KL-GAS_HD-SO;0.35;30;32;30;30;252;V-KL-GAS_HD-SO;0.35;30;32;30;30;252;KL-GAS_HD-SO;;;2.3;;;1085;1054;
GAS_HD_HOOFDLEIDING_67 BAR;*;-;**;-;KL;-;GAS;_;HD;_;HOOFDLEIDING;_;67 BAR;;;;;;;-;G;;;;;*-**-KL-GAS_HD_HOOFDLEIDING_67 BAR-G;0.18;30;32;30;30;252;KL-GAS_HD-SO;0.35;30;32;30;30;252;KL-GAS_HD-SO;0.35;30;32;30;30;252;V-KL-GAS_HD-SO;0.35;30;32;30;30;252;KL-GAS_HD-SO;;;2.3;;;1086;1054;
GAS_HD_HOOFDLEIDING_8 BAR;*;-;**;-;KL;-;GAS;_;HD;_;HOOFDLEIDING;_;8 BAR;;;;;;;-;G;;;;;*-**-KL-GAS_HD_HOOFDLEIDING_8 BAR-G;0.18;30;32;30;30;252;KL-GAS_HD-SO;0.35;30;32;30;30;252;KL-GAS_HD-SO;0.35;30;32;30;30;252;V-KL-GAS_HD-SO;0.35;30;32;30;30;252;KL-GAS_HD-SO;;;2.3;;;1087;1054;
GAS_HD_HOOFDLEIDING_8 BAR_PE;*;-;**;-;KL;-;GAS;_;HD;_;HOOFDLEIDING;_;8 BAR;_;PE;;;;;-;G;;;;;*-**-KL-GAS_HD_HOOFDLEIDING_8 BAR_PE-G;0.18;30;32;30;30;252;KL-GAS_HD-SO;0.35;30;32;30;30;252;KL-GAS_HD-SO;0.35;30;32;30;30;252;V-KL-GAS_HD-SO;0.35;30;32;30;30;252;KL-GAS_HD-SO;;;2.3;;;1088;1087;
GAS_HD_HOOFDLEIDING_8 BAR_PE_110;*;-;**;-;KL;-;GAS;_;HD;_;HOOFDLEIDING;_;8 BAR;_;PE;_;110;;;-;G;;;;;*-**-KL-GAS_HD_HOOFDLEIDING_8 BAR_PE_110-G;0.18;30;32;30;30;252;KL-GAS_HD-SO;0.35;30;32;30;30;252;KL-GAS_HD-SO;0.35;30;32;30;30;252;V-KL-GAS_HD-SO;0.35;30;32;30;30;252;KL-GAS_HD-SO;;;2.3;;;1089;1088;
GAS_HD_HOOFDLEIDING_8 BAR_PE_160;*;-;**;-;KL;-;GAS;_;HD;_;HOOFDLEIDING;_;8 BAR;_;PE;_;160;;;-;G;;;;;*-**-KL-GAS_HD_HOOFDLEIDING_8 BAR_PE_160-G;0.18;30;32;30;30;252;KL-GAS_HD-SO;0.35;30;32;30;30;252;KL-GAS_HD-SO;0.35;30;32;30;30;252;V-KL-GAS_HD-SO;0.35;30;32;30;30;252;KL-GAS_HD-SO;;;2.3;;;1090;1088;
GAS_HD_HOOFDLEIDING_8 BAR_PE_250;*;-;**;-;KL;-;GAS;_;HD;_;HOOFDLEIDING;_;8 BAR;_;PE;_;250;;;-;G;;;;;*-**-KL-GAS_HD_HOOFDLEIDING_8 BAR_PE_250-G;0.18;30;32;30;30;252;KL-GAS_HD-SO;0.35;30;32;30;30;252;KL-GAS_HD-SO;0.35;30;32;30;30;252;V-KL-GAS_HD-SO;0.35;30;32;30;30;252;KL-GAS_HD-SO;;;2.3;;;1091;1088;
GAS_HD_HOOFDLEIDING_8 BAR_PE_315;*;-;**;-;KL;-;GAS;_;HD;_;HOOFDLEIDING;_;8 BAR;_;PE;_;315;;;-;G;;;;;*-**-KL-GAS_HD_HOOFDLEIDING_8 BAR_PE_315-G;0.18;30;32;30;30;252;KL-GAS_HD-SO;0.35;30;32;30;30;252;KL-GAS_HD-SO;0.35;30;32;30;30;252;V-KL-GAS_HD-SO;0.35;30;32;30;30;252;KL-GAS_HD-SO;;;2.3;;;1092;1088;
GAS_HD_HOOFDLEIDING_8 BAR_PE_75;*;-;**;-;KL;-;GAS;_;HD;_;HOOFDLEIDING;_;8 BAR;_;PE;_;75;;;-;G;;;;;*-**-KL-GAS_HD_HOOFDLEIDING_8 BAR_PE_75-G;0.18;30;32;30;30;252;KL-GAS_HD-SO;0.35;30;32;30;30;252;KL-GAS_HD-SO;0.35;30;32;30;30;252;V-KL-GAS_HD-SO;0.35;30;32;30;30;252;KL-GAS_HD-SO;;;2.3;;;1093;1088;
GAS_HD_HOOFDLEIDING_8 BAR_PE_90;*;-;**;-;KL;-;GAS;_;HD;_;HOOFDLEIDING;_;8 BAR;_;PE;_;90;;;-;G;;;;;*-**-KL-GAS_HD_HOOFDLEIDING_8 BAR_PE_90-G;0.18;30;32;30;30;252;KL-GAS_HD-SO;0.35;30;32;30;30;252;KL-GAS_HD-SO;0.35;30;32;30;30;252;V-KL-GAS_HD-SO;0.35;30;32;30;30;252;KL-GAS_HD-SO;;;2.3;;;1094;1088;
GAS_HD_HOOFDLEIDING_8 BAR_PVC;*;-;**;-;KL;-;GAS;_;HD;_;HOOFDLEIDING;_;8 BAR;_;PVC;;;;;-;G;;;;;*-**-KL-GAS_HD_HOOFDLEIDING_8 BAR_PVC-G;0.18;30;32;30;30;252;KL-GAS_HD-SO;0.35;30;32;30;30;252;KL-GAS_HD-SO;0.35;30;32;30;30;252;V-KL-GAS_HD-SO;0.35;30;32;30;30;252;KL-GAS_HD-SO;;;2.3;;;1095;1087;
GAS_HD_HOOFDLEIDING_8 BAR_PVC_110;*;-;**;-;KL;-;GAS;_;HD;_;HOOFDLEIDING;_;8 BAR;_;PVC;_;110;;;-;G;;;;;*-**-KL-GAS_HD_HOOFDLEIDING_8 BAR_PVC_110-G;0.18;30;32;30;30;252;KL-GAS_HD-SO;0.35;30;32;30;30;252;KL-GAS_HD-SO;0.35;30;32;30;30;252;V-KL-GAS_HD-SO;0.35;30;32;30;30;252;KL-GAS_HD-SO;;;2.3;;;1096;1095;
GAS_HD_HOOFDLEIDING_8 BAR_PVC_160;*;-;**;-;KL;-;GAS;_;HD;_;HOOFDLEIDING;_;8 BAR;_;PVC;_;160;;;-;G;;;;;*-**-KL-GAS_HD_HOOFDLEIDING_8 BAR_PVC_160-G;0.18;30;32;30;30;252;KL-GAS_HD-SO;0.35;30;32;30;30;252;KL-GAS_HD-SO;0.35;30;32;30;30;252;V-KL-GAS_HD-SO;0.35;30;32;30;30;252;KL-GAS_HD-SO;;;2.3;;;1097;1095;
GAS_HD_HOOFDLEIDING_8 BAR_PVC_250;*;-;**;-;KL;-;GAS;_;HD;_;HOOFDLEIDING;_;8 BAR;_;PVC;_;250;;;-;G;;;;;*-**-KL-GAS_HD_HOOFDLEIDING_8 BAR_PVC_250-G;0.18;30;32;30;30;252;KL-GAS_HD-SO;0.35;30;32;30;30;252;KL-GAS_HD-SO;0.35;30;32;30;30;252;V-KL-GAS_HD-SO;0.35;30;32;30;30;252;KL-GAS_HD-SO;;;2.3;;;1098;1095;
GAS_HD_HOOFDLEIDING_8 BAR_PVC_315;*;-;**;-;KL;-;GAS;_;HD;_;HOOFDLEIDING;_;8 BAR;_;PVC;_;315;;;-;G;;;;;*-**-KL-GAS_HD_HOOFDLEIDING_8 BAR_PVC_315-G;0.18;30;32;30;30;252;KL-GAS_HD-SO;0.35;30;32;30;30;252;KL-GAS_HD-SO;0.35;30;32;30;30;252;V-KL-GAS_HD-SO;0.35;30;32;30;30;252;KL-GAS_HD-SO;;;2.3;;;1099;1095;
GAS_HD_HOOFDLEIDING_8 BAR_PVC_75;*;-;**;-;KL;-;GAS;_;HD;_;HOOFDLEIDING;_;8 BAR;_;PVC;_;75;;;-;G;;;;;*-**-KL-GAS_HD_HOOFDLEIDING_8 BAR_PVC_75-G;0.18;30;32;30;30;252;KL-GAS_HD-SO;0.35;30;32;30;30;252;KL-GAS_HD-SO;0.35;30;32;30;30;252;V-KL-GAS_HD-SO;0.35;30;32;30;30;252;KL-GAS_HD-SO;;;2.3;;;1100;1095;
GAS_HD_HOOFDLEIDING_8 BAR_PVC_90;*;-;**;-;KL;-;GAS;_;HD;_;HOOFDLEIDING;_;8 BAR;_;PVC;_;90;;;-;G;;;;;*-**-KL-GAS_HD_HOOFDLEIDING_8 BAR_PVC_90-G;0.18;30;32;30;30;252;KL-GAS_HD-SO;0.35;30;32;30;30;252;KL-GAS_HD-SO;0.35;30;32;30;30;252;V-KL-GAS_HD-SO;0.35;30;32;30;30;252;KL-GAS_HD-SO;;;2.3;;;1101;1095;
GAS_HULPSTUK;*;-;**;-;KL;-;GAS;_;HULPSTUK;;;;;;;;;;;-;G/S;;;;SKL-WTB_HULP;*-**-KL-GAS_HULPSTUK-G/S;0.18;30;32;30;30;252;CONTINUOUS;0.35;30;32;30;30;252;CONTINUOUS;0.35;30;32;30;30;252;V-CONTINUOUS-SO;0.35;30;32;30;30;252;CONTINUOUS;;;2.3;;;1102;998;
GAS_HULPSTUK_AANSLUITPUNT;*;-;**;-;KL;-;GAS;_;HULPSTUK;_;AANSLUITPUNT;;;;;;;;;-;G;;;;;*-**-KL-GAS_HULPSTUK_AANSLUITPUNT-G;0.18;30;32;30;30;252;CONTINUOUS;0.35;30;32;30;30;252;CONTINUOUS;0.35;30;32;30;30;252;V-CONTINUOUS-SO;0.35;30;32;30;30;252;CONTINUOUS;;;2.3;;;1103;1102;
GAS_HULPSTUK_AFSLUITER;*;-;**;-;KL;-;GAS;_;HULPSTUK;_;AFSLUITER;;;;;;;;;-;G;;;;;*-**-KL-GAS_HULPSTUK_AFSLUITER-G;0.18;30;32;30;30;252;CONTINUOUS;0.35;30;32;30;30;252;CONTINUOUS;0.35;30;32;30;30;252;V-CONTINUOUS-SO;0.35;30;32;30;30;252;CONTINUOUS;;;2.3;;;1104;1102;
GAS_HULPSTUK_DRUKMEETPUNT;*;-;**;-;KL;-;GAS;_;HULPSTUK;_;DRUKMEETPUNT;;;;;;;;;-;G;;;;;*-**-KL-GAS_HULPSTUK_DRUKMEETPUNT-G;0.18;30;32;30;30;252;CONTINUOUS;0.35;30;32;30;30;252;CONTINUOUS;0.35;30;32;30;30;252;V-CONTINUOUS-SO;0.35;30;32;30;30;252;CONTINUOUS;;;2.3;;;1105;1102;
GAS_HULPSTUK_FLENSVERBINDING;*;-;**;-;KL;-;GAS;_;HULPSTUK;_;FLENSVERBINDING;;;;;;;;;-;G;;;;;*-**-KL-GAS_HULPSTUK_FLENSVERBINDING-G;0.18;30;32;30;30;252;CONTINUOUS;0.35;30;32;30;30;252;CONTINUOUS;0.35;30;32;30;30;252;V-CONTINUOUS-SO;0.35;30;32;30;30;252;CONTINUOUS;;;2.3;;;1106;1102;
GAS_HULPSTUK_KNOOPPUNT;*;-;**;-;KL;-;GAS;_;HULPSTUK;_;KNOOPPUNT;;;;;;;;;-;G;;;;;*-**-KL-GAS_HULPSTUK_KNOOPPUNT-G;0.18;30;32;30;30;252;CONTINUOUS;0.35;30;32;30;30;252;CONTINUOUS;0.35;30;32;30;30;252;V-CONTINUOUS-SO;0.35;30;32;30;30;252;CONTINUOUS;;;2.3;;;1107;1102;
GAS_HULPSTUK_MOFVERBINDING;*;-;**;-;KL;-;GAS;_;HULPSTUK;_;MOFVERBINDING;;;;;;;;;-;G;;;;;*-**-KL-GAS_HULPSTUK_MOFVERBINDING-G;0.18;30;32;30;30;252;CONTINUOUS;0.35;30;32;30;30;252;CONTINUOUS;0.35;30;32;30;30;252;V-CONTINUOUS-SO;0.35;30;32;30;30;252;CONTINUOUS;;;2.3;;;1108;1102;
GAS_HULPSTUK_OVERIG;*;-;**;-;KL;-;GAS;_;HULPSTUK;_;OVERIG;;;;;;;;;-;G;;;;;*-**-KL-GAS_HULPSTUK_OVERIG-G;0.18;30;32;30;30;252;CONTINUOUS;0.35;30;32;30;30;252;CONTINUOUS;0.35;30;32;30;30;252;V-CONTINUOUS-SO;0.35;30;32;30;30;252;CONTINUOUS;;;3.1;;VERVALLEN;1109;1102;
GAS_HULPSTUK_STRAATPOT;*;-;**;-;KL;-;GAS;_;HULPSTUK;_;STRAATPOT;;;;;;;;;-;G/S;;;;SKL-GAS_STRAATPOT;*-**-KL-GAS_HULPSTUK_STRAATPOT-G/S;0.18;30;32;30;30;252;CONTINUOUS;0.35;30;32;30;30;252;CONTINUOUS;0.35;30;32;30;30;252;V-CONTINUOUS-SO;0.35;30;32;30;30;252;CONTINUOUS;;;2.3;;;1110;1102;
GAS_INKOOPPUNT;*;-;**;-;KL;-;GAS;_;INKOOPPUNT;;;;;;;;;;;-;G/S;;;;SKL-WTB_INKOOPPUNT;*-**-KL-GAS_INKOOPPUNT-G/S;0.18;30;32;30;30;252;CONTINUOUS;0.35;30;32;30;30;252;CONTINUOUS;0.35;30;32;30;30;252;V-CONTINUOUS-SO;0.35;30;32;30;30;252;CONTINUOUS;;;2.3;;;1111;998;
GAS_LD;*;-;**;-;KL;-;GAS;_;LD;;;;;;;;;;;-;G;;;;;*-**-KL-GAS_LD-G;0.18;50;52;50;50;252;KL-GAS_LD-SO;0.35;50;52;50;50;252;KL-GAS_LD-SO;0.35;50;52;50;50;252;V-KL-GAS_LD-SO;0.35;50;52;50;50;252;KL-GAS_LD-SO;;;4.0;Kleur 50 ipv 30 vanwege verschil met HD;GEWIJZIGD;1112;998;
GAS_LD_AANSLUITLEIDING;*;-;**;-;KL;-;GAS;_;LD;_;AANSLUITLEIDING;;;;;;;;;-;G;;;;;*-**-KL-GAS_LD_AANSLUITLEIDING-G;0.18;50;52;50;50;252;KL-GAS_LD-SO;0.35;50;52;50;50;252;KL-GAS_LD-SO;0.35;50;52;50;50;252;V-KL-GAS_LD-SO;0.35;50;52;50;50;252;KL-GAS_LD-SO;;;4.0;Kleur 50 ipv 30 vanwege verschil met HD;GEWIJZIGD;1113;1112;
GAS_LD_AANSLUITLEIDING_100 MBAR;*;-;**;-;KL;-;GAS;_;LD;_;AANSLUITLEIDING;_;100 MBAR;;;;;;;-;G;;;;;*-**-KL-GAS_LD_AANSLUITLEIDING_100 MBAR-G;0.18;50;52;50;50;252;KL-GAS_LD-SO;0.35;50;52;50;50;252;KL-GAS_LD-SO;0.35;50;52;50;50;252;V-KL-GAS_LD-SO;0.35;50;52;50;50;252;KL-GAS_LD-SO;;;4.0;Kleur 50 ipv 30 vanwege verschil met HD;GEWIJZIGD;1114;1113;
GAS_LD_AANSLUITLEIDING_100 MBAR_PE;*;-;**;-;KL;-;GAS;_;LD;_;AANSLUITLEIDING;_;100 MBAR;_;PE;;;;;-;G;;;;;*-**-KL-GAS_LD_AANSLUITLEIDING_100 MBAR_PE-G;0.18;50;52;50;50;252;KL-GAS_LD-SO;0.35;50;52;50;50;252;KL-GAS_LD-SO;0.35;50;52;50;50;252;V-KL-GAS_LD-SO;0.35;50;52;50;50;252;KL-GAS_LD-SO;;;4.0;Kleur 50 ipv 30 vanwege verschil met HD;GEWIJZIGD;1115;1114;
GAS_LD_AANSLUITLEIDING_100 MBAR_PE_25;*;-;**;-;KL;-;GAS;_;LD;_;AANSLUITLEIDING;_;100 MBAR;_;PE;_;25;;;-;G;;;;;*-**-KL-GAS_LD_AANSLUITLEIDING_100 MBAR_PE_25-G;0.18;50;52;50;50;252;KL-GAS_LD-SO;0.35;50;52;50;50;252;KL-GAS_LD-SO;0.35;50;52;50;50;252;V-KL-GAS_LD-SO;0.35;50;52;50;50;252;KL-GAS_LD-SO;;;4.0;Kleur 50 ipv 30 vanwege verschil met HD;GEWIJZIGD;1116;1115;
GAS_LD_AANSLUITLEIDING_100 MBAR_PE_32;*;-;**;-;KL;-;GAS;_;LD;_;AANSLUITLEIDING;_;100 MBAR;_;PE;_;32;;;-;G;;;;;*-**-KL-GAS_LD_AANSLUITLEIDING_100 MBAR_PE_32-G;0.18;50;52;50;50;252;KL-GAS_LD-SO;0.35;50;52;50;50;252;KL-GAS_LD-SO;0.35;50;52;50;50;252;V-KL-GAS_LD-SO;0.35;50;52;50;50;252;KL-GAS_LD-SO;;;4.0;Kleur 50 ipv 30 vanwege verschil met HD;GEWIJZIGD;1117;1115;
GAS_LD_AANSLUITLEIDING_100 MBAR_PE_40;*;-;**;-;KL;-;GAS;_;LD;_;AANSLUITLEIDING;_;100 MBAR;_;PE;_;40;;;-;G;;;;;*-**-KL-GAS_LD_AANSLUITLEIDING_100 MBAR_PE_40-G;0.18;50;52;50;50;252;KL-GAS_LD-SO;0.35;50;52;50;50;252;KL-GAS_LD-SO;0.35;50;52;50;50;252;V-KL-GAS_LD-SO;0.35;50;52;50;50;252;KL-GAS_LD-SO;;;4.0;Kleur 50 ipv 30 vanwege verschil met HD;GEWIJZIGD;1118;1115;
GAS_LD_AANSLUITLEIDING_100 MBAR_PE_50;*;-;**;-;KL;-;GAS;_;LD;_;AANSLUITLEIDING;_;100 MBAR;_;PE;_;50;;;-;G;;;;;*-**-KL-GAS_LD_AANSLUITLEIDING_100 MBAR_PE_50-G;0.18;50;52;50;50;252;KL-GAS_LD-SO;0.35;50;52;50;50;252;KL-GAS_LD-SO;0.35;50;52;50;50;252;V-KL-GAS_LD-SO;0.35;50;52;50;50;252;KL-GAS_LD-SO;;;4.0;Kleur 50 ipv 30 vanwege verschil met HD;GEWIJZIGD;1119;1115;
GAS_LD_AANSLUITLEIDING_100 MBAR_PE_75;*;-;**;-;KL;-;GAS;_;LD;_;AANSLUITLEIDING;_;100 MBAR;_;PE;_;75;;;-;G;;;;;*-**-KL-GAS_LD_AANSLUITLEIDING_100 MBAR_PE_75-G;0.18;50;52;50;50;252;KL-GAS_LD-SO;0.35;50;52;50;50;252;KL-GAS_LD-SO;0.35;50;52;50;50;252;V-KL-GAS_LD-SO;0.35;50;52;50;50;252;KL-GAS_LD-SO;;;4.0;Kleur 50 ipv 30 vanwege verschil met HD;GEWIJZIGD;1120;1115;
GAS_LD_AANSLUITLEIDING_100 MBAR_PE_90;*;-;**;-;KL;-;GAS;_;LD;_;AANSLUITLEIDING;_;100 MBAR;_;PE;_;90;;;-;G;;;;;*-**-KL-GAS_LD_AANSLUITLEIDING_100 MBAR_PE_90-G;0.18;50;52;50;50;252;KL-GAS_LD-SO;0.35;50;52;50;50;252;KL-GAS_LD-SO;0.35;50;52;50;50;252;V-KL-GAS_LD-SO;0.35;50;52;50;50;252;KL-GAS_LD-SO;;;4.0;Kleur 50 ipv 30 vanwege verschil met HD;GEWIJZIGD;1121;1115;
GAS_LD_AANSLUITLEIDING_100 MBAR_PVC;*;-;**;-;KL;-;GAS;_;LD;_;AANSLUITLEIDING;_;100 MBAR;_;PVC;;;;;-;G;;;;;*-**-KL-GAS_LD_AANSLUITLEIDING_100 MBAR_PVC-G;0.18;50;52;50;50;252;KL-GAS_LD-SO;0.35;50;52;50;50;252;KL-GAS_LD-SO;0.35;50;52;50;50;252;V-KL-GAS_LD-SO;0.35;50;52;50;50;252;KL-GAS_LD-SO;;;4.0;Kleur 50 ipv 30 vanwege verschil met HD;GEWIJZIGD;1122;1114;
GAS_LD_AANSLUITLEIDING_100 MBAR_PVC_25;*;-;**;-;KL;-;GAS;_;LD;_;AANSLUITLEIDING;_;100 MBAR;_;PVC;_;25;;;-;G;;;;;*-**-KL-GAS_LD_AANSLUITLEIDING_100 MBAR_PVC_25-G;0.18;50;52;50;50;252;KL-GAS_LD-SO;0.35;50;52;50;50;252;KL-GAS_LD-SO;0.35;50;52;50;50;252;V-KL-GAS_LD-SO;0.35;50;52;50;50;252;KL-GAS_LD-SO;;;4.0;Kleur 50 ipv 30 vanwege verschil met HD;GEWIJZIGD;1123;1122;
GAS_LD_AANSLUITLEIDING_100 MBAR_PVC_32;*;-;**;-;KL;-;GAS;_;LD;_;AANSLUITLEIDING;_;100 MBAR;_;PVC;_;32;;;-;G;;;;;*-**-KL-GAS_LD_AANSLUITLEIDING_100 MBAR_PVC_32-G;0.18;50;52;50;50;252;KL-GAS_LD-SO;0.35;50;52;50;50;252;KL-GAS_LD-SO;0.35;50;52;50;50;252;V-KL-GAS_LD-SO;0.35;50;52;50;50;252;KL-GAS_LD-SO;;;4.0;Kleur 50 ipv 30 vanwege verschil met HD;GEWIJZIGD;1124;1122;
GAS_LD_AANSLUITLEIDING_100 MBAR_PVC_40;*;-;**;-;KL;-;GAS;_;LD;_;AANSLUITLEIDING;_;100 MBAR;_;PVC;_;40;;;-;G;;;;;*-**-KL-GAS_LD_AANSLUITLEIDING_100 MBAR_PVC_40-G;0.18;50;52;50;50;252;KL-GAS_LD-SO;0.35;50;52;50;50;252;KL-GAS_LD-SO;0.35;50;52;50;50;252;V-KL-GAS_LD-SO;0.35;50;52;50;50;252;KL-GAS_LD-SO;;;4.0;Kleur 50 ipv 30 vanwege verschil met HD;GEWIJZIGD;1125;1122;
GAS_LD_AANSLUITLEIDING_100 MBAR_PVC_50;*;-;**;-;KL;-;GAS;_;LD;_;AANSLUITLEIDING;_;100 MBAR;_;PVC;_;50;;;-;G;;;;;*-**-KL-GAS_LD_AANSLUITLEIDING_100 MBAR_PVC_50-G;0.18;50;52;50;50;252;KL-GAS_LD-SO;0.35;50;52;50;50;252;KL-GAS_LD-SO;0.35;50;52;50;50;252;V-KL-GAS_LD-SO;0.35;50;52;50;50;252;KL-GAS_LD-SO;;;4.0;Kleur 50 ipv 30 vanwege verschil met HD;GEWIJZIGD;1126;1122;
GAS_LD_AANSLUITLEIDING_100 MBAR_PVC_75;*;-;**;-;KL;-;GAS;_;LD;_;AANSLUITLEIDING;_;100 MBAR;_;PVC;_;75;;;-;G;;;;;*-**-KL-GAS_LD_AANSLUITLEIDING_100 MBAR_PVC_75-G;0.18;50;52;50;50;252;KL-GAS_LD-SO;0.35;50;52;50;50;252;KL-GAS_LD-SO;0.35;50;52;50;50;252;V-KL-GAS_LD-SO;0.35;50;52;50;50;252;KL-GAS_LD-SO;;;4.0;Kleur 50 ipv 30 vanwege verschil met HD;GEWIJZIGD;1127;1122;
GAS_LD_AANSLUITLEIDING_100 MBAR_PVC_90;*;-;**;-;KL;-;GAS;_;LD;_;AANSLUITLEIDING;_;100 MBAR;_;PVC;_;90;;;-;G;;;;;*-**-KL-GAS_LD_AANSLUITLEIDING_100 MBAR_PVC_90-G;0.18;50;52;50;50;252;KL-GAS_LD-SO;0.35;50;52;50;50;252;KL-GAS_LD-SO;0.35;50;52;50;50;252;V-KL-GAS_LD-SO;0.35;50;52;50;50;252;KL-GAS_LD-SO;;;4.0;Kleur 50 ipv 30 vanwege verschil met HD;GEWIJZIGD;1128;1122;
GAS_LD_AANSLUITLEIDING_30 MBAR;*;-;**;-;KL;-;GAS;_;LD;_;AANSLUITLEIDING;_;30 MBAR;;;;;;;-;G;;;;;*-**-KL-GAS_LD_AANSLUITLEIDING_30 MBAR-G;0.18;50;52;50;50;252;KL-GAS_LD-SO;0.35;50;52;50;50;252;KL-GAS_LD-SO;0.35;50;52;50;50;252;V-KL-GAS_LD-SO;0.35;50;52;50;50;252;KL-GAS_LD-SO;;;4.0;Kleur 50 ipv 30 vanwege verschil met HD;GEWIJZIGD;1129;1113;
GAS_LD_AANSLUITLEIDING_30 MBAR_PE;*;-;**;-;KL;-;GAS;_;LD;_;AANSLUITLEIDING;_;30 MBAR;_;PE;;;;;-;G;;;;;*-**-KL-GAS_LD_AANSLUITLEIDING_30 MBAR_PE-G;0.18;50;52;50;50;252;KL-GAS_LD-SO;0.35;50;52;50;50;252;KL-GAS_LD-SO;0.35;50;52;50;50;252;V-KL-GAS_LD-SO;0.35;50;52;50;50;252;KL-GAS_LD-SO;;;4.0;Kleur 50 ipv 30 vanwege verschil met HD;GEWIJZIGD;1130;1129;
GAS_LD_AANSLUITLEIDING_30 MBAR_PE_25;*;-;**;-;KL;-;GAS;_;LD;_;AANSLUITLEIDING;_;30 MBAR;_;PE;_;25;;;-;G;;;;;*-**-KL-GAS_LD_AANSLUITLEIDING_30 MBAR_PE_25-G;0.18;50;52;50;50;252;KL-GAS_LD-SO;0.35;50;52;50;50;252;KL-GAS_LD-SO;0.35;50;52;50;50;252;V-KL-GAS_LD-SO;0.35;50;52;50;50;252;KL-GAS_LD-SO;;;4.0;Kleur 50 ipv 30 vanwege verschil met HD;GEWIJZIGD;1131;1130;
GAS_LD_AANSLUITLEIDING_30 MBAR_PE_32;*;-;**;-;KL;-;GAS;_;LD;_;AANSLUITLEIDING;_;30 MBAR;_;PE;_;32;;;-;G;;;;;*-**-KL-GAS_LD_AANSLUITLEIDING_30 MBAR_PE_32-G;0.18;50;52;50;50;252;KL-GAS_LD-SO;0.35;50;52;50;50;252;KL-GAS_LD-SO;0.35;50;52;50;50;252;V-KL-GAS_LD-SO;0.35;50;52;50;50;252;KL-GAS_LD-SO;;;4.0;Kleur 50 ipv 30 vanwege verschil met HD;GEWIJZIGD;1132;1130;
GAS_LD_AANSLUITLEIDING_30 MBAR_PE_40;*;-;**;-;KL;-;GAS;_;LD;_;AANSLUITLEIDING;_;30 MBAR;_;PE;_;40;;;-;G;;;;;*-**-KL-GAS_LD_AANSLUITLEIDING_30 MBAR_PE_40-G;0.18;50;52;50;50;252;KL-GAS_LD-SO;0.35;50;52;50;50;252;KL-GAS_LD-SO;0.35;50;52;50;50;252;V-KL-GAS_LD-SO;0.35;50;52;50;50;252;KL-GAS_LD-SO;;;4.0;Kleur 50 ipv 30 vanwege verschil met HD;GEWIJZIGD;1133;1130;
GAS_LD_AANSLUITLEIDING_30 MBAR_PE_50;*;-;**;-;KL;-;GAS;_;LD;_;AANSLUITLEIDING;_;30 MBAR;_;PE;_;50;;;-;G;;;;;*-**-KL-GAS_LD_AANSLUITLEIDING_30 MBAR_PE_50-G;0.18;50;52;50;50;252;KL-GAS_LD-SO;0.35;50;52;50;50;252;KL-GAS_LD-SO;0.35;50;52;50;50;252;V-KL-GAS_LD-SO;0.35;50;52;50;50;252;KL-GAS_LD-SO;;;4.0;Kleur 50 ipv 30 vanwege verschil met HD;GEWIJZIGD;1134;1130;
GAS_LD_AANSLUITLEIDING_30 MBAR_PE_75;*;-;**;-;KL;-;GAS;_;LD;_;AANSLUITLEIDING;_;30 MBAR;_;PE;_;75;;;-;G;;;;;*-**-KL-GAS_LD_AANSLUITLEIDING_30 MBAR_PE_75-G;0.18;50;52;50;50;252;KL-GAS_LD-SO;0.35;50;52;50;50;252;KL-GAS_LD-SO;0.35;50;52;50;50;252;V-KL-GAS_LD-SO;0.35;50;52;50;50;252;KL-GAS_LD-SO;;;4.0;Kleur 50 ipv 30 vanwege verschil met HD;GEWIJZIGD;1135;1130;
GAS_LD_AANSLUITLEIDING_30 MBAR_PE_90;*;-;**;-;KL;-;GAS;_;LD;_;AANSLUITLEIDING;_;30 MBAR;_;PE;_;90;;;-;G;;;;;*-**-KL-GAS_LD_AANSLUITLEIDING_30 MBAR_PE_90-G;0.18;50;52;50;50;252;KL-GAS_LD-SO;0.35;50;52;50;50;252;KL-GAS_LD-SO;0.35;50;52;50;50;252;V-KL-GAS_LD-SO;0.35;50;52;50;50;252;KL-GAS_LD-SO;;;4.0;Kleur 50 ipv 30 vanwege verschil met HD;GEWIJZIGD;1136;1130;
GAS_LD_AANSLUITLEIDING_30 MBAR_PVC;*;-;**;-;KL;-;GAS;_;LD;_;AANSLUITLEIDING;_;30 MBAR;_;PVC;;;;;-;G;;;;;*-**-KL-GAS_LD_AANSLUITLEIDING_30 MBAR_PVC-G;0.18;50;52;50;50;252;KL-GAS_LD-SO;0.35;50;52;50;50;252;KL-GAS_LD-SO;0.35;50;52;50;50;252;V-KL-GAS_LD-SO;0.35;50;52;50;50;252;KL-GAS_LD-SO;;;4.0;Kleur 50 ipv 30 vanwege verschil met HD;GEWIJZIGD;1137;1129;
GAS_LD_AANSLUITLEIDING_30 MBAR_PVC_25;*;-;**;-;KL;-;GAS;_;LD;_;AANSLUITLEIDING;_;30 MBAR;_;PVC;_;25;;;-;G;;;;;*-**-KL-GAS_LD_AANSLUITLEIDING_30 MBAR_PVC_25-G;0.18;50;52;50;50;252;KL-GAS_LD-SO;0.35;50;52;50;50;252;KL-GAS_LD-SO;0.35;50;52;50;50;252;V-KL-GAS_LD-SO;0.35;50;52;50;50;252;KL-GAS_LD-SO;;;4.0;Kleur 50 ipv 30 vanwege verschil met HD;GEWIJZIGD;1138;1137;
GAS_LD_AANSLUITLEIDING_30 MBAR_PVC_32;*;-;**;-;KL;-;GAS;_;LD;_;AANSLUITLEIDING;_;30 MBAR;_;PVC;_;32;;;-;G;;;;;*-**-KL-GAS_LD_AANSLUITLEIDING_30 MBAR_PVC_32-G;0.18;50;52;50;50;252;KL-GAS_LD-SO;0.35;50;52;50;50;252;KL-GAS_LD-SO;0.35;50;52;50;50;252;V-KL-GAS_LD-SO;0.35;50;52;50;50;252;KL-GAS_LD-SO;;;4.0;Kleur 50 ipv 30 vanwege verschil met HD;GEWIJZIGD;1139;1137;
GAS_LD_AANSLUITLEIDING_30 MBAR_PVC_40;*;-;**;-;KL;-;GAS;_;LD;_;AANSLUITLEIDING;_;30 MBAR;_;PVC;_;40;;;-;G;;;;;*-**-KL-GAS_LD_AANSLUITLEIDING_30 MBAR_PVC_40-G;0.18;50;52;50;50;252;KL-GAS_LD-SO;0.35;50;52;50;50;252;KL-GAS_LD-SO;0.35;50;52;50;50;252;V-KL-GAS_LD-SO;0.35;50;52;50;50;252;KL-GAS_LD-SO;;;4.0;Kleur 50 ipv 30 vanwege verschil met HD;GEWIJZIGD;1140;1137;
GAS_LD_AANSLUITLEIDING_30 MBAR_PVC_50;*;-;**;-;KL;-;GAS;_;LD;_;AANSLUITLEIDING;_;30 MBAR;_;PVC;_;50;;;-;G;;;;;*-**-KL-GAS_LD_AANSLUITLEIDING_30 MBAR_PVC_50-G;0.18;50;52;50;50;252;KL-GAS_LD-SO;0.35;50;52;50;50;252;KL-GAS_LD-SO;0.35;50;52;50;50;252;V-KL-GAS_LD-SO;0.35;50;52;50;50;252;KL-GAS_LD-SO;;;4.0;Kleur 50 ipv 30 vanwege verschil met HD;GEWIJZIGD;1141;1137;
GAS_LD_AANSLUITLEIDING_30 MBAR_PVC_75;*;-;**;-;KL;-;GAS;_;LD;_;AANSLUITLEIDING;_;30 MBAR;_;PVC;_;75;;;-;G;;;;;*-**-KL-GAS_LD_AANSLUITLEIDING_30 MBAR_PVC_75-G;0.18;50;52;50;50;252;KL-GAS_LD-SO;0.35;50;52;50;50;252;KL-GAS_LD-SO;0.35;50;52;50;50;252;V-KL-GAS_LD-SO;0.35;50;52;50;50;252;KL-GAS_LD-SO;;;4.0;Kleur 50 ipv 30 vanwege verschil met HD;GEWIJZIGD;1142;1137;
GAS_LD_HOOFDLEIDING;*;-;**;-;KL;-;GAS;_;LD;_;HOOFDLEIDING;;;;;;;;;-;G;;;;;*-**-KL-GAS_LD_HOOFDLEIDING-G;0.18;50;52;50;50;252;KL-GAS_LD-SO;0.35;50;52;50;50;252;KL-GAS_LD-SO;0.35;50;52;50;50;252;V-KL-GAS_LD-SO;0.35;50;52;50;50;252;KL-GAS_LD-SO;;;4.0;Kleur 50 ipv 30 vanwege verschil met HD;GEWIJZIGD;1143;1112;
GAS_LD_HOOFDLEIDING_100 MBAR;*;-;**;-;KL;-;GAS;_;LD;_;HOOFDLEIDING;_;100 MBAR;;;;;;;-;G;;;;;*-**-KL-GAS_LD_HOOFDLEIDING_100 MBAR-G;0.18;50;52;50;50;252;KL-GAS_LD-SO;0.35;50;52;50;50;252;KL-GAS_LD-SO;0.35;50;52;50;50;252;V-KL-GAS_LD-SO;0.35;50;52;50;50;252;KL-GAS_LD-SO;;;4.0;Kleur 50 ipv 30 vanwege verschil met HD;GEWIJZIGD;1144;1143;
GAS_LD_HOOFDLEIDING_100 MBAR_PE;*;-;**;-;KL;-;GAS;_;LD;_;HOOFDLEIDING;_;100 MBAR;_;PE;;;;;-;G;;;;;*-**-KL-GAS_LD_HOOFDLEIDING_100 MBAR_PE-G;0.18;50;52;50;50;252;KL-GAS_LD-SO;0.35;50;52;50;50;252;KL-GAS_LD-SO;0.35;50;52;50;50;252;V-KL-GAS_LD-SO;0.35;50;52;50;50;252;KL-GAS_LD-SO;;;4.0;Kleur 50 ipv 30 vanwege verschil met HD;GEWIJZIGD;1145;1144;
GAS_LD_HOOFDLEIDING_100 MBAR_PE_110;*;-;**;-;KL;-;GAS;_;LD;_;HOOFDLEIDING;_;100 MBAR;_;PE;_;110;;;-;G;;;;;*-**-KL-GAS_LD_HOOFDLEIDING_100 MBAR_PE_110-G;0.18;50;52;50;50;252;KL-GAS_LD-SO;0.35;50;52;50;50;252;KL-GAS_LD-SO;0.35;50;52;50;50;252;V-KL-GAS_LD-SO;0.35;50;52;50;50;252;KL-GAS_LD-SO;;;4.0;Kleur 50 ipv 30 vanwege verschil met HD;GEWIJZIGD;1146;1145;
GAS_LD_HOOFDLEIDING_100 MBAR_PE_160;*;-;**;-;KL;-;GAS;_;LD;_;HOOFDLEIDING;_;100 MBAR;_;PE;_;160;;;-;G;;;;;*-**-KL-GAS_LD_HOOFDLEIDING_100 MBAR_PE_160-G;0.18;50;52;50;50;252;KL-GAS_LD-SO;0.35;50;52;50;50;252;KL-GAS_LD-SO;0.35;50;52;50;50;252;V-KL-GAS_LD-SO;0.35;50;52;50;50;252;KL-GAS_LD-SO;;;4.0;Kleur 50 ipv 30 vanwege verschil met HD;GEWIJZIGD;1147;1145;
GAS_LD_HOOFDLEIDING_100 MBAR_PE_250;*;-;**;-;KL;-;GAS;_;LD;_;HOOFDLEIDING;_;100 MBAR;_;PE;_;250;;;-;G;;;;;*-**-KL-GAS_LD_HOOFDLEIDING_100 MBAR_PE_250-G;0.18;50;52;50;50;252;KL-GAS_LD-SO;0.35;50;52;50;50;252;KL-GAS_LD-SO;0.35;50;52;50;50;252;V-KL-GAS_LD-SO;0.35;50;52;50;50;252;KL-GAS_LD-SO;;;4.0;Kleur 50 ipv 30 vanwege verschil met HD;GEWIJZIGD;1148;1145;
GAS_LD_HOOFDLEIDING_100 MBAR_PE_315;*;-;**;-;KL;-;GAS;_;LD;_;HOOFDLEIDING;_;100 MBAR;_;PE;_;315;;;-;G;;;;;*-**-KL-GAS_LD_HOOFDLEIDING_100 MBAR_PE_315-G;0.18;50;52;50;50;252;KL-GAS_LD-SO;0.35;50;52;50;50;252;KL-GAS_LD-SO;0.35;50;52;50;50;252;V-KL-GAS_LD-SO;0.35;50;52;50;50;252;KL-GAS_LD-SO;;;4.0;Kleur 50 ipv 30 vanwege verschil met HD;GEWIJZIGD;1149;1145;
GAS_LD_HOOFDLEIDING_100 MBAR_PE_75;*;-;**;-;KL;-;GAS;_;LD;_;HOOFDLEIDING;_;100 MBAR;_;PE;_;75;;;-;G;;;;;*-**-KL-GAS_LD_HOOFDLEIDING_100 MBAR_PE_75-G;0.18;50;52;50;50;252;KL-GAS_LD-SO;0.35;50;52;50;50;252;KL-GAS_LD-SO;0.35;50;52;50;50;252;V-KL-GAS_LD-SO;0.35;50;52;50;50;252;KL-GAS_LD-SO;;;4.0;Kleur 50 ipv 30 vanwege verschil met HD;GEWIJZIGD;1150;1145;
GAS_LD_HOOFDLEIDING_100 MBAR_PE_90;*;-;**;-;KL;-;GAS;_;LD;_;HOOFDLEIDING;_;100 MBAR;_;PE;_;90;;;-;G;;;;;*-**-KL-GAS_LD_HOOFDLEIDING_100 MBAR_PE_90-G;0.18;50;52;50;50;252;KL-GAS_LD-SO;0.35;50;52;50;50;252;KL-GAS_LD-SO;0.35;50;52;50;50;252;V-KL-GAS_LD-SO;0.35;50;52;50;50;252;KL-GAS_LD-SO;;;4.0;Kleur 50 ipv 30 vanwege verschil met HD;GEWIJZIGD;1151;1145;
GAS_LD_HOOFDLEIDING_100 MBAR_PVC;*;-;**;-;KL;-;GAS;_;LD;_;HOOFDLEIDING;_;100 MBAR;_;PVC;;;;;-;G;;;;;*-**-KL-GAS_LD_HOOFDLEIDING_100 MBAR_PVC-G;0.18;50;52;50;50;252;KL-GAS_LD-SO;0.35;50;52;50;50;252;KL-GAS_LD-SO;0.35;50;52;50;50;252;V-KL-GAS_LD-SO;0.35;50;52;50;50;252;KL-GAS_LD-SO;;;4.0;Kleur 50 ipv 30 vanwege verschil met HD;GEWIJZIGD;1152;1144;
GAS_LD_HOOFDLEIDING_100 MBAR_PVC_110;*;-;**;-;KL;-;GAS;_;LD;_;HOOFDLEIDING;_;100 MBAR;_;PVC;_;110;;;-;G;;;;;*-**-KL-GAS_LD_HOOFDLEIDING_100 MBAR_PVC_110-G;0.18;50;52;50;50;252;KL-GAS_LD-SO;0.35;50;52;50;50;252;KL-GAS_LD-SO;0.35;50;52;50;50;252;V-KL-GAS_LD-SO;0.35;50;52;50;50;252;KL-GAS_LD-SO;;;4.0;Kleur 50 ipv 30 vanwege verschil met HD;GEWIJZIGD;1153;1152;
GAS_LD_HOOFDLEIDING_100 MBAR_PVC_160;*;-;**;-;KL;-;GAS;_;LD;_;HOOFDLEIDING;_;100 MBAR;_;PVC;_;160;;;-;G;;;;;*-**-KL-GAS_LD_HOOFDLEIDING_100 MBAR_PVC_160-G;0.18;50;52;50;50;252;KL-GAS_LD-SO;0.35;50;52;50;50;252;KL-GAS_LD-SO;0.35;50;52;50;50;252;V-KL-GAS_LD-SO;0.35;50;52;50;50;252;KL-GAS_LD-SO;;;4.0;Kleur 50 ipv 30 vanwege verschil met HD;GEWIJZIGD;1154;1152;
GAS_LD_HOOFDLEIDING_100 MBAR_PVC_250;*;-;**;-;KL;-;GAS;_;LD;_;HOOFDLEIDING;_;100 MBAR;_;PVC;_;250;;;-;G;;;;;*-**-KL-GAS_LD_HOOFDLEIDING_100 MBAR_PVC_250-G;0.18;50;52;50;50;252;KL-GAS_LD-SO;0.35;50;52;50;50;252;KL-GAS_LD-SO;0.35;50;52;50;50;252;V-KL-GAS_LD-SO;0.35;50;52;50;50;252;KL-GAS_LD-SO;;;4.0;Kleur 50 ipv 30 vanwege verschil met HD;GEWIJZIGD;1155;1152;
GAS_LD_HOOFDLEIDING_100 MBAR_PVC_315;*;-;**;-;KL;-;GAS;_;LD;_;HOOFDLEIDING;_;100 MBAR;_;PVC;_;315;;;-;G;;;;;*-**-KL-GAS_LD_HOOFDLEIDING_100 MBAR_PVC_315-G;0.18;50;52;50;50;252;KL-GAS_LD-SO;0.35;50;52;50;50;252;KL-GAS_LD-SO;0.35;50;52;50;50;252;V-KL-GAS_LD-SO;0.35;50;52;50;50;252;KL-GAS_LD-SO;;;4.0;Kleur 50 ipv 30 vanwege verschil met HD;GEWIJZIGD;1156;1152;
GAS_LD_HOOFDLEIDING_100 MBAR_PVC_75;*;-;**;-;KL;-;GAS;_;LD;_;HOOFDLEIDING;_;100 MBAR;_;PVC;_;75;;;-;G;;;;;*-**-KL-GAS_LD_HOOFDLEIDING_100 MBAR_PVC_75-G;0.18;50;52;50;50;252;KL-GAS_LD-SO;0.35;50;52;50;50;252;KL-GAS_LD-SO;0.35;50;52;50;50;252;V-KL-GAS_LD-SO;0.35;50;52;50;50;252;KL-GAS_LD-SO;;;4.0;Kleur 50 ipv 30 vanwege verschil met HD;GEWIJZIGD;1157;1152;
GAS_LD_HOOFDLEIDING_100 MBAR_PVC_90;*;-;**;-;KL;-;GAS;_;LD;_;HOOFDLEIDING;_;100 MBAR;_;PVC;_;90;;;-;G;;;;;*-**-KL-GAS_LD_HOOFDLEIDING_100 MBAR_PVC_90-G;0.18;50;52;50;50;252;KL-GAS_LD-SO;0.35;50;52;50;50;252;KL-GAS_LD-SO;0.35;50;52;50;50;252;V-KL-GAS_LD-SO;0.35;50;52;50;50;252;KL-GAS_LD-SO;;;4.0;Kleur 50 ipv 30 vanwege verschil met HD;GEWIJZIGD;1158;1152;
GAS_LD_HOOFDLEIDING_30 MBAR;*;-;**;-;KL;-;GAS;_;LD;_;HOOFDLEIDING;_;30 MBAR;;;;;;;-;G;;;;;*-**-KL-GAS_LD_HOOFDLEIDING_30 MBAR-G;0.18;50;52;50;50;252;KL-GAS_LD-SO;0.35;50;52;50;50;252;KL-GAS_LD-SO;0.35;50;52;50;50;252;V-KL-GAS_LD-SO;0.35;50;52;50;50;252;KL-GAS_LD-SO;;;4.0;Kleur 50 ipv 30 vanwege verschil met HD;GEWIJZIGD;1159;1143;
GAS_LD_HOOFDLEIDING_30 MBAR_PE;*;-;**;-;KL;-;GAS;_;LD;_;HOOFDLEIDING;_;30 MBAR;_;PE;;;;;-;G;;;;;*-**-KL-GAS_LD_HOOFDLEIDING_30 MBAR_PE-G;0.18;50;52;50;50;252;KL-GAS_LD-SO;0.35;50;52;50;50;252;KL-GAS_LD-SO;0.35;50;52;50;50;252;V-KL-GAS_LD-SO;0.35;50;52;50;50;252;KL-GAS_LD-SO;;;4.0;Kleur 50 ipv 30 vanwege verschil met HD;GEWIJZIGD;1160;1159;
GAS_LD_HOOFDLEIDING_30 MBAR_PE_110;*;-;**;-;KL;-;GAS;_;LD;_;HOOFDLEIDING;_;30 MBAR;_;PE;_;110;;;-;G;;;;;*-**-KL-GAS_LD_HOOFDLEIDING_30 MBAR_PE_110-G;0.18;50;52;50;50;252;KL-GAS_LD-SO;0.35;50;52;50;50;252;KL-GAS_LD-SO;0.35;50;52;50;50;252;V-KL-GAS_LD-SO;0.35;50;52;50;50;252;KL-GAS_LD-SO;;;4.0;Kleur 50 ipv 30 vanwege verschil met HD;GEWIJZIGD;1161;1160;
GAS_LD_HOOFDLEIDING_30 MBAR_PE_160;*;-;**;-;KL;-;GAS;_;LD;_;HOOFDLEIDING;_;30 MBAR;_;PE;_;160;;;-;G;;;;;*-**-KL-GAS_LD_HOOFDLEIDING_30 MBAR_PE_160-G;0.18;50;52;50;50;252;KL-GAS_LD-SO;0.35;50;52;50;50;252;KL-GAS_LD-SO;0.35;50;52;50;50;252;V-KL-GAS_LD-SO;0.35;50;52;50;50;252;KL-GAS_LD-SO;;;4.0;Kleur 50 ipv 30 vanwege verschil met HD;GEWIJZIGD;1162;1160;
GAS_LD_HOOFDLEIDING_30 MBAR_PE_250;*;-;**;-;KL;-;GAS;_;LD;_;HOOFDLEIDING;_;30 MBAR;_;PE;_;250;;;-;G;;;;;*-**-KL-GAS_LD_HOOFDLEIDING_30 MBAR_PE_250-G;0.18;50;52;50;50;252;KL-GAS_LD-SO;0.35;50;52;50;50;252;KL-GAS_LD-SO;0.35;50;52;50;50;252;V-KL-GAS_LD-SO;0.35;50;52;50;50;252;KL-GAS_LD-SO;;;4.0;Kleur 50 ipv 30 vanwege verschil met HD;GEWIJZIGD;1163;1160;
GAS_LD_HOOFDLEIDING_30 MBAR_PE_315;*;-;**;-;KL;-;GAS;_;LD;_;HOOFDLEIDING;_;30 MBAR;_;PE;_;315;;;-;G;;;;;*-**-KL-GAS_LD_HOOFDLEIDING_30 MBAR_PE_315-G;0.18;50;52;50;50;252;KL-GAS_LD-SO;0.35;50;52;50;50;252;KL-GAS_LD-SO;0.35;50;52;50;50;252;V-KL-GAS_LD-SO;0.35;50;52;50;50;252;KL-GAS_LD-SO;;;4.0;Kleur 50 ipv 30 vanwege verschil met HD;GEWIJZIGD;1164;1160;
GAS_LD_HOOFDLEIDING_30 MBAR_PE_75;*;-;**;-;KL;-;GAS;_;LD;_;HOOFDLEIDING;_;30 MBAR;_;PE;_;75;;;-;G;;;;;*-**-KL-GAS_LD_HOOFDLEIDING_30 MBAR_PE_75-G;0.18;50;52;50;50;252;KL-GAS_LD-SO;0.35;50;52;50;50;252;KL-GAS_LD-SO;0.35;50;52;50;50;252;V-KL-GAS_LD-SO;0.35;50;52;50;50;252;KL-GAS_LD-SO;;;4.0;Kleur 50 ipv 30 vanwege verschil met HD;GEWIJZIGD;1165;1160;
GAS_LD_HOOFDLEIDING_30 MBAR_PE_90;*;-;**;-;KL;-;GAS;_;LD;_;HOOFDLEIDING;_;30 MBAR;_;PE;_;90;;;-;G;;;;;*-**-KL-GAS_LD_HOOFDLEIDING_30 MBAR_PE_90-G;0.18;50;52;50;50;252;KL-GAS_LD-SO;0.35;50;52;50;50;252;KL-GAS_LD-SO;0.35;50;52;50;50;252;V-KL-GAS_LD-SO;0.35;50;52;50;50;252;KL-GAS_LD-SO;;;4.0;Kleur 50 ipv 30 vanwege verschil met HD;GEWIJZIGD;1166;1160;
GAS_LD_HOOFDLEIDING_30 MBAR_PVC;*;-;**;-;KL;-;GAS;_;LD;_;HOOFDLEIDING;_;30 MBAR;_;PVC;;;;;-;G;;;;;*-**-KL-GAS_LD_HOOFDLEIDING_30 MBAR_PVC-G;0.18;50;52;50;50;252;KL-GAS_LD-SO;0.35;50;52;50;50;252;KL-GAS_LD-SO;0.35;50;52;50;50;252;V-KL-GAS_LD-SO;0.35;50;52;50;50;252;KL-GAS_LD-SO;;;4.0;Kleur 50 ipv 30 vanwege verschil met HD;GEWIJZIGD;1167;1159;
GAS_LD_HOOFDLEIDING_30 MBAR_PVC_110;*;-;**;-;KL;-;GAS;_;LD;_;HOOFDLEIDING;_;30 MBAR;_;PVC;_;110;;;-;G;;;;;*-**-KL-GAS_LD_HOOFDLEIDING_30 MBAR_PVC_110-G;0.18;50;52;50;50;252;KL-GAS_LD-SO;0.35;50;52;50;50;252;KL-GAS_LD-SO;0.35;50;52;50;50;252;V-KL-GAS_LD-SO;0.35;50;52;50;50;252;KL-GAS_LD-SO;;;4.0;Kleur 50 ipv 30 vanwege verschil met HD;GEWIJZIGD;1168;1167;
GAS_LD_HOOFDLEIDING_30 MBAR_PVC_160;*;-;**;-;KL;-;GAS;_;LD;_;HOOFDLEIDING;_;30 MBAR;_;PVC;_;160;;;-;G;;;;;*-**-KL-GAS_LD_HOOFDLEIDING_30 MBAR_PVC_160-G;0.18;50;52;50;50;252;KL-GAS_LD-SO;0.35;50;52;50;50;252;KL-GAS_LD-SO;0.35;50;52;50;50;252;V-KL-GAS_LD-SO;0.35;50;52;50;50;252;KL-GAS_LD-SO;;;4.0;Kleur 50 ipv 30 vanwege verschil met HD;GEWIJZIGD;1169;1167;
GAS_LD_HOOFDLEIDING_30 MBAR_PVC_250;*;-;**;-;KL;-;GAS;_;LD;_;HOOFDLEIDING;_;30 MBAR;_;PVC;_;250;;;-;G;;;;;*-**-KL-GAS_LD_HOOFDLEIDING_30 MBAR_PVC_250-G;0.18;50;52;50;50;252;KL-GAS_LD-SO;0.35;50;52;50;50;252;KL-GAS_LD-SO;0.35;50;52;50;50;252;V-KL-GAS_LD-SO;0.35;50;52;50;50;252;KL-GAS_LD-SO;;;4.0;Kleur 50 ipv 30 vanwege verschil met HD;GEWIJZIGD;1170;1167;
GAS_LD_HOOFDLEIDING_30 MBAR_PVC_315;*;-;**;-;KL;-;GAS;_;LD;_;HOOFDLEIDING;_;30 MBAR;_;PVC;_;315;;;-;G;;;;;*-**-KL-GAS_LD_HOOFDLEIDING_30 MBAR_PVC_315-G;0.18;50;52;50;50;252;KL-GAS_LD-SO;0.35;50;52;50;50;252;KL-GAS_LD-SO;0.35;50;52;50;50;252;V-KL-GAS_LD-SO;0.35;50;52;50;50;252;KL-GAS_LD-SO;;;4.0;Kleur 50 ipv 30 vanwege verschil met HD;GEWIJZIGD;1171;1167;
GAS_LD_HOOFDLEIDING_30 MBAR_PVC_75;*;-;**;-;KL;-;GAS;_;LD;_;HOOFDLEIDING;_;30 MBAR;_;PVC;_;75;;;-;G;;;;;*-**-KL-GAS_LD_HOOFDLEIDING_30 MBAR_PVC_75-G;0.18;50;52;50;50;252;KL-GAS_LD-SO;0.35;50;52;50;50;252;KL-GAS_LD-SO;0.35;50;52;50;50;252;V-KL-GAS_LD-SO;0.35;50;52;50;50;252;KL-GAS_LD-SO;;;4.0;Kleur 50 ipv 30 vanwege verschil met HD;GEWIJZIGD;1172;1167;
GAS_LD_HOOFDLEIDING_30 MBAR_PVC_90;*;-;**;-;KL;-;GAS;_;LD;_;HOOFDLEIDING;_;30 MBAR;_;PVC;_;90;;;-;G;;;;;*-**-KL-GAS_LD_HOOFDLEIDING_30 MBAR_PVC_90-G;0.18;50;52;50;50;252;KL-GAS_LD-SO;0.35;50;52;50;50;252;KL-GAS_LD-SO;0.35;50;52;50;50;252;V-KL-GAS_LD-SO;0.35;50;52;50;50;252;KL-GAS_LD-SO;;;4.0;Kleur 50 ipv 30 vanwege verschil met HD;GEWIJZIGD;1173;1167;
GAS_LOKATIEPAAL;*;-;**;-;KL;-;GAS;_;LOKATIEPAAL;;;;;;;;;;;-;G/S;;;;SKL-LEIDINGMERKPAAL;*-**-KL-GAS_LOKATIEPAAL-G/S;0.18;30;32;30;30;252;CONTINUOUS;0.35;30;32;30;30;252;CONTINUOUS;0.35;30;32;30;30;252;V-CONTINUOUS-SO;0.35;30;32;30;30;252;CONTINUOUS;;;2.3;;;1174;998;
GAS_MANTELBUIS;*;-;**;-;KL;-;GAS;_;MANTELBUIS;;;;;;;;;;;-;G;;;;;*-**-KL-GAS_MANTELBUIS-G;0.18;30;32;30;30;252;CONTINUOUS;0.35;30;32;30;30;252;CONTINUOUS;0.35;30;32;30;30;252;V-CONTINUOUS-SO;0.35;30;32;30;30;252;CONTINUOUS;;;2.5;;;1175;998;
GAS_PUT;*;-;**;-;KL;-;GAS;_;PUT;;;;;;;;;;;-;G/S;;;;SKL-GAS_PUT;*-**-KL-GAS_PUT-G/S;0.18;30;32;30;30;252;CONTINUOUS;0.35;30;32;30;30;252;CONTINUOUS;0.35;30;32;30;30;252;V-CONTINUOUS-SO;0.35;30;32;30;30;252;CONTINUOUS;;;4.1;Symboolnaam aangepast;GEWIJZIGD;1176;998;
GAS_PUT_PUTKAST;*;-;**;-;KL;-;GAS;_;PUT;_;PUTKAST;;;;;;;;;-;G;;;;;*-**-KL-GAS_PUT_PUTKAST-G;0.18;30;32;30;30;252;CONTINUOUS;0.35;30;32;30;30;252;CONTINUOUS;0.35;30;32;30;30;252;V-CONTINUOUS-SO;0.35;30;32;30;30;252;CONTINUOUS;;;2.3;;;1177;1176;
GAS_STATION;*;-;**;-;KL;-;GAS;_;STATION;;;;;;;;;;;-;G;;;;;*-**-KL-GAS_STATION-G;0.18;30;32;30;30;252;CONTINUOUS;0.35;30;32;30;30;252;CONTINUOUS;0.35;30;32;30;30;252;V-CONTINUOUS-SO;0.35;30;32;30;30;252;CONTINUOUS;;;2.3;;;1178;998;
GAS_STATION_AFLEVERSTATION;*;-;**;-;KL;-;GAS;_;STATION;_;AFLEVERSTATION;;;;;;;;;-;G;;;;;*-**-KL-GAS_STATION_AFLEVERSTATION-G;0.18;30;32;30;30;252;CONTINUOUS;0.35;30;32;30;30;252;CONTINUOUS;0.35;30;32;30;30;252;V-CONTINUOUS-SO;0.35;30;32;30;30;252;CONTINUOUS;;;2.3;;;1179;1178;
GAS_STATION_DISTRICTSTATION;*;-;**;-;KL;-;GAS;_;STATION;_;DISTRICTSTATION;;;;;;;;;-;G;;;;;*-**-KL-GAS_STATION_DISTRICTSTATION-G;0.18;30;32;30;30;252;CONTINUOUS;0.35;30;32;30;30;252;CONTINUOUS;0.35;30;32;30;30;252;V-CONTINUOUS-SO;0.35;30;32;30;30;252;CONTINUOUS;;;2.3;;;1180;1178;
GAS_STATION_HOOFDVERDEELSTATION;*;-;**;-;KL;-;GAS;_;STATION;_;HOOFDVERDEELSTATION;;;;;;;;;-;G;;;;;*-**-KL-GAS_STATION_HOOFDVERDEELSTATION-G;0.18;30;32;30;30;252;CONTINUOUS;0.35;30;32;30;30;252;CONTINUOUS;0.35;30;32;30;30;252;V-CONTINUOUS-SO;0.35;30;32;30;30;252;CONTINUOUS;;;3.1;;GEWIJZIGD;1181;1178;
GAS_STATION_ONTVANGSTSTATION;*;-;**;-;KL;-;GAS;_;STATION;_;ONTVANGSTSTATION;;;;;;;;;-;G;;;;;*-**-KL-GAS_STATION_ONTVANGSTSTATION-G;0.18;30;32;30;30;252;CONTINUOUS;0.35;30;32;30;30;252;CONTINUOUS;0.35;30;32;30;30;252;V-CONTINUOUS-SO;0.35;30;32;30;30;252;CONTINUOUS;;;2.3;;;1182;1178;
GAS_TERREINKAST;*;-;**;-;KL;-;GAS;_;TERREINKAST;;;;;;;;;;;-;G/S;;;;SKL-GAS_TERREINKAST;*-**-KL-GAS_TERREINKAST-G/S;0.18;30;32;30;30;252;CONTINUOUS;0.35;30;32;30;30;252;CONTINUOUS;0.35;30;32;30;30;252;V-CONTINUOUS-SO;0.35;30;32;30;30;252;CONTINUOUS;;;4.1;;NIEUW;3428;998;
GAS_TERREINKAST;*;-;**;-;KL;-;GAS;_;TERREINKAST;;;;;;;;;;;-;G/S;;;;SKL-GAS_TERREINKAST;*-**-KL-GAS_TERREINKAST-G/S;0.18;30;32;30;30;252;CONTINUOUS;0.35;30;32;30;30;252;CONTINUOUS;0.35;30;32;30;30;252;V-CONTINUOUS-SO;0.35;30;32;30;30;252;CONTINUOUS;;;4.2;4.2: dubbel met 3428;VERVALLEN;3437;998;
GMS;*;-;**;-;KL;-;GMS;;;;;;;;;;;;;-;G/S;;;;SKL-GMS;*-**-KL-GMS-G/S;0.18;20;22;20;20;253;CONTINUOUS;0.35;20;22;20;20;253;CONTINUOUS;0.35;20;22;20;20;253;V-CONTINUOUS-SO;0.35;20;22;20;20;253;CONTINUOUS;;;3.2;;GEWIJZIGD;1392;0;
GMS_KABEL;*;-;**;-;KL;-;GMS;_;KABEL;;;;;;;;;;;-;G;;;;;*-**-KL-GMS_KABEL-G;0.18;20;22;20;20;253;KL-GMS-SO;0.35;20;22;20;20;253;KL-GMS-SO;0.35;20;22;20;20;253;V-KL-GMS-SO;0.35;20;22;20;20;253;KL-GMS-SO;;;4.2;4.2:Lijnstijl toegevoegd;GEWIJZIGD;1393;1392;
HOOGTEDETECTIE;*;-;**;-;KL;-;HOOGTEDETECTIE;;;;;;;;;;;;;-;G;;;;;*-**-KL-HOOGTEDETECTIE-G;0.18;190;192;190;190;253;CONTINUOUS;0.35;190;192;190;190;253;CONTINUOUS;0.35;190;192;190;190;253;V-CONTINUOUS-SO;0.35;190;192;190;190;253;CONTINUOUS;;;3.0;;NIEUW;1394;0;
HOOGTEDETECTIE_KABEL;*;-;**;-;KL;-;HOOGTEDETECTIE;_;KABEL;;;;;;;;;;;-;G;;;;;*-**-KL-HOOGTEDETECTIE_KABEL-G;0.18;190;192;190;190;253;CONTINUOUS;0.35;190;192;190;190;253;CONTINUOUS;0.35;190;192;190;190;253;V-CONTINUOUS-SO;0.35;190;192;190;190;253;CONTINUOUS;;;3.0;;NIEUW;1395;1394;
KATHODISCHE BESCHERMING;*;-;**;-;KL;-;KATHODISCHE BESCHERMING;;;;;;;;;;;;;-;G;;;;;*-**-KL-KATHODISCHE BESCHERMING-G;0.18;210;212;210;210;252;CONTINUOUS;0.35;210;212;210;210;252;CONTINUOUS;0.35;210;212;210;210;252;V-CONTINUOUS-SO;0.35;210;212;210;210;252;CONTINUOUS;;;3.0;;NIEUW;1219;0;
KOUDENET;*;-;**;-;KL;-;KOUDENET;;;;;;;;;;;;;-;G;;;;;*-**-KL-KOUDENET-G;0.18;130;132;130;130;252;KL-KOUDENET-SO;0.35;130;132;130;130;252;KL-KOUDENET-SO;0.35;130;132;130;130;252;V-KL-KOUDENET-SO;0.35;130;132;130;130;252;KL-KOUDENET-SO;;;2.3;;;1183;0;
KOUDENET_AANSLUITLEIDING;*;-;**;-;KL;-;KOUDENET;_;AANSLUITLEIDING;;;;;;;;;;;-;G;;;;;*-**-KL-KOUDENET_AANSLUITLEIDING-G;0.18;130;132;130;130;252;KL-KOUDENET-SO;0.35;130;132;130;130;252;KL-KOUDENET-SO;0.35;130;132;130;130;252;V-KL-KOUDENET-SO;0.35;130;132;130;130;252;KL-KOUDENET-SO;;;5.0;VERBETERD-5.0- lijntype BS gewijzigd-5.0- lijntype NW gewijzigd-5.0- lijntype TD gewijzigd-5.0- lijntype VW gewijzigd;GEWIJZIGD;1184;1183;
KOUDENET_AANSLUITLEIDING_AANVOER;*;-;**;-;KL;-;KOUDENET;_;AANSLUITLEIDING;_;AANVOER;;;;;;;;;-;G;;;;;*-**-KL-KOUDENET_AANSLUITLEIDING_AANVOER-G;0.18;130;132;130;130;252;KL-KOUDENET-SO;0.35;130;132;130;130;252;KL-KOUDENET-SO;0.35;130;132;130;130;252;V-KL-KOUDENET-SO;0.35;130;132;130;130;252;KL-KOUDENET-SO;;;5.0;-5.0- lijntype BS gewijzigd-5.0- lijntype NW gewijzigd-5.0- lijntype TD gewijzigd-5.0- lijntype VW gewijzigd;GEWIJZIGD;1185;1184;
KOUDENET_AANSLUITLEIDING_AANVOER_GVK;*;-;**;-;KL;-;KOUDENET;_;AANSLUITLEIDING;_;AANVOER;_;GVK;;;;;;;-;G;;;;;*-**-KL-KOUDENET_AANSLUITLEIDING_AANVOER_GVK-G;0.18;130;132;130;130;252;KL-KOUDENET-SO;0.35;130;132;130;130;252;KL-KOUDENET-SO;0.35;130;132;130;130;252;V-KL-KOUDENET-SO;0.35;130;132;130;130;252;KL-KOUDENET-SO;;;5.0;-5.0- lijntype BS gewijzigd-5.0- lijntype NW gewijzigd-5.0- lijntype TD gewijzigd-5.0- lijntype VW gewijzigd;GEWIJZIGD;1186;1185;
KOUDENET_AANSLUITLEIDING_AANVOER_PE;*;-;**;-;KL;-;KOUDENET;_;AANSLUITLEIDING;_;AANVOER;_;PE;;;;;;;-;G;;;;;*-**-KL-KOUDENET_AANSLUITLEIDING_AANVOER_PE-G;0.18;130;132;130;130;252;KL-KOUDENET-SO;0.35;130;132;130;130;252;KL-KOUDENET-SO;0.35;130;132;130;130;252;V-KL-KOUDENET-SO;0.35;130;132;130;130;252;KL-KOUDENET-SO;;;5.0;-5.0- lijntype BS gewijzigd-5.0- lijntype NW gewijzigd-5.0- lijntype TD gewijzigd-5.0- lijntype VW gewijzigd;GEWIJZIGD;1187;1185;
KOUDENET_AANSLUITLEIDING_AANVOER_PVC;*;-;**;-;KL;-;KOUDENET;_;AANSLUITLEIDING;_;AANVOER;_;PVC;;;;;;;-;G;;;;;*-**-KL-KOUDENET_AANSLUITLEIDING_AANVOER_PVC-G;0.18;130;132;130;130;252;KL-KOUDENET-SO;0.35;130;132;130;130;252;KL-KOUDENET-SO;0.35;130;132;130;130;252;V-KL-KOUDENET-SO;0.35;130;132;130;130;252;KL-KOUDENET-SO;;;5.0;-5.0- lijntype BS gewijzigd-5.0- lijntype NW gewijzigd-5.0- lijntype TD gewijzigd-5.0- lijntype VW gewijzigd;GEWIJZIGD;1188;1185;
KOUDENET_AANSLUITLEIDING_AANVOER_STAAL;*;-;**;-;KL;-;KOUDENET;_;AANSLUITLEIDING;_;AANVOER;_;STAAL;;;;;;;-;G;;;;;*-**-KL-KOUDENET_AANSLUITLEIDING_AANVOER_STAAL-G;0.18;130;132;130;130;252;KL-KOUDENET-SO;0.35;130;132;130;130;252;KL-KOUDENET-SO;0.35;130;132;130;130;252;V-KL-KOUDENET-SO;0.35;130;132;130;130;252;KL-KOUDENET-SO;;;5.0;-5.0- lijntype BS gewijzigd-5.0- lijntype NW gewijzigd-5.0- lijntype TD gewijzigd-5.0- lijntype VW gewijzigd;GEWIJZIGD;1189;1185;
KOUDENET_AANSLUITLEIDING_RETOUR;*;-;**;-;KL;-;KOUDENET;_;AANSLUITLEIDING;_;RETOUR;;;;;;;;;-;G;;;;;*-**-KL-KOUDENET_AANSLUITLEIDING_RETOUR-G;0.18;130;132;130;130;252;KL-KOUDENET-SO;0.35;130;132;130;130;252;KL-KOUDENET-SO;0.35;130;132;130;130;252;V-KL-KOUDENET-SO;0.35;130;132;130;130;252;KL-KOUDENET-SO;;;5.0;-5.0- lijntype BS gewijzigd-5.0- lijntype NW gewijzigd-5.0- lijntype TD gewijzigd-5.0- lijntype VW gewijzigd;GEWIJZIGD;1190;1184;
KOUDENET_AANSLUITLEIDING_RETOUR_GVK;*;-;**;-;KL;-;KOUDENET;_;AANSLUITLEIDING;_;RETOUR;_;GVK;;;;;;;-;G;;;;;*-**-KL-KOUDENET_AANSLUITLEIDING_RETOUR_GVK-G;0.18;130;132;130;130;252;KL-KOUDENET-SO;0.35;130;132;130;130;252;KL-KOUDENET-SO;0.35;130;132;130;130;252;V-KL-KOUDENET-SO;0.35;130;132;130;130;252;KL-KOUDENET-SO;;;5.0;-5.0- lijntype BS gewijzigd-5.0- lijntype NW gewijzigd-5.0- lijntype TD gewijzigd-5.0- lijntype VW gewijzigd;GEWIJZIGD;1191;1190;
KOUDENET_AANSLUITLEIDING_RETOUR_PE;*;-;**;-;KL;-;KOUDENET;_;AANSLUITLEIDING;_;RETOUR;_;PE;;;;;;;-;G;;;;;*-**-KL-KOUDENET_AANSLUITLEIDING_RETOUR_PE-G;0.18;130;132;130;130;252;KL-KOUDENET-SO;0.35;130;132;130;130;252;KL-KOUDENET-SO;0.35;130;132;130;130;252;V-KL-KOUDENET-SO;0.35;130;132;130;130;252;KL-KOUDENET-SO;;;5.0;-5.0- lijntype BS gewijzigd-5.0- lijntype NW gewijzigd-5.0- lijntype TD gewijzigd-5.0- lijntype VW gewijzigd;GEWIJZIGD;1192;1190;
KOUDENET_AANSLUITLEIDING_RETOUR_PVC;*;-;**;-;KL;-;KOUDENET;_;AANSLUITLEIDING;_;RETOUR;_;PVC;;;;;;;-;G;;;;;*-**-KL-KOUDENET_AANSLUITLEIDING_RETOUR_PVC-G;0.18;130;132;130;130;252;KL-KOUDENET-SO;0.35;130;132;130;130;252;KL-KOUDENET-SO;0.35;130;132;130;130;252;V-KL-KOUDENET-SO;0.35;130;132;130;130;252;KL-KOUDENET-SO;;;5.0;-5.0- lijntype BS gewijzigd-5.0- lijntype NW gewijzigd-5.0- lijntype TD gewijzigd-5.0- lijntype VW gewijzigd;GEWIJZIGD;1193;1190;
KOUDENET_AANSLUITLEIDING_RETOUR_STAAL;*;-;**;-;KL;-;KOUDENET;_;AANSLUITLEIDING;_;RETOUR;_;STAAL;;;;;;;-;G;;;;;*-**-KL-KOUDENET_AANSLUITLEIDING_RETOUR_STAAL-G;0.18;130;132;130;130;252;KL-KOUDENET-SO;0.35;130;132;130;130;252;KL-KOUDENET-SO;0.35;130;132;130;130;252;V-KL-KOUDENET-SO;0.35;130;132;130;130;252;KL-KOUDENET-SO;;;5.0;-5.0- lijntype BS gewijzigd-5.0- lijntype NW gewijzigd-5.0- lijntype TD gewijzigd-5.0- lijntype VW gewijzigd;GEWIJZIGD;1194;1190;
KOUDENET_BRONPUT;*;-;**;-;KL;-;KOUDENET;_;BRONPUT;;;;;;;;;;;-;G/S;;;;SKL-WTB_KOUDENET_BRONPUT;*-**-KL-KOUDENET_BRONPUT-G/S;0.18;130;132;130;130;252;CONTINUOUS;0.35;130;132;130;130;252;CONTINUOUS;0.35;130;132;130;130;252;V-CONTINUOUS-SO;0.35;130;132;130;130;252;CONTINUOUS;;;2.3;;;1195;1183;
KOUDENET_HULPSTUK;*;-;**;-;KL;-;KOUDENET;_;HULPSTUK;;;;;;;;;;;-;G/S;;;;SKL-WTB_HULP;*-**-KL-KOUDENET_HULPSTUK-G/S;0.18;130;132;130;130;252;CONTINUOUS;0.35;130;132;130;130;252;CONTINUOUS;0.35;130;132;130;130;252;V-CONTINUOUS-SO;0.35;130;132;130;130;252;CONTINUOUS;;;2.3;;;1196;1183;
KOUDENET_HULPSTUK_AANSLUITPUNT;*;-;**;-;KL;-;KOUDENET;_;HULPSTUK;_;AANSLUITPUNT;;;;;;;;;-;G;;;;;*-**-KL-KOUDENET_HULPSTUK_AANSLUITPUNT-G;0.18;130;132;130;130;252;CONTINUOUS;0.35;130;132;130;130;252;CONTINUOUS;0.35;130;132;130;130;252;V-CONTINUOUS-SO;0.35;130;132;130;130;252;CONTINUOUS;;;2.3;;;1197;1196;
KOUDENET_HULPSTUK_AFSLUITER;*;-;**;-;KL;-;KOUDENET;_;HULPSTUK;_;AFSLUITER;;;;;;;;;-;G;;;;;*-**-KL-KOUDENET_HULPSTUK_AFSLUITER-G;0.18;130;132;130;130;252;CONTINUOUS;0.35;130;132;130;130;252;CONTINUOUS;0.35;130;132;130;130;252;V-CONTINUOUS-SO;0.35;130;132;130;130;252;CONTINUOUS;;;4.0;;GEWIJZIGD;1198;1196;
KOUDENET_HULPSTUK_OVERIG;*;-;**;-;KL;-;KOUDENET;_;HULPSTUK;_;OVERIG;;;;;;;;;-;G;;;;;*-**-KL-KOUDENET_HULPSTUK_OVERIG-G;0.18;130;132;130;130;252;CONTINUOUS;0.35;130;132;130;130;252;CONTINUOUS;0.35;130;132;130;130;252;V-CONTINUOUS-SO;0.35;130;132;130;130;252;CONTINUOUS;;;3.1;;VERVALLEN;1199;1196;
KOUDENET_LOCATIEPAAL;*;-;**;-;KL;-;KOUDENET;_;LOCATIEPAAL;;;;;;;;;;;-;G/S;;;;SKL-LEIDINGMERKPAAL;*-**-KL-KOUDENET_LOCATIEPAAL-G/S;0.18;130;132;130;130;252;CONTINUOUS;0.35;130;132;130;130;252;CONTINUOUS;0.35;130;132;130;130;252;V-CONTINUOUS-SO;0.35;130;132;130;130;252;CONTINUOUS;;;2.3;;;1200;1183;
KOUDENET_MANTELBUIS;*;-;**;-;KL;-;KOUDENET;_;MANTELBUIS;;;;;;;;;;;-;G;;;;;*-**-KL-KOUDENET_MANTELBUIS-G;0.18;130;132;130;130;252;CONTINUOUS;0.35;130;132;130;130;252;CONTINUOUS;0.35;130;132;130;130;252;V-CONTINUOUS-SO;0.35;130;132;130;130;252;CONTINUOUS;;;2.5;;;1201;1183;
KOUDENET_OVERIG;*;-;**;-;KL;-;KOUDENET;_;OVERIG;;;;;;;;;;;-;G;;;;;*-**-KL-KOUDENET_OVERIG-G;0.18;130;132;130;130;252;CONTINUOUS;0.35;130;132;130;130;252;CONTINUOUS;0.35;130;132;130;130;252;V-CONTINUOUS-SO;0.35;130;132;130;130;252;CONTINUOUS;;;3.1;;VERVALLEN;1202;1183;
KOUDENET_PUT;*;-;**;-;KL;-;KOUDENET;_;PUT;;;;;;;;;;;-;G/S;;;;SKL-WTB_KOUDENET_PUT;*-**-KL-KOUDENET_PUT-G/S;0.18;130;132;130;130;252;CONTINUOUS;0.35;130;132;130;130;252;CONTINUOUS;0.35;130;132;130;130;252;V-CONTINUOUS-SO;0.35;130;132;130;130;252;CONTINUOUS;;;2.3;;;1203;1183;
KOUDENET_TRANSPORTLEIDING;*;-;**;-;KL;-;KOUDENET;_;TRANSPORTLEIDING;;;;;;;;;;;-;G;;;;;*-**-KL-KOUDENET_TRANSPORTLEIDING-G;0.18;130;132;130;130;252;KL-KOUDENET-SO;0.35;130;132;130;130;252;KL-KOUDENET-SO;0.35;130;132;130;130;252;V-KL-KOUDENET-SO;0.35;130;132;130;130;252;KL-KOUDENET-SO;;;5.0;-5.0- lijntype BS gewijzigd-5.0- lijntype NW gewijzigd-5.0- lijntype TD gewijzigd-5.0- lijntype VW gewijzigd;GEWIJZIGD;1204;1183;
KOUDENET_TRANSPORTLEIDING_AANVOER;*;-;**;-;KL;-;KOUDENET;_;TRANSPORTLEIDING;_;AANVOER;;;;;;;;;-;G;;;;;*-**-KL-KOUDENET_TRANSPORTLEIDING_AANVOER-G;0.18;130;132;130;130;252;KL-KOUDENET-SO;0.35;130;132;130;130;252;KL-KOUDENET-SO;0.35;130;132;130;130;252;V-KL-KOUDENET-SO;0.35;130;132;130;130;252;KL-KOUDENET-SO;;;5.0;-5.0- lijntype BS gewijzigd-5.0- lijntype NW gewijzigd-5.0- lijntype TD gewijzigd-5.0- lijntype VW gewijzigd;GEWIJZIGD;1205;1204;
KOUDENET_TRANSPORTLEIDING_AANVOER_GVK;*;-;**;-;KL;-;KOUDENET;_;TRANSPORTLEIDING;_;AANVOER;_;GVK;;;;;;;-;G;;;;;*-**-KL-KOUDENET_TRANSPORTLEIDING_AANVOER_GVK-G;0.18;130;132;130;130;252;KL-KOUDENET-SO;0.35;130;132;130;130;252;KL-KOUDENET-SO;0.35;130;132;130;130;252;V-KL-KOUDENET-SO;0.35;130;132;130;130;252;KL-KOUDENET-SO;;;5.0;-5.0- lijntype BS gewijzigd-5.0- lijntype NW gewijzigd-5.0- lijntype TD gewijzigd-5.0- lijntype VW gewijzigd;GEWIJZIGD;1206;1205;
KOUDENET_TRANSPORTLEIDING_AANVOER_PE;*;-;**;-;KL;-;KOUDENET;_;TRANSPORTLEIDING;_;AANVOER;_;PE;;;;;;;-;G;;;;;*-**-KL-KOUDENET_TRANSPORTLEIDING_AANVOER_PE-G;0.18;130;132;130;130;252;KL-KOUDENET-SO;0.35;130;132;130;130;252;KL-KOUDENET-SO;0.35;130;132;130;130;252;V-KL-KOUDENET-SO;0.35;130;132;130;130;252;KL-KOUDENET-SO;;;5.0;-5.0- lijntype BS gewijzigd-5.0- lijntype NW gewijzigd-5.0- lijntype TD gewijzigd-5.0- lijntype VW gewijzigd;GEWIJZIGD;1207;1205;
KOUDENET_TRANSPORTLEIDING_AANVOER_PVC;*;-;**;-;KL;-;KOUDENET;_;TRANSPORTLEIDING;_;AANVOER;_;PVC;;;;;;;-;G;;;;;*-**-KL-KOUDENET_TRANSPORTLEIDING_AANVOER_PVC-G;0.18;130;132;130;130;252;KL-KOUDENET-SO;0.35;130;132;130;130;252;KL-KOUDENET-SO;0.35;130;132;130;130;252;V-KL-KOUDENET-SO;0.35;130;132;130;130;252;KL-KOUDENET-SO;;;5.0;-5.0- lijntype BS gewijzigd-5.0- lijntype NW gewijzigd-5.0- lijntype TD gewijzigd-5.0- lijntype VW gewijzigd;GEWIJZIGD;1208;1205;
KOUDENET_TRANSPORTLEIDING_AANVOER_STAAL;*;-;**;-;KL;-;KOUDENET;_;TRANSPORTLEIDING;_;AANVOER;_;STAAL;;;;;;;-;G;;;;;*-**-KL-KOUDENET_TRANSPORTLEIDING_AANVOER_STAAL-G;0.18;130;132;130;130;252;KL-KOUDENET-SO;0.35;130;132;130;130;252;KL-KOUDENET-SO;0.35;130;132;130;130;252;V-KL-KOUDENET-SO;0.35;130;132;130;130;252;KL-KOUDENET-SO;;;5.0;-5.0- lijntype BS gewijzigd-5.0- lijntype NW gewijzigd-5.0- lijntype TD gewijzigd-5.0- lijntype VW gewijzigd;GEWIJZIGD;1209;1205;
KOUDENET_TRANSPORTLEIDING_RETOUR;*;-;**;-;KL;-;KOUDENET;_;TRANSPORTLEIDING;_;RETOUR;;;;;;;;;-;G;;;;;*-**-KL-KOUDENET_TRANSPORTLEIDING_RETOUR-G;0.18;130;132;130;130;252;KL-KOUDENET-SO;0.35;130;132;130;130;252;KL-KOUDENET-SO;0.35;130;132;130;130;252;V-KL-KOUDENET-SO;0.35;130;132;130;130;252;KL-KOUDENET-SO;;;5.0;-5.0- lijntype BS gewijzigd-5.0- lijntype NW gewijzigd-5.0- lijntype TD gewijzigd-5.0- lijntype VW gewijzigd;GEWIJZIGD;1210;1204;
KOUDENET_TRANSPORTLEIDING_RETOUR_GVK;*;-;**;-;KL;-;KOUDENET;_;TRANSPORTLEIDING;_;RETOUR;_;GVK;;;;;;;-;G;;;;;*-**-KL-KOUDENET_TRANSPORTLEIDING_RETOUR_GVK-G;0.18;130;132;130;130;252;KL-KOUDENET-SO;0.35;130;132;130;130;252;KL-KOUDENET-SO;0.35;130;132;130;130;252;V-KL-KOUDENET-SO;0.35;130;132;130;130;252;KL-KOUDENET-SO;;;5.0;-5.0- lijntype BS gewijzigd-5.0- lijntype NW gewijzigd-5.0- lijntype TD gewijzigd-5.0- lijntype VW gewijzigd;GEWIJZIGD;1211;1210;
KOUDENET_TRANSPORTLEIDING_RETOUR_PE;*;-;**;-;KL;-;KOUDENET;_;TRANSPORTLEIDING;_;RETOUR;_;PE;;;;;;;-;G;;;;;*-**-KL-KOUDENET_TRANSPORTLEIDING_RETOUR_PE-G;0.18;130;132;130;130;252;KL-KOUDENET-SO;0.35;130;132;130;130;252;KL-KOUDENET-SO;0.35;130;132;130;130;252;V-KL-KOUDENET-SO;0.35;130;132;130;130;252;KL-KOUDENET-SO;;;5.0;-5.0- lijntype BS gewijzigd-5.0- lijntype NW gewijzigd-5.0- lijntype TD gewijzigd-5.0- lijntype VW gewijzigd;GEWIJZIGD;1212;1210;
KOUDENET_TRANSPORTLEIDING_RETOUR_PVC;*;-;**;-;KL;-;KOUDENET;_;TRANSPORTLEIDING;_;RETOUR;_;PVC;;;;;;;-;G;;;;;*-**-KL-KOUDENET_TRANSPORTLEIDING_RETOUR_PVC-G;0.18;130;132;130;130;252;KL-KOUDENET-SO;0.35;130;132;130;130;252;KL-KOUDENET-SO;0.35;130;132;130;130;252;V-KL-KOUDENET-SO;0.35;130;132;130;130;252;KL-KOUDENET-SO;;;5.0;-5.0- lijntype BS gewijzigd-5.0- lijntype NW gewijzigd-5.0- lijntype TD gewijzigd-5.0- lijntype VW gewijzigd;GEWIJZIGD;1213;1210;
KOUDENET_TRANSPORTLEIDING_RETOUR_STAAL;*;-;**;-;KL;-;KOUDENET;_;TRANSPORTLEIDING;_;RETOUR;_;STAAL;;;;;;;-;G;;;;;*-**-KL-KOUDENET_TRANSPORTLEIDING_RETOUR_STAAL-G;0.18;130;132;130;130;252;KL-KOUDENET-SO;0.35;130;132;130;130;252;KL-KOUDENET-SO;0.35;130;132;130;130;252;V-KL-KOUDENET-SO;0.35;130;132;130;130;252;KL-KOUDENET-SO;;;5.0;-5.0- lijntype BS gewijzigd-5.0- lijntype NW gewijzigd-5.0- lijntype TD gewijzigd-5.0- lijntype VW gewijzigd;GEWIJZIGD;1214;1210;
KOUDEOPSLAGSYSTEEM;*;-;**;-;KL;-;KOUDEOPSLAGSYSTEEM;;;;;;;;;;;;;-;G/S;;;;SKL-KOUDEOPSLAG;*-**-KL-KOUDEOPSLAGSYSTEEM-G/S;0.18;140;142;140;140;253;CONTINUOUS;0.35;140;142;140;140;253;CONTINUOUS;0.35;140;142;140;140;253;V-CONTINUOUS-SO;0.35;140;142;140;140;253;CONTINUOUS;;;4.1; 4.1: view gewijzigd ;GEWIJZIGD;3481;0;
MANTELBUIS;*;-;**;-;KL;-;MANTELBUIS;;;;;;;;;;;;;-;G;;;;;*-**-KL-MANTELBUIS-G;0.18;7;7;7;7;252;CONTINUOUS;0.35;7;7;7;7;252;CONTINUOUS;0.35;7;7;7;7;252;V-CONTINUOUS-SO;0.35;7;7;7;7;252;CONTINUOUS;;;5.0;SYMBOOL VERWIJDERD;GEWIJZIGD;1215;0;
MANTELBUIS_PE;*;-;**;-;KL;-;MANTELBUIS;_;PE;;;;;;;;;;;-;G;;;;;*-**-KL-MANTELBUIS_PE-G;0.18;7;7;7;7;252;CONTINUOUS;0.35;7;7;7;7;252;CONTINUOUS;0.35;7;7;7;7;252;V-CONTINUOUS-SO;0.35;7;7;7;7;252;CONTINUOUS;;;2.5;;;1216;1215;
MANTELBUIS_PVC;*;-;**;-;KL;-;MANTELBUIS;_;PVC;;;;;;;;;;;-;G;;;;;*-**-KL-MANTELBUIS_PVC-G;0.18;7;7;7;7;252;CONTINUOUS;0.35;7;7;7;7;252;CONTINUOUS;0.35;7;7;7;7;252;V-CONTINUOUS-SO;0.35;7;7;7;7;252;CONTINUOUS;;;2.5;;;1217;1215;
MANTELBUIS_STAAL;*;-;**;-;KL;-;MANTELBUIS;_;STAAL;;;;;;;;;;;-;G;;;;;*-**-KL-MANTELBUIS_STAAL-G;0.18;7;7;7;7;252;CONTINUOUS;0.35;7;7;7;7;252;CONTINUOUS;0.35;7;7;7;7;252;V-CONTINUOUS-SO;0.35;7;7;7;7;252;CONTINUOUS;;;2.5;;;1218;1215;
MONITORING;*;-;**;-;KL;-;MONITORING;;;;;;;;;;;;;-;G/S;;;;SKL-MONITORING;*-**-KL-MONITORING-G/S;0.18;120;122;120;120;253;CONTINUOUS;0.35;120;122;120;120;253;CONTINUOUS;0.35;120;122;120;120;253;V-CONTINUOUS-SO;0.35;120;122;120;120;253;CONTINUOUS;;;3.2;;GEWIJZIGD;1404;0;
MONITORING_KABEL;*;-;**;-;KL;-;MONITORING;_;KABEL;;;;;;;;;;;-;G;;;;;*-**-KL-MONITORING_KABEL-G;0.18;120;122;120;120;253;KL-MONITORING-SO;0.35;120;122;120;120;253;KL-MONITORING-SO;0.35;120;122;120;120;253;V-KL-MONITORING-SO;0.35;120;122;120;120;253;KL-MONITORING-SO;;;4.2;4.2:Lijnstijl toegevoegd;GEWIJZIGD;1405;1404;
OLIE;*;-;**;-;KL;-;OLIE;;;;;;;;;;;;;-;G;;;;;*-**-KL-OLIE-G;0.18;40;42;40;40;252;KL-OLIE-SO;0.35;40;42;40;40;252;KL-OLIE-SO;0.35;40;42;40;40;252;V-KL-OLIE-SO;0.35;40;42;40;40;252;KL-OLIE-SO;;;5.0;lijntype aangepast;GEWIJZIGD;1222;0;
OLIE_AFSLUITER;*;-;**;-;KL;-;OLIE;_;AFSLUITER;;;;;;;;;;;-;G;;;;;*-**-KL-OLIE_AFSLUITER-G;0.18;40;42;40;40;252;CONTINUOUS;0.35;40;42;40;40;252;CONTINUOUS;0.35;40;42;40;40;252;V-CONTINUOUS-SO;0.35;40;42;40;40;252;CONTINUOUS;;;3.0;;NIEUW;1223;1222;
OLIE_HULPSTUK;*;-;**;-;KL;-;OLIE;_;HULPSTUK;;;;;;;;;;;-;G/S;;;;SKL-WTB_HULP;*-**-KL-OLIE_HULPSTUK-G/S;0.18;40;42;40;40;252;CONTINUOUS;0.35;40;42;40;40;252;CONTINUOUS;0.35;40;42;40;40;252;V-CONTINUOUS-SO;0.35;40;42;40;40;252;CONTINUOUS;;;3.0;;NIEUW;1224;1222;
OLIE_LEIDING;*;-;**;-;KL;-;OLIE;_;LEIDING;;;;;;;;;;;-;G;;;;;*-**-KL-OLIE_LEIDING-G;0.18;40;42;40;40;252;KL-OLIE-SO;0.35;40;42;40;40;252;KL-OLIE-SO;0.35;40;42;40;40;252;V-KL-OLIE-SO;0.35;40;42;40;40;252;KL-OLIE-SO;;;5.0;lijntype aangepast;GEWIJZIGD;1225;1222;
OLIE_LOCATIEPAAL;*;-;**;-;KL;-;OLIE;_;LOCATIEPAAL;;;;;;;;;;;-;G/S;;;;SKL-LEIDINGMERKPAAL;*-**-KL-OLIE_LOCATIEPAAL-G/S;0.18;40;42;40;40;252;CONTINUOUS;0.35;40;42;40;40;252;CONTINUOUS;0.35;40;42;40;40;252;V-CONTINUOUS-SO;0.35;40;42;40;40;252;CONTINUOUS;;;3.0;;NIEUW;1226;1222;
OLIE_MANTELBUIS;*;-;**;-;KL;-;OLIE;_;MANTELBUIS;;;;;;;;;;;-;G;;;;;*-**-KL-OLIE_MANTELBUIS-G;0.18;40;42;40;40;252;CONTINUOUS;0.35;40;42;40;40;252;CONTINUOUS;0.35;40;42;40;40;252;V-CONTINUOUS-SO;0.35;40;42;40;40;252;CONTINUOUS;;;3.0;;NIEUW;1227;1222;
OLIE_OVERIG;*;-;**;-;KL;-;OLIE;_;OVERIG;;;;;;;;;;;-;G;;;;;*-**-KL-OLIE_OVERIG-G;0.18;40;42;40;40;252;CONTINUOUS;0.35;40;42;40;40;252;CONTINUOUS;0.35;40;42;40;40;252;V-CONTINUOUS-SO;0.35;40;42;40;40;252;CONTINUOUS;;;3.0;;NIEUW;1228;1222;
OLIE_PUT;*;-;**;-;KL;-;OLIE;_;PUT;;;;;;;;;;;-;G/S;;;;SKL-WTB_PUT;*-**-KL-OLIE_PUT-G/S;0.18;40;42;40;40;252;CONTINUOUS;0.35;40;42;40;40;252;CONTINUOUS;0.35;40;42;40;40;252;V-CONTINUOUS-SO;0.35;40;42;40;40;252;CONTINUOUS;;;3.0;;NIEUW;1229;1222;
OVERIG;*;-;**;-;KL;-;OVERIG;;;;;;;;;;;;;-;G;;;;;*-**-KL-OVERIG-G;0.18;130;132;130;130;252;CONTINUOUS;0.35;130;132;130;130;252;CONTINUOUS;0.35;130;132;130;130;252;CONTINUOUS;0.35;130;132;130;130;252;CONTINUOUS;;;3.1;;VERVALLEN;1220;0;
POLLER;*;-;**;-;KL;-;POLLER;;;;;;;;;;;;;-;G/S;;;;SKL-POLLER;*-**-KL-POLLER-G/S;0.18;7;7;7;7;253;CONTINUOUS;0.35;7;7;7;7;253;CONTINUOUS;0.35;7;7;7;7;253;V-CONTINUOUS-SO;0.35;7;7;7;7;253;CONTINUOUS;;;4.2;4.2: SO uit symboolnaam;GEWIJZIGD;3121;0;
POLLER_KAST;*;-;**;-;KL;-;POLLER;_;KAST;;;;;;;;;;;-;G/S;;;;POLLER_KAST;*-**-KL-POLLER_KAST-G/S;0.18;7;7;7;7;253;CONTINUOUS;0.35;7;7;7;7;253;CONTINUOUS;0.35;7;7;7;7;253;V-CONTINUOUS-SO;0.35;7;7;7;7;253;CONTINUOUS;;;4.2;4.2: SO uit symboolnaam;GEWIJZIGD;3122;3121;
POMP;*;-;**;-;KL;-;POMP;;;;;;;;;;;;;-;G/S;;;;SKL-POMP;*-**-KL-POMP-G/S;0.18;230;232;230;230;253;CONTINUOUS;0.35;230;232;230;230;253;CONTINUOUS;0.35;230;232;230;230;253;V-CONTINUOUS-SO;0.35;230;232;230;230;253;CONTINUOUS;;;4.2;4.2: symbool toegevoegd;GEWIJZIGD;1420;0;
POMP_KABEL;*;-;**;-;KL;-;POMP;_;KABEL;;;;;;;;;;;-;G;;;;;*-**-KL-POMP_KABEL-G;0.18;230;232;230;230;253;CONTINUOUS;0.35;230;232;230;230;253;CONTINUOUS;0.35;230;232;230;230;253;V-CONTINUOUS-SO;0.35;230;232;230;230;253;CONTINUOUS;;;3.0;;NIEUW;1421;1420;
POMP;*;-;**;-;KL;-;POMP;;;;;;;;;;;;;-;G/S;;;;SKL-POMP;*-**-KL-POMP-G/S;0.18;230;232;230;230;253;CONTINUOUS;0.35;230;232;230;230;253;CONTINUOUS;0.35;230;232;230;230;253;V-CONTINUOUS-SO;0.35;230;232;230;230;253;CONTINUOUS;;;4.1;Symbool toegevoegd 4.1: view gewijzigd 4.2: dubbel met 1420;VERVALLEN;3120;0;
SCHEMA;*;-;**;-;KL;-;SCHEMA;;;;;;;;;;;;;-;G;;;;;*-**-KL-SCHEMA-G;0.18;7;7;7;7;7;CONTINUOUS;0.25;7;7;7;7;7;CONTINUOUS;0.25;7;7;7;7;7;V-CONTINUOUS-SO;0.25;7;7;7;7;7;CONTINUOUS;;;5.0;LINETYPE STATUS V AANGEPAST;GEWIJZIGD;2950;0;
SCHEMA_AARDRAIL;*;-;**;-;KL;-;SCHEMA;_;AARDRAIL;;;;;;;;;;;-;G;;;;;*-**-KL-SCHEMA_AARDRAIL-G;0.18;90;90;90;90;90;ZZ-CENTER-SO;0.25;90;90;90;90;90;ZZ-CENTER-SO;0.25;90;90;90;90;90;ZZ-CENTER-SO;0.25;90;90;90;90;90;ZZ-CENTER-SO;;;3.1;;NIEUW;2951;2950;
SCHEMA_BEHUIZING;*;-;**;-;KL;-;SCHEMA;_;BEHUIZING;;;;;;;;;;;-;G;;;;;*-**-KL-SCHEMA_BEHUIZING-G;0.18;10;10;10;10;10;ZZ-DASHDOT-SO;0.25;10;10;10;10;10;ZZ-DASHDOT-SO;0.25;10;10;10;10;10;ZZ-DASHDOT-SO;0.25;10;10;10;10;10;ZZ-DASHDOT-SO;;;3.1;;NIEUW;2952;2950;
SCHEMA_COMPONENT;*;-;**;-;KL;-;SCHEMA;_;COMPONENT;;;;;;;;;;;-;G;;;;;*-**-KL-SCHEMA_COMPONENT-G;0.18;10;10;10;10;10;CONTINUOUS;0.25;10;10;10;10;10;CONTINUOUS;0.25;10;10;10;10;10;V-CONTINUOUS-SO;0.25;10;10;10;10;10;CONTINUOUS;;;5.0;LINETYPE STATUS V AANGEPAST;GEWIJZIGD;2953;2950;
SCHEMA_DIAGRAM;*;-;**;-;KL;-;SCHEMA;_;DIAGRAM;;;;;;;;;;;-;G;;;;;*-**-KL-SCHEMA_DIAGRAM-G;0.18;7;7;7;7;7;CONTINUOUS;0.25;7;7;7;7;7;CONTINUOUS;0.25;7;7;7;7;7;V-CONTINUOUS-SO;0.25;7;7;7;7;7;CONTINUOUS;;;5.0;LINETYPE STATUS V AANGEPAST;GEWIJZIGD;2954;2950;
SCHEMA_GOOT;*;-;**;-;KL;-;SCHEMA;_;GOOT;;;;;;;;;;;-;G;;;;;*-**-KL-SCHEMA_GOOT-G;0.18;7;7;7;7;7;CONTINUOUS;0.25;7;7;7;7;7;CONTINUOUS;0.25;7;7;7;7;7;V-CONTINUOUS-SO;0.25;7;7;7;7;7;CONTINUOUS;;;5.0;LINETYPE STATUS V AANGEPAST;GEWIJZIGD;2955;2950;
SCHEMA_KABEL;*;-;**;-;KL;-;SCHEMA;_;KABEL;;;;;;;;;;;-;G;;;;;*-**-KL-SCHEMA_KABEL-G;0.18;50;50;50;50;50;CONTINUOUS;0.25;50;50;50;50;50;CONTINUOUS;0.25;50;50;50;50;50;V-CONTINUOUS-SO;0.25;50;50;50;50;50;CONTINUOUS;;;5.0;LINETYPE STATUS V AANGEPAST;GEWIJZIGD;2956;2950;
SCHEMA_KLEMMENSTROOK;*;-;**;-;KL;-;SCHEMA;_;KLEMMENSTROOK;;;;;;;;;;;-;G;;;;;*-**-KL-SCHEMA_KLEMMENSTROOK-G;0.18;7;7;7;7;7;CONTINUOUS;0.25;7;7;7;7;7;CONTINUOUS;0.25;7;7;7;7;7;V-CONTINUOUS-SO;0.25;7;7;7;7;7;CONTINUOUS;;;5.0;LINETYPE STATUS V AANGEPAST;GEWIJZIGD;2957;2950;
SCHEMA_MECHANISCHEKOPPELING;*;-;**;-;KL;-;SCHEMA;_;MECHANISCHEKOPPELING;;;;;;;;;;;-;G;;;;;*-**-KL-SCHEMA_MECHANISCHEKOPPELING-G;0.18;7;7;7;7;7;CONTINUOUS;0.25;7;7;7;7;7;CONTINUOUS;0.25;7;7;7;7;7;V-CONTINUOUS-SO;0.25;7;7;7;7;7;CONTINUOUS;;;5.0;LINETYPE STATUS V AANGEPAST;GEWIJZIGD;2962;2950;
SCHEMA_RASTERINDELING;*;-;**;-;KL;-;SCHEMA;_;RASTERINDELING;;;;;;;;;;;-;G;;;;;*-**-KL-SCHEMA_RASTERINDELING-G;0.18;7;7;7;7;7;CONTINUOUS;0.18;7;7;7;7;7;CONTINUOUS;0.18;7;7;7;7;7;V-CONTINUOUS-SO;0.18;7;7;7;7;7;CONTINUOUS;;;5.0;LINETYPE STATUS V AANGEPAST;GEWIJZIGD;2958;2950;
SCHEMA_RASTERINDELING_18;*;-;**;-;KL;-;SCHEMA;_;RASTERINDELING;_;18;;;;;;;;;-;G;;;;;*-**-KL-SCHEMA_RASTERINDELING_18-G;0.18;7;7;7;7;7;CONTINUOUS;0.18;7;7;7;7;7;CONTINUOUS;0.18;7;7;7;7;7;V-CONTINUOUS-SO;0.18;7;7;7;7;7;CONTINUOUS;;;5.0;LINETYPE STATUS V AANGEPAST;GEWIJZIGD;2959;2958;
SCHEMA_RASTERINDELING_25;*;-;**;-;KL;-;SCHEMA;_;RASTERINDELING;_;25;;;;;;;;;-;G;;;;;*-**-KL-SCHEMA_RASTERINDELING_25-G;0.25;7;7;7;7;7;CONTINUOUS;0.25;7;7;7;7;7;CONTINUOUS;0.25;7;7;7;7;7;V-CONTINUOUS-SO;0.25;7;7;7;7;7;CONTINUOUS;;;5.0;LINETYPE STATUS V AANGEPAST;GEWIJZIGD;2960;2958;
SCHEMA_RASTERINDELING_35;*;-;**;-;KL;-;SCHEMA;_;RASTERINDELING;_;35;;;;;;;;;-;G;;;;;*-**-KL-SCHEMA_RASTERINDELING_35-G;0.35;7;7;7;7;7;CONTINUOUS;0.35;7;7;7;7;7;CONTINUOUS;0.35;7;7;7;7;7;V-CONTINUOUS-SO;0.35;7;7;7;7;7;CONTINUOUS;;;5.0;LINETYPE STATUS V AANGEPAST;GEWIJZIGD;2961;2958;
SCHEMA_VOEDINGSLIJN;*;-;**;-;KL;-;SCHEMA;_;VOEDINGSLIJN;;;;;;;;;;;-;G;;;;;*-**-KL-SCHEMA_VOEDINGSLIJN-G;0.18;30;30;30;30;30;CONTINUOUS;0.50;30;30;30;30;30;CONTINUOUS;0.50;30;30;30;30;30;V-CONTINUOUS-SO;0.50;30;30;30;30;30;CONTINUOUS;;;5.0;LINETYPE STATUS V AANGEPAST;GEWIJZIGD;2963;2950;
STROOK;*;-;**;-;KL;-;STROOK;;;;;;;;;;;;;-;G;;;;;*-**-KL-STROOK-G;0.18;7;7;7;7;252;ZZ-HIDDEN-SO;0.35;7;7;7;7;252;ZZ-HIDDEN-SO;0.35;7;7;7;7;252;ZZ-HIDDEN-SO;0.35;7;7;7;7;252;ZZ-HIDDEN-SO;;;5.0;Lijntype gewijzigd;GEWIJZIGD;1221;0;
TDI;*;-;**;-;KL;-;TDI;;;;;;;;;;;;;-;G;;;;;*-**-KL-TDI-G;0.18;200;202;200;200;253;CONTINUOUS;0.35;200;202;200;200;253;CONTINUOUS;0.35;200;202;200;200;253;V-CONTINUOUS-SO;0.35;200;202;200;200;253;CONTINUOUS;;;3.0;;NIEUW;1390;0;
TDI_KABEL;*;-;**;-;KL;-;TDI;_;KABEL;;;;;;;;;;;-;G;;;;;*-**-KL-TDI_KABEL-G;0.18;200;202;200;200;253;KL-TDI-SO;0.35;200;202;200;200;253;KL-TDI-SO;0.35;200;202;200;200;253;V-KL-TDI-SO;0.35;200;202;200;200;253;KL-TDI-SO;;;4.2;4.2:Lijnstijl toegevoegd;GEWIJZIGD;1391;1390;
TELPUNT;*;-;**;-;KL;-;TELPUNT;;;;;;;;;;;;;-;G;;;;;*-**-KL-TELPUNT-G;0.18;100;102;100;100;253;CONTINUOUS;0.35;100;102;100;100;253;CONTINUOUS;0.35;100;102;100;100;253;V-CONTINUOUS-SO;0.35;100;102;100;100;253;CONTINUOUS;;;3.0;;NIEUW;1400;0;
TELPUNT_KABEL;*;-;**;-;KL;-;TELPUNT;_;KABEL;;;;;;;;;;;-;G;;;;;*-**-KL-TELPUNT_KABEL-G;0.18;100;102;100;100;253;KL-TELPUNT-SO;0.35;100;102;100;100;253;KL-TELPUNT-SO;0.35;100;102;100;100;253;V-KL-TELPUNT-SO;0.35;100;102;100;100;253;KL-TELPUNT-SO;;;4.2;4.2:Lijnstijl toegevoegd;GEWIJZIGD;1401;1400;
TELPUNT_TELKAST;*;-;**;-;KL;-;TELPUNT;_;TELKAST;;;;;;;;;;;-;G/S;;;;SKL-TELKAST;*-**-KL-TELPUNT_TELKAST-G/S;0.18;100;102;100;100;253;CONTINUOUS;0.35;100;102;100;100;253;CONTINUOUS;0.35;100;102;100;100;253;V-CONTINUOUS-SO;0.35;100;102;100;100;253;CONTINUOUS;;;4.1;;NIEUW;3429;1400;
TELPUNT_TELKAST;*;-;**;-;KL;-;TELPUNT;_;TELKAST;;;;;;;;;;;-;G/S;;;;SKL-TELKAST;*-**-KL-TELPUNT_TELKAST-G/S;0.18;100;102;100;100;253;CONTINUOUS;0.35;100;102;100;100;253;CONTINUOUS;0.35;100;102;100;100;253;V-CONTINUOUS-SO;0.35;100;102;100;100;253;CONTINUOUS;;;4.2;4.2: dubbel met 3429;VERVALLEN;3438;1400;
TRACE;*;-;**;-;KL;-;TRACE;;;;;;;;;;;;;-;G;;;;;*-**-KL-TRACE-G;0.18;7;7;7;7;252;ZZ-HIDDEN-SO;0.35;7;7;7;7;252;ZZ-HIDDEN-SO;0.35;7;7;7;7;252;ZZ-HIDDEN-SO;0.35;7;7;7;7;252;ZZ-HIDDEN-SO;;;5.0;Lijntype gewijzigd;GEWIJZIGD;1230;0;
TRACE_WENSTRACE;*;-;**;-;KL;-;TRACE;_;WENSTRACE;;;;;;;;;;;-;G;;;;;*-**-KL-TRACE_WENSTRACE-G;0.18;7;7;7;7;252;ZZ-HIDDEN-SO;0.35;7;7;7;7;252;ZZ-HIDDEN-SO;0.35;7;7;7;7;252;ZZ-HIDDEN-SO;0.35;7;7;7;7;252;ZZ-HIDDEN-SO;;;5.0;Lijntype gewijzigd;GEWIJZIGD;1231;1230;
TRANSMISSIE;*;-;**;-;KL;-;TRANSMISSIE;;;;;;;;;;;;;-;G;;;;;*-**-KL-TRANSMISSIE-G;0.18;80;82;80;80;253;CONTINUOUS;0.35;80;82;80;80;253;CONTINUOUS;0.35;80;82;80;80;253;V-CONTINUOUS-SO;0.35;80;82;80;80;253;CONTINUOUS;;;3.0;;NIEUW;1412;0;
TRANSMISSIE_KABEL;*;-;**;-;KL;-;TRANSMISSIE;_;KABEL;;;;;;;;;;;-;G;;;;;*-**-KL-TRANSMISSIE_KABEL-G;0.18;80;82;80;80;253;CONTINUOUS;0.35;80;82;80;80;253;CONTINUOUS;0.35;80;82;80;80;253;V-CONTINUOUS-SO;0.35;80;82;80;80;253;CONTINUOUS;;;3.0;;NIEUW;1413;1412;
UWKS;*;-;**;-;KL;-;UWKS;;;;;;;;;;;;;-;G;;;;;*-**-KL-UWKS-G;0.18;130;132;130;130;253;CONTINUOUS;0.35;130;132;130;130;253;CONTINUOUS;0.35;130;132;130;130;253;V-CONTINUOUS-SO;0.35;130;132;130;130;253;CONTINUOUS;;;3.0;;NIEUW;1410;0;
UWKS_KABEL;*;-;**;-;KL;-;UWKS;_;KABEL;;;;;;;;;;;-;G;;;;;*-**-KL-UWKS_KABEL-G;0.18;130;132;130;130;253;KL-UWKS-SO;0.35;130;132;130;130;253;KL-UWKS-SO;0.35;130;132;130;130;253;V-KL-UWKS-SO;0.35;130;132;130;130;253;KL-UWKS-SO;;;4.2;4.2:Lijnstijl toegevoegd;GEWIJZIGD;1411;1410;
VEVA;*;-;**;-;KL;-;VEVA;;;;;;;;;;;;;-;G;;;;;*-**-KL-VEVA-G;0.18;60;62;60;60;253;CONTINUOUS;0.35;60;62;60;60;253;CONTINUOUS;0.35;60;62;60;60;253;V-CONTINUOUS-SO;0.35;60;62;60;60;253;CONTINUOUS;;;3.0;;NIEUW;1414;0;
VEVA_KABEL;*;-;**;-;KL;-;VEVA;_;KABEL;;;;;;;;;;;-;G;;;;;*-**-KL-VEVA_KABEL-G;0.18;60;62;60;60;253;CONTINUOUS;0.35;60;62;60;60;253;CONTINUOUS;0.35;60;62;60;60;253;V-CONTINUOUS-SO;0.35;60;62;60;60;253;CONTINUOUS;;;3.0;;NIEUW;1415;1414;
VRI;*;-;**;-;KL;-;VRI;;;;;;;;;;;;;-;G/S;;;;SKL-VRI;*-**-KL-VRI-G/S;0.18;30;32;30;30;253;CONTINUOUS;0.35;30;32;30;30;253;CONTINUOUS;0.35;30;32;30;30;253;V-CONTINUOUS-SO;0.35;30;32;30;30;253;CONTINUOUS;;;4.1;Symbool toegevoegd;GEWIJZIGD;1408;0;
VRI_KABEL;*;-;**;-;KL;-;VRI;_;KABEL;;;;;;;;;;;-;G;;;;;*-**-KL-VRI_KABEL-G;0.18;30;32;30;30;253;KL-VRI-SO;0.35;30;32;30;30;253;KL-VRI-SO;0.35;30;32;30;30;253;V-KL-VRI-SO;0.35;30;32;30;30;253;KL-VRI-SO;;;4.2;4.2:Lijnstijl toegevoegd;GEWIJZIGD;1409;1408;
VS;*;-;**;-;KL;-;VS;;;;;;;;;;;;;-;G;;;;;*-**-KL-VS-G;0.18;30;32;30;30;253;CONTINUOUS;0.35;30;32;30;30;253;CONTINUOUS;0.35;30;32;30;30;253;V-CONTINUOUS-SO;0.35;30;32;30;30;253;CONTINUOUS;;;3.1;NAAM GELIJK GEMAAKT AAN VW GROEP WAS VKS ; NU VS;GEWIJZIGD;1406;0
VS_KABEL;*;-;**;-;KL;-;VS;_;KABEL;;;;;;;;;;;-;G;;;;;*-**-KL-VS_KABEL-G;0.18;30;32;30;30;253;KL-VS-SO;0.35;30;32;30;30;253;KL-VS-SO;0.35;30;32;30;30;253;V-KL-VS-SO;0.35;30;32;30;30;253;KL-VS-SO;;;4.2;4.2:Lijnstijl toegevoegd;GEWIJZIGD;1407;1406;
WARMTENET;*;-;**;-;KL;-;WARMTENET;;;;;;;;;;;;;-;G;;;;;*-**-KL-WARMTENET-G;0.18;80;82;80;80;252;KL-WARMTENET-SO;0.35;80;82;80;80;252;KL-WARMTENET-SO;0.35;80;82;80;80;252;V-KL-WARMTENET-SO;0.35;80;82;80;80;252;KL-WARMTENET-SO;;;2.3;;;1232;0;
WARMTENET_AANSLUITLEIDING;*;-;**;-;KL;-;WARMTENET;_;AANSLUITLEIDING;;;;;;;;;;;-;G;;;;;*-**-KL-WARMTENET_AANSLUITLEIDING-G;0.18;80;82;80;80;252;KL-WARMTENET-SO;0.35;80;82;80;80;252;KL-WARMTENET-SO;0.35;80;82;80;80;252;V-KL-WARMTENET-SO;0.35;80;82;80;80;252;KL-WARMTENET-SO;;;5.0;VERBETERD-5.0- lijntype BS gewijzigd-5.0- lijntype NW gewijzigd-5.0- lijntype TD gewijzigd-5.0- lijntype VW gewijzigd;GEWIJZIGD;1233;1232;
WARMTENET_AANSLUITLEIDING_AANVOER;*;-;**;-;KL;-;WARMTENET;_;AANSLUITLEIDING;_;AANVOER;;;;;;;;;-;G;;;;;*-**-KL-WARMTENET_AANSLUITLEIDING_AANVOER-G;0.18;80;82;80;80;252;KL-WARMTENET-SO;0.35;80;82;80;80;252;KL-WARMTENET-SO;0.35;80;82;80;80;252;V-KL-WARMTENET-SO;0.35;80;82;80;80;252;KL-WARMTENET-SO;;;5.0;-5.0- lijntype BS gewijzigd-5.0- lijntype NW gewijzigd-5.0- lijntype TD gewijzigd-5.0- lijntype VW gewijzigd;GEWIJZIGD;1234;1233;
WARMTENET_AANSLUITLEIDING_AANVOER_GVK;*;-;**;-;KL;-;WARMTENET;_;AANSLUITLEIDING;_;AANVOER;_;GVK;;;;;;;-;G;;;;;*-**-KL-WARMTENET_AANSLUITLEIDING_AANVOER_GVK-G;0.18;80;82;80;80;252;KL-WARMTENET-SO;0.35;80;82;80;80;252;KL-WARMTENET-SO;0.35;80;82;80;80;252;V-KL-WARMTENET-SO;0.35;80;82;80;80;252;KL-WARMTENET-SO;;;5.0;-5.0- lijntype BS gewijzigd-5.0- lijntype NW gewijzigd-5.0- lijntype TD gewijzigd-5.0- lijntype VW gewijzigd;GEWIJZIGD;1235;1234;
WARMTENET_AANSLUITLEIDING_AANVOER_PE;*;-;**;-;KL;-;WARMTENET;_;AANSLUITLEIDING;_;AANVOER;_;PE;;;;;;;-;G;;;;;*-**-KL-WARMTENET_AANSLUITLEIDING_AANVOER_PE-G;0.18;80;82;80;80;252;KL-WARMTENET-SO;0.35;80;82;80;80;252;KL-WARMTENET-SO;0.35;80;82;80;80;252;V-KL-WARMTENET-SO;0.35;80;82;80;80;252;KL-WARMTENET-SO;;;5.0;-5.0- lijntype BS gewijzigd-5.0- lijntype NW gewijzigd-5.0- lijntype TD gewijzigd-5.0- lijntype VW gewijzigd;GEWIJZIGD;1236;1234;
WARMTENET_AANSLUITLEIDING_AANVOER_PVC;*;-;**;-;KL;-;WARMTENET;_;AANSLUITLEIDING;_;AANVOER;_;PVC;;;;;;;-;G;;;;;*-**-KL-WARMTENET_AANSLUITLEIDING_AANVOER_PVC-G;0.18;80;82;80;80;252;KL-WARMTENET-SO;0.35;80;82;80;80;252;KL-WARMTENET-SO;0.35;80;82;80;80;252;V-KL-WARMTENET-SO;0.35;80;82;80;80;252;KL-WARMTENET-SO;;;5.0;-5.0- lijntype BS gewijzigd-5.0- lijntype NW gewijzigd-5.0- lijntype TD gewijzigd-5.0- lijntype VW gewijzigd;GEWIJZIGD;1237;1234;
WARMTENET_AANSLUITLEIDING_AANVOER_STAAL;*;-;**;-;KL;-;WARMTENET;_;AANSLUITLEIDING;_;AANVOER;_;STAAL;;;;;;;-;G;;;;;*-**-KL-WARMTENET_AANSLUITLEIDING_AANVOER_STAAL-G;0.18;80;82;80;80;252;KL-WARMTENET-SO;0.35;80;82;80;80;252;KL-WARMTENET-SO;0.35;80;82;80;80;252;V-KL-WARMTENET-SO;0.35;80;82;80;80;252;KL-WARMTENET-SO;;;5.0;-5.0- lijntype BS gewijzigd-5.0- lijntype NW gewijzigd-5.0- lijntype TD gewijzigd-5.0- lijntype VW gewijzigd;GEWIJZIGD;1238;1234;
WARMTENET_AANSLUITLEIDING_RETOUR;*;-;**;-;KL;-;WARMTENET;_;AANSLUITLEIDING;_;RETOUR;;;;;;;;;-;G;;;;;*-**-KL-WARMTENET_AANSLUITLEIDING_RETOUR-G;0.18;80;82;80;80;252;KL-WARMTENET-SO;0.35;80;82;80;80;252;KL-WARMTENET-SO;0.35;80;82;80;80;252;V-KL-WARMTENET-SO;0.35;80;82;80;80;252;KL-WARMTENET-SO;;;5.0;-5.0- lijntype BS gewijzigd-5.0- lijntype NW gewijzigd-5.0- lijntype TD gewijzigd-5.0- lijntype VW gewijzigd;GEWIJZIGD;1239;1233;
WARMTENET_AANSLUITLEIDING_RETOUR_GVK;*;-;**;-;KL;-;WARMTENET;_;AANSLUITLEIDING;_;RETOUR;_;GVK;;;;;;;-;G;;;;;*-**-KL-WARMTENET_AANSLUITLEIDING_RETOUR_GVK-G;0.18;80;82;80;80;252;KL-WARMTENET-SO;0.35;80;82;80;80;252;KL-WARMTENET-SO;0.35;80;82;80;80;252;V-KL-WARMTENET-SO;0.35;80;82;80;80;252;KL-WARMTENET-SO;;;5.0;-5.0- lijntype BS gewijzigd-5.0- lijntype NW gewijzigd-5.0- lijntype TD gewijzigd-5.0- lijntype VW gewijzigd;GEWIJZIGD;1240;1239;
WARMTENET_AANSLUITLEIDING_RETOUR_PE;*;-;**;-;KL;-;WARMTENET;_;AANSLUITLEIDING;_;RETOUR;_;PE;;;;;;;-;G;;;;;*-**-KL-WARMTENET_AANSLUITLEIDING_RETOUR_PE-G;0.18;80;82;80;80;252;KL-WARMTENET-SO;0.35;80;82;80;80;252;KL-WARMTENET-SO;0.35;80;82;80;80;252;V-KL-WARMTENET-SO;0.35;80;82;80;80;252;KL-WARMTENET-SO;;;5.0;-5.0- lijntype BS gewijzigd-5.0- lijntype NW gewijzigd-5.0- lijntype TD gewijzigd-5.0- lijntype VW gewijzigd;GEWIJZIGD;1241;1239;
WARMTENET_AANSLUITLEIDING_RETOUR_PVC;*;-;**;-;KL;-;WARMTENET;_;AANSLUITLEIDING;_;RETOUR;_;PVC;;;;;;;-;G;;;;;*-**-KL-WARMTENET_AANSLUITLEIDING_RETOUR_PVC-G;0.18;80;82;80;80;252;KL-WARMTENET-SO;0.35;80;82;80;80;252;KL-WARMTENET-SO;0.35;80;82;80;80;252;V-KL-WARMTENET-SO;0.35;80;82;80;80;252;KL-WARMTENET-SO;;;5.0;-5.0- lijntype BS gewijzigd-5.0- lijntype NW gewijzigd-5.0- lijntype TD gewijzigd-5.0- lijntype VW gewijzigd;GEWIJZIGD;1242;1239;
WARMTENET_AANSLUITLEIDING_RETOUR_STAAL;*;-;**;-;KL;-;WARMTENET;_;AANSLUITLEIDING;_;RETOUR;_;STAAL;;;;;;;-;G;;;;;*-**-KL-WARMTENET_AANSLUITLEIDING_RETOUR_STAAL-G;0.18;80;82;80;80;252;KL-WARMTENET-SO;0.35;80;82;80;80;252;KL-WARMTENET-SO;0.35;80;82;80;80;252;V-KL-WARMTENET-SO;0.35;80;82;80;80;252;KL-WARMTENET-SO;;;5.0;-5.0- lijntype BS gewijzigd-5.0- lijntype NW gewijzigd-5.0- lijntype TD gewijzigd-5.0- lijntype VW gewijzigd;GEWIJZIGD;1243;1239;
WARMTENET_BRONPUT;*;-;**;-;KL;-;WARMTENET;_;BRONPUT;;;;;;;;;;;-;G/S;;;;SKL-WTB_WARMTENET_BRONPUT;*-**-KL-WARMTENET_BRONPUT-G/S;0.18;80;82;80;80;252;CONTINUOUS;0.35;80;82;80;80;252;CONTINUOUS;0.35;80;82;80;80;252;V-CONTINUOUS-SO;0.35;80;82;80;80;252;CONTINUOUS;;;2.3;;;1244;1232;
WARMTENET_HULPSTUK;*;-;**;-;KL;-;WARMTENET;_;HULPSTUK;;;;;;;;;;;-;G/S;;;;SKL-WTB_HULP;*-**-KL-WARMTENET_HULPSTUK-G/S;0.18;80;82;80;80;252;CONTINUOUS;0.35;80;82;80;80;252;CONTINUOUS;0.35;80;82;80;80;252;V-CONTINUOUS-SO;0.35;80;82;80;80;252;CONTINUOUS;;;2.3;;;1245;1232;
WARMTENET_HULPSTUK_AANSLUITPUNT;*;-;**;-;KL;-;WARMTENET;_;HULPSTUK;_;AANSLUITPUNT;;;;;;;;;-;G;;;;;*-**-KL-WARMTENET_HULPSTUK_AANSLUITPUNT-G;0.18;80;82;80;80;252;CONTINUOUS;0.35;80;82;80;80;252;CONTINUOUS;0.35;80;82;80;80;252;V-CONTINUOUS-SO;0.35;80;82;80;80;252;CONTINUOUS;;;2.3;;;1246;1245;
WARMTENET_HULPSTUK_AFSLUITER;*;-;**;-;KL;-;WARMTENET;_;HULPSTUK;_;AFSLUITER;;;;;;;;;-;G;;;;;*-**-KL-WARMTENET_HULPSTUK_AFSLUITER-G;0.18;80;82;80;80;252;CONTINUOUS;0.35;80;82;80;80;252;CONTINUOUS;0.35;80;82;80;80;252;V-CONTINUOUS-SO;0.35;80;82;80;80;252;CONTINUOUS;;;2.3;;;1247;1245;
WARMTENET_HULPSTUK_OVERIG;*;-;**;-;KL;-;WARMTENET;_;HULPSTUK;_;OVERIG;;;;;;;;;-;G;;;;;*-**-KL-WARMTENET_HULPSTUK_OVERIG-G;0.18;80;82;80;80;252;CONTINUOUS;0.35;80;82;80;80;252;CONTINUOUS;0.35;80;82;80;80;252;V-CONTINUOUS-SO;0.35;80;82;80;80;252;CONTINUOUS;;;2.3;;;1248;1245;
WARMTENET_LOCATIEPAAL;*;-;**;-;KL;-;WARMTENET;_;LOCATIEPAAL;;;;;;;;;;;-;G/S;;;;SKL-LEIDINGMERKPAAL;*-**-KL-WARMTENET_LOCATIEPAAL-G/S;0.18;80;82;80;80;252;KL-WARMTENET-SO;0.35;80;82;80;80;252;KL-WARMTENET-SO;0.35;80;82;80;80;252;V-KL-WARMTENET-SO;0.35;80;82;80;80;252;KL-WARMTENET-SO;;;2.3;;;1249;1232;
WARMTENET_MANTELBUIS;*;-;**;-;KL;-;WARMTENET;_;MANTELBUIS;;;;;;;;;;;-;G;;;;;*-**-KL-WARMTENET_MANTELBUIS-G;0.18;80;82;80;80;252;CONTINUOUS;0.35;80;82;80;80;252;CONTINUOUS;0.35;80;82;80;80;252;V-CONTINUOUS-SO;0.35;80;82;80;80;252;CONTINUOUS;;;2.5;;;1250;1232;
WARMTENET_OVERIG;*;-;**;-;KL;-;WARMTENET;_;OVERIG;;;;;;;;;;;-;G;;;;;*-**-KL-WARMTENET_OVERIG-G;0.18;80;82;80;80;252;CONTINUOUS;0.35;80;82;80;80;252;CONTINUOUS;0.35;80;82;80;80;252;V-CONTINUOUS-SO;0.35;80;82;80;80;252;CONTINUOUS;;;3.1;;VERVALLEN;1251;1232;
WARMTENET_PUT;*;-;**;-;KL;-;WARMTENET;_;PUT;;;;;;;;;;;-;G/S;;;;SKL-WTB_WARMTENET_PUT;*-**-KL-WARMTENET_PUT-G/S;0.18;80;82;80;80;252;CONTINUOUS;0.35;80;82;80;80;252;CONTINUOUS;0.35;80;82;80;80;252;V-CONTINUOUS-SO;0.35;80;82;80;80;252;CONTINUOUS;;;2.3;;;1252;1232;
WARMTENET_TRANSPORTLEIDING;*;-;**;-;KL;-;WARMTENET;_;TRANSPORTLEIDING;;;;;;;;;;;-;G;;;;;*-**-KL-WARMTENET_TRANSPORTLEIDING-G;0.18;80;82;80;80;252;KL-WARMTENET-SO;0.35;80;82;80;80;252;KL-WARMTENET-SO;0.35;80;82;80;80;252;V-KL-WARMTENET-SO;0.35;80;82;80;80;252;KL-WARMTENET-SO;;;5.0;-5.0- lijntype BS gewijzigd-5.0- lijntype NW gewijzigd-5.0- lijntype TD gewijzigd-5.0- lijntype VW gewijzigd;GEWIJZIGD;1253;1232;
WARMTENET_TRANSPORTLEIDING_AANVOER;*;-;**;-;KL;-;WARMTENET;_;TRANSPORTLEIDING;_;AANVOER;;;;;;;;;-;G;;;;;*-**-KL-WARMTENET_TRANSPORTLEIDING_AANVOER-G;0.18;80;82;80;80;252;KL-WARMTENET-SO;0.35;80;82;80;80;252;KL-WARMTENET-SO;0.35;80;82;80;80;252;V-KL-WARMTENET-SO;0.35;80;82;80;80;252;KL-WARMTENET-SO;;;5.0;-5.0- lijntype BS gewijzigd-5.0- lijntype NW gewijzigd-5.0- lijntype TD gewijzigd-5.0- lijntype VW gewijzigd;GEWIJZIGD;1254;1253;
WARMTENET_TRANSPORTLEIDING_AANVOER_GVK;*;-;**;-;KL;-;WARMTENET;_;TRANSPORTLEIDING;_;AANVOER;_;GVK;;;;;;;-;G;;;;;*-**-KL-WARMTENET_TRANSPORTLEIDING_AANVOER_GVK-G;0.18;80;82;80;80;252;KL-WARMTENET-SO;0.35;80;82;80;80;252;KL-WARMTENET-SO;0.35;80;82;80;80;252;V-KL-WARMTENET-SO;0.35;80;82;80;80;252;KL-WARMTENET-SO;;;5.0;-5.0- lijntype BS gewijzigd-5.0- lijntype NW gewijzigd-5.0- lijntype TD gewijzigd-5.0- lijntype VW gewijzigd;GEWIJZIGD;1255;1254;
WARMTENET_TRANSPORTLEIDING_AANVOER_PE;*;-;**;-;KL;-;WARMTENET;_;TRANSPORTLEIDING;_;AANVOER;_;PE;;;;;;;-;G;;;;;*-**-KL-WARMTENET_TRANSPORTLEIDING_AANVOER_PE-G;0.18;80;82;80;80;252;KL-WARMTENET-SO;0.35;80;82;80;80;252;KL-WARMTENET-SO;0.35;80;82;80;80;252;V-KL-WARMTENET-SO;0.35;80;82;80;80;252;KL-WARMTENET-SO;;;5.0;-5.0- lijntype BS gewijzigd-5.0- lijntype NW gewijzigd-5.0- lijntype TD gewijzigd-5.0- lijntype VW gewijzigd;GEWIJZIGD;1256;1254;
WARMTENET_TRANSPORTLEIDING_AANVOER_PVC;*;-;**;-;KL;-;WARMTENET;_;TRANSPORTLEIDING;_;AANVOER;_;PVC;;;;;;;-;G;;;;;*-**-KL-WARMTENET_TRANSPORTLEIDING_AANVOER_PVC-G;0.18;80;82;80;80;252;KL-WARMTENET-SO;0.35;80;82;80;80;252;KL-WARMTENET-SO;0.35;80;82;80;80;252;V-KL-WARMTENET-SO;0.35;80;82;80;80;252;KL-WARMTENET-SO;;;5.0;-5.0- lijntype BS gewijzigd-5.0- lijntype NW gewijzigd-5.0- lijntype TD gewijzigd-5.0- lijntype VW gewijzigd;GEWIJZIGD;1257;1254;
WARMTENET_TRANSPORTLEIDING_AANVOER_STAAL;*;-;**;-;KL;-;WARMTENET;_;TRANSPORTLEIDING;_;AANVOER;_;STAAL;;;;;;;-;G;;;;;*-**-KL-WARMTENET_TRANSPORTLEIDING_AANVOER_STAAL-G;0.18;80;82;80;80;252;KL-WARMTENET-SO;0.35;80;82;80;80;252;KL-WARMTENET-SO;0.35;80;82;80;80;252;V-KL-WARMTENET-SO;0.35;80;82;80;80;252;KL-WARMTENET-SO;;;5.0;-5.0- lijntype BS gewijzigd-5.0- lijntype NW gewijzigd-5.0- lijntype TD gewijzigd-5.0- lijntype VW gewijzigd;GEWIJZIGD;1258;1254;
WARMTENET_TRANSPORTLEIDING_RETOUR;*;-;**;-;KL;-;WARMTENET;_;TRANSPORTLEIDING;_;RETOUR;;;;;;;;;-;G;;;;;*-**-KL-WARMTENET_TRANSPORTLEIDING_RETOUR-G;0.18;80;82;80;80;252;KL-WARMTENET-SO;0.35;80;82;80;80;252;KL-WARMTENET-SO;0.35;80;82;80;80;252;V-KL-WARMTENET-SO;0.35;80;82;80;80;252;KL-WARMTENET-SO;;;5.0;-5.0- lijntype BS gewijzigd-5.0- lijntype NW gewijzigd-5.0- lijntype TD gewijzigd-5.0- lijntype VW gewijzigd;GEWIJZIGD;1259;1253;
WARMTENET_TRANSPORTLEIDING_RETOUR_GVK;*;-;**;-;KL;-;WARMTENET;_;TRANSPORTLEIDING;_;RETOUR;_;GVK;;;;;;;-;G;;;;;*-**-KL-WARMTENET_TRANSPORTLEIDING_RETOUR_GVK-G;0.18;80;82;80;80;252;KL-WARMTENET-SO;0.35;80;82;80;80;252;KL-WARMTENET-SO;0.35;80;82;80;80;252;V-KL-WARMTENET-SO;0.35;80;82;80;80;252;KL-WARMTENET-SO;;;5.0;-5.0- lijntype BS gewijzigd-5.0- lijntype NW gewijzigd-5.0- lijntype TD gewijzigd-5.0- lijntype VW gewijzigd;GEWIJZIGD;1260;1259;
WARMTENET_TRANSPORTLEIDING_RETOUR_PE;*;-;**;-;KL;-;WARMTENET;_;TRANSPORTLEIDING;_;RETOUR;_;PE;;;;;;;-;G;;;;;*-**-KL-WARMTENET_TRANSPORTLEIDING_RETOUR_PE-G;0.18;80;82;80;80;252;KL-WARMTENET-SO;0.35;80;82;80;80;252;KL-WARMTENET-SO;0.35;80;82;80;80;252;V-KL-WARMTENET-SO;0.35;80;82;80;80;252;KL-WARMTENET-SO;;;5.0;-5.0- lijntype BS gewijzigd-5.0- lijntype NW gewijzigd-5.0- lijntype TD gewijzigd-5.0- lijntype VW gewijzigd;GEWIJZIGD;1261;1259;
WARMTENET_TRANSPORTLEIDING_RETOUR_PVC;*;-;**;-;KL;-;WARMTENET;_;TRANSPORTLEIDING;_;RETOUR;_;PVC;;;;;;;-;G;;;;;*-**-KL-WARMTENET_TRANSPORTLEIDING_RETOUR_PVC-G;0.18;80;82;80;80;252;KL-WARMTENET-SO;0.35;80;82;80;80;252;KL-WARMTENET-SO;0.35;80;82;80;80;252;V-KL-WARMTENET-SO;0.35;80;82;80;80;252;KL-WARMTENET-SO;;;5.0;-5.0- lijntype BS gewijzigd-5.0- lijntype NW gewijzigd-5.0- lijntype TD gewijzigd-5.0- lijntype VW gewijzigd;GEWIJZIGD;1262;1259;
WARMTENET_TRANSPORTLEIDING_RETOUR_STAAL;*;-;**;-;KL;-;WARMTENET;_;TRANSPORTLEIDING;_;RETOUR;_;STAAL;;;;;;;-;G;;;;;*-**-KL-WARMTENET_TRANSPORTLEIDING_RETOUR_STAAL-G;0.18;80;82;80;80;252;KL-WARMTENET-SO;0.35;80;82;80;80;252;KL-WARMTENET-SO;0.35;80;82;80;80;252;V-KL-WARMTENET-SO;0.35;80;82;80;80;252;KL-WARMTENET-SO;;;5.0;-5.0- lijntype BS gewijzigd-5.0- lijntype NW gewijzigd-5.0- lijntype TD gewijzigd-5.0- lijntype VW gewijzigd;GEWIJZIGD;1263;1259;
WARMTEOPSLAGSYSTEEM;*;-;**;-;KL;-;WARMTEOPSLAGSYSTEEM;;;;;;;;;;;;;-;G/S;;;;SKL-WARMTEOPSLAG;*-**-KL-WARMTEOPSLAGSYSTEEM-G/S;0.18;7;7;7;7;253;CONTINUOUS;0.35;7;7;7;7;253;CONTINUOUS;0.35;7;7;7;7;253;V-CONTINUOUS-SO;0.35;7;7;7;7;253;CONTINUOUS;;;4.1;Symbool toegevoegd;GEWIJZIGD;3123;0;
WATER;*;-;**;-;KL;-;WATER;;;;;;;;;;;;;-;G;;;;;*-**-KL-WATER-G;0.18;170;172;170;170;252;KL-WATER-SO;0.35;170;172;170;170;252;KL-WATER-SO;0.35;170;172;170;170;252;V-KL-WATER-SO;0.35;170;172;170;170;252;KL-WATER-SO;;;2.3;;;1264;0;
WATER_BEREGENING;*;-;**;-;KL;-;WATER;_;BEREGENING;;;;;;;;;;;-;G;;;;;*-**-KL-WATER_BEREGENING-G;0.18;150;152;150;150;252;KL-WATER-SO;0.35;150;152;150;150;252;KL-WATER-SO;0.35;150;152;150;150;252;V-KL-WATER-SO;0.35;150;152;150;150;252;KL-WATER-SO;;;5.0;-5.0- lijntype BS gewijzigd-5.0- lijntype NW gewijzigd-5.0- lijntype TD gewijzigd-5.0- lijntype VW gewijzigd;GEWIJZIGD;1265;1264;
WATER_BEREGENING_AANSLUITLEIDING;*;-;**;-;KL;-;WATER;_;BEREGENING;_;AANSLUITLEIDING;;;;;;;;;-;G;;;;;*-**-KL-WATER_BEREGENING_AANSLUITLEIDING-G;0.18;150;152;150;150;252;KL-WATER-SO;0.35;150;152;150;150;252;KL-WATER-SO;0.35;150;152;150;150;252;V-KL-WATER-SO;0.35;150;152;150;150;252;KL-WATER-SO;;;5.0;-5.0- lijntype BS gewijzigd-5.0- lijntype NW gewijzigd-5.0- lijntype TD gewijzigd-5.0- lijntype VW gewijzigd;GEWIJZIGD;1266;1265;
WATER_BEREGENING_HULPSTUK;*;-;**;-;KL;-;WATER;_;BEREGENING;_;HULPSTUK;;;;;;;;;-;G/S;;;;SKL-WTB_HULP;*-**-KL-WATER_BEREGENING_HULPSTUK-G/S;0.18;153;153;153;153;252;CONTINUOUS;0.35;153;153;153;153;252;CONTINUOUS;0.35;153;153;153;153;252;V-CONTINUOUS-SO;0.35;153;153;153;153;252;CONTINUOUS;;;2.3;;;1267;1265;
WATER_BEREGENING_HULPSTUK_AANSLUITPUNT;*;-;**;-;KL;-;WATER;_;BEREGENING;_;HULPSTUK;_;AANSLUITPUNT;;;;;;;-;G;;;;;*-**-KL-WATER_BEREGENING_HULPSTUK_AANSLUITPUNT-G;0.18;153;153;153;153;252;CONTINUOUS;0.35;153;153;153;153;252;CONTINUOUS;0.35;153;153;153;153;252;V-CONTINUOUS-SO;0.35;153;153;153;153;252;CONTINUOUS;;;2.3;;;1268;1267;
WATER_BEREGENING_HULPSTUK_AFSLUITER;*;-;**;-;KL;-;WATER;_;BEREGENING;_;HULPSTUK;_;AFSLUITER;;;;;;;-;G;;;;;*-**-KL-WATER_BEREGENING_HULPSTUK_AFSLUITER-G;0.18;153;153;153;153;252;CONTINUOUS;0.35;153;153;153;153;252;CONTINUOUS;0.35;153;153;153;153;252;V-CONTINUOUS-SO;0.35;153;153;153;153;252;CONTINUOUS;;;2.3;;;1269;1267;
WATER_BEREGENING_HULPSTUK_DRUKMEETPUNT;*;-;**;-;KL;-;WATER;_;BEREGENING;_;HULPSTUK;_;DRUKMEETPUNT;;;;;;;-;G;;;;;*-**-KL-WATER_BEREGENING_HULPSTUK_DRUKMEETPUNT-G;0.18;153;153;153;153;252;CONTINUOUS;0.35;153;153;153;153;252;CONTINUOUS;0.35;153;153;153;153;252;V-CONTINUOUS-SO;0.35;153;153;153;153;252;CONTINUOUS;;;2.3;;;1270;1267;
WATER_BEREGENING_HULPSTUK_DRUKREGELAAR;*;-;**;-;KL;-;WATER;_;BEREGENING;_;HULPSTUK;_;DRUKREGELAAR;;;;;;;-;G;;;;;*-**-KL-WATER_BEREGENING_HULPSTUK_DRUKREGELAAR-G;0.18;153;153;153;153;252;CONTINUOUS;0.35;153;153;153;153;252;CONTINUOUS;0.35;153;153;153;153;252;V-CONTINUOUS-SO;0.35;153;153;153;153;252;CONTINUOUS;;;2.3;;;1271;1267;
WATER_BEREGENING_HULPSTUK_OVERIG;*;-;**;-;KL;-;WATER;_;BEREGENING;_;HULPSTUK;_;OVERIG;;;;;;;-;G;;;;;*-**-KL-WATER_BEREGENING_HULPSTUK_OVERIG-G;0.18;153;153;153;153;252;CONTINUOUS;0.35;153;153;153;153;252;CONTINUOUS;0.35;153;153;153;153;252;V-CONTINUOUS-SO;0.35;153;153;153;153;252;CONTINUOUS;;;3.1;;VERVALLEN;1272;1267;
WATER_BEREGENING_HULPSTUK_SCHOONMAAKSTUK;*;-;**;-;KL;-;WATER;_;BEREGENING;_;HULPSTUK;_;SCHOONMAAKSTUK;;;;;;;-;G;;;;;*-**-KL-WATER_BEREGENING_HULPSTUK_SCHOONMAAKSTUK-G;0.18;153;153;153;153;252;CONTINUOUS;0.35;153;153;153;153;252;CONTINUOUS;0.35;153;153;153;153;252;V-CONTINUOUS-SO;0.35;153;153;153;153;252;CONTINUOUS;;;2.3;;;1273;1267;
WATER_BEREGENING_HULPSTUK_WATERMETER;*;-;**;-;KL;-;WATER;_;BEREGENING;_;HULPSTUK;_;WATERMETER;;;;;;;-;G;;;;;*-**-KL-WATER_BEREGENING_HULPSTUK_WATERMETER-G;0.18;153;153;153;153;252;CONTINUOUS;0.35;153;153;153;153;252;CONTINUOUS;0.35;153;153;153;153;252;V-CONTINUOUS-SO;0.35;153;153;153;153;252;CONTINUOUS;;;2.3;;;1274;1267;
WATER_BEREGENING_LOCATIEPAAL;*;-;**;-;KL;-;WATER;_;BEREGENING;_;LOCATIEPAAL;;;;;;;;;-;G/S;;;;SKL-LEIDINGMERKPAAL;*-**-KL-WATER_BEREGENING_LOCATIEPAAL-G/S;0.18;150;152;150;150;252;KL-WATER-SO;0.35;150;152;150;150;252;KL-WATER-SO;0.35;150;152;150;150;252;V-KL-WATER-SO;0.35;150;152;150;150;252;KL-WATER-SO;;;5.0;-5.0- lijntype BS gewijzigd-5.0- lijntype NW gewijzigd-5.0- lijntype TD gewijzigd-5.0- lijntype VW gewijzigd;GEWIJZIGD;1275;1265;
WATER_BEREGENING_POMPPUT;*;-;**;-;KL;-;WATER;_;BEREGENING;_;POMPPUT;;;;;;;;;-;G;;;;;*-**-KL-WATER_BEREGENING_POMPPUT-G;0.18;150;152;150;150;252;KL-WATER-SO;0.35;150;152;150;150;252;KL-WATER-SO;0.35;150;152;150;150;252;V-KL-WATER-SO;0.35;150;152;150;150;252;KL-WATER-SO;;;5.0;-5.0- lijntype BS gewijzigd-5.0- lijntype NW gewijzigd-5.0- lijntype TD gewijzigd-5.0- lijntype VW gewijzigd;GEWIJZIGD;1276;1265;
WATER_BEREGENING_PUT;*;-;**;-;KL;-;WATER;_;BEREGENING;_;PUT;;;;;;;;;-;G;;;;;*-**-KL-WATER_BEREGENING_PUT-G;0.18;150;152;150;150;252;KL-WATER-SO;0.35;150;152;150;150;252;KL-WATER-SO;0.35;150;152;150;150;252;V-KL-WATER-SO;0.35;150;152;150;150;252;KL-WATER-SO;;;5.0;-5.0- lijntype BS gewijzigd-5.0- lijntype NW gewijzigd-5.0- lijntype TD gewijzigd-5.0- lijntype VW gewijzigd;GEWIJZIGD;1277;1265;
WATER_BEREGENING_SPROEIER;*;-;**;-;KL;-;WATER;_;BEREGENING;_;SPROEIER;;;;;;;;;-;G/S;;;;SKL-BEREGENING_SPROEIER;*-**-KL-WATER_BEREGENING_SPROEIER-G/S;0.18;150;152;150;150;252;KL-WATER-SO;0.35;150;152;150;150;252;KL-WATER-SO;0.35;150;152;150;150;252;V-KL-WATER-SO;0.35;150;152;150;150;252;KL-WATER-SO;;;5.0;-5.0- lijntype BS gewijzigd-5.0- lijntype NW gewijzigd-5.0- lijntype TD gewijzigd-5.0- lijntype VW gewijzigd;GEWIJZIGD;1278;1265;
WATER_BEREGENING_TRANSPORTLEIDING;*;-;**;-;KL;-;WATER;_;BEREGENING;_;TRANSPORTLEIDING;;;;;;;;;-;G;;;;;*-**-KL-WATER_BEREGENING_TRANSPORTLEIDING-G;0.18;150;152;150;150;252;KL-WATER-SO;0.35;150;152;150;150;252;KL-WATER-SO;0.35;150;152;150;150;252;V-KL-WATER-SO;0.35;150;152;150;150;252;KL-WATER-SO;;;5.0;-5.0- lijntype BS gewijzigd-5.0- lijntype NW gewijzigd-5.0- lijntype TD gewijzigd-5.0- lijntype VW gewijzigd;GEWIJZIGD;1279;1265;
WATER_BRANDLEIDING;*;-;**;-;KL;-;WATER;_;BRANDLEIDING;;;;;;;;;;;-;G;;;;;*-**-KL-WATER_BRANDLEIDING-G;0.18;150;152;150;150;252;KL-WATER-SO;0.35;150;152;150;150;252;KL-WATER-SO;0.35;150;152;150;150;252;V-KL-WATER-SO;0.35;150;152;150;150;252;KL-WATER-SO;;;5.0;-5.0- lijntype BS gewijzigd-5.0- lijntype NW gewijzigd-5.0- lijntype TD gewijzigd-5.0- lijntype VW gewijzigd;GEWIJZIGD;1280;1264;
WATER_BRANDLEIDING_BRANDHYDRANT;*;-;**;-;KL;-;WATER;_;BRANDLEIDING;_;BRANDHYDRANT;;;;;;;;;-;G/S;;;;SKL-WATER_BRANDHYDRANT;*-**-KL-WATER_BRANDLEIDING_BRANDHYDRANT-G/S;0.18;150;152;150;150;252;CONTINUOUS;0.35;150;152;150;150;252;CONTINUOUS;0.35;150;152;150;150;252;V-CONTINUOUS-SO;0.35;150;152;150;150;252;CONTINUOUS;;;2.3;;;1281;1280;
WATER_BRANDLEIDING_BRANDHYDRANT_BOVENGRONDS;*;-;**;-;KL;-;WATER;_;BRANDLEIDING;_;BRANDHYDRANT;_;BOVENGRONDS;;;;;;;-;G;;;;;*-**-KL-WATER_BRANDLEIDING_BRANDHYDRANT_BOVENGRONDS-G;0.18;150;152;150;150;252;CONTINUOUS;0.35;150;152;150;150;252;CONTINUOUS;0.35;150;152;150;150;252;V-CONTINUOUS-SO;0.35;150;152;150;150;252;CONTINUOUS;;;2.3;;;1282;1281;
WATER_BRANDLEIDING_BRANDHYDRANT_ONDERGRONDS;*;-;**;-;KL;-;WATER;_;BRANDLEIDING;_;BRANDHYDRANT;_;ONDERGRONDS;;;;;;;-;G;;;;;*-**-KL-WATER_BRANDLEIDING_BRANDHYDRANT_ONDERGRONDS-G;0.18;150;152;150;150;252;CONTINUOUS;0.35;150;152;150;150;252;CONTINUOUS;0.35;150;152;150;150;252;V-CONTINUOUS-SO;0.35;150;152;150;150;252;CONTINUOUS;;;2.3;;;1283;1281;
WATER_BRANDLEIDING_HUISAANSLUITING;*;-;**;-;KL;-;WATER;_;BRANDLEIDING;_;HUISAANSLUITING;;;;;;;;;-;G;;;;;*-**-KL-WATER_BRANDLEIDING_HUISAANSLUITING-G;0.18;150;152;150;150;252;KL-WATER-SO;0.35;150;152;150;150;252;KL-WATER-SO;0.35;150;152;150;150;252;V-KL-WATER-SO;0.35;150;152;150;150;252;KL-WATER-SO;;;5.0;-5.0- lijntype BS gewijzigd-5.0- lijntype NW gewijzigd-5.0- lijntype TD gewijzigd-5.0- lijntype VW gewijzigd;GEWIJZIGD;1284;1280;
WATER_BRANDLEIDING_HUISAANSLUITING_PE;*;-;**;-;KL;-;WATER;_;BRANDLEIDING;_;HUISAANSLUITING;_;PE;;;;;;;-;G;;;;;*-**-KL-WATER_BRANDLEIDING_HUISAANSLUITING_PE-G;0.18;150;152;150;150;252;KL-WATER-SO;0.35;150;152;150;150;252;KL-WATER-SO;0.35;150;152;150;150;252;V-KL-WATER-SO;0.35;150;152;150;150;252;KL-WATER-SO;;;5.0;-5.0- lijntype BS gewijzigd-5.0- lijntype NW gewijzigd-5.0- lijntype TD gewijzigd-5.0- lijntype VW gewijzigd;GEWIJZIGD;1285;1284;
WATER_BRANDLEIDING_HUISAANSLUITING_PE_110;*;-;**;-;KL;-;WATER;_;BRANDLEIDING;_;HUISAANSLUITING;_;PE;_;110;;;;;-;G;;;;;*-**-KL-WATER_BRANDLEIDING_HUISAANSLUITING_PE_110-G;0.18;150;152;150;150;252;KL-WATER-SO;0.35;150;152;150;150;252;KL-WATER-SO;0.35;150;152;150;150;252;V-KL-WATER-SO;0.35;150;152;150;150;252;KL-WATER-SO;;;5.0;-5.0- lijntype BS gewijzigd-5.0- lijntype NW gewijzigd-5.0- lijntype TD gewijzigd-5.0- lijntype VW gewijzigd;GEWIJZIGD;1286;1285;
WATER_BRANDLEIDING_HUISAANSLUITING_PE_32;*;-;**;-;KL;-;WATER;_;BRANDLEIDING;_;HUISAANSLUITING;_;PE;_;32;;;;;-;G;;;;;*-**-KL-WATER_BRANDLEIDING_HUISAANSLUITING_PE_32-G;0.18;150;152;150;150;252;KL-WATER-SO;0.35;150;152;150;150;252;KL-WATER-SO;0.35;150;152;150;150;252;V-KL-WATER-SO;0.35;150;152;150;150;252;KL-WATER-SO;;;5.0;-5.0- lijntype BS gewijzigd-5.0- lijntype NW gewijzigd-5.0- lijntype TD gewijzigd-5.0- lijntype VW gewijzigd;GEWIJZIGD;1287;1285;
WATER_BRANDLEIDING_HUISAANSLUITING_PE_40;*;-;**;-;KL;-;WATER;_;BRANDLEIDING;_;HUISAANSLUITING;_;PE;_;40;;;;;-;G;;;;;*-**-KL-WATER_BRANDLEIDING_HUISAANSLUITING_PE_40-G;0.18;150;152;150;150;252;KL-WATER-SO;0.35;150;152;150;150;252;KL-WATER-SO;0.35;150;152;150;150;252;V-KL-WATER-SO;0.35;150;152;150;150;252;KL-WATER-SO;;;5.0;-5.0- lijntype BS gewijzigd-5.0- lijntype NW gewijzigd-5.0- lijntype TD gewijzigd-5.0- lijntype VW gewijzigd;GEWIJZIGD;1288;1285;
WATER_BRANDLEIDING_HUISAANSLUITING_PE_50;*;-;**;-;KL;-;WATER;_;BRANDLEIDING;_;HUISAANSLUITING;_;PE;_;50;;;;;-;G;;;;;*-**-KL-WATER_BRANDLEIDING_HUISAANSLUITING_PE_50-G;0.18;150;152;150;150;252;KL-WATER-SO;0.35;150;152;150;150;252;KL-WATER-SO;0.35;150;152;150;150;252;V-KL-WATER-SO;0.35;150;152;150;150;252;KL-WATER-SO;;;5.0;-5.0- lijntype BS gewijzigd-5.0- lijntype NW gewijzigd-5.0- lijntype TD gewijzigd-5.0- lijntype VW gewijzigd;GEWIJZIGD;1289;1285;
WATER_BRANDLEIDING_HUISAANSLUITING_PE_63;*;-;**;-;KL;-;WATER;_;BRANDLEIDING;_;HUISAANSLUITING;_;PE;_;63;;;;;-;G;;;;;*-**-KL-WATER_BRANDLEIDING_HUISAANSLUITING_PE_63-G;0.18;150;152;150;150;252;KL-WATER-SO;0.35;150;152;150;150;252;KL-WATER-SO;0.35;150;152;150;150;252;V-KL-WATER-SO;0.35;150;152;150;150;252;KL-WATER-SO;;;5.0;-5.0- lijntype BS gewijzigd-5.0- lijntype NW gewijzigd-5.0- lijntype TD gewijzigd-5.0- lijntype VW gewijzigd;GEWIJZIGD;1290;1285;
WATER_BRANDLEIDING_HUISAANSLUITING_PE_75;*;-;**;-;KL;-;WATER;_;BRANDLEIDING;_;HUISAANSLUITING;_;PE;_;75;;;;;-;G;;;;;*-**-KL-WATER_BRANDLEIDING_HUISAANSLUITING_PE_75-G;0.18;150;152;150;150;252;KL-WATER-SO;0.35;150;152;150;150;252;KL-WATER-SO;0.35;150;152;150;150;252;V-KL-WATER-SO;0.35;150;152;150;150;252;KL-WATER-SO;;;5.0;-5.0- lijntype BS gewijzigd-5.0- lijntype NW gewijzigd-5.0- lijntype TD gewijzigd-5.0- lijntype VW gewijzigd;GEWIJZIGD;1291;1285;
WATER_BRANDLEIDING_HUISAANSLUITING_PE_90;*;-;**;-;KL;-;WATER;_;BRANDLEIDING;_;HUISAANSLUITING;_;PE;_;90;;;;;-;G;;;;;*-**-KL-WATER_BRANDLEIDING_HUISAANSLUITING_PE_90-G;0.18;150;152;150;150;252;KL-WATER-SO;0.35;150;152;150;150;252;KL-WATER-SO;0.35;150;152;150;150;252;V-KL-WATER-SO;0.35;150;152;150;150;252;KL-WATER-SO;;;5.0;-5.0- lijntype BS gewijzigd-5.0- lijntype NW gewijzigd-5.0- lijntype TD gewijzigd-5.0- lijntype VW gewijzigd;GEWIJZIGD;1292;1285;
WATER_BRANDLEIDING_HUISAANSLUITING_PVC;*;-;**;-;KL;-;WATER;_;BRANDLEIDING;_;HUISAANSLUITING;_;PVC;;;;;;;-;G;;;;;*-**-KL-WATER_BRANDLEIDING_HUISAANSLUITING_PVC-G;0.18;150;152;150;150;252;KL-WATER-SO;0.35;150;152;150;150;252;KL-WATER-SO;0.35;150;152;150;150;252;V-KL-WATER-SO;0.35;150;152;150;150;252;KL-WATER-SO;;;5.0;-5.0- lijntype BS gewijzigd-5.0- lijntype NW gewijzigd-5.0- lijntype TD gewijzigd-5.0- lijntype VW gewijzigd;GEWIJZIGD;1293;1284;
WATER_BRANDLEIDING_HUISAANSLUITING_PVC_110;*;-;**;-;KL;-;WATER;_;BRANDLEIDING;_;HUISAANSLUITING;_;PVC;_;110;;;;;-;G;;;;;*-**-KL-WATER_BRANDLEIDING_HUISAANSLUITING_PVC_110-G;0.18;150;152;150;150;252;KL-WATER-SO;0.35;150;152;150;150;252;KL-WATER-SO;0.35;150;152;150;150;252;V-KL-WATER-SO;0.35;150;152;150;150;252;KL-WATER-SO;;;5.0;-5.0- lijntype BS gewijzigd-5.0- lijntype NW gewijzigd-5.0- lijntype TD gewijzigd-5.0- lijntype VW gewijzigd;GEWIJZIGD;1294;1293;
WATER_BRANDLEIDING_HUISAANSLUITING_PVC_32;*;-;**;-;KL;-;WATER;_;BRANDLEIDING;_;HUISAANSLUITING;_;PVC;_;32;;;;;-;G;;;;;*-**-KL-WATER_BRANDLEIDING_HUISAANSLUITING_PVC_32-G;0.18;150;152;150;150;252;KL-WATER-SO;0.35;150;152;150;150;252;KL-WATER-SO;0.35;150;152;150;150;252;V-KL-WATER-SO;0.35;150;152;150;150;252;KL-WATER-SO;;;5.0;-5.0- lijntype BS gewijzigd-5.0- lijntype NW gewijzigd-5.0- lijntype TD gewijzigd-5.0- lijntype VW gewijzigd;GEWIJZIGD;1295;1293;
WATER_BRANDLEIDING_HUISAANSLUITING_PVC_40;*;-;**;-;KL;-;WATER;_;BRANDLEIDING;_;HUISAANSLUITING;_;PVC;_;40;;;;;-;G;;;;;*-**-KL-WATER_BRANDLEIDING_HUISAANSLUITING_PVC_40-G;0.18;150;152;150;150;252;KL-WATER-SO;0.35;150;152;150;150;252;KL-WATER-SO;0.35;150;152;150;150;252;V-KL-WATER-SO;0.35;150;152;150;150;252;KL-WATER-SO;;;5.0;-5.0- lijntype BS gewijzigd-5.0- lijntype NW gewijzigd-5.0- lijntype TD gewijzigd-5.0- lijntype VW gewijzigd;GEWIJZIGD;1296;1293;
WATER_BRANDLEIDING_HUISAANSLUITING_PVC_50;*;-;**;-;KL;-;WATER;_;BRANDLEIDING;_;HUISAANSLUITING;_;PVC;_;50;;;;;-;G;;;;;*-**-KL-WATER_BRANDLEIDING_HUISAANSLUITING_PVC_50-G;0.18;150;152;150;150;252;KL-WATER-SO;0.35;150;152;150;150;252;KL-WATER-SO;0.35;150;152;150;150;252;V-KL-WATER-SO;0.35;150;152;150;150;252;KL-WATER-SO;;;5.0;-5.0- lijntype BS gewijzigd-5.0- lijntype NW gewijzigd-5.0- lijntype TD gewijzigd-5.0- lijntype VW gewijzigd;GEWIJZIGD;1297;1293;
WATER_BRANDLEIDING_HUISAANSLUITING_PVC_63;*;-;**;-;KL;-;WATER;_;BRANDLEIDING;_;HUISAANSLUITING;_;PVC;_;63;;;;;-;G;;;;;*-**-KL-WATER_BRANDLEIDING_HUISAANSLUITING_PVC_63-G;0.18;150;152;150;150;252;KL-WATER-SO;0.35;150;152;150;150;252;KL-WATER-SO;0.35;150;152;150;150;252;V-KL-WATER-SO;0.35;150;152;150;150;252;KL-WATER-SO;;;5.0;-5.0- lijntype BS gewijzigd-5.0- lijntype NW gewijzigd-5.0- lijntype TD gewijzigd-5.0- lijntype VW gewijzigd;GEWIJZIGD;1298;1293;
WATER_BRANDLEIDING_HUISAANSLUITING_PVC_75;*;-;**;-;KL;-;WATER;_;BRANDLEIDING;_;HUISAANSLUITING;_;PVC;_;75;;;;;-;G;;;;;*-**-KL-WATER_BRANDLEIDING_HUISAANSLUITING_PVC_75-G;0.18;150;152;150;150;252;KL-WATER-SO;0.35;150;152;150;150;252;KL-WATER-SO;0.35;150;152;150;150;252;V-KL-WATER-SO;0.35;150;152;150;150;252;KL-WATER-SO;;;5.0;-5.0- lijntype BS gewijzigd-5.0- lijntype NW gewijzigd-5.0- lijntype TD gewijzigd-5.0- lijntype VW gewijzigd;GEWIJZIGD;1299;1293;
WATER_BRANDLEIDING_HUISAANSLUITING_PVC_90;*;-;**;-;KL;-;WATER;_;BRANDLEIDING;_;HUISAANSLUITING;_;PVC;_;90;;;;;-;G;;;;;*-**-KL-WATER_BRANDLEIDING_HUISAANSLUITING_PVC_90-G;0.18;150;152;150;150;252;KL-WATER-SO;0.35;150;152;150;150;252;KL-WATER-SO;0.35;150;152;150;150;252;V-KL-WATER-SO;0.35;150;152;150;150;252;KL-WATER-SO;;;5.0;-5.0- lijntype BS gewijzigd-5.0- lijntype NW gewijzigd-5.0- lijntype TD gewijzigd-5.0- lijntype VW gewijzigd;GEWIJZIGD;1300;1293;
WATER_BRANDLEIDING_HULPSTUK;*;-;**;-;KL;-;WATER;_;BRANDLEIDING;_;HULPSTUK;;;;;;;;;-;G/S;;;;SKL-WTB_HULP;*-**-KL-WATER_BRANDLEIDING_HULPSTUK-G/S;0.18;150;152;150;150;252;CONTINUOUS;0.35;150;152;150;150;252;CONTINUOUS;0.35;150;152;150;150;252;V-CONTINUOUS-SO;0.35;150;152;150;150;252;CONTINUOUS;;;2.3;;;1301;1280;
WATER_BRANDLEIDING_HULPSTUK_AANSLUITPUNT;*;-;**;-;KL;-;WATER;_;BRANDLEIDING;_;HULPSTUK;_;AANSLUITPUNT;;;;;;;-;G;;;;;*-**-KL-WATER_BRANDLEIDING_HULPSTUK_AANSLUITPUNT-G;0.18;150;152;150;150;252;CONTINUOUS;0.35;150;152;150;150;252;CONTINUOUS;0.35;150;152;150;150;252;V-CONTINUOUS-SO;0.35;150;152;150;150;252;CONTINUOUS;;;2.3;;;1302;1301;
WATER_BRANDLEIDING_HULPSTUK_AFSLUITER;*;-;**;-;KL;-;WATER;_;BRANDLEIDING;_;HULPSTUK;_;AFSLUITER;;;;;;;-;G;;;;;*-**-KL-WATER_BRANDLEIDING_HULPSTUK_AFSLUITER-G;0.18;150;152;150;150;252;CONTINUOUS;0.35;150;152;150;150;252;CONTINUOUS;0.35;150;152;150;150;252;V-CONTINUOUS-SO;0.35;150;152;150;150;252;CONTINUOUS;;;2.3;;;1303;1301;
WATER_BRANDLEIDING_HULPSTUK_DRUKMEETPUNT;*;-;**;-;KL;-;WATER;_;BRANDLEIDING;_;HULPSTUK;_;DRUKMEETPUNT;;;;;;;-;G;;;;;*-**-KL-WATER_BRANDLEIDING_HULPSTUK_DRUKMEETPUNT-G;0.18;150;152;150;150;252;CONTINUOUS;0.35;150;152;150;150;252;CONTINUOUS;0.35;150;152;150;150;252;V-CONTINUOUS-SO;0.35;150;152;150;150;252;CONTINUOUS;;;2.3;;;1304;1301;
WATER_BRANDLEIDING_HULPSTUK_DRUKREGELAAR;*;-;**;-;KL;-;WATER;_;BRANDLEIDING;_;HULPSTUK;_;DRUKREGELAAR;;;;;;;-;G;;;;;*-**-KL-WATER_BRANDLEIDING_HULPSTUK_DRUKREGELAAR-G;0.18;150;152;150;150;252;CONTINUOUS;0.35;150;152;150;150;252;CONTINUOUS;0.35;150;152;150;150;252;V-CONTINUOUS-SO;0.35;150;152;150;150;252;CONTINUOUS;;;2.3;;;1305;1301;
WATER_BRANDLEIDING_HULPSTUK_OVERIG;*;-;**;-;KL;-;WATER;_;BRANDLEIDING;_;HULPSTUK;_;OVERIG;;;;;;;-;G;;;;;*-**-KL-WATER_BRANDLEIDING_HULPSTUK_OVERIG-G;0.18;150;152;150;150;252;CONTINUOUS;0.35;150;152;150;150;252;CONTINUOUS;0.35;150;152;150;150;252;V-CONTINUOUS-SO;0.35;150;152;150;150;252;CONTINUOUS;;;3.1;;VERVALLEN;1306;1301;
WATER_BRANDLEIDING_HULPSTUK_SCHOONMAAKSTUK;*;-;**;-;KL;-;WATER;_;BRANDLEIDING;_;HULPSTUK;_;SCHOONMAAKSTUK;;;;;;;-;G;;;;;*-**-KL-WATER_BRANDLEIDING_HULPSTUK_SCHOONMAAKSTUK-G;0.18;150;152;150;150;252;CONTINUOUS;0.35;150;152;150;150;252;CONTINUOUS;0.35;150;152;150;150;252;V-CONTINUOUS-SO;0.35;150;152;150;150;252;CONTINUOUS;;;2.3;;;1307;1301;
WATER_BRANDLEIDING_HULPSTUK_WATERMETER;*;-;**;-;KL;-;WATER;_;BRANDLEIDING;_;HULPSTUK;_;WATERMETER;;;;;;;-;G;;;;;*-**-KL-WATER_BRANDLEIDING_HULPSTUK_WATERMETER-G;0.18;150;152;150;150;252;CONTINUOUS;0.35;150;152;150;150;252;CONTINUOUS;0.35;150;152;150;150;252;V-CONTINUOUS-SO;0.35;150;152;150;150;252;CONTINUOUS;;;2.3;;;1308;1301;
WATER_BRANDLEIDING_LOCATIEPAAL;*;-;**;-;KL;-;WATER;_;BRANDLEIDING;_;LOCATIEPAAL;;;;;;;;;-;G/S;;;;SKL-LEIDINGMERKPAAL;*-**-KL-WATER_BRANDLEIDING_LOCATIEPAAL-G/S;0.18;150;152;150;150;252;CONTINUOUS;0.35;150;152;150;150;252;CONTINUOUS;0.35;150;152;150;150;252;V-CONTINUOUS-SO;0.35;150;152;150;150;252;CONTINUOUS;;;2.3;;;1309;1280;
WATER_BRANDLEIDING_PUT;*;-;**;-;KL;-;WATER;_;BRANDLEIDING;_;PUT;;;;;;;;;-;G/S;;;;SKL-WTB_PUT;*-**-KL-WATER_BRANDLEIDING_PUT-G/S;0.18;150;152;150;150;252;CONTINUOUS;0.35;150;152;150;150;252;CONTINUOUS;0.35;150;152;150;150;252;V-CONTINUOUS-SO;0.35;150;152;150;150;252;CONTINUOUS;;;2.3;;;1310;1280;
WATER_BRANDLEIDING_PUTKAST;*;-;**;-;KL;-;WATER;_;BRANDLEIDING;_;PUTKAST;;;;;;;;;-;G;;;;;*-**-KL-WATER_BRANDLEIDING_PUTKAST-G;0.18;150;152;150;150;252;CONTINUOUS;0.35;150;152;150;150;252;CONTINUOUS;0.35;150;152;150;150;252;V-CONTINUOUS-SO;0.35;150;152;150;150;252;CONTINUOUS;;;2.3;;;1311;1280;
WATER_BRANDLEIDING_TRANSPORTLEIDING;*;-;**;-;KL;-;WATER;_;BRANDLEIDING;_;TRANSPORTLEIDING;;;;;;;;;-;G;;;;;*-**-KL-WATER_BRANDLEIDING_TRANSPORTLEIDING-G;0.18;150;152;150;150;252;KL-WATER-SO;0.35;150;152;150;150;252;KL-WATER-SO;0.35;150;152;150;150;252;V-KL-WATER-SO;0.35;150;152;150;150;252;KL-WATER-SO;;;5.0;-5.0- lijntype BS gewijzigd-5.0- lijntype NW gewijzigd-5.0- lijntype TD gewijzigd-5.0- lijntype VW gewijzigd;GEWIJZIGD;1312;1280;
WATER_BRANDLEIDING_TRANSPORTLEIDING_PE;*;-;**;-;KL;-;WATER;_;BRANDLEIDING;_;TRANSPORTLEIDING;_;PE;;;;;;;-;G;;;;;*-**-KL-WATER_BRANDLEIDING_TRANSPORTLEIDING_PE-G;0.18;150;152;150;150;252;KL-WATER-SO;0.35;150;152;150;150;252;KL-WATER-SO;0.35;150;152;150;150;252;V-KL-WATER-SO;0.35;150;152;150;150;252;KL-WATER-SO;;;5.0;-5.0- lijntype BS gewijzigd-5.0- lijntype NW gewijzigd-5.0- lijntype TD gewijzigd-5.0- lijntype VW gewijzigd;GEWIJZIGD;1313;1312;
WATER_BRANDLEIDING_TRANSPORTLEIDING_PE_110;*;-;**;-;KL;-;WATER;_;BRANDLEIDING;_;TRANSPORTLEIDING;_;PE;_;110;;;;;-;G;;;;;*-**-KL-WATER_BRANDLEIDING_TRANSPORTLEIDING_PE_110-G;0.18;150;152;150;150;252;KL-WATER-SO;0.35;150;152;150;150;252;KL-WATER-SO;0.35;150;152;150;150;252;V-KL-WATER-SO;0.35;150;152;150;150;252;KL-WATER-SO;;;5.0;-5.0- lijntype BS gewijzigd-5.0- lijntype NW gewijzigd-5.0- lijntype TD gewijzigd-5.0- lijntype VW gewijzigd;GEWIJZIGD;1314;1313;
WATER_BRANDLEIDING_TRANSPORTLEIDING_PE_125;*;-;**;-;KL;-;WATER;_;BRANDLEIDING;_;TRANSPORTLEIDING;_;PE;_;125;;;;;-;G;;;;;*-**-KL-WATER_BRANDLEIDING_TRANSPORTLEIDING_PE_125-G;0.18;150;152;150;150;252;KL-WATER-SO;0.35;150;152;150;150;252;KL-WATER-SO;0.35;150;152;150;150;252;V-KL-WATER-SO;0.35;150;152;150;150;252;KL-WATER-SO;;;5.0;-5.0- lijntype BS gewijzigd-5.0- lijntype NW gewijzigd-5.0- lijntype TD gewijzigd-5.0- lijntype VW gewijzigd;GEWIJZIGD;1315;1313;
WATER_BRANDLEIDING_TRANSPORTLEIDING_PE_160;*;-;**;-;KL;-;WATER;_;BRANDLEIDING;_;TRANSPORTLEIDING;_;PE;_;160;;;;;-;G;;;;;*-**-KL-WATER_BRANDLEIDING_TRANSPORTLEIDING_PE_160-G;0.18;150;152;150;150;252;KL-WATER-SO;0.35;150;152;150;150;252;KL-WATER-SO;0.35;150;152;150;150;252;V-KL-WATER-SO;0.35;150;152;150;150;252;KL-WATER-SO;;;5.0;-5.0- lijntype BS gewijzigd-5.0- lijntype NW gewijzigd-5.0- lijntype TD gewijzigd-5.0- lijntype VW gewijzigd;GEWIJZIGD;1316;1313;
WATER_BRANDLEIDING_TRANSPORTLEIDING_PE_250;*;-;**;-;KL;-;WATER;_;BRANDLEIDING;_;TRANSPORTLEIDING;_;PE;_;250;;;;;-;G;;;;;*-**-KL-WATER_BRANDLEIDING_TRANSPORTLEIDING_PE_250-G;0.18;150;152;150;150;252;KL-WATER-SO;0.35;150;152;150;150;252;KL-WATER-SO;0.35;150;152;150;150;252;V-KL-WATER-SO;0.35;150;152;150;150;252;KL-WATER-SO;;;5.0;-5.0- lijntype BS gewijzigd-5.0- lijntype NW gewijzigd-5.0- lijntype TD gewijzigd-5.0- lijntype VW gewijzigd;GEWIJZIGD;1317;1313;
WATER_BRANDLEIDING_TRANSPORTLEIDING_PE_315;*;-;**;-;KL;-;WATER;_;BRANDLEIDING;_;TRANSPORTLEIDING;_;PE;_;315;;;;;-;G;;;;;*-**-KL-WATER_BRANDLEIDING_TRANSPORTLEIDING_PE_315-G;0.18;150;152;150;150;252;KL-WATER-SO;0.35;150;152;150;150;252;KL-WATER-SO;0.35;150;152;150;150;252;V-KL-WATER-SO;0.35;150;152;150;150;252;KL-WATER-SO;;;5.0;-5.0- lijntype BS gewijzigd-5.0- lijntype NW gewijzigd-5.0- lijntype TD gewijzigd-5.0- lijntype VW gewijzigd;GEWIJZIGD;1318;1313;
WATER_BRANDLEIDING_TRANSPORTLEIDING_PE_400;*;-;**;-;KL;-;WATER;_;BRANDLEIDING;_;TRANSPORTLEIDING;_;PE;_;400;;;;;-;G;;;;;*-**-KL-WATER_BRANDLEIDING_TRANSPORTLEIDING_PE_400-G;0.18;150;152;150;150;252;KL-WATER-SO;0.35;150;152;150;150;252;KL-WATER-SO;0.35;150;152;150;150;252;V-KL-WATER-SO;0.35;150;152;150;150;252;KL-WATER-SO;;;5.0;-5.0- lijntype BS gewijzigd-5.0- lijntype NW gewijzigd-5.0- lijntype TD gewijzigd-5.0- lijntype VW gewijzigd;GEWIJZIGD;1319;1313;
WATER_BRANDLEIDING_TRANSPORTLEIDING_PE_500;*;-;**;-;KL;-;WATER;_;BRANDLEIDING;_;TRANSPORTLEIDING;_;PE;_;500;;;;;-;G;;;;;*-**-KL-WATER_BRANDLEIDING_TRANSPORTLEIDING_PE_500-G;0.18;150;152;150;150;252;KL-WATER-SO;0.35;150;152;150;150;252;KL-WATER-SO;0.35;150;152;150;150;252;V-KL-WATER-SO;0.35;150;152;150;150;252;KL-WATER-SO;;;5.0;-5.0- lijntype BS gewijzigd-5.0- lijntype NW gewijzigd-5.0- lijntype TD gewijzigd-5.0- lijntype VW gewijzigd;GEWIJZIGD;1320;1313;
WATER_BRANDLEIDING_TRANSPORTLEIDING_PE_630;*;-;**;-;KL;-;WATER;_;BRANDLEIDING;_;TRANSPORTLEIDING;_;PE;_;630;;;;;-;G;;;;;*-**-KL-WATER_BRANDLEIDING_TRANSPORTLEIDING_PE_630-G;0.18;150;152;150;150;252;KL-WATER-SO;0.35;150;152;150;150;252;KL-WATER-SO;0.35;150;152;150;150;252;V-KL-WATER-SO;0.35;150;152;150;150;252;KL-WATER-SO;;;5.0;-5.0- lijntype BS gewijzigd-5.0- lijntype NW gewijzigd-5.0- lijntype TD gewijzigd-5.0- lijntype VW gewijzigd;GEWIJZIGD;1321;1313;
WATER_BRANDLEIDING_TRANSPORTLEIDING_PVC;*;-;**;-;KL;-;WATER;_;BRANDLEIDING;_;TRANSPORTLEIDING;_;PVC;;;;;;;-;G;;;;;*-**-KL-WATER_BRANDLEIDING_TRANSPORTLEIDING_PVC-G;0.18;150;152;150;150;252;KL-WATER-SO;0.35;150;152;150;150;252;KL-WATER-SO;0.35;150;152;150;150;252;V-KL-WATER-SO;0.35;150;152;150;150;252;KL-WATER-SO;;;5.0;-5.0- lijntype BS gewijzigd-5.0- lijntype NW gewijzigd-5.0- lijntype TD gewijzigd-5.0- lijntype VW gewijzigd;GEWIJZIGD;1322;1312;
WATER_BRANDLEIDING_TRANSPORTLEIDING_PVC_110;*;-;**;-;KL;-;WATER;_;BRANDLEIDING;_;TRANSPORTLEIDING;_;PVC;_;110;;;;;-;G;;;;;*-**-KL-WATER_BRANDLEIDING_TRANSPORTLEIDING_PVC_110-G;0.18;150;152;150;150;252;KL-WATER-SO;0.35;150;152;150;150;252;KL-WATER-SO;0.35;150;152;150;150;252;V-KL-WATER-SO;0.35;150;152;150;150;252;KL-WATER-SO;;;5.0;-5.0- lijntype BS gewijzigd-5.0- lijntype NW gewijzigd-5.0- lijntype TD gewijzigd-5.0- lijntype VW gewijzigd;GEWIJZIGD;1323;1322;
WATER_BRANDLEIDING_TRANSPORTLEIDING_PVC_125;*;-;**;-;KL;-;WATER;_;BRANDLEIDING;_;TRANSPORTLEIDING;_;PVC;_;125;;;;;-;G;;;;;*-**-KL-WATER_BRANDLEIDING_TRANSPORTLEIDING_PVC_125-G;0.18;150;152;150;150;252;KL-WATER-SO;0.35;150;152;150;150;252;KL-WATER-SO;0.35;150;152;150;150;252;V-KL-WATER-SO;0.35;150;152;150;150;252;KL-WATER-SO;;;5.0;-5.0- lijntype BS gewijzigd-5.0- lijntype NW gewijzigd-5.0- lijntype TD gewijzigd-5.0- lijntype VW gewijzigd;GEWIJZIGD;1324;1322;
WATER_BRANDLEIDING_TRANSPORTLEIDING_PVC_160;*;-;**;-;KL;-;WATER;_;BRANDLEIDING;_;TRANSPORTLEIDING;_;PVC;_;160;;;;;-;G;;;;;*-**-KL-WATER_BRANDLEIDING_TRANSPORTLEIDING_PVC_160-G;0.18;150;152;150;150;252;KL-WATER-SO;0.35;150;152;150;150;252;KL-WATER-SO;0.35;150;152;150;150;252;V-KL-WATER-SO;0.35;150;152;150;150;252;KL-WATER-SO;;;5.0;-5.0- lijntype BS gewijzigd-5.0- lijntype NW gewijzigd-5.0- lijntype TD gewijzigd-5.0- lijntype VW gewijzigd;GEWIJZIGD;1325;1322;
WATER_BRANDLEIDING_TRANSPORTLEIDING_PVC_250;*;-;**;-;KL;-;WATER;_;BRANDLEIDING;_;TRANSPORTLEIDING;_;PVC;_;250;;;;;-;G;;;;;*-**-KL-WATER_BRANDLEIDING_TRANSPORTLEIDING_PVC_250-G;0.18;150;152;150;150;252;KL-WATER-SO;0.35;150;152;150;150;252;KL-WATER-SO;0.35;150;152;150;150;252;V-KL-WATER-SO;0.35;150;152;150;150;252;KL-WATER-SO;;;5.0;-5.0- lijntype BS gewijzigd-5.0- lijntype NW gewijzigd-5.0- lijntype TD gewijzigd-5.0- lijntype VW gewijzigd;GEWIJZIGD;1326;1322;
WATER_BRANDLEIDING_TRANSPORTLEIDING_PVC_315;*;-;**;-;KL;-;WATER;_;BRANDLEIDING;_;TRANSPORTLEIDING;_;PVC;_;315;;;;;-;G;;;;;*-**-KL-WATER_BRANDLEIDING_TRANSPORTLEIDING_PVC_315-G;0.18;150;152;150;150;252;KL-WATER-SO;0.35;150;152;150;150;252;KL-WATER-SO;0.35;150;152;150;150;252;V-KL-WATER-SO;0.35;150;152;150;150;252;KL-WATER-SO;;;5.0;-5.0- lijntype BS gewijzigd-5.0- lijntype NW gewijzigd-5.0- lijntype TD gewijzigd-5.0- lijntype VW gewijzigd;GEWIJZIGD;1327;1322;
WATER_BRANDLEIDING_TRANSPORTLEIDING_PVC_400;*;-;**;-;KL;-;WATER;_;BRANDLEIDING;_;TRANSPORTLEIDING;_;PVC;_;400;;;;;-;G;;;;;*-**-KL-WATER_BRANDLEIDING_TRANSPORTLEIDING_PVC_400-G;0.18;150;152;150;150;252;KL-WATER-SO;0.35;150;152;150;150;252;KL-WATER-SO;0.35;150;152;150;150;252;V-KL-WATER-SO;0.35;150;152;150;150;252;KL-WATER-SO;;;5.0;-5.0- lijntype BS gewijzigd-5.0- lijntype NW gewijzigd-5.0- lijntype TD gewijzigd-5.0- lijntype VW gewijzigd;GEWIJZIGD;1328;1322;
WATER_BRANDLEIDING_TRANSPORTLEIDING_PVC_500;*;-;**;-;KL;-;WATER;_;BRANDLEIDING;_;TRANSPORTLEIDING;_;PVC;_;500;;;;;-;G;;;;;*-**-KL-WATER_BRANDLEIDING_TRANSPORTLEIDING_PVC_500-G;0.18;150;152;150;150;252;KL-WATER-SO;0.35;150;152;150;150;252;KL-WATER-SO;0.35;150;152;150;150;252;V-KL-WATER-SO;0.35;150;152;150;150;252;KL-WATER-SO;;;5.0;-5.0- lijntype BS gewijzigd-5.0- lijntype NW gewijzigd-5.0- lijntype TD gewijzigd-5.0- lijntype VW gewijzigd;GEWIJZIGD;1329;1322;
WATER_BRANDLEIDING_TRANSPORTLEIDING_PVC_630;*;-;**;-;KL;-;WATER;_;BRANDLEIDING;_;TRANSPORTLEIDING;_;PVC;_;630;;;;;-;G;;;;;*-**-KL-WATER_BRANDLEIDING_TRANSPORTLEIDING_PVC_630-G;0.18;150;152;150;150;252;KL-WATER-SO;0.35;150;152;150;150;252;KL-WATER-SO;0.35;150;152;150;150;252;V-KL-WATER-SO;0.35;150;152;150;150;252;KL-WATER-SO;;;5.0;-5.0- lijntype BS gewijzigd-5.0- lijntype NW gewijzigd-5.0- lijntype TD gewijzigd-5.0- lijntype VW gewijzigd;GEWIJZIGD;1330;1322;
WATER_HUISAANSLUITING;*;-;**;-;KL;-;WATER;_;HUISAANSLUITING;;;;;;;;;;;-;G;;;;;*-**-KL-WATER_HUISAANSLUITING-G;0.18;170;172;170;170;252;KL-WATER-SO;0.35;170;172;170;170;252;KL-WATER-SO;0.35;170;172;170;170;252;V-KL-WATER-SO;0.35;170;172;170;170;252;KL-WATER-SO;;;2.3;;;1331;1264;
WATER_HUISAANSLUITING_PE;*;-;**;-;KL;-;WATER;_;HUISAANSLUITING;_;PE;;;;;;;;;-;G;;;;;*-**-KL-WATER_HUISAANSLUITING_PE-G;0.18;170;172;170;170;252;KL-WATER-SO;0.35;170;172;170;170;252;KL-WATER-SO;0.35;170;172;170;170;252;V-KL-WATER-SO;0.35;170;172;170;170;252;KL-WATER-SO;;;2.3;;;1332;1331;
WATER_HUISAANSLUITING_PE_110;*;-;**;-;KL;-;WATER;_;HUISAANSLUITING;_;PE;_;110;;;;;;;-;G;;;;;*-**-KL-WATER_HUISAANSLUITING_PE_110-G;0.18;170;172;170;170;252;KL-WATER-SO;0.35;170;172;170;170;252;KL-WATER-SO;0.35;170;172;170;170;252;V-KL-WATER-SO;0.35;170;172;170;170;252;KL-WATER-SO;;;2.3;;;1333;1332;
WATER_HUISAANSLUITING_PE_32;*;-;**;-;KL;-;WATER;_;HUISAANSLUITING;_;PE;_;32;;;;;;;-;G;;;;;*-**-KL-WATER_HUISAANSLUITING_PE_32-G;0.18;170;172;170;170;252;KL-WATER-SO;0.35;170;172;170;170;252;KL-WATER-SO;0.35;170;172;170;170;252;V-KL-WATER-SO;0.35;170;172;170;170;252;KL-WATER-SO;;;2.3;;;1334;1332;
WATER_HUISAANSLUITING_PE_40;*;-;**;-;KL;-;WATER;_;HUISAANSLUITING;_;PE;_;40;;;;;;;-;G;;;;;*-**-KL-WATER_HUISAANSLUITING_PE_40-G;0.18;170;172;170;170;252;KL-WATER-SO;0.35;170;172;170;170;252;KL-WATER-SO;0.35;170;172;170;170;252;V-KL-WATER-SO;0.35;170;172;170;170;252;KL-WATER-SO;;;2.3;;;1335;1332;
WATER_HUISAANSLUITING_PE_50;*;-;**;-;KL;-;WATER;_;HUISAANSLUITING;_;PE;_;50;;;;;;;-;G;;;;;*-**-KL-WATER_HUISAANSLUITING_PE_50-G;0.18;170;172;170;170;252;KL-WATER-SO;0.35;170;172;170;170;252;KL-WATER-SO;0.35;170;172;170;170;252;V-KL-WATER-SO;0.35;170;172;170;170;252;KL-WATER-SO;;;2.3;;;1336;1332;
WATER_HUISAANSLUITING_PE_63;*;-;**;-;KL;-;WATER;_;HUISAANSLUITING;_;PE;_;63;;;;;;;-;G;;;;;*-**-KL-WATER_HUISAANSLUITING_PE_63-G;0.18;170;172;170;170;252;KL-WATER-SO;0.35;170;172;170;170;252;KL-WATER-SO;0.35;170;172;170;170;252;V-KL-WATER-SO;0.35;170;172;170;170;252;KL-WATER-SO;;;2.3;;;1337;1332;
WATER_HUISAANSLUITING_PE_75;*;-;**;-;KL;-;WATER;_;HUISAANSLUITING;_;PE;_;75;;;;;;;-;G;;;;;*-**-KL-WATER_HUISAANSLUITING_PE_75-G;0.18;170;172;170;170;252;KL-WATER-SO;0.35;170;172;170;170;252;KL-WATER-SO;0.35;170;172;170;170;252;V-KL-WATER-SO;0.35;170;172;170;170;252;KL-WATER-SO;;;2.3;;;1338;1332;
WATER_HUISAANSLUITING_PE_90;*;-;**;-;KL;-;WATER;_;HUISAANSLUITING;_;PE;_;90;;;;;;;-;G;;;;;*-**-KL-WATER_HUISAANSLUITING_PE_90-G;0.18;170;172;170;170;252;KL-WATER-SO;0.35;170;172;170;170;252;KL-WATER-SO;0.35;170;172;170;170;252;V-KL-WATER-SO;0.35;170;172;170;170;252;KL-WATER-SO;;;2.3;;;1339;1332;
WATER_HUISAANSLUITING_PVC;*;-;**;-;KL;-;WATER;_;HUISAANSLUITING;_;PVC;;;;;;;;;-;G;;;;;*-**-KL-WATER_HUISAANSLUITING_PVC-G;0.18;170;172;170;170;252;KL-WATER-SO;0.35;170;172;170;170;252;KL-WATER-SO;0.35;170;172;170;170;252;V-KL-WATER-SO;0.35;170;172;170;170;252;KL-WATER-SO;;;2.3;;;1340;1331;
WATER_HUISAANSLUITING_PVC_110;*;-;**;-;KL;-;WATER;_;HUISAANSLUITING;_;PVC;_;110;;;;;;;-;G;;;;;*-**-KL-WATER_HUISAANSLUITING_PVC_110-G;0.18;170;172;170;170;252;KL-WATER-SO;0.35;170;172;170;170;252;KL-WATER-SO;0.35;170;172;170;170;252;V-KL-WATER-SO;0.35;170;172;170;170;252;KL-WATER-SO;;;2.3;;;1341;1340;
WATER_HUISAANSLUITING_PVC_32;*;-;**;-;KL;-;WATER;_;HUISAANSLUITING;_;PVC;_;32;;;;;;;-;G;;;;;*-**-KL-WATER_HUISAANSLUITING_PVC_32-G;0.18;170;172;170;170;252;KL-WATER-SO;0.35;170;172;170;170;252;KL-WATER-SO;0.35;170;172;170;170;252;V-KL-WATER-SO;0.35;170;172;170;170;252;KL-WATER-SO;;;2.3;;;1342;1340;
WATER_HUISAANSLUITING_PVC_40;*;-;**;-;KL;-;WATER;_;HUISAANSLUITING;_;PVC;_;40;;;;;;;-;G;;;;;*-**-KL-WATER_HUISAANSLUITING_PVC_40-G;0.18;170;172;170;170;252;KL-WATER-SO;0.35;170;172;170;170;252;KL-WATER-SO;0.35;170;172;170;170;252;V-KL-WATER-SO;0.35;170;172;170;170;252;KL-WATER-SO;;;2.3;;;1343;1340;
WATER_HUISAANSLUITING_PVC_50;*;-;**;-;KL;-;WATER;_;HUISAANSLUITING;_;PVC;_;50;;;;;;;-;G;;;;;*-**-KL-WATER_HUISAANSLUITING_PVC_50-G;0.18;170;172;170;170;252;KL-WATER-SO;0.35;170;172;170;170;252;KL-WATER-SO;0.35;170;172;170;170;252;V-KL-WATER-SO;0.35;170;172;170;170;252;KL-WATER-SO;;;2.3;;;1344;1340;
WATER_HUISAANSLUITING_PVC_63;*;-;**;-;KL;-;WATER;_;HUISAANSLUITING;_;PVC;_;63;;;;;;;-;G;;;;;*-**-KL-WATER_HUISAANSLUITING_PVC_63-G;0.18;170;172;170;170;252;KL-WATER-SO;0.35;170;172;170;170;252;KL-WATER-SO;0.35;170;172;170;170;252;V-KL-WATER-SO;0.35;170;172;170;170;252;KL-WATER-SO;;;2.3;;;1345;1340;
WATER_HUISAANSLUITING_PVC_75;*;-;**;-;KL;-;WATER;_;HUISAANSLUITING;_;PVC;_;75;;;;;;;-;G;;;;;*-**-KL-WATER_HUISAANSLUITING_PVC_75-G;0.18;170;172;170;170;252;KL-WATER-SO;0.35;170;172;170;170;252;KL-WATER-SO;0.35;170;172;170;170;252;V-KL-WATER-SO;0.35;170;172;170;170;252;KL-WATER-SO;;;2.3;;;1346;1340;
WATER_HUISAANSLUITING_PVC_90;*;-;**;-;KL;-;WATER;_;HUISAANSLUITING;_;PVC;_;90;;;;;;;-;G;;;;;*-**-KL-WATER_HUISAANSLUITING_PVC_90-G;0.18;170;172;170;170;252;KL-WATER-SO;0.35;170;172;170;170;252;KL-WATER-SO;0.35;170;172;170;170;252;V-KL-WATER-SO;0.35;170;172;170;170;252;KL-WATER-SO;;;2.3;;;1347;1340;
WATER_HULPSTUK;*;-;**;-;KL;-;WATER;_;HULPSTUK;;;;;;;;;;;-;G/S;;;;SKL-WTB_HULP;*-**-KL-WATER_HULPSTUK-G/S;0.18;170;172;170;170;252;CONTINUOUS;0.35;170;172;170;170;252;CONTINUOUS;0.35;170;172;170;170;252;V-CONTINUOUS-SO;0.35;170;172;170;170;252;CONTINUOUS;;;2.3;;;1348;1264;
WATER_HULPSTUK_AANSLUITPUNT;*;-;**;-;KL;-;WATER;_;HULPSTUK;_;AANSLUITPUNT;;;;;;;;;-;G;;;;;*-**-KL-WATER_HULPSTUK_AANSLUITPUNT-G;0.18;170;172;170;170;252;CONTINUOUS;0.35;170;172;170;170;252;CONTINUOUS;0.35;170;172;170;170;252;V-CONTINUOUS-SO;0.35;170;172;170;170;252;CONTINUOUS;;;2.3;;;1349;1348;
WATER_HULPSTUK_AFSLUITER;*;-;**;-;KL;-;WATER;_;HULPSTUK;_;AFSLUITER;;;;;;;;;-;G;;;;;*-**-KL-WATER_HULPSTUK_AFSLUITER-G;0.18;170;172;170;170;252;CONTINUOUS;0.35;170;172;170;170;252;CONTINUOUS;0.35;170;172;170;170;252;V-CONTINUOUS-SO;0.35;170;172;170;170;252;CONTINUOUS;;;2.3;;;1350;1348;
WATER_HULPSTUK_DRUKMEETPUNT;*;-;**;-;KL;-;WATER;_;HULPSTUK;_;DRUKMEETPUNT;;;;;;;;;-;G;;;;;*-**-KL-WATER_HULPSTUK_DRUKMEETPUNT-G;0.18;170;172;170;170;252;CONTINUOUS;0.35;170;172;170;170;252;CONTINUOUS;0.35;170;172;170;170;252;V-CONTINUOUS-SO;0.35;170;172;170;170;252;CONTINUOUS;;;2.3;;;1351;1348;
WATER_HULPSTUK_DRUKREGELAAR;*;-;**;-;KL;-;WATER;_;HULPSTUK;_;DRUKREGELAAR;;;;;;;;;-;G;;;;;*-**-KL-WATER_HULPSTUK_DRUKREGELAAR-G;0.18;170;172;170;170;252;CONTINUOUS;0.35;170;172;170;170;252;CONTINUOUS;0.35;170;172;170;170;252;V-CONTINUOUS-SO;0.35;170;172;170;170;252;CONTINUOUS;;;2.3;;;1352;1348;
WATER_HULPSTUK_OVERIG;*;-;**;-;KL;-;WATER;_;HULPSTUK;_;OVERIG;;;;;;;;;-;G;;;;;*-**-KL-WATER_HULPSTUK_OVERIG-G;0.18;170;172;170;170;252;CONTINUOUS;0.35;170;172;170;170;252;CONTINUOUS;0.35;170;172;170;170;252;V-CONTINUOUS-SO;0.35;170;172;170;170;252;CONTINUOUS;;;3.1;;VERVALLEN;1353;1348;
WATER_HULPSTUK_SCHOONMAAKSTUK;*;-;**;-;KL;-;WATER;_;HULPSTUK;_;SCHOONMAAKSTUK;;;;;;;;;-;G;;;;;*-**-KL-WATER_HULPSTUK_SCHOONMAAKSTUK-G;0.18;170;172;170;170;252;CONTINUOUS;0.35;170;172;170;170;252;CONTINUOUS;0.35;170;172;170;170;252;V-CONTINUOUS-SO;0.35;170;172;170;170;252;CONTINUOUS;;;2.3;;;1354;1348;
WATER_HULPSTUK_WATERMETER;*;-;**;-;KL;-;WATER;_;HULPSTUK;_;WATERMETER;;;;;;;;;-;G;;;;;*-**-KL-WATER_HULPSTUK_WATERMETER-G;0.18;170;172;170;170;252;CONTINUOUS;0.35;170;172;170;170;252;CONTINUOUS;0.35;170;172;170;170;252;V-CONTINUOUS-SO;0.35;170;172;170;170;252;CONTINUOUS;;;2.3;;;1355;1348;
WATER_INKOOPPUNT;*;-;**;-;KL;-;WATER;_;INKOOPPUNT;;;;;;;;;;;-;G/S;;;;SKL-WTB_INKOOPPUNT;*-**-KL-WATER_INKOOPPUNT-G/S;0.18;170;172;170;170;252;CONTINUOUS;0.35;170;172;170;170;252;CONTINUOUS;0.35;170;172;170;170;252;V-CONTINUOUS-SO;0.35;170;172;170;170;252;CONTINUOUS;;;2.3;;;1356;1264;
WATER_LOCATIEPAAL;*;-;**;-;KL;-;WATER;_;LOCATIEPAAL;;;;;;;;;;;-;G/S;;;;SKL-LEIDINGMERKPAAL;*-**-KL-WATER_LOCATIEPAAL-G/S;0.18;170;172;170;170;252;CONTINUOUS;0.35;170;172;170;170;252;CONTINUOUS;0.35;170;172;170;170;252;V-CONTINUOUS-SO;0.35;170;172;170;170;252;CONTINUOUS;;;2.3;;;1357;1264;
WATER_MANTELBUIS;*;-;**;-;KL;-;WATER;_;MANTELBUIS;;;;;;;;;;;-;G;;;;;*-**-KL-WATER_MANTELBUIS-G;0.18;170;172;170;170;252;CONTINUOUS;0.35;170;172;170;170;252;CONTINUOUS;0.35;170;172;170;170;252;V-CONTINUOUS-SO;0.35;170;172;170;170;252;CONTINUOUS;;;2.5;;;1358;1264;
WATER_OOGDOUCHE;*;-;**;-;KL;-;WATER;_;OOGDOUCHE;;;;;;;;;;;-;G;;;;;*-**-KL-WATER_OOGDOUCHE-G;0.18;170;172;170;170;252;CONTINUOUS;0.35;170;172;170;170;252;CONTINUOUS;0.35;170;172;170;170;252;V-CONTINUOUS-SO;0.35;170;172;170;170;252;CONTINUOUS;;;2.3;;;1359;1264;
WATER_OVERIG;*;-;**;-;KL;-;WATER;_;OVERIG;;;;;;;;;;;-;G;;;;;*-**-KL-WATER_OVERIG-G;0.18;170;172;170;170;252;CONTINUOUS;0.35;170;172;170;170;252;CONTINUOUS;0.35;170;172;170;170;252;V-CONTINUOUS-SO;0.35;170;172;170;170;252;CONTINUOUS;;;3.1;;VERVALLEN;1360;1264;
WATER_PUT;*;-;**;-;KL;-;WATER;_;PUT;;;;;;;;;;;-;G/S;;;;SKL-WATERLEIDINGPUT;*-**-KL-WATER_PUT-G/S;0.18;170;172;170;170;252;CONTINUOUS;0.35;170;172;170;170;252;CONTINUOUS;0.35;170;172;170;170;252;V-CONTINUOUS-SO;0.35;170;172;170;170;252;CONTINUOUS;;;4.2;4.2:symbool gewijzigd;GEWIJZIGD;1361;1264;
WATER_PUT_POMPPUT;*;-;**;-;KL;-;WATER;_;PUT;_;POMPPUT;;;;;;;;;-;G/S;;;;SKL-WTB_POMPPUT;*-**-KL-WATER_PUT_POMPPUT-G/S;0.18;170;172;170;170;252;CONTINUOUS;0.35;170;172;170;170;252;CONTINUOUS;0.35;170;172;170;170;252;V-CONTINUOUS-SO;0.35;170;172;170;170;252;CONTINUOUS;;;2.3;;;1362;1361;
WATER_PUT_PUTKAST;*;-;**;-;KL;-;WATER;_;PUT;_;PUTKAST;;;;;;;;;-;G;;;;;*-**-KL-WATER_PUT_PUTKAST-G;0.18;170;172;170;170;252;CONTINUOUS;0.35;170;172;170;170;252;CONTINUOUS;0.35;170;172;170;170;252;V-CONTINUOUS-SO;0.35;170;172;170;170;252;CONTINUOUS;;;2.3;;;1363;1361;
WATER_STRAATPOT;*;-;**;-;KL;-;WATER;_;STRAATPOT;;;;;;;;;;;-;G/S;;;;SKL-WATER_STRAATPOT;*-**-KL-WATER_STRAATPOT-G/S;0.18;170;172;170;170;253;CONTINUOUS;0.35;170;172;170;170;253;CONTINUOUS;0.35;170;172;170;170;253;V-CONTINUOUS-SO;0.35;170;172;170;170;253;CONTINUOUS;;;2.3;;;1364;1264;
WATER_TRANSPORTLEIDING;*;-;**;-;KL;-;WATER;_;TRANSPORTLEIDING;;;;;;;;;;;-;G;;;;;*-**-KL-WATER_TRANSPORTLEIDING-G;0.18;170;172;170;170;253;KL-WATER-SO;0.35;170;172;170;170;253;KL-WATER-SO;0.35;170;172;170;170;253;V-KL-WATER-SO;0.35;170;172;170;170;253;KL-WATER-SO;;;5.0;-5.0- lijntype BS gewijzigd-5.0- lijntype NW gewijzigd-5.0- lijntype TD gewijzigd;GEWIJZIGD;1365;1264;
WATER_TRANSPORTLEIDING_PE;*;-;**;-;KL;-;WATER;_;TRANSPORTLEIDING;_;PE;;;;;;;;;-;G;;;;;*-**-KL-WATER_TRANSPORTLEIDING_PE-G;0.18;170;172;170;170;253;KL-WATER-SO;0.35;170;172;170;170;253;KL-WATER-SO;0.35;170;172;170;170;253;V-KL-WATER-SO;0.35;170;172;170;170;253;KL-WATER-SO;;;5.0;-5.0- lijntype BS gewijzigd-5.0- lijntype NW gewijzigd-5.0- lijntype TD gewijzigd;GEWIJZIGD;1366;1365;
WATER_TRANSPORTLEIDING_PE_110;*;-;**;-;KL;-;WATER;_;TRANSPORTLEIDING;_;PE;_;110;;;;;;;-;G;;;;;*-**-KL-WATER_TRANSPORTLEIDING_PE_110-G;0.18;170;172;170;170;253;KL-WATER-SO;0.35;170;172;170;170;253;KL-WATER-SO;0.35;170;172;170;170;253;V-KL-WATER-SO;0.35;170;172;170;170;253;KL-WATER-SO;;;5.0;-5.0- lijntype BS gewijzigd-5.0- lijntype NW gewijzigd-5.0- lijntype TD gewijzigd;GEWIJZIGD;1367;1366;
WATER_TRANSPORTLEIDING_PE_125;*;-;**;-;KL;-;WATER;_;TRANSPORTLEIDING;_;PE;_;125;;;;;;;-;G;;;;;*-**-KL-WATER_TRANSPORTLEIDING_PE_125-G;0.18;170;172;170;170;253;KL-WATER-SO;0.35;170;172;170;170;253;KL-WATER-SO;0.35;170;172;170;170;253;V-KL-WATER-SO;0.35;170;172;170;170;253;KL-WATER-SO;;;5.0;-5.0- lijntype BS gewijzigd-5.0- lijntype NW gewijzigd-5.0- lijntype TD gewijzigd;GEWIJZIGD;1368;1366;
WATER_TRANSPORTLEIDING_PE_160;*;-;**;-;KL;-;WATER;_;TRANSPORTLEIDING;_;PE;_;160;;;;;;;-;G;;;;;*-**-KL-WATER_TRANSPORTLEIDING_PE_160-G;0.18;170;172;170;170;253;KL-WATER-SO;0.35;170;172;170;170;253;KL-WATER-SO;0.35;170;172;170;170;253;V-KL-WATER-SO;0.35;170;172;170;170;253;KL-WATER-SO;;;5.0;-5.0- lijntype BS gewijzigd-5.0- lijntype NW gewijzigd-5.0- lijntype TD gewijzigd;GEWIJZIGD;1369;1366;
WATER_TRANSPORTLEIDING_PE_250;*;-;**;-;KL;-;WATER;_;TRANSPORTLEIDING;_;PE;_;250;;;;;;;-;G;;;;;*-**-KL-WATER_TRANSPORTLEIDING_PE_250-G;0.18;170;172;170;170;253;KL-WATER-SO;0.35;170;172;170;170;253;KL-WATER-SO;0.35;170;172;170;170;253;V-KL-WATER-SO;0.35;170;172;170;170;253;KL-WATER-SO;;;5.0;-5.0- lijntype BS gewijzigd-5.0- lijntype NW gewijzigd-5.0- lijntype TD gewijzigd;GEWIJZIGD;1370;1366;
WATER_TRANSPORTLEIDING_PE_315;*;-;**;-;KL;-;WATER;_;TRANSPORTLEIDING;_;PE;_;315;;;;;;;-;G;;;;;*-**-KL-WATER_TRANSPORTLEIDING_PE_315-G;0.18;170;172;170;170;253;KL-WATER-SO;0.35;170;172;170;170;253;KL-WATER-SO;0.35;170;172;170;170;253;V-KL-WATER-SO;0.35;170;172;170;170;253;KL-WATER-SO;;;5.0;-5.0- lijntype BS gewijzigd-5.0- lijntype NW gewijzigd-5.0- lijntype TD gewijzigd;GEWIJZIGD;1371;1366;
WATER_TRANSPORTLEIDING_PE_400;*;-;**;-;KL;-;WATER;_;TRANSPORTLEIDING;_;PE;_;400;;;;;;;-;G;;;;;*-**-KL-WATER_TRANSPORTLEIDING_PE_400-G;0.18;170;172;170;170;253;KL-WATER-SO;0.35;170;172;170;170;253;KL-WATER-SO;0.35;170;172;170;170;253;V-KL-WATER-SO;0.35;170;172;170;170;253;KL-WATER-SO;;;5.0;-5.0- lijntype BS gewijzigd-5.0- lijntype NW gewijzigd-5.0- lijntype TD gewijzigd;GEWIJZIGD;1372;1366;
WATER_TRANSPORTLEIDING_PE_500;*;-;**;-;KL;-;WATER;_;TRANSPORTLEIDING;_;PE;_;500;;;;;;;-;G;;;;;*-**-KL-WATER_TRANSPORTLEIDING_PE_500-G;0.18;170;172;170;170;253;KL-WATER-SO;0.35;170;172;170;170;253;KL-WATER-SO;0.35;170;172;170;170;253;V-KL-WATER-SO;0.35;170;172;170;170;253;KL-WATER-SO;;;5.0;-5.0- lijntype BS gewijzigd-5.0- lijntype NW gewijzigd-5.0- lijntype TD gewijzigd;GEWIJZIGD;1373;1366;
WATER_TRANSPORTLEIDING_PE_630;*;-;**;-;KL;-;WATER;_;TRANSPORTLEIDING;_;PE;_;630;;;;;;;-;G;;;;;*-**-KL-WATER_TRANSPORTLEIDING_PE_630-G;0.18;170;172;170;170;253;KL-WATER-SO;0.35;170;172;170;170;253;KL-WATER-SO;0.35;170;172;170;170;253;V-KL-WATER-SO;0.35;170;172;170;170;253;KL-WATER-SO;;;5.0;-5.0- lijntype BS gewijzigd-5.0- lijntype NW gewijzigd-5.0- lijntype TD gewijzigd;GEWIJZIGD;1374;1366;
WATER_TRANSPORTLEIDING_PVC;*;-;**;-;KL;-;WATER;_;TRANSPORTLEIDING;_;PVC;;;;;;;;;-;G;;;;;*-**-KL-WATER_TRANSPORTLEIDING_PVC-G;0.18;170;172;170;170;253;KL-WATER-SO;0.35;170;172;170;170;253;KL-WATER-SO;0.35;170;172;170;170;253;V-KL-WATER-SO;0.35;170;172;170;170;253;KL-WATER-SO;;;5.0;-5.0- lijntype BS gewijzigd-5.0- lijntype NW gewijzigd-5.0- lijntype TD gewijzigd;GEWIJZIGD;1375;1365;
WATER_TRANSPORTLEIDING_PVC_110;*;-;**;-;KL;-;WATER;_;TRANSPORTLEIDING;_;PVC;_;110;;;;;;;-;G;;;;;*-**-KL-WATER_TRANSPORTLEIDING_PVC_110-G;0.18;170;172;170;170;253;KL-WATER-SO;0.35;170;172;170;170;253;KL-WATER-SO;0.35;170;172;170;170;253;V-KL-WATER-SO;0.35;170;172;170;170;253;KL-WATER-SO;;;5.0;-5.0- lijntype BS gewijzigd-5.0- lijntype NW gewijzigd-5.0- lijntype TD gewijzigd;GEWIJZIGD;1376;1375;
WATER_TRANSPORTLEIDING_PVC_125;*;-;**;-;KL;-;WATER;_;TRANSPORTLEIDING;_;PVC;_;125;;;;;;;-;G;;;;;*-**-KL-WATER_TRANSPORTLEIDING_PVC_125-G;0.18;170;172;170;170;253;KL-WATER-SO;0.35;170;172;170;170;253;KL-WATER-SO;0.35;170;172;170;170;253;V-KL-WATER-SO;0.35;170;172;170;170;253;KL-WATER-SO;;;5.0;-5.0- lijntype BS gewijzigd-5.0- lijntype NW gewijzigd-5.0- lijntype TD gewijzigd;GEWIJZIGD;1377;1375;
WATER_TRANSPORTLEIDING_PVC_160;*;-;**;-;KL;-;WATER;_;TRANSPORTLEIDING;_;PVC;_;160;;;;;;;-;G;;;;;*-**-KL-WATER_TRANSPORTLEIDING_PVC_160-G;0.18;170;172;170;170;253;KL-WATER-SO;0.35;170;172;170;170;253;KL-WATER-SO;0.35;170;172;170;170;253;V-KL-WATER-SO;0.35;170;172;170;170;253;KL-WATER-SO;;;5.0;-5.0- lijntype BS gewijzigd-5.0- lijntype NW gewijzigd-5.0- lijntype TD gewijzigd;GEWIJZIGD;1378;1375;
WATER_TRANSPORTLEIDING_PVC_250;*;-;**;-;KL;-;WATER;_;TRANSPORTLEIDING;_;PVC;_;250;;;;;;;-;G;;;;;*-**-KL-WATER_TRANSPORTLEIDING_PVC_250-G;0.18;170;172;170;170;253;KL-WATER-SO;0.35;170;172;170;170;253;KL-WATER-SO;0.35;170;172;170;170;253;V-KL-WATER-SO;0.35;170;172;170;170;253;KL-WATER-SO;;;5.0;-5.0- lijntype BS gewijzigd-5.0- lijntype NW gewijzigd-5.0- lijntype TD gewijzigd;GEWIJZIGD;1379;1375;
WATER_TRANSPORTLEIDING_PVC_315;*;-;**;-;KL;-;WATER;_;TRANSPORTLEIDING;_;PVC;_;315;;;;;;;-;G;;;;;*-**-KL-WATER_TRANSPORTLEIDING_PVC_315-G;0.18;170;172;170;170;253;KL-WATER-SO;0.35;170;172;170;170;253;KL-WATER-SO;0.35;170;172;170;170;253;V-KL-WATER-SO;0.35;170;172;170;170;253;KL-WATER-SO;;;5.0;-5.0- lijntype BS gewijzigd-5.0- lijntype NW gewijzigd-5.0- lijntype TD gewijzigd;GEWIJZIGD;1380;1375;
WATER_TRANSPORTLEIDING_PVC_400;*;-;**;-;KL;-;WATER;_;TRANSPORTLEIDING;_;PVC;_;400;;;;;;;-;G;;;;;*-**-KL-WATER_TRANSPORTLEIDING_PVC_400-G;0.18;170;172;170;170;253;KL-WATER-SO;0.35;170;172;170;170;253;KL-WATER-SO;0.35;170;172;170;170;253;V-KL-WATER-SO;0.35;170;172;170;170;253;KL-WATER-SO;;;5.0;-5.0- lijntype BS gewijzigd-5.0- lijntype NW gewijzigd-5.0- lijntype TD gewijzigd;GEWIJZIGD;1381;1375;
WATER_TRANSPORTLEIDING_PVC_500;*;-;**;-;KL;-;WATER;_;TRANSPORTLEIDING;_;PVC;_;500;;;;;;;-;G;;;;;*-**-KL-WATER_TRANSPORTLEIDING_PVC_500-G;0.18;170;172;170;170;253;KL-WATER-SO;0.35;170;172;170;170;253;KL-WATER-SO;0.35;170;172;170;170;253;V-KL-WATER-SO;0.35;170;172;170;170;253;KL-WATER-SO;;;5.0;-5.0- lijntype BS gewijzigd-5.0- lijntype NW gewijzigd-5.0- lijntype TD gewijzigd;GEWIJZIGD;1382;1375;
WATER_TRANSPORTLEIDING_PVC_630;*;-;**;-;KL;-;WATER;_;TRANSPORTLEIDING;_;PVC;_;630;;;;;;;-;G;;;;;*-**-KL-WATER_TRANSPORTLEIDING_PVC_630-G;0.18;170;172;170;170;253;KL-WATER-SO;0.35;170;172;170;170;253;KL-WATER-SO;0.35;170;172;170;170;253;V-KL-WATER-SO;0.35;170;172;170;170;253;KL-WATER-SO;;;5.0;-5.0- lijntype BS gewijzigd-5.0- lijntype NW gewijzigd-5.0- lijntype TD gewijzigd;GEWIJZIGD;1383;1375;
WATER_WATERBRON;*;-;**;-;KL;-;WATER;_;WATERBRON;;;;;;;;;;;-;G;;;;;*-**-KL-WATER_WATERBRON-G;0.18;170;172;170;170;253;CONTINUOUS;0.35;170;172;170;170;253;CONTINUOUS;0.35;170;172;170;170;253;V-CONTINUOUS-SO;0.35;170;172;170;170;253;CONTINUOUS;;;2.3;;;1384;1264;
WEESLEIDING;*;-;**;-;KL;-;WEESLEIDING;;;;;;;;;;;;;-;G;;;;;*-**-KL-WEESLEIDING-G;0.18;130;132;130;130;253;KL-WEESLEIDING-SO;0.35;130;132;130;130;253;KL-WEESLEIDING-SO;0.35;130;132;130;130;253;V-KL-WEESLEIDING-SO;0.35;130;132;130;130;253;KL-WEESLEIDING-SO;;;2.3;;;1385;0;
WIM;*;-;**;-;KL;-;WIM;;;;;;;;;;;;;-;G;;;;;*-**-KL-WIM-G;0.18;150;152;150;150;253;CONTINUOUS;0.35;150;152;150;150;253;CONTINUOUS;0.35;150;152;150;150;253;V-CONTINUOUS-SO;0.35;150;152;150;150;253;CONTINUOUS;;;3.0;;NIEUW;1398;0;
WIM_KABEL;*;-;**;-;KL;-;WIM;_;KABEL;;;;;;;;;;;-;G;;;;;*-**-KL-WIM_KABEL-G;0.18;150;152;150;150;253;KL-WIM-SO;0.35;150;152;150;150;253;KL-WIM-SO;0.35;150;152;150;150;253;V-KL-WIM-SO;0.35;150;152;150;150;253;KL-WIM-SO;;;4.2;4.2:Lijnstijl toegevoegd;GEWIJZIGD;1399;1398;
WINDWAARSCHUWINGSSYSTEEM;*;-;**;-;KL;-;WINDWAARSCHUWINGSSYSTEEM;;;;;;;;;;;;;-;G;;;;;*-**-KL-WINDWAARSCHUWINGSSYSTEEM-G;0.18;220;222;220;220;253;CONTINUOUS;0.35;220;222;220;220;253;CONTINUOUS;0.35;220;222;220;220;253;V-CONTINUOUS-SO;0.35;220;222;220;220;253;CONTINUOUS;;;3.0;;NIEUW;1396;0;
WINDWAARSCHUWINGSSYSTEEM_KABEL;*;-;**;-;KL;-;WINDWAARSCHUWINGSSYSTEEM;_;KABEL;;;;;;;;;;;-;G;;;;;*-**-KL-WINDWAARSCHUWINGSSYSTEEM_KABEL-G;0.18;220;222;220;220;253;CONTINUOUS;0.35;220;222;220;220;253;CONTINUOUS;0.35;220;222;220;220;253;V-CONTINUOUS-SO;0.35;220;222;220;220;253;CONTINUOUS;;;3.0;;NIEUW;1397;1396;
