omschrijving;status;underscore;discipline;underscore2;hoofdgroep;underscore3;object;underscore4;subobject01;underscore5;subobject02;underscore6;subobject03;underscore7;subobject04;underscore8;subobject05;streepje;bewerking;streepje3;element;streepje2;schaal;aobject;sobject;laagnaam;lw_b;kl_b;kl_b_a;kl_b_gd;kl_b_gn;kl_b_v;lt_b;lw_n;kl_n;kl_n_a;kl_n_gd;kl_n_gn;kl_n_v;lt_n;lw_v;kl_v;kl_v_a;kl_v_gd;kl_v_gn;kl_v_v;lt_v;lw_t;kl_t;kl_t_a;kl_t_gd;kl_t_gn;kl_t_v;lt_t;vrkl_kort;vrkl_lang;id_nummer;kind_van;objectURI;kind_vanURI
BOB;*;-;**;-;RI;-;BOB;;;;;;;;;;;;;-;G/S;;;;SRI-BOB;*-**-RI-BOB-G/S;0.18;90;92;90;90;253;CONTINUOUS;0.35;90;92;90;90;253;CONTINUOUS;0.35;90;92;90;90;253;V-CONTINUOUS-SO;0.35;90;92;90;90;253;CONTINUOUS;;;1634;0;;
DRAINAGE;*;-;**;-;RI;-;DRAINAGE;;;;;;;;;;;;;-;G;;;;;*-**-RI-DRAINAGE-G;0.18;90;92;90;90;253;RI-DRAINAGE-SO;0.35;90;92;90;90;253;RI-DRAINAGE-SO;0.35;90;92;90;90;253;V-RI-DRAINAGE-SO;0.35;90;92;90;90;253;RI-DRAINAGE-SO;;;1635;0;;
DRAINAGE_ALGEMEEN;*;-;**;-;RI;-;DRAINAGE;_;ALGEMEEN;;;;;;;;;;;-;G;;;;;*-**-RI-DRAINAGE_ALGEMEEN-G;0.18;90;92;90;90;253;RI-DRAINAGE-SO;0.35;90;92;90;90;253;RI-DRAINAGE-SO;0.35;90;92;90;90;253;V-RI-DRAINAGE-SO;0.35;90;92;90;90;253;RI-DRAINAGE-SO;;;1636;1635;;
DRAINAGE_BOB;*;-;**;-;RI;-;DRAINAGE;_;BOB;;;;;;;;;;;-;G/S;;;;SRI-BOB;*-**-RI-DRAINAGE_BOB-G/S;0.18;90;92;90;90;253;CONTINUOUS;0.35;90;92;90;90;253;CONTINUOUS;0.35;90;92;90;90;253;V-CONTINUOUS-SO;0.35;90;92;90;90;253;CONTINUOUS;;;1637;1635;;
DRAINAGE_DRAIN;*;-;**;-;RI;-;DRAINAGE;_;DRAIN;;;;;;;;;;;-;G;;;;;*-**-RI-DRAINAGE_DRAIN-G;0.18;90;92;90;90;253;RI-DRAINAGE-SO;0.35;90;92;90;90;253;RI-DRAINAGE-SO;0.35;90;92;90;90;253;V-RI-DRAINAGE-SO;0.35;90;92;90;90;253;RI-DRAINAGE-SO;;;1638;1635;;
DRAINAGE_DRAIN-DOORSPOELEN;*;-;**;-;RI;-;DRAINAGE;_;DRAIN;;;;;;;;;-;DOORSPOELEN;-;G;;;;;*-**-RI-DRAINAGE_DRAIN-DOORSPOELEN-G;0.18;90;92;90;90;253;RI-DRAINAGE-SO;0.35;90;92;90;90;253;RI-DRAINAGE-SO;0.35;90;92;90;90;253;V-RI-DRAINAGE-SO;0.35;90;92;90;90;253;RI-DRAINAGE-SO;;;3580;1638;;
DRAINAGE_DRAIN_PP;*;-;**;-;RI;-;DRAINAGE;_;DRAIN;_;PP;;;;;;;;;-;G;;;;;*-**-RI-DRAINAGE_DRAIN_PP-G;0.18;90;92;90;90;253;RI-DRAINAGE-SO;0.35;90;92;90;90;253;RI-DRAINAGE-SO;0.35;90;92;90;90;253;V-RI-DRAINAGE-SO;0.35;90;92;90;90;253;RI-DRAINAGE-SO;;;1639;1638;;
DRAINAGE_DRAIN_PP_100;*;-;**;-;RI;-;DRAINAGE;_;DRAIN;_;PP;_;100;;;;;;;-;G;;;;;*-**-RI-DRAINAGE_DRAIN_PP_100-G;0.18;90;92;90;90;253;RI-DRAINAGE-SO;0.35;90;92;90;90;253;RI-DRAINAGE-SO;0.35;90;92;90;90;253;V-RI-DRAINAGE-SO;0.35;90;92;90;90;253;RI-DRAINAGE-SO;;;1640;1639;;
DRAINAGE_DRAIN_PP_125;*;-;**;-;RI;-;DRAINAGE;_;DRAIN;_;PP;_;125;;;;;;;-;G;;;;;*-**-RI-DRAINAGE_DRAIN_PP_125-G;0.18;90;92;90;90;253;RI-DRAINAGE-SO;0.35;90;92;90;90;253;RI-DRAINAGE-SO;0.35;90;92;90;90;253;V-RI-DRAINAGE-SO;0.35;90;92;90;90;253;RI-DRAINAGE-SO;;;1641;1639;;
DRAINAGE_DRAIN_PP_160;*;-;**;-;RI;-;DRAINAGE;_;DRAIN;_;PP;_;160;;;;;;;-;G;;;;;*-**-RI-DRAINAGE_DRAIN_PP_160-G;0.18;90;92;90;90;253;RI-DRAINAGE-SO;0.35;90;92;90;90;253;RI-DRAINAGE-SO;0.35;90;92;90;90;253;V-RI-DRAINAGE-SO;0.35;90;92;90;90;253;RI-DRAINAGE-SO;;;1642;1639;;
DRAINAGE_DRAIN_PP_200;*;-;**;-;RI;-;DRAINAGE;_;DRAIN;_;PP;_;200;;;;;;;-;G;;;;;*-**-RI-DRAINAGE_DRAIN_PP_200-G;0.18;90;92;90;90;253;RI-DRAINAGE-SO;0.35;90;92;90;90;253;RI-DRAINAGE-SO;0.35;90;92;90;90;253;V-RI-DRAINAGE-SO;0.35;90;92;90;90;253;RI-DRAINAGE-SO;;;1643;1639;;
DRAINAGE_DRAIN_PP_65;*;-;**;-;RI;-;DRAINAGE;_;DRAIN;_;PP;_;65;;;;;;;-;G;;;;;*-**-RI-DRAINAGE_DRAIN_PP_65-G;0.18;90;92;90;90;253;RI-DRAINAGE-SO;0.35;90;92;90;90;253;RI-DRAINAGE-SO;0.35;90;92;90;90;253;V-RI-DRAINAGE-SO;0.35;90;92;90;90;253;RI-DRAINAGE-SO;;;1644;1639;;
DRAINAGE_DRAIN_PP_80;*;-;**;-;RI;-;DRAINAGE;_;DRAIN;_;PP;_;80;;;;;;;-;G;;;;;*-**-RI-DRAINAGE_DRAIN_PP_80-G;0.18;90;92;90;90;253;RI-DRAINAGE-SO;0.35;90;92;90;90;253;RI-DRAINAGE-SO;0.35;90;92;90;90;253;V-RI-DRAINAGE-SO;0.35;90;92;90;90;253;RI-DRAINAGE-SO;;;1645;1639;;
DRAINAGE_DRAIN_PVC;*;-;**;-;RI;-;DRAINAGE;_;DRAIN;_;PVC;;;;;;;;;-;G;;;;;*-**-RI-DRAINAGE_DRAIN_PVC-G;0.18;90;92;90;90;253;RI-DRAINAGE-SO;0.35;90;92;90;90;253;RI-DRAINAGE-SO;0.35;90;92;90;90;253;V-RI-DRAINAGE-SO;0.35;90;92;90;90;253;RI-DRAINAGE-SO;;;1646;1638;;
DRAINAGE_DRAIN_PVC_100;*;-;**;-;RI;-;DRAINAGE;_;DRAIN;_;PVC;_;100;;;;;;;-;G;;;;;*-**-RI-DRAINAGE_DRAIN_PVC_100-G;0.18;90;92;90;90;253;RI-DRAINAGE-SO;0.35;90;92;90;90;253;RI-DRAINAGE-SO;0.35;90;92;90;90;253;V-RI-DRAINAGE-SO;0.35;90;92;90;90;253;RI-DRAINAGE-SO;;;1647;1646;;
DRAINAGE_DRAIN_PVC_125;*;-;**;-;RI;-;DRAINAGE;_;DRAIN;_;PVC;_;125;;;;;;;-;G;;;;;*-**-RI-DRAINAGE_DRAIN_PVC_125-G;0.18;90;92;90;90;253;RI-DRAINAGE-SO;0.35;90;92;90;90;253;RI-DRAINAGE-SO;0.35;90;92;90;90;253;V-RI-DRAINAGE-SO;0.35;90;92;90;90;253;RI-DRAINAGE-SO;;;1648;1646;;
DRAINAGE_DRAIN_PVC_160;*;-;**;-;RI;-;DRAINAGE;_;DRAIN;_;PVC;_;160;;;;;;;-;G;;;;;*-**-RI-DRAINAGE_DRAIN_PVC_160-G;0.18;90;92;90;90;253;RI-DRAINAGE-SO;0.35;90;92;90;90;253;RI-DRAINAGE-SO;0.35;90;92;90;90;253;V-RI-DRAINAGE-SO;0.35;90;92;90;90;253;RI-DRAINAGE-SO;;;1649;1646;;
DRAINAGE_DRAIN_PVC_200;*;-;**;-;RI;-;DRAINAGE;_;DRAIN;_;PVC;_;200;;;;;;;-;G;;;;;*-**-RI-DRAINAGE_DRAIN_PVC_200-G;0.18;90;92;90;90;253;RI-DRAINAGE-SO;0.35;90;92;90;90;253;RI-DRAINAGE-SO;0.35;90;92;90;90;253;V-RI-DRAINAGE-SO;0.35;90;92;90;90;253;RI-DRAINAGE-SO;;;1650;1646;;
DRAINAGE_DRAIN_PVC_65;*;-;**;-;RI;-;DRAINAGE;_;DRAIN;_;PVC;_;65;;;;;;;-;G;;;;;*-**-RI-DRAINAGE_DRAIN_PVC_65-G;0.18;90;92;90;90;253;RI-DRAINAGE-SO;0.35;90;92;90;90;253;RI-DRAINAGE-SO;0.35;90;92;90;90;253;V-RI-DRAINAGE-SO;0.35;90;92;90;90;253;RI-DRAINAGE-SO;;;1651;1646;;
DRAINAGE_DRAIN_PVC_80;*;-;**;-;RI;-;DRAINAGE;_;DRAIN;_;PVC;_;80;;;;;;;-;G;;;;;*-**-RI-DRAINAGE_DRAIN_PVC_80-G;0.18;90;92;90;90;253;RI-DRAINAGE-SO;0.35;90;92;90;90;253;RI-DRAINAGE-SO;0.35;90;92;90;90;253;V-RI-DRAINAGE-SO;0.35;90;92;90;90;253;RI-DRAINAGE-SO;;;1652;1646;;
DRAINAGE_HULPSTUK;*;-;**;-;RI;-;DRAINAGE;_;HULPSTUK;;;;;;;;;;;-;G/S;;;;SRI-HULP;*-**-RI-DRAINAGE_HULPSTUK-G/S;0.18;90;92;90;90;253;CONTINUOUS;0.35;90;92;90;90;253;CONTINUOUS;0.35;90;92;90;90;253;V-CONTINUOUS-SO;0.35;90;92;90;90;253;CONTINUOUS;;;1653;1635;;
DRAINAGE_HULPSTUK_AFSLUITER;*;-;**;-;RI;-;DRAINAGE;_;HULPSTUK;_;AFSLUITER;;;;;;;;;-;G/S;;;;SRI-HULP_AFSLUITER;*-**-RI-DRAINAGE_HULPSTUK_AFSLUITER-G/S;0.18;90;92;90;90;253;CONTINUOUS;0.35;90;92;90;90;253;CONTINUOUS;0.35;90;92;90;90;253;V-CONTINUOUS-SO;0.35;90;92;90;90;253;CONTINUOUS;;;3582;1653;;
DRAINAGE_HULPSTUK_BELUCHTING;*;-;**;-;RI;-;DRAINAGE;_;HULPSTUK;_;BELUCHTING;;;;;;;;;-;G/S;;;;SRI-HULP_BELUCHTING;*-**-RI-DRAINAGE_HULPSTUK_BELUCHTING-G/S;0.18;90;92;90;90;253;CONTINUOUS;0.35;90;92;90;90;253;CONTINUOUS;0.35;90;92;90;90;253;V-CONTINUOUS-SO;0.35;90;92;90;90;253;CONTINUOUS;;;3583;1653;;
DRAINAGE_HULPSTUK_EINDKAP;*;-;**;-;RI;-;DRAINAGE;_;HULPSTUK;_;EINDKAP;;;;;;;;;-;G/S;;;;SRI-HULP_EINDKAP;*-**-RI-DRAINAGE_HULPSTUK_EINDKAP-G/S;0.18;90;92;90;90;253;CONTINUOUS;0.35;90;92;90;90;253;CONTINUOUS;0.35;90;92;90;90;253;V-CONTINUOUS-SO;0.35;90;92;90;90;253;CONTINUOUS;;;3584;1653;;
DRAINAGE_HULPSTUK_INLAAT;*;-;**;-;RI;-;DRAINAGE;_;HULPSTUK;_;INLAAT;;;;;;;;;-;G/S;;;;SRI-HULP_INLAAT;*-**-RI-DRAINAGE_HULPSTUK_INLAAT-G/S;0.18;90;92;90;90;253;CONTINUOUS;0.25;90;92;90;90;253;CONTINUOUS;0.25;90;92;90;90;253;CONTINUOUS;0.25;90;92;90;90;253;CONTINUOUS;;;3491;1653;;
DRAINAGE_HULPSTUK_INLAAT_BLIND;*;-;**;-;RI;-;DRAINAGE;_;HULPSTUK;_;INLAAT;_;BLIND;;;;;;;-;G/S;;;;SRI-HULP_INLAAT;*-**-RI-DRAINAGE_HULPSTUK_INLAAT_BLIND-G;0.18;90;92;90;90;253;CONTINUOUS;0.25;90;92;90;90;253;CONTINUOUS;0.25;90;92;90;90;253;CONTINUOUS;0.25;90;92;90;90;253;CONTINUOUS;;;3492;3491;;
DRAINAGE_HULPSTUK_INLAAT_PVC;*;-;**;-;RI;-;DRAINAGE;_;HULPSTUK;_;INLAAT;_;PVC;;;;;;;-;G/S;;;;SRI-HULP_INLAAT;*-**-RI-DRAINAGE_HULPSTUK_INLAAT_PVC-G;0.18;90;92;90;90;253;CONTINUOUS;0.25;90;92;90;90;253;CONTINUOUS;0.25;90;92;90;90;253;CONTINUOUS;0.25;90;92;90;90;253;CONTINUOUS;;;3493;3491;;
DRAINAGE_HULPSTUK_INLAAT_PVC_125;*;-;**;-;RI;-;DRAINAGE;_;HULPSTUK;_;INLAAT;_;PVC;_;125;;;;;-;G/S;;;;SRI-HULP_INLAAT;*-**-RI-DRAINAGE_HULPSTUK_INLAAT_PVC_125-G;0.18;90;92;90;90;253;CONTINUOUS;0.25;90;92;90;90;253;CONTINUOUS;0.25;90;92;90;90;253;CONTINUOUS;0.25;90;92;90;90;253;CONTINUOUS;;;3494;3493;;
DRAINAGE_HULPSTUK_INLAAT_PVC_160;*;-;**;-;RI;-;DRAINAGE;_;HULPSTUK;_;INLAAT;_;PVC;_;160;;;;;-;G/S;;;;SRI-HULP_INLAAT;*-**-RI-DRAINAGE_HULPSTUK_INLAAT_PVC_160-G;0.18;90;92;90;90;253;CONTINUOUS;0.25;90;92;90;90;253;CONTINUOUS;0.25;90;92;90;90;253;CONTINUOUS;0.25;90;92;90;90;253;CONTINUOUS;;;3495;3493;;
DRAINAGE_HULPSTUK_KEERKLEP;*;-;**;-;RI;-;DRAINAGE;_;HULPSTUK;_;KEERKLEP;;;;;;;;;-;G/S;;;;SRI-HULP_KEERKLEP;*-**-RI-DRAINAGE_HULPSTUK_KEERKLEP-G/S;0.18;90;92;90;90;253;CONTINUOUS;0.35;90;92;90;90;253;CONTINUOUS;0.35;90;92;90;90;253;V-CONTINUOUS-SO;0.35;90;92;90;90;253;CONTINUOUS;;;3585;1653;;
DRAINAGE_HULPSTUK_ONTLUCHTING;*;-;**;-;RI;-;DRAINAGE;_;HULPSTUK;_;ONTLUCHTING;;;;;;;;;-;G/S;;;;SRI-HULP_ONTLUCHTING;*-**-RI-DRAINAGE_HULPSTUK_ONTLUCHTING-G/S;0.18;90;92;90;90;253;CONTINUOUS;0.35;90;92;90;90;253;CONTINUOUS;0.35;90;92;90;90;253;V-CONTINUOUS-SO;0.35;90;92;90;90;253;CONTINUOUS;;;3586;1653;;
DRAINAGE_HULPSTUK_ONTSTOPPINGSSTUK;*;-;**;-;RI;-;DRAINAGE;_;HULPSTUK;_;ONTSTOPPINGSSTUK;;;;;;;;;-;G/S;;;;SRI-HULP_ONTSTOPPINGSSTUK;*-**-RI-DRAINAGE_HULPSTUK_ONTSTOPPINGSSTUK-G/S;0.18;90;92;90;90;253;CONTINUOUS;0.35;90;92;90;90;253;CONTINUOUS;0.35;90;92;90;90;253;V-CONTINUOUS-SO;0.35;90;92;90;90;253;CONTINUOUS;;;3587;1653;;
DRAINAGE_HULPSTUK_SCHOONMAAKSTUK;*;-;**;-;RI;-;DRAINAGE;_;HULPSTUK;_;SCHOONMAAKSTUK;;;;;;;;;-;G/S;;;;SRI-HULP_SCHOONMAAKSTUK;*-**-RI-DRAINAGE_HULPSTUK_SCHOONMAAKSTUK-G/S;0.18;90;92;90;90;253;CONTINUOUS;0.35;90;92;90;90;253;CONTINUOUS;0.35;90;92;90;90;253;V-CONTINUOUS-SO;0.35;90;92;90;90;253;CONTINUOUS;;;3588;1653;;
DRAINAGE_HULPSTUK_SPUIKRAAN;*;-;**;-;RI;-;DRAINAGE;_;HULPSTUK;_;SPUIKRAAN;;;;;;;;;-;G/S;;;;SRI-HULP_SPUIKRAAN;*-**-RI-DRAINAGE_HULPSTUK_SPUIKRAAN-G/S;0.18;90;92;90;90;253;CONTINUOUS;0.35;90;92;90;90;253;CONTINUOUS;0.35;90;92;90;90;253;V-CONTINUOUS-SO;0.35;90;92;90;90;253;CONTINUOUS;;;3589;1653;;
DRAINAGE_HULPSTUK_STANDPIJP;*;-;**;-;RI;-;DRAINAGE;_;HULPSTUK;_;STANDPIJP;;;;;;;;;-;G;;;;;*-**-RI-DRAINAGE_HULPSTUK_STANDPIJP-G;0.18;90;92;90;90;253;CONTINUOUS;0.35;90;92;90;90;253;CONTINUOUS;0.35;90;92;90;90;253;CONTINUOUS;0.35;90;92;90;90;253;CONTINUOUS;;;3592;1653;;
DRAINAGE_HULPSTUK_T STUK;*;-;**;-;RI;-;DRAINAGE;_;HULPSTUK;_;T STUK;;;;;;;;;-;G/S;;;;SRI-DRAIN_T STUK;*-**-RI-DRAINAGE_HULPSTUK_T STUK-G/S;0.18;90;92;90;90;253;CONTINUOUS;0.25;90;92;90;90;253;CONTINUOUS;0.25;90;92;90;90;253;CONTINUOUS;0.25;90;92;90;90;253;CONTINUOUS;;;3501;1653;;
DRAINAGE_HULPSTUK_VERLOOPSTUK;*;-;**;-;RI;-;DRAINAGE;_;HULPSTUK;_;VERLOOPSTUK;;;;;;;;;-;G/S;;;;SRI-HULP_VERLOOPSTUK;*-**-RI-DRAINAGE_HULPSTUK_VERLOOPSTUK-G/S;0.18;90;92;90;90;253;CONTINUOUS;0.35;90;92;90;90;253;CONTINUOUS;0.35;90;92;90;90;253;V-CONTINUOUS-SO;0.35;90;92;90;90;253;CONTINUOUS;;;3590;1653;;
DRAINAGE_HULPSTUK_VLINDERKLEP;*;-;**;-;RI;-;DRAINAGE;_;HULPSTUK;_;VLINDERKLEP;;;;;;;;;-;G/S;;;;SRI-HULP_VLINDERKLEP;*-**-RI-DRAINAGE_HULPSTUK_VLINDERKLEP-G/S;0.18;90;92;90;90;253;CONTINUOUS;0.35;90;92;90;90;253;CONTINUOUS;0.35;90;92;90;90;253;V-CONTINUOUS-SO;0.35;90;92;90;90;253;CONTINUOUS;;;3591;1653;;
DRAINAGE_KOLKAANSLUITLEIDING;*;_;**;_;RI;_;DRAINAGE;_;KOLKAANSLUITLEIDING;_;;_;;_;;_;;-;;-;G;-;;;;*_**_RI_DRAINAGE_KOLKAANSLUITLEIDING;0.18;90;92;90;90;253;RI-DRAINAGE_AANSLUITLEIDING-SO;0.25;90;92;90;90;253;RI-DRAINAGE_AANSLUITLEIDING-SO;0.25;90;92;90;90;253;V-RI-DRAINAGE_AANSLUITLEIDING-SO;0.25;90;92;90;90;253;RI-DRAINAGE_AANSLUITLEIDING-SO;;;3581;1635;http://digitalbuildingdata.tech/nlcs/def/be4ef754-006a-42c2-b796-c9de50bccce4;http://digitalbuildingdata.tech/nlcs/def/e41e5e64-63df-4860-8f4e-66bf40a56b8f
DRAINAGE_LOZELEIDING;*;-;**;-;RI;-;DRAINAGE;_;LOZELEIDING;;;;;;;;;;;-;G;;;;;*-**-RI-DRAINAGE_LOZELEIDING-G;0.18;90;92;90;90;253;CONTINUOUS;0.25;90;92;90;90;253;CONTINUOUS;0.25;90;92;90;90;253;CONTINUOUS;0.25;90;92;90;90;253;CONTINUOUS;;;3598;1635;;
DRAINAGE_LOZELEIDING_UITLEGGER;*;-;**;-;RI;-;DRAINAGE;_;LOZELEIDING;_;UITLEGGER;;;;;;;;;-;G;;;;;*-**-RI-DRAINAGE_LOZELEIDING_UITLEGGER-G;0.18;90;92;90;90;253;CONTINUOUS;0.25;90;92;90;90;253;CONTINUOUS;0.25;90;92;90;90;253;CONTINUOUS;0.25;90;92;90;90;253;CONTINUOUS;;;3498;3598;;
DRAINAGE_LOZELEIDING_UITLEGGER_NIET EXACT;*;-;**;-;RI;-;DRAINAGE;_;LOZELEIDING;_;UITLEGGER;_;NIET EXACT;;;;;;;-;G;;;;;*-**-RI-DRAINAGE_LOZELEIDING_UITLEGGER_NIET EXACT-G;0.18;90;92;90;90;253;CONTINUOUS;0.25;90;92;90;90;253;CONTINUOUS;0.25;90;92;90;90;253;CONTINUOUS;0.25;90;92;90;90;253;CONTINUOUS;;;3499;3498;;
DRAINAGE_LOZEPUT;*;-;**;-;RI;-;DRAINAGE;_;LOZEPUT;;;;;;;;;;;-;G/S;;;;SRI-PUT_INSPECTIE;*-**-RI-DRAINAGE_LOZEPUT-G/S;0.18;90;92;90;90;253;CONTINUOUS;0.35;90;92;90;90;253;CONTINUOUS;0.35;90;92;90;90;253;V-CONTINUOUS-SO;0.35;90;92;90;90;253;CONTINUOUS;;;4038;1635;;
DRAINAGE_LOZINGSPUNT;*;-;**;-;RI;-;DRAINAGE;_;LOZINGSPUNT;;;;;;;;;;;-;G;;;;;*-**-RI-DRAINAGE_LOZINGSPUNT-G;0.18;90;92;90;90;253;CONTINUOUS;0.35;90;92;90;90;253;CONTINUOUS;0.35;90;92;90;90;253;V-CONTINUOUS-SO;0.35;90;92;90;90;253;CONTINUOUS;;;1654;1635;;
DRAINAGE_MANTELBUIS;*;-;**;-;RI;-;DRAINAGE;_;MANTELBUIS;;;;;;;;;;;-;G;;;;;*-**-RI-DRAINAGE_MANTELBUIS-G;0.18;90;92;90;90;253;CONTINUOUS;0.35;90;92;90;90;253;CONTINUOUS;0.35;90;92;90;90;253;V-CONTINUOUS-SO;0.35;90;92;90;90;253;CONTINUOUS;;;4039;1635;;
DRAINAGE_NIET EXACT;*;-;**;-;RI;-;DRAINAGE;_;NIET EXACT;;;;;;;;;;;-;G;;;;;*-**-RI-DRAINAGE_NIET EXACT-G;0.18;90;92;90;90;253;CONTINUOUS;0.25;90;92;90;90;253;CONTINUOUS;0.25;90;92;90;90;253;CONTINUOUS;0.25;90;92;90;90;253;CONTINUOUS;;;3496;1635;;
DRAINAGE_PARTIKULIER;*;-;**;-;RI;-;DRAINAGE;_;PARTIKULIER;;;;;;;;;;;-;G;;;;;*-**-RI-DRAINAGE_PARTIKULIER-G;0.18;90;92;90;90;253;RI-DRAINAGE-SO;0.35;90;92;90;90;253;RI-DRAINAGE-SO;0.35;90;92;90;90;253;V-RI-DRAINAGE-SO;0.35;90;92;90;90;253;RI-DRAINAGE_PARTIKULIER-SO;;;1655;1635;;
DRAINAGE_PERCEELAANSLUITLEIDING;*;_;**;_;RI;_;DRAINAGE;_;PERCEELAANSLUITLEIDING;_;;_;;_;;_;;-;;-;G;-;;;;*_**_RI_DRAINAGE_PERCEELAANSLUITLEIDING;0.18;90;92;90;90;253;RI-DRAINAGE_AANSLUITLEIDING-SO;0.25;90;92;90;90;253;RI-DRAINAGE_AANSLUITLEIDING-SO;0.25;90;92;90;90;253;V-RI-DRAINAGE_AANSLUITLEIDING-SO;0.25;90;92;90;90;253;RI-DRAINAGE_AANSLUITLEIDING-SO;;;3489;1635;http://digitalbuildingdata.tech/nlcs/def/febd425c-2b8f-478a-807b-d70899002d6d;http://digitalbuildingdata.tech/nlcs/def/e41e5e64-63df-4860-8f4e-66bf40a56b8f
DRAINAGE_PERCEELAANSLUITLEIDING_NIET EXACT;*;-;**;-;RI;-;DRAINAGE;_;PERCEELAANSLUITLEIDING;_;NIET EXACT;;;;;;;;;-;G;;;;;*-**-RI-DRAINAGE_PERCEELAANSLUITLEIDING_NIET EXACT-G;0.18;90;92;90;90;253;CONTINUOUS;0.25;90;92;90;90;253;CONTINUOUS;0.25;90;92;90;90;253;CONTINUOUS;0.25;90;92;90;90;253;CONTINUOUS;;;3490;3489;;
DRAINAGE_PUT;*;-;**;-;RI;-;DRAINAGE;_;PUT;;;;;;;;;;;-;G/S;;;;SRI-PUT_DRAIN;*-**-RI-DRAINAGE_PUT-G/S;0.18;90;92;90;90;253;CONTINUOUS;0.35;90;92;90;90;253;CONTINUOUS;0.35;90;92;90;90;253;V-CONTINUOUS-SO;0.35;90;92;90;90;253;CONTINUOUS;;;1656;1635;;
DRAINAGE_PUT_BLINDEPUT;*;-;**;-;RI;-;DRAINAGE;_;PUT;_;BLINDEPUT;;;;;;;;;-;G/S;;;;SRI-PUT_BLINDEPUT;*-**-RI-DRAINAGE_PUT_BLINDEPUT-G/S;0.18;90;92;90;90;253;CONTINUOUS;0.25;90;92;90;90;253;CONTINUOUS;0.25;90;92;90;90;253;CONTINUOUS;0.25;90;92;90;90;253;CONTINUOUS;;;3497;1656;;
DRAINAGE_PUT_DOORSPUITPUT;*;-;**;-;RI;-;DRAINAGE;_;PUT;_;DOORSPUITPUT;;;;;;;;;-;G/S;;;;SRI-PUT_DRAIN_DOORSPUIT;*-**-RI-DRAINAGE_PUT_DOORSPUITPUT-G/S;0.18;90;92;90;90;253;CONTINUOUS;0.35;90;92;90;90;253;CONTINUOUS;0.35;90;92;90;90;253;V-CONTINUOUS-SO;0.35;90;92;90;90;253;CONTINUOUS;;;1657;1656;;
DRAINAGE_PUT_DOORSPUITPUT_BETON;*;-;**;-;RI;-;DRAINAGE;_;PUT;_;DOORSPUITPUT;_;BETON;;;;;;;-;G/S;;;;SRI-PUT_DRAIN_DOORSPUIT;*-**-RI-DRAINAGE_PUT_DOORSPUITPUT_BETON-G;0.18;90;92;90;90;253;CONTINUOUS;0.35;90;92;90;90;253;CONTINUOUS;0.35;90;92;90;90;253;V-CONTINUOUS-SO;0.35;90;92;90;90;253;CONTINUOUS;;;3596;1657;;
DRAINAGE_PUT_DOORSPUITPUT_PE;*;-;**;-;RI;-;DRAINAGE;_;PUT;_;DOORSPUITPUT;_;PE;;;;;;;-;G/S;;;;SRI-PUT_DRAIN_DOORSPUIT;*-**-RI-DRAINAGE_PUT_DOORSPUITPUT_PE-G;0.18;90;92;90;90;253;CONTINUOUS;0.35;90;92;90;90;253;CONTINUOUS;0.35;90;92;90;90;253;V-CONTINUOUS-SO;0.35;90;92;90;90;253;CONTINUOUS;;;3597;1657;;
DRAINAGE_PUT_DRAINAGEPUT;*;-;**;-;RI;-;DRAINAGE;_;PUT;_;DRAINAGEPUT;;;;;;;;;-;G/S;;;;SRI-PUT_DRAIN;*-**-RI-DRAINAGE_PUT_DRAINAGEPUT-G/S;0.18;90;92;90;90;253;CONTINUOUS;0.35;90;92;90;90;253;CONTINUOUS;0.35;90;92;90;90;253;V-CONTINUOUS-SO;0.35;90;92;90;90;253;CONTINUOUS;;;3593;1656;;
DRAINAGE_PUT_DRAINAGEPUT_BETON;*;-;**;-;RI;-;DRAINAGE;_;PUT;_;DRAINAGEPUT;_;BETON;;;;;;;-;G/S;;;;SRI-PUT_DRAIN;*-**-RI-DRAINAGE_PUT_DRAINAGEPUT_BETON-G;0.18;90;92;90;90;253;CONTINUOUS;0.35;90;92;90;90;253;CONTINUOUS;0.35;90;92;90;90;253;V-CONTINUOUS-SO;0.35;90;92;90;90;253;CONTINUOUS;;;3594;3593;;
DRAINAGE_PUT_DRAINAGEPUT_PE;*;-;**;-;RI;-;DRAINAGE;_;PUT;_;DRAINAGEPUT;_;PE;;;;;;;-;G/S;;;;SRI-PUT_DRAIN;*-**-RI-DRAINAGE_PUT_DRAINAGEPUT_PE-G;0.18;90;92;90;90;253;CONTINUOUS;0.35;90;92;90;90;253;CONTINUOUS;0.35;90;92;90;90;253;V-CONTINUOUS-SO;0.35;90;92;90;90;253;CONTINUOUS;;;3595;3593;;
DRAINAGE_PUT_FILTERPUT;*;-;**;-;RI;-;DRAINAGE;_;PUT;_;FILTERPUT;;;;;;;;;-;G/S;;;;SRI-PUT_HWA_LAMELLENFILTER;*-**-RI-DRAINAGE_PUT_FILTERPUT-G;0.18;90;92;90;90;253;CONTINUOUS;0.35;90;92;90;90;253;CONTINUOUS;0.35;90;92;90;90;253;V-CONTINUOUS-SO;0.35;90;92;90;90;253;CONTINUOUS;;;1658;1656;;
DRAINAGE_PUTDEKSELNIVEAU;*;-;**;-;RI;-;DRAINAGE;_;PUTDEKSELNIVEAU;;;;;;;;;;;-;G/S;;;;SRI-PUTDEKSELHOOGTE;*-**-RI-DRAINAGE_PUTDEKSELNIVEAU-G/S;0.18;90;92;90;90;253;CONTINUOUS;0.35;90;92;90;90;253;CONTINUOUS;0.35;90;92;90;90;253;V-CONTINUOUS-SO;0.35;90;92;90;90;253;CONTINUOUS;;;1659;1635;;
DRAINAGE_PUTNUMMER;*;-;**;-;RI;-;DRAINAGE;_;PUTNUMMER;;;;;;;;;;;-;G/S;;;;SRI-PUTNUMMER;*-**-RI-DRAINAGE_PUTNUMMER-G/S;0.18;90;92;90;90;253;CONTINUOUS;0.35;90;92;90;90;253;CONTINUOUS;0.35;90;92;90;90;253;V-CONTINUOUS-SO;0.35;90;92;90;90;253;CONTINUOUS;;;1660;1635;;
DRAINAGE_REGELENDE VOORZIENING;*;-;**;-;RI;-;DRAINAGE;_;REGELENDE VOORZIENING;;;;;;;;;;;-;G;;;;;*-**-RI-DRAINAGE_REGELENDE VOORZIENING-G;0.18;90;92;90;90;253;CONTINUOUS;0.35;90;92;90;90;253;CONTINUOUS;0.35;90;92;90;90;253;V-CONTINUOUS-SO;0.35;90;92;90;90;253;CONTINUOUS;;;1661;1635;;
DRAINAGE_RIOOLLEIDING-LINING;*;_;**;_;RI;_;DRAINAGE;_;RIOOLLEIDING;_;;_;;_;;_;;-;LINING;-;G;-;;;;*_**_RI_DRAINAGE_RIOOLLEIDING-LINING;0.18;90;92;90;90;253;RI-LINING-SO;0.35;90;92;90;90;253;RI-LINING-SO;0.35;90;92;90;90;253;V-RI-LINING-SO;0.35;90;92;90;90;253;RI-LINING-SO;;;4558;4495;http://digitalbuildingdata.tech/nlcs/def/0228e333-f618-47bb-91ac-b131de469795;http://digitalbuildingdata.tech/nlcs/def/2d0b22e6-ba8b-44fb-b0a4-a3f85956037d
DRAINAGE_RIOOLLEIDING-VOLSCHUIMEN;*;_;**;_;RI;_;DRAINAGE;_;RIOOLLEIDING;_;;_;;_;;_;;-;VOLSCHUIMEN;-;G;-;;;;*_**_RI_DRAINAGE_RIOOLLEIDING-VOLSCHUIMEN;0.18;90;92;90;90;253;RI-VOLSCHUIMEN-SO;0.35;90;92;90;90;253;RI-VOLSCHUIMEN-SO;0.35;90;92;90;90;253;V-RI-VOLSCHUIMEN-SO;0.35;90;92;90;90;253;RI-VOLSCHUIMEN-SO;;;4559;4495;http://digitalbuildingdata.tech/nlcs/def/d0c18d82-17df-47f8-8f19-c41b5713a988;http://digitalbuildingdata.tech/nlcs/def/2d0b22e6-ba8b-44fb-b0a4-a3f85956037d
DRAINAGE_RIOOLLEIDING-VOLZANDEN;*;_;**;_;RI;_;DRAINAGE;_;RIOOLLEIDING;_;;_;;_;;_;;-;VOLZANDEN;-;G;-;;;;*_**_RI_DRAINAGE_RIOOLLEIDING-VOLZANDEN;0.18;90;92;90;90;253;RI-VOLZANDEN-SO;0.35;90;92;90;90;253;RI-VOLZANDEN-SO;0.35;90;92;90;90;253;V-RI-VOLZANDEN-SO;0.35;90;92;90;90;253;RI-VOLZANDEN-SO;;;4560;4495;http://digitalbuildingdata.tech/nlcs/def/f3326a59-84c8-4324-98aa-42ff3a8e617c;http://digitalbuildingdata.tech/nlcs/def/2d0b22e6-ba8b-44fb-b0a4-a3f85956037d
DRAINAGE_SCHILDMUUR;*;-;**;-;RI;-;DRAINAGE;_;SCHILDMUUR;;;;;;;;;;;-;G/S;;;;SRI-SCHILDMUUR;*-**-RI-DRAINAGE_SCHILDMUUR-G/S;0.18;90;92;90;90;253;CONTINUOUS;0.25;90;92;90;90;253;CONTINUOUS;0.25;90;92;90;90;253;CONTINUOUS;0.25;90;92;90;90;253;CONTINUOUS;;;3599;1635;;
DRAINAGE_TALUDGOOT;*;-;**;-;RI;-;DRAINAGE;_;TALUDGOOT;;;;;;;;;;;-;G/S;;;;SRI-DRAIN_TALUDGOOT;*-**-RI-DRAINAGE_TALUDGOOT-G/S;0.18;90;92;90;90;253;CONTINUOUS;0.35;90;92;90;90;253;CONTINUOUS;0.35;90;92;90;90;253;V-CONTINUOUS-SO;0.35;90;92;90;90;253;CONTINUOUS;;;1662;1635;;
DRAINAGE_TRANSPORTLEIDING;*;-;**;-;RI;-;DRAINAGE;_;TRANSPORTLEIDING;;;;;;;;;;;-;G;;;;;*-**-RI-DRAINAGE_TRANSPORTLEIDING-G;0.18;90;92;90;90;253;RI-DRAINAGE-SO;0.35;90;92;90;90;253;RI-DRAINAGE-SO;0.35;90;92;90;90;253;V-RI-DRAINAGE-SO;0.35;90;92;90;90;253;RI-DRAINAGE-SO;;;4040;1635;;
DRAINAGE_TRANSPORTLEIDING-LINING;*;_;**;_;RI;_;DRAINAGE;_;TRANSPORTLEIDING;_;;_;;_;;_;;-;LINING;-;G;-;;;;*_**_RI_DRAINAGE_TRANSPORTLEIDING-LINING;0.18;90;92;90;90;253;RI-LINING-SO;0.35;90;92;90;90;253;RI-LINING-SO;0.35;90;92;90;90;253;V-RI-LINING-SO;0.35;90;92;90;90;253;RI-LINING-SO;;;4635;4040;http://digitalbuildingdata.tech/nlcs/def/2f78250a-3811-4a7b-8d43-55283fd02f10;http://digitalbuildingdata.tech/nlcs/def/54b48b18-99ee-427d-9ed3-f766fad4e7cb
DRAINAGE_TRANSPORTLEIDING-VOLSCHUIMEN;*;_;**;_;RI;_;DRAINAGE;_;TRANSPORTLEIDING;_;;_;;_;;_;;-;VOLSCHUIMEN;-;G;-;;;;*_**_RI_DRAINAGE_TRANSPORTLEIDING-VOLSCHUIMEN;0.18;90;92;90;90;253;RI-VOLSCHUIMEN-SO;0.35;90;92;90;90;253;RI-VOLSCHUIMEN-SO;0.35;90;92;90;90;253;V-RI-VOLSCHUIMEN-SO;0.35;90;92;90;90;253;RI-VOLSCHUIMEN-SO;;;4636;4040;http://digitalbuildingdata.tech/nlcs/def/5bf2bb91-8022-4b38-b8b7-093ee8046df3;http://digitalbuildingdata.tech/nlcs/def/54b48b18-99ee-427d-9ed3-f766fad4e7cb
DRAINAGE_TRANSPORTLEIDING-VOLZANDEN;*;_;**;_;RI;_;DRAINAGE;_;TRANSPORTLEIDING;_;;_;;_;;_;;-;VOLZANDEN;-;G;-;;;;*_**_RI_DRAINAGE_TRANSPORTLEIDING-VOLZANDEN;0.18;90;92;90;90;253;RI-VOLZANDEN-SO;0.35;90;92;90;90;253;RI-VOLZANDEN-SO;0.35;90;92;90;90;253;V-RI-VOLZANDEN-SO;0.35;90;92;90;90;253;RI-VOLZANDEN-SO;;;4637;4040;http://digitalbuildingdata.tech/nlcs/def/fe2990b6-b3ea-4e07-aad8-43bfb7c3f1cf;http://digitalbuildingdata.tech/nlcs/def/54b48b18-99ee-427d-9ed3-f766fad4e7cb
DRAINAGE_UITLAATCONSTRUCTIE;*;-;**;-;RI;-;DRAINAGE;_;UITLAATCONSTRUCTIE;;;;;;;;;;;-;G/S;;;;SRI-UITLAATCONSTRUCTIE;*-**-RI-DRAINAGE_UITLAATCONSTRUCTIE-G/S;0.18;90;92;90;90;253;CONTINUOUS;0.25;90;92;90;90;253;CONTINUOUS;0.25;90;92;90;90;253;CONTINUOUS;0.25;90;92;90;90;253;CONTINUOUS;;;3500;1635;;
DRAINAGE_WONINGBOUWVERENIGING;*;-;**;-;RI;-;DRAINAGE;_;WONINGBOUWVERENIGING;;;;;;;;;;;-;G;;;;;*-**-RI-DRAINAGE_WONINGBOUWVERENIGING-G;0.18;90;92;90;90;253;RI-DRAINAGE-SO;0.35;90;92;90;90;253;RI-DRAINAGE-SO;0.35;90;92;90;90;253;V-RI-DRAINAGE-SO;0.35;90;92;90;90;253;RI-DRAINAGE-SO;;;1663;1635;;
DWA;*;-;**;-;RI;-;DWA;;;;;;;;;;;;;-;G;;;;;*-**-RI-DWA-G;0.18;20;22;20;20;253;RI-DWA-SO;0.35;20;22;20;20;253;RI-DWA-SO;0.35;20;22;20;20;253;V-RI-DWA-SO;0.35;20;22;20;20;253;RI-DWA-SO;;;2220;0;;
DWA_AANSLUITPUT;*;-;**;-;RI;-;DWA;_;AANSLUITPUT;;;;;;;;;;;-;G/S;;;;SRI-PUT_ONTSTOPPINGSPUT;*-**-RI-DWA_AANSLUITPUT-G/S;0.18;20;22;20;20;253;CONTINUOUS;0.35;20;22;20;20;253;CONTINUOUS;0.35;20;22;20;20;253;V-CONTINUOUS-SO;0.35;20;22;20;20;253;CONTINUOUS;;;3998;2220;;
DWA_AANSLUITPUT_ONTSTOPPINGSPUT;*;-;**;-;RI;-;DWA;_;AANSLUITPUT;_;ONTSTOPPINGSPUT;;;;;;;;;-;G/S;;;;SRI-PUT_ONTSTOPPINGSPUT;*-**-RI-DWA_AANSLUITPUT_ONTSTOPPINGSPUT-G/S;0.18;20;22;20;20;253;CONTINUOUS;0.35;20;22;20;20;253;CONTINUOUS;0.35;20;22;20;20;253;V-CONTINUOUS-SO;0.35;20;22;20;20;253;CONTINUOUS;;;2263;3998;;
DWA_AANSLUITPUT_ONTSTOPPINGSPUT_BETON;*;-;**;-;RI;-;DWA;_;AANSLUITPUT;_;ONTSTOPPINGSPUT;_;BETON;;;;;;;-;G/S;;;;SRI-PUT_ONTSTOPPINGSPUT;*-**-RI-DWA_AANSLUITPUT_ONTSTOPPINGSPUT_BETON-G;0.18;20;22;20;20;253;CONTINUOUS;0.35;20;22;20;20;253;CONTINUOUS;0.35;20;22;20;20;253;V-CONTINUOUS-SO;0.35;20;22;20;20;253;CONTINUOUS;;;2264;2263;;
DWA_AANSLUITPUT_ONTSTOPPINGSPUT_PE;*;-;**;-;RI;-;DWA;_;AANSLUITPUT;_;ONTSTOPPINGSPUT;_;PE;;;;;;;-;G/S;;;;SRI-PUT_ONTSTOPPINGSPUT;*-**-RI-DWA_AANSLUITPUT_ONTSTOPPINGSPUT_PE-G;0.18;20;22;20;20;253;CONTINUOUS;0.35;20;22;20;20;253;CONTINUOUS;0.35;20;22;20;20;253;V-CONTINUOUS-SO;0.35;20;22;20;20;253;CONTINUOUS;;;2265;2263;;
DWA_AFSCHEIDER;*;-;**;-;RI;-;DWA;_;AFSCHEIDER;;;;;;;;;;;-;G/S;;;;SRI-AFSCHEIDER;*-**-RI-DWA_AFSCHEIDER-G/S;0.18;20;22;20;20;253;CONTINUOUS;0.35;20;22;20;20;253;CONTINUOUS;0.35;20;22;20;20;253;V-CONTINUOUS-SO;0.35;20;22;20;20;253;CONTINUOUS;;;2221;2220;;
DWA_AFSCHEIDER_OLIE;*;-;**;-;RI;-;DWA;_;AFSCHEIDER;_;OLIE;;;;;;;;;-;G/S;;;;SRI-AFSCHEIDER_OLIE;*-**-RI-DWA_AFSCHEIDER_OLIE-G;0.18;20;22;20;20;253;CONTINUOUS;0.35;20;22;20;20;253;CONTINUOUS;0.35;20;22;20;20;253;V-CONTINUOUS-SO;0.35;20;22;20;20;253;CONTINUOUS;;;2222;2221;;
DWA_AFSCHEIDER_SLIB;*;-;**;-;RI;-;DWA;_;AFSCHEIDER;_;SLIB;;;;;;;;;-;G/S;;;;SRI-AFSCHEIDER;*-**-RI-DWA_AFSCHEIDER_SLIB-G;0.18;20;22;20;20;253;CONTINUOUS;0.35;20;22;20;20;253;CONTINUOUS;0.35;20;22;20;20;253;V-CONTINUOUS-SO;0.35;20;22;20;20;253;CONTINUOUS;;;2224;2221;;
DWA_AFSCHEIDER_VET;*;-;**;-;RI;-;DWA;_;AFSCHEIDER;_;VET;;;;;;;;;-;G/S;;;;SRI-AFSCHEIDER_VET;*-**-RI-DWA_AFSCHEIDER_VET-G;0.18;20;22;20;20;253;CONTINUOUS;0.35;20;22;20;20;253;CONTINUOUS;0.35;20;22;20;20;253;V-CONTINUOUS-SO;0.35;20;22;20;20;253;CONTINUOUS;;;2223;2221;;
DWA_BOB;*;-;**;-;RI;-;DWA;_;BOB;;;;;;;;;;;-;G/S;;;;SRI-BOB;*-**-RI-DWA_BOB-G/S;0.18;20;22;20;20;253;CONTINUOUS;0.35;20;22;20;20;253;CONTINUOUS;0.35;20;22;20;20;253;V-CONTINUOUS-SO;0.35;20;22;20;20;253;CONTINUOUS;;;2225;2220;;
DWA_DEMARCATIE;*;-;**;-;RI;-;DWA;_;DEMARCATIE;;;;;;;;;;;-;G/S;;;;SRI-DEMARCATIE;*-**-RI-DWA_DEMARCATIE-G/S;0.18;20;22;20;20;253;CONTINUOUS;0.35;20;22;20;20;253;CONTINUOUS;0.35;20;22;20;20;253;V-CONTINUOUS-SO;0.35;20;22;20;20;253;CONTINUOUS;;;2226;2220;;
DWA_HULPSTUK;*;-;**;-;RI;-;DWA;_;HULPSTUK;;;;;;;;;;;-;G/S;;;;SRI-HULP;*-**-RI-DWA_HULPSTUK-G/S;0.18;20;22;20;20;253;CONTINUOUS;0.35;20;22;20;20;253;CONTINUOUS;0.35;20;22;20;20;253;V-CONTINUOUS-SO;0.35;20;22;20;20;253;CONTINUOUS;;;2241;2220;;
DWA_HULPSTUK_AFSLUITER;*;-;**;-;RI;-;DWA;_;HULPSTUK;_;AFSLUITER;;;;;;;;;-;G/S;;;;SRI-HULP_AFSLUITER;*-**-RI-DWA_HULPSTUK_AFSLUITER-G/S;0.18;20;22;20;20;253;CONTINUOUS;0.35;20;22;20;20;253;CONTINUOUS;0.35;20;22;20;20;253;V-CONTINUOUS-SO;0.35;20;22;20;20;253;CONTINUOUS;;;3931;2241;;
DWA_HULPSTUK_BELUCHTING;*;-;**;-;RI;-;DWA;_;HULPSTUK;_;BELUCHTING;;;;;;;;;-;G/S;;;;SRI-HULP_BELUCHTING;*-**-RI-DWA_HULPSTUK_BELUCHTING-G/S;0.18;20;22;20;20;253;CONTINUOUS;0.35;20;22;20;20;253;CONTINUOUS;0.35;20;22;20;20;253;V-CONTINUOUS-SO;0.35;20;22;20;20;253;CONTINUOUS;;;3932;2241;;
DWA_HULPSTUK_EINDKAP;*;-;**;-;RI;-;DWA;_;HULPSTUK;_;EINDKAP;;;;;;;;;-;G/S;;;;SRI-HULP_EINDKAP;*-**-RI-DWA_HULPSTUK_EINDKAP-G/S;0.18;20;22;20;20;253;CONTINUOUS;0.35;20;22;20;20;253;CONTINUOUS;0.35;20;22;20;20;253;V-CONTINUOUS-SO;0.35;20;22;20;20;253;CONTINUOUS;;;3933;2241;;
DWA_HULPSTUK_INLAAT;*;-;**;-;RI;-;DWA;_;HULPSTUK;_;INLAAT;;;;;;;;;-;G;;;;;*-**-RI-DWA_HULPSTUK_INLAAT-G;0.18;20;22;20;20;253;CONTINUOUS;0.35;20;22;20;20;253;CONTINUOUS;0.35;20;22;20;20;253;V-CONTINUOUS-SO;0.35;20;22;20;20;253;CONTINUOUS;;;2242;2241;;
DWA_HULPSTUK_KEERKLEP;*;-;**;-;RI;-;DWA;_;HULPSTUK;_;KEERKLEP;;;;;;;;;-;G/S;;;;SRI-HULP_KEERKLEP;*-**-RI-DWA_HULPSTUK_KEERKLEP-G/S;0.18;20;22;20;20;253;CONTINUOUS;0.35;20;22;20;20;253;CONTINUOUS;0.35;20;22;20;20;253;V-CONTINUOUS-SO;0.35;20;22;20;20;253;CONTINUOUS;;;3934;2241;;
DWA_HULPSTUK_ONTLUCHTING;*;-;**;-;RI;-;DWA;_;HULPSTUK;_;ONTLUCHTING;;;;;;;;;-;G/S;;;;SRI-HULP_ONTLUCHTING;*-**-RI-DWA_HULPSTUK_ONTLUCHTING-G/S;0.18;20;22;20;20;253;CONTINUOUS;0.35;20;22;20;20;253;CONTINUOUS;0.35;20;22;20;20;253;V-CONTINUOUS-SO;0.35;20;22;20;20;253;CONTINUOUS;;;3935;2241;;
DWA_HULPSTUK_ONTSTOPPINGSSTUK;*;-;**;-;RI;-;DWA;_;HULPSTUK;_;ONTSTOPPINGSSTUK;;;;;;;;;-;G;;;;;*-**-RI-DWA_HULPSTUK_ONTSTOPPINGSSTUK-G;0.18;20;22;20;20;253;CONTINUOUS;0.35;20;22;20;20;253;CONTINUOUS;0.35;20;22;20;20;253;V-CONTINUOUS-SO;0.35;20;22;20;20;253;CONTINUOUS;;;2243;2241;;
DWA_HULPSTUK_SCHOONMAAKSTUK;*;-;**;-;RI;-;DWA;_;HULPSTUK;_;SCHOONMAAKSTUK;;;;;;;;;-;G/S;;;;SRI-HULP_SCHOONMAAKSTUK;*-**-RI-DWA_HULPSTUK_SCHOONMAAKSTUK-G/S;0.18;20;22;20;20;253;CONTINUOUS;0.35;20;22;20;20;253;CONTINUOUS;0.35;20;22;20;20;253;V-CONTINUOUS-SO;0.35;20;22;20;20;253;CONTINUOUS;;;3936;2241;;
DWA_HULPSTUK_SPUIKRAAN;*;-;**;-;RI;-;DWA;_;HULPSTUK;_;SPUIKRAAN;;;;;;;;;-;G/S;;;;SRI-HULP_SPUIKRAAN;*-**-RI-DWA_HULPSTUK_SPUIKRAAN-G/S;0.18;20;22;20;20;253;CONTINUOUS;0.35;20;22;20;20;253;CONTINUOUS;0.35;20;22;20;20;253;V-CONTINUOUS-SO;0.35;20;22;20;20;253;CONTINUOUS;;;3937;2241;;
DWA_HULPSTUK_VERLOOPSTUK;*;-;**;-;RI;-;DWA;_;HULPSTUK;_;VERLOOPSTUK;;;;;;;;;-;G/S;;;;SRI-HULP_VERLOOPSTUK;*-**-RI-DWA_HULPSTUK_VERLOOPSTUK-G/S;0.18;20;22;20;20;253;CONTINUOUS;0.35;20;22;20;20;253;CONTINUOUS;0.35;20;22;20;20;253;V-CONTINUOUS-SO;0.35;20;22;20;20;253;CONTINUOUS;;;3938;2241;;
DWA_HULPSTUK_VLINDERKLEP;*;-;**;-;RI;-;DWA;_;HULPSTUK;_;VLINDERKLEP;;;;;;;;;-;G/S;;;;SRI-HULP_VLINDERKLEP;*-**-RI-DWA_HULPSTUK_VLINDERKLEP-G/S;0.18;20;22;20;20;253;CONTINUOUS;0.35;20;22;20;20;253;CONTINUOUS;0.35;20;22;20;20;253;V-CONTINUOUS-SO;0.35;20;22;20;20;253;CONTINUOUS;;;3939;2241;;
DWA_IBA;*;-;**;-;RI;-;DWA;_;IBA;;;;;;;;;;;-;G;;;;;*-**-RI-DWA_IBA-G;0.18;20;22;20;20;253;CONTINUOUS;0.35;20;22;20;20;253;CONTINUOUS;0.35;20;22;20;20;253;V-CONTINUOUS-SO;0.35;20;22;20;20;253;CONTINUOUS;;;2244;2220;;
DWA_KOLKAANSLUITLEIDING;*;-;**;-;RI;-;DWA;_;KOLKAANSLUITLEIDING;;;;;;;;;;;-;G;;;;;*-**-RI-DWA_KOLKAANSLUITLEIDING-G;0.18;20;22;20;20;253;RI-DWA-SO;0.35;20;22;20;20;253;RI-DWA-SO;0.35;20;22;20;20;253;V-RI-DWA-SO;0.35;20;22;20;20;253;RI-DWA-SO;;;4041;2220;;
DWA_LOZELEIDING;*;-;**;-;RI;-;DWA;_;LOZELEIDING;;;;;;;;;;;-;G;;;;;*-**-RI-DWA_LOZELEIDING-G;0.18;20;22;20;20;253;RI-LOZELEIDING-SO;0.35;20;22;20;20;253;RI-LOZELEIDING-SO;0.35;20;22;20;20;253;V-RI-LOZELEIDING-SO;0.35;20;22;20;20;253;RI-LOZELEIDING-SO;;;2340;2220;;
DWA_LOZELEIDING_UITLEGGER;*;-;**;-;RI;-;DWA;_;LOZELEIDING;_;UITLEGGER;;;;;;;;;-;G;;;;;*-**-RI-DWA_LOZELEIDING_UITLEGGER-G;0.18;20;22;20;20;253;RI-UITLEGGER-SO;0.35;20;22;20;20;253;RI-UITLEGGER-SO;0.35;20;22;20;20;253;V-RI-UITLEGGER-SO;0.35;20;22;20;20;253;RI-UITLEGGER-SO;;;4022;2340;;
DWA_LOZELEIDING_VOLGESCHUIMD;*;-;**;-;RI;-;DWA;_;LOZELEIDING;_;VOLGESCHUIMD;;;;;;;;;-;G;;;;;*-**-RI-DWA_LOZELEIDING_VOLGESCHUIMD-G;0.18;20;22;20;20;253;RI-VOLSCHUIMEN-SO;0.35;20;22;20;20;253;RI-VOLSCHUIMEN-SO;0.35;20;22;20;20;253;V-RI-VOLSCHUIMEN-SO;0.35;20;22;20;20;253;RI-VOLSCHUIMEN-SO;;;4023;2340;;
DWA_LOZELEIDING_VOLGEZAND;*;-;**;-;RI;-;DWA;_;LOZELEIDING;_;VOLGEZAND;;;;;;;;;-;G;;;;;*-**-RI-DWA_LOZELEIDING_VOLGEZAND-G;0.18;20;22;20;20;253;RI-VOLZANDEN-SO;0.35;20;22;20;20;253;RI-VOLZANDEN-SO;0.35;20;22;20;20;253;V-RI-VOLZANDEN-SO;0.35;20;22;20;20;253;RI-VOLZANDEN-SO;;;4024;2340;;
DWA_LOZEPUT;*;-;**;-;RI;-;DWA;_;LOZEPUT;;;;;;;;;;;-;G/S;;;;SRI-PUT_INSPECTIE;*-**-RI-DWA_LOZEPUT-G/S;0.18;20;22;20;20;253;CONTINUOUS;0.35;20;22;20;20;253;CONTINUOUS;0.35;20;22;20;20;253;V-CONTINUOUS-SO;0.35;20;22;20;20;253;CONTINUOUS;;;4014;2220;;
DWA_LOZEPUT_VOLGESCHUIMD;*;-;**;-;RI;-;DWA;_;LOZEPUT;_;VOLGESCHUIMD;;;;;;;;;-;G/S;;;;SRI-PUT_INSPECTIE;*-**-RI-DWA_LOZEPUT_VOLGESCHUIMD-G/S;0.18;20;22;20;20;253;CONTINUOUS;0.35;20;22;20;20;253;CONTINUOUS;0.35;20;22;20;20;253;V-CONTINUOUS-SO;0.35;20;22;20;20;253;CONTINUOUS;;;4015;4014;;
DWA_LOZEPUT_VOLGEZAND;*;-;**;-;RI;-;DWA;_;LOZEPUT;_;VOLGEZAND;;;;;;;;;-;G/S;;;;SRI-PUT_INSPECTIE;*-**-RI-DWA_LOZEPUT_VOLGEZAND-G/S;0.18;20;22;20;20;253;CONTINUOUS;0.35;20;22;20;20;253;CONTINUOUS;0.35;20;22;20;20;253;V-CONTINUOUS-SO;0.35;20;22;20;20;253;CONTINUOUS;;;4016;4014;;
DWA_MANTELBUIS;*;-;**;-;RI;-;DWA;_;MANTELBUIS;;;;;;;;;;;-;G;;;;;*-**-RI-DWA_MANTELBUIS-G;0.18;20;22;20;20;253;CONTINUOUS;0.35;20;22;20;20;253;CONTINUOUS;0.35;20;22;20;20;253;V-CONTINUOUS-SO;0.35;20;22;20;20;253;CONTINUOUS;;;2245;2220;;
DWA_PERCEELAANSLUITING;*;-;**;-;RI;-;DWA;_;PERCEELAANSLUITING;;;;;;;;;;;-;G;;;;;*-**-RI-DWA_PERCEELAANSLUITING-G;0.18;20;22;20;20;253;RI-DWA_AANSLUITLEIDING-SO;0.35;20;22;20;20;253;RI-DWA_AANSLUITLEIDING-SO;0.35;20;22;20;20;253;V-RI-DWA_AANSLUITLEIDING-SO;0.35;20;22;20;20;253;RI-DWA_AANSLUITLEIDING-SO;;;2246;2220;;
DWA_PERCEELAANSLUITLEIDING;*;-;**;-;RI;-;DWA;_;PERCEELAANSLUITLEIDING;;;;;;;;;;;-;G;;;;;*-**-RI-DWA_PERCEELAANSLUITLEIDING-G;0.18;20;22;20;20;253;RI-DWA_AANSLUITLEIDING-SO;0.25;20;22;20;20;253;RI-DWA_AANSLUITLEIDING-SO;0.25;20;22;20;20;253;V-RI-DWA_AANSLUITLEIDING-SO;0.25;20;22;20;20;253;RI-DWA_AANSLUITLEIDING-SO;;;2227;2220;;
DWA_PERCEELAANSLUITLEIDING_GRES;*;-;**;-;RI;-;DWA;_;PERCEELAANSLUITLEIDING;_;GRES;;;;;;;;;-;G;;;;;*-**-RI-DWA_PERCEELAANSLUITLEIDING_GRES-G;0.18;20;22;20;20;253;RI-DWA_AANSLUITLEIDING-SO;0.25;20;22;20;20;253;RI-DWA_AANSLUITLEIDING-SO;0.25;20;22;20;20;253;V-RI-DWA_AANSLUITLEIDING-SO;0.25;20;22;20;20;253;RI-DWA_AANSLUITLEIDING-SO;;;2228;2227;;
DWA_PERCEELAANSLUITLEIDING_GRES_100;*;-;**;-;RI;-;DWA;_;PERCEELAANSLUITLEIDING;_;GRES;_;100;;;;;;;-;G;;;;;*-**-RI-DWA_PERCEELAANSLUITLEIDING_GRES_100-G;0.18;20;22;20;20;253;RI-DWA_AANSLUITLEIDING-SO;0.25;20;22;20;20;253;RI-DWA_AANSLUITLEIDING-SO;0.25;20;22;20;20;253;V-RI-DWA_AANSLUITLEIDING-SO;0.25;20;22;20;20;253;RI-DWA_AANSLUITLEIDING-SO;;;2229;2228;;
DWA_PERCEELAANSLUITLEIDING_GRES_125;*;-;**;-;RI;-;DWA;_;PERCEELAANSLUITLEIDING;_;GRES;_;125;;;;;;;-;G;;;;;*-**-RI-DWA_PERCEELAANSLUITLEIDING_GRES_125-G;0.18;20;22;20;20;253;RI-DWA_AANSLUITLEIDING-SO;0.25;20;22;20;20;253;RI-DWA_AANSLUITLEIDING-SO;0.25;20;22;20;20;253;V-RI-DWA_AANSLUITLEIDING-SO;0.25;20;22;20;20;253;RI-DWA_AANSLUITLEIDING-SO;;;2230;2228;;
DWA_PERCEELAANSLUITLEIDING_GRES_150;*;-;**;-;RI;-;DWA;_;PERCEELAANSLUITLEIDING;_;GRES;_;150;;;;;;;-;G;;;;;*-**-RI-DWA_PERCEELAANSLUITLEIDING_GRES_150-G;0.18;20;22;20;20;253;RI-DWA_AANSLUITLEIDING-SO;0.25;20;22;20;20;253;RI-DWA_AANSLUITLEIDING-SO;0.25;20;22;20;20;253;V-RI-DWA_AANSLUITLEIDING-SO;0.25;20;22;20;20;253;RI-DWA_AANSLUITLEIDING-SO;;;2231;2228;;
DWA_PERCEELAANSLUITLEIDING_PE;*;-;**;-;RI;-;DWA;_;PERCEELAANSLUITLEIDING;_;PE;;;;;;;;;-;G;;;;;*-**-RI-DWA_PERCEELAANSLUITLEIDING_PE-G;0.18;20;22;20;20;253;RI-DWA_AANSLUITLEIDING-SO;0.25;20;22;20;20;253;RI-DWA_AANSLUITLEIDING-SO;0.25;20;22;20;20;253;V-RI-DWA_AANSLUITLEIDING-SO;0.25;20;22;20;20;253;RI-DWA_AANSLUITLEIDING-SO;;;2232;2227;;
DWA_PERCEELAANSLUITLEIDING_PE_110;*;-;**;-;RI;-;DWA;_;PERCEELAANSLUITLEIDING;_;PE;_;110;;;;;;;-;G;;;;;*-**-RI-DWA_PERCEELAANSLUITLEIDING_PE_110-G;0.18;20;22;20;20;253;RI-DWA_AANSLUITLEIDING-SO;0.25;20;22;20;20;253;RI-DWA_AANSLUITLEIDING-SO;0.25;20;22;20;20;253;V-RI-DWA_AANSLUITLEIDING-SO;0.25;20;22;20;20;253;RI-DWA_AANSLUITLEIDING-SO;;;2233;2232;;
DWA_PERCEELAANSLUITLEIDING_PE_63;*;-;**;-;RI;-;DWA;_;PERCEELAANSLUITLEIDING;_;PE;_;63;;;;;;;-;G;;;;;*-**-RI-DWA_PERCEELAANSLUITLEIDING_PE_63-G;0.18;20;22;20;20;253;RI-DWA_AANSLUITLEIDING-SO;0.25;20;22;20;20;253;RI-DWA_AANSLUITLEIDING-SO;0.25;20;22;20;20;253;V-RI-DWA_AANSLUITLEIDING-SO;0.25;20;22;20;20;253;RI-DWA_AANSLUITLEIDING-SO;;;2234;2232;;
DWA_PERCEELAANSLUITLEIDING_PE_75;*;-;**;-;RI;-;DWA;_;PERCEELAANSLUITLEIDING;_;PE;_;75;;;;;;;-;G;;;;;*-**-RI-DWA_PERCEELAANSLUITLEIDING_PE_75-G;0.18;20;22;20;20;253;RI-DWA_AANSLUITLEIDING-SO;0.25;20;22;20;20;253;RI-DWA_AANSLUITLEIDING-SO;0.25;20;22;20;20;253;V-RI-DWA_AANSLUITLEIDING-SO;0.25;20;22;20;20;253;RI-DWA_AANSLUITLEIDING-SO;;;2235;2232;;
DWA_PERCEELAANSLUITLEIDING_PE_90;*;-;**;-;RI;-;DWA;_;PERCEELAANSLUITLEIDING;_;PE;_;90;;;;;;;-;G;;;;;*-**-RI-DWA_PERCEELAANSLUITLEIDING_PE_90-G;0.18;20;22;20;20;253;RI-DWA_AANSLUITLEIDING-SO;0.25;20;22;20;20;253;RI-DWA_AANSLUITLEIDING-SO;0.25;20;22;20;20;253;V-RI-DWA_AANSLUITLEIDING-SO;0.25;20;22;20;20;253;RI-DWA_AANSLUITLEIDING-SO;;;2236;2232;;
DWA_PERCEELAANSLUITLEIDING_PP;*;-;**;-;RI;-;DWA;_;PERCEELAANSLUITLEIDING;_;PP;;;;;;;;;-;G;;;;;*-**-RI-DWA_PERCEELAANSLUITLEIDING_PP-G;0.18;20;22;20;20;253;RI-DWA_AANSLUITLEIDING-SO;0.25;20;22;20;20;253;RI-DWA_AANSLUITLEIDING-SO;0.25;20;22;20;20;253;V-RI-DWA_AANSLUITLEIDING-SO;0.25;20;22;20;20;253;RI-DWA_AANSLUITLEIDING-SO;;;3077;2227;;
DWA_PERCEELAANSLUITLEIDING_PP_125;*;-;**;-;RI;-;DWA;_;PERCEELAANSLUITLEIDING;_;PP;_;125;;;;;;;-;G;;;;;*-**-RI-DWA_PERCEELAANSLUITLEIDING_PP_125-G;0.18;20;22;20;20;253;RI-DWA_AANSLUITLEIDING-SO;0.25;20;22;20;20;253;RI-DWA_AANSLUITLEIDING-SO;0.25;20;22;20;20;253;V-RI-DWA_AANSLUITLEIDING-SO;0.25;20;22;20;20;253;RI-DWA_AANSLUITLEIDING-SO;;;3078;3077;;
DWA_PERCEELAANSLUITLEIDING_PP_160;*;-;**;-;RI;-;DWA;_;PERCEELAANSLUITLEIDING;_;PP;_;160;;;;;;;-;G;;;;;*-**-RI-DWA_PERCEELAANSLUITLEIDING_PP_160-G;0.18;20;22;20;20;253;RI-DWA_AANSLUITLEIDING-SO;0.25;20;22;20;20;253;RI-DWA_AANSLUITLEIDING-SO;0.25;20;22;20;20;253;V-RI-DWA_AANSLUITLEIDING-SO;0.25;20;22;20;20;253;RI-DWA_AANSLUITLEIDING-SO;;;3079;3077;;
DWA_PERCEELAANSLUITLEIDING_PVC;*;-;**;-;RI;-;DWA;_;PERCEELAANSLUITLEIDING;_;PVC;;;;;;;;;-;G;;;;;*-**-RI-DWA_PERCEELAANSLUITLEIDING_PVC-G;0.18;20;22;20;20;253;RI-DWA_AANSLUITLEIDING-SO;0.25;20;22;20;20;253;RI-DWA_AANSLUITLEIDING-SO;0.25;20;22;20;20;253;V-RI-DWA_AANSLUITLEIDING-SO;0.25;20;22;20;20;253;RI-DWA_AANSLUITLEIDING-SO;;;2237;2227;;
DWA_PERCEELAANSLUITLEIDING_PVC_110;*;-;**;-;RI;-;DWA;_;PERCEELAANSLUITLEIDING;_;PVC;_;110;;;;;;;-;G;;;;;*-**-RI-DWA_PERCEELAANSLUITLEIDING_PVC_110-G;0.18;20;22;20;20;253;RI-DWA_AANSLUITLEIDING-SO;0.25;20;22;20;20;253;RI-DWA_AANSLUITLEIDING-SO;0.25;20;22;20;20;253;V-RI-DWA_AANSLUITLEIDING-SO;0.25;20;22;20;20;253;RI-DWA_AANSLUITLEIDING-SO;;;2238;2237;;
DWA_PERCEELAANSLUITLEIDING_PVC_125;*;-;**;-;RI;-;DWA;_;PERCEELAANSLUITLEIDING;_;PVC;_;125;;;;;;;-;G;;;;;*-**-RI-DWA_PERCEELAANSLUITLEIDING_PVC_125-G;0.18;20;22;20;20;253;RI-DWA_AANSLUITLEIDING-SO;0.25;20;22;20;20;253;RI-DWA_AANSLUITLEIDING-SO;0.25;20;22;20;20;253;V-RI-DWA_AANSLUITLEIDING-SO;0.25;20;22;20;20;253;RI-DWA_AANSLUITLEIDING-SO;;;2239;2237;;
DWA_PERCEELAANSLUITLEIDING_PVC_160;*;-;**;-;RI;-;DWA;_;PERCEELAANSLUITLEIDING;_;PVC;_;160;;;;;;;-;G;;;;;*-**-RI-DWA_PERCEELAANSLUITLEIDING_PVC_160-G;0.18;20;22;20;20;253;RI-DWA_AANSLUITLEIDING-SO;0.25;20;22;20;20;253;RI-DWA_AANSLUITLEIDING-SO;0.25;20;22;20;20;253;V-RI-DWA_AANSLUITLEIDING-SO;0.25;20;22;20;20;253;RI-DWA_AANSLUITLEIDING-SO;;;2240;2237;;
DWA_PERCEELAANSLUITPUNT;*;-;**;-;RI;-;DWA;_;PERCEELAANSLUITPUNT;;;;;;;;;;;-;G;;;;;*-**-RI-DWA_PERCEELAANSLUITPUNT-G;0.18;20;22;20;20;253;CONTINUOUS;0.35;20;22;20;20;253;CONTINUOUS;0.35;20;22;20;20;253;V-CONTINUOUS-SO;0.35;20;22;20;20;253;CONTINUOUS;;;2247;2220;;
DWA_PUTDEKSELNIVEAU;*;-;**;-;RI;-;DWA;_;PUTDEKSELNIVEAU;;;;;;;;;;;-;G/S;;;;SRI-PUTDEKSELHOOGTE;*-**-RI-DWA_PUTDEKSELNIVEAU-G/S;0.18;20;22;20;20;253;CONTINUOUS;0.35;20;22;20;20;253;CONTINUOUS;0.35;20;22;20;20;253;V-CONTINUOUS-SO;0.35;20;22;20;20;253;CONTINUOUS;;;2248;2220;;
DWA_PUTNUMMER;*;-;**;-;RI;-;DWA;_;PUTNUMMER;;;;;;;;;;;-;G/S;;;;SRI-PUTNUMMER;*-**-RI-DWA_PUTNUMMER-G/S;0.18;20;22;20;20;253;CONTINUOUS;0.35;20;22;20;20;253;CONTINUOUS;0.35;20;22;20;20;253;V-CONTINUOUS-SO;0.35;20;22;20;20;253;CONTINUOUS;;;2249;2220;;
DWA_RIOOLLEIDING;*;-;**;-;RI;-;DWA;_;RIOOLLEIDING;;;;;;;;;;;-;G;;;;;*-**-RI-DWA_RIOOLLEIDING-G;0.18;20;22;20;20;253;RI-DWA-SO;0.35;20;22;20;20;253;RI-DWA-SO;0.35;20;22;20;20;253;V-RI-DWA-SO;0.35;20;22;20;20;253;RI-DWA-SO;;;3940;2220;;
DWA_RIOOLLEIDING-LINING;*;-;**;-;RI;-;DWA;_;RIOOLLEIDING;;;;;;;;;-;LINING;-;G;;;;;*-**-RI-DWA_RIOOLLEIDING-LINING-G;0.18;20;22;20;20;253;RI-LINING-SO;0.35;20;22;20;20;253;RI-LINING-SO;0.35;20;22;20;20;253;V-RI-LINING-SO;0.35;20;22;20;20;253;RI-LINING-SO;;;3942;3940;;
DWA_RIOOLLEIDING-VOLSCHUIMEN;*;-;**;-;RI;-;DWA;_;RIOOLLEIDING;;;;;;;;;-;VOLSCHUIMEN;-;G;;;;;*-**-RI-DWA_RIOOLLEIDING-VOLSCHUIMEN-G;0.18;20;22;20;20;253;RI-VOLSCHUIMEN-SO;0.35;20;22;20;20;253;RI-VOLSCHUIMEN-SO;0.35;20;22;20;20;253;V-RI-VOLSCHUIMEN-SO;0.35;20;22;20;20;253;RI-VOLSCHUIMEN-SO;;;3943;3940;;
DWA_RIOOLLEIDING-VOLZANDEN;*;-;**;-;RI;-;DWA;_;RIOOLLEIDING;;;;;;;;;-;VOLZANDEN;-;G;;;;;*-**-RI-DWA_RIOOLLEIDING-VOLZANDEN-G;0.18;20;22;20;20;253;RI-VOLZANDEN-SO;0.35;20;22;20;20;253;RI-VOLZANDEN-SO;0.35;20;22;20;20;253;V-RI-VOLZANDEN-SO;0.35;20;22;20;20;253;RI-VOLZANDEN-SO;;;3944;3940;;
DWA_RIOOLLEIDING_BETON;*;-;**;-;RI;-;DWA;_;RIOOLLEIDING;_;BETON;;;;;;;;;-;G;;;;;*-**-RI-DWA_RIOOLLEIDING_BETON-G;0.18;20;22;20;20;253;RI-DWA-SO;0.35;20;22;20;20;253;RI-DWA-SO;0.35;20;22;20;20;253;V-RI-DWA-SO;0.35;20;22;20;20;253;RI-DWA-SO;;;3945;3940;;
DWA_RIOOLLEIDING_BETON_1000;*;-;**;-;RI;-;DWA;_;RIOOLLEIDING;_;BETON;_;1000;;;;;;;-;G;;;;;*-**-RI-DWA_RIOOLLEIDING_BETON_1000-G;0.18;20;22;20;20;253;RI-DWA-SO;0.35;20;22;20;20;253;RI-DWA-SO;0.35;20;22;20;20;253;V-RI-DWA-SO;0.35;20;22;20;20;253;RI-DWA-SO;;;3946;3945;;
DWA_RIOOLLEIDING_BETON_1250;*;-;**;-;RI;-;DWA;_;RIOOLLEIDING;_;BETON;_;1250;;;;;;;-;G;;;;;*-**-RI-DWA_RIOOLLEIDING_BETON_1250-G;0.18;20;22;20;20;253;RI-DWA-SO;0.35;20;22;20;20;253;RI-DWA-SO;0.35;20;22;20;20;253;V-RI-DWA-SO;0.35;20;22;20;20;253;RI-DWA-SO;;;3947;3945;;
DWA_RIOOLLEIDING_BETON_1500;*;-;**;-;RI;-;DWA;_;RIOOLLEIDING;_;BETON;_;1500;;;;;;;-;G;;;;;*-**-RI-DWA_RIOOLLEIDING_BETON_1500-G;0.18;20;22;20;20;253;RI-DWA-SO;0.35;20;22;20;20;253;RI-DWA-SO;0.35;20;22;20;20;253;V-RI-DWA-SO;0.35;20;22;20;20;253;RI-DWA-SO;;;3948;3945;;
DWA_RIOOLLEIDING_BETON_2000;*;-;**;-;RI;-;DWA;_;RIOOLLEIDING;_;BETON;_;2000;;;;;;;-;G;;;;;*-**-RI-DWA_RIOOLLEIDING_BETON_2000-G;0.18;20;22;20;20;253;RI-DWA-SO;0.35;20;22;20;20;253;RI-DWA-SO;0.35;20;22;20;20;253;V-RI-DWA-SO;0.35;20;22;20;20;253;RI-DWA-SO;;;3949;3945;;
DWA_RIOOLLEIDING_BETON_250;*;-;**;-;RI;-;DWA;_;RIOOLLEIDING;_;BETON;_;250;;;;;;;-;G;;;;;*-**-RI-DWA_RIOOLLEIDING_BETON_250-G;0.18;20;22;20;20;253;RI-DWA-SO;0.35;20;22;20;20;253;RI-DWA-SO;0.35;20;22;20;20;253;V-RI-DWA-SO;0.35;20;22;20;20;253;RI-DWA-SO;;;3950;3945;;
DWA_RIOOLLEIDING_BETON_300;*;-;**;-;RI;-;DWA;_;RIOOLLEIDING;_;BETON;_;300;;;;;;;-;G;;;;;*-**-RI-DWA_RIOOLLEIDING_BETON_300-G;0.18;20;22;20;20;253;RI-DWA-SO;0.35;20;22;20;20;253;RI-DWA-SO;0.35;20;22;20;20;253;V-RI-DWA-SO;0.35;20;22;20;20;253;RI-DWA-SO;;;3951;3945;;
DWA_RIOOLLEIDING_BETON_400;*;-;**;-;RI;-;DWA;_;RIOOLLEIDING;_;BETON;_;400;;;;;;;-;G;;;;;*-**-RI-DWA_RIOOLLEIDING_BETON_400-G;0.18;20;22;20;20;253;RI-DWA-SO;0.35;20;22;20;20;253;RI-DWA-SO;0.35;20;22;20;20;253;V-RI-DWA-SO;0.35;20;22;20;20;253;RI-DWA-SO;;;3952;3945;;
DWA_RIOOLLEIDING_BETON_500;*;-;**;-;RI;-;DWA;_;RIOOLLEIDING;_;BETON;_;500;;;;;;;-;G;;;;;*-**-RI-DWA_RIOOLLEIDING_BETON_500-G;0.18;20;22;20;20;253;RI-DWA-SO;0.35;20;22;20;20;253;RI-DWA-SO;0.35;20;22;20;20;253;V-RI-DWA-SO;0.35;20;22;20;20;253;RI-DWA-SO;;;3953;3945;;
DWA_RIOOLLEIDING_BETON_600;*;-;**;-;RI;-;DWA;_;RIOOLLEIDING;_;BETON;_;600;;;;;;;-;G;;;;;*-**-RI-DWA_RIOOLLEIDING_BETON_600-G;0.18;20;22;20;20;253;RI-DWA-SO;0.35;20;22;20;20;253;RI-DWA-SO;0.35;20;22;20;20;253;V-RI-DWA-SO;0.35;20;22;20;20;253;RI-DWA-SO;;;3954;3945;;
DWA_RIOOLLEIDING_BETON_700;*;-;**;-;RI;-;DWA;_;RIOOLLEIDING;_;BETON;_;700;;;;;;;-;G;;;;;*-**-RI-DWA_RIOOLLEIDING_BETON_700-G;0.18;20;22;20;20;253;RI-DWA-SO;0.35;20;22;20;20;253;RI-DWA-SO;0.35;20;22;20;20;253;V-RI-DWA-SO;0.35;20;22;20;20;253;RI-DWA-SO;;;3955;3945;;
DWA_RIOOLLEIDING_BETON_800;*;-;**;-;RI;-;DWA;_;RIOOLLEIDING;_;BETON;_;800;;;;;;;-;G;;;;;*-**-RI-DWA_RIOOLLEIDING_BETON_800-G;0.18;20;22;20;20;253;RI-DWA-SO;0.35;20;22;20;20;253;RI-DWA-SO;0.35;20;22;20;20;253;V-RI-DWA-SO;0.35;20;22;20;20;253;RI-DWA-SO;;;3956;3945;;
DWA_RIOOLLEIDING_BETON_900;*;-;**;-;RI;-;DWA;_;RIOOLLEIDING;_;BETON;_;900;;;;;;;-;G;;;;;*-**-RI-DWA_RIOOLLEIDING_BETON_900-G;0.18;20;22;20;20;253;RI-DWA-SO;0.35;20;22;20;20;253;RI-DWA-SO;0.35;20;22;20;20;253;V-RI-DWA-SO;0.35;20;22;20;20;253;RI-DWA-SO;;;3957;3945;;
DWA_RIOOLLEIDING_BETON_EI;*;-;**;-;RI;-;DWA;_;RIOOLLEIDING;_;BETON;_;EI;;;;;;;-;G;;;;;*-**-RI-DWA_RIOOLLEIDING_BETON_EI-G;0.18;20;22;20;20;253;RI-DWA-SO;0.35;20;22;20;20;253;RI-DWA-SO;0.35;20;22;20;20;253;V-RI-DWA-SO;0.35;20;22;20;20;253;RI-DWA-SO;;;3958;3945;;
DWA_RIOOLLEIDING_BETON_EI_1000X1500;*;-;**;-;RI;-;DWA;_;RIOOLLEIDING;_;BETON;_;EI;_;1000X1500;;;;;-;G;;;;;*-**-RI-DWA_RIOOLLEIDING_BETON_EI_1000X1500-G;0.18;20;22;20;20;253;RI-DWA-SO;0.35;20;22;20;20;253;RI-DWA-SO;0.35;20;22;20;20;253;V-RI-DWA-SO;0.35;20;22;20;20;253;RI-DWA-SO;;;3959;3958;;
DWA_RIOOLLEIDING_BETON_EI_200X300;*;-;**;-;RI;-;DWA;_;RIOOLLEIDING;_;BETON;_;EI;_;200X300;;;;;-;G;;;;;*-**-RI-DWA_RIOOLLEIDING_BETON_EI_200X300-G;0.18;20;22;20;20;253;RI-DWA-SO;0.35;20;22;20;20;253;RI-DWA-SO;0.35;20;22;20;20;253;V-RI-DWA-SO;0.35;20;22;20;20;253;RI-DWA-SO;;;3960;3958;;
DWA_RIOOLLEIDING_BETON_EI_250X375;*;-;**;-;RI;-;DWA;_;RIOOLLEIDING;_;BETON;_;EI;_;250X375;;;;;-;G;;;;;*-**-RI-DWA_RIOOLLEIDING_BETON_EI_250X375-G;0.18;20;22;20;20;253;RI-DWA-SO;0.35;20;22;20;20;253;RI-DWA-SO;0.35;20;22;20;20;253;V-RI-DWA-SO;0.35;20;22;20;20;253;RI-DWA-SO;;;3961;3958;;
DWA_RIOOLLEIDING_BETON_EI_300X450;*;-;**;-;RI;-;DWA;_;RIOOLLEIDING;_;BETON;_;EI;_;300X450;;;;;-;G;;;;;*-**-RI-DWA_RIOOLLEIDING_BETON_EI_300X450-G;0.18;20;22;20;20;253;RI-DWA-SO;0.35;20;22;20;20;253;RI-DWA-SO;0.35;20;22;20;20;253;V-RI-DWA-SO;0.35;20;22;20;20;253;RI-DWA-SO;;;3962;3958;;
DWA_RIOOLLEIDING_BETON_EI_400X600;*;-;**;-;RI;-;DWA;_;RIOOLLEIDING;_;BETON;_;EI;_;400X600;;;;;-;G;;;;;*-**-RI-DWA_RIOOLLEIDING_BETON_EI_400X600-G;0.18;20;22;20;20;253;RI-DWA-SO;0.35;20;22;20;20;253;RI-DWA-SO;0.35;20;22;20;20;253;V-RI-DWA-SO;0.35;20;22;20;20;253;RI-DWA-SO;;;3963;3958;;
DWA_RIOOLLEIDING_BETON_EI_500X750;*;-;**;-;RI;-;DWA;_;RIOOLLEIDING;_;BETON;_;EI;_;500X750;;;;;-;G;;;;;*-**-RI-DWA_RIOOLLEIDING_BETON_EI_500X750-G;0.18;20;22;20;20;253;RI-DWA-SO;0.35;20;22;20;20;253;RI-DWA-SO;0.35;20;22;20;20;253;V-RI-DWA-SO;0.35;20;22;20;20;253;RI-DWA-SO;;;3964;3958;;
DWA_RIOOLLEIDING_BETON_EI_600X900;*;-;**;-;RI;-;DWA;_;RIOOLLEIDING;_;BETON;_;EI;_;600X900;;;;;-;G;;;;;*-**-RI-DWA_RIOOLLEIDING_BETON_EI_600X900-G;0.18;20;22;20;20;253;RI-DWA-SO;0.35;20;22;20;20;253;RI-DWA-SO;0.35;20;22;20;20;253;V-RI-DWA-SO;0.35;20;22;20;20;253;RI-DWA-SO;;;3965;3958;;
DWA_RIOOLLEIDING_BETON_EI_700X1050;*;-;**;-;RI;-;DWA;_;RIOOLLEIDING;_;BETON;_;EI;_;700X1050;;;;;-;G;;;;;*-**-RI-DWA_RIOOLLEIDING_BETON_EI_700X1050-G;0.18;20;22;20;20;253;RI-DWA-SO;0.35;20;22;20;20;253;RI-DWA-SO;0.35;20;22;20;20;253;V-RI-DWA-SO;0.35;20;22;20;20;253;RI-DWA-SO;;;3966;3958;;
DWA_RIOOLLEIDING_BETON_EI_800X1200;*;-;**;-;RI;-;DWA;_;RIOOLLEIDING;_;BETON;_;EI;_;800X1200;;;;;-;G;;;;;*-**-RI-DWA_RIOOLLEIDING_BETON_EI_800X1200-G;0.18;20;22;20;20;253;RI-DWA-SO;0.35;20;22;20;20;253;RI-DWA-SO;0.35;20;22;20;20;253;V-RI-DWA-SO;0.35;20;22;20;20;253;RI-DWA-SO;;;3967;3958;;
DWA_RIOOLLEIDING_BETON_EI_900X1350;*;-;**;-;RI;-;DWA;_;RIOOLLEIDING;_;BETON;_;EI;_;900X1350;;;;;-;G;;;;;*-**-RI-DWA_RIOOLLEIDING_BETON_EI_900X1350-G;0.18;20;22;20;20;253;RI-DWA-SO;0.35;20;22;20;20;253;RI-DWA-SO;0.35;20;22;20;20;253;V-RI-DWA-SO;0.35;20;22;20;20;253;RI-DWA-SO;;;3968;3958;;
DWA_RIOOLLEIDING_GRES;*;-;**;-;RI;-;DWA;_;RIOOLLEIDING;_;GRES;;;;;;;;;-;G;;;;;*-**-RI-DWA_RIOOLLEIDING_GRES-G;0.18;20;22;20;20;253;RI-DWA-SO;0.35;20;22;20;20;253;RI-DWA-SO;0.35;20;22;20;20;253;V-RI-DWA-SO;0.35;20;22;20;20;253;RI-DWA-SO;;;3969;3940;;
DWA_RIOOLLEIDING_GRES_1000;*;-;**;-;RI;-;DWA;_;RIOOLLEIDING;_;GRES;_;1000;;;;;;;-;G;;;;;*-**-RI-DWA_RIOOLLEIDING_GRES_1000-G;0.18;20;22;20;20;253;RI-DWA-SO;0.35;20;22;20;20;253;RI-DWA-SO;0.35;20;22;20;20;253;V-RI-DWA-SO;0.35;20;22;20;20;253;RI-DWA-SO;;;3970;3969;;
DWA_RIOOLLEIDING_GRES_200;*;-;**;-;RI;-;DWA;_;RIOOLLEIDING;_;GRES;_;200;;;;;;;-;G;;;;;*-**-RI-DWA_RIOOLLEIDING_GRES_200-G;0.18;20;22;20;20;253;RI-DWA-SO;0.35;20;22;20;20;253;RI-DWA-SO;0.35;20;22;20;20;253;V-RI-DWA-SO;0.35;20;22;20;20;253;RI-DWA-SO;;;3971;3969;;
DWA_RIOOLLEIDING_GRES_250;*;-;**;-;RI;-;DWA;_;RIOOLLEIDING;_;GRES;_;250;;;;;;;-;G;;;;;*-**-RI-DWA_RIOOLLEIDING_GRES_250-G;0.18;20;22;20;20;253;RI-DWA-SO;0.35;20;22;20;20;253;RI-DWA-SO;0.35;20;22;20;20;253;V-RI-DWA-SO;0.35;20;22;20;20;253;RI-DWA-SO;;;3972;3969;;
DWA_RIOOLLEIDING_GRES_300;*;-;**;-;RI;-;DWA;_;RIOOLLEIDING;_;GRES;_;300;;;;;;;-;G;;;;;*-**-RI-DWA_RIOOLLEIDING_GRES_300-G;0.18;20;22;20;20;253;RI-DWA-SO;0.35;20;22;20;20;253;RI-DWA-SO;0.35;20;22;20;20;253;V-RI-DWA-SO;0.35;20;22;20;20;253;RI-DWA-SO;;;3973;3969;;
DWA_RIOOLLEIDING_GRES_400;*;-;**;-;RI;-;DWA;_;RIOOLLEIDING;_;GRES;_;400;;;;;;;-;G;;;;;*-**-RI-DWA_RIOOLLEIDING_GRES_400-G;0.18;20;22;20;20;253;RI-DWA-SO;0.35;20;22;20;20;253;RI-DWA-SO;0.35;20;22;20;20;253;V-RI-DWA-SO;0.35;20;22;20;20;253;RI-DWA-SO;;;3974;3969;;
DWA_RIOOLLEIDING_GRES_500;*;-;**;-;RI;-;DWA;_;RIOOLLEIDING;_;GRES;_;500;;;;;;;-;G;;;;;*-**-RI-DWA_RIOOLLEIDING_GRES_500-G;0.18;20;22;20;20;253;RI-DWA-SO;0.35;20;22;20;20;253;RI-DWA-SO;0.35;20;22;20;20;253;V-RI-DWA-SO;0.35;20;22;20;20;253;RI-DWA-SO;;;3975;3969;;
DWA_RIOOLLEIDING_GRES_600;*;-;**;-;RI;-;DWA;_;RIOOLLEIDING;_;GRES;_;600;;;;;;;-;G;;;;;*-**-RI-DWA_RIOOLLEIDING_GRES_600-G;0.18;20;22;20;20;253;RI-DWA-SO;0.35;20;22;20;20;253;RI-DWA-SO;0.35;20;22;20;20;253;V-RI-DWA-SO;0.35;20;22;20;20;253;RI-DWA-SO;;;3976;3969;;
DWA_RIOOLLEIDING_GRES_700;*;-;**;-;RI;-;DWA;_;RIOOLLEIDING;_;GRES;_;700;;;;;;;-;G;;;;;*-**-RI-DWA_RIOOLLEIDING_GRES_700-G;0.18;20;22;20;20;253;RI-DWA-SO;0.35;20;22;20;20;253;RI-DWA-SO;0.35;20;22;20;20;253;V-RI-DWA-SO;0.35;20;22;20;20;253;RI-DWA-SO;;;3977;3969;;
DWA_RIOOLLEIDING_GRES_800;*;-;**;-;RI;-;DWA;_;RIOOLLEIDING;_;GRES;_;800;;;;;;;-;G;;;;;*-**-RI-DWA_RIOOLLEIDING_GRES_800-G;0.18;20;22;20;20;253;RI-DWA-SO;0.35;20;22;20;20;253;RI-DWA-SO;0.35;20;22;20;20;253;V-RI-DWA-SO;0.35;20;22;20;20;253;RI-DWA-SO;;;3978;3969;;
DWA_RIOOLLEIDING_GRES_900;*;-;**;-;RI;-;DWA;_;RIOOLLEIDING;_;GRES;_;900;;;;;;;-;G;;;;;*-**-RI-DWA_RIOOLLEIDING_GRES_900-G;0.18;20;22;20;20;253;RI-DWA-SO;0.35;20;22;20;20;253;RI-DWA-SO;0.35;20;22;20;20;253;V-RI-DWA-SO;0.35;20;22;20;20;253;RI-DWA-SO;;;3979;3969;;
DWA_RIOOLLEIDING_PE;*;-;**;-;RI;-;DWA;_;RIOOLLEIDING;_;PE;;;;;;;;;-;G;;;;;*-**-RI-DWA_RIOOLLEIDING_PE-G;0.18;20;22;20;20;253;RI-DWA-SO;0.35;20;22;20;20;253;RI-DWA-SO;0.35;20;22;20;20;253;V-RI-DWA-SO;0.35;20;22;20;20;253;RI-DWA-SO;;;3980;3940;;
DWA_RIOOLLEIDING_PE_160;*;-;**;-;RI;-;DWA;_;RIOOLLEIDING;_;PE;_;160;;;;;;;-;G;;;;;*-**-RI-DWA_RIOOLLEIDING_PE_160-G;0.18;20;22;20;20;253;RI-DWA-SO;0.35;20;22;20;20;253;RI-DWA-SO;0.35;20;22;20;20;253;V-RI-DWA-SO;0.35;20;22;20;20;253;RI-DWA-SO;;;3981;3980;;
DWA_RIOOLLEIDING_PE_250;*;-;**;-;RI;-;DWA;_;RIOOLLEIDING;_;PE;_;250;;;;;;;-;G;;;;;*-**-RI-DWA_RIOOLLEIDING_PE_250-G;0.18;20;22;20;20;253;RI-DWA-SO;0.35;20;22;20;20;253;RI-DWA-SO;0.35;20;22;20;20;253;V-RI-DWA-SO;0.35;20;22;20;20;253;RI-DWA-SO;;;3982;3980;;
DWA_RIOOLLEIDING_PE_315;*;-;**;-;RI;-;DWA;_;RIOOLLEIDING;_;PE;_;315;;;;;;;-;G;;;;;*-**-RI-DWA_RIOOLLEIDING_PE_315-G;0.18;20;22;20;20;253;RI-DWA-SO;0.35;20;22;20;20;253;RI-DWA-SO;0.35;20;22;20;20;253;V-RI-DWA-SO;0.35;20;22;20;20;253;RI-DWA-SO;;;3983;3980;;
DWA_RIOOLLEIDING_PE_355;*;-;**;-;RI;-;DWA;_;RIOOLLEIDING;_;PE;_;355;;;;;;;-;G;;;;;*-**-RI-DWA_RIOOLLEIDING_PE_355-G;0.18;20;22;20;20;253;RI-DWA-SO;0.35;20;22;20;20;253;RI-DWA-SO;0.35;20;22;20;20;253;V-RI-DWA-SO;0.35;20;22;20;20;253;RI-DWA-SO;;;3984;3980;;
DWA_RIOOLLEIDING_PE_400;*;-;**;-;RI;-;DWA;_;RIOOLLEIDING;_;PE;_;400;;;;;;;-;G;;;;;*-**-RI-DWA_RIOOLLEIDING_PE_400-G;0.18;20;22;20;20;253;RI-DWA-SO;0.35;20;22;20;20;253;RI-DWA-SO;0.35;20;22;20;20;253;V-RI-DWA-SO;0.35;20;22;20;20;253;RI-DWA-SO;;;3985;3980;;
DWA_RIOOLLEIDING_PE_450;*;-;**;-;RI;-;DWA;_;RIOOLLEIDING;_;PE;_;450;;;;;;;-;G;;;;;*-**-RI-DWA_RIOOLLEIDING_PE_450-G;0.18;20;22;20;20;253;RI-DWA-SO;0.35;20;22;20;20;253;RI-DWA-SO;0.35;20;22;20;20;253;V-RI-DWA-SO;0.35;20;22;20;20;253;RI-DWA-SO;;;3986;3980;;
DWA_RIOOLLEIDING_PE_500;*;-;**;-;RI;-;DWA;_;RIOOLLEIDING;_;PE;_;500;;;;;;;-;G;;;;;*-**-RI-DWA_RIOOLLEIDING_PE_500-G;0.18;20;22;20;20;253;RI-DWA-SO;0.35;20;22;20;20;253;RI-DWA-SO;0.35;20;22;20;20;253;V-RI-DWA-SO;0.35;20;22;20;20;253;RI-DWA-SO;;;3987;3980;;
DWA_RIOOLLEIDING_PE_560;*;-;**;-;RI;-;DWA;_;RIOOLLEIDING;_;PE;_;560;;;;;;;-;G;;;;;*-**-RI-DWA_RIOOLLEIDING_PE_560-G;0.18;20;22;20;20;253;RI-DWA-SO;0.35;20;22;20;20;253;RI-DWA-SO;0.35;20;22;20;20;253;V-RI-DWA-SO;0.35;20;22;20;20;253;RI-DWA-SO;;;3988;3980;;
DWA_RIOOLLEIDING_PE_630;*;-;**;-;RI;-;DWA;_;RIOOLLEIDING;_;PE;_;630;;;;;;;-;G;;;;;*-**-RI-DWA_RIOOLLEIDING_PE_630-G;0.18;20;22;20;20;253;RI-DWA-SO;0.35;20;22;20;20;253;RI-DWA-SO;0.35;20;22;20;20;253;V-RI-DWA-SO;0.35;20;22;20;20;253;RI-DWA-SO;;;3989;3980;;
DWA_RIOOLLEIDING_PVC;*;-;**;-;RI;-;DWA;_;RIOOLLEIDING;_;PVC;;;;;;;;;-;G;;;;;*-**-RI-DWA_RIOOLLEIDING_PVC-G;0.18;20;22;20;20;253;RI-DWA-SO;0.35;20;22;20;20;253;RI-DWA-SO;0.35;20;22;20;20;253;V-RI-DWA-SO;0.35;20;22;20;20;253;RI-DWA-SO;;;3990;3940;;
DWA_RIOOLLEIDING_PVC_160;*;-;**;-;RI;-;DWA;_;RIOOLLEIDING;_;PVC;_;160;;;;;;;-;G;;;;;*-**-RI-DWA_RIOOLLEIDING_PVC_160-G;0.18;20;22;20;20;253;RI-DWA-SO;0.35;20;22;20;20;253;RI-DWA-SO;0.35;20;22;20;20;253;V-RI-DWA-SO;0.35;20;22;20;20;253;RI-DWA-SO;;;3991;3990;;
DWA_RIOOLLEIDING_PVC_200;*;-;**;-;RI;-;DWA;_;RIOOLLEIDING;_;PVC;_;200;;;;;;;-;G;;;;;*-**-RI-DWA_RIOOLLEIDING_PVC_200-G;0.18;20;22;20;20;253;RI-DWA-SO;0.35;20;22;20;20;253;RI-DWA-SO;0.35;20;22;20;20;253;V-RI-DWA-SO;0.35;20;22;20;20;253;RI-DWA-SO;;;3992;3990;;
DWA_RIOOLLEIDING_PVC_250;*;-;**;-;RI;-;DWA;_;RIOOLLEIDING;_;PVC;_;250;;;;;;;-;G;;;;;*-**-RI-DWA_RIOOLLEIDING_PVC_250-G;0.18;20;22;20;20;253;RI-DWA-SO;0.35;20;22;20;20;253;RI-DWA-SO;0.35;20;22;20;20;253;V-RI-DWA-SO;0.35;20;22;20;20;253;RI-DWA-SO;;;3993;3990;;
DWA_RIOOLLEIDING_PVC_315;*;-;**;-;RI;-;DWA;_;RIOOLLEIDING;_;PVC;_;315;;;;;;;-;G;;;;;*-**-RI-DWA_RIOOLLEIDING_PVC_315-G;0.18;20;22;20;20;253;RI-DWA-SO;0.35;20;22;20;20;253;RI-DWA-SO;0.35;20;22;20;20;253;V-RI-DWA-SO;0.35;20;22;20;20;253;RI-DWA-SO;;;3994;3990;;
DWA_RIOOLLEIDING_PVC_400;*;-;**;-;RI;-;DWA;_;RIOOLLEIDING;_;PVC;_;400;;;;;;;-;G;;;;;*-**-RI-DWA_RIOOLLEIDING_PVC_400-G;0.18;20;22;20;20;253;RI-DWA-SO;0.35;20;22;20;20;253;RI-DWA-SO;0.35;20;22;20;20;253;V-RI-DWA-SO;0.35;20;22;20;20;253;RI-DWA-SO;;;3995;3990;;
DWA_RIOOLLEIDING_PVC_500;*;-;**;-;RI;-;DWA;_;RIOOLLEIDING;_;PVC;_;500;;;;;;;-;G;;;;;*-**-RI-DWA_RIOOLLEIDING_PVC_500-G;0.18;20;22;20;20;253;RI-DWA-SO;0.35;20;22;20;20;253;RI-DWA-SO;0.35;20;22;20;20;253;V-RI-DWA-SO;0.35;20;22;20;20;253;RI-DWA-SO;;;3996;3990;;
DWA_RIOOLLEIDING_PVC_630;*;-;**;-;RI;-;DWA;_;RIOOLLEIDING;_;PVC;_;630;;;;;;;-;G;;;;;*-**-RI-DWA_RIOOLLEIDING_PVC_630-G;0.18;20;22;20;20;253;RI-DWA-SO;0.35;20;22;20;20;253;RI-DWA-SO;0.35;20;22;20;20;253;V-RI-DWA-SO;0.35;20;22;20;20;253;RI-DWA-SO;;;3997;3990;;
DWA_RIOOLLEIDING_STUWLEIDING;*;-;**;-;RI;-;DWA;_;RIOOLLEIDING;_;STUWLEIDING;;;;;;;;;-;G;;;;;*-**-RI-DWA_RIOOLLEIDING_STUWLEIDING-G;0.18;20;22;20;20;253;RI-DWA-SO;0.35;20;22;20;20;253;RI-DWA-SO;0.35;20;22;20;20;253;V-RI-DWA-SO;0.35;20;22;20;20;253;RI-DWA-SO;;;4042;3940;;
DWA_RIOOLLEIDING_ZINKER;*;-;**;-;RI;-;DWA;_;RIOOLLEIDING;_;ZINKER;;;;;;;;;-;G;;;;;*-**-RI-DWA_RIOOLLEIDING_ZINKER-G;0.18;20;22;20;20;253;RI-DWA-SO;0.35;20;22;20;20;253;RI-DWA-SO;0.35;20;22;20;20;253;V-RI-DWA-SO;0.35;20;22;20;20;253;RI-DWA-SO;;;4043;3940;;
DWA_RIOOLPUT;*;-;**;-;RI;-;DWA;_;RIOOLPUT;;;;;;;;;;;-;G/S;;;;SRI-PUT_DWA;*-**-RI-DWA_RIOOLPUT-G/S;0.18;20;22;20;20;253;CONTINUOUS;0.35;20;22;20;20;253;CONTINUOUS;0.35;20;22;20;20;253;V-CONTINUOUS-SO;0.35;20;22;20;20;253;CONTINUOUS;;;2250;2220;;
DWA_RIOOLPUT-LINING;*;-;**;-;RI;-;DWA;_;RIOOLPUT;;;;;;;;;-;LINING;-;G/S;;;;SRI-PUT_DWA;*-**-RI-DWA_RIOOLPUT-LINING-G/S;0.18;20;22;20;20;253;RI-LINING-SO;0.35;20;22;20;20;253;RI-LINING-SO;0.35;20;22;20;20;253;V-RI-LINING-SO;0.35;20;22;20;20;253;RI-LINING-SO;;;4003;2250;;
DWA_RIOOLPUT-OPHOOGTEBRENGEN;*;-;**;-;RI;-;DWA;_;RIOOLPUT;;;;;;;;;-;OPHOOGTEBRENGEN;-;G/S;;;; SRI-PUT_OPHOOGTEBRENGEN;*-**-RI-DWA_RIOOLPUT-OPHOOGTEBRENGEN-G/S;0.18;20;22;20;20;253;RI-OPHOOGTEBRENGEN-SO;0.35;20;22;20;20;253;RI-OPHOOGTEBRENGEN-SO;0.35;20;22;20;20;253;V-RI-OPHOOGTEBRENGEN-SO;0.35;20;22;20;20;253;RI-OPHOOGTEBRENGEN-SO;;;4002;2250;;
DWA_RIOOLPUT-VOLSCHUIMEN;*;-;**;-;RI;-;DWA;_;RIOOLPUT;;;;;;;;;-;VOLSCHUIMEN;-;G/S;;;;SRI-PUT_INSPECTIE;*-**-RI-DWA_RIOOLPUT-VOLSCHUIMEN-G/S;0.18;20;22;20;20;253;CONTINUOUS;0.35;20;22;20;20;253;CONTINUOUS;0.35;20;22;20;20;253;V-CONTINUOUS-SO;0.35;20;22;20;20;253;CONTINUOUS;;;4004;2250;;
DWA_RIOOLPUT-VOLZANDEN;*;-;**;-;RI;-;DWA;_;RIOOLPUT;;;;;;;;;-;VOLZANDEN;-;G/S;;;;SRI-PUT_INSPECTIE;*-**-RI-DWA_RIOOLPUT-VOLZANDEN-G/S;0.18;20;22;20;20;253;CONTINUOUS;0.35;20;22;20;20;253;CONTINUOUS;0.35;20;22;20;20;253;V-CONTINUOUS-SO;0.35;20;22;20;20;253;CONTINUOUS;;;4005;2250;;
DWA_RIOOLPUT_AFDEKPLAAT;*;-;**;-;RI;-;DWA;_;RIOOLPUT;_;AFDEKPLAAT;;;;;;;;;-;G/S;;;;SRI-PUT_AFDEKPLAAT;*-**-RI-DWA_RIOOLPUT_AFDEKPLAAT-G/S;0.18;20;22;20;20;253;CONTINUOUS;0.35;20;22;20;20;253;CONTINUOUS;0.35;20;22;20;20;253;V-CONTINUOUS-SO;0.35;20;22;20;20;253;CONTINUOUS;;;2251;2250;;
DWA_RIOOLPUT_BETON;*;-;**;-;RI;-;DWA;_;RIOOLPUT;_;BETON;;;;;;;;;-;G/S;;;;SRI-PUT_BETON;*-**-RI-DWA_RIOOLPUT_BETON-G/S;0.18;20;22;20;20;253;CONTINUOUS;0.35;20;22;20;20;253;CONTINUOUS;0.35;20;22;20;20;253;V-CONTINUOUS-SO;0.35;20;22;20;20;253;CONTINUOUS;;;3999;2250;;
DWA_RIOOLPUT_BLINDEPUT;*;-;**;-;RI;-;DWA;_;RIOOLPUT;_;BLINDEPUT;;;;;;;;;-;G/S;;;;SRI-PUT_BLINDEPUT;*-**-RI-DWA_RIOOLPUT_BLINDEPUT-G/S;0.18;20;22;20;20;253;CONTINUOUS;0.35;20;22;20;20;253;CONTINUOUS;0.35;20;22;20;20;253;V-CONTINUOUS-SO;0.35;20;22;20;20;253;CONTINUOUS;;;2252;2250;;
DWA_RIOOLPUT_BLINDEPUT_BETON;*;-;**;-;RI;-;DWA;_;RIOOLPUT;_;BLINDEPUT;_;BETON;;;;;;;-;G/S;;;;SRI-PUT_BLINDEPUT;*-**-RI-DWA_RIOOLPUT_BLINDEPUT_BETON-G;0.18;20;22;20;20;253;CONTINUOUS;0.35;20;22;20;20;253;CONTINUOUS;0.35;20;22;20;20;253;V-CONTINUOUS-SO;0.35;20;22;20;20;253;CONTINUOUS;;;2253;2252;;
DWA_RIOOLPUT_BLINDEPUT_PE;*;-;**;-;RI;-;DWA;_;RIOOLPUT;_;BLINDEPUT;_;PE;;;;;;;-;G/S;;;;SRI-PUT_BLINDEPUT;*-**-RI-DWA_RIOOLPUT_BLINDEPUT_PE-G;0.18;20;22;20;20;253;CONTINUOUS;0.35;20;22;20;20;253;CONTINUOUS;0.35;20;22;20;20;253;V-CONTINUOUS-SO;0.35;20;22;20;20;253;CONTINUOUS;;;2254;2252;;
DWA_RIOOLPUT_DOORSPOELPUT;*;-;**;-;RI;-;DWA;_;RIOOLPUT;_;DOORSPOELPUT;;;;;;;;;-;G/S;;;;SRI-PUT_INSPECTIE;*-**-RI-DWA_RIOOLPUT_DOORSPOELPUT-G/S;0.18;20;22;20;20;253;CONTINUOUS;0.35;20;22;20;20;253;CONTINUOUS;0.35;20;22;20;20;253;V-CONTINUOUS-SO;0.35;20;22;20;20;253;CONTINUOUS;;;4007;2250;;
DWA_RIOOLPUT_INSPECTIEPUT;*;-;**;-;RI;-;DWA;_;RIOOLPUT;_;INSPECTIEPUT;;;;;;;;;-;G/S;;;;SRI-PUT_INSPECTIE;*-**-RI-DWA_RIOOLPUT_INSPECTIEPUT-G/S;0.18;20;22;20;20;253;CONTINUOUS;0.35;20;22;20;20;253;CONTINUOUS;0.35;20;22;20;20;253;V-CONTINUOUS-SO;0.35;20;22;20;20;253;CONTINUOUS;;;2257;2250;;
DWA_RIOOLPUT_INSPECTIEPUT_BETON;*;-;**;-;RI;-;DWA;_;RIOOLPUT;_;INSPECTIEPUT;_;BETON;;;;;;;-;G/S;;;;SRI-PUT_INSPECTIE;*-**-RI-DWA_RIOOLPUT_INSPECTIEPUT_BETON-G;0.18;20;22;20;20;253;CONTINUOUS;0.35;20;22;20;20;253;CONTINUOUS;0.35;20;22;20;20;253;V-CONTINUOUS-SO;0.35;20;22;20;20;253;CONTINUOUS;;;2258;2257;;
DWA_RIOOLPUT_INSPECTIEPUT_HONDEHOKPUT;*;-;**;-;RI;-;DWA;_;RIOOLPUT;_;INSPECTIEPUT;_;HONDEHOKPUT;;;;;;;-;G/S;;;;SRI-PUT_HONDEHOKPUT;*-**-RI-DWA_RIOOLPUT_INSPECTIEPUT_HONDEHOKPUT-G/S;0.18;20;22;20;20;253;CONTINUOUS;0.35;20;22;20;20;253;CONTINUOUS;0.35;20;22;20;20;253;V-CONTINUOUS-SO;0.35;20;22;20;20;253;CONTINUOUS;;;2255;2257;;
DWA_RIOOLPUT_INSPECTIEPUT_HONDEHOKPUT_BETON;*;-;**;-;RI;-;DWA;_;RIOOLPUT;_;INSPECTIEPUT;_;HONDEHOKPUT;_;BETON;;;;;-;G/S;;;;SRI-PUT_HONDEHOKPUT;*-**-RI-DWA_RIOOLPUT_INSPECTIEPUT_HONDEHOKPUT_BETON-G;0.18;20;22;20;20;253;CONTINUOUS;0.35;20;22;20;20;253;CONTINUOUS;0.35;20;22;20;20;253;V-CONTINUOUS-SO;0.35;20;22;20;20;253;CONTINUOUS;;;2256;2255;;
DWA_RIOOLPUT_INSPECTIEPUT_PE;*;-;**;-;RI;-;DWA;_;RIOOLPUT;_;INSPECTIEPUT;_;PE;;;;;;;-;G/S;;;;SRI-PUT_INSPECTIE;*-**-RI-DWA_RIOOLPUT_INSPECTIEPUT_PE-G;0.18;20;22;20;20;253;CONTINUOUS;0.35;20;22;20;20;253;CONTINUOUS;0.35;20;22;20;20;253;V-CONTINUOUS-SO;0.35;20;22;20;20;253;CONTINUOUS;;;2259;2257;;
DWA_RIOOLPUT_INSPECTIEPUT_REINIGENDEPUT;*;-;**;-;RI;-;DWA;_;RIOOLPUT;_;INSPECTIEPUT;_;REINIGENDEPUT;;;;;;;-;G/S;;;;SRI-PUT_INSPECTIE;*-**-RI-DWA_RIOOLPUT_INSPECTIEPUT_REINIGENDEPUT-G/S;0.18;20;22;20;20;253;CONTINUOUS;0.35;20;22;20;20;253;CONTINUOUS;0.35;20;22;20;20;253;V-CONTINUOUS-SO;0.35;20;22;20;20;253;CONTINUOUS;;;4006;2257;;
DWA_RIOOLPUT_KOPPELPUT;*;-;**;-;RI;-;DWA;_;RIOOLPUT;_;KOPPELPUT;;;;;;;;;-;G/S;;;;SRI-PUT_KOPPELPUT;*-**-RI-DWA_RIOOLPUT_KOPPELPUT-G/S;0.18;20;22;20;20;253;CONTINUOUS;0.35;20;22;20;20;253;CONTINUOUS;0.35;20;22;20;20;253;V-CONTINUOUS-SO;0.35;20;22;20;20;253;CONTINUOUS;;;2282;2250;;
DWA_RIOOLPUT_KRUISINGSPUT;*;-;**;-;RI;-;DWA;_;RIOOLPUT;_;KRUISINGSPUT;;;;;;;;;-;G/S;;;;SRI-PUT_KRUISPUT;*-**-RI-DWA_RIOOLPUT_KRUISINGSPUT-G/S;0.18;20;22;20;20;253;CONTINUOUS;0.35;20;22;20;20;253;CONTINUOUS;0.35;20;22;20;20;253;V-CONTINUOUS-SO;0.35;20;22;20;20;253;CONTINUOUS;;;2283;2250;;
DWA_RIOOLPUT_KUNSTSTOF;*;-;**;-;RI;-;DWA;_;RIOOLPUT;_;KUNSTSTOF;;;;;;;;;-;G/S;;;;SRI-PUT_DWA_KUNSTSTOF;*-**-RI-DWA_RIOOLPUT_KUNSTSTOF-G/S;0.18;20;22;20;20;253;CONTINUOUS;0.35;20;22;20;20;253;CONTINUOUS;0.35;20;22;20;20;253;V-CONTINUOUS-SO;0.35;20;22;20;20;253;CONTINUOUS;;;4000;2250;;
DWA_RIOOLPUT_LOZINGSPUT;*;-;**;-;RI;-;DWA;_;RIOOLPUT;_;LOZINGSPUT;;;;;;;;;-;G/S;;;;SRI-PUT_INSPECTIE;*-**-RI-DWA_RIOOLPUT_LOZINGSPUT-G/S;0.18;20;22;20;20;253;CONTINUOUS;0.35;20;22;20;20;253;CONTINUOUS;0.35;20;22;20;20;253;V-CONTINUOUS-SO;0.35;20;22;20;20;253;CONTINUOUS;;;4008;2250;;
DWA_RIOOLPUT_METSELWERK;*;-;**;-;RI;-;DWA;_;RIOOLPUT;_;METSELWERK;;;;;;;;;-;G/S;;;;SRI-PUT_METSELWERK;*-**-RI-DWA_RIOOLPUT_METSELWERK-G/S;0.18;20;22;20;20;253;CONTINUOUS;0.35;20;22;20;20;253;CONTINUOUS;0.35;20;22;20;20;253;V-CONTINUOUS-SO;0.35;20;22;20;20;253;CONTINUOUS;;;4001;2250;;
DWA_RIOOLPUT_MONSTERNAMEPUT;*;-;**;-;RI;-;DWA;_;RIOOLPUT;_;MONSTERNAMEPUT;;;;;;;;;-;G/S;;;;SRI-PUT_MONSTERNAME;*-**-RI-DWA_RIOOLPUT_MONSTERNAMEPUT-G/S;0.18;20;22;20;20;253;CONTINUOUS;0.35;20;22;20;20;253;CONTINUOUS;0.35;20;22;20;20;253;V-CONTINUOUS-SO;0.35;20;22;20;20;253;CONTINUOUS;;;2260;2250;;
DWA_RIOOLPUT_MONSTERNAMEPUT_BETON;*;-;**;-;RI;-;DWA;_;RIOOLPUT;_;MONSTERNAMEPUT;_;BETON;;;;;;;-;G/S;;;;SRI-PUT_MONSTERNAME;*-**-RI-DWA_RIOOLPUT_MONSTERNAMEPUT_BETON-G;0.18;20;22;20;20;253;CONTINUOUS;0.35;20;22;20;20;253;CONTINUOUS;0.35;20;22;20;20;253;V-CONTINUOUS-SO;0.35;20;22;20;20;253;CONTINUOUS;;;2261;2260;;
DWA_RIOOLPUT_MONSTERNAMEPUT_PE;*;-;**;-;RI;-;DWA;_;RIOOLPUT;_;MONSTERNAMEPUT;_;PE;;;;;;;-;G/S;;;;SRI-PUT_MONSTERNAME;*-**-RI-DWA_RIOOLPUT_MONSTERNAMEPUT_PE-G;0.18;20;22;20;20;253;CONTINUOUS;0.35;20;22;20;20;253;CONTINUOUS;0.35;20;22;20;20;253;V-CONTINUOUS-SO;0.35;20;22;20;20;253;CONTINUOUS;;;2262;2260;;
DWA_RIOOLPUT_OVERSTORTPUT;*;-;**;-;RI;-;DWA;_;RIOOLPUT;_;OVERSTORTPUT;;;;;;;;;-;G/S;;;;SRI-PUT_OVERSTORT;*-**-RI-DWA_RIOOLPUT_OVERSTORTPUT-G/S;0.18;20;22;20;20;253;CONTINUOUS;0.35;20;22;20;20;253;CONTINUOUS;0.35;20;22;20;20;253;V-CONTINUOUS-SO;0.35;20;22;20;20;253;CONTINUOUS;;;2266;2250;;
DWA_RIOOLPUT_OVERSTORTPUT_BETON;*;-;**;-;RI;-;DWA;_;RIOOLPUT;_;OVERSTORTPUT;_;BETON;;;;;;;-;G/S;;;;SRI-PUT_OVERSTORT;*-**-RI-DWA_RIOOLPUT_OVERSTORTPUT_BETON-G;0.18;20;22;20;20;253;CONTINUOUS;0.35;20;22;20;20;253;CONTINUOUS;0.35;20;22;20;20;253;V-CONTINUOUS-SO;0.35;20;22;20;20;253;CONTINUOUS;;;2267;2266;;
DWA_RIOOLPUT_OVERSTORTPUT_PE;*;-;**;-;RI;-;DWA;_;RIOOLPUT;_;OVERSTORTPUT;_;PE;;;;;;;-;G/S;;;;SRI-PUT_OVERSTORT;*-**-RI-DWA_RIOOLPUT_OVERSTORTPUT_PE-G;0.18;20;22;20;20;253;CONTINUOUS;0.35;20;22;20;20;253;CONTINUOUS;0.35;20;22;20;20;253;V-CONTINUOUS-SO;0.35;20;22;20;20;253;CONTINUOUS;;;2268;2266;;
DWA_RIOOLPUT_POMPPUT;*;-;**;-;RI;-;DWA;_;RIOOLPUT;_;POMPPUT;;;;;;;;;-;G/S;;;;SRI-PUT_POMPPUT;*-**-RI-DWA_RIOOLPUT_POMPPUT-G/S;0.18;20;22;20;20;253;CONTINUOUS;0.35;20;22;20;20;253;CONTINUOUS;0.35;20;22;20;20;253;V-CONTINUOUS-SO;0.35;20;22;20;20;253;CONTINUOUS;;;2269;2250;;
DWA_RIOOLPUT_POMPPUT_BETON;*;-;**;-;RI;-;DWA;_;RIOOLPUT;_;POMPPUT;_;BETON;;;;;;;-;G/S;;;;SRI-PUT_POMPPUT;*-**-RI-DWA_RIOOLPUT_POMPPUT_BETON-G;0.18;20;22;20;20;253;CONTINUOUS;0.35;20;22;20;20;253;CONTINUOUS;0.35;20;22;20;20;253;V-CONTINUOUS-SO;0.35;20;22;20;20;253;CONTINUOUS;;;2270;2269;;
DWA_RIOOLPUT_POMPPUT_PE;*;-;**;-;RI;-;DWA;_;RIOOLPUT;_;POMPPUT;_;PE;;;;;;;-;G/S;;;;SRI-PUT_POMPPUT;*-**-RI-DWA_RIOOLPUT_POMPPUT_PE-G;0.18;20;22;20;20;253;CONTINUOUS;0.35;20;22;20;20;253;CONTINUOUS;0.35;20;22;20;20;253;V-CONTINUOUS-SO;0.35;20;22;20;20;253;CONTINUOUS;;;2271;2269;;
DWA_RIOOLPUT_PUTBUIS;*;-;**;-;RI;-;DWA;_;RIOOLPUT;_;PUTBUIS;;;;;;;;;-;G/S;;;;SRI-PUT_INSPECTIE;*-**-RI-DWA_RIOOLPUT_PUTBUIS-G/S;0.18;20;22;20;20;253;CONTINUOUS;0.35;20;22;20;20;253;CONTINUOUS;0.35;20;22;20;20;253;V-CONTINUOUS-SO;0.35;20;22;20;20;253;CONTINUOUS;;;4009;2250;;
DWA_RIOOLPUT_SLIBVANGER;*;-;**;-;RI;-;DWA;_;RIOOLPUT;_;SLIBVANGER;;;;;;;;;-;G/S;;;;SRI-AFSCHEIDER_SLIBVANGPUT;*-**-RI-DWA_RIOOLPUT_SLIBVANGER-G;0.18;20;22;20;20;253;CONTINUOUS;0.35;20;22;20;20;253;CONTINUOUS;0.35;20;22;20;20;253;V-CONTINUOUS-SO;0.35;20;22;20;20;253;CONTINUOUS;;;2272;2250;;
DWA_RIOOLPUT_SLIBVANGER_BETON;*;-;**;-;RI;-;DWA;_;RIOOLPUT;_;SLIBVANGER;_;BETON;;;;;;;-;G/S;;;;SRI-AFSCHEIDER_SLIBVANGPUT;*-**-RI-DWA_RIOOLPUT_SLIBVANGER_BETON-G;0.18;20;22;20;20;253;CONTINUOUS;0.35;20;22;20;20;253;CONTINUOUS;0.35;20;22;20;20;253;V-CONTINUOUS-SO;0.35;20;22;20;20;253;CONTINUOUS;;;2273;2272;;
DWA_RIOOLPUT_STUWPUT;*;-;**;-;RI;-;DWA;_;RIOOLPUT;_;STUWPUT;;;;;;;;;-;G/S;;;;SRI-PUT_STUWPUT;*-**-RI-DWA_RIOOLPUT_STUWPUT-G/S;0.18;20;22;20;20;253;CONTINUOUS;0.35;20;22;20;20;253;CONTINUOUS;0.35;20;22;20;20;253;V-CONTINUOUS-SO;0.35;20;22;20;20;253;CONTINUOUS;;;2274;2250;;
DWA_RIOOLPUT_STUWPUT_BETON;*;-;**;-;RI;-;DWA;_;RIOOLPUT;_;STUWPUT;_;BETON;;;;;;;-;G/S;;;;SRI-PUT_STUWPUT;*-**-RI-DWA_RIOOLPUT_STUWPUT_BETON-G;0.18;20;22;20;20;253;CONTINUOUS;0.35;20;22;20;20;253;CONTINUOUS;0.35;20;22;20;20;253;V-CONTINUOUS-SO;0.35;20;22;20;20;253;CONTINUOUS;;;2275;2274;;
DWA_RIOOLPUT_STUWPUT_PE;*;-;**;-;RI;-;DWA;_;RIOOLPUT;_;STUWPUT;_;PE;;;;;;;-;G/S;;;;SRI-PUT_STUWPUT;*-**-RI-DWA_RIOOLPUT_STUWPUT_PE-G;0.18;20;22;20;20;253;CONTINUOUS;0.35;20;22;20;20;253;CONTINUOUS;0.35;20;22;20;20;253;V-CONTINUOUS-SO;0.35;20;22;20;20;253;CONTINUOUS;;;2276;2274;;
DWA_RIOOLPUT_VALPUT;*;-;**;-;RI;-;DWA;_;RIOOLPUT;_;VALPUT;;;;;;;;;-;G/S;;;;SRI-PUT_VALPUT;*-**-RI-DWA_RIOOLPUT_VALPUT-G/S;0.18;20;22;20;20;253;CONTINUOUS;0.35;20;22;20;20;253;CONTINUOUS;0.35;20;22;20;20;253;V-CONTINUOUS-SO;0.35;20;22;20;20;253;CONTINUOUS;;;2277;2250;;
DWA_RIOOLPUT_VALPUT_BETON;*;-;**;-;RI;-;DWA;_;RIOOLPUT;_;VALPUT;_;BETON;;;;;;;-;G/S;;;;SRI-PUT_VALPUT;*-**-RI-DWA_RIOOLPUT_VALPUT_BETON-G;0.18;20;22;20;20;253;CONTINUOUS;0.35;20;22;20;20;253;CONTINUOUS;0.35;20;22;20;20;253;V-CONTINUOUS-SO;0.35;20;22;20;20;253;CONTINUOUS;;;2278;2277;;
DWA_RIOOLPUT_VALPUT_PE;*;-;**;-;RI;-;DWA;_;RIOOLPUT;_;VALPUT;_;PE;;;;;;;-;G/S;;;;SRI-PUT_VALPUT;*-**-RI-DWA_RIOOLPUT_VALPUT_PE-G;0.18;20;22;20;20;253;CONTINUOUS;0.35;20;22;20;20;253;CONTINUOUS;0.35;20;22;20;20;253;V-CONTINUOUS-SO;0.35;20;22;20;20;253;CONTINUOUS;;;2279;2277;;
DWA_RIOOLPUT_VERDEKTEPUT;*;-;**;-;RI;-;DWA;_;RIOOLPUT;_;VERDEKTEPUT;;;;;;;;;-;G/S;;;;SRI-PUT_INSPECTIE;*-**-RI-DWA_RIOOLPUT_VERDEKTEPUT-G/S;0.18;20;22;20;20;253;CONTINUOUS;0.35;20;22;20;20;253;CONTINUOUS;0.35;20;22;20;20;253;V-CONTINUOUS-SO;0.35;20;22;20;20;253;CONTINUOUS;;;4010;2250;;
DWA_RIOOLPUT_VERDIEPTEPUT;*;-;**;-;RI;-;DWA;_;RIOOLPUT;_;VERDIEPTEPUT;;;;;;;;;-;G/S;;;;SRI-PUT_INSPECTIE;*-**-RI-DWA_RIOOLPUT_VERDIEPTEPUT-G/S;0.18;20;22;20;20;253;CONTINUOUS;0.35;20;22;20;20;253;CONTINUOUS;0.35;20;22;20;20;253;V-CONTINUOUS-SO;0.35;20;22;20;20;253;CONTINUOUS;;;4011;2250;;
DWA_RIOOLPUT_WERVELPUT;*;-;**;-;RI;-;DWA;_;RIOOLPUT;_;WERVELPUT;;;;;;;;;-;G/S;;;;SRI-PUT_INSPECTIE;*-**-RI-DWA_RIOOLPUT_WERVELPUT-G/S;0.18;20;22;20;20;253;CONTINUOUS;0.35;20;22;20;20;253;CONTINUOUS;0.35;20;22;20;20;253;V-CONTINUOUS-SO;0.35;20;22;20;20;253;CONTINUOUS;;;4012;2250;;
DWA_RIOOLPUT_ZANDVANGPUT;*;-;**;-;RI;-;DWA;_;RIOOLPUT;_;ZANDVANGPUT;;;;;;;;;-;G/S;;;;SRI-PUT_ZANDVANGPUT;*-**-RI-DWA_RIOOLPUT_ZANDVANGPUT-G/S;0.18;20;22;20;20;253;CONTINUOUS;0.35;20;22;20;20;253;CONTINUOUS;0.35;20;22;20;20;253;V-CONTINUOUS-SO;0.35;20;22;20;20;253;CONTINUOUS;;;2280;2250;;
DWA_RIOOLPUT_ZANDVANGPUT_BETON;*;-;**;-;RI;-;DWA;_;RIOOLPUT;_;ZANDVANGPUT;_;BETON;;;;;;;-;G/S;;;;SRI-PUT_ZANDVANGPUT;*-**-RI-DWA_RIOOLPUT_ZANDVANGPUT_BETON-G;0.18;20;22;20;20;253;CONTINUOUS;0.35;20;22;20;20;253;CONTINUOUS;0.35;20;22;20;20;253;V-CONTINUOUS-SO;0.35;20;22;20;20;253;CONTINUOUS;;;2281;2280;;
DWA_RIOOLPUT_ZINKERPUT;*;-;**;-;RI;-;DWA;_;RIOOLPUT;_;ZINKERPUT;;;;;;;;;-;G/S;;;;SRI-PUT_INSPECTIE;*-**-RI-DWA_RIOOLPUT_ZINKERPUT-G/S;0.18;20;22;20;20;253;CONTINUOUS;0.35;20;22;20;20;253;CONTINUOUS;0.35;20;22;20;20;253;V-CONTINUOUS-SO;0.35;20;22;20;20;253;CONTINUOUS;;;4013;2250;;
DWA_SCHILDMUUR;*;-;**;-;RI;-;DWA;_;SCHILDMUUR;;;;;;;;;;;-;G/S;;;;SRI-SCHILDMUUR;*-**-RI-DWA_SCHILDMUUR-G/S;0.18;20;22;20;20;253;CONTINUOUS;0.25;20;22;20;20;253;CONTINUOUS;0.25;20;22;20;20;253;CONTINUOUS;0.25;20;22;20;20;253;CONTINUOUS;;;4017;2220;;
DWA_SEPTICTANK;*;-;**;-;RI;-;DWA;_;SEPTICTANK;;;;;;;;;;;-;G/S;;;;SRI-TANK_SEPTIC;*-**-RI-DWA_SEPTICTANK-G/S;0.18;20;22;20;20;253;CONTINUOUS;0.35;20;22;20;20;253;CONTINUOUS;0.35;20;22;20;20;253;V-CONTINUOUS-SO;0.35;20;22;20;20;253;CONTINUOUS;;;2284;2220;;
DWA_STROMINGSRICHTING;*;-;**;-;RI;-;DWA;_;STROMINGSRICHTING;;;;;;;;;;;-;G/S;;;;SRI-STROOMRICHTING;*-**-RI-DWA_STROMINGSRICHTING-G/S;0.18;20;22;20;20;253;CONTINUOUS;0.35;20;22;20;20;253;CONTINUOUS;0.35;20;22;20;20;253;V-CONTINUOUS-SO;0.35;20;22;20;20;253;CONTINUOUS;;;2285;2220;;
DWA_TRANSPORTLEIDING;*;-;**;-;RI;-;DWA;_;TRANSPORTLEIDING;;;;;;;;;;;-;G;;;;;*-**-RI-DWA_TRANSPORTLEIDING-G;0.18;20;22;20;20;253;RI-DWA-SO;0.35;20;22;20;20;253;RI-DWA-SO;0.35;20;22;20;20;253;V-RI-DWA-SO;0.35;20;22;20;20;253;RI-DWA-SO;;;2286;2220;;
DWA_TRANSPORTLEIDING-LINING;*;-;**;-;RI;-;DWA;_;TRANSPORTLEIDING;;;;;;;;;-;LINING;-;G;;;;;*-**-RI-DWA_TRANSPORTLEIDING-LINING-G;0.18;20;22;20;20;253;RI-LINING-SO;0.35;20;22;20;20;253;RI-LINING-SO;0.35;20;22;20;20;253;V-RI-LINING-SO;0.35;20;22;20;20;253;RI-LINING-SO;;;4019;2286;;
DWA_TRANSPORTLEIDING-VOLSCHUIMEN;*;-;**;-;RI;-;DWA;_;TRANSPORTLEIDING;;;;;;;;;-;VOLSCHUIMEN;-;G;;;;;*-**-RI-DWA_TRANSPORTLEIDING-VOLSCHUIMEN-G;0.18;20;22;20;20;253;RI-VOLSCHUIMEN-SO;0.35;20;22;20;20;253;RI-VOLSCHUIMEN-SO;0.35;20;22;20;20;253;V-RI-VOLSCHUIMEN-SO;0.35;20;22;20;20;253;RI-VOLSCHUIMEN-SO;;;4020;2286;;
DWA_TRANSPORTLEIDING-VOLZANDEN;*;-;**;-;RI;-;DWA;_;TRANSPORTLEIDING;;;;;;;;;-;VOLZANDEN;-;G;;;;;*-**-RI-DWA_TRANSPORTLEIDING-VOLZANDEN-G;0.18;20;22;20;20;253;RI-VOLZANDEN-SO;0.35;20;22;20;20;253;RI-VOLZANDEN-SO;0.35;20;22;20;20;253;V-RI-VOLZANDEN-SO;0.35;20;22;20;20;253;RI-VOLZANDEN-SO;;;4021;2286;;
DWA_TRANSPORTLEIDING_BETON;*;-;**;-;RI;-;DWA;_;TRANSPORTLEIDING;_;BETON;;;;;;;;;-;G;;;;;*-**-RI-DWA_TRANSPORTLEIDING_BETON-G;0.18;20;22;20;20;253;RI-DWA-SO;0.35;20;22;20;20;253;RI-DWA-SO;0.35;20;22;20;20;253;V-RI-DWA-SO;0.35;20;22;20;20;253;RI-DWA-SO;;;2287;2286;;
DWA_TRANSPORTLEIDING_BETON_1000;*;-;**;-;RI;-;DWA;_;TRANSPORTLEIDING;_;BETON;_;1000;;;;;;;-;G;;;;;*-**-RI-DWA_TRANSPORTLEIDING_BETON_1000-G;0.18;20;22;20;20;253;RI-DWA-SO;0.35;20;22;20;20;253;RI-DWA-SO;0.35;20;22;20;20;253;V-RI-DWA-SO;0.35;20;22;20;20;253;RI-DWA-SO;;;2288;2287;;
DWA_TRANSPORTLEIDING_BETON_1250;*;-;**;-;RI;-;DWA;_;TRANSPORTLEIDING;_;BETON;_;1250;;;;;;;-;G;;;;;*-**-RI-DWA_TRANSPORTLEIDING_BETON_1250-G;0.18;20;22;20;20;253;RI-DWA-SO;0.35;20;22;20;20;253;RI-DWA-SO;0.35;20;22;20;20;253;V-RI-DWA-SO;0.35;20;22;20;20;253;RI-DWA-SO;;;2289;2287;;
DWA_TRANSPORTLEIDING_BETON_1500;*;-;**;-;RI;-;DWA;_;TRANSPORTLEIDING;_;BETON;_;1500;;;;;;;-;G;;;;;*-**-RI-DWA_TRANSPORTLEIDING_BETON_1500-G;0.18;20;22;20;20;253;RI-DWA-SO;0.35;20;22;20;20;253;RI-DWA-SO;0.35;20;22;20;20;253;V-RI-DWA-SO;0.35;20;22;20;20;253;RI-DWA-SO;;;2290;2287;;
DWA_TRANSPORTLEIDING_BETON_2000;*;-;**;-;RI;-;DWA;_;TRANSPORTLEIDING;_;BETON;_;2000;;;;;;;-;G;;;;;*-**-RI-DWA_TRANSPORTLEIDING_BETON_2000-G;0.18;20;22;20;20;253;RI-DWA-SO;0.35;20;22;20;20;253;RI-DWA-SO;0.35;20;22;20;20;253;V-RI-DWA-SO;0.35;20;22;20;20;253;RI-DWA-SO;;;2291;2287;;
DWA_TRANSPORTLEIDING_BETON_250;*;-;**;-;RI;-;DWA;_;TRANSPORTLEIDING;_;BETON;_;250;;;;;;;-;G;;;;;*-**-RI-DWA_TRANSPORTLEIDING_BETON_250-G;0.18;20;22;20;20;253;RI-DWA-SO;0.35;20;22;20;20;253;RI-DWA-SO;0.35;20;22;20;20;253;V-RI-DWA-SO;0.35;20;22;20;20;253;RI-DWA-SO;;;2292;2287;;
DWA_TRANSPORTLEIDING_BETON_300;*;-;**;-;RI;-;DWA;_;TRANSPORTLEIDING;_;BETON;_;300;;;;;;;-;G;;;;;*-**-RI-DWA_TRANSPORTLEIDING_BETON_300-G;0.18;20;22;20;20;253;RI-DWA-SO;0.35;20;22;20;20;253;RI-DWA-SO;0.35;20;22;20;20;253;V-RI-DWA-SO;0.35;20;22;20;20;253;RI-DWA-SO;;;2293;2287;;
DWA_TRANSPORTLEIDING_BETON_400;*;-;**;-;RI;-;DWA;_;TRANSPORTLEIDING;_;BETON;_;400;;;;;;;-;G;;;;;*-**-RI-DWA_TRANSPORTLEIDING_BETON_400-G;0.18;20;22;20;20;253;RI-DWA-SO;0.35;20;22;20;20;253;RI-DWA-SO;0.35;20;22;20;20;253;V-RI-DWA-SO;0.35;20;22;20;20;253;RI-DWA-SO;;;2294;2287;;
DWA_TRANSPORTLEIDING_BETON_500;*;-;**;-;RI;-;DWA;_;TRANSPORTLEIDING;_;BETON;_;500;;;;;;;-;G;;;;;*-**-RI-DWA_TRANSPORTLEIDING_BETON_500-G;0.18;20;22;20;20;253;RI-DWA-SO;0.35;20;22;20;20;253;RI-DWA-SO;0.35;20;22;20;20;253;V-RI-DWA-SO;0.35;20;22;20;20;253;RI-DWA-SO;;;2295;2287;;
DWA_TRANSPORTLEIDING_BETON_600;*;-;**;-;RI;-;DWA;_;TRANSPORTLEIDING;_;BETON;_;600;;;;;;;-;G;;;;;*-**-RI-DWA_TRANSPORTLEIDING_BETON_600-G;0.18;20;22;20;20;253;RI-DWA-SO;0.35;20;22;20;20;253;RI-DWA-SO;0.35;20;22;20;20;253;V-RI-DWA-SO;0.35;20;22;20;20;253;RI-DWA-SO;;;2296;2287;;
DWA_TRANSPORTLEIDING_BETON_700;*;-;**;-;RI;-;DWA;_;TRANSPORTLEIDING;_;BETON;_;700;;;;;;;-;G;;;;;*-**-RI-DWA_TRANSPORTLEIDING_BETON_700-G;0.18;20;22;20;20;253;RI-DWA-SO;0.35;20;22;20;20;253;RI-DWA-SO;0.35;20;22;20;20;253;V-RI-DWA-SO;0.35;20;22;20;20;253;RI-DWA-SO;;;2297;2287;;
DWA_TRANSPORTLEIDING_BETON_800;*;-;**;-;RI;-;DWA;_;TRANSPORTLEIDING;_;BETON;_;800;;;;;;;-;G;;;;;*-**-RI-DWA_TRANSPORTLEIDING_BETON_800-G;0.18;20;22;20;20;253;RI-DWA-SO;0.35;20;22;20;20;253;RI-DWA-SO;0.35;20;22;20;20;253;V-RI-DWA-SO;0.35;20;22;20;20;253;RI-DWA-SO;;;2298;2287;;
DWA_TRANSPORTLEIDING_BETON_900;*;-;**;-;RI;-;DWA;_;TRANSPORTLEIDING;_;BETON;_;900;;;;;;;-;G;;;;;*-**-RI-DWA_TRANSPORTLEIDING_BETON_900-G;0.18;20;22;20;20;253;RI-DWA-SO;0.35;20;22;20;20;253;RI-DWA-SO;0.35;20;22;20;20;253;V-RI-DWA-SO;0.35;20;22;20;20;253;RI-DWA-SO;;;2299;2287;;
DWA_TRANSPORTLEIDING_BETON_EI;*;-;**;-;RI;-;DWA;_;TRANSPORTLEIDING;_;BETON;_;EI;;;;;;;-;G;;;;;*-**-RI-DWA_TRANSPORTLEIDING_BETON_EI-G;0.18;20;22;20;20;253;RI-DWA-SO;0.35;20;22;20;20;253;RI-DWA-SO;0.35;20;22;20;20;253;V-RI-DWA-SO;0.35;20;22;20;20;253;RI-DWA-SO;;;2300;2287;;
DWA_TRANSPORTLEIDING_BETON_EI_1000X1500;*;-;**;-;RI;-;DWA;_;TRANSPORTLEIDING;_;BETON;_;EI;_;1000X1500;;;;;-;G;;;;;*-**-RI-DWA_TRANSPORTLEIDING_BETON_EI_1000X1500-G;0.18;20;22;20;20;253;RI-DWA-SO;0.35;20;22;20;20;253;RI-DWA-SO;0.35;20;22;20;20;253;V-RI-DWA-SO;0.35;20;22;20;20;253;RI-DWA-SO;;;2301;2300;;
DWA_TRANSPORTLEIDING_BETON_EI_200X300;*;-;**;-;RI;-;DWA;_;TRANSPORTLEIDING;_;BETON;_;EI;_;200X300;;;;;-;G;;;;;*-**-RI-DWA_TRANSPORTLEIDING_BETON_EI_200X300-G;0.18;20;22;20;20;253;RI-DWA-SO;0.35;20;22;20;20;253;RI-DWA-SO;0.35;20;22;20;20;253;V-RI-DWA-SO;0.35;20;22;20;20;253;RI-DWA-SO;;;2302;2300;;
DWA_TRANSPORTLEIDING_BETON_EI_250X375;*;-;**;-;RI;-;DWA;_;TRANSPORTLEIDING;_;BETON;_;EI;_;250X375;;;;;-;G;;;;;*-**-RI-DWA_TRANSPORTLEIDING_BETON_EI_250X375-G;0.18;20;22;20;20;253;RI-DWA-SO;0.35;20;22;20;20;253;RI-DWA-SO;0.35;20;22;20;20;253;V-RI-DWA-SO;0.35;20;22;20;20;253;RI-DWA-SO;;;2303;2300;;
DWA_TRANSPORTLEIDING_BETON_EI_300X450;*;-;**;-;RI;-;DWA;_;TRANSPORTLEIDING;_;BETON;_;EI;_;300X450;;;;;-;G;;;;;*-**-RI-DWA_TRANSPORTLEIDING_BETON_EI_300X450-G;0.18;20;22;20;20;253;RI-DWA-SO;0.35;20;22;20;20;253;RI-DWA-SO;0.35;20;22;20;20;253;V-RI-DWA-SO;0.35;20;22;20;20;253;RI-DWA-SO;;;2304;2300;;
DWA_TRANSPORTLEIDING_BETON_EI_400X600;*;-;**;-;RI;-;DWA;_;TRANSPORTLEIDING;_;BETON;_;EI;_;400X600;;;;;-;G;;;;;*-**-RI-DWA_TRANSPORTLEIDING_BETON_EI_400X600-G;0.18;20;22;20;20;253;RI-DWA-SO;0.35;20;22;20;20;253;RI-DWA-SO;0.35;20;22;20;20;253;V-RI-DWA-SO;0.35;20;22;20;20;253;RI-DWA-SO;;;2305;2300;;
DWA_TRANSPORTLEIDING_BETON_EI_500X750;*;-;**;-;RI;-;DWA;_;TRANSPORTLEIDING;_;BETON;_;EI;_;500X750;;;;;-;G;;;;;*-**-RI-DWA_TRANSPORTLEIDING_BETON_EI_500X750-G;0.18;20;22;20;20;253;RI-DWA-SO;0.35;20;22;20;20;253;RI-DWA-SO;0.35;20;22;20;20;253;V-RI-DWA-SO;0.35;20;22;20;20;253;RI-DWA-SO;;;2306;2300;;
DWA_TRANSPORTLEIDING_BETON_EI_600X900;*;-;**;-;RI;-;DWA;_;TRANSPORTLEIDING;_;BETON;_;EI;_;600X900;;;;;-;G;;;;;*-**-RI-DWA_TRANSPORTLEIDING_BETON_EI_600X900-G;0.18;20;22;20;20;253;RI-DWA-SO;0.35;20;22;20;20;253;RI-DWA-SO;0.35;20;22;20;20;253;V-RI-DWA-SO;0.35;20;22;20;20;253;RI-DWA-SO;;;2307;2300;;
DWA_TRANSPORTLEIDING_BETON_EI_700X1050;*;-;**;-;RI;-;DWA;_;TRANSPORTLEIDING;_;BETON;_;EI;_;700X1050;;;;;-;G;;;;;*-**-RI-DWA_TRANSPORTLEIDING_BETON_EI_700X1050-G;0.18;20;22;20;20;253;RI-DWA-SO;0.35;20;22;20;20;253;RI-DWA-SO;0.35;20;22;20;20;253;V-RI-DWA-SO;0.35;20;22;20;20;253;RI-DWA-SO;;;2308;2300;;
DWA_TRANSPORTLEIDING_BETON_EI_800X1200;*;-;**;-;RI;-;DWA;_;TRANSPORTLEIDING;_;BETON;_;EI;_;800X1200;;;;;-;G;;;;;*-**-RI-DWA_TRANSPORTLEIDING_BETON_EI_800X1200-G;0.18;20;22;20;20;253;RI-DWA-SO;0.35;20;22;20;20;253;RI-DWA-SO;0.35;20;22;20;20;253;V-RI-DWA-SO;0.35;20;22;20;20;253;RI-DWA-SO;;;2309;2300;;
DWA_TRANSPORTLEIDING_BETON_EI_900X1350;*;-;**;-;RI;-;DWA;_;TRANSPORTLEIDING;_;BETON;_;EI;_;900X1350;;;;;-;G;;;;;*-**-RI-DWA_TRANSPORTLEIDING_BETON_EI_900X1350-G;0.18;20;22;20;20;253;RI-DWA-SO;0.35;20;22;20;20;253;RI-DWA-SO;0.35;20;22;20;20;253;V-RI-DWA-SO;0.35;20;22;20;20;253;RI-DWA-SO;;;2310;2300;;
DWA_TRANSPORTLEIDING_GRES;*;-;**;-;RI;-;DWA;_;TRANSPORTLEIDING;_;GRES;;;;;;;;;-;G;;;;;*-**-RI-DWA_TRANSPORTLEIDING_GRES-G;0.18;20;22;20;20;253;RI-DWA-SO;0.35;20;22;20;20;253;RI-DWA-SO;0.35;20;22;20;20;253;V-RI-DWA-SO;0.35;20;22;20;20;253;RI-DWA-SO;;;2311;2286;;
DWA_TRANSPORTLEIDING_GRES_1000;*;-;**;-;RI;-;DWA;_;TRANSPORTLEIDING;_;GRES;_;1000;;;;;;;-;G;;;;;*-**-RI-DWA_TRANSPORTLEIDING_GRES_1000-G;0.18;20;22;20;20;253;RI-DWA-SO;0.35;20;22;20;20;253;RI-DWA-SO;0.35;20;22;20;20;253;V-RI-DWA-SO;0.35;20;22;20;20;253;RI-DWA-SO;;;2312;2311;;
DWA_TRANSPORTLEIDING_GRES_200;*;-;**;-;RI;-;DWA;_;TRANSPORTLEIDING;_;GRES;_;200;;;;;;;-;G;;;;;*-**-RI-DWA_TRANSPORTLEIDING_GRES_200-G;0.18;20;22;20;20;253;RI-DWA-SO;0.35;20;22;20;20;253;RI-DWA-SO;0.35;20;22;20;20;253;V-RI-DWA-SO;0.35;20;22;20;20;253;RI-DWA-SO;;;2313;2311;;
DWA_TRANSPORTLEIDING_GRES_250;*;-;**;-;RI;-;DWA;_;TRANSPORTLEIDING;_;GRES;_;250;;;;;;;-;G;;;;;*-**-RI-DWA_TRANSPORTLEIDING_GRES_250-G;0.18;20;22;20;20;253;RI-DWA-SO;0.35;20;22;20;20;253;RI-DWA-SO;0.35;20;22;20;20;253;V-RI-DWA-SO;0.35;20;22;20;20;253;RI-DWA-SO;;;2314;2311;;
DWA_TRANSPORTLEIDING_GRES_300;*;-;**;-;RI;-;DWA;_;TRANSPORTLEIDING;_;GRES;_;300;;;;;;;-;G;;;;;*-**-RI-DWA_TRANSPORTLEIDING_GRES_300-G;0.18;20;22;20;20;253;RI-DWA-SO;0.35;20;22;20;20;253;RI-DWA-SO;0.35;20;22;20;20;253;V-RI-DWA-SO;0.35;20;22;20;20;253;RI-DWA-SO;;;2315;2311;;
DWA_TRANSPORTLEIDING_GRES_400;*;-;**;-;RI;-;DWA;_;TRANSPORTLEIDING;_;GRES;_;400;;;;;;;-;G;;;;;*-**-RI-DWA_TRANSPORTLEIDING_GRES_400-G;0.18;20;22;20;20;253;RI-DWA-SO;0.35;20;22;20;20;253;RI-DWA-SO;0.35;20;22;20;20;253;V-RI-DWA-SO;0.35;20;22;20;20;253;RI-DWA-SO;;;2316;2311;;
DWA_TRANSPORTLEIDING_GRES_500;*;-;**;-;RI;-;DWA;_;TRANSPORTLEIDING;_;GRES;_;500;;;;;;;-;G;;;;;*-**-RI-DWA_TRANSPORTLEIDING_GRES_500-G;0.18;20;22;20;20;253;RI-DWA-SO;0.35;20;22;20;20;253;RI-DWA-SO;0.35;20;22;20;20;253;V-RI-DWA-SO;0.35;20;22;20;20;253;RI-DWA-SO;;;2317;2311;;
DWA_TRANSPORTLEIDING_GRES_600;*;-;**;-;RI;-;DWA;_;TRANSPORTLEIDING;_;GRES;_;600;;;;;;;-;G;;;;;*-**-RI-DWA_TRANSPORTLEIDING_GRES_600-G;0.18;20;22;20;20;253;RI-DWA-SO;0.35;20;22;20;20;253;RI-DWA-SO;0.35;20;22;20;20;253;V-RI-DWA-SO;0.35;20;22;20;20;253;RI-DWA-SO;;;2318;2311;;
DWA_TRANSPORTLEIDING_GRES_700;*;-;**;-;RI;-;DWA;_;TRANSPORTLEIDING;_;GRES;_;700;;;;;;;-;G;;;;;*-**-RI-DWA_TRANSPORTLEIDING_GRES_700-G;0.18;20;22;20;20;253;RI-DWA-SO;0.35;20;22;20;20;253;RI-DWA-SO;0.35;20;22;20;20;253;V-RI-DWA-SO;0.35;20;22;20;20;253;RI-DWA-SO;;;2319;2311;;
DWA_TRANSPORTLEIDING_GRES_800;*;-;**;-;RI;-;DWA;_;TRANSPORTLEIDING;_;GRES;_;800;;;;;;;-;G;;;;;*-**-RI-DWA_TRANSPORTLEIDING_GRES_800-G;0.18;20;22;20;20;253;RI-DWA-SO;0.35;20;22;20;20;253;RI-DWA-SO;0.35;20;22;20;20;253;V-RI-DWA-SO;0.35;20;22;20;20;253;RI-DWA-SO;;;2320;2311;;
DWA_TRANSPORTLEIDING_GRES_900;*;-;**;-;RI;-;DWA;_;TRANSPORTLEIDING;_;GRES;_;900;;;;;;;-;G;;;;;*-**-RI-DWA_TRANSPORTLEIDING_GRES_900-G;0.18;20;22;20;20;253;RI-DWA-SO;0.35;20;22;20;20;253;RI-DWA-SO;0.35;20;22;20;20;253;V-RI-DWA-SO;0.35;20;22;20;20;253;RI-DWA-SO;;;2321;2311;;
DWA_TRANSPORTLEIDING_PE;*;-;**;-;RI;-;DWA;_;TRANSPORTLEIDING;_;PE;;;;;;;;;-;G;;;;;*-**-RI-DWA_TRANSPORTLEIDING_PE-G;0.18;20;22;20;20;253;RI-DWA-SO;0.35;20;22;20;20;253;RI-DWA-SO;0.35;20;22;20;20;253;V-RI-DWA-SO;0.35;20;22;20;20;253;RI-DWA-SO;;;2322;2286;;
DWA_TRANSPORTLEIDING_PE_160;*;-;**;-;RI;-;DWA;_;TRANSPORTLEIDING;_;PE;_;160;;;;;;;-;G;;;;;*-**-RI-DWA_TRANSPORTLEIDING_PE_160-G;0.18;20;22;20;20;253;RI-DWA-SO;0.35;20;22;20;20;253;RI-DWA-SO;0.35;20;22;20;20;253;V-RI-DWA-SO;0.35;20;22;20;20;253;RI-DWA-SO;;;2323;2322;;
DWA_TRANSPORTLEIDING_PE_250;*;-;**;-;RI;-;DWA;_;TRANSPORTLEIDING;_;PE;_;250;;;;;;;-;G;;;;;*-**-RI-DWA_TRANSPORTLEIDING_PE_250-G;0.18;20;22;20;20;253;RI-DWA-SO;0.35;20;22;20;20;253;RI-DWA-SO;0.35;20;22;20;20;253;V-RI-DWA-SO;0.35;20;22;20;20;253;RI-DWA-SO;;;2324;2322;;
DWA_TRANSPORTLEIDING_PE_315;*;-;**;-;RI;-;DWA;_;TRANSPORTLEIDING;_;PE;_;315;;;;;;;-;G;;;;;*-**-RI-DWA_TRANSPORTLEIDING_PE_315-G;0.18;20;22;20;20;253;RI-DWA-SO;0.35;20;22;20;20;253;RI-DWA-SO;0.35;20;22;20;20;253;V-RI-DWA-SO;0.35;20;22;20;20;253;RI-DWA-SO;;;2325;2322;;
DWA_TRANSPORTLEIDING_PE_355;*;-;**;-;RI;-;DWA;_;TRANSPORTLEIDING;_;PE;_;355;;;;;;;-;G;;;;;*-**-RI-DWA_TRANSPORTLEIDING_PE_355-G;0.18;20;22;20;20;253;RI-DWA-SO;0.35;20;22;20;20;253;RI-DWA-SO;0.35;20;22;20;20;253;V-RI-DWA-SO;0.35;20;22;20;20;253;RI-DWA-SO;;;2326;2322;;
DWA_TRANSPORTLEIDING_PE_400;*;-;**;-;RI;-;DWA;_;TRANSPORTLEIDING;_;PE;_;400;;;;;;;-;G;;;;;*-**-RI-DWA_TRANSPORTLEIDING_PE_400-G;0.18;20;22;20;20;253;RI-DWA-SO;0.35;20;22;20;20;253;RI-DWA-SO;0.35;20;22;20;20;253;V-RI-DWA-SO;0.35;20;22;20;20;253;RI-DWA-SO;;;2327;2322;;
DWA_TRANSPORTLEIDING_PE_450;*;-;**;-;RI;-;DWA;_;TRANSPORTLEIDING;_;PE;_;450;;;;;;;-;G;;;;;*-**-RI-DWA_TRANSPORTLEIDING_PE_450-G;0.18;20;22;20;20;253;RI-DWA-SO;0.35;20;22;20;20;253;RI-DWA-SO;0.35;20;22;20;20;253;V-RI-DWA-SO;0.35;20;22;20;20;253;RI-DWA-SO;;;2328;2322;;
DWA_TRANSPORTLEIDING_PE_500;*;-;**;-;RI;-;DWA;_;TRANSPORTLEIDING;_;PE;_;500;;;;;;;-;G;;;;;*-**-RI-DWA_TRANSPORTLEIDING_PE_500-G;0.18;20;22;20;20;253;RI-DWA-SO;0.35;20;22;20;20;253;RI-DWA-SO;0.35;20;22;20;20;253;V-RI-DWA-SO;0.35;20;22;20;20;253;RI-DWA-SO;;;2329;2322;;
DWA_TRANSPORTLEIDING_PE_560;*;-;**;-;RI;-;DWA;_;TRANSPORTLEIDING;_;PE;_;560;;;;;;;-;G;;;;;*-**-RI-DWA_TRANSPORTLEIDING_PE_560-G;0.18;20;22;20;20;253;RI-DWA-SO;0.35;20;22;20;20;253;RI-DWA-SO;0.35;20;22;20;20;253;V-RI-DWA-SO;0.35;20;22;20;20;253;RI-DWA-SO;;;2330;2322;;
DWA_TRANSPORTLEIDING_PE_630;*;-;**;-;RI;-;DWA;_;TRANSPORTLEIDING;_;PE;_;630;;;;;;;-;G;;;;;*-**-RI-DWA_TRANSPORTLEIDING_PE_630-G;0.18;20;22;20;20;253;RI-DWA-SO;0.35;20;22;20;20;253;RI-DWA-SO;0.35;20;22;20;20;253;V-RI-DWA-SO;0.35;20;22;20;20;253;RI-DWA-SO;;;2331;2322;;
DWA_TRANSPORTLEIDING_PVC;*;-;**;-;RI;-;DWA;_;TRANSPORTLEIDING;_;PVC;;;;;;;;;-;G;;;;;*-**-RI-DWA_TRANSPORTLEIDING_PVC-G;0.18;20;22;20;20;253;RI-DWA-SO;0.35;20;22;20;20;253;RI-DWA-SO;0.35;20;22;20;20;253;V-RI-DWA-SO;0.35;20;22;20;20;253;RI-DWA-SO;;;2332;2286;;
DWA_TRANSPORTLEIDING_PVC_160;*;-;**;-;RI;-;DWA;_;TRANSPORTLEIDING;_;PVC;_;160;;;;;;;-;G;;;;;*-**-RI-DWA_TRANSPORTLEIDING_PVC_160-G;0.18;20;22;20;20;253;RI-DWA-SO;0.35;20;22;20;20;253;RI-DWA-SO;0.35;20;22;20;20;253;V-RI-DWA-SO;0.35;20;22;20;20;253;RI-DWA-SO;;;2333;2332;;
DWA_TRANSPORTLEIDING_PVC_200;*;-;**;-;RI;-;DWA;_;TRANSPORTLEIDING;_;PVC;_;200;;;;;;;-;G;;;;;*-**-RI-DWA_TRANSPORTLEIDING_PVC_200-G;0.18;20;22;20;20;253;RI-DWA-SO;0.35;20;22;20;20;253;RI-DWA-SO;0.35;20;22;20;20;253;V-RI-DWA-SO;0.35;20;22;20;20;253;RI-DWA-SO;;;2334;2332;;
DWA_TRANSPORTLEIDING_PVC_250;*;-;**;-;RI;-;DWA;_;TRANSPORTLEIDING;_;PVC;_;250;;;;;;;-;G;;;;;*-**-RI-DWA_TRANSPORTLEIDING_PVC_250-G;0.18;20;22;20;20;253;RI-DWA-SO;0.35;20;22;20;20;253;RI-DWA-SO;0.35;20;22;20;20;253;V-RI-DWA-SO;0.35;20;22;20;20;253;RI-DWA-SO;;;2335;2332;;
DWA_TRANSPORTLEIDING_PVC_315;*;-;**;-;RI;-;DWA;_;TRANSPORTLEIDING;_;PVC;_;315;;;;;;;-;G;;;;;*-**-RI-DWA_TRANSPORTLEIDING_PVC_315-G;0.18;20;22;20;20;253;RI-DWA-SO;0.35;20;22;20;20;253;RI-DWA-SO;0.35;20;22;20;20;253;V-RI-DWA-SO;0.35;20;22;20;20;253;RI-DWA-SO;;;2336;2332;;
DWA_TRANSPORTLEIDING_PVC_400;*;-;**;-;RI;-;DWA;_;TRANSPORTLEIDING;_;PVC;_;400;;;;;;;-;G;;;;;*-**-RI-DWA_TRANSPORTLEIDING_PVC_400-G;0.18;20;22;20;20;253;RI-DWA-SO;0.35;20;22;20;20;253;RI-DWA-SO;0.35;20;22;20;20;253;V-RI-DWA-SO;0.35;20;22;20;20;253;RI-DWA-SO;;;2337;2332;;
DWA_TRANSPORTLEIDING_PVC_500;*;-;**;-;RI;-;DWA;_;TRANSPORTLEIDING;_;PVC;_;500;;;;;;;-;G;;;;;*-**-RI-DWA_TRANSPORTLEIDING_PVC_500-G;0.18;20;22;20;20;253;RI-DWA-SO;0.35;20;22;20;20;253;RI-DWA-SO;0.35;20;22;20;20;253;V-RI-DWA-SO;0.35;20;22;20;20;253;RI-DWA-SO;;;2338;2332;;
DWA_TRANSPORTLEIDING_PVC_630;*;-;**;-;RI;-;DWA;_;TRANSPORTLEIDING;_;PVC;_;630;;;;;;;-;G;;;;;*-**-RI-DWA_TRANSPORTLEIDING_PVC_630-G;0.18;20;22;20;20;253;RI-DWA-SO;0.35;20;22;20;20;253;RI-DWA-SO;0.35;20;22;20;20;253;V-RI-DWA-SO;0.35;20;22;20;20;253;RI-DWA-SO;;;2339;2332;;
DWA_UITLAATCONSTRUCTIE;*;-;**;-;RI;-;DWA;_;UITLAATCONSTRUCTIE;;;;;;;;;;;-;G/S;;;;SRI-UITLAATCONSTRUCTIE;*-**-RI-DWA_UITLAATCONSTRUCTIE-G/S;0.18;20;22;20;20;253;CONTINUOUS;0.35;20;22;20;20;253;CONTINUOUS;0.35;20;22;20;20;253;V-CONTINUOUS-SO;0.35;20;22;20;20;253;CONTINUOUS;;;4044;2220;;
GWA;*;-;**;-;RI;-;GWA;;;;;;;;;;;;;-;G;;;;;*-**-RI-GWA-G;0.18;30;32;30;30;253;RI-GWA-SO;0.35;30;32;30;30;253;RI-GWA-SO;0.35;30;32;30;30;253;RI-GWA-SO;0.35;30;32;30;30;253;RI-GWA-SO;;;1664;0;;
GWA_AANSLUITPUT;*;-;**;-;RI;-;GWA;_;AANSLUITPUT;;;;;;;;;;;-;G/S;;;;SRI-PUT_ONTSTOPPINGSPUT;*-**-RI-GWA_AANSLUITPUT-G/S;0.18;30;32;30;30;253;CONTINUOUS;0.35;30;32;30;30;253;CONTINUOUS;0.35;30;32;30;30;253;V-CONTINUOUS-SO;0.35;30;32;30;30;253;CONTINUOUS;;;3675;1664;;
GWA_AANSLUITPUT_ONTSTOPPINGSPUT;*;-;**;-;RI;-;GWA;_;AANSLUITPUT;_;ONTSTOPPINGSPUT;;;;;;;;;-;G/S;;;;SRI-PUT_ONTSTOPPINGSPUT;*-**-RI-GWA_AANSLUITPUT_ONTSTOPPINGSPUT-G/S;0.18;30;32;30;30;253;CONTINUOUS;0.35;30;32;30;30;253;CONTINUOUS;0.35;30;32;30;30;253;V-CONTINUOUS-SO;0.35;30;32;30;30;253;CONTINUOUS;;;1713;3675;;
GWA_AANSLUITPUT_ONTSTOPPINGSPUT_BETON;*;-;**;-;RI;-;GWA;_;AANSLUITPUT;_;ONTSTOPPINGSPUT;_;BETON;;;;;;;-;G/S;;;;SRI-PUT_ONTSTOPPINGSPUT;*-**-RI-GWA_AANSLUITPUT_ONTSTOPPINGSPUT_BETON-G;0.18;30;32;30;30;253;CONTINUOUS;0.35;30;32;30;30;253;CONTINUOUS;0.35;30;32;30;30;253;V-CONTINUOUS-SO;0.35;30;32;30;30;253;CONTINUOUS;;;1714;1713;;
GWA_AANSLUITPUT_ONTSTOPPINGSPUT_PE;*;-;**;-;RI;-;GWA;_;AANSLUITPUT;_;ONTSTOPPINGSPUT;_;PE;;;;;;;-;G/S;;;;SRI-PUT_ONTSTOPPINGSPUT;*-**-RI-GWA_AANSLUITPUT_ONTSTOPPINGSPUT_PE-G;0.18;30;32;30;30;253;CONTINUOUS;0.35;30;32;30;30;253;CONTINUOUS;0.35;30;32;30;30;253;V-CONTINUOUS-SO;0.35;30;32;30;30;253;CONTINUOUS;;;1715;1713;;
GWA_BOB;*;-;**;-;RI;-;GWA;_;BOB;;;;;;;;;;;-;G/S;;;;SRI-BOB;*-**-RI-GWA_BOB-G/S;0.18;30;32;30;30;253;CONTINUOUS;0.35;30;32;30;30;253;CONTINUOUS;0.35;30;32;30;30;253;V-CONTINUOUS-SO;0.35;30;32;30;30;253;CONTINUOUS;;;1665;1664;;
GWA_DEMARCATIE;*;-;**;-;RI;-;GWA;_;DEMARCATIE;;;;;;;;;;;-;G/S;;;;SRI-DEMARCATIE;*-**-RI-GWA_DEMARCATIE-G/S;0.18;30;32;30;30;253;RI-GWA-SO;0.35;30;32;30;30;253;RI-GWA-SO;0.35;30;32;30;30;253;V-RI-GWA-SO;0.35;30;32;30;30;253;RI-GWA-SO;;;1666;1664;;
GWA_HULPSTUK;*;-;**;-;RI;-;GWA;_;HULPSTUK;;;;;;;;;;;-;G/S;;;;SRI-HULP;*-**-RI-GWA_HULPSTUK-G/S;0.18;30;32;30;30;253;CONTINUOUS;0.35;30;32;30;30;253;CONTINUOUS;0.35;30;32;30;30;253;V-CONTINUOUS-SO;0.35;30;32;30;30;253;CONTINUOUS;;;1681;1664;;
GWA_HULPSTUK_AFDEKPLAAT;*;-;**;-;RI;-;GWA;_;HULPSTUK;_;AFDEKPLAAT;;;;;;;;;-;G/S;;;;SRI-PUT_AFDEKPLAAT;*-**-RI-GWA_HULPSTUK_AFDEKPLAAT-G/S;0.18;30;32;30;30;253;CONTINUOUS;0.35;30;32;30;30;253;CONTINUOUS;0.35;30;32;30;30;253;V-CONTINUOUS-SO;0.35;30;32;30;30;253;CONTINUOUS;;;1682;1681;;
GWA_HULPSTUK_AFSLUITER;*;-;**;-;RI;-;GWA;_;HULPSTUK;_;AFSLUITER;;;;;;;;;-;G/S;;;;SRI-HULP_AFSLUITER;*-**-RI-GWA_HULPSTUK_AFSLUITER-G/S;0.18;30;32;30;30;253;CONTINUOUS;0.35;30;32;30;30;253;CONTINUOUS;0.35;30;32;30;30;253;V-CONTINUOUS-SO;0.35;30;32;30;30;253;CONTINUOUS;;;3600;1681;;
GWA_HULPSTUK_BELUCHTING;*;-;**;-;RI;-;GWA;_;HULPSTUK;_;BELUCHTING;;;;;;;;;-;G/S;;;;SRI-HULP_BELUCHTING;*-**-RI-GWA_HULPSTUK_BELUCHTING-G/S;0.18;30;32;30;30;253;CONTINUOUS;0.35;30;32;30;30;253;CONTINUOUS;0.35;30;32;30;30;253;V-CONTINUOUS-SO;0.35;30;32;30;30;253;CONTINUOUS;;;3601;1681;;
GWA_HULPSTUK_EINDKAP;*;-;**;-;RI;-;GWA;_;HULPSTUK;_;EINDKAP;;;;;;;;;-;G/S;;;;SRI-HULP_EINDKAP;*-**-RI-GWA_HULPSTUK_EINDKAP-G/S;0.18;30;32;30;30;253;CONTINUOUS;0.35;30;32;30;30;253;CONTINUOUS;0.35;30;32;30;30;253;V-CONTINUOUS-SO;0.35;30;32;30;30;253;CONTINUOUS;;;3602;1681;;
GWA_HULPSTUK_INLAAT;*;-;**;-;RI;-;GWA;_;HULPSTUK;_;INLAAT;;;;;;;;;-;G/S;;;;SRI-HULP_INLAAT;*-**-RI-GWA_HULPSTUK_INLAAT-G/S;0.18;30;32;30;30;253;CONTINUOUS;0.35;30;32;30;30;253;CONTINUOUS;0.35;30;32;30;30;253;V-CONTINUOUS-SO;0.35;30;32;30;30;253;CONTINUOUS;;;1683;1681;;
GWA_HULPSTUK_KEERKLEP;*;-;**;-;RI;-;GWA;_;HULPSTUK;_;KEERKLEP;;;;;;;;;-;G/S;;;;SRI-HULP_KEERKLEP;*-**-RI-GWA_HULPSTUK_KEERKLEP-G/S;0.18;30;32;30;30;253;CONTINUOUS;0.35;30;32;30;30;253;CONTINUOUS;0.35;30;32;30;30;253;V-CONTINUOUS-SO;0.35;30;32;30;30;253;CONTINUOUS;;;3603;1681;;
GWA_HULPSTUK_ONTLUCHTING;*;-;**;-;RI;-;GWA;_;HULPSTUK;_;ONTLUCHTING;;;;;;;;;-;G/S;;;;SRI-HULP_ONTLUCHTING;*-**-RI-GWA_HULPSTUK_ONTLUCHTING-G/S;0.18;30;32;30;30;253;CONTINUOUS;0.35;30;32;30;30;253;CONTINUOUS;0.35;30;32;30;30;253;V-CONTINUOUS-SO;0.35;30;32;30;30;253;CONTINUOUS;;;3604;1681;;
GWA_HULPSTUK_ONTSTOPPINGSSTUK;*;-;**;-;RI;-;GWA;_;HULPSTUK;_;ONTSTOPPINGSSTUK;;;;;;;;;-;G/S;;;;SRI-HULP_ONTSTOP;*-**-RI-GWA_HULPSTUK_ONTSTOPPINGSSTUK-G/S;0.18;30;32;30;30;253;CONTINUOUS;0.35;30;32;30;30;253;CONTINUOUS;0.35;30;32;30;30;253;V-CONTINUOUS-SO;0.35;30;32;30;30;253;CONTINUOUS;;;1684;1681;;
GWA_HULPSTUK_SCHOONMAAKSTUK;*;-;**;-;RI;-;GWA;_;HULPSTUK;_;SCHOONMAAKSTUK;;;;;;;;;-;G/S;;;;SRI-HULP_SCHOONMAAKSTUK;*-**-RI-GWA_HULPSTUK_SCHOONMAAKSTUK-G/S;0.18;30;32;30;30;253;CONTINUOUS;0.35;30;32;30;30;253;CONTINUOUS;0.35;30;32;30;30;253;V-CONTINUOUS-SO;0.35;30;32;30;30;253;CONTINUOUS;;;3605;1681;;
GWA_HULPSTUK_SPUIKRAAN;*;-;**;-;RI;-;GWA;_;HULPSTUK;_;SPUIKRAAN;;;;;;;;;-;G/S;;;;SRI-HULP_SPUIKRAAN;*-**-RI-GWA_HULPSTUK_SPUIKRAAN-G/S;0.18;30;32;30;30;253;CONTINUOUS;0.35;30;32;30;30;253;CONTINUOUS;0.35;30;32;30;30;253;V-CONTINUOUS-SO;0.35;30;32;30;30;253;CONTINUOUS;;;3606;1681;;
GWA_HULPSTUK_VERLOOPSTUK;*;-;**;-;RI;-;GWA;_;HULPSTUK;_;VERLOOPSTUK;;;;;;;;;-;G/S;;;;SRI-HULP_VERLOOPSTUK;*-**-RI-GWA_HULPSTUK_VERLOOPSTUK-G/S;0.18;30;32;30;30;253;CONTINUOUS;0.35;30;32;30;30;253;CONTINUOUS;0.35;30;32;30;30;253;V-CONTINUOUS-SO;0.35;30;32;30;30;253;CONTINUOUS;;;3607;1681;;
GWA_HULPSTUK_VLINDERKLEP;*;-;**;-;RI;-;GWA;_;HULPSTUK;_;VLINDERKLEP;;;;;;;;;-;G/S;;;;SRI-HULP_VLINDERKLEP;*-**-RI-GWA_HULPSTUK_VLINDERKLEP-G/S;0.18;30;32;30;30;253;CONTINUOUS;0.35;30;32;30;30;253;CONTINUOUS;0.35;30;32;30;30;253;V-CONTINUOUS-SO;0.35;30;32;30;30;253;CONTINUOUS;;;3608;1681;;
GWA_KOLK;*;-;**;-;RI;-;GWA;_;KOLK;;;;;;;;;;;-;G/S;;;;SRI-KOLK;*-**-RI-GWA_KOLK-G/S;0.18;30;32;30;30;253;CONTINUOUS;0.35;30;32;30;30;253;CONTINUOUS;0.35;30;32;30;30;253;V-CONTINUOUS-SO;0.35;30;32;30;30;253;CONTINUOUS;;;1685;1664;;
GWA_KOLK-OPHOOGTEBRENGEN;*;-;**;-;RI;-;GWA;_;KOLK;;;;;;;;;-;OPHOOGTEBRENGEN;-;G/S;;;;SRI-KOLK;*-**-RI-GWA_KOLK-OPHOOGTEBRENGEN-G/S;0.18;30;32;30;30;253;RI-OPHOOGTEBRENGEN-SO;0.35;30;32;30;30;253;RI-OPHOOGTEBRENGEN-SO;0.35;30;32;30;30;253;V-RI-OPHOOGTEBRENGEN-SO;0.35;30;32;30;30;253;RI-OPHOOGTEBRENGEN-SO;;;3610;1685;;
GWA_KOLK_COMBIKOLK;*;-;**;-;RI;-;GWA;_;KOLK;_;COMBIKOLK;;;;;;;;;-;G/S;;;;SRI-KOLK_COMBINATIE;*-**-RI-GWA_KOLK_COMBIKOLK-G/S;0.18;30;32;30;30;253;CONTINUOUS;0.35;30;32;30;30;253;CONTINUOUS;0.35;30;32;30;30;253;V-CONTINUOUS-SO;0.35;30;32;30;30;253;CONTINUOUS;;;1686;1685;;
GWA_KOLK_INFILTRATIE;*;-;**;-;RI;-;GWA;_;KOLK;_;INFILTRATIE;;;;;;;;;-;G/S;;;;SRI-KOLK_IFILTR;*-**-RI-GWA_KOLK_INFILTRATIE-G/S;0.18;30;32;30;30;253;CONTINUOUS;0.35;30;32;30;30;253;CONTINUOUS;0.35;30;32;30;30;253;V-CONTINUOUS-SO;0.35;30;32;30;30;253;CONTINUOUS;;;3609;1685;;
GWA_KOLK_RWSKOLK;*;-;**;-;RI;-;GWA;_;KOLK;_;RWSKOLK;;;;;;;;;-;G/S;;;;SRI-KOLK_RWS;*-**-RI-GWA_KOLK_RWSKOLK-G/S;0.18;30;32;30;30;253;CONTINUOUS;0.35;30;32;30;30;253;CONTINUOUS;0.35;30;32;30;30;253;V-CONTINUOUS-SO;0.35;30;32;30;30;253;CONTINUOUS;;;1687;1685;;
GWA_KOLK_STRAATKOLK;*;-;**;-;RI;-;GWA;_;KOLK;_;STRAATKOLK;;;;;;;;;-;G/S;;;;SRI-KOLK_STRAAT;*-**-RI-GWA_KOLK_STRAATKOLK-G/S;0.18;30;32;30;30;253;CONTINUOUS;0.35;30;32;30;30;253;CONTINUOUS;0.35;30;32;30;30;253;V-CONTINUOUS-SO;0.35;30;32;30;30;253;CONTINUOUS;;;1688;1685;;
GWA_KOLK_TROTTOIRKOLK;*;-;**;-;RI;-;GWA;_;KOLK;_;TROTTOIRKOLK;;;;;;;;;-;G/S;;;;SRI-KOLK_TROTTOIR;*-**-RI-GWA_KOLK_TROTTOIRKOLK-G/S;0.18;30;32;30;30;253;CONTINUOUS;0.35;30;32;30;30;253;CONTINUOUS;0.35;30;32;30;30;253;V-CONTINUOUS-SO;0.35;30;32;30;30;253;CONTINUOUS;;;1689;1685;;
GWA_KOLKAANSLUITLEIDING;*;-;**;-;RI;-;GWA;_;KOLKAANSLUITLEIDING;;;;;;;;;;;-;G;;;;;*-**-RI-GWA_KOLKAANSLUITLEIDING-G;0.18;30;32;30;30;253;RI-GWA_AANSLUITLEIDING-SO;0.25;30;32;30;30;253;RI-GWA_AANSLUITLEIDING-SO;0.25;30;32;30;30;253;V-RI-GWA_AANSLUITLEIDING-SO;0.25;30;32;30;30;253;RI-GWA_AANSLUITLEIDING-SO;;;1690;1664;;
GWA_KOLKAANSLUITLEIDING_PE;*;-;**;-;RI;-;GWA;_;KOLKAANSLUITLEIDING;_;PE;;;;;;;;;-;G;;;;;*-**-RI-GWA_KOLKAANSLUITLEIDING_PE-G;0.18;30;32;30;30;253;RI-GWA_AANSLUITLEIDING-SO;0.25;30;32;30;30;253;RI-GWA_AANSLUITLEIDING-SO;0.25;30;32;30;30;253;V-RI-GWA_AANSLUITLEIDING-SO;0.25;30;32;30;30;253;RI-GWA_AANSLUITLEIDING-SO;;;1691;1690;;
GWA_KOLKAANSLUITLEIDING_PE_110;*;-;**;-;RI;-;GWA;_;KOLKAANSLUITLEIDING;_;PE;_;110;;;;;;;-;G;;;;;*-**-RI-GWA_KOLKAANSLUITLEIDING_PE_110-G;0.18;30;32;30;30;253;RI-GWA_AANSLUITLEIDING-SO;0.25;30;32;30;30;253;RI-GWA_AANSLUITLEIDING-SO;0.25;30;32;30;30;253;V-RI-GWA_AANSLUITLEIDING-SO;0.25;30;32;30;30;253;RI-GWA_AANSLUITLEIDING-SO;;;1692;1691;;
GWA_KOLKAANSLUITLEIDING_PE_125;*;-;**;-;RI;-;GWA;_;KOLKAANSLUITLEIDING;_;PE;_;125;;;;;;;-;G;;;;;*-**-RI-GWA_KOLKAANSLUITLEIDING_PE_125-G;0.18;30;32;30;30;253;RI-GWA_AANSLUITLEIDING-SO;0.25;30;32;30;30;253;RI-GWA_AANSLUITLEIDING-SO;0.25;30;32;30;30;253;V-RI-GWA_AANSLUITLEIDING-SO;0.25;30;32;30;30;253;RI-GWA_AANSLUITLEIDING-SO;;;1693;1691;;
GWA_KOLKAANSLUITLEIDING_PE_160;*;-;**;-;RI;-;GWA;_;KOLKAANSLUITLEIDING;_;PE;_;160;;;;;;;-;G;;;;;*-**-RI-GWA_KOLKAANSLUITLEIDING_PE_160-G;0.18;30;32;30;30;253;RI-GWA_AANSLUITLEIDING-SO;0.25;30;32;30;30;253;RI-GWA_AANSLUITLEIDING-SO;0.25;30;32;30;30;253;V-RI-GWA_AANSLUITLEIDING-SO;0.25;30;32;30;30;253;RI-GWA_AANSLUITLEIDING-SO;;;1694;1691;;
GWA_KOLKAANSLUITLEIDING_PVC;*;-;**;-;RI;-;GWA;_;KOLKAANSLUITLEIDING;_;PVC;;;;;;;;;-;G;;;;;*-**-RI-GWA_KOLKAANSLUITLEIDING_PVC-G;0.18;30;32;30;30;253;RI-GWA_AANSLUITLEIDING-SO;0.25;30;32;30;30;253;RI-GWA_AANSLUITLEIDING-SO;0.25;30;32;30;30;253;V-RI-GWA_AANSLUITLEIDING-SO;0.25;30;32;30;30;253;RI-GWA_AANSLUITLEIDING-SO;;;1695;1690;;
GWA_KOLKAANSLUITLEIDING_PVC_110;*;-;**;-;RI;-;GWA;_;KOLKAANSLUITLEIDING;_;PVC;_;110;;;;;;;-;G;;;;;*-**-RI-GWA_KOLKAANSLUITLEIDING_PVC_110-G;0.18;30;32;30;30;253;RI-GWA_AANSLUITLEIDING-SO;0.25;30;32;30;30;253;RI-GWA_AANSLUITLEIDING-SO;0.25;30;32;30;30;253;V-RI-GWA_AANSLUITLEIDING-SO;0.25;30;32;30;30;253;RI-GWA_AANSLUITLEIDING-SO;;;1696;1695;;
GWA_KOLKAANSLUITLEIDING_PVC_125;*;-;**;-;RI;-;GWA;_;KOLKAANSLUITLEIDING;_;PVC;_;125;;;;;;;-;G;;;;;*-**-RI-GWA_KOLKAANSLUITLEIDING_PVC_125-G;0.18;30;32;30;30;253;RI-GWA_AANSLUITLEIDING-SO;0.25;30;32;30;30;253;RI-GWA_AANSLUITLEIDING-SO;0.25;30;32;30;30;253;V-RI-GWA_AANSLUITLEIDING-SO;0.25;30;32;30;30;253;RI-GWA_AANSLUITLEIDING-SO;;;1697;1695;;
GWA_KOLKAANSLUITLEIDING_PVC_160;*;-;**;-;RI;-;GWA;_;KOLKAANSLUITLEIDING;_;PVC;_;160;;;;;;;-;G;;;;;*-**-RI-GWA_KOLKAANSLUITLEIDING_PVC_160-G;0.18;30;32;30;30;253;RI-GWA_AANSLUITLEIDING-SO;0.25;30;32;30;30;253;RI-GWA_AANSLUITLEIDING-SO;0.25;30;32;30;30;253;V-RI-GWA_AANSLUITLEIDING-SO;0.25;30;32;30;30;253;RI-GWA_AANSLUITLEIDING-SO;;;1698;1695;;
GWA_LOZELEIDING;*;-;**;-;RI;-;GWA;_;LOZELEIDING;;;;;;;;;;;-;G;;;;;*-**-RI-GWA_LOZELEIDING-G;0.18;30;32;30;30;253;RI-LOZELEIDING-SO;0.35;30;32;30;30;253;RI-LOZELEIDING-SO;0.35;30;32;30;30;253;V-RI-LOZELEIDING-SO;0.35;30;32;30;30;253;RI-LOZELEIDING-SO;;;1784;1664;;
GWA_LOZELEIDING_UITLEGGER;*;-;**;-;RI;-;GWA;_;LOZELEIDING;_;UITLEGGER;;;;;;;;;-;G;;;;;*-**-RI-GWA_LOZELEIDING_UITLEGGER-G;0.18;30;32;30;30;253;RI-UITLEGGER-SO;0.35;30;32;30;30;253;RI-UITLEGGER-SO;0.35;30;32;30;30;253;V-RI-UITLEGGER-SO;0.35;30;32;30;30;253;RI-UITLEGGER-SO;;;4045;1784;;
GWA_LOZELEIDING_VOLGESCHUIMD;*;-;**;-;RI;-;GWA;_;LOZELEIDING;_;VOLGESCHUIMD;;;;;;;;;-;G;;;;;*-**-RI-GWA_LOZELEIDING_VOLGESCHUIMD-G;0.18;30;32;30;30;253;RI-VOLSCHUIMEN-SO;0.35;30;32;30;30;253;RI-VOLSCHUIMEN-SO;0.35;30;32;30;30;253;V-RI-VOLSCHUIMEN-SO;0.35;30;32;30;30;253;RI-VOLSCHUIMEN-SO;;;3691;1784;;
GWA_LOZELEIDING_VOLGEZAND;*;-;**;-;RI;-;GWA;_;LOZELEIDING;_;VOLGEZAND;;;;;;;;;-;G;;;;;*-**-RI-GWA_LOZELEIDING_VOLGEZAND-G;0.18;30;32;30;30;253;RI-VOLZANDEN-SO;0.35;30;32;30;30;253;RI-VOLZANDEN-SO;0.35;30;32;30;30;253;V-RI-VOLZANDEN-SO;0.35;30;32;30;30;253;RI-VOLZANDEN-SO;;;3692;1784;;
GWA_LOZEPUT;*;-;**;-;RI;-;GWA;_;LOZEPUT;;;;;;;;;;;-;G/S;;;;SRI-PUT_INSPECTIE;*-**-RI-GWA_LOZEPUT-G/S;0.18;30;32;30;30;253;CONTINUOUS;0.35;30;32;30;30;253;CONTINUOUS;0.35;30;32;30;30;253;V-CONTINUOUS-SO;0.35;30;32;30;30;253;CONTINUOUS;;;3686;1664;;
GWA_LOZEPUT_VOLGESCHUIMD;*;-;**;-;RI;-;GWA;_;LOZEPUT;_;VOLGESCHUIMD;;;;;;;;;-;G/S;;;;SRI-PUT_INSPECTIE;*-**-RI-GWA_LOZEPUT_VOLGESCHUIMD-G/S;0.18;30;32;30;30;253;CONTINUOUS;0.35;30;32;30;30;253;CONTINUOUS;0.35;30;32;30;30;253;V-CONTINUOUS-SO;0.35;30;32;30;30;253;CONTINUOUS;;;3687;3686;;
GWA_LOZEPUT_VOLGEZAND;*;-;**;-;RI;-;GWA;_;LOZEPUT;_;VOLGEZAND;;;;;;;;;-;G/S;;;;SRI-PUT_INSPECTIE;*-**-RI-GWA_LOZEPUT_VOLGEZAND-G/S;0.18;30;32;30;30;253;CONTINUOUS;0.35;30;32;30;30;253;CONTINUOUS;0.35;30;32;30;30;253;V-CONTINUOUS-SO;0.35;30;32;30;30;253;CONTINUOUS;;;3688;3686;;
GWA_LOZINGSPUNT;*;-;**;-;RI;-;GWA;_;LOZINGSPUNT;;;;;;;;;;;-;G;;;;;*-**-RI-GWA_LOZINGSPUNT-G;0.18;30;32;30;30;253;CONTINUOUS;0.35;30;32;30;30;253;CONTINUOUS;0.35;30;32;30;30;253;V-CONTINUOUS-SO;0.35;30;32;30;30;253;CONTINUOUS;;;1699;1664;;
GWA_LOZINGSPUNT_BODEM;*;-;**;-;RI;-;GWA;_;LOZINGSPUNT;_;BODEM;;;;;;;;;-;G;;;;;*-**-RI-GWA_LOZINGSPUNT_BODEM-G;0.18;30;32;30;30;253;CONTINUOUS;0.35;30;32;30;30;253;CONTINUOUS;0.35;30;32;30;30;253;V-CONTINUOUS-SO;0.35;30;32;30;30;253;CONTINUOUS;;;3611;1699;;
GWA_LOZINGSPUNT_OPPERVLAKTEWATER;*;-;**;-;RI;-;GWA;_;LOZINGSPUNT;_;OPPERVLAKTEWATER;;;;;;;;;-;G;;;;;*-**-RI-GWA_LOZINGSPUNT_OPPERVLAKTEWATER-G;0.18;30;32;30;30;253;CONTINUOUS;0.35;30;32;30;30;253;CONTINUOUS;0.35;30;32;30;30;253;V-CONTINUOUS-SO;0.35;30;32;30;30;253;CONTINUOUS;;;3612;1699;;
GWA_MANTELBUIS;*;-;**;-;RI;-;GWA;_;MANTELBUIS;;;;;;;;;;;-;G;;;;;*-**-RI-GWA_MANTELBUIS-G;0.18;30;32;30;30;253;CONTINUOUS;0.35;30;32;30;30;253;CONTINUOUS;0.35;30;32;30;30;253;V-CONTINUOUS-SO;0.35;30;32;30;30;253;CONTINUOUS;;;1700;1664;;
GWA_PERCEELAANSLUITLEIDING;*;-;**;-;RI;-;GWA;_;PERCEELAANSLUITLEIDING;;;;;;;;;;;-;G;;;;;*-**-RI-GWA_PERCEELAANSLUITLEIDING-G;0.18;30;32;30;30;253;RI-GWA_AANSLUITLEIDING-SO;0.25;30;32;30;30;253;RI-GWA_AANSLUITLEIDING-SO;0.25;30;32;30;30;253;V-RI-GWA_AANSLUITLEIDING-SO;0.25;30;32;30;30;253;RI-GWA_AANSLUITLEIDING-SO;;;1667;1664;;
GWA_PERCEELAANSLUITLEIDING_GRES;*;-;**;-;RI;-;GWA;_;PERCEELAANSLUITLEIDING;_;GRES;;;;;;;;;-;G;;;;;*-**-RI-GWA_PERCEELAANSLUITLEIDING_GRES-G;0.18;30;32;30;30;253;RI-GWA_AANSLUITLEIDING-SO;0.25;30;32;30;30;253;RI-GWA_AANSLUITLEIDING-SO;0.25;30;32;30;30;253;V-RI-GWA_AANSLUITLEIDING-SO;0.25;30;32;30;30;253;RI-GWA_AANSLUITLEIDING-SO;;;1668;1667;;
GWA_PERCEELAANSLUITLEIDING_GRES_100;*;-;**;-;RI;-;GWA;_;PERCEELAANSLUITLEIDING;_;GRES;_;100;;;;;;;-;G;;;;;*-**-RI-GWA_PERCEELAANSLUITLEIDING_GRES_100-G;0.18;30;32;30;30;253;RI-GWA_AANSLUITLEIDING-SO;0.25;30;32;30;30;253;RI-GWA_AANSLUITLEIDING-SO;0.25;30;32;30;30;253;V-RI-GWA_AANSLUITLEIDING-SO;0.25;30;32;30;30;253;RI-GWA_AANSLUITLEIDING-SO;;;1669;1668;;
GWA_PERCEELAANSLUITLEIDING_GRES_125;*;-;**;-;RI;-;GWA;_;PERCEELAANSLUITLEIDING;_;GRES;_;125;;;;;;;-;G;;;;;*-**-RI-GWA_PERCEELAANSLUITLEIDING_GRES_125-G;0.18;30;32;30;30;253;RI-GWA_AANSLUITLEIDING-SO;0.25;30;32;30;30;253;RI-GWA_AANSLUITLEIDING-SO;0.25;30;32;30;30;253;V-RI-GWA_AANSLUITLEIDING-SO;0.25;30;32;30;30;253;RI-GWA_AANSLUITLEIDING-SO;;;1670;1668;;
GWA_PERCEELAANSLUITLEIDING_GRES_150;*;-;**;-;RI;-;GWA;_;PERCEELAANSLUITLEIDING;_;GRES;_;150;;;;;;;-;G;;;;;*-**-RI-GWA_PERCEELAANSLUITLEIDING_GRES_150-G;0.18;30;32;30;30;253;RI-GWA_AANSLUITLEIDING-SO;0.25;30;32;30;30;253;RI-GWA_AANSLUITLEIDING-SO;0.25;30;32;30;30;253;V-RI-GWA_AANSLUITLEIDING-SO;0.25;30;32;30;30;253;RI-GWA_AANSLUITLEIDING-SO;;;1671;1668;;
GWA_PERCEELAANSLUITLEIDING_PE;*;-;**;-;RI;-;GWA;_;PERCEELAANSLUITLEIDING;_;PE;;;;;;;;;-;G;;;;;*-**-RI-GWA_PERCEELAANSLUITLEIDING_PE-G;0.18;30;32;30;30;253;RI-GWA_AANSLUITLEIDING-SO;0.25;30;32;30;30;253;RI-GWA_AANSLUITLEIDING-SO;0.25;30;32;30;30;253;V-RI-GWA_AANSLUITLEIDING-SO;0.25;30;32;30;30;253;RI-GWA_AANSLUITLEIDING-SO;;;1672;1667;;
GWA_PERCEELAANSLUITLEIDING_PE_110;*;-;**;-;RI;-;GWA;_;PERCEELAANSLUITLEIDING;_;PE;_;110;;;;;;;-;G;;;;;*-**-RI-GWA_PERCEELAANSLUITLEIDING_PE_110-G;0.18;30;32;30;30;253;RI-GWA_AANSLUITLEIDING-SO;0.25;30;32;30;30;253;RI-GWA_AANSLUITLEIDING-SO;0.25;30;32;30;30;253;V-RI-GWA_AANSLUITLEIDING-SO;0.25;30;32;30;30;253;RI-GWA_AANSLUITLEIDING-SO;;;1673;1672;;
GWA_PERCEELAANSLUITLEIDING_PE_63;*;-;**;-;RI;-;GWA;_;PERCEELAANSLUITLEIDING;_;PE;_;63;;;;;;;-;G;;;;;*-**-RI-GWA_PERCEELAANSLUITLEIDING_PE_63-G;0.18;30;32;30;30;253;RI-GWA_AANSLUITLEIDING-SO;0.25;30;32;30;30;253;RI-GWA_AANSLUITLEIDING-SO;0.25;30;32;30;30;253;V-RI-GWA_AANSLUITLEIDING-SO;0.25;30;32;30;30;253;RI-GWA_AANSLUITLEIDING-SO;;;1674;1672;;
GWA_PERCEELAANSLUITLEIDING_PE_75;*;-;**;-;RI;-;GWA;_;PERCEELAANSLUITLEIDING;_;PE;_;75;;;;;;;-;G;;;;;*-**-RI-GWA_PERCEELAANSLUITLEIDING_PE_75-G;0.18;30;32;30;30;253;RI-GWA_AANSLUITLEIDING-SO;0.25;30;32;30;30;253;RI-GWA_AANSLUITLEIDING-SO;0.25;30;32;30;30;253;V-RI-GWA_AANSLUITLEIDING-SO;0.25;30;32;30;30;253;RI-GWA_AANSLUITLEIDING-SO;;;1675;1672;;
GWA_PERCEELAANSLUITLEIDING_PE_90;*;-;**;-;RI;-;GWA;_;PERCEELAANSLUITLEIDING;_;PE;_;90;;;;;;;-;G;;;;;*-**-RI-GWA_PERCEELAANSLUITLEIDING_PE_90-G;0.18;30;32;30;30;253;RI-GWA_AANSLUITLEIDING-SO;0.25;30;32;30;30;253;RI-GWA_AANSLUITLEIDING-SO;0.25;30;32;30;30;253;V-RI-GWA_AANSLUITLEIDING-SO;0.25;30;32;30;30;253;RI-GWA_AANSLUITLEIDING-SO;;;1676;1672;;
GWA_PERCEELAANSLUITLEIDING_PVC;*;-;**;-;RI;-;GWA;_;PERCEELAANSLUITLEIDING;_;PVC;;;;;;;;;-;G;;;;;*-**-RI-GWA_PERCEELAANSLUITLEIDING_PVC-G;0.18;30;32;30;30;253;RI-GWA_AANSLUITLEIDING-SO;0.25;30;32;30;30;253;RI-GWA_AANSLUITLEIDING-SO;0.25;30;32;30;30;253;V-RI-GWA_AANSLUITLEIDING-SO;0.25;30;32;30;30;253;RI-GWA_AANSLUITLEIDING-SO;;;1677;1667;;
GWA_PERCEELAANSLUITLEIDING_PVC_110;*;-;**;-;RI;-;GWA;_;PERCEELAANSLUITLEIDING;_;PVC;_;110;;;;;;;-;G;;;;;*-**-RI-GWA_PERCEELAANSLUITLEIDING_PVC_110-G;0.18;30;32;30;30;253;RI-GWA_AANSLUITLEIDING-SO;0.25;30;32;30;30;253;RI-GWA_AANSLUITLEIDING-SO;0.25;30;32;30;30;253;V-RI-GWA_AANSLUITLEIDING-SO;0.25;30;32;30;30;253;RI-GWA_AANSLUITLEIDING-SO;;;1678;1677;;
GWA_PERCEELAANSLUITLEIDING_PVC_125;*;-;**;-;RI;-;GWA;_;PERCEELAANSLUITLEIDING;_;PVC;_;125;;;;;;;-;G;;;;;*-**-RI-GWA_PERCEELAANSLUITLEIDING_PVC_125-G;0.18;30;32;30;30;253;RI-GWA_AANSLUITLEIDING-SO;0.25;30;32;30;30;253;RI-GWA_AANSLUITLEIDING-SO;0.25;30;32;30;30;253;V-RI-GWA_AANSLUITLEIDING-SO;0.25;30;32;30;30;253;RI-GWA_AANSLUITLEIDING-SO;;;1679;1677;;
GWA_PERCEELAANSLUITLEIDING_PVC_160;*;-;**;-;RI;-;GWA;_;PERCEELAANSLUITLEIDING;_;PVC;_;160;;;;;;;-;G;;;;;*-**-RI-GWA_PERCEELAANSLUITLEIDING_PVC_160-G;0.18;30;32;30;30;253;RI-GWA_AANSLUITLEIDING-SO;0.25;30;32;30;30;253;RI-GWA_AANSLUITLEIDING-SO;0.25;30;32;30;30;253;V-RI-GWA_AANSLUITLEIDING-SO;0.25;30;32;30;30;253;RI-GWA_AANSLUITLEIDING-SO;;;1680;1677;;
GWA_PUTDEKSELNIVEAU;*;-;**;-;RI;-;GWA;_;PUTDEKSELNIVEAU;;;;;;;;;;;-;G/S;;;;SRI-PUTDEKSELHOOGTE;*-**-RI-GWA_PUTDEKSELNIVEAU-G/S;0.18;30;32;30;30;253;CONTINUOUS;0.35;30;32;30;30;253;CONTINUOUS;0.35;30;32;30;30;253;V-CONTINUOUS-SO;0.35;30;32;30;30;253;CONTINUOUS;;;1701;1664;;
GWA_PUTNUMMER;*;-;**;-;RI;-;GWA;_;PUTNUMMER;;;;;;;;;;;-;G/S;;;;SRI-PUTNUMMER;*-**-RI-GWA_PUTNUMMER-G/S;0.18;30;32;30;30;253;CONTINUOUS;0.35;30;32;30;30;253;CONTINUOUS;0.35;30;32;30;30;253;V-CONTINUOUS-SO;0.35;30;32;30;30;253;CONTINUOUS;;;1702;1664;;
GWA_RIOOLLEIDING;*;-;**;-;RI;-;GWA;_;RIOOLLEIDING;;;;;;;;;;;-;G;;;;;*-**-RI-GWA_RIOOLLEIDING-G;0.18;30;32;30;30;253;RI-GWA-SO;0.35;30;32;30;30;253;RI-GWA-SO;0.35;30;32;30;30;253;V-RI-GWA-SO;0.35;30;32;30;30;253;RI-GWA-SO;;;3613;1664;;
GWA_RIOOLLEIDING-LINING;*;-;**;-;RI;-;GWA;_;RIOOLLEIDING;;;;;;;;;-;LINING;-;G;;;;;*-**-RI-GWA_RIOOLLEIDING-LINING-G;0.18;30;32;30;30;253;RI-LINING-SO;0.35;30;32;30;30;253;RI-LINING-SO;0.35;30;32;30;30;253;V-RI-LINING-SO;0.35;30;32;30;30;253;RI-LINING-SO;;;3615;3613;;
GWA_RIOOLLEIDING-VOLSCHUIMEN;*;-;**;-;RI;-;GWA;_;RIOOLLEIDING;;;;;;;;;-;VOLSCHUIMEN;-;G;;;;;*-**-RI-GWA_RIOOLLEIDING-VOLSCHUIMEN-G;0.18;30;32;30;30;253;RI-VOLSCHUIMEN-SO;0.35;30;32;30;30;253;RI-VOLSCHUIMEN-SO;0.35;30;32;30;30;253;V-RI-VOLSCHUIMEN-SO;0.35;30;32;30;30;253;RI-VOLSCHUIMEN-SO;;;3616;3613;;
GWA_RIOOLLEIDING-VOLZANDEN;*;-;**;-;RI;-;GWA;_;RIOOLLEIDING;;;;;;;;;-;VOLZANDEN;-;G;;;;;*-**-RI-GWA_RIOOLLEIDING-VOLZANDEN-G;0.18;30;32;30;30;253;RI-VOLZANDEN-SO;0.35;30;32;30;30;253;RI-VOLZANDEN-SO;0.35;30;32;30;30;253;V-RI-VOLZANDEN-SO;0.35;30;32;30;30;253;RI-VOLZANDEN-SO;;;3617;3613;;
GWA_RIOOLLEIDING_BETON;*;-;**;-;RI;-;GWA;_;RIOOLLEIDING;_;BETON;;;;;;;;;-;G;;;;;*-**-RI-GWA_RIOOLLEIDING_BETON-G;0.18;30;32;30;30;253;RI-GWA-SO;0.35;30;32;30;30;253;RI-GWA-SO;0.35;30;32;30;30;253;V-RI-GWA-SO;0.35;30;32;30;30;253;RI-GWA-SO;;;3618;3613;;
GWA_RIOOLLEIDING_BETON_1000;*;-;**;-;RI;-;GWA;_;RIOOLLEIDING;_;BETON;_;1000;;;;;;;-;G;;;;;*-**-RI-GWA_RIOOLLEIDING_BETON_1000-G;0.18;30;32;30;30;253;RI-GWA-SO;0.35;30;32;30;30;253;RI-GWA-SO;0.35;30;32;30;30;253;V-RI-GWA-SO;0.35;30;32;30;30;253;RI-GWA-SO;;;3619;3618;;
GWA_RIOOLLEIDING_BETON_1250;*;-;**;-;RI;-;GWA;_;RIOOLLEIDING;_;BETON;_;1250;;;;;;;-;G;;;;;*-**-RI-GWA_RIOOLLEIDING_BETON_1250-G;0.18;30;32;30;30;253;RI-GWA-SO;0.35;30;32;30;30;253;RI-GWA-SO;0.35;30;32;30;30;253;V-RI-GWA-SO;0.35;30;32;30;30;253;RI-GWA-SO;;;3620;3618;;
GWA_RIOOLLEIDING_BETON_1500;*;-;**;-;RI;-;GWA;_;RIOOLLEIDING;_;BETON;_;1500;;;;;;;-;G;;;;;*-**-RI-GWA_RIOOLLEIDING_BETON_1500-G;0.18;30;32;30;30;253;RI-GWA-SO;0.35;30;32;30;30;253;RI-GWA-SO;0.35;30;32;30;30;253;V-RI-GWA-SO;0.35;30;32;30;30;253;RI-GWA-SO;;;3621;3618;;
GWA_RIOOLLEIDING_BETON_2000;*;-;**;-;RI;-;GWA;_;RIOOLLEIDING;_;BETON;_;2000;;;;;;;-;G;;;;;*-**-RI-GWA_RIOOLLEIDING_BETON_2000-G;0.18;30;32;30;30;253;RI-GWA-SO;0.35;30;32;30;30;253;RI-GWA-SO;0.35;30;32;30;30;253;V-RI-GWA-SO;0.35;30;32;30;30;253;RI-GWA-SO;;;3622;3618;;
GWA_RIOOLLEIDING_BETON_250;*;-;**;-;RI;-;GWA;_;RIOOLLEIDING;_;BETON;_;250;;;;;;;-;G;;;;;*-**-RI-GWA_RIOOLLEIDING_BETON_250-G;0.18;30;32;30;30;253;RI-GWA-SO;0.35;30;32;30;30;253;RI-GWA-SO;0.35;30;32;30;30;253;V-RI-GWA-SO;0.35;30;32;30;30;253;RI-GWA-SO;;;3623;3618;;
GWA_RIOOLLEIDING_BETON_300;*;-;**;-;RI;-;GWA;_;RIOOLLEIDING;_;BETON;_;300;;;;;;;-;G;;;;;*-**-RI-GWA_RIOOLLEIDING_BETON_300-G;0.18;30;32;30;30;253;RI-GWA-SO;0.35;30;32;30;30;253;RI-GWA-SO;0.35;30;32;30;30;253;V-RI-GWA-SO;0.35;30;32;30;30;253;RI-GWA-SO;;;3624;3618;;
GWA_RIOOLLEIDING_BETON_400;*;-;**;-;RI;-;GWA;_;RIOOLLEIDING;_;BETON;_;400;;;;;;;-;G;;;;;*-**-RI-GWA_RIOOLLEIDING_BETON_400-G;0.18;30;32;30;30;253;RI-GWA-SO;0.35;30;32;30;30;253;RI-GWA-SO;0.35;30;32;30;30;253;V-RI-GWA-SO;0.35;30;32;30;30;253;RI-GWA-SO;;;3625;3618;;
GWA_RIOOLLEIDING_BETON_500;*;-;**;-;RI;-;GWA;_;RIOOLLEIDING;_;BETON;_;500;;;;;;;-;G;;;;;*-**-RI-GWA_RIOOLLEIDING_BETON_500-G;0.18;30;32;30;30;253;RI-GWA-SO;0.35;30;32;30;30;253;RI-GWA-SO;0.35;30;32;30;30;253;V-RI-GWA-SO;0.35;30;32;30;30;253;RI-GWA-SO;;;3626;3618;;
GWA_RIOOLLEIDING_BETON_600;*;-;**;-;RI;-;GWA;_;RIOOLLEIDING;_;BETON;_;600;;;;;;;-;G;;;;;*-**-RI-GWA_RIOOLLEIDING_BETON_600-G;0.18;30;32;30;30;253;RI-GWA-SO;0.35;30;32;30;30;253;RI-GWA-SO;0.35;30;32;30;30;253;V-RI-GWA-SO;0.35;30;32;30;30;253;RI-GWA-SO;;;3627;3618;;
GWA_RIOOLLEIDING_BETON_700;*;-;**;-;RI;-;GWA;_;RIOOLLEIDING;_;BETON;_;700;;;;;;;-;G;;;;;*-**-RI-GWA_RIOOLLEIDING_BETON_700-G;0.18;30;32;30;30;253;RI-GWA-SO;0.35;30;32;30;30;253;RI-GWA-SO;0.35;30;32;30;30;253;V-RI-GWA-SO;0.35;30;32;30;30;253;RI-GWA-SO;;;3628;3618;;
GWA_RIOOLLEIDING_BETON_800;*;-;**;-;RI;-;GWA;_;RIOOLLEIDING;_;BETON;_;800;;;;;;;-;G;;;;;*-**-RI-GWA_RIOOLLEIDING_BETON_800-G;0.18;30;32;30;30;253;RI-GWA-SO;0.35;30;32;30;30;253;RI-GWA-SO;0.35;30;32;30;30;253;V-RI-GWA-SO;0.35;30;32;30;30;253;RI-GWA-SO;;;3629;3618;;
GWA_RIOOLLEIDING_BETON_900;*;-;**;-;RI;-;GWA;_;RIOOLLEIDING;_;BETON;_;900;;;;;;;-;G;;;;;*-**-RI-GWA_RIOOLLEIDING_BETON_900-G;0.18;30;32;30;30;253;RI-GWA-SO;0.35;30;32;30;30;253;RI-GWA-SO;0.35;30;32;30;30;253;V-RI-GWA-SO;0.35;30;32;30;30;253;RI-GWA-SO;;;3630;3618;;
GWA_RIOOLLEIDING_BETON_EI;*;-;**;-;RI;-;GWA;_;RIOOLLEIDING;_;BETON;_;EI;;;;;;;-;G;;;;;*-**-RI-GWA_RIOOLLEIDING_BETON_EI-G;0.18;30;32;30;30;253;RI-GWA-SO;0.35;30;32;30;30;253;RI-GWA-SO;0.35;30;32;30;30;253;V-RI-GWA-SO;0.35;30;32;30;30;253;RI-GWA-SO;;;3631;3618;;
GWA_RIOOLLEIDING_BETON_EI_1000X1500;*;-;**;-;RI;-;GWA;_;RIOOLLEIDING;_;BETON;_;EI;_;1000X1500;;;;;-;G;;;;;*-**-RI-GWA_RIOOLLEIDING_BETON_EI_1000X1500-G;0.18;30;32;30;30;253;RI-GWA-SO;0.35;30;32;30;30;253;RI-GWA-SO;0.35;30;32;30;30;253;V-RI-GWA-SO;0.35;30;32;30;30;253;RI-GWA-SO;;;3632;3631;;
GWA_RIOOLLEIDING_BETON_EI_200X300;*;-;**;-;RI;-;GWA;_;RIOOLLEIDING;_;BETON;_;EI;_;200X300;;;;;-;G;;;;;*-**-RI-GWA_RIOOLLEIDING_BETON_EI_200X300-G;0.18;30;32;30;30;253;RI-GWA-SO;0.35;30;32;30;30;253;RI-GWA-SO;0.35;30;32;30;30;253;V-RI-GWA-SO;0.35;30;32;30;30;253;RI-GWA-SO;;;3633;3631;;
GWA_RIOOLLEIDING_BETON_EI_250X375;*;-;**;-;RI;-;GWA;_;RIOOLLEIDING;_;BETON;_;EI;_;250X375;;;;;-;G;;;;;*-**-RI-GWA_RIOOLLEIDING_BETON_EI_250X375-G;0.18;30;32;30;30;253;RI-GWA-SO;0.35;30;32;30;30;253;RI-GWA-SO;0.35;30;32;30;30;253;V-RI-GWA-SO;0.35;30;32;30;30;253;RI-GWA-SO;;;3634;3631;;
GWA_RIOOLLEIDING_BETON_EI_300X450;*;-;**;-;RI;-;GWA;_;RIOOLLEIDING;_;BETON;_;EI;_;300X450;;;;;-;G;;;;;*-**-RI-GWA_RIOOLLEIDING_BETON_EI_300X450-G;0.18;30;32;30;30;253;RI-GWA-SO;0.35;30;32;30;30;253;RI-GWA-SO;0.35;30;32;30;30;253;V-RI-GWA-SO;0.35;30;32;30;30;253;RI-GWA-SO;;;3635;3631;;
GWA_RIOOLLEIDING_BETON_EI_400X600;*;-;**;-;RI;-;GWA;_;RIOOLLEIDING;_;BETON;_;EI;_;400X600;;;;;-;G;;;;;*-**-RI-GWA_RIOOLLEIDING_BETON_EI_400X600-G;0.18;30;32;30;30;253;RI-GWA-SO;0.35;30;32;30;30;253;RI-GWA-SO;0.35;30;32;30;30;253;V-RI-GWA-SO;0.35;30;32;30;30;253;RI-GWA-SO;;;3636;3631;;
GWA_RIOOLLEIDING_BETON_EI_500X750;*;-;**;-;RI;-;GWA;_;RIOOLLEIDING;_;BETON;_;EI;_;500X750;;;;;-;G;;;;;*-**-RI-GWA_RIOOLLEIDING_BETON_EI_500X750-G;0.18;30;32;30;30;253;RI-GWA-SO;0.35;30;32;30;30;253;RI-GWA-SO;0.35;30;32;30;30;253;V-RI-GWA-SO;0.35;30;32;30;30;253;RI-GWA-SO;;;3637;3631;;
GWA_RIOOLLEIDING_BETON_EI_600X900;*;-;**;-;RI;-;GWA;_;RIOOLLEIDING;_;BETON;_;EI;_;600X900;;;;;-;G;;;;;*-**-RI-GWA_RIOOLLEIDING_BETON_EI_600X900-G;0.18;30;32;30;30;253;RI-GWA-SO;0.35;30;32;30;30;253;RI-GWA-SO;0.35;30;32;30;30;253;V-RI-GWA-SO;0.35;30;32;30;30;253;RI-GWA-SO;;;3638;3631;;
GWA_RIOOLLEIDING_BETON_EI_700X1050;*;-;**;-;RI;-;GWA;_;RIOOLLEIDING;_;BETON;_;EI;_;700X1050;;;;;-;G;;;;;*-**-RI-GWA_RIOOLLEIDING_BETON_EI_700X1050-G;0.18;30;32;30;30;253;RI-GWA-SO;0.35;30;32;30;30;253;RI-GWA-SO;0.35;30;32;30;30;253;V-RI-GWA-SO;0.35;30;32;30;30;253;RI-GWA-SO;;;3639;3631;;
GWA_RIOOLLEIDING_BETON_EI_800X1200;*;-;**;-;RI;-;GWA;_;RIOOLLEIDING;_;BETON;_;EI;_;800X1200;;;;;-;G;;;;;*-**-RI-GWA_RIOOLLEIDING_BETON_EI_800X1200-G;0.18;30;32;30;30;253;RI-GWA-SO;0.35;30;32;30;30;253;RI-GWA-SO;0.35;30;32;30;30;253;V-RI-GWA-SO;0.35;30;32;30;30;253;RI-GWA-SO;;;3640;3631;;
GWA_RIOOLLEIDING_BETON_EI_900X1350;*;-;**;-;RI;-;GWA;_;RIOOLLEIDING;_;BETON;_;EI;_;900X1350;;;;;-;G;;;;;*-**-RI-GWA_RIOOLLEIDING_BETON_EI_900X1350-G;0.18;30;32;30;30;253;RI-GWA-SO;0.35;30;32;30;30;253;RI-GWA-SO;0.35;30;32;30;30;253;V-RI-GWA-SO;0.35;30;32;30;30;253;RI-GWA-SO;;;3641;3631;;
GWA_RIOOLLEIDING_GRES;*;-;**;-;RI;-;GWA;_;RIOOLLEIDING;_;GRES;;;;;;;;;-;G;;;;;*-**-RI-GWA_RIOOLLEIDING_GRES-G;0.18;30;32;30;30;253;RI-GWA-SO;0.35;30;32;30;30;253;RI-GWA-SO;0.35;30;32;30;30;253;V-RI-GWA-SO;0.35;30;32;30;30;253;RI-GWA-SO;;;3642;3613;;
GWA_RIOOLLEIDING_GRES_1000;*;-;**;-;RI;-;GWA;_;RIOOLLEIDING;_;GRES;_;1000;;;;;;;-;G;;;;;*-**-RI-GWA_RIOOLLEIDING_GRES_1000-G;0.18;30;32;30;30;253;RI-GWA-SO;0.35;30;32;30;30;253;RI-GWA-SO;0.35;30;32;30;30;253;V-RI-GWA-SO;0.35;30;32;30;30;253;RI-GWA-SO;;;3643;3642;;
GWA_RIOOLLEIDING_GRES_200;*;-;**;-;RI;-;GWA;_;RIOOLLEIDING;_;GRES;_;200;;;;;;;-;G;;;;;*-**-RI-GWA_RIOOLLEIDING_GRES_200-G;0.18;30;32;30;30;253;RI-GWA-SO;0.35;30;32;30;30;253;RI-GWA-SO;0.35;30;32;30;30;253;V-RI-GWA-SO;0.35;30;32;30;30;253;RI-GWA-SO;;;3644;3642;;
GWA_RIOOLLEIDING_GRES_250;*;-;**;-;RI;-;GWA;_;RIOOLLEIDING;_;GRES;_;250;;;;;;;-;G;;;;;*-**-RI-GWA_RIOOLLEIDING_GRES_250-G;0.18;30;32;30;30;253;RI-GWA-SO;0.35;30;32;30;30;253;RI-GWA-SO;0.35;30;32;30;30;253;V-RI-GWA-SO;0.35;30;32;30;30;253;RI-GWA-SO;;;3645;3642;;
GWA_RIOOLLEIDING_GRES_300;*;-;**;-;RI;-;GWA;_;RIOOLLEIDING;_;GRES;_;300;;;;;;;-;G;;;;;*-**-RI-GWA_RIOOLLEIDING_GRES_300-G;0.18;30;32;30;30;253;RI-GWA-SO;0.35;30;32;30;30;253;RI-GWA-SO;0.35;30;32;30;30;253;V-RI-GWA-SO;0.35;30;32;30;30;253;RI-GWA-SO;;;3646;3642;;
GWA_RIOOLLEIDING_GRES_400;*;-;**;-;RI;-;GWA;_;RIOOLLEIDING;_;GRES;_;400;;;;;;;-;G;;;;;*-**-RI-GWA_RIOOLLEIDING_GRES_400-G;0.18;30;32;30;30;253;RI-GWA-SO;0.35;30;32;30;30;253;RI-GWA-SO;0.35;30;32;30;30;253;V-RI-GWA-SO;0.35;30;32;30;30;253;RI-GWA-SO;;;3647;3642;;
GWA_RIOOLLEIDING_GRES_500;*;-;**;-;RI;-;GWA;_;RIOOLLEIDING;_;GRES;_;500;;;;;;;-;G;;;;;*-**-RI-GWA_RIOOLLEIDING_GRES_500-G;0.18;30;32;30;30;253;RI-GWA-SO;0.35;30;32;30;30;253;RI-GWA-SO;0.35;30;32;30;30;253;V-RI-GWA-SO;0.35;30;32;30;30;253;RI-GWA-SO;;;3648;3642;;
GWA_RIOOLLEIDING_GRES_600;*;-;**;-;RI;-;GWA;_;RIOOLLEIDING;_;GRES;_;600;;;;;;;-;G;;;;;*-**-RI-GWA_RIOOLLEIDING_GRES_600-G;0.18;30;32;30;30;253;RI-GWA-SO;0.35;30;32;30;30;253;RI-GWA-SO;0.35;30;32;30;30;253;V-RI-GWA-SO;0.35;30;32;30;30;253;RI-GWA-SO;;;3649;3642;;
GWA_RIOOLLEIDING_GRES_700;*;-;**;-;RI;-;GWA;_;RIOOLLEIDING;_;GRES;_;700;;;;;;;-;G;;;;;*-**-RI-GWA_RIOOLLEIDING_GRES_700-G;0.18;30;32;30;30;253;RI-GWA-SO;0.35;30;32;30;30;253;RI-GWA-SO;0.35;30;32;30;30;253;V-RI-GWA-SO;0.35;30;32;30;30;253;RI-GWA-SO;;;3650;3642;;
GWA_RIOOLLEIDING_GRES_800;*;-;**;-;RI;-;GWA;_;RIOOLLEIDING;_;GRES;_;800;;;;;;;-;G;;;;;*-**-RI-GWA_RIOOLLEIDING_GRES_800-G;0.18;30;32;30;30;253;RI-GWA-SO;0.35;30;32;30;30;253;RI-GWA-SO;0.35;30;32;30;30;253;V-RI-GWA-SO;0.35;30;32;30;30;253;RI-GWA-SO;;;3651;3642;;
GWA_RIOOLLEIDING_GRES_900;*;-;**;-;RI;-;GWA;_;RIOOLLEIDING;_;GRES;_;900;;;;;;;-;G;;;;;*-**-RI-GWA_RIOOLLEIDING_GRES_900-G;0.18;30;32;30;30;253;RI-GWA-SO;0.35;30;32;30;30;253;RI-GWA-SO;0.35;30;32;30;30;253;V-RI-GWA-SO;0.35;30;32;30;30;253;RI-GWA-SO;;;3652;3642;;
GWA_RIOOLLEIDING_PE;*;-;**;-;RI;-;GWA;_;RIOOLLEIDING;_;PE;;;;;;;;;-;G;;;;;*-**-RI-GWA_RIOOLLEIDING_PE-G;0.18;30;32;30;30;253;RI-GWA-SO;0.35;30;32;30;30;253;RI-GWA-SO;0.35;30;32;30;30;253;V-RI-GWA-SO;0.35;30;32;30;30;253;RI-GWA-SO;;;3653;3613;;
GWA_RIOOLLEIDING_PE_160;*;-;**;-;RI;-;GWA;_;RIOOLLEIDING;_;PE;_;160;;;;;;;-;G;;;;;*-**-RI-GWA_RIOOLLEIDING_PE_160-G;0.18;30;32;30;30;253;RI-GWA-SO;0.35;30;32;30;30;253;RI-GWA-SO;0.35;30;32;30;30;253;V-RI-GWA-SO;0.35;30;32;30;30;253;RI-GWA-SO;;;3654;3653;;
GWA_RIOOLLEIDING_PE_315;*;-;**;-;RI;-;GWA;_;RIOOLLEIDING;_;PE;_;315;;;;;;;-;G;;;;;*-**-RI-GWA_RIOOLLEIDING_PE_315-G;0.18;30;32;30;30;253;RI-GWA-SO;0.35;30;32;30;30;253;RI-GWA-SO;0.35;30;32;30;30;253;V-RI-GWA-SO;0.35;30;32;30;30;253;RI-GWA-SO;;;3655;3653;;
GWA_RIOOLLEIDING_PE_355;*;-;**;-;RI;-;GWA;_;RIOOLLEIDING;_;PE;_;355;;;;;;;-;G;;;;;*-**-RI-GWA_RIOOLLEIDING_PE_355-G;0.18;30;32;30;30;253;RI-GWA-SO;0.35;30;32;30;30;253;RI-GWA-SO;0.35;30;32;30;30;253;V-RI-GWA-SO;0.35;30;32;30;30;253;RI-GWA-SO;;;3656;3653;;
GWA_RIOOLLEIDING_PE_400;*;-;**;-;RI;-;GWA;_;RIOOLLEIDING;_;PE;_;400;;;;;;;-;G;;;;;*-**-RI-GWA_RIOOLLEIDING_PE_400-G;0.18;30;32;30;30;253;RI-GWA-SO;0.35;30;32;30;30;253;RI-GWA-SO;0.35;30;32;30;30;253;V-RI-GWA-SO;0.35;30;32;30;30;253;RI-GWA-SO;;;3657;3653;;
GWA_RIOOLLEIDING_PE_450;*;-;**;-;RI;-;GWA;_;RIOOLLEIDING;_;PE;_;450;;;;;;;-;G;;;;;*-**-RI-GWA_RIOOLLEIDING_PE_450-G;0.18;30;32;30;30;253;RI-GWA-SO;0.35;30;32;30;30;253;RI-GWA-SO;0.35;30;32;30;30;253;V-RI-GWA-SO;0.35;30;32;30;30;253;RI-GWA-SO;;;3658;3653;;
GWA_RIOOLLEIDING_PE_500;*;-;**;-;RI;-;GWA;_;RIOOLLEIDING;_;PE;_;500;;;;;;;-;G;;;;;*-**-RI-GWA_RIOOLLEIDING_PE_500-G;0.18;30;32;30;30;253;RI-GWA-SO;0.35;30;32;30;30;253;RI-GWA-SO;0.35;30;32;30;30;253;V-RI-GWA-SO;0.35;30;32;30;30;253;RI-GWA-SO;;;3659;3653;;
GWA_RIOOLLEIDING_PE_560;*;-;**;-;RI;-;GWA;_;RIOOLLEIDING;_;PE;_;560;;;;;;;-;G;;;;;*-**-RI-GWA_RIOOLLEIDING_PE_560-G;0.18;30;32;30;30;253;RI-GWA-SO;0.35;30;32;30;30;253;RI-GWA-SO;0.35;30;32;30;30;253;V-RI-GWA-SO;0.35;30;32;30;30;253;RI-GWA-SO;;;3660;3653;;
GWA_RIOOLLEIDING_PE_630;*;-;**;-;RI;-;GWA;_;RIOOLLEIDING;_;PE;_;630;;;;;;;-;G;;;;;*-**-RI-GWA_RIOOLLEIDING_PE_630-G;0.18;30;32;30;30;253;RI-GWA-SO;0.35;30;32;30;30;253;RI-GWA-SO;0.35;30;32;30;30;253;V-RI-GWA-SO;0.35;30;32;30;30;253;RI-GWA-SO;;;3661;3653;;
GWA_RIOOLLEIDING_PVC;*;-;**;-;RI;-;GWA;_;RIOOLLEIDING;_;PVC;;;;;;;;;-;G;;;;;*-**-RI-GWA_RIOOLLEIDING_PVC-G;0.18;30;32;30;30;253;RI-GWA-SO;0.35;30;32;30;30;253;RI-GWA-SO;0.35;30;32;30;30;253;V-RI-GWA-SO;0.35;30;32;30;30;253;RI-GWA-SO;;;3662;3613;;
GWA_RIOOLLEIDING_PVC_160;*;-;**;-;RI;-;GWA;_;RIOOLLEIDING;_;PVC;_;160;;;;;;;-;G;;;;;*-**-RI-GWA_RIOOLLEIDING_PVC_160-G;0.18;30;32;30;30;253;RI-GWA-SO;0.35;30;32;30;30;253;RI-GWA-SO;0.35;30;32;30;30;253;V-RI-GWA-SO;0.35;30;32;30;30;253;RI-GWA-SO;;;3663;3662;;
GWA_RIOOLLEIDING_PVC_200;*;-;**;-;RI;-;GWA;_;RIOOLLEIDING;_;PVC;_;200;;;;;;;-;G;;;;;*-**-RI-GWA_RIOOLLEIDING_PVC_200-G;0.18;30;32;30;30;253;RI-GWA-SO;0.35;30;32;30;30;253;RI-GWA-SO;0.35;30;32;30;30;253;V-RI-GWA-SO;0.35;30;32;30;30;253;RI-GWA-SO;;;3664;3662;;
GWA_RIOOLLEIDING_PVC_250;*;-;**;-;RI;-;GWA;_;RIOOLLEIDING;_;PVC;_;250;;;;;;;-;G;;;;;*-**-RI-GWA_RIOOLLEIDING_PVC_250-G;0.18;30;32;30;30;253;RI-GWA-SO;0.35;30;32;30;30;253;RI-GWA-SO;0.35;30;32;30;30;253;V-RI-GWA-SO;0.35;30;32;30;30;253;RI-GWA-SO;;;3665;3662;;
GWA_RIOOLLEIDING_PVC_315;*;-;**;-;RI;-;GWA;_;RIOOLLEIDING;_;PVC;_;315;;;;;;;-;G;;;;;*-**-RI-GWA_RIOOLLEIDING_PVC_315-G;0.18;30;32;30;30;253;RI-GWA-SO;0.35;30;32;30;30;253;RI-GWA-SO;0.35;30;32;30;30;253;V-RI-GWA-SO;0.35;30;32;30;30;253;RI-GWA-SO;;;3666;3662;;
GWA_RIOOLLEIDING_PVC_400;*;-;**;-;RI;-;GWA;_;RIOOLLEIDING;_;PVC;_;400;;;;;;;-;G;;;;;*-**-RI-GWA_RIOOLLEIDING_PVC_400-G;0.18;30;32;30;30;253;RI-GWA-SO;0.35;30;32;30;30;253;RI-GWA-SO;0.35;30;32;30;30;253;V-RI-GWA-SO;0.35;30;32;30;30;253;RI-GWA-SO;;;3667;3662;;
GWA_RIOOLLEIDING_PVC_500;*;-;**;-;RI;-;GWA;_;RIOOLLEIDING;_;PVC;_;500;;;;;;;-;G;;;;;*-**-RI-GWA_RIOOLLEIDING_PVC_500-G;0.18;30;32;30;30;253;RI-GWA-SO;0.35;30;32;30;30;253;RI-GWA-SO;0.35;30;32;30;30;253;V-RI-GWA-SO;0.35;30;32;30;30;253;RI-GWA-SO;;;3668;3662;;
GWA_RIOOLLEIDING_PVC_630;*;-;**;-;RI;-;GWA;_;RIOOLLEIDING;_;PVC;_;630;;;;;;;-;G;;;;;*-**-RI-GWA_RIOOLLEIDING_PVC_630-G;0.18;30;32;30;30;253;RI-GWA-SO;0.35;30;32;30;30;253;RI-GWA-SO;0.35;30;32;30;30;253;V-RI-GWA-SO;0.35;30;32;30;30;253;RI-GWA-SO;;;3669;3662;;
GWA_RIOOLLEIDING_STUWLEIDING;*;-;**;-;RI;-;GWA;_;RIOOLLEIDING;_;STUWLEIDING;;;;;;;;;-;G;;;;;*-**-RI-GWA_RIOOLLEIDING_STUWLEIDING-G;0.18;30;32;30;30;253;RI-GWA-SO;0.35;30;32;30;30;253;RI-GWA-SO;0.35;30;32;30;30;253;V-RI-GWA-SO;0.35;30;32;30;30;253;RI-GWA-SO;;;4046;3613;;
GWA_RIOOLLEIDING_ZINKER;*;-;**;-;RI;-;GWA;_;RIOOLLEIDING;_;ZINKER;;;;;;;;;-;G;;;;;*-**-RI-GWA_RIOOLLEIDING_ZINKER-G;0.18;30;32;30;30;253;RI-GWA-SO;0.35;30;32;30;30;253;RI-GWA-SO;0.35;30;32;30;30;253;V-RI-GWA-SO;0.35;30;32;30;30;253;RI-GWA-SO;;;4047;3613;;
GWA_RIOOLPUT;*;-;**;-;RI;-;GWA;_;RIOOLPUT;;;;;;;;;;;-;G/S;;;;SRI-PUT_GWA;*-**-RI-GWA_RIOOLPUT-G/S;0.18;30;32;30;30;253;CONTINUOUS;0.35;30;32;30;30;253;CONTINUOUS;0.35;30;32;30;30;253;V-CONTINUOUS-SO;0.35;30;32;30;30;253;CONTINUOUS;;;1703;1664;;
GWA_RIOOLPUT-LINING;*;-;**;-;RI;-;GWA;_;RIOOLPUT;;;;;;;;;-;LINING;-;G/S;;;;SRI-PUT_GWA;*-**-RI-GWA_RIOOLPUT-LINING-G/S;0.18;30;32;30;30;253;RI-LINING-SO;0.35;30;32;30;30;253;RI-LINING-SO;0.35;30;32;30;30;253;V-RI-LINING-SO;0.35;30;32;30;30;253;RI-LINING-SO;;;3671;1703;;
GWA_RIOOLPUT-OPHOOGTEBRENGEN;*;-;**;-;RI;-;GWA;_;RIOOLPUT;;;;;;;;;-;OPHOOGTEBRENGEN;-;G/S;;;; SRI-PUT_OPHOOGTEBRENGEN;*-**-RI-GWA_RIOOLPUT-OPHOOGTEBRENGEN-G/S;0.18;30;32;30;30;253;RI-OPHOOGTEBRENGEN-SO;0.35;30;32;30;30;253;RI-OPHOOGTEBRENGEN-SO;0.35;30;32;30;30;253;V-RI-OPHOOGTEBRENGEN-SO;0.35;30;32;30;30;253;RI-OPHOOGTEBRENGEN-SO;;;3670;1703;;
GWA_RIOOLPUT-VOLSCHUIMEN;*;-;**;-;RI;-;GWA;_;RIOOLPUT;;;;;;;;;-;VOLSCHUIMEN;-;G/S;;;;SRI-PUT_INSPECTIE;*-**-RI-GWA_RIOOLPUT-VOLSCHUIMEN-G/S;0.18;30;32;30;30;253;CONTINUOUS;0.35;30;32;30;30;253;CONTINUOUS;0.35;30;32;30;30;253;V-CONTINUOUS-SO;0.35;30;32;30;30;253;CONTINUOUS;;;3672;1703;;
GWA_RIOOLPUT-VOLZANDEN;*;-;**;-;RI;-;GWA;_;RIOOLPUT;;;;;;;;;-;VOLZANDEN;-;G/S;;;;SRI-PUT_INSPECTIE;*-**-RI-GWA_RIOOLPUT-VOLZANDEN-G/S;0.18;30;32;30;30;253;CONTINUOUS;0.35;30;32;30;30;253;CONTINUOUS;0.35;30;32;30;30;253;V-CONTINUOUS-SO;0.35;30;32;30;30;253;CONTINUOUS;;;3673;1703;;
GWA_RIOOLPUT_AFDEKPLAAT;*;-;**;-;RI;-;GWA;_;RIOOLPUT;_;AFDEKPLAAT;;;;;;;;;-;G/S;;;;SRI-PUT_AFDEKPLAAT;*-**-RI-GWA_RIOOLPUT_AFDEKPLAAT-G/S;0.18;30;32;30;30;253;CONTINUOUS;0.35;30;32;30;30;253;CONTINUOUS;0.35;30;32;30;30;253;V-CONTINUOUS-SO;0.35;30;32;30;30;253;CONTINUOUS;;;1704;1703;;
GWA_RIOOLPUT_BETON;*;-;**;-;RI;-;GWA;_;RIOOLPUT;_;BETON;;;;;;;;;-;G/S;;;;SRI-PUT_BETON;*-**-RI-GWA_RIOOLPUT_BETON-G/S;0.18;30;32;30;30;253;CONTINUOUS;0.35;30;32;30;30;253;CONTINUOUS;0.35;30;32;30;30;253;V-CONTINUOUS-SO;0.35;30;32;30;30;253;CONTINUOUS;;;3676;1703;;
GWA_RIOOLPUT_BLINDEPUT;*;-;**;-;RI;-;GWA;_;RIOOLPUT;_;BLINDEPUT;;;;;;;;;-;G/S;;;;SRI-PUT_BLINDEPUT;*-**-RI-GWA_RIOOLPUT_BLINDEPUT-G/S;0.18;30;32;30;30;253;CONTINUOUS;0.35;30;32;30;30;253;CONTINUOUS;0.35;30;32;30;30;253;V-CONTINUOUS-SO;0.35;30;32;30;30;253;CONTINUOUS;;;1705;1703;;
GWA_RIOOLPUT_BLINDEPUT_BETON;*;-;**;-;RI;-;GWA;_;RIOOLPUT;_;BLINDEPUT;_;BETON;;;;;;;-;G/S;;;;SRI-PUT_BLINDEPUT;*-**-RI-GWA_RIOOLPUT_BLINDEPUT_BETON-G;0.18;30;32;30;30;253;CONTINUOUS;0.35;30;32;30;30;253;CONTINUOUS;0.35;30;32;30;30;253;V-CONTINUOUS-SO;0.35;30;32;30;30;253;CONTINUOUS;;;1706;1705;;
GWA_RIOOLPUT_BLINDEPUT_PE;*;-;**;-;RI;-;GWA;_;RIOOLPUT;_;BLINDEPUT;_;PE;;;;;;;-;G/S;;;;SRI-PUT_BLINDEPUT;*-**-RI-GWA_RIOOLPUT_BLINDEPUT_PE-G;0.18;30;32;30;30;253;CONTINUOUS;0.35;30;32;30;30;253;CONTINUOUS;0.35;30;32;30;30;253;V-CONTINUOUS-SO;0.35;30;32;30;30;253;CONTINUOUS;;;1707;1705;;
GWA_RIOOLPUT_DOORSPOELPUT;*;-;**;-;RI;-;GWA;_;RIOOLPUT;_;DOORSPOELPUT;;;;;;;;;-;G/S;;;;SRI-PUT_INSPECTIE;*-**-RI-GWA_RIOOLPUT_DOORSPOELPUT-G/S;0.18;30;32;30;30;253;CONTINUOUS;0.35;30;32;30;30;253;CONTINUOUS;0.35;30;32;30;30;253;V-CONTINUOUS-SO;0.35;30;32;30;30;253;CONTINUOUS;;;3679;1703;;
GWA_RIOOLPUT_INSPECTIEPUT;*;-;**;-;RI;-;GWA;_;RIOOLPUT;_;INSPECTIEPUT;;;;;;;;;-;G/S;;;;SRI-PUT_INSPECTIE;*-**-RI-GWA_RIOOLPUT_INSPECTIEPUT-G/S;0.18;30;32;30;30;253;CONTINUOUS;0.35;30;32;30;30;253;CONTINUOUS;0.35;30;32;30;30;253;V-CONTINUOUS-SO;0.35;30;32;30;30;253;CONTINUOUS;;;1710;1703;;
GWA_RIOOLPUT_INSPECTIEPUT_BETON;*;-;**;-;RI;-;GWA;_;RIOOLPUT;_;INSPECTIEPUT;_;BETON;;;;;;;-;G/S;;;;SRI-PUT_INSPECTIE;*-**-RI-GWA_RIOOLPUT_INSPECTIEPUT_BETON-G;0.18;30;32;30;30;253;CONTINUOUS;0.35;30;32;30;30;253;CONTINUOUS;0.35;30;32;30;30;253;V-CONTINUOUS-SO;0.35;30;32;30;30;253;CONTINUOUS;;;1711;1710;;
GWA_RIOOLPUT_INSPECTIEPUT_HONDEHOKPUT;*;-;**;-;RI;-;GWA;_;RIOOLPUT;_;INSPECTIEPUT;_;HONDEHOKPUT;;;;;;;-;G/S;;;;SRI-PUT_HONDEHOKPUT;*-**-RI-GWA_RIOOLPUT_INSPECTIEPUT_HONDEHOKPUT-G/S;0.18;30;32;30;30;253;CONTINUOUS;0.35;30;32;30;30;253;CONTINUOUS;0.35;30;32;30;30;253;V-CONTINUOUS-SO;0.35;30;32;30;30;253;CONTINUOUS;;;1708;1710;;
GWA_RIOOLPUT_INSPECTIEPUT_HONDEHOKPUT_BETON;*;-;**;-;RI;-;GWA;_;RIOOLPUT;_;INSPECTIEPUT;_;HONDEHOKPUT;_;BETON;;;;;-;G/S;;;;SRI-PUT_HONDEHOKPUT;*-**-RI-GWA_RIOOLPUT_INSPECTIEPUT_HONDEHOKPUT_BETON-G;0.18;30;32;30;30;253;CONTINUOUS;0.35;30;32;30;30;253;CONTINUOUS;0.35;30;32;30;30;253;V-CONTINUOUS-SO;0.35;30;32;30;30;253;CONTINUOUS;;;1709;1708;;
GWA_RIOOLPUT_INSPECTIEPUT_PE;*;-;**;-;RI;-;GWA;_;RIOOLPUT;_;INSPECTIEPUT;_;PE;;;;;;;-;G/S;;;;SRI-PUT_INSPECTIE;*-**-RI-GWA_RIOOLPUT_INSPECTIEPUT_PE-G;0.18;30;32;30;30;253;CONTINUOUS;0.35;30;32;30;30;253;CONTINUOUS;0.35;30;32;30;30;253;V-CONTINUOUS-SO;0.35;30;32;30;30;253;CONTINUOUS;;;1712;1710;;
GWA_RIOOLPUT_INSPECTIEPUT_REINIGENDEPUT;*;-;**;-;RI;-;GWA;_;RIOOLPUT;_;INSPECTIEPUT;_;REINIGENDEPUT;;;;;;;-;G/S;;;;SRI-PUT_INSPECTIE;*-**-RI-GWA_RIOOLPUT_INSPECTIEPUT_REINIGENDEPUT-G/S;0.18;30;32;30;30;253;CONTINUOUS;0.35;30;32;30;30;253;CONTINUOUS;0.35;30;32;30;30;253;V-CONTINUOUS-SO;0.35;30;32;30;30;253;CONTINUOUS;;;3674;1710;;
GWA_RIOOLPUT_KOPPELPUT;*;-;**;-;RI;-;GWA;_;RIOOLPUT;_;KOPPELPUT;;;;;;;;;-;G/S;;;;SRI-PUT_KOPPELPUT;*-**-RI-GWA_RIOOLPUT_KOPPELPUT-G/S;0.18;30;32;30;30;253;CONTINUOUS;0.35;30;32;30;30;253;CONTINUOUS;0.35;30;32;30;30;253;V-CONTINUOUS-SO;0.35;30;32;30;30;253;CONTINUOUS;;;1728;1703;;
GWA_RIOOLPUT_KRUISINGSPUT;*;-;**;-;RI;-;GWA;_;RIOOLPUT;_;KRUISINGSPUT;;;;;;;;;-;G/S;;;;SRI-PUT_KRUISPUT;*-**-RI-GWA_RIOOLPUT_KRUISINGSPUT-G/S;0.18;30;32;30;30;253;CONTINUOUS;0.35;30;32;30;30;253;CONTINUOUS;0.35;30;32;30;30;253;V-CONTINUOUS-SO;0.35;30;32;30;30;253;CONTINUOUS;;;1729;1703;;
GWA_RIOOLPUT_KUNSTSTOF;*;-;**;-;RI;-;GWA;_;RIOOLPUT;_;KUNSTSTOF;;;;;;;;;-;G/S;;;;SRI-PUT_KUNSTSTOF;*-**-RI-GWA_RIOOLPUT_KUNSTSTOF-G/S;0.18;30;32;30;30;253;CONTINUOUS;0.35;30;32;30;30;253;CONTINUOUS;0.35;30;32;30;30;253;V-CONTINUOUS-SO;0.35;30;32;30;30;253;CONTINUOUS;;;3677;1703;;
GWA_RIOOLPUT_LOZINGSPUT;*;-;**;-;RI;-;GWA;_;RIOOLPUT;_;LOZINGSPUT;;;;;;;;;-;G/S;;;;SRI-PUT_INSPECTIE;*-**-RI-GWA_RIOOLPUT_LOZINGSPUT-G/S;0.18;30;32;30;30;253;CONTINUOUS;0.35;30;32;30;30;253;CONTINUOUS;0.35;30;32;30;30;253;V-CONTINUOUS-SO;0.35;30;32;30;30;253;CONTINUOUS;;;3680;1703;;
GWA_RIOOLPUT_METSELWERK;*;-;**;-;RI;-;GWA;_;RIOOLPUT;_;METSELWERK;;;;;;;;;-;G/S;;;;SRI-PUT_METSELWERK;*-**-RI-GWA_RIOOLPUT_METSELWERK-G/S;0.18;30;32;30;30;253;CONTINUOUS;0.35;30;32;30;30;253;CONTINUOUS;0.35;30;32;30;30;253;V-CONTINUOUS-SO;0.35;30;32;30;30;253;CONTINUOUS;;;3678;1703;;
GWA_RIOOLPUT_OVERSTORTPUT;*;-;**;-;RI;-;GWA;_;RIOOLPUT;_;OVERSTORTPUT;;;;;;;;;-;G/S;;;;SRI-PUT_OVERSTORT;*-**-RI-GWA_RIOOLPUT_OVERSTORTPUT-G/S;0.18;30;32;30;30;253;CONTINUOUS;0.35;30;32;30;30;253;CONTINUOUS;0.35;30;32;30;30;253;V-CONTINUOUS-SO;0.35;30;32;30;30;253;CONTINUOUS;;;1716;1703;;
GWA_RIOOLPUT_OVERSTORTPUT_BETON;*;-;**;-;RI;-;GWA;_;RIOOLPUT;_;OVERSTORTPUT;_;BETON;;;;;;;-;G/S;;;;SRI-PUT_OVERSTORT;*-**-RI-GWA_RIOOLPUT_OVERSTORTPUT_BETON-G;0.18;30;32;30;30;253;CONTINUOUS;0.35;30;32;30;30;253;CONTINUOUS;0.35;30;32;30;30;253;V-CONTINUOUS-SO;0.35;30;32;30;30;253;CONTINUOUS;;;1717;1716;;
GWA_RIOOLPUT_OVERSTORTPUT_PE;*;-;**;-;RI;-;GWA;_;RIOOLPUT;_;OVERSTORTPUT;_;PE;;;;;;;-;G/S;;;;SRI-PUT_OVERSTORT;*-**-RI-GWA_RIOOLPUT_OVERSTORTPUT_PE-G;0.18;30;32;30;30;253;CONTINUOUS;0.35;30;32;30;30;253;CONTINUOUS;0.35;30;32;30;30;253;V-CONTINUOUS-SO;0.35;30;32;30;30;253;CONTINUOUS;;;1718;1716;;
GWA_RIOOLPUT_POMPPUT;*;-;**;-;RI;-;GWA;_;RIOOLPUT;_;POMPPUT;;;;;;;;;-;G/S;;;;SRI-PUT_POMPPUT;*-**-RI-GWA_RIOOLPUT_POMPPUT-G/S;0.18;30;32;30;30;253;CONTINUOUS;0.35;30;32;30;30;253;CONTINUOUS;0.35;30;32;30;30;253;V-CONTINUOUS-SO;0.35;30;32;30;30;253;CONTINUOUS;;;1719;1703;;
GWA_RIOOLPUT_POMPPUT_BETON;*;-;**;-;RI;-;GWA;_;RIOOLPUT;_;POMPPUT;_;BETON;;;;;;;-;G/S;;;;SRI-PUT_POMPPUT;*-**-RI-GWA_RIOOLPUT_POMPPUT_BETON-G;0.18;30;32;30;30;253;CONTINUOUS;0.35;30;32;30;30;253;CONTINUOUS;0.35;30;32;30;30;253;V-CONTINUOUS-SO;0.35;30;32;30;30;253;CONTINUOUS;;;1720;1719;;
GWA_RIOOLPUT_POMPPUT_PE;*;-;**;-;RI;-;GWA;_;RIOOLPUT;_;POMPPUT;_;PE;;;;;;;-;G/S;;;;SRI-PUT_POMPPUT;*-**-RI-GWA_RIOOLPUT_POMPPUT_PE-G;0.18;30;32;30;30;253;CONTINUOUS;0.35;30;32;30;30;253;CONTINUOUS;0.35;30;32;30;30;253;V-CONTINUOUS-SO;0.35;30;32;30;30;253;CONTINUOUS;;;1721;1719;;
GWA_RIOOLPUT_PUTBUIS;*;-;**;-;RI;-;GWA;_;RIOOLPUT;_;PUTBUIS;;;;;;;;;-;G/S;;;;SRI-PUT_INSPECTIE;*-**-RI-GWA_RIOOLPUT_PUTBUIS-G/S;0.18;30;32;30;30;253;CONTINUOUS;0.35;30;32;30;30;253;CONTINUOUS;0.35;30;32;30;30;253;V-CONTINUOUS-SO;0.35;30;32;30;30;253;CONTINUOUS;;;3681;1703;;
GWA_RIOOLPUT_STUWPUT;*;-;**;-;RI;-;GWA;_;RIOOLPUT;_;STUWPUT;;;;;;;;;-;G/S;;;;SRI-PUT_STUWPUT;*-**-RI-GWA_RIOOLPUT_STUWPUT-G/S;0.18;30;32;30;30;253;CONTINUOUS;0.35;30;32;30;30;253;CONTINUOUS;0.35;30;32;30;30;253;V-CONTINUOUS-SO;0.35;30;32;30;30;253;CONTINUOUS;;;1722;1703;;
GWA_RIOOLPUT_STUWPUT_BETON;*;-;**;-;RI;-;GWA;_;RIOOLPUT;_;STUWPUT;_;BETON;;;;;;;-;G/S;;;;SRI-PUT_STUWPUT;*-**-RI-GWA_RIOOLPUT_STUWPUT_BETON-G;0.18;30;32;30;30;253;CONTINUOUS;0.35;30;32;30;30;253;CONTINUOUS;0.35;30;32;30;30;253;V-CONTINUOUS-SO;0.35;30;32;30;30;253;CONTINUOUS;;;1723;1722;;
GWA_RIOOLPUT_STUWPUT_PE;*;-;**;-;RI;-;GWA;_;RIOOLPUT;_;STUWPUT;_;PE;;;;;;;-;G/S;;;;SRI-PUT_STUWPUT;*-**-RI-GWA_RIOOLPUT_STUWPUT_PE-G;0.18;30;32;30;30;253;CONTINUOUS;0.35;30;32;30;30;253;CONTINUOUS;0.35;30;32;30;30;253;V-CONTINUOUS-SO;0.35;30;32;30;30;253;CONTINUOUS;;;1724;1722;;
GWA_RIOOLPUT_VALPUT;*;-;**;-;RI;-;GWA;_;RIOOLPUT;_;VALPUT;;;;;;;;;-;G/S;;;;SRI-PUT_VALPUT;*-**-RI-GWA_RIOOLPUT_VALPUT-G/S;0.18;30;32;30;30;253;CONTINUOUS;0.35;30;32;30;30;253;CONTINUOUS;0.35;30;32;30;30;253;V-CONTINUOUS-SO;0.35;30;32;30;30;253;CONTINUOUS;;;1725;1703;;
GWA_RIOOLPUT_VALPUT_BETON;*;-;**;-;RI;-;GWA;_;RIOOLPUT;_;VALPUT;_;BETON;;;;;;;-;G/S;;;;SRI-PUT_VALPUT;*-**-RI-GWA_RIOOLPUT_VALPUT_BETON-G;0.18;30;32;30;30;253;CONTINUOUS;0.35;30;32;30;30;253;CONTINUOUS;0.35;30;32;30;30;253;V-CONTINUOUS-SO;0.35;30;32;30;30;253;CONTINUOUS;;;1726;1725;;
GWA_RIOOLPUT_VALPUT_PE;*;-;**;-;RI;-;GWA;_;RIOOLPUT;_;VALPUT;_;PE;;;;;;;-;G/S;;;;SRI-PUT_VALPUT;*-**-RI-GWA_RIOOLPUT_VALPUT_PE-G;0.18;30;32;30;30;253;CONTINUOUS;0.35;30;32;30;30;253;CONTINUOUS;0.35;30;32;30;30;253;V-CONTINUOUS-SO;0.35;30;32;30;30;253;CONTINUOUS;;;1727;1725;;
GWA_RIOOLPUT_VERDEKTEPUT;*;-;**;-;RI;-;GWA;_;RIOOLPUT;_;VERDEKTEPUT;;;;;;;;;-;G/S;;;;SRI-PUT_INSPECTIE;*-**-RI-GWA_RIOOLPUT_VERDEKTEPUT-G/S;0.18;30;32;30;30;253;CONTINUOUS;0.35;30;32;30;30;253;CONTINUOUS;0.35;30;32;30;30;253;V-CONTINUOUS-SO;0.35;30;32;30;30;253;CONTINUOUS;;;3682;1703;;
GWA_RIOOLPUT_VERDIEPTEPUT;*;-;**;-;RI;-;GWA;_;RIOOLPUT;_;VERDIEPTEPUT;;;;;;;;;-;G/S;;;;SRI-PUT_INSPECTIE;*-**-RI-GWA_RIOOLPUT_VERDIEPTEPUT-G/S;0.18;30;32;30;30;253;CONTINUOUS;0.35;30;32;30;30;253;CONTINUOUS;0.35;30;32;30;30;253;V-CONTINUOUS-SO;0.35;30;32;30;30;253;CONTINUOUS;;;3683;1703;;
GWA_RIOOLPUT_WERVELPUT;*;-;**;-;RI;-;GWA;_;RIOOLPUT;_;WERVELPUT;;;;;;;;;-;G/S;;;;SRI-PUT_INSPECTIE;*-**-RI-GWA_RIOOLPUT_WERVELPUT-G/S;0.18;30;32;30;30;253;CONTINUOUS;0.35;30;32;30;30;253;CONTINUOUS;0.35;30;32;30;30;253;V-CONTINUOUS-SO;0.35;30;32;30;30;253;CONTINUOUS;;;3684;1703;;
GWA_RIOOLPUT_ZINKERPUT;*;-;**;-;RI;-;GWA;_;RIOOLPUT;_;ZINKERPUT;;;;;;;;;-;G/S;;;;SRI-PUT_INSPECTIE;*-**-RI-GWA_RIOOLPUT_ZINKERPUT-G/S;0.18;30;32;30;30;253;CONTINUOUS;0.35;30;32;30;30;253;CONTINUOUS;0.35;30;32;30;30;253;V-CONTINUOUS-SO;0.35;30;32;30;30;253;CONTINUOUS;;;3685;1703;;
GWA_SCHILDMUUR;*;-;**;-;RI;-;GWA;_;SCHILDMUUR;;;;;;;;;;;-;G/S;;;;SRI-SCHILDMUUR;*-**-RI-GWA_SCHILDMUUR-G/S;0.18;30;32;30;30;253;CONTINUOUS;0.25;30;32;30;30;253;CONTINUOUS;0.25;30;32;30;30;253;CONTINUOUS;0.25;30;32;30;30;253;CONTINUOUS;;;3485;1664;;
GWA_STROMINGSRICHTING;*;-;**;-;RI;-;GWA;_;STROMINGSRICHTING;;;;;;;;;;;-;G/S;;;;SRI-STROOMRICHTING;*-**-RI-GWA_STROMINGSRICHTING-G/S;0.18;30;32;30;30;253;CONTINUOUS;0.35;30;32;30;30;253;CONTINUOUS;0.35;30;32;30;30;253;CONTINUOUS;0.35;30;32;30;30;253;CONTINUOUS;;;1730;1664;;
GWA_TRANSPORTLEIDING;*;-;**;-;RI;-;GWA;_;TRANSPORTLEIDING;;;;;;;;;;;-;G;;;;;*-**-RI-GWA_TRANSPORTLEIDING-G;0.18;30;32;30;30;253;RI-GWA-SO;0.35;30;32;30;30;253;RI-GWA-SO;0.35;30;32;30;30;253;V-RI-GWA-SO;0.35;30;32;30;30;253;RI-GWA-SO;;;1731;1664;;
GWA_TRANSPORTLEIDING-LINING;*;_;**;_;RI;_;GWA;_;TRANSPORTLEIDING;_;;_;;_;;_;;-;LINING;-;G;-;;;;*_**_RI_GWA_TRANSPORTLEIDING-LINING;0.18;30;32;30;30;253;RI-LINING-SO;0.35;30;32;30;30;253;RI-LINING-SO;0.35;30;32;30;30;253;V-RI-LINING-SO;0.35;30;32;30;30;253;RI-LINING-SO;;;4813;1731;http://digitalbuildingdata.tech/nlcs/def/0e6be6d1-d45c-446b-9968-74e4ddf4a90a;http://digitalbuildingdata.tech/nlcs/def/5fa3bb4f-29b5-4f06-8c8a-585343d341be
GWA_TRANSPORTLEIDING-VOLSCHUIMEN;*;_;**;_;RI;_;GWA;_;TRANSPORTLEIDING;_;;_;;_;;_;;-;VOLSCHUIMEN;-;G;-;;;;*_**_RI_GWA_TRANSPORTLEIDING-VOLSCHUIMEN;0.18;30;32;30;30;253;RI-VOLSCHUIMEN-SO;0.35;30;32;30;30;253;RI-VOLSCHUIMEN-SO;0.35;30;32;30;30;253;V-RI-VOLSCHUIMEN-SO;0.35;30;32;30;30;253;RI-VOLSCHUIMEN-SO;;;4814;1731;http://digitalbuildingdata.tech/nlcs/def/fae85ac4-5835-4cd7-89b4-bbd847b00996;http://digitalbuildingdata.tech/nlcs/def/5fa3bb4f-29b5-4f06-8c8a-585343d341be
GWA_TRANSPORTLEIDING-VOLZANDEN;*;_;**;_;RI;_;GWA;_;TRANSPORTLEIDING;_;;_;;_;;_;;-;VOLZANDEN;-;G;-;;;;*_**_RI_GWA_TRANSPORTLEIDING-VOLZANDEN;0.18;30;32;30;30;253;RI-VOLZANDEN-SO;0.35;30;32;30;30;253;RI-VOLZANDEN-SO;0.35;30;32;30;30;253;V-RI-VOLZANDEN-SO;0.35;30;32;30;30;253;RI-VOLZANDEN-SO;;;4815;1731;http://digitalbuildingdata.tech/nlcs/def/7a8cf132-6fc3-465b-a17d-610fa65aa403;http://digitalbuildingdata.tech/nlcs/def/5fa3bb4f-29b5-4f06-8c8a-585343d341be
GWA_TRANSPORTLEIDING_BETON;*;-;**;-;RI;-;GWA;_;TRANSPORTLEIDING;_;BETON;;;;;;;;;-;G;;;;;*-**-RI-GWA_TRANSPORTLEIDING_BETON-G;0.18;30;32;30;30;253;RI-GWA-SO;0.35;30;32;30;30;253;RI-GWA-SO;0.35;30;32;30;30;253;V-RI-GWA-SO;0.35;30;32;30;30;253;RI-GWA-SO;;;1732;1731;;
GWA_TRANSPORTLEIDING_BETON_1000;*;-;**;-;RI;-;GWA;_;TRANSPORTLEIDING;_;BETON;_;1000;;;;;;;-;G;;;;;*-**-RI-GWA_TRANSPORTLEIDING_BETON_1000-G;0.18;30;32;30;30;253;RI-GWA-SO;0.35;30;32;30;30;253;RI-GWA-SO;0.35;30;32;30;30;253;V-RI-GWA-SO;0.35;30;32;30;30;253;RI-GWA-SO;;;1733;1732;;
GWA_TRANSPORTLEIDING_BETON_1250;*;-;**;-;RI;-;GWA;_;TRANSPORTLEIDING;_;BETON;_;1250;;;;;;;-;G;;;;;*-**-RI-GWA_TRANSPORTLEIDING_BETON_1250-G;0.18;30;32;30;30;253;RI-GWA-SO;0.35;30;32;30;30;253;RI-GWA-SO;0.35;30;32;30;30;253;V-RI-GWA-SO;0.35;30;32;30;30;253;RI-GWA-SO;;;1734;1732;;
GWA_TRANSPORTLEIDING_BETON_1500;*;-;**;-;RI;-;GWA;_;TRANSPORTLEIDING;_;BETON;_;1500;;;;;;;-;G;;;;;*-**-RI-GWA_TRANSPORTLEIDING_BETON_1500-G;0.18;30;32;30;30;253;RI-GWA-SO;0.35;30;32;30;30;253;RI-GWA-SO;0.35;30;32;30;30;253;V-RI-GWA-SO;0.35;30;32;30;30;253;RI-GWA-SO;;;1735;1732;;
GWA_TRANSPORTLEIDING_BETON_2000;*;-;**;-;RI;-;GWA;_;TRANSPORTLEIDING;_;BETON;_;2000;;;;;;;-;G;;;;;*-**-RI-GWA_TRANSPORTLEIDING_BETON_2000-G;0.18;30;32;30;30;253;RI-GWA-SO;0.35;30;32;30;30;253;RI-GWA-SO;0.35;30;32;30;30;253;V-RI-GWA-SO;0.35;30;32;30;30;253;RI-GWA-SO;;;1736;1732;;
GWA_TRANSPORTLEIDING_BETON_250;*;-;**;-;RI;-;GWA;_;TRANSPORTLEIDING;_;BETON;_;250;;;;;;;-;G;;;;;*-**-RI-GWA_TRANSPORTLEIDING_BETON_250-G;0.18;30;32;30;30;253;RI-GWA-SO;0.35;30;32;30;30;253;RI-GWA-SO;0.35;30;32;30;30;253;V-RI-GWA-SO;0.35;30;32;30;30;253;RI-GWA-SO;;;1737;1732;;
GWA_TRANSPORTLEIDING_BETON_300;*;-;**;-;RI;-;GWA;_;TRANSPORTLEIDING;_;BETON;_;300;;;;;;;-;G;;;;;*-**-RI-GWA_TRANSPORTLEIDING_BETON_300-G;0.18;30;32;30;30;253;RI-GWA-SO;0.35;30;32;30;30;253;RI-GWA-SO;0.35;30;32;30;30;253;V-RI-GWA-SO;0.35;30;32;30;30;253;RI-GWA-SO;;;1738;1732;;
GWA_TRANSPORTLEIDING_BETON_400;*;-;**;-;RI;-;GWA;_;TRANSPORTLEIDING;_;BETON;_;400;;;;;;;-;G;;;;;*-**-RI-GWA_TRANSPORTLEIDING_BETON_400-G;0.18;30;32;30;30;253;RI-GWA-SO;0.35;30;32;30;30;253;RI-GWA-SO;0.35;30;32;30;30;253;V-RI-GWA-SO;0.35;30;32;30;30;253;RI-GWA-SO;;;1739;1732;;
GWA_TRANSPORTLEIDING_BETON_500;*;-;**;-;RI;-;GWA;_;TRANSPORTLEIDING;_;BETON;_;500;;;;;;;-;G;;;;;*-**-RI-GWA_TRANSPORTLEIDING_BETON_500-G;0.18;30;32;30;30;253;RI-GWA-SO;0.35;30;32;30;30;253;RI-GWA-SO;0.35;30;32;30;30;253;V-RI-GWA-SO;0.35;30;32;30;30;253;RI-GWA-SO;;;1740;1732;;
GWA_TRANSPORTLEIDING_BETON_600;*;-;**;-;RI;-;GWA;_;TRANSPORTLEIDING;_;BETON;_;600;;;;;;;-;G;;;;;*-**-RI-GWA_TRANSPORTLEIDING_BETON_600-G;0.18;30;32;30;30;253;RI-GWA-SO;0.35;30;32;30;30;253;RI-GWA-SO;0.35;30;32;30;30;253;V-RI-GWA-SO;0.35;30;32;30;30;253;RI-GWA-SO;;;1741;1732;;
GWA_TRANSPORTLEIDING_BETON_700;*;-;**;-;RI;-;GWA;_;TRANSPORTLEIDING;_;BETON;_;700;;;;;;;-;G;;;;;*-**-RI-GWA_TRANSPORTLEIDING_BETON_700-G;0.18;30;32;30;30;253;RI-GWA-SO;0.35;30;32;30;30;253;RI-GWA-SO;0.35;30;32;30;30;253;V-RI-GWA-SO;0.35;30;32;30;30;253;RI-GWA-SO;;;1742;1732;;
GWA_TRANSPORTLEIDING_BETON_800;*;-;**;-;RI;-;GWA;_;TRANSPORTLEIDING;_;BETON;_;800;;;;;;;-;G;;;;;*-**-RI-GWA_TRANSPORTLEIDING_BETON_800-G;0.18;30;32;30;30;253;RI-GWA-SO;0.35;30;32;30;30;253;RI-GWA-SO;0.35;30;32;30;30;253;V-RI-GWA-SO;0.35;30;32;30;30;253;RI-GWA-SO;;;1743;1732;;
GWA_TRANSPORTLEIDING_BETON_900;*;-;**;-;RI;-;GWA;_;TRANSPORTLEIDING;_;BETON;_;900;;;;;;;-;G;;;;;*-**-RI-GWA_TRANSPORTLEIDING_BETON_900-G;0.18;30;32;30;30;253;RI-GWA-SO;0.35;30;32;30;30;253;RI-GWA-SO;0.35;30;32;30;30;253;V-RI-GWA-SO;0.35;30;32;30;30;253;RI-GWA-SO;;;1744;1732;;
GWA_TRANSPORTLEIDING_BETON_EI;*;-;**;-;RI;-;GWA;_;TRANSPORTLEIDING;_;BETON;_;EI;;;;;;;-;G;;;;;*-**-RI-GWA_TRANSPORTLEIDING_BETON_EI-G;0.18;30;32;30;30;253;RI-GWA-SO;0.35;30;32;30;30;253;RI-GWA-SO;0.35;30;32;30;30;253;V-RI-GWA-SO;0.35;30;32;30;30;253;RI-GWA-SO;;;1745;1732;;
GWA_TRANSPORTLEIDING_BETON_EI_1000X1500;*;-;**;-;RI;-;GWA;_;TRANSPORTLEIDING;_;BETON;_;EI;_;1000X1500;;;;;-;G;;;;;*-**-RI-GWA_TRANSPORTLEIDING_BETON_EI_1000X1500-G;0.18;30;32;30;30;253;RI-GWA-SO;0.35;30;32;30;30;253;RI-GWA-SO;0.35;30;32;30;30;253;V-RI-GWA-SO;0.35;30;32;30;30;253;RI-GWA-SO;;;1746;1745;;
GWA_TRANSPORTLEIDING_BETON_EI_200X300;*;-;**;-;RI;-;GWA;_;TRANSPORTLEIDING;_;BETON;_;EI;_;200X300;;;;;-;G;;;;;*-**-RI-GWA_TRANSPORTLEIDING_BETON_EI_200X300-G;0.18;30;32;30;30;253;RI-GWA-SO;0.35;30;32;30;30;253;RI-GWA-SO;0.35;30;32;30;30;253;V-RI-GWA-SO;0.35;30;32;30;30;253;RI-GWA-SO;;;1747;1745;;
GWA_TRANSPORTLEIDING_BETON_EI_250X375;*;-;**;-;RI;-;GWA;_;TRANSPORTLEIDING;_;BETON;_;EI;_;250X375;;;;;-;G;;;;;*-**-RI-GWA_TRANSPORTLEIDING_BETON_EI_250X375-G;0.18;30;32;30;30;253;RI-GWA-SO;0.35;30;32;30;30;253;RI-GWA-SO;0.35;30;32;30;30;253;V-RI-GWA-SO;0.35;30;32;30;30;253;RI-GWA-SO;;;1748;1745;;
GWA_TRANSPORTLEIDING_BETON_EI_300X450;*;-;**;-;RI;-;GWA;_;TRANSPORTLEIDING;_;BETON;_;EI;_;300X450;;;;;-;G;;;;;*-**-RI-GWA_TRANSPORTLEIDING_BETON_EI_300X450-G;0.18;30;32;30;30;253;RI-GWA-SO;0.35;30;32;30;30;253;RI-GWA-SO;0.35;30;32;30;30;253;V-RI-GWA-SO;0.35;30;32;30;30;253;RI-GWA-SO;;;1749;1745;;
GWA_TRANSPORTLEIDING_BETON_EI_400X600;*;-;**;-;RI;-;GWA;_;TRANSPORTLEIDING;_;BETON;_;EI;_;400X600;;;;;-;G;;;;;*-**-RI-GWA_TRANSPORTLEIDING_BETON_EI_400X600-G;0.18;30;32;30;30;253;RI-GWA-SO;0.35;30;32;30;30;253;RI-GWA-SO;0.35;30;32;30;30;253;V-RI-GWA-SO;0.35;30;32;30;30;253;RI-GWA-SO;;;1750;1745;;
GWA_TRANSPORTLEIDING_BETON_EI_500X750;*;-;**;-;RI;-;GWA;_;TRANSPORTLEIDING;_;BETON;_;EI;_;500X750;;;;;-;G;;;;;*-**-RI-GWA_TRANSPORTLEIDING_BETON_EI_500X750-G;0.18;30;32;30;30;253;RI-GWA-SO;0.35;30;32;30;30;253;RI-GWA-SO;0.35;30;32;30;30;253;V-RI-GWA-SO;0.35;30;32;30;30;253;RI-GWA-SO;;;1751;1745;;
GWA_TRANSPORTLEIDING_BETON_EI_600X900;*;-;**;-;RI;-;GWA;_;TRANSPORTLEIDING;_;BETON;_;EI;_;600X900;;;;;-;G;;;;;*-**-RI-GWA_TRANSPORTLEIDING_BETON_EI_600X900-G;0.18;30;32;30;30;253;RI-GWA-SO;0.35;30;32;30;30;253;RI-GWA-SO;0.35;30;32;30;30;253;V-RI-GWA-SO;0.35;30;32;30;30;253;RI-GWA-SO;;;1752;1745;;
GWA_TRANSPORTLEIDING_BETON_EI_700X1050;*;-;**;-;RI;-;GWA;_;TRANSPORTLEIDING;_;BETON;_;EI;_;700X1050;;;;;-;G;;;;;*-**-RI-GWA_TRANSPORTLEIDING_BETON_EI_700X1050-G;0.18;30;32;30;30;253;RI-GWA-SO;0.35;30;32;30;30;253;RI-GWA-SO;0.35;30;32;30;30;253;V-RI-GWA-SO;0.35;30;32;30;30;253;RI-GWA-SO;;;1753;1745;;
GWA_TRANSPORTLEIDING_BETON_EI_800X1200;*;-;**;-;RI;-;GWA;_;TRANSPORTLEIDING;_;BETON;_;EI;_;800X1200;;;;;-;G;;;;;*-**-RI-GWA_TRANSPORTLEIDING_BETON_EI_800X1200-G;0.18;30;32;30;30;253;RI-GWA-SO;0.35;30;32;30;30;253;RI-GWA-SO;0.35;30;32;30;30;253;V-RI-GWA-SO;0.35;30;32;30;30;253;RI-GWA-SO;;;1754;1745;;
GWA_TRANSPORTLEIDING_BETON_EI_900X1350;*;-;**;-;RI;-;GWA;_;TRANSPORTLEIDING;_;BETON;_;EI;_;900X1350;;;;;-;G;;;;;*-**-RI-GWA_TRANSPORTLEIDING_BETON_EI_900X1350-G;0.18;30;32;30;30;253;RI-GWA-SO;0.35;30;32;30;30;253;RI-GWA-SO;0.35;30;32;30;30;253;V-RI-GWA-SO;0.35;30;32;30;30;253;RI-GWA-SO;;;1755;1745;;
GWA_TRANSPORTLEIDING_GRES;*;-;**;-;RI;-;GWA;_;TRANSPORTLEIDING;_;GRES;;;;;;;;;-;G;;;;;*-**-RI-GWA_TRANSPORTLEIDING_GRES-G;0.18;30;32;30;30;253;RI-GWA-SO;0.35;30;32;30;30;253;RI-GWA-SO;0.35;30;32;30;30;253;V-RI-GWA-SO;0.35;30;32;30;30;253;RI-GWA-SO;;;1756;1731;;
GWA_TRANSPORTLEIDING_GRES_1000;*;-;**;-;RI;-;GWA;_;TRANSPORTLEIDING;_;GRES;_;1000;;;;;;;-;G;;;;;*-**-RI-GWA_TRANSPORTLEIDING_GRES_1000-G;0.18;30;32;30;30;253;RI-GWA-SO;0.35;30;32;30;30;253;RI-GWA-SO;0.35;30;32;30;30;253;V-RI-GWA-SO;0.35;30;32;30;30;253;RI-GWA-SO;;;1757;1756;;
GWA_TRANSPORTLEIDING_GRES_200;*;-;**;-;RI;-;GWA;_;TRANSPORTLEIDING;_;GRES;_;200;;;;;;;-;G;;;;;*-**-RI-GWA_TRANSPORTLEIDING_GRES_200-G;0.18;30;32;30;30;253;RI-GWA-SO;0.35;30;32;30;30;253;RI-GWA-SO;0.35;30;32;30;30;253;V-RI-GWA-SO;0.35;30;32;30;30;253;RI-GWA-SO;;;1758;1756;;
GWA_TRANSPORTLEIDING_GRES_250;*;-;**;-;RI;-;GWA;_;TRANSPORTLEIDING;_;GRES;_;250;;;;;;;-;G;;;;;*-**-RI-GWA_TRANSPORTLEIDING_GRES_250-G;0.18;30;32;30;30;253;RI-GWA-SO;0.35;30;32;30;30;253;RI-GWA-SO;0.35;30;32;30;30;253;V-RI-GWA-SO;0.35;30;32;30;30;253;RI-GWA-SO;;;1759;1756;;
GWA_TRANSPORTLEIDING_GRES_300;*;-;**;-;RI;-;GWA;_;TRANSPORTLEIDING;_;GRES;_;300;;;;;;;-;G;;;;;*-**-RI-GWA_TRANSPORTLEIDING_GRES_300-G;0.18;30;32;30;30;253;RI-GWA-SO;0.35;30;32;30;30;253;RI-GWA-SO;0.35;30;32;30;30;253;V-RI-GWA-SO;0.35;30;32;30;30;253;RI-GWA-SO;;;1760;1756;;
GWA_TRANSPORTLEIDING_GRES_400;*;-;**;-;RI;-;GWA;_;TRANSPORTLEIDING;_;GRES;_;400;;;;;;;-;G;;;;;*-**-RI-GWA_TRANSPORTLEIDING_GRES_400-G;0.18;30;32;30;30;253;RI-GWA-SO;0.35;30;32;30;30;253;RI-GWA-SO;0.35;30;32;30;30;253;V-RI-GWA-SO;0.35;30;32;30;30;253;RI-GWA-SO;;;1761;1756;;
GWA_TRANSPORTLEIDING_GRES_500;*;-;**;-;RI;-;GWA;_;TRANSPORTLEIDING;_;GRES;_;500;;;;;;;-;G;;;;;*-**-RI-GWA_TRANSPORTLEIDING_GRES_500-G;0.18;30;32;30;30;253;RI-GWA-SO;0.35;30;32;30;30;253;RI-GWA-SO;0.35;30;32;30;30;253;V-RI-GWA-SO;0.35;30;32;30;30;253;RI-GWA-SO;;;1762;1756;;
GWA_TRANSPORTLEIDING_GRES_600;*;-;**;-;RI;-;GWA;_;TRANSPORTLEIDING;_;GRES;_;600;;;;;;;-;G;;;;;*-**-RI-GWA_TRANSPORTLEIDING_GRES_600-G;0.18;30;32;30;30;253;RI-GWA-SO;0.35;30;32;30;30;253;RI-GWA-SO;0.35;30;32;30;30;253;V-RI-GWA-SO;0.35;30;32;30;30;253;RI-GWA-SO;;;1763;1756;;
GWA_TRANSPORTLEIDING_GRES_700;*;-;**;-;RI;-;GWA;_;TRANSPORTLEIDING;_;GRES;_;700;;;;;;;-;G;;;;;*-**-RI-GWA_TRANSPORTLEIDING_GRES_700-G;0.18;30;32;30;30;253;RI-GWA-SO;0.35;30;32;30;30;253;RI-GWA-SO;0.35;30;32;30;30;253;V-RI-GWA-SO;0.35;30;32;30;30;253;RI-GWA-SO;;;1764;1756;;
GWA_TRANSPORTLEIDING_GRES_800;*;-;**;-;RI;-;GWA;_;TRANSPORTLEIDING;_;GRES;_;800;;;;;;;-;G;;;;;*-**-RI-GWA_TRANSPORTLEIDING_GRES_800-G;0.18;30;32;30;30;253;RI-GWA-SO;0.35;30;32;30;30;253;RI-GWA-SO;0.35;30;32;30;30;253;V-RI-GWA-SO;0.35;30;32;30;30;253;RI-GWA-SO;;;1765;1756;;
GWA_TRANSPORTLEIDING_GRES_900;*;-;**;-;RI;-;GWA;_;TRANSPORTLEIDING;_;GRES;_;900;;;;;;;-;G;;;;;*-**-RI-GWA_TRANSPORTLEIDING_GRES_900-G;0.18;30;32;30;30;253;RI-GWA-SO;0.35;30;32;30;30;253;RI-GWA-SO;0.35;30;32;30;30;253;V-RI-GWA-SO;0.35;30;32;30;30;253;RI-GWA-SO;;;1766;1756;;
GWA_TRANSPORTLEIDING_PE;*;-;**;-;RI;-;GWA;_;TRANSPORTLEIDING;_;PE;;;;;;;;;-;G;;;;;*-**-RI-GWA_TRANSPORTLEIDING_PE-G;0.18;30;32;30;30;253;RI-GWA-SO;0.35;30;32;30;30;253;RI-GWA-SO;0.35;30;32;30;30;253;V-RI-GWA-SO;0.35;30;32;30;30;253;RI-GWA-SO;;;1767;1731;;
GWA_TRANSPORTLEIDING_PE_160;*;-;**;-;RI;-;GWA;_;TRANSPORTLEIDING;_;PE;_;160;;;;;;;-;G;;;;;*-**-RI-GWA_TRANSPORTLEIDING_PE_160-G;0.18;30;32;30;30;253;RI-GWA-SO;0.35;30;32;30;30;253;RI-GWA-SO;0.35;30;32;30;30;253;V-RI-GWA-SO;0.35;30;32;30;30;253;RI-GWA-SO;;;1768;1767;;
GWA_TRANSPORTLEIDING_PE_250;*;-;**;-;RI;-;GWA;_;TRANSPORTLEIDING;_;PE;_;250;;;;;;;-;G;;;;;*-**-RI-GWA_TRANSPORTLEIDING_PE_250-G;0.18;30;32;30;30;253;RI-GWA-SO;0.35;30;32;30;30;253;RI-GWA-SO;0.35;30;32;30;30;253;V-RI-GWA-SO;0.35;30;32;30;30;253;RI-GWA-SO;;;3689;1767;;
GWA_TRANSPORTLEIDING_PE_315;*;-;**;-;RI;-;GWA;_;TRANSPORTLEIDING;_;PE;_;315;;;;;;;-;G;;;;;*-**-RI-GWA_TRANSPORTLEIDING_PE_315-G;0.18;30;32;30;30;253;RI-GWA-SO;0.35;30;32;30;30;253;RI-GWA-SO;0.35;30;32;30;30;253;V-RI-GWA-SO;0.35;30;32;30;30;253;RI-GWA-SO;;;1769;1767;;
GWA_TRANSPORTLEIDING_PE_355;*;-;**;-;RI;-;GWA;_;TRANSPORTLEIDING;_;PE;_;355;;;;;;;-;G;;;;;*-**-RI-GWA_TRANSPORTLEIDING_PE_355-G;0.18;30;32;30;30;253;RI-GWA-SO;0.35;30;32;30;30;253;RI-GWA-SO;0.35;30;32;30;30;253;V-RI-GWA-SO;0.35;30;32;30;30;253;RI-GWA-SO;;;1770;1767;;
GWA_TRANSPORTLEIDING_PE_400;*;-;**;-;RI;-;GWA;_;TRANSPORTLEIDING;_;PE;_;400;;;;;;;-;G;;;;;*-**-RI-GWA_TRANSPORTLEIDING_PE_400-G;0.18;30;32;30;30;253;RI-GWA-SO;0.35;30;32;30;30;253;RI-GWA-SO;0.35;30;32;30;30;253;V-RI-GWA-SO;0.35;30;32;30;30;253;RI-GWA-SO;;;1771;1767;;
GWA_TRANSPORTLEIDING_PE_450;*;-;**;-;RI;-;GWA;_;TRANSPORTLEIDING;_;PE;_;450;;;;;;;-;G;;;;;*-**-RI-GWA_TRANSPORTLEIDING_PE_450-G;0.18;30;32;30;30;253;RI-GWA-SO;0.35;30;32;30;30;253;RI-GWA-SO;0.35;30;32;30;30;253;V-RI-GWA-SO;0.35;30;32;30;30;253;RI-GWA-SO;;;1772;1767;;
GWA_TRANSPORTLEIDING_PE_500;*;-;**;-;RI;-;GWA;_;TRANSPORTLEIDING;_;PE;_;500;;;;;;;-;G;;;;;*-**-RI-GWA_TRANSPORTLEIDING_PE_500-G;0.18;30;32;30;30;253;RI-GWA-SO;0.35;30;32;30;30;253;RI-GWA-SO;0.35;30;32;30;30;253;V-RI-GWA-SO;0.35;30;32;30;30;253;RI-GWA-SO;;;1773;1767;;
GWA_TRANSPORTLEIDING_PE_560;*;-;**;-;RI;-;GWA;_;TRANSPORTLEIDING;_;PE;_;560;;;;;;;-;G;;;;;*-**-RI-GWA_TRANSPORTLEIDING_PE_560-G;0.18;30;32;30;30;253;RI-GWA-SO;0.35;30;32;30;30;253;RI-GWA-SO;0.35;30;32;30;30;253;V-RI-GWA-SO;0.35;30;32;30;30;253;RI-GWA-SO;;;1774;1767;;
GWA_TRANSPORTLEIDING_PE_630;*;-;**;-;RI;-;GWA;_;TRANSPORTLEIDING;_;PE;_;630;;;;;;;-;G;;;;;*-**-RI-GWA_TRANSPORTLEIDING_PE_630-G;0.18;30;32;30;30;253;RI-GWA-SO;0.35;30;32;30;30;253;RI-GWA-SO;0.35;30;32;30;30;253;V-RI-GWA-SO;0.35;30;32;30;30;253;RI-GWA-SO;;;1775;1767;;
GWA_TRANSPORTLEIDING_PVC;*;-;**;-;RI;-;GWA;_;TRANSPORTLEIDING;_;PVC;;;;;;;;;-;G;;;;;*-**-RI-GWA_TRANSPORTLEIDING_PVC-G;0.18;30;32;30;30;253;RI-GWA-SO;0.35;30;32;30;30;253;RI-GWA-SO;0.35;30;32;30;30;253;V-RI-GWA-SO;0.35;30;32;30;30;253;RI-GWA-SO;;;1776;1731;;
GWA_TRANSPORTLEIDING_PVC_125;*;-;**;-;RI;-;GWA;_;TRANSPORTLEIDING;_;PVC;_;125;;;;;;;-;G;;;;;*-**-RI-GWA_TRANSPORTLEIDING_PVC_125-G;0.18;30;32;30;30;253;RI-GWA-SO;0.35;30;32;30;30;253;RI-GWA-SO;0.35;30;32;30;30;253;V-RI-GWA-SO;0.35;30;32;30;30;253;RI-GWA-SO;;;3690;1776;;
GWA_TRANSPORTLEIDING_PVC_160;*;-;**;-;RI;-;GWA;_;TRANSPORTLEIDING;_;PVC;_;160;;;;;;;-;G;;;;;*-**-RI-GWA_TRANSPORTLEIDING_PVC_160-G;0.18;30;32;30;30;253;RI-GWA-SO;0.35;30;32;30;30;253;RI-GWA-SO;0.35;30;32;30;30;253;V-RI-GWA-SO;0.35;30;32;30;30;253;RI-GWA-SO;;;1777;1776;;
GWA_TRANSPORTLEIDING_PVC_200;*;-;**;-;RI;-;GWA;_;TRANSPORTLEIDING;_;PVC;_;200;;;;;;;-;G;;;;;*-**-RI-GWA_TRANSPORTLEIDING_PVC_200-G;0.18;30;32;30;30;253;RI-GWA-SO;0.35;30;32;30;30;253;RI-GWA-SO;0.35;30;32;30;30;253;V-RI-GWA-SO;0.35;30;32;30;30;253;RI-GWA-SO;;;1778;1776;;
GWA_TRANSPORTLEIDING_PVC_250;*;-;**;-;RI;-;GWA;_;TRANSPORTLEIDING;_;PVC;_;250;;;;;;;-;G;;;;;*-**-RI-GWA_TRANSPORTLEIDING_PVC_250-G;0.18;30;32;30;30;253;RI-GWA-SO;0.35;30;32;30;30;253;RI-GWA-SO;0.35;30;32;30;30;253;V-RI-GWA-SO;0.35;30;32;30;30;253;RI-GWA-SO;;;1779;1776;;
GWA_TRANSPORTLEIDING_PVC_315;*;-;**;-;RI;-;GWA;_;TRANSPORTLEIDING;_;PVC;_;315;;;;;;;-;G;;;;;*-**-RI-GWA_TRANSPORTLEIDING_PVC_315-G;0.18;30;32;30;30;253;RI-GWA-SO;0.35;30;32;30;30;253;RI-GWA-SO;0.35;30;32;30;30;253;V-RI-GWA-SO;0.35;30;32;30;30;253;RI-GWA-SO;;;1780;1776;;
GWA_TRANSPORTLEIDING_PVC_400;*;-;**;-;RI;-;GWA;_;TRANSPORTLEIDING;_;PVC;_;400;;;;;;;-;G;;;;;*-**-RI-GWA_TRANSPORTLEIDING_PVC_400-G;0.18;30;32;30;30;253;RI-GWA-SO;0.35;30;32;30;30;253;RI-GWA-SO;0.35;30;32;30;30;253;V-RI-GWA-SO;0.35;30;32;30;30;253;RI-GWA-SO;;;1781;1776;;
GWA_TRANSPORTLEIDING_PVC_500;*;-;**;-;RI;-;GWA;_;TRANSPORTLEIDING;_;PVC;_;500;;;;;;;-;G;;;;;*-**-RI-GWA_TRANSPORTLEIDING_PVC_500-G;0.18;30;32;30;30;253;RI-GWA-SO;0.35;30;32;30;30;253;RI-GWA-SO;0.35;30;32;30;30;253;V-RI-GWA-SO;0.35;30;32;30;30;253;RI-GWA-SO;;;1782;1776;;
GWA_TRANSPORTLEIDING_PVC_630;*;-;**;-;RI;-;GWA;_;TRANSPORTLEIDING;_;PVC;_;630;;;;;;;-;G;;;;;*-**-RI-GWA_TRANSPORTLEIDING_PVC_630-G;0.18;30;32;30;30;253;RI-GWA-SO;0.35;30;32;30;30;253;RI-GWA-SO;0.35;30;32;30;30;253;V-RI-GWA-SO;0.35;30;32;30;30;253;RI-GWA-SO;;;1783;1776;;
GWA_UITLAATCONSTRUCTIE;*;-;**;-;RI;-;GWA;_;UITLAATCONSTRUCTIE;;;;;;;;;;;-;G/S;;;;SRI-UITLAATCONSTRUCTIE;*-**-RI-GWA_UITLAATCONSTRUCTIE-G/S;0.18;30;32;30;30;253;CONTINUOUS;0.35;30;32;30;30;253;CONTINUOUS;0.35;30;32;30;30;253;V-CONTINUOUS-SO;0.35;30;32;30;30;253;CONTINUOUS;;;4048;1664;;
HUISAANSLUITING;*;-;**;-;RI;-;HUISAANSLUITING;;;;;;;;;;;;;-;G;;;;;*-**-RI-HUISAANSLUITING-G;0.18;10;12;10;10;253;RI-AANSLUITLEIDING-SO;0.35;10;12;10;10;253;RI-AANSLUITLEIDING-SO;0.35;10;12;10;10;253;V-RI-AANSLUITLEIDING-SO;0.35;10;12;10;10;253;RI-AANSLUITLEIDING-SO;;;1785;0;;
HWA;*;-;**;-;RI;-;HWA;;;;;;;;;;;;;-;G;;;;;*-**-RI-HWA-G;0.18;150;152;150;150;253;RI-HWA-SO;0.35;150;152;150;150;253;RI-HWA-SO;0.35;150;152;150;150;253;V-RI-HWA-SO;0.35;150;152;150;150;253;RI-HWA-SO;;;1786;0;;
HWA_AANSLUITPUT;*;-;**;-;RI;-;HWA;_;AANSLUITPUT;;;;;;;;;;;-;G/S;;;;SRI-PUT_ONTSTOPPINGSPUT;*-**-RI-HWA_AANSLUITPUT-G/S;0.18;150;152;150;150;253;CONTINUOUS;0.35;150;152;150;150;253;CONTINUOUS;0.35;150;152;150;150;253;V-CONTINUOUS-SO;0.35;150;152;150;150;253;CONTINUOUS;;;3800;1786;;
HWA_AANSLUITPUT_ONTSTOPPINGSPUT;*;-;**;-;RI;-;HWA;_;AANSLUITPUT;_;ONTSTOPPINGSPUT;;;;;;;;;-;G/S;;;;SRI-PUT_ONTSTOPPINGSPUT;*-**-RI-HWA_AANSLUITPUT_ONTSTOPPINGSPUT-G/S;0.18;150;152;150;150;253;CONTINUOUS;0.35;150;152;150;150;253;CONTINUOUS;0.35;150;152;150;150;253;V-CONTINUOUS-SO;0.35;150;152;150;150;253;CONTINUOUS;;;1842;3800;;
HWA_AANSLUITPUT_ONTSTOPPINGSPUT_BETON;*;-;**;-;RI;-;HWA;_;AANSLUITPUT;_;ONTSTOPPINGSPUT;_;BETON;;;;;;;-;G/S;;;;SRI-PUT_ONTSTOPPINGSPUT;*-**-RI-HWA_AANSLUITPUT_ONTSTOPPINGSPUT_BETON-G;0.18;150;152;150;150;253;CONTINUOUS;0.35;150;152;150;150;253;CONTINUOUS;0.35;150;152;150;150;253;V-CONTINUOUS-SO;0.35;150;152;150;150;253;CONTINUOUS;;;1843;1842;;
HWA_AANSLUITPUT_ONTSTOPPINGSPUT_PE;*;-;**;-;RI;-;HWA;_;AANSLUITPUT;_;ONTSTOPPINGSPUT;_;PE;;;;;;;-;G/S;;;;SRI-PUT_ONTSTOPPINGSPUT;*-**-RI-HWA_AANSLUITPUT_ONTSTOPPINGSPUT_PE-G;0.18;150;152;150;150;253;CONTINUOUS;0.35;150;152;150;150;253;CONTINUOUS;0.35;150;152;150;150;253;V-CONTINUOUS-SO;0.35;150;152;150;150;253;CONTINUOUS;;;1844;1842;;
HWA_BLIND;*;-;**;-;RI;-;HWA;_;BLIND;;;;;;;;;;;-;G/S;;;;SRI-HULP_INLAAT_BLIND;*-**-RI-HWA_BLIND-G/S;0.18;150;152;150;150;253;CONTINUOUS;0.35;150;152;150;150;253;CONTINUOUS;0.35;150;152;150;150;253;V-CONTINUOUS-SO;0.35;150;152;150;150;253;CONTINUOUS;;;1943;1786;;
HWA_BOB;*;-;**;-;RI;-;HWA;_;BOB;;;;;;;;;;;-;G/S;;;;SRI-BOB;*-**-RI-HWA_BOB-G/S;0.18;150;152;150;150;253;CONTINUOUS;0.35;150;152;150;150;253;CONTINUOUS;0.35;150;152;150;150;253;V-CONTINUOUS-SO;0.35;150;152;150;150;253;CONTINUOUS;;;1787;1786;;
HWA_DEMARCATIE;*;-;**;-;RI;-;HWA;_;DEMARCATIE;;;;;;;;;;;-;G/S;;;;SRI-DEMARCATIE;*-**-RI-HWA_DEMARCATIE-G/S;0.18;150;152;150;150;253;CONTINUOUS;0.35;150;152;150;150;253;CONTINUOUS;0.35;150;152;150;150;253;V-CONTINUOUS-SO;0.35;150;152;150;150;253;CONTINUOUS;;;1788;1786;;
HWA_GOOT;*;-;**;-;RI;-;HWA;_;GOOT;;;;;;;;;;;-;G;;;;;*-**-RI-HWA_GOOT-G;0.18;150;152;150;150;253;CONTINUOUS;0.35;150;152;150;150;253;CONTINUOUS;0.35;150;152;150;150;253;V-CONTINUOUS-SO;0.35;150;152;150;150;253;CONTINUOUS;;;1789;1786;;
HWA_GOOT_LIJNGOOT;*;-;**;-;RI;-;HWA;_;GOOT;_;LIJNGOOT;;;;;;;;;-;G;;;;;*-**-RI-HWA_GOOT_LIJNGOOT-G;0.18;150;152;150;150;253;CONTINUOUS;0.35;150;152;150;150;253;CONTINUOUS;0.35;150;152;150;150;253;V-CONTINUOUS-SO;0.35;150;152;150;150;253;CONTINUOUS;;;1790;1789;;
HWA_GOOT_LIJNGOOT_ZANDVANGER;*;-;**;-;RI;-;HWA;_;GOOT;_;LIJNGOOT;_;ZANDVANGER;;;;;;;-;G/S;;;;SRI-KOLK_ZANDVANG;*-**-RI-HWA_GOOT_LIJNGOOT_ZANDVANGER-G/S;0.18;150;152;150;150;253;CONTINUOUS;0.35;150;152;150;150;253;CONTINUOUS;0.35;150;152;150;150;253;V-CONTINUOUS-SO;0.35;150;152;150;150;253;CONTINUOUS;;;1791;1790;;
HWA_GOOT_MOLGOOT;*;-;**;-;RI;-;HWA;_;GOOT;_;MOLGOOT;;;;;;;;;-;G;;;;;*-**-RI-HWA_GOOT_MOLGOOT-G;0.18;150;152;150;150;253;CONTINUOUS;0.35;150;152;150;150;253;CONTINUOUS;0.35;150;152;150;150;253;V-CONTINUOUS-SO;0.35;150;152;150;150;253;CONTINUOUS;;;3693;1789;;
HWA_GOOT_ROOSTERGOOT;*;-;**;-;RI;-;HWA;_;GOOT;_;ROOSTERGOOT;;;;;;;;;-;G;;;;;*-**-RI-HWA_GOOT_ROOSTERGOOT-G;0.18;150;152;150;150;253;CONTINUOUS;0.35;150;152;150;150;253;CONTINUOUS;0.35;150;152;150;150;253;V-CONTINUOUS-SO;0.35;150;152;150;150;253;CONTINUOUS;;;1792;1789;;
HWA_GOOT_ROOSTERGOOT_ZANDVANGER;*;-;**;-;RI;-;HWA;_;GOOT;_;ROOSTERGOOT;_;ZANDVANGER;;;;;;;-;G/S;;;;SRI-KOLK_ZANDVANG;*-**-RI-HWA_GOOT_ROOSTERGOOT_ZANDVANGER-G/S;0.18;150;152;150;150;253;CONTINUOUS;0.35;150;152;150;150;253;CONTINUOUS;0.35;150;152;150;150;253;V-CONTINUOUS-SO;0.35;150;152;150;150;253;CONTINUOUS;;;1793;1792;;
HWA_GOOT_TALUDGOOT;*;-;**;-;RI;-;HWA;_;GOOT;_;TALUDGOOT;;;;;;;;;-;G;;;;;*-**-RI-HWA_GOOT_TALUDGOOT-G;0.18;150;152;150;150;253;CONTINUOUS;0.35;150;152;150;150;253;CONTINUOUS;0.35;150;152;150;150;253;V-CONTINUOUS-SO;0.35;150;152;150;150;253;CONTINUOUS;;;3694;1789;;
HWA_GOOT_VERHOLENGOOT;*;-;**;-;RI;-;HWA;_;GOOT;_;VERHOLENGOOT;;;;;;;;;-;G;;;;;*-**-RI-HWA_GOOT_VERHOLENGOOT-G;0.18;150;152;150;150;253;CONTINUOUS;0.35;150;152;150;150;253;CONTINUOUS;0.35;150;152;150;150;253;V-CONTINUOUS-SO;0.35;150;152;150;150;253;CONTINUOUS;;;3695;1789;;
HWA_GOOT_VERHOLENGOOT_ZANDVANGER;*;-;**;-;RI;-;HWA;_;GOOT;_;VERHOLENGOOT;_;ZANDVANGER;;;;;;;-;G;;;;;*-**-RI-HWA_GOOT_VERHOLENGOOT_ZANDVANGER-G;0.18;150;152;150;150;253;CONTINUOUS;0.35;150;152;150;150;253;CONTINUOUS;0.35;150;152;150;150;253;V-CONTINUOUS-SO;0.35;150;152;150;150;253;CONTINUOUS;;;3696;3695;;
HWA_GRINDKOFFER;*;-;**;-;RI;-;HWA;_;GRINDKOFFER;;;;;;;;;;;-;G;;;;;*-**-RI-HWA_GRINDKOFFER-G;0.18;150;152;150;150;253;CONTINUOUS;0.35;150;152;150;150;253;CONTINUOUS;0.35;150;152;150;150;253;V-CONTINUOUS-SO;0.35;150;152;150;150;253;CONTINUOUS;;;1794;1786;;
HWA_HULPSTUK;*;-;**;-;RI;-;HWA;_;HULPSTUK;;;;;;;;;;;-;G/S;;;;SRI-HULP;*-**-RI-HWA_HULPSTUK-G/S;0.18;150;152;150;150;253;CONTINUOUS;0.35;150;152;150;150;253;CONTINUOUS;0.35;150;152;150;150;253;V-CONTINUOUS-SO;0.35;150;152;150;150;253;CONTINUOUS;;;1809;1786;;
HWA_HULPSTUK_AFSLUITER;*;-;**;-;RI;-;HWA;_;HULPSTUK;_;AFSLUITER;;;;;;;;;-;G/S;;;;SRI-HULP_AFSLUITER;*-**-RI-HWA_HULPSTUK_AFSLUITER-G/S;0.18;150;152;150;150;253;CONTINUOUS;0.35;150;152;150;150;253;CONTINUOUS;0.35;150;152;150;150;253;V-CONTINUOUS-SO;0.35;150;152;150;150;253;CONTINUOUS;;;3697;1809;;
HWA_HULPSTUK_BELUCHTING;*;-;**;-;RI;-;HWA;_;HULPSTUK;_;BELUCHTING;;;;;;;;;-;G/S;;;;SRI-HULP_BELUCHTING;*-**-RI-HWA_HULPSTUK_BELUCHTING-G/S;0.18;150;152;150;150;253;CONTINUOUS;0.35;150;152;150;150;253;CONTINUOUS;0.35;150;152;150;150;253;V-CONTINUOUS-SO;0.35;150;152;150;150;253;CONTINUOUS;;;3698;1809;;
HWA_HULPSTUK_EINDKAP;*;-;**;-;RI;-;HWA;_;HULPSTUK;_;EINDKAP;;;;;;;;;-;G/S;;;;SRI-HULP_EINDKAP;*-**-RI-HWA_HULPSTUK_EINDKAP-G/S;0.18;150;152;150;150;253;CONTINUOUS;0.35;150;152;150;150;253;CONTINUOUS;0.35;150;152;150;150;253;V-CONTINUOUS-SO;0.35;150;152;150;150;253;CONTINUOUS;;;3699;1809;;
HWA_HULPSTUK_INLAAT;*;-;**;-;RI;-;HWA;_;HULPSTUK;_;INLAAT;;;;;;;;;-;G;;;;;*-**-RI-HWA_HULPSTUK_INLAAT-G;0.18;150;152;150;150;253;CONTINUOUS;0.35;150;152;150;150;253;CONTINUOUS;0.35;150;152;150;150;253;V-CONTINUOUS-SO;0.35;150;152;150;150;253;CONTINUOUS;;;1810;1809;;
HWA_HULPSTUK_KEERKLEP;*;-;**;-;RI;-;HWA;_;HULPSTUK;_;KEERKLEP;;;;;;;;;-;G/S;;;;SRI-HULP_KEERKLEP;*-**-RI-HWA_HULPSTUK_KEERKLEP-G/S;0.18;150;152;150;150;253;CONTINUOUS;0.35;150;152;150;150;253;CONTINUOUS;0.35;150;152;150;150;253;V-CONTINUOUS-SO;0.35;150;152;150;150;253;CONTINUOUS;;;3700;1809;;
HWA_HULPSTUK_ONTLUCHTING;*;-;**;-;RI;-;HWA;_;HULPSTUK;_;ONTLUCHTING;;;;;;;;;-;G/S;;;;SRI-HULP_ONTLUCHTING;*-**-RI-HWA_HULPSTUK_ONTLUCHTING-G/S;0.18;150;152;150;150;253;CONTINUOUS;0.35;150;152;150;150;253;CONTINUOUS;0.35;150;152;150;150;253;V-CONTINUOUS-SO;0.35;150;152;150;150;253;CONTINUOUS;;;3701;1809;;
HWA_HULPSTUK_ONTSTOPPINGSSTUK;*;-;**;-;RI;-;HWA;_;HULPSTUK;_;ONTSTOPPINGSSTUK;;;;;;;;;-;G;;;;;*-**-RI-HWA_HULPSTUK_ONTSTOPPINGSSTUK-G;0.18;150;152;150;150;253;CONTINUOUS;0.35;150;152;150;150;253;CONTINUOUS;0.35;150;152;150;150;253;V-CONTINUOUS-SO;0.35;150;152;150;150;253;CONTINUOUS;;;1811;1809;;
HWA_HULPSTUK_SCHOONMAAKSTUK;*;-;**;-;RI;-;HWA;_;HULPSTUK;_;SCHOONMAAKSTUK;;;;;;;;;-;G/S;;;;SRI-HULP_SCHOONMAAKSTUK;*-**-RI-HWA_HULPSTUK_SCHOONMAAKSTUK-G/S;0.18;150;152;150;150;253;CONTINUOUS;0.35;150;152;150;150;253;CONTINUOUS;0.35;150;152;150;150;253;V-CONTINUOUS-SO;0.35;150;152;150;150;253;CONTINUOUS;;;3702;1809;;
HWA_HULPSTUK_SPUIKRAAN;*;-;**;-;RI;-;HWA;_;HULPSTUK;_;SPUIKRAAN;;;;;;;;;-;G/S;;;;SRI-HULP_SPUIKRAAN;*-**-RI-HWA_HULPSTUK_SPUIKRAAN-G/S;0.18;150;152;150;150;253;CONTINUOUS;0.35;150;152;150;150;253;CONTINUOUS;0.35;150;152;150;150;253;V-CONTINUOUS-SO;0.35;150;152;150;150;253;CONTINUOUS;;;3703;1809;;
HWA_HULPSTUK_VERLOOPSTUK;*;-;**;-;RI;-;HWA;_;HULPSTUK;_;VERLOOPSTUK;;;;;;;;;-;G/S;;;;SRI-HULP_VERLOOPSTUK;*-**-RI-HWA_HULPSTUK_VERLOOPSTUK-G/S;0.18;150;152;150;150;253;CONTINUOUS;0.35;150;152;150;150;253;CONTINUOUS;0.35;150;152;150;150;253;V-CONTINUOUS-SO;0.35;150;152;150;150;253;CONTINUOUS;;;3704;1809;;
HWA_HULPSTUK_VLINDERKLEP;*;-;**;-;RI;-;HWA;_;HULPSTUK;_;VLINDERKLEP;;;;;;;;;-;G/S;;;;SRI-HULP_VLINDERKLEP;*-**-RI-HWA_HULPSTUK_VLINDERKLEP-G/S;0.18;150;152;150;150;253;CONTINUOUS;0.35;150;152;150;150;253;CONTINUOUS;0.35;150;152;150;150;253;V-CONTINUOUS-SO;0.35;150;152;150;150;253;CONTINUOUS;;;3705;1809;;
HWA_KOLK;*;-;**;-;RI;-;HWA;_;KOLK;;;;;;;;;;;-;G/S;;;;SRI-KOLK;*-**-RI-HWA_KOLK-G/S;0.18;150;152;150;150;253;CONTINUOUS;0.35;150;152;150;150;253;CONTINUOUS;0.35;150;152;150;150;253;V-CONTINUOUS-SO;0.35;150;152;150;150;253;CONTINUOUS;;;1812;1786;;
HWA_KOLK-OPHOOGTEBRENGEN;*;-;**;-;RI;-;HWA;_;KOLK;;;;;;;;;-;OPHOOGTEBRENGEN;-;G/S;;;;SRI-KOLK;*-**-RI-HWA_KOLK-OPHOOGTEBRENGEN-G/S;0.18;150;152;150;150;253;RI-OPHOOGTEBRENGEN-SO;0.35;150;152;150;150;253;RI-OPHOOGTEBRENGEN-SO;0.35;150;152;150;150;253;V-RI-OPHOOGTEBRENGEN-SO;0.35;150;152;150;150;253;RI-OPHOOGTEBRENGEN-SO;;;3707;1812;;
HWA_KOLK_COMBIKOLK;*;-;**;-;RI;-;HWA;_;KOLK;_;COMBIKOLK;;;;;;;;;-;G/S;;;;SRI-KOLK_COMBINATIE;*-**-RI-HWA_KOLK_COMBIKOLK-G/S;0.18;150;152;150;150;253;CONTINUOUS;0.35;150;152;150;150;253;CONTINUOUS;0.35;150;152;150;150;253;V-CONTINUOUS-SO;0.35;150;152;150;150;253;CONTINUOUS;;;1813;1812;;
HWA_KOLK_INFILTRATIE;*;-;**;-;RI;-;HWA;_;KOLK;_;INFILTRATIE;;;;;;;;;-;G/S;;;;SRI-KOLK_IFILTR;*-**-RI-HWA_KOLK_INFILTRATIE-G/S;0.18;150;152;150;150;253;CONTINUOUS;0.35;150;152;150;150;253;CONTINUOUS;0.35;150;152;150;150;253;V-CONTINUOUS-SO;0.35;150;152;150;150;253;CONTINUOUS;;;3706;1812;;
HWA_KOLK_RWSKOLK;*;-;**;-;RI;-;HWA;_;KOLK;_;RWSKOLK;;;;;;;;;-;G/S;;;;SRI-KOLK_RWS;*-**-RI-HWA_KOLK_RWSKOLK-G/S;0.18;150;152;150;150;253;CONTINUOUS;0.35;150;152;150;150;253;CONTINUOUS;0.35;150;152;150;150;253;V-CONTINUOUS-SO;0.35;150;152;150;150;253;CONTINUOUS;;;1814;1812;;
HWA_KOLK_STRAATKOLK;*;-;**;-;RI;-;HWA;_;KOLK;_;STRAATKOLK;;;;;;;;;-;G/S;;;;SRI-KOLK_STRAAT;*-**-RI-HWA_KOLK_STRAATKOLK-G/S;0.18;150;152;150;150;253;CONTINUOUS;0.35;150;152;150;150;253;CONTINUOUS;0.35;150;152;150;150;253;V-CONTINUOUS-SO;0.35;150;152;150;150;253;CONTINUOUS;;;1815;1812;;
HWA_KOLK_TROTTOIRKOLK;*;-;**;-;RI;-;HWA;_;KOLK;_;TROTTOIRKOLK;;;;;;;;;-;G/S;;;;SRI-KOLK_TROTTOIR;*-**-RI-HWA_KOLK_TROTTOIRKOLK-G/S;0.18;150;152;150;150;253;CONTINUOUS;0.35;150;152;150;150;253;CONTINUOUS;0.35;150;152;150;150;253;V-CONTINUOUS-SO;0.35;150;152;150;150;253;CONTINUOUS;;;1816;1812;;
HWA_KOLKAANSLUITLEIDING;*;-;**;-;RI;-;HWA;_;KOLKAANSLUITLEIDING;;;;;;;;;;;-;G;;;;;*-**-RI-HWA_KOLKAANSLUITLEIDING-G;0.18;150;152;150;150;253;RI-HWA_AANSLUITLEIDING-SO;0.25;150;152;150;150;253;RI-HWA_AANSLUITLEIDING-SO;0.25;150;152;150;150;253;V-RI-HWA_AANSLUITLEIDING-SO;0.25;150;152;150;150;253;RI-HWA_AANSLUITLEIDING-SO;;;1817;1786;;
HWA_KOLKAANSLUITLEIDING_PE;*;-;**;-;RI;-;HWA;_;KOLKAANSLUITLEIDING;_;PE;;;;;;;;;-;G;;;;;*-**-RI-HWA_KOLKAANSLUITLEIDING_PE-G;0.18;150;152;150;150;253;RI-HWA_AANSLUITLEIDING-SO;0.25;150;152;150;150;253;RI-HWA_AANSLUITLEIDING-SO;0.25;150;152;150;150;253;V-RI-HWA_AANSLUITLEIDING-SO;0.25;150;152;150;150;253;RI-HWA_AANSLUITLEIDING-SO;;;1818;1817;;
HWA_KOLKAANSLUITLEIDING_PE_110;*;-;**;-;RI;-;HWA;_;KOLKAANSLUITLEIDING;_;PE;_;110;;;;;;;-;G;;;;;*-**-RI-HWA_KOLKAANSLUITLEIDING_PE_110-G;0.18;150;152;150;150;253;RI-HWA_AANSLUITLEIDING-SO;0.25;150;152;150;150;253;RI-HWA_AANSLUITLEIDING-SO;0.25;150;152;150;150;253;V-RI-HWA_AANSLUITLEIDING-SO;0.25;150;152;150;150;253;RI-HWA_AANSLUITLEIDING-SO;;;1819;1818;;
HWA_KOLKAANSLUITLEIDING_PE_125;*;-;**;-;RI;-;HWA;_;KOLKAANSLUITLEIDING;_;PE;_;125;;;;;;;-;G;;;;;*-**-RI-HWA_KOLKAANSLUITLEIDING_PE_125-G;0.18;150;152;150;150;253;RI-HWA_AANSLUITLEIDING-SO;0.25;150;152;150;150;253;RI-HWA_AANSLUITLEIDING-SO;0.25;150;152;150;150;253;V-RI-HWA_AANSLUITLEIDING-SO;0.25;150;152;150;150;253;RI-HWA_AANSLUITLEIDING-SO;;;1820;1818;;
HWA_KOLKAANSLUITLEIDING_PE_160;*;-;**;-;RI;-;HWA;_;KOLKAANSLUITLEIDING;_;PE;_;160;;;;;;;-;G;;;;;*-**-RI-HWA_KOLKAANSLUITLEIDING_PE_160-G;0.18;150;152;150;150;253;RI-HWA_AANSLUITLEIDING-SO;0.25;150;152;150;150;253;RI-HWA_AANSLUITLEIDING-SO;0.25;150;152;150;150;253;V-RI-HWA_AANSLUITLEIDING-SO;0.25;150;152;150;150;253;RI-HWA_AANSLUITLEIDING-SO;;;1821;1818;;
HWA_KOLKAANSLUITLEIDING_PVC;*;-;**;-;RI;-;HWA;_;KOLKAANSLUITLEIDING;_;PVC;;;;;;;;;-;G;;;;;*-**-RI-HWA_KOLKAANSLUITLEIDING_PVC-G;0.18;150;152;150;150;253;RI-HWA_AANSLUITLEIDING-SO;0.25;150;152;150;150;253;RI-HWA_AANSLUITLEIDING-SO;0.25;150;152;150;150;253;V-RI-HWA_AANSLUITLEIDING-SO;0.25;150;152;150;150;253;RI-HWA_AANSLUITLEIDING-SO;;;1822;1817;;
HWA_KOLKAANSLUITLEIDING_PVC_110;*;-;**;-;RI;-;HWA;_;KOLKAANSLUITLEIDING;_;PVC;_;110;;;;;;;-;G;;;;;*-**-RI-HWA_KOLKAANSLUITLEIDING_PVC_110-G;0.18;150;152;150;150;253;RI-HWA_AANSLUITLEIDING-SO;0.25;150;152;150;150;253;RI-HWA_AANSLUITLEIDING-SO;0.25;150;152;150;150;253;V-RI-HWA_AANSLUITLEIDING-SO;0.25;150;152;150;150;253;RI-HWA_AANSLUITLEIDING-SO;;;1823;1822;;
HWA_KOLKAANSLUITLEIDING_PVC_125;*;-;**;-;RI;-;HWA;_;KOLKAANSLUITLEIDING;_;PVC;_;125;;;;;;;-;G;;;;;*-**-RI-HWA_KOLKAANSLUITLEIDING_PVC_125-G;0.18;150;152;150;150;253;RI-HWA_AANSLUITLEIDING-SO;0.25;150;152;150;150;253;RI-HWA_AANSLUITLEIDING-SO;0.25;150;152;150;150;253;V-RI-HWA_AANSLUITLEIDING-SO;0.25;150;152;150;150;253;RI-HWA_AANSLUITLEIDING-SO;;;1824;1822;;
HWA_KOLKAANSLUITLEIDING_PVC_160;*;-;**;-;RI;-;HWA;_;KOLKAANSLUITLEIDING;_;PVC;_;160;;;;;;;-;G;;;;;*-**-RI-HWA_KOLKAANSLUITLEIDING_PVC_160-G;0.18;150;152;150;150;253;RI-HWA_AANSLUITLEIDING-SO;0.25;150;152;150;150;253;RI-HWA_AANSLUITLEIDING-SO;0.25;150;152;150;150;253;V-RI-HWA_AANSLUITLEIDING-SO;0.25;150;152;150;150;253;RI-HWA_AANSLUITLEIDING-SO;;;1825;1822;;
HWA_LOZELEIDING;*;-;**;-;RI;-;HWA;_;LOZELEIDING;;;;;;;;;;;-;G;;;;;*-**-RI-HWA_LOZELEIDING-G;0.18;150;152;150;150;253;RI-LOZELEIDING-SO;0.35;150;152;150;150;253;RI-LOZELEIDING-SO;0.35;150;152;150;150;253;V-RI-LOZELEIDING-SO;0.35;150;152;150;150;253;RI-LOZELEIDING-SO;;;3805;1786;;
HWA_LOZELEIDING_UITLEGGER;*;-;**;-;RI;-;HWA;_;LOZELEIDING;_;UITLEGGER;;;;;;;;;-;G;;;;;*-**-RI-HWA_LOZELEIDING_UITLEGGER-G;0.18;150;152;150;150;253;RI-UITLEGGER-SO;0.35;150;152;150;150;253;RI-UITLEGGER-SO;0.35;150;152;150;150;253;V-RI-UITLEGGER-SO;0.35;150;152;150;150;253;RI-UITLEGGER-SO;;;1941;3805;;
HWA_LOZELEIDING_VOLGESCHUIMD;*;-;**;-;RI;-;HWA;_;LOZELEIDING;_;VOLGESCHUIMD;;;;;;;;;-;G;;;;;*-**-RI-HWA_LOZELEIDING_VOLGESCHUIMD-G;0.18;150;152;150;150;253;RI-VOLSCHUIMEN-SO;0.35;150;152;150;150;253;RI-VOLSCHUIMEN-SO;0.35;150;152;150;150;253;V-RI-VOLSCHUIMEN-SO;0.35;150;152;150;150;253;RI-VOLSCHUIMEN-SO;;;3806;3805;;
HWA_LOZELEIDING_VOLGEZAND;*;-;**;-;RI;-;HWA;_;LOZELEIDING;_;VOLGEZAND;;;;;;;;;-;G;;;;;*-**-RI-HWA_LOZELEIDING_VOLGEZAND-G;0.18;150;152;150;150;253;RI-VOLZANDEN-SO;0.35;150;152;150;150;253;RI-VOLZANDEN-SO;0.35;150;152;150;150;253;V-RI-VOLZANDEN-SO;0.35;150;152;150;150;253;RI-VOLZANDEN-SO;;;3807;3805;;
HWA_LOZEPUT;*;-;**;-;RI;-;HWA;_;LOZEPUT;;;;;;;;;;;-;G/S;;;;SRI-PUT_HWA;*-**-RI-HWA_LOZEPUT-G/S;0.18;150;152;150;150;253;CONTINUOUS;0.35;150;152;150;150;253;CONTINUOUS;0.35;150;152;150;150;253;V-CONTINUOUS-SO;0.35;150;152;150;150;253;CONTINUOUS;;;4049;1786;;
HWA_LOZINGSPUNT;*;-;**;-;RI;-;HWA;_;LOZINGSPUNT;;;;;;;;;;;-;G;;;;;*-**-RI-HWA_LOZINGSPUNT-G;0.18;150;152;150;150;253;CONTINUOUS;0.35;150;152;150;150;253;CONTINUOUS;0.35;150;152;150;150;253;V-CONTINUOUS-SO;0.35;150;152;150;150;253;CONTINUOUS;;;1826;1786;;
HWA_LOZINGSPUNT_BODEM;*;-;**;-;RI;-;HWA;_;LOZINGSPUNT;_;BODEM;;;;;;;;;-;G;;;;;*-**-RI-HWA_LOZINGSPUNT_BODEM-G;0.18;150;152;150;150;253;CONTINUOUS;0.35;150;152;150;150;253;CONTINUOUS;0.35;150;152;150;150;253;V-CONTINUOUS-SO;0.35;150;152;150;150;253;CONTINUOUS;;;3708;1826;;
HWA_LOZINGSPUNT_OPPERVLAKTEWATER;*;-;**;-;RI;-;HWA;_;LOZINGSPUNT;_;OPPERVLAKTEWATER;;;;;;;;;-;G;;;;;*-**-RI-HWA_LOZINGSPUNT_OPPERVLAKTEWATER-G;0.18;150;152;150;150;253;CONTINUOUS;0.35;150;152;150;150;253;CONTINUOUS;0.35;150;152;150;150;253;V-CONTINUOUS-SO;0.35;150;152;150;150;253;CONTINUOUS;;;3709;1826;;
HWA_MANTELBUIS;*;-;**;-;RI;-;HWA;_;MANTELBUIS;;;;;;;;;;;-;G;;;;;*-**-RI-HWA_MANTELBUIS-G;0.18;150;152;150;150;253;CONTINUOUS;0.35;150;152;150;150;253;CONTINUOUS;0.35;150;152;150;150;253;V-CONTINUOUS-SO;0.35;150;152;150;150;253;CONTINUOUS;;;1827;1786;;
HWA_PERCEELAANSLUITING;*;-;**;-;RI;-;HWA;_;PERCEELAANSLUITING;;;;;;;;;;;-;G;;;;;*-**-RI-HWA_PERCEELAANSLUITING-G;0.18;150;152;150;150;253;RI-HWA_AANSLUITLEIDING-SO;0.35;150;152;150;150;253;RI-HWA_AANSLUITLEIDING-SO;0.35;150;152;150;150;253;V-RI-HWA_AANSLUITLEIDING-SO;0.35;150;152;150;150;253;RI-HWA_AANSLUITLEIDING-SO;;;1828;1786;;
HWA_PERCEELAANSLUITLEIDING;*;-;**;-;RI;-;HWA;_;PERCEELAANSLUITLEIDING;;;;;;;;;;;-;G;;;;;*-**-RI-HWA_PERCEELAANSLUITLEIDING-G;0.18;150;152;150;150;253;RI-HWA_AANSLUITLEIDING-SO;0.25;150;152;150;150;253;RI-HWA_AANSLUITLEIDING-SO;0.25;150;152;150;150;253;V-RI-HWA_AANSLUITLEIDING-SO;0.25;150;152;150;150;253;RI-HWA_AANSLUITLEIDING-SO;;;1795;1786;;
HWA_PERCEELAANSLUITLEIDING_GRES;*;-;**;-;RI;-;HWA;_;PERCEELAANSLUITLEIDING;_;GRES;;;;;;;;;-;G;;;;;*-**-RI-HWA_PERCEELAANSLUITLEIDING_GRES-G;0.18;150;152;150;150;253;RI-HWA_AANSLUITLEIDING-SO;0.25;150;152;150;150;253;RI-HWA_AANSLUITLEIDING-SO;0.25;150;152;150;150;253;V-RI-HWA_AANSLUITLEIDING-SO;0.25;150;152;150;150;253;RI-HWA_AANSLUITLEIDING-SO;;;1796;1795;;
HWA_PERCEELAANSLUITLEIDING_GRES_100;*;-;**;-;RI;-;HWA;_;PERCEELAANSLUITLEIDING;_;GRES;_;100;;;;;;;-;G;;;;;*-**-RI-HWA_PERCEELAANSLUITLEIDING_GRES_100-G;0.18;150;152;150;150;253;RI-HWA_AANSLUITLEIDING-SO;0.25;150;152;150;150;253;RI-HWA_AANSLUITLEIDING-SO;0.25;150;152;150;150;253;V-RI-HWA_AANSLUITLEIDING-SO;0.25;150;152;150;150;253;RI-HWA_AANSLUITLEIDING-SO;;;1797;1796;;
HWA_PERCEELAANSLUITLEIDING_GRES_125;*;-;**;-;RI;-;HWA;_;PERCEELAANSLUITLEIDING;_;GRES;_;125;;;;;;;-;G;;;;;*-**-RI-HWA_PERCEELAANSLUITLEIDING_GRES_125-G;0.18;150;152;150;150;253;RI-HWA_AANSLUITLEIDING-SO;0.25;150;152;150;150;253;RI-HWA_AANSLUITLEIDING-SO;0.25;150;152;150;150;253;V-RI-HWA_AANSLUITLEIDING-SO;0.25;150;152;150;150;253;RI-HWA_AANSLUITLEIDING-SO;;;1798;1796;;
HWA_PERCEELAANSLUITLEIDING_GRES_150;*;-;**;-;RI;-;HWA;_;PERCEELAANSLUITLEIDING;_;GRES;_;150;;;;;;;-;G;;;;;*-**-RI-HWA_PERCEELAANSLUITLEIDING_GRES_150-G;0.18;150;152;150;150;253;RI-HWA_AANSLUITLEIDING-SO;0.25;150;152;150;150;253;RI-HWA_AANSLUITLEIDING-SO;0.25;150;152;150;150;253;V-RI-HWA_AANSLUITLEIDING-SO;0.25;150;152;150;150;253;RI-HWA_AANSLUITLEIDING-SO;;;1799;1796;;
HWA_PERCEELAANSLUITLEIDING_PE;*;-;**;-;RI;-;HWA;_;PERCEELAANSLUITLEIDING;_;PE;;;;;;;;;-;G;;;;;*-**-RI-HWA_PERCEELAANSLUITLEIDING_PE-G;0.18;150;152;150;150;253;RI-HWA_AANSLUITLEIDING-SO;0.25;150;152;150;150;253;RI-HWA_AANSLUITLEIDING-SO;0.25;150;152;150;150;253;V-RI-HWA_AANSLUITLEIDING-SO;0.25;150;152;150;150;253;RI-HWA_AANSLUITLEIDING-SO;;;1800;1795;;
HWA_PERCEELAANSLUITLEIDING_PE_110;*;-;**;-;RI;-;HWA;_;PERCEELAANSLUITLEIDING;_;PE;_;110;;;;;;;-;G;;;;;*-**-RI-HWA_PERCEELAANSLUITLEIDING_PE_110-G;0.18;150;152;150;150;253;RI-HWA_AANSLUITLEIDING-SO;0.25;150;152;150;150;253;RI-HWA_AANSLUITLEIDING-SO;0.25;150;152;150;150;253;V-RI-HWA_AANSLUITLEIDING-SO;0.25;150;152;150;150;253;RI-HWA_AANSLUITLEIDING-SO;;;1801;1800;;
HWA_PERCEELAANSLUITLEIDING_PE_63;*;-;**;-;RI;-;HWA;_;PERCEELAANSLUITLEIDING;_;PE;_;63;;;;;;;-;G;;;;;*-**-RI-HWA_PERCEELAANSLUITLEIDING_PE_63-G;0.18;150;152;150;150;253;RI-HWA_AANSLUITLEIDING-SO;0.25;150;152;150;150;253;RI-HWA_AANSLUITLEIDING-SO;0.25;150;152;150;150;253;V-RI-HWA_AANSLUITLEIDING-SO;0.25;150;152;150;150;253;RI-HWA_AANSLUITLEIDING-SO;;;1802;1800;;
HWA_PERCEELAANSLUITLEIDING_PE_75;*;-;**;-;RI;-;HWA;_;PERCEELAANSLUITLEIDING;_;PE;_;75;;;;;;;-;G;;;;;*-**-RI-HWA_PERCEELAANSLUITLEIDING_PE_75-G;0.18;150;152;150;150;253;RI-HWA_AANSLUITLEIDING-SO;0.25;150;152;150;150;253;RI-HWA_AANSLUITLEIDING-SO;0.25;150;152;150;150;253;V-RI-HWA_AANSLUITLEIDING-SO;0.25;150;152;150;150;253;RI-HWA_AANSLUITLEIDING-SO;;;1803;1800;;
HWA_PERCEELAANSLUITLEIDING_PE_90;*;-;**;-;RI;-;HWA;_;PERCEELAANSLUITLEIDING;_;PE;_;90;;;;;;;-;G;;;;;*-**-RI-HWA_PERCEELAANSLUITLEIDING_PE_90-G;0.18;150;152;150;150;253;RI-HWA_AANSLUITLEIDING-SO;0.25;150;152;150;150;253;RI-HWA_AANSLUITLEIDING-SO;0.25;150;152;150;150;253;V-RI-HWA_AANSLUITLEIDING-SO;0.25;150;152;150;150;253;RI-HWA_AANSLUITLEIDING-SO;;;1804;1800;;
HWA_PERCEELAANSLUITLEIDING_PP;*;-;**;-;RI;-;HWA;_;PERCEELAANSLUITLEIDING;_;PP;;;;;;;;;-;G;;;;;*-**-RI-HWA_PERCEELAANSLUITLEIDING_PP-G;0.18;150;152;150;150;253;RI-HWA_AANSLUITLEIDING-SO;0.25;150;152;150;150;253;RI-HWA_AANSLUITLEIDING-SO;0.25;150;152;150;150;253;V-RI-HWA_AANSLUITLEIDING-SO;0.25;150;152;150;150;253;RI-HWA_AANSLUITLEIDING-SO;;;3074;1795;;
HWA_PERCEELAANSLUITLEIDING_PP_125;*;-;**;-;RI;-;HWA;_;PERCEELAANSLUITLEIDING;_;PP;_;125;;;;;;;-;G;;;;;*-**-RI-HWA_PERCEELAANSLUITLEIDING_PP_125-G;0.18;150;152;150;150;253;RI-HWA_AANSLUITLEIDING-SO;0.25;150;152;150;150;253;RI-HWA_AANSLUITLEIDING-SO;0.25;150;152;150;150;253;V-RI-HWA_AANSLUITLEIDING-SO;0.25;150;152;150;150;253;RI-HWA_AANSLUITLEIDING-SO;;;3075;3074;;
HWA_PERCEELAANSLUITLEIDING_PP_160;*;-;**;-;RI;-;HWA;_;PERCEELAANSLUITLEIDING;_;PP;_;160;;;;;;;-;G;;;;;*-**-RI-HWA_PERCEELAANSLUITLEIDING_PP_160-G;0.18;150;152;150;150;253;RI-HWA_AANSLUITLEIDING-SO;0.25;150;152;150;150;253;RI-HWA_AANSLUITLEIDING-SO;0.25;150;152;150;150;253;V-RI-HWA_AANSLUITLEIDING-SO;0.25;150;152;150;150;253;RI-HWA_AANSLUITLEIDING-SO;;;3076;3074;;
HWA_PERCEELAANSLUITLEIDING_PVC;*;-;**;-;RI;-;HWA;_;PERCEELAANSLUITLEIDING;_;PVC;;;;;;;;;-;G;;;;;*-**-RI-HWA_PERCEELAANSLUITLEIDING_PVC-G;0.18;150;152;150;150;253;RI-HWA_AANSLUITLEIDING-SO;0.25;150;152;150;150;253;RI-HWA_AANSLUITLEIDING-SO;0.25;150;152;150;150;253;V-RI-HWA_AANSLUITLEIDING-SO;0.25;150;152;150;150;253;RI-HWA_AANSLUITLEIDING-SO;;;1805;1795;;
HWA_PERCEELAANSLUITLEIDING_PVC_110;*;-;**;-;RI;-;HWA;_;PERCEELAANSLUITLEIDING;_;PVC;_;110;;;;;;;-;G;;;;;*-**-RI-HWA_PERCEELAANSLUITLEIDING_PVC_110-G;0.18;150;152;150;150;253;RI-HWA_AANSLUITLEIDING-SO;0.25;150;152;150;150;253;RI-HWA_AANSLUITLEIDING-SO;0.25;150;152;150;150;253;V-RI-HWA_AANSLUITLEIDING-SO;0.25;150;152;150;150;253;RI-HWA_AANSLUITLEIDING-SO;;;1806;1805;;
HWA_PERCEELAANSLUITLEIDING_PVC_125;*;-;**;-;RI;-;HWA;_;PERCEELAANSLUITLEIDING;_;PVC;_;125;;;;;;;-;G;;;;;*-**-RI-HWA_PERCEELAANSLUITLEIDING_PVC_125-G;0.18;150;152;150;150;253;RI-HWA_AANSLUITLEIDING-SO;0.25;150;152;150;150;253;RI-HWA_AANSLUITLEIDING-SO;0.25;150;152;150;150;253;V-RI-HWA_AANSLUITLEIDING-SO;0.25;150;152;150;150;253;RI-HWA_AANSLUITLEIDING-SO;;;1807;1805;;
HWA_PERCEELAANSLUITLEIDING_PVC_160;*;-;**;-;RI;-;HWA;_;PERCEELAANSLUITLEIDING;_;PVC;_;160;;;;;;;-;G;;;;;*-**-RI-HWA_PERCEELAANSLUITLEIDING_PVC_160-G;0.18;150;152;150;150;253;RI-HWA_AANSLUITLEIDING-SO;0.25;150;152;150;150;253;RI-HWA_AANSLUITLEIDING-SO;0.25;150;152;150;150;253;V-RI-HWA_AANSLUITLEIDING-SO;0.25;150;152;150;150;253;RI-HWA_AANSLUITLEIDING-SO;;;1808;1805;;
HWA_PERCEELAANSLUITPUNT;*;-;**;-;RI;-;HWA;_;PERCEELAANSLUITPUNT;;;;;;;;;;;-;G;;;;;*-**-RI-HWA_PERCEELAANSLUITPUNT-G;0.18;150;152;150;150;253;CONTINUOUS;0.35;150;152;150;150;253;CONTINUOUS;0.35;150;152;150;150;253;V-CONTINUOUS-SO;0.35;150;152;150;150;253;CONTINUOUS;;;1829;1786;;
HWA_PUTDEKSELNIVEAU;*;-;**;-;RI;-;HWA;_;PUTDEKSELNIVEAU;;;;;;;;;;;-;G/S;;;;SRI-PUTDEKSELHOOGTE;*-**-RI-HWA_PUTDEKSELNIVEAU-G/S;0.18;150;152;150;150;253;CONTINUOUS;0.35;150;152;150;150;253;CONTINUOUS;0.35;150;152;150;150;253;V-CONTINUOUS-SO;0.35;150;152;150;150;253;CONTINUOUS;;;1830;1786;;
HWA_PUTNUMMER;*;-;**;-;RI;-;HWA;_;PUTNUMMER;;;;;;;;;;;-;G/S;;;;SRI-PUTNUMMER;*-**-RI-HWA_PUTNUMMER-G/S;0.18;150;152;150;150;253;CONTINUOUS;0.35;150;152;150;150;253;CONTINUOUS;0.35;150;152;150;150;253;V-CONTINUOUS-SO;0.35;150;152;150;150;253;CONTINUOUS;;;1831;1786;;
HWA_RIOOLLEIDING;*;-;**;-;RI;-;HWA;_;RIOOLLEIDING;;;;;;;;;;;-;G;;;;;*-**-RI-HWA_RIOOLLEIDING-G;0.18;150;152;150;150;253;RI-HWA-SO;0.35;150;152;150;150;253;RI-HWA-SO;0.35;150;152;150;150;253;V-RI-HWA-SO;0.35;150;152;150;150;253;RI-HWA-SO;;;3710;1786;;
HWA_RIOOLLEIDING-LINING;*;_;**;_;RI;_;HWA;_;RIOOLLEIDING;_;;_;;_;;_;;-;LINING;-;G;-;;;;*_**_RI_HWA_RIOOLLEIDING-LINING;0.18;150;152;150;150;253;RI-LINING-SO;0.35;150;152;150;150;253;RI-LINING-SO;0.35;150;152;150;150;253;V-RI-LINING-SO;0.35;150;152;150;150;253;RI-LINING-SO;;;4846;3710;http://digitalbuildingdata.tech/nlcs/def/20d9594e-c252-463f-ae6b-c7d888d5fdf3;http://digitalbuildingdata.tech/nlcs/def/a8301102-38cf-4e59-9b7f-5bd2a2945190
HWA_RIOOLLEIDING-VOLSCHUIMEN;*;_;**;_;RI;_;HWA;_;RIOOLLEIDING;_;;_;;_;;_;;-;VOLSCHUIMEN;-;G;-;;;;*_**_RI_HWA_RIOOLLEIDING-VOLSCHUIMEN;0.18;150;152;150;150;253;RI-VOLSCHUIMEN-SO;0.35;150;152;150;150;253;RI-VOLSCHUIMEN-SO;0.35;150;152;150;150;253;V-RI-VOLSCHUIMEN-SO;0.35;150;152;150;150;253;RI-VOLSCHUIMEN-SO;;;4847;3710;http://digitalbuildingdata.tech/nlcs/def/9f22989d-05fe-41eb-8929-603fd6e296c0;http://digitalbuildingdata.tech/nlcs/def/a8301102-38cf-4e59-9b7f-5bd2a2945190
HWA_RIOOLLEIDING-VOLZANDEN;*;_;**;_;RI;_;HWA;_;RIOOLLEIDING;_;;_;;_;;_;;-;VOLZANDEN;-;G;-;;;;*_**_RI_HWA_RIOOLLEIDING-VOLZANDEN;0.18;150;152;150;150;253;RI-VOLZANDEN-SO;0.35;150;152;150;150;253;RI-VOLZANDEN-SO;0.35;150;152;150;150;253;V-RI-VOLZANDEN-SO;0.35;150;152;150;150;253;RI-VOLZANDEN-SO;;;4848;3710;http://digitalbuildingdata.tech/nlcs/def/4884d3fa-c03b-432e-bcc0-e0c9c3a533da;http://digitalbuildingdata.tech/nlcs/def/a8301102-38cf-4e59-9b7f-5bd2a2945190
HWA_RIOOLLEIDING_BETON;*;-;**;-;RI;-;HWA;_;RIOOLLEIDING;_;BETON;;;;;;;;;-;G;;;;;*-**-RI-HWA_RIOOLLEIDING_BETON-G;0.18;150;152;150;150;253;RI-HWA-SO;0.35;150;152;150;150;253;RI-HWA-SO;0.35;150;152;150;150;253;V-RI-HWA-SO;0.35;150;152;150;150;253;RI-HWA-SO;;;3711;3710;;
HWA_RIOOLLEIDING_BETON_1000;*;-;**;-;RI;-;HWA;_;RIOOLLEIDING;_;BETON;_;1000;;;;;;;-;G;;;;;*-**-RI-HWA_RIOOLLEIDING_BETON_1000-G;0.18;150;152;150;150;253;RI-HWA-SO;0.35;150;152;150;150;253;RI-HWA-SO;0.35;150;152;150;150;253;V-RI-HWA-SO;0.35;150;152;150;150;253;RI-HWA-SO;;;3712;3711;;
HWA_RIOOLLEIDING_BETON_1250;*;-;**;-;RI;-;HWA;_;RIOOLLEIDING;_;BETON;_;1250;;;;;;;-;G;;;;;*-**-RI-HWA_RIOOLLEIDING_BETON_1250-G;0.18;150;152;150;150;253;RI-HWA-SO;0.35;150;152;150;150;253;RI-HWA-SO;0.35;150;152;150;150;253;V-RI-HWA-SO;0.35;150;152;150;150;253;RI-HWA-SO;;;3713;3711;;
HWA_RIOOLLEIDING_BETON_1500;*;-;**;-;RI;-;HWA;_;RIOOLLEIDING;_;BETON;_;1500;;;;;;;-;G;;;;;*-**-RI-HWA_RIOOLLEIDING_BETON_1500-G;0.18;150;152;150;150;253;RI-HWA-SO;0.35;150;152;150;150;253;RI-HWA-SO;0.35;150;152;150;150;253;V-RI-HWA-SO;0.35;150;152;150;150;253;RI-HWA-SO;;;3714;3711;;
HWA_RIOOLLEIDING_BETON_2000;*;-;**;-;RI;-;HWA;_;RIOOLLEIDING;_;BETON;_;2000;;;;;;;-;G;;;;;*-**-RI-HWA_RIOOLLEIDING_BETON_2000-G;0.18;150;152;150;150;253;RI-HWA-SO;0.35;150;152;150;150;253;RI-HWA-SO;0.35;150;152;150;150;253;V-RI-HWA-SO;0.35;150;152;150;150;253;RI-HWA-SO;;;3715;3711;;
HWA_RIOOLLEIDING_BETON_250;*;-;**;-;RI;-;HWA;_;RIOOLLEIDING;_;BETON;_;250;;;;;;;-;G;;;;;*-**-RI-HWA_RIOOLLEIDING_BETON_250-G;0.18;150;152;150;150;253;RI-HWA-SO;0.35;150;152;150;150;253;RI-HWA-SO;0.35;150;152;150;150;253;V-RI-HWA-SO;0.35;150;152;150;150;253;RI-HWA-SO;;;3716;3711;;
HWA_RIOOLLEIDING_BETON_300;*;-;**;-;RI;-;HWA;_;RIOOLLEIDING;_;BETON;_;300;;;;;;;-;G;;;;;*-**-RI-HWA_RIOOLLEIDING_BETON_300-G;0.18;150;152;150;150;253;RI-HWA-SO;0.35;150;152;150;150;253;RI-HWA-SO;0.35;150;152;150;150;253;V-RI-HWA-SO;0.35;150;152;150;150;253;RI-HWA-SO;;;3717;3711;;
HWA_RIOOLLEIDING_BETON_400;*;-;**;-;RI;-;HWA;_;RIOOLLEIDING;_;BETON;_;400;;;;;;;-;G;;;;;*-**-RI-HWA_RIOOLLEIDING_BETON_400-G;0.18;150;152;150;150;253;RI-HWA-SO;0.35;150;152;150;150;253;RI-HWA-SO;0.35;150;152;150;150;253;V-RI-HWA-SO;0.35;150;152;150;150;253;RI-HWA-SO;;;3718;3711;;
HWA_RIOOLLEIDING_BETON_500;*;-;**;-;RI;-;HWA;_;RIOOLLEIDING;_;BETON;_;500;;;;;;;-;G;;;;;*-**-RI-HWA_RIOOLLEIDING_BETON_500-G;0.18;150;152;150;150;253;RI-HWA-SO;0.35;150;152;150;150;253;RI-HWA-SO;0.35;150;152;150;150;253;V-RI-HWA-SO;0.35;150;152;150;150;253;RI-HWA-SO;;;3719;3711;;
HWA_RIOOLLEIDING_BETON_600;*;-;**;-;RI;-;HWA;_;RIOOLLEIDING;_;BETON;_;600;;;;;;;-;G;;;;;*-**-RI-HWA_RIOOLLEIDING_BETON_600-G;0.18;150;152;150;150;253;RI-HWA-SO;0.35;150;152;150;150;253;RI-HWA-SO;0.35;150;152;150;150;253;V-RI-HWA-SO;0.35;150;152;150;150;253;RI-HWA-SO;;;3720;3711;;
HWA_RIOOLLEIDING_BETON_700;*;-;**;-;RI;-;HWA;_;RIOOLLEIDING;_;BETON;_;700;;;;;;;-;G;;;;;*-**-RI-HWA_RIOOLLEIDING_BETON_700-G;0.18;150;152;150;150;253;RI-HWA-SO;0.35;150;152;150;150;253;RI-HWA-SO;0.35;150;152;150;150;253;V-RI-HWA-SO;0.35;150;152;150;150;253;RI-HWA-SO;;;3721;3711;;
HWA_RIOOLLEIDING_BETON_800;*;-;**;-;RI;-;HWA;_;RIOOLLEIDING;_;BETON;_;800;;;;;;;-;G;;;;;*-**-RI-HWA_RIOOLLEIDING_BETON_800-G;0.18;150;152;150;150;253;RI-HWA-SO;0.35;150;152;150;150;253;RI-HWA-SO;0.35;150;152;150;150;253;V-RI-HWA-SO;0.35;150;152;150;150;253;RI-HWA-SO;;;3722;3711;;
HWA_RIOOLLEIDING_BETON_900;*;-;**;-;RI;-;HWA;_;RIOOLLEIDING;_;BETON;_;900;;;;;;;-;G;;;;;*-**-RI-HWA_RIOOLLEIDING_BETON_900-G;0.18;150;152;150;150;253;RI-HWA-SO;0.35;150;152;150;150;253;RI-HWA-SO;0.35;150;152;150;150;253;V-RI-HWA-SO;0.35;150;152;150;150;253;RI-HWA-SO;;;3723;3711;;
HWA_RIOOLLEIDING_BETON_EI;*;-;**;-;RI;-;HWA;_;RIOOLLEIDING;_;BETON;_;EI;;;;;;;-;G;;;;;*-**-RI-HWA_RIOOLLEIDING_BETON_EI-G;0.18;150;152;150;150;253;RI-HWA-SO;0.35;150;152;150;150;253;RI-HWA-SO;0.35;150;152;150;150;253;V-RI-HWA-SO;0.35;150;152;150;150;253;RI-HWA-SO;;;3724;3711;;
HWA_RIOOLLEIDING_BETON_EI_1000X1500;*;-;**;-;RI;-;HWA;_;RIOOLLEIDING;_;BETON;_;EI;_;1000X1500;;;;;-;G;;;;;*-**-RI-HWA_RIOOLLEIDING_BETON_EI_1000X1500-G;0.18;150;152;150;150;253;RI-HWA-SO;0.35;150;152;150;150;253;RI-HWA-SO;0.35;150;152;150;150;253;V-RI-HWA-SO;0.35;150;152;150;150;253;RI-HWA-SO;;;3725;3724;;
HWA_RIOOLLEIDING_BETON_EI_200X300;*;-;**;-;RI;-;HWA;_;RIOOLLEIDING;_;BETON;_;EI;_;200X300;;;;;-;G;;;;;*-**-RI-HWA_RIOOLLEIDING_BETON_EI_200X300-G;0.18;150;152;150;150;253;RI-HWA-SO;0.35;150;152;150;150;253;RI-HWA-SO;0.35;150;152;150;150;253;V-RI-HWA-SO;0.35;150;152;150;150;253;RI-HWA-SO;;;3726;3724;;
HWA_RIOOLLEIDING_BETON_EI_250X375;*;-;**;-;RI;-;HWA;_;RIOOLLEIDING;_;BETON;_;EI;_;250X375;;;;;-;G;;;;;*-**-RI-HWA_RIOOLLEIDING_BETON_EI_250X375-G;0.18;150;152;150;150;253;RI-HWA-SO;0.35;150;152;150;150;253;RI-HWA-SO;0.35;150;152;150;150;253;V-RI-HWA-SO;0.35;150;152;150;150;253;RI-HWA-SO;;;3727;3724;;
HWA_RIOOLLEIDING_BETON_EI_300X450;*;-;**;-;RI;-;HWA;_;RIOOLLEIDING;_;BETON;_;EI;_;300X450;;;;;-;G;;;;;*-**-RI-HWA_RIOOLLEIDING_BETON_EI_300X450-G;0.18;150;152;150;150;253;RI-HWA-SO;0.35;150;152;150;150;253;RI-HWA-SO;0.35;150;152;150;150;253;V-RI-HWA-SO;0.35;150;152;150;150;253;RI-HWA-SO;;;3728;3724;;
HWA_RIOOLLEIDING_BETON_EI_400X600;*;-;**;-;RI;-;HWA;_;RIOOLLEIDING;_;BETON;_;EI;_;400X600;;;;;-;G;;;;;*-**-RI-HWA_RIOOLLEIDING_BETON_EI_400X600-G;0.18;150;152;150;150;253;RI-HWA-SO;0.35;150;152;150;150;253;RI-HWA-SO;0.35;150;152;150;150;253;V-RI-HWA-SO;0.35;150;152;150;150;253;RI-HWA-SO;;;3729;3724;;
HWA_RIOOLLEIDING_BETON_EI_500X750;*;-;**;-;RI;-;HWA;_;RIOOLLEIDING;_;BETON;_;EI;_;500X750;;;;;-;G;;;;;*-**-RI-HWA_RIOOLLEIDING_BETON_EI_500X750-G;0.18;150;152;150;150;253;RI-HWA-SO;0.35;150;152;150;150;253;RI-HWA-SO;0.35;150;152;150;150;253;V-RI-HWA-SO;0.35;150;152;150;150;253;RI-HWA-SO;;;3730;3724;;
HWA_RIOOLLEIDING_BETON_EI_600X900;*;-;**;-;RI;-;HWA;_;RIOOLLEIDING;_;BETON;_;EI;_;600X900;;;;;-;G;;;;;*-**-RI-HWA_RIOOLLEIDING_BETON_EI_600X900-G;0.18;150;152;150;150;253;RI-HWA-SO;0.35;150;152;150;150;253;RI-HWA-SO;0.35;150;152;150;150;253;V-RI-HWA-SO;0.35;150;152;150;150;253;RI-HWA-SO;;;3731;3724;;
HWA_RIOOLLEIDING_BETON_EI_700X1050;*;-;**;-;RI;-;HWA;_;RIOOLLEIDING;_;BETON;_;EI;_;700X1050;;;;;-;G;;;;;*-**-RI-HWA_RIOOLLEIDING_BETON_EI_700X1050-G;0.18;150;152;150;150;253;RI-HWA-SO;0.35;150;152;150;150;253;RI-HWA-SO;0.35;150;152;150;150;253;V-RI-HWA-SO;0.35;150;152;150;150;253;RI-HWA-SO;;;3732;3724;;
HWA_RIOOLLEIDING_BETON_EI_800X1200;*;-;**;-;RI;-;HWA;_;RIOOLLEIDING;_;BETON;_;EI;_;800X1200;;;;;-;G;;;;;*-**-RI-HWA_RIOOLLEIDING_BETON_EI_800X1200-G;0.18;150;152;150;150;253;RI-HWA-SO;0.35;150;152;150;150;253;RI-HWA-SO;0.35;150;152;150;150;253;V-RI-HWA-SO;0.35;150;152;150;150;253;RI-HWA-SO;;;3733;3724;;
HWA_RIOOLLEIDING_BETON_EI_900X1350;*;-;**;-;RI;-;HWA;_;RIOOLLEIDING;_;BETON;_;EI;_;900X1350;;;;;-;G;;;;;*-**-RI-HWA_RIOOLLEIDING_BETON_EI_900X1350-G;0.18;150;152;150;150;253;RI-HWA-SO;0.35;150;152;150;150;253;RI-HWA-SO;0.35;150;152;150;150;253;V-RI-HWA-SO;0.35;150;152;150;150;253;RI-HWA-SO;;;3734;3724;;
HWA_RIOOLLEIDING_GRES;*;-;**;-;RI;-;HWA;_;RIOOLLEIDING;_;GRES;;;;;;;;;-;G;;;;;*-**-RI-HWA_RIOOLLEIDING_GRES-G;0.18;150;152;150;150;253;RI-HWA-SO;0.35;150;152;150;150;253;RI-HWA-SO;0.35;150;152;150;150;253;V-RI-HWA-SO;0.35;150;152;150;150;253;RI-HWA-SO;;;3735;3710;;
HWA_RIOOLLEIDING_GRES_1000;*;-;**;-;RI;-;HWA;_;RIOOLLEIDING;_;GRES;_;1000;;;;;;;-;G;;;;;*-**-RI-HWA_RIOOLLEIDING_GRES_1000-G;0.18;150;152;150;150;253;RI-HWA-SO;0.35;150;152;150;150;253;RI-HWA-SO;0.35;150;152;150;150;253;V-RI-HWA-SO;0.35;150;152;150;150;253;RI-HWA-SO;;;3736;3735;;
HWA_RIOOLLEIDING_GRES_200;*;-;**;-;RI;-;HWA;_;RIOOLLEIDING;_;GRES;_;200;;;;;;;-;G;;;;;*-**-RI-HWA_RIOOLLEIDING_GRES_200-G;0.18;150;152;150;150;253;RI-HWA-SO;0.35;150;152;150;150;253;RI-HWA-SO;0.35;150;152;150;150;253;V-RI-HWA-SO;0.35;150;152;150;150;253;RI-HWA-SO;;;3737;3735;;
HWA_RIOOLLEIDING_GRES_250;*;-;**;-;RI;-;HWA;_;RIOOLLEIDING;_;GRES;_;250;;;;;;;-;G;;;;;*-**-RI-HWA_RIOOLLEIDING_GRES_250-G;0.18;150;152;150;150;253;RI-HWA-SO;0.35;150;152;150;150;253;RI-HWA-SO;0.35;150;152;150;150;253;V-RI-HWA-SO;0.35;150;152;150;150;253;RI-HWA-SO;;;3738;3735;;
HWA_RIOOLLEIDING_GRES_300;*;-;**;-;RI;-;HWA;_;RIOOLLEIDING;_;GRES;_;300;;;;;;;-;G;;;;;*-**-RI-HWA_RIOOLLEIDING_GRES_300-G;0.18;150;152;150;150;253;RI-HWA-SO;0.35;150;152;150;150;253;RI-HWA-SO;0.35;150;152;150;150;253;V-RI-HWA-SO;0.35;150;152;150;150;253;RI-HWA-SO;;;3739;3735;;
HWA_RIOOLLEIDING_GRES_400;*;-;**;-;RI;-;HWA;_;RIOOLLEIDING;_;GRES;_;400;;;;;;;-;G;;;;;*-**-RI-HWA_RIOOLLEIDING_GRES_400-G;0.18;150;152;150;150;253;RI-HWA-SO;0.35;150;152;150;150;253;RI-HWA-SO;0.35;150;152;150;150;253;V-RI-HWA-SO;0.35;150;152;150;150;253;RI-HWA-SO;;;3740;3735;;
HWA_RIOOLLEIDING_GRES_500;*;-;**;-;RI;-;HWA;_;RIOOLLEIDING;_;GRES;_;500;;;;;;;-;G;;;;;*-**-RI-HWA_RIOOLLEIDING_GRES_500-G;0.18;150;152;150;150;253;RI-HWA-SO;0.35;150;152;150;150;253;RI-HWA-SO;0.35;150;152;150;150;253;V-RI-HWA-SO;0.35;150;152;150;150;253;RI-HWA-SO;;;3741;3735;;
HWA_RIOOLLEIDING_GRES_600;*;-;**;-;RI;-;HWA;_;RIOOLLEIDING;_;GRES;_;600;;;;;;;-;G;;;;;*-**-RI-HWA_RIOOLLEIDING_GRES_600-G;0.18;150;152;150;150;253;RI-HWA-SO;0.35;150;152;150;150;253;RI-HWA-SO;0.35;150;152;150;150;253;V-RI-HWA-SO;0.35;150;152;150;150;253;RI-HWA-SO;;;3742;3735;;
HWA_RIOOLLEIDING_GRES_700;*;-;**;-;RI;-;HWA;_;RIOOLLEIDING;_;GRES;_;700;;;;;;;-;G;;;;;*-**-RI-HWA_RIOOLLEIDING_GRES_700-G;0.18;150;152;150;150;253;RI-HWA-SO;0.35;150;152;150;150;253;RI-HWA-SO;0.35;150;152;150;150;253;V-RI-HWA-SO;0.35;150;152;150;150;253;RI-HWA-SO;;;3743;3735;;
HWA_RIOOLLEIDING_GRES_800;*;-;**;-;RI;-;HWA;_;RIOOLLEIDING;_;GRES;_;800;;;;;;;-;G;;;;;*-**-RI-HWA_RIOOLLEIDING_GRES_800-G;0.18;150;152;150;150;253;RI-HWA-SO;0.35;150;152;150;150;253;RI-HWA-SO;0.35;150;152;150;150;253;V-RI-HWA-SO;0.35;150;152;150;150;253;RI-HWA-SO;;;3744;3735;;
HWA_RIOOLLEIDING_GRES_900;*;-;**;-;RI;-;HWA;_;RIOOLLEIDING;_;GRES;_;900;;;;;;;-;G;;;;;*-**-RI-HWA_RIOOLLEIDING_GRES_900-G;0.18;150;152;150;150;253;RI-HWA-SO;0.35;150;152;150;150;253;RI-HWA-SO;0.35;150;152;150;150;253;V-RI-HWA-SO;0.35;150;152;150;150;253;RI-HWA-SO;;;3745;3735;;
HWA_RIOOLLEIDING_GVK;*;-;**;-;RI;-;HWA;_;RIOOLLEIDING;_;GVK;;;;;;;;;-;G;;;;;*-**-RI-HWA_RIOOLLEIDING_GVK-G;0.18;150;152;150;150;253;RI-HWA-SO;0.35;150;152;150;150;253;RI-HWA-SO;0.35;150;152;150;150;253;V-RI-HWA-SO;0.35;150;152;150;150;253;RI-HWA-SO;;;3746;3710;;
HWA_RIOOLLEIDING_GVK_1000;*;-;**;-;RI;-;HWA;_;RIOOLLEIDING;_;GVK;_;1000;;;;;;;-;G;;;;;*-**-RI-HWA_RIOOLLEIDING_GVK_1000-G;0.18;150;152;150;150;253;RI-HWA-SO;0.35;150;152;150;150;253;RI-HWA-SO;0.35;150;152;150;150;253;V-RI-HWA-SO;0.35;150;152;150;150;253;RI-HWA-SO;;;3747;3746;;
HWA_RIOOLLEIDING_GVK_1100;*;-;**;-;RI;-;HWA;_;RIOOLLEIDING;_;GVK;_;1100;;;;;;;-;G;;;;;*-**-RI-HWA_RIOOLLEIDING_GVK_1100-G;0.18;150;152;150;150;253;RI-HWA-SO;0.35;150;152;150;150;253;RI-HWA-SO;0.35;150;152;150;150;253;V-RI-HWA-SO;0.35;150;152;150;150;253;RI-HWA-SO;;;3748;3746;;
HWA_RIOOLLEIDING_GVK_1200;*;-;**;-;RI;-;HWA;_;RIOOLLEIDING;_;GVK;_;1200;;;;;;;-;G;;;;;*-**-RI-HWA_RIOOLLEIDING_GVK_1200-G;0.18;150;152;150;150;253;RI-HWA-SO;0.35;150;152;150;150;253;RI-HWA-SO;0.35;150;152;150;150;253;V-RI-HWA-SO;0.35;150;152;150;150;253;RI-HWA-SO;;;3749;3746;;
HWA_RIOOLLEIDING_GVK_1400;*;-;**;-;RI;-;HWA;_;RIOOLLEIDING;_;GVK;_;1400;;;;;;;-;G;;;;;*-**-RI-HWA_RIOOLLEIDING_GVK_1400-G;0.18;150;152;150;150;253;RI-HWA-SO;0.35;150;152;150;150;253;RI-HWA-SO;0.35;150;152;150;150;253;V-RI-HWA-SO;0.35;150;152;150;150;253;RI-HWA-SO;;;3750;3746;;
HWA_RIOOLLEIDING_GVK_150;*;-;**;-;RI;-;HWA;_;RIOOLLEIDING;_;GVK;_;150;;;;;;;-;G;;;;;*-**-RI-HWA_RIOOLLEIDING_GVK_150-G;0.18;150;152;150;150;253;RI-HWA-SO;0.35;150;152;150;150;253;RI-HWA-SO;0.35;150;152;150;150;253;V-RI-HWA-SO;0.35;150;152;150;150;253;RI-HWA-SO;;;3751;3746;;
HWA_RIOOLLEIDING_GVK_1500;*;-;**;-;RI;-;HWA;_;RIOOLLEIDING;_;GVK;_;1500;;;;;;;-;G;;;;;*-**-RI-HWA_RIOOLLEIDING_GVK_1500-G;0.18;150;152;150;150;253;RI-HWA-SO;0.35;150;152;150;150;253;RI-HWA-SO;0.35;150;152;150;150;253;V-RI-HWA-SO;0.35;150;152;150;150;253;RI-HWA-SO;;;3752;3746;;
HWA_RIOOLLEIDING_GVK_1600;*;-;**;-;RI;-;HWA;_;RIOOLLEIDING;_;GVK;_;1600;;;;;;;-;G;;;;;*-**-RI-HWA_RIOOLLEIDING_GVK_1600-G;0.18;150;152;150;150;253;RI-HWA-SO;0.35;150;152;150;150;253;RI-HWA-SO;0.35;150;152;150;150;253;V-RI-HWA-SO;0.35;150;152;150;150;253;RI-HWA-SO;;;3753;3746;;
HWA_RIOOLLEIDING_GVK_1700;*;-;**;-;RI;-;HWA;_;RIOOLLEIDING;_;GVK;_;1700;;;;;;;-;G;;;;;*-**-RI-HWA_RIOOLLEIDING_GVK_1700-G;0.18;150;152;150;150;253;RI-HWA-SO;0.35;150;152;150;150;253;RI-HWA-SO;0.35;150;152;150;150;253;V-RI-HWA-SO;0.35;150;152;150;150;253;RI-HWA-SO;;;3754;3746;;
HWA_RIOOLLEIDING_GVK_1800;*;-;**;-;RI;-;HWA;_;RIOOLLEIDING;_;GVK;_;1800;;;;;;;-;G;;;;;*-**-RI-HWA_RIOOLLEIDING_GVK_1800-G;0.18;150;152;150;150;253;RI-HWA-SO;0.35;150;152;150;150;253;RI-HWA-SO;0.35;150;152;150;150;253;V-RI-HWA-SO;0.35;150;152;150;150;253;RI-HWA-SO;;;3755;3746;;
HWA_RIOOLLEIDING_GVK_200;*;-;**;-;RI;-;HWA;_;RIOOLLEIDING;_;GVK;_;200;;;;;;;-;G;;;;;*-**-RI-HWA_RIOOLLEIDING_GVK_200-G;0.18;150;152;150;150;253;RI-HWA-SO;0.35;150;152;150;150;253;RI-HWA-SO;0.35;150;152;150;150;253;V-RI-HWA-SO;0.35;150;152;150;150;253;RI-HWA-SO;;;3756;3746;;
HWA_RIOOLLEIDING_GVK_2000;*;-;**;-;RI;-;HWA;_;RIOOLLEIDING;_;GVK;_;2000;;;;;;;-;G;;;;;*-**-RI-HWA_RIOOLLEIDING_GVK_2000-G;0.18;150;152;150;150;253;RI-HWA-SO;0.35;150;152;150;150;253;RI-HWA-SO;0.35;150;152;150;150;253;V-RI-HWA-SO;0.35;150;152;150;150;253;RI-HWA-SO;;;3757;3746;;
HWA_RIOOLLEIDING_GVK_2200;*;-;**;-;RI;-;HWA;_;RIOOLLEIDING;_;GVK;_;2200;;;;;;;-;G;;;;;*-**-RI-HWA_RIOOLLEIDING_GVK_2200-G;0.18;150;152;150;150;253;RI-HWA-SO;0.35;150;152;150;150;253;RI-HWA-SO;0.35;150;152;150;150;253;V-RI-HWA-SO;0.35;150;152;150;150;253;RI-HWA-SO;;;3758;3746;;
HWA_RIOOLLEIDING_GVK_2400;*;-;**;-;RI;-;HWA;_;RIOOLLEIDING;_;GVK;_;2400;;;;;;;-;G;;;;;*-**-RI-HWA_RIOOLLEIDING_GVK_2400-G;0.18;150;152;150;150;253;RI-HWA-SO;0.35;150;152;150;150;253;RI-HWA-SO;0.35;150;152;150;150;253;V-RI-HWA-SO;0.35;150;152;150;150;253;RI-HWA-SO;;;3759;3746;;
HWA_RIOOLLEIDING_GVK_250;*;-;**;-;RI;-;HWA;_;RIOOLLEIDING;_;GVK;_;250;;;;;;;-;G;;;;;*-**-RI-HWA_RIOOLLEIDING_GVK_250-G;0.18;150;152;150;150;253;RI-HWA-SO;0.35;150;152;150;150;253;RI-HWA-SO;0.35;150;152;150;150;253;V-RI-HWA-SO;0.35;150;152;150;150;253;RI-HWA-SO;;;3760;3746;;
HWA_RIOOLLEIDING_GVK_2500;*;-;**;-;RI;-;HWA;_;RIOOLLEIDING;_;GVK;_;2500;;;;;;;-;G;;;;;*-**-RI-HWA_RIOOLLEIDING_GVK_2500-G;0.18;150;152;150;150;253;RI-HWA-SO;0.35;150;152;150;150;253;RI-HWA-SO;0.35;150;152;150;150;253;V-RI-HWA-SO;0.35;150;152;150;150;253;RI-HWA-SO;;;3761;3746;;
HWA_RIOOLLEIDING_GVK_2600;*;-;**;-;RI;-;HWA;_;RIOOLLEIDING;_;GVK;_;2600;;;;;;;-;G;;;;;*-**-RI-HWA_RIOOLLEIDING_GVK_2600-G;0.18;150;152;150;150;253;RI-HWA-SO;0.35;150;152;150;150;253;RI-HWA-SO;0.35;150;152;150;150;253;V-RI-HWA-SO;0.35;150;152;150;150;253;RI-HWA-SO;;;3762;3746;;
HWA_RIOOLLEIDING_GVK_2700;*;-;**;-;RI;-;HWA;_;RIOOLLEIDING;_;GVK;_;2700;;;;;;;-;G;;;;;*-**-RI-HWA_RIOOLLEIDING_GVK_2700-G;0.18;150;152;150;150;253;RI-HWA-SO;0.35;150;152;150;150;253;RI-HWA-SO;0.35;150;152;150;150;253;V-RI-HWA-SO;0.35;150;152;150;150;253;RI-HWA-SO;;;3763;3746;;
HWA_RIOOLLEIDING_GVK_2900;*;-;**;-;RI;-;HWA;_;RIOOLLEIDING;_;GVK;_;2900;;;;;;;-;G;;;;;*-**-RI-HWA_RIOOLLEIDING_GVK_2900-G;0.18;150;152;150;150;253;RI-HWA-SO;0.35;150;152;150;150;253;RI-HWA-SO;0.35;150;152;150;150;253;V-RI-HWA-SO;0.35;150;152;150;150;253;RI-HWA-SO;;;3764;3746;;
HWA_RIOOLLEIDING_GVK_300;*;-;**;-;RI;-;HWA;_;RIOOLLEIDING;_;GVK;_;300;;;;;;;-;G;;;;;*-**-RI-HWA_RIOOLLEIDING_GVK_300-G;0.18;150;152;150;150;253;RI-HWA-SO;0.35;150;152;150;150;253;RI-HWA-SO;0.35;150;152;150;150;253;V-RI-HWA-SO;0.35;150;152;150;150;253;RI-HWA-SO;;;3765;3746;;
HWA_RIOOLLEIDING_GVK_350;*;-;**;-;RI;-;HWA;_;RIOOLLEIDING;_;GVK;_;350;;;;;;;-;G;;;;;*-**-RI-HWA_RIOOLLEIDING_GVK_350-G;0.18;150;152;150;150;253;RI-HWA-SO;0.35;150;152;150;150;253;RI-HWA-SO;0.35;150;152;150;150;253;V-RI-HWA-SO;0.35;150;152;150;150;253;RI-HWA-SO;;;3766;3746;;
HWA_RIOOLLEIDING_GVK_400;*;-;**;-;RI;-;HWA;_;RIOOLLEIDING;_;GVK;_;400;;;;;;;-;G;;;;;*-**-RI-HWA_RIOOLLEIDING_GVK_400-G;0.18;150;152;150;150;253;RI-HWA-SO;0.35;150;152;150;150;253;RI-HWA-SO;0.35;150;152;150;150;253;V-RI-HWA-SO;0.35;150;152;150;150;253;RI-HWA-SO;;;3767;3746;;
HWA_RIOOLLEIDING_GVK_500;*;-;**;-;RI;-;HWA;_;RIOOLLEIDING;_;GVK;_;500;;;;;;;-;G;;;;;*-**-RI-HWA_RIOOLLEIDING_GVK_500-G;0.18;150;152;150;150;253;RI-HWA-SO;0.35;150;152;150;150;253;RI-HWA-SO;0.35;150;152;150;150;253;V-RI-HWA-SO;0.35;150;152;150;150;253;RI-HWA-SO;;;3768;3746;;
HWA_RIOOLLEIDING_GVK_600;*;-;**;-;RI;-;HWA;_;RIOOLLEIDING;_;GVK;_;600;;;;;;;-;G;;;;;*-**-RI-HWA_RIOOLLEIDING_GVK_600-G;0.18;150;152;150;150;253;RI-HWA-SO;0.35;150;152;150;150;253;RI-HWA-SO;0.35;150;152;150;150;253;V-RI-HWA-SO;0.35;150;152;150;150;253;RI-HWA-SO;;;3769;3746;;
HWA_RIOOLLEIDING_GVK_700;*;-;**;-;RI;-;HWA;_;RIOOLLEIDING;_;GVK;_;700;;;;;;;-;G;;;;;*-**-RI-HWA_RIOOLLEIDING_GVK_700-G;0.18;150;152;150;150;253;RI-HWA-SO;0.35;150;152;150;150;253;RI-HWA-SO;0.35;150;152;150;150;253;V-RI-HWA-SO;0.35;150;152;150;150;253;RI-HWA-SO;;;3770;3746;;
HWA_RIOOLLEIDING_GVK_800;*;-;**;-;RI;-;HWA;_;RIOOLLEIDING;_;GVK;_;800;;;;;;;-;G;;;;;*-**-RI-HWA_RIOOLLEIDING_GVK_800-G;0.18;150;152;150;150;253;RI-HWA-SO;0.35;150;152;150;150;253;RI-HWA-SO;0.35;150;152;150;150;253;V-RI-HWA-SO;0.35;150;152;150;150;253;RI-HWA-SO;;;3771;3746;;
HWA_RIOOLLEIDING_GVK_900;*;-;**;-;RI;-;HWA;_;RIOOLLEIDING;_;GVK;_;900;;;;;;;-;G;;;;;*-**-RI-HWA_RIOOLLEIDING_GVK_900-G;0.18;150;152;150;150;253;RI-HWA-SO;0.35;150;152;150;150;253;RI-HWA-SO;0.35;150;152;150;150;253;V-RI-HWA-SO;0.35;150;152;150;150;253;RI-HWA-SO;;;3772;3746;;
HWA_RIOOLLEIDING_PE;*;-;**;-;RI;-;HWA;_;RIOOLLEIDING;_;PE;;;;;;;;;-;G;;;;;*-**-RI-HWA_RIOOLLEIDING_PE-G;0.18;150;152;150;150;253;RI-HWA-SO;0.35;150;152;150;150;253;RI-HWA-SO;0.35;150;152;150;150;253;V-RI-HWA-SO;0.35;150;152;150;150;253;RI-HWA-SO;;;3773;3710;;
HWA_RIOOLLEIDING_PE_160;*;-;**;-;RI;-;HWA;_;RIOOLLEIDING;_;PE;_;160;;;;;;;-;G;;;;;*-**-RI-HWA_RIOOLLEIDING_PE_160-G;0.18;150;152;150;150;253;RI-HWA-SO;0.35;150;152;150;150;253;RI-HWA-SO;0.35;150;152;150;150;253;V-RI-HWA-SO;0.35;150;152;150;150;253;RI-HWA-SO;;;3774;3773;;
HWA_RIOOLLEIDING_PE_250;*;-;**;-;RI;-;HWA;_;RIOOLLEIDING;_;PE;_;250;;;;;;;-;G;;;;;*-**-RI-HWA_RIOOLLEIDING_PE_250-G;0.18;150;152;150;150;253;RI-HWA-SO;0.35;150;152;150;150;253;RI-HWA-SO;0.35;150;152;150;150;253;V-RI-HWA-SO;0.35;150;152;150;150;253;RI-HWA-SO;;;3775;3773;;
HWA_RIOOLLEIDING_PE_315;*;-;**;-;RI;-;HWA;_;RIOOLLEIDING;_;PE;_;315;;;;;;;-;G;;;;;*-**-RI-HWA_RIOOLLEIDING_PE_315-G;0.18;150;152;150;150;253;RI-HWA-SO;0.35;150;152;150;150;253;RI-HWA-SO;0.35;150;152;150;150;253;V-RI-HWA-SO;0.35;150;152;150;150;253;RI-HWA-SO;;;3776;3773;;
HWA_RIOOLLEIDING_PE_355;*;-;**;-;RI;-;HWA;_;RIOOLLEIDING;_;PE;_;355;;;;;;;-;G;;;;;*-**-RI-HWA_RIOOLLEIDING_PE_355-G;0.18;150;152;150;150;253;RI-HWA-SO;0.35;150;152;150;150;253;RI-HWA-SO;0.35;150;152;150;150;253;V-RI-HWA-SO;0.35;150;152;150;150;253;RI-HWA-SO;;;3777;3773;;
HWA_RIOOLLEIDING_PE_400;*;-;**;-;RI;-;HWA;_;RIOOLLEIDING;_;PE;_;400;;;;;;;-;G;;;;;*-**-RI-HWA_RIOOLLEIDING_PE_400-G;0.18;150;152;150;150;253;RI-HWA-SO;0.35;150;152;150;150;253;RI-HWA-SO;0.35;150;152;150;150;253;V-RI-HWA-SO;0.35;150;152;150;150;253;RI-HWA-SO;;;3778;3773;;
HWA_RIOOLLEIDING_PE_450;*;-;**;-;RI;-;HWA;_;RIOOLLEIDING;_;PE;_;450;;;;;;;-;G;;;;;*-**-RI-HWA_RIOOLLEIDING_PE_450-G;0.18;150;152;150;150;253;RI-HWA-SO;0.35;150;152;150;150;253;RI-HWA-SO;0.35;150;152;150;150;253;V-RI-HWA-SO;0.35;150;152;150;150;253;RI-HWA-SO;;;3779;3773;;
HWA_RIOOLLEIDING_PE_500;*;-;**;-;RI;-;HWA;_;RIOOLLEIDING;_;PE;_;500;;;;;;;-;G;;;;;*-**-RI-HWA_RIOOLLEIDING_PE_500-G;0.18;150;152;150;150;253;RI-HWA-SO;0.35;150;152;150;150;253;RI-HWA-SO;0.35;150;152;150;150;253;V-RI-HWA-SO;0.35;150;152;150;150;253;RI-HWA-SO;;;3780;3773;;
HWA_RIOOLLEIDING_PE_560;*;-;**;-;RI;-;HWA;_;RIOOLLEIDING;_;PE;_;560;;;;;;;-;G;;;;;*-**-RI-HWA_RIOOLLEIDING_PE_560-G;0.18;150;152;150;150;253;RI-HWA-SO;0.35;150;152;150;150;253;RI-HWA-SO;0.35;150;152;150;150;253;V-RI-HWA-SO;0.35;150;152;150;150;253;RI-HWA-SO;;;3781;3773;;
HWA_RIOOLLEIDING_PE_630;*;-;**;-;RI;-;HWA;_;RIOOLLEIDING;_;PE;_;630;;;;;;;-;G;;;;;*-**-RI-HWA_RIOOLLEIDING_PE_630-G;0.18;150;152;150;150;253;RI-HWA-SO;0.35;150;152;150;150;253;RI-HWA-SO;0.35;150;152;150;150;253;V-RI-HWA-SO;0.35;150;152;150;150;253;RI-HWA-SO;;;3782;3773;;
HWA_RIOOLLEIDING_PVC;*;-;**;-;RI;-;HWA;_;RIOOLLEIDING;_;PVC;;;;;;;;;-;G;;;;;*-**-RI-HWA_RIOOLLEIDING_PVC-G;0.18;150;152;150;150;253;RI-HWA-SO;0.35;150;152;150;150;253;RI-HWA-SO;0.35;150;152;150;150;253;V-RI-HWA-SO;0.35;150;152;150;150;253;RI-HWA-SO;;;3783;3710;;
HWA_RIOOLLEIDING_PVC_125;*;-;**;-;RI;-;HWA;_;RIOOLLEIDING;_;PVC;_;125;;;;;;;-;G;;;;;*-**-RI-HWA_RIOOLLEIDING_PVC_125-G;0.18;150;152;150;150;253;RI-HWA-SO;0.35;150;152;150;150;253;RI-HWA-SO;0.35;150;152;150;150;253;V-RI-HWA-SO;0.35;150;152;150;150;253;RI-HWA-SO;;;3784;3783;;
HWA_RIOOLLEIDING_PVC_160;*;-;**;-;RI;-;HWA;_;RIOOLLEIDING;_;PVC;_;160;;;;;;;-;G;;;;;*-**-RI-HWA_RIOOLLEIDING_PVC_160-G;0.18;150;152;150;150;253;RI-HWA-SO;0.35;150;152;150;150;253;RI-HWA-SO;0.35;150;152;150;150;253;V-RI-HWA-SO;0.35;150;152;150;150;253;RI-HWA-SO;;;3785;3783;;
HWA_RIOOLLEIDING_PVC_200;*;-;**;-;RI;-;HWA;_;RIOOLLEIDING;_;PVC;_;200;;;;;;;-;G;;;;;*-**-RI-HWA_RIOOLLEIDING_PVC_200-G;0.18;150;152;150;150;253;RI-HWA-SO;0.35;150;152;150;150;253;RI-HWA-SO;0.35;150;152;150;150;253;V-RI-HWA-SO;0.35;150;152;150;150;253;RI-HWA-SO;;;3786;3783;;
HWA_RIOOLLEIDING_PVC_250;*;-;**;-;RI;-;HWA;_;RIOOLLEIDING;_;PVC;_;250;;;;;;;-;G;;;;;*-**-RI-HWA_RIOOLLEIDING_PVC_250-G;0.18;150;152;150;150;253;RI-HWA-SO;0.35;150;152;150;150;253;RI-HWA-SO;0.35;150;152;150;150;253;V-RI-HWA-SO;0.35;150;152;150;150;253;RI-HWA-SO;;;3787;3783;;
HWA_RIOOLLEIDING_PVC_315;*;-;**;-;RI;-;HWA;_;RIOOLLEIDING;_;PVC;_;315;;;;;;;-;G;;;;;*-**-RI-HWA_RIOOLLEIDING_PVC_315-G;0.18;150;152;150;150;253;RI-HWA-SO;0.35;150;152;150;150;253;RI-HWA-SO;0.35;150;152;150;150;253;V-RI-HWA-SO;0.35;150;152;150;150;253;RI-HWA-SO;;;3788;3783;;
HWA_RIOOLLEIDING_PVC_400;*;-;**;-;RI;-;HWA;_;RIOOLLEIDING;_;PVC;_;400;;;;;;;-;G;;;;;*-**-RI-HWA_RIOOLLEIDING_PVC_400-G;0.18;150;152;150;150;253;RI-HWA-SO;0.35;150;152;150;150;253;RI-HWA-SO;0.35;150;152;150;150;253;V-RI-HWA-SO;0.35;150;152;150;150;253;RI-HWA-SO;;;3789;3783;;
HWA_RIOOLLEIDING_PVC_500;*;-;**;-;RI;-;HWA;_;RIOOLLEIDING;_;PVC;_;500;;;;;;;-;G;;;;;*-**-RI-HWA_RIOOLLEIDING_PVC_500-G;0.18;150;152;150;150;253;RI-HWA-SO;0.35;150;152;150;150;253;RI-HWA-SO;0.35;150;152;150;150;253;V-RI-HWA-SO;0.35;150;152;150;150;253;RI-HWA-SO;;;3790;3783;;
HWA_RIOOLLEIDING_PVC_630;*;-;**;-;RI;-;HWA;_;RIOOLLEIDING;_;PVC;_;630;;;;;;;-;G;;;;;*-**-RI-HWA_RIOOLLEIDING_PVC_630-G;0.18;150;152;150;150;253;RI-HWA-SO;0.35;150;152;150;150;253;RI-HWA-SO;0.35;150;152;150;150;253;V-RI-HWA-SO;0.35;150;152;150;150;253;RI-HWA-SO;;;3791;3783;;
HWA_RIOOLLEIDING_STUWLEIDING;*;-;**;-;RI;-;HWA;_;RIOOLLEIDING;_;STUWLEIDING;;;;;;;;;-;G;;;;;*-**-RI-HWA_RIOOLLEIDING_STUWLEIDING-G;0.18;150;152;150;150;253;RI-HWA-SO;0.35;150;152;150;150;253;RI-HWA-SO;0.35;150;152;150;150;253;V-RI-HWA-SO;0.35;150;152;150;150;253;RI-HWA-SO;;;4050;3710;;
HWA_RIOOLLEIDING_ZINKER;*;-;**;-;RI;-;HWA;_;RIOOLLEIDING;_;ZINKER;;;;;;;;;-;G;;;;;*-**-RI-HWA_RIOOLLEIDING_ZINKER-G;0.18;150;152;150;150;253;RI-HWA-SO;0.35;150;152;150;150;253;RI-HWA-SO;0.35;150;152;150;150;253;V-RI-HWA-SO;0.35;150;152;150;150;253;RI-HWA-SO;;;4051;3710;;
HWA_RIOOLPUT;*;-;**;-;RI;-;HWA;_;RIOOLPUT;;;;;;;;;;;-;G/S;;;;SRI-PUT_HWA;*-**-RI-HWA_RIOOLPUT-G/S;0.18;150;152;150;150;253;CONTINUOUS;0.35;150;152;150;150;253;CONTINUOUS;0.35;150;152;150;150;253;V-CONTINUOUS-SO;0.35;150;152;150;150;253;CONTINUOUS;;;1832;1786;;
HWA_RIOOLPUT-LINING;*;-;**;-;RI;-;HWA;_;RIOOLPUT;;;;;;;;;-;LINING;-;G/S;;;;SRI-PUT_HWA;*-**-RI-HWA_RIOOLPUT-LINING-G/S;0.18;150;152;150;150;253;RI-LINING-SO;0.35;150;152;150;150;253;RI-LINING-SO;0.35;150;152;150;150;253;V-RI-LINING-SO;0.35;150;152;150;150;253;RI-LINING-SO;;;3796;1832;;
HWA_RIOOLPUT-OPHOOGTEBRENGEN;*;-;**;-;RI;-;HWA;_;RIOOLPUT;;;;;;;;;-;OPHOOGTEBRENGEN;-;G/S;;;; SRI-PUT_OPHOOGTEBRENGEN;*-**-RI-HWA_RIOOLPUT-OPHOOGTEBRENGEN-G/S;0.18;150;152;150;150;253;RI-OPHOOGTEBRENGEN-SO;0.35;150;152;150;150;253;RI-OPHOOGTEBRENGEN-SO;0.35;150;152;150;150;253;V-RI-OPHOOGTEBRENGEN-SO;0.35;150;152;150;150;253;RI-OPHOOGTEBRENGEN-SO;;;3795;1832;;
HWA_RIOOLPUT-VOLSCHUIMEN;*;-;**;-;RI;-;HWA;_;RIOOLPUT;;;;;;;;;-;VOLSCHUIMEN;-;G/S;;;;SRI-PUT_HWA;*-**-RI-HWA_RIOOLPUT-VOLSCHUIMEN-G/S;0.18;150;152;150;150;253;CONTINUOUS;0.35;150;152;150;150;253;CONTINUOUS;0.35;150;152;150;150;253;V-CONTINUOUS-SO;0.35;150;152;150;150;253;CONTINUOUS;;;3797;1832;;
HWA_RIOOLPUT-VOLZANDEN;*;-;**;-;RI;-;HWA;_;RIOOLPUT;;;;;;;;;-;VOLZANDEN;-;G/S;;;;SRI-PUT_HWA;*-**-RI-HWA_RIOOLPUT-VOLZANDEN-G/S;0.18;150;152;150;150;253;CONTINUOUS;0.35;150;152;150;150;253;CONTINUOUS;0.35;150;152;150;150;253;V-CONTINUOUS-SO;0.35;150;152;150;150;253;CONTINUOUS;;;3798;1832;;
HWA_RIOOLPUT_AFDEKPLAAT;*;-;**;-;RI;-;HWA;_;RIOOLPUT;_;AFDEKPLAAT;;;;;;;;;-;G/S;;;;SRI-PUT_AFDEKPLAAT;*-**-RI-HWA_RIOOLPUT_AFDEKPLAAT-G/S;0.18;150;152;150;150;253;CONTINUOUS;0.35;150;152;150;150;253;CONTINUOUS;0.35;150;152;150;150;253;V-CONTINUOUS-SO;0.35;150;152;150;150;253;CONTINUOUS;;;1833;1832;;
HWA_RIOOLPUT_BETON;*;-;**;-;RI;-;HWA;_;RIOOLPUT;_;BETON;;;;;;;;;-;G/S;;;;SRI-PUT_BETON;*-**-RI-HWA_RIOOLPUT_BETON-G/S;0.18;150;152;150;150;253;CONTINUOUS;0.35;150;152;150;150;253;CONTINUOUS;0.35;150;152;150;150;253;V-CONTINUOUS-SO;0.35;150;152;150;150;253;CONTINUOUS;;;3792;1832;;
HWA_RIOOLPUT_BLINDEPUT;*;-;**;-;RI;-;HWA;_;RIOOLPUT;_;BLINDEPUT;;;;;;;;;-;G/S;;;;SRI-PUT_BLINDEPUT;*-**-RI-HWA_RIOOLPUT_BLINDEPUT-G/S;0.18;150;152;150;150;253;CONTINUOUS;0.35;150;152;150;150;253;CONTINUOUS;0.35;150;152;150;150;253;V-CONTINUOUS-SO;0.35;150;152;150;150;253;CONTINUOUS;;;1834;1832;;
HWA_RIOOLPUT_BLINDEPUT_BETON;*;-;**;-;RI;-;HWA;_;RIOOLPUT;_;BLINDEPUT;_;BETON;;;;;;;-;G/S;;;;SRI-PUT_BLINDEPUT;*-**-RI-HWA_RIOOLPUT_BLINDEPUT_BETON-G;0.18;150;152;150;150;253;CONTINUOUS;0.35;150;152;150;150;253;CONTINUOUS;0.35;150;152;150;150;253;V-CONTINUOUS-SO;0.35;150;152;150;150;253;CONTINUOUS;;;1835;1834;;
HWA_RIOOLPUT_BLINDEPUT_PE;*;-;**;-;RI;-;HWA;_;RIOOLPUT;_;BLINDEPUT;_;PE;;;;;;;-;G/S;;;;SRI-PUT_BLINDEPUT;*-**-RI-HWA_RIOOLPUT_BLINDEPUT_PE-G;0.18;150;152;150;150;253;CONTINUOUS;0.35;150;152;150;150;253;CONTINUOUS;0.35;150;152;150;150;253;V-CONTINUOUS-SO;0.35;150;152;150;150;253;CONTINUOUS;;;1836;1834;;
HWA_RIOOLPUT_INSPECTIEPUT;*;-;**;-;RI;-;HWA;_;RIOOLPUT;_;INSPECTIEPUT;;;;;;;;;-;G/S;;;;SRI-PUT_INSPECTIE;*-**-RI-HWA_RIOOLPUT_INSPECTIEPUT-G/S;0.18;150;152;150;150;253;CONTINUOUS;0.35;150;152;150;150;253;CONTINUOUS;0.35;150;152;150;150;253;V-CONTINUOUS-SO;0.35;150;152;150;150;253;CONTINUOUS;;;1839;1832;;
HWA_RIOOLPUT_INSPECTIEPUT_BETON;*;-;**;-;RI;-;HWA;_;RIOOLPUT;_;INSPECTIEPUT;_;BETON;;;;;;;-;G/S;;;;SRI-PUT_INSPECTIE;*-**-RI-HWA_RIOOLPUT_INSPECTIEPUT_BETON-G;0.18;150;152;150;150;253;CONTINUOUS;0.35;150;152;150;150;253;CONTINUOUS;0.35;150;152;150;150;253;V-CONTINUOUS-SO;0.35;150;152;150;150;253;CONTINUOUS;;;1840;1839;;
HWA_RIOOLPUT_INSPECTIEPUT_HONDEHOKPUT;*;-;**;-;RI;-;HWA;_;RIOOLPUT;_;INSPECTIEPUT;_;HONDEHOKPUT;;;;;;;-;G/S;;;;SRI-PUT_HONDEHOKPUT;*-**-RI-HWA_RIOOLPUT_INSPECTIEPUT_HONDEHOKPUT-G/S;0.18;150;152;150;150;253;CONTINUOUS;0.35;150;152;150;150;253;CONTINUOUS;0.35;150;152;150;150;253;V-CONTINUOUS-SO;0.35;150;152;150;150;253;CONTINUOUS;;;1837;1839;;
HWA_RIOOLPUT_INSPECTIEPUT_HONDEHOKPUT_BETON;*;-;**;-;RI;-;HWA;_;RIOOLPUT;_;INSPECTIEPUT;_;HONDEHOKPUT;_;BETON;;;;;-;G/S;;;;SRI-PUT_HONDEHOKPUT;*-**-RI-HWA_RIOOLPUT_INSPECTIEPUT_HONDEHOKPUT_BETON-G;0.18;150;152;150;150;253;CONTINUOUS;0.35;150;152;150;150;253;CONTINUOUS;0.35;150;152;150;150;253;V-CONTINUOUS-SO;0.35;150;152;150;150;253;CONTINUOUS;;;1838;1837;;
HWA_RIOOLPUT_INSPECTIEPUT_PE;*;-;**;-;RI;-;HWA;_;RIOOLPUT;_;INSPECTIEPUT;_;PE;;;;;;;-;G/S;;;;SRI-PUT_INSPECTIE;*-**-RI-HWA_RIOOLPUT_INSPECTIEPUT_PE-G;0.18;150;152;150;150;253;CONTINUOUS;0.35;150;152;150;150;253;CONTINUOUS;0.35;150;152;150;150;253;V-CONTINUOUS-SO;0.35;150;152;150;150;253;CONTINUOUS;;;1841;1839;;
HWA_RIOOLPUT_INSPECTIEPUT_REINIGENDEPUT;*;-;**;-;RI;-;HWA;_;RIOOLPUT;_;INSPECTIEPUT;_;REINIGENDEPUT;;;;;;;-;G/S;;;;SRI-PUT_INSPECTIE;*-**-RI-HWA_RIOOLPUT_INSPECTIEPUT_REINIGENDEPUT-G/S;0.18;150;152;150;150;253;CONTINUOUS;0.35;150;152;150;150;253;CONTINUOUS;0.35;150;152;150;150;253;V-CONTINUOUS-SO;0.35;150;152;150;150;253;CONTINUOUS;;;3799;1839;;
HWA_RIOOLPUT_KOPPELPUT;*;-;**;-;RI;-;HWA;_;RIOOLPUT;_;KOPPELPUT;;;;;;;;;-;G/S;;;;SRI-PUT_KOPPELPUT;*-**-RI-HWA_RIOOLPUT_KOPPELPUT-G/S;0.18;150;152;150;150;253;CONTINUOUS;0.35;150;152;150;150;253;CONTINUOUS;0.35;150;152;150;150;253;V-CONTINUOUS-SO;0.35;150;152;150;150;253;CONTINUOUS;;;1857;1832;;
HWA_RIOOLPUT_KRUISINGSPUT;*;-;**;-;RI;-;HWA;_;RIOOLPUT;_;KRUISINGSPUT;;;;;;;;;-;G/S;;;;SRI-PUT_KRUISPUT;*-**-RI-HWA_RIOOLPUT_KRUISINGSPUT-G/S;0.18;150;152;150;150;253;CONTINUOUS;0.35;150;152;150;150;253;CONTINUOUS;0.35;150;152;150;150;253;V-CONTINUOUS-SO;0.35;150;152;150;150;253;CONTINUOUS;;;1858;1832;;
HWA_RIOOLPUT_KUNSTSTOF;*;-;**;-;RI;-;HWA;_;RIOOLPUT;_;KUNSTSTOF;;;;;;;;;-;G/S;;;;SRI-PUT_KUNSTSTOF;*-**-RI-HWA_RIOOLPUT_KUNSTSTOF-G/S;0.18;150;152;150;150;253;CONTINUOUS;0.35;150;152;150;150;253;CONTINUOUS;0.35;150;152;150;150;253;V-CONTINUOUS-SO;0.35;150;152;150;150;253;CONTINUOUS;;;3793;1832;;
HWA_RIOOLPUT_METSELWERK;*;-;**;-;RI;-;HWA;_;RIOOLPUT;_;METSELWERK;;;;;;;;;-;G/S;;;;SRI-PUT_METSELWERK;*-**-RI-HWA_RIOOLPUT_METSELWERK-G/S;0.18;150;152;150;150;253;CONTINUOUS;0.35;150;152;150;150;253;CONTINUOUS;0.35;150;152;150;150;253;V-CONTINUOUS-SO;0.35;150;152;150;150;253;CONTINUOUS;;;3794;1832;;
HWA_RIOOLPUT_OVERSTORTPUT;*;-;**;-;RI;-;HWA;_;RIOOLPUT;_;OVERSTORTPUT;;;;;;;;;-;G/S;;;;SRI-PUT_OVERSTORT;*-**-RI-HWA_RIOOLPUT_OVERSTORTPUT-G/S;0.18;150;152;150;150;253;CONTINUOUS;0.35;150;152;150;150;253;CONTINUOUS;0.35;150;152;150;150;253;V-CONTINUOUS-SO;0.35;150;152;150;150;253;CONTINUOUS;;;1845;1832;;
HWA_RIOOLPUT_OVERSTORTPUT_BETON;*;-;**;-;RI;-;HWA;_;RIOOLPUT;_;OVERSTORTPUT;_;BETON;;;;;;;-;G/S;;;;SRI-PUT_OVERSTORT;*-**-RI-HWA_RIOOLPUT_OVERSTORTPUT_BETON-G;0.18;150;152;150;150;253;CONTINUOUS;0.35;150;152;150;150;253;CONTINUOUS;0.35;150;152;150;150;253;V-CONTINUOUS-SO;0.35;150;152;150;150;253;CONTINUOUS;;;1846;1845;;
HWA_RIOOLPUT_OVERSTORTPUT_PE;*;-;**;-;RI;-;HWA;_;RIOOLPUT;_;OVERSTORTPUT;_;PE;;;;;;;-;G/S;;;;SRI-PUT_OVERSTORT;*-**-RI-HWA_RIOOLPUT_OVERSTORTPUT_PE-G;0.18;150;152;150;150;253;CONTINUOUS;0.35;150;152;150;150;253;CONTINUOUS;0.35;150;152;150;150;253;V-CONTINUOUS-SO;0.35;150;152;150;150;253;CONTINUOUS;;;1847;1845;;
HWA_RIOOLPUT_POMPPUT;*;-;**;-;RI;-;HWA;_;RIOOLPUT;_;POMPPUT;;;;;;;;;-;G/S;;;;SRI-PUT_POMPPUT;*-**-RI-HWA_RIOOLPUT_POMPPUT-G/S;0.18;150;152;150;150;253;CONTINUOUS;0.35;150;152;150;150;253;CONTINUOUS;0.35;150;152;150;150;253;V-CONTINUOUS-SO;0.35;150;152;150;150;253;CONTINUOUS;;;1848;1832;;
HWA_RIOOLPUT_POMPPUT_BETON;*;-;**;-;RI;-;HWA;_;RIOOLPUT;_;POMPPUT;_;BETON;;;;;;;-;G/S;;;;SRI-PUT_POMPPUT;*-**-RI-HWA_RIOOLPUT_POMPPUT_BETON-G;0.18;150;152;150;150;253;CONTINUOUS;0.35;150;152;150;150;253;CONTINUOUS;0.35;150;152;150;150;253;V-CONTINUOUS-SO;0.35;150;152;150;150;253;CONTINUOUS;;;1849;1848;;
HWA_RIOOLPUT_POMPPUT_PE;*;-;**;-;RI;-;HWA;_;RIOOLPUT;_;POMPPUT;_;PE;;;;;;;-;G/S;;;;SRI-PUT_POMPPUT;*-**-RI-HWA_RIOOLPUT_POMPPUT_PE-G;0.18;150;152;150;150;253;CONTINUOUS;0.35;150;152;150;150;253;CONTINUOUS;0.35;150;152;150;150;253;V-CONTINUOUS-SO;0.35;150;152;150;150;253;CONTINUOUS;;;1850;1848;;
HWA_RIOOLPUT_STUWPUT;*;-;**;-;RI;-;HWA;_;RIOOLPUT;_;STUWPUT;;;;;;;;;-;G/S;;;;SRI-PUT_STUWPUT;*-**-RI-HWA_RIOOLPUT_STUWPUT-G/S;0.18;150;152;150;150;253;CONTINUOUS;0.35;150;152;150;150;253;CONTINUOUS;0.35;150;152;150;150;253;V-CONTINUOUS-SO;0.35;150;152;150;150;253;CONTINUOUS;;;1851;1832;;
HWA_RIOOLPUT_STUWPUT_BETON;*;-;**;-;RI;-;HWA;_;RIOOLPUT;_;STUWPUT;_;BETON;;;;;;;-;G/S;;;;SRI-PUT_STUWPUT;*-**-RI-HWA_RIOOLPUT_STUWPUT_BETON-G;0.18;150;152;150;150;253;CONTINUOUS;0.35;150;152;150;150;253;CONTINUOUS;0.35;150;152;150;150;253;V-CONTINUOUS-SO;0.35;150;152;150;150;253;CONTINUOUS;;;1852;1851;;
HWA_RIOOLPUT_STUWPUT_PE;*;-;**;-;RI;-;HWA;_;RIOOLPUT;_;STUWPUT;_;PE;;;;;;;-;G/S;;;;SRI-PUT_STUWPUT;*-**-RI-HWA_RIOOLPUT_STUWPUT_PE-G;0.18;150;152;150;150;253;CONTINUOUS;0.35;150;152;150;150;253;CONTINUOUS;0.35;150;152;150;150;253;V-CONTINUOUS-SO;0.35;150;152;150;150;253;CONTINUOUS;;;1853;1851;;
HWA_RIOOLPUT_VALPUT;*;-;**;-;RI;-;HWA;_;RIOOLPUT;_;VALPUT;;;;;;;;;-;G/S;;;;SRI-PUT_VALPUT;*-**-RI-HWA_RIOOLPUT_VALPUT-G/S;0.18;150;152;150;150;253;CONTINUOUS;0.35;150;152;150;150;253;CONTINUOUS;0.35;150;152;150;150;253;V-CONTINUOUS-SO;0.35;150;152;150;150;253;CONTINUOUS;;;1854;1832;;
HWA_RIOOLPUT_VALPUT_BETON;*;-;**;-;RI;-;HWA;_;RIOOLPUT;_;VALPUT;_;BETON;;;;;;;-;G/S;;;;SRI-PUT_VALPUT;*-**-RI-HWA_RIOOLPUT_VALPUT_BETON-G;0.18;150;152;150;150;253;CONTINUOUS;0.35;150;152;150;150;253;CONTINUOUS;0.35;150;152;150;150;253;V-CONTINUOUS-SO;0.35;150;152;150;150;253;CONTINUOUS;;;1855;1854;;
HWA_RIOOLPUT_VALPUT_PE;*;-;**;-;RI;-;HWA;_;RIOOLPUT;_;VALPUT;_;PE;;;;;;;-;G/S;;;;SRI-PUT_VALPUT;*-**-RI-HWA_RIOOLPUT_VALPUT_PE-G;0.18;150;152;150;150;253;CONTINUOUS;0.35;150;152;150;150;253;CONTINUOUS;0.35;150;152;150;150;253;V-CONTINUOUS-SO;0.35;150;152;150;150;253;CONTINUOUS;;;1856;1854;;
HWA_RIOOLPUT_ZANDVANGPUT;*;-;**;-;RI;-;HWA;_;RIOOLPUT;_;ZANDVANGPUT;;;;;;;;;-;G/S;;;;SRI-PUT_ZANDVANGPUT;*-**-RI-HWA_RIOOLPUT_ZANDVANGPUT-G/S;0.18;150;152;150;150;253;CONTINUOUS;0.35;150;152;150;150;253;CONTINUOUS;0.35;150;152;150;150;253;V-CONTINUOUS-SO;0.35;150;152;150;150;253;CONTINUOUS;;;4052;1832;;
HWA_SCHILDMUUR;*;-;**;-;RI;-;HWA;_;SCHILDMUUR;;;;;;;;;;;-;G/S;;;;SRI-SCHILDMUUR;*-**-RI-HWA_SCHILDMUUR-G/S;0.18;150;152;150;150;253;CONTINUOUS;0.25;150;152;150;150;253;CONTINUOUS;0.25;150;152;150;150;253;CONTINUOUS;0.25;150;152;150;150;253;CONTINUOUS;;;3486;1786;;
HWA_STROMINGSRICHTING;*;-;**;-;RI;-;HWA;_;STROMINGSRICHTING;;;;;;;;;;;-;G/S;;;;SRI-STROOMRICHTING;*-**-RI-HWA_STROMINGSRICHTING-G/S;0.18;150;152;150;150;253;CONTINUOUS;0.35;150;152;150;150;253;CONTINUOUS;0.35;150;152;150;150;253;V-CONTINUOUS-SO;0.35;150;152;150;150;253;CONTINUOUS;;;1859;1786;;
HWA_TRANSPORTLEIDING;*;-;**;-;RI;-;HWA;_;TRANSPORTLEIDING;;;;;;;;;;;-;G;;;;;*-**-RI-HWA_TRANSPORTLEIDING-G;0.18;150;152;150;150;253;RI-HWA-SO;0.35;150;152;150;150;253;RI-HWA-SO;0.35;150;152;150;150;253;V-RI-HWA-SO;0.35;150;152;150;150;253;RI-HWA-SO;;;1860;1786;;
HWA_TRANSPORTLEIDING-LINING;*;-;**;-;RI;-;HWA;_;TRANSPORTLEIDING;;;;;;;;;-;LINING;-;G;;;;;*-**-RI-HWA_TRANSPORTLEIDING-LINING-G;0.18;150;152;150;150;253;RI-LINING-SO;0.35;150;152;150;150;253;RI-LINING-SO;0.35;150;152;150;150;253;V-RI-LINING-SO;0.35;150;152;150;150;253;RI-LINING-SO;;;3802;1860;;
HWA_TRANSPORTLEIDING-VOLSCHUIMEN;*;-;**;-;RI;-;HWA;_;TRANSPORTLEIDING;;;;;;;;;-;VOLSCHUIMEN;-;G;;;;;*-**-RI-HWA_TRANSPORTLEIDING-VOLSCHUIMEN-G;0.18;150;152;150;150;253;RI-VOLSCHUIMEN-SO;0.35;150;152;150;150;253;RI-VOLSCHUIMEN-SO;0.35;150;152;150;150;253;V-RI-VOLSCHUIMEN-SO;0.35;150;152;150;150;253;RI-VOLSCHUIMEN-SO;;;3803;1860;;
HWA_TRANSPORTLEIDING-VOLZANDEN;*;-;**;-;RI;-;HWA;_;TRANSPORTLEIDING;;;;;;;;;-;VOLZANDEN;-;G;;;;;*-**-RI-HWA_TRANSPORTLEIDING-VOLZANDEN-G;0.18;150;152;150;150;253;RI-VOLZANDEN-SO;0.35;150;152;150;150;253;RI-VOLZANDEN-SO;0.35;150;152;150;150;253;V-RI-VOLZANDEN-SO;0.35;150;152;150;150;253;RI-VOLZANDEN-SO;;;3804;1860;;
HWA_TRANSPORTLEIDING_BETON;*;-;**;-;RI;-;HWA;_;TRANSPORTLEIDING;_;BETON;;;;;;;;;-;G;;;;;*-**-RI-HWA_TRANSPORTLEIDING_BETON-G;0.18;150;152;150;150;253;RI-HWA-SO;0.35;150;152;150;150;253;RI-HWA-SO;0.35;150;152;150;150;253;V-RI-HWA-SO;0.35;150;152;150;150;253;RI-HWA-SO;;;1861;1860;;
HWA_TRANSPORTLEIDING_BETON_1000;*;-;**;-;RI;-;HWA;_;TRANSPORTLEIDING;_;BETON;_;1000;;;;;;;-;G;;;;;*-**-RI-HWA_TRANSPORTLEIDING_BETON_1000-G;0.18;150;152;150;150;253;RI-HWA-SO;0.35;150;152;150;150;253;RI-HWA-SO;0.35;150;152;150;150;253;V-RI-HWA-SO;0.35;150;152;150;150;253;RI-HWA-SO;;;1862;1861;;
HWA_TRANSPORTLEIDING_BETON_1250;*;-;**;-;RI;-;HWA;_;TRANSPORTLEIDING;_;BETON;_;1250;;;;;;;-;G;;;;;*-**-RI-HWA_TRANSPORTLEIDING_BETON_1250-G;0.18;150;152;150;150;253;RI-HWA-SO;0.35;150;152;150;150;253;RI-HWA-SO;0.35;150;152;150;150;253;V-RI-HWA-SO;0.35;150;152;150;150;253;RI-HWA-SO;;;1863;1861;;
HWA_TRANSPORTLEIDING_BETON_1500;*;-;**;-;RI;-;HWA;_;TRANSPORTLEIDING;_;BETON;_;1500;;;;;;;-;G;;;;;*-**-RI-HWA_TRANSPORTLEIDING_BETON_1500-G;0.18;150;152;150;150;253;RI-HWA-SO;0.35;150;152;150;150;253;RI-HWA-SO;0.35;150;152;150;150;253;V-RI-HWA-SO;0.35;150;152;150;150;253;RI-HWA-SO;;;1864;1861;;
HWA_TRANSPORTLEIDING_BETON_2000;*;-;**;-;RI;-;HWA;_;TRANSPORTLEIDING;_;BETON;_;2000;;;;;;;-;G;;;;;*-**-RI-HWA_TRANSPORTLEIDING_BETON_2000-G;0.18;150;152;150;150;253;RI-HWA-SO;0.35;150;152;150;150;253;RI-HWA-SO;0.35;150;152;150;150;253;V-RI-HWA-SO;0.35;150;152;150;150;253;RI-HWA-SO;;;1865;1861;;
HWA_TRANSPORTLEIDING_BETON_250;*;-;**;-;RI;-;HWA;_;TRANSPORTLEIDING;_;BETON;_;250;;;;;;;-;G;;;;;*-**-RI-HWA_TRANSPORTLEIDING_BETON_250-G;0.18;150;152;150;150;253;RI-HWA-SO;0.35;150;152;150;150;253;RI-HWA-SO;0.35;150;152;150;150;253;V-RI-HWA-SO;0.35;150;152;150;150;253;RI-HWA-SO;;;1866;1861;;
HWA_TRANSPORTLEIDING_BETON_300;*;-;**;-;RI;-;HWA;_;TRANSPORTLEIDING;_;BETON;_;300;;;;;;;-;G;;;;;*-**-RI-HWA_TRANSPORTLEIDING_BETON_300-G;0.18;150;152;150;150;253;RI-HWA-SO;0.35;150;152;150;150;253;RI-HWA-SO;0.35;150;152;150;150;253;V-RI-HWA-SO;0.35;150;152;150;150;253;RI-HWA-SO;;;1867;1861;;
HWA_TRANSPORTLEIDING_BETON_400;*;-;**;-;RI;-;HWA;_;TRANSPORTLEIDING;_;BETON;_;400;;;;;;;-;G;;;;;*-**-RI-HWA_TRANSPORTLEIDING_BETON_400-G;0.18;150;152;150;150;253;RI-HWA-SO;0.35;150;152;150;150;253;RI-HWA-SO;0.35;150;152;150;150;253;V-RI-HWA-SO;0.35;150;152;150;150;253;RI-HWA-SO;;;1868;1861;;
HWA_TRANSPORTLEIDING_BETON_500;*;-;**;-;RI;-;HWA;_;TRANSPORTLEIDING;_;BETON;_;500;;;;;;;-;G;;;;;*-**-RI-HWA_TRANSPORTLEIDING_BETON_500-G;0.18;150;152;150;150;253;RI-HWA-SO;0.35;150;152;150;150;253;RI-HWA-SO;0.35;150;152;150;150;253;V-RI-HWA-SO;0.35;150;152;150;150;253;RI-HWA-SO;;;1869;1861;;
HWA_TRANSPORTLEIDING_BETON_600;*;-;**;-;RI;-;HWA;_;TRANSPORTLEIDING;_;BETON;_;600;;;;;;;-;G;;;;;*-**-RI-HWA_TRANSPORTLEIDING_BETON_600-G;0.18;150;152;150;150;253;RI-HWA-SO;0.35;150;152;150;150;253;RI-HWA-SO;0.35;150;152;150;150;253;V-RI-HWA-SO;0.35;150;152;150;150;253;RI-HWA-SO;;;1870;1861;;
HWA_TRANSPORTLEIDING_BETON_700;*;-;**;-;RI;-;HWA;_;TRANSPORTLEIDING;_;BETON;_;700;;;;;;;-;G;;;;;*-**-RI-HWA_TRANSPORTLEIDING_BETON_700-G;0.18;150;152;150;150;253;RI-HWA-SO;0.35;150;152;150;150;253;RI-HWA-SO;0.35;150;152;150;150;253;V-RI-HWA-SO;0.35;150;152;150;150;253;RI-HWA-SO;;;1871;1861;;
HWA_TRANSPORTLEIDING_BETON_800;*;-;**;-;RI;-;HWA;_;TRANSPORTLEIDING;_;BETON;_;800;;;;;;;-;G;;;;;*-**-RI-HWA_TRANSPORTLEIDING_BETON_800-G;0.18;150;152;150;150;253;RI-HWA-SO;0.35;150;152;150;150;253;RI-HWA-SO;0.35;150;152;150;150;253;V-RI-HWA-SO;0.35;150;152;150;150;253;RI-HWA-SO;;;1872;1861;;
HWA_TRANSPORTLEIDING_BETON_900;*;-;**;-;RI;-;HWA;_;TRANSPORTLEIDING;_;BETON;_;900;;;;;;;-;G;;;;;*-**-RI-HWA_TRANSPORTLEIDING_BETON_900-G;0.18;150;152;150;150;253;RI-HWA-SO;0.35;150;152;150;150;253;RI-HWA-SO;0.35;150;152;150;150;253;V-RI-HWA-SO;0.35;150;152;150;150;253;RI-HWA-SO;;;1873;1861;;
HWA_TRANSPORTLEIDING_BETON_EI;*;-;**;-;RI;-;HWA;_;TRANSPORTLEIDING;_;BETON;_;EI;;;;;;;-;G;;;;;*-**-RI-HWA_TRANSPORTLEIDING_BETON_EI-G;0.18;150;152;150;150;253;RI-HWA-SO;0.35;150;152;150;150;253;RI-HWA-SO;0.35;150;152;150;150;253;V-RI-HWA-SO;0.35;150;152;150;150;253;RI-HWA-SO;;;1874;1861;;
HWA_TRANSPORTLEIDING_BETON_EI_1000X1500;*;-;**;-;RI;-;HWA;_;TRANSPORTLEIDING;_;BETON;_;EI;_;1000X1500;;;;;-;G;;;;;*-**-RI-HWA_TRANSPORTLEIDING_BETON_EI_1000X1500-G;0.18;150;152;150;150;253;RI-HWA-SO;0.35;150;152;150;150;253;RI-HWA-SO;0.35;150;152;150;150;253;V-RI-HWA-SO;0.35;150;152;150;150;253;RI-HWA-SO;;;1875;1874;;
HWA_TRANSPORTLEIDING_BETON_EI_200X300;*;-;**;-;RI;-;HWA;_;TRANSPORTLEIDING;_;BETON;_;EI;_;200X300;;;;;-;G;;;;;*-**-RI-HWA_TRANSPORTLEIDING_BETON_EI_200X300-G;0.18;150;152;150;150;253;RI-HWA-SO;0.35;150;152;150;150;253;RI-HWA-SO;0.35;150;152;150;150;253;V-RI-HWA-SO;0.35;150;152;150;150;253;RI-HWA-SO;;;1876;1874;;
HWA_TRANSPORTLEIDING_BETON_EI_250X375;*;-;**;-;RI;-;HWA;_;TRANSPORTLEIDING;_;BETON;_;EI;_;250X375;;;;;-;G;;;;;*-**-RI-HWA_TRANSPORTLEIDING_BETON_EI_250X375-G;0.18;150;152;150;150;253;RI-HWA-SO;0.35;150;152;150;150;253;RI-HWA-SO;0.35;150;152;150;150;253;V-RI-HWA-SO;0.35;150;152;150;150;253;RI-HWA-SO;;;1877;1874;;
HWA_TRANSPORTLEIDING_BETON_EI_300X450;*;-;**;-;RI;-;HWA;_;TRANSPORTLEIDING;_;BETON;_;EI;_;300X450;;;;;-;G;;;;;*-**-RI-HWA_TRANSPORTLEIDING_BETON_EI_300X450-G;0.18;150;152;150;150;253;RI-HWA-SO;0.35;150;152;150;150;253;RI-HWA-SO;0.35;150;152;150;150;253;V-RI-HWA-SO;0.35;150;152;150;150;253;RI-HWA-SO;;;1878;1874;;
HWA_TRANSPORTLEIDING_BETON_EI_400X600;*;-;**;-;RI;-;HWA;_;TRANSPORTLEIDING;_;BETON;_;EI;_;400X600;;;;;-;G;;;;;*-**-RI-HWA_TRANSPORTLEIDING_BETON_EI_400X600-G;0.18;150;152;150;150;253;RI-HWA-SO;0.35;150;152;150;150;253;RI-HWA-SO;0.35;150;152;150;150;253;V-RI-HWA-SO;0.35;150;152;150;150;253;RI-HWA-SO;;;1879;1874;;
HWA_TRANSPORTLEIDING_BETON_EI_500X750;*;-;**;-;RI;-;HWA;_;TRANSPORTLEIDING;_;BETON;_;EI;_;500X750;;;;;-;G;;;;;*-**-RI-HWA_TRANSPORTLEIDING_BETON_EI_500X750-G;0.18;150;152;150;150;253;RI-HWA-SO;0.35;150;152;150;150;253;RI-HWA-SO;0.35;150;152;150;150;253;V-RI-HWA-SO;0.35;150;152;150;150;253;RI-HWA-SO;;;1880;1874;;
HWA_TRANSPORTLEIDING_BETON_EI_600X900;*;-;**;-;RI;-;HWA;_;TRANSPORTLEIDING;_;BETON;_;EI;_;600X900;;;;;-;G;;;;;*-**-RI-HWA_TRANSPORTLEIDING_BETON_EI_600X900-G;0.18;150;152;150;150;253;RI-HWA-SO;0.35;150;152;150;150;253;RI-HWA-SO;0.35;150;152;150;150;253;V-RI-HWA-SO;0.35;150;152;150;150;253;RI-HWA-SO;;;1881;1874;;
HWA_TRANSPORTLEIDING_BETON_EI_700X1050;*;-;**;-;RI;-;HWA;_;TRANSPORTLEIDING;_;BETON;_;EI;_;700X1050;;;;;-;G;;;;;*-**-RI-HWA_TRANSPORTLEIDING_BETON_EI_700X1050-G;0.18;150;152;150;150;253;RI-HWA-SO;0.35;150;152;150;150;253;RI-HWA-SO;0.35;150;152;150;150;253;V-RI-HWA-SO;0.35;150;152;150;150;253;RI-HWA-SO;;;1882;1874;;
HWA_TRANSPORTLEIDING_BETON_EI_800X1200;*;-;**;-;RI;-;HWA;_;TRANSPORTLEIDING;_;BETON;_;EI;_;800X1200;;;;;-;G;;;;;*-**-RI-HWA_TRANSPORTLEIDING_BETON_EI_800X1200-G;0.18;150;152;150;150;253;RI-HWA-SO;0.35;150;152;150;150;253;RI-HWA-SO;0.35;150;152;150;150;253;V-RI-HWA-SO;0.35;150;152;150;150;253;RI-HWA-SO;;;1883;1874;;
HWA_TRANSPORTLEIDING_BETON_EI_900X1350;*;-;**;-;RI;-;HWA;_;TRANSPORTLEIDING;_;BETON;_;EI;_;900X1350;;;;;-;G;;;;;*-**-RI-HWA_TRANSPORTLEIDING_BETON_EI_900X1350-G;0.18;150;152;150;150;253;RI-HWA-SO;0.35;150;152;150;150;253;RI-HWA-SO;0.35;150;152;150;150;253;V-RI-HWA-SO;0.35;150;152;150;150;253;RI-HWA-SO;;;1884;1874;;
HWA_TRANSPORTLEIDING_GRES;*;-;**;-;RI;-;HWA;_;TRANSPORTLEIDING;_;GRES;;;;;;;;;-;G;;;;;*-**-RI-HWA_TRANSPORTLEIDING_GRES-G;0.18;150;152;150;150;253;RI-HWA-SO;0.35;150;152;150;150;253;RI-HWA-SO;0.35;150;152;150;150;253;V-RI-HWA-SO;0.35;150;152;150;150;253;RI-HWA-SO;;;1885;1860;;
HWA_TRANSPORTLEIDING_GRES_1000;*;-;**;-;RI;-;HWA;_;TRANSPORTLEIDING;_;GRES;_;1000;;;;;;;-;G;;;;;*-**-RI-HWA_TRANSPORTLEIDING_GRES_1000-G;0.18;150;152;150;150;253;RI-HWA-SO;0.35;150;152;150;150;253;RI-HWA-SO;0.35;150;152;150;150;253;V-RI-HWA-SO;0.35;150;152;150;150;253;RI-HWA-SO;;;1886;1885;;
HWA_TRANSPORTLEIDING_GRES_200;*;-;**;-;RI;-;HWA;_;TRANSPORTLEIDING;_;GRES;_;200;;;;;;;-;G;;;;;*-**-RI-HWA_TRANSPORTLEIDING_GRES_200-G;0.18;150;152;150;150;253;RI-HWA-SO;0.35;150;152;150;150;253;RI-HWA-SO;0.35;150;152;150;150;253;V-RI-HWA-SO;0.35;150;152;150;150;253;RI-HWA-SO;;;1887;1885;;
HWA_TRANSPORTLEIDING_GRES_250;*;-;**;-;RI;-;HWA;_;TRANSPORTLEIDING;_;GRES;_;250;;;;;;;-;G;;;;;*-**-RI-HWA_TRANSPORTLEIDING_GRES_250-G;0.18;150;152;150;150;253;RI-HWA-SO;0.35;150;152;150;150;253;RI-HWA-SO;0.35;150;152;150;150;253;V-RI-HWA-SO;0.35;150;152;150;150;253;RI-HWA-SO;;;1888;1885;;
HWA_TRANSPORTLEIDING_GRES_300;*;-;**;-;RI;-;HWA;_;TRANSPORTLEIDING;_;GRES;_;300;;;;;;;-;G;;;;;*-**-RI-HWA_TRANSPORTLEIDING_GRES_300-G;0.18;150;152;150;150;253;RI-HWA-SO;0.35;150;152;150;150;253;RI-HWA-SO;0.35;150;152;150;150;253;V-RI-HWA-SO;0.35;150;152;150;150;253;RI-HWA-SO;;;1889;1885;;
HWA_TRANSPORTLEIDING_GRES_400;*;-;**;-;RI;-;HWA;_;TRANSPORTLEIDING;_;GRES;_;400;;;;;;;-;G;;;;;*-**-RI-HWA_TRANSPORTLEIDING_GRES_400-G;0.18;150;152;150;150;253;RI-HWA-SO;0.35;150;152;150;150;253;RI-HWA-SO;0.35;150;152;150;150;253;V-RI-HWA-SO;0.35;150;152;150;150;253;RI-HWA-SO;;;1890;1885;;
HWA_TRANSPORTLEIDING_GRES_500;*;-;**;-;RI;-;HWA;_;TRANSPORTLEIDING;_;GRES;_;500;;;;;;;-;G;;;;;*-**-RI-HWA_TRANSPORTLEIDING_GRES_500-G;0.18;150;152;150;150;253;RI-HWA-SO;0.35;150;152;150;150;253;RI-HWA-SO;0.35;150;152;150;150;253;V-RI-HWA-SO;0.35;150;152;150;150;253;RI-HWA-SO;;;1891;1885;;
HWA_TRANSPORTLEIDING_GRES_600;*;-;**;-;RI;-;HWA;_;TRANSPORTLEIDING;_;GRES;_;600;;;;;;;-;G;;;;;*-**-RI-HWA_TRANSPORTLEIDING_GRES_600-G;0.18;150;152;150;150;253;RI-HWA-SO;0.35;150;152;150;150;253;RI-HWA-SO;0.35;150;152;150;150;253;V-RI-HWA-SO;0.35;150;152;150;150;253;RI-HWA-SO;;;1892;1885;;
HWA_TRANSPORTLEIDING_GRES_700;*;-;**;-;RI;-;HWA;_;TRANSPORTLEIDING;_;GRES;_;700;;;;;;;-;G;;;;;*-**-RI-HWA_TRANSPORTLEIDING_GRES_700-G;0.18;150;152;150;150;253;RI-HWA-SO;0.35;150;152;150;150;253;RI-HWA-SO;0.35;150;152;150;150;253;V-RI-HWA-SO;0.35;150;152;150;150;253;RI-HWA-SO;;;1893;1885;;
HWA_TRANSPORTLEIDING_GRES_800;*;-;**;-;RI;-;HWA;_;TRANSPORTLEIDING;_;GRES;_;800;;;;;;;-;G;;;;;*-**-RI-HWA_TRANSPORTLEIDING_GRES_800-G;0.18;150;152;150;150;253;RI-HWA-SO;0.35;150;152;150;150;253;RI-HWA-SO;0.35;150;152;150;150;253;V-RI-HWA-SO;0.35;150;152;150;150;253;RI-HWA-SO;;;1894;1885;;
HWA_TRANSPORTLEIDING_GRES_900;*;-;**;-;RI;-;HWA;_;TRANSPORTLEIDING;_;GRES;_;900;;;;;;;-;G;;;;;*-**-RI-HWA_TRANSPORTLEIDING_GRES_900-G;0.18;150;152;150;150;253;RI-HWA-SO;0.35;150;152;150;150;253;RI-HWA-SO;0.35;150;152;150;150;253;V-RI-HWA-SO;0.35;150;152;150;150;253;RI-HWA-SO;;;1895;1885;;
HWA_TRANSPORTLEIDING_GVK;*;-;**;-;RI;-;HWA;_;TRANSPORTLEIDING;_;GVK;;;;;;;;;-;G;;;;;*-**-RI-HWA_TRANSPORTLEIDING_GVK-G;0.18;150;152;150;150;253;RI-HWA-SO;0.35;150;152;150;150;253;RI-HWA-SO;0.35;150;152;150;150;253;V-RI-HWA-SO;0.35;150;152;150;150;253;RI-HWA-SO;;;1896;1860;;
HWA_TRANSPORTLEIDING_GVK_1000;*;-;**;-;RI;-;HWA;_;TRANSPORTLEIDING;_;GVK;_;1000;;;;;;;-;G;;;;;*-**-RI-HWA_TRANSPORTLEIDING_GVK_1000-G;0.18;150;152;150;150;253;RI-HWA-SO;0.35;150;152;150;150;253;RI-HWA-SO;0.35;150;152;150;150;253;V-RI-HWA-SO;0.35;150;152;150;150;253;RI-HWA-SO;;;1897;1896;;
HWA_TRANSPORTLEIDING_GVK_1100;*;-;**;-;RI;-;HWA;_;TRANSPORTLEIDING;_;GVK;_;1100;;;;;;;-;G;;;;;*-**-RI-HWA_TRANSPORTLEIDING_GVK_1100-G;0.18;150;152;150;150;253;RI-HWA-SO;0.35;150;152;150;150;253;RI-HWA-SO;0.35;150;152;150;150;253;V-RI-HWA-SO;0.35;150;152;150;150;253;RI-HWA-SO;;;1898;1896;;
HWA_TRANSPORTLEIDING_GVK_1200;*;-;**;-;RI;-;HWA;_;TRANSPORTLEIDING;_;GVK;_;1200;;;;;;;-;G;;;;;*-**-RI-HWA_TRANSPORTLEIDING_GVK_1200-G;0.18;150;152;150;150;253;RI-HWA-SO;0.35;150;152;150;150;253;RI-HWA-SO;0.35;150;152;150;150;253;V-RI-HWA-SO;0.35;150;152;150;150;253;RI-HWA-SO;;;1899;1896;;
HWA_TRANSPORTLEIDING_GVK_1400;*;-;**;-;RI;-;HWA;_;TRANSPORTLEIDING;_;GVK;_;1400;;;;;;;-;G;;;;;*-**-RI-HWA_TRANSPORTLEIDING_GVK_1400-G;0.18;150;152;150;150;253;RI-HWA-SO;0.35;150;152;150;150;253;RI-HWA-SO;0.35;150;152;150;150;253;V-RI-HWA-SO;0.35;150;152;150;150;253;RI-HWA-SO;;;1900;1896;;
HWA_TRANSPORTLEIDING_GVK_150;*;-;**;-;RI;-;HWA;_;TRANSPORTLEIDING;_;GVK;_;150;;;;;;;-;G;;;;;*-**-RI-HWA_TRANSPORTLEIDING_GVK_150-G;0.18;150;152;150;150;253;RI-HWA-SO;0.35;150;152;150;150;253;RI-HWA-SO;0.35;150;152;150;150;253;V-RI-HWA-SO;0.35;150;152;150;150;253;RI-HWA-SO;;;1901;1896;;
HWA_TRANSPORTLEIDING_GVK_1500;*;-;**;-;RI;-;HWA;_;TRANSPORTLEIDING;_;GVK;_;1500;;;;;;;-;G;;;;;*-**-RI-HWA_TRANSPORTLEIDING_GVK_1500-G;0.18;150;152;150;150;253;RI-HWA-SO;0.35;150;152;150;150;253;RI-HWA-SO;0.35;150;152;150;150;253;V-RI-HWA-SO;0.35;150;152;150;150;253;RI-HWA-SO;;;1902;1896;;
HWA_TRANSPORTLEIDING_GVK_1600;*;-;**;-;RI;-;HWA;_;TRANSPORTLEIDING;_;GVK;_;1600;;;;;;;-;G;;;;;*-**-RI-HWA_TRANSPORTLEIDING_GVK_1600-G;0.18;150;152;150;150;253;RI-HWA-SO;0.35;150;152;150;150;253;RI-HWA-SO;0.35;150;152;150;150;253;V-RI-HWA-SO;0.35;150;152;150;150;253;RI-HWA-SO;;;1903;1896;;
HWA_TRANSPORTLEIDING_GVK_1700;*;-;**;-;RI;-;HWA;_;TRANSPORTLEIDING;_;GVK;_;1700;;;;;;;-;G;;;;;*-**-RI-HWA_TRANSPORTLEIDING_GVK_1700-G;0.18;150;152;150;150;253;RI-HWA-SO;0.35;150;152;150;150;253;RI-HWA-SO;0.35;150;152;150;150;253;V-RI-HWA-SO;0.35;150;152;150;150;253;RI-HWA-SO;;;1904;1896;;
HWA_TRANSPORTLEIDING_GVK_1800;*;-;**;-;RI;-;HWA;_;TRANSPORTLEIDING;_;GVK;_;1800;;;;;;;-;G;;;;;*-**-RI-HWA_TRANSPORTLEIDING_GVK_1800-G;0.18;150;152;150;150;253;RI-HWA-SO;0.35;150;152;150;150;253;RI-HWA-SO;0.35;150;152;150;150;253;V-RI-HWA-SO;0.35;150;152;150;150;253;RI-HWA-SO;;;1905;1896;;
HWA_TRANSPORTLEIDING_GVK_200;*;-;**;-;RI;-;HWA;_;TRANSPORTLEIDING;_;GVK;_;200;;;;;;;-;G;;;;;*-**-RI-HWA_TRANSPORTLEIDING_GVK_200-G;0.18;150;152;150;150;253;RI-HWA-SO;0.35;150;152;150;150;253;RI-HWA-SO;0.35;150;152;150;150;253;V-RI-HWA-SO;0.35;150;152;150;150;253;RI-HWA-SO;;;1906;1896;;
HWA_TRANSPORTLEIDING_GVK_2000;*;-;**;-;RI;-;HWA;_;TRANSPORTLEIDING;_;GVK;_;2000;;;;;;;-;G;;;;;*-**-RI-HWA_TRANSPORTLEIDING_GVK_2000-G;0.18;150;152;150;150;253;RI-HWA-SO;0.35;150;152;150;150;253;RI-HWA-SO;0.35;150;152;150;150;253;V-RI-HWA-SO;0.35;150;152;150;150;253;RI-HWA-SO;;;1907;1896;;
HWA_TRANSPORTLEIDING_GVK_2200;*;-;**;-;RI;-;HWA;_;TRANSPORTLEIDING;_;GVK;_;2200;;;;;;;-;G;;;;;*-**-RI-HWA_TRANSPORTLEIDING_GVK_2200-G;0.18;150;152;150;150;253;RI-HWA-SO;0.35;150;152;150;150;253;RI-HWA-SO;0.35;150;152;150;150;253;V-RI-HWA-SO;0.35;150;152;150;150;253;RI-HWA-SO;;;1908;1896;;
HWA_TRANSPORTLEIDING_GVK_2400;*;-;**;-;RI;-;HWA;_;TRANSPORTLEIDING;_;GVK;_;2400;;;;;;;-;G;;;;;*-**-RI-HWA_TRANSPORTLEIDING_GVK_2400-G;0.18;150;152;150;150;253;RI-HWA-SO;0.35;150;152;150;150;253;RI-HWA-SO;0.35;150;152;150;150;253;V-RI-HWA-SO;0.35;150;152;150;150;253;RI-HWA-SO;;;1909;1896;;
HWA_TRANSPORTLEIDING_GVK_250;*;-;**;-;RI;-;HWA;_;TRANSPORTLEIDING;_;GVK;_;250;;;;;;;-;G;;;;;*-**-RI-HWA_TRANSPORTLEIDING_GVK_250-G;0.18;150;152;150;150;253;RI-HWA-SO;0.35;150;152;150;150;253;RI-HWA-SO;0.35;150;152;150;150;253;V-RI-HWA-SO;0.35;150;152;150;150;253;RI-HWA-SO;;;1910;1896;;
HWA_TRANSPORTLEIDING_GVK_2500;*;-;**;-;RI;-;HWA;_;TRANSPORTLEIDING;_;GVK;_;2500;;;;;;;-;G;;;;;*-**-RI-HWA_TRANSPORTLEIDING_GVK_2500-G;0.18;150;152;150;150;253;RI-HWA-SO;0.35;150;152;150;150;253;RI-HWA-SO;0.35;150;152;150;150;253;V-RI-HWA-SO;0.35;150;152;150;150;253;RI-HWA-SO;;;1911;1896;;
HWA_TRANSPORTLEIDING_GVK_2600;*;-;**;-;RI;-;HWA;_;TRANSPORTLEIDING;_;GVK;_;2600;;;;;;;-;G;;;;;*-**-RI-HWA_TRANSPORTLEIDING_GVK_2600-G;0.18;150;152;150;150;253;RI-HWA-SO;0.35;150;152;150;150;253;RI-HWA-SO;0.35;150;152;150;150;253;V-RI-HWA-SO;0.35;150;152;150;150;253;RI-HWA-SO;;;1912;1896;;
HWA_TRANSPORTLEIDING_GVK_2700;*;-;**;-;RI;-;HWA;_;TRANSPORTLEIDING;_;GVK;_;2700;;;;;;;-;G;;;;;*-**-RI-HWA_TRANSPORTLEIDING_GVK_2700-G;0.18;150;152;150;150;253;RI-HWA-SO;0.35;150;152;150;150;253;RI-HWA-SO;0.35;150;152;150;150;253;V-RI-HWA-SO;0.35;150;152;150;150;253;RI-HWA-SO;;;1913;1896;;
HWA_TRANSPORTLEIDING_GVK_2900;*;-;**;-;RI;-;HWA;_;TRANSPORTLEIDING;_;GVK;_;2900;;;;;;;-;G;;;;;*-**-RI-HWA_TRANSPORTLEIDING_GVK_2900-G;0.18;150;152;150;150;253;RI-HWA-SO;0.35;150;152;150;150;253;RI-HWA-SO;0.35;150;152;150;150;253;V-RI-HWA-SO;0.35;150;152;150;150;253;RI-HWA-SO;;;1914;1896;;
HWA_TRANSPORTLEIDING_GVK_300;*;-;**;-;RI;-;HWA;_;TRANSPORTLEIDING;_;GVK;_;300;;;;;;;-;G;;;;;*-**-RI-HWA_TRANSPORTLEIDING_GVK_300-G;0.18;150;152;150;150;253;RI-HWA-SO;0.35;150;152;150;150;253;RI-HWA-SO;0.35;150;152;150;150;253;V-RI-HWA-SO;0.35;150;152;150;150;253;RI-HWA-SO;;;1915;1896;;
HWA_TRANSPORTLEIDING_GVK_350;*;-;**;-;RI;-;HWA;_;TRANSPORTLEIDING;_;GVK;_;350;;;;;;;-;G;;;;;*-**-RI-HWA_TRANSPORTLEIDING_GVK_350-G;0.18;150;152;150;150;253;RI-HWA-SO;0.35;150;152;150;150;253;RI-HWA-SO;0.35;150;152;150;150;253;V-RI-HWA-SO;0.35;150;152;150;150;253;RI-HWA-SO;;;1916;1896;;
HWA_TRANSPORTLEIDING_GVK_400;*;-;**;-;RI;-;HWA;_;TRANSPORTLEIDING;_;GVK;_;400;;;;;;;-;G;;;;;*-**-RI-HWA_TRANSPORTLEIDING_GVK_400-G;0.18;150;152;150;150;253;RI-HWA-SO;0.35;150;152;150;150;253;RI-HWA-SO;0.35;150;152;150;150;253;V-RI-HWA-SO;0.35;150;152;150;150;253;RI-HWA-SO;;;1917;1896;;
HWA_TRANSPORTLEIDING_GVK_500;*;-;**;-;RI;-;HWA;_;TRANSPORTLEIDING;_;GVK;_;500;;;;;;;-;G;;;;;*-**-RI-HWA_TRANSPORTLEIDING_GVK_500-G;0.18;150;152;150;150;253;RI-HWA-SO;0.35;150;152;150;150;253;RI-HWA-SO;0.35;150;152;150;150;253;V-RI-HWA-SO;0.35;150;152;150;150;253;RI-HWA-SO;;;1918;1896;;
HWA_TRANSPORTLEIDING_GVK_600;*;-;**;-;RI;-;HWA;_;TRANSPORTLEIDING;_;GVK;_;600;;;;;;;-;G;;;;;*-**-RI-HWA_TRANSPORTLEIDING_GVK_600-G;0.18;150;152;150;150;253;RI-HWA-SO;0.35;150;152;150;150;253;RI-HWA-SO;0.35;150;152;150;150;253;V-RI-HWA-SO;0.35;150;152;150;150;253;RI-HWA-SO;;;1919;1896;;
HWA_TRANSPORTLEIDING_GVK_700;*;-;**;-;RI;-;HWA;_;TRANSPORTLEIDING;_;GVK;_;700;;;;;;;-;G;;;;;*-**-RI-HWA_TRANSPORTLEIDING_GVK_700-G;0.18;150;152;150;150;253;RI-HWA-SO;0.35;150;152;150;150;253;RI-HWA-SO;0.35;150;152;150;150;253;V-RI-HWA-SO;0.35;150;152;150;150;253;RI-HWA-SO;;;1920;1896;;
HWA_TRANSPORTLEIDING_GVK_800;*;-;**;-;RI;-;HWA;_;TRANSPORTLEIDING;_;GVK;_;800;;;;;;;-;G;;;;;*-**-RI-HWA_TRANSPORTLEIDING_GVK_800-G;0.18;150;152;150;150;253;RI-HWA-SO;0.35;150;152;150;150;253;RI-HWA-SO;0.35;150;152;150;150;253;V-RI-HWA-SO;0.35;150;152;150;150;253;RI-HWA-SO;;;1921;1896;;
HWA_TRANSPORTLEIDING_GVK_900;*;-;**;-;RI;-;HWA;_;TRANSPORTLEIDING;_;GVK;_;900;;;;;;;-;G;;;;;*-**-RI-HWA_TRANSPORTLEIDING_GVK_900-G;0.18;150;152;150;150;253;RI-HWA-SO;0.35;150;152;150;150;253;RI-HWA-SO;0.35;150;152;150;150;253;V-RI-HWA-SO;0.35;150;152;150;150;253;RI-HWA-SO;;;1922;1896;;
HWA_TRANSPORTLEIDING_PE;*;-;**;-;RI;-;HWA;_;TRANSPORTLEIDING;_;PE;;;;;;;;;-;G;;;;;*-**-RI-HWA_TRANSPORTLEIDING_PE-G;0.18;150;152;150;150;253;RI-HWA-SO;0.35;150;152;150;150;253;RI-HWA-SO;0.35;150;152;150;150;253;V-RI-HWA-SO;0.35;150;152;150;150;253;RI-HWA-SO;;;1923;1860;;
HWA_TRANSPORTLEIDING_PE_160;*;-;**;-;RI;-;HWA;_;TRANSPORTLEIDING;_;PE;_;160;;;;;;;-;G;;;;;*-**-RI-HWA_TRANSPORTLEIDING_PE_160-G;0.18;150;152;150;150;253;RI-HWA-SO;0.35;150;152;150;150;253;RI-HWA-SO;0.35;150;152;150;150;253;V-RI-HWA-SO;0.35;150;152;150;150;253;RI-HWA-SO;;;1924;1923;;
HWA_TRANSPORTLEIDING_PE_250;*;-;**;-;RI;-;HWA;_;TRANSPORTLEIDING;_;PE;_;250;;;;;;;-;G;;;;;*-**-RI-HWA_TRANSPORTLEIDING_PE_250-G;0.18;150;152;150;150;253;RI-HWA-SO;0.35;150;152;150;150;253;RI-HWA-SO;0.35;150;152;150;150;253;V-RI-HWA-SO;0.35;150;152;150;150;253;RI-HWA-SO;;;1925;1923;;
HWA_TRANSPORTLEIDING_PE_315;*;-;**;-;RI;-;HWA;_;TRANSPORTLEIDING;_;PE;_;315;;;;;;;-;G;;;;;*-**-RI-HWA_TRANSPORTLEIDING_PE_315-G;0.18;150;152;150;150;253;RI-HWA-SO;0.35;150;152;150;150;253;RI-HWA-SO;0.35;150;152;150;150;253;V-RI-HWA-SO;0.35;150;152;150;150;253;RI-HWA-SO;;;1926;1923;;
HWA_TRANSPORTLEIDING_PE_355;*;-;**;-;RI;-;HWA;_;TRANSPORTLEIDING;_;PE;_;355;;;;;;;-;G;;;;;*-**-RI-HWA_TRANSPORTLEIDING_PE_355-G;0.18;150;152;150;150;253;RI-HWA-SO;0.35;150;152;150;150;253;RI-HWA-SO;0.35;150;152;150;150;253;V-RI-HWA-SO;0.35;150;152;150;150;253;RI-HWA-SO;;;1927;1923;;
HWA_TRANSPORTLEIDING_PE_400;*;-;**;-;RI;-;HWA;_;TRANSPORTLEIDING;_;PE;_;400;;;;;;;-;G;;;;;*-**-RI-HWA_TRANSPORTLEIDING_PE_400-G;0.18;150;152;150;150;253;RI-HWA-SO;0.35;150;152;150;150;253;RI-HWA-SO;0.35;150;152;150;150;253;V-RI-HWA-SO;0.35;150;152;150;150;253;RI-HWA-SO;;;1928;1923;;
HWA_TRANSPORTLEIDING_PE_450;*;-;**;-;RI;-;HWA;_;TRANSPORTLEIDING;_;PE;_;450;;;;;;;-;G;;;;;*-**-RI-HWA_TRANSPORTLEIDING_PE_450-G;0.18;150;152;150;150;253;RI-HWA-SO;0.35;150;152;150;150;253;RI-HWA-SO;0.35;150;152;150;150;253;V-RI-HWA-SO;0.35;150;152;150;150;253;RI-HWA-SO;;;1929;1923;;
HWA_TRANSPORTLEIDING_PE_500;*;-;**;-;RI;-;HWA;_;TRANSPORTLEIDING;_;PE;_;500;;;;;;;-;G;;;;;*-**-RI-HWA_TRANSPORTLEIDING_PE_500-G;0.18;150;152;150;150;253;RI-HWA-SO;0.35;150;152;150;150;253;RI-HWA-SO;0.35;150;152;150;150;253;V-RI-HWA-SO;0.35;150;152;150;150;253;RI-HWA-SO;;;1930;1923;;
HWA_TRANSPORTLEIDING_PE_560;*;-;**;-;RI;-;HWA;_;TRANSPORTLEIDING;_;PE;_;560;;;;;;;-;G;;;;;*-**-RI-HWA_TRANSPORTLEIDING_PE_560-G;0.18;150;152;150;150;253;RI-HWA-SO;0.35;150;152;150;150;253;RI-HWA-SO;0.35;150;152;150;150;253;V-RI-HWA-SO;0.35;150;152;150;150;253;RI-HWA-SO;;;1931;1923;;
HWA_TRANSPORTLEIDING_PE_630;*;-;**;-;RI;-;HWA;_;TRANSPORTLEIDING;_;PE;_;630;;;;;;;-;G;;;;;*-**-RI-HWA_TRANSPORTLEIDING_PE_630-G;0.18;150;152;150;150;253;RI-HWA-SO;0.35;150;152;150;150;253;RI-HWA-SO;0.35;150;152;150;150;253;V-RI-HWA-SO;0.35;150;152;150;150;253;RI-HWA-SO;;;1932;1923;;
HWA_TRANSPORTLEIDING_PVC;*;-;**;-;RI;-;HWA;_;TRANSPORTLEIDING;_;PVC;;;;;;;;;-;G;;;;;*-**-RI-HWA_TRANSPORTLEIDING_PVC-G;0.18;150;152;150;150;253;RI-HWA-SO;0.35;150;152;150;150;253;RI-HWA-SO;0.35;150;152;150;150;253;V-RI-HWA-SO;0.35;150;152;150;150;253;RI-HWA-SO;;;1933;1860;;
HWA_TRANSPORTLEIDING_PVC_125;*;-;**;-;RI;-;HWA;_;TRANSPORTLEIDING;_;PVC;_;125;;;;;;;-;G;;;;;*-**-RI-HWA_TRANSPORTLEIDING_PVC_125-G;0.18;150;152;150;150;253;RI-HWA-SO;0.35;150;152;150;150;253;RI-HWA-SO;0.35;150;152;150;150;253;V-RI-HWA-SO;0.35;150;152;150;150;253;RI-HWA-SO;;;2935;1933;;
HWA_TRANSPORTLEIDING_PVC_160;*;-;**;-;RI;-;HWA;_;TRANSPORTLEIDING;_;PVC;_;160;;;;;;;-;G;;;;;*-**-RI-HWA_TRANSPORTLEIDING_PVC_160-G;0.18;150;152;150;150;253;RI-HWA-SO;0.35;150;152;150;150;253;RI-HWA-SO;0.35;150;152;150;150;253;V-RI-HWA-SO;0.35;150;152;150;150;253;RI-HWA-SO;;;1934;1933;;
HWA_TRANSPORTLEIDING_PVC_200;*;-;**;-;RI;-;HWA;_;TRANSPORTLEIDING;_;PVC;_;200;;;;;;;-;G;;;;;*-**-RI-HWA_TRANSPORTLEIDING_PVC_200-G;0.18;150;152;150;150;253;RI-HWA-SO;0.35;150;152;150;150;253;RI-HWA-SO;0.35;150;152;150;150;253;V-RI-HWA-SO;0.35;150;152;150;150;253;RI-HWA-SO;;;1935;1933;;
HWA_TRANSPORTLEIDING_PVC_250;*;-;**;-;RI;-;HWA;_;TRANSPORTLEIDING;_;PVC;_;250;;;;;;;-;G;;;;;*-**-RI-HWA_TRANSPORTLEIDING_PVC_250-G;0.18;150;152;150;150;253;RI-HWA-SO;0.35;150;152;150;150;253;RI-HWA-SO;0.35;150;152;150;150;253;V-RI-HWA-SO;0.35;150;152;150;150;253;RI-HWA-SO;;;1936;1933;;
HWA_TRANSPORTLEIDING_PVC_315;*;-;**;-;RI;-;HWA;_;TRANSPORTLEIDING;_;PVC;_;315;;;;;;;-;G;;;;;*-**-RI-HWA_TRANSPORTLEIDING_PVC_315-G;0.18;150;152;150;150;253;RI-HWA-SO;0.35;150;152;150;150;253;RI-HWA-SO;0.35;150;152;150;150;253;V-RI-HWA-SO;0.35;150;152;150;150;253;RI-HWA-SO;;;1937;1933;;
HWA_TRANSPORTLEIDING_PVC_400;*;-;**;-;RI;-;HWA;_;TRANSPORTLEIDING;_;PVC;_;400;;;;;;;-;G;;;;;*-**-RI-HWA_TRANSPORTLEIDING_PVC_400-G;0.18;150;152;150;150;253;RI-HWA-SO;0.35;150;152;150;150;253;RI-HWA-SO;0.35;150;152;150;150;253;V-RI-HWA-SO;0.35;150;152;150;150;253;RI-HWA-SO;;;1938;1933;;
HWA_TRANSPORTLEIDING_PVC_500;*;-;**;-;RI;-;HWA;_;TRANSPORTLEIDING;_;PVC;_;500;;;;;;;-;G;;;;;*-**-RI-HWA_TRANSPORTLEIDING_PVC_500-G;0.18;150;152;150;150;253;RI-HWA-SO;0.35;150;152;150;150;253;RI-HWA-SO;0.35;150;152;150;150;253;V-RI-HWA-SO;0.35;150;152;150;150;253;RI-HWA-SO;;;1939;1933;;
HWA_TRANSPORTLEIDING_PVC_630;*;-;**;-;RI;-;HWA;_;TRANSPORTLEIDING;_;PVC;_;630;;;;;;;-;G;;;;;*-**-RI-HWA_TRANSPORTLEIDING_PVC_630-G;0.18;150;152;150;150;253;RI-HWA-SO;0.35;150;152;150;150;253;RI-HWA-SO;0.35;150;152;150;150;253;V-RI-HWA-SO;0.35;150;152;150;150;253;RI-HWA-SO;;;1940;1933;;
HWA_UITLAATCONSTRUCTIE;*;-;**;-;RI;-;HWA;_;UITLAATCONSTRUCTIE;;;;;;;;;;;-;G/S;;;;SRI-UITLAATCONSTRUCTIE;*-**-RI-HWA_UITLAATCONSTRUCTIE-G/S;0.18;150;152;150;150;253;CONTINUOUS;0.35;150;152;150;150;253;CONTINUOUS;0.35;150;152;150;150;253;V-CONTINUOUS-SO;0.35;150;152;150;150;253;CONTINUOUS;;;1942;1786;;
ITR;*;-;**;-;RI;-;ITR;;;;;;;;;;;;;-;G;;;;;*-**-RI-ITR-G;0.18;40;42;40;40;253;RI-ITR-SO;0.35;40;42;40;40;253;RI-ITR-SO;0.35;40;42;40;40;253;V-RI-ITR-SO;0.35;40;42;40;40;253;RI-ITR-SO;;;1944;0;;
ITR_AANSLUITPUT;*;-;**;-;RI;-;ITR;_;AANSLUITPUT;;;;;;;;;;;-;G/S;;;;SRI-PUT_ONTSTOPPINGSPUT;*-**-RI-ITR_AANSLUITPUT-G/S;0.18;40;42;40;40;253;CONTINUOUS;0.35;40;42;40;40;253;CONTINUOUS;0.35;40;42;40;40;253;V-CONTINUOUS-SO;0.35;40;42;40;40;253;CONTINUOUS;;;3836;1944;;
ITR_AANSLUITPUT_ONTSTOPPINGSPUT;*;-;**;-;RI;-;ITR;_;AANSLUITPUT;_;ONTSTOPPINGSPUT;;;;;;;;;-;G/S;;;;SRI-PUT_ONTSTOPPINGSPUT;*-**-RI-ITR_AANSLUITPUT_ONTSTOPPINGSPUT-G/S;0.18;40;42;40;40;253;CONTINUOUS;0.35;40;42;40;40;253;CONTINUOUS;0.35;40;42;40;40;253;V-CONTINUOUS-SO;0.35;40;42;40;40;253;CONTINUOUS;;;1999;3836;;
ITR_AANSLUITPUT_ONTSTOPPINGSPUT_BETON;*;-;**;-;RI;-;ITR;_;AANSLUITPUT;_;ONTSTOPPINGSPUT;_;BETON;;;;;;;-;G/S;;;;SRI-PUT_ONTSTOPPINGSPUT;*-**-RI-ITR_AANSLUITPUT_ONTSTOPPINGSPUT_BETON-G;0.18;40;42;40;40;253;CONTINUOUS;0.35;40;42;40;40;253;CONTINUOUS;0.35;40;42;40;40;253;V-CONTINUOUS-SO;0.35;40;42;40;40;253;CONTINUOUS;;;2000;1999;;
ITR_AANSLUITPUT_ONTSTOPPINGSPUT_PE;*;-;**;-;RI;-;ITR;_;AANSLUITPUT;_;ONTSTOPPINGSPUT;_;PE;;;;;;;-;G/S;;;;SRI-PUT_ONTSTOPPINGSPUT;*-**-RI-ITR_AANSLUITPUT_ONTSTOPPINGSPUT_PE-G;0.18;40;42;40;40;253;CONTINUOUS;0.35;40;42;40;40;253;CONTINUOUS;0.35;40;42;40;40;253;V-CONTINUOUS-SO;0.35;40;42;40;40;253;CONTINUOUS;;;2001;1999;;
ITR_BOB;*;-;**;-;RI;-;ITR;_;BOB;;;;;;;;;;;-;G/S;;;;SRI-BOB;*-**-RI-ITR_BOB-G/S;0.18;40;42;40;40;253;CONTINUOUS;0.35;40;42;40;40;253;CONTINUOUS;0.35;40;42;40;40;253;V-CONTINUOUS-SO;0.35;40;42;40;40;253;CONTINUOUS;;;1945;1944;;
ITR_DEMARCATIE;*;-;**;-;RI;-;ITR;_;DEMARCATIE;;;;;;;;;;;-;G/S;;;;SRI-DEMARCATIE;*-**-RI-ITR_DEMARCATIE-G/S;0.18;40;42;40;40;253;CONTINUOUS;0.35;40;42;40;40;253;CONTINUOUS;0.35;40;42;40;40;253;V-CONTINUOUS-SO;0.35;40;42;40;40;253;CONTINUOUS;;;1946;1944;;
ITR_DOORSPOELPUT;*;-;**;-;RI;-;ITR;_;DOORSPOELPUT;;;;;;;;;;;-;G/S;;;;SRI-PUT_DRAIN_DOORSPUIT;*-**-RI-ITR_DOORSPOELPUT-G/S;0.18;40;42;40;40;253;CONTINUOUS;0.35;40;42;40;40;253;CONTINUOUS;0.35;40;42;40;40;253;V-CONTINUOUS-SO;0.35;40;42;40;40;253;CONTINUOUS;;;4053;1944;;
ITR_GRINDKIST;*;-;**;-;RI;-;ITR;_;GRINDKIST;;;;;;;;;;;-;G;;;;;*-**-RI-ITR_GRINDKIST-G;0.18;40;42;40;40;253;CONTINUOUS;0.35;40;42;40;40;253;CONTINUOUS;0.35;40;42;40;40;253;V-CONTINUOUS-SO;0.35;40;42;40;40;253;CONTINUOUS;;;1947;1944;;
ITR_HULPSTUK;*;-;**;-;RI;-;ITR;_;HULPSTUK;;;;;;;;;;;-;G/S;;;;SRI-HULP;*-**-RI-ITR_HULPSTUK-G/S;0.18;40;42;40;40;253;CONTINUOUS;0.35;40;42;40;40;253;CONTINUOUS;0.35;40;42;40;40;253;V-CONTINUOUS-SO;0.35;40;42;40;40;253;CONTINUOUS;;;1958;1944;;
ITR_HULPSTUK_AFSLUITER;*;-;**;-;RI;-;ITR;_;HULPSTUK;_;AFSLUITER;;;;;;;;;-;G/S;;;;SRI-HULP_AFSLUITER;*-**-RI-ITR_HULPSTUK_AFSLUITER-G/S;0.18;40;42;40;40;253;CONTINUOUS;0.35;40;42;40;40;253;CONTINUOUS;0.35;40;42;40;40;253;V-CONTINUOUS-SO;0.35;40;42;40;40;253;CONTINUOUS;;;3808;1958;;
ITR_HULPSTUK_BELUCHTING;*;-;**;-;RI;-;ITR;_;HULPSTUK;_;BELUCHTING;;;;;;;;;-;G/S;;;;SRI-HULP_BELUCHTING;*-**-RI-ITR_HULPSTUK_BELUCHTING-G/S;0.18;40;42;40;40;253;CONTINUOUS;0.35;40;42;40;40;253;CONTINUOUS;0.35;40;42;40;40;253;V-CONTINUOUS-SO;0.35;40;42;40;40;253;CONTINUOUS;;;3809;1958;;
ITR_HULPSTUK_EINDKAP;*;-;**;-;RI;-;ITR;_;HULPSTUK;_;EINDKAP;;;;;;;;;-;G/S;;;;SRI-HULP_EINDKAP;*-**-RI-ITR_HULPSTUK_EINDKAP-G/S;0.18;40;42;40;40;253;CONTINUOUS;0.35;40;42;40;40;253;CONTINUOUS;0.35;40;42;40;40;253;V-CONTINUOUS-SO;0.35;40;42;40;40;253;CONTINUOUS;;;3810;1958;;
ITR_HULPSTUK_INLAAT;*;-;**;-;RI;-;ITR;_;HULPSTUK;_;INLAAT;;;;;;;;;-;G;;;;;*-**-RI-ITR_HULPSTUK_INLAAT-G;0.18;40;42;40;40;253;CONTINUOUS;0.35;40;42;40;40;253;CONTINUOUS;0.35;40;42;40;40;253;V-CONTINUOUS-SO;0.35;40;42;40;40;253;CONTINUOUS;;;1959;1958;;
ITR_HULPSTUK_KEERKLEP;*;-;**;-;RI;-;ITR;_;HULPSTUK;_;KEERKLEP;;;;;;;;;-;G/S;;;;SRI-HULP_KEERKLEP;*-**-RI-ITR_HULPSTUK_KEERKLEP-G/S;0.18;40;42;40;40;253;CONTINUOUS;0.35;40;42;40;40;253;CONTINUOUS;0.35;40;42;40;40;253;V-CONTINUOUS-SO;0.35;40;42;40;40;253;CONTINUOUS;;;3811;1958;;
ITR_HULPSTUK_ONTLUCHTING;*;-;**;-;RI;-;ITR;_;HULPSTUK;_;ONTLUCHTING;;;;;;;;;-;G/S;;;;SRI-HULP_ONTLUCHTING;*-**-RI-ITR_HULPSTUK_ONTLUCHTING-G/S;0.18;40;42;40;40;253;CONTINUOUS;0.35;40;42;40;40;253;CONTINUOUS;0.35;40;42;40;40;253;V-CONTINUOUS-SO;0.35;40;42;40;40;253;CONTINUOUS;;;3812;1958;;
ITR_HULPSTUK_ONTSTOPPINGSSTUK;*;-;**;-;RI;-;ITR;_;HULPSTUK;_;ONTSTOPPINGSSTUK;;;;;;;;;-;G;;;;;*-**-RI-ITR_HULPSTUK_ONTSTOPPINGSSTUK-G;0.18;40;42;40;40;253;CONTINUOUS;0.35;40;42;40;40;253;CONTINUOUS;0.35;40;42;40;40;253;V-CONTINUOUS-SO;0.35;40;42;40;40;253;CONTINUOUS;;;1960;1958;;
ITR_HULPSTUK_SCHOONMAAKSTUK;*;-;**;-;RI;-;ITR;_;HULPSTUK;_;SCHOONMAAKSTUK;;;;;;;;;-;G/S;;;;SRI-HULP_SCHOONMAAKSTUK;*-**-RI-ITR_HULPSTUK_SCHOONMAAKSTUK-G/S;0.18;40;42;40;40;253;CONTINUOUS;0.35;40;42;40;40;253;CONTINUOUS;0.35;40;42;40;40;253;V-CONTINUOUS-SO;0.35;40;42;40;40;253;CONTINUOUS;;;3813;1958;;
ITR_HULPSTUK_SPUIKRAAN;*;-;**;-;RI;-;ITR;_;HULPSTUK;_;SPUIKRAAN;;;;;;;;;-;G/S;;;;SRI-HULP_SPUIKRAAN;*-**-RI-ITR_HULPSTUK_SPUIKRAAN-G/S;0.18;40;42;40;40;253;CONTINUOUS;0.35;40;42;40;40;253;CONTINUOUS;0.35;40;42;40;40;253;V-CONTINUOUS-SO;0.35;40;42;40;40;253;CONTINUOUS;;;3814;1958;;
ITR_HULPSTUK_VERLOOPSTUK;*;-;**;-;RI;-;ITR;_;HULPSTUK;_;VERLOOPSTUK;;;;;;;;;-;G/S;;;;SRI-HULP_VERLOOPSTUK;*-**-RI-ITR_HULPSTUK_VERLOOPSTUK-G/S;0.18;40;42;40;40;253;CONTINUOUS;0.35;40;42;40;40;253;CONTINUOUS;0.35;40;42;40;40;253;V-CONTINUOUS-SO;0.35;40;42;40;40;253;CONTINUOUS;;;3815;1958;;
ITR_HULPSTUK_VLINDERKLEP;*;-;**;-;RI;-;ITR;_;HULPSTUK;_;VLINDERKLEP;;;;;;;;;-;G/S;;;;SRI-HULP_VLINDERKLEP;*-**-RI-ITR_HULPSTUK_VLINDERKLEP-G/S;0.18;40;42;40;40;253;CONTINUOUS;0.35;40;42;40;40;253;CONTINUOUS;0.35;40;42;40;40;253;V-CONTINUOUS-SO;0.35;40;42;40;40;253;CONTINUOUS;;;3816;1958;;
ITR_KOLK;*;-;**;-;RI;-;ITR;_;KOLK;;;;;;;;;;;-;G/S;;;;SRI-KOLK;*-**-RI-ITR_KOLK-G/S;0.18;40;42;40;40;253;CONTINUOUS;0.35;40;42;40;40;253;CONTINUOUS;0.35;40;42;40;40;253;V-CONTINUOUS-SO;0.35;40;42;40;40;253;CONTINUOUS;;;1961;1944;;
ITR_KOLK-OPHOOGTEBRENGEN;*;-;**;-;RI;-;ITR;_;KOLK;;;;;;;;;-;OPHOOGTEBRENGEN;-;G/S;;;;SRI-KOLK;*-**-RI-ITR_KOLK-OPHOOGTEBRENGEN-G/S;0.18;40;42;40;40;253;RI-OPHOOGTEBRENGEN-SO;0.35;40;42;40;40;253;RI-OPHOOGTEBRENGEN-SO;0.35;40;42;40;40;253;V-RI-OPHOOGTEBRENGEN-SO;0.35;40;42;40;40;253;RI-OPHOOGTEBRENGEN-SO;;;3818;1961;;
ITR_KOLK_COMBIKOLK;*;-;**;-;RI;-;ITR;_;KOLK;_;COMBIKOLK;;;;;;;;;-;G/S;;;;SRI-KOLK_COMBINATIE;*-**-RI-ITR_KOLK_COMBIKOLK-G/S;0.18;40;42;40;40;253;CONTINUOUS;0.35;40;42;40;40;253;CONTINUOUS;0.35;40;42;40;40;253;V-CONTINUOUS-SO;0.35;40;42;40;40;253;CONTINUOUS;;;1962;1961;;
ITR_KOLK_INFILTRATIE;*;-;**;-;RI;-;ITR;_;KOLK;_;INFILTRATIE;;;;;;;;;-;G/S;;;;SRI-KOLK_IFILTR;*-**-RI-ITR_KOLK_INFILTRATIE-G/S;0.18;40;42;40;40;253;CONTINUOUS;0.35;40;42;40;40;253;CONTINUOUS;0.35;40;42;40;40;253;V-CONTINUOUS-SO;0.35;40;42;40;40;253;CONTINUOUS;;;3817;1961;;
ITR_KOLK_RWSKOLK;*;-;**;-;RI;-;ITR;_;KOLK;_;RWSKOLK;;;;;;;;;-;G/S;;;;SRI-KOLK_RWS;*-**-RI-ITR_KOLK_RWSKOLK-G/S;0.18;40;42;40;40;253;CONTINUOUS;0.35;40;42;40;40;253;CONTINUOUS;0.35;40;42;40;40;253;V-CONTINUOUS-SO;0.35;40;42;40;40;253;CONTINUOUS;;;1963;1961;;
ITR_KOLK_STRAATKOLK;*;-;**;-;RI;-;ITR;_;KOLK;_;STRAATKOLK;;;;;;;;;-;G/S;;;;SRI-KOLK_STRAAT;*-**-RI-ITR_KOLK_STRAATKOLK-G/S;0.18;40;42;40;40;253;CONTINUOUS;0.35;40;42;40;40;253;CONTINUOUS;0.35;40;42;40;40;253;V-CONTINUOUS-SO;0.35;40;42;40;40;253;CONTINUOUS;;;1964;1961;;
ITR_KOLK_TROTTOIRKOLK;*;-;**;-;RI;-;ITR;_;KOLK;_;TROTTOIRKOLK;;;;;;;;;-;G/S;;;;SRI-KOLK_TROTTOIR;*-**-RI-ITR_KOLK_TROTTOIRKOLK-G/S;0.18;40;42;40;40;253;CONTINUOUS;0.35;40;42;40;40;253;CONTINUOUS;0.35;40;42;40;40;253;V-CONTINUOUS-SO;0.35;40;42;40;40;253;CONTINUOUS;;;1965;1961;;
ITR_KOLKAANSLUITLEIDING;*;-;**;-;RI;-;ITR;_;KOLKAANSLUITLEIDING;;;;;;;;;;;-;G;;;;;*-**-RI-ITR_KOLKAANSLUITLEIDING-G;0.18;40;42;40;40;253;RI-ITR_AANSLUITLEIDING-SO;0.25;40;42;40;40;253;RI-ITR_AANSLUITLEIDING-SO;0.25;40;42;40;40;253;V-RI-ITR_AANSLUITLEIDING-SO;0.25;40;42;40;40;253;RI-ITR_AANSLUITLEIDING-SO;;;1966;1944;;
ITR_KOLKAANSLUITLEIDING_PE;*;-;**;-;RI;-;ITR;_;KOLKAANSLUITLEIDING;_;PE;;;;;;;;;-;G;;;;;*-**-RI-ITR_KOLKAANSLUITLEIDING_PE-G;0.18;40;42;40;40;253;RI-ITR_AANSLUITLEIDING-SO;0.25;40;42;40;40;253;RI-ITR_AANSLUITLEIDING-SO;0.25;40;42;40;40;253;V-RI-ITR_AANSLUITLEIDING-SO;0.25;40;42;40;40;253;RI-ITR_AANSLUITLEIDING-SO;;;1967;1966;;
ITR_KOLKAANSLUITLEIDING_PE_110;*;-;**;-;RI;-;ITR;_;KOLKAANSLUITLEIDING;_;PE;_;110;;;;;;;-;G;;;;;*-**-RI-ITR_KOLKAANSLUITLEIDING_PE_110-G;0.18;40;42;40;40;253;RI-ITR_AANSLUITLEIDING-SO;0.25;40;42;40;40;253;RI-ITR_AANSLUITLEIDING-SO;0.25;40;42;40;40;253;V-RI-ITR_AANSLUITLEIDING-SO;0.25;40;42;40;40;253;RI-ITR_AANSLUITLEIDING-SO;;;1968;1967;;
ITR_KOLKAANSLUITLEIDING_PE_125;*;-;**;-;RI;-;ITR;_;KOLKAANSLUITLEIDING;_;PE;_;125;;;;;;;-;G;;;;;*-**-RI-ITR_KOLKAANSLUITLEIDING_PE_125-G;0.18;40;42;40;40;253;RI-ITR_AANSLUITLEIDING-SO;0.25;40;42;40;40;253;RI-ITR_AANSLUITLEIDING-SO;0.25;40;42;40;40;253;V-RI-ITR_AANSLUITLEIDING-SO;0.25;40;42;40;40;253;RI-ITR_AANSLUITLEIDING-SO;;;1969;1967;;
ITR_KOLKAANSLUITLEIDING_PE_160;*;-;**;-;RI;-;ITR;_;KOLKAANSLUITLEIDING;_;PE;_;160;;;;;;;-;G;;;;;*-**-RI-ITR_KOLKAANSLUITLEIDING_PE_160-G;0.18;40;42;40;40;253;RI-ITR_AANSLUITLEIDING-SO;0.25;40;42;40;40;253;RI-ITR_AANSLUITLEIDING-SO;0.25;40;42;40;40;253;V-RI-ITR_AANSLUITLEIDING-SO;0.25;40;42;40;40;253;RI-ITR_AANSLUITLEIDING-SO;;;1970;1967;;
ITR_KOLKAANSLUITLEIDING_PVC;*;-;**;-;RI;-;ITR;_;KOLKAANSLUITLEIDING;_;PVC;;;;;;;;;-;G;;;;;*-**-RI-ITR_KOLKAANSLUITLEIDING_PVC-G;0.18;40;42;40;40;253;RI-ITR_AANSLUITLEIDING-SO;0.25;40;42;40;40;253;RI-ITR_AANSLUITLEIDING-SO;0.25;40;42;40;40;253;V-RI-ITR_AANSLUITLEIDING-SO;0.25;40;42;40;40;253;RI-ITR_AANSLUITLEIDING-SO;;;1971;1966;;
ITR_KOLKAANSLUITLEIDING_PVC_110;*;-;**;-;RI;-;ITR;_;KOLKAANSLUITLEIDING;_;PVC;_;110;;;;;;;-;G;;;;;*-**-RI-ITR_KOLKAANSLUITLEIDING_PVC_110-G;0.18;40;42;40;40;253;RI-ITR_AANSLUITLEIDING-SO;0.25;40;42;40;40;253;RI-ITR_AANSLUITLEIDING-SO;0.25;40;42;40;40;253;V-RI-ITR_AANSLUITLEIDING-SO;0.25;40;42;40;40;253;RI-ITR_AANSLUITLEIDING-SO;;;1972;1971;;
ITR_KOLKAANSLUITLEIDING_PVC_125;*;-;**;-;RI;-;ITR;_;KOLKAANSLUITLEIDING;_;PVC;_;125;;;;;;;-;G;;;;;*-**-RI-ITR_KOLKAANSLUITLEIDING_PVC_125-G;0.18;40;42;40;40;253;RI-ITR_AANSLUITLEIDING-SO;0.25;40;42;40;40;253;RI-ITR_AANSLUITLEIDING-SO;0.25;40;42;40;40;253;V-RI-ITR_AANSLUITLEIDING-SO;0.25;40;42;40;40;253;RI-ITR_AANSLUITLEIDING-SO;;;1973;1971;;
ITR_KOLKAANSLUITLEIDING_PVC_160;*;-;**;-;RI;-;ITR;_;KOLKAANSLUITLEIDING;_;PVC;_;160;;;;;;;-;G;;;;;*-**-RI-ITR_KOLKAANSLUITLEIDING_PVC_160-G;0.18;40;42;40;40;253;RI-ITR_AANSLUITLEIDING-SO;0.25;40;42;40;40;253;RI-ITR_AANSLUITLEIDING-SO;0.25;40;42;40;40;253;V-RI-ITR_AANSLUITLEIDING-SO;0.25;40;42;40;40;253;RI-ITR_AANSLUITLEIDING-SO;;;1974;1971;;
ITR_LOZELEIDING;*;-;**;-;RI;-;ITR;_;LOZELEIDING;;;;;;;;;;;-;G;;;;;*-**-RI-ITR_LOZELEIDING-G;0.18;40;42;40;40;253;RI-LOZELEIDING-SO;0.35;40;42;40;40;253;RI-LOZELEIDING-SO;0.35;40;42;40;40;253;V-RI-LOZELEIDING-SO;0.35;40;42;40;40;253;RI-LOZELEIDING-SO;;;2049;1944;;
ITR_LOZELEIDING_UITLEGGER;*;-;**;-;RI;-;ITR;_;LOZELEIDING;_;UITLEGGER;;;;;;;;;-;G;;;;;*-**-RI-ITR_LOZELEIDING_UITLEGGER-G;0.18;40;42;40;40;253;RI-UITLEGGER-SO;0.35;40;42;40;40;253;RI-UITLEGGER-SO;0.35;40;42;40;40;253;V-RI-UITLEGGER-SO;0.35;40;42;40;40;253;RI-UITLEGGER-SO;;;3845;2049;;
ITR_LOZELEIDING_VOLGESCHUIMD;*;-;**;-;RI;-;ITR;_;LOZELEIDING;_;VOLGESCHUIMD;;;;;;;;;-;G;;;;;*-**-RI-ITR_LOZELEIDING_VOLGESCHUIMD-G;0.18;40;42;40;40;253;RI-VOLSCHUIMEN-SO;0.35;40;42;40;40;253;RI-VOLSCHUIMEN-SO;0.35;40;42;40;40;253;V-RI-VOLSCHUIMEN-SO;0.35;40;42;40;40;253;RI-VOLSCHUIMEN-SO;;;3846;2049;;
ITR_LOZELEIDING_VOLGEZAND;*;-;**;-;RI;-;ITR;_;LOZELEIDING;_;VOLGEZAND;;;;;;;;;-;G;;;;;*-**-RI-ITR_LOZELEIDING_VOLGEZAND-G;0.18;40;42;40;40;253;RI-VOLZANDEN-SO;0.35;40;42;40;40;253;RI-VOLZANDEN-SO;0.35;40;42;40;40;253;V-RI-VOLZANDEN-SO;0.35;40;42;40;40;253;RI-VOLZANDEN-SO;;;3847;2049;;
ITR_LOZEPUT;*;-;**;-;RI;-;ITR;_;LOZEPUT;;;;;;;;;;;-;G/S;;;;SRI-PUT_INSPECTIE;*-**-RI-ITR_LOZEPUT-G/S;0.18;40;42;40;40;253;CONTINUOUS;0.35;40;42;40;40;253;CONTINUOUS;0.35;40;42;40;40;253;V-CONTINUOUS-SO;0.35;40;42;40;40;253;CONTINUOUS;;;4054;1944;;
ITR_LOZINGSPUNT;*;-;**;-;RI;-;ITR;_;LOZINGSPUNT;;;;;;;;;;;-;G;;;;;*-**-RI-ITR_LOZINGSPUNT-G;0.18;40;42;40;40;253;CONTINUOUS;0.35;40;42;40;40;253;CONTINUOUS;0.35;40;42;40;40;253;V-CONTINUOUS-SO;0.35;40;42;40;40;253;CONTINUOUS;;;1975;1944;;
ITR_LOZINGSPUNT_BODEM;*;-;**;-;RI;-;ITR;_;LOZINGSPUNT;_;BODEM;;;;;;;;;-;G;;;;;*-**-RI-ITR_LOZINGSPUNT_BODEM-G;0.18;40;42;40;40;253;CONTINUOUS;0.35;40;42;40;40;253;CONTINUOUS;0.35;40;42;40;40;253;V-CONTINUOUS-SO;0.35;40;42;40;40;253;CONTINUOUS;;;3819;1975;;
ITR_LOZINGSPUNT_OPPERVLAKTEWATER;*;-;**;-;RI;-;ITR;_;LOZINGSPUNT;_;OPPERVLAKTEWATER;;;;;;;;;-;G;;;;;*-**-RI-ITR_LOZINGSPUNT_OPPERVLAKTEWATER-G;0.18;40;42;40;40;253;CONTINUOUS;0.35;40;42;40;40;253;CONTINUOUS;0.35;40;42;40;40;253;V-CONTINUOUS-SO;0.35;40;42;40;40;253;CONTINUOUS;;;3820;1975;;
ITR_MANTELBUIS;*;-;**;-;RI;-;ITR;_;MANTELBUIS;;;;;;;;;;;-;G;;;;;*-**-RI-ITR_MANTELBUIS-G;0.18;40;42;40;40;253;CONTINUOUS;0.35;40;42;40;40;253;CONTINUOUS;0.35;40;42;40;40;253;V-CONTINUOUS-SO;0.35;40;42;40;40;253;CONTINUOUS;;;1976;1944;;
ITR_PERCEELAANSLUITLEIDING;*;-;**;-;RI;-;ITR;_;PERCEELAANSLUITLEIDING;;;;;;;;;;;-;G;;;;;*-**-RI-ITR_PERCEELAANSLUITLEIDING-G;0.18;40;42;40;40;253;RI-ITR_AANSLUITLEIDING-SO;0.25;40;42;40;40;253;RI-ITR_AANSLUITLEIDING-SO;0.25;40;42;40;40;253;V-RI-ITR_AANSLUITLEIDING-SO;0.25;40;42;40;40;253;RI-ITR_AANSLUITLEIDING-SO;;;1948;1944;;
ITR_PERCEELAANSLUITLEIDING_PE;*;-;**;-;RI;-;ITR;_;PERCEELAANSLUITLEIDING;_;PE;;;;;;;;;-;G;;;;;*-**-RI-ITR_PERCEELAANSLUITLEIDING_PE-G;0.18;40;42;40;40;253;RI-ITR_AANSLUITLEIDING-SO;0.25;40;42;40;40;253;RI-ITR_AANSLUITLEIDING-SO;0.25;40;42;40;40;253;V-RI-ITR_AANSLUITLEIDING-SO;0.25;40;42;40;40;253;RI-ITR_AANSLUITLEIDING-SO;;;1949;1948;;
ITR_PERCEELAANSLUITLEIDING_PE_110;*;-;**;-;RI;-;ITR;_;PERCEELAANSLUITLEIDING;_;PE;_;110;;;;;;;-;G;;;;;*-**-RI-ITR_PERCEELAANSLUITLEIDING_PE_110-G;0.18;40;42;40;40;253;RI-ITR_AANSLUITLEIDING-SO;0.25;40;42;40;40;253;RI-ITR_AANSLUITLEIDING-SO;0.25;40;42;40;40;253;V-RI-ITR_AANSLUITLEIDING-SO;0.25;40;42;40;40;253;RI-ITR_AANSLUITLEIDING-SO;;;1950;1949;;
ITR_PERCEELAANSLUITLEIDING_PE_63;*;-;**;-;RI;-;ITR;_;PERCEELAANSLUITLEIDING;_;PE;_;63;;;;;;;-;G;;;;;*-**-RI-ITR_PERCEELAANSLUITLEIDING_PE_63-G;0.18;40;42;40;40;253;RI-ITR_AANSLUITLEIDING-SO;0.25;40;42;40;40;253;RI-ITR_AANSLUITLEIDING-SO;0.25;40;42;40;40;253;V-RI-ITR_AANSLUITLEIDING-SO;0.25;40;42;40;40;253;RI-ITR_AANSLUITLEIDING-SO;;;1951;1949;;
ITR_PERCEELAANSLUITLEIDING_PE_75;*;-;**;-;RI;-;ITR;_;PERCEELAANSLUITLEIDING;_;PE;_;75;;;;;;;-;G;;;;;*-**-RI-ITR_PERCEELAANSLUITLEIDING_PE_75-G;0.18;40;42;40;40;253;RI-ITR_AANSLUITLEIDING-SO;0.25;40;42;40;40;253;RI-ITR_AANSLUITLEIDING-SO;0.25;40;42;40;40;253;V-RI-ITR_AANSLUITLEIDING-SO;0.25;40;42;40;40;253;RI-ITR_AANSLUITLEIDING-SO;;;1952;1949;;
ITR_PERCEELAANSLUITLEIDING_PE_90;*;-;**;-;RI;-;ITR;_;PERCEELAANSLUITLEIDING;_;PE;_;90;;;;;;;-;G;;;;;*-**-RI-ITR_PERCEELAANSLUITLEIDING_PE_90-G;0.18;40;42;40;40;253;RI-ITR_AANSLUITLEIDING-SO;0.25;40;42;40;40;253;RI-ITR_AANSLUITLEIDING-SO;0.25;40;42;40;40;253;V-RI-ITR_AANSLUITLEIDING-SO;0.25;40;42;40;40;253;RI-ITR_AANSLUITLEIDING-SO;;;1953;1949;;
ITR_PERCEELAANSLUITLEIDING_PVC;*;-;**;-;RI;-;ITR;_;PERCEELAANSLUITLEIDING;_;PVC;;;;;;;;;-;G;;;;;*-**-RI-ITR_PERCEELAANSLUITLEIDING_PVC-G;0.18;40;42;40;40;253;RI-ITR_AANSLUITLEIDING-SO;0.25;40;42;40;40;253;RI-ITR_AANSLUITLEIDING-SO;0.25;40;42;40;40;253;V-RI-ITR_AANSLUITLEIDING-SO;0.25;40;42;40;40;253;RI-ITR_AANSLUITLEIDING-SO;;;1954;1948;;
ITR_PERCEELAANSLUITLEIDING_PVC_110;*;-;**;-;RI;-;ITR;_;PERCEELAANSLUITLEIDING;_;PVC;_;110;;;;;;;-;G;;;;;*-**-RI-ITR_PERCEELAANSLUITLEIDING_PVC_110-G;0.18;40;42;40;40;253;RI-ITR_AANSLUITLEIDING-SO;0.25;40;42;40;40;253;RI-ITR_AANSLUITLEIDING-SO;0.25;40;42;40;40;253;V-RI-ITR_AANSLUITLEIDING-SO;0.25;40;42;40;40;253;RI-ITR_AANSLUITLEIDING-SO;;;1955;1954;;
ITR_PERCEELAANSLUITLEIDING_PVC_125;*;-;**;-;RI;-;ITR;_;PERCEELAANSLUITLEIDING;_;PVC;_;125;;;;;;;-;G;;;;;*-**-RI-ITR_PERCEELAANSLUITLEIDING_PVC_125-G;0.18;40;42;40;40;253;RI-ITR_AANSLUITLEIDING-SO;0.25;40;42;40;40;253;RI-ITR_AANSLUITLEIDING-SO;0.25;40;42;40;40;253;V-RI-ITR_AANSLUITLEIDING-SO;0.25;40;42;40;40;253;RI-ITR_AANSLUITLEIDING-SO;;;1956;1954;;
ITR_PERCEELAANSLUITLEIDING_PVC_160;*;-;**;-;RI;-;ITR;_;PERCEELAANSLUITLEIDING;_;PVC;_;160;;;;;;;-;G;;;;;*-**-RI-ITR_PERCEELAANSLUITLEIDING_PVC_160-G;0.18;40;42;40;40;253;RI-ITR_AANSLUITLEIDING-SO;0.25;40;42;40;40;253;RI-ITR_AANSLUITLEIDING-SO;0.25;40;42;40;40;253;V-RI-ITR_AANSLUITLEIDING-SO;0.25;40;42;40;40;253;RI-ITR_AANSLUITLEIDING-SO;;;1957;1954;;
ITR_PUTDEKSELNIVEAU;*;-;**;-;RI;-;ITR;_;PUTDEKSELNIVEAU;;;;;;;;;;;-;G/S;;;;SRI-PUTDEKSELHOOGTE;*-**-RI-ITR_PUTDEKSELNIVEAU-G/S;0.18;40;42;40;40;253;CONTINUOUS;0.35;40;42;40;40;253;CONTINUOUS;0.35;40;42;40;40;253;V-CONTINUOUS-SO;0.35;40;42;40;40;253;CONTINUOUS;;;1977;1944;;
ITR_PUTNUMMER;*;-;**;-;RI;-;ITR;_;PUTNUMMER;;;;;;;;;;;-;G/S;;;;SRI-PUTNUMMER;*-**-RI-ITR_PUTNUMMER-G/S;0.18;40;42;40;40;253;CONTINUOUS;0.35;40;42;40;40;253;CONTINUOUS;0.35;40;42;40;40;253;V-CONTINUOUS-SO;0.35;40;42;40;40;253;CONTINUOUS;;;1978;1944;;
ITR_RESERVOIR;*;-;**;-;RI;-;ITR;_;RESERVOIR;;;;;;;;;;;-;G;;;;;*-**-RI-ITR_RESERVOIR-G;0.18;40;42;40;40;253;CONTINUOUS;0.35;40;42;40;40;253;CONTINUOUS;0.35;40;42;40;40;253;V-CONTINUOUS-SO;0.35;40;42;40;40;253;CONTINUOUS;;;3821;1944;;
ITR_RESERVOIR_BERGBEZINKBASIN;*;-;**;-;RI;-;ITR;_;RESERVOIR;_;BERGBEZINKBASIN;;;;;;;;;-;G;;;;;*-**-RI-ITR_RESERVOIR_BERGBEZINKBASIN-G;0.18;40;42;40;40;253;CONTINUOUS;0.35;40;42;40;40;253;CONTINUOUS;0.35;40;42;40;40;253;V-CONTINUOUS-SO;0.35;40;42;40;40;253;CONTINUOUS;;;3822;3821;;
ITR_RESERVOIR_BERGINGSBASSIN;*;-;**;-;RI;-;ITR;_;RESERVOIR;_;BERGINGSBASSIN;;;;;;;;;-;G;;;;;*-**-RI-ITR_RESERVOIR_BERGINGSBASSIN-G;0.18;40;42;40;40;253;CONTINUOUS;0.35;40;42;40;40;253;CONTINUOUS;0.35;40;42;40;40;253;V-CONTINUOUS-SO;0.35;40;42;40;40;253;CONTINUOUS;;;3823;3821;;
ITR_RESERVOIR_BERGINGSVIJVER;*;-;**;-;RI;-;ITR;_;RESERVOIR;_;BERGINGSVIJVER;;;;;;;;;-;G;;;;;*-**-RI-ITR_RESERVOIR_BERGINGSVIJVER-G;0.18;40;42;40;40;253;CONTINUOUS;0.35;40;42;40;40;253;CONTINUOUS;0.35;40;42;40;40;253;V-CONTINUOUS-SO;0.35;40;42;40;40;253;CONTINUOUS;;;3824;3821;;
ITR_RESERVOIR_BEZINKBASSIN;*;-;**;-;RI;-;ITR;_;RESERVOIR;_;BEZINKBASSIN;;;;;;;;;-;G;;;;;*-**-RI-ITR_RESERVOIR_BEZINKBASSIN-G;0.18;40;42;40;40;253;CONTINUOUS;0.35;40;42;40;40;253;CONTINUOUS;0.35;40;42;40;40;253;V-CONTINUOUS-SO;0.35;40;42;40;40;253;CONTINUOUS;;;3825;3821;;
ITR_RESERVOIR_INFILTRATIERESERVOIR;*;-;**;-;RI;-;ITR;_;RESERVOIR;_;INFILTRATIERESERVOIR;;;;;;;;;-;G;;;;;*-**-RI-ITR_RESERVOIR_INFILTRATIERESERVOIR-G;0.18;40;42;40;40;253;CONTINUOUS;0.35;40;42;40;40;253;CONTINUOUS;0.35;40;42;40;40;253;V-CONTINUOUS-SO;0.35;40;42;40;40;253;CONTINUOUS;;;3826;3821;;
ITR_RESERVOIR_INFILTRATIERESERVOIR_GRINDKOFFER;*;-;**;-;RI;-;ITR;_;RESERVOIR;_;INFILTRATIERESERVOIR;_;GRINDKOFFER;;;;;;;-;G;;;;;*-**-RI-ITR_RESERVOIR_INFILTRATIERESERVOIR_GRINDKOFFER-G;0.18;40;42;40;40;253;CONTINUOUS;0.35;40;42;40;40;253;CONTINUOUS;0.35;40;42;40;40;253;V-CONTINUOUS-SO;0.35;40;42;40;40;253;CONTINUOUS;;;3827;3826;;
ITR_RESERVOIR_INFILTRATIERESERVOIR_INFILTRATIEBASSIN;*;-;**;-;RI;-;ITR;_;RESERVOIR;_;INFILTRATIERESERVOIR;_;INFILTRATIEBASSIN;;;;;;;-;G;;;;;*-**-RI-ITR_RESERVOIR_INFILTRATIERESERVOIR_INFILTRATIEBASSIN-G;0.18;40;42;40;40;253;CONTINUOUS;0.35;40;42;40;40;253;CONTINUOUS;0.35;40;42;40;40;253;V-CONTINUOUS-SO;0.35;40;42;40;40;253;CONTINUOUS;;;3828;3826;;
ITR_RESERVOIR_INFILTRATIERESERVOIR_INFILTRATIEGREPPEL;*;-;**;-;RI;-;ITR;_;RESERVOIR;_;INFILTRATIERESERVOIR;_;INFILTRATIEGREPPEL;;;;;;;-;G;;;;;*-**-RI-ITR_RESERVOIR_INFILTRATIERESERVOIR_INFILTRATIEGREPPEL-G;0.18;40;42;40;40;253;CONTINUOUS;0.35;40;42;40;40;253;CONTINUOUS;0.35;40;42;40;40;253;V-CONTINUOUS-SO;0.35;40;42;40;40;253;CONTINUOUS;;;3829;3826;;
ITR_RESERVOIR_INFILTRATIERESERVOIR_STEENWOLKOFFER;*;-;**;-;RI;-;ITR;_;RESERVOIR;_;INFILTRATIERESERVOIR;_;STEENWOLKOFFER;;;;;;;-;G;;;;;*-**-RI-ITR_RESERVOIR_INFILTRATIERESERVOIR_STEENWOLKOFFER-G;0.18;40;42;40;40;253;CONTINUOUS;0.35;40;42;40;40;253;CONTINUOUS;0.35;40;42;40;40;253;V-CONTINUOUS-SO;0.35;40;42;40;40;253;CONTINUOUS;;;3831;3826;;
ITR_RESERVOIR_INFILTRATIERESERVOIR_WADI;*;-;**;-;RI;-;ITR;_;RESERVOIR;_;INFILTRATIERESERVOIR;_;WADI;;;;;;;-;G;;;;;*-**-RI-ITR_RESERVOIR_INFILTRATIERESERVOIR_WADI-G;0.18;40;42;40;40;253;CONTINUOUS;0.35;40;42;40;40;253;CONTINUOUS;0.35;40;42;40;40;253;V-CONTINUOUS-SO;0.35;40;42;40;40;253;CONTINUOUS;;;3830;3826;;
ITR_RESERVOIR_INFILTRATIERESERVOIR_ZANDKOFFER;*;-;**;-;RI;-;ITR;_;RESERVOIR;_;INFILTRATIERESERVOIR;_;ZANDKOFFER;;;;;;;-;G;;;;;*-**-RI-ITR_RESERVOIR_INFILTRATIERESERVOIR_ZANDKOFFER-G;0.18;40;42;40;40;253;CONTINUOUS;0.35;40;42;40;40;253;CONTINUOUS;0.35;40;42;40;40;253;V-CONTINUOUS-SO;0.35;40;42;40;40;253;CONTINUOUS;;;3832;3826;;
ITR_RESERVOIR_OPENBERGING;*;-;**;-;RI;-;ITR;_;RESERVOIR;_;OPENBERGING;;;;;;;;;-;G;;;;;*-**-RI-ITR_RESERVOIR_OPENBERGING-G;0.18;40;42;40;40;253;CONTINUOUS;0.35;40;42;40;40;253;CONTINUOUS;0.35;40;42;40;40;253;V-CONTINUOUS-SO;0.35;40;42;40;40;253;CONTINUOUS;;;3833;3821;;
ITR_RESERVOIR_ZUIVERINGSRESERVOIR;*;-;**;-;RI;-;ITR;_;RESERVOIR;_;ZUIVERINGSRESERVOIR;;;;;;;;;-;G;;;;;*-**-RI-ITR_RESERVOIR_ZUIVERINGSRESERVOIR-G;0.18;40;42;40;40;253;CONTINUOUS;0.35;40;42;40;40;253;CONTINUOUS;0.35;40;42;40;40;253;V-CONTINUOUS-SO;0.35;40;42;40;40;253;CONTINUOUS;;;3834;3821;;
ITR_RESERVOIR_ZUIVERINGSRESERVOIR_IBA;*;-;**;-;RI;-;ITR;_;RESERVOIR;_;ZUIVERINGSRESERVOIR;_;IBA;;;;;;;-;G;;;;;*-**-RI-ITR_RESERVOIR_ZUIVERINGSRESERVOIR_IBA-G;0.18;40;42;40;40;253;CONTINUOUS;0.35;40;42;40;40;253;CONTINUOUS;0.35;40;42;40;40;253;V-CONTINUOUS-SO;0.35;40;42;40;40;253;CONTINUOUS;;;3835;3834;;
ITR_RETENTIE;*;-;**;-;RI;-;ITR;_;RETENTIE;;;;;;;;;;;-;G;;;;;*-**-RI-ITR_RETENTIE-G;0.18;40;42;40;40;253;CONTINUOUS;0.35;40;42;40;40;253;CONTINUOUS;0.35;40;42;40;40;253;V-CONTINUOUS-SO;0.35;40;42;40;40;253;CONTINUOUS;;;1979;1944;;
ITR_RETENTIE_BEEKDAL;*;-;**;-;RI;-;ITR;_;RETENTIE;_;BEEKDAL;;;;;;;;;-;G;;;;;*-**-RI-ITR_RETENTIE_BEEKDAL-G;0.18;40;42;40;40;253;CONTINUOUS;0.35;40;42;40;40;253;CONTINUOUS;0.35;40;42;40;40;253;V-CONTINUOUS-SO;0.35;40;42;40;40;253;CONTINUOUS;;;1980;1979;;
ITR_RETENTIE_BERGBEZINKBASIN;*;-;**;-;RI;-;ITR;_;RETENTIE;_;BERGBEZINKBASIN;;;;;;;;;-;G;;;;;*-**-RI-ITR_RETENTIE_BERGBEZINKBASIN-G;0.18;40;42;40;40;253;CONTINUOUS;0.35;40;42;40;40;253;CONTINUOUS;0.35;40;42;40;40;253;V-CONTINUOUS-SO;0.35;40;42;40;40;253;CONTINUOUS;;;1981;1979;;
ITR_RETENTIE_VIJVER;*;-;**;-;RI;-;ITR;_;RETENTIE;_;VIJVER;;;;;;;;;-;G;;;;;*-**-RI-ITR_RETENTIE_VIJVER-G;0.18;40;42;40;40;253;CONTINUOUS;0.35;40;42;40;40;253;CONTINUOUS;0.35;40;42;40;40;253;V-CONTINUOUS-SO;0.35;40;42;40;40;253;CONTINUOUS;;;1982;1979;;
ITR_RETENTIE_VIJVER_CULTUURLIJK;*;-;**;-;RI;-;ITR;_;RETENTIE;_;VIJVER;_;CULTUURLIJK;;;;;;;-;G;;;;;*-**-RI-ITR_RETENTIE_VIJVER_CULTUURLIJK-G;0.18;40;42;40;40;253;CONTINUOUS;0.35;40;42;40;40;253;CONTINUOUS;0.35;40;42;40;40;253;V-CONTINUOUS-SO;0.35;40;42;40;40;253;CONTINUOUS;;;1983;1982;;
ITR_RETENTIE_VIJVER_NATUURLIJK;*;-;**;-;RI;-;ITR;_;RETENTIE;_;VIJVER;_;NATUURLIJK;;;;;;;-;G;;;;;*-**-RI-ITR_RETENTIE_VIJVER_NATUURLIJK-G;0.18;40;42;40;40;253;CONTINUOUS;0.35;40;42;40;40;253;CONTINUOUS;0.35;40;42;40;40;253;V-CONTINUOUS-SO;0.35;40;42;40;40;253;CONTINUOUS;;;1984;1982;;
ITR_RETENTIE_WADI;*;-;**;-;RI;-;ITR;_;RETENTIE;_;WADI;;;;;;;;;-;G;;;;;*-**-RI-ITR_RETENTIE_WADI-G;0.18;40;42;40;40;253;CONTINUOUS;0.35;40;42;40;40;253;CONTINUOUS;0.35;40;42;40;40;253;V-CONTINUOUS-SO;0.35;40;42;40;40;253;CONTINUOUS;;;1985;1979;;
ITR_RETENTIE_WADI_CULTUURLIJK;*;-;**;-;RI;-;ITR;_;RETENTIE;_;WADI;_;CULTUURLIJK;;;;;;;-;G;;;;;*-**-RI-ITR_RETENTIE_WADI_CULTUURLIJK-G;0.18;40;42;40;40;253;CONTINUOUS;0.35;40;42;40;40;253;CONTINUOUS;0.35;40;42;40;40;253;V-CONTINUOUS-SO;0.35;40;42;40;40;253;CONTINUOUS;;;1986;1985;;
ITR_RETENTIE_WADI_NATUURLIJK;*;-;**;-;RI;-;ITR;_;RETENTIE;_;WADI;_;NATUURLIJK;;;;;;;-;G;;;;;*-**-RI-ITR_RETENTIE_WADI_NATUURLIJK-G;0.18;40;42;40;40;253;CONTINUOUS;0.35;40;42;40;40;253;CONTINUOUS;0.35;40;42;40;40;253;V-CONTINUOUS-SO;0.35;40;42;40;40;253;CONTINUOUS;;;1987;1985;;
ITR_RETENTIE_WATERPARTIJ;*;-;**;-;RI;-;ITR;_;RETENTIE;_;WATERPARTIJ;;;;;;;;;-;G;;;;;*-**-RI-ITR_RETENTIE_WATERPARTIJ-G;0.18;40;42;40;40;253;CONTINUOUS;0.35;40;42;40;40;253;CONTINUOUS;0.35;40;42;40;40;253;V-CONTINUOUS-SO;0.35;40;42;40;40;253;CONTINUOUS;;;1988;1979;;
ITR_RIOOLLEIDING;*;-;**;-;RI;-;ITR;_;RIOOLLEIDING;;;;;;;;;;;-;G;;;;;*-**-RI-ITR_RIOOLLEIDING-G;0.18;40;42;40;40;253;RI-ITR-SO;0.35;40;42;40;40;253;RI-ITR-SO;0.35;40;42;40;40;253;V-RI-ITR-SO;0.35;40;42;40;40;253;RI-ITR-SO;;;2017;1944;;
ITR_RIOOLLEIDING-LINING;*;_;**;_;RI;_;ITR;_;RIOOLLEIDING;_;;_;;_;;_;;-;LINING;-;G;-;;;;*_**_RI_ITR_RIOOLLEIDING-LINING;0.18;140;142;140;140;253;RI-LINING-SO;0.35;40;42;40;40;253;RI-LINING-SO;0.35;40;42;40;40;253;V-RI-LINING-SO;0.35;40;42;40;40;253;RI-LINING-SO;;;4883;2017;http://digitalbuildingdata.tech/nlcs/def/8a0ce6e9-7055-467e-bacf-259f953963d2;http://digitalbuildingdata.tech/nlcs/def/8fee24c2-10d8-46f6-9592-1775c52bcb32
ITR_RIOOLLEIDING-VOLSCHUIMEN;*;_;**;_;RI;_;ITR;_;RIOOLLEIDING;_;;_;;_;;_;;-;VOLSCHUIMEN;-;G;-;;;;*_**_RI_ITR_RIOOLLEIDING-VOLSCHUIMEN;0.18;140;142;140;140;253;RI-VOLSCHUIMEN-SO;0.35;40;42;40;40;253;RI-VOLSCHUIMEN-SO;0.35;40;42;40;40;253;V-RI-VOLSCHUIMEN-SO;0.35;40;42;40;40;253;RI-VOLSCHUIMEN-SO;;;4884;2017;http://digitalbuildingdata.tech/nlcs/def/878432d3-05f9-458b-b73e-e780e51f4899;http://digitalbuildingdata.tech/nlcs/def/8fee24c2-10d8-46f6-9592-1775c52bcb32
ITR_RIOOLLEIDING-VOLZANDEN;*;_;**;_;RI;_;ITR;_;RIOOLLEIDING;_;;_;;_;;_;;-;VOLZANDEN;-;G;-;;;;*_**_RI_ITR_RIOOLLEIDING-VOLZANDEN;0.18;140;142;140;140;253;RI-VOLZANDEN-SO;0.35;40;42;40;40;253;RI-VOLZANDEN-SO;0.35;40;42;40;40;253;V-RI-VOLZANDEN-SO;0.35;40;42;40;40;253;RI-VOLZANDEN-SO;;;4885;2017;http://digitalbuildingdata.tech/nlcs/def/bc61d7ef-a992-484f-94c3-ce33ffbab02d;http://digitalbuildingdata.tech/nlcs/def/8fee24c2-10d8-46f6-9592-1775c52bcb32
ITR_RIOOLLEIDING_BETON;*;-;**;-;RI;-;ITR;_;RIOOLLEIDING;_;BETON;;;;;;;;;-;G;;;;;*-**-RI-ITR_RIOOLLEIDING_BETON-G;0.18;40;42;40;40;253;RI-ITR-SO;0.35;40;42;40;40;253;RI-ITR-SO;0.35;40;42;40;40;253;V-RI-ITR-SO;0.35;40;42;40;40;253;RI-ITR-SO;;;2018;2017;;
ITR_RIOOLLEIDING_BETON_1000;*;-;**;-;RI;-;ITR;_;RIOOLLEIDING;_;BETON;_;1000;;;;;;;-;G;;;;;*-**-RI-ITR_RIOOLLEIDING_BETON_1000-G;0.18;40;42;40;40;253;RI-ITR-SO;0.35;40;42;40;40;253;RI-ITR-SO;0.35;40;42;40;40;253;V-RI-ITR-SO;0.35;40;42;40;40;253;RI-ITR-SO;;;2019;2018;;
ITR_RIOOLLEIDING_BETON_1250;*;-;**;-;RI;-;ITR;_;RIOOLLEIDING;_;BETON;_;1250;;;;;;;-;G;;;;;*-**-RI-ITR_RIOOLLEIDING_BETON_1250-G;0.18;40;42;40;40;253;RI-ITR-SO;0.35;40;42;40;40;253;RI-ITR-SO;0.35;40;42;40;40;253;V-RI-ITR-SO;0.35;40;42;40;40;253;RI-ITR-SO;;;2020;2018;;
ITR_RIOOLLEIDING_BETON_1500;*;-;**;-;RI;-;ITR;_;RIOOLLEIDING;_;BETON;_;1500;;;;;;;-;G;;;;;*-**-RI-ITR_RIOOLLEIDING_BETON_1500-G;0.18;40;42;40;40;253;RI-ITR-SO;0.35;40;42;40;40;253;RI-ITR-SO;0.35;40;42;40;40;253;V-RI-ITR-SO;0.35;40;42;40;40;253;RI-ITR-SO;;;2021;2018;;
ITR_RIOOLLEIDING_BETON_2000;*;-;**;-;RI;-;ITR;_;RIOOLLEIDING;_;BETON;_;2000;;;;;;;-;G;;;;;*-**-RI-ITR_RIOOLLEIDING_BETON_2000-G;0.18;40;42;40;40;253;RI-ITR-SO;0.35;40;42;40;40;253;RI-ITR-SO;0.35;40;42;40;40;253;V-RI-ITR-SO;0.35;40;42;40;40;253;RI-ITR-SO;;;2022;2018;;
ITR_RIOOLLEIDING_BETON_250;*;-;**;-;RI;-;ITR;_;RIOOLLEIDING;_;BETON;_;250;;;;;;;-;G;;;;;*-**-RI-ITR_RIOOLLEIDING_BETON_250-G;0.18;40;42;40;40;253;RI-ITR-SO;0.35;40;42;40;40;253;RI-ITR-SO;0.35;40;42;40;40;253;V-RI-ITR-SO;0.35;40;42;40;40;253;RI-ITR-SO;;;2023;2018;;
ITR_RIOOLLEIDING_BETON_300;*;-;**;-;RI;-;ITR;_;RIOOLLEIDING;_;BETON;_;300;;;;;;;-;G;;;;;*-**-RI-ITR_RIOOLLEIDING_BETON_300-G;0.18;40;42;40;40;253;RI-ITR-SO;0.35;40;42;40;40;253;RI-ITR-SO;0.35;40;42;40;40;253;V-RI-ITR-SO;0.35;40;42;40;40;253;RI-ITR-SO;;;2024;2018;;
ITR_RIOOLLEIDING_BETON_400;*;-;**;-;RI;-;ITR;_;RIOOLLEIDING;_;BETON;_;400;;;;;;;-;G;;;;;*-**-RI-ITR_RIOOLLEIDING_BETON_400-G;0.18;40;42;40;40;253;RI-ITR-SO;0.35;40;42;40;40;253;RI-ITR-SO;0.35;40;42;40;40;253;V-RI-ITR-SO;0.35;40;42;40;40;253;RI-ITR-SO;;;2025;2018;;
ITR_RIOOLLEIDING_BETON_500;*;-;**;-;RI;-;ITR;_;RIOOLLEIDING;_;BETON;_;500;;;;;;;-;G;;;;;*-**-RI-ITR_RIOOLLEIDING_BETON_500-G;0.18;40;42;40;40;253;RI-ITR-SO;0.35;40;42;40;40;253;RI-ITR-SO;0.35;40;42;40;40;253;V-RI-ITR-SO;0.35;40;42;40;40;253;RI-ITR-SO;;;2026;2018;;
ITR_RIOOLLEIDING_BETON_600;*;-;**;-;RI;-;ITR;_;RIOOLLEIDING;_;BETON;_;600;;;;;;;-;G;;;;;*-**-RI-ITR_RIOOLLEIDING_BETON_600-G;0.18;40;42;40;40;253;RI-ITR-SO;0.35;40;42;40;40;253;RI-ITR-SO;0.35;40;42;40;40;253;V-RI-ITR-SO;0.35;40;42;40;40;253;RI-ITR-SO;;;2027;2018;;
ITR_RIOOLLEIDING_BETON_700;*;-;**;-;RI;-;ITR;_;RIOOLLEIDING;_;BETON;_;700;;;;;;;-;G;;;;;*-**-RI-ITR_RIOOLLEIDING_BETON_700-G;0.18;40;42;40;40;253;RI-ITR-SO;0.35;40;42;40;40;253;RI-ITR-SO;0.35;40;42;40;40;253;V-RI-ITR-SO;0.35;40;42;40;40;253;RI-ITR-SO;;;2028;2018;;
ITR_RIOOLLEIDING_BETON_800;*;-;**;-;RI;-;ITR;_;RIOOLLEIDING;_;BETON;_;800;;;;;;;-;G;;;;;*-**-RI-ITR_RIOOLLEIDING_BETON_800-G;0.18;40;42;40;40;253;RI-ITR-SO;0.35;40;42;40;40;253;RI-ITR-SO;0.35;40;42;40;40;253;V-RI-ITR-SO;0.35;40;42;40;40;253;RI-ITR-SO;;;2029;2018;;
ITR_RIOOLLEIDING_BETON_900;*;-;**;-;RI;-;ITR;_;RIOOLLEIDING;_;BETON;_;900;;;;;;;-;G;;;;;*-**-RI-ITR_RIOOLLEIDING_BETON_900-G;0.18;40;42;40;40;253;RI-ITR-SO;0.35;40;42;40;40;253;RI-ITR-SO;0.35;40;42;40;40;253;V-RI-ITR-SO;0.35;40;42;40;40;253;RI-ITR-SO;;;2030;2018;;
ITR_RIOOLLEIDING_PE;*;-;**;-;RI;-;ITR;_;RIOOLLEIDING;_;PE;;;;;;;;;-;G;;;;;*-**-RI-ITR_RIOOLLEIDING_PE-G;0.18;40;42;40;40;253;RI-ITR-SO;0.35;40;42;40;40;253;RI-ITR-SO;0.35;40;42;40;40;253;V-RI-ITR-SO;0.35;40;42;40;40;253;RI-ITR-SO;;;2031;2017;;
ITR_RIOOLLEIDING_PE_160;*;-;**;-;RI;-;ITR;_;RIOOLLEIDING;_;PE;_;160;;;;;;;-;G;;;;;*-**-RI-ITR_RIOOLLEIDING_PE_160-G;0.18;40;42;40;40;253;RI-ITR-SO;0.35;40;42;40;40;253;RI-ITR-SO;0.35;40;42;40;40;253;V-RI-ITR-SO;0.35;40;42;40;40;253;RI-ITR-SO;;;2032;2031;;
ITR_RIOOLLEIDING_PE_250;*;-;**;-;RI;-;ITR;_;RIOOLLEIDING;_;PE;_;250;;;;;;;-;G;;;;;*-**-RI-ITR_RIOOLLEIDING_PE_250-G;0.18;40;42;40;40;253;RI-ITR-SO;0.35;40;42;40;40;253;RI-ITR-SO;0.35;40;42;40;40;253;V-RI-ITR-SO;0.35;40;42;40;40;253;RI-ITR-SO;;;2033;2031;;
ITR_RIOOLLEIDING_PE_315;*;-;**;-;RI;-;ITR;_;RIOOLLEIDING;_;PE;_;315;;;;;;;-;G;;;;;*-**-RI-ITR_RIOOLLEIDING_PE_315-G;0.18;40;42;40;40;253;RI-ITR-SO;0.35;40;42;40;40;253;RI-ITR-SO;0.35;40;42;40;40;253;V-RI-ITR-SO;0.35;40;42;40;40;253;RI-ITR-SO;;;2034;2031;;
ITR_RIOOLLEIDING_PE_355;*;-;**;-;RI;-;ITR;_;RIOOLLEIDING;_;PE;_;355;;;;;;;-;G;;;;;*-**-RI-ITR_RIOOLLEIDING_PE_355-G;0.18;40;42;40;40;253;RI-ITR-SO;0.35;40;42;40;40;253;RI-ITR-SO;0.35;40;42;40;40;253;V-RI-ITR-SO;0.35;40;42;40;40;253;RI-ITR-SO;;;2035;2031;;
ITR_RIOOLLEIDING_PE_400;*;-;**;-;RI;-;ITR;_;RIOOLLEIDING;_;PE;_;400;;;;;;;-;G;;;;;*-**-RI-ITR_RIOOLLEIDING_PE_400-G;0.18;40;42;40;40;253;RI-ITR-SO;0.35;40;42;40;40;253;RI-ITR-SO;0.35;40;42;40;40;253;V-RI-ITR-SO;0.35;40;42;40;40;253;RI-ITR-SO;;;2036;2031;;
ITR_RIOOLLEIDING_PE_450;*;-;**;-;RI;-;ITR;_;RIOOLLEIDING;_;PE;_;450;;;;;;;-;G;;;;;*-**-RI-ITR_RIOOLLEIDING_PE_450-G;0.18;40;42;40;40;253;RI-ITR-SO;0.35;40;42;40;40;253;RI-ITR-SO;0.35;40;42;40;40;253;V-RI-ITR-SO;0.35;40;42;40;40;253;RI-ITR-SO;;;2037;2031;;
ITR_RIOOLLEIDING_PE_500;*;-;**;-;RI;-;ITR;_;RIOOLLEIDING;_;PE;_;500;;;;;;;-;G;;;;;*-**-RI-ITR_RIOOLLEIDING_PE_500-G;0.18;40;42;40;40;253;RI-ITR-SO;0.35;40;42;40;40;253;RI-ITR-SO;0.35;40;42;40;40;253;V-RI-ITR-SO;0.35;40;42;40;40;253;RI-ITR-SO;;;2038;2031;;
ITR_RIOOLLEIDING_PE_560;*;-;**;-;RI;-;ITR;_;RIOOLLEIDING;_;PE;_;560;;;;;;;-;G;;;;;*-**-RI-ITR_RIOOLLEIDING_PE_560-G;0.18;40;42;40;40;253;RI-ITR-SO;0.35;40;42;40;40;253;RI-ITR-SO;0.35;40;42;40;40;253;V-RI-ITR-SO;0.35;40;42;40;40;253;RI-ITR-SO;;;2039;2031;;
ITR_RIOOLLEIDING_PE_630;*;-;**;-;RI;-;ITR;_;RIOOLLEIDING;_;PE;_;630;;;;;;;-;G;;;;;*-**-RI-ITR_RIOOLLEIDING_PE_630-G;0.18;40;42;40;40;253;RI-ITR-SO;0.35;40;42;40;40;253;RI-ITR-SO;0.35;40;42;40;40;253;V-RI-ITR-SO;0.35;40;42;40;40;253;RI-ITR-SO;;;2040;2031;;
ITR_RIOOLLEIDING_PVC;*;-;**;-;RI;-;ITR;_;RIOOLLEIDING;_;PVC;;;;;;;;;-;G;;;;;*-**-RI-ITR_RIOOLLEIDING_PVC-G;0.18;40;42;40;40;253;RI-ITR-SO;0.35;40;42;40;40;253;RI-ITR-SO;0.35;40;42;40;40;253;V-RI-ITR-SO;0.35;40;42;40;40;253;RI-ITR-SO;;;2041;2017;;
ITR_RIOOLLEIDING_PVC_160;*;-;**;-;RI;-;ITR;_;RIOOLLEIDING;_;PVC;_;160;;;;;;;-;G;;;;;*-**-RI-ITR_RIOOLLEIDING_PVC_160-G;0.18;40;42;40;40;253;RI-ITR-SO;0.35;40;42;40;40;253;RI-ITR-SO;0.35;40;42;40;40;253;V-RI-ITR-SO;0.35;40;42;40;40;253;RI-ITR-SO;;;2042;2041;;
ITR_RIOOLLEIDING_PVC_200;*;-;**;-;RI;-;ITR;_;RIOOLLEIDING;_;PVC;_;200;;;;;;;-;G;;;;;*-**-RI-ITR_RIOOLLEIDING_PVC_200-G;0.18;40;42;40;40;253;RI-ITR-SO;0.35;40;42;40;40;253;RI-ITR-SO;0.35;40;42;40;40;253;V-RI-ITR-SO;0.35;40;42;40;40;253;RI-ITR-SO;;;2043;2041;;
ITR_RIOOLLEIDING_PVC_250;*;-;**;-;RI;-;ITR;_;RIOOLLEIDING;_;PVC;_;250;;;;;;;-;G;;;;;*-**-RI-ITR_RIOOLLEIDING_PVC_250-G;0.18;40;42;40;40;253;RI-ITR-SO;0.35;40;42;40;40;253;RI-ITR-SO;0.35;40;42;40;40;253;V-RI-ITR-SO;0.35;40;42;40;40;253;RI-ITR-SO;;;2044;2041;;
ITR_RIOOLLEIDING_PVC_315;*;-;**;-;RI;-;ITR;_;RIOOLLEIDING;_;PVC;_;315;;;;;;;-;G;;;;;*-**-RI-ITR_RIOOLLEIDING_PVC_315-G;0.18;40;42;40;40;253;RI-ITR-SO;0.35;40;42;40;40;253;RI-ITR-SO;0.35;40;42;40;40;253;V-RI-ITR-SO;0.35;40;42;40;40;253;RI-ITR-SO;;;2045;2041;;
ITR_RIOOLLEIDING_PVC_400;*;-;**;-;RI;-;ITR;_;RIOOLLEIDING;_;PVC;_;400;;;;;;;-;G;;;;;*-**-RI-ITR_RIOOLLEIDING_PVC_400-G;0.18;40;42;40;40;253;RI-ITR-SO;0.35;40;42;40;40;253;RI-ITR-SO;0.35;40;42;40;40;253;V-RI-ITR-SO;0.35;40;42;40;40;253;RI-ITR-SO;;;2046;2041;;
ITR_RIOOLLEIDING_PVC_500;*;-;**;-;RI;-;ITR;_;RIOOLLEIDING;_;PVC;_;500;;;;;;;-;G;;;;;*-**-RI-ITR_RIOOLLEIDING_PVC_500-G;0.18;40;42;40;40;253;RI-ITR-SO;0.35;40;42;40;40;253;RI-ITR-SO;0.35;40;42;40;40;253;V-RI-ITR-SO;0.35;40;42;40;40;253;RI-ITR-SO;;;2047;2041;;
ITR_RIOOLLEIDING_PVC_630;*;-;**;-;RI;-;ITR;_;RIOOLLEIDING;_;PVC;_;630;;;;;;;-;G;;;;;*-**-RI-ITR_RIOOLLEIDING_PVC_630-G;0.18;40;42;40;40;253;RI-ITR-SO;0.35;40;42;40;40;253;RI-ITR-SO;0.35;40;42;40;40;253;V-RI-ITR-SO;0.35;40;42;40;40;253;RI-ITR-SO;;;2048;2041;;
ITR_RIOOLLEIDING_STUWLEIDING;*;-;**;-;RI;-;ITR;_;RIOOLLEIDING;_;STUWLEIDING;;;;;;;;;-;G;;;;;*-**-RI-ITR_RIOOLLEIDING_STUWLEIDING-G;0.18;40;42;40;40;253;RI-ITR-SO;0.35;40;42;40;40;253;RI-ITR-SO;0.35;40;42;40;40;253;V-RI-ITR-SO;0.35;40;42;40;40;253;RI-ITR-SO;;;4055;2017;;
ITR_RIOOLLEIDING_ZINKER;*;-;**;-;RI;-;ITR;_;RIOOLLEIDING;_;ZINKER;;;;;;;;;-;G;;;;;*-**-RI-ITR_RIOOLLEIDING_ZINKER-G;0.18;40;42;40;40;253;RI-ITR-SO;0.35;40;42;40;40;253;RI-ITR-SO;0.35;40;42;40;40;253;V-RI-ITR-SO;0.35;40;42;40;40;253;RI-ITR-SO;;;4056;2017;;
ITR_RIOOLPUT;*;-;**;-;RI;-;ITR;_;RIOOLPUT;;;;;;;;;;;-;G/S;;;;SRI-PUT_INSPECTIE;*-**-RI-ITR_RIOOLPUT-G/S;0.18;40;42;40;40;253;CONTINUOUS;0.35;40;42;40;40;253;CONTINUOUS;0.35;40;42;40;40;253;V-CONTINUOUS-SO;0.35;40;42;40;40;253;CONTINUOUS;;;1989;1944;;
ITR_RIOOLPUT-LINING;*;-;**;-;RI;-;ITR;_;RIOOLPUT;;;;;;;;;-;LINING;-;G/S;;;;SRI-PUT_INSPECTIE;*-**-RI-ITR_RIOOLPUT-LINING-G/S;0.18;40;42;40;40;253;RI-LINING-SO;0.35;40;42;40;40;253;RI-LINING-SO;0.35;40;42;40;40;253;V-RI-LINING-SO;0.35;40;42;40;40;253;RI-LINING-SO;;;3841;1989;;
ITR_RIOOLPUT-OPHOOGTEBRENGEN;*;-;**;-;RI;-;ITR;_;RIOOLPUT;;;;;;;;;-;OPHOOGTEBRENGEN;-;G/S;;;; SRI-PUT_OPHOOGTEBRENGEN;*-**-RI-ITR_RIOOLPUT-OPHOOGTEBRENGEN-G/S;0.18;40;42;40;40;253;RI-OPHOOGTEBRENGEN-SO;0.35;40;42;40;40;253;RI-OPHOOGTEBRENGEN-SO;0.35;40;42;40;40;253;V-RI-OPHOOGTEBRENGEN-SO;0.35;40;42;40;40;253;RI-OPHOOGTEBRENGEN-SO;;;3840;1989;;
ITR_RIOOLPUT-VOLSCHUIMEN;*;-;**;-;RI;-;ITR;_;RIOOLPUT;;;;;;;;;-;VOLSCHUIMEN;-;G/S;;;;SRI-PUT_INSPECTIE;*-**-RI-ITR_RIOOLPUT-VOLSCHUIMEN-G/S;0.18;40;42;40;40;253;CONTINUOUS;0.35;40;42;40;40;253;CONTINUOUS;0.35;40;42;40;40;253;V-CONTINUOUS-SO;0.35;40;42;40;40;253;CONTINUOUS;;;3842;1989;;
ITR_RIOOLPUT-VOLZANDEN;*;-;**;-;RI;-;ITR;_;RIOOLPUT;;;;;;;;;-;VOLZANDEN;-;G/S;;;;SRI-PUT_INSPECTIE;*-**-RI-ITR_RIOOLPUT-VOLZANDEN-G/S;0.18;40;42;40;40;253;CONTINUOUS;0.35;40;42;40;40;253;CONTINUOUS;0.35;40;42;40;40;253;V-CONTINUOUS-SO;0.35;40;42;40;40;253;CONTINUOUS;;;3843;1989;;
ITR_RIOOLPUT_AFDEKPLAAT;*;-;**;-;RI;-;ITR;_;RIOOLPUT;_;AFDEKPLAAT;;;;;;;;;-;G/S;;;;SRI-PUT_AFDEKPLAAT;*-**-RI-ITR_RIOOLPUT_AFDEKPLAAT-G/S;0.18;40;42;40;40;253;CONTINUOUS;0.35;40;42;40;40;253;CONTINUOUS;0.35;40;42;40;40;253;V-CONTINUOUS-SO;0.35;40;42;40;40;253;CONTINUOUS;;;1990;1989;;
ITR_RIOOLPUT_BETON;*;-;**;-;RI;-;ITR;_;RIOOLPUT;_;BETON;;;;;;;;;-;G/S;;;;SRI-PUT_BETON;*-**-RI-ITR_RIOOLPUT_BETON-G/S;0.18;40;42;40;40;253;CONTINUOUS;0.35;40;42;40;40;253;CONTINUOUS;0.35;40;42;40;40;253;V-CONTINUOUS-SO;0.35;40;42;40;40;253;CONTINUOUS;;;3837;1989;;
ITR_RIOOLPUT_BLINDEPUT;*;-;**;-;RI;-;ITR;_;RIOOLPUT;_;BLINDEPUT;;;;;;;;;-;G/S;;;;SRI-PUT_BLINDEPUT;*-**-RI-ITR_RIOOLPUT_BLINDEPUT-G/S;0.18;40;42;40;40;253;CONTINUOUS;0.35;40;42;40;40;253;CONTINUOUS;0.35;40;42;40;40;253;V-CONTINUOUS-SO;0.35;40;42;40;40;253;CONTINUOUS;;;1991;1989;;
ITR_RIOOLPUT_BLINDEPUT_BETON;*;-;**;-;RI;-;ITR;_;RIOOLPUT;_;BLINDEPUT;_;BETON;;;;;;;-;G/S;;;;SRI-PUT_BLINDEPUT;*-**-RI-ITR_RIOOLPUT_BLINDEPUT_BETON-G;0.18;40;42;40;40;253;CONTINUOUS;0.35;40;42;40;40;253;CONTINUOUS;0.35;40;42;40;40;253;V-CONTINUOUS-SO;0.35;40;42;40;40;253;CONTINUOUS;;;1992;1991;;
ITR_RIOOLPUT_BLINDEPUT_PE;*;-;**;-;RI;-;ITR;_;RIOOLPUT;_;BLINDEPUT;_;PE;;;;;;;-;G/S;;;;SRI-PUT_BLINDEPUT;*-**-RI-ITR_RIOOLPUT_BLINDEPUT_PE-G;0.18;40;42;40;40;253;CONTINUOUS;0.35;40;42;40;40;253;CONTINUOUS;0.35;40;42;40;40;253;V-CONTINUOUS-SO;0.35;40;42;40;40;253;CONTINUOUS;;;1993;1991;;
ITR_RIOOLPUT_DRAINAGEPUT;*;-;**;-;RI;-;ITR;_;RIOOLPUT;_;DRAINAGEPUT;;;;;;;;;-;G/S;;;;SRI-PUT_DRAIN;*-**-RI-ITR_RIOOLPUT_DRAINAGEPUT-G/S;0.18;40;42;40;40;253;CONTINUOUS;0.35;40;42;40;40;253;CONTINUOUS;0.35;40;42;40;40;253;V-CONTINUOUS-SO;0.35;40;42;40;40;253;CONTINUOUS;;;4057;1989;;
ITR_RIOOLPUT_FILTERPUT;*;-;**;-;RI;-;ITR;_;RIOOLPUT;_;FILTERPUT;;;;;;;;;-;G/S;;;;SRI-PUT_ITR;*-**-RI-ITR_RIOOLPUT_FILTERPUT-G/S;0.18;40;42;40;40;253;CONTINUOUS;0.35;40;42;40;40;253;CONTINUOUS;0.35;40;42;40;40;253;V-CONTINUOUS-SO;0.35;40;42;40;40;253;CONTINUOUS;;;4058;1989;;
ITR_RIOOLPUT_HONDEHOKPUT;*;-;**;-;RI;-;ITR;_;RIOOLPUT;_;HONDEHOKPUT;;;;;;;;;-;G/S;;;;SRI-PUT_HONDEHOKPUT;*-**-RI-ITR_RIOOLPUT_HONDEHOKPUT-G/S;0.18;40;42;40;40;253;CONTINUOUS;0.35;40;42;40;40;253;CONTINUOUS;0.35;40;42;40;40;253;V-CONTINUOUS-SO;0.35;40;42;40;40;253;CONTINUOUS;;;1994;1989;;
ITR_RIOOLPUT_HONDEHOKPUT_BETON;*;-;**;-;RI;-;ITR;_;RIOOLPUT;_;HONDEHOKPUT;_;BETON;;;;;;;-;G/S;;;;SRI-PUT_HONDEHOKPUT;*-**-RI-ITR_RIOOLPUT_HONDEHOKPUT_BETON-G;0.18;40;42;40;40;253;CONTINUOUS;0.35;40;42;40;40;253;CONTINUOUS;0.35;40;42;40;40;253;V-CONTINUOUS-SO;0.35;40;42;40;40;253;CONTINUOUS;;;1995;1994;;
ITR_RIOOLPUT_INSPECTIEPUT;*;-;**;-;RI;-;ITR;_;RIOOLPUT;_;INSPECTIEPUT;;;;;;;;;-;G/S;;;;SRI-PUT_ITR;*-**-RI-ITR_RIOOLPUT_INSPECTIEPUT-G/S;0.18;40;42;40;40;253;CONTINUOUS;0.35;40;42;40;40;253;CONTINUOUS;0.35;40;42;40;40;253;V-CONTINUOUS-SO;0.35;40;42;40;40;253;CONTINUOUS;;;1996;1989;;
ITR_RIOOLPUT_INSPECTIEPUT_BETON;*;-;**;-;RI;-;ITR;_;RIOOLPUT;_;INSPECTIEPUT;_;BETON;;;;;;;-;G/S;;;;SRI-PUT_ITR;*-**-RI-ITR_RIOOLPUT_INSPECTIEPUT_BETON-G;0.18;40;42;40;40;253;CONTINUOUS;0.35;40;42;40;40;253;CONTINUOUS;0.35;40;42;40;40;253;V-CONTINUOUS-SO;0.35;40;42;40;40;253;CONTINUOUS;;;1997;1996;;
ITR_RIOOLPUT_INSPECTIEPUT_PE;*;-;**;-;RI;-;ITR;_;RIOOLPUT;_;INSPECTIEPUT;_;PE;;;;;;;-;G/S;;;;SRI-PUT_ITR;*-**-RI-ITR_RIOOLPUT_INSPECTIEPUT_PE-G;0.18;40;42;40;40;253;CONTINUOUS;0.35;40;42;40;40;253;CONTINUOUS;0.35;40;42;40;40;253;V-CONTINUOUS-SO;0.35;40;42;40;40;253;CONTINUOUS;;;1998;1996;;
ITR_RIOOLPUT_KOPPELPUT;*;-;**;-;RI;-;ITR;_;RIOOLPUT;_;KOPPELPUT;;;;;;;;;-;G/S;;;;SRI-PUT_KOPPELPUT;*-**-RI-ITR_RIOOLPUT_KOPPELPUT-G/S;0.18;40;42;40;40;253;CONTINUOUS;0.35;40;42;40;40;253;CONTINUOUS;0.35;40;42;40;40;253;V-CONTINUOUS-SO;0.35;40;42;40;40;253;CONTINUOUS;;;2014;1989;;
ITR_RIOOLPUT_KRUISINGSPUT;*;-;**;-;RI;-;ITR;_;RIOOLPUT;_;KRUISINGSPUT;;;;;;;;;-;G/S;;;;SRI-PUT_KRUISPUT;*-**-RI-ITR_RIOOLPUT_KRUISINGSPUT-G/S;0.18;40;42;40;40;253;CONTINUOUS;0.35;40;42;40;40;253;CONTINUOUS;0.35;40;42;40;40;253;V-CONTINUOUS-SO;0.35;40;42;40;40;253;CONTINUOUS;;;2015;1989;;
ITR_RIOOLPUT_KUNSTSTOF;*;-;**;-;RI;-;ITR;_;RIOOLPUT;_;KUNSTSTOF;;;;;;;;;-;G/S;;;;SRI-PUT_KUNSTSTOF;*-**-RI-ITR_RIOOLPUT_KUNSTSTOF-G/S;0.18;40;42;40;40;253;CONTINUOUS;0.35;40;42;40;40;253;CONTINUOUS;0.35;40;42;40;40;253;V-CONTINUOUS-SO;0.35;40;42;40;40;253;CONTINUOUS;;;3838;1989;;
ITR_RIOOLPUT_METSELWERK;*;-;**;-;RI;-;ITR;_;RIOOLPUT;_;METSELWERK;;;;;;;;;-;G/S;;;;SRI-PUT_METSELWERK;*-**-RI-ITR_RIOOLPUT_METSELWERK-G/S;0.18;40;42;40;40;253;CONTINUOUS;0.35;40;42;40;40;253;CONTINUOUS;0.35;40;42;40;40;253;V-CONTINUOUS-SO;0.35;40;42;40;40;253;CONTINUOUS;;;3839;1989;;
ITR_RIOOLPUT_OVERSTORTPUT;*;-;**;-;RI;-;ITR;_;RIOOLPUT;_;OVERSTORTPUT;;;;;;;;;-;G/S;;;;SRI-PUT_OVERSTORT;*-**-RI-ITR_RIOOLPUT_OVERSTORTPUT-G/S;0.18;40;42;40;40;253;CONTINUOUS;0.35;40;42;40;40;253;CONTINUOUS;0.35;40;42;40;40;253;V-CONTINUOUS-SO;0.35;40;42;40;40;253;CONTINUOUS;;;2002;1989;;
ITR_RIOOLPUT_OVERSTORTPUT_BETON;*;-;**;-;RI;-;ITR;_;RIOOLPUT;_;OVERSTORTPUT;_;BETON;;;;;;;-;G/S;;;;SRI-PUT_OVERSTORT;*-**-RI-ITR_RIOOLPUT_OVERSTORTPUT_BETON-G;0.18;40;42;40;40;253;CONTINUOUS;0.35;40;42;40;40;253;CONTINUOUS;0.35;40;42;40;40;253;V-CONTINUOUS-SO;0.35;40;42;40;40;253;CONTINUOUS;;;2003;2002;;
ITR_RIOOLPUT_OVERSTORTPUT_PE;*;-;**;-;RI;-;ITR;_;RIOOLPUT;_;OVERSTORTPUT;_;PE;;;;;;;-;G/S;;;;SRI-PUT_OVERSTORT;*-**-RI-ITR_RIOOLPUT_OVERSTORTPUT_PE-G;0.18;40;42;40;40;253;CONTINUOUS;0.35;40;42;40;40;253;CONTINUOUS;0.35;40;42;40;40;253;V-CONTINUOUS-SO;0.35;40;42;40;40;253;CONTINUOUS;;;2004;2002;;
ITR_RIOOLPUT_POMPPUT;*;-;**;-;RI;-;ITR;_;RIOOLPUT;_;POMPPUT;;;;;;;;;-;G/S;;;;SRI-PUT_POMPPUT;*-**-RI-ITR_RIOOLPUT_POMPPUT-G/S;0.18;40;42;40;40;253;CONTINUOUS;0.35;40;42;40;40;253;CONTINUOUS;0.35;40;42;40;40;253;V-CONTINUOUS-SO;0.35;40;42;40;40;253;CONTINUOUS;;;2005;1989;;
ITR_RIOOLPUT_POMPPUT_BETON;*;-;**;-;RI;-;ITR;_;RIOOLPUT;_;POMPPUT;_;BETON;;;;;;;-;G/S;;;;SRI-PUT_POMPPUT;*-**-RI-ITR_RIOOLPUT_POMPPUT_BETON-G;0.18;40;42;40;40;253;CONTINUOUS;0.35;40;42;40;40;253;CONTINUOUS;0.35;40;42;40;40;253;V-CONTINUOUS-SO;0.35;40;42;40;40;253;CONTINUOUS;;;2006;2005;;
ITR_RIOOLPUT_POMPPUT_PE;*;-;**;-;RI;-;ITR;_;RIOOLPUT;_;POMPPUT;_;PE;;;;;;;-;G/S;;;;SRI-PUT_POMPPUT;*-**-RI-ITR_RIOOLPUT_POMPPUT_PE-G;0.18;40;42;40;40;253;CONTINUOUS;0.35;40;42;40;40;253;CONTINUOUS;0.35;40;42;40;40;253;V-CONTINUOUS-SO;0.35;40;42;40;40;253;CONTINUOUS;;;2007;2005;;
ITR_RIOOLPUT_STUWPUT;*;-;**;-;RI;-;ITR;_;RIOOLPUT;_;STUWPUT;;;;;;;;;-;G/S;;;;SRI-PUT_STUWPUT;*-**-RI-ITR_RIOOLPUT_STUWPUT-G/S;0.18;40;42;40;40;253;CONTINUOUS;0.35;40;42;40;40;253;CONTINUOUS;0.35;40;42;40;40;253;V-CONTINUOUS-SO;0.35;40;42;40;40;253;CONTINUOUS;;;2008;1989;;
ITR_RIOOLPUT_STUWPUT_BETON;*;-;**;-;RI;-;ITR;_;RIOOLPUT;_;STUWPUT;_;BETON;;;;;;;-;G/S;;;;SRI-PUT_STUWPUT;*-**-RI-ITR_RIOOLPUT_STUWPUT_BETON-G;0.18;40;42;40;40;253;CONTINUOUS;0.35;40;42;40;40;253;CONTINUOUS;0.35;40;42;40;40;253;V-CONTINUOUS-SO;0.35;40;42;40;40;253;CONTINUOUS;;;2009;2008;;
ITR_RIOOLPUT_STUWPUT_PE;*;-;**;-;RI;-;ITR;_;RIOOLPUT;_;STUWPUT;_;PE;;;;;;;-;G/S;;;;SRI-PUT_STUWPUT;*-**-RI-ITR_RIOOLPUT_STUWPUT_PE-G;0.18;40;42;40;40;253;CONTINUOUS;0.35;40;42;40;40;253;CONTINUOUS;0.35;40;42;40;40;253;V-CONTINUOUS-SO;0.35;40;42;40;40;253;CONTINUOUS;;;2010;2008;;
ITR_RIOOLPUT_VALPUT;*;-;**;-;RI;-;ITR;_;RIOOLPUT;_;VALPUT;;;;;;;;;-;G/S;;;;SRI-PUT_VALPUT;*-**-RI-ITR_RIOOLPUT_VALPUT-G/S;0.18;40;42;40;40;253;CONTINUOUS;0.35;40;42;40;40;253;CONTINUOUS;0.35;40;42;40;40;253;V-CONTINUOUS-SO;0.35;40;42;40;40;253;CONTINUOUS;;;2011;1989;;
ITR_RIOOLPUT_VALPUT_BETON;*;-;**;-;RI;-;ITR;_;RIOOLPUT;_;VALPUT;_;BETON;;;;;;;-;G/S;;;;SRI-PUT_VALPUT;*-**-RI-ITR_RIOOLPUT_VALPUT_BETON-G;0.18;40;42;40;40;253;CONTINUOUS;0.35;40;42;40;40;253;CONTINUOUS;0.35;40;42;40;40;253;V-CONTINUOUS-SO;0.35;40;42;40;40;253;CONTINUOUS;;;2012;2011;;
ITR_RIOOLPUT_VALPUT_PE;*;-;**;-;RI;-;ITR;_;RIOOLPUT;_;VALPUT;_;PE;;;;;;;-;G/S;;;;SRI-PUT_VALPUT;*-**-RI-ITR_RIOOLPUT_VALPUT_PE-G;0.18;40;42;40;40;253;CONTINUOUS;0.35;40;42;40;40;253;CONTINUOUS;0.35;40;42;40;40;253;V-CONTINUOUS-SO;0.35;40;42;40;40;253;CONTINUOUS;;;2013;2011;;
ITR_RIOOLPUT_ZANDVANGPUT;*;-;**;-;RI;-;ITR;_;RIOOLPUT;_;ZANDVANGPUT;;;;;;;;;-;G/S;;;;SRI-PUT_ZANDVANGPUT;*-**-RI-ITR_RIOOLPUT_ZANDVANGPUT-G/S;0.18;40;42;40;40;253;CONTINUOUS;0.35;40;42;40;40;253;CONTINUOUS;0.35;40;42;40;40;253;V-CONTINUOUS-SO;0.35;40;42;40;40;253;CONTINUOUS;;;4059;1989;;
ITR_SCHILDMUUR;*;-;**;-;RI;-;ITR;_;SCHILDMUUR;;;;;;;;;;;-;G/S;;;;SRI-SCHILDMUUR;*-**-RI-ITR_SCHILDMUUR-G/S;0.18;40;42;40;40;253;CONTINUOUS;0.25;40;42;40;40;253;CONTINUOUS;0.25;40;42;40;40;253;CONTINUOUS;0.25;40;42;40;40;253;CONTINUOUS;;;3844;1944;;
ITR_STROMINGSRICHTING;*;-;**;-;RI;-;ITR;_;STROMINGSRICHTING;;;;;;;;;;;-;G/S;;;;SRI-STROOMRICHTING;*-**-RI-ITR_STROMINGSRICHTING-G/S;0.18;40;42;40;40;253;CONTINUOUS;0.35;40;42;40;40;253;CONTINUOUS;0.35;40;42;40;40;253;V-CONTINUOUS-SO;0.35;40;42;40;40;253;CONTINUOUS;;;2016;1944;;
ITR_TRANSPORTLEIDING;*;-;**;-;RI;-;ITR;_;TRANSPORTLEIDING;;;;;;;;;;;-;G;;;;;*-**-RI-ITR_TRANSPORTLEIDING-G;0.18;40;42;40;40;253;RI-ITR-SO;0.35;40;42;40;40;253;RI-ITR-SO;0.35;40;42;40;40;253;V-RI-ITR-SO;0.35;40;42;40;40;253;RI-ITR-SO;;;4060;1944;;
ITR_UITLAATCONSTRUCTIE;*;-;**;-;RI;-;ITR;_;UITLAATCONSTRUCTIE;;;;;;;;;;;-;G/S;;;;SRI-UITLAATCONSTRUCTIE;*-**-RI-ITR_UITLAATCONSTRUCTIE-G/S;0.18;40;42;40;40;253;CONTINUOUS;0.35;40;42;40;40;253;CONTINUOUS;0.35;40;42;40;40;253;V-CONTINUOUS-SO;0.35;40;42;40;40;253;CONTINUOUS;;;2050;1944;;
MATERIAAL;*;-;**;-;RI;-;MATERIAAL;;;;;;;;;;;;;-;G/S;;;;SRI-MATERIAAL;*-**-RI-MATERIAAL-G/S;0.18;7;7;7;7;253;CONTINUOUS;0.35;7;7;7;7;253;CONTINUOUS;0.35;7;7;7;7;253;CONTINUOUS;0.35;7;7;7;7;253;CONTINUOUS;;;3045;0;;
OVERIG;*;-;**;-;RI;-;OVERIG;;;;;;;;;;;;;-;G;;;;;*-**-RI-OVERIG-G;0.18;10;12;10;10;253;RI-OVERIG-SO;0.35;10;12;10;10;253;RI-OVERIG-SO;0.35;10;12;10;10;253;V-RI-OVERIG-SO;0.35;10;12;10;10;253;RI-OVERIG-SO;;;2052;0;;
OVERIG_BERGBEZINKLEIDING;*;-;**;-;RI;-;OVERIG;_;BERGBEZINKLEIDING;;;;;;;;;;;-;G;;;;;*-**-RI-OVERIG_BERGBEZINKLEIDING-G;0.18;10;12;10;10;253;RI-OVERIG-SO;0.35;10;12;10;10;253;RI-OVERIG-SO;0.35;10;12;10;10;253;V-RI-OVERIG-SO;0.35;10;12;10;10;253;RI-OVERIG-SO;;;4061;2052;;
OVERIG_BERGINGSLEIDING;*;-;**;-;RI;-;OVERIG;_;BERGINGSLEIDING;;;;;;;;;;;-;G;;;;;*-**-RI-OVERIG_BERGINGSLEIDING-G;0.18;10;12;10;10;253;RI-OVERIG-SO;0.35;10;12;10;10;253;RI-OVERIG-SO;0.35;10;12;10;10;253;V-RI-OVERIG-SO;0.35;10;12;10;10;253;RI-OVERIG-SO;;;4062;2052;;
OVERIG_BLUSRIOOL;*;-;**;-;RI;-;OVERIG;_;BLUSRIOOL;;;;;;;;;;;-;G;;;;;*-**-RI-OVERIG_BLUSRIOOL-G;0.18;10;12;10;10;253;RI-OVERIG-SO;0.35;10;12;10;10;253;RI-OVERIG-SO;0.35;10;12;10;10;253;V-RI-OVERIG-SO;0.35;10;12;10;10;253;RI-OVERIG-SO;;;4063;2052;;
OVERIG_DUIKER;*;-;**;-;RI;-;OVERIG;_;DUIKER;;;;;;;;;;;-;G;;;;;*-**-RI-OVERIG_DUIKER-G;0.18;10;12;10;10;253;RI-OVERIG-SO;0.35;10;12;10;10;253;RI-OVERIG-SO;0.35;10;12;10;10;253;V-RI-OVERIG-SO;0.35;10;12;10;10;253;RI-OVERIG-SO;;;4029;2052;;
OVERIG_DUIKER_KOLKAANSLUITLEIDING;*;-;**;-;RI;-;OVERIG;_;DUIKER;_;KOLKAANSLUITLEIDING;;;;;;;;;-;G;;;;;*-**-RI-OVERIG_DUIKER_KOLKAANSLUITLEIDING-G;0.18;10;12;10;10;253;RI-AANSLUITLEIDING-SO;0.35;10;12;10;10;253;RI-AANSLUITLEIDING-SO;0.35;10;12;10;10;253;V-RI-AANSLUITLEIDING-SO;0.35;10;12;10;10;253;RI-AANSLUITLEIDING-SO;;;4064;4029;;
OVERIG_DUIKER_LOZELEIDING;*;-;**;-;RI;-;OVERIG;_;DUIKER;_;LOZELEIDING;;;;;;;;;-;G;;;;;*-**-RI-OVERIG_DUIKER_LOZELEIDING-G;0.18;10;12;10;10;253;RI-LOZELEIDING-SO;0.35;10;12;10;10;253;RI-LOZELEIDING-SO;0.35;10;12;10;10;253;V-RI-LOZELEIDING-SO;0.35;10;12;10;10;253;RI-LOZELEIDING-SO;;;4065;4029;;
OVERIG_DUIKER_LOZELEIDING_VOLGESCHUIMD;*;-;**;-;RI;-;OVERIG;_;DUIKER;_;LOZELEIDING;_;VOLGESCHUIMD;;;;;;;-;G;;;;;*-**-RI-OVERIG_DUIKER_LOZELEIDING_VOLGESCHUIMD-G;0.18;10;12;10;10;253;RI-VOLSCHUIMEN-SO;0.35;10;12;10;10;253;RI-VOLSCHUIMEN-SO;0.35;10;12;10;10;253;V-RI-VOLSCHUIMEN-SO;0.35;10;12;10;10;253;RI-VOLSCHUIMEN-SO;;;4066;4065;;
OVERIG_DUIKER_LOZELEIDING_VOLGEZAND;*;-;**;-;RI;-;OVERIG;_;DUIKER;_;LOZELEIDING;_;VOLGEZAND;;;;;;;-;G;;;;;*-**-RI-OVERIG_DUIKER_LOZELEIDING_VOLGEZAND-G;0.18;10;12;10;10;253;RI-VOLZANDEN-SO;0.35;10;12;10;10;253;RI-VOLZANDEN-SO;0.35;10;12;10;10;253;V-RI-VOLZANDEN-SO;0.35;10;12;10;10;253;RI-VOLZANDEN-SO;;;4067;4065;;
OVERIG_DUIKER_MANTELBUIS;*;-;**;-;RI;-;OVERIG;_;DUIKER;_;MANTELBUIS;;;;;;;;;-;G;;;;;*-**-RI-OVERIG_DUIKER_MANTELBUIS-G;0.18;10;12;10;10;253;CONTINUOUS;0.35;10;12;10;10;253;CONTINUOUS;0.35;10;12;10;10;253;V-CONTINUOUS-SO;0.35;10;12;10;10;253;CONTINUOUS;;;4068;4029;;
OVERIG_DUIKER_PERCEELAANSLUITLEIDING;*;-;**;-;RI;-;OVERIG;_;DUIKER;_;PERCEELAANSLUITLEIDING;;;;;;;;;-;G;;;;;*-**-RI-OVERIG_DUIKER_PERCEELAANSLUITLEIDING-G;0.18;10;12;10;10;253;RI-AANSLUITLEIDING-SO;0.35;10;12;10;10;253;RI-AANSLUITLEIDING-SO;0.35;10;12;10;10;253;V-RI-AANSLUITLEIDING-SO;0.35;10;12;10;10;253;RI-AANSLUITLEIDING-SO;;;4069;4029;;
OVERIG_DUIKER_STUWLEIDING;*;-;**;-;RI;-;OVERIG;_;DUIKER;_;STUWLEIDING;;;;;;;;;-;G;;;;;*-**-RI-OVERIG_DUIKER_STUWLEIDING-G;0.18;10;12;10;10;253;RI-OVERIG-SO;0.35;10;12;10;10;253;RI-OVERIG-SO;0.35;10;12;10;10;253;V-RI-OVERIG-SO;0.35;10;12;10;10;253;RI-OVERIG-SO;;;4070;4029;;
OVERIG_GEBOORDELEIDING;*;-;**;-;RI;-;OVERIG;_;GEBOORDELEIDING;;;;;;;;;;;-;G;;;;;*-**-RI-OVERIG_GEBOORDELEIDING-G;0.18;10;12;10;10;253;RI-OVERIG-SO;0.35;10;12;10;10;253;RI-OVERIG-SO;0.35;10;12;10;10;253;V-RI-OVERIG-SO;0.35;10;12;10;10;253;RI-OVERIG-SO;;;4071;2052;;
OVERIG_LOZELEIDING;*;-;**;-;RI;-;OVERIG;_;LOZELEIDING;;;;;;;;;;;-;G;;;;;*-**-RI-OVERIG_LOZELEIDING-G;0.18;10;12;10;10;253;RI-LOZELEIDING-SO;0.35;10;12;10;10;253;RI-LOZELEIDING-SO;0.35;10;12;10;10;253;V-RI-LOZELEIDING-SO;0.35;10;12;10;10;253;RI-LOZELEIDING-SO;;;2341;2052;;
OVERIG_LOZELEIDING_UITLEGGER;*;-;**;-;RI;-;OVERIG;_;LOZELEIDING;_;UITLEGGER;;;;;;;;;-;G;;;;;*-**-RI-OVERIG_LOZELEIDING_UITLEGGER-G;0.18;10;12;10;10;253;RI-UITLEGGER-SO;0.35;10;12;10;10;253;RI-UITLEGGER-SO;0.35;10;12;10;10;253;V-RI-UITLEGGER-SO;0.35;10;12;10;10;253;RI-UITLEGGER-SO;;;4025;2341;;
OVERIG_LOZELEIDING_VOLGESCHUIMD;*;-;**;-;RI;-;OVERIG;_;LOZELEIDING;_;VOLGESCHUIMD;;;;;;;;;-;G;;;;;*-**-RI-OVERIG_LOZELEIDING_VOLGESCHUIMD-G;0.18;10;12;10;10;253;RI-VOLSCHUIMEN-SO;0.35;10;12;10;10;253;RI-VOLSCHUIMEN-SO;0.35;10;12;10;10;253;V-RI-VOLSCHUIMEN-SO;0.35;10;12;10;10;253;RI-VOLSCHUIMEN-SO;;;4026;2341;;
OVERIG_LOZELEIDING_VOLGEZAND;*;-;**;-;RI;-;OVERIG;_;LOZELEIDING;_;VOLGEZAND;;;;;;;;;-;G;;;;;*-**-RI-OVERIG_LOZELEIDING_VOLGEZAND-G;0.18;10;12;10;10;253;RI-VOLZANDEN-SO;0.35;10;12;10;10;253;RI-VOLZANDEN-SO;0.35;10;12;10;10;253;V-RI-VOLZANDEN-SO;0.35;10;12;10;10;253;RI-VOLZANDEN-SO;;;4027;2341;;
OVERIG_LOZEPUT;*;-;**;-;RI;-;OVERIG;_;LOZEPUT;;;;;;;;;;;-;G/S;;;;SRI-PUT_INSPECTIE;*-**-RI-OVERIG_LOZEPUT-G/S;0.18;10;12;10;10;253;CONTINUOUS;0.35;10;12;10;10;253;CONTINUOUS;0.35;10;12;10;10;253;V-CONTINUOUS-SO;0.35;10;12;10;10;253;CONTINUOUS;;;4072;2052;;
OVERIG_MANTELBUIS;*;-;**;-;RI;-;OVERIG;_;MANTELBUIS;;;;;;;;;;;-;G;;;;;*-**-RI-OVERIG_MANTELBUIS-G;0.18;10;12;10;10;253;CONTINUOUS;0.35;10;12;10;10;253;CONTINUOUS;0.35;10;12;10;10;253;V-CONTINUOUS-SO;0.35;10;12;10;10;253;CONTINUOUS;;;2051;2052;;
OVERIG_ONTLUCHTINGSLEIDING;*;-;**;-;RI;-;OVERIG;_;ONTLUCHTINGSLEIDING;;;;;;;;;;;-;G;;;;;*-**-RI-OVERIG_ONTLUCHTINGSLEIDING-G;0.18;10;12;10;10;253;RI-OVERIG-SO;0.35;10;12;10;10;253;RI-OVERIG-SO;0.35;10;12;10;10;253;V-RI-OVERIG-SO;0.35;10;12;10;10;253;RI-OVERIG-SO;;;4073;2052;;
OVERIG_OVERSTORTLEIDING;*;-;**;-;RI;-;OVERIG;_;OVERSTORTLEIDING;;;;;;;;;;;-;G;;;;;*-**-RI-OVERIG_OVERSTORTLEIDING-G;0.18;10;12;10;10;253;RI-OVERIG-SO;0.35;10;12;10;10;253;RI-OVERIG-SO;0.35;10;12;10;10;253;V-RI-OVERIG-SO;0.35;10;12;10;10;253;RI-OVERIG-SO;;;4028;2052;;
OVERIG_PERCEELAANSLUITLEIDING;*;-;**;-;RI;-;OVERIG;_;PERCEELAANSLUITLEIDING;;;;;;;;;;;-;G;;;;;*-**-RI-OVERIG_PERCEELAANSLUITLEIDING-G;0.18;10;12;10;10;253;RI-AANSLUITLEIDING-SO;0.35;10;12;10;10;253;RI-AANSLUITLEIDING-SO;0.35;10;12;10;10;253;V-RI-AANSLUITLEIDING-SO;0.35;10;12;10;10;253;RI-AANSLUITLEIDING-SO;;;2053;2052;;
OVERIG_PUTDEKSELNIVEAU;*;-;**;-;RI;-;OVERIG;_;PUTDEKSELNIVEAU;;;;;;;;;;;-;G/S;;;;SRI-PUTDEKSELHOOGTE;*-**-RI-OVERIG_PUTDEKSELNIVEAU-G/S;0.18;10;12;10;10;253;CONTINUOUS;0.35;10;12;10;10;253;CONTINUOUS;0.35;10;12;10;10;253;V-CONTINUOUS-SO;0.35;10;12;10;10;253;CONTINUOUS;;;2079;2052;;
OVERIG_PUTNUMMER;*;-;**;-;RI;-;OVERIG;_;PUTNUMMER;;;;;;;;;;;-;G/S;;;;SRI-PUTNUMMER;*-**-RI-OVERIG_PUTNUMMER-G/S;0.18;10;12;10;10;253;CONTINUOUS;0.35;10;12;10;10;253;CONTINUOUS;0.35;10;12;10;10;253;V-CONTINUOUS-SO;0.35;10;12;10;10;253;CONTINUOUS;;;2080;2052;;
OVERIG_RELINEN;*;-;**;-;RI;-;OVERIG;_;RELINEN;;;;;;;;;;;-;G;;;;;*-**-RI-OVERIG_RELINEN-G;0.18;130;132;130;130;253;RI-LINING-SO;0.35;130;132;130;130;253;RI-LINING-SO;0.35;130;132;130;130;253;V-RI-LINING-SO;0.35;130;132;130;130;253;RI-LINING-SO;;;2081;2052;;
OVERIG_RIOOLLEIDING;*;-;**;-;RI;-;OVERIG;_;RIOOLLEIDING;;;;;;;;;;;-;G;;;;;*-**-RI-OVERIG_RIOOLLEIDING-G;0.18;10;12;10;10;253;RI-TRANSPORTLEIDING-SO;0.35;10;12;10;10;253;RI-TRANSPORTLEIDING-SO;0.35;10;12;10;10;253;V-RI-TRANSPORTLEIDING-SO;0.35;10;12;10;10;253;RI-TRANSPORTLEIDING-SO;;;3923;2052;;
OVERIG_RIOOLLEIDING-LINING;*;-;**;-;RI;-;OVERIG;_;RIOOLLEIDING;;;;;;;;;-;LINING;-;G;;;;;*-**-RI-OVERIG_RIOOLLEIDING-LINING-G;0.18;10;12;10;10;253;RI-LINING-SO;0.35;10;12;10;10;253;RI-LINING-SO;0.35;10;12;10;10;253;V-RI-LINING-SO;0.35;10;12;10;10;253;RI-LINING-SO;;;3925;3923;;
OVERIG_RIOOLLEIDING-VOLSCHUIMEN;*;-;**;-;RI;-;OVERIG;_;RIOOLLEIDING;;;;;;;;;-;VOLSCHUIMEN;-;G;;;;;*-**-RI-OVERIG_RIOOLLEIDING-VOLSCHUIMEN-G;0.18;10;12;10;10;253;RI-VOLSCHUIMEN-SO;0.35;10;12;10;10;253;RI-VOLSCHUIMEN-SO;0.35;10;12;10;10;253;V-RI-VOLSCHUIMEN-SO;0.35;10;12;10;10;253;RI-VOLSCHUIMEN-SO;;;2219;3923;;
OVERIG_RIOOLLEIDING-VOLZANDEN;*;-;**;-;RI;-;OVERIG;_;RIOOLLEIDING;;;;;;;;;-;VOLZANDEN;-;G;;;;;*-**-RI-OVERIG_RIOOLLEIDING-VOLZANDEN-G;0.18;10;12;10;10;253;RI-VOLZANDEN-SO;0.35;10;12;10;10;253;RI-VOLZANDEN-SO;0.35;10;12;10;10;253;V-RI-VOLZANDEN-SO;0.35;10;12;10;10;253;RI-VOLZANDEN-SO;;;3926;3923;;
OVERIG_RIOOLLEIDING_BETON;*;-;**;-;RI;-;OVERIG;_;RIOOLLEIDING;_;BETON;;;;;;;;;-;G;;;;;*-**-RI-OVERIG_RIOOLLEIDING_BETON-G;0.18;10;12;10;10;253;RI-TRANSPORTLEIDING-SO;0.35;10;12;10;10;253;RI-TRANSPORTLEIDING-SO;0.35;10;12;10;10;253;V-RI-TRANSPORTLEIDING-SO;0.35;10;12;10;10;253;RI-TRANSPORTLEIDING-SO;;;3927;3923;;
OVERIG_RIOOLLEIDING_GRES;*;-;**;-;RI;-;OVERIG;_;RIOOLLEIDING;_;GRES;;;;;;;;;-;G;;;;;*-**-RI-OVERIG_RIOOLLEIDING_GRES-G;0.18;10;12;10;10;253;RI-TRANSPORTLEIDING-SO;0.35;10;12;10;10;253;RI-TRANSPORTLEIDING-SO;0.35;10;12;10;10;253;V-RI-TRANSPORTLEIDING-SO;0.35;10;12;10;10;253;RI-TRANSPORTLEIDING-SO;;;3928;3923;;
OVERIG_RIOOLLEIDING_PE;*;-;**;-;RI;-;OVERIG;_;RIOOLLEIDING;_;PE;;;;;;;;;-;G;;;;;*-**-RI-OVERIG_RIOOLLEIDING_PE-G;0.18;10;12;10;10;253;RI-TRANSPORTLEIDING-SO;0.35;10;12;10;10;253;RI-TRANSPORTLEIDING-SO;0.35;10;12;10;10;253;V-RI-TRANSPORTLEIDING-SO;0.35;10;12;10;10;253;RI-TRANSPORTLEIDING-SO;;;3929;3923;;
OVERIG_RIOOLLEIDING_PVC;*;-;**;-;RI;-;OVERIG;_;RIOOLLEIDING;_;PVC;;;;;;;;;-;G;;;;;*-**-RI-OVERIG_RIOOLLEIDING_PVC-G;0.18;10;12;10;10;253;RI-TRANSPORTLEIDING-SO;0.35;10;12;10;10;253;RI-TRANSPORTLEIDING-SO;0.35;10;12;10;10;253;V-RI-TRANSPORTLEIDING-SO;0.35;10;12;10;10;253;RI-TRANSPORTLEIDING-SO;;;3930;3923;;
OVERIG_RIOOLPUT;*;-;**;-;RI;-;OVERIG;_;RIOOLPUT;;;;;;;;;;;-;G/S;;;;SRI-PUT;*-**-RI-OVERIG_RIOOLPUT-G;0.18;10;12;10;10;253;CONTINUOUS;0.35;10;12;10;10;253;CONTINUOUS;0.35;10;12;10;10;253;CONTINUOUS;0.35;10;12;10;10;253;CONTINUOUS;;;3064;2052;;
OVERIG_RIOOLPUT-LINING;*;-;**;-;RI;-;OVERIG;_;RIOOLPUT;;;;;;;;;-;LINING;-;G/S;;;;SRI-PUT;*-**-RI-OVERIG_RIOOLPUT-LINING-G/S;0.18;10;12;10;10;253;RI-LINING-SO;0.35;10;12;10;10;253;RI-LINING-SO;0.35;10;12;10;10;253;V-RI-LINING-SO;0.35;10;12;10;10;253;RI-LINING-SO;;;3864;3064;;
OVERIG_RIOOLPUT-OPHOOGTEBRENGEN;*;-;**;-;RI;-;OVERIG;_;RIOOLPUT;;;;;;;;;-;OPHOOGTEBRENGEN;-;G/S;;;;SRI-PUT_OPHOOGTEBRENGEN;*-**-RI-OVERIG_RIOOLPUT-OPHOOGTEBRENGEN-G/S;0.18;10;12;10;10;253;RI-OPHOOGTEBRENGEN-SO;0.35;10;12;10;10;253;RI-OPHOOGTEBRENGEN-SO;0.35;10;12;10;10;253;V-RI-OPHOOGTEBRENGEN-SO;0.35;10;12;10;10;253;RI-OPHOOGTEBRENGEN-SO;;;3483;3064;;
OVERIG_RIOOLPUT-VOLSCHUIMEN;*;-;**;-;RI;-;OVERIG;_;RIOOLPUT;;;;;;;;;-;VOLSCHUIMEN;-;G/S;;;;SRI-PUT_INSPECTIE;*-**-RI-OVERIG_RIOOLPUT-VOLSCHUIMEN-G/S;0.18;10;12;10;10;253;CONTINUOUS;0.35;10;12;10;10;253;CONTINUOUS;0.35;10;12;10;10;253;CONTINUOUS;0.35;10;12;10;10;253;CONTINUOUS;;;3865;3064;;
OVERIG_RIOOLPUT-VOLZANDEN;*;-;**;-;RI;-;OVERIG;_;RIOOLPUT;;;;;;;;;-;VOLZANDEN;-;G/S;;;;SRI-PUT_INSPECTIE;*-**-RI-OVERIG_RIOOLPUT-VOLZANDEN-G/S;0.18;10;12;10;10;253;CONTINUOUS;0.35;10;12;10;10;253;CONTINUOUS;0.35;10;12;10;10;253;CONTINUOUS;0.35;10;12;10;10;253;CONTINUOUS;;;3866;3064;;
OVERIG_RIOOLPUT_BETON;*;-;**;-;RI;-;OVERIG;_;RIOOLPUT;_;BETON;;;;;;;;;-;G/S;;;;SRI-PUT_BETON;*-**-RI-OVERIG_RIOOLPUT_BETON-G/S;0.18;10;12;10;10;253;CONTINUOUS;0.35;10;12;10;10;253;CONTINUOUS;0.35;10;12;10;10;253;CONTINUOUS;0.35;10;12;10;10;253;CONTINUOUS;;;3065;3064;;
OVERIG_RIOOLPUT_INSPECTIE;*;-;**;-;RI;-;OVERIG;_;RIOOLPUT;_;INSPECTIE;;;;;;;;;-;G/S;;;;SRI-PUT_INSPECTIE;*-**-RI-OVERIG_RIOOLPUT_INSPECTIE-G/S;0.18;10;12;10;10;253;CONTINUOUS;0.35;10;12;10;10;253;CONTINUOUS;0.35;10;12;10;10;253;CONTINUOUS;0.35;10;12;10;10;253;CONTINUOUS;;;3482;3064;;
OVERIG_RIOOLPUT_KUNSTSTOF;*;-;**;-;RI;-;OVERIG;_;RIOOLPUT;_;KUNSTSTOF;;;;;;;;;-;G/S;;;;SRI-PUT_KUNSTSTOF;*-**-RI-OVERIG_RIOOLPUT_KUNSTSTOF-G/S;0.18;10;12;10;10;253;CONTINUOUS;0.35;10;12;10;10;253;CONTINUOUS;0.35;10;12;10;10;253;CONTINUOUS;0.35;10;12;10;10;253;CONTINUOUS;;;3066;3064;;
OVERIG_RIOOLPUT_METSELWERK;*;-;**;-;RI;-;OVERIG;_;RIOOLPUT;_;METSELWERK;;;;;;;;;-;G/S;;;;SRI-PUT_METSELWERK;*-**-RI-OVERIG_RIOOLPUT_METSELWERK-G/S;0.18;10;12;10;10;253;CONTINUOUS;0.35;10;12;10;10;253;CONTINUOUS;0.35;10;12;10;10;253;CONTINUOUS;0.35;10;12;10;10;253;CONTINUOUS;;;3067;3064;;
OVERIG_STROMINGSRICHTING;*;-;**;-;RI;-;OVERIG;_;STROMINGSRICHTING;;;;;;;;;;;-;G/S;;;;SRI-STROOMRICHTING;*-**-RI-OVERIG_STROMINGSRICHTING-G/S;0.18;10;12;10;10;253;CONTINUOUS;0.35;10;12;10;10;253;CONTINUOUS;0.35;10;12;10;10;253;V-CONTINUOUS-SO;0.35;10;12;10;10;253;CONTINUOUS;;;2082;2052;;
OVERIG_TERREINKAST;*;-;**;-;RI;-;OVERIG;_;TERREINKAST;;;;;;;;;;;-;G/S;;;;SRI-TERREINKAST;*-**-RI-OVERIG_TERREINKAST-G/S;0.18;10;12;10;10;253;CONTINUOUS;0.35;10;12;10;10;253;CONTINUOUS;0.35;10;12;10;10;253;CONTINUOUS;0.35;10;12;10;10;253;CONTINUOUS;;;3049;2052;;
OVERIG_TRANSPORTLEIDING;*;-;**;-;RI;-;OVERIG;_;TRANSPORTLEIDING;;;;;;;;;;;-;G;;;;;*-**-RI-OVERIG_TRANSPORTLEIDING-G;0.18;10;12;10;10;253;RI-TRANSPORTLEIDING-SO;0.35;10;12;10;10;253;RI-TRANSPORTLEIDING-SO;0.35;10;12;10;10;253;V-RI-TRANSPORTLEIDING-SO;0.35;10;12;10;10;253;RI-TRANSPORTLEIDING-SO;;;2193;2052;;
OVERIG_TRANSPORTLEIDING-LINING;*;-;**;-;RI;-;OVERIG;_;TRANSPORTLEIDING;;;;;;;;;-;LINING;-;G;;;;;*-**-RI-OVERIG_TRANSPORTLEIDING-LINING-G;0.18;10;12;10;10;253;RI-LINING-SO;0.35;10;12;10;10;253;RI-LINING-SO;0.35;10;12;10;10;253;V-RI-LINING-SO;0.35;10;12;10;10;253;RI-LINING-SO;;;3896;2193;;
OVERIG_TRANSPORTLEIDING-VOLSCHUIMEN;*;-;**;-;RI;-;OVERIG;_;TRANSPORTLEIDING;;;;;;;;;-;VOLSCHUIMEN;-;G;;;;;*-**-RI-OVERIG_TRANSPORTLEIDING-VOLSCHUIMEN-G;0.18;10;12;10;10;253;RI-VOLSCHUIMEN-SO;0.35;10;12;10;10;253;RI-VOLSCHUIMEN-SO;0.35;10;12;10;10;253;V-RI-VOLSCHUIMEN-SO;0.35;10;12;10;10;253;RI-VOLSCHUIMEN-SO;;;3897;2193;;
OVERIG_TRANSPORTLEIDING-VOLZANDEN;*;-;**;-;RI;-;OVERIG;_;TRANSPORTLEIDING;;;;;;;;;-;VOLZANDEN;-;G;;;;;*-**-RI-OVERIG_TRANSPORTLEIDING-VOLZANDEN-G;0.18;10;12;10;10;253;RI-VOLZANDEN-SO;0.35;10;12;10;10;253;RI-VOLZANDEN-SO;0.35;10;12;10;10;253;V-RI-VOLZANDEN-SO;0.35;10;12;10;10;253;RI-VOLZANDEN-SO;;;3898;2193;;
OVERIG_TRANSPORTLEIDING_BETON;*;-;**;-;RI;-;OVERIG;_;TRANSPORTLEIDING;_;BETON;;;;;;;;;-;G;;;;;*-**-RI-OVERIG_TRANSPORTLEIDING_BETON-G;0.18;10;12;10;10;253;RI-TRANSPORTLEIDING-SO;0.35;10;12;10;10;253;RI-TRANSPORTLEIDING-SO;0.35;10;12;10;10;253;V-RI-TRANSPORTLEIDING-SO;0.35;10;12;10;10;253;RI-TRANSPORTLEIDING-SO;;;3899;2193;;
OVERIG_TRANSPORTLEIDING_GRES;*;-;**;-;RI;-;OVERIG;_;TRANSPORTLEIDING;_;GRES;;;;;;;;;-;G;;;;;*-**-RI-OVERIG_TRANSPORTLEIDING_GRES-G;0.18;10;12;10;10;253;RI-TRANSPORTLEIDING-SO;0.35;10;12;10;10;253;RI-TRANSPORTLEIDING-SO;0.35;10;12;10;10;253;V-RI-TRANSPORTLEIDING-SO;0.35;10;12;10;10;253;RI-TRANSPORTLEIDING-SO;;;3900;2193;;
OVERIG_TRANSPORTLEIDING_PE;*;-;**;-;RI;-;OVERIG;_;TRANSPORTLEIDING;_;PE;;;;;;;;;-;G;;;;;*-**-RI-OVERIG_TRANSPORTLEIDING_PE-G;0.18;10;12;10;10;253;RI-TRANSPORTLEIDING-SO;0.35;10;12;10;10;253;RI-TRANSPORTLEIDING-SO;0.35;10;12;10;10;253;V-RI-TRANSPORTLEIDING-SO;0.35;10;12;10;10;253;RI-TRANSPORTLEIDING-SO;;;3901;2193;;
OVERIG_TRANSPORTLEIDING_PVC;*;-;**;-;RI;-;OVERIG;_;TRANSPORTLEIDING;_;PVC;;;;;;;;;-;G;;;;;*-**-RI-OVERIG_TRANSPORTLEIDING_PVC-G;0.18;10;12;10;10;253;RI-TRANSPORTLEIDING-SO;0.35;10;12;10;10;253;RI-TRANSPORTLEIDING-SO;0.35;10;12;10;10;253;V-RI-TRANSPORTLEIDING-SO;0.35;10;12;10;10;253;RI-TRANSPORTLEIDING-SO;;;3902;2193;;
OVERIG_UITLAATCONSTRUCTIE;*;-;**;-;RI;-;OVERIG;_;UITLAATCONSTRUCTIE;;;;;;;;;;;-;G/S;;;;SRI-UITLAATCONSTRUCTIE;*-**-RI-OVERIG_UITLAATCONSTRUCTIE-G/S;0.18;10;12;10;10;253;CONTINUOUS;0.35;10;12;10;10;253;CONTINUOUS;0.35;10;12;10;10;253;V-CONTINUOUS-SO;0.35;10;12;10;10;253;CONTINUOUS;;;4074;2052;;
OVERIG_WEESLEIDING;*;-;**;-;RI;-;OVERIG;_;WEESLEIDING;;;;;;;;;;;-;G;;;;;*-**-RI-OVERIG_WEESLEIDING-G;0.18;10;12;10;10;253;RI-OVERIG-SO;0.35;10;12;10;10;253;RI-OVERIG-SO;0.35;10;12;10;10;253;V-RI-OVERIG-SO;0.35;10;12;10;10;253;RI-OVERIG-SO;;;4075;2052;;
OVERIG_ZINKER;*;-;**;-;RI;-;OVERIG;_;ZINKER;;;;;;;;;;;-;G;;;;;*-**-RI-OVERIG_ZINKER-G;0.18;10;12;10;10;253;RI-OVERIG-SO;0.35;10;12;10;10;253;RI-OVERIG-SO;0.35;10;12;10;10;253;V-RI-OVERIG-SO;0.35;10;12;10;10;253;RI-OVERIG-SO;;;4076;2052;;
PERSLEIDING;*;-;**;-;RI;-;PERSLEIDING;;;;;;;;;;;;;-;G;;;;;*-**-RI-PERSLEIDING-G;0.18;210;212;210;210;253;RI-PERS-SO;0.35;210;212;210;210;253;RI-PERS-SO;0.35;210;212;210;210;253;V-RI-PERS-SO;0.35;210;212;210;210;253;RI-PERS-SO;;;2054;0;;
PERSLEIDING_110;*;-;**;-;RI;-;PERSLEIDING;_;110;;;;;;;;;;;-;G;;;;;*-**-RI-PERSLEIDING_110-G;0.18;210;212;210;210;253;RI-PERS-SO;0.35;210;212;210;210;253;RI-PERS-SO;0.35;210;212;210;210;253;V-RI-PERS-SO;0.35;210;212;210;210;253;RI-PERS-SO;;;2990;2054;;
PERSLEIDING_160;*;-;**;-;RI;-;PERSLEIDING;_;160;;;;;;;;;;;-;G;;;;;*-**-RI-PERSLEIDING_160-G;0.18;210;212;210;210;253;RI-PERS-SO;0.35;210;212;210;210;253;RI-PERS-SO;0.35;210;212;210;210;253;V-RI-PERS-SO;0.35;210;212;210;210;253;RI-PERS-SO;;;2055;2054;;
PERSLEIDING_250;*;-;**;-;RI;-;PERSLEIDING;_;250;;;;;;;;;;;-;G;;;;;*-**-RI-PERSLEIDING_250-G;0.18;210;212;210;210;253;RI-PERS-SO;0.35;210;212;210;210;253;RI-PERS-SO;0.35;210;212;210;210;253;V-RI-PERS-SO;0.35;210;212;210;210;253;RI-PERS-SO;;;2056;2054;;
PERSLEIDING_315;*;-;**;-;RI;-;PERSLEIDING;_;315;;;;;;;;;;;-;G;;;;;*-**-RI-PERSLEIDING_315-G;0.18;210;212;210;210;253;RI-PERS-SO;0.35;210;212;210;210;253;RI-PERS-SO;0.35;210;212;210;210;253;V-RI-PERS-SO;0.35;210;212;210;210;253;RI-PERS-SO;;;2057;2054;;
PERSLEIDING_355;*;-;**;-;RI;-;PERSLEIDING;_;355;;;;;;;;;;;-;G;;;;;*-**-RI-PERSLEIDING_355-G;0.18;210;212;210;210;253;RI-PERS-SO;0.35;210;212;210;210;253;RI-PERS-SO;0.35;210;212;210;210;253;V-RI-PERS-SO;0.35;210;212;210;210;253;RI-PERS-SO;;;2058;2054;;
PERSLEIDING_400;*;-;**;-;RI;-;PERSLEIDING;_;400;;;;;;;;;;;-;G;;;;;*-**-RI-PERSLEIDING_400-G;0.18;210;212;210;210;253;RI-PERS-SO;0.35;210;212;210;210;253;RI-PERS-SO;0.35;210;212;210;210;253;V-RI-PERS-SO;0.35;210;212;210;210;253;RI-PERS-SO;;;2059;2054;;
PERSLEIDING_450;*;-;**;-;RI;-;PERSLEIDING;_;450;;;;;;;;;;;-;G;;;;;*-**-RI-PERSLEIDING_450-G;0.18;210;212;210;210;253;RI-PERS-SO;0.35;210;212;210;210;253;RI-PERS-SO;0.35;210;212;210;210;253;V-RI-PERS-SO;0.35;210;212;210;210;253;RI-PERS-SO;;;2060;2054;;
PERSLEIDING_500;*;-;**;-;RI;-;PERSLEIDING;_;500;;;;;;;;;;;-;G;;;;;*-**-RI-PERSLEIDING_500-G;0.18;210;212;210;210;253;RI-PERS-SO;0.35;210;212;210;210;253;RI-PERS-SO;0.35;210;212;210;210;253;V-RI-PERS-SO;0.35;210;212;210;210;253;RI-PERS-SO;;;2061;2054;;
PERSLEIDING_560;*;-;**;-;RI;-;PERSLEIDING;_;560;;;;;;;;;;;-;G;;;;;*-**-RI-PERSLEIDING_560-G;0.18;210;212;210;210;253;RI-PERS-SO;0.35;210;212;210;210;253;RI-PERS-SO;0.35;210;212;210;210;253;V-RI-PERS-SO;0.35;210;212;210;210;253;RI-PERS-SO;;;2062;2054;;
PERSLEIDING_63;*;-;**;-;RI;-;PERSLEIDING;_;63;;;;;;;;;;;-;G;;;;;*-**-RI-PERSLEIDING_63-G;0.18;210;212;210;210;253;RI-PERS-SO;0.35;210;212;210;210;253;RI-PERS-SO;0.35;210;212;210;210;253;V-RI-PERS-SO;0.35;210;212;210;210;253;RI-PERS-SO;;;2988;2054;;
PERSLEIDING_630;*;-;**;-;RI;-;PERSLEIDING;_;630;;;;;;;;;;;-;G;;;;;*-**-RI-PERSLEIDING_630-G;0.18;210;212;210;210;253;RI-PERS-SO;0.35;210;212;210;210;253;RI-PERS-SO;0.35;210;212;210;210;253;V-RI-PERS-SO;0.35;210;212;210;210;253;RI-PERS-SO;;;2063;2054;;
PERSLEIDING_90;*;-;**;-;RI;-;PERSLEIDING;_;90;;;;;;;;;;;-;G;;;;;*-**-RI-PERSLEIDING_90-G;0.18;210;212;210;210;253;RI-PERS-SO;0.35;210;212;210;210;253;RI-PERS-SO;0.35;210;212;210;210;253;V-RI-PERS-SO;0.35;210;212;210;210;253;RI-PERS-SO;;;2989;2054;;
PERSLEIDING_BOB;*;-;**;-;RI;-;PERSLEIDING;_;BOB;;;;;;;;;;;-;G/S;;;;SRI-BOB;*-**-RI-PERSLEIDING_BOB-G/S;0.18;210;212;210;210;253;CONTINUOUS;0.35;210;212;210;210;253;RI-PERS-SO;0.35;210;212;210;210;253;V-RI-PERS-SO;0.35;210;212;210;210;253;RI-PERS-SO;;;2064;2054;;
PERSLEIDING_DEMARCATIE;*;-;**;-;RI;-;PERSLEIDING;_;DEMARCATIE;;;;;;;;;;;-;G/S;;;;SRI-DEMARCATIE;*-**-RI-PERSLEIDING_DEMARCATIE-G/S;0.18;210;212;210;210;253;RI-PERS-SO;0.35;210;212;210;210;253;RI-PERS-SO;0.35;210;212;210;210;253;V-RI-PERS-SO;0.35;210;212;210;210;253;RI-PERS-SO;;;2065;2054;;
PERSLEIDING_GEMAAL;*;-;**;-;RI;-;PERSLEIDING;_;GEMAAL;;;;;;;;;;;-;G/S;;;;SRI-GEMAAL;*-**-RI-PERSLEIDING_GEMAAL-G/S;0.18;210;212;210;210;253;CONTINUOUS;0.35;210;212;210;210;253;CONTINUOUS;0.35;210;212;210;210;253;V-CONTINUOUS-SO;0.35;210;212;210;210;253;CONTINUOUS;;;2066;2054;;
PERSLEIDING_GEMAAL_BESTURINGSKAST;*;-;**;-;RI;-;PERSLEIDING;_;GEMAAL;_;BESTURINGSKAST;;;;;;;;;-;G;;;;;*-**-RI-PERSLEIDING_GEMAAL_BESTURINGSKAST-G;0.18;210;212;210;210;253;CONTINUOUS;0.35;210;212;210;210;253;CONTINUOUS;0.35;210;212;210;210;253;V-CONTINUOUS-SO;0.35;210;212;210;210;253;CONTINUOUS;;;2067;2066;;
PERSLEIDING_HULPSTUK;*;-;**;-;RI;-;PERSLEIDING;_;HULPSTUK;;;;;;;;;;;-;G/S;;;;SRI-HULP;*-**-RI-PERSLEIDING_HULPSTUK-G/S;0.18;210;212;210;210;253;CONTINUOUS;0.35;210;212;210;210;253;CONTINUOUS;0.35;210;212;210;210;253;V-CONTINUOUS-SO;0.35;210;212;210;210;253;CONTINUOUS;;;2068;2054;;
PERSLEIDING_HULPSTUK_AFSLUITER;*;-;**;-;RI;-;PERSLEIDING;_;HULPSTUK;_;AFSLUITER;;;;;;;;;-;G/S;;;;SRI-HULP_AFSLUITER;*-**-RI-PERSLEIDING_HULPSTUK_AFSLUITER-G/S;0.18;210;212;210;210;253;CONTINUOUS;0.35;210;212;210;210;253;CONTINUOUS;0.35;210;212;210;210;253;V-CONTINUOUS-SO;0.35;210;212;210;210;253;CONTINUOUS;;;3848;2068;;
PERSLEIDING_HULPSTUK_BELUCHTING;*;-;**;-;RI;-;PERSLEIDING;_;HULPSTUK;_;BELUCHTING;;;;;;;;;-;G/S;;;;SRI-HULP_BELUCHTING;*-**-RI-PERSLEIDING_HULPSTUK_BELUCHTING-G/S;0.18;210;212;210;210;253;CONTINUOUS;0.35;210;212;210;210;253;CONTINUOUS;0.35;210;212;210;210;253;V-CONTINUOUS-SO;0.35;210;212;210;210;253;CONTINUOUS;;;3849;2068;;
PERSLEIDING_HULPSTUK_EINDKAP;*;-;**;-;RI;-;PERSLEIDING;_;HULPSTUK;_;EINDKAP;;;;;;;;;-;G/S;;;;SRI-HULP_EINDKAP;*-**-RI-PERSLEIDING_HULPSTUK_EINDKAP-G/S;0.18;210;212;210;210;253;CONTINUOUS;0.35;210;212;210;210;253;CONTINUOUS;0.35;210;212;210;210;253;V-CONTINUOUS-SO;0.35;210;212;210;210;253;CONTINUOUS;;;3850;2068;;
PERSLEIDING_HULPSTUK_INLAAT;*;-;**;-;RI;-;PERSLEIDING;_;HULPSTUK;_;INLAAT;;;;;;;;;-;G;;;;;*-**-RI-PERSLEIDING_HULPSTUK_INLAAT-G;0.18;210;212;210;210;253;CONTINUOUS;0.35;210;212;210;210;253;CONTINUOUS;0.35;210;212;210;210;253;V-CONTINUOUS-SO;0.35;210;212;210;210;253;CONTINUOUS;;;2069;2068;;
PERSLEIDING_HULPSTUK_KEERKLEP;*;-;**;-;RI;-;PERSLEIDING;_;HULPSTUK;_;KEERKLEP;;;;;;;;;-;G/S;;;;SRI-HULP_KEERKLEP;*-**-RI-PERSLEIDING_HULPSTUK_KEERKLEP-G/S;0.18;210;212;210;210;253;CONTINUOUS;0.35;210;212;210;210;253;CONTINUOUS;0.35;210;212;210;210;253;V-CONTINUOUS-SO;0.35;210;212;210;210;253;CONTINUOUS;;;3851;2068;;
PERSLEIDING_HULPSTUK_ONTLUCHTING;*;-;**;-;RI;-;PERSLEIDING;_;HULPSTUK;_;ONTLUCHTING;;;;;;;;;-;G/S;;;;SRI-HULP_ONTLUCHTING;*-**-RI-PERSLEIDING_HULPSTUK_ONTLUCHTING-G/S;0.18;210;212;210;210;253;CONTINUOUS;0.35;210;212;210;210;253;CONTINUOUS;0.35;210;212;210;210;253;V-CONTINUOUS-SO;0.35;210;212;210;210;253;CONTINUOUS;;;3852;2068;;
PERSLEIDING_HULPSTUK_ONTSTOPPINGSSTUK;*;-;**;-;RI;-;PERSLEIDING;_;HULPSTUK;_;ONTSTOPPINGSSTUK;;;;;;;;;-;G;;;;;*-**-RI-PERSLEIDING_HULPSTUK_ONTSTOPPINGSSTUK-G;0.18;210;212;210;210;253;CONTINUOUS;0.35;210;212;210;210;253;CONTINUOUS;0.35;210;212;210;210;253;V-CONTINUOUS-SO;0.35;210;212;210;210;253;CONTINUOUS;;;2070;2068;;
PERSLEIDING_HULPSTUK_SCHOONMAAKSTUK;*;-;**;-;RI;-;PERSLEIDING;_;HULPSTUK;_;SCHOONMAAKSTUK;;;;;;;;;-;G/S;;;;SRI-HULP_SCHOONMAAKSTUK;*-**-RI-PERSLEIDING_HULPSTUK_SCHOONMAAKSTUK-G/S;0.18;210;212;210;210;253;CONTINUOUS;0.35;210;212;210;210;253;CONTINUOUS;0.35;210;212;210;210;253;V-CONTINUOUS-SO;0.35;210;212;210;210;253;CONTINUOUS;;;3853;2068;;
PERSLEIDING_HULPSTUK_SPUIKRAAN;*;-;**;-;RI;-;PERSLEIDING;_;HULPSTUK;_;SPUIKRAAN;;;;;;;;;-;G/S;;;;SRI-HULP_SPUIKRAAN;*-**-RI-PERSLEIDING_HULPSTUK_SPUIKRAAN-G/S;0.18;210;212;210;210;253;CONTINUOUS;0.35;210;212;210;210;253;CONTINUOUS;0.35;210;212;210;210;253;V-CONTINUOUS-SO;0.35;210;212;210;210;253;CONTINUOUS;;;3854;2068;;
PERSLEIDING_HULPSTUK_VERLOOPSTUK;*;-;**;-;RI;-;PERSLEIDING;_;HULPSTUK;_;VERLOOPSTUK;;;;;;;;;-;G/S;;;;SRI-HULP_VERLOOPSTUK;*-**-RI-PERSLEIDING_HULPSTUK_VERLOOPSTUK-G/S;0.18;210;212;210;210;253;CONTINUOUS;0.35;210;212;210;210;253;CONTINUOUS;0.35;210;212;210;210;253;V-CONTINUOUS-SO;0.35;210;212;210;210;253;CONTINUOUS;;;3855;2068;;
PERSLEIDING_HULPSTUK_VLINDERKLEP;*;-;**;-;RI;-;PERSLEIDING;_;HULPSTUK;_;VLINDERKLEP;;;;;;;;;-;G/S;;;;SRI-HULP_VLINDERKLEP;*-**-RI-PERSLEIDING_HULPSTUK_VLINDERKLEP-G/S;0.18;210;212;210;210;253;CONTINUOUS;0.35;210;212;210;210;253;CONTINUOUS;0.35;210;212;210;210;253;V-CONTINUOUS-SO;0.35;210;212;210;210;253;CONTINUOUS;;;3856;2068;;
PERSLEIDING_LOZELEIDING;*;-;**;-;RI;-;PERSLEIDING;_;LOZELEIDING;;;;;;;;;;;-;G;;;;;*-**-RI-PERSLEIDING_LOZELEIDING-G;0.18;210;212;210;210;253;RI-LOZELEIDING-SO;0.35;210;212;210;210;253;RI-LOZELEIDING-SO;0.35;210;212;210;210;253;V-RI-LOZELEIDING-SO;0.35;210;212;210;210;253;RI-LOZELEIDING-SO;;;4077;2054;;
PERSLEIDING_LOZELEIDING_UITLEGGER;*;-;**;-;RI;-;PERSLEIDING;_;LOZELEIDING;_;UITLEGGER;;;;;;;;;-;G;;;;;*-**-RI-PERSLEIDING_LOZELEIDING_UITLEGGER-G;0.18;210;212;210;210;253;RI-UITLEGGER-SO;0.35;210;212;210;210;253;RI-UITLEGGER-SO;0.35;210;212;210;210;253;V-RI-UITLEGGER-SO;0.35;210;212;210;210;253;RI-UITLEGGER-SO;;;4078;4077;;
PERSLEIDING_LOZELEIDING_VOLGESCHUIMD;*;-;**;-;RI;-;PERSLEIDING;_;LOZELEIDING;_;VOLGESCHUIMD;;;;;;;;;-;G;;;;;*-**-RI-PERSLEIDING_LOZELEIDING_VOLGESCHUIMD-G;0.18;210;212;210;210;253;RI-VOLSCHUIMEN-SO;0.35;210;212;210;210;253;RI-VOLSCHUIMEN-SO;0.35;210;212;210;210;253;V-RI-VOLSCHUIMEN-SO;0.35;210;212;210;210;253;RI-VOLSCHUIMEN-SO;;;4079;4077;;
PERSLEIDING_LOZELEIDING_VOLGEZAND;*;-;**;-;RI;-;PERSLEIDING;_;LOZELEIDING;_;VOLGEZAND;;;;;;;;;-;G;;;;;*-**-RI-PERSLEIDING_LOZELEIDING_VOLGEZAND-G;0.18;210;212;210;210;253;RI-VOLZANDEN-SO;0.35;210;212;210;210;253;RI-VOLZANDEN-SO;0.35;210;212;210;210;253;V-RI-VOLZANDEN-SO;0.35;210;212;210;210;253;RI-VOLZANDEN-SO;;;4080;4077;;
PERSLEIDING_LOZEPUT;*;-;**;-;RI;-;PERSLEIDING;_;LOZEPUT;;;;;;;;;;;-;G/S;;;;SRI-PUT_INSPECTIE;*-**-RI-PERSLEIDING_LOZEPUT-G/S;0.18;210;212;210;210;253;CONTINUOUS;0.35;210;212;210;210;253;CONTINUOUS;0.35;210;212;210;210;253;V-CONTINUOUS-SO;0.35;210;212;210;210;253;CONTINUOUS;;;4081;2054;;
PERSLEIDING_MANTELBUIS;*;-;**;-;RI;-;PERSLEIDING;_;MANTELBUIS;;;;;;;;;;;-;G;;;;;*-**-RI-PERSLEIDING_MANTELBUIS-G;0.18;210;212;210;210;253;CONTINUOUS;0.35;210;212;210;210;253;CONTINUOUS;0.35;210;212;210;210;253;V-CONTINUOUS-SO;0.35;210;212;210;210;253;CONTINUOUS;;;2071;2054;;
PERSLEIDING_PERCEELAANSLUITLEIDING;*;-;**;-;RI;-;PERSLEIDING;_;PERCEELAANSLUITLEIDING;;;;;;;;;;;-;G;;;;;*-**-RI-PERSLEIDING_PERCEELAANSLUITLEIDING-G;0.18;210;212;210;210;253;RI-PERS-SO;0.35;210;212;210;210;253;RI-PERS-SO;0.35;210;212;210;210;253;V-RI-PERS-SO;0.35;210;212;210;210;253;RI-PERS-SO;;;4082;2054;;
PERSLEIDING_PUTDEKSELNIVEAU;*;-;**;-;RI;-;PERSLEIDING;_;PUTDEKSELNIVEAU;;;;;;;;;;;-;G/S;;;;SRI-PUTDEKSELHOOGTE;*-**-RI-PERSLEIDING_PUTDEKSELNIVEAU-G/S;0.18;210;212;210;210;253;CONTINUOUS;0.35;210;212;210;210;253;RI-PERS-SO;0.35;210;212;210;210;253;V-RI-PERS-SO;0.35;210;212;210;210;253;RI-PERS-SO;;;2072;2054;;
PERSLEIDING_PUTNUMMER;*;-;**;-;RI;-;PERSLEIDING;_;PUTNUMMER;;;;;;;;;;;-;G/S;;;;SRI-PUTNUMMER;*-**-RI-PERSLEIDING_PUTNUMMER-G/S;0.18;210;212;210;210;253;CONTINUOUS;0.35;210;212;210;210;253;RI-PERS-SO;0.35;210;212;210;210;253;V-RI-PERS-SO;0.35;210;212;210;210;253;RI-PERS-SO;;;2073;2054;;
PERSLEIDING_RIOOLPUT;*;-;**;-;RI;-;PERSLEIDING;_;RIOOLPUT;;;;;;;;;;;-;G/S;;;;SRI-PUT_PERS;*-**-RI-PERSLEIDING_RIOOLPUT-G/S;0.18;210;212;210;210;253;CONTINUOUS;0.35;210;212;210;210;253;CONTINUOUS;0.35;210;212;210;210;253;V-CONTINUOUS-SO;0.35;210;212;210;210;253;CONTINUOUS;;;2074;2054;;
PERSLEIDING_RIOOLPUT-LINING;*;-;**;-;RI;-;PERSLEIDING;_;RIOOLPUT;;;;;;;;;-;LINING;-;G/S;;;;SRI-PUT_PERS;*-**-RI-PERSLEIDING_RIOOLPUT-LINING-G/S;0.18;210;212;210;210;253;RI-LINING-SO;0.35;210;212;210;210;253;RI-LINING-SO;0.35;210;212;210;210;253;V-RI-LINING-SO;0.35;210;212;210;210;253;RI-LINING-SO;;;3861;2074;;
PERSLEIDING_RIOOLPUT-OPHOOGTEBRENGEN;*;-;**;-;RI;-;PERSLEIDING;_;RIOOLPUT;;;;;;;;;-;OPHOOGTEBRENGEN;-;G/S;;;; SRI-PUT_OPHOOGTEBRENGEN;*-**-RI-PERSLEIDING_RIOOLPUT-OPHOOGTEBRENGEN-G/S;0.18;210;212;210;210;253;RI-OPHOOGTEBRENGEN-SO;0.35;210;212;210;210;253;RI-OPHOOGTEBRENGEN-SO;0.35;210;212;210;210;253;V-RI-OPHOOGTEBRENGEN-SO;0.35;210;212;210;210;253;RI-OPHOOGTEBRENGEN-SO;;;3860;2074;;
PERSLEIDING_RIOOLPUT-VOLSCHUIMEN;*;-;**;-;RI;-;PERSLEIDING;_;RIOOLPUT;;;;;;;;;-;VOLSCHUIMEN;-;G/S;;;;SRI-PUT_PERS;*-**-RI-PERSLEIDING_RIOOLPUT-VOLSCHUIMEN-G/S;0.18;210;212;210;210;253;RI-VOLSCHUIMEN-SO;0.35;210;212;210;210;253;RI-VOLSCHUIMEN-SO;0.35;210;212;210;210;253;V-RI-VOLSCHUIMEN-SO;0.35;210;212;210;210;253;RI-VOLSCHUIMEN-SO;;;3862;2074;;
PERSLEIDING_RIOOLPUT-VOLZANDEN;*;-;**;-;RI;-;PERSLEIDING;_;RIOOLPUT;;;;;;;;;-;VOLZANDEN;-;G/S;;;;SRI-PUT_PERS;*-**-RI-PERSLEIDING_RIOOLPUT-VOLZANDEN-G/S;0.18;210;212;210;210;253;RI-VOLZANDEN-SO;0.35;210;212;210;210;253;RI-VOLZANDEN-SO;0.35;210;212;210;210;253;V-RI-VOLZANDEN-SO;0.35;210;212;210;210;253;RI-VOLZANDEN-SO;;;3863;2074;;
PERSLEIDING_RIOOLPUT_BETON;*;-;**;-;RI;-;PERSLEIDING;_;RIOOLPUT;_;BETON;;;;;;;;;-;G/S;;;;SRI-PUT_BETON;*-**-RI-PERSLEIDING_RIOOLPUT_BETON-G/S;0.18;210;212;210;210;253;CONTINUOUS;0.35;210;212;210;210;253;CONTINUOUS;0.35;210;212;210;210;253;V-CONTINUOUS-SO;0.35;210;212;210;210;253;CONTINUOUS;;;3857;2074;;
PERSLEIDING_RIOOLPUT_INSPECTIEPUT;*;-;**;-;RI;-;PERSLEIDING;_;RIOOLPUT;_;INSPECTIEPUT;;;;;;;;;-;G/S;;;;SRI-PUT_INSPECTIE;*-**-RI-PERSLEIDING_RIOOLPUT_INSPECTIEPUT-G;0.18;210;212;210;210;253;CONTINUOUS;0.35;210;212;210;210;253;CONTINUOUS;0.35;210;212;210;210;253;V-CONTINUOUS-SO;0.35;210;212;210;210;253;CONTINUOUS;;;2075;2074;;
PERSLEIDING_RIOOLPUT_KUNSTSTOF;*;-;**;-;RI;-;PERSLEIDING;_;RIOOLPUT;_;KUNSTSTOF;;;;;;;;;-;G/S;;;;SRI-PUT_KUNSTSTOF;*-**-RI-PERSLEIDING_RIOOLPUT_KUNSTSTOF-G/S;0.18;210;212;210;210;253;CONTINUOUS;0.35;210;212;210;210;253;CONTINUOUS;0.35;210;212;210;210;253;V-CONTINUOUS-SO;0.35;210;212;210;210;253;CONTINUOUS;;;3858;2074;;
PERSLEIDING_RIOOLPUT_METSELWERK;*;-;**;-;RI;-;PERSLEIDING;_;RIOOLPUT;_;METSELWERK;;;;;;;;;-;G/S;;;;SRI-PUT_METSELWERK;*-**-RI-PERSLEIDING_RIOOLPUT_METSELWERK-G/S;0.18;210;212;210;210;253;CONTINUOUS;0.35;210;212;210;210;253;CONTINUOUS;0.35;210;212;210;210;253;V-CONTINUOUS-SO;0.35;210;212;210;210;253;CONTINUOUS;;;3859;2074;;
PERSLEIDING_RIOOLPUT_POMPPUT;*;-;**;-;RI;-;PERSLEIDING;_;RIOOLPUT;_;POMPPUT;;;;;;;;;-;G/S;;;;SRI-PUT_POMPPUT;*-**-RI-PERSLEIDING_RIOOLPUT_POMPPUT-G/S;0.18;210;212;210;210;253;CONTINUOUS;0.35;210;212;210;210;253;CONTINUOUS;0.35;210;212;210;210;253;V-CONTINUOUS-SO;0.35;210;212;210;210;253;CONTINUOUS;;;2076;2074;;
PERSLEIDING_RIOOLPUT_STUWPUT;*;-;**;-;RI;-;PERSLEIDING;_;RIOOLPUT;_;STUWPUT;;;;;;;;;-;G/S;;;;SRI-PUT_STUWPUT;*-**-RI-PERSLEIDING_RIOOLPUT_STUWPUT-G/S;0.18;210;212;210;210;253;CONTINUOUS;0.35;210;212;210;210;253;CONTINUOUS;0.35;210;212;210;210;253;V-CONTINUOUS-SO;0.35;210;212;210;210;253;CONTINUOUS;;;2077;2074;;
PERSLEIDING_STROMINGSRICHTING;*;-;**;-;RI;-;PERSLEIDING;_;STROMINGSRICHTING;;;;;;;;;;;-;G/S;;;;SRI-STROOMRICHTING;*-**-RI-PERSLEIDING_STROMINGSRICHTING-G/S;0.18;210;212;210;210;253;RI-PERS-SO;0.35;210;212;210;210;253;RI-PERS-SO;0.35;210;212;210;210;253;V-RI-PERS-SO;0.35;210;212;210;210;253;RI-PERS-SO;;;2078;2054;;
PERSLEIDING_UITLAATCONSTRUCTIE;*;-;**;-;RI;-;PERSLEIDING;_;UITLAATCONSTRUCTIE;;;;;;;;;;;-;G/S;;;;SRI-UITLAATCONSTRUCTIE;*-**-RI-PERSLEIDING_UITLAATCONSTRUCTIE-G/S;0.18;210;212;210;210;253;CONTINUOUS;0.35;210;212;210;210;253;CONTINUOUS;0.35;210;212;210;210;253;V-CONTINUOUS-SO;0.35;210;212;210;210;253;CONTINUOUS;;;4083;2054;;
PERSLEIDING_ZINKER;*;-;**;-;RI;-;PERSLEIDING;_;ZINKER;;;;;;;;;;;-;G;;;;;*-**-RI-PERSLEIDING_ZINKER-G;0.18;210;212;210;210;253;RI-PERS-SO;0.35;210;212;210;210;253;RI-PERS-SO;0.35;210;212;210;210;253;V-RI-PERS-SO;0.35;210;212;210;210;253;RI-PERS-SO;;;4084;2054;;
RWZI;*;-;**;-;RI;-;RWZI;;;;;;;;;;;;;-;G;;;;;*-**-RI-RWZI-G;0.18;90;92;90;90;253;CONTINUOUS;0.35;90;92;90;90;253;CONTINUOUS;0.35;90;92;90;90;253;V-CONTINUOUS-SO;0.35;90;92;90;90;253;CONTINUOUS;;;3451;0;;
RWZI_CIRCULATIELEIDING;*;-;**;-;RI;-;RWZI;_;CIRCULATIELEIDING;;;;;;;;;;;-;G;;;;;*-**-RI-RWZI_CIRCULATIELEIDING-G;0.18;70;72;70;70;253;RI-RWZI_CIRCULATIELEIDING-SO;0.35;70;72;70;70;253;RI-RWZI_CIRCULATIELEIDING-SO;0.35;70;72;70;70;253;V-RI-RWZI_CIRCULATIELEIDING-SO;0.35;70;72;70;70;253;RI-RWZI_CIRCULATIELEIDING-SO;;;3468;3451;;
RWZI_CONDENSAATLEIDING;*;-;**;-;RI;-;RWZI;_;CONDENSAATLEIDING;;;;;;;;;;;-;G;;;;;*-**-RI-RWZI_CONDENSAATLEIDING-G;0.18;150;152;150;150;253;RI-RWZI_CONDENSAATLEIDING-SO;0.35;150;152;150;150;253;RI-RWZI_CONDENSAATLEIDING-SO;0.35;150;152;150;150;253;V-RI-RWZI_CONDENSAATLEIDING-SO;0.35;150;152;150;150;253;RI-RWZI_CONDENSAATLEIDING-SO;;;3469;3451;;
RWZI_DOCEERLEIDING;*;-;**;-;RI;-;RWZI;_;DOCEERLEIDING;;;;;;;;;;;-;G;;;;;*-**-RI-RWZI_DOCEERLEIDING-G;0.18;210;212;210;210;253;RI-RWZI_DOCEERLEIDING-SO;0.35;210;212;210;210;253;RI-RWZI_DOCEERLEIDING-SO;0.35;210;212;210;210;253;V-RI-RWZI_DOCEERLEIDING-SO;0.35;210;212;210;210;253;RI-RWZI_DOCEERLEIDING-SO;;;3457;3451;;
RWZI_DRIJFLEIDING;*;-;**;-;RI;-;RWZI;_;DRIJFLEIDING;;;;;;;;;;;-;G;;;;;*-**-RI-RWZI_DRIJFLEIDING-G;0.18;170;172;170;170;253;RI-RWZI_DRIJFLEIDING-SO;0.35;170;172;170;170;253;RI-RWZI_DRIJFLEIDING-SO;0.35;170;172;170;170;253;V-RI-RWZI_DRIJFLEIDING-SO;0.35;170;172;170;170;253;RI-RWZI_DRIJFLEIDING-SO;;;3463;3451;;
RWZI_EFFLUENTIELEIDING;*;-;**;-;RI;-;RWZI;_;EFFLUENTIELEIDING;;;;;;;;;;;-;G;;;;;*-**-RI-RWZI_EFFLUENTIELEIDING-G;0.18;90;92;90;90;253;RI-RWZI_EFFLUENTIELEIDING-SO;0.35;90;92;90;90;253;RI-RWZI_EFFLUENTIELEIDING-SO;0.35;90;92;90;90;253;V-RI-RWZI_EFFLUENTIELEIDING-SO;0.35;90;92;90;90;253;RI-RWZI_EFFLUENTIELEIDING-SO;;;3455;3451;;
RWZI_HOOFDPROCESLEIDING;*;-;**;-;RI;-;RWZI;_;HOOFDPROCESLEIDING;;;;;;;;;;;-;G;;;;;*-**-RI-RWZI_HOOFDPROCESLEIDING-G;0.18;110;112;110;110;253;RI-RWZI_HOOFDPROCESLEIDING-SO;0.35;110;112;110;110;253;RI-RWZI_HOOFDPROCESLEIDING-SO;0.35;110;112;110;110;253;V-RI-RWZI_HOOFDPROCESLEIDING-SO;0.35;110;112;110;110;253;RI-RWZI_HOOFDPROCESLEIDING-SO;;;3466;3451;;
RWZI_IJZERCHLORIDELEIDING;*;-;**;-;RI;-;RWZI;_;IJZERCHLORIDELEIDING;;;;;;;;;;;-;G;;;;;*-**-RI-RWZI_IJZERCHLORIDELEIDING-G;0.18;130;132;130;130;253;RI-RWZI_IJZERCHLORIDELEIDING-SO;0.35;130;132;130;130;253;RI-RWZI_IJZERCHLORIDELEIDING-SO;0.35;130;132;130;130;253;V-RI-RWZI_IJZERCHLORIDELEIDING-SO;0.35;130;132;130;130;253;RI-RWZI_IJZERCHLORIDELEIDING-SO;;;3465;3451;;
RWZI_INFLUENTIELEIDING;*;-;**;-;RI;-;RWZI;_;INFLUENTIELEIDING;;;;;;;;;;;-;G;;;;;*-**-RI-RWZI_INFLUENTIELEIDING-G;0.18;40;42;40;40;253;RI-RWZI_INFLUENTIELEIDING-SO;0.35;40;42;40;40;253;RI-RWZI_INFLUENTIELEIDING-SO;0.35;40;42;40;40;253;V-RI-RWZI_INFLUENTIELEIDING-SO;0.35;40;42;40;40;253;RI-RWZI_INFLUENTIELEIDING-SO;;;3454;3451;;
RWZI_INGEDIKTSLIBLEIDING;*;-;**;-;RI;-;RWZI;_;INGEDIKTSLIBLEIDING;;;;;;;;;;;-;G;;;;;*-**-RI-RWZI_INGEDIKTSLIBLEIDING-G;0.18;200;202;200;200;253;RI-RWZI_INGEDIKTSLIBLEIDING-SO;0.35;200;202;200;200;253;RI-RWZI_INGEDIKTSLIBLEIDING-SO;0.35;200;202;200;200;253;V-RI-RWZI_INGEDIKTSLIBLEIDING-SO;0.35;200;202;200;200;253;RI-RWZI_INGEDIKTSLIBLEIDING-SO;;;3464;3451;;
RWZI_KORTSLUITLEIDING;*;-;**;-;RI;-;RWZI;_;KORTSLUITLEIDING;;;;;;;;;;;-;G;;;;;*-**-RI-RWZI_KORTSLUITLEIDING-G;0.18;100;102;100;100;253;RI-RWZI_KORTSLUITLEIDING-SO;0.35;100;102;100;100;253;RI-RWZI_KORTSLUITLEIDING-SO;0.35;100;102;100;100;253;V-RI-RWZI_KORTSLUITLEIDING-SO;0.35;100;102;100;100;253;RI-RWZI_KORTSLUITLEIDING-SO;;;3467;3451;;
RWZI_LUCHTLEIDING;*;-;**;-;RI;-;RWZI;_;LUCHTLEIDING;;;;;;;;;;;-;G;;;;;*-**-RI-RWZI_LUCHTLEIDING-G;0.18;7;7;7;7;253;RI-RWZI_LUCHTLEIDING-SO;0.35;7;7;7;7;253;RI-RWZI_LUCHTLEIDING-SO;0.35;7;7;7;7;253;V-RI-RWZI_LUCHTLEIDING-SO;0.35;7;7;7;7;253;RI-RWZI_LUCHTLEIDING-SO;;;3458;3451;;
RWZI_PROCESLEIDING;*;-;**;-;RI;-;RWZI;_;PROCESLEIDING;;;;;;;;;;;-;G;;;;;*-**-RI-RWZI_PROCESLEIDING-G;0.18;30;32;30;30;253;RI-RWZI_PROCESLEIDING-SO;0.35;30;32;30;30;253;RI-RWZI_PROCESLEIDING-SO;0.35;30;32;30;30;253;V-RI-RWZI_PROCESLEIDING-SO;0.35;30;32;30;30;253;RI-RWZI_PROCESLEIDING-SO;;;3453;3451;;
RWZI_RECIRCULATIELEIDING;*;-;**;-;RI;-;RWZI;_;RECIRCULATIELEIDING;;;;;;;;;;;-;G;;;;;*-**-RI-RWZI_RECIRCULATIELEIDING-G;0.18;60;62;60;60;253;RI-RWZI_RECIRCULATIELEIDING-SO;0.35;60;62;60;60;253;RI-RWZI_RECIRCULATIELEIDING-SO;0.35;60;62;60;60;253;V-RI-RWZI_RECIRCULATIELEIDING-SO;0.35;60;62;60;60;253;RI-RWZI_RECIRCULATIELEIDING-SO;;;3460;3451;;
RWZI_RETOURSLIBLEIDING;*;-;**;-;RI;-;RWZI;_;RETOURSLIBLEIDING;;;;;;;;;;;-;G;;;;;*-**-RI-RWZI_RETOURSLIBLEIDING-G;0.18;180;182;180;180;253;RI-RWZI_RETOURSLIBLEIDING-SO;0.35;180;182;180;180;253;RI-RWZI_RETOURSLIBLEIDING-SO;0.35;180;182;180;180;253;V-RI-RWZI_RETOURSLIBLEIDING-SO;0.35;180;182;180;180;253;RI-RWZI_RETOURSLIBLEIDING-SO;;;3461;3451;;
RWZI_SLIBLEIDING;*;-;**;-;RI;-;RWZI;_;SLIBLEIDING;;;;;;;;;;;-;G;;;;;*-**-RI-RWZI_SLIBLEIDING-G;0.18;40;42;40;40;253;RI-RWZI_SLIBLEIDING-SO;0.35;40;42;40;40;253;RI-RWZI_SLIBLEIDING-SO;0.35;40;42;40;40;253;V-RI-RWZI_SLIBLEIDING-SO;0.35;40;42;40;40;253;RI-RWZI_SLIBLEIDING-SO;;;3456;3451;;
RWZI_SURPLUSSLEIDING;*;-;**;-;RI;-;RWZI;_;SURPLUSSLEIDING;;;;;;;;;;;-;G;;;;;*-**-RI-RWZI_SURPLUSSLEIDING-G;0.18;190;192;190;190;253;RI-RWZI_SURPLUSSLEIDING-SO;0.35;190;192;190;190;253;RI-RWZI_SURPLUSSLEIDING-SO;0.35;190;192;190;190;253;V-RI-RWZI_SURPLUSSLEIDING-SO;0.35;190;192;190;190;253;RI-RWZI_SURPLUSSLEIDING-SO;;;3462;3451;;
RWZI_TERREINRIOLERING;*;-;**;-;RI;-;RWZI;_;TERREINRIOLERING;;;;;;;;;;;-;G;;;;;*-**-RI-RWZI_TERREINRIOLERING-G;0.18;10;12;10;10;253;RI-RWZI_TERREINRIOLERING-SO;0.35;10;12;10;10;253;RI-RWZI_TERREINRIOLERING-SO;0.35;10;12;10;10;253;V-RI-RWZI_TERREINRIOLERING-SO;0.35;10;12;10;10;253;RI-RWZI_TERREINRIOLERING-SO;;;3452;3451;;
RWZI_TERREINWATERLEIDING;*;-;**;-;RI;-;RWZI;_;TERREINWATERLEIDING;;;;;;;;;;;-;G;;;;;*-**-RI-RWZI_TERREINWATERLEIDING-G;0.18;120;122;120;120;253;RI-RWZI_TERREINWATERLEIDING-SO;0.35;120;122;120;120;253;RI-RWZI_TERREINWATERLEIDING-SO;0.35;120;122;120;120;253;V-RI-RWZI_TERREINWATERLEIDING-SO;0.35;120;122;120;120;253;RI-RWZI_TERREINWATERLEIDING-SO;;;3459;3451;;
SWA;*;-;**;-;RI;-;SWA;;;;;;;;;;;;;-;G;;;;;*-**-RI-SWA-G;0.18;130;132;130;130;253;RI-SWA-SO;0.35;130;132;130;130;253;RI-SWA-SO;0.35;130;132;130;130;253;V-RI-SWA-SO;0.35;130;132;130;130;253;RI-SWA-SO;;;2083;0;;
SWA_AANSLUITPUT;*;-;**;-;RI;-;SWA;_;AANSLUITPUT;;;;;;;;;;;-;G/S;;;;SRI-PUT_ONTSTOPPINGSPUT;*-**-RI-SWA_AANSLUITPUT-G/S;0.18;130;132;130;130;253;CONTINUOUS;0.35;130;132;130;130;253;CONTINUOUS;0.35;130;132;130;130;253;V-CONTINUOUS-SO;0.35;130;132;130;130;253;CONTINUOUS;;;3879;2083;;
SWA_AANSLUITPUT_ONTSTOPPINGSPUT;*;-;**;-;RI;-;SWA;_;AANSLUITPUT;_;ONTSTOPPINGSPUT;;;;;;;;;-;G/S;;;;SRI-PUT_ONTSTOPPINGSPUT;*-**-RI-SWA_AANSLUITPUT_ONTSTOPPINGSPUT-G/S;0.18;130;132;130;130;253;CONTINUOUS;0.35;130;132;130;130;253;CONTINUOUS;0.35;130;132;130;130;253;V-CONTINUOUS-SO;0.35;130;132;130;130;253;CONTINUOUS;;;2120;3879;;
SWA_AANSLUITPUT_ONTSTOPPINGSPUT_BETON;*;-;**;-;RI;-;SWA;_;AANSLUITPUT;_;ONTSTOPPINGSPUT;_;BETON;;;;;;;-;G/S;;;;SRI-PUT_ONTSTOPPINGSPUT;*-**-RI-SWA_AANSLUITPUT_ONTSTOPPINGSPUT_BETON-G;0.18;130;132;130;130;253;CONTINUOUS;0.35;130;132;130;130;253;CONTINUOUS;0.35;130;132;130;130;253;V-CONTINUOUS-SO;0.35;130;132;130;130;253;CONTINUOUS;;;2121;2120;;
SWA_AANSLUITPUT_ONTSTOPPINGSPUT_PE;*;-;**;-;RI;-;SWA;_;AANSLUITPUT;_;ONTSTOPPINGSPUT;_;PE;;;;;;;-;G/S;;;;SRI-PUT_ONTSTOPPINGSPUT;*-**-RI-SWA_AANSLUITPUT_ONTSTOPPINGSPUT_PE-G;0.18;130;132;130;130;253;CONTINUOUS;0.35;130;132;130;130;253;CONTINUOUS;0.35;130;132;130;130;253;V-CONTINUOUS-SO;0.35;130;132;130;130;253;CONTINUOUS;;;2122;2120;;
SWA_BOB;*;-;**;-;RI;-;SWA;_;BOB;;;;;;;;;;;-;G/S;;;;SRI-BOB;*-**-RI-SWA_BOB-G/S;0.18;130;132;130;130;253;CONTINUOUS;0.35;130;132;130;130;253;CONTINUOUS;0.35;130;132;130;130;253;V-CONTINUOUS-SO;0.35;130;132;130;130;253;CONTINUOUS;;;2084;2083;;
SWA_DEMARCATIE;*;-;**;-;RI;-;SWA;_;DEMARCATIE;;;;;;;;;;;-;G/S;;;;SRI-DEMARCATIE;*-**-RI-SWA_DEMARCATIE-G/S;0.18;130;132;130;130;253;CONTINUOUS;0.35;130;132;130;130;253;CONTINUOUS;0.35;130;132;130;130;253;V-CONTINUOUS-SO;0.35;130;132;130;130;253;CONTINUOUS;;;2085;2083;;
SWA_HULPSTUK;*;-;**;-;RI;-;SWA;_;HULPSTUK;;;;;;;;;;;-;G/S;;;;SRI-HULP;*-**-RI-SWA_HULPSTUK-G/S;0.18;130;132;130;130;253;CONTINUOUS;0.35;130;132;130;130;253;CONTINUOUS;0.35;130;132;130;130;253;V-CONTINUOUS-SO;0.35;130;132;130;130;253;CONTINUOUS;;;2086;2083;;
SWA_HULPSTUK_AFDEKPLAAT;*;-;**;-;RI;-;SWA;_;HULPSTUK;_;AFDEKPLAAT;;;;;;;;;-;G/S;;;;SRI-PUT_AFDEKPLAAT;*-**-RI-SWA_HULPSTUK_AFDEKPLAAT-G/S;0.18;130;132;130;130;253;CONTINUOUS;0.35;130;132;130;130;253;CONTINUOUS;0.35;130;132;130;130;253;V-CONTINUOUS-SO;0.35;130;132;130;130;253;CONTINUOUS;;;2087;2086;;
SWA_HULPSTUK_AFSLUITER;*;-;**;-;RI;-;SWA;_;HULPSTUK;_;AFSLUITER;;;;;;;;;-;G/S;;;;SRI-HULP_AFSLUITER;*-**-RI-SWA_HULPSTUK_AFSLUITER-G/S;0.18;130;132;130;130;253;CONTINUOUS;0.35;130;132;130;130;253;CONTINUOUS;0.35;130;132;130;130;253;V-CONTINUOUS-SO;0.35;130;132;130;130;253;CONTINUOUS;;;3867;2086;;
SWA_HULPSTUK_BELUCHTING;*;-;**;-;RI;-;SWA;_;HULPSTUK;_;BELUCHTING;;;;;;;;;-;G/S;;;;SRI-HULP_BELUCHTING;*-**-RI-SWA_HULPSTUK_BELUCHTING-G/S;0.18;130;132;130;130;253;CONTINUOUS;0.35;130;132;130;130;253;CONTINUOUS;0.35;130;132;130;130;253;V-CONTINUOUS-SO;0.35;130;132;130;130;253;CONTINUOUS;;;3868;2086;;
SWA_HULPSTUK_EINDKAP;*;-;**;-;RI;-;SWA;_;HULPSTUK;_;EINDKAP;;;;;;;;;-;G/S;;;;SRI-HULP_EINDKAP;*-**-RI-SWA_HULPSTUK_EINDKAP-G/S;0.18;130;132;130;130;253;CONTINUOUS;0.35;130;132;130;130;253;CONTINUOUS;0.35;130;132;130;130;253;V-CONTINUOUS-SO;0.35;130;132;130;130;253;CONTINUOUS;;;3869;2086;;
SWA_HULPSTUK_INLAAT;*;-;**;-;RI;-;SWA;_;HULPSTUK;_;INLAAT;;;;;;;;;-;G;;;;;*-**-RI-SWA_HULPSTUK_INLAAT-G;0.18;130;132;130;130;253;CONTINUOUS;0.35;130;132;130;130;253;CONTINUOUS;0.35;130;132;130;130;253;V-CONTINUOUS-SO;0.35;130;132;130;130;253;CONTINUOUS;;;2088;2086;;
SWA_HULPSTUK_KEERKLEP;*;-;**;-;RI;-;SWA;_;HULPSTUK;_;KEERKLEP;;;;;;;;;-;G/S;;;;SRI-HULP_KEERKLEP;*-**-RI-SWA_HULPSTUK_KEERKLEP-G/S;0.18;130;132;130;130;253;CONTINUOUS;0.35;130;132;130;130;253;CONTINUOUS;0.35;130;132;130;130;253;V-CONTINUOUS-SO;0.35;130;132;130;130;253;CONTINUOUS;;;3870;2086;;
SWA_HULPSTUK_ONTLUCHTING;*;-;**;-;RI;-;SWA;_;HULPSTUK;_;ONTLUCHTING;;;;;;;;;-;G/S;;;;SRI-HULP_ONTLUCHTING;*-**-RI-SWA_HULPSTUK_ONTLUCHTING-G/S;0.18;130;132;130;130;253;CONTINUOUS;0.35;130;132;130;130;253;CONTINUOUS;0.35;130;132;130;130;253;V-CONTINUOUS-SO;0.35;130;132;130;130;253;CONTINUOUS;;;3871;2086;;
SWA_HULPSTUK_ONTSTOPPINGSSTUK;*;-;**;-;RI;-;SWA;_;HULPSTUK;_;ONTSTOPPINGSSTUK;;;;;;;;;-;G;;;;;*-**-RI-SWA_HULPSTUK_ONTSTOPPINGSSTUK-G;0.18;130;132;130;130;253;CONTINUOUS;0.35;130;132;130;130;253;CONTINUOUS;0.35;130;132;130;130;253;V-CONTINUOUS-SO;0.35;130;132;130;130;253;CONTINUOUS;;;2089;2086;;
SWA_HULPSTUK_SCHOONMAAKSTUK;*;-;**;-;RI;-;SWA;_;HULPSTUK;_;SCHOONMAAKSTUK;;;;;;;;;-;G/S;;;;SRI-HULP_SCHOONMAAKSTUK;*-**-RI-SWA_HULPSTUK_SCHOONMAAKSTUK-G/S;0.18;130;132;130;130;253;CONTINUOUS;0.35;130;132;130;130;253;CONTINUOUS;0.35;130;132;130;130;253;V-CONTINUOUS-SO;0.35;130;132;130;130;253;CONTINUOUS;;;3872;2086;;
SWA_HULPSTUK_SPUIKRAAN;*;-;**;-;RI;-;SWA;_;HULPSTUK;_;SPUIKRAAN;;;;;;;;;-;G/S;;;;SRI-HULP_SPUIKRAAN;*-**-RI-SWA_HULPSTUK_SPUIKRAAN-G/S;0.18;130;132;130;130;253;CONTINUOUS;0.35;130;132;130;130;253;CONTINUOUS;0.35;130;132;130;130;253;V-CONTINUOUS-SO;0.35;130;132;130;130;253;CONTINUOUS;;;3873;2086;;
SWA_HULPSTUK_VERLOOPSTUK;*;-;**;-;RI;-;SWA;_;HULPSTUK;_;VERLOOPSTUK;;;;;;;;;-;G/S;;;;SRI-HULP_VERLOOPSTUK;*-**-RI-SWA_HULPSTUK_VERLOOPSTUK-G/S;0.18;130;132;130;130;253;CONTINUOUS;0.35;130;132;130;130;253;CONTINUOUS;0.35;130;132;130;130;253;V-CONTINUOUS-SO;0.35;130;132;130;130;253;CONTINUOUS;;;3874;2086;;
SWA_HULPSTUK_VLINDERKLEP;*;-;**;-;RI;-;SWA;_;HULPSTUK;_;VLINDERKLEP;;;;;;;;;-;G/S;;;;SRI-HULP_VLINDERKLEP;*-**-RI-SWA_HULPSTUK_VLINDERKLEP-G/S;0.18;130;132;130;130;253;CONTINUOUS;0.35;130;132;130;130;253;CONTINUOUS;0.35;130;132;130;130;253;V-CONTINUOUS-SO;0.35;130;132;130;130;253;CONTINUOUS;;;3875;2086;;
SWA_KOLK;*;-;**;-;RI;-;SWA;_;KOLK;;;;;;;;;;;-;G/S;;;;SRI-KOLK;*-**-RI-SWA_KOLK-G/S;0.18;130;132;130;130;253;CONTINUOUS;0.35;130;132;130;130;253;CONTINUOUS;0.35;130;132;130;130;253;V-CONTINUOUS-SO;0.35;130;132;130;130;253;CONTINUOUS;;;2090;2083;;
SWA_KOLK-OPHOOGTEBRENGEN;*;-;**;-;RI;-;SWA;_;KOLK;;;;;;;;;-;OPHOOGTEBRENGEN;-;G/S;;;;SRI-KOLK;*-**-RI-SWA_KOLK-OPHOOGTEBRENGEN-G/S;0.18;130;132;130;130;253;RI-OPHOOGTEBRENGEN-SO;0.35;130;132;130;130;253;RI-OPHOOGTEBRENGEN-SO;0.35;130;132;130;130;253;V-RI-OPHOOGTEBRENGEN-SO;0.35;130;132;130;130;253;RI-OPHOOGTEBRENGEN-SO;;;3877;2090;;
SWA_KOLK_COMBIKOLK;*;-;**;-;RI;-;SWA;_;KOLK;_;COMBIKOLK;;;;;;;;;-;G/S;;;;SRI-KOLK_COMBINATIE;*-**-RI-SWA_KOLK_COMBIKOLK-G/S;0.18;130;132;130;130;253;CONTINUOUS;0.35;130;132;130;130;253;CONTINUOUS;0.35;130;132;130;130;253;V-CONTINUOUS-SO;0.35;130;132;130;130;253;CONTINUOUS;;;2091;2090;;
SWA_KOLK_INFILTRATIE;*;-;**;-;RI;-;SWA;_;KOLK;_;INFILTRATIE;;;;;;;;;-;G/S;;;;SRI-KOLK_IFILTR;*-**-RI-SWA_KOLK_INFILTRATIE-G/S;0.18;130;132;130;130;253;CONTINUOUS;0.35;130;132;130;130;253;CONTINUOUS;0.35;130;132;130;130;253;V-CONTINUOUS-SO;0.35;130;132;130;130;253;CONTINUOUS;;;3876;2090;;
SWA_KOLK_RWSKOLK;*;-;**;-;RI;-;SWA;_;KOLK;_;RWSKOLK;;;;;;;;;-;G/S;;;;SRI-KOLK_RWS;*-**-RI-SWA_KOLK_RWSKOLK-G/S;0.18;130;132;130;130;253;CONTINUOUS;0.35;130;132;130;130;253;CONTINUOUS;0.35;130;132;130;130;253;V-CONTINUOUS-SO;0.35;130;132;130;130;253;CONTINUOUS;;;2092;2090;;
SWA_KOLK_STRAATKOLK;*;-;**;-;RI;-;SWA;_;KOLK;_;STRAATKOLK;;;;;;;;;-;G/S;;;;SRI-KOLK_STRAAT;*-**-RI-SWA_KOLK_STRAATKOLK-G/S;0.18;130;132;130;130;253;CONTINUOUS;0.35;130;132;130;130;253;CONTINUOUS;0.35;130;132;130;130;253;V-CONTINUOUS-SO;0.35;130;132;130;130;253;CONTINUOUS;;;2093;2090;;
SWA_KOLK_TROTTOIRKOLK;*;-;**;-;RI;-;SWA;_;KOLK;_;TROTTOIRKOLK;;;;;;;;;-;G/S;;;;SRI-KOLK_TROTTOIR;*-**-RI-SWA_KOLK_TROTTOIRKOLK-G/S;0.18;130;132;130;130;253;CONTINUOUS;0.35;130;132;130;130;253;CONTINUOUS;0.35;130;132;130;130;253;V-CONTINUOUS-SO;0.35;130;132;130;130;253;CONTINUOUS;;;2094;2090;;
SWA_KOLKAANSLUITLEIDING;*;-;**;-;RI;-;SWA;_;KOLKAANSLUITLEIDING;;;;;;;;;;;-;G;;;;;*-**-RI-SWA_KOLKAANSLUITLEIDING-G;0.18;130;132;130;130;253;RI-SWA_AANSLUITLEIDING-SO;0.25;130;132;130;130;253;RI-SWA_AANSLUITLEIDING-SO;0.25;130;132;130;130;253;V-RI-SWA_AANSLUITLEIDING-SO;0.25;130;132;130;130;253;RI-SWA_AANSLUITLEIDING-SO;;;2095;2083;;
SWA_KOLKAANSLUITLEIDING_PE;*;-;**;-;RI;-;SWA;_;KOLKAANSLUITLEIDING;_;PE;;;;;;;;;-;G;;;;;*-**-RI-SWA_KOLKAANSLUITLEIDING_PE-G;0.18;130;132;130;130;253;RI-SWA_AANSLUITLEIDING-SO;0.25;130;132;130;130;253;RI-SWA_AANSLUITLEIDING-SO;0.25;130;132;130;130;253;V-RI-SWA_AANSLUITLEIDING-SO;0.25;130;132;130;130;253;RI-SWA_AANSLUITLEIDING-SO;;;2096;2095;;
SWA_KOLKAANSLUITLEIDING_PE_110;*;-;**;-;RI;-;SWA;_;KOLKAANSLUITLEIDING;_;PE;_;110;;;;;;;-;G;;;;;*-**-RI-SWA_KOLKAANSLUITLEIDING_PE_110-G;0.18;130;132;130;130;253;RI-SWA_AANSLUITLEIDING-SO;0.25;130;132;130;130;253;RI-SWA_AANSLUITLEIDING-SO;0.25;130;132;130;130;253;V-RI-SWA_AANSLUITLEIDING-SO;0.25;130;132;130;130;253;RI-SWA_AANSLUITLEIDING-SO;;;2097;2096;;
SWA_KOLKAANSLUITLEIDING_PE_125;*;-;**;-;RI;-;SWA;_;KOLKAANSLUITLEIDING;_;PE;_;125;;;;;;;-;G;;;;;*-**-RI-SWA_KOLKAANSLUITLEIDING_PE_125-G;0.18;130;132;130;130;253;RI-SWA_AANSLUITLEIDING-SO;0.25;130;132;130;130;253;RI-SWA_AANSLUITLEIDING-SO;0.25;130;132;130;130;253;V-RI-SWA_AANSLUITLEIDING-SO;0.25;130;132;130;130;253;RI-SWA_AANSLUITLEIDING-SO;;;2098;2096;;
SWA_KOLKAANSLUITLEIDING_PE_160;*;-;**;-;RI;-;SWA;_;KOLKAANSLUITLEIDING;_;PE;_;160;;;;;;;-;G;;;;;*-**-RI-SWA_KOLKAANSLUITLEIDING_PE_160-G;0.18;130;132;130;130;253;RI-SWA_AANSLUITLEIDING-SO;0.25;130;132;130;130;253;RI-SWA_AANSLUITLEIDING-SO;0.25;130;132;130;130;253;V-RI-SWA_AANSLUITLEIDING-SO;0.25;130;132;130;130;253;RI-SWA_AANSLUITLEIDING-SO;;;2099;2096;;
SWA_KOLKAANSLUITLEIDING_PVC;*;-;**;-;RI;-;SWA;_;KOLKAANSLUITLEIDING;_;PVC;;;;;;;;;-;G;;;;;*-**-RI-SWA_KOLKAANSLUITLEIDING_PVC-G;0.18;130;132;130;130;253;RI-SWA_AANSLUITLEIDING-SO;0.25;130;132;130;130;253;RI-SWA_AANSLUITLEIDING-SO;0.25;130;132;130;130;253;V-RI-SWA_AANSLUITLEIDING-SO;0.25;130;132;130;130;253;RI-SWA_AANSLUITLEIDING-SO;;;2100;2095;;
SWA_KOLKAANSLUITLEIDING_PVC_110;*;-;**;-;RI;-;SWA;_;KOLKAANSLUITLEIDING;_;PVC;_;110;;;;;;;-;G;;;;;*-**-RI-SWA_KOLKAANSLUITLEIDING_PVC_110-G;0.18;130;132;130;130;253;RI-SWA_AANSLUITLEIDING-SO;0.25;130;132;130;130;253;RI-SWA_AANSLUITLEIDING-SO;0.25;130;132;130;130;253;V-RI-SWA_AANSLUITLEIDING-SO;0.25;130;132;130;130;253;RI-SWA_AANSLUITLEIDING-SO;;;2101;2100;;
SWA_KOLKAANSLUITLEIDING_PVC_125;*;-;**;-;RI;-;SWA;_;KOLKAANSLUITLEIDING;_;PVC;_;125;;;;;;;-;G;;;;;*-**-RI-SWA_KOLKAANSLUITLEIDING_PVC_125-G;0.18;130;132;130;130;253;RI-SWA_AANSLUITLEIDING-SO;0.25;130;132;130;130;253;RI-SWA_AANSLUITLEIDING-SO;0.25;130;132;130;130;253;V-RI-SWA_AANSLUITLEIDING-SO;0.25;130;132;130;130;253;RI-SWA_AANSLUITLEIDING-SO;;;2102;2100;;
SWA_KOLKAANSLUITLEIDING_PVC_160;*;-;**;-;RI;-;SWA;_;KOLKAANSLUITLEIDING;_;PVC;_;160;;;;;;;-;G;;;;;*-**-RI-SWA_KOLKAANSLUITLEIDING_PVC_160-G;0.18;130;132;130;130;253;RI-SWA_AANSLUITLEIDING-SO;0.25;130;132;130;130;253;RI-SWA_AANSLUITLEIDING-SO;0.25;130;132;130;130;253;V-RI-SWA_AANSLUITLEIDING-SO;0.25;130;132;130;130;253;RI-SWA_AANSLUITLEIDING-SO;;;2103;2100;;
SWA_LOZELEIDING;*;-;**;-;RI;-;SWA;_;LOZELEIDING;;;;;;;;;;;-;G;;;;;*-**-RI-SWA_LOZELEIDING-G;0.18;130;132;130;130;253;RI-LOZELEIDING-SO;0.35;130;132;130;130;253;RI-LOZELEIDING-SO;0.35;130;132;130;130;253;V-RI-LOZELEIDING-SO;0.35;130;132;130;130;253;RI-LOZELEIDING-SO;;;2192;2083;;
SWA_LOZELEIDING_UITLEGGER;*;-;**;-;RI;-;SWA;_;LOZELEIDING;_;UITLEGGER;;;;;;;;;-;G;;;;;*-**-RI-SWA_LOZELEIDING_UITLEGGER-G;0.18;130;132;130;130;253;RI-UITLEGGER-SO;0.35;130;132;130;130;253;RI-UITLEGGER-SO;0.35;130;132;130;130;253;V-RI-UITLEGGER-SO;0.35;130;132;130;130;253;RI-UITLEGGER-SO;;;3892;2192;;
SWA_LOZELEIDING_VOLGESCHUIMD;*;-;**;-;RI;-;SWA;_;LOZELEIDING;_;VOLGESCHUIMD;;;;;;;;;-;G;;;;;*-**-RI-SWA_LOZELEIDING_VOLGESCHUIMD-G;0.18;130;132;130;130;253;RI-VOLSCHUIMEN-SO;0.35;130;132;130;130;253;RI-VOLSCHUIMEN-SO;0.35;130;132;130;130;253;V-RI-VOLSCHUIMEN-SO;0.35;130;132;130;130;253;RI-VOLSCHUIMEN-SO;;;3893;2192;;
SWA_LOZELEIDING_VOLGEZAND;*;-;**;-;RI;-;SWA;_;LOZELEIDING;_;VOLGEZAND;;;;;;;;;-;G;;;;;*-**-RI-SWA_LOZELEIDING_VOLGEZAND-G;0.18;130;132;130;130;253;RI-VOLZANDEN-SO;0.35;130;132;130;130;253;RI-VOLZANDEN-SO;0.35;130;132;130;130;253;V-RI-VOLZANDEN-SO;0.35;130;132;130;130;253;RI-VOLZANDEN-SO;;;3894;2192;;
SWA_LOZINGSPUNT;*;-;**;-;RI;-;SWA;_;LOZINGSPUNT;;;;;;;;;;;-;G;;;;;*-**-RI-SWA_LOZINGSPUNT-G;0.18;130;132;130;130;253;CONTINUOUS;0.35;130;132;130;130;253;CONTINUOUS;0.35;130;132;130;130;253;V-CONTINUOUS-SO;0.35;130;132;130;130;253;CONTINUOUS;;;2104;2083;;
SWA_LOZINGSPUNT_BODEM;*;-;**;-;RI;-;SWA;_;LOZINGSPUNT;_;BODEM;;;;;;;;;-;G;;;;;*-**-RI-SWA_LOZINGSPUNT_BODEM-G;0.18;130;132;130;130;253;CONTINUOUS;0.35;130;132;130;130;253;CONTINUOUS;0.35;130;132;130;130;253;V-CONTINUOUS-SO;0.35;130;132;130;130;253;CONTINUOUS;;;3878;2104;;
SWA_MANTELBUIS;*;-;**;-;RI;-;SWA;_;MANTELBUIS;;;;;;;;;;;-;G;;;;;*-**-RI-SWA_MANTELBUIS-G;0.18;130;132;130;130;253;CONTINUOUS;0.35;130;132;130;130;253;CONTINUOUS;0.35;130;132;130;130;253;V-CONTINUOUS-SO;0.35;130;132;130;130;253;CONTINUOUS;;;2105;2083;;
SWA_PERCEELAANSLUITING;*;-;**;-;RI;-;SWA;_;PERCEELAANSLUITING;;;;;;;;;;;-;G;;;;;*-**-RI-SWA_PERCEELAANSLUITING-G;0.18;130;132;130;130;253;CONTINUOUS;0.35;130;132;130;130;253;CONTINUOUS;0.35;130;132;130;130;253;V-CONTINUOUS-SO;0.35;130;132;130;130;253;CONTINUOUS;;;2106;2083;;
SWA_PERCEELAANSLUITLEIDING;*;-;**;-;RI;-;SWA;_;PERCEELAANSLUITLEIDING;;;;;;;;;;;-;G;;;;;*-**-RI-SWA_PERCEELAANSLUITLEIDING-G;0.18;130;132;130;130;253;RI-SWA_AANSLUITLEIDING-SO;0.35;130;132;130;130;253;RI-SWA_AANSLUITLEIDING-SO;0.35;130;132;130;130;253;V-RI-SWA_AANSLUITLEIDING-SO;0.35;130;132;130;130;253;RI-SWA_AANSLUITLEIDING-SO;;;2921;2083;;
SWA_PERCEELAANSLUITLEIDING_GRES;*;-;**;-;RI;-;SWA;_;PERCEELAANSLUITLEIDING;_;GRES;;;;;;;;;-;G;;;;;*-**-RI-SWA_PERCEELAANSLUITLEIDING_GRES-G;0.18;130;132;130;130;253;RI-SWA_AANSLUITLEIDING-SO;0.35;130;132;130;130;253;RI-SWA_AANSLUITLEIDING-SO;0.35;130;132;130;130;253;V-RI-SWA_AANSLUITLEIDING-SO;0.35;130;132;130;130;253;RI-SWA_AANSLUITLEIDING-SO;;;2922;2921;;
SWA_PERCEELAANSLUITLEIDING_GRES_100;*;-;**;-;RI;-;SWA;_;PERCEELAANSLUITLEIDING;_;GRES;_;100;;;;;;;-;G;;;;;*-**-RI-SWA_PERCEELAANSLUITLEIDING_GRES_100-G;0.18;130;132;130;130;253;RI-SWA_AANSLUITLEIDING-SO;0.35;130;132;130;130;253;RI-SWA_AANSLUITLEIDING-SO;0.35;130;132;130;130;253;V-RI-SWA_AANSLUITLEIDING-SO;0.35;130;132;130;130;253;RI-SWA_AANSLUITLEIDING-SO;;;2923;2922;;
SWA_PERCEELAANSLUITLEIDING_GRES_125;*;-;**;-;RI;-;SWA;_;PERCEELAANSLUITLEIDING;_;GRES;_;125;;;;;;;-;G;;;;;*-**-RI-SWA_PERCEELAANSLUITLEIDING_GRES_125-G;0.18;130;132;130;130;253;RI-SWA_AANSLUITLEIDING-SO;0.35;130;132;130;130;253;RI-SWA_AANSLUITLEIDING-SO;0.35;130;132;130;130;253;V-RI-SWA_AANSLUITLEIDING-SO;0.35;130;132;130;130;253;RI-SWA_AANSLUITLEIDING-SO;;;2924;2922;;
SWA_PERCEELAANSLUITLEIDING_GRES_150;*;-;**;-;RI;-;SWA;_;PERCEELAANSLUITLEIDING;_;GRES;_;150;;;;;;;-;G;;;;;*-**-RI-SWA_PERCEELAANSLUITLEIDING_GRES_150-G;0.18;130;132;130;130;253;RI-SWA_AANSLUITLEIDING-SO;0.35;130;132;130;130;253;RI-SWA_AANSLUITLEIDING-SO;0.35;130;132;130;130;253;V-RI-SWA_AANSLUITLEIDING-SO;0.35;130;132;130;130;253;RI-SWA_AANSLUITLEIDING-SO;;;2925;2922;;
SWA_PERCEELAANSLUITLEIDING_PE;*;-;**;-;RI;-;SWA;_;PERCEELAANSLUITLEIDING;_;PE;;;;;;;;;-;G;;;;;*-**-RI-SWA_PERCEELAANSLUITLEIDING_PE-G;0.18;130;132;130;130;253;RI-SWA_AANSLUITLEIDING-SO;0.35;130;132;130;130;253;RI-SWA_AANSLUITLEIDING-SO;0.35;130;132;130;130;253;V-RI-SWA_AANSLUITLEIDING-SO;0.35;130;132;130;130;253;RI-SWA_AANSLUITLEIDING-SO;;;2926;2921;;
SWA_PERCEELAANSLUITLEIDING_PE_110;*;-;**;-;RI;-;SWA;_;PERCEELAANSLUITLEIDING;_;PE;_;110;;;;;;;-;G;;;;;*-**-RI-SWA_PERCEELAANSLUITLEIDING_PE_110-G;0.18;130;132;130;130;253;RI-SWA_AANSLUITLEIDING-SO;0.35;130;132;130;130;253;RI-SWA_AANSLUITLEIDING-SO;0.35;130;132;130;130;253;V-RI-SWA_AANSLUITLEIDING-SO;0.35;130;132;130;130;253;RI-SWA_AANSLUITLEIDING-SO;;;2927;2926;;
SWA_PERCEELAANSLUITLEIDING_PE_63;*;-;**;-;RI;-;SWA;_;PERCEELAANSLUITLEIDING;_;PE;_;63;;;;;;;-;G;;;;;*-**-RI-SWA_PERCEELAANSLUITLEIDING_PE_63-G;0.18;130;132;130;130;253;RI-SWA_AANSLUITLEIDING-SO;0.35;130;132;130;130;253;RI-SWA_AANSLUITLEIDING-SO;0.35;130;132;130;130;253;V-RI-SWA_AANSLUITLEIDING-SO;0.35;130;132;130;130;253;RI-SWA_AANSLUITLEIDING-SO;;;2928;2926;;
SWA_PERCEELAANSLUITLEIDING_PE_75;*;-;**;-;RI;-;SWA;_;PERCEELAANSLUITLEIDING;_;PE;_;75;;;;;;;-;G;;;;;*-**-RI-SWA_PERCEELAANSLUITLEIDING_PE_75-G;0.18;130;132;130;130;253;RI-SWA_AANSLUITLEIDING-SO;0.35;130;132;130;130;253;RI-SWA_AANSLUITLEIDING-SO;0.35;130;132;130;130;253;V-RI-SWA_AANSLUITLEIDING-SO;0.35;130;132;130;130;253;RI-SWA_AANSLUITLEIDING-SO;;;2929;2926;;
SWA_PERCEELAANSLUITLEIDING_PE_90;*;-;**;-;RI;-;SWA;_;PERCEELAANSLUITLEIDING;_;PE;_;90;;;;;;;-;G;;;;;*-**-RI-SWA_PERCEELAANSLUITLEIDING_PE_90-G;0.18;130;132;130;130;253;RI-SWA_AANSLUITLEIDING-SO;0.35;130;132;130;130;253;RI-SWA_AANSLUITLEIDING-SO;0.35;130;132;130;130;253;V-RI-SWA_AANSLUITLEIDING-SO;0.35;130;132;130;130;253;RI-SWA_AANSLUITLEIDING-SO;;;2930;2926;;
SWA_PERCEELAANSLUITLEIDING_PVC;*;-;**;-;RI;-;SWA;_;PERCEELAANSLUITLEIDING;_;PVC;;;;;;;;;-;G;;;;;*-**-RI-SWA_PERCEELAANSLUITLEIDING_PVC-G;0.18;130;132;130;130;253;RI-SWA_AANSLUITLEIDING-SO;0.35;130;132;130;130;253;RI-SWA_AANSLUITLEIDING-SO;0.35;130;132;130;130;253;V-RI-SWA_AANSLUITLEIDING-SO;0.35;130;132;130;130;253;RI-SWA_AANSLUITLEIDING-SO;;;2931;2921;;
SWA_PERCEELAANSLUITLEIDING_PVC_110;*;-;**;-;RI;-;SWA;_;PERCEELAANSLUITLEIDING;_;PVC;_;110;;;;;;;-;G;;;;;*-**-RI-SWA_PERCEELAANSLUITLEIDING_PVC_110-G;0.18;130;132;130;130;253;RI-SWA_AANSLUITLEIDING-SO;0.35;130;132;130;130;253;RI-SWA_AANSLUITLEIDING-SO;0.35;130;132;130;130;253;V-RI-SWA_AANSLUITLEIDING-SO;0.35;130;132;130;130;253;RI-SWA_AANSLUITLEIDING-SO;;;2932;2931;;
SWA_PERCEELAANSLUITLEIDING_PVC_125;*;-;**;-;RI;-;SWA;_;PERCEELAANSLUITLEIDING;_;PVC;_;125;;;;;;;-;G;;;;;*-**-RI-SWA_PERCEELAANSLUITLEIDING_PVC_125-G;0.18;130;132;130;130;253;RI-SWA_AANSLUITLEIDING-SO;0.35;130;132;130;130;253;RI-SWA_AANSLUITLEIDING-SO;0.35;130;132;130;130;253;V-RI-SWA_AANSLUITLEIDING-SO;0.35;130;132;130;130;253;RI-SWA_AANSLUITLEIDING-SO;;;2933;2931;;
SWA_PERCEELAANSLUITLEIDING_PVC_160;*;-;**;-;RI;-;SWA;_;PERCEELAANSLUITLEIDING;_;PVC;_;160;;;;;;;-;G;;;;;*-**-RI-SWA_PERCEELAANSLUITLEIDING_PVC_160-G;0.18;130;132;130;130;253;RI-SWA_AANSLUITLEIDING-SO;0.35;130;132;130;130;253;RI-SWA_AANSLUITLEIDING-SO;0.35;130;132;130;130;253;V-RI-SWA_AANSLUITLEIDING-SO;0.35;130;132;130;130;253;RI-SWA_AANSLUITLEIDING-SO;;;2934;2931;;
SWA_PERCEELAANSLUITPUNT;*;-;**;-;RI;-;SWA;_;PERCEELAANSLUITPUNT;;;;;;;;;;;-;G;;;;;*-**-RI-SWA_PERCEELAANSLUITPUNT-G;0.18;130;132;130;130;253;CONTINUOUS;0.35;130;132;130;130;253;CONTINUOUS;0.35;130;132;130;130;253;V-CONTINUOUS-SO;0.35;130;132;130;130;253;CONTINUOUS;;;2107;2083;;
SWA_PUTDEKSELNIVEAU;*;-;**;-;RI;-;SWA;_;PUTDEKSELNIVEAU;;;;;;;;;;;-;G/S;;;;SRI-PUTDEKSELHOOGTE;*-**-RI-SWA_PUTDEKSELNIVEAU-G/S;0.18;130;132;130;130;253;CONTINUOUS;0.35;130;132;130;130;253;CONTINUOUS;0.35;130;132;130;130;253;V-CONTINUOUS-SO;0.35;130;132;130;130;253;CONTINUOUS;;;2108;2083;;
SWA_PUTNUMMER;*;-;**;-;RI;-;SWA;_;PUTNUMMER;;;;;;;;;;;-;G/S;;;;SRI-PUTNUMMER;*-**-RI-SWA_PUTNUMMER-G/S;0.18;130;132;130;130;253;CONTINUOUS;0.35;130;132;130;130;253;CONTINUOUS;0.35;130;132;130;130;253;V-CONTINUOUS-SO;0.35;130;132;130;130;253;CONTINUOUS;;;2109;2083;;
SWA_RIOOLPUT;*;-;**;-;RI;-;SWA;_;RIOOLPUT;;;;;;;;;;;-;G/S;;;;SRI-PUT_SWA;*-**-RI-SWA_RIOOLPUT-G/S;0.18;130;132;130;130;253;CONTINUOUS;0.35;130;132;130;130;253;CONTINUOUS;0.35;130;132;130;130;253;V-CONTINUOUS-SO;0.35;130;132;130;130;253;CONTINUOUS;;;2110;2083;;
SWA_RIOOLPUT-LINING;*;-;**;-;RI;-;SWA;_;RIOOLPUT;;;;;;;;;-;LINING;-;G/S;;;;SRI-PUT_SWA;*-**-RI-SWA_RIOOLPUT-LINING-G/S;0.18;130;132;130;130;253;RI-LINING-SO;0.35;130;132;130;130;253;RI-LINING-SO;0.35;130;132;130;130;253;V-RI-LINING-SO;0.35;130;132;130;130;253;RI-LINING-SO;;;3884;2110;;
SWA_RIOOLPUT-OPHOOGTEBRENGEN;*;-;**;-;RI;-;SWA;_;RIOOLPUT;;;;;;;;;-;OPHOOGTEBRENGEN;-;G/S;;;; SRI-PUT_OPHOOGTEBRENGEN;*-**-RI-SWA_RIOOLPUT-OPHOOGTEBRENGEN-G/S;0.18;130;132;130;130;253;RI-OPHOOGTEBRENGEN-SO;0.35;130;132;130;130;253;RI-OPHOOGTEBRENGEN-SO;0.35;130;132;130;130;253;V-RI-OPHOOGTEBRENGEN-SO;0.35;130;132;130;130;253;RI-OPHOOGTEBRENGEN-SO;;;3883;2110;;
SWA_RIOOLPUT-VOLSCHUIMEN;*;-;**;-;RI;-;SWA;_;RIOOLPUT;;;;;;;;;-;VOLSCHUIMEN;-;G/S;;;;SRI-PUT_SWA;*-**-RI-SWA_RIOOLPUT-VOLSCHUIMEN-G/S;0.18;130;132;130;130;253;CONTINUOUS;0.35;130;132;130;130;253;CONTINUOUS;0.35;130;132;130;130;253;V-CONTINUOUS-SO;0.35;130;132;130;130;253;CONTINUOUS;;;3885;2110;;
SWA_RIOOLPUT-VOLZANDEN;*;-;**;-;RI;-;SWA;_;RIOOLPUT;;;;;;;;;-;VOLZANDEN;-;G/S;;;;SRI-PUT_SWA;*-**-RI-SWA_RIOOLPUT-VOLZANDEN-G/S;0.18;130;132;130;130;253;CONTINUOUS;0.35;130;132;130;130;253;CONTINUOUS;0.35;130;132;130;130;253;V-CONTINUOUS-SO;0.35;130;132;130;130;253;CONTINUOUS;;;3886;2110;;
SWA_RIOOLPUT_AFDEKPLAAT;*;-;**;-;RI;-;SWA;_;RIOOLPUT;_;AFDEKPLAAT;;;;;;;;;-;G/S;;;;SRI-PUT_AFDEKPLAAT;*-**-RI-SWA_RIOOLPUT_AFDEKPLAAT-G/S;0.18;130;132;130;130;253;CONTINUOUS;0.35;130;132;130;130;253;CONTINUOUS;0.35;130;132;130;130;253;V-CONTINUOUS-SO;0.35;130;132;130;130;253;CONTINUOUS;;;2111;2110;;
SWA_RIOOLPUT_BETON;*;-;**;-;RI;-;SWA;_;RIOOLPUT;_;BETON;;;;;;;;;-;G/S;;;;SRI-PUT_BETON;*-**-RI-SWA_RIOOLPUT_BETON-G/S;0.18;130;132;130;130;253;CONTINUOUS;0.35;130;132;130;130;253;CONTINUOUS;0.35;130;132;130;130;253;V-CONTINUOUS-SO;0.35;130;132;130;130;253;CONTINUOUS;;;3880;2110;;
SWA_RIOOLPUT_BLINDEPUT;*;-;**;-;RI;-;SWA;_;RIOOLPUT;_;BLINDEPUT;;;;;;;;;-;G/S;;;;SRI-PUT_BLINDEPUT;*-**-RI-SWA_RIOOLPUT_BLINDEPUT-G/S;0.18;130;132;130;130;253;CONTINUOUS;0.35;130;132;130;130;253;CONTINUOUS;0.35;130;132;130;130;253;V-CONTINUOUS-SO;0.35;130;132;130;130;253;CONTINUOUS;;;2112;2110;;
SWA_RIOOLPUT_BLINDEPUT_BETON;*;-;**;-;RI;-;SWA;_;RIOOLPUT;_;BLINDEPUT;_;BETON;;;;;;;-;G/S;;;;SRI-PUT_BLINDEPUT;*-**-RI-SWA_RIOOLPUT_BLINDEPUT_BETON-G;0.18;130;132;130;130;253;CONTINUOUS;0.35;130;132;130;130;253;CONTINUOUS;0.35;130;132;130;130;253;V-CONTINUOUS-SO;0.35;130;132;130;130;253;CONTINUOUS;;;2113;2112;;
SWA_RIOOLPUT_BLINDEPUT_PE;*;-;**;-;RI;-;SWA;_;RIOOLPUT;_;BLINDEPUT;_;PE;;;;;;;-;G/S;;;;SRI-PUT_BLINDEPUT;*-**-RI-SWA_RIOOLPUT_BLINDEPUT_PE-G;0.18;130;132;130;130;253;CONTINUOUS;0.35;130;132;130;130;253;CONTINUOUS;0.35;130;132;130;130;253;V-CONTINUOUS-SO;0.35;130;132;130;130;253;CONTINUOUS;;;2114;2112;;
SWA_RIOOLPUT_INSPECTIEPUT;*;-;**;-;RI;-;SWA;_;RIOOLPUT;_;INSPECTIEPUT;;;;;;;;;-;G/S;;;;SRI-PUT_INSPECTIE;*-**-RI-SWA_RIOOLPUT_INSPECTIEPUT-G/S;0.18;130;132;130;130;253;CONTINUOUS;0.35;130;132;130;130;253;CONTINUOUS;0.35;130;132;130;130;253;V-CONTINUOUS-SO;0.35;130;132;130;130;253;CONTINUOUS;;;2117;2110;;
SWA_RIOOLPUT_INSPECTIEPUT_BETON;*;-;**;-;RI;-;SWA;_;RIOOLPUT;_;INSPECTIEPUT;_;BETON;;;;;;;-;G/S;;;;SRI-PUT_INSPECTIE;*-**-RI-SWA_RIOOLPUT_INSPECTIEPUT_BETON-G;0.18;130;132;130;130;253;CONTINUOUS;0.35;130;132;130;130;253;CONTINUOUS;0.35;130;132;130;130;253;V-CONTINUOUS-SO;0.35;130;132;130;130;253;CONTINUOUS;;;2116;2117;;
SWA_RIOOLPUT_INSPECTIEPUT_BETON;*;-;**;-;RI;-;SWA;_;RIOOLPUT;_;INSPECTIEPUT;_;BETON;;;;;;;-;G/S;;;;SRI-PUT_INSPECTIE;*-**-RI-SWA_RIOOLPUT_INSPECTIEPUT_BETON-G;0.18;130;132;130;130;253;CONTINUOUS;0.35;130;132;130;130;253;CONTINUOUS;0.35;130;132;130;130;253;V-CONTINUOUS-SO;0.35;130;132;130;130;253;CONTINUOUS;;;2118;2117;;
SWA_RIOOLPUT_INSPECTIEPUT_HONDEHOKPUT;*;-;**;-;RI;-;SWA;_;RIOOLPUT;_;INSPECTIEPUT;_;HONDEHOKPUT;;;;;;;-;G/S;;;;SRI-PUT_HONDEHOKPUT;*-**-RI-SWA_RIOOLPUT_INSPECTIEPUT_HONDEHOKPUT-G/S;0.18;130;132;130;130;253;CONTINUOUS;0.35;130;132;130;130;253;CONTINUOUS;0.35;130;132;130;130;253;V-CONTINUOUS-SO;0.35;130;132;130;130;253;CONTINUOUS;;;2115;2117;;
SWA_RIOOLPUT_INSPECTIEPUT_PE;*;-;**;-;RI;-;SWA;_;RIOOLPUT;_;INSPECTIEPUT;_;PE;;;;;;;-;G/S;;;;SRI-PUT_INSPECTIE;*-**-RI-SWA_RIOOLPUT_INSPECTIEPUT_PE-G;0.18;130;132;130;130;253;CONTINUOUS;0.35;130;132;130;130;253;CONTINUOUS;0.35;130;132;130;130;253;V-CONTINUOUS-SO;0.35;130;132;130;130;253;CONTINUOUS;;;2119;2117;;
SWA_RIOOLPUT_INSPECTIEPUT_REINIGENDEPUT;*;-;**;-;RI;-;SWA;_;RIOOLPUT;_;INSPECTIEPUT;_;REINIGENDEPUT;;;;;;;-;G/S;;;;SRI-PUT_INSPECTIE;*-**-RI-SWA_RIOOLPUT_INSPECTIEPUT_REINIGENDEPUT-G/S;0.18;130;132;130;130;253;CONTINUOUS;0.35;130;132;130;130;253;CONTINUOUS;0.35;130;132;130;130;253;V-CONTINUOUS-SO;0.35;130;132;130;130;253;CONTINUOUS;;;3887;2117;;
SWA_RIOOLPUT_KOPPELPUT;*;-;**;-;RI;-;SWA;_;RIOOLPUT;_;KOPPELPUT;;;;;;;;;-;G/S;;;;SRI-PUT_KOPPELPUT;*-**-RI-SWA_RIOOLPUT_KOPPELPUT-G/S;0.18;130;132;130;130;253;CONTINUOUS;0.35;130;132;130;130;253;CONTINUOUS;0.35;130;132;130;130;253;V-CONTINUOUS-SO;0.35;130;132;130;130;253;CONTINUOUS;;;2135;2110;;
SWA_RIOOLPUT_KRUISINGSPUT;*;-;**;-;RI;-;SWA;_;RIOOLPUT;_;KRUISINGSPUT;;;;;;;;;-;G/S;;;;SRI-PUT_KRUISPUT;*-**-RI-SWA_RIOOLPUT_KRUISINGSPUT-G/S;0.18;130;132;130;130;253;CONTINUOUS;0.35;130;132;130;130;253;CONTINUOUS;0.35;130;132;130;130;253;V-CONTINUOUS-SO;0.35;130;132;130;130;253;CONTINUOUS;;;2136;2110;;
SWA_RIOOLPUT_KUNSTSTOF;*;-;**;-;RI;-;SWA;_;RIOOLPUT;_;KUNSTSTOF;;;;;;;;;-;G/S;;;;SRI-PUT_KUNSTSTOF;*-**-RI-SWA_RIOOLPUT_KUNSTSTOF-G/S;0.18;130;132;130;130;253;CONTINUOUS;0.35;130;132;130;130;253;CONTINUOUS;0.35;130;132;130;130;253;V-CONTINUOUS-SO;0.35;130;132;130;130;253;CONTINUOUS;;;3881;2110;;
SWA_RIOOLPUT_METSELWERK;*;-;**;-;RI;-;SWA;_;RIOOLPUT;_;METSELWERK;;;;;;;;;-;G/S;;;;SRI-PUT_METSELWERK;*-**-RI-SWA_RIOOLPUT_METSELWERK-G/S;0.18;130;132;130;130;253;CONTINUOUS;0.35;130;132;130;130;253;CONTINUOUS;0.35;130;132;130;130;253;V-CONTINUOUS-SO;0.35;130;132;130;130;253;CONTINUOUS;;;3882;2110;;
SWA_RIOOLPUT_OVERSTORTPUT;*;-;**;-;RI;-;SWA;_;RIOOLPUT;_;OVERSTORTPUT;;;;;;;;;-;G/S;;;;SRI-PUT_OVERSTORT;*-**-RI-SWA_RIOOLPUT_OVERSTORTPUT-G/S;0.18;130;132;130;130;253;CONTINUOUS;0.35;130;132;130;130;253;CONTINUOUS;0.35;130;132;130;130;253;V-CONTINUOUS-SO;0.35;130;132;130;130;253;CONTINUOUS;;;2123;2110;;
SWA_RIOOLPUT_OVERSTORTPUT_BETON;*;-;**;-;RI;-;SWA;_;RIOOLPUT;_;OVERSTORTPUT;_;BETON;;;;;;;-;G/S;;;;SRI-PUT_OVERSTORT;*-**-RI-SWA_RIOOLPUT_OVERSTORTPUT_BETON-G;0.18;130;132;130;130;253;CONTINUOUS;0.35;130;132;130;130;253;CONTINUOUS;0.35;130;132;130;130;253;V-CONTINUOUS-SO;0.35;130;132;130;130;253;CONTINUOUS;;;2124;2123;;
SWA_RIOOLPUT_OVERSTORTPUT_PE;*;-;**;-;RI;-;SWA;_;RIOOLPUT;_;OVERSTORTPUT;_;PE;;;;;;;-;G/S;;;;SRI-PUT_OVERSTORT;*-**-RI-SWA_RIOOLPUT_OVERSTORTPUT_PE-G;0.18;130;132;130;130;253;CONTINUOUS;0.35;130;132;130;130;253;CONTINUOUS;0.35;130;132;130;130;253;V-CONTINUOUS-SO;0.35;130;132;130;130;253;CONTINUOUS;;;2125;2123;;
SWA_RIOOLPUT_POMPPUT;*;-;**;-;RI;-;SWA;_;RIOOLPUT;_;POMPPUT;;;;;;;;;-;G/S;;;;SRI-PUT_POMPPUT;*-**-RI-SWA_RIOOLPUT_POMPPUT-G/S;0.18;130;132;130;130;253;CONTINUOUS;0.35;130;132;130;130;253;CONTINUOUS;0.35;130;132;130;130;253;V-CONTINUOUS-SO;0.35;130;132;130;130;253;CONTINUOUS;;;2126;2110;;
SWA_RIOOLPUT_POMPPUT_BETON;*;-;**;-;RI;-;SWA;_;RIOOLPUT;_;POMPPUT;_;BETON;;;;;;;-;G/S;;;;SRI-PUT_POMPPUT;*-**-RI-SWA_RIOOLPUT_POMPPUT_BETON-G;0.18;130;132;130;130;253;CONTINUOUS;0.35;130;132;130;130;253;CONTINUOUS;0.35;130;132;130;130;253;V-CONTINUOUS-SO;0.35;130;132;130;130;253;CONTINUOUS;;;2127;2126;;
SWA_RIOOLPUT_POMPPUT_PE;*;-;**;-;RI;-;SWA;_;RIOOLPUT;_;POMPPUT;_;PE;;;;;;;-;G/S;;;;SRI-PUT_POMPPUT;*-**-RI-SWA_RIOOLPUT_POMPPUT_PE-G;0.18;130;132;130;130;253;CONTINUOUS;0.35;130;132;130;130;253;CONTINUOUS;0.35;130;132;130;130;253;V-CONTINUOUS-SO;0.35;130;132;130;130;253;CONTINUOUS;;;2128;2126;;
SWA_RIOOLPUT_STUWPUT;*;-;**;-;RI;-;SWA;_;RIOOLPUT;_;STUWPUT;;;;;;;;;-;G/S;;;;SRI-PUT_STUWPUT;*-**-RI-SWA_RIOOLPUT_STUWPUT-G/S;0.18;130;132;130;130;253;CONTINUOUS;0.35;130;132;130;130;253;CONTINUOUS;0.35;130;132;130;130;253;V-CONTINUOUS-SO;0.35;130;132;130;130;253;CONTINUOUS;;;2129;2110;;
SWA_RIOOLPUT_STUWPUT_BETON;*;-;**;-;RI;-;SWA;_;RIOOLPUT;_;STUWPUT;_;BETON;;;;;;;-;G/S;;;;SRI-PUT_STUWPUT;*-**-RI-SWA_RIOOLPUT_STUWPUT_BETON-G;0.18;130;132;130;130;253;CONTINUOUS;0.35;130;132;130;130;253;CONTINUOUS;0.35;130;132;130;130;253;V-CONTINUOUS-SO;0.35;130;132;130;130;253;CONTINUOUS;;;2130;2129;;
SWA_RIOOLPUT_STUWPUT_PE;*;-;**;-;RI;-;SWA;_;RIOOLPUT;_;STUWPUT;_;PE;;;;;;;-;G/S;;;;SRI-PUT_STUWPUT;*-**-RI-SWA_RIOOLPUT_STUWPUT_PE-G;0.18;130;132;130;130;253;CONTINUOUS;0.35;130;132;130;130;253;CONTINUOUS;0.35;130;132;130;130;253;V-CONTINUOUS-SO;0.35;130;132;130;130;253;CONTINUOUS;;;2131;2129;;
SWA_RIOOLPUT_VALPUT;*;-;**;-;RI;-;SWA;_;RIOOLPUT;_;VALPUT;;;;;;;;;-;G/S;;;;SRI-PUT_VALPUT;*-**-RI-SWA_RIOOLPUT_VALPUT-G/S;0.18;130;132;130;130;253;CONTINUOUS;0.35;130;132;130;130;253;CONTINUOUS;0.35;130;132;130;130;253;V-CONTINUOUS-SO;0.35;130;132;130;130;253;CONTINUOUS;;;2132;2110;;
SWA_RIOOLPUT_VALPUT_BETON;*;-;**;-;RI;-;SWA;_;RIOOLPUT;_;VALPUT;_;BETON;;;;;;;-;G/S;;;;SRI-PUT_VALPUT;*-**-RI-SWA_RIOOLPUT_VALPUT_BETON-G;0.18;130;132;130;130;253;CONTINUOUS;0.35;130;132;130;130;253;CONTINUOUS;0.35;130;132;130;130;253;V-CONTINUOUS-SO;0.35;130;132;130;130;253;CONTINUOUS;;;2133;2132;;
SWA_RIOOLPUT_VALPUT_PE;*;-;**;-;RI;-;SWA;_;RIOOLPUT;_;VALPUT;_;PE;;;;;;;-;G/S;;;;SRI-PUT_VALPUT;*-**-RI-SWA_RIOOLPUT_VALPUT_PE-G;0.18;130;132;130;130;253;CONTINUOUS;0.35;130;132;130;130;253;CONTINUOUS;0.35;130;132;130;130;253;V-CONTINUOUS-SO;0.35;130;132;130;130;253;CONTINUOUS;;;2134;2132;;
SWA_SCHILDMUUR;*;-;**;-;RI;-;SWA;_;SCHILDMUUR;;;;;;;;;;;-;G/S;;;;SRI-SCHILDMUUR;*-**-RI-SWA_SCHILDMUUR-G/S;0.18;130;132;130;130;253;CONTINUOUS;0.25;130;132;130;130;253;CONTINUOUS;0.25;130;132;130;130;253;CONTINUOUS;0.25;130;132;130;130;253;CONTINUOUS;;;3488;2083;;
SWA_STROMINGSRICHTING;*;-;**;-;RI;-;SWA;_;STROMINGSRICHTING;;;;;;;;;;;-;G/S;;;;SRI-STROOMRICHTING;*-**-RI-SWA_STROMINGSRICHTING-G/S;0.18;130;132;130;130;253;CONTINUOUS;0.35;130;132;130;130;253;CONTINUOUS;0.35;130;132;130;130;253;V-CONTINUOUS-SO;0.35;130;132;130;130;253;CONTINUOUS;;;2137;2083;;
SWA_TRANSPORTLEIDING;*;-;**;-;RI;-;SWA;_;TRANSPORTLEIDING;;;;;;;;;;;-;G;;;;;*-**-RI-SWA_TRANSPORTLEIDING-G;0.18;130;132;130;130;253;RI-SWA-SO;0.35;130;132;130;130;253;RI-SWA-SO;0.35;130;132;130;130;253;V-RI-SWA-SO;0.35;130;132;130;130;253;RI-SWA-SO;;;2138;2083;;
SWA_TRANSPORTLEIDING-LINING;*;-;**;-;RI;-;SWA;_;TRANSPORTLEIDING;;;;;;;;;-;LINING;-;G;;;;;*-**-RI-SWA_TRANSPORTLEIDING-LINING-G;0.18;130;132;130;130;253;RI-LINING-SO;0.35;130;132;130;130;253;RI-LINING-SO;0.35;130;132;130;130;253;V-RI-LINING-SO;0.35;130;132;130;130;253;RI-LINING-SO;;;3889;2138;;
SWA_TRANSPORTLEIDING-VOLSCHUIMEN;*;-;**;-;RI;-;SWA;_;TRANSPORTLEIDING;;;;;;;;;-;VOLSCHUIMEN;-;G;;;;;*-**-RI-SWA_TRANSPORTLEIDING-VOLSCHUIMEN-G;0.18;130;132;130;130;253;RI-VOLSCHUIMEN-SO;0.35;130;132;130;130;253;RI-VOLSCHUIMEN-SO;0.35;130;132;130;130;253;V-RI-VOLSCHUIMEN-SO;0.35;130;132;130;130;253;RI-VOLSCHUIMEN-SO;;;3890;2138;;
SWA_TRANSPORTLEIDING-VOLZANDEN;*;-;**;-;RI;-;SWA;_;TRANSPORTLEIDING;;;;;;;;;-;VOLZANDEN;-;G;;;;;*-**-RI-SWA_TRANSPORTLEIDING-VOLZANDEN-G;0.18;130;132;130;130;253;RI-VOLZANDEN-SO;0.35;130;132;130;130;253;RI-VOLZANDEN-SO;0.35;130;132;130;130;253;V-RI-VOLZANDEN-SO;0.35;130;132;130;130;253;RI-VOLZANDEN-SO;;;3891;2138;;
SWA_TRANSPORTLEIDING_BETON;*;-;**;-;RI;-;SWA;_;TRANSPORTLEIDING;_;BETON;;;;;;;;;-;G;;;;;*-**-RI-SWA_TRANSPORTLEIDING_BETON-G;0.18;130;132;130;130;253;RI-SWA-SO;0.35;130;132;130;130;253;RI-SWA-SO;0.35;130;132;130;130;253;V-RI-SWA-SO;0.35;130;132;130;130;253;RI-SWA-SO;;;2139;2138;;
SWA_TRANSPORTLEIDING_BETON_1000;*;-;**;-;RI;-;SWA;_;TRANSPORTLEIDING;_;BETON;_;1000;;;;;;;-;G;;;;;*-**-RI-SWA_TRANSPORTLEIDING_BETON_1000-G;0.18;130;132;130;130;253;RI-SWA-SO;0.35;130;132;130;130;253;RI-SWA-SO;0.35;130;132;130;130;253;V-RI-SWA-SO;0.35;130;132;130;130;253;RI-SWA-SO;;;2140;2139;;
SWA_TRANSPORTLEIDING_BETON_1250;*;-;**;-;RI;-;SWA;_;TRANSPORTLEIDING;_;BETON;_;1250;;;;;;;-;G;;;;;*-**-RI-SWA_TRANSPORTLEIDING_BETON_1250-G;0.18;130;132;130;130;253;RI-SWA-SO;0.35;130;132;130;130;253;RI-SWA-SO;0.35;130;132;130;130;253;V-RI-SWA-SO;0.35;130;132;130;130;253;RI-SWA-SO;;;2141;2139;;
SWA_TRANSPORTLEIDING_BETON_1500;*;-;**;-;RI;-;SWA;_;TRANSPORTLEIDING;_;BETON;_;1500;;;;;;;-;G;;;;;*-**-RI-SWA_TRANSPORTLEIDING_BETON_1500-G;0.18;130;132;130;130;253;RI-SWA-SO;0.35;130;132;130;130;253;RI-SWA-SO;0.35;130;132;130;130;253;V-RI-SWA-SO;0.35;130;132;130;130;253;RI-SWA-SO;;;2142;2139;;
SWA_TRANSPORTLEIDING_BETON_2000;*;-;**;-;RI;-;SWA;_;TRANSPORTLEIDING;_;BETON;_;2000;;;;;;;-;G;;;;;*-**-RI-SWA_TRANSPORTLEIDING_BETON_2000-G;0.18;130;132;130;130;253;RI-SWA-SO;0.35;130;132;130;130;253;RI-SWA-SO;0.35;130;132;130;130;253;V-RI-SWA-SO;0.35;130;132;130;130;253;RI-SWA-SO;;;2143;2139;;
SWA_TRANSPORTLEIDING_BETON_250;*;-;**;-;RI;-;SWA;_;TRANSPORTLEIDING;_;BETON;_;250;;;;;;;-;G;;;;;*-**-RI-SWA_TRANSPORTLEIDING_BETON_250-G;0.18;130;132;130;130;253;RI-SWA-SO;0.35;130;132;130;130;253;RI-SWA-SO;0.35;130;132;130;130;253;V-RI-SWA-SO;0.35;130;132;130;130;253;RI-SWA-SO;;;2144;2139;;
SWA_TRANSPORTLEIDING_BETON_300;*;-;**;-;RI;-;SWA;_;TRANSPORTLEIDING;_;BETON;_;300;;;;;;;-;G;;;;;*-**-RI-SWA_TRANSPORTLEIDING_BETON_300-G;0.18;130;132;130;130;253;RI-SWA-SO;0.35;130;132;130;130;253;RI-SWA-SO;0.35;130;132;130;130;253;V-RI-SWA-SO;0.35;130;132;130;130;253;RI-SWA-SO;;;2145;2139;;
SWA_TRANSPORTLEIDING_BETON_400;*;-;**;-;RI;-;SWA;_;TRANSPORTLEIDING;_;BETON;_;400;;;;;;;-;G;;;;;*-**-RI-SWA_TRANSPORTLEIDING_BETON_400-G;0.18;130;132;130;130;253;RI-SWA-SO;0.35;130;132;130;130;253;RI-SWA-SO;0.35;130;132;130;130;253;V-RI-SWA-SO;0.35;130;132;130;130;253;RI-SWA-SO;;;2146;2139;;
SWA_TRANSPORTLEIDING_BETON_500;*;-;**;-;RI;-;SWA;_;TRANSPORTLEIDING;_;BETON;_;500;;;;;;;-;G;;;;;*-**-RI-SWA_TRANSPORTLEIDING_BETON_500-G;0.18;130;132;130;130;253;RI-SWA-SO;0.35;130;132;130;130;253;RI-SWA-SO;0.35;130;132;130;130;253;V-RI-SWA-SO;0.35;130;132;130;130;253;RI-SWA-SO;;;2147;2139;;
SWA_TRANSPORTLEIDING_BETON_600;*;-;**;-;RI;-;SWA;_;TRANSPORTLEIDING;_;BETON;_;600;;;;;;;-;G;;;;;*-**-RI-SWA_TRANSPORTLEIDING_BETON_600-G;0.18;130;132;130;130;253;RI-SWA-SO;0.35;130;132;130;130;253;RI-SWA-SO;0.35;130;132;130;130;253;V-RI-SWA-SO;0.35;130;132;130;130;253;RI-SWA-SO;;;2148;2139;;
SWA_TRANSPORTLEIDING_BETON_700;*;-;**;-;RI;-;SWA;_;TRANSPORTLEIDING;_;BETON;_;700;;;;;;;-;G;;;;;*-**-RI-SWA_TRANSPORTLEIDING_BETON_700-G;0.18;130;132;130;130;253;RI-SWA-SO;0.35;130;132;130;130;253;RI-SWA-SO;0.35;130;132;130;130;253;V-RI-SWA-SO;0.35;130;132;130;130;253;RI-SWA-SO;;;2149;2139;;
SWA_TRANSPORTLEIDING_BETON_800;*;-;**;-;RI;-;SWA;_;TRANSPORTLEIDING;_;BETON;_;800;;;;;;;-;G;;;;;*-**-RI-SWA_TRANSPORTLEIDING_BETON_800-G;0.18;130;132;130;130;253;RI-SWA-SO;0.35;130;132;130;130;253;RI-SWA-SO;0.35;130;132;130;130;253;V-RI-SWA-SO;0.35;130;132;130;130;253;RI-SWA-SO;;;2150;2139;;
SWA_TRANSPORTLEIDING_BETON_900;*;-;**;-;RI;-;SWA;_;TRANSPORTLEIDING;_;BETON;_;900;;;;;;;-;G;;;;;*-**-RI-SWA_TRANSPORTLEIDING_BETON_900-G;0.18;130;132;130;130;253;RI-SWA-SO;0.35;130;132;130;130;253;RI-SWA-SO;0.35;130;132;130;130;253;V-RI-SWA-SO;0.35;130;132;130;130;253;RI-SWA-SO;;;2151;2139;;
SWA_TRANSPORTLEIDING_BETON_EI;*;-;**;-;RI;-;SWA;_;TRANSPORTLEIDING;_;BETON;_;EI;;;;;;;-;G;;;;;*-**-RI-SWA_TRANSPORTLEIDING_BETON_EI-G;0.18;130;132;130;130;253;RI-SWA-SO;0.35;130;132;130;130;253;RI-SWA-SO;0.35;130;132;130;130;253;V-RI-SWA-SO;0.35;130;132;130;130;253;RI-SWA-SO;;;2152;2139;;
SWA_TRANSPORTLEIDING_BETON_EI_1000X1500;*;-;**;-;RI;-;SWA;_;TRANSPORTLEIDING;_;BETON;_;EI;_;1000X1500;;;;;-;G;;;;;*-**-RI-SWA_TRANSPORTLEIDING_BETON_EI_1000X1500-G;0.18;130;132;130;130;253;RI-SWA-SO;0.35;130;132;130;130;253;RI-SWA-SO;0.35;130;132;130;130;253;V-RI-SWA-SO;0.35;130;132;130;130;253;RI-SWA-SO;;;2153;2152;;
SWA_TRANSPORTLEIDING_BETON_EI_200X300;*;-;**;-;RI;-;SWA;_;TRANSPORTLEIDING;_;BETON;_;EI;_;200X300;;;;;-;G;;;;;*-**-RI-SWA_TRANSPORTLEIDING_BETON_EI_200X300-G;0.18;130;132;130;130;253;RI-SWA-SO;0.35;130;132;130;130;253;RI-SWA-SO;0.35;130;132;130;130;253;V-RI-SWA-SO;0.35;130;132;130;130;253;RI-SWA-SO;;;2154;2152;;
SWA_TRANSPORTLEIDING_BETON_EI_250X375;*;-;**;-;RI;-;SWA;_;TRANSPORTLEIDING;_;BETON;_;EI;_;250X375;;;;;-;G;;;;;*-**-RI-SWA_TRANSPORTLEIDING_BETON_EI_250X375-G;0.18;130;132;130;130;253;RI-SWA-SO;0.35;130;132;130;130;253;RI-SWA-SO;0.35;130;132;130;130;253;V-RI-SWA-SO;0.35;130;132;130;130;253;RI-SWA-SO;;;2155;2152;;
SWA_TRANSPORTLEIDING_BETON_EI_300X450;*;-;**;-;RI;-;SWA;_;TRANSPORTLEIDING;_;BETON;_;EI;_;300X450;;;;;-;G;;;;;*-**-RI-SWA_TRANSPORTLEIDING_BETON_EI_300X450-G;0.18;130;132;130;130;253;RI-SWA-SO;0.35;130;132;130;130;253;RI-SWA-SO;0.35;130;132;130;130;253;V-RI-SWA-SO;0.35;130;132;130;130;253;RI-SWA-SO;;;2156;2152;;
SWA_TRANSPORTLEIDING_BETON_EI_400X600;*;-;**;-;RI;-;SWA;_;TRANSPORTLEIDING;_;BETON;_;EI;_;400X600;;;;;-;G;;;;;*-**-RI-SWA_TRANSPORTLEIDING_BETON_EI_400X600-G;0.18;130;132;130;130;253;RI-SWA-SO;0.35;130;132;130;130;253;RI-SWA-SO;0.35;130;132;130;130;253;V-RI-SWA-SO;0.35;130;132;130;130;253;RI-SWA-SO;;;2157;2152;;
SWA_TRANSPORTLEIDING_BETON_EI_500X750;*;-;**;-;RI;-;SWA;_;TRANSPORTLEIDING;_;BETON;_;EI;_;500X750;;;;;-;G;;;;;*-**-RI-SWA_TRANSPORTLEIDING_BETON_EI_500X750-G;0.18;130;132;130;130;253;RI-SWA-SO;0.35;130;132;130;130;253;RI-SWA-SO;0.35;130;132;130;130;253;V-RI-SWA-SO;0.35;130;132;130;130;253;RI-SWA-SO;;;2158;2152;;
SWA_TRANSPORTLEIDING_BETON_EI_600X900;*;-;**;-;RI;-;SWA;_;TRANSPORTLEIDING;_;BETON;_;EI;_;600X900;;;;;-;G;;;;;*-**-RI-SWA_TRANSPORTLEIDING_BETON_EI_600X900-G;0.18;130;132;130;130;253;RI-SWA-SO;0.35;130;132;130;130;253;RI-SWA-SO;0.35;130;132;130;130;253;V-RI-SWA-SO;0.35;130;132;130;130;253;RI-SWA-SO;;;2159;2152;;
SWA_TRANSPORTLEIDING_BETON_EI_700X1050;*;-;**;-;RI;-;SWA;_;TRANSPORTLEIDING;_;BETON;_;EI;_;700X1050;;;;;-;G;;;;;*-**-RI-SWA_TRANSPORTLEIDING_BETON_EI_700X1050-G;0.18;130;132;130;130;253;RI-SWA-SO;0.35;130;132;130;130;253;RI-SWA-SO;0.35;130;132;130;130;253;V-RI-SWA-SO;0.35;130;132;130;130;253;RI-SWA-SO;;;2160;2152;;
SWA_TRANSPORTLEIDING_BETON_EI_800X1200;*;-;**;-;RI;-;SWA;_;TRANSPORTLEIDING;_;BETON;_;EI;_;800X1200;;;;;-;G;;;;;*-**-RI-SWA_TRANSPORTLEIDING_BETON_EI_800X1200-G;0.18;130;132;130;130;253;RI-SWA-SO;0.35;130;132;130;130;253;RI-SWA-SO;0.35;130;132;130;130;253;V-RI-SWA-SO;0.35;130;132;130;130;253;RI-SWA-SO;;;2161;2152;;
SWA_TRANSPORTLEIDING_BETON_EI_900X1350;*;-;**;-;RI;-;SWA;_;TRANSPORTLEIDING;_;BETON;_;EI;_;900X1350;;;;;-;G;;;;;*-**-RI-SWA_TRANSPORTLEIDING_BETON_EI_900X1350-G;0.18;130;132;130;130;253;RI-SWA-SO;0.35;130;132;130;130;253;RI-SWA-SO;0.35;130;132;130;130;253;V-RI-SWA-SO;0.35;130;132;130;130;253;RI-SWA-SO;;;2162;2152;;
SWA_TRANSPORTLEIDING_GRES;*;-;**;-;RI;-;SWA;_;TRANSPORTLEIDING;_;GRES;;;;;;;;;-;G;;;;;*-**-RI-SWA_TRANSPORTLEIDING_GRES-G;0.18;130;132;130;130;253;RI-SWA-SO;0.35;130;132;130;130;253;RI-SWA-SO;0.35;130;132;130;130;253;V-RI-SWA-SO;0.35;130;132;130;130;253;RI-SWA-SO;;;2163;2138;;
SWA_TRANSPORTLEIDING_GRES_1000;*;-;**;-;RI;-;SWA;_;TRANSPORTLEIDING;_;GRES;_;1000;;;;;;;-;G;;;;;*-**-RI-SWA_TRANSPORTLEIDING_GRES_1000-G;0.18;130;132;130;130;253;RI-SWA-SO;0.35;130;132;130;130;253;RI-SWA-SO;0.35;130;132;130;130;253;V-RI-SWA-SO;0.35;130;132;130;130;253;RI-SWA-SO;;;2164;2163;;
SWA_TRANSPORTLEIDING_GRES_200;*;-;**;-;RI;-;SWA;_;TRANSPORTLEIDING;_;GRES;_;200;;;;;;;-;G;;;;;*-**-RI-SWA_TRANSPORTLEIDING_GRES_200-G;0.18;130;132;130;130;253;RI-SWA-SO;0.35;130;132;130;130;253;RI-SWA-SO;0.35;130;132;130;130;253;V-RI-SWA-SO;0.35;130;132;130;130;253;RI-SWA-SO;;;2165;2163;;
SWA_TRANSPORTLEIDING_GRES_250;*;-;**;-;RI;-;SWA;_;TRANSPORTLEIDING;_;GRES;_;250;;;;;;;-;G;;;;;*-**-RI-SWA_TRANSPORTLEIDING_GRES_250-G;0.18;130;132;130;130;253;RI-SWA-SO;0.35;130;132;130;130;253;RI-SWA-SO;0.35;130;132;130;130;253;V-RI-SWA-SO;0.35;130;132;130;130;253;RI-SWA-SO;;;2166;2163;;
SWA_TRANSPORTLEIDING_GRES_300;*;-;**;-;RI;-;SWA;_;TRANSPORTLEIDING;_;GRES;_;300;;;;;;;-;G;;;;;*-**-RI-SWA_TRANSPORTLEIDING_GRES_300-G;0.18;130;132;130;130;253;RI-SWA-SO;0.35;130;132;130;130;253;RI-SWA-SO;0.35;130;132;130;130;253;V-RI-SWA-SO;0.35;130;132;130;130;253;RI-SWA-SO;;;2167;2163;;
SWA_TRANSPORTLEIDING_GRES_400;*;-;**;-;RI;-;SWA;_;TRANSPORTLEIDING;_;GRES;_;400;;;;;;;-;G;;;;;*-**-RI-SWA_TRANSPORTLEIDING_GRES_400-G;0.18;130;132;130;130;253;RI-SWA-SO;0.35;130;132;130;130;253;RI-SWA-SO;0.35;130;132;130;130;253;V-RI-SWA-SO;0.35;130;132;130;130;253;RI-SWA-SO;;;2168;2163;;
SWA_TRANSPORTLEIDING_GRES_500;*;-;**;-;RI;-;SWA;_;TRANSPORTLEIDING;_;GRES;_;500;;;;;;;-;G;;;;;*-**-RI-SWA_TRANSPORTLEIDING_GRES_500-G;0.18;130;132;130;130;253;RI-SWA-SO;0.35;130;132;130;130;253;RI-SWA-SO;0.35;130;132;130;130;253;V-RI-SWA-SO;0.35;130;132;130;130;253;RI-SWA-SO;;;2169;2163;;
SWA_TRANSPORTLEIDING_GRES_600;*;-;**;-;RI;-;SWA;_;TRANSPORTLEIDING;_;GRES;_;600;;;;;;;-;G;;;;;*-**-RI-SWA_TRANSPORTLEIDING_GRES_600-G;0.18;130;132;130;130;253;RI-SWA-SO;0.35;130;132;130;130;253;RI-SWA-SO;0.35;130;132;130;130;253;V-RI-SWA-SO;0.35;130;132;130;130;253;RI-SWA-SO;;;2170;2163;;
SWA_TRANSPORTLEIDING_GRES_700;*;-;**;-;RI;-;SWA;_;TRANSPORTLEIDING;_;GRES;_;700;;;;;;;-;G;;;;;*-**-RI-SWA_TRANSPORTLEIDING_GRES_700-G;0.18;130;132;130;130;253;RI-SWA-SO;0.35;130;132;130;130;253;RI-SWA-SO;0.35;130;132;130;130;253;V-RI-SWA-SO;0.35;130;132;130;130;253;RI-SWA-SO;;;2171;2163;;
SWA_TRANSPORTLEIDING_GRES_800;*;-;**;-;RI;-;SWA;_;TRANSPORTLEIDING;_;GRES;_;800;;;;;;;-;G;;;;;*-**-RI-SWA_TRANSPORTLEIDING_GRES_800-G;0.18;130;132;130;130;253;RI-SWA-SO;0.35;130;132;130;130;253;RI-SWA-SO;0.35;130;132;130;130;253;V-RI-SWA-SO;0.35;130;132;130;130;253;RI-SWA-SO;;;2172;2163;;
SWA_TRANSPORTLEIDING_GRES_900;*;-;**;-;RI;-;SWA;_;TRANSPORTLEIDING;_;GRES;_;900;;;;;;;-;G;;;;;*-**-RI-SWA_TRANSPORTLEIDING_GRES_900-G;0.18;130;132;130;130;253;RI-SWA-SO;0.35;130;132;130;130;253;RI-SWA-SO;0.35;130;132;130;130;253;V-RI-SWA-SO;0.35;130;132;130;130;253;RI-SWA-SO;;;2173;2163;;
SWA_TRANSPORTLEIDING_PE;*;-;**;-;RI;-;SWA;_;TRANSPORTLEIDING;_;PE;;;;;;;;;-;G;;;;;*-**-RI-SWA_TRANSPORTLEIDING_PE-G;0.18;130;132;130;130;253;RI-SWA-SO;0.35;130;132;130;130;253;RI-SWA-SO;0.35;130;132;130;130;253;V-RI-SWA-SO;0.35;130;132;130;130;253;RI-SWA-SO;;;2174;2138;;
SWA_TRANSPORTLEIDING_PE_160;*;-;**;-;RI;-;SWA;_;TRANSPORTLEIDING;_;PE;_;160;;;;;;;-;G;;;;;*-**-RI-SWA_TRANSPORTLEIDING_PE_160-G;0.18;130;132;130;130;253;RI-SWA-SO;0.35;130;132;130;130;253;RI-SWA-SO;0.35;130;132;130;130;253;V-RI-SWA-SO;0.35;130;132;130;130;253;RI-SWA-SO;;;2175;2174;;
SWA_TRANSPORTLEIDING_PE_250;*;-;**;-;RI;-;SWA;_;TRANSPORTLEIDING;_;PE;_;250;;;;;;;-;G;;;;;*-**-RI-SWA_TRANSPORTLEIDING_PE_250-G;0.18;130;132;130;130;253;RI-SWA-SO;0.35;130;132;130;130;253;RI-SWA-SO;0.35;130;132;130;130;253;V-RI-SWA-SO;0.35;130;132;130;130;253;RI-SWA-SO;;;2176;2174;;
SWA_TRANSPORTLEIDING_PE_315;*;-;**;-;RI;-;SWA;_;TRANSPORTLEIDING;_;PE;_;315;;;;;;;-;G;;;;;*-**-RI-SWA_TRANSPORTLEIDING_PE_315-G;0.18;130;132;130;130;253;RI-SWA-SO;0.35;130;132;130;130;253;RI-SWA-SO;0.35;130;132;130;130;253;V-RI-SWA-SO;0.35;130;132;130;130;253;RI-SWA-SO;;;2177;2174;;
SWA_TRANSPORTLEIDING_PE_355;*;-;**;-;RI;-;SWA;_;TRANSPORTLEIDING;_;PE;_;355;;;;;;;-;G;;;;;*-**-RI-SWA_TRANSPORTLEIDING_PE_355-G;0.18;130;132;130;130;253;RI-SWA-SO;0.35;130;132;130;130;253;RI-SWA-SO;0.35;130;132;130;130;253;V-RI-SWA-SO;0.35;130;132;130;130;253;RI-SWA-SO;;;2178;2174;;
SWA_TRANSPORTLEIDING_PE_400;*;-;**;-;RI;-;SWA;_;TRANSPORTLEIDING;_;PE;_;400;;;;;;;-;G;;;;;*-**-RI-SWA_TRANSPORTLEIDING_PE_400-G;0.18;130;132;130;130;253;RI-SWA-SO;0.35;130;132;130;130;253;RI-SWA-SO;0.35;130;132;130;130;253;V-RI-SWA-SO;0.35;130;132;130;130;253;RI-SWA-SO;;;2179;2174;;
SWA_TRANSPORTLEIDING_PE_450;*;-;**;-;RI;-;SWA;_;TRANSPORTLEIDING;_;PE;_;450;;;;;;;-;G;;;;;*-**-RI-SWA_TRANSPORTLEIDING_PE_450-G;0.18;130;132;130;130;253;RI-SWA-SO;0.35;130;132;130;130;253;RI-SWA-SO;0.35;130;132;130;130;253;V-RI-SWA-SO;0.35;130;132;130;130;253;RI-SWA-SO;;;2180;2174;;
SWA_TRANSPORTLEIDING_PE_500;*;-;**;-;RI;-;SWA;_;TRANSPORTLEIDING;_;PE;_;500;;;;;;;-;G;;;;;*-**-RI-SWA_TRANSPORTLEIDING_PE_500-G;0.18;130;132;130;130;253;RI-SWA-SO;0.35;130;132;130;130;253;RI-SWA-SO;0.35;130;132;130;130;253;V-RI-SWA-SO;0.35;130;132;130;130;253;RI-SWA-SO;;;2181;2174;;
SWA_TRANSPORTLEIDING_PE_560;*;-;**;-;RI;-;SWA;_;TRANSPORTLEIDING;_;PE;_;560;;;;;;;-;G;;;;;*-**-RI-SWA_TRANSPORTLEIDING_PE_560-G;0.18;130;132;130;130;253;RI-SWA-SO;0.35;130;132;130;130;253;RI-SWA-SO;0.35;130;132;130;130;253;V-RI-SWA-SO;0.35;130;132;130;130;253;RI-SWA-SO;;;2182;2174;;
SWA_TRANSPORTLEIDING_PE_630;*;-;**;-;RI;-;SWA;_;TRANSPORTLEIDING;_;PE;_;630;;;;;;;-;G;;;;;*-**-RI-SWA_TRANSPORTLEIDING_PE_630-G;0.18;130;132;130;130;253;RI-SWA-SO;0.35;130;132;130;130;253;RI-SWA-SO;0.35;130;132;130;130;253;V-RI-SWA-SO;0.35;130;132;130;130;253;RI-SWA-SO;;;2183;2174;;
SWA_TRANSPORTLEIDING_PVC;*;-;**;-;RI;-;SWA;_;TRANSPORTLEIDING;_;PVC;;;;;;;;;-;G;;;;;*-**-RI-SWA_TRANSPORTLEIDING_PVC-G;0.18;130;132;130;130;253;RI-SWA-SO;0.35;130;132;130;130;253;RI-SWA-SO;0.35;130;132;130;130;253;V-RI-SWA-SO;0.35;130;132;130;130;253;RI-SWA-SO;;;2184;2138;;
SWA_TRANSPORTLEIDING_PVC_160;*;-;**;-;RI;-;SWA;_;TRANSPORTLEIDING;_;PVC;_;160;;;;;;;-;G;;;;;*-**-RI-SWA_TRANSPORTLEIDING_PVC_160-G;0.18;130;132;130;130;253;RI-SWA-SO;0.35;130;132;130;130;253;RI-SWA-SO;0.35;130;132;130;130;253;V-RI-SWA-SO;0.35;130;132;130;130;253;RI-SWA-SO;;;2185;2184;;
SWA_TRANSPORTLEIDING_PVC_200;*;-;**;-;RI;-;SWA;_;TRANSPORTLEIDING;_;PVC;_;200;;;;;;;-;G;;;;;*-**-RI-SWA_TRANSPORTLEIDING_PVC_200-G;0.18;130;132;130;130;253;RI-SWA-SO;0.35;130;132;130;130;253;RI-SWA-SO;0.35;130;132;130;130;253;V-RI-SWA-SO;0.35;130;132;130;130;253;RI-SWA-SO;;;2186;2184;;
SWA_TRANSPORTLEIDING_PVC_250;*;-;**;-;RI;-;SWA;_;TRANSPORTLEIDING;_;PVC;_;250;;;;;;;-;G;;;;;*-**-RI-SWA_TRANSPORTLEIDING_PVC_250-G;0.18;130;132;130;130;253;RI-SWA-SO;0.35;130;132;130;130;253;RI-SWA-SO;0.35;130;132;130;130;253;V-RI-SWA-SO;0.35;130;132;130;130;253;RI-SWA-SO;;;2187;2184;;
SWA_TRANSPORTLEIDING_PVC_315;*;-;**;-;RI;-;SWA;_;TRANSPORTLEIDING;_;PVC;_;315;;;;;;;-;G;;;;;*-**-RI-SWA_TRANSPORTLEIDING_PVC_315-G;0.18;130;132;130;130;253;RI-SWA-SO;0.35;130;132;130;130;253;RI-SWA-SO;0.35;130;132;130;130;253;V-RI-SWA-SO;0.35;130;132;130;130;253;RI-SWA-SO;;;2188;2184;;
SWA_TRANSPORTLEIDING_PVC_400;*;-;**;-;RI;-;SWA;_;TRANSPORTLEIDING;_;PVC;_;400;;;;;;;-;G;;;;;*-**-RI-SWA_TRANSPORTLEIDING_PVC_400-G;0.18;130;132;130;130;253;RI-SWA-SO;0.35;130;132;130;130;253;RI-SWA-SO;0.35;130;132;130;130;253;V-RI-SWA-SO;0.35;130;132;130;130;253;RI-SWA-SO;;;2189;2184;;
SWA_TRANSPORTLEIDING_PVC_500;*;-;**;-;RI;-;SWA;_;TRANSPORTLEIDING;_;PVC;_;500;;;;;;;-;G;;;;;*-**-RI-SWA_TRANSPORTLEIDING_PVC_500-G;0.18;130;132;130;130;253;RI-SWA-SO;0.35;130;132;130;130;253;RI-SWA-SO;0.35;130;132;130;130;253;V-RI-SWA-SO;0.35;130;132;130;130;253;RI-SWA-SO;;;2190;2184;;
SWA_TRANSPORTLEIDING_PVC_630;*;-;**;-;RI;-;SWA;_;TRANSPORTLEIDING;_;PVC;_;630;;;;;;;-;G;;;;;*-**-RI-SWA_TRANSPORTLEIDING_PVC_630-G;0.18;130;132;130;130;253;RI-SWA-SO;0.35;130;132;130;130;253;RI-SWA-SO;0.35;130;132;130;130;253;V-RI-SWA-SO;0.35;130;132;130;130;253;RI-SWA-SO;;;2191;2184;;
VACUUMLEIDING;*;-;**;-;RI;-;VACUUMLEIDING;;;;;;;;;;;;;-;G;;;;;*-**-RI-VACUUMLEIDING-G;0.18;10;12;10;10;253;RI-VACUUM-SO;0.35;10;12;10;10;253;RI-VACUUM-SO;0.35;10;12;10;10;253;V-RI-VACUUM-SO;0.35;10;12;10;10;253;RI-VACUUM-SO;;;2194;0;;
VACUUMLEIDING-LINING;*;-;**;-;RI;-;VACUUMLEIDING;;;;;;;;;;;-;LINING;-;G;;;;;*-**-RI-VACUUMLEIDING-LINING-G;0.18;10;12;10;10;253;RI-LINING-SO;0.35;10;12;10;10;253;RI-LINING-SO;0.35;10;12;10;10;253;V-RI-LINING-SO;0.35;10;12;10;10;253;RI-LINING-SO;;;3913;2194;;
VACUUMLEIDING-VOLSCHUIMEN;*;-;**;-;RI;-;VACUUMLEIDING;;;;;;;;;;;-;VOLSCHUIMEN;-;G;;;;;*-**-RI-VACUUMLEIDING-VOLSCHUIMEN-G;0.18;10;12;10;10;253;RI-VOLSCHUIMEN-SO;0.35;10;12;10;10;253;RI-VOLSCHUIMEN-SO;0.35;10;12;10;10;253;V-RI-VOLSCHUIMEN-SO;0.35;10;12;10;10;253;RI-VOLSCHUIMEN-SO;;;3914;2194;;
VACUUMLEIDING-VOLZANDEN;*;-;**;-;RI;-;VACUUMLEIDING;;;;;;;;;;;-;VOLZANDEN;-;G;;;;;*-**-RI-VACUUMLEIDING-VOLZANDEN-G;0.18;10;12;10;10;253;RI-VOLZANDEN-SO;0.35;10;12;10;10;253;RI-VOLZANDEN-SO;0.35;10;12;10;10;253;V-RI-VOLZANDEN-SO;0.35;10;12;10;10;253;RI-VOLZANDEN-SO;;;3915;2194;;
VACUUMLEIDING_160;*;-;**;-;RI;-;VACUUMLEIDING;_;160;;;;;;;;;;;-;G;;;;;*-**-RI-VACUUMLEIDING_160-G;0.18;10;12;10;10;253;RI-VACUUM-SO;0.35;10;12;10;10;253;RI-VACUUM-SO;0.35;10;12;10;10;253;V-RI-VACUUM-SO;0.35;10;12;10;10;253;RI-VACUUM-SO;;;2195;2194;;
VACUUMLEIDING_250;*;-;**;-;RI;-;VACUUMLEIDING;_;250;;;;;;;;;;;-;G;;;;;*-**-RI-VACUUMLEIDING_250-G;0.18;10;12;10;10;253;RI-VACUUM-SO;0.35;10;12;10;10;253;RI-VACUUM-SO;0.35;10;12;10;10;253;V-RI-VACUUM-SO;0.35;10;12;10;10;253;RI-VACUUM-SO;;;2196;2194;;
VACUUMLEIDING_315;*;-;**;-;RI;-;VACUUMLEIDING;_;315;;;;;;;;;;;-;G;;;;;*-**-RI-VACUUMLEIDING_315-G;0.18;10;12;10;10;253;RI-VACUUM-SO;0.35;10;12;10;10;253;RI-VACUUM-SO;0.35;10;12;10;10;253;V-RI-VACUUM-SO;0.35;10;12;10;10;253;RI-VACUUM-SO;;;2197;2194;;
VACUUMLEIDING_355;*;-;**;-;RI;-;VACUUMLEIDING;_;355;;;;;;;;;;;-;G;;;;;*-**-RI-VACUUMLEIDING_355-G;0.18;10;12;10;10;253;RI-VACUUM-SO;0.35;10;12;10;10;253;RI-VACUUM-SO;0.35;10;12;10;10;253;V-RI-VACUUM-SO;0.35;10;12;10;10;253;RI-VACUUM-SO;;;2198;2194;;
VACUUMLEIDING_400;*;-;**;-;RI;-;VACUUMLEIDING;_;400;;;;;;;;;;;-;G;;;;;*-**-RI-VACUUMLEIDING_400-G;0.18;10;12;10;10;253;RI-VACUUM-SO;0.35;10;12;10;10;253;RI-VACUUM-SO;0.35;10;12;10;10;253;V-RI-VACUUM-SO;0.35;10;12;10;10;253;RI-VACUUM-SO;;;2199;2194;;
VACUUMLEIDING_450;*;-;**;-;RI;-;VACUUMLEIDING;_;450;;;;;;;;;;;-;G;;;;;*-**-RI-VACUUMLEIDING_450-G;0.18;10;12;10;10;253;RI-VACUUM-SO;0.35;10;12;10;10;253;RI-VACUUM-SO;0.35;10;12;10;10;253;V-RI-VACUUM-SO;0.35;10;12;10;10;253;RI-VACUUM-SO;;;2200;2194;;
VACUUMLEIDING_500;*;-;**;-;RI;-;VACUUMLEIDING;_;500;;;;;;;;;;;-;G;;;;;*-**-RI-VACUUMLEIDING_500-G;0.18;10;12;10;10;253;RI-VACUUM-SO;0.35;10;12;10;10;253;RI-VACUUM-SO;0.35;10;12;10;10;253;V-RI-VACUUM-SO;0.35;10;12;10;10;253;RI-VACUUM-SO;;;2201;2194;;
VACUUMLEIDING_560;*;-;**;-;RI;-;VACUUMLEIDING;_;560;;;;;;;;;;;-;G;;;;;*-**-RI-VACUUMLEIDING_560-G;0.18;10;12;10;10;253;RI-VACUUM-SO;0.35;10;12;10;10;253;RI-VACUUM-SO;0.35;10;12;10;10;253;V-RI-VACUUM-SO;0.35;10;12;10;10;253;RI-VACUUM-SO;;;2202;2194;;
VACUUMLEIDING_630;*;-;**;-;RI;-;VACUUMLEIDING;_;630;;;;;;;;;;;-;G;;;;;*-**-RI-VACUUMLEIDING_630-G;0.18;10;12;10;10;253;RI-VACUUM-SO;0.35;10;12;10;10;253;RI-VACUUM-SO;0.35;10;12;10;10;253;V-RI-VACUUM-SO;0.35;10;12;10;10;253;RI-VACUUM-SO;;;2203;2194;;
VACUUMLEIDING_BOB;*;-;**;-;RI;-;VACUUMLEIDING;_;BOB;;;;;;;;;;;-;G/S;;;;SRI-BOB;*-**-RI-VACUUMLEIDING_BOB-G/S;0.18;10;12;10;10;253;CONTINUOUS;0.35;10;12;10;10;253;RI-PERS-SO;0.35;10;12;10;10;253;V-RI-PERS-SO;0.35;10;12;10;10;253;RI-PERS-SO;;;2204;2194;;
VACUUMLEIDING_DEMARCATIE;*;-;**;-;RI;-;VACUUMLEIDING;_;DEMARCATIE;;;;;;;;;;;-;G/S;;;;SRI-DEMARCATIE;*-**-RI-VACUUMLEIDING_DEMARCATIE-G/S;0.18;10;12;10;10;253;CONTINUOUS;0.35;10;12;10;10;253;RI-PERS-SO;0.35;10;12;10;10;253;V-RI-PERS-SO;0.35;10;12;10;10;253;RI-PERS-SO;;;2205;2194;;
VACUUMLEIDING_GEMAAL;*;-;**;-;RI;-;VACUUMLEIDING;_;GEMAAL;;;;;;;;;;;-;G/S;;;;SRI-GEMAAL;*-**-RI-VACUUMLEIDING_GEMAAL-G/S;0.18;10;12;10;10;253;CONTINUOUS;0.35;10;12;10;10;253;CONTINUOUS;0.35;10;12;10;10;253;V-CONTINUOUS-SO;0.35;10;12;10;10;253;CONTINUOUS;;;2206;2194;;
VACUUMLEIDING_GEMAAL_BESTURINGSKAST;*;-;**;-;RI;-;VACUUMLEIDING;_;GEMAAL;_;BESTURINGSKAST;;;;;;;;;-;G;;;;;*-**-RI-VACUUMLEIDING_GEMAAL_BESTURINGSKAST-G;0.18;10;12;10;10;253;CONTINUOUS;0.35;10;12;10;10;253;CONTINUOUS;0.35;10;12;10;10;253;V-CONTINUOUS-SO;0.35;10;12;10;10;253;CONTINUOUS;;;2207;2206;;
VACUUMLEIDING_HULPSTUK;*;-;**;-;RI;-;VACUUMLEIDING;_;HULPSTUK;;;;;;;;;;;-;G/S;;;;SRI-HULP;*-**-RI-VACUUMLEIDING_HULPSTUK-G/S;0.18;10;12;10;10;253;CONTINUOUS;0.35;10;12;10;10;253;CONTINUOUS;0.35;10;12;10;10;253;V-CONTINUOUS-SO;0.35;10;12;10;10;253;CONTINUOUS;;;2208;2194;;
VACUUMLEIDING_HULPSTUK_AFSLUITER;*;-;**;-;RI;-;VACUUMLEIDING;_;HULPSTUK;_;AFSLUITER;;;;;;;;;-;G/S;;;;SRI-HULP_AFSLUITER;*-**-RI-VACUUMLEIDING_HULPSTUK_AFSLUITER-G/S;0.18;10;12;10;10;253;CONTINUOUS;0.35;10;12;10;10;253;CONTINUOUS;0.35;10;12;10;10;253;V-CONTINUOUS-SO;0.35;10;12;10;10;253;CONTINUOUS;;;3903;2208;;
VACUUMLEIDING_HULPSTUK_BELUCHTING;*;-;**;-;RI;-;VACUUMLEIDING;_;HULPSTUK;_;BELUCHTING;;;;;;;;;-;G/S;;;;SRI-HULP_BELUCHTING;*-**-RI-VACUUMLEIDING_HULPSTUK_BELUCHTING-G/S;0.18;10;12;10;10;253;CONTINUOUS;0.35;10;12;10;10;253;CONTINUOUS;0.35;10;12;10;10;[[R;V-CONTINUOUS-SO;0.35;10;12;10;10;253;CONTINUOUS;;;3904;2208;;
VACUUMLEIDING_HULPSTUK_EINDKAP;*;-;**;-;RI;-;VACUUMLEIDING;_;HULPSTUK;_;EINDKAP;;;;;;;;;-;G/S;;;;SRI-HULP_EINDKAP;*-**-RI-VACUUMLEIDING_HULPSTUK_EINDKAP-G/S;0.18;10;12;10;10;253;CONTINUOUS;0.35;10;12;10;10;253;CONTINUOUS;0.35;10;12;10;10;253;V-CONTINUOUS-SO;0.35;10;12;10;10;253;CONTINUOUS;;;3905;2208;;
VACUUMLEIDING_HULPSTUK_INLAAT;*;-;**;-;RI;-;VACUUMLEIDING;_;HULPSTUK;_;INLAAT;;;;;;;;;-;G;;;;;*-**-RI-VACUUMLEIDING_HULPSTUK_INLAAT-G;0.18;10;12;10;10;253;CONTINUOUS;0.35;10;12;10;10;253;CONTINUOUS;0.35;10;12;10;10;253;V-CONTINUOUS-SO;0.35;10;12;10;10;253;CONTINUOUS;;;2209;2208;;
VACUUMLEIDING_HULPSTUK_KEERKLEP;*;-;**;-;RI;-;VACUUMLEIDING;_;HULPSTUK;_;KEERKLEP;;;;;;;;;-;G/S;;;;SRI-HULP_KEERKLEP;*-**-RI-VACUUMLEIDING_HULPSTUK_KEERKLEP-G/S;0.18;10;12;10;10;253;CONTINUOUS;0.35;10;12;10;10;253;CONTINUOUS;0.35;10;12;10;10;253;V-CONTINUOUS-SO;0.35;10;12;10;10;253;CONTINUOUS;;;3906;2208;;
VACUUMLEIDING_HULPSTUK_ONTLUCHTING;*;-;**;-;RI;-;VACUUMLEIDING;_;HULPSTUK;_;ONTLUCHTING;;;;;;;;;-;G/S;;;;SRI-HULP_ONTLUCHTING;*-**-RI-VACUUMLEIDING_HULPSTUK_ONTLUCHTING-G/S;0.18;10;12;10;10;253;CONTINUOUS;0.35;10;12;10;10;253;CONTINUOUS;0.35;10;12;10;10;253;V-CONTINUOUS-SO;0.35;10;12;10;10;253;CONTINUOUS;;;3907;2208;;
VACUUMLEIDING_HULPSTUK_ONTSTOPPINGSSTUK;*;-;**;-;RI;-;VACUUMLEIDING;_;HULPSTUK;_;ONTSTOPPINGSSTUK;;;;;;;;;-;G;;;;;*-**-RI-VACUUMLEIDING_HULPSTUK_ONTSTOPPINGSSTUK-G;0.18;10;12;10;10;253;CONTINUOUS;0.35;10;12;10;10;253;CONTINUOUS;0.35;10;12;10;10;253;V-CONTINUOUS-SO;0.35;10;12;10;10;253;CONTINUOUS;;;2210;2208;;
VACUUMLEIDING_HULPSTUK_SCHOONMAAKSTUK;*;-;**;-;RI;-;VACUUMLEIDING;_;HULPSTUK;_;SCHOONMAAKSTUK;;;;;;;;;-;G/S;;;;SRI-HULP_SCHOONMAAKSTUK;*-**-RI-VACUUMLEIDING_HULPSTUK_SCHOONMAAKSTUK-G/S;0.18;10;12;10;10;253;CONTINUOUS;0.35;10;12;10;10;253;CONTINUOUS;0.35;10;12;10;10;253;V-CONTINUOUS-SO;0.35;10;12;10;10;253;CONTINUOUS;;;3908;2208;;
VACUUMLEIDING_HULPSTUK_SPUIKRAAN;*;-;**;-;RI;-;VACUUMLEIDING;_;HULPSTUK;_;SPUIKRAAN;;;;;;;;;-;G/S;;;;SRI-HULP_SPUIKRAAN;*-**-RI-VACUUMLEIDING_HULPSTUK_SPUIKRAAN-G/S;0.18;10;12;10;10;253;CONTINUOUS;0.35;10;12;10;10;253;CONTINUOUS;0.35;10;12;10;10;253;V-CONTINUOUS-SO;0.35;10;12;10;10;253;CONTINUOUS;;;3909;2208;;
VACUUMLEIDING_HULPSTUK_VERLOOPSTUK;*;-;**;-;RI;-;VACUUMLEIDING;_;HULPSTUK;_;VERLOOPSTUK;;;;;;;;;-;G/S;;;;SRI-HULP_VERLOOPSTUK;*-**-RI-VACUUMLEIDING_HULPSTUK_VERLOOPSTUK-G/S;0.18;10;12;10;10;253;CONTINUOUS;0.35;10;12;10;10;253;CONTINUOUS;0.35;10;12;10;10;253;V-CONTINUOUS-SO;0.35;10;12;10;10;253;CONTINUOUS;;;3910;2208;;
VACUUMLEIDING_HULPSTUK_VLINDERKLEP;*;-;**;-;RI;-;VACUUMLEIDING;_;HULPSTUK;_;VLINDERKLEP;;;;;;;;;-;G/S;;;;SRI-HULP_VLINDERKLEP;*-**-RI-VACUUMLEIDING_HULPSTUK_VLINDERKLEP-G/S;0.18;10;12;10;10;253;CONTINUOUS;0.35;10;12;10;10;253;CONTINUOUS;0.35;10;12;10;10;253;V-CONTINUOUS-SO;0.35;10;12;10;10;253;CONTINUOUS;;;3911;2208;;
VACUUMLEIDING_MANTELBUIS;*;-;**;-;RI;-;VACUUMLEIDING;_;MANTELBUIS;;;;;;;;;;;-;G;;;;;*-**-RI-VACUUMLEIDING_MANTELBUIS-G;0.18;10;12;10;10;253;CONTINUOUS;0.35;10;12;10;10;253;CONTINUOUS;0.35;10;12;10;10;253;V-CONTINUOUS-SO;0.35;10;12;10;10;253;CONTINUOUS;;;2211;2194;;
VACUUMLEIDING_PUTDEKSELNIVEAU;*;-;**;-;RI;-;VACUUMLEIDING;_;PUTDEKSELNIVEAU;;;;;;;;;;;-;G/S;;;;SRI-PUTDEKSELHOOGTE;*-**-RI-VACUUMLEIDING_PUTDEKSELNIVEAU-G/S;0.18;10;12;10;10;253;CONTINUOUS;0.35;10;12;10;10;253;RI-PERS-SO;0.35;10;12;10;10;253;V-RI-PERS-SO;0.35;10;12;10;10;253;RI-PERS-SO;;;2212;2194;;
VACUUMLEIDING_PUTNUMMER;*;-;**;-;RI;-;VACUUMLEIDING;_;PUTNUMMER;;;;;;;;;;;-;G/S;;;;SRI-PUTNUMMER;*-**-RI-VACUUMLEIDING_PUTNUMMER-G/S;0.18;10;12;10;10;253;CONTINUOUS;0.35;10;12;10;10;253;RI-PERS-SO;0.35;10;12;10;10;253;V-RI-PERS-SO;0.35;10;12;10;10;253;RI-PERS-SO;;;2213;2194;;
VACUUMLEIDING_RIOOLPUT;*;-;**;-;RI;-;VACUUMLEIDING;_;RIOOLPUT;;;;;;;;;;;-;G/S;;;;SRI-PUT_VACUUM;*-**-RI-VACUUMLEIDING_RIOOLPUT-G/S;0.18;10;12;10;10;253;CONTINUOUS;0.35;10;12;10;10;253;CONTINUOUS;0.35;10;12;10;10;253;V-CONTINUOUS-SO;0.35;10;12;10;10;253;CONTINUOUS;;;2214;2194;;
VACUUMLEIDING_RIOOLPUT-LINING;*;-;**;-;RI;-;VACUUMLEIDING;_;RIOOLPUT;;;;;;;;;-;LINING;-;G/S;;;;SRI-PUT_INSPECTIE;*-**-RI-VACUUMLEIDING_RIOOLPUT-LINING-G/S;0.18;10;12;10;10;253;RI-LINING-SO;0.35;10;12;10;10;253;RI-LINING-SO;0.35;10;12;10;10;253;V-RI-LINING-SO;0.35;10;12;10;10;253;RI-LINING-SO;;;3920;2214;;
VACUUMLEIDING_RIOOLPUT-OPHOOGTEBRENGEN;*;-;**;-;RI;-;VACUUMLEIDING;_;RIOOLPUT;;;;;;;;;-;OPHOOGTEBRENGEN;-;G/S;;;; SRI-PUT_OPHOOGTEBRENGEN;*-**-RI-VACUUMLEIDING_RIOOLPUT-OPHOOGTEBRENGEN-G/S;0.18;10;12;10;10;253;RI-OPHOOGTEBRENGEN-SO;0.35;10;12;10;10;253;RI-OPHOOGTEBRENGEN-SO;0.35;10;12;10;10;253;V-RI-OPHOOGTEBRENGEN-SO;0.35;10;12;10;10;253;RI-OPHOOGTEBRENGEN-SO;;;3919;2214;;
VACUUMLEIDING_RIOOLPUT-VOLSCHUIMEN;*;-;**;-;RI;-;VACUUMLEIDING;_;RIOOLPUT;;;;;;;;;-;VOLSCHUIMEN;-;G/S;;;;SRI-PUT_INSPECTIE;*-**-RI-VACUUMLEIDING_RIOOLPUT-VOLSCHUIMEN-G/S;0.18;10;12;10;10;253;RI-VOLSCHUIMEN-SO;0.35;10;12;10;10;253;RI-VOLSCHUIMEN-SO;0.35;10;12;10;10;253;V-RI-VOLSCHUIMEN-SO;0.35;10;12;10;10;253;RI-VOLSCHUIMEN-SO;;;3921;2214;;
VACUUMLEIDING_RIOOLPUT-VOLZANDEN;*;-;**;-;RI;-;VACUUMLEIDING;_;RIOOLPUT;;;;;;;;;-;VOLZANDEN;-;G/S;;;;SRI-PUT_INSPECTIE;*-**-RI-VACUUMLEIDING_RIOOLPUT-VOLZANDEN-G/S;0.18;10;12;10;10;253;RI-VOLZANDEN-SO;0.35;10;12;10;10;253;RI-VOLZANDEN-SO;0.35;10;12;10;10;253;V-RI-VOLZANDEN-SO;0.35;10;12;10;10;253;RI-VOLZANDEN-SO;;;3922;2214;;
VACUUMLEIDING_RIOOLPUT_BETON;*;-;**;-;RI;-;VACUUMLEIDING;_;RIOOLPUT;_;BETON;;;;;;;;;-;G/S;;;;SRI-PUT_BETON;*-**-RI-VACUUMLEIDING_RIOOLPUT_BETON-G/S;0.18;10;12;10;10;253;CONTINUOUS;0.35;10;12;10;10;253;CONTINUOUS;0.35;10;12;10;10;253;V-CONTINUOUS-SO;0.35;10;12;10;10;253;CONTINUOUS;;;3916;2214;;
VACUUMLEIDING_RIOOLPUT_INSPECTIEPUT;*;-;**;-;RI;-;VACUUMLEIDING;_;RIOOLPUT;_;INSPECTIEPUT;;;;;;;;;-;G/S;;;;SRI-PUT_INSPECTIE;*-**-RI-VACUUMLEIDING_RIOOLPUT_INSPECTIEPUT-G;0.18;10;12;10;10;253;CONTINUOUS;0.35;10;12;10;10;253;CONTINUOUS;0.35;10;12;10;10;253;V-CONTINUOUS-SO;0.35;10;12;10;10;253;CONTINUOUS;;;2215;2214;;
VACUUMLEIDING_RIOOLPUT_KUNSTSTOF;*;-;**;-;RI;-;VACUUMLEIDING;_;RIOOLPUT;_;KUNSTSTOF;;;;;;;;;-;G/S;;;;SRI-PUT_KUNSTSTOF;*-**-RI-VACUUMLEIDING_RIOOLPUT_KUNSTSTOF-G/S;0.18;10;12;10;10;253;CONTINUOUS;0.35;10;12;10;10;253;CONTINUOUS;0.35;10;12;10;10;253;V-CONTINUOUS-SO;0.35;10;12;10;10;253;CONTINUOUS;;;3917;2214;;
VACUUMLEIDING_RIOOLPUT_METSELWERK;*;-;**;-;RI;-;VACUUMLEIDING;_;RIOOLPUT;_;METSELWERK;;;;;;;;;-;G/S;;;;SRI-PUT_METSELWERK;*-**-RI-VACUUMLEIDING_RIOOLPUT_METSELWERK-G/S;0.18;10;12;10;10;253;CONTINUOUS;0.35;10;12;10;10;253;CONTINUOUS;0.35;10;12;10;10;253;V-CONTINUOUS-SO;0.35;10;12;10;10;253;CONTINUOUS;;;3918;2214;;
VACUUMLEIDING_RIOOLPUT_POMPPUT;*;-;**;-;RI;-;VACUUMLEIDING;_;RIOOLPUT;_;POMPPUT;;;;;;;;;-;G/S;;;;SRI-PUT_POMPPUT;*-**-RI-VACUUMLEIDING_RIOOLPUT_POMPPUT-G/S;0.18;10;12;10;10;253;CONTINUOUS;0.35;10;12;10;10;253;CONTINUOUS;0.35;10;12;10;10;253;V-CONTINUOUS-SO;0.35;10;12;10;10;253;CONTINUOUS;;;2216;2214;;
VACUUMLEIDING_RIOOLPUT_STUWPUT;*;-;**;-;RI;-;VACUUMLEIDING;_;RIOOLPUT;_;STUWPUT;;;;;;;;;-;G/S;;;;SRI-PUT_STUWPUT;*-**-RI-VACUUMLEIDING_RIOOLPUT_STUWPUT-G/S;0.18;10;12;10;10;253;CONTINUOUS;0.35;10;12;10;10;253;CONTINUOUS;0.35;10;12;10;10;253;V-CONTINUOUS-SO;0.35;10;12;10;10;253;CONTINUOUS;;;2217;2214;;
VACUUMLEIDING_STROMINGSRICHTING;*;-;**;-;RI;-;VACUUMLEIDING;_;STROMINGSRICHTING;;;;;;;;;;;-;G/S;;;;SRI-STROOMRICHTING;*-**-RI-VACUUMLEIDING_STROMINGSRICHTING-G/S;0.18;10;12;10;10;253;CONTINUOUS;0.35;10;12;10;10;253;RI-PERS-SO;0.35;10;12;10;10;253;V-RI-PERS-SO;0.35;10;12;10;10;253;RI-PERS-SO;;;2218;2194;;
