"omschrijving","status","underscore","discipline","underscore2","hoofdgroep","underscore3","object","underscore4","subobject01","underscore5","subobject02","underscore6","subobject03","underscore7","subobject04","underscore8","subobject05","streepje","bewerking","streepje3","element","streepje2","aobject","sobject","laagnaam","lw_b","kl_b","kl_b_a","kl_b_gd","kl_b_gn","kl_b_v","lt_b","lw_n","kl_n","kl_n_a","kl_n_gd","kl_n_gn","kl_n_v","lt_n","lw_v","kl_v","kl_v_a","kl_v_gd","kl_v_gn","kl_v_v","lt_v","lw_t","kl_t","kl_t_a","kl_t_gd","kl_t_gn","kl_t_v","lt_t","vrkl_kort","vrkl_lang","id_nummer","kind_van","objectURI","kind_vanURI"
"GWA_TRANSPORTLEIDING_BETON_EI_300X450","*","_","**","_","RI","_","GWA","_","TRANSPORTLEIDING","_","BETON","_","EI","_","300X450","_","","'-","","'-","G","'-","","","*_**_RI_GWA_TRANSPORTLEIDING_BETON_EI_300X450","0.18","30","32","30","30","253","RI-GWA-SO","0.35","30","32","30","30","253","RI-GWA-SO","0.35","30","32","30","30","253","V-RI-GWA-SO","0.35","30","32","30","30","253","RI-GWA-SO","","","1749","1745","http://digitalbuildingdata.tech/nlcs/def/400e39b8-62b4-458a-8f8d-26f4b56006ed","http://digitalbuildingdata.tech/nlcs/def/b0c91813-8f81-4802-be54-bba38b76ea63"
"GWA_TRANSPORTLEIDING_BETON_EI_1000X1500","*","_","**","_","RI","_","GWA","_","TRANSPORTLEIDING","_","BETON","_","EI","_","1000X1500","_","","'-","","'-","G","'-","","","*_**_RI_GWA_TRANSPORTLEIDING_BETON_EI_1000X1500","0.18","30","32","30","30","253","RI-GWA-SO","0.35","30","32","30","30","253","RI-GWA-SO","0.35","30","32","30","30","253","V-RI-GWA-SO","0.35","30","32","30","30","253","RI-GWA-SO","","","1746","1745","http://digitalbuildingdata.tech/nlcs/def/8688ed3d-c711-4346-9055-71cf24e2b3a2","http://digitalbuildingdata.tech/nlcs/def/b0c91813-8f81-4802-be54-bba38b76ea63"
"DWA_RIOOLLEIDING_BETON_EI_250X375","*","_","**","_","RI","_","DWA","_","RIOOLLEIDING","_","BETON","_","EI","_","250X375","_","","'-","","'-","G","'-","","","*_**_RI_DWA_RIOOLLEIDING_BETON_EI_250X375","0.18","20","22","20","20","253","RI-DWA-SO","0.35","20","22","20","20","253","RI-DWA-SO","0.35","20","22","20","20","253","V-RI-DWA-SO","0.35","20","22","20","20","253","RI-DWA-SO","","","3961","3958","http://digitalbuildingdata.tech/nlcs/def/8f04a54c-48cb-4577-bc0f-80b4f4166138","http://digitalbuildingdata.tech/nlcs/def/419180bb-c6d9-48c7-8957-9ba7383f85d1"
"HWA_RIOOLLEIDING_BETON_EI_400X600","*","_","**","_","RI","_","HWA","_","RIOOLLEIDING","_","BETON","_","EI","_","400X600","_","","'-","","'-","G","'-","","","*_**_RI_HWA_RIOOLLEIDING_BETON_EI_400X600","0.18","150","152","150","150","253","RI-HWA-SO","0.35","150","152","150","150","253","RI-HWA-SO","0.35","150","152","150","150","253","V-RI-HWA-SO","0.35","150","152","150","150","253","RI-HWA-SO","","","3729","3724","http://digitalbuildingdata.tech/nlcs/def/52922477-c40e-495d-b1ad-676dc80c2dbf","http://digitalbuildingdata.tech/nlcs/def/aed8034d-f921-4c79-8687-3b4b24d2fae9"
"HWA_RIOOLLEIDING_BETON_EI_800X1200","*","_","**","_","RI","_","HWA","_","RIOOLLEIDING","_","BETON","_","EI","_","800X1200","_","","'-","","'-","G","'-","","","*_**_RI_HWA_RIOOLLEIDING_BETON_EI_800X1200","0.18","150","152","150","150","253","RI-HWA-SO","0.35","150","152","150","150","253","RI-HWA-SO","0.35","150","152","150","150","253","V-RI-HWA-SO","0.35","150","152","150","150","253","RI-HWA-SO","","","3733","3724","http://digitalbuildingdata.tech/nlcs/def/7f4a03e0-f791-4821-810b-d3be459003c4","http://digitalbuildingdata.tech/nlcs/def/aed8034d-f921-4c79-8687-3b4b24d2fae9"
"HWA_TRANSPORTLEIDING_BETON_EI_900X1350","*","_","**","_","RI","_","HWA","_","TRANSPORTLEIDING","_","BETON","_","EI","_","900X1350","_","","'-","","'-","G","'-","","","*_**_RI_HWA_TRANSPORTLEIDING_BETON_EI_900X1350","0.18","150","152","150","150","253","RI-HWA-SO","0.35","150","152","150","150","253","RI-HWA-SO","0.35","150","152","150","150","253","V-RI-HWA-SO","0.35","150","152","150","150","253","RI-HWA-SO","","","1884","1874","http://digitalbuildingdata.tech/nlcs/def/9a6e024f-1069-48ab-be12-c789428f5abc","http://digitalbuildingdata.tech/nlcs/def/85095ba0-d09c-4a03-b21e-438b36683523"
"DWA_RIOOLLEIDING_BETON_EI_1000X1500","*","_","**","_","RI","_","DWA","_","RIOOLLEIDING","_","BETON","_","EI","_","1000X1500","_","","'-","","'-","G","'-","","","*_**_RI_DWA_RIOOLLEIDING_BETON_EI_1000X1500","0.18","20","22","20","20","253","RI-DWA-SO","0.35","20","22","20","20","253","RI-DWA-SO","0.35","20","22","20","20","253","V-RI-DWA-SO","0.35","20","22","20","20","253","RI-DWA-SO","","","3959","3958","http://digitalbuildingdata.tech/nlcs/def/41cca3ca-b8d3-4abf-acd6-35935149be85","http://digitalbuildingdata.tech/nlcs/def/419180bb-c6d9-48c7-8957-9ba7383f85d1"
"HWA_RIOOLLEIDING_BETON_EI_500X750","*","_","**","_","RI","_","HWA","_","RIOOLLEIDING","_","BETON","_","EI","_","500X750","_","","'-","","'-","G","'-","","","*_**_RI_HWA_RIOOLLEIDING_BETON_EI_500X750","0.18","150","152","150","150","253","RI-HWA-SO","0.35","150","152","150","150","253","RI-HWA-SO","0.35","150","152","150","150","253","V-RI-HWA-SO","0.35","150","152","150","150","253","RI-HWA-SO","","","3730","3724","http://digitalbuildingdata.tech/nlcs/def/8e2468a7-0f5f-427c-b096-2e59f6f9a660","http://digitalbuildingdata.tech/nlcs/def/aed8034d-f921-4c79-8687-3b4b24d2fae9"
"DWA_RIOOLLEIDING_BETON_EI_800X1200","*","_","**","_","RI","_","DWA","_","RIOOLLEIDING","_","BETON","_","EI","_","800X1200","_","","'-","","'-","G","'-","","","*_**_RI_DWA_RIOOLLEIDING_BETON_EI_800X1200","0.18","20","22","20","20","253","RI-DWA-SO","0.35","20","22","20","20","253","RI-DWA-SO","0.35","20","22","20","20","253","V-RI-DWA-SO","0.35","20","22","20","20","253","RI-DWA-SO","","","3967","3958","http://digitalbuildingdata.tech/nlcs/def/9db57592-4f19-40d1-a519-6a6c6be20297","http://digitalbuildingdata.tech/nlcs/def/419180bb-c6d9-48c7-8957-9ba7383f85d1"
"DWA_TRANSPORTLEIDING_BETON_EI_900X1350","*","_","**","_","RI","_","DWA","_","TRANSPORTLEIDING","_","BETON","_","EI","_","900X1350","_","","'-","","'-","G","'-","","","*_**_RI_DWA_TRANSPORTLEIDING_BETON_EI_900X1350","0.18","20","22","20","20","253","RI-DWA-SO","0.35","20","22","20","20","253","RI-DWA-SO","0.35","20","22","20","20","253","V-RI-DWA-SO","0.35","20","22","20","20","253","RI-DWA-SO","","","2310","2300","http://digitalbuildingdata.tech/nlcs/def/f30b909c-301d-4571-9a8d-bf5e479b28df","http://digitalbuildingdata.tech/nlcs/def/191b2536-d2f2-4468-9696-459076108e2e"
"GWA_TRANSPORTLEIDING_BETON_EI_600X900","*","_","**","_","RI","_","GWA","_","TRANSPORTLEIDING","_","BETON","_","EI","_","600X900","_","","'-","","'-","G","'-","","","*_**_RI_GWA_TRANSPORTLEIDING_BETON_EI_600X900","0.18","30","32","30","30","253","RI-GWA-SO","0.35","30","32","30","30","253","RI-GWA-SO","0.35","30","32","30","30","253","V-RI-GWA-SO","0.35","30","32","30","30","253","RI-GWA-SO","","","1752","1745","http://digitalbuildingdata.tech/nlcs/def/11b5a951-c8f6-4854-a843-dbedc37337d8","http://digitalbuildingdata.tech/nlcs/def/b0c91813-8f81-4802-be54-bba38b76ea63"
"DWA_RIOOLLEIDING_BETON_EI_900X1350","*","_","**","_","RI","_","DWA","_","RIOOLLEIDING","_","BETON","_","EI","_","900X1350","_","","'-","","'-","G","'-","","","*_**_RI_DWA_RIOOLLEIDING_BETON_EI_900X1350","0.18","20","22","20","20","253","RI-DWA-SO","0.35","20","22","20","20","253","RI-DWA-SO","0.35","20","22","20","20","253","V-RI-DWA-SO","0.35","20","22","20","20","253","RI-DWA-SO","","","3968","3958","http://digitalbuildingdata.tech/nlcs/def/637de6b3-c7c6-4e74-a948-a4dbcf12b604","http://digitalbuildingdata.tech/nlcs/def/419180bb-c6d9-48c7-8957-9ba7383f85d1"
"DWA_TRANSPORTLEIDING_BETON_EI_200X300","*","_","**","_","RI","_","DWA","_","TRANSPORTLEIDING","_","BETON","_","EI","_","200X300","_","","'-","","'-","G","'-","","","*_**_RI_DWA_TRANSPORTLEIDING_BETON_EI_200X300","0.18","20","22","20","20","253","RI-DWA-SO","0.35","20","22","20","20","253","RI-DWA-SO","0.35","20","22","20","20","253","V-RI-DWA-SO","0.35","20","22","20","20","253","RI-DWA-SO","","","2302","2300","http://digitalbuildingdata.tech/nlcs/def/9a2757af-c64f-4111-8699-82cc8885188c","http://digitalbuildingdata.tech/nlcs/def/191b2536-d2f2-4468-9696-459076108e2e"
"DWA_TRANSPORTLEIDING_BETON_EI_700X1050","*","_","**","_","RI","_","DWA","_","TRANSPORTLEIDING","_","BETON","_","EI","_","700X1050","_","","'-","","'-","G","'-","","","*_**_RI_DWA_TRANSPORTLEIDING_BETON_EI_700X1050","0.18","20","22","20","20","253","RI-DWA-SO","0.35","20","22","20","20","253","RI-DWA-SO","0.35","20","22","20","20","253","V-RI-DWA-SO","0.35","20","22","20","20","253","RI-DWA-SO","","","2308","2300","http://digitalbuildingdata.tech/nlcs/def/0b25fdf4-2f94-45a3-9b24-08beae0174d6","http://digitalbuildingdata.tech/nlcs/def/191b2536-d2f2-4468-9696-459076108e2e"
"GWA_RIOOLLEIDING_BETON_EI_600X900","*","_","**","_","RI","_","GWA","_","RIOOLLEIDING","_","BETON","_","EI","_","600X900","_","","'-","","'-","G","'-","","","*_**_RI_GWA_RIOOLLEIDING_BETON_EI_600X900","0.18","30","32","30","30","253","RI-GWA-SO","0.35","30","32","30","30","253","RI-GWA-SO","0.35","30","32","30","30","253","V-RI-GWA-SO","0.35","30","32","30","30","253","RI-GWA-SO","","","3638","3631","http://digitalbuildingdata.tech/nlcs/def/6744986f-f901-4be0-b62f-6b6cac3efa03","http://digitalbuildingdata.tech/nlcs/def/f9693f4a-d394-41fc-a00f-f5098e5d5067"
"DWA_RIOOLLEIDING_BETON_EI_700X1050","*","_","**","_","RI","_","DWA","_","RIOOLLEIDING","_","BETON","_","EI","_","700X1050","_","","'-","","'-","G","'-","","","*_**_RI_DWA_RIOOLLEIDING_BETON_EI_700X1050","0.18","20","22","20","20","253","RI-DWA-SO","0.35","20","22","20","20","253","RI-DWA-SO","0.35","20","22","20","20","253","V-RI-DWA-SO","0.35","20","22","20","20","253","RI-DWA-SO","","","3966","3958","http://digitalbuildingdata.tech/nlcs/def/f546e764-fe0d-4c38-a61c-693c1c2c51d2","http://digitalbuildingdata.tech/nlcs/def/419180bb-c6d9-48c7-8957-9ba7383f85d1"
"HWA_TRANSPORTLEIDING_BETON_EI_300X450","*","_","**","_","RI","_","HWA","_","TRANSPORTLEIDING","_","BETON","_","EI","_","300X450","_","","'-","","'-","G","'-","","","*_**_RI_HWA_TRANSPORTLEIDING_BETON_EI_300X450","0.18","150","152","150","150","253","RI-HWA-SO","0.35","150","152","150","150","253","RI-HWA-SO","0.35","150","152","150","150","253","V-RI-HWA-SO","0.35","150","152","150","150","253","RI-HWA-SO","","","1878","1874","http://digitalbuildingdata.tech/nlcs/def/98f021de-921f-4e1c-b41d-5ad2d3d628a4","http://digitalbuildingdata.tech/nlcs/def/85095ba0-d09c-4a03-b21e-438b36683523"
"HWA_TRANSPORTLEIDING_BETON_EI_250X375","*","_","**","_","RI","_","HWA","_","TRANSPORTLEIDING","_","BETON","_","EI","_","250X375","_","","'-","","'-","G","'-","","","*_**_RI_HWA_TRANSPORTLEIDING_BETON_EI_250X375","0.18","150","152","150","150","253","RI-HWA-SO","0.35","150","152","150","150","253","RI-HWA-SO","0.35","150","152","150","150","253","V-RI-HWA-SO","0.35","150","152","150","150","253","RI-HWA-SO","","","1877","1874","http://digitalbuildingdata.tech/nlcs/def/a56b3f9e-29a8-4cc6-94f6-002314bd0047","http://digitalbuildingdata.tech/nlcs/def/85095ba0-d09c-4a03-b21e-438b36683523"
"GWA_RIOOLLEIDING_BETON_EI_800X1200","*","_","**","_","RI","_","GWA","_","RIOOLLEIDING","_","BETON","_","EI","_","800X1200","_","","'-","","'-","G","'-","","","*_**_RI_GWA_RIOOLLEIDING_BETON_EI_800X1200","0.18","30","32","30","30","253","RI-GWA-SO","0.35","30","32","30","30","253","RI-GWA-SO","0.35","30","32","30","30","253","V-RI-GWA-SO","0.35","30","32","30","30","253","RI-GWA-SO","","","3640","3631","http://digitalbuildingdata.tech/nlcs/def/30f3c50e-7e39-48af-9554-95ba8731a78e","http://digitalbuildingdata.tech/nlcs/def/f9693f4a-d394-41fc-a00f-f5098e5d5067"
"HWA_RIOOLLEIDING_BETON_EI_600X900","*","_","**","_","RI","_","HWA","_","RIOOLLEIDING","_","BETON","_","EI","_","600X900","_","","'-","","'-","G","'-","","","*_**_RI_HWA_RIOOLLEIDING_BETON_EI_600X900","0.18","150","152","150","150","253","RI-HWA-SO","0.35","150","152","150","150","253","RI-HWA-SO","0.35","150","152","150","150","253","V-RI-HWA-SO","0.35","150","152","150","150","253","RI-HWA-SO","","","3731","3724","http://digitalbuildingdata.tech/nlcs/def/6135d66a-27a3-40e2-977f-d413bff4e2ea","http://digitalbuildingdata.tech/nlcs/def/aed8034d-f921-4c79-8687-3b4b24d2fae9"
"DWA_TRANSPORTLEIDING_BETON_EI_500X750","*","_","**","_","RI","_","DWA","_","TRANSPORTLEIDING","_","BETON","_","EI","_","500X750","_","","'-","","'-","G","'-","","","*_**_RI_DWA_TRANSPORTLEIDING_BETON_EI_500X750","0.18","20","22","20","20","253","RI-DWA-SO","0.35","20","22","20","20","253","RI-DWA-SO","0.35","20","22","20","20","253","V-RI-DWA-SO","0.35","20","22","20","20","253","RI-DWA-SO","","","2306","2300","http://digitalbuildingdata.tech/nlcs/def/ccd3ae41-80b3-4579-a236-b9a25daa15f4","http://digitalbuildingdata.tech/nlcs/def/191b2536-d2f2-4468-9696-459076108e2e"
"DWA_TRANSPORTLEIDING_BETON_EI_800X1200","*","_","**","_","RI","_","DWA","_","TRANSPORTLEIDING","_","BETON","_","EI","_","800X1200","_","","'-","","'-","G","'-","","","*_**_RI_DWA_TRANSPORTLEIDING_BETON_EI_800X1200","0.18","20","22","20","20","253","RI-DWA-SO","0.35","20","22","20","20","253","RI-DWA-SO","0.35","20","22","20","20","253","V-RI-DWA-SO","0.35","20","22","20","20","253","RI-DWA-SO","","","2309","2300","http://digitalbuildingdata.tech/nlcs/def/2e8739eb-03c5-4a80-85cd-4b9cea07a40b","http://digitalbuildingdata.tech/nlcs/def/191b2536-d2f2-4468-9696-459076108e2e"
"GWA_RIOOLLEIDING_BETON_EI_1000X1500","*","_","**","_","RI","_","GWA","_","RIOOLLEIDING","_","BETON","_","EI","_","1000X1500","_","","'-","","'-","G","'-","","","*_**_RI_GWA_RIOOLLEIDING_BETON_EI_1000X1500","0.18","30","32","30","30","253","RI-GWA-SO","0.35","30","32","30","30","253","RI-GWA-SO","0.35","30","32","30","30","253","V-RI-GWA-SO","0.35","30","32","30","30","253","RI-GWA-SO","","","3632","3631","http://digitalbuildingdata.tech/nlcs/def/e44ecac8-2add-4c73-894e-0706683298d3","http://digitalbuildingdata.tech/nlcs/def/f9693f4a-d394-41fc-a00f-f5098e5d5067"
"HWA_RIOOLLEIDING_BETON_EI_1000X1500","*","_","**","_","RI","_","HWA","_","RIOOLLEIDING","_","BETON","_","EI","_","1000X1500","_","","'-","","'-","G","'-","","","*_**_RI_HWA_RIOOLLEIDING_BETON_EI_1000X1500","0.18","150","152","150","150","253","RI-HWA-SO","0.35","150","152","150","150","253","RI-HWA-SO","0.35","150","152","150","150","253","V-RI-HWA-SO","0.35","150","152","150","150","253","RI-HWA-SO","","","3725","3724","http://digitalbuildingdata.tech/nlcs/def/ef2e2e89-a845-4ce8-99ac-ba279618c47b","http://digitalbuildingdata.tech/nlcs/def/aed8034d-f921-4c79-8687-3b4b24d2fae9"
"DWA_TRANSPORTLEIDING_BETON_EI_1000X1500","*","_","**","_","RI","_","DWA","_","TRANSPORTLEIDING","_","BETON","_","EI","_","1000X1500","_","","'-","","'-","G","'-","","","*_**_RI_DWA_TRANSPORTLEIDING_BETON_EI_1000X1500","0.18","20","22","20","20","253","RI-DWA-SO","0.35","20","22","20","20","253","RI-DWA-SO","0.35","20","22","20","20","253","V-RI-DWA-SO","0.35","20","22","20","20","253","RI-DWA-SO","","","2301","2300","http://digitalbuildingdata.tech/nlcs/def/fceb2680-974a-457d-bcca-9d292a12b4e2","http://digitalbuildingdata.tech/nlcs/def/191b2536-d2f2-4468-9696-459076108e2e"
"HWA_TRANSPORTLEIDING_BETON_EI_600X900","*","_","**","_","RI","_","HWA","_","TRANSPORTLEIDING","_","BETON","_","EI","_","600X900","_","","'-","","'-","G","'-","","","*_**_RI_HWA_TRANSPORTLEIDING_BETON_EI_600X900","0.18","150","152","150","150","253","RI-HWA-SO","0.35","150","152","150","150","253","RI-HWA-SO","0.35","150","152","150","150","253","V-RI-HWA-SO","0.35","150","152","150","150","253","RI-HWA-SO","","","1881","1874","http://digitalbuildingdata.tech/nlcs/def/8fc2d867-baea-4606-814a-2e2dbf703a5f","http://digitalbuildingdata.tech/nlcs/def/85095ba0-d09c-4a03-b21e-438b36683523"
"GWA_TRANSPORTLEIDING_BETON_EI_250X375","*","_","**","_","RI","_","GWA","_","TRANSPORTLEIDING","_","BETON","_","EI","_","250X375","_","","'-","","'-","G","'-","","","*_**_RI_GWA_TRANSPORTLEIDING_BETON_EI_250X375","0.18","30","32","30","30","253","RI-GWA-SO","0.35","30","32","30","30","253","RI-GWA-SO","0.35","30","32","30","30","253","V-RI-GWA-SO","0.35","30","32","30","30","253","RI-GWA-SO","","","1748","1745","http://digitalbuildingdata.tech/nlcs/def/57f7e812-a281-4127-b54d-b3b8bd5b6694","http://digitalbuildingdata.tech/nlcs/def/b0c91813-8f81-4802-be54-bba38b76ea63"
"DWA_RIOOLPUT_INSPECTIEPUT_HONDEHOKPUT_BETON","*","_","**","_","RI","_","DWA","_","RIOOLPUT","_","INSPECTIEPUT","_","HONDEHOKPUT","_","BETON","_","","'-","","'-","G","'-","","","*_**_RI_DWA_RIOOLPUT_INSPECTIEPUT_HONDEHOKPUT_BETON","0.18","20","22","20","20","253","CONTINUOUS","0.35","20","22","20","20","253","CONTINUOUS","0.35","20","22","20","20","253","V-CONTINUOUS-SO","0.35","20","22","20","20","253","CONTINUOUS","","","2256","2255","http://digitalbuildingdata.tech/nlcs/def/e6521c69-7b70-4be1-87ab-8a0a4e20d0ca","http://digitalbuildingdata.tech/nlcs/def/a9457ce2-213f-4de7-a598-8864213f28e4"
"HWA_TRANSPORTLEIDING_BETON_EI_200X300","*","_","**","_","RI","_","HWA","_","TRANSPORTLEIDING","_","BETON","_","EI","_","200X300","_","","'-","","'-","G","'-","","","*_**_RI_HWA_TRANSPORTLEIDING_BETON_EI_200X300","0.18","150","152","150","150","253","RI-HWA-SO","0.35","150","152","150","150","253","RI-HWA-SO","0.35","150","152","150","150","253","V-RI-HWA-SO","0.35","150","152","150","150","253","RI-HWA-SO","","","1876","1874","http://digitalbuildingdata.tech/nlcs/def/4cd6cc69-72a8-4e04-b925-8a0a572a0877","http://digitalbuildingdata.tech/nlcs/def/85095ba0-d09c-4a03-b21e-438b36683523"
"GWA_TRANSPORTLEIDING_BETON_EI_500X750","*","_","**","_","RI","_","GWA","_","TRANSPORTLEIDING","_","BETON","_","EI","_","500X750","_","","'-","","'-","G","'-","","","*_**_RI_GWA_TRANSPORTLEIDING_BETON_EI_500X750","0.18","30","32","30","30","253","RI-GWA-SO","0.35","30","32","30","30","253","RI-GWA-SO","0.35","30","32","30","30","253","V-RI-GWA-SO","0.35","30","32","30","30","253","RI-GWA-SO","","","1751","1745","http://digitalbuildingdata.tech/nlcs/def/5b1aa239-aba1-4439-b73f-3e8249928015","http://digitalbuildingdata.tech/nlcs/def/b0c91813-8f81-4802-be54-bba38b76ea63"
"HWA_TRANSPORTLEIDING_BETON_EI_500X750","*","_","**","_","RI","_","HWA","_","TRANSPORTLEIDING","_","BETON","_","EI","_","500X750","_","","'-","","'-","G","'-","","","*_**_RI_HWA_TRANSPORTLEIDING_BETON_EI_500X750","0.18","150","152","150","150","253","RI-HWA-SO","0.35","150","152","150","150","253","RI-HWA-SO","0.35","150","152","150","150","253","V-RI-HWA-SO","0.35","150","152","150","150","253","RI-HWA-SO","","","1880","1874","http://digitalbuildingdata.tech/nlcs/def/3591fe05-b959-4295-8913-92cf4b6fbf9f","http://digitalbuildingdata.tech/nlcs/def/85095ba0-d09c-4a03-b21e-438b36683523"
"GWA_RIOOLLEIDING_BETON_EI_500X750","*","_","**","_","RI","_","GWA","_","RIOOLLEIDING","_","BETON","_","EI","_","500X750","_","","'-","","'-","G","'-","","","*_**_RI_GWA_RIOOLLEIDING_BETON_EI_500X750","0.18","30","32","30","30","253","RI-GWA-SO","0.35","30","32","30","30","253","RI-GWA-SO","0.35","30","32","30","30","253","V-RI-GWA-SO","0.35","30","32","30","30","253","RI-GWA-SO","","","3637","3631","http://digitalbuildingdata.tech/nlcs/def/4580633a-74b1-446f-9f2e-495b1e0ea2d9","http://digitalbuildingdata.tech/nlcs/def/f9693f4a-d394-41fc-a00f-f5098e5d5067"
"HWA_RIOOLLEIDING_BETON_EI_200X300","*","_","**","_","RI","_","HWA","_","RIOOLLEIDING","_","BETON","_","EI","_","200X300","_","","'-","","'-","G","'-","","","*_**_RI_HWA_RIOOLLEIDING_BETON_EI_200X300","0.18","150","152","150","150","253","RI-HWA-SO","0.35","150","152","150","150","253","RI-HWA-SO","0.35","150","152","150","150","253","V-RI-HWA-SO","0.35","150","152","150","150","253","RI-HWA-SO","","","3726","3724","http://digitalbuildingdata.tech/nlcs/def/d5f28a41-79a1-4814-92ee-2f5e11e4370f","http://digitalbuildingdata.tech/nlcs/def/aed8034d-f921-4c79-8687-3b4b24d2fae9"
"HWA_RIOOLPUT_INSPECTIEPUT_HONDEHOKPUT_BETON","*","_","**","_","RI","_","HWA","_","RIOOLPUT","_","INSPECTIEPUT","_","HONDEHOKPUT","_","BETON","_","","'-","","'-","G","'-","","","*_**_RI_HWA_RIOOLPUT_INSPECTIEPUT_HONDEHOKPUT_BETON","0.18","150","152","150","150","253","CONTINUOUS","0.35","150","152","150","150","253","CONTINUOUS","0.35","150","152","150","150","253","V-CONTINUOUS-SO","0.35","150","152","150","150","253","CONTINUOUS","","","1838","1837","http://digitalbuildingdata.tech/nlcs/def/c0ff43f5-ed15-4f6c-8c6a-c346fa779edb","http://digitalbuildingdata.tech/nlcs/def/30e28620-76d7-4072-a0d7-f5d9fac35726"
"GWA_TRANSPORTLEIDING_BETON_EI_900X1350","*","_","**","_","RI","_","GWA","_","TRANSPORTLEIDING","_","BETON","_","EI","_","900X1350","_","","'-","","'-","G","'-","","","*_**_RI_GWA_TRANSPORTLEIDING_BETON_EI_900X1350","0.18","30","32","30","30","253","RI-GWA-SO","0.35","30","32","30","30","253","RI-GWA-SO","0.35","30","32","30","30","253","V-RI-GWA-SO","0.35","30","32","30","30","253","RI-GWA-SO","","","1755","1745","http://digitalbuildingdata.tech/nlcs/def/d59289e8-4c83-4557-a189-1276a0412960","http://digitalbuildingdata.tech/nlcs/def/b0c91813-8f81-4802-be54-bba38b76ea63"
"DWA_RIOOLLEIDING_BETON_EI_400X600","*","_","**","_","RI","_","DWA","_","RIOOLLEIDING","_","BETON","_","EI","_","400X600","_","","'-","","'-","G","'-","","","*_**_RI_DWA_RIOOLLEIDING_BETON_EI_400X600","0.18","20","22","20","20","253","RI-DWA-SO","0.35","20","22","20","20","253","RI-DWA-SO","0.35","20","22","20","20","253","V-RI-DWA-SO","0.35","20","22","20","20","253","RI-DWA-SO","","","3963","3958","http://digitalbuildingdata.tech/nlcs/def/3762b61d-d97f-4de6-a7e5-d8be45e5cac6","http://digitalbuildingdata.tech/nlcs/def/419180bb-c6d9-48c7-8957-9ba7383f85d1"
"GWA_RIOOLLEIDING_BETON_EI_200X300","*","_","**","_","RI","_","GWA","_","RIOOLLEIDING","_","BETON","_","EI","_","200X300","_","","'-","","'-","G","'-","","","*_**_RI_GWA_RIOOLLEIDING_BETON_EI_200X300","0.18","30","32","30","30","253","RI-GWA-SO","0.35","30","32","30","30","253","RI-GWA-SO","0.35","30","32","30","30","253","V-RI-GWA-SO","0.35","30","32","30","30","253","RI-GWA-SO","","","3633","3631","http://digitalbuildingdata.tech/nlcs/def/cb777573-20e2-4fbe-90d4-73ab55c434fc","http://digitalbuildingdata.tech/nlcs/def/f9693f4a-d394-41fc-a00f-f5098e5d5067"
"HWA_RIOOLLEIDING_BETON_EI_300X450","*","_","**","_","RI","_","HWA","_","RIOOLLEIDING","_","BETON","_","EI","_","300X450","_","","'-","","'-","G","'-","","","*_**_RI_HWA_RIOOLLEIDING_BETON_EI_300X450","0.18","150","152","150","150","253","RI-HWA-SO","0.35","150","152","150","150","253","RI-HWA-SO","0.35","150","152","150","150","253","V-RI-HWA-SO","0.35","150","152","150","150","253","RI-HWA-SO","","","3728","3724","http://digitalbuildingdata.tech/nlcs/def/3d8fc48c-4d8c-415a-87de-a12ee06f5855","http://digitalbuildingdata.tech/nlcs/def/aed8034d-f921-4c79-8687-3b4b24d2fae9"
"GWA_RIOOLLEIDING_BETON_EI_250X375","*","_","**","_","RI","_","GWA","_","RIOOLLEIDING","_","BETON","_","EI","_","250X375","_","","'-","","'-","G","'-","","","*_**_RI_GWA_RIOOLLEIDING_BETON_EI_250X375","0.18","30","32","30","30","253","RI-GWA-SO","0.35","30","32","30","30","253","RI-GWA-SO","0.35","30","32","30","30","253","V-RI-GWA-SO","0.35","30","32","30","30","253","RI-GWA-SO","","","3634","3631","http://digitalbuildingdata.tech/nlcs/def/deeba36a-d701-4057-8131-e0721260d151","http://digitalbuildingdata.tech/nlcs/def/f9693f4a-d394-41fc-a00f-f5098e5d5067"
"DWA_TRANSPORTLEIDING_BETON_EI_400X600","*","_","**","_","RI","_","DWA","_","TRANSPORTLEIDING","_","BETON","_","EI","_","400X600","_","","'-","","'-","G","'-","","","*_**_RI_DWA_TRANSPORTLEIDING_BETON_EI_400X600","0.18","20","22","20","20","253","RI-DWA-SO","0.35","20","22","20","20","253","RI-DWA-SO","0.35","20","22","20","20","253","V-RI-DWA-SO","0.35","20","22","20","20","253","RI-DWA-SO","","","2305","2300","http://digitalbuildingdata.tech/nlcs/def/42efa248-029a-429e-bff1-47369a1393dc","http://digitalbuildingdata.tech/nlcs/def/191b2536-d2f2-4468-9696-459076108e2e"
"GWA_RIOOLLEIDING_BETON_EI_900X1350","*","_","**","_","RI","_","GWA","_","RIOOLLEIDING","_","BETON","_","EI","_","900X1350","_","","'-","","'-","G","'-","","","*_**_RI_GWA_RIOOLLEIDING_BETON_EI_900X1350","0.18","30","32","30","30","253","RI-GWA-SO","0.35","30","32","30","30","253","RI-GWA-SO","0.35","30","32","30","30","253","V-RI-GWA-SO","0.35","30","32","30","30","253","RI-GWA-SO","","","3641","3631","http://digitalbuildingdata.tech/nlcs/def/e54acf93-e204-48da-a376-3696d59f8235","http://digitalbuildingdata.tech/nlcs/def/f9693f4a-d394-41fc-a00f-f5098e5d5067"
"DWA_RIOOLLEIDING_BETON_EI_200X300","*","_","**","_","RI","_","DWA","_","RIOOLLEIDING","_","BETON","_","EI","_","200X300","_","","'-","","'-","G","'-","","","*_**_RI_DWA_RIOOLLEIDING_BETON_EI_200X300","0.18","20","22","20","20","253","RI-DWA-SO","0.35","20","22","20","20","253","RI-DWA-SO","0.35","20","22","20","20","253","V-RI-DWA-SO","0.35","20","22","20","20","253","RI-DWA-SO","","","3960","3958","http://digitalbuildingdata.tech/nlcs/def/1aaa6456-b1ed-4149-908a-7510adbcd240","http://digitalbuildingdata.tech/nlcs/def/419180bb-c6d9-48c7-8957-9ba7383f85d1"
"HWA_RIOOLLEIDING_BETON_EI_250X375","*","_","**","_","RI","_","HWA","_","RIOOLLEIDING","_","BETON","_","EI","_","250X375","_","","'-","","'-","G","'-","","","*_**_RI_HWA_RIOOLLEIDING_BETON_EI_250X375","0.18","150","152","150","150","253","RI-HWA-SO","0.35","150","152","150","150","253","RI-HWA-SO","0.35","150","152","150","150","253","V-RI-HWA-SO","0.35","150","152","150","150","253","RI-HWA-SO","","","3727","3724","http://digitalbuildingdata.tech/nlcs/def/f69f6410-cde1-4ed7-ab98-9407f745b7f1","http://digitalbuildingdata.tech/nlcs/def/aed8034d-f921-4c79-8687-3b4b24d2fae9"
"GWA_TRANSPORTLEIDING_BETON_EI_700X1050","*","_","**","_","RI","_","GWA","_","TRANSPORTLEIDING","_","BETON","_","EI","_","700X1050","_","","'-","","'-","G","'-","","","*_**_RI_GWA_TRANSPORTLEIDING_BETON_EI_700X1050","0.18","30","32","30","30","253","RI-GWA-SO","0.35","30","32","30","30","253","RI-GWA-SO","0.35","30","32","30","30","253","V-RI-GWA-SO","0.35","30","32","30","30","253","RI-GWA-SO","","","1753","1745","http://digitalbuildingdata.tech/nlcs/def/7bc363d8-89ff-428a-bc17-6f1880755f30","http://digitalbuildingdata.tech/nlcs/def/b0c91813-8f81-4802-be54-bba38b76ea63"
"HWA_TRANSPORTLEIDING_BETON_EI_800X1200","*","_","**","_","RI","_","HWA","_","TRANSPORTLEIDING","_","BETON","_","EI","_","800X1200","_","","'-","","'-","G","'-","","","*_**_RI_HWA_TRANSPORTLEIDING_BETON_EI_800X1200","0.18","150","152","150","150","253","RI-HWA-SO","0.35","150","152","150","150","253","RI-HWA-SO","0.35","150","152","150","150","253","V-RI-HWA-SO","0.35","150","152","150","150","253","RI-HWA-SO","","","1883","1874","http://digitalbuildingdata.tech/nlcs/def/2e212e66-2b8d-4b84-8763-e50aabb2d2ec","http://digitalbuildingdata.tech/nlcs/def/85095ba0-d09c-4a03-b21e-438b36683523"
"GWA_TRANSPORTLEIDING_BETON_EI_400X600","*","_","**","_","RI","_","GWA","_","TRANSPORTLEIDING","_","BETON","_","EI","_","400X600","_","","'-","","'-","G","'-","","","*_**_RI_GWA_TRANSPORTLEIDING_BETON_EI_400X600","0.18","30","32","30","30","253","RI-GWA-SO","0.35","30","32","30","30","253","RI-GWA-SO","0.35","30","32","30","30","253","V-RI-GWA-SO","0.35","30","32","30","30","253","RI-GWA-SO","","","1750","1745","http://digitalbuildingdata.tech/nlcs/def/3550dd1f-1738-4be5-87c1-42511ca56db8","http://digitalbuildingdata.tech/nlcs/def/b0c91813-8f81-4802-be54-bba38b76ea63"
"GWA_RIOOLPUT_INSPECTIEPUT_HONDEHOKPUT_BETON","*","_","**","_","RI","_","GWA","_","RIOOLPUT","_","INSPECTIEPUT","_","HONDEHOKPUT","_","BETON","_","","'-","","'-","G","'-","","","*_**_RI_GWA_RIOOLPUT_INSPECTIEPUT_HONDEHOKPUT_BETON","0.18","30","32","30","30","253","CONTINUOUS","0.35","30","32","30","30","253","CONTINUOUS","0.35","30","32","30","30","253","V-CONTINUOUS-SO","0.35","30","32","30","30","253","CONTINUOUS","","","1709","1708","http://digitalbuildingdata.tech/nlcs/def/8f1684dc-b8cf-4548-9309-f9550c852e16","http://digitalbuildingdata.tech/nlcs/def/a632fd3f-b075-4853-8e6c-f07301f4c082"
"GWA_RIOOLLEIDING_BETON_EI_700X1050","*","_","**","_","RI","_","GWA","_","RIOOLLEIDING","_","BETON","_","EI","_","700X1050","_","","'-","","'-","G","'-","","","*_**_RI_GWA_RIOOLLEIDING_BETON_EI_700X1050","0.18","30","32","30","30","253","RI-GWA-SO","0.35","30","32","30","30","253","RI-GWA-SO","0.35","30","32","30","30","253","V-RI-GWA-SO","0.35","30","32","30","30","253","RI-GWA-SO","","","3639","3631","http://digitalbuildingdata.tech/nlcs/def/476e39c2-1f6b-458b-b984-d9a8c4d5eab6","http://digitalbuildingdata.tech/nlcs/def/f9693f4a-d394-41fc-a00f-f5098e5d5067"
"GWA_RIOOLLEIDING_BETON_EI_400X600","*","_","**","_","RI","_","GWA","_","RIOOLLEIDING","_","BETON","_","EI","_","400X600","_","","'-","","'-","G","'-","","","*_**_RI_GWA_RIOOLLEIDING_BETON_EI_400X600","0.18","30","32","30","30","253","RI-GWA-SO","0.35","30","32","30","30","253","RI-GWA-SO","0.35","30","32","30","30","253","V-RI-GWA-SO","0.35","30","32","30","30","253","RI-GWA-SO","","","3636","3631","http://digitalbuildingdata.tech/nlcs/def/d2c52e10-60e9-4f4e-ba42-8703f8773b47","http://digitalbuildingdata.tech/nlcs/def/f9693f4a-d394-41fc-a00f-f5098e5d5067"
"HWA_TRANSPORTLEIDING_BETON_EI_400X600","*","_","**","_","RI","_","HWA","_","TRANSPORTLEIDING","_","BETON","_","EI","_","400X600","_","","'-","","'-","G","'-","","","*_**_RI_HWA_TRANSPORTLEIDING_BETON_EI_400X600","0.18","150","152","150","150","253","RI-HWA-SO","0.35","150","152","150","150","253","RI-HWA-SO","0.35","150","152","150","150","253","V-RI-HWA-SO","0.35","150","152","150","150","253","RI-HWA-SO","","","1879","1874","http://digitalbuildingdata.tech/nlcs/def/593992da-4d69-44f9-afd3-004fd0a0f030","http://digitalbuildingdata.tech/nlcs/def/85095ba0-d09c-4a03-b21e-438b36683523"
"DWA_TRANSPORTLEIDING_BETON_EI_600X900","*","_","**","_","RI","_","DWA","_","TRANSPORTLEIDING","_","BETON","_","EI","_","600X900","_","","'-","","'-","G","'-","","","*_**_RI_DWA_TRANSPORTLEIDING_BETON_EI_600X900","0.18","20","22","20","20","253","RI-DWA-SO","0.35","20","22","20","20","253","RI-DWA-SO","0.35","20","22","20","20","253","V-RI-DWA-SO","0.35","20","22","20","20","253","RI-DWA-SO","","","2307","2300","http://digitalbuildingdata.tech/nlcs/def/81333009-7b8b-48d1-903c-00e39366a49c","http://digitalbuildingdata.tech/nlcs/def/191b2536-d2f2-4468-9696-459076108e2e"
"HWA_RIOOLLEIDING_BETON_EI_700X1050","*","_","**","_","RI","_","HWA","_","RIOOLLEIDING","_","BETON","_","EI","_","700X1050","_","","'-","","'-","G","'-","","","*_**_RI_HWA_RIOOLLEIDING_BETON_EI_700X1050","0.18","150","152","150","150","253","RI-HWA-SO","0.35","150","152","150","150","253","RI-HWA-SO","0.35","150","152","150","150","253","V-RI-HWA-SO","0.35","150","152","150","150","253","RI-HWA-SO","","","3732","3724","http://digitalbuildingdata.tech/nlcs/def/7fbc75a0-1e28-4c29-b86f-9c6be97c7172","http://digitalbuildingdata.tech/nlcs/def/aed8034d-f921-4c79-8687-3b4b24d2fae9"
"HWA_TRANSPORTLEIDING_BETON_EI_1000X1500","*","_","**","_","RI","_","HWA","_","TRANSPORTLEIDING","_","BETON","_","EI","_","1000X1500","_","","'-","","'-","G","'-","","","*_**_RI_HWA_TRANSPORTLEIDING_BETON_EI_1000X1500","0.18","150","152","150","150","253","RI-HWA-SO","0.35","150","152","150","150","253","RI-HWA-SO","0.35","150","152","150","150","253","V-RI-HWA-SO","0.35","150","152","150","150","253","RI-HWA-SO","","","1875","1874","http://digitalbuildingdata.tech/nlcs/def/742710ff-1846-4a2b-b518-8b8a5c38b927","http://digitalbuildingdata.tech/nlcs/def/85095ba0-d09c-4a03-b21e-438b36683523"
"GWA_TRANSPORTLEIDING_BETON_EI_800X1200","*","_","**","_","RI","_","GWA","_","TRANSPORTLEIDING","_","BETON","_","EI","_","800X1200","_","","'-","","'-","G","'-","","","*_**_RI_GWA_TRANSPORTLEIDING_BETON_EI_800X1200","0.18","30","32","30","30","253","RI-GWA-SO","0.35","30","32","30","30","253","RI-GWA-SO","0.35","30","32","30","30","253","V-RI-GWA-SO","0.35","30","32","30","30","253","RI-GWA-SO","","","1754","1745","http://digitalbuildingdata.tech/nlcs/def/f031590f-1da8-48a1-bf7b-7ef7abe5a789","http://digitalbuildingdata.tech/nlcs/def/b0c91813-8f81-4802-be54-bba38b76ea63"
"DWA_TRANSPORTLEIDING_BETON_EI_300X450","*","_","**","_","RI","_","DWA","_","TRANSPORTLEIDING","_","BETON","_","EI","_","300X450","_","","'-","","'-","G","'-","","","*_**_RI_DWA_TRANSPORTLEIDING_BETON_EI_300X450","0.18","20","22","20","20","253","RI-DWA-SO","0.35","20","22","20","20","253","RI-DWA-SO","0.35","20","22","20","20","253","V-RI-DWA-SO","0.35","20","22","20","20","253","RI-DWA-SO","","","2304","2300","http://digitalbuildingdata.tech/nlcs/def/ce952dd6-8261-4f08-aa6d-6d44171f34d5","http://digitalbuildingdata.tech/nlcs/def/191b2536-d2f2-4468-9696-459076108e2e"
"DWA_RIOOLLEIDING_BETON_EI_600X900","*","_","**","_","RI","_","DWA","_","RIOOLLEIDING","_","BETON","_","EI","_","600X900","_","","'-","","'-","G","'-","","","*_**_RI_DWA_RIOOLLEIDING_BETON_EI_600X900","0.18","20","22","20","20","253","RI-DWA-SO","0.35","20","22","20","20","253","RI-DWA-SO","0.35","20","22","20","20","253","V-RI-DWA-SO","0.35","20","22","20","20","253","RI-DWA-SO","","","3965","3958","http://digitalbuildingdata.tech/nlcs/def/b8502c63-e893-4eff-bd26-f0df527de77b","http://digitalbuildingdata.tech/nlcs/def/419180bb-c6d9-48c7-8957-9ba7383f85d1"
"DWA_TRANSPORTLEIDING_BETON_EI_250X375","*","_","**","_","RI","_","DWA","_","TRANSPORTLEIDING","_","BETON","_","EI","_","250X375","_","","'-","","'-","G","'-","","","*_**_RI_DWA_TRANSPORTLEIDING_BETON_EI_250X375","0.18","20","22","20","20","253","RI-DWA-SO","0.35","20","22","20","20","253","RI-DWA-SO","0.35","20","22","20","20","253","V-RI-DWA-SO","0.35","20","22","20","20","253","RI-DWA-SO","","","2303","2300","http://digitalbuildingdata.tech/nlcs/def/2b83b2ed-cd41-42e0-a83d-f1428b7017db","http://digitalbuildingdata.tech/nlcs/def/191b2536-d2f2-4468-9696-459076108e2e"
"DWA_RIOOLLEIDING_BETON_EI_500X750","*","_","**","_","RI","_","DWA","_","RIOOLLEIDING","_","BETON","_","EI","_","500X750","_","","'-","","'-","G","'-","","","*_**_RI_DWA_RIOOLLEIDING_BETON_EI_500X750","0.18","20","22","20","20","253","RI-DWA-SO","0.35","20","22","20","20","253","RI-DWA-SO","0.35","20","22","20","20","253","V-RI-DWA-SO","0.35","20","22","20","20","253","RI-DWA-SO","","","3964","3958","http://digitalbuildingdata.tech/nlcs/def/f02139db-0417-490e-9a50-767a554f21f0","http://digitalbuildingdata.tech/nlcs/def/419180bb-c6d9-48c7-8957-9ba7383f85d1"
"DWA_RIOOLLEIDING_BETON_EI_300X450","*","_","**","_","RI","_","DWA","_","RIOOLLEIDING","_","BETON","_","EI","_","300X450","_","","'-","","'-","G","'-","","","*_**_RI_DWA_RIOOLLEIDING_BETON_EI_300X450","0.18","20","22","20","20","253","RI-DWA-SO","0.35","20","22","20","20","253","RI-DWA-SO","0.35","20","22","20","20","253","V-RI-DWA-SO","0.35","20","22","20","20","253","RI-DWA-SO","","","3962","3958","http://digitalbuildingdata.tech/nlcs/def/38f60c9b-e079-414b-9cff-0caf6f3a0434","http://digitalbuildingdata.tech/nlcs/def/419180bb-c6d9-48c7-8957-9ba7383f85d1"
"GWA_RIOOLLEIDING_BETON_EI_300X450","*","_","**","_","RI","_","GWA","_","RIOOLLEIDING","_","BETON","_","EI","_","300X450","_","","'-","","'-","G","'-","","","*_**_RI_GWA_RIOOLLEIDING_BETON_EI_300X450","0.18","30","32","30","30","253","RI-GWA-SO","0.35","30","32","30","30","253","RI-GWA-SO","0.35","30","32","30","30","253","V-RI-GWA-SO","0.35","30","32","30","30","253","RI-GWA-SO","","","3635","3631","http://digitalbuildingdata.tech/nlcs/def/5b76a125-ecfc-4a8c-b7e4-8a6bbac05cc8","http://digitalbuildingdata.tech/nlcs/def/f9693f4a-d394-41fc-a00f-f5098e5d5067"
"HWA_RIOOLLEIDING_BETON_EI_900X1350","*","_","**","_","RI","_","HWA","_","RIOOLLEIDING","_","BETON","_","EI","_","900X1350","_","","'-","","'-","G","'-","","","*_**_RI_HWA_RIOOLLEIDING_BETON_EI_900X1350","0.18","150","152","150","150","253","RI-HWA-SO","0.35","150","152","150","150","253","RI-HWA-SO","0.35","150","152","150","150","253","V-RI-HWA-SO","0.35","150","152","150","150","253","RI-HWA-SO","","","3734","3724","http://digitalbuildingdata.tech/nlcs/def/5d0d703b-9cb8-42d6-ac26-13a3fd6fbce4","http://digitalbuildingdata.tech/nlcs/def/aed8034d-f921-4c79-8687-3b4b24d2fae9"
"HWA_TRANSPORTLEIDING_BETON_EI_700X1050","*","_","**","_","RI","_","HWA","_","TRANSPORTLEIDING","_","BETON","_","EI","_","700X1050","_","","'-","","'-","G","'-","","","*_**_RI_HWA_TRANSPORTLEIDING_BETON_EI_700X1050","0.18","150","152","150","150","253","RI-HWA-SO","0.35","150","152","150","150","253","RI-HWA-SO","0.35","150","152","150","150","253","V-RI-HWA-SO","0.35","150","152","150","150","253","RI-HWA-SO","","","1882","1874","http://digitalbuildingdata.tech/nlcs/def/64ae0342-7c52-4087-b461-441ea0d0aea4","http://digitalbuildingdata.tech/nlcs/def/85095ba0-d09c-4a03-b21e-438b36683523"
"GWA_TRANSPORTLEIDING_BETON_EI_200X300","*","_","**","_","RI","_","GWA","_","TRANSPORTLEIDING","_","BETON","_","EI","_","200X300","_","","'-","","'-","G","'-","","","*_**_RI_GWA_TRANSPORTLEIDING_BETON_EI_200X300","0.18","30","32","30","30","253","RI-GWA-SO","0.35","30","32","30","30","253","RI-GWA-SO","0.35","30","32","30","30","253","V-RI-GWA-SO","0.35","30","32","30","30","253","RI-GWA-SO","","","1747","1745","http://digitalbuildingdata.tech/nlcs/def/7d63d09c-aacb-4ca3-b2c0-b8081c26dd7a","http://digitalbuildingdata.tech/nlcs/def/b0c91813-8f81-4802-be54-bba38b76ea63"
"DWA_RIOOLPUT_INSPECTIEPUT_REINIGENDEPUT","*","_","**","_","RI","_","DWA","_","RIOOLPUT","_","INSPECTIEPUT","_","REINIGENDEPUT","_","","_","","'-","","'-","G/S","'-","","B-SRI-PUT_VWA-SO; SRI-PUT_VWA-SO; V-SRI-PUT_VWA-SO","*_**_RI_DWA_RIOOLPUT_INSPECTIEPUT_REINIGENDEPUT","0.18","20","22","20","20","253","CONTINUOUS","0.35","20","22","20","20","253","CONTINUOUS","0.35","20","22","20","20","253","V-CONTINUOUS-SO","0.35","20","22","20","20","253","CONTINUOUS","","","4006","2257","http://digitalbuildingdata.tech/nlcs/def/544f4686-093d-4547-a398-c5911c68a546","http://digitalbuildingdata.tech/nlcs/def/d9c02ae5-ec72-4fec-acff-6b2e9a0a7d83"
"GWA_RIOOLPUT_INSPECTIEPUT_REINIGENDEPUT","*","_","**","_","RI","_","GWA","_","RIOOLPUT","_","INSPECTIEPUT","_","REINIGENDEPUT","_","","_","","'-","","'-","G/S","'-","","B-SRI-PUT_GWA-SO; SRI-PUT_GWA-SO; V-SRI-PUT_GWA-SO","*_**_RI_GWA_RIOOLPUT_INSPECTIEPUT_REINIGENDEPUT","0.18","30","32","30","30","253","CONTINUOUS","0.35","30","32","30","30","253","CONTINUOUS","0.35","30","32","30","30","253","V-CONTINUOUS-SO","0.35","30","32","30","30","253","CONTINUOUS","","","3674","1710","http://digitalbuildingdata.tech/nlcs/def/15e7866f-07c5-4d14-a484-aa52da0cd24e","http://digitalbuildingdata.tech/nlcs/def/9ebe5da1-d2e4-45f2-84de-923c5c1f1f4c"
"HWA_RIOOLPUT_INSPECTIEPUT_HONDEHOKPUT","*","_","**","_","RI","_","HWA","_","RIOOLPUT","_","INSPECTIEPUT","_","HONDEHOKPUT","_","","_","","'-","","'-","G/S","'-","","SRI-PUT_HONDEHOKPUT-SO; V-SRI-PUT_HONDEHOKPUT-SO","*_**_RI_HWA_RIOOLPUT_INSPECTIEPUT_HONDEHOKPUT","0.18","150","152","150","150","253","CONTINUOUS","0.35","150","152","150","150","253","CONTINUOUS","0.35","150","152","150","150","253","V-CONTINUOUS-SO","0.35","150","152","150","150","253","CONTINUOUS","","","1837","1839","http://digitalbuildingdata.tech/nlcs/def/30e28620-76d7-4072-a0d7-f5d9fac35726","http://digitalbuildingdata.tech/nlcs/def/8645d446-2957-4fd7-9958-9d74e82650b9"
"HWA_GOOT_LIJNGOOT_ZANDVANGER","*","_","**","_","RI","_","HWA","_","GOOT","_","LIJNGOOT","_","ZANDVANGER","_","","_","","'-","","'-","G/S","'-","","B-SRI-KOLK_ZANDVANG-SO; SRI-KOLK_ZANDVANG-SO; V-SRI-KOLK_ZANDVANG-SO","*_**_RI_HWA_GOOT_LIJNGOOT_ZANDVANGER","0.18","150","152","150","150","253","CONTINUOUS","0.35","150","152","150","150","253","CONTINUOUS","0.35","150","152","150","150","253","V-CONTINUOUS-SO","0.35","150","152","150","150","253","CONTINUOUS","","","1791","1790","http://digitalbuildingdata.tech/nlcs/def/010b363d-dee4-4489-b01e-fc732f88d931","http://digitalbuildingdata.tech/nlcs/def/82558be4-a84d-4972-a42c-f4e6cd4c5f42"
"DWA_RIOOLPUT_INSPECTIEPUT_HONDEHOKPUT","*","_","**","_","RI","_","DWA","_","RIOOLPUT","_","INSPECTIEPUT","_","HONDEHOKPUT","_","","_","","'-","","'-","G/S","'-","","SRI-PUT_HONDEHOKPUT-SO; V-SRI-PUT_HONDEHOKPUT-SO","*_**_RI_DWA_RIOOLPUT_INSPECTIEPUT_HONDEHOKPUT","0.18","20","22","20","20","253","CONTINUOUS","0.35","20","22","20","20","253","CONTINUOUS","0.35","20","22","20","20","253","V-CONTINUOUS-SO","0.35","20","22","20","20","253","CONTINUOUS","","","2255","2257","http://digitalbuildingdata.tech/nlcs/def/a9457ce2-213f-4de7-a598-8864213f28e4","http://digitalbuildingdata.tech/nlcs/def/d9c02ae5-ec72-4fec-acff-6b2e9a0a7d83"
"GWA_RIOOLPUT_INSPECTIEPUT_HONDEHOKPUT","*","_","**","_","RI","_","GWA","_","RIOOLPUT","_","INSPECTIEPUT","_","HONDEHOKPUT","_","","_","","'-","","'-","G/S","'-","","SRI-PUT_HONDEHOKPUT-SO; V-SRI-PUT_HONDEHOKPUT-SO","*_**_RI_GWA_RIOOLPUT_INSPECTIEPUT_HONDEHOKPUT","0.18","30","32","30","30","253","CONTINUOUS","0.35","30","32","30","30","253","CONTINUOUS","0.35","30","32","30","30","253","V-CONTINUOUS-SO","0.35","30","32","30","30","253","CONTINUOUS","","","1708","1710","http://digitalbuildingdata.tech/nlcs/def/a632fd3f-b075-4853-8e6c-f07301f4c082","http://digitalbuildingdata.tech/nlcs/def/9ebe5da1-d2e4-45f2-84de-923c5c1f1f4c"
"HWA_RIOOLPUT_INSPECTIEPUT_REINIGENDEPUT","*","_","**","_","RI","_","HWA","_","RIOOLPUT","_","INSPECTIEPUT","_","REINIGENDEPUT","_","","_","","'-","","'-","G/S","'-","","B-SRI-PUT_HWA-SO; SRI-PUT_HWA-SO; V-SRI-PUT_HWA-SO","*_**_RI_HWA_RIOOLPUT_INSPECTIEPUT_REINIGENDEPUT","0.18","150","152","150","150","253","CONTINUOUS","0.35","150","152","150","150","253","CONTINUOUS","0.35","150","152","150","150","253","V-CONTINUOUS-SO","0.35","150","152","150","150","253","CONTINUOUS","","","3799","1839","http://digitalbuildingdata.tech/nlcs/def/1d8ed8dd-5909-4777-bc72-bbc337536aa6","http://digitalbuildingdata.tech/nlcs/def/8645d446-2957-4fd7-9958-9d74e82650b9"
"HWA_TRANSPORTLEIDING_BETON_1000","*","_","**","_","RI","_","HWA","_","TRANSPORTLEIDING","_","BETON","_","1000","_","","_","","'-","","'-","G","'-","","","*_**_RI_HWA_TRANSPORTLEIDING_BETON_1000","0.18","150","152","150","150","253","RI-HWA-SO","0.35","150","152","150","150","253","RI-HWA-SO","0.35","150","152","150","150","253","V-RI-HWA-SO","0.35","150","152","150","150","253","RI-HWA-SO","","","1862","1861","http://digitalbuildingdata.tech/nlcs/def/07d243b3-be6c-40eb-80f6-bda34900de74","http://digitalbuildingdata.tech/nlcs/def/54fafb69-12cb-4927-9265-927bd8defd6e"
"GWA_TRANSPORTLEIDING_GRES_300","*","_","**","_","RI","_","GWA","_","TRANSPORTLEIDING","_","GRES","_","300","_","","_","","'-","","'-","G","'-","","","*_**_RI_GWA_TRANSPORTLEIDING_GRES_300","0.18","30","32","30","30","253","RI-GWA-SO","0.35","30","32","30","30","253","RI-GWA-SO","0.35","30","32","30","30","253","V-RI-GWA-SO","0.35","30","32","30","30","253","RI-GWA-SO","","","1760","1756","http://digitalbuildingdata.tech/nlcs/def/bc0c19b6-b2b7-4dec-a101-4edcfbf7d7fe","http://digitalbuildingdata.tech/nlcs/def/a390306b-774c-469d-9087-5c9468c55f16"
"HWA_TRANSPORTLEIDING_GVK_300","*","_","**","_","RI","_","HWA","_","TRANSPORTLEIDING","_","GVK","_","300","_","","_","","'-","","'-","G","'-","","","*_**_RI_HWA_TRANSPORTLEIDING_GVK_300","0.18","150","152","150","150","253","RI-HWA-SO","0.35","150","152","150","150","253","RI-HWA-SO","0.35","150","152","150","150","253","V-RI-HWA-SO","0.35","150","152","150","150","253","RI-HWA-SO","","","1915","1896","http://digitalbuildingdata.tech/nlcs/def/27173be7-79fe-4368-bd99-9e66af400ed9","http://digitalbuildingdata.tech/nlcs/def/9eb2bf51-e3db-4178-bff6-0bfdea80b25a"
"HWA_RIOOLLEIDING_PE_500","*","_","**","_","RI","_","HWA","_","RIOOLLEIDING","_","PE","_","500","_","","_","","'-","","'-","G","'-","","","*_**_RI_HWA_RIOOLLEIDING_PE_500","0.18","150","152","150","150","253","RI-HWA-SO","0.35","150","152","150","150","253","RI-HWA-SO","0.35","150","152","150","150","253","V-RI-HWA-SO","0.35","150","152","150","150","253","RI-HWA-SO","","","3780","3773","http://digitalbuildingdata.tech/nlcs/def/5217def6-6c3d-4cc2-ad0b-3026786874a6","http://digitalbuildingdata.tech/nlcs/def/b55d0f25-f210-4299-8896-3afac3ed7de2"
"HWA_PERCEELAANSLUITLEIDING_GRES_125","*","_","**","_","RI","_","HWA","_","PERCEELAANSLUITLEIDING","_","GRES","_","125","_","","_","","'-","","'-","G","'-","","","*_**_RI_HWA_PERCEELAANSLUITLEIDING_GRES_125","0.18","150","152","150","150","253","RI-HWA_AANSLUITLEIDING-SO","0.25","150","152","150","150","253","RI-HWA_AANSLUITLEIDING-SO","0.25","150","152","150","150","253","V-RI-HWA_AANSLUITLEIDING-SO","0.25","150","152","150","150","253","RI-HWA_AANSLUITLEIDING-SO","","","1798","1796","http://digitalbuildingdata.tech/nlcs/def/cba5cf01-ee4f-4a06-84af-52fe62aa331f","http://digitalbuildingdata.tech/nlcs/def/96dc7b8e-6805-4356-8f7a-3ba1ba162bb0"
"HWA_TRANSPORTLEIDING_PVC_200","*","_","**","_","RI","_","HWA","_","TRANSPORTLEIDING","_","PVC","_","200","_","","_","","'-","","'-","G","'-","","","*_**_RI_HWA_TRANSPORTLEIDING_PVC_200","0.18","150","152","150","150","253","RI-HWA-SO","0.35","150","152","150","150","253","RI-HWA-SO","0.35","150","152","150","150","253","V-RI-HWA-SO","0.35","150","152","150","150","253","RI-HWA-SO","","","1935","1933","http://digitalbuildingdata.tech/nlcs/def/b84c8afb-6cd9-439e-b195-4ce234a83340","http://digitalbuildingdata.tech/nlcs/def/c5d33f81-85c3-493b-996d-ceb207f769b6"
"GWA_RIOOLLEIDING_GRES_200","*","_","**","_","RI","_","GWA","_","RIOOLLEIDING","_","GRES","_","200","_","","_","","'-","","'-","G","'-","","","*_**_RI_GWA_RIOOLLEIDING_GRES_200","0.18","30","32","30","30","253","RI-GWA-SO","0.35","30","32","30","30","253","RI-GWA-SO","0.35","30","32","30","30","253","V-RI-GWA-SO","0.35","30","32","30","30","253","RI-GWA-SO","","","3644","3642","http://digitalbuildingdata.tech/nlcs/def/d9eb58a7-bebd-476e-a062-5c0f4e274c50","http://digitalbuildingdata.tech/nlcs/def/4256a0d5-6db6-4b97-9a23-e08b12d845e4"
"HWA_RIOOLLEIDING_GVK_1000","*","_","**","_","RI","_","HWA","_","RIOOLLEIDING","_","GVK","_","1000","_","","_","","'-","","'-","G","'-","","","*_**_RI_HWA_RIOOLLEIDING_GVK_1000","0.18","150","152","150","150","253","RI-HWA-SO","0.35","150","152","150","150","253","RI-HWA-SO","0.35","150","152","150","150","253","V-RI-HWA-SO","0.35","150","152","150","150","253","RI-HWA-SO","","","3747","3746","http://digitalbuildingdata.tech/nlcs/def/7c7be21d-6f9f-43c5-bc8d-5abeb060105f","http://digitalbuildingdata.tech/nlcs/def/ee332402-a94e-437a-a767-43019214a0a2"
"GWA_RIOOLLEIDING_PVC_200","*","_","**","_","RI","_","GWA","_","RIOOLLEIDING","_","PVC","_","200","_","","_","","'-","","'-","G","'-","","","*_**_RI_GWA_RIOOLLEIDING_PVC_200","0.18","30","32","30","30","253","RI-GWA-SO","0.35","30","32","30","30","253","RI-GWA-SO","0.35","30","32","30","30","253","V-RI-GWA-SO","0.35","30","32","30","30","253","RI-GWA-SO","","","3664","3662","http://digitalbuildingdata.tech/nlcs/def/c4839f8d-0efe-4568-ab4f-ae31bdf8ccd3","http://digitalbuildingdata.tech/nlcs/def/a0719103-1f55-4154-a1e4-9974a24c75b7"
"HWA_RIOOLLEIDING_GVK_1600","*","_","**","_","RI","_","HWA","_","RIOOLLEIDING","_","GVK","_","1600","_","","_","","'-","","'-","G","'-","","","*_**_RI_HWA_RIOOLLEIDING_GVK_1600","0.18","150","152","150","150","253","RI-HWA-SO","0.35","150","152","150","150","253","RI-HWA-SO","0.35","150","152","150","150","253","V-RI-HWA-SO","0.35","150","152","150","150","253","RI-HWA-SO","","","3753","3746","http://digitalbuildingdata.tech/nlcs/def/881c5439-e764-491b-95d8-1bb5a395c26b","http://digitalbuildingdata.tech/nlcs/def/ee332402-a94e-437a-a767-43019214a0a2"
"DWA_RIOOLLEIDING_BETON_800","*","_","**","_","RI","_","DWA","_","RIOOLLEIDING","_","BETON","_","800","_","","_","","'-","","'-","G","'-","","","*_**_RI_DWA_RIOOLLEIDING_BETON_800","0.18","20","22","20","20","253","RI-DWA-SO","0.35","20","22","20","20","253","RI-DWA-SO","0.35","20","22","20","20","253","V-RI-DWA-SO","0.35","20","22","20","20","253","RI-DWA-SO","","","3956","3945","http://digitalbuildingdata.tech/nlcs/def/9654fb04-152b-4b07-809d-25d5b1b13109","http://digitalbuildingdata.tech/nlcs/def/25550949-adb4-47f5-b2ab-3d001726ebce"
"ITR_RIOOLLEIDING_PE_450","*","_","**","_","RI","_","ITR","_","RIOOLLEIDING","_","PE","_","450","_","","_","","'-","","'-","G","'-","","","*_**_RI_ITR_RIOOLLEIDING_PE_450","0.18","50","52","50","50","253","RI-ITR-SO","0.35","50","52","50","50","253","RI-ITR-SO","0.35","50","52","50","50","253","V-RI-ITR-SO","0.35","50","52","50","50","253","RI-ITR-SO","","","2037","2031","http://digitalbuildingdata.tech/nlcs/def/c8236b4d-2de4-4bc5-81a9-f236c7a2d165","http://digitalbuildingdata.tech/nlcs/def/6c5ac269-37b0-424e-a5bf-9ee9e31c0f8e"
"HWA_PERCEELAANSLUITLEIDING_PVC_110","*","_","**","_","RI","_","HWA","_","PERCEELAANSLUITLEIDING","_","PVC","_","110","_","","_","","'-","","'-","G","'-","","","*_**_RI_HWA_PERCEELAANSLUITLEIDING_PVC_110","0.18","150","152","150","150","253","RI-HWA_AANSLUITLEIDING-SO","0.25","150","152","150","150","253","RI-HWA_AANSLUITLEIDING-SO","0.25","150","152","150","150","253","V-RI-HWA_AANSLUITLEIDING-SO","0.25","150","152","150","150","253","RI-HWA_AANSLUITLEIDING-SO","","","1806","1805","http://digitalbuildingdata.tech/nlcs/def/2630fa86-f771-4a29-9b42-e03de633616a","http://digitalbuildingdata.tech/nlcs/def/a765f03f-2a8c-45a7-b70e-eb03cfe7ead3"
"DWA_RIOOLLEIDING_BETON_EI","*","_","**","_","RI","_","DWA","_","RIOOLLEIDING","_","BETON","_","EI","_","","_","","'-","","'-","G","'-","","","*_**_RI_DWA_RIOOLLEIDING_BETON_EI","0.18","20","22","20","20","253","RI-DWA-SO","0.35","20","22","20","20","253","RI-DWA-SO","0.35","20","22","20","20","253","V-RI-DWA-SO","0.35","20","22","20","20","253","RI-DWA-SO","","","3958","3945","http://digitalbuildingdata.tech/nlcs/def/419180bb-c6d9-48c7-8957-9ba7383f85d1","http://digitalbuildingdata.tech/nlcs/def/25550949-adb4-47f5-b2ab-3d001726ebce"
"HWA_RIOOLLEIDING_BETON_EI","*","_","**","_","RI","_","HWA","_","RIOOLLEIDING","_","BETON","_","EI","_","","_","","'-","","'-","G","'-","","","*_**_RI_HWA_RIOOLLEIDING_BETON_EI","0.18","150","152","150","150","253","RI-HWA-SO","0.35","150","152","150","150","253","RI-HWA-SO","0.35","150","152","150","150","253","V-RI-HWA-SO","0.35","150","152","150","150","253","RI-HWA-SO","","","3724","3711","http://digitalbuildingdata.tech/nlcs/def/aed8034d-f921-4c79-8687-3b4b24d2fae9","http://digitalbuildingdata.tech/nlcs/def/5437e98b-2362-43bd-a944-ccccdd7ab1ed"
"DWA_TRANSPORTLEIDING_GRES_500","*","_","**","_","RI","_","DWA","_","TRANSPORTLEIDING","_","GRES","_","500","_","","_","","'-","","'-","G","'-","","","*_**_RI_DWA_TRANSPORTLEIDING_GRES_500","0.18","20","22","20","20","253","RI-DWA-SO","0.35","20","22","20","20","253","RI-DWA-SO","0.35","20","22","20","20","253","V-RI-DWA-SO","0.35","20","22","20","20","253","RI-DWA-SO","","","2317","2311","http://digitalbuildingdata.tech/nlcs/def/52726bd9-11ac-4354-95f1-45ee563cfaba","http://digitalbuildingdata.tech/nlcs/def/d635a418-c9c6-4464-b71d-57c389ef5790"
"GWA_PERCEELAANSLUITLEIDING_PE_90","*","_","**","_","RI","_","GWA","_","PERCEELAANSLUITLEIDING","_","PE","_","90","_","","_","","'-","","'-","G","'-","","","*_**_RI_GWA_PERCEELAANSLUITLEIDING_PE_90","0.18","30","32","30","30","253","RI-GWA_AANSLUITLEIDING-SO","0.25","30","32","30","30","253","RI-GWA_AANSLUITLEIDING-SO","0.25","30","32","30","30","253","V-RI-GWA_AANSLUITLEIDING-SO","0.25","30","32","30","30","253","RI-GWA_AANSLUITLEIDING-SO","","","1676","1672","http://digitalbuildingdata.tech/nlcs/def/61aa47eb-ec51-4990-9fb8-ed5a5b296323","http://digitalbuildingdata.tech/nlcs/def/f2edf708-e901-4c89-8ca7-4056f1f2c2b4"
"ITR_PERCEELAANSLUITLEIDING_PVC_160","*","_","**","_","RI","_","ITR","_","PERCEELAANSLUITLEIDING","_","PVC","_","160","_","","_","","'-","","'-","G","'-","","","*_**_RI_ITR_PERCEELAANSLUITLEIDING_PVC_160","0.18","50","52","50","50","253","RI-ITR_AANSLUITLEIDING-SO","0.25","50","52","50","50","253","RI-ITR_AANSLUITLEIDING-SO","0.25","50","52","50","50","253","V-RI-ITR_AANSLUITLEIDING-SO","0.25","50","52","50","50","253","RI-ITR_AANSLUITLEIDING-SO","","","1957","1954","http://digitalbuildingdata.tech/nlcs/def/36a5b8e1-85a8-4e6b-9171-f0386b551cac","http://digitalbuildingdata.tech/nlcs/def/3e8d7619-4c52-4d42-b9c0-8ca0278b976a"
"HWA_RIOOLLEIDING_GVK_400","*","_","**","_","RI","_","HWA","_","RIOOLLEIDING","_","GVK","_","400","_","","_","","'-","","'-","G","'-","","","*_**_RI_HWA_RIOOLLEIDING_GVK_400","0.18","150","152","150","150","253","RI-HWA-SO","0.35","150","152","150","150","253","RI-HWA-SO","0.35","150","152","150","150","253","V-RI-HWA-SO","0.35","150","152","150","150","253","RI-HWA-SO","","","3767","3746","http://digitalbuildingdata.tech/nlcs/def/8c662faf-3d2d-46ce-9adb-7e96720050a4","http://digitalbuildingdata.tech/nlcs/def/ee332402-a94e-437a-a767-43019214a0a2"
"DWA_RIOOLLEIDING_PE_450","*","_","**","_","RI","_","DWA","_","RIOOLLEIDING","_","PE","_","450","_","","_","","'-","","'-","G","'-","","","*_**_RI_DWA_RIOOLLEIDING_PE_450","0.18","20","22","20","20","253","RI-DWA-SO","0.35","20","22","20","20","253","RI-DWA-SO","0.35","20","22","20","20","253","V-RI-DWA-SO","0.35","20","22","20","20","253","RI-DWA-SO","","","3986","3980","http://digitalbuildingdata.tech/nlcs/def/6c696906-ef54-4f8f-8860-3b03d4cc6b8d","http://digitalbuildingdata.tech/nlcs/def/f546eb55-eec2-4306-a8aa-b24078d81bd8"
"HWA_TRANSPORTLEIDING_GRES_300","*","_","**","_","RI","_","HWA","_","TRANSPORTLEIDING","_","GRES","_","300","_","","_","","'-","","'-","G","'-","","","*_**_RI_HWA_TRANSPORTLEIDING_GRES_300","0.18","150","152","150","150","253","RI-HWA-SO","0.35","150","152","150","150","253","RI-HWA-SO","0.35","150","152","150","150","253","V-RI-HWA-SO","0.35","150","152","150","150","253","RI-HWA-SO","","","1889","1885","http://digitalbuildingdata.tech/nlcs/def/1928c8d8-e1db-4e51-9487-acebb04e4db8","http://digitalbuildingdata.tech/nlcs/def/f9f5e866-adf4-4406-b11a-d81b32bb2314"
"ITR_RIOOLLEIDING_BETON_700","*","_","**","_","RI","_","ITR","_","RIOOLLEIDING","_","BETON","_","700","_","","_","","'-","","'-","G","'-","","","*_**_RI_ITR_RIOOLLEIDING_BETON_700","0.18","50","52","50","50","253","RI-ITR-SO","0.35","50","52","50","50","253","RI-ITR-SO","0.35","50","52","50","50","253","V-RI-ITR-SO","0.35","50","52","50","50","253","RI-ITR-SO","","","2028","2018","http://digitalbuildingdata.tech/nlcs/def/743e72fb-d41b-4868-84ce-0b8d07b02742","http://digitalbuildingdata.tech/nlcs/def/39a79871-afb7-4431-ae52-cc7b15bd69f5"
"HWA_TRANSPORTLEIDING_GVK_1000","*","_","**","_","RI","_","HWA","_","TRANSPORTLEIDING","_","GVK","_","1000","_","","_","","'-","","'-","G","'-","","","*_**_RI_HWA_TRANSPORTLEIDING_GVK_1000","0.18","150","152","150","150","253","RI-HWA-SO","0.35","150","152","150","150","253","RI-HWA-SO","0.35","150","152","150","150","253","V-RI-HWA-SO","0.35","150","152","150","150","253","RI-HWA-SO","","","1897","1896","http://digitalbuildingdata.tech/nlcs/def/7173100f-4150-49f8-87f6-277d722ae41c","http://digitalbuildingdata.tech/nlcs/def/9eb2bf51-e3db-4178-bff6-0bfdea80b25a"
"ITR_RIOOLPUT_HONDEHOKPUT_BETON","*","_","**","_","RI","_","ITR","_","RIOOLPUT","_","HONDEHOKPUT","_","BETON","_","","_","","'-","","'-","G","'-","","","*_**_RI_ITR_RIOOLPUT_HONDEHOKPUT_BETON","0.18","50","52","50","50","253","CONTINUOUS","0.35","50","52","50","50","253","CONTINUOUS","0.35","50","52","50","50","253","V-CONTINUOUS-SO","0.35","50","52","50","50","253","CONTINUOUS","","","1995","1994","http://digitalbuildingdata.tech/nlcs/def/053d6666-0857-4c9c-922e-37aafb4944d7","http://digitalbuildingdata.tech/nlcs/def/36ecef34-d983-4400-9e5d-742ca05d4ec5"
"HWA_TRANSPORTLEIDING_PE_355","*","_","**","_","RI","_","HWA","_","TRANSPORTLEIDING","_","PE","_","355","_","","_","","'-","","'-","G","'-","","","*_**_RI_HWA_TRANSPORTLEIDING_PE_355","0.18","150","152","150","150","253","RI-HWA-SO","0.35","150","152","150","150","253","RI-HWA-SO","0.35","150","152","150","150","253","V-RI-HWA-SO","0.35","150","152","150","150","253","RI-HWA-SO","","","1927","1923","http://digitalbuildingdata.tech/nlcs/def/09ba2c54-4545-4f43-9b1c-0909d1382ae7","http://digitalbuildingdata.tech/nlcs/def/35696621-e673-49ec-816c-02fab5f9c46b"
"GWA_TRANSPORTLEIDING_BETON_2000","*","_","**","_","RI","_","GWA","_","TRANSPORTLEIDING","_","BETON","_","2000","_","","_","","'-","","'-","G","'-","","","*_**_RI_GWA_TRANSPORTLEIDING_BETON_2000","0.18","30","32","30","30","253","RI-GWA-SO","0.35","30","32","30","30","253","RI-GWA-SO","0.35","30","32","30","30","253","V-RI-GWA-SO","0.35","30","32","30","30","253","RI-GWA-SO","","","1736","1732","http://digitalbuildingdata.tech/nlcs/def/f0ea5ee2-3e87-4f82-8500-972ca5d84e50","http://digitalbuildingdata.tech/nlcs/def/1c72bde5-631d-448a-a2ae-149c66d8840e"
"GWA_RIOOLPUT_OVERSTORTPUT_PE","*","_","**","_","RI","_","GWA","_","RIOOLPUT","_","OVERSTORTPUT","_","PE","_","","_","","'-","","'-","G","'-","","","*_**_RI_GWA_RIOOLPUT_OVERSTORTPUT_PE","0.18","30","32","30","30","253","CONTINUOUS","0.35","30","32","30","30","253","CONTINUOUS","0.35","30","32","30","30","253","V-CONTINUOUS-SO","0.35","30","32","30","30","253","CONTINUOUS","","","1718","1716","http://digitalbuildingdata.tech/nlcs/def/8f9625d9-48a9-4d77-9908-6efd7e660613","http://digitalbuildingdata.tech/nlcs/def/6da69639-e30f-4239-8d6d-3e5b1785398d"
"GWA_TRANSPORTLEIDING_BETON_1500","*","_","**","_","RI","_","GWA","_","TRANSPORTLEIDING","_","BETON","_","1500","_","","_","","'-","","'-","G","'-","","","*_**_RI_GWA_TRANSPORTLEIDING_BETON_1500","0.18","30","32","30","30","253","RI-GWA-SO","0.35","30","32","30","30","253","RI-GWA-SO","0.35","30","32","30","30","253","V-RI-GWA-SO","0.35","30","32","30","30","253","RI-GWA-SO","","","1735","1732","http://digitalbuildingdata.tech/nlcs/def/0163cf55-242d-4263-a87d-b1b6fc1ff2ba","http://digitalbuildingdata.tech/nlcs/def/1c72bde5-631d-448a-a2ae-149c66d8840e"
"HWA_RIOOLLEIDING_PVC_630","*","_","**","_","RI","_","HWA","_","RIOOLLEIDING","_","PVC","_","630","_","","_","","'-","","'-","G","'-","","","*_**_RI_HWA_RIOOLLEIDING_PVC_630","0.18","150","152","150","150","253","RI-HWA-SO","0.35","150","152","150","150","253","RI-HWA-SO","0.35","150","152","150","150","253","V-RI-HWA-SO","0.35","150","152","150","150","253","RI-HWA-SO","","","3791","3783","http://digitalbuildingdata.tech/nlcs/def/072e1843-6dce-4da9-92d2-9957b8f4288e","http://digitalbuildingdata.tech/nlcs/def/df8638ad-ad1d-478c-95cb-1fd92a1b37c6"
"GWA_RIOOLLEIDING_PE_450","*","_","**","_","RI","_","GWA","_","RIOOLLEIDING","_","PE","_","450","_","","_","","'-","","'-","G","'-","","","*_**_RI_GWA_RIOOLLEIDING_PE_450","0.18","30","32","30","30","253","RI-GWA-SO","0.35","30","32","30","30","253","RI-GWA-SO","0.35","30","32","30","30","253","V-RI-GWA-SO","0.35","30","32","30","30","253","RI-GWA-SO","","","3658","3653","http://digitalbuildingdata.tech/nlcs/def/60bbeadb-1b6f-4107-a8ef-d2ee05e41570","http://digitalbuildingdata.tech/nlcs/def/e8278b56-43f9-449c-84b7-38cc14196127"
"GWA_TRANSPORTLEIDING_GRES_700","*","_","**","_","RI","_","GWA","_","TRANSPORTLEIDING","_","GRES","_","700","_","","_","","'-","","'-","G","'-","","","*_**_RI_GWA_TRANSPORTLEIDING_GRES_700","0.18","30","32","30","30","253","RI-GWA-SO","0.35","30","32","30","30","253","RI-GWA-SO","0.35","30","32","30","30","253","V-RI-GWA-SO","0.35","30","32","30","30","253","RI-GWA-SO","","","1764","1756","http://digitalbuildingdata.tech/nlcs/def/3b2868a1-1d30-438e-ab3c-7e9638d62796","http://digitalbuildingdata.tech/nlcs/def/a390306b-774c-469d-9087-5c9468c55f16"
"GWA_PERCEELAANSLUITLEIDING_GRES_100","*","_","**","_","RI","_","GWA","_","PERCEELAANSLUITLEIDING","_","GRES","_","100","_","","_","","'-","","'-","G","'-","","","*_**_RI_GWA_PERCEELAANSLUITLEIDING_GRES_100","0.18","30","32","30","30","253","RI-GWA_AANSLUITLEIDING-SO","0.25","30","32","30","30","253","RI-GWA_AANSLUITLEIDING-SO","0.25","30","32","30","30","253","V-RI-GWA_AANSLUITLEIDING-SO","0.25","30","32","30","30","253","RI-GWA_AANSLUITLEIDING-SO","","","1669","1668","http://digitalbuildingdata.tech/nlcs/def/9f70be04-180a-48d2-a1fe-8dd9333b469a","http://digitalbuildingdata.tech/nlcs/def/ca1dcae8-0044-4fa3-8815-09972d598b0c"
"HWA_TRANSPORTLEIDING_GVK_1500","*","_","**","_","RI","_","HWA","_","TRANSPORTLEIDING","_","GVK","_","1500","_","","_","","'-","","'-","G","'-","","","*_**_RI_HWA_TRANSPORTLEIDING_GVK_1500","0.18","150","152","150","150","253","RI-HWA-SO","0.35","150","152","150","150","253","RI-HWA-SO","0.35","150","152","150","150","253","V-RI-HWA-SO","0.35","150","152","150","150","253","RI-HWA-SO","","","1902","1896","http://digitalbuildingdata.tech/nlcs/def/d43287da-9cf4-44e4-a683-83fd7866bc88","http://digitalbuildingdata.tech/nlcs/def/9eb2bf51-e3db-4178-bff6-0bfdea80b25a"
"DWA_TRANSPORTLEIDING_BETON_400","*","_","**","_","RI","_","DWA","_","TRANSPORTLEIDING","_","BETON","_","400","_","","_","","'-","","'-","G","'-","","","*_**_RI_DWA_TRANSPORTLEIDING_BETON_400","0.18","20","22","20","20","253","RI-DWA-SO","0.35","20","22","20","20","253","RI-DWA-SO","0.35","20","22","20","20","253","V-RI-DWA-SO","0.35","20","22","20","20","253","RI-DWA-SO","","","2294","2287","http://digitalbuildingdata.tech/nlcs/def/1c8c4514-01e1-4de8-8a90-b7c355c30b67","http://digitalbuildingdata.tech/nlcs/def/584f42b4-9e2e-468c-a0ff-5b8e084f2c68"
"HWA_RIOOLLEIDING_GVK_250","*","_","**","_","RI","_","HWA","_","RIOOLLEIDING","_","GVK","_","250","_","","_","","'-","","'-","G","'-","","","*_**_RI_HWA_RIOOLLEIDING_GVK_250","0.18","150","152","150","150","253","RI-HWA-SO","0.35","150","152","150","150","253","RI-HWA-SO","0.35","150","152","150","150","253","V-RI-HWA-SO","0.35","150","152","150","150","253","RI-HWA-SO","","","3760","3746","http://digitalbuildingdata.tech/nlcs/def/7b0de7c0-ccb1-4a92-b902-6757b05db030","http://digitalbuildingdata.tech/nlcs/def/ee332402-a94e-437a-a767-43019214a0a2"
"DWA_RIOOLPUT_BLINDEPUT_BETON","*","_","**","_","RI","_","DWA","_","RIOOLPUT","_","BLINDEPUT","_","BETON","_","","_","","'-","","'-","G","'-","","","*_**_RI_DWA_RIOOLPUT_BLINDEPUT_BETON","0.18","20","22","20","20","253","CONTINUOUS","0.35","20","22","20","20","253","CONTINUOUS","0.35","20","22","20","20","253","V-CONTINUOUS-SO","0.35","20","22","20","20","253","CONTINUOUS","","","2253","2252","http://digitalbuildingdata.tech/nlcs/def/75657e89-5900-4714-9410-e4ea13c5e68b","http://digitalbuildingdata.tech/nlcs/def/8e9b7db0-00e4-4e38-8438-c5550e58b0e6"
"GWA_TRANSPORTLEIDING_PVC_160","*","_","**","_","RI","_","GWA","_","TRANSPORTLEIDING","_","PVC","_","160","_","","_","","'-","","'-","G","'-","","","*_**_RI_GWA_TRANSPORTLEIDING_PVC_160","0.18","30","32","30","30","253","RI-GWA-SO","0.35","30","32","30","30","253","RI-GWA-SO","0.35","30","32","30","30","253","V-RI-GWA-SO","0.35","30","32","30","30","253","RI-GWA-SO","","","1777","1776","http://digitalbuildingdata.tech/nlcs/def/4060d1a3-42e9-4140-a346-30aa023a7e1c","http://digitalbuildingdata.tech/nlcs/def/59a6ead1-8c1c-43cc-a929-f96ecc6d08b7"
"HWA_RIOOLLEIDING_GVK_300","*","_","**","_","RI","_","HWA","_","RIOOLLEIDING","_","GVK","_","300","_","","_","","'-","","'-","G","'-","","","*_**_RI_HWA_RIOOLLEIDING_GVK_300","0.18","150","152","150","150","253","RI-HWA-SO","0.35","150","152","150","150","253","RI-HWA-SO","0.35","150","152","150","150","253","V-RI-HWA-SO","0.35","150","152","150","150","253","RI-HWA-SO","","","3765","3746","http://digitalbuildingdata.tech/nlcs/def/80a221cc-b41c-4fa2-8cb7-f68ea1b1534d","http://digitalbuildingdata.tech/nlcs/def/ee332402-a94e-437a-a767-43019214a0a2"
"DWA_TRANSPORTLEIDING_BETON_EI","*","_","**","_","RI","_","DWA","_","TRANSPORTLEIDING","_","BETON","_","EI","_","","_","","'-","","'-","G","'-","","","*_**_RI_DWA_TRANSPORTLEIDING_BETON_EI","0.18","20","22","20","20","253","RI-DWA-SO","0.35","20","22","20","20","253","RI-DWA-SO","0.35","20","22","20","20","253","V-RI-DWA-SO","0.35","20","22","20","20","253","RI-DWA-SO","","","2300","2287","http://digitalbuildingdata.tech/nlcs/def/191b2536-d2f2-4468-9696-459076108e2e","http://digitalbuildingdata.tech/nlcs/def/584f42b4-9e2e-468c-a0ff-5b8e084f2c68"
"DWA_RIOOLPUT_VALPUT_BETON","*","_","**","_","RI","_","DWA","_","RIOOLPUT","_","VALPUT","_","BETON","_","","_","","'-","","'-","G","'-","","","*_**_RI_DWA_RIOOLPUT_VALPUT_BETON","0.18","20","22","20","20","253","CONTINUOUS","0.35","20","22","20","20","253","CONTINUOUS","0.35","20","22","20","20","253","V-CONTINUOUS-SO","0.35","20","22","20","20","253","CONTINUOUS","","","2278","2277","http://digitalbuildingdata.tech/nlcs/def/68fde437-4925-4637-adb3-7835fac17dfe","http://digitalbuildingdata.tech/nlcs/def/df764dd7-bc8b-4531-856d-a3c107f66c36"
"GWA_TRANSPORTLEIDING_GRES_600","*","_","**","_","RI","_","GWA","_","TRANSPORTLEIDING","_","GRES","_","600","_","","_","","'-","","'-","G","'-","","","*_**_RI_GWA_TRANSPORTLEIDING_GRES_600","0.18","30","32","30","30","253","RI-GWA-SO","0.35","30","32","30","30","253","RI-GWA-SO","0.35","30","32","30","30","253","V-RI-GWA-SO","0.35","30","32","30","30","253","RI-GWA-SO","","","1763","1756","http://digitalbuildingdata.tech/nlcs/def/5cab49b5-df3d-4bb9-9d62-0b225c573b46","http://digitalbuildingdata.tech/nlcs/def/a390306b-774c-469d-9087-5c9468c55f16"
"ITR_KOLKAANSLUITLEIDING_PVC_110","*","_","**","_","RI","_","ITR","_","KOLKAANSLUITLEIDING","_","PVC","_","110","_","","_","","'-","","'-","G","'-","","","*_**_RI_ITR_KOLKAANSLUITLEIDING_PVC_110","0.18","50","52","50","50","253","RI-ITR_AANSLUITLEIDING-SO","0.25","50","52","50","50","253","RI-ITR_AANSLUITLEIDING-SO","0.25","50","52","50","50","253","V-RI-ITR_AANSLUITLEIDING-SO","0.25","50","52","50","50","253","RI-ITR_AANSLUITLEIDING-SO","","","1972","1971","http://digitalbuildingdata.tech/nlcs/def/cffe4b79-cb43-460d-a27f-30ac103be281","http://digitalbuildingdata.tech/nlcs/def/41f8265c-694c-4b9e-8248-691dec03d2ac"
"DWA_TRANSPORTLEIDING_GRES_250","*","_","**","_","RI","_","DWA","_","TRANSPORTLEIDING","_","GRES","_","250","_","","_","","'-","","'-","G","'-","","","*_**_RI_DWA_TRANSPORTLEIDING_GRES_250","0.18","20","22","20","20","253","RI-DWA-SO","0.35","20","22","20","20","253","RI-DWA-SO","0.35","20","22","20","20","253","V-RI-DWA-SO","0.35","20","22","20","20","253","RI-DWA-SO","","","2314","2311","http://digitalbuildingdata.tech/nlcs/def/ffed57e3-ebcb-45b8-be5d-05574dbbe4d0","http://digitalbuildingdata.tech/nlcs/def/d635a418-c9c6-4464-b71d-57c389ef5790"
"DWA_TRANSPORTLEIDING_PVC_315","*","_","**","_","RI","_","DWA","_","TRANSPORTLEIDING","_","PVC","_","315","_","","_","","'-","","'-","G","'-","","","*_**_RI_DWA_TRANSPORTLEIDING_PVC_315","0.18","20","22","20","20","253","RI-DWA-SO","0.35","20","22","20","20","253","RI-DWA-SO","0.35","20","22","20","20","253","V-RI-DWA-SO","0.35","20","22","20","20","253","RI-DWA-SO","","","2336","2332","http://digitalbuildingdata.tech/nlcs/def/0db77e10-3ed2-4c49-8712-f8e731749156","http://digitalbuildingdata.tech/nlcs/def/e9757dfb-e619-41e3-aa8a-55e8017e5631"
"DWA_RIOOLLEIDING_PVC_315","*","_","**","_","RI","_","DWA","_","RIOOLLEIDING","_","PVC","_","315","_","","_","","'-","","'-","G","'-","","","*_**_RI_DWA_RIOOLLEIDING_PVC_315","0.18","20","22","20","20","253","RI-DWA-SO","0.35","20","22","20","20","253","RI-DWA-SO","0.35","20","22","20","20","253","V-RI-DWA-SO","0.35","20","22","20","20","253","RI-DWA-SO","","","3994","3990","http://digitalbuildingdata.tech/nlcs/def/c823ec64-1aad-4d60-b807-3d0a4a6f800f","http://digitalbuildingdata.tech/nlcs/def/c69bc13d-a8fb-4281-b7aa-335f8f0df12a"
"DWA_TRANSPORTLEIDING_BETON_1500","*","_","**","_","RI","_","DWA","_","TRANSPORTLEIDING","_","BETON","_","1500","_","","_","","'-","","'-","G","'-","","","*_**_RI_DWA_TRANSPORTLEIDING_BETON_1500","0.18","20","22","20","20","253","RI-DWA-SO","0.35","20","22","20","20","253","RI-DWA-SO","0.35","20","22","20","20","253","V-RI-DWA-SO","0.35","20","22","20","20","253","RI-DWA-SO","","","2290","2287","http://digitalbuildingdata.tech/nlcs/def/0c6157b3-1284-46d9-96c1-3a1ab80b95d2","http://digitalbuildingdata.tech/nlcs/def/584f42b4-9e2e-468c-a0ff-5b8e084f2c68"
"DWA_RIOOLPUT_OVERSTORTPUT_BETON","*","_","**","_","RI","_","DWA","_","RIOOLPUT","_","OVERSTORTPUT","_","BETON","_","","_","","'-","","'-","G","'-","","","*_**_RI_DWA_RIOOLPUT_OVERSTORTPUT_BETON","0.18","20","22","20","20","253","CONTINUOUS","0.35","20","22","20","20","253","CONTINUOUS","0.35","20","22","20","20","253","V-CONTINUOUS-SO","0.35","20","22","20","20","253","CONTINUOUS","","","2267","2266","http://digitalbuildingdata.tech/nlcs/def/89d58ce2-bae8-4542-961b-cd30c340255b","http://digitalbuildingdata.tech/nlcs/def/3abff1a5-8695-439f-ab97-a5cf2637bbc9"
"DWA_TRANSPORTLEIDING_BETON_500","*","_","**","_","RI","_","DWA","_","TRANSPORTLEIDING","_","BETON","_","500","_","","_","","'-","","'-","G","'-","","","*_**_RI_DWA_TRANSPORTLEIDING_BETON_500","0.18","20","22","20","20","253","RI-DWA-SO","0.35","20","22","20","20","253","RI-DWA-SO","0.35","20","22","20","20","253","V-RI-DWA-SO","0.35","20","22","20","20","253","RI-DWA-SO","","","2295","2287","http://digitalbuildingdata.tech/nlcs/def/24bd465e-54b6-4e69-9b04-68a23906516a","http://digitalbuildingdata.tech/nlcs/def/584f42b4-9e2e-468c-a0ff-5b8e084f2c68"
"HWA_TRANSPORTLEIDING_BETON_400","*","_","**","_","RI","_","HWA","_","TRANSPORTLEIDING","_","BETON","_","400","_","","_","","'-","","'-","G","'-","","","*_**_RI_HWA_TRANSPORTLEIDING_BETON_400","0.18","150","152","150","150","253","RI-HWA-SO","0.35","150","152","150","150","253","RI-HWA-SO","0.35","150","152","150","150","253","V-RI-HWA-SO","0.35","150","152","150","150","253","RI-HWA-SO","","","1868","1861","http://digitalbuildingdata.tech/nlcs/def/be1761c6-a5c4-4382-92bd-e0d5b52fb92e","http://digitalbuildingdata.tech/nlcs/def/54fafb69-12cb-4927-9265-927bd8defd6e"
"GWA_TRANSPORTLEIDING_PE_560","*","_","**","_","RI","_","GWA","_","TRANSPORTLEIDING","_","PE","_","560","_","","_","","'-","","'-","G","'-","","","*_**_RI_GWA_TRANSPORTLEIDING_PE_560","0.18","30","32","30","30","253","RI-GWA-SO","0.35","30","32","30","30","253","RI-GWA-SO","0.35","30","32","30","30","253","V-RI-GWA-SO","0.35","30","32","30","30","253","RI-GWA-SO","","","1774","1767","http://digitalbuildingdata.tech/nlcs/def/1a73ca53-b285-4b3f-b62e-01e81cced1b7","http://digitalbuildingdata.tech/nlcs/def/633a346d-21d7-49a4-a433-3fe71ae524f2"
"GWA_RIOOLLEIDING_PVC_500","*","_","**","_","RI","_","GWA","_","RIOOLLEIDING","_","PVC","_","500","_","","_","","'-","","'-","G","'-","","","*_**_RI_GWA_RIOOLLEIDING_PVC_500","0.18","30","32","30","30","253","RI-GWA-SO","0.35","30","32","30","30","253","RI-GWA-SO","0.35","30","32","30","30","253","V-RI-GWA-SO","0.35","30","32","30","30","253","RI-GWA-SO","","","3668","3662","http://digitalbuildingdata.tech/nlcs/def/214a6fb8-520b-47f9-ab21-89f521b32b08","http://digitalbuildingdata.tech/nlcs/def/a0719103-1f55-4154-a1e4-9974a24c75b7"
"HWA_RIOOLLEIDING_GVK_2000","*","_","**","_","RI","_","HWA","_","RIOOLLEIDING","_","GVK","_","2000","_","","_","","'-","","'-","G","'-","","","*_**_RI_HWA_RIOOLLEIDING_GVK_2000","0.18","150","152","150","150","253","RI-HWA-SO","0.35","150","152","150","150","253","RI-HWA-SO","0.35","150","152","150","150","253","V-RI-HWA-SO","0.35","150","152","150","150","253","RI-HWA-SO","","","3757","3746","http://digitalbuildingdata.tech/nlcs/def/f467e9d0-ac44-4fc9-95f1-e1dc43149e98","http://digitalbuildingdata.tech/nlcs/def/ee332402-a94e-437a-a767-43019214a0a2"
"GWA_RIOOLLEIDING_GRES_500","*","_","**","_","RI","_","GWA","_","RIOOLLEIDING","_","GRES","_","500","_","","_","","'-","","'-","G","'-","","","*_**_RI_GWA_RIOOLLEIDING_GRES_500","0.18","30","32","30","30","253","RI-GWA-SO","0.35","30","32","30","30","253","RI-GWA-SO","0.35","30","32","30","30","253","V-RI-GWA-SO","0.35","30","32","30","30","253","RI-GWA-SO","","","3648","3642","http://digitalbuildingdata.tech/nlcs/def/b5bb1708-4cd7-4cb6-a01d-27b7448d5d33","http://digitalbuildingdata.tech/nlcs/def/4256a0d5-6db6-4b97-9a23-e08b12d845e4"
"ITR_RESERVOIR_INFILTRATIERESERVOIR_INFILTRATIEBASSIN","*","_","**","_","RI","_","ITR","_","RESERVOIR","_","INFILTRATIERESERVOIR","_","INFILTRATIEBASSIN","_","","_","","'-","","'-","G","'-","","","*_**_RI_ITR_RESERVOIR_INFILTRATIERESERVOIR_INFILTRATIEBASSIN","0.18","50","52","50","50","253","CONTINUOUS","0.35","50","52","50","50","253","CONTINUOUS","0.35","50","52","50","50","253","V-CONTINUOUS-SO","0.35","50","52","50","50","253","CONTINUOUS","","","3828","3826","http://digitalbuildingdata.tech/nlcs/def/8df8355c-4ac6-49ce-8056-9b9757ad46f2","http://digitalbuildingdata.tech/nlcs/def/3ad03f6f-6752-4cbf-9b72-5156bff6c59e"
"DWA_RIOOLLEIDING_GRES_800","*","_","**","_","RI","_","DWA","_","RIOOLLEIDING","_","GRES","_","800","_","","_","","'-","","'-","G","'-","","","*_**_RI_DWA_RIOOLLEIDING_GRES_800","0.18","20","22","20","20","253","RI-DWA-SO","0.35","20","22","20","20","253","RI-DWA-SO","0.35","20","22","20","20","253","V-RI-DWA-SO","0.35","20","22","20","20","253","RI-DWA-SO","","","3978","3969","http://digitalbuildingdata.tech/nlcs/def/8359d21e-d351-4ce4-8971-d344eaf93e62","http://digitalbuildingdata.tech/nlcs/def/f4174e96-d8bf-4d93-afc3-ea430a0cc4d0"
"DWA_RIOOLPUT_SLIBVANGER_BETON","*","_","**","_","RI","_","DWA","_","RIOOLPUT","_","SLIBVANGER","_","BETON","_","","_","","'-","","'-","G","'-","","","*_**_RI_DWA_RIOOLPUT_SLIBVANGER_BETON","0.18","20","22","20","20","253","CONTINUOUS","0.35","20","22","20","20","253","CONTINUOUS","0.35","20","22","20","20","253","V-CONTINUOUS-SO","0.35","20","22","20","20","253","CONTINUOUS","","","2273","2272","http://digitalbuildingdata.tech/nlcs/def/7f3d9b78-9147-42e3-b9e7-578afb9a5ce0","http://digitalbuildingdata.tech/nlcs/def/b96a4853-1a18-4751-bee5-0ae61eb5448c"
"HWA_TRANSPORTLEIDING_GRES_250","*","_","**","_","RI","_","HWA","_","TRANSPORTLEIDING","_","GRES","_","250","_","","_","","'-","","'-","G","'-","","","*_**_RI_HWA_TRANSPORTLEIDING_GRES_250","0.18","150","152","150","150","253","RI-HWA-SO","0.35","150","152","150","150","253","RI-HWA-SO","0.35","150","152","150","150","253","V-RI-HWA-SO","0.35","150","152","150","150","253","RI-HWA-SO","","","1888","1885","http://digitalbuildingdata.tech/nlcs/def/4f4e23ea-d0ec-4913-89b8-7ddd75e8d9c1","http://digitalbuildingdata.tech/nlcs/def/f9f5e866-adf4-4406-b11a-d81b32bb2314"
"DWA_RIOOLPUT_MONSTERNAMEPUT_BETON","*","_","**","_","RI","_","DWA","_","RIOOLPUT","_","MONSTERNAMEPUT","_","BETON","_","","_","","'-","","'-","G","'-","","","*_**_RI_DWA_RIOOLPUT_MONSTERNAMEPUT_BETON","0.18","20","22","20","20","253","CONTINUOUS","0.35","20","22","20","20","253","CONTINUOUS","0.35","20","22","20","20","253","V-CONTINUOUS-SO","0.35","20","22","20","20","253","CONTINUOUS","","","2261","2260","http://digitalbuildingdata.tech/nlcs/def/3992ada9-b3aa-4d93-bd5a-919cad54f811","http://digitalbuildingdata.tech/nlcs/def/a3d06e67-dc8e-4852-9f7f-a721195417d2"
"DWA_RIOOLLEIDING_PE_355","*","_","**","_","RI","_","DWA","_","RIOOLLEIDING","_","PE","_","355","_","","_","","'-","","'-","G","'-","","","*_**_RI_DWA_RIOOLLEIDING_PE_355","0.18","20","22","20","20","253","RI-DWA-SO","0.35","20","22","20","20","253","RI-DWA-SO","0.35","20","22","20","20","253","V-RI-DWA-SO","0.35","20","22","20","20","253","RI-DWA-SO","","","3984","3980","http://digitalbuildingdata.tech/nlcs/def/d4b8fe9a-66ac-4b8b-99b9-421e028c1ba1","http://digitalbuildingdata.tech/nlcs/def/f546eb55-eec2-4306-a8aa-b24078d81bd8"
"DWA_RIOOLLEIDING_BETON_500","*","_","**","_","RI","_","DWA","_","RIOOLLEIDING","_","BETON","_","500","_","","_","","'-","","'-","G","'-","","","*_**_RI_DWA_RIOOLLEIDING_BETON_500","0.18","20","22","20","20","253","RI-DWA-SO","0.35","20","22","20","20","253","RI-DWA-SO","0.35","20","22","20","20","253","V-RI-DWA-SO","0.35","20","22","20","20","253","RI-DWA-SO","","","3953","3945","http://digitalbuildingdata.tech/nlcs/def/33927716-fac4-434c-a980-e80c03ccb495","http://digitalbuildingdata.tech/nlcs/def/25550949-adb4-47f5-b2ab-3d001726ebce"
"HWA_RIOOLLEIDING_BETON_300","*","_","**","_","RI","_","HWA","_","RIOOLLEIDING","_","BETON","_","300","_","","_","","'-","","'-","G","'-","","","*_**_RI_HWA_RIOOLLEIDING_BETON_300","0.18","150","152","150","150","253","RI-HWA-SO","0.35","150","152","150","150","253","RI-HWA-SO","0.35","150","152","150","150","253","V-RI-HWA-SO","0.35","150","152","150","150","253","RI-HWA-SO","","","3717","3711","http://digitalbuildingdata.tech/nlcs/def/0d40022a-32da-497b-bdc1-cb0865bb9e07","http://digitalbuildingdata.tech/nlcs/def/5437e98b-2362-43bd-a944-ccccdd7ab1ed"
"HWA_RIOOLLEIDING_BETON_700","*","_","**","_","RI","_","HWA","_","RIOOLLEIDING","_","BETON","_","700","_","","_","","'-","","'-","G","'-","","","*_**_RI_HWA_RIOOLLEIDING_BETON_700","0.18","150","152","150","150","253","RI-HWA-SO","0.35","150","152","150","150","253","RI-HWA-SO","0.35","150","152","150","150","253","V-RI-HWA-SO","0.35","150","152","150","150","253","RI-HWA-SO","","","3721","3711","http://digitalbuildingdata.tech/nlcs/def/685d0229-a0ff-43f4-8268-e4083182ab82","http://digitalbuildingdata.tech/nlcs/def/5437e98b-2362-43bd-a944-ccccdd7ab1ed"
"ITR_RIOOLPUT_BLINDEPUT_BETON","*","_","**","_","RI","_","ITR","_","RIOOLPUT","_","BLINDEPUT","_","BETON","_","","_","","'-","","'-","G","'-","","","*_**_RI_ITR_RIOOLPUT_BLINDEPUT_BETON","0.18","50","52","50","50","253","CONTINUOUS","0.35","50","52","50","50","253","CONTINUOUS","0.35","50","52","50","50","253","V-CONTINUOUS-SO","0.35","50","52","50","50","253","CONTINUOUS","","","1992","1991","http://digitalbuildingdata.tech/nlcs/def/a05453a4-0aac-449f-b28f-0ee9fd295805","http://digitalbuildingdata.tech/nlcs/def/1a71f103-3c34-4141-8d5f-95caa700786c"
"GWA_TRANSPORTLEIDING_BETON_1000","*","_","**","_","RI","_","GWA","_","TRANSPORTLEIDING","_","BETON","_","1000","_","","_","","'-","","'-","G","'-","","","*_**_RI_GWA_TRANSPORTLEIDING_BETON_1000","0.18","30","32","30","30","253","RI-GWA-SO","0.35","30","32","30","30","253","RI-GWA-SO","0.35","30","32","30","30","253","V-RI-GWA-SO","0.35","30","32","30","30","253","RI-GWA-SO","","","1733","1732","http://digitalbuildingdata.tech/nlcs/def/04b45e95-9814-45f4-9b44-dec63865e80e","http://digitalbuildingdata.tech/nlcs/def/1c72bde5-631d-448a-a2ae-149c66d8840e"
"HWA_TRANSPORTLEIDING_GVK_1700","*","_","**","_","RI","_","HWA","_","TRANSPORTLEIDING","_","GVK","_","1700","_","","_","","'-","","'-","G","'-","","","*_**_RI_HWA_TRANSPORTLEIDING_GVK_1700","0.18","150","152","150","150","253","RI-HWA-SO","0.35","150","152","150","150","253","RI-HWA-SO","0.35","150","152","150","150","253","V-RI-HWA-SO","0.35","150","152","150","150","253","RI-HWA-SO","","","1904","1896","http://digitalbuildingdata.tech/nlcs/def/50fe6758-1be1-4244-aaad-15a15ce49962","http://digitalbuildingdata.tech/nlcs/def/9eb2bf51-e3db-4178-bff6-0bfdea80b25a"
"HWA_AANSLUITPUT_ONTSTOPPINGSPUT_BETON","*","_","**","_","RI","_","HWA","_","AANSLUITPUT","_","ONTSTOPPINGSPUT","_","BETON","_","","_","","'-","","'-","G","'-","","","*_**_RI_HWA_AANSLUITPUT_ONTSTOPPINGSPUT_BETON","0.18","150","152","150","150","253","CONTINUOUS","0.35","150","152","150","150","253","CONTINUOUS","0.35","150","152","150","150","253","V-CONTINUOUS-SO","0.35","150","152","150","150","253","CONTINUOUS","","","1843","1842","http://digitalbuildingdata.tech/nlcs/def/347121c0-54b8-45ff-9620-3b123b6bf1a0","http://digitalbuildingdata.tech/nlcs/def/2ceb3441-7ff4-4e24-ab63-d598b75e5ad1"
"HWA_RIOOLLEIDING_PVC_500","*","_","**","_","RI","_","HWA","_","RIOOLLEIDING","_","PVC","_","500","_","","_","","'-","","'-","G","'-","","","*_**_RI_HWA_RIOOLLEIDING_PVC_500","0.18","150","152","150","150","253","RI-HWA-SO","0.35","150","152","150","150","253","RI-HWA-SO","0.35","150","152","150","150","253","V-RI-HWA-SO","0.35","150","152","150","150","253","RI-HWA-SO","","","3790","3783","http://digitalbuildingdata.tech/nlcs/def/527d0bb7-f2a1-4d27-ab26-a65293f24935","http://digitalbuildingdata.tech/nlcs/def/df8638ad-ad1d-478c-95cb-1fd92a1b37c6"
"HWA_RIOOLLEIDING_GVK_2600","*","_","**","_","RI","_","HWA","_","RIOOLLEIDING","_","GVK","_","2600","_","","_","","'-","","'-","G","'-","","","*_**_RI_HWA_RIOOLLEIDING_GVK_2600","0.18","150","152","150","150","253","RI-HWA-SO","0.35","150","152","150","150","253","RI-HWA-SO","0.35","150","152","150","150","253","V-RI-HWA-SO","0.35","150","152","150","150","253","RI-HWA-SO","","","3762","3746","http://digitalbuildingdata.tech/nlcs/def/b3e8b291-2351-4886-939a-8744e862d785","http://digitalbuildingdata.tech/nlcs/def/ee332402-a94e-437a-a767-43019214a0a2"
"GWA_TRANSPORTLEIDING_GRES_500","*","_","**","_","RI","_","GWA","_","TRANSPORTLEIDING","_","GRES","_","500","_","","_","","'-","","'-","G","'-","","","*_**_RI_GWA_TRANSPORTLEIDING_GRES_500","0.18","30","32","30","30","253","RI-GWA-SO","0.35","30","32","30","30","253","RI-GWA-SO","0.35","30","32","30","30","253","V-RI-GWA-SO","0.35","30","32","30","30","253","RI-GWA-SO","","","1762","1756","http://digitalbuildingdata.tech/nlcs/def/4e204d5d-e799-4a20-99f7-a4b976a7eac3","http://digitalbuildingdata.tech/nlcs/def/a390306b-774c-469d-9087-5c9468c55f16"
"HWA_RIOOLLEIDING_PE_400","*","_","**","_","RI","_","HWA","_","RIOOLLEIDING","_","PE","_","400","_","","_","","'-","","'-","G","'-","","","*_**_RI_HWA_RIOOLLEIDING_PE_400","0.18","150","152","150","150","253","RI-HWA-SO","0.35","150","152","150","150","253","RI-HWA-SO","0.35","150","152","150","150","253","V-RI-HWA-SO","0.35","150","152","150","150","253","RI-HWA-SO","","","3778","3773","http://digitalbuildingdata.tech/nlcs/def/e9da0361-d739-46f8-9c20-9d4d9b374039","http://digitalbuildingdata.tech/nlcs/def/b55d0f25-f210-4299-8896-3afac3ed7de2"
"DWA_TRANSPORTLEIDING_GRES_300","*","_","**","_","RI","_","DWA","_","TRANSPORTLEIDING","_","GRES","_","300","_","","_","","'-","","'-","G","'-","","","*_**_RI_DWA_TRANSPORTLEIDING_GRES_300","0.18","20","22","20","20","253","RI-DWA-SO","0.35","20","22","20","20","253","RI-DWA-SO","0.35","20","22","20","20","253","V-RI-DWA-SO","0.35","20","22","20","20","253","RI-DWA-SO","","","2315","2311","http://digitalbuildingdata.tech/nlcs/def/44992bd7-7bd3-4060-9a89-5188bce64d0a","http://digitalbuildingdata.tech/nlcs/def/d635a418-c9c6-4464-b71d-57c389ef5790"
"HWA_TRANSPORTLEIDING_GVK_2900","*","_","**","_","RI","_","HWA","_","TRANSPORTLEIDING","_","GVK","_","2900","_","","_","","'-","","'-","G","'-","","","*_**_RI_HWA_TRANSPORTLEIDING_GVK_2900","0.18","150","152","150","150","253","RI-HWA-SO","0.35","150","152","150","150","253","RI-HWA-SO","0.35","150","152","150","150","253","V-RI-HWA-SO","0.35","150","152","150","150","253","RI-HWA-SO","","","1914","1896","http://digitalbuildingdata.tech/nlcs/def/5839fc46-6d32-4d44-a878-4faebc8192bb","http://digitalbuildingdata.tech/nlcs/def/9eb2bf51-e3db-4178-bff6-0bfdea80b25a"
"ITR_RESERVOIR_INFILTRATIERESERVOIR_ZANDKOFFER","*","_","**","_","RI","_","ITR","_","RESERVOIR","_","INFILTRATIERESERVOIR","_","ZANDKOFFER","_","","_","","'-","","'-","G","'-","","","*_**_RI_ITR_RESERVOIR_INFILTRATIERESERVOIR_ZANDKOFFER","0.18","50","52","50","50","253","CONTINUOUS","0.35","50","52","50","50","253","CONTINUOUS","0.35","50","52","50","50","253","V-CONTINUOUS-SO","0.35","50","52","50","50","253","CONTINUOUS","","","3832","3826","http://digitalbuildingdata.tech/nlcs/def/f7926467-ecac-4505-b1f6-760be7aec3b9","http://digitalbuildingdata.tech/nlcs/def/3ad03f6f-6752-4cbf-9b72-5156bff6c59e"
"HWA_PERCEELAANSLUITLEIDING_PP_160","*","_","**","_","RI","_","HWA","_","PERCEELAANSLUITLEIDING","_","PP","_","160","_","","_","","'-","","'-","G","'-","","","*_**_RI_HWA_PERCEELAANSLUITLEIDING_PP_160","0.18","150","152","150","150","253","RI-HWA_AANSLUITLEIDING-SO","0.25","150","152","150","150","253","RI-HWA_AANSLUITLEIDING-SO","0.25","150","152","150","150","253","V-RI-HWA_AANSLUITLEIDING-SO","0.25","150","152","150","150","253","RI-HWA_AANSLUITLEIDING-SO","","","3076","3074","http://digitalbuildingdata.tech/nlcs/def/db79f5db-a066-41ef-a33a-ab1b1e744559","http://digitalbuildingdata.tech/nlcs/def/923b97de-f8cd-4dca-a60d-b8f91051b8b3"
"GWA_RIOOLLEIDING_BETON_2000","*","_","**","_","RI","_","GWA","_","RIOOLLEIDING","_","BETON","_","2000","_","","_","","'-","","'-","G","'-","","","*_**_RI_GWA_RIOOLLEIDING_BETON_2000","0.18","30","32","30","30","253","RI-GWA-SO","0.35","30","32","30","30","253","RI-GWA-SO","0.35","30","32","30","30","253","V-RI-GWA-SO","0.35","30","32","30","30","253","RI-GWA-SO","","","3622","3618","http://digitalbuildingdata.tech/nlcs/def/94365221-7904-40b8-8192-6cfd196e9cc8","http://digitalbuildingdata.tech/nlcs/def/4e97e45e-8845-4428-b5b4-bcc0735ca47b"
"GWA_RIOOLLEIDING_GRES_400","*","_","**","_","RI","_","GWA","_","RIOOLLEIDING","_","GRES","_","400","_","","_","","'-","","'-","G","'-","","","*_**_RI_GWA_RIOOLLEIDING_GRES_400","0.18","30","32","30","30","253","RI-GWA-SO","0.35","30","32","30","30","253","RI-GWA-SO","0.35","30","32","30","30","253","V-RI-GWA-SO","0.35","30","32","30","30","253","RI-GWA-SO","","","3647","3642","http://digitalbuildingdata.tech/nlcs/def/0664753b-71c4-4c38-b0cc-85048b70a3a5","http://digitalbuildingdata.tech/nlcs/def/4256a0d5-6db6-4b97-9a23-e08b12d845e4"
"HWA_KOLKAANSLUITLEIDING_PVC_160","*","_","**","_","RI","_","HWA","_","KOLKAANSLUITLEIDING","_","PVC","_","160","_","","_","","'-","","'-","G","'-","","","*_**_RI_HWA_KOLKAANSLUITLEIDING_PVC_160","0.18","150","152","150","150","253","RI-HWA_AANSLUITLEIDING-SO","0.25","150","152","150","150","253","RI-HWA_AANSLUITLEIDING-SO","0.25","150","152","150","150","253","V-RI-HWA_AANSLUITLEIDING-SO","0.25","150","152","150","150","253","RI-HWA_AANSLUITLEIDING-SO","","","1825","1822","http://digitalbuildingdata.tech/nlcs/def/ef8c1339-44da-4af0-8661-a577ab3469da","http://digitalbuildingdata.tech/nlcs/def/bea066cd-f294-46da-8c0e-6999dd8a7854"
"HWA_RIOOLLEIDING_GVK_2200","*","_","**","_","RI","_","HWA","_","RIOOLLEIDING","_","GVK","_","2200","_","","_","","'-","","'-","G","'-","","","*_**_RI_HWA_RIOOLLEIDING_GVK_2200","0.18","150","152","150","150","253","RI-HWA-SO","0.35","150","152","150","150","253","RI-HWA-SO","0.35","150","152","150","150","253","V-RI-HWA-SO","0.35","150","152","150","150","253","RI-HWA-SO","","","3758","3746","http://digitalbuildingdata.tech/nlcs/def/1b3c5c9a-eb61-4b3a-9bda-f31d143def90","http://digitalbuildingdata.tech/nlcs/def/ee332402-a94e-437a-a767-43019214a0a2"
"ITR_KOLKAANSLUITLEIDING_PE_125","*","_","**","_","RI","_","ITR","_","KOLKAANSLUITLEIDING","_","PE","_","125","_","","_","","'-","","'-","G","'-","","","*_**_RI_ITR_KOLKAANSLUITLEIDING_PE_125","0.18","50","52","50","50","253","RI-ITR_AANSLUITLEIDING-SO","0.25","50","52","50","50","253","RI-ITR_AANSLUITLEIDING-SO","0.25","50","52","50","50","253","V-RI-ITR_AANSLUITLEIDING-SO","0.25","50","52","50","50","253","RI-ITR_AANSLUITLEIDING-SO","","","1969","1967","http://digitalbuildingdata.tech/nlcs/def/e035a2f7-4643-404c-a743-b08d53c99e32","http://digitalbuildingdata.tech/nlcs/def/3868eaea-3dfd-4aec-bbf3-3a31c2ce0107"
"HWA_RIOOLLEIDING_BETON_600","*","_","**","_","RI","_","HWA","_","RIOOLLEIDING","_","BETON","_","600","_","","_","","'-","","'-","G","'-","","","*_**_RI_HWA_RIOOLLEIDING_BETON_600","0.18","150","152","150","150","253","RI-HWA-SO","0.35","150","152","150","150","253","RI-HWA-SO","0.35","150","152","150","150","253","V-RI-HWA-SO","0.35","150","152","150","150","253","RI-HWA-SO","","","3720","3711","http://digitalbuildingdata.tech/nlcs/def/d01ee42a-3939-42fe-be3e-26047f3132e3","http://digitalbuildingdata.tech/nlcs/def/5437e98b-2362-43bd-a944-ccccdd7ab1ed"
"GWA_AANSLUITPUT_ONTSTOPPINGSPUT_BETON","*","_","**","_","RI","_","GWA","_","AANSLUITPUT","_","ONTSTOPPINGSPUT","_","BETON","_","","_","","'-","","'-","G","'-","","","*_**_RI_GWA_AANSLUITPUT_ONTSTOPPINGSPUT_BETON","0.18","30","32","30","30","253","CONTINUOUS","0.35","30","32","30","30","253","CONTINUOUS","0.35","30","32","30","30","253","V-CONTINUOUS-SO","0.35","30","32","30","30","253","CONTINUOUS","","","1714","1713","http://digitalbuildingdata.tech/nlcs/def/83d1ca45-dc92-4704-8a51-ee313676c661","http://digitalbuildingdata.tech/nlcs/def/ae6235bc-a807-47c1-ac99-e025d17e2db8"
"HWA_TRANSPORTLEIDING_GVK_2500","*","_","**","_","RI","_","HWA","_","TRANSPORTLEIDING","_","GVK","_","2500","_","","_","","'-","","'-","G","'-","","","*_**_RI_HWA_TRANSPORTLEIDING_GVK_2500","0.18","150","152","150","150","253","RI-HWA-SO","0.35","150","152","150","150","253","RI-HWA-SO","0.35","150","152","150","150","253","V-RI-HWA-SO","0.35","150","152","150","150","253","RI-HWA-SO","","","1911","1896","http://digitalbuildingdata.tech/nlcs/def/28ae9c01-55dd-45b8-b04d-87f23f45a7c0","http://digitalbuildingdata.tech/nlcs/def/9eb2bf51-e3db-4178-bff6-0bfdea80b25a"
"DWA_TRANSPORTLEIDING_PE_400","*","_","**","_","RI","_","DWA","_","TRANSPORTLEIDING","_","PE","_","400","_","","_","","'-","","'-","G","'-","","","*_**_RI_DWA_TRANSPORTLEIDING_PE_400","0.18","20","22","20","20","253","RI-DWA-SO","0.35","20","22","20","20","253","RI-DWA-SO","0.35","20","22","20","20","253","V-RI-DWA-SO","0.35","20","22","20","20","253","RI-DWA-SO","","","2327","2322","http://digitalbuildingdata.tech/nlcs/def/2a2f7512-d720-471e-b7bd-38f5903aa8dd","http://digitalbuildingdata.tech/nlcs/def/0c46efea-4092-4fe4-a3de-738c4b07c72d"
"HWA_TRANSPORTLEIDING_GVK_350","*","_","**","_","RI","_","HWA","_","TRANSPORTLEIDING","_","GVK","_","350","_","","_","","'-","","'-","G","'-","","","*_**_RI_HWA_TRANSPORTLEIDING_GVK_350","0.18","150","152","150","150","253","RI-HWA-SO","0.35","150","152","150","150","253","RI-HWA-SO","0.35","150","152","150","150","253","V-RI-HWA-SO","0.35","150","152","150","150","253","RI-HWA-SO","","","1916","1896","http://digitalbuildingdata.tech/nlcs/def/3d808e25-c691-4abf-b42e-9ff44de5ed6c","http://digitalbuildingdata.tech/nlcs/def/9eb2bf51-e3db-4178-bff6-0bfdea80b25a"
"DWA_TRANSPORTLEIDING_PVC_250","*","_","**","_","RI","_","DWA","_","TRANSPORTLEIDING","_","PVC","_","250","_","","_","","'-","","'-","G","'-","","","*_**_RI_DWA_TRANSPORTLEIDING_PVC_250","0.18","20","22","20","20","253","RI-DWA-SO","0.35","20","22","20","20","253","RI-DWA-SO","0.35","20","22","20","20","253","V-RI-DWA-SO","0.35","20","22","20","20","253","RI-DWA-SO","","","2335","2332","http://digitalbuildingdata.tech/nlcs/def/bbdd2379-d4a3-4d4a-9c36-ba537532b48a","http://digitalbuildingdata.tech/nlcs/def/e9757dfb-e619-41e3-aa8a-55e8017e5631"
"HWA_TRANSPORTLEIDING_GVK_2600","*","_","**","_","RI","_","HWA","_","TRANSPORTLEIDING","_","GVK","_","2600","_","","_","","'-","","'-","G","'-","","","*_**_RI_HWA_TRANSPORTLEIDING_GVK_2600","0.18","150","152","150","150","253","RI-HWA-SO","0.35","150","152","150","150","253","RI-HWA-SO","0.35","150","152","150","150","253","V-RI-HWA-SO","0.35","150","152","150","150","253","RI-HWA-SO","","","1912","1896","http://digitalbuildingdata.tech/nlcs/def/2c904381-6995-4d3a-aa12-1805dfd8d287","http://digitalbuildingdata.tech/nlcs/def/9eb2bf51-e3db-4178-bff6-0bfdea80b25a"
"DWA_RIOOLLEIDING_PE_500","*","_","**","_","RI","_","DWA","_","RIOOLLEIDING","_","PE","_","500","_","","_","","'-","","'-","G","'-","","","*_**_RI_DWA_RIOOLLEIDING_PE_500","0.18","20","22","20","20","253","RI-DWA-SO","0.35","20","22","20","20","253","RI-DWA-SO","0.35","20","22","20","20","253","V-RI-DWA-SO","0.35","20","22","20","20","253","RI-DWA-SO","","","3987","3980","http://digitalbuildingdata.tech/nlcs/def/3fcd6b8d-bce8-4e8d-8520-d671ba7309d9","http://digitalbuildingdata.tech/nlcs/def/f546eb55-eec2-4306-a8aa-b24078d81bd8"
"GWA_RIOOLLEIDING_BETON_300","*","_","**","_","RI","_","GWA","_","RIOOLLEIDING","_","BETON","_","300","_","","_","","'-","","'-","G","'-","","","*_**_RI_GWA_RIOOLLEIDING_BETON_300","0.18","30","32","30","30","253","RI-GWA-SO","0.35","30","32","30","30","253","RI-GWA-SO","0.35","30","32","30","30","253","V-RI-GWA-SO","0.35","30","32","30","30","253","RI-GWA-SO","","","3624","3618","http://digitalbuildingdata.tech/nlcs/def/d3444812-8902-43f0-b3dd-dcc9947e548a","http://digitalbuildingdata.tech/nlcs/def/4e97e45e-8845-4428-b5b4-bcc0735ca47b"
"HWA_RIOOLPUT_STUWPUT_BETON","*","_","**","_","RI","_","HWA","_","RIOOLPUT","_","STUWPUT","_","BETON","_","","_","","'-","","'-","G","'-","","","*_**_RI_HWA_RIOOLPUT_STUWPUT_BETON","0.18","150","152","150","150","253","CONTINUOUS","0.35","150","152","150","150","253","CONTINUOUS","0.35","150","152","150","150","253","V-CONTINUOUS-SO","0.35","150","152","150","150","253","CONTINUOUS","","","1852","1851","http://digitalbuildingdata.tech/nlcs/def/921ae9fe-52a1-413d-b7cb-c8323fd497bc","http://digitalbuildingdata.tech/nlcs/def/9c6dc92b-169a-48ca-95d0-7ca0468e0feb"
"GWA_TRANSPORTLEIDING_BETON_EI","*","_","**","_","RI","_","GWA","_","TRANSPORTLEIDING","_","BETON","_","EI","_","","_","","'-","","'-","G","'-","","","*_**_RI_GWA_TRANSPORTLEIDING_BETON_EI","0.18","30","32","30","30","253","RI-GWA-SO","0.35","30","32","30","30","253","RI-GWA-SO","0.35","30","32","30","30","253","V-RI-GWA-SO","0.35","30","32","30","30","253","RI-GWA-SO","","","1745","1732","http://digitalbuildingdata.tech/nlcs/def/b0c91813-8f81-4802-be54-bba38b76ea63","http://digitalbuildingdata.tech/nlcs/def/1c72bde5-631d-448a-a2ae-149c66d8840e"
"DWA_RIOOLPUT_VALPUT_PE","*","_","**","_","RI","_","DWA","_","RIOOLPUT","_","VALPUT","_","PE","_","","_","","'-","","'-","G","'-","","","*_**_RI_DWA_RIOOLPUT_VALPUT_PE","0.18","20","22","20","20","253","CONTINUOUS","0.35","20","22","20","20","253","CONTINUOUS","0.35","20","22","20","20","253","V-CONTINUOUS-SO","0.35","20","22","20","20","253","CONTINUOUS","","","2279","2277","http://digitalbuildingdata.tech/nlcs/def/ef4dd78b-9ee6-46e9-9db9-e4d20c9ea508","http://digitalbuildingdata.tech/nlcs/def/df764dd7-bc8b-4531-856d-a3c107f66c36"
"DWA_TRANSPORTLEIDING_GRES_800","*","_","**","_","RI","_","DWA","_","TRANSPORTLEIDING","_","GRES","_","800","_","","_","","'-","","'-","G","'-","","","*_**_RI_DWA_TRANSPORTLEIDING_GRES_800","0.18","20","22","20","20","253","RI-DWA-SO","0.35","20","22","20","20","253","RI-DWA-SO","0.35","20","22","20","20","253","V-RI-DWA-SO","0.35","20","22","20","20","253","RI-DWA-SO","","","2320","2311","http://digitalbuildingdata.tech/nlcs/def/8aaa28d9-2ec2-450f-a9d0-627d3b37726c","http://digitalbuildingdata.tech/nlcs/def/d635a418-c9c6-4464-b71d-57c389ef5790"
"GWA_PERCEELAANSLUITLEIDING_PE_63","*","_","**","_","RI","_","GWA","_","PERCEELAANSLUITLEIDING","_","PE","_","63","_","","_","","'-","","'-","G","'-","","","*_**_RI_GWA_PERCEELAANSLUITLEIDING_PE_63","0.18","30","32","30","30","253","RI-GWA_AANSLUITLEIDING-SO","0.25","30","32","30","30","253","RI-GWA_AANSLUITLEIDING-SO","0.25","30","32","30","30","253","V-RI-GWA_AANSLUITLEIDING-SO","0.25","30","32","30","30","253","RI-GWA_AANSLUITLEIDING-SO","","","1674","1672","http://digitalbuildingdata.tech/nlcs/def/ca1c4fb5-37e0-4ff3-9915-f830576723cb","http://digitalbuildingdata.tech/nlcs/def/f2edf708-e901-4c89-8ca7-4056f1f2c2b4"
"ITR_RESERVOIR_INFILTRATIERESERVOIR_WADI","*","_","**","_","RI","_","ITR","_","RESERVOIR","_","INFILTRATIERESERVOIR","_","WADI","_","","_","","'-","","'-","G","'-","","","*_**_RI_ITR_RESERVOIR_INFILTRATIERESERVOIR_WADI","0.18","50","52","50","50","253","CONTINUOUS","0.35","50","52","50","50","253","CONTINUOUS","0.35","50","52","50","50","253","V-CONTINUOUS-SO","0.35","50","52","50","50","253","CONTINUOUS","","","3830","3826","http://digitalbuildingdata.tech/nlcs/def/e467ab89-ab85-4d50-96c7-8fc2f1f5dbb7","http://digitalbuildingdata.tech/nlcs/def/3ad03f6f-6752-4cbf-9b72-5156bff6c59e"
"GWA_RIOOLLEIDING_PVC_400","*","_","**","_","RI","_","GWA","_","RIOOLLEIDING","_","PVC","_","400","_","","_","","'-","","'-","G","'-","","","*_**_RI_GWA_RIOOLLEIDING_PVC_400","0.18","30","32","30","30","253","RI-GWA-SO","0.35","30","32","30","30","253","RI-GWA-SO","0.35","30","32","30","30","253","V-RI-GWA-SO","0.35","30","32","30","30","253","RI-GWA-SO","","","3667","3662","http://digitalbuildingdata.tech/nlcs/def/43c3f826-e9e0-4f39-9a34-f922c752dfe1","http://digitalbuildingdata.tech/nlcs/def/a0719103-1f55-4154-a1e4-9974a24c75b7"
"GWA_RIOOLLEIDING_BETON_1250","*","_","**","_","RI","_","GWA","_","RIOOLLEIDING","_","BETON","_","1250","_","","_","","'-","","'-","G","'-","","","*_**_RI_GWA_RIOOLLEIDING_BETON_1250","0.18","30","32","30","30","253","RI-GWA-SO","0.35","30","32","30","30","253","RI-GWA-SO","0.35","30","32","30","30","253","V-RI-GWA-SO","0.35","30","32","30","30","253","RI-GWA-SO","","","3620","3618","http://digitalbuildingdata.tech/nlcs/def/71f580b6-f84b-4152-a831-a34324afbc39","http://digitalbuildingdata.tech/nlcs/def/4e97e45e-8845-4428-b5b4-bcc0735ca47b"
"HWA_TRANSPORTLEIDING_PVC_125","*","_","**","_","RI","_","HWA","_","TRANSPORTLEIDING","_","PVC","_","125","_","","_","","'-","","'-","G","'-","","","*_**_RI_HWA_TRANSPORTLEIDING_PVC_125","0.18","150","152","150","150","253","RI-HWA-SO","0.35","150","152","150","150","253","RI-HWA-SO","0.35","150","152","150","150","253","V-RI-HWA-SO","0.35","150","152","150","150","253","RI-HWA-SO","","","2935","1933","http://digitalbuildingdata.tech/nlcs/def/bcd77c82-5467-404e-8b4b-08f14cb5f157","http://digitalbuildingdata.tech/nlcs/def/c5d33f81-85c3-493b-996d-ceb207f769b6"
"ITR_RIOOLLEIDING_BETON_900","*","_","**","_","RI","_","ITR","_","RIOOLLEIDING","_","BETON","_","900","_","","_","","'-","","'-","G","'-","","","*_**_RI_ITR_RIOOLLEIDING_BETON_900","0.18","50","52","50","50","253","RI-ITR-SO","0.35","50","52","50","50","253","RI-ITR-SO","0.35","50","52","50","50","253","V-RI-ITR-SO","0.35","50","52","50","50","253","RI-ITR-SO","","","2030","2018","http://digitalbuildingdata.tech/nlcs/def/6ff38575-acae-4470-bce4-9f037bf199a6","http://digitalbuildingdata.tech/nlcs/def/39a79871-afb7-4431-ae52-cc7b15bd69f5"
"HWA_RIOOLLEIDING_GVK_350","*","_","**","_","RI","_","HWA","_","RIOOLLEIDING","_","GVK","_","350","_","","_","","'-","","'-","G","'-","","","*_**_RI_HWA_RIOOLLEIDING_GVK_350","0.18","150","152","150","150","253","RI-HWA-SO","0.35","150","152","150","150","253","RI-HWA-SO","0.35","150","152","150","150","253","V-RI-HWA-SO","0.35","150","152","150","150","253","RI-HWA-SO","","","3766","3746","http://digitalbuildingdata.tech/nlcs/def/2f129bef-f470-484d-bf8a-72b7b493875a","http://digitalbuildingdata.tech/nlcs/def/ee332402-a94e-437a-a767-43019214a0a2"
"GWA_RIOOLLEIDING_PE_355","*","_","**","_","RI","_","GWA","_","RIOOLLEIDING","_","PE","_","355","_","","_","","'-","","'-","G","'-","","","*_**_RI_GWA_RIOOLLEIDING_PE_355","0.18","30","32","30","30","253","RI-GWA-SO","0.35","30","32","30","30","253","RI-GWA-SO","0.35","30","32","30","30","253","V-RI-GWA-SO","0.35","30","32","30","30","253","RI-GWA-SO","","","3656","3653","http://digitalbuildingdata.tech/nlcs/def/9bedcaa9-5fe7-4cee-92b2-e7f50e9d9140","http://digitalbuildingdata.tech/nlcs/def/e8278b56-43f9-449c-84b7-38cc14196127"
"HWA_TRANSPORTLEIDING_BETON_300","*","_","**","_","RI","_","HWA","_","TRANSPORTLEIDING","_","BETON","_","300","_","","_","","'-","","'-","G","'-","","","*_**_RI_HWA_TRANSPORTLEIDING_BETON_300","0.18","150","152","150","150","253","RI-HWA-SO","0.35","150","152","150","150","253","RI-HWA-SO","0.35","150","152","150","150","253","V-RI-HWA-SO","0.35","150","152","150","150","253","RI-HWA-SO","","","1867","1861","http://digitalbuildingdata.tech/nlcs/def/d55e46de-ca5b-48b6-9599-f9aada06bca8","http://digitalbuildingdata.tech/nlcs/def/54fafb69-12cb-4927-9265-927bd8defd6e"
"HWA_TRANSPORTLEIDING_GRES_500","*","_","**","_","RI","_","HWA","_","TRANSPORTLEIDING","_","GRES","_","500","_","","_","","'-","","'-","G","'-","","","*_**_RI_HWA_TRANSPORTLEIDING_GRES_500","0.18","150","152","150","150","253","RI-HWA-SO","0.35","150","152","150","150","253","RI-HWA-SO","0.35","150","152","150","150","253","V-RI-HWA-SO","0.35","150","152","150","150","253","RI-HWA-SO","","","1891","1885","http://digitalbuildingdata.tech/nlcs/def/4cdd2015-03ed-4362-b98b-54ac2cb7c0e7","http://digitalbuildingdata.tech/nlcs/def/f9f5e866-adf4-4406-b11a-d81b32bb2314"
"HWA_PERCEELAANSLUITLEIDING_PVC_125","*","_","**","_","RI","_","HWA","_","PERCEELAANSLUITLEIDING","_","PVC","_","125","_","","_","","'-","","'-","G","'-","","","*_**_RI_HWA_PERCEELAANSLUITLEIDING_PVC_125","0.18","150","152","150","150","253","RI-HWA_AANSLUITLEIDING-SO","0.25","150","152","150","150","253","RI-HWA_AANSLUITLEIDING-SO","0.25","150","152","150","150","253","V-RI-HWA_AANSLUITLEIDING-SO","0.25","150","152","150","150","253","RI-HWA_AANSLUITLEIDING-SO","","","1807","1805","http://digitalbuildingdata.tech/nlcs/def/c245dec1-56c8-439c-b4ce-dcd84229603a","http://digitalbuildingdata.tech/nlcs/def/a765f03f-2a8c-45a7-b70e-eb03cfe7ead3"
"DWA_RIOOLLEIDING_BETON_700","*","_","**","_","RI","_","DWA","_","RIOOLLEIDING","_","BETON","_","700","_","","_","","'-","","'-","G","'-","","","*_**_RI_DWA_RIOOLLEIDING_BETON_700","0.18","20","22","20","20","253","RI-DWA-SO","0.35","20","22","20","20","253","RI-DWA-SO","0.35","20","22","20","20","253","V-RI-DWA-SO","0.35","20","22","20","20","253","RI-DWA-SO","","","3955","3945","http://digitalbuildingdata.tech/nlcs/def/0d1c3c78-06fc-47ca-8a18-7f0c0fbfb776","http://digitalbuildingdata.tech/nlcs/def/25550949-adb4-47f5-b2ab-3d001726ebce"
"HWA_RIOOLLEIDING_GRES_600","*","_","**","_","RI","_","HWA","_","RIOOLLEIDING","_","GRES","_","600","_","","_","","'-","","'-","G","'-","","","*_**_RI_HWA_RIOOLLEIDING_GRES_600","0.18","150","152","150","150","253","RI-HWA-SO","0.35","150","152","150","150","253","RI-HWA-SO","0.35","150","152","150","150","253","V-RI-HWA-SO","0.35","150","152","150","150","253","RI-HWA-SO","","","3742","3735","http://digitalbuildingdata.tech/nlcs/def/787ab027-6eb8-43e0-a46a-9929c9b8391c","http://digitalbuildingdata.tech/nlcs/def/0a4d5ac1-341e-4251-ad30-c2dab536dff3"
"DWA_RIOOLLEIDING_BETON_2000","*","_","**","_","RI","_","DWA","_","RIOOLLEIDING","_","BETON","_","2000","_","","_","","'-","","'-","G","'-","","","*_**_RI_DWA_RIOOLLEIDING_BETON_2000","0.18","20","22","20","20","253","RI-DWA-SO","0.35","20","22","20","20","253","RI-DWA-SO","0.35","20","22","20","20","253","V-RI-DWA-SO","0.35","20","22","20","20","253","RI-DWA-SO","","","3949","3945","http://digitalbuildingdata.tech/nlcs/def/e14f6d68-889c-45df-bec9-2ff4c80fab41","http://digitalbuildingdata.tech/nlcs/def/25550949-adb4-47f5-b2ab-3d001726ebce"
"GWA_TRANSPORTLEIDING_GRES_1000","*","_","**","_","RI","_","GWA","_","TRANSPORTLEIDING","_","GRES","_","1000","_","","_","","'-","","'-","G","'-","","","*_**_RI_GWA_TRANSPORTLEIDING_GRES_1000","0.18","30","32","30","30","253","RI-GWA-SO","0.35","30","32","30","30","253","RI-GWA-SO","0.35","30","32","30","30","253","V-RI-GWA-SO","0.35","30","32","30","30","253","RI-GWA-SO","","","1757","1756","http://digitalbuildingdata.tech/nlcs/def/087f7531-e249-4506-9160-bae0084c304d","http://digitalbuildingdata.tech/nlcs/def/a390306b-774c-469d-9087-5c9468c55f16"
"HWA_RIOOLPUT_BLINDEPUT_PE","*","_","**","_","RI","_","HWA","_","RIOOLPUT","_","BLINDEPUT","_","PE","_","","_","","'-","","'-","G","'-","","","*_**_RI_HWA_RIOOLPUT_BLINDEPUT_PE","0.18","150","152","150","150","253","CONTINUOUS","0.35","150","152","150","150","253","CONTINUOUS","0.35","150","152","150","150","253","V-CONTINUOUS-SO","0.35","150","152","150","150","253","CONTINUOUS","","","1836","1834","http://digitalbuildingdata.tech/nlcs/def/9ca3b3a7-a69a-42db-a59b-4c1c71c9f9ed","http://digitalbuildingdata.tech/nlcs/def/d206dfe9-5e97-4ac0-9ad8-17f96cc98867"
"HWA_RIOOLLEIDING_BETON_1500","*","_","**","_","RI","_","HWA","_","RIOOLLEIDING","_","BETON","_","1500","_","","_","","'-","","'-","G","'-","","","*_**_RI_HWA_RIOOLLEIDING_BETON_1500","0.18","150","152","150","150","253","RI-HWA-SO","0.35","150","152","150","150","253","RI-HWA-SO","0.35","150","152","150","150","253","V-RI-HWA-SO","0.35","150","152","150","150","253","RI-HWA-SO","","","3714","3711","http://digitalbuildingdata.tech/nlcs/def/15569cd2-3e20-4d73-9810-64de6ec80550","http://digitalbuildingdata.tech/nlcs/def/5437e98b-2362-43bd-a944-ccccdd7ab1ed"
"HWA_RIOOLLEIDING_GVK_150","*","_","**","_","RI","_","HWA","_","RIOOLLEIDING","_","GVK","_","150","_","","_","","'-","","'-","G","'-","","","*_**_RI_HWA_RIOOLLEIDING_GVK_150","0.18","150","152","150","150","253","RI-HWA-SO","0.35","150","152","150","150","253","RI-HWA-SO","0.35","150","152","150","150","253","V-RI-HWA-SO","0.35","150","152","150","150","253","RI-HWA-SO","","","3751","3746","http://digitalbuildingdata.tech/nlcs/def/7042ac2b-0a45-46c8-9bd5-c8b421a1a914","http://digitalbuildingdata.tech/nlcs/def/ee332402-a94e-437a-a767-43019214a0a2"
"HWA_RIOOLLEIDING_PE_250","*","_","**","_","RI","_","HWA","_","RIOOLLEIDING","_","PE","_","250","_","","_","","'-","","'-","G","'-","","","*_**_RI_HWA_RIOOLLEIDING_PE_250","0.18","150","152","150","150","253","RI-HWA-SO","0.35","150","152","150","150","253","RI-HWA-SO","0.35","150","152","150","150","253","V-RI-HWA-SO","0.35","150","152","150","150","253","RI-HWA-SO","","","3775","3773","http://digitalbuildingdata.tech/nlcs/def/918ed982-0fdc-4588-ab07-bc3c6b12c7d3","http://digitalbuildingdata.tech/nlcs/def/b55d0f25-f210-4299-8896-3afac3ed7de2"
"GWA_TRANSPORTLEIDING_PE_450","*","_","**","_","RI","_","GWA","_","TRANSPORTLEIDING","_","PE","_","450","_","","_","","'-","","'-","G","'-","","","*_**_RI_GWA_TRANSPORTLEIDING_PE_450","0.18","30","32","30","30","253","RI-GWA-SO","0.35","30","32","30","30","253","RI-GWA-SO","0.35","30","32","30","30","253","V-RI-GWA-SO","0.35","30","32","30","30","253","RI-GWA-SO","","","1772","1767","http://digitalbuildingdata.tech/nlcs/def/aff5ddaf-895f-42ab-b977-36da40e78c7c","http://digitalbuildingdata.tech/nlcs/def/633a346d-21d7-49a4-a433-3fe71ae524f2"
"DWA_TRANSPORTLEIDING_BETON_1000","*","_","**","_","RI","_","DWA","_","TRANSPORTLEIDING","_","BETON","_","1000","_","","_","","'-","","'-","G","'-","","","*_**_RI_DWA_TRANSPORTLEIDING_BETON_1000","0.18","20","22","20","20","253","RI-DWA-SO","0.35","20","22","20","20","253","RI-DWA-SO","0.35","20","22","20","20","253","V-RI-DWA-SO","0.35","20","22","20","20","253","RI-DWA-SO","","","2288","2287","http://digitalbuildingdata.tech/nlcs/def/bfd87c49-5bf2-40cb-814b-f16dee51a2f5","http://digitalbuildingdata.tech/nlcs/def/584f42b4-9e2e-468c-a0ff-5b8e084f2c68"
"DWA_RIOOLLEIDING_GRES_1000","*","_","**","_","RI","_","DWA","_","RIOOLLEIDING","_","GRES","_","1000","_","","_","","'-","","'-","G","'-","","","*_**_RI_DWA_RIOOLLEIDING_GRES_1000","0.18","20","22","20","20","253","RI-DWA-SO","0.35","20","22","20","20","253","RI-DWA-SO","0.35","20","22","20","20","253","V-RI-DWA-SO","0.35","20","22","20","20","253","RI-DWA-SO","","","3970","3969","http://digitalbuildingdata.tech/nlcs/def/16d98a20-604c-464e-825d-3709e299f4f3","http://digitalbuildingdata.tech/nlcs/def/f4174e96-d8bf-4d93-afc3-ea430a0cc4d0"
"HWA_RIOOLLEIDING_GVK_1200","*","_","**","_","RI","_","HWA","_","RIOOLLEIDING","_","GVK","_","1200","_","","_","","'-","","'-","G","'-","","","*_**_RI_HWA_RIOOLLEIDING_GVK_1200","0.18","150","152","150","150","253","RI-HWA-SO","0.35","150","152","150","150","253","RI-HWA-SO","0.35","150","152","150","150","253","V-RI-HWA-SO","0.35","150","152","150","150","253","RI-HWA-SO","","","3749","3746","http://digitalbuildingdata.tech/nlcs/def/1b3a6f17-6315-47a0-a04b-b464be64449e","http://digitalbuildingdata.tech/nlcs/def/ee332402-a94e-437a-a767-43019214a0a2"
"HWA_KOLKAANSLUITLEIDING_PVC_110","*","_","**","_","RI","_","HWA","_","KOLKAANSLUITLEIDING","_","PVC","_","110","_","","_","","'-","","'-","G","'-","","","*_**_RI_HWA_KOLKAANSLUITLEIDING_PVC_110","0.18","150","152","150","150","253","RI-HWA_AANSLUITLEIDING-SO","0.25","150","152","150","150","253","RI-HWA_AANSLUITLEIDING-SO","0.25","150","152","150","150","253","V-RI-HWA_AANSLUITLEIDING-SO","0.25","150","152","150","150","253","RI-HWA_AANSLUITLEIDING-SO","","","1823","1822","http://digitalbuildingdata.tech/nlcs/def/ad638e84-b99d-4404-b40d-2546cb408b69","http://digitalbuildingdata.tech/nlcs/def/bea066cd-f294-46da-8c0e-6999dd8a7854"
"DWA_RIOOLLEIDING_GRES_300","*","_","**","_","RI","_","DWA","_","RIOOLLEIDING","_","GRES","_","300","_","","_","","'-","","'-","G","'-","","","*_**_RI_DWA_RIOOLLEIDING_GRES_300","0.18","20","22","20","20","253","RI-DWA-SO","0.35","20","22","20","20","253","RI-DWA-SO","0.35","20","22","20","20","253","V-RI-DWA-SO","0.35","20","22","20","20","253","RI-DWA-SO","","","3973","3969","http://digitalbuildingdata.tech/nlcs/def/09da0f43-0c72-415b-837f-37cab3e0ac3b","http://digitalbuildingdata.tech/nlcs/def/f4174e96-d8bf-4d93-afc3-ea430a0cc4d0"
"GWA_RIOOLLEIDING_BETON_EI","*","_","**","_","RI","_","GWA","_","RIOOLLEIDING","_","BETON","_","EI","_","","_","","'-","","'-","G","'-","","","*_**_RI_GWA_RIOOLLEIDING_BETON_EI","0.18","30","32","30","30","253","RI-GWA-SO","0.35","30","32","30","30","253","RI-GWA-SO","0.35","30","32","30","30","253","V-RI-GWA-SO","0.35","30","32","30","30","253","RI-GWA-SO","","","3631","3618","http://digitalbuildingdata.tech/nlcs/def/f9693f4a-d394-41fc-a00f-f5098e5d5067","http://digitalbuildingdata.tech/nlcs/def/4e97e45e-8845-4428-b5b4-bcc0735ca47b"
"HWA_TRANSPORTLEIDING_GRES_1000","*","_","**","_","RI","_","HWA","_","TRANSPORTLEIDING","_","GRES","_","1000","_","","_","","'-","","'-","G","'-","","","*_**_RI_HWA_TRANSPORTLEIDING_GRES_1000","0.18","150","152","150","150","253","RI-HWA-SO","0.35","150","152","150","150","253","RI-HWA-SO","0.35","150","152","150","150","253","V-RI-HWA-SO","0.35","150","152","150","150","253","RI-HWA-SO","","","1886","1885","http://digitalbuildingdata.tech/nlcs/def/953da9b0-f426-4484-b7e9-190933d96d29","http://digitalbuildingdata.tech/nlcs/def/f9f5e866-adf4-4406-b11a-d81b32bb2314"
"DWA_AANSLUITPUT_ONTSTOPPINGSPUT_PE","*","_","**","_","RI","_","DWA","_","AANSLUITPUT","_","ONTSTOPPINGSPUT","_","PE","_","","_","","'-","","'-","G","'-","","","*_**_RI_DWA_AANSLUITPUT_ONTSTOPPINGSPUT_PE","0.18","20","22","20","20","253","CONTINUOUS","0.35","20","22","20","20","253","CONTINUOUS","0.35","20","22","20","20","253","V-CONTINUOUS-SO","0.35","20","22","20","20","253","CONTINUOUS","","","2265","2263","http://digitalbuildingdata.tech/nlcs/def/a9226605-e6da-49b6-8662-a9543099c408","http://digitalbuildingdata.tech/nlcs/def/b9bec5d8-f49b-4a53-99bb-eb7cd9fa2d50"
"HWA_TRANSPORTLEIDING_GVK_1200","*","_","**","_","RI","_","HWA","_","TRANSPORTLEIDING","_","GVK","_","1200","_","","_","","'-","","'-","G","'-","","","*_**_RI_HWA_TRANSPORTLEIDING_GVK_1200","0.18","150","152","150","150","253","RI-HWA-SO","0.35","150","152","150","150","253","RI-HWA-SO","0.35","150","152","150","150","253","V-RI-HWA-SO","0.35","150","152","150","150","253","RI-HWA-SO","","","1899","1896","http://digitalbuildingdata.tech/nlcs/def/14dd7055-275e-4cab-af2c-6df3180d2237","http://digitalbuildingdata.tech/nlcs/def/9eb2bf51-e3db-4178-bff6-0bfdea80b25a"
"DWA_RIOOLLEIDING_GRES_250","*","_","**","_","RI","_","DWA","_","RIOOLLEIDING","_","GRES","_","250","_","","_","","'-","","'-","G","'-","","","*_**_RI_DWA_RIOOLLEIDING_GRES_250","0.18","20","22","20","20","253","RI-DWA-SO","0.35","20","22","20","20","253","RI-DWA-SO","0.35","20","22","20","20","253","V-RI-DWA-SO","0.35","20","22","20","20","253","RI-DWA-SO","","","3972","3969","http://digitalbuildingdata.tech/nlcs/def/3d2f11e5-7284-42cc-b600-983f603103bd","http://digitalbuildingdata.tech/nlcs/def/f4174e96-d8bf-4d93-afc3-ea430a0cc4d0"
"HWA_TRANSPORTLEIDING_BETON_700","*","_","**","_","RI","_","HWA","_","TRANSPORTLEIDING","_","BETON","_","700","_","","_","","'-","","'-","G","'-","","","*_**_RI_HWA_TRANSPORTLEIDING_BETON_700","0.18","150","152","150","150","253","RI-HWA-SO","0.35","150","152","150","150","253","RI-HWA-SO","0.35","150","152","150","150","253","V-RI-HWA-SO","0.35","150","152","150","150","253","RI-HWA-SO","","","1871","1861","http://digitalbuildingdata.tech/nlcs/def/a9365f05-53ec-451c-8ea3-44ff55237afa","http://digitalbuildingdata.tech/nlcs/def/54fafb69-12cb-4927-9265-927bd8defd6e"
"GWA_RIOOLLEIDING_PVC_250","*","_","**","_","RI","_","GWA","_","RIOOLLEIDING","_","PVC","_","250","_","","_","","'-","","'-","G","'-","","","*_**_RI_GWA_RIOOLLEIDING_PVC_250","0.18","30","32","30","30","253","RI-GWA-SO","0.35","30","32","30","30","253","RI-GWA-SO","0.35","30","32","30","30","253","V-RI-GWA-SO","0.35","30","32","30","30","253","RI-GWA-SO","","","3665","3662","http://digitalbuildingdata.tech/nlcs/def/4088a203-0816-4d9f-8d7f-cf93ae5d66a4","http://digitalbuildingdata.tech/nlcs/def/a0719103-1f55-4154-a1e4-9974a24c75b7"
"DWA_PERCEELAANSLUITLEIDING_PVC_125","*","_","**","_","RI","_","DWA","_","PERCEELAANSLUITLEIDING","_","PVC","_","125","_","","_","","'-","","'-","G","'-","","","*_**_RI_DWA_PERCEELAANSLUITLEIDING_PVC_125","0.18","20","22","20","20","253","RI-DWA_AANSLUITLEIDING-SO","0.25","20","22","20","20","253","RI-DWA_AANSLUITLEIDING-SO","0.25","20","22","20","20","253","V-RI-DWA_AANSLUITLEIDING-SO","0.25","20","22","20","20","253","RI-DWA_AANSLUITLEIDING-SO","","","2239","2237","http://digitalbuildingdata.tech/nlcs/def/11559d7d-ef43-4fe2-8028-3074692b3876","http://digitalbuildingdata.tech/nlcs/def/deaca70c-37c0-402b-99fc-f4f2e6c9d9a8"
"DWA_TRANSPORTLEIDING_BETON_250","*","_","**","_","RI","_","DWA","_","TRANSPORTLEIDING","_","BETON","_","250","_","","_","","'-","","'-","G","'-","","","*_**_RI_DWA_TRANSPORTLEIDING_BETON_250","0.18","20","22","20","20","253","RI-DWA-SO","0.35","20","22","20","20","253","RI-DWA-SO","0.35","20","22","20","20","253","V-RI-DWA-SO","0.35","20","22","20","20","253","RI-DWA-SO","","","2292","2287","http://digitalbuildingdata.tech/nlcs/def/a2ff4bea-6bcf-448a-8148-065ffdabb8de","http://digitalbuildingdata.tech/nlcs/def/584f42b4-9e2e-468c-a0ff-5b8e084f2c68"
"GWA_PERCEELAANSLUITLEIDING_PVC_110","*","_","**","_","RI","_","GWA","_","PERCEELAANSLUITLEIDING","_","PVC","_","110","_","","_","","'-","","'-","G","'-","","","*_**_RI_GWA_PERCEELAANSLUITLEIDING_PVC_110","0.18","30","32","30","30","253","RI-GWA_AANSLUITLEIDING-SO","0.25","30","32","30","30","253","RI-GWA_AANSLUITLEIDING-SO","0.25","30","32","30","30","253","V-RI-GWA_AANSLUITLEIDING-SO","0.25","30","32","30","30","253","RI-GWA_AANSLUITLEIDING-SO","","","1678","1677","http://digitalbuildingdata.tech/nlcs/def/2dc3e8e0-eda3-48b4-9b98-484729a7b818","http://digitalbuildingdata.tech/nlcs/def/be3a9b4d-9a57-4175-8a68-805efebd9090"
"GWA_RIOOLLEIDING_PE_160","*","_","**","_","RI","_","GWA","_","RIOOLLEIDING","_","PE","_","160","_","","_","","'-","","'-","G","'-","","","*_**_RI_GWA_RIOOLLEIDING_PE_160","0.18","30","32","30","30","253","RI-GWA-SO","0.35","30","32","30","30","253","RI-GWA-SO","0.35","30","32","30","30","253","V-RI-GWA-SO","0.35","30","32","30","30","253","RI-GWA-SO","","","3654","3653","http://digitalbuildingdata.tech/nlcs/def/b5b9a4ba-dde8-42f8-ae8e-bb83aecdfac3","http://digitalbuildingdata.tech/nlcs/def/e8278b56-43f9-449c-84b7-38cc14196127"
"ITR_RESERVOIR_ZUIVERINGSRESERVOIR_IBA","*","_","**","_","RI","_","ITR","_","RESERVOIR","_","ZUIVERINGSRESERVOIR","_","IBA","_","","_","","'-","","'-","G","'-","","","*_**_RI_ITR_RESERVOIR_ZUIVERINGSRESERVOIR_IBA","0.18","50","52","50","50","253","CONTINUOUS","0.35","50","52","50","50","253","CONTINUOUS","0.35","50","52","50","50","253","V-CONTINUOUS-SO","0.35","50","52","50","50","253","CONTINUOUS","","","3835","3834","http://digitalbuildingdata.tech/nlcs/def/bdc9db92-fae8-4327-a9dd-3c4c03886377","http://digitalbuildingdata.tech/nlcs/def/a140fe8c-5f42-4b2b-a7a2-7725b33aa32f"
"HWA_TRANSPORTLEIDING_GVK_200","*","_","**","_","RI","_","HWA","_","TRANSPORTLEIDING","_","GVK","_","200","_","","_","","'-","","'-","G","'-","","","*_**_RI_HWA_TRANSPORTLEIDING_GVK_200","0.18","150","152","150","150","253","RI-HWA-SO","0.35","150","152","150","150","253","RI-HWA-SO","0.35","150","152","150","150","253","V-RI-HWA-SO","0.35","150","152","150","150","253","RI-HWA-SO","","","1906","1896","http://digitalbuildingdata.tech/nlcs/def/e34bfc9a-764f-4340-b58d-56ad7e6b9879","http://digitalbuildingdata.tech/nlcs/def/9eb2bf51-e3db-4178-bff6-0bfdea80b25a"
"ITR_KOLKAANSLUITLEIDING_PE_160","*","_","**","_","RI","_","ITR","_","KOLKAANSLUITLEIDING","_","PE","_","160","_","","_","","'-","","'-","G","'-","","","*_**_RI_ITR_KOLKAANSLUITLEIDING_PE_160","0.18","50","52","50","50","253","RI-ITR_AANSLUITLEIDING-SO","0.25","50","52","50","50","253","RI-ITR_AANSLUITLEIDING-SO","0.25","50","52","50","50","253","V-RI-ITR_AANSLUITLEIDING-SO","0.25","50","52","50","50","253","RI-ITR_AANSLUITLEIDING-SO","","","1970","1967","http://digitalbuildingdata.tech/nlcs/def/863e2aa9-2d58-4f0c-9e6b-4afb8417e922","http://digitalbuildingdata.tech/nlcs/def/3868eaea-3dfd-4aec-bbf3-3a31c2ce0107"
"DWA_PERCEELAANSLUITLEIDING_PVC_110","*","_","**","_","RI","_","DWA","_","PERCEELAANSLUITLEIDING","_","PVC","_","110","_","","_","","'-","","'-","G","'-","","","*_**_RI_DWA_PERCEELAANSLUITLEIDING_PVC_110","0.18","20","22","20","20","253","RI-DWA_AANSLUITLEIDING-SO","0.25","20","22","20","20","253","RI-DWA_AANSLUITLEIDING-SO","0.25","20","22","20","20","253","V-RI-DWA_AANSLUITLEIDING-SO","0.25","20","22","20","20","253","RI-DWA_AANSLUITLEIDING-SO","","","2238","2237","http://digitalbuildingdata.tech/nlcs/def/aea5ec25-a59d-4bbe-bb3b-dee5a6bb4a3f","http://digitalbuildingdata.tech/nlcs/def/deaca70c-37c0-402b-99fc-f4f2e6c9d9a8"
"DWA_RIOOLLEIDING_PVC_630","*","_","**","_","RI","_","DWA","_","RIOOLLEIDING","_","PVC","_","630","_","","_","","'-","","'-","G","'-","","","*_**_RI_DWA_RIOOLLEIDING_PVC_630","0.18","20","22","20","20","253","RI-DWA-SO","0.35","20","22","20","20","253","RI-DWA-SO","0.35","20","22","20","20","253","V-RI-DWA-SO","0.35","20","22","20","20","253","RI-DWA-SO","","","3997","3990","http://digitalbuildingdata.tech/nlcs/def/8cb21d68-15b7-4509-9407-0c6881ad9cb7","http://digitalbuildingdata.tech/nlcs/def/c69bc13d-a8fb-4281-b7aa-335f8f0df12a"
"ITR_RIOOLLEIDING_BETON_300","*","_","**","_","RI","_","ITR","_","RIOOLLEIDING","_","BETON","_","300","_","","_","","'-","","'-","G","'-","","","*_**_RI_ITR_RIOOLLEIDING_BETON_300","0.18","50","52","50","50","253","RI-ITR-SO","0.35","50","52","50","50","253","RI-ITR-SO","0.35","50","52","50","50","253","V-RI-ITR-SO","0.35","50","52","50","50","253","RI-ITR-SO","","","2024","2018","http://digitalbuildingdata.tech/nlcs/def/d50a016a-c506-44ea-a6ee-02d2d762dfce","http://digitalbuildingdata.tech/nlcs/def/39a79871-afb7-4431-ae52-cc7b15bd69f5"
"HWA_RIOOLLEIDING_GRES_800","*","_","**","_","RI","_","HWA","_","RIOOLLEIDING","_","GRES","_","800","_","","_","","'-","","'-","G","'-","","","*_**_RI_HWA_RIOOLLEIDING_GRES_800","0.18","150","152","150","150","253","RI-HWA-SO","0.35","150","152","150","150","253","RI-HWA-SO","0.35","150","152","150","150","253","V-RI-HWA-SO","0.35","150","152","150","150","253","RI-HWA-SO","","","3744","3735","http://digitalbuildingdata.tech/nlcs/def/ed179cd1-914c-47da-8bd9-dcba0c82a099","http://digitalbuildingdata.tech/nlcs/def/0a4d5ac1-341e-4251-ad30-c2dab536dff3"
"DWA_RIOOLLEIDING_PVC_200","*","_","**","_","RI","_","DWA","_","RIOOLLEIDING","_","PVC","_","200","_","","_","","'-","","'-","G","'-","","","*_**_RI_DWA_RIOOLLEIDING_PVC_200","0.18","20","22","20","20","253","RI-DWA-SO","0.35","20","22","20","20","253","RI-DWA-SO","0.35","20","22","20","20","253","V-RI-DWA-SO","0.35","20","22","20","20","253","RI-DWA-SO","","","3992","3990","http://digitalbuildingdata.tech/nlcs/def/9b6b258b-feb5-4221-890e-63d98d6356c8","http://digitalbuildingdata.tech/nlcs/def/c69bc13d-a8fb-4281-b7aa-335f8f0df12a"
"GWA_RIOOLPUT_VALPUT_BETON","*","_","**","_","RI","_","GWA","_","RIOOLPUT","_","VALPUT","_","BETON","_","","_","","'-","","'-","G","'-","","","*_**_RI_GWA_RIOOLPUT_VALPUT_BETON","0.18","30","32","30","30","253","CONTINUOUS","0.35","30","32","30","30","253","CONTINUOUS","0.35","30","32","30","30","253","V-CONTINUOUS-SO","0.35","30","32","30","30","253","CONTINUOUS","","","1726","1725","http://digitalbuildingdata.tech/nlcs/def/3f00bbf6-6f29-40bf-8798-2bfe4a5fdf71","http://digitalbuildingdata.tech/nlcs/def/c46fea77-12b9-4461-acb4-81ae4a593155"
"HWA_TRANSPORTLEIDING_BETON_2000","*","_","**","_","RI","_","HWA","_","TRANSPORTLEIDING","_","BETON","_","2000","_","","_","","'-","","'-","G","'-","","","*_**_RI_HWA_TRANSPORTLEIDING_BETON_2000","0.18","150","152","150","150","253","RI-HWA-SO","0.35","150","152","150","150","253","RI-HWA-SO","0.35","150","152","150","150","253","V-RI-HWA-SO","0.35","150","152","150","150","253","RI-HWA-SO","","","1865","1861","http://digitalbuildingdata.tech/nlcs/def/e14dc509-6d3d-4a7e-a961-0b3da7246a45","http://digitalbuildingdata.tech/nlcs/def/54fafb69-12cb-4927-9265-927bd8defd6e"
"GWA_RIOOLLEIDING_PE_400","*","_","**","_","RI","_","GWA","_","RIOOLLEIDING","_","PE","_","400","_","","_","","'-","","'-","G","'-","","","*_**_RI_GWA_RIOOLLEIDING_PE_400","0.18","30","32","30","30","253","RI-GWA-SO","0.35","30","32","30","30","253","RI-GWA-SO","0.35","30","32","30","30","253","V-RI-GWA-SO","0.35","30","32","30","30","253","RI-GWA-SO","","","3657","3653","http://digitalbuildingdata.tech/nlcs/def/84a6290f-ce19-46a2-b2fa-e05f3861de79","http://digitalbuildingdata.tech/nlcs/def/e8278b56-43f9-449c-84b7-38cc14196127"
"ITR_RIOOLLEIDING_BETON_2000","*","_","**","_","RI","_","ITR","_","RIOOLLEIDING","_","BETON","_","2000","_","","_","","'-","","'-","G","'-","","","*_**_RI_ITR_RIOOLLEIDING_BETON_2000","0.18","50","52","50","50","253","RI-ITR-SO","0.35","50","52","50","50","253","RI-ITR-SO","0.35","50","52","50","50","253","V-RI-ITR-SO","0.35","50","52","50","50","253","RI-ITR-SO","","","2022","2018","http://digitalbuildingdata.tech/nlcs/def/c41ae06a-c2b1-4a1e-8f6c-517c98873038","http://digitalbuildingdata.tech/nlcs/def/39a79871-afb7-4431-ae52-cc7b15bd69f5"
"HWA_TRANSPORTLEIDING_PE_250","*","_","**","_","RI","_","HWA","_","TRANSPORTLEIDING","_","PE","_","250","_","","_","","'-","","'-","G","'-","","","*_**_RI_HWA_TRANSPORTLEIDING_PE_250","0.18","150","152","150","150","253","RI-HWA-SO","0.35","150","152","150","150","253","RI-HWA-SO","0.35","150","152","150","150","253","V-RI-HWA-SO","0.35","150","152","150","150","253","RI-HWA-SO","","","1925","1923","http://digitalbuildingdata.tech/nlcs/def/d0c670e2-668a-4f1c-9995-45ed58f17adc","http://digitalbuildingdata.tech/nlcs/def/35696621-e673-49ec-816c-02fab5f9c46b"
"HWA_TRANSPORTLEIDING_BETON_1250","*","_","**","_","RI","_","HWA","_","TRANSPORTLEIDING","_","BETON","_","1250","_","","_","","'-","","'-","G","'-","","","*_**_RI_HWA_TRANSPORTLEIDING_BETON_1250","0.18","150","152","150","150","253","RI-HWA-SO","0.35","150","152","150","150","253","RI-HWA-SO","0.35","150","152","150","150","253","V-RI-HWA-SO","0.35","150","152","150","150","253","RI-HWA-SO","","","1863","1861","http://digitalbuildingdata.tech/nlcs/def/bacab857-be99-44a8-b679-4a9f195af2a3","http://digitalbuildingdata.tech/nlcs/def/54fafb69-12cb-4927-9265-927bd8defd6e"
"HWA_PERCEELAANSLUITLEIDING_PE_90","*","_","**","_","RI","_","HWA","_","PERCEELAANSLUITLEIDING","_","PE","_","90","_","","_","","'-","","'-","G","'-","","","*_**_RI_HWA_PERCEELAANSLUITLEIDING_PE_90","0.18","150","152","150","150","253","RI-HWA_AANSLUITLEIDING-SO","0.25","150","152","150","150","253","RI-HWA_AANSLUITLEIDING-SO","0.25","150","152","150","150","253","V-RI-HWA_AANSLUITLEIDING-SO","0.25","150","152","150","150","253","RI-HWA_AANSLUITLEIDING-SO","","","1804","1800","http://digitalbuildingdata.tech/nlcs/def/7e4822cc-0e4e-4d89-a5ad-c3a1553486e5","http://digitalbuildingdata.tech/nlcs/def/ac819a86-bc36-4f89-a3e0-094271573589"
"DRAINAGE_DRAIN_PP_200","*","_","**","_","RI","_","DRAINAGE","_","DRAIN","_","PP","_","200","_","","_","","'-","","'-","G","'-","","","*_**_RI_DRAINAGE_DRAIN_PP_200","0.18","90","92","90","90","253","RI-DRAINAGE-SO","0.35","90","92","90","90","253","RI-DRAINAGE-SO","0.35","90","92","90","90","253","V-RI-DRAINAGE-SO","0.35","90","92","90","90","253","RI-DRAINAGE-SO","","","1643","1639","http://digitalbuildingdata.tech/nlcs/def/516e0bc1-0f83-4801-89f0-bf2d788c2d3a","http://digitalbuildingdata.tech/nlcs/def/d243aa9e-12b5-4624-bdf7-103dbf30364c"
"HWA_TRANSPORTLEIDING_GVK_2000","*","_","**","_","RI","_","HWA","_","TRANSPORTLEIDING","_","GVK","_","2000","_","","_","","'-","","'-","G","'-","","","*_**_RI_HWA_TRANSPORTLEIDING_GVK_2000","0.18","150","152","150","150","253","RI-HWA-SO","0.35","150","152","150","150","253","RI-HWA-SO","0.35","150","152","150","150","253","V-RI-HWA-SO","0.35","150","152","150","150","253","RI-HWA-SO","","","1907","1896","http://digitalbuildingdata.tech/nlcs/def/48acdba6-1a3b-4211-9b57-f5a51b3c4c47","http://digitalbuildingdata.tech/nlcs/def/9eb2bf51-e3db-4178-bff6-0bfdea80b25a"
"HWA_TRANSPORTLEIDING_BETON_EI","*","_","**","_","RI","_","HWA","_","TRANSPORTLEIDING","_","BETON","_","EI","_","","_","","'-","","'-","G","'-","","","*_**_RI_HWA_TRANSPORTLEIDING_BETON_EI","0.18","150","152","150","150","253","RI-HWA-SO","0.35","150","152","150","150","253","RI-HWA-SO","0.35","150","152","150","150","253","V-RI-HWA-SO","0.35","150","152","150","150","253","RI-HWA-SO","","","1874","1861","http://digitalbuildingdata.tech/nlcs/def/85095ba0-d09c-4a03-b21e-438b36683523","http://digitalbuildingdata.tech/nlcs/def/54fafb69-12cb-4927-9265-927bd8defd6e"
"DWA_TRANSPORTLEIDING_GRES_400","*","_","**","_","RI","_","DWA","_","TRANSPORTLEIDING","_","GRES","_","400","_","","_","","'-","","'-","G","'-","","","*_**_RI_DWA_TRANSPORTLEIDING_GRES_400","0.18","20","22","20","20","253","RI-DWA-SO","0.35","20","22","20","20","253","RI-DWA-SO","0.35","20","22","20","20","253","V-RI-DWA-SO","0.35","20","22","20","20","253","RI-DWA-SO","","","2316","2311","http://digitalbuildingdata.tech/nlcs/def/b10a394b-249c-4361-bffb-389ae0c95040","http://digitalbuildingdata.tech/nlcs/def/d635a418-c9c6-4464-b71d-57c389ef5790"
"GWA_TRANSPORTLEIDING_BETON_1250","*","_","**","_","RI","_","GWA","_","TRANSPORTLEIDING","_","BETON","_","1250","_","","_","","'-","","'-","G","'-","","","*_**_RI_GWA_TRANSPORTLEIDING_BETON_1250","0.18","30","32","30","30","253","RI-GWA-SO","0.35","30","32","30","30","253","RI-GWA-SO","0.35","30","32","30","30","253","V-RI-GWA-SO","0.35","30","32","30","30","253","RI-GWA-SO","","","1734","1732","http://digitalbuildingdata.tech/nlcs/def/be66b7f7-70b0-4e38-9fef-bdabe18e66fd","http://digitalbuildingdata.tech/nlcs/def/1c72bde5-631d-448a-a2ae-149c66d8840e"
"HWA_RIOOLLEIDING_GVK_500","*","_","**","_","RI","_","HWA","_","RIOOLLEIDING","_","GVK","_","500","_","","_","","'-","","'-","G","'-","","","*_**_RI_HWA_RIOOLLEIDING_GVK_500","0.18","150","152","150","150","253","RI-HWA-SO","0.35","150","152","150","150","253","RI-HWA-SO","0.35","150","152","150","150","253","V-RI-HWA-SO","0.35","150","152","150","150","253","RI-HWA-SO","","","3768","3746","http://digitalbuildingdata.tech/nlcs/def/9be33dc6-6c34-4952-89d5-e7ea28add0bd","http://digitalbuildingdata.tech/nlcs/def/ee332402-a94e-437a-a767-43019214a0a2"
"DWA_TRANSPORTLEIDING_PE_160","*","_","**","_","RI","_","DWA","_","TRANSPORTLEIDING","_","PE","_","160","_","","_","","'-","","'-","G","'-","","","*_**_RI_DWA_TRANSPORTLEIDING_PE_160","0.18","20","22","20","20","253","RI-DWA-SO","0.35","20","22","20","20","253","RI-DWA-SO","0.35","20","22","20","20","253","V-RI-DWA-SO","0.35","20","22","20","20","253","RI-DWA-SO","","","2323","2322","http://digitalbuildingdata.tech/nlcs/def/349d7d2e-b403-419e-9754-cf3d1fbb5159","http://digitalbuildingdata.tech/nlcs/def/0c46efea-4092-4fe4-a3de-738c4b07c72d"
"DRAINAGE_DRAIN_PVC_125","*","_","**","_","RI","_","DRAINAGE","_","DRAIN","_","PVC","_","125","_","","_","","'-","","'-","G","'-","","","*_**_RI_DRAINAGE_DRAIN_PVC_125","0.18","90","92","90","90","253","RI-DRAINAGE-SO","0.35","90","92","90","90","253","RI-DRAINAGE-SO","0.35","90","92","90","90","253","V-RI-DRAINAGE-SO","0.35","90","92","90","90","253","RI-DRAINAGE-SO","","","1648","1646","http://digitalbuildingdata.tech/nlcs/def/96859b29-c936-4b16-b30b-e5e9978d3614","http://digitalbuildingdata.tech/nlcs/def/b9dfcdaa-7da4-4eae-80df-9c843d03ba1e"
"GWA_RIOOLLEIDING_GRES_1000","*","_","**","_","RI","_","GWA","_","RIOOLLEIDING","_","GRES","_","1000","_","","_","","'-","","'-","G","'-","","","*_**_RI_GWA_RIOOLLEIDING_GRES_1000","0.18","30","32","30","30","253","RI-GWA-SO","0.35","30","32","30","30","253","RI-GWA-SO","0.35","30","32","30","30","253","V-RI-GWA-SO","0.35","30","32","30","30","253","RI-GWA-SO","","","3643","3642","http://digitalbuildingdata.tech/nlcs/def/ba602a9a-2566-4170-8e64-727ef62823d6","http://digitalbuildingdata.tech/nlcs/def/4256a0d5-6db6-4b97-9a23-e08b12d845e4"
"GWA_RIOOLLEIDING_PVC_160","*","_","**","_","RI","_","GWA","_","RIOOLLEIDING","_","PVC","_","160","_","","_","","'-","","'-","G","'-","","","*_**_RI_GWA_RIOOLLEIDING_PVC_160","0.18","30","32","30","30","253","RI-GWA-SO","0.35","30","32","30","30","253","RI-GWA-SO","0.35","30","32","30","30","253","V-RI-GWA-SO","0.35","30","32","30","30","253","RI-GWA-SO","","","3663","3662","http://digitalbuildingdata.tech/nlcs/def/9aaa2daa-4113-4068-823c-edbf85129213","http://digitalbuildingdata.tech/nlcs/def/a0719103-1f55-4154-a1e4-9974a24c75b7"
"ITR_RIOOLLEIDING_PE_160","*","_","**","_","RI","_","ITR","_","RIOOLLEIDING","_","PE","_","160","_","","_","","'-","","'-","G","'-","","","*_**_RI_ITR_RIOOLLEIDING_PE_160","0.18","50","52","50","50","253","RI-ITR-SO","0.35","50","52","50","50","253","RI-ITR-SO","0.35","50","52","50","50","253","V-RI-ITR-SO","0.35","50","52","50","50","253","RI-ITR-SO","","","2032","2031","http://digitalbuildingdata.tech/nlcs/def/8f535917-2d74-48cf-916d-d914b3cda26b","http://digitalbuildingdata.tech/nlcs/def/6c5ac269-37b0-424e-a5bf-9ee9e31c0f8e"
"GWA_TRANSPORTLEIDING_PVC_125","*","_","**","_","RI","_","GWA","_","TRANSPORTLEIDING","_","PVC","_","125","_","","_","","'-","","'-","G","'-","","","*_**_RI_GWA_TRANSPORTLEIDING_PVC_125","0.18","30","32","30","30","253","RI-GWA-SO","0.35","30","32","30","30","253","RI-GWA-SO","0.35","30","32","30","30","253","V-RI-GWA-SO","0.35","30","32","30","30","253","RI-GWA-SO","","","3690","1776","http://digitalbuildingdata.tech/nlcs/def/760c5652-1369-41cf-a103-d0d51b351606","http://digitalbuildingdata.tech/nlcs/def/59a6ead1-8c1c-43cc-a929-f96ecc6d08b7"
"HWA_RIOOLLEIDING_GVK_700","*","_","**","_","RI","_","HWA","_","RIOOLLEIDING","_","GVK","_","700","_","","_","","'-","","'-","G","'-","","","*_**_RI_HWA_RIOOLLEIDING_GVK_700","0.18","150","152","150","150","253","RI-HWA-SO","0.35","150","152","150","150","253","RI-HWA-SO","0.35","150","152","150","150","253","V-RI-HWA-SO","0.35","150","152","150","150","253","RI-HWA-SO","","","3770","3746","http://digitalbuildingdata.tech/nlcs/def/bc804105-d679-49dc-b72f-290057929cf8","http://digitalbuildingdata.tech/nlcs/def/ee332402-a94e-437a-a767-43019214a0a2"
"DRAINAGE_DRAIN_PVC_100","*","_","**","_","RI","_","DRAINAGE","_","DRAIN","_","PVC","_","100","_","","_","","'-","","'-","G","'-","","","*_**_RI_DRAINAGE_DRAIN_PVC_100","0.18","90","92","90","90","253","RI-DRAINAGE-SO","0.35","90","92","90","90","253","RI-DRAINAGE-SO","0.35","90","92","90","90","253","V-RI-DRAINAGE-SO","0.35","90","92","90","90","253","RI-DRAINAGE-SO","","","1647","1646","http://digitalbuildingdata.tech/nlcs/def/2e0f75e3-47f9-414e-96b9-7a25c749c8d5","http://digitalbuildingdata.tech/nlcs/def/b9dfcdaa-7da4-4eae-80df-9c843d03ba1e"
"DWA_TRANSPORTLEIDING_PE_355","*","_","**","_","RI","_","DWA","_","TRANSPORTLEIDING","_","PE","_","355","_","","_","","'-","","'-","G","'-","","","*_**_RI_DWA_TRANSPORTLEIDING_PE_355","0.18","20","22","20","20","253","RI-DWA-SO","0.35","20","22","20","20","253","RI-DWA-SO","0.35","20","22","20","20","253","V-RI-DWA-SO","0.35","20","22","20","20","253","RI-DWA-SO","","","2326","2322","http://digitalbuildingdata.tech/nlcs/def/5709fad4-e1ba-4dbd-96a6-45fb102c0655","http://digitalbuildingdata.tech/nlcs/def/0c46efea-4092-4fe4-a3de-738c4b07c72d"
"ITR_RIOOLPUT_STUWPUT_BETON","*","_","**","_","RI","_","ITR","_","RIOOLPUT","_","STUWPUT","_","BETON","_","","_","","'-","","'-","G","'-","","","*_**_RI_ITR_RIOOLPUT_STUWPUT_BETON","0.18","50","52","50","50","253","CONTINUOUS","0.35","50","52","50","50","253","CONTINUOUS","0.35","50","52","50","50","253","V-CONTINUOUS-SO","0.35","50","52","50","50","253","CONTINUOUS","","","2009","2008","http://digitalbuildingdata.tech/nlcs/def/1b161cab-e1e0-4dc6-90cf-6c35aa346d76","http://digitalbuildingdata.tech/nlcs/def/508912f1-01f5-448b-b757-52b8cbd223f8"
"GWA_PERCEELAANSLUITLEIDING_PE_110","*","_","**","_","RI","_","GWA","_","PERCEELAANSLUITLEIDING","_","PE","_","110","_","","_","","'-","","'-","G","'-","","","*_**_RI_GWA_PERCEELAANSLUITLEIDING_PE_110","0.18","30","32","30","30","253","RI-GWA_AANSLUITLEIDING-SO","0.25","30","32","30","30","253","RI-GWA_AANSLUITLEIDING-SO","0.25","30","32","30","30","253","V-RI-GWA_AANSLUITLEIDING-SO","0.25","30","32","30","30","253","RI-GWA_AANSLUITLEIDING-SO","","","1673","1672","http://digitalbuildingdata.tech/nlcs/def/bf5fc774-2d46-41b4-8e65-b4a29e611509","http://digitalbuildingdata.tech/nlcs/def/f2edf708-e901-4c89-8ca7-4056f1f2c2b4"
"DWA_TRANSPORTLEIDING_GRES_700","*","_","**","_","RI","_","DWA","_","TRANSPORTLEIDING","_","GRES","_","700","_","","_","","'-","","'-","G","'-","","","*_**_RI_DWA_TRANSPORTLEIDING_GRES_700","0.18","20","22","20","20","253","RI-DWA-SO","0.35","20","22","20","20","253","RI-DWA-SO","0.35","20","22","20","20","253","V-RI-DWA-SO","0.35","20","22","20","20","253","RI-DWA-SO","","","2319","2311","http://digitalbuildingdata.tech/nlcs/def/b791bb79-7398-4e0a-8471-f486f7a62043","http://digitalbuildingdata.tech/nlcs/def/d635a418-c9c6-4464-b71d-57c389ef5790"
"GWA_RIOOLLEIDING_BETON_400","*","_","**","_","RI","_","GWA","_","RIOOLLEIDING","_","BETON","_","400","_","","_","","'-","","'-","G","'-","","","*_**_RI_GWA_RIOOLLEIDING_BETON_400","0.18","30","32","30","30","253","RI-GWA-SO","0.35","30","32","30","30","253","RI-GWA-SO","0.35","30","32","30","30","253","V-RI-GWA-SO","0.35","30","32","30","30","253","RI-GWA-SO","","","3625","3618","http://digitalbuildingdata.tech/nlcs/def/44c75613-dffc-4ed0-a41d-94184a0739ea","http://digitalbuildingdata.tech/nlcs/def/4e97e45e-8845-4428-b5b4-bcc0735ca47b"
"DWA_TRANSPORTLEIDING_PVC_200","*","_","**","_","RI","_","DWA","_","TRANSPORTLEIDING","_","PVC","_","200","_","","_","","'-","","'-","G","'-","","","*_**_RI_DWA_TRANSPORTLEIDING_PVC_200","0.18","20","22","20","20","253","RI-DWA-SO","0.35","20","22","20","20","253","RI-DWA-SO","0.35","20","22","20","20","253","V-RI-DWA-SO","0.35","20","22","20","20","253","RI-DWA-SO","","","2334","2332","http://digitalbuildingdata.tech/nlcs/def/697333bd-cce5-4dea-9edc-da3348799457","http://digitalbuildingdata.tech/nlcs/def/e9757dfb-e619-41e3-aa8a-55e8017e5631"
"HWA_TRANSPORTLEIDING_PE_160","*","_","**","_","RI","_","HWA","_","TRANSPORTLEIDING","_","PE","_","160","_","","_","","'-","","'-","G","'-","","","*_**_RI_HWA_TRANSPORTLEIDING_PE_160","0.18","150","152","150","150","253","RI-HWA-SO","0.35","150","152","150","150","253","RI-HWA-SO","0.35","150","152","150","150","253","V-RI-HWA-SO","0.35","150","152","150","150","253","RI-HWA-SO","","","1924","1923","http://digitalbuildingdata.tech/nlcs/def/c368a136-5213-4748-84ac-f92030baeaed","http://digitalbuildingdata.tech/nlcs/def/35696621-e673-49ec-816c-02fab5f9c46b"
"ITR_RIOOLLEIDING_BETON_1500","*","_","**","_","RI","_","ITR","_","RIOOLLEIDING","_","BETON","_","1500","_","","_","","'-","","'-","G","'-","","","*_**_RI_ITR_RIOOLLEIDING_BETON_1500","0.18","50","52","50","50","253","RI-ITR-SO","0.35","50","52","50","50","253","RI-ITR-SO","0.35","50","52","50","50","253","V-RI-ITR-SO","0.35","50","52","50","50","253","RI-ITR-SO","","","2021","2018","http://digitalbuildingdata.tech/nlcs/def/ff801307-caa0-4dac-91b3-4540d40a80c0","http://digitalbuildingdata.tech/nlcs/def/39a79871-afb7-4431-ae52-cc7b15bd69f5"
"DWA_PERCEELAANSLUITLEIDING_PE_110","*","_","**","_","RI","_","DWA","_","PERCEELAANSLUITLEIDING","_","PE","_","110","_","","_","","'-","","'-","G","'-","","","*_**_RI_DWA_PERCEELAANSLUITLEIDING_PE_110","0.18","20","22","20","20","253","RI-DWA_AANSLUITLEIDING-SO","0.25","20","22","20","20","253","RI-DWA_AANSLUITLEIDING-SO","0.25","20","22","20","20","253","V-RI-DWA_AANSLUITLEIDING-SO","0.25","20","22","20","20","253","RI-DWA_AANSLUITLEIDING-SO","","","2233","2232","http://digitalbuildingdata.tech/nlcs/def/0f085ff1-0180-4954-a08f-b74e02b8ceef","http://digitalbuildingdata.tech/nlcs/def/9037e415-c08e-4db0-9aa2-c90ac822803c"
"DWA_TRANSPORTLEIDING_BETON_900","*","_","**","_","RI","_","DWA","_","TRANSPORTLEIDING","_","BETON","_","900","_","","_","","'-","","'-","G","'-","","","*_**_RI_DWA_TRANSPORTLEIDING_BETON_900","0.18","20","22","20","20","253","RI-DWA-SO","0.35","20","22","20","20","253","RI-DWA-SO","0.35","20","22","20","20","253","V-RI-DWA-SO","0.35","20","22","20","20","253","RI-DWA-SO","","","2299","2287","http://digitalbuildingdata.tech/nlcs/def/0061f62e-c620-465d-aeee-781f5353805b","http://digitalbuildingdata.tech/nlcs/def/584f42b4-9e2e-468c-a0ff-5b8e084f2c68"
"HWA_RIOOLLEIDING_GVK_2400","*","_","**","_","RI","_","HWA","_","RIOOLLEIDING","_","GVK","_","2400","_","","_","","'-","","'-","G","'-","","","*_**_RI_HWA_RIOOLLEIDING_GVK_2400","0.18","150","152","150","150","253","RI-HWA-SO","0.35","150","152","150","150","253","RI-HWA-SO","0.35","150","152","150","150","253","V-RI-HWA-SO","0.35","150","152","150","150","253","RI-HWA-SO","","","3759","3746","http://digitalbuildingdata.tech/nlcs/def/e4a225f1-45a0-4a31-86ea-a581912af478","http://digitalbuildingdata.tech/nlcs/def/ee332402-a94e-437a-a767-43019214a0a2"
"HWA_RIOOLLEIDING_GVK_200","*","_","**","_","RI","_","HWA","_","RIOOLLEIDING","_","GVK","_","200","_","","_","","'-","","'-","G","'-","","","*_**_RI_HWA_RIOOLLEIDING_GVK_200","0.18","150","152","150","150","253","RI-HWA-SO","0.35","150","152","150","150","253","RI-HWA-SO","0.35","150","152","150","150","253","V-RI-HWA-SO","0.35","150","152","150","150","253","RI-HWA-SO","","","3756","3746","http://digitalbuildingdata.tech/nlcs/def/d0e74116-8675-45c8-af15-18119b8e7c2c","http://digitalbuildingdata.tech/nlcs/def/ee332402-a94e-437a-a767-43019214a0a2"
"ITR_RIOOLPUT_VALPUT_PE","*","_","**","_","RI","_","ITR","_","RIOOLPUT","_","VALPUT","_","PE","_","","_","","'-","","'-","G","'-","","","*_**_RI_ITR_RIOOLPUT_VALPUT_PE","0.18","50","52","50","50","253","CONTINUOUS","0.35","50","52","50","50","253","CONTINUOUS","0.35","50","52","50","50","253","V-CONTINUOUS-SO","0.35","50","52","50","50","253","CONTINUOUS","","","2013","2011","http://digitalbuildingdata.tech/nlcs/def/7ca42c36-baf8-46bf-8c2b-7daa7b96f0ba","http://digitalbuildingdata.tech/nlcs/def/552a9141-6897-4c6e-9215-5f1cd84bcbca"
"ITR_RESERVOIR_INFILTRATIERESERVOIR_STEENWOLKOFFER","*","_","**","_","RI","_","ITR","_","RESERVOIR","_","INFILTRATIERESERVOIR","_","STEENWOLKOFFER","_","","_","","'-","","'-","G","'-","","","*_**_RI_ITR_RESERVOIR_INFILTRATIERESERVOIR_STEENWOLKOFFER","0.18","50","52","50","50","253","CONTINUOUS","0.35","50","52","50","50","253","CONTINUOUS","0.35","50","52","50","50","253","V-CONTINUOUS-SO","0.35","50","52","50","50","253","CONTINUOUS","","","3831","3826","http://digitalbuildingdata.tech/nlcs/def/1532f0ab-eb46-46e7-9372-7381e03e20c2","http://digitalbuildingdata.tech/nlcs/def/3ad03f6f-6752-4cbf-9b72-5156bff6c59e"
"HWA_RIOOLLEIDING_GVK_1100","*","_","**","_","RI","_","HWA","_","RIOOLLEIDING","_","GVK","_","1100","_","","_","","'-","","'-","G","'-","","","*_**_RI_HWA_RIOOLLEIDING_GVK_1100","0.18","150","152","150","150","253","RI-HWA-SO","0.35","150","152","150","150","253","RI-HWA-SO","0.35","150","152","150","150","253","V-RI-HWA-SO","0.35","150","152","150","150","253","RI-HWA-SO","","","3748","3746","http://digitalbuildingdata.tech/nlcs/def/bc8a41cc-dd18-407a-8078-92ff04e92aa4","http://digitalbuildingdata.tech/nlcs/def/ee332402-a94e-437a-a767-43019214a0a2"
"GWA_RIOOLLEIDING_PVC_315","*","_","**","_","RI","_","GWA","_","RIOOLLEIDING","_","PVC","_","315","_","","_","","'-","","'-","G","'-","","","*_**_RI_GWA_RIOOLLEIDING_PVC_315","0.18","30","32","30","30","253","RI-GWA-SO","0.35","30","32","30","30","253","RI-GWA-SO","0.35","30","32","30","30","253","V-RI-GWA-SO","0.35","30","32","30","30","253","RI-GWA-SO","","","3666","3662","http://digitalbuildingdata.tech/nlcs/def/3a5a899b-8d09-48b1-96ae-53541cc16613","http://digitalbuildingdata.tech/nlcs/def/a0719103-1f55-4154-a1e4-9974a24c75b7"
"HWA_PERCEELAANSLUITLEIDING_GRES_100","*","_","**","_","RI","_","HWA","_","PERCEELAANSLUITLEIDING","_","GRES","_","100","_","","_","","'-","","'-","G","'-","","","*_**_RI_HWA_PERCEELAANSLUITLEIDING_GRES_100","0.18","150","152","150","150","253","RI-HWA_AANSLUITLEIDING-SO","0.25","150","152","150","150","253","RI-HWA_AANSLUITLEIDING-SO","0.25","150","152","150","150","253","V-RI-HWA_AANSLUITLEIDING-SO","0.25","150","152","150","150","253","RI-HWA_AANSLUITLEIDING-SO","","","1797","1796","http://digitalbuildingdata.tech/nlcs/def/f37149f9-b227-45f2-a044-399562a37984","http://digitalbuildingdata.tech/nlcs/def/96dc7b8e-6805-4356-8f7a-3ba1ba162bb0"
"DWA_TRANSPORTLEIDING_BETON_300","*","_","**","_","RI","_","DWA","_","TRANSPORTLEIDING","_","BETON","_","300","_","","_","","'-","","'-","G","'-","","","*_**_RI_DWA_TRANSPORTLEIDING_BETON_300","0.18","20","22","20","20","253","RI-DWA-SO","0.35","20","22","20","20","253","RI-DWA-SO","0.35","20","22","20","20","253","V-RI-DWA-SO","0.35","20","22","20","20","253","RI-DWA-SO","","","2293","2287","http://digitalbuildingdata.tech/nlcs/def/de3150ef-6399-43ea-b135-4b7a5e4238ec","http://digitalbuildingdata.tech/nlcs/def/584f42b4-9e2e-468c-a0ff-5b8e084f2c68"
"ITR_PERCEELAANSLUITLEIDING_PVC_125","*","_","**","_","RI","_","ITR","_","PERCEELAANSLUITLEIDING","_","PVC","_","125","_","","_","","'-","","'-","G","'-","","","*_**_RI_ITR_PERCEELAANSLUITLEIDING_PVC_125","0.18","50","52","50","50","253","RI-ITR_AANSLUITLEIDING-SO","0.25","50","52","50","50","253","RI-ITR_AANSLUITLEIDING-SO","0.25","50","52","50","50","253","V-RI-ITR_AANSLUITLEIDING-SO","0.25","50","52","50","50","253","RI-ITR_AANSLUITLEIDING-SO","","","1956","1954","http://digitalbuildingdata.tech/nlcs/def/6cced681-14fc-457f-9707-b41d3a7d4886","http://digitalbuildingdata.tech/nlcs/def/3e8d7619-4c52-4d42-b9c0-8ca0278b976a"
"HWA_TRANSPORTLEIDING_GRES_900","*","_","**","_","RI","_","HWA","_","TRANSPORTLEIDING","_","GRES","_","900","_","","_","","'-","","'-","G","'-","","","*_**_RI_HWA_TRANSPORTLEIDING_GRES_900","0.18","150","152","150","150","253","RI-HWA-SO","0.35","150","152","150","150","253","RI-HWA-SO","0.35","150","152","150","150","253","V-RI-HWA-SO","0.35","150","152","150","150","253","RI-HWA-SO","","","1895","1885","http://digitalbuildingdata.tech/nlcs/def/e146f6f9-2ac9-4a81-805f-a6747c24bf96","http://digitalbuildingdata.tech/nlcs/def/f9f5e866-adf4-4406-b11a-d81b32bb2314"
"GWA_TRANSPORTLEIDING_GRES_800","*","_","**","_","RI","_","GWA","_","TRANSPORTLEIDING","_","GRES","_","800","_","","_","","'-","","'-","G","'-","","","*_**_RI_GWA_TRANSPORTLEIDING_GRES_800","0.18","30","32","30","30","253","RI-GWA-SO","0.35","30","32","30","30","253","RI-GWA-SO","0.35","30","32","30","30","253","V-RI-GWA-SO","0.35","30","32","30","30","253","RI-GWA-SO","","","1765","1756","http://digitalbuildingdata.tech/nlcs/def/7153a324-2340-4080-be5e-9698d9395c30","http://digitalbuildingdata.tech/nlcs/def/a390306b-774c-469d-9087-5c9468c55f16"
"HWA_RIOOLLEIDING_BETON_2000","*","_","**","_","RI","_","HWA","_","RIOOLLEIDING","_","BETON","_","2000","_","","_","","'-","","'-","G","'-","","","*_**_RI_HWA_RIOOLLEIDING_BETON_2000","0.18","150","152","150","150","253","RI-HWA-SO","0.35","150","152","150","150","253","RI-HWA-SO","0.35","150","152","150","150","253","V-RI-HWA-SO","0.35","150","152","150","150","253","RI-HWA-SO","","","3715","3711","http://digitalbuildingdata.tech/nlcs/def/914598c4-dab7-406d-a238-4a98074a9f10","http://digitalbuildingdata.tech/nlcs/def/5437e98b-2362-43bd-a944-ccccdd7ab1ed"
"ITR_PERCEELAANSLUITLEIDING_PE_110","*","_","**","_","RI","_","ITR","_","PERCEELAANSLUITLEIDING","_","PE","_","110","_","","_","","'-","","'-","G","'-","","","*_**_RI_ITR_PERCEELAANSLUITLEIDING_PE_110","0.18","50","52","50","50","253","RI-ITR_AANSLUITLEIDING-SO","0.25","50","52","50","50","253","RI-ITR_AANSLUITLEIDING-SO","0.25","50","52","50","50","253","V-RI-ITR_AANSLUITLEIDING-SO","0.25","50","52","50","50","253","RI-ITR_AANSLUITLEIDING-SO","","","1950","1949","http://digitalbuildingdata.tech/nlcs/def/61c4aabf-7d5b-4739-b7f7-392630458bcc","http://digitalbuildingdata.tech/nlcs/def/fbd9c9b6-68a4-4511-a0c3-4650f9ad1218"
"DWA_RIOOLLEIDING_PVC_250","*","_","**","_","RI","_","DWA","_","RIOOLLEIDING","_","PVC","_","250","_","","_","","'-","","'-","G","'-","","","*_**_RI_DWA_RIOOLLEIDING_PVC_250","0.18","20","22","20","20","253","RI-DWA-SO","0.35","20","22","20","20","253","RI-DWA-SO","0.35","20","22","20","20","253","V-RI-DWA-SO","0.35","20","22","20","20","253","RI-DWA-SO","","","3993","3990","http://digitalbuildingdata.tech/nlcs/def/d69ee5bb-4a5c-4256-b4fb-894d26d11412","http://digitalbuildingdata.tech/nlcs/def/c69bc13d-a8fb-4281-b7aa-335f8f0df12a"
"DRAINAGE_PUT_DOORSPUITPUT_PE","*","_","**","_","RI","_","DRAINAGE","_","PUT","_","DOORSPUITPUT","_","PE","_","","_","","'-","","'-","G","'-","","","*_**_RI_DRAINAGE_PUT_DOORSPUITPUT_PE","0.18","90","92","90","90","253","CONTINUOUS","0.35","90","92","90","90","253","CONTINUOUS","0.35","90","92","90","90","253","V-CONTINUOUS-SO","0.35","90","92","90","90","253","CONTINUOUS","","","3597","1657","http://digitalbuildingdata.tech/nlcs/def/b3bd5631-4c7a-490d-911c-c8ae1ec2f5d5","http://digitalbuildingdata.tech/nlcs/def/b5c07458-6da8-4fd4-abd7-f646ee80482d"
"ITR_RIOOLLEIDING_PE_315","*","_","**","_","RI","_","ITR","_","RIOOLLEIDING","_","PE","_","315","_","","_","","'-","","'-","G","'-","","","*_**_RI_ITR_RIOOLLEIDING_PE_315","0.18","50","52","50","50","253","RI-ITR-SO","0.35","50","52","50","50","253","RI-ITR-SO","0.35","50","52","50","50","253","V-RI-ITR-SO","0.35","50","52","50","50","253","RI-ITR-SO","","","2034","2031","http://digitalbuildingdata.tech/nlcs/def/aef52ec8-25e7-4425-9305-6be5ef59b017","http://digitalbuildingdata.tech/nlcs/def/6c5ac269-37b0-424e-a5bf-9ee9e31c0f8e"
"HWA_AANSLUITPUT_ONTSTOPPINGSPUT_PE","*","_","**","_","RI","_","HWA","_","AANSLUITPUT","_","ONTSTOPPINGSPUT","_","PE","_","","_","","'-","","'-","G","'-","","","*_**_RI_HWA_AANSLUITPUT_ONTSTOPPINGSPUT_PE","0.18","150","152","150","150","253","CONTINUOUS","0.35","150","152","150","150","253","CONTINUOUS","0.35","150","152","150","150","253","V-CONTINUOUS-SO","0.35","150","152","150","150","253","CONTINUOUS","","","1844","1842","http://digitalbuildingdata.tech/nlcs/def/7ae8b056-cecd-4781-baf1-b3bc3cfc5935","http://digitalbuildingdata.tech/nlcs/def/2ceb3441-7ff4-4e24-ab63-d598b75e5ad1"
"GWA_RIOOLLEIDING_BETON_500","*","_","**","_","RI","_","GWA","_","RIOOLLEIDING","_","BETON","_","500","_","","_","","'-","","'-","G","'-","","","*_**_RI_GWA_RIOOLLEIDING_BETON_500","0.18","30","32","30","30","253","RI-GWA-SO","0.35","30","32","30","30","253","RI-GWA-SO","0.35","30","32","30","30","253","V-RI-GWA-SO","0.35","30","32","30","30","253","RI-GWA-SO","","","3626","3618","http://digitalbuildingdata.tech/nlcs/def/781063c6-346b-445d-9be2-80ee9a576e7a","http://digitalbuildingdata.tech/nlcs/def/4e97e45e-8845-4428-b5b4-bcc0735ca47b"
"HWA_RIOOLLEIDING_BETON_900","*","_","**","_","RI","_","HWA","_","RIOOLLEIDING","_","BETON","_","900","_","","_","","'-","","'-","G","'-","","","*_**_RI_HWA_RIOOLLEIDING_BETON_900","0.18","150","152","150","150","253","RI-HWA-SO","0.35","150","152","150","150","253","RI-HWA-SO","0.35","150","152","150","150","253","V-RI-HWA-SO","0.35","150","152","150","150","253","RI-HWA-SO","","","3723","3711","http://digitalbuildingdata.tech/nlcs/def/83adfc61-d601-4e9e-8b27-126587226abe","http://digitalbuildingdata.tech/nlcs/def/5437e98b-2362-43bd-a944-ccccdd7ab1ed"
"HWA_RIOOLLEIDING_GVK_2500","*","_","**","_","RI","_","HWA","_","RIOOLLEIDING","_","GVK","_","2500","_","","_","","'-","","'-","G","'-","","","*_**_RI_HWA_RIOOLLEIDING_GVK_2500","0.18","150","152","150","150","253","RI-HWA-SO","0.35","150","152","150","150","253","RI-HWA-SO","0.35","150","152","150","150","253","V-RI-HWA-SO","0.35","150","152","150","150","253","RI-HWA-SO","","","3761","3746","http://digitalbuildingdata.tech/nlcs/def/14d0e00c-9e08-4f78-a0ef-fcbd73f791aa","http://digitalbuildingdata.tech/nlcs/def/ee332402-a94e-437a-a767-43019214a0a2"
"DWA_PERCEELAANSLUITLEIDING_PP_160","*","_","**","_","RI","_","DWA","_","PERCEELAANSLUITLEIDING","_","PP","_","160","_","","_","","'-","","'-","G","'-","","","*_**_RI_DWA_PERCEELAANSLUITLEIDING_PP_160","0.18","20","22","20","20","253","RI-DWA_AANSLUITLEIDING-SO","0.25","20","22","20","20","253","RI-DWA_AANSLUITLEIDING-SO","0.25","20","22","20","20","253","V-RI-DWA_AANSLUITLEIDING-SO","0.25","20","22","20","20","253","RI-DWA_AANSLUITLEIDING-SO","","","3079","3077","http://digitalbuildingdata.tech/nlcs/def/ba9f6d40-52e5-4c73-8197-6333c42d5abe","http://digitalbuildingdata.tech/nlcs/def/df9bea68-07a7-42bb-9dd1-fe9e651fad65"
"DWA_RIOOLLEIDING_BETON_1250","*","_","**","_","RI","_","DWA","_","RIOOLLEIDING","_","BETON","_","1250","_","","_","","'-","","'-","G","'-","","","*_**_RI_DWA_RIOOLLEIDING_BETON_1250","0.18","20","22","20","20","253","RI-DWA-SO","0.35","20","22","20","20","253","RI-DWA-SO","0.35","20","22","20","20","253","V-RI-DWA-SO","0.35","20","22","20","20","253","RI-DWA-SO","","","3947","3945","http://digitalbuildingdata.tech/nlcs/def/165f0dae-513c-4ffc-93c8-e71dbffef637","http://digitalbuildingdata.tech/nlcs/def/25550949-adb4-47f5-b2ab-3d001726ebce"
"GWA_RIOOLLEIDING_PE_630","*","_","**","_","RI","_","GWA","_","RIOOLLEIDING","_","PE","_","630","_","","_","","'-","","'-","G","'-","","","*_**_RI_GWA_RIOOLLEIDING_PE_630","0.18","30","32","30","30","253","RI-GWA-SO","0.35","30","32","30","30","253","RI-GWA-SO","0.35","30","32","30","30","253","V-RI-GWA-SO","0.35","30","32","30","30","253","RI-GWA-SO","","","3661","3653","http://digitalbuildingdata.tech/nlcs/def/79ba9351-6719-4f7f-afd3-a0d20fca2885","http://digitalbuildingdata.tech/nlcs/def/e8278b56-43f9-449c-84b7-38cc14196127"
"GWA_RIOOLPUT_BLINDEPUT_BETON","*","_","**","_","RI","_","GWA","_","RIOOLPUT","_","BLINDEPUT","_","BETON","_","","_","","'-","","'-","G","'-","","","*_**_RI_GWA_RIOOLPUT_BLINDEPUT_BETON","0.18","30","32","30","30","253","CONTINUOUS","0.35","30","32","30","30","253","CONTINUOUS","0.35","30","32","30","30","253","V-CONTINUOUS-SO","0.35","30","32","30","30","253","CONTINUOUS","","","1706","1705","http://digitalbuildingdata.tech/nlcs/def/70ee96b9-6b37-42fb-8617-3510d3d84ed7","http://digitalbuildingdata.tech/nlcs/def/eccdcc24-b6a0-45f5-9082-3ba0cdb035b3"
"HWA_RIOOLLEIDING_GVK_2700","*","_","**","_","RI","_","HWA","_","RIOOLLEIDING","_","GVK","_","2700","_","","_","","'-","","'-","G","'-","","","*_**_RI_HWA_RIOOLLEIDING_GVK_2700","0.18","150","152","150","150","253","RI-HWA-SO","0.35","150","152","150","150","253","RI-HWA-SO","0.35","150","152","150","150","253","V-RI-HWA-SO","0.35","150","152","150","150","253","RI-HWA-SO","","","3763","3746","http://digitalbuildingdata.tech/nlcs/def/22f40a1e-e3bd-4ec8-85aa-f515bb9990e1","http://digitalbuildingdata.tech/nlcs/def/ee332402-a94e-437a-a767-43019214a0a2"
"HWA_RIOOLPUT_POMPPUT_PE","*","_","**","_","RI","_","HWA","_","RIOOLPUT","_","POMPPUT","_","PE","_","","_","","'-","","'-","G","'-","","","*_**_RI_HWA_RIOOLPUT_POMPPUT_PE","0.18","150","152","150","150","253","CONTINUOUS","0.35","150","152","150","150","253","CONTINUOUS","0.35","150","152","150","150","253","V-CONTINUOUS-SO","0.35","150","152","150","150","253","CONTINUOUS","","","1850","1848","http://digitalbuildingdata.tech/nlcs/def/f76a76c8-cecb-4a21-b5ca-cbf218c882f1","http://digitalbuildingdata.tech/nlcs/def/2d595f46-da4d-4a8e-affb-76f1b4f1a22d"
"DWA_TRANSPORTLEIDING_PVC_500","*","_","**","_","RI","_","DWA","_","TRANSPORTLEIDING","_","PVC","_","500","_","","_","","'-","","'-","G","'-","","","*_**_RI_DWA_TRANSPORTLEIDING_PVC_500","0.18","20","22","20","20","253","RI-DWA-SO","0.35","20","22","20","20","253","RI-DWA-SO","0.35","20","22","20","20","253","V-RI-DWA-SO","0.35","20","22","20","20","253","RI-DWA-SO","","","2338","2332","http://digitalbuildingdata.tech/nlcs/def/19d5d9a5-0bdf-4ec5-a44e-b36098da5716","http://digitalbuildingdata.tech/nlcs/def/e9757dfb-e619-41e3-aa8a-55e8017e5631"
"HWA_TRANSPORTLEIDING_BETON_250","*","_","**","_","RI","_","HWA","_","TRANSPORTLEIDING","_","BETON","_","250","_","","_","","'-","","'-","G","'-","","","*_**_RI_HWA_TRANSPORTLEIDING_BETON_250","0.18","150","152","150","150","253","RI-HWA-SO","0.35","150","152","150","150","253","RI-HWA-SO","0.35","150","152","150","150","253","V-RI-HWA-SO","0.35","150","152","150","150","253","RI-HWA-SO","","","1866","1861","http://digitalbuildingdata.tech/nlcs/def/7b792f01-1a1e-43d2-b3dd-32173eb77c87","http://digitalbuildingdata.tech/nlcs/def/54fafb69-12cb-4927-9265-927bd8defd6e"
"GWA_RIOOLLEIDING_BETON_800","*","_","**","_","RI","_","GWA","_","RIOOLLEIDING","_","BETON","_","800","_","","_","","'-","","'-","G","'-","","","*_**_RI_GWA_RIOOLLEIDING_BETON_800","0.18","30","32","30","30","253","RI-GWA-SO","0.35","30","32","30","30","253","RI-GWA-SO","0.35","30","32","30","30","253","V-RI-GWA-SO","0.35","30","32","30","30","253","RI-GWA-SO","","","3629","3618","http://digitalbuildingdata.tech/nlcs/def/20e62111-e246-427b-a43e-61d506344eb1","http://digitalbuildingdata.tech/nlcs/def/4e97e45e-8845-4428-b5b4-bcc0735ca47b"
"GWA_RIOOLLEIDING_BETON_600","*","_","**","_","RI","_","GWA","_","RIOOLLEIDING","_","BETON","_","600","_","","_","","'-","","'-","G","'-","","","*_**_RI_GWA_RIOOLLEIDING_BETON_600","0.18","30","32","30","30","253","RI-GWA-SO","0.35","30","32","30","30","253","RI-GWA-SO","0.35","30","32","30","30","253","V-RI-GWA-SO","0.35","30","32","30","30","253","RI-GWA-SO","","","3627","3618","http://digitalbuildingdata.tech/nlcs/def/5970b93b-a2c7-42de-93be-93e3724d96f3","http://digitalbuildingdata.tech/nlcs/def/4e97e45e-8845-4428-b5b4-bcc0735ca47b"
"GWA_TRANSPORTLEIDING_PVC_200","*","_","**","_","RI","_","GWA","_","TRANSPORTLEIDING","_","PVC","_","200","_","","_","","'-","","'-","G","'-","","","*_**_RI_GWA_TRANSPORTLEIDING_PVC_200","0.18","30","32","30","30","253","RI-GWA-SO","0.35","30","32","30","30","253","RI-GWA-SO","0.35","30","32","30","30","253","V-RI-GWA-SO","0.35","30","32","30","30","253","RI-GWA-SO","","","1778","1776","http://digitalbuildingdata.tech/nlcs/def/714f1e92-24fd-4929-a937-f5336c91fd14","http://digitalbuildingdata.tech/nlcs/def/59a6ead1-8c1c-43cc-a929-f96ecc6d08b7"
"GWA_RIOOLLEIDING_GRES_600","*","_","**","_","RI","_","GWA","_","RIOOLLEIDING","_","GRES","_","600","_","","_","","'-","","'-","G","'-","","","*_**_RI_GWA_RIOOLLEIDING_GRES_600","0.18","30","32","30","30","253","RI-GWA-SO","0.35","30","32","30","30","253","RI-GWA-SO","0.35","30","32","30","30","253","V-RI-GWA-SO","0.35","30","32","30","30","253","RI-GWA-SO","","","3649","3642","http://digitalbuildingdata.tech/nlcs/def/a4a82161-bb26-4e9f-8335-4f41a70e4de4","http://digitalbuildingdata.tech/nlcs/def/4256a0d5-6db6-4b97-9a23-e08b12d845e4"
"GWA_TRANSPORTLEIDING_BETON_700","*","_","**","_","RI","_","GWA","_","TRANSPORTLEIDING","_","BETON","_","700","_","","_","","'-","","'-","G","'-","","","*_**_RI_GWA_TRANSPORTLEIDING_BETON_700","0.18","30","32","30","30","253","RI-GWA-SO","0.35","30","32","30","30","253","RI-GWA-SO","0.35","30","32","30","30","253","V-RI-GWA-SO","0.35","30","32","30","30","253","RI-GWA-SO","","","1742","1732","http://digitalbuildingdata.tech/nlcs/def/b179825f-c086-4568-bb77-2c2ae3a2058c","http://digitalbuildingdata.tech/nlcs/def/1c72bde5-631d-448a-a2ae-149c66d8840e"
"GWA_KOLKAANSLUITLEIDING_PE_160","*","_","**","_","RI","_","GWA","_","KOLKAANSLUITLEIDING","_","PE","_","160","_","","_","","'-","","'-","G","'-","","","*_**_RI_GWA_KOLKAANSLUITLEIDING_PE_160","0.18","30","32","30","30","253","RI-GWA_AANSLUITLEIDING-SO","0.25","30","32","30","30","253","RI-GWA_AANSLUITLEIDING-SO","0.25","30","32","30","30","253","V-RI-GWA_AANSLUITLEIDING-SO","0.25","30","32","30","30","253","RI-GWA_AANSLUITLEIDING-SO","","","1694","1691","http://digitalbuildingdata.tech/nlcs/def/72dfac21-533c-4353-b948-c394ec306d96","http://digitalbuildingdata.tech/nlcs/def/5f64d840-3280-4ac9-85eb-4d0309266438"
"GWA_TRANSPORTLEIDING_BETON_900","*","_","**","_","RI","_","GWA","_","TRANSPORTLEIDING","_","BETON","_","900","_","","_","","'-","","'-","G","'-","","","*_**_RI_GWA_TRANSPORTLEIDING_BETON_900","0.18","30","32","30","30","253","RI-GWA-SO","0.35","30","32","30","30","253","RI-GWA-SO","0.35","30","32","30","30","253","V-RI-GWA-SO","0.35","30","32","30","30","253","RI-GWA-SO","","","1744","1732","http://digitalbuildingdata.tech/nlcs/def/28159b01-3679-4a29-9b37-90694ed2520e","http://digitalbuildingdata.tech/nlcs/def/1c72bde5-631d-448a-a2ae-149c66d8840e"
"ITR_RIOOLPUT_BLINDEPUT_PE","*","_","**","_","RI","_","ITR","_","RIOOLPUT","_","BLINDEPUT","_","PE","_","","_","","'-","","'-","G","'-","","","*_**_RI_ITR_RIOOLPUT_BLINDEPUT_PE","0.18","50","52","50","50","253","CONTINUOUS","0.35","50","52","50","50","253","CONTINUOUS","0.35","50","52","50","50","253","V-CONTINUOUS-SO","0.35","50","52","50","50","253","CONTINUOUS","","","1993","1991","http://digitalbuildingdata.tech/nlcs/def/5837356b-20ec-4b19-91d6-098694bf93a7","http://digitalbuildingdata.tech/nlcs/def/1a71f103-3c34-4141-8d5f-95caa700786c"
"GWA_KOLKAANSLUITLEIDING_PVC_125","*","_","**","_","RI","_","GWA","_","KOLKAANSLUITLEIDING","_","PVC","_","125","_","","_","","'-","","'-","G","'-","","","*_**_RI_GWA_KOLKAANSLUITLEIDING_PVC_125","0.18","30","32","30","30","253","RI-GWA_AANSLUITLEIDING-SO","0.25","30","32","30","30","253","RI-GWA_AANSLUITLEIDING-SO","0.25","30","32","30","30","253","V-RI-GWA_AANSLUITLEIDING-SO","0.25","30","32","30","30","253","RI-GWA_AANSLUITLEIDING-SO","","","1697","1695","http://digitalbuildingdata.tech/nlcs/def/6f9fbc4a-c29c-47b5-a759-dccd87693fbb","http://digitalbuildingdata.tech/nlcs/def/ff3dae2f-5129-422a-9911-e207a900dd0a"
"HWA_TRANSPORTLEIDING_PE_450","*","_","**","_","RI","_","HWA","_","TRANSPORTLEIDING","_","PE","_","450","_","","_","","'-","","'-","G","'-","","","*_**_RI_HWA_TRANSPORTLEIDING_PE_450","0.18","150","152","150","150","253","RI-HWA-SO","0.35","150","152","150","150","253","RI-HWA-SO","0.35","150","152","150","150","253","V-RI-HWA-SO","0.35","150","152","150","150","253","RI-HWA-SO","","","1929","1923","http://digitalbuildingdata.tech/nlcs/def/27188f46-972e-47cc-a9f8-61d431ee55aa","http://digitalbuildingdata.tech/nlcs/def/35696621-e673-49ec-816c-02fab5f9c46b"
"HWA_RIOOLLEIDING_BETON_500","*","_","**","_","RI","_","HWA","_","RIOOLLEIDING","_","BETON","_","500","_","","_","","'-","","'-","G","'-","","","*_**_RI_HWA_RIOOLLEIDING_BETON_500","0.18","150","152","150","150","253","RI-HWA-SO","0.35","150","152","150","150","253","RI-HWA-SO","0.35","150","152","150","150","253","V-RI-HWA-SO","0.35","150","152","150","150","253","RI-HWA-SO","","","3719","3711","http://digitalbuildingdata.tech/nlcs/def/5cbc8d3c-0912-497f-8dda-38f04b66d45d","http://digitalbuildingdata.tech/nlcs/def/5437e98b-2362-43bd-a944-ccccdd7ab1ed"
"HWA_RIOOLLEIDING_PVC_400","*","_","**","_","RI","_","HWA","_","RIOOLLEIDING","_","PVC","_","400","_","","_","","'-","","'-","G","'-","","","*_**_RI_HWA_RIOOLLEIDING_PVC_400","0.18","150","152","150","150","253","RI-HWA-SO","0.35","150","152","150","150","253","RI-HWA-SO","0.35","150","152","150","150","253","V-RI-HWA-SO","0.35","150","152","150","150","253","RI-HWA-SO","","","3789","3783","http://digitalbuildingdata.tech/nlcs/def/1794ef00-59c0-4fc6-ad98-8c87a1467196","http://digitalbuildingdata.tech/nlcs/def/df8638ad-ad1d-478c-95cb-1fd92a1b37c6"
"DWA_RIOOLPUT_MONSTERNAMEPUT_PE","*","_","**","_","RI","_","DWA","_","RIOOLPUT","_","MONSTERNAMEPUT","_","PE","_","","_","","'-","","'-","G","'-","","","*_**_RI_DWA_RIOOLPUT_MONSTERNAMEPUT_PE","0.18","20","22","20","20","253","CONTINUOUS","0.35","20","22","20","20","253","CONTINUOUS","0.35","20","22","20","20","253","V-CONTINUOUS-SO","0.35","20","22","20","20","253","CONTINUOUS","","","2262","2260","http://digitalbuildingdata.tech/nlcs/def/7cb0c50a-8b11-4a12-8c3b-376c427e7e7b","http://digitalbuildingdata.tech/nlcs/def/a3d06e67-dc8e-4852-9f7f-a721195417d2"
"DWA_TRANSPORTLEIDING_PVC_400","*","_","**","_","RI","_","DWA","_","TRANSPORTLEIDING","_","PVC","_","400","_","","_","","'-","","'-","G","'-","","","*_**_RI_DWA_TRANSPORTLEIDING_PVC_400","0.18","20","22","20","20","253","RI-DWA-SO","0.35","20","22","20","20","253","RI-DWA-SO","0.35","20","22","20","20","253","V-RI-DWA-SO","0.35","20","22","20","20","253","RI-DWA-SO","","","2337","2332","http://digitalbuildingdata.tech/nlcs/def/367845ed-a0bd-404f-95e8-6671b40ee015","http://digitalbuildingdata.tech/nlcs/def/e9757dfb-e619-41e3-aa8a-55e8017e5631"
"DWA_PERCEELAANSLUITLEIDING_PP_125","*","_","**","_","RI","_","DWA","_","PERCEELAANSLUITLEIDING","_","PP","_","125","_","","_","","'-","","'-","G","'-","","","*_**_RI_DWA_PERCEELAANSLUITLEIDING_PP_125","0.18","20","22","20","20","253","RI-DWA_AANSLUITLEIDING-SO","0.25","20","22","20","20","253","RI-DWA_AANSLUITLEIDING-SO","0.25","20","22","20","20","253","V-RI-DWA_AANSLUITLEIDING-SO","0.25","20","22","20","20","253","RI-DWA_AANSLUITLEIDING-SO","","","3078","3077","http://digitalbuildingdata.tech/nlcs/def/8b1d2805-02b0-4086-aeaa-4a7bba61ab9d","http://digitalbuildingdata.tech/nlcs/def/df9bea68-07a7-42bb-9dd1-fe9e651fad65"
"HWA_PERCEELAANSLUITLEIDING_PE_75","*","_","**","_","RI","_","HWA","_","PERCEELAANSLUITLEIDING","_","PE","_","75","_","","_","","'-","","'-","G","'-","","","*_**_RI_HWA_PERCEELAANSLUITLEIDING_PE_75","0.18","150","152","150","150","253","RI-HWA_AANSLUITLEIDING-SO","0.25","150","152","150","150","253","RI-HWA_AANSLUITLEIDING-SO","0.25","150","152","150","150","253","V-RI-HWA_AANSLUITLEIDING-SO","0.25","150","152","150","150","253","RI-HWA_AANSLUITLEIDING-SO","","","1803","1800","http://digitalbuildingdata.tech/nlcs/def/07f5eb0d-0e2f-420a-af4b-ae9058c957f9","http://digitalbuildingdata.tech/nlcs/def/ac819a86-bc36-4f89-a3e0-094271573589"
"HWA_TRANSPORTLEIDING_PE_500","*","_","**","_","RI","_","HWA","_","TRANSPORTLEIDING","_","PE","_","500","_","","_","","'-","","'-","G","'-","","","*_**_RI_HWA_TRANSPORTLEIDING_PE_500","0.18","150","152","150","150","253","RI-HWA-SO","0.35","150","152","150","150","253","RI-HWA-SO","0.35","150","152","150","150","253","V-RI-HWA-SO","0.35","150","152","150","150","253","RI-HWA-SO","","","1930","1923","http://digitalbuildingdata.tech/nlcs/def/f06f4813-31e5-42b8-8c98-381ef2fc3c35","http://digitalbuildingdata.tech/nlcs/def/35696621-e673-49ec-816c-02fab5f9c46b"
"ITR_RIOOLLEIDING_PE_630","*","_","**","_","RI","_","ITR","_","RIOOLLEIDING","_","PE","_","630","_","","_","","'-","","'-","G","'-","","","*_**_RI_ITR_RIOOLLEIDING_PE_630","0.18","50","52","50","50","253","RI-ITR-SO","0.35","50","52","50","50","253","RI-ITR-SO","0.35","50","52","50","50","253","V-RI-ITR-SO","0.35","50","52","50","50","253","RI-ITR-SO","","","2040","2031","http://digitalbuildingdata.tech/nlcs/def/00cb4931-251d-457d-baba-b21cd875c0d6","http://digitalbuildingdata.tech/nlcs/def/6c5ac269-37b0-424e-a5bf-9ee9e31c0f8e"
"DWA_TRANSPORTLEIDING_GRES_1000","*","_","**","_","RI","_","DWA","_","TRANSPORTLEIDING","_","GRES","_","1000","_","","_","","'-","","'-","G","'-","","","*_**_RI_DWA_TRANSPORTLEIDING_GRES_1000","0.18","20","22","20","20","253","RI-DWA-SO","0.35","20","22","20","20","253","RI-DWA-SO","0.35","20","22","20","20","253","V-RI-DWA-SO","0.35","20","22","20","20","253","RI-DWA-SO","","","2312","2311","http://digitalbuildingdata.tech/nlcs/def/42bbbe96-d128-4d78-a075-8f19f3657165","http://digitalbuildingdata.tech/nlcs/def/d635a418-c9c6-4464-b71d-57c389ef5790"
"DWA_RIOOLLEIDING_GRES_900","*","_","**","_","RI","_","DWA","_","RIOOLLEIDING","_","GRES","_","900","_","","_","","'-","","'-","G","'-","","","*_**_RI_DWA_RIOOLLEIDING_GRES_900","0.18","20","22","20","20","253","RI-DWA-SO","0.35","20","22","20","20","253","RI-DWA-SO","0.35","20","22","20","20","253","V-RI-DWA-SO","0.35","20","22","20","20","253","RI-DWA-SO","","","3979","3969","http://digitalbuildingdata.tech/nlcs/def/eb1ef76a-5e8c-4a7b-8621-ab2a0e41d4fa","http://digitalbuildingdata.tech/nlcs/def/f4174e96-d8bf-4d93-afc3-ea430a0cc4d0"
"HWA_RIOOLLEIDING_GVK_1800","*","_","**","_","RI","_","HWA","_","RIOOLLEIDING","_","GVK","_","1800","_","","_","","'-","","'-","G","'-","","","*_**_RI_HWA_RIOOLLEIDING_GVK_1800","0.18","150","152","150","150","253","RI-HWA-SO","0.35","150","152","150","150","253","RI-HWA-SO","0.35","150","152","150","150","253","V-RI-HWA-SO","0.35","150","152","150","150","253","RI-HWA-SO","","","3755","3746","http://digitalbuildingdata.tech/nlcs/def/ff53e92c-277c-4310-9e78-4f27f3b4c814","http://digitalbuildingdata.tech/nlcs/def/ee332402-a94e-437a-a767-43019214a0a2"
"HWA_RIOOLLEIDING_BETON_1000","*","_","**","_","RI","_","HWA","_","RIOOLLEIDING","_","BETON","_","1000","_","","_","","'-","","'-","G","'-","","","*_**_RI_HWA_RIOOLLEIDING_BETON_1000","0.18","150","152","150","150","253","RI-HWA-SO","0.35","150","152","150","150","253","RI-HWA-SO","0.35","150","152","150","150","253","V-RI-HWA-SO","0.35","150","152","150","150","253","RI-HWA-SO","","","3712","3711","http://digitalbuildingdata.tech/nlcs/def/1ff6492d-9992-44d8-a70f-dbc079d04544","http://digitalbuildingdata.tech/nlcs/def/5437e98b-2362-43bd-a944-ccccdd7ab1ed"
"DRAINAGE_DRAIN_PP_65","*","_","**","_","RI","_","DRAINAGE","_","DRAIN","_","PP","_","65","_","","_","","'-","","'-","G","'-","","","*_**_RI_DRAINAGE_DRAIN_PP_65","0.18","90","92","90","90","253","RI-DRAINAGE-SO","0.35","90","92","90","90","253","RI-DRAINAGE-SO","0.35","90","92","90","90","253","V-RI-DRAINAGE-SO","0.35","90","92","90","90","253","RI-DRAINAGE-SO","","","1644","1639","http://digitalbuildingdata.tech/nlcs/def/a2992ebc-1f8f-4106-a996-772f9b743fb1","http://digitalbuildingdata.tech/nlcs/def/d243aa9e-12b5-4624-bdf7-103dbf30364c"
"DWA_RIOOLLEIDING_GRES_700","*","_","**","_","RI","_","DWA","_","RIOOLLEIDING","_","GRES","_","700","_","","_","","'-","","'-","G","'-","","","*_**_RI_DWA_RIOOLLEIDING_GRES_700","0.18","20","22","20","20","253","RI-DWA-SO","0.35","20","22","20","20","253","RI-DWA-SO","0.35","20","22","20","20","253","V-RI-DWA-SO","0.35","20","22","20","20","253","RI-DWA-SO","","","3977","3969","http://digitalbuildingdata.tech/nlcs/def/291b6521-bf8a-40ac-bdd6-d8eecdaa7b3b","http://digitalbuildingdata.tech/nlcs/def/f4174e96-d8bf-4d93-afc3-ea430a0cc4d0"
"DWA_RIOOLLEIDING_GRES_600","*","_","**","_","RI","_","DWA","_","RIOOLLEIDING","_","GRES","_","600","_","","_","","'-","","'-","G","'-","","","*_**_RI_DWA_RIOOLLEIDING_GRES_600","0.18","20","22","20","20","253","RI-DWA-SO","0.35","20","22","20","20","253","RI-DWA-SO","0.35","20","22","20","20","253","V-RI-DWA-SO","0.35","20","22","20","20","253","RI-DWA-SO","","","3976","3969","http://digitalbuildingdata.tech/nlcs/def/3dadf837-cd0f-4a17-a28b-1352d8536797","http://digitalbuildingdata.tech/nlcs/def/f4174e96-d8bf-4d93-afc3-ea430a0cc4d0"
"GWA_PERCEELAANSLUITLEIDING_PVC_160","*","_","**","_","RI","_","GWA","_","PERCEELAANSLUITLEIDING","_","PVC","_","160","_","","_","","'-","","'-","G","'-","","","*_**_RI_GWA_PERCEELAANSLUITLEIDING_PVC_160","0.18","30","32","30","30","253","RI-GWA_AANSLUITLEIDING-SO","0.25","30","32","30","30","253","RI-GWA_AANSLUITLEIDING-SO","0.25","30","32","30","30","253","V-RI-GWA_AANSLUITLEIDING-SO","0.25","30","32","30","30","253","RI-GWA_AANSLUITLEIDING-SO","","","1680","1677","http://digitalbuildingdata.tech/nlcs/def/f0e09f42-6d18-44f2-9c2a-3e4e7d8b047a","http://digitalbuildingdata.tech/nlcs/def/be3a9b4d-9a57-4175-8a68-805efebd9090"
"DWA_TRANSPORTLEIDING_BETON_700","*","_","**","_","RI","_","DWA","_","TRANSPORTLEIDING","_","BETON","_","700","_","","_","","'-","","'-","G","'-","","","*_**_RI_DWA_TRANSPORTLEIDING_BETON_700","0.18","20","22","20","20","253","RI-DWA-SO","0.35","20","22","20","20","253","RI-DWA-SO","0.35","20","22","20","20","253","V-RI-DWA-SO","0.35","20","22","20","20","253","RI-DWA-SO","","","2297","2287","http://digitalbuildingdata.tech/nlcs/def/379ee00e-74e3-4ec0-9b7c-32b1597947e5","http://digitalbuildingdata.tech/nlcs/def/584f42b4-9e2e-468c-a0ff-5b8e084f2c68"
"HWA_RIOOLLEIDING_GVK_800","*","_","**","_","RI","_","HWA","_","RIOOLLEIDING","_","GVK","_","800","_","","_","","'-","","'-","G","'-","","","*_**_RI_HWA_RIOOLLEIDING_GVK_800","0.18","150","152","150","150","253","RI-HWA-SO","0.35","150","152","150","150","253","RI-HWA-SO","0.35","150","152","150","150","253","V-RI-HWA-SO","0.35","150","152","150","150","253","RI-HWA-SO","","","3771","3746","http://digitalbuildingdata.tech/nlcs/def/4156f8a6-ce9e-4202-a0b3-3a76d7f04678","http://digitalbuildingdata.tech/nlcs/def/ee332402-a94e-437a-a767-43019214a0a2"
"DWA_RIOOLLEIDING_BETON_300","*","_","**","_","RI","_","DWA","_","RIOOLLEIDING","_","BETON","_","300","_","","_","","'-","","'-","G","'-","","","*_**_RI_DWA_RIOOLLEIDING_BETON_300","0.18","20","22","20","20","253","RI-DWA-SO","0.35","20","22","20","20","253","RI-DWA-SO","0.35","20","22","20","20","253","V-RI-DWA-SO","0.35","20","22","20","20","253","RI-DWA-SO","","","3951","3945","http://digitalbuildingdata.tech/nlcs/def/67da3d4a-06c3-4fcb-bfcf-c75f5aae06cb","http://digitalbuildingdata.tech/nlcs/def/25550949-adb4-47f5-b2ab-3d001726ebce"
"DRAINAGE_DRAIN_PVC_80","*","_","**","_","RI","_","DRAINAGE","_","DRAIN","_","PVC","_","80","_","","_","","'-","","'-","G","'-","","","*_**_RI_DRAINAGE_DRAIN_PVC_80","0.18","90","92","90","90","253","RI-DRAINAGE-SO","0.35","90","92","90","90","253","RI-DRAINAGE-SO","0.35","90","92","90","90","253","V-RI-DRAINAGE-SO","0.35","90","92","90","90","253","RI-DRAINAGE-SO","","","1652","1646","http://digitalbuildingdata.tech/nlcs/def/ebbbe8b6-cdf0-4b3e-9563-4206d45b8578","http://digitalbuildingdata.tech/nlcs/def/b9dfcdaa-7da4-4eae-80df-9c843d03ba1e"
"ITR_RIOOLPUT_OVERSTORTPUT_BETON","*","_","**","_","RI","_","ITR","_","RIOOLPUT","_","OVERSTORTPUT","_","BETON","_","","_","","'-","","'-","G","'-","","","*_**_RI_ITR_RIOOLPUT_OVERSTORTPUT_BETON","0.18","50","52","50","50","253","CONTINUOUS","0.35","50","52","50","50","253","CONTINUOUS","0.35","50","52","50","50","253","V-CONTINUOUS-SO","0.35","50","52","50","50","253","CONTINUOUS","","","2003","2002","http://digitalbuildingdata.tech/nlcs/def/e860652b-819f-4d19-9059-e0dcf70d2951","http://digitalbuildingdata.tech/nlcs/def/1020990c-b0da-46bb-9db0-2e5d44a86863"
"GWA_RIOOLLEIDING_PE_560","*","_","**","_","RI","_","GWA","_","RIOOLLEIDING","_","PE","_","560","_","","_","","'-","","'-","G","'-","","","*_**_RI_GWA_RIOOLLEIDING_PE_560","0.18","30","32","30","30","253","RI-GWA-SO","0.35","30","32","30","30","253","RI-GWA-SO","0.35","30","32","30","30","253","V-RI-GWA-SO","0.35","30","32","30","30","253","RI-GWA-SO","","","3660","3653","http://digitalbuildingdata.tech/nlcs/def/e4c3eafd-2dc4-4451-acb8-12f46c1a4139","http://digitalbuildingdata.tech/nlcs/def/e8278b56-43f9-449c-84b7-38cc14196127"
"DWA_RIOOLPUT_STUWPUT_PE","*","_","**","_","RI","_","DWA","_","RIOOLPUT","_","STUWPUT","_","PE","_","","_","","'-","","'-","G","'-","","","*_**_RI_DWA_RIOOLPUT_STUWPUT_PE","0.18","20","22","20","20","253","CONTINUOUS","0.35","20","22","20","20","253","CONTINUOUS","0.35","20","22","20","20","253","V-CONTINUOUS-SO","0.35","20","22","20","20","253","CONTINUOUS","","","2276","2274","http://digitalbuildingdata.tech/nlcs/def/b16f9bef-0e9a-495f-b137-4b9d9460d917","http://digitalbuildingdata.tech/nlcs/def/8c1cd307-8a47-4571-b01e-df4772ced3b2"
"GWA_RIOOLPUT_BLINDEPUT_PE","*","_","**","_","RI","_","GWA","_","RIOOLPUT","_","BLINDEPUT","_","PE","_","","_","","'-","","'-","G","'-","","","*_**_RI_GWA_RIOOLPUT_BLINDEPUT_PE","0.18","30","32","30","30","253","CONTINUOUS","0.35","30","32","30","30","253","CONTINUOUS","0.35","30","32","30","30","253","V-CONTINUOUS-SO","0.35","30","32","30","30","253","CONTINUOUS","","","1707","1705","http://digitalbuildingdata.tech/nlcs/def/6a6acb98-a5fa-4cad-ac7f-ee73b9b88cf6","http://digitalbuildingdata.tech/nlcs/def/eccdcc24-b6a0-45f5-9082-3ba0cdb035b3"
"ITR_PERCEELAANSLUITLEIDING_PE_90","*","_","**","_","RI","_","ITR","_","PERCEELAANSLUITLEIDING","_","PE","_","90","_","","_","","'-","","'-","G","'-","","","*_**_RI_ITR_PERCEELAANSLUITLEIDING_PE_90","0.18","50","52","50","50","253","RI-ITR_AANSLUITLEIDING-SO","0.25","50","52","50","50","253","RI-ITR_AANSLUITLEIDING-SO","0.25","50","52","50","50","253","V-RI-ITR_AANSLUITLEIDING-SO","0.25","50","52","50","50","253","RI-ITR_AANSLUITLEIDING-SO","","","1953","1949","http://digitalbuildingdata.tech/nlcs/def/724989c7-bd01-414b-8ea5-db2226c5c83c","http://digitalbuildingdata.tech/nlcs/def/fbd9c9b6-68a4-4511-a0c3-4650f9ad1218"
"GWA_KOLKAANSLUITLEIDING_PE_125","*","_","**","_","RI","_","GWA","_","KOLKAANSLUITLEIDING","_","PE","_","125","_","","_","","'-","","'-","G","'-","","","*_**_RI_GWA_KOLKAANSLUITLEIDING_PE_125","0.18","30","32","30","30","253","RI-GWA_AANSLUITLEIDING-SO","0.25","30","32","30","30","253","RI-GWA_AANSLUITLEIDING-SO","0.25","30","32","30","30","253","V-RI-GWA_AANSLUITLEIDING-SO","0.25","30","32","30","30","253","RI-GWA_AANSLUITLEIDING-SO","","","1693","1691","http://digitalbuildingdata.tech/nlcs/def/f144937d-c068-4f0e-b23f-63bd76f76615","http://digitalbuildingdata.tech/nlcs/def/5f64d840-3280-4ac9-85eb-4d0309266438"
"HWA_TRANSPORTLEIDING_GVK_600","*","_","**","_","RI","_","HWA","_","TRANSPORTLEIDING","_","GVK","_","600","_","","_","","'-","","'-","G","'-","","","*_**_RI_HWA_TRANSPORTLEIDING_GVK_600","0.18","150","152","150","150","253","RI-HWA-SO","0.35","150","152","150","150","253","RI-HWA-SO","0.35","150","152","150","150","253","V-RI-HWA-SO","0.35","150","152","150","150","253","RI-HWA-SO","","","1919","1896","http://digitalbuildingdata.tech/nlcs/def/87ca6a55-5e0f-4e05-bd5f-3f7f8ae0a522","http://digitalbuildingdata.tech/nlcs/def/9eb2bf51-e3db-4178-bff6-0bfdea80b25a"
"HWA_TRANSPORTLEIDING_GVK_2200","*","_","**","_","RI","_","HWA","_","TRANSPORTLEIDING","_","GVK","_","2200","_","","_","","'-","","'-","G","'-","","","*_**_RI_HWA_TRANSPORTLEIDING_GVK_2200","0.18","150","152","150","150","253","RI-HWA-SO","0.35","150","152","150","150","253","RI-HWA-SO","0.35","150","152","150","150","253","V-RI-HWA-SO","0.35","150","152","150","150","253","RI-HWA-SO","","","1908","1896","http://digitalbuildingdata.tech/nlcs/def/7db38358-edb0-43d7-8deb-ea5315d427f2","http://digitalbuildingdata.tech/nlcs/def/9eb2bf51-e3db-4178-bff6-0bfdea80b25a"
"ITR_RIOOLPUT_POMPPUT_PE","*","_","**","_","RI","_","ITR","_","RIOOLPUT","_","POMPPUT","_","PE","_","","_","","'-","","'-","G","'-","","","*_**_RI_ITR_RIOOLPUT_POMPPUT_PE","0.18","50","52","50","50","253","CONTINUOUS","0.35","50","52","50","50","253","CONTINUOUS","0.35","50","52","50","50","253","V-CONTINUOUS-SO","0.35","50","52","50","50","253","CONTINUOUS","","","2007","2005","http://digitalbuildingdata.tech/nlcs/def/49cdc35e-be2c-4fa0-80e2-74c39df37a5c","http://digitalbuildingdata.tech/nlcs/def/fedd164d-484e-412d-884f-2da153832099"
"HWA_TRANSPORTLEIDING_GVK_700","*","_","**","_","RI","_","HWA","_","TRANSPORTLEIDING","_","GVK","_","700","_","","_","","'-","","'-","G","'-","","","*_**_RI_HWA_TRANSPORTLEIDING_GVK_700","0.18","150","152","150","150","253","RI-HWA-SO","0.35","150","152","150","150","253","RI-HWA-SO","0.35","150","152","150","150","253","V-RI-HWA-SO","0.35","150","152","150","150","253","RI-HWA-SO","","","1920","1896","http://digitalbuildingdata.tech/nlcs/def/bc2ae223-a5a6-43d6-bca6-c9bd203fd173","http://digitalbuildingdata.tech/nlcs/def/9eb2bf51-e3db-4178-bff6-0bfdea80b25a"
"DRAINAGE_DRAIN_PVC_65","*","_","**","_","RI","_","DRAINAGE","_","DRAIN","_","PVC","_","65","_","","_","","'-","","'-","G","'-","","","*_**_RI_DRAINAGE_DRAIN_PVC_65","0.18","90","92","90","90","253","RI-DRAINAGE-SO","0.35","90","92","90","90","253","RI-DRAINAGE-SO","0.35","90","92","90","90","253","V-RI-DRAINAGE-SO","0.35","90","92","90","90","253","RI-DRAINAGE-SO","","","1651","1646","http://digitalbuildingdata.tech/nlcs/def/331958b8-ffba-4ab4-84cd-44eb75a62b0c","http://digitalbuildingdata.tech/nlcs/def/b9dfcdaa-7da4-4eae-80df-9c843d03ba1e"
"GWA_RIOOLLEIDING_GRES_800","*","_","**","_","RI","_","GWA","_","RIOOLLEIDING","_","GRES","_","800","_","","_","","'-","","'-","G","'-","","","*_**_RI_GWA_RIOOLLEIDING_GRES_800","0.18","30","32","30","30","253","RI-GWA-SO","0.35","30","32","30","30","253","RI-GWA-SO","0.35","30","32","30","30","253","V-RI-GWA-SO","0.35","30","32","30","30","253","RI-GWA-SO","","","3651","3642","http://digitalbuildingdata.tech/nlcs/def/ac5853a0-41a8-4f8f-a757-d40d9aefe965","http://digitalbuildingdata.tech/nlcs/def/4256a0d5-6db6-4b97-9a23-e08b12d845e4"
"HWA_RIOOLPUT_BLINDEPUT_BETON","*","_","**","_","RI","_","HWA","_","RIOOLPUT","_","BLINDEPUT","_","BETON","_","","_","","'-","","'-","G","'-","","","*_**_RI_HWA_RIOOLPUT_BLINDEPUT_BETON","0.18","150","152","150","150","253","CONTINUOUS","0.35","150","152","150","150","253","CONTINUOUS","0.35","150","152","150","150","253","V-CONTINUOUS-SO","0.35","150","152","150","150","253","CONTINUOUS","","","1835","1834","http://digitalbuildingdata.tech/nlcs/def/8b3f01a6-323a-4ebb-859b-5018960cd3ab","http://digitalbuildingdata.tech/nlcs/def/d206dfe9-5e97-4ac0-9ad8-17f96cc98867"
"HWA_TRANSPORTLEIDING_GRES_200","*","_","**","_","RI","_","HWA","_","TRANSPORTLEIDING","_","GRES","_","200","_","","_","","'-","","'-","G","'-","","","*_**_RI_HWA_TRANSPORTLEIDING_GRES_200","0.18","150","152","150","150","253","RI-HWA-SO","0.35","150","152","150","150","253","RI-HWA-SO","0.35","150","152","150","150","253","V-RI-HWA-SO","0.35","150","152","150","150","253","RI-HWA-SO","","","1887","1885","http://digitalbuildingdata.tech/nlcs/def/9c658645-4a28-48bb-831b-f3d3f1c2a4c5","http://digitalbuildingdata.tech/nlcs/def/f9f5e866-adf4-4406-b11a-d81b32bb2314"
"ITR_RIOOLLEIDING_BETON_600","*","_","**","_","RI","_","ITR","_","RIOOLLEIDING","_","BETON","_","600","_","","_","","'-","","'-","G","'-","","","*_**_RI_ITR_RIOOLLEIDING_BETON_600","0.18","50","52","50","50","253","RI-ITR-SO","0.35","50","52","50","50","253","RI-ITR-SO","0.35","50","52","50","50","253","V-RI-ITR-SO","0.35","50","52","50","50","253","RI-ITR-SO","","","2027","2018","http://digitalbuildingdata.tech/nlcs/def/4dbeca21-bfac-4fa5-8c97-3d24df77caeb","http://digitalbuildingdata.tech/nlcs/def/39a79871-afb7-4431-ae52-cc7b15bd69f5"
"ITR_RIOOLLEIDING_BETON_400","*","_","**","_","RI","_","ITR","_","RIOOLLEIDING","_","BETON","_","400","_","","_","","'-","","'-","G","'-","","","*_**_RI_ITR_RIOOLLEIDING_BETON_400","0.18","50","52","50","50","253","RI-ITR-SO","0.35","50","52","50","50","253","RI-ITR-SO","0.35","50","52","50","50","253","V-RI-ITR-SO","0.35","50","52","50","50","253","RI-ITR-SO","","","2025","2018","http://digitalbuildingdata.tech/nlcs/def/4efb302c-36fc-493c-a208-62500eb1c969","http://digitalbuildingdata.tech/nlcs/def/39a79871-afb7-4431-ae52-cc7b15bd69f5"
"GWA_RIOOLPUT_STUWPUT_BETON","*","_","**","_","RI","_","GWA","_","RIOOLPUT","_","STUWPUT","_","BETON","_","","_","","'-","","'-","G","'-","","","*_**_RI_GWA_RIOOLPUT_STUWPUT_BETON","0.18","30","32","30","30","253","CONTINUOUS","0.35","30","32","30","30","253","CONTINUOUS","0.35","30","32","30","30","253","V-CONTINUOUS-SO","0.35","30","32","30","30","253","CONTINUOUS","","","1723","1722","http://digitalbuildingdata.tech/nlcs/def/aa9c9b2b-470c-4394-aa03-cb449927fb49","http://digitalbuildingdata.tech/nlcs/def/16c944a3-4e47-414a-bee4-df61f54dac7a"
"GWA_RIOOLLEIDING_GRES_900","*","_","**","_","RI","_","GWA","_","RIOOLLEIDING","_","GRES","_","900","_","","_","","'-","","'-","G","'-","","","*_**_RI_GWA_RIOOLLEIDING_GRES_900","0.18","30","32","30","30","253","RI-GWA-SO","0.35","30","32","30","30","253","RI-GWA-SO","0.35","30","32","30","30","253","V-RI-GWA-SO","0.35","30","32","30","30","253","RI-GWA-SO","","","3652","3642","http://digitalbuildingdata.tech/nlcs/def/0766e396-6077-4d38-be33-9e286e2e8a62","http://digitalbuildingdata.tech/nlcs/def/4256a0d5-6db6-4b97-9a23-e08b12d845e4"
"OVERIG_DUIKER_LOZELEIDING_VOLGESCHUIMD","*","_","**","_","RI","_","OVERIG","_","DUIKER","_","LOZELEIDING","_","VOLGESCHUIMD","_","","_","","'-","","'-","G","'-","","","*_**_RI_OVERIG_DUIKER_LOZELEIDING_VOLGESCHUIMD","0.18","10","12","10","10","253","RI-VOLSCHUIMEN-SO","0.35","10","12","10","10","253","RI-VOLSCHUIMEN-SO","0.35","10","12","10","10","253","V-RI-VOLSCHUIMEN-SO","0.35","10","12","10","10","253","RI-VOLSCHUIMEN-SO","","","4066","4065","http://digitalbuildingdata.tech/nlcs/def/fc36f344-3520-4ff0-bfd6-c8887540e921","http://digitalbuildingdata.tech/nlcs/def/75ea35b9-eb06-4101-8b21-b900e74a0fcb"
"HWA_RIOOLPUT_POMPPUT_BETON","*","_","**","_","RI","_","HWA","_","RIOOLPUT","_","POMPPUT","_","BETON","_","","_","","'-","","'-","G","'-","","","*_**_RI_HWA_RIOOLPUT_POMPPUT_BETON","0.18","150","152","150","150","253","CONTINUOUS","0.35","150","152","150","150","253","CONTINUOUS","0.35","150","152","150","150","253","V-CONTINUOUS-SO","0.35","150","152","150","150","253","CONTINUOUS","","","1849","1848","http://digitalbuildingdata.tech/nlcs/def/eeabc4d2-53b9-40f3-9eb2-65134f06c428","http://digitalbuildingdata.tech/nlcs/def/2d595f46-da4d-4a8e-affb-76f1b4f1a22d"
"ITR_RIOOLPUT_STUWPUT_PE","*","_","**","_","RI","_","ITR","_","RIOOLPUT","_","STUWPUT","_","PE","_","","_","","'-","","'-","G","'-","","","*_**_RI_ITR_RIOOLPUT_STUWPUT_PE","0.18","50","52","50","50","253","CONTINUOUS","0.35","50","52","50","50","253","CONTINUOUS","0.35","50","52","50","50","253","V-CONTINUOUS-SO","0.35","50","52","50","50","253","CONTINUOUS","","","2010","2008","http://digitalbuildingdata.tech/nlcs/def/d985d4c9-5640-4ca1-ae10-31cb09978542","http://digitalbuildingdata.tech/nlcs/def/508912f1-01f5-448b-b757-52b8cbd223f8"
"HWA_KOLKAANSLUITLEIDING_PE_125","*","_","**","_","RI","_","HWA","_","KOLKAANSLUITLEIDING","_","PE","_","125","_","","_","","'-","","'-","G","'-","","","*_**_RI_HWA_KOLKAANSLUITLEIDING_PE_125","0.18","150","152","150","150","253","RI-HWA_AANSLUITLEIDING-SO","0.25","150","152","150","150","253","RI-HWA_AANSLUITLEIDING-SO","0.25","150","152","150","150","253","V-RI-HWA_AANSLUITLEIDING-SO","0.25","150","152","150","150","253","RI-HWA_AANSLUITLEIDING-SO","","","1820","1818","http://digitalbuildingdata.tech/nlcs/def/0ae09a6c-3dff-4ca9-9cbf-91b4c4c2e613","http://digitalbuildingdata.tech/nlcs/def/34ad2ff9-f434-42ae-9fea-9bc415e23541"
"DWA_RIOOLLEIDING_PE_560","*","_","**","_","RI","_","DWA","_","RIOOLLEIDING","_","PE","_","560","_","","_","","'-","","'-","G","'-","","","*_**_RI_DWA_RIOOLLEIDING_PE_560","0.18","20","22","20","20","253","RI-DWA-SO","0.35","20","22","20","20","253","RI-DWA-SO","0.35","20","22","20","20","253","V-RI-DWA-SO","0.35","20","22","20","20","253","RI-DWA-SO","","","3988","3980","http://digitalbuildingdata.tech/nlcs/def/d5935932-55f3-4d42-8437-460fcf9cc5c3","http://digitalbuildingdata.tech/nlcs/def/f546eb55-eec2-4306-a8aa-b24078d81bd8"
"GWA_TRANSPORTLEIDING_BETON_600","*","_","**","_","RI","_","GWA","_","TRANSPORTLEIDING","_","BETON","_","600","_","","_","","'-","","'-","G","'-","","","*_**_RI_GWA_TRANSPORTLEIDING_BETON_600","0.18","30","32","30","30","253","RI-GWA-SO","0.35","30","32","30","30","253","RI-GWA-SO","0.35","30","32","30","30","253","V-RI-GWA-SO","0.35","30","32","30","30","253","RI-GWA-SO","","","1741","1732","http://digitalbuildingdata.tech/nlcs/def/70f5c200-f7f6-4551-8065-6452fa91ac2f","http://digitalbuildingdata.tech/nlcs/def/1c72bde5-631d-448a-a2ae-149c66d8840e"
"HWA_PERCEELAANSLUITLEIDING_PE_110","*","_","**","_","RI","_","HWA","_","PERCEELAANSLUITLEIDING","_","PE","_","110","_","","_","","'-","","'-","G","'-","","","*_**_RI_HWA_PERCEELAANSLUITLEIDING_PE_110","0.18","150","152","150","150","253","RI-HWA_AANSLUITLEIDING-SO","0.25","150","152","150","150","253","RI-HWA_AANSLUITLEIDING-SO","0.25","150","152","150","150","253","V-RI-HWA_AANSLUITLEIDING-SO","0.25","150","152","150","150","253","RI-HWA_AANSLUITLEIDING-SO","","","1801","1800","http://digitalbuildingdata.tech/nlcs/def/a60f0527-07dc-478b-8a36-ed5caa070f8a","http://digitalbuildingdata.tech/nlcs/def/ac819a86-bc36-4f89-a3e0-094271573589"
"ITR_AANSLUITPUT_ONTSTOPPINGSPUT_PE","*","_","**","_","RI","_","ITR","_","AANSLUITPUT","_","ONTSTOPPINGSPUT","_","PE","_","","_","","'-","","'-","G","'-","","","*_**_RI_ITR_AANSLUITPUT_ONTSTOPPINGSPUT_PE","0.18","50","52","50","50","253","CONTINUOUS","0.35","50","52","50","50","253","CONTINUOUS","0.35","50","52","50","50","253","V-CONTINUOUS-SO","0.35","50","52","50","50","253","CONTINUOUS","","","2001","1999","http://digitalbuildingdata.tech/nlcs/def/be999faa-c986-4e84-82e7-67885beb943d","http://digitalbuildingdata.tech/nlcs/def/e32b9878-1b8e-4ead-907e-dd08720206c5"
"DWA_RIOOLPUT_OVERSTORTPUT_PE","*","_","**","_","RI","_","DWA","_","RIOOLPUT","_","OVERSTORTPUT","_","PE","_","","_","","'-","","'-","G","'-","","","*_**_RI_DWA_RIOOLPUT_OVERSTORTPUT_PE","0.18","20","22","20","20","253","CONTINUOUS","0.35","20","22","20","20","253","CONTINUOUS","0.35","20","22","20","20","253","V-CONTINUOUS-SO","0.35","20","22","20","20","253","CONTINUOUS","","","2268","2266","http://digitalbuildingdata.tech/nlcs/def/301da706-2ffe-4d0c-8331-7b7f7d29caf8","http://digitalbuildingdata.tech/nlcs/def/3abff1a5-8695-439f-ab97-a5cf2637bbc9"
"HWA_PERCEELAANSLUITLEIDING_GRES_150","*","_","**","_","RI","_","HWA","_","PERCEELAANSLUITLEIDING","_","GRES","_","150","_","","_","","'-","","'-","G","'-","","","*_**_RI_HWA_PERCEELAANSLUITLEIDING_GRES_150","0.18","150","152","150","150","253","RI-HWA_AANSLUITLEIDING-SO","0.25","150","152","150","150","253","RI-HWA_AANSLUITLEIDING-SO","0.25","150","152","150","150","253","V-RI-HWA_AANSLUITLEIDING-SO","0.25","150","152","150","150","253","RI-HWA_AANSLUITLEIDING-SO","","","1799","1796","http://digitalbuildingdata.tech/nlcs/def/82c771fe-7177-4c9b-b189-b8e03872806f","http://digitalbuildingdata.tech/nlcs/def/96dc7b8e-6805-4356-8f7a-3ba1ba162bb0"
"DWA_TRANSPORTLEIDING_BETON_600","*","_","**","_","RI","_","DWA","_","TRANSPORTLEIDING","_","BETON","_","600","_","","_","","'-","","'-","G","'-","","","*_**_RI_DWA_TRANSPORTLEIDING_BETON_600","0.18","20","22","20","20","253","RI-DWA-SO","0.35","20","22","20","20","253","RI-DWA-SO","0.35","20","22","20","20","253","V-RI-DWA-SO","0.35","20","22","20","20","253","RI-DWA-SO","","","2296","2287","http://digitalbuildingdata.tech/nlcs/def/2212caa0-d428-4cc5-9b82-5dfe6a8330ac","http://digitalbuildingdata.tech/nlcs/def/584f42b4-9e2e-468c-a0ff-5b8e084f2c68"
"HWA_PERCEELAANSLUITLEIDING_PVC_160","*","_","**","_","RI","_","HWA","_","PERCEELAANSLUITLEIDING","_","PVC","_","160","_","","_","","'-","","'-","G","'-","","","*_**_RI_HWA_PERCEELAANSLUITLEIDING_PVC_160","0.18","150","152","150","150","253","RI-HWA_AANSLUITLEIDING-SO","0.25","150","152","150","150","253","RI-HWA_AANSLUITLEIDING-SO","0.25","150","152","150","150","253","V-RI-HWA_AANSLUITLEIDING-SO","0.25","150","152","150","150","253","RI-HWA_AANSLUITLEIDING-SO","","","1808","1805","http://digitalbuildingdata.tech/nlcs/def/169fcb90-6b53-4189-b69d-8702abef7ab5","http://digitalbuildingdata.tech/nlcs/def/a765f03f-2a8c-45a7-b70e-eb03cfe7ead3"
"GWA_TRANSPORTLEIDING_PVC_630","*","_","**","_","RI","_","GWA","_","TRANSPORTLEIDING","_","PVC","_","630","_","","_","","'-","","'-","G","'-","","","*_**_RI_GWA_TRANSPORTLEIDING_PVC_630","0.18","30","32","30","30","253","RI-GWA-SO","0.35","30","32","30","30","253","RI-GWA-SO","0.35","30","32","30","30","253","V-RI-GWA-SO","0.35","30","32","30","30","253","RI-GWA-SO","","","1783","1776","http://digitalbuildingdata.tech/nlcs/def/3975be0a-c0bb-429d-b1ef-bdf047bc4e58","http://digitalbuildingdata.tech/nlcs/def/59a6ead1-8c1c-43cc-a929-f96ecc6d08b7"
"ITR_RIOOLLEIDING_PVC_630","*","_","**","_","RI","_","ITR","_","RIOOLLEIDING","_","PVC","_","630","_","","_","","'-","","'-","G","'-","","","*_**_RI_ITR_RIOOLLEIDING_PVC_630","0.18","50","52","50","50","253","RI-ITR-SO","0.35","50","52","50","50","253","RI-ITR-SO","0.35","50","52","50","50","253","V-RI-ITR-SO","0.35","50","52","50","50","253","RI-ITR-SO","","","2048","2041","http://digitalbuildingdata.tech/nlcs/def/3921f4e8-8303-4864-bf76-5041907d1b7d","http://digitalbuildingdata.tech/nlcs/def/c3ca6342-b098-4969-9282-0c3755c35f13"
"GWA_RIOOLLEIDING_GRES_250","*","_","**","_","RI","_","GWA","_","RIOOLLEIDING","_","GRES","_","250","_","","_","","'-","","'-","G","'-","","","*_**_RI_GWA_RIOOLLEIDING_GRES_250","0.18","30","32","30","30","253","RI-GWA-SO","0.35","30","32","30","30","253","RI-GWA-SO","0.35","30","32","30","30","253","V-RI-GWA-SO","0.35","30","32","30","30","253","RI-GWA-SO","","","3645","3642","http://digitalbuildingdata.tech/nlcs/def/5c49d200-48a5-4f98-9889-ab69b3994de8","http://digitalbuildingdata.tech/nlcs/def/4256a0d5-6db6-4b97-9a23-e08b12d845e4"
"HWA_RIOOLPUT_INSPECTIEPUT_BETON","*","_","**","_","RI","_","HWA","_","RIOOLPUT","_","INSPECTIEPUT","_","BETON","_","","_","","'-","","'-","G","'-","","","*_**_RI_HWA_RIOOLPUT_INSPECTIEPUT_BETON","0.18","150","152","150","150","253","CONTINUOUS","0.35","150","152","150","150","253","CONTINUOUS","0.35","150","152","150","150","253","V-CONTINUOUS-SO","0.35","150","152","150","150","253","CONTINUOUS","","","1840","1839","http://digitalbuildingdata.tech/nlcs/def/e1770f95-a84a-4521-b956-cdcff2ee9d7b","http://digitalbuildingdata.tech/nlcs/def/8645d446-2957-4fd7-9958-9d74e82650b9"
"DWA_RIOOLLEIDING_BETON_1500","*","_","**","_","RI","_","DWA","_","RIOOLLEIDING","_","BETON","_","1500","_","","_","","'-","","'-","G","'-","","","*_**_RI_DWA_RIOOLLEIDING_BETON_1500","0.18","20","22","20","20","253","RI-DWA-SO","0.35","20","22","20","20","253","RI-DWA-SO","0.35","20","22","20","20","253","V-RI-DWA-SO","0.35","20","22","20","20","253","RI-DWA-SO","","","3948","3945","http://digitalbuildingdata.tech/nlcs/def/af94ec77-a0fd-41ad-a651-c15cf8cd4339","http://digitalbuildingdata.tech/nlcs/def/25550949-adb4-47f5-b2ab-3d001726ebce"
"HWA_RIOOLLEIDING_BETON_800","*","_","**","_","RI","_","HWA","_","RIOOLLEIDING","_","BETON","_","800","_","","_","","'-","","'-","G","'-","","","*_**_RI_HWA_RIOOLLEIDING_BETON_800","0.18","150","152","150","150","253","RI-HWA-SO","0.35","150","152","150","150","253","RI-HWA-SO","0.35","150","152","150","150","253","V-RI-HWA-SO","0.35","150","152","150","150","253","RI-HWA-SO","","","3722","3711","http://digitalbuildingdata.tech/nlcs/def/62422eaf-bf7d-4d51-aae1-2f58f6173541","http://digitalbuildingdata.tech/nlcs/def/5437e98b-2362-43bd-a944-ccccdd7ab1ed"
"HWA_TRANSPORTLEIDING_PE_400","*","_","**","_","RI","_","HWA","_","TRANSPORTLEIDING","_","PE","_","400","_","","_","","'-","","'-","G","'-","","","*_**_RI_HWA_TRANSPORTLEIDING_PE_400","0.18","150","152","150","150","253","RI-HWA-SO","0.35","150","152","150","150","253","RI-HWA-SO","0.35","150","152","150","150","253","V-RI-HWA-SO","0.35","150","152","150","150","253","RI-HWA-SO","","","1928","1923","http://digitalbuildingdata.tech/nlcs/def/1e6308dc-2b0d-4382-b8bb-1aa4616f5876","http://digitalbuildingdata.tech/nlcs/def/35696621-e673-49ec-816c-02fab5f9c46b"
"DWA_RIOOLLEIDING_PE_315","*","_","**","_","RI","_","DWA","_","RIOOLLEIDING","_","PE","_","315","_","","_","","'-","","'-","G","'-","","","*_**_RI_DWA_RIOOLLEIDING_PE_315","0.18","20","22","20","20","253","RI-DWA-SO","0.35","20","22","20","20","253","RI-DWA-SO","0.35","20","22","20","20","253","V-RI-DWA-SO","0.35","20","22","20","20","253","RI-DWA-SO","","","3983","3980","http://digitalbuildingdata.tech/nlcs/def/3341b392-6aa9-4ded-a841-45495b524c1e","http://digitalbuildingdata.tech/nlcs/def/f546eb55-eec2-4306-a8aa-b24078d81bd8"
"DWA_TRANSPORTLEIDING_PE_560","*","_","**","_","RI","_","DWA","_","TRANSPORTLEIDING","_","PE","_","560","_","","_","","'-","","'-","G","'-","","","*_**_RI_DWA_TRANSPORTLEIDING_PE_560","0.18","20","22","20","20","253","RI-DWA-SO","0.35","20","22","20","20","253","RI-DWA-SO","0.35","20","22","20","20","253","V-RI-DWA-SO","0.35","20","22","20","20","253","RI-DWA-SO","","","2330","2322","http://digitalbuildingdata.tech/nlcs/def/2b1a00ad-cb03-4605-a21a-9667752bc9fb","http://digitalbuildingdata.tech/nlcs/def/0c46efea-4092-4fe4-a3de-738c4b07c72d"
"ITR_RIOOLLEIDING_PVC_315","*","_","**","_","RI","_","ITR","_","RIOOLLEIDING","_","PVC","_","315","_","","_","","'-","","'-","G","'-","","","*_**_RI_ITR_RIOOLLEIDING_PVC_315","0.18","50","52","50","50","253","RI-ITR-SO","0.35","50","52","50","50","253","RI-ITR-SO","0.35","50","52","50","50","253","V-RI-ITR-SO","0.35","50","52","50","50","253","RI-ITR-SO","","","2045","2041","http://digitalbuildingdata.tech/nlcs/def/b8468198-0ad2-4767-82a6-54c33024fe77","http://digitalbuildingdata.tech/nlcs/def/c3ca6342-b098-4969-9282-0c3755c35f13"
"DWA_TRANSPORTLEIDING_PE_315","*","_","**","_","RI","_","DWA","_","TRANSPORTLEIDING","_","PE","_","315","_","","_","","'-","","'-","G","'-","","","*_**_RI_DWA_TRANSPORTLEIDING_PE_315","0.18","20","22","20","20","253","RI-DWA-SO","0.35","20","22","20","20","253","RI-DWA-SO","0.35","20","22","20","20","253","V-RI-DWA-SO","0.35","20","22","20","20","253","RI-DWA-SO","","","2325","2322","http://digitalbuildingdata.tech/nlcs/def/1be478ce-d7b4-44bf-a6a6-341efb5b2b2e","http://digitalbuildingdata.tech/nlcs/def/0c46efea-4092-4fe4-a3de-738c4b07c72d"
"HWA_TRANSPORTLEIDING_GVK_250","*","_","**","_","RI","_","HWA","_","TRANSPORTLEIDING","_","GVK","_","250","_","","_","","'-","","'-","G","'-","","","*_**_RI_HWA_TRANSPORTLEIDING_GVK_250","0.18","150","152","150","150","253","RI-HWA-SO","0.35","150","152","150","150","253","RI-HWA-SO","0.35","150","152","150","150","253","V-RI-HWA-SO","0.35","150","152","150","150","253","RI-HWA-SO","","","1910","1896","http://digitalbuildingdata.tech/nlcs/def/6271b3e7-18a5-485f-8d85-544512fcb841","http://digitalbuildingdata.tech/nlcs/def/9eb2bf51-e3db-4178-bff6-0bfdea80b25a"
"OVERIG_DUIKER_LOZELEIDING_VOLGEZAND","*","_","**","_","RI","_","OVERIG","_","DUIKER","_","LOZELEIDING","_","VOLGEZAND","_","","_","","'-","","'-","G","'-","","","*_**_RI_OVERIG_DUIKER_LOZELEIDING_VOLGEZAND","0.18","10","12","10","10","253","RI-VOLZANDEN-SO","0.35","10","12","10","10","253","RI-VOLZANDEN-SO","0.35","10","12","10","10","253","V-RI-VOLZANDEN-SO","0.35","10","12","10","10","253","RI-VOLZANDEN-SO","","","4067","4065","http://digitalbuildingdata.tech/nlcs/def/e5df3875-3aa5-4e9c-bcfe-d70a3f857bb7","http://digitalbuildingdata.tech/nlcs/def/75ea35b9-eb06-4101-8b21-b900e74a0fcb"
"HWA_TRANSPORTLEIDING_GVK_150","*","_","**","_","RI","_","HWA","_","TRANSPORTLEIDING","_","GVK","_","150","_","","_","","'-","","'-","G","'-","","","*_**_RI_HWA_TRANSPORTLEIDING_GVK_150","0.18","150","152","150","150","253","RI-HWA-SO","0.35","150","152","150","150","253","RI-HWA-SO","0.35","150","152","150","150","253","V-RI-HWA-SO","0.35","150","152","150","150","253","RI-HWA-SO","","","1901","1896","http://digitalbuildingdata.tech/nlcs/def/5130fc89-a4b2-4d48-bda9-7c5e9b094422","http://digitalbuildingdata.tech/nlcs/def/9eb2bf51-e3db-4178-bff6-0bfdea80b25a"
"DWA_TRANSPORTLEIDING_PE_630","*","_","**","_","RI","_","DWA","_","TRANSPORTLEIDING","_","PE","_","630","_","","_","","'-","","'-","G","'-","","","*_**_RI_DWA_TRANSPORTLEIDING_PE_630","0.18","20","22","20","20","253","RI-DWA-SO","0.35","20","22","20","20","253","RI-DWA-SO","0.35","20","22","20","20","253","V-RI-DWA-SO","0.35","20","22","20","20","253","RI-DWA-SO","","","2331","2322","http://digitalbuildingdata.tech/nlcs/def/ad951432-fac9-4148-933f-b62ebe74d6b6","http://digitalbuildingdata.tech/nlcs/def/0c46efea-4092-4fe4-a3de-738c4b07c72d"
"GWA_RIOOLLEIDING_PE_500","*","_","**","_","RI","_","GWA","_","RIOOLLEIDING","_","PE","_","500","_","","_","","'-","","'-","G","'-","","","*_**_RI_GWA_RIOOLLEIDING_PE_500","0.18","30","32","30","30","253","RI-GWA-SO","0.35","30","32","30","30","253","RI-GWA-SO","0.35","30","32","30","30","253","V-RI-GWA-SO","0.35","30","32","30","30","253","RI-GWA-SO","","","3659","3653","http://digitalbuildingdata.tech/nlcs/def/ce04108c-89ea-4aa4-aa04-86196ac4dd5b","http://digitalbuildingdata.tech/nlcs/def/e8278b56-43f9-449c-84b7-38cc14196127"
"HWA_RIOOLLEIDING_GVK_1500","*","_","**","_","RI","_","HWA","_","RIOOLLEIDING","_","GVK","_","1500","_","","_","","'-","","'-","G","'-","","","*_**_RI_HWA_RIOOLLEIDING_GVK_1500","0.18","150","152","150","150","253","RI-HWA-SO","0.35","150","152","150","150","253","RI-HWA-SO","0.35","150","152","150","150","253","V-RI-HWA-SO","0.35","150","152","150","150","253","RI-HWA-SO","","","3752","3746","http://digitalbuildingdata.tech/nlcs/def/4dad27a1-0783-41af-b838-d4b8a7e50a4d","http://digitalbuildingdata.tech/nlcs/def/ee332402-a94e-437a-a767-43019214a0a2"
"ITR_RIOOLLEIDING_BETON_1000","*","_","**","_","RI","_","ITR","_","RIOOLLEIDING","_","BETON","_","1000","_","","_","","'-","","'-","G","'-","","","*_**_RI_ITR_RIOOLLEIDING_BETON_1000","0.18","50","52","50","50","253","RI-ITR-SO","0.35","50","52","50","50","253","RI-ITR-SO","0.35","50","52","50","50","253","V-RI-ITR-SO","0.35","50","52","50","50","253","RI-ITR-SO","","","2019","2018","http://digitalbuildingdata.tech/nlcs/def/5596c957-71e8-4ba8-a994-3d535f844029","http://digitalbuildingdata.tech/nlcs/def/39a79871-afb7-4431-ae52-cc7b15bd69f5"
"ITR_RESERVOIR_INFILTRATIERESERVOIR_INFILTRATIEGREPPEL","*","_","**","_","RI","_","ITR","_","RESERVOIR","_","INFILTRATIERESERVOIR","_","INFILTRATIEGREPPEL","_","","_","","'-","","'-","G","'-","","","*_**_RI_ITR_RESERVOIR_INFILTRATIERESERVOIR_INFILTRATIEGREPPEL","0.18","50","52","50","50","253","CONTINUOUS","0.35","50","52","50","50","253","CONTINUOUS","0.35","50","52","50","50","253","V-CONTINUOUS-SO","0.35","50","52","50","50","253","CONTINUOUS","","","3829","3826","http://digitalbuildingdata.tech/nlcs/def/76f4ca9a-a490-48cd-b9a6-ba897a090fdb","http://digitalbuildingdata.tech/nlcs/def/3ad03f6f-6752-4cbf-9b72-5156bff6c59e"
"ITR_KOLKAANSLUITLEIDING_PVC_160","*","_","**","_","RI","_","ITR","_","KOLKAANSLUITLEIDING","_","PVC","_","160","_","","_","","'-","","'-","G","'-","","","*_**_RI_ITR_KOLKAANSLUITLEIDING_PVC_160","0.18","50","52","50","50","253","RI-ITR_AANSLUITLEIDING-SO","0.25","50","52","50","50","253","RI-ITR_AANSLUITLEIDING-SO","0.25","50","52","50","50","253","V-RI-ITR_AANSLUITLEIDING-SO","0.25","50","52","50","50","253","RI-ITR_AANSLUITLEIDING-SO","","","1974","1971","http://digitalbuildingdata.tech/nlcs/def/d1473a12-3bea-4adb-b86f-d1f7fdf61595","http://digitalbuildingdata.tech/nlcs/def/41f8265c-694c-4b9e-8248-691dec03d2ac"
"DWA_RIOOLLEIDING_GRES_500","*","_","**","_","RI","_","DWA","_","RIOOLLEIDING","_","GRES","_","500","_","","_","","'-","","'-","G","'-","","","*_**_RI_DWA_RIOOLLEIDING_GRES_500","0.18","20","22","20","20","253","RI-DWA-SO","0.35","20","22","20","20","253","RI-DWA-SO","0.35","20","22","20","20","253","V-RI-DWA-SO","0.35","20","22","20","20","253","RI-DWA-SO","","","3975","3969","http://digitalbuildingdata.tech/nlcs/def/8b5980f4-c2da-44d8-82a0-6633f350c6a9","http://digitalbuildingdata.tech/nlcs/def/f4174e96-d8bf-4d93-afc3-ea430a0cc4d0"
"GWA_RIOOLLEIDING_PVC_630","*","_","**","_","RI","_","GWA","_","RIOOLLEIDING","_","PVC","_","630","_","","_","","'-","","'-","G","'-","","","*_**_RI_GWA_RIOOLLEIDING_PVC_630","0.18","30","32","30","30","253","RI-GWA-SO","0.35","30","32","30","30","253","RI-GWA-SO","0.35","30","32","30","30","253","V-RI-GWA-SO","0.35","30","32","30","30","253","RI-GWA-SO","","","3669","3662","http://digitalbuildingdata.tech/nlcs/def/c19a58d3-3c9b-4f4e-9ef4-308c7b7f511f","http://digitalbuildingdata.tech/nlcs/def/a0719103-1f55-4154-a1e4-9974a24c75b7"
"DWA_RIOOLPUT_POMPPUT_BETON","*","_","**","_","RI","_","DWA","_","RIOOLPUT","_","POMPPUT","_","BETON","_","","_","","'-","","'-","G","'-","","","*_**_RI_DWA_RIOOLPUT_POMPPUT_BETON","0.18","20","22","20","20","253","CONTINUOUS","0.35","20","22","20","20","253","CONTINUOUS","0.35","20","22","20","20","253","V-CONTINUOUS-SO","0.35","20","22","20","20","253","CONTINUOUS","","","2270","2269","http://digitalbuildingdata.tech/nlcs/def/e091cb1b-c617-42ab-a38d-a067c0b49bc6","http://digitalbuildingdata.tech/nlcs/def/872245fa-fff3-4f46-9ed9-359b56acc95b"
"HWA_RIOOLPUT_INSPECTIEPUT_PE","*","_","**","_","RI","_","HWA","_","RIOOLPUT","_","INSPECTIEPUT","_","PE","_","","_","","'-","","'-","G","'-","","","*_**_RI_HWA_RIOOLPUT_INSPECTIEPUT_PE","0.18","150","152","150","150","253","CONTINUOUS","0.35","150","152","150","150","253","CONTINUOUS","0.35","150","152","150","150","253","V-CONTINUOUS-SO","0.35","150","152","150","150","253","CONTINUOUS","","","1841","1839","http://digitalbuildingdata.tech/nlcs/def/587dedaf-5b41-45d9-84d3-ee4ffc58218d","http://digitalbuildingdata.tech/nlcs/def/8645d446-2957-4fd7-9958-9d74e82650b9"
"HWA_TRANSPORTLEIDING_BETON_900","*","_","**","_","RI","_","HWA","_","TRANSPORTLEIDING","_","BETON","_","900","_","","_","","'-","","'-","G","'-","","","*_**_RI_HWA_TRANSPORTLEIDING_BETON_900","0.18","150","152","150","150","253","RI-HWA-SO","0.35","150","152","150","150","253","RI-HWA-SO","0.35","150","152","150","150","253","V-RI-HWA-SO","0.35","150","152","150","150","253","RI-HWA-SO","","","1873","1861","http://digitalbuildingdata.tech/nlcs/def/c3d960b5-2382-4265-a7f7-c7c873aab1d0","http://digitalbuildingdata.tech/nlcs/def/54fafb69-12cb-4927-9265-927bd8defd6e"
"HWA_KOLKAANSLUITLEIDING_PE_160","*","_","**","_","RI","_","HWA","_","KOLKAANSLUITLEIDING","_","PE","_","160","_","","_","","'-","","'-","G","'-","","","*_**_RI_HWA_KOLKAANSLUITLEIDING_PE_160","0.18","150","152","150","150","253","RI-HWA_AANSLUITLEIDING-SO","0.25","150","152","150","150","253","RI-HWA_AANSLUITLEIDING-SO","0.25","150","152","150","150","253","V-RI-HWA_AANSLUITLEIDING-SO","0.25","150","152","150","150","253","RI-HWA_AANSLUITLEIDING-SO","","","1821","1818","http://digitalbuildingdata.tech/nlcs/def/09a33f1f-0a5e-4d8d-9099-b73a4d7a93c6","http://digitalbuildingdata.tech/nlcs/def/34ad2ff9-f434-42ae-9fea-9bc415e23541"
"HWA_TRANSPORTLEIDING_BETON_500","*","_","**","_","RI","_","HWA","_","TRANSPORTLEIDING","_","BETON","_","500","_","","_","","'-","","'-","G","'-","","","*_**_RI_HWA_TRANSPORTLEIDING_BETON_500","0.18","150","152","150","150","253","RI-HWA-SO","0.35","150","152","150","150","253","RI-HWA-SO","0.35","150","152","150","150","253","V-RI-HWA-SO","0.35","150","152","150","150","253","RI-HWA-SO","","","1869","1861","http://digitalbuildingdata.tech/nlcs/def/98e06cf9-cbad-4dd8-9eee-276f1314bc02","http://digitalbuildingdata.tech/nlcs/def/54fafb69-12cb-4927-9265-927bd8defd6e"
"HWA_TRANSPORTLEIDING_PE_315","*","_","**","_","RI","_","HWA","_","TRANSPORTLEIDING","_","PE","_","315","_","","_","","'-","","'-","G","'-","","","*_**_RI_HWA_TRANSPORTLEIDING_PE_315","0.18","150","152","150","150","253","RI-HWA-SO","0.35","150","152","150","150","253","RI-HWA-SO","0.35","150","152","150","150","253","V-RI-HWA-SO","0.35","150","152","150","150","253","RI-HWA-SO","","","1926","1923","http://digitalbuildingdata.tech/nlcs/def/b44941dd-c171-4ba7-8b24-c24443d7c6f7","http://digitalbuildingdata.tech/nlcs/def/35696621-e673-49ec-816c-02fab5f9c46b"
"GWA_TRANSPORTLEIDING_GRES_250","*","_","**","_","RI","_","GWA","_","TRANSPORTLEIDING","_","GRES","_","250","_","","_","","'-","","'-","G","'-","","","*_**_RI_GWA_TRANSPORTLEIDING_GRES_250","0.18","30","32","30","30","253","RI-GWA-SO","0.35","30","32","30","30","253","RI-GWA-SO","0.35","30","32","30","30","253","V-RI-GWA-SO","0.35","30","32","30","30","253","RI-GWA-SO","","","1759","1756","http://digitalbuildingdata.tech/nlcs/def/b0713c7b-5f96-4528-9957-3b8a368a863b","http://digitalbuildingdata.tech/nlcs/def/a390306b-774c-469d-9087-5c9468c55f16"
"HWA_KOLKAANSLUITLEIDING_PVC_125","*","_","**","_","RI","_","HWA","_","KOLKAANSLUITLEIDING","_","PVC","_","125","_","","_","","'-","","'-","G","'-","","","*_**_RI_HWA_KOLKAANSLUITLEIDING_PVC_125","0.18","150","152","150","150","253","RI-HWA_AANSLUITLEIDING-SO","0.25","150","152","150","150","253","RI-HWA_AANSLUITLEIDING-SO","0.25","150","152","150","150","253","V-RI-HWA_AANSLUITLEIDING-SO","0.25","150","152","150","150","253","RI-HWA_AANSLUITLEIDING-SO","","","1824","1822","http://digitalbuildingdata.tech/nlcs/def/ba8858b2-1451-4614-9de3-03d5f74ff75f","http://digitalbuildingdata.tech/nlcs/def/bea066cd-f294-46da-8c0e-6999dd8a7854"
"DWA_AANSLUITPUT_ONTSTOPPINGSPUT_BETON","*","_","**","_","RI","_","DWA","_","AANSLUITPUT","_","ONTSTOPPINGSPUT","_","BETON","_","","_","","'-","","'-","G","'-","","","*_**_RI_DWA_AANSLUITPUT_ONTSTOPPINGSPUT_BETON","0.18","20","22","20","20","253","CONTINUOUS","0.35","20","22","20","20","253","CONTINUOUS","0.35","20","22","20","20","253","V-CONTINUOUS-SO","0.35","20","22","20","20","253","CONTINUOUS","","","2264","2263","http://digitalbuildingdata.tech/nlcs/def/75c572f3-22b4-45ec-8ab0-926698d9b9e5","http://digitalbuildingdata.tech/nlcs/def/b9bec5d8-f49b-4a53-99bb-eb7cd9fa2d50"
"DWA_TRANSPORTLEIDING_GRES_600","*","_","**","_","RI","_","DWA","_","TRANSPORTLEIDING","_","GRES","_","600","_","","_","","'-","","'-","G","'-","","","*_**_RI_DWA_TRANSPORTLEIDING_GRES_600","0.18","20","22","20","20","253","RI-DWA-SO","0.35","20","22","20","20","253","RI-DWA-SO","0.35","20","22","20","20","253","V-RI-DWA-SO","0.35","20","22","20","20","253","RI-DWA-SO","","","2318","2311","http://digitalbuildingdata.tech/nlcs/def/b8149b17-e073-4079-8634-812d7f68c21b","http://digitalbuildingdata.tech/nlcs/def/d635a418-c9c6-4464-b71d-57c389ef5790"
"HWA_TRANSPORTLEIDING_GVK_2700","*","_","**","_","RI","_","HWA","_","TRANSPORTLEIDING","_","GVK","_","2700","_","","_","","'-","","'-","G","'-","","","*_**_RI_HWA_TRANSPORTLEIDING_GVK_2700","0.18","150","152","150","150","253","RI-HWA-SO","0.35","150","152","150","150","253","RI-HWA-SO","0.35","150","152","150","150","253","V-RI-HWA-SO","0.35","150","152","150","150","253","RI-HWA-SO","","","1913","1896","http://digitalbuildingdata.tech/nlcs/def/b0db735c-88dc-4e7f-9198-c727f6985d54","http://digitalbuildingdata.tech/nlcs/def/9eb2bf51-e3db-4178-bff6-0bfdea80b25a"
"HWA_RIOOLLEIDING_GRES_1000","*","_","**","_","RI","_","HWA","_","RIOOLLEIDING","_","GRES","_","1000","_","","_","","'-","","'-","G","'-","","","*_**_RI_HWA_RIOOLLEIDING_GRES_1000","0.18","150","152","150","150","253","RI-HWA-SO","0.35","150","152","150","150","253","RI-HWA-SO","0.35","150","152","150","150","253","V-RI-HWA-SO","0.35","150","152","150","150","253","RI-HWA-SO","","","3736","3735","http://digitalbuildingdata.tech/nlcs/def/de11ca55-be90-40d2-bd36-8c8432fe9581","http://digitalbuildingdata.tech/nlcs/def/0a4d5ac1-341e-4251-ad30-c2dab536dff3"
"DRAINAGE_PUT_DOORSPUITPUT_BETON","*","_","**","_","RI","_","DRAINAGE","_","PUT","_","DOORSPUITPUT","_","BETON","_","","_","","'-","","'-","G","'-","","","*_**_RI_DRAINAGE_PUT_DOORSPUITPUT_BETON","0.18","90","92","90","90","253","CONTINUOUS","0.35","90","92","90","90","253","CONTINUOUS","0.35","90","92","90","90","253","V-CONTINUOUS-SO","0.35","90","92","90","90","253","CONTINUOUS","","","3596","1657","http://digitalbuildingdata.tech/nlcs/def/0faa82c2-0513-4a97-b401-7392d5b45031","http://digitalbuildingdata.tech/nlcs/def/b5c07458-6da8-4fd4-abd7-f646ee80482d"
"HWA_TRANSPORTLEIDING_GVK_800","*","_","**","_","RI","_","HWA","_","TRANSPORTLEIDING","_","GVK","_","800","_","","_","","'-","","'-","G","'-","","","*_**_RI_HWA_TRANSPORTLEIDING_GVK_800","0.18","150","152","150","150","253","RI-HWA-SO","0.35","150","152","150","150","253","RI-HWA-SO","0.35","150","152","150","150","253","V-RI-HWA-SO","0.35","150","152","150","150","253","RI-HWA-SO","","","1921","1896","http://digitalbuildingdata.tech/nlcs/def/434e6c71-4b88-4224-b3a0-958698de0ab0","http://digitalbuildingdata.tech/nlcs/def/9eb2bf51-e3db-4178-bff6-0bfdea80b25a"
"GWA_TRANSPORTLEIDING_PVC_500","*","_","**","_","RI","_","GWA","_","TRANSPORTLEIDING","_","PVC","_","500","_","","_","","'-","","'-","G","'-","","","*_**_RI_GWA_TRANSPORTLEIDING_PVC_500","0.18","30","32","30","30","253","RI-GWA-SO","0.35","30","32","30","30","253","RI-GWA-SO","0.35","30","32","30","30","253","V-RI-GWA-SO","0.35","30","32","30","30","253","RI-GWA-SO","","","1782","1776","http://digitalbuildingdata.tech/nlcs/def/7ab64750-1fa5-4583-861e-86f8d4963dd7","http://digitalbuildingdata.tech/nlcs/def/59a6ead1-8c1c-43cc-a929-f96ecc6d08b7"
"HWA_RIOOLLEIDING_BETON_400","*","_","**","_","RI","_","HWA","_","RIOOLLEIDING","_","BETON","_","400","_","","_","","'-","","'-","G","'-","","","*_**_RI_HWA_RIOOLLEIDING_BETON_400","0.18","150","152","150","150","253","RI-HWA-SO","0.35","150","152","150","150","253","RI-HWA-SO","0.35","150","152","150","150","253","V-RI-HWA-SO","0.35","150","152","150","150","253","RI-HWA-SO","","","3718","3711","http://digitalbuildingdata.tech/nlcs/def/e4d953e5-5e5f-47fa-b7e8-0b6f38df08a5","http://digitalbuildingdata.tech/nlcs/def/5437e98b-2362-43bd-a944-ccccdd7ab1ed"
"ITR_RIOOLLEIDING_PVC_400","*","_","**","_","RI","_","ITR","_","RIOOLLEIDING","_","PVC","_","400","_","","_","","'-","","'-","G","'-","","","*_**_RI_ITR_RIOOLLEIDING_PVC_400","0.18","50","52","50","50","253","RI-ITR-SO","0.35","50","52","50","50","253","RI-ITR-SO","0.35","50","52","50","50","253","V-RI-ITR-SO","0.35","50","52","50","50","253","RI-ITR-SO","","","2046","2041","http://digitalbuildingdata.tech/nlcs/def/4d77f54c-6492-4ea7-b3c2-87d6259b0327","http://digitalbuildingdata.tech/nlcs/def/c3ca6342-b098-4969-9282-0c3755c35f13"
"GWA_RIOOLLEIDING_BETON_900","*","_","**","_","RI","_","GWA","_","RIOOLLEIDING","_","BETON","_","900","_","","_","","'-","","'-","G","'-","","","*_**_RI_GWA_RIOOLLEIDING_BETON_900","0.18","30","32","30","30","253","RI-GWA-SO","0.35","30","32","30","30","253","RI-GWA-SO","0.35","30","32","30","30","253","V-RI-GWA-SO","0.35","30","32","30","30","253","RI-GWA-SO","","","3630","3618","http://digitalbuildingdata.tech/nlcs/def/026e7187-2de6-438b-a25e-26ef3cfada25","http://digitalbuildingdata.tech/nlcs/def/4e97e45e-8845-4428-b5b4-bcc0735ca47b"
"ITR_RIOOLPUT_VALPUT_BETON","*","_","**","_","RI","_","ITR","_","RIOOLPUT","_","VALPUT","_","BETON","_","","_","","'-","","'-","G","'-","","","*_**_RI_ITR_RIOOLPUT_VALPUT_BETON","0.18","50","52","50","50","253","CONTINUOUS","0.35","50","52","50","50","253","CONTINUOUS","0.35","50","52","50","50","253","V-CONTINUOUS-SO","0.35","50","52","50","50","253","CONTINUOUS","","","2012","2011","http://digitalbuildingdata.tech/nlcs/def/57aac181-4280-4e51-b9e8-18363663d580","http://digitalbuildingdata.tech/nlcs/def/552a9141-6897-4c6e-9215-5f1cd84bcbca"
"ITR_RIOOLLEIDING_PVC_500","*","_","**","_","RI","_","ITR","_","RIOOLLEIDING","_","PVC","_","500","_","","_","","'-","","'-","G","'-","","","*_**_RI_ITR_RIOOLLEIDING_PVC_500","0.18","50","52","50","50","253","RI-ITR-SO","0.35","50","52","50","50","253","RI-ITR-SO","0.35","50","52","50","50","253","V-RI-ITR-SO","0.35","50","52","50","50","253","RI-ITR-SO","","","2047","2041","http://digitalbuildingdata.tech/nlcs/def/6f506b38-04bc-46b0-abf0-ebd2ea24e172","http://digitalbuildingdata.tech/nlcs/def/c3ca6342-b098-4969-9282-0c3755c35f13"
"HWA_RIOOLLEIDING_GVK_900","*","_","**","_","RI","_","HWA","_","RIOOLLEIDING","_","GVK","_","900","_","","_","","'-","","'-","G","'-","","","*_**_RI_HWA_RIOOLLEIDING_GVK_900","0.18","150","152","150","150","253","RI-HWA-SO","0.35","150","152","150","150","253","RI-HWA-SO","0.35","150","152","150","150","253","V-RI-HWA-SO","0.35","150","152","150","150","253","RI-HWA-SO","","","3772","3746","http://digitalbuildingdata.tech/nlcs/def/fd88ac33-40d1-4c6b-9738-ef813ab1e235","http://digitalbuildingdata.tech/nlcs/def/ee332402-a94e-437a-a767-43019214a0a2"
"DWA_RIOOLLEIDING_PE_250","*","_","**","_","RI","_","DWA","_","RIOOLLEIDING","_","PE","_","250","_","","_","","'-","","'-","G","'-","","","*_**_RI_DWA_RIOOLLEIDING_PE_250","0.18","20","22","20","20","253","RI-DWA-SO","0.35","20","22","20","20","253","RI-DWA-SO","0.35","20","22","20","20","253","V-RI-DWA-SO","0.35","20","22","20","20","253","RI-DWA-SO","","","3982","3980","http://digitalbuildingdata.tech/nlcs/def/c89295ec-453f-4d12-b7b6-0312f2d54623","http://digitalbuildingdata.tech/nlcs/def/f546eb55-eec2-4306-a8aa-b24078d81bd8"
"DWA_RIOOLLEIDING_PVC_160","*","_","**","_","RI","_","DWA","_","RIOOLLEIDING","_","PVC","_","160","_","","_","","'-","","'-","G","'-","","","*_**_RI_DWA_RIOOLLEIDING_PVC_160","0.18","20","22","20","20","253","RI-DWA-SO","0.35","20","22","20","20","253","RI-DWA-SO","0.35","20","22","20","20","253","V-RI-DWA-SO","0.35","20","22","20","20","253","RI-DWA-SO","","","3991","3990","http://digitalbuildingdata.tech/nlcs/def/99ea2ecf-5437-490f-a025-085dcc3bdabc","http://digitalbuildingdata.tech/nlcs/def/c69bc13d-a8fb-4281-b7aa-335f8f0df12a"
"GWA_RIOOLPUT_OVERSTORTPUT_BETON","*","_","**","_","RI","_","GWA","_","RIOOLPUT","_","OVERSTORTPUT","_","BETON","_","","_","","'-","","'-","G","'-","","","*_**_RI_GWA_RIOOLPUT_OVERSTORTPUT_BETON","0.18","30","32","30","30","253","CONTINUOUS","0.35","30","32","30","30","253","CONTINUOUS","0.35","30","32","30","30","253","V-CONTINUOUS-SO","0.35","30","32","30","30","253","CONTINUOUS","","","1717","1716","http://digitalbuildingdata.tech/nlcs/def/29e0cc5d-1e9c-4256-b171-209bb7d32995","http://digitalbuildingdata.tech/nlcs/def/6da69639-e30f-4239-8d6d-3e5b1785398d"
"DWA_PERCEELAANSLUITLEIDING_PVC_160","*","_","**","_","RI","_","DWA","_","PERCEELAANSLUITLEIDING","_","PVC","_","160","_","","_","","'-","","'-","G","'-","","","*_**_RI_DWA_PERCEELAANSLUITLEIDING_PVC_160","0.18","20","22","20","20","253","RI-DWA_AANSLUITLEIDING-SO","0.25","20","22","20","20","253","RI-DWA_AANSLUITLEIDING-SO","0.25","20","22","20","20","253","V-RI-DWA_AANSLUITLEIDING-SO","0.25","20","22","20","20","253","RI-DWA_AANSLUITLEIDING-SO","","","2240","2237","http://digitalbuildingdata.tech/nlcs/def/f892fffe-ab81-4b68-ab9d-e0642f0d931b","http://digitalbuildingdata.tech/nlcs/def/deaca70c-37c0-402b-99fc-f4f2e6c9d9a8"
"GWA_TRANSPORTLEIDING_PE_315","*","_","**","_","RI","_","GWA","_","TRANSPORTLEIDING","_","PE","_","315","_","","_","","'-","","'-","G","'-","","","*_**_RI_GWA_TRANSPORTLEIDING_PE_315","0.18","30","32","30","30","253","RI-GWA-SO","0.35","30","32","30","30","253","RI-GWA-SO","0.35","30","32","30","30","253","V-RI-GWA-SO","0.35","30","32","30","30","253","RI-GWA-SO","","","1769","1767","http://digitalbuildingdata.tech/nlcs/def/a93cf0c9-1078-48f0-874c-5f2c28c84d64","http://digitalbuildingdata.tech/nlcs/def/633a346d-21d7-49a4-a433-3fe71ae524f2"
"DWA_RIOOLLEIDING_PVC_400","*","_","**","_","RI","_","DWA","_","RIOOLLEIDING","_","PVC","_","400","_","","_","","'-","","'-","G","'-","","","*_**_RI_DWA_RIOOLLEIDING_PVC_400","0.18","20","22","20","20","253","RI-DWA-SO","0.35","20","22","20","20","253","RI-DWA-SO","0.35","20","22","20","20","253","V-RI-DWA-SO","0.35","20","22","20","20","253","RI-DWA-SO","","","3995","3990","http://digitalbuildingdata.tech/nlcs/def/5d8f8f1b-cd39-4059-9688-fd34006257c4","http://digitalbuildingdata.tech/nlcs/def/c69bc13d-a8fb-4281-b7aa-335f8f0df12a"
"HWA_RIOOLLEIDING_GVK_2900","*","_","**","_","RI","_","HWA","_","RIOOLLEIDING","_","GVK","_","2900","_","","_","","'-","","'-","G","'-","","","*_**_RI_HWA_RIOOLLEIDING_GVK_2900","0.18","150","152","150","150","253","RI-HWA-SO","0.35","150","152","150","150","253","RI-HWA-SO","0.35","150","152","150","150","253","V-RI-HWA-SO","0.35","150","152","150","150","253","RI-HWA-SO","","","3764","3746","http://digitalbuildingdata.tech/nlcs/def/d0bfb670-80a9-4c39-baf0-509573511e09","http://digitalbuildingdata.tech/nlcs/def/ee332402-a94e-437a-a767-43019214a0a2"
"DWA_RIOOLPUT_INSPECTIEPUT_BETON","*","_","**","_","RI","_","DWA","_","RIOOLPUT","_","INSPECTIEPUT","_","BETON","_","","_","","'-","","'-","G","'-","","","*_**_RI_DWA_RIOOLPUT_INSPECTIEPUT_BETON","0.18","20","22","20","20","253","CONTINUOUS","0.35","20","22","20","20","253","CONTINUOUS","0.35","20","22","20","20","253","V-CONTINUOUS-SO","0.35","20","22","20","20","253","CONTINUOUS","","","2258","2257","http://digitalbuildingdata.tech/nlcs/def/7d6c570b-19c6-49ea-a7db-8bb3a9ff62c1","http://digitalbuildingdata.tech/nlcs/def/d9c02ae5-ec72-4fec-acff-6b2e9a0a7d83"
"GWA_KOLKAANSLUITLEIDING_PVC_110","*","_","**","_","RI","_","GWA","_","KOLKAANSLUITLEIDING","_","PVC","_","110","_","","_","","'-","","'-","G","'-","","","*_**_RI_GWA_KOLKAANSLUITLEIDING_PVC_110","0.18","30","32","30","30","253","RI-GWA_AANSLUITLEIDING-SO","0.25","30","32","30","30","253","RI-GWA_AANSLUITLEIDING-SO","0.25","30","32","30","30","253","V-RI-GWA_AANSLUITLEIDING-SO","0.25","30","32","30","30","253","RI-GWA_AANSLUITLEIDING-SO","","","1696","1695","http://digitalbuildingdata.tech/nlcs/def/9b647e10-d9f5-4c14-8f89-2f03b04888ee","http://digitalbuildingdata.tech/nlcs/def/ff3dae2f-5129-422a-9911-e207a900dd0a"
"DWA_TRANSPORTLEIDING_GRES_900","*","_","**","_","RI","_","DWA","_","TRANSPORTLEIDING","_","GRES","_","900","_","","_","","'-","","'-","G","'-","","","*_**_RI_DWA_TRANSPORTLEIDING_GRES_900","0.18","20","22","20","20","253","RI-DWA-SO","0.35","20","22","20","20","253","RI-DWA-SO","0.35","20","22","20","20","253","V-RI-DWA-SO","0.35","20","22","20","20","253","RI-DWA-SO","","","2321","2311","http://digitalbuildingdata.tech/nlcs/def/6d9f8660-ad0f-4b51-8769-d671dc169f98","http://digitalbuildingdata.tech/nlcs/def/d635a418-c9c6-4464-b71d-57c389ef5790"
"GWA_TRANSPORTLEIDING_BETON_250","*","_","**","_","RI","_","GWA","_","TRANSPORTLEIDING","_","BETON","_","250","_","","_","","'-","","'-","G","'-","","","*_**_RI_GWA_TRANSPORTLEIDING_BETON_250","0.18","30","32","30","30","253","RI-GWA-SO","0.35","30","32","30","30","253","RI-GWA-SO","0.35","30","32","30","30","253","V-RI-GWA-SO","0.35","30","32","30","30","253","RI-GWA-SO","","","1737","1732","http://digitalbuildingdata.tech/nlcs/def/a499625e-6b55-42ae-ad42-a718f8ea232a","http://digitalbuildingdata.tech/nlcs/def/1c72bde5-631d-448a-a2ae-149c66d8840e"
"DWA_RIOOLPUT_INSPECTIEPUT_PE","*","_","**","_","RI","_","DWA","_","RIOOLPUT","_","INSPECTIEPUT","_","PE","_","","_","","'-","","'-","G","'-","","","*_**_RI_DWA_RIOOLPUT_INSPECTIEPUT_PE","0.18","20","22","20","20","253","CONTINUOUS","0.35","20","22","20","20","253","CONTINUOUS","0.35","20","22","20","20","253","V-CONTINUOUS-SO","0.35","20","22","20","20","253","CONTINUOUS","","","2259","2257","http://digitalbuildingdata.tech/nlcs/def/a85d7c32-8e43-4b74-9a0d-7cd174014def","http://digitalbuildingdata.tech/nlcs/def/d9c02ae5-ec72-4fec-acff-6b2e9a0a7d83"
"DWA_RIOOLLEIDING_GRES_200","*","_","**","_","RI","_","DWA","_","RIOOLLEIDING","_","GRES","_","200","_","","_","","'-","","'-","G","'-","","","*_**_RI_DWA_RIOOLLEIDING_GRES_200","0.18","20","22","20","20","253","RI-DWA-SO","0.35","20","22","20","20","253","RI-DWA-SO","0.35","20","22","20","20","253","V-RI-DWA-SO","0.35","20","22","20","20","253","RI-DWA-SO","","","3971","3969","http://digitalbuildingdata.tech/nlcs/def/f80bf9ff-bf9b-4e1b-9d46-e847d393e16e","http://digitalbuildingdata.tech/nlcs/def/f4174e96-d8bf-4d93-afc3-ea430a0cc4d0"
"ITR_PERCEELAANSLUITLEIDING_PE_63","*","_","**","_","RI","_","ITR","_","PERCEELAANSLUITLEIDING","_","PE","_","63","_","","_","","'-","","'-","G","'-","","","*_**_RI_ITR_PERCEELAANSLUITLEIDING_PE_63","0.18","50","52","50","50","253","RI-ITR_AANSLUITLEIDING-SO","0.25","50","52","50","50","253","RI-ITR_AANSLUITLEIDING-SO","0.25","50","52","50","50","253","V-RI-ITR_AANSLUITLEIDING-SO","0.25","50","52","50","50","253","RI-ITR_AANSLUITLEIDING-SO","","","1951","1949","http://digitalbuildingdata.tech/nlcs/def/2b7b4a87-bd00-4238-9c79-23223c48051f","http://digitalbuildingdata.tech/nlcs/def/fbd9c9b6-68a4-4511-a0c3-4650f9ad1218"
"ITR_KOLKAANSLUITLEIDING_PVC_125","*","_","**","_","RI","_","ITR","_","KOLKAANSLUITLEIDING","_","PVC","_","125","_","","_","","'-","","'-","G","'-","","","*_**_RI_ITR_KOLKAANSLUITLEIDING_PVC_125","0.18","50","52","50","50","253","RI-ITR_AANSLUITLEIDING-SO","0.25","50","52","50","50","253","RI-ITR_AANSLUITLEIDING-SO","0.25","50","52","50","50","253","V-RI-ITR_AANSLUITLEIDING-SO","0.25","50","52","50","50","253","RI-ITR_AANSLUITLEIDING-SO","","","1973","1971","http://digitalbuildingdata.tech/nlcs/def/9e55f5ab-0359-4539-9801-5b8e16b0ab9d","http://digitalbuildingdata.tech/nlcs/def/41f8265c-694c-4b9e-8248-691dec03d2ac"
"HWA_TRANSPORTLEIDING_PE_560","*","_","**","_","RI","_","HWA","_","TRANSPORTLEIDING","_","PE","_","560","_","","_","","'-","","'-","G","'-","","","*_**_RI_HWA_TRANSPORTLEIDING_PE_560","0.18","150","152","150","150","253","RI-HWA-SO","0.35","150","152","150","150","253","RI-HWA-SO","0.35","150","152","150","150","253","V-RI-HWA-SO","0.35","150","152","150","150","253","RI-HWA-SO","","","1931","1923","http://digitalbuildingdata.tech/nlcs/def/d2793c24-f07a-484c-86fa-23db476698f5","http://digitalbuildingdata.tech/nlcs/def/35696621-e673-49ec-816c-02fab5f9c46b"
"HWA_PERCEELAANSLUITLEIDING_PP_125","*","_","**","_","RI","_","HWA","_","PERCEELAANSLUITLEIDING","_","PP","_","125","_","","_","","'-","","'-","G","'-","","","*_**_RI_HWA_PERCEELAANSLUITLEIDING_PP_125","0.18","150","152","150","150","253","RI-HWA_AANSLUITLEIDING-SO","0.25","150","152","150","150","253","RI-HWA_AANSLUITLEIDING-SO","0.25","150","152","150","150","253","V-RI-HWA_AANSLUITLEIDING-SO","0.25","150","152","150","150","253","RI-HWA_AANSLUITLEIDING-SO","","","3075","3074","http://digitalbuildingdata.tech/nlcs/def/853acee4-051d-440d-8661-b70ad8d6851f","http://digitalbuildingdata.tech/nlcs/def/923b97de-f8cd-4dca-a60d-b8f91051b8b3"
"ITR_RIOOLPUT_INSPECTIEPUT_PE","*","_","**","_","RI","_","ITR","_","RIOOLPUT","_","INSPECTIEPUT","_","PE","_","","_","","'-","","'-","G","'-","","","*_**_RI_ITR_RIOOLPUT_INSPECTIEPUT_PE","0.18","50","52","50","50","253","CONTINUOUS","0.35","50","52","50","50","253","CONTINUOUS","0.35","50","52","50","50","253","V-CONTINUOUS-SO","0.35","50","52","50","50","253","CONTINUOUS","","","1998","1996","http://digitalbuildingdata.tech/nlcs/def/9a213670-90a8-457e-a054-e3a307d00d56","http://digitalbuildingdata.tech/nlcs/def/13fe9e70-2903-4534-a177-8f433bede356"
"GWA_RIOOLPUT_STUWPUT_PE","*","_","**","_","RI","_","GWA","_","RIOOLPUT","_","STUWPUT","_","PE","_","","_","","'-","","'-","G","'-","","","*_**_RI_GWA_RIOOLPUT_STUWPUT_PE","0.18","30","32","30","30","253","CONTINUOUS","0.35","30","32","30","30","253","CONTINUOUS","0.35","30","32","30","30","253","V-CONTINUOUS-SO","0.35","30","32","30","30","253","CONTINUOUS","","","1724","1722","http://digitalbuildingdata.tech/nlcs/def/131401a8-2705-4987-9491-d32cb2da79f3","http://digitalbuildingdata.tech/nlcs/def/16c944a3-4e47-414a-bee4-df61f54dac7a"
"HWA_TRANSPORTLEIDING_PVC_500","*","_","**","_","RI","_","HWA","_","TRANSPORTLEIDING","_","PVC","_","500","_","","_","","'-","","'-","G","'-","","","*_**_RI_HWA_TRANSPORTLEIDING_PVC_500","0.18","150","152","150","150","253","RI-HWA-SO","0.35","150","152","150","150","253","RI-HWA-SO","0.35","150","152","150","150","253","V-RI-HWA-SO","0.35","150","152","150","150","253","RI-HWA-SO","","","1939","1933","http://digitalbuildingdata.tech/nlcs/def/db858604-f647-4618-a893-41dbc5c94135","http://digitalbuildingdata.tech/nlcs/def/c5d33f81-85c3-493b-996d-ceb207f769b6"
"DWA_RIOOLLEIDING_BETON_600","*","_","**","_","RI","_","DWA","_","RIOOLLEIDING","_","BETON","_","600","_","","_","","'-","","'-","G","'-","","","*_**_RI_DWA_RIOOLLEIDING_BETON_600","0.18","20","22","20","20","253","RI-DWA-SO","0.35","20","22","20","20","253","RI-DWA-SO","0.35","20","22","20","20","253","V-RI-DWA-SO","0.35","20","22","20","20","253","RI-DWA-SO","","","3954","3945","http://digitalbuildingdata.tech/nlcs/def/1d2027b4-2a1c-4f69-ade5-05cc9736f4b0","http://digitalbuildingdata.tech/nlcs/def/25550949-adb4-47f5-b2ab-3d001726ebce"
"GWA_TRANSPORTLEIDING_PVC_250","*","_","**","_","RI","_","GWA","_","TRANSPORTLEIDING","_","PVC","_","250","_","","_","","'-","","'-","G","'-","","","*_**_RI_GWA_TRANSPORTLEIDING_PVC_250","0.18","30","32","30","30","253","RI-GWA-SO","0.35","30","32","30","30","253","RI-GWA-SO","0.35","30","32","30","30","253","V-RI-GWA-SO","0.35","30","32","30","30","253","RI-GWA-SO","","","1779","1776","http://digitalbuildingdata.tech/nlcs/def/408ea488-d45d-4b42-93ab-bf0e3532dd98","http://digitalbuildingdata.tech/nlcs/def/59a6ead1-8c1c-43cc-a929-f96ecc6d08b7"
"ITR_KOLKAANSLUITLEIDING_PE_110","*","_","**","_","RI","_","ITR","_","KOLKAANSLUITLEIDING","_","PE","_","110","_","","_","","'-","","'-","G","'-","","","*_**_RI_ITR_KOLKAANSLUITLEIDING_PE_110","0.18","50","52","50","50","253","RI-ITR_AANSLUITLEIDING-SO","0.25","50","52","50","50","253","RI-ITR_AANSLUITLEIDING-SO","0.25","50","52","50","50","253","V-RI-ITR_AANSLUITLEIDING-SO","0.25","50","52","50","50","253","RI-ITR_AANSLUITLEIDING-SO","","","1968","1967","http://digitalbuildingdata.tech/nlcs/def/38472b5f-332a-4d3b-9e55-bbc6e9425438","http://digitalbuildingdata.tech/nlcs/def/3868eaea-3dfd-4aec-bbf3-3a31c2ce0107"
"HWA_TRANSPORTLEIDING_GRES_600","*","_","**","_","RI","_","HWA","_","TRANSPORTLEIDING","_","GRES","_","600","_","","_","","'-","","'-","G","'-","","","*_**_RI_HWA_TRANSPORTLEIDING_GRES_600","0.18","150","152","150","150","253","RI-HWA-SO","0.35","150","152","150","150","253","RI-HWA-SO","0.35","150","152","150","150","253","V-RI-HWA-SO","0.35","150","152","150","150","253","RI-HWA-SO","","","1892","1885","http://digitalbuildingdata.tech/nlcs/def/a305b3da-bee5-426f-afac-81fb5d91b782","http://digitalbuildingdata.tech/nlcs/def/f9f5e866-adf4-4406-b11a-d81b32bb2314"
"HWA_RIOOLLEIDING_PE_315","*","_","**","_","RI","_","HWA","_","RIOOLLEIDING","_","PE","_","315","_","","_","","'-","","'-","G","'-","","","*_**_RI_HWA_RIOOLLEIDING_PE_315","0.18","150","152","150","150","253","RI-HWA-SO","0.35","150","152","150","150","253","RI-HWA-SO","0.35","150","152","150","150","253","V-RI-HWA-SO","0.35","150","152","150","150","253","RI-HWA-SO","","","3776","3773","http://digitalbuildingdata.tech/nlcs/def/182d37e6-6b34-4b78-b920-687771c6cae8","http://digitalbuildingdata.tech/nlcs/def/b55d0f25-f210-4299-8896-3afac3ed7de2"
"DWA_PERCEELAANSLUITLEIDING_GRES_125","*","_","**","_","RI","_","DWA","_","PERCEELAANSLUITLEIDING","_","GRES","_","125","_","","_","","'-","","'-","G","'-","","","*_**_RI_DWA_PERCEELAANSLUITLEIDING_GRES_125","0.18","20","22","20","20","253","RI-DWA_AANSLUITLEIDING-SO","0.25","20","22","20","20","253","RI-DWA_AANSLUITLEIDING-SO","0.25","20","22","20","20","253","V-RI-DWA_AANSLUITLEIDING-SO","0.25","20","22","20","20","253","RI-DWA_AANSLUITLEIDING-SO","","","2230","2228","http://digitalbuildingdata.tech/nlcs/def/f6179295-f68e-445f-aaa2-535ca23d0a49","http://digitalbuildingdata.tech/nlcs/def/f33f99e1-205d-480d-8545-d4935ffe5e27"
"HWA_RIOOLPUT_OVERSTORTPUT_BETON","*","_","**","_","RI","_","HWA","_","RIOOLPUT","_","OVERSTORTPUT","_","BETON","_","","_","","'-","","'-","G","'-","","","*_**_RI_HWA_RIOOLPUT_OVERSTORTPUT_BETON","0.18","150","152","150","150","253","CONTINUOUS","0.35","150","152","150","150","253","CONTINUOUS","0.35","150","152","150","150","253","V-CONTINUOUS-SO","0.35","150","152","150","150","253","CONTINUOUS","","","1846","1845","http://digitalbuildingdata.tech/nlcs/def/7a283007-4a2a-468c-8bdc-6ba099eb6884","http://digitalbuildingdata.tech/nlcs/def/251cf8fc-d350-4690-8f1a-8ade4a6c3b2c"
"GWA_TRANSPORTLEIDING_BETON_800","*","_","**","_","RI","_","GWA","_","TRANSPORTLEIDING","_","BETON","_","800","_","","_","","'-","","'-","G","'-","","","*_**_RI_GWA_TRANSPORTLEIDING_BETON_800","0.18","30","32","30","30","253","RI-GWA-SO","0.35","30","32","30","30","253","RI-GWA-SO","0.35","30","32","30","30","253","V-RI-GWA-SO","0.35","30","32","30","30","253","RI-GWA-SO","","","1743","1732","http://digitalbuildingdata.tech/nlcs/def/33761eae-3f63-46b3-adc5-44bb284e3813","http://digitalbuildingdata.tech/nlcs/def/1c72bde5-631d-448a-a2ae-149c66d8840e"
"HWA_TRANSPORTLEIDING_GRES_400","*","_","**","_","RI","_","HWA","_","TRANSPORTLEIDING","_","GRES","_","400","_","","_","","'-","","'-","G","'-","","","*_**_RI_HWA_TRANSPORTLEIDING_GRES_400","0.18","150","152","150","150","253","RI-HWA-SO","0.35","150","152","150","150","253","RI-HWA-SO","0.35","150","152","150","150","253","V-RI-HWA-SO","0.35","150","152","150","150","253","RI-HWA-SO","","","1890","1885","http://digitalbuildingdata.tech/nlcs/def/4e824a99-e3ad-4d97-8270-b64dd0570fc5","http://digitalbuildingdata.tech/nlcs/def/f9f5e866-adf4-4406-b11a-d81b32bb2314"
"HWA_RIOOLLEIDING_PE_160","*","_","**","_","RI","_","HWA","_","RIOOLLEIDING","_","PE","_","160","_","","_","","'-","","'-","G","'-","","","*_**_RI_HWA_RIOOLLEIDING_PE_160","0.18","150","152","150","150","253","RI-HWA-SO","0.35","150","152","150","150","253","RI-HWA-SO","0.35","150","152","150","150","253","V-RI-HWA-SO","0.35","150","152","150","150","253","RI-HWA-SO","","","3774","3773","http://digitalbuildingdata.tech/nlcs/def/562889ca-2b57-4124-9f1f-121e62389b4c","http://digitalbuildingdata.tech/nlcs/def/b55d0f25-f210-4299-8896-3afac3ed7de2"
"GWA_TRANSPORTLEIDING_PE_160","*","_","**","_","RI","_","GWA","_","TRANSPORTLEIDING","_","PE","_","160","_","","_","","'-","","'-","G","'-","","","*_**_RI_GWA_TRANSPORTLEIDING_PE_160","0.18","30","32","30","30","253","RI-GWA-SO","0.35","30","32","30","30","253","RI-GWA-SO","0.35","30","32","30","30","253","V-RI-GWA-SO","0.35","30","32","30","30","253","RI-GWA-SO","","","1768","1767","http://digitalbuildingdata.tech/nlcs/def/c53faec2-6eeb-4ed4-858f-f2c88bd9372c","http://digitalbuildingdata.tech/nlcs/def/633a346d-21d7-49a4-a433-3fe71ae524f2"
"DWA_TRANSPORTLEIDING_PE_450","*","_","**","_","RI","_","DWA","_","TRANSPORTLEIDING","_","PE","_","450","_","","_","","'-","","'-","G","'-","","","*_**_RI_DWA_TRANSPORTLEIDING_PE_450","0.18","20","22","20","20","253","RI-DWA-SO","0.35","20","22","20","20","253","RI-DWA-SO","0.35","20","22","20","20","253","V-RI-DWA-SO","0.35","20","22","20","20","253","RI-DWA-SO","","","2328","2322","http://digitalbuildingdata.tech/nlcs/def/14348e3f-e123-4e8a-8102-412e1b4290c0","http://digitalbuildingdata.tech/nlcs/def/0c46efea-4092-4fe4-a3de-738c4b07c72d"
"DWA_RIOOLLEIDING_PVC_500","*","_","**","_","RI","_","DWA","_","RIOOLLEIDING","_","PVC","_","500","_","","_","","'-","","'-","G","'-","","","*_**_RI_DWA_RIOOLLEIDING_PVC_500","0.18","20","22","20","20","253","RI-DWA-SO","0.35","20","22","20","20","253","RI-DWA-SO","0.35","20","22","20","20","253","V-RI-DWA-SO","0.35","20","22","20","20","253","RI-DWA-SO","","","3996","3990","http://digitalbuildingdata.tech/nlcs/def/c3ed6485-ffb3-4b90-8a5d-188e2f94aa8a","http://digitalbuildingdata.tech/nlcs/def/c69bc13d-a8fb-4281-b7aa-335f8f0df12a"
"HWA_RIOOLLEIDING_PE_355","*","_","**","_","RI","_","HWA","_","RIOOLLEIDING","_","PE","_","355","_","","_","","'-","","'-","G","'-","","","*_**_RI_HWA_RIOOLLEIDING_PE_355","0.18","150","152","150","150","253","RI-HWA-SO","0.35","150","152","150","150","253","RI-HWA-SO","0.35","150","152","150","150","253","V-RI-HWA-SO","0.35","150","152","150","150","253","RI-HWA-SO","","","3777","3773","http://digitalbuildingdata.tech/nlcs/def/f4448135-10eb-443f-9fe6-a4fecfa1650d","http://digitalbuildingdata.tech/nlcs/def/b55d0f25-f210-4299-8896-3afac3ed7de2"
"DRAINAGE_DRAIN_PP_125","*","_","**","_","RI","_","DRAINAGE","_","DRAIN","_","PP","_","125","_","","_","","'-","","'-","G","'-","","","*_**_RI_DRAINAGE_DRAIN_PP_125","0.18","90","92","90","90","253","RI-DRAINAGE-SO","0.35","90","92","90","90","253","RI-DRAINAGE-SO","0.35","90","92","90","90","253","V-RI-DRAINAGE-SO","0.35","90","92","90","90","253","RI-DRAINAGE-SO","","","1641","1639","http://digitalbuildingdata.tech/nlcs/def/5fc4f210-fe6f-4ff2-8192-bf912e1727c7","http://digitalbuildingdata.tech/nlcs/def/d243aa9e-12b5-4624-bdf7-103dbf30364c"
"GWA_TRANSPORTLEIDING_BETON_400","*","_","**","_","RI","_","GWA","_","TRANSPORTLEIDING","_","BETON","_","400","_","","_","","'-","","'-","G","'-","","","*_**_RI_GWA_TRANSPORTLEIDING_BETON_400","0.18","30","32","30","30","253","RI-GWA-SO","0.35","30","32","30","30","253","RI-GWA-SO","0.35","30","32","30","30","253","V-RI-GWA-SO","0.35","30","32","30","30","253","RI-GWA-SO","","","1739","1732","http://digitalbuildingdata.tech/nlcs/def/95dd74da-3972-4380-b1fb-0e5a5d806086","http://digitalbuildingdata.tech/nlcs/def/1c72bde5-631d-448a-a2ae-149c66d8840e"
"DRAINAGE_DRAIN_PP_80","*","_","**","_","RI","_","DRAINAGE","_","DRAIN","_","PP","_","80","_","","_","","'-","","'-","G","'-","","","*_**_RI_DRAINAGE_DRAIN_PP_80","0.18","90","92","90","90","253","RI-DRAINAGE-SO","0.35","90","92","90","90","253","RI-DRAINAGE-SO","0.35","90","92","90","90","253","V-RI-DRAINAGE-SO","0.35","90","92","90","90","253","RI-DRAINAGE-SO","","","1645","1639","http://digitalbuildingdata.tech/nlcs/def/f4d48ba9-aecc-4de7-8589-2121b92f297e","http://digitalbuildingdata.tech/nlcs/def/d243aa9e-12b5-4624-bdf7-103dbf30364c"
"DWA_RIOOLLEIDING_PE_400","*","_","**","_","RI","_","DWA","_","RIOOLLEIDING","_","PE","_","400","_","","_","","'-","","'-","G","'-","","","*_**_RI_DWA_RIOOLLEIDING_PE_400","0.18","20","22","20","20","253","RI-DWA-SO","0.35","20","22","20","20","253","RI-DWA-SO","0.35","20","22","20","20","253","V-RI-DWA-SO","0.35","20","22","20","20","253","RI-DWA-SO","","","3985","3980","http://digitalbuildingdata.tech/nlcs/def/1d44bd79-5fad-4073-ae6e-8889ee65579f","http://digitalbuildingdata.tech/nlcs/def/f546eb55-eec2-4306-a8aa-b24078d81bd8"
"HWA_TRANSPORTLEIDING_GVK_1800","*","_","**","_","RI","_","HWA","_","TRANSPORTLEIDING","_","GVK","_","1800","_","","_","","'-","","'-","G","'-","","","*_**_RI_HWA_TRANSPORTLEIDING_GVK_1800","0.18","150","152","150","150","253","RI-HWA-SO","0.35","150","152","150","150","253","RI-HWA-SO","0.35","150","152","150","150","253","V-RI-HWA-SO","0.35","150","152","150","150","253","RI-HWA-SO","","","1905","1896","http://digitalbuildingdata.tech/nlcs/def/2cab2c46-ca64-46e2-b8b4-8929145590f4","http://digitalbuildingdata.tech/nlcs/def/9eb2bf51-e3db-4178-bff6-0bfdea80b25a"
"GWA_RIOOLPUT_POMPPUT_BETON","*","_","**","_","RI","_","GWA","_","RIOOLPUT","_","POMPPUT","_","BETON","_","","_","","'-","","'-","G","'-","","","*_**_RI_GWA_RIOOLPUT_POMPPUT_BETON","0.18","30","32","30","30","253","CONTINUOUS","0.35","30","32","30","30","253","CONTINUOUS","0.35","30","32","30","30","253","V-CONTINUOUS-SO","0.35","30","32","30","30","253","CONTINUOUS","","","1720","1719","http://digitalbuildingdata.tech/nlcs/def/e44305e9-f0e6-4bb1-a6a8-84bfe871ada1","http://digitalbuildingdata.tech/nlcs/def/571f50c5-bb07-435f-91e8-6a5f4e201303"
"DWA_RIOOLLEIDING_BETON_400","*","_","**","_","RI","_","DWA","_","RIOOLLEIDING","_","BETON","_","400","_","","_","","'-","","'-","G","'-","","","*_**_RI_DWA_RIOOLLEIDING_BETON_400","0.18","20","22","20","20","253","RI-DWA-SO","0.35","20","22","20","20","253","RI-DWA-SO","0.35","20","22","20","20","253","V-RI-DWA-SO","0.35","20","22","20","20","253","RI-DWA-SO","","","3952","3945","http://digitalbuildingdata.tech/nlcs/def/f05cde82-4a15-4564-bb50-e38898d1643b","http://digitalbuildingdata.tech/nlcs/def/25550949-adb4-47f5-b2ab-3d001726ebce"
"HWA_RIOOLPUT_VALPUT_PE","*","_","**","_","RI","_","HWA","_","RIOOLPUT","_","VALPUT","_","PE","_","","_","","'-","","'-","G","'-","","","*_**_RI_HWA_RIOOLPUT_VALPUT_PE","0.18","150","152","150","150","253","CONTINUOUS","0.35","150","152","150","150","253","CONTINUOUS","0.35","150","152","150","150","253","V-CONTINUOUS-SO","0.35","150","152","150","150","253","CONTINUOUS","","","1856","1854","http://digitalbuildingdata.tech/nlcs/def/3da762a7-23cd-490c-a504-367184c079d7","http://digitalbuildingdata.tech/nlcs/def/c2b0c251-446b-49ef-9e3f-e1f6e27432ab"
"HWA_TRANSPORTLEIDING_PVC_400","*","_","**","_","RI","_","HWA","_","TRANSPORTLEIDING","_","PVC","_","400","_","","_","","'-","","'-","G","'-","","","*_**_RI_HWA_TRANSPORTLEIDING_PVC_400","0.18","150","152","150","150","253","RI-HWA-SO","0.35","150","152","150","150","253","RI-HWA-SO","0.35","150","152","150","150","253","V-RI-HWA-SO","0.35","150","152","150","150","253","RI-HWA-SO","","","1938","1933","http://digitalbuildingdata.tech/nlcs/def/66f16afe-50fc-4552-adb7-b7b7e4e2a4f1","http://digitalbuildingdata.tech/nlcs/def/c5d33f81-85c3-493b-996d-ceb207f769b6"
"HWA_TRANSPORTLEIDING_GRES_700","*","_","**","_","RI","_","HWA","_","TRANSPORTLEIDING","_","GRES","_","700","_","","_","","'-","","'-","G","'-","","","*_**_RI_HWA_TRANSPORTLEIDING_GRES_700","0.18","150","152","150","150","253","RI-HWA-SO","0.35","150","152","150","150","253","RI-HWA-SO","0.35","150","152","150","150","253","V-RI-HWA-SO","0.35","150","152","150","150","253","RI-HWA-SO","","","1893","1885","http://digitalbuildingdata.tech/nlcs/def/286a4b59-5806-4e8b-b56d-f78d290dcfbb","http://digitalbuildingdata.tech/nlcs/def/f9f5e866-adf4-4406-b11a-d81b32bb2314"
"HWA_RIOOLLEIDING_PE_450","*","_","**","_","RI","_","HWA","_","RIOOLLEIDING","_","PE","_","450","_","","_","","'-","","'-","G","'-","","","*_**_RI_HWA_RIOOLLEIDING_PE_450","0.18","150","152","150","150","253","RI-HWA-SO","0.35","150","152","150","150","253","RI-HWA-SO","0.35","150","152","150","150","253","V-RI-HWA-SO","0.35","150","152","150","150","253","RI-HWA-SO","","","3779","3773","http://digitalbuildingdata.tech/nlcs/def/d614fa84-6f52-4fc7-9898-9824e850a920","http://digitalbuildingdata.tech/nlcs/def/b55d0f25-f210-4299-8896-3afac3ed7de2"
"GWA_PERCEELAANSLUITLEIDING_PVC_125","*","_","**","_","RI","_","GWA","_","PERCEELAANSLUITLEIDING","_","PVC","_","125","_","","_","","'-","","'-","G","'-","","","*_**_RI_GWA_PERCEELAANSLUITLEIDING_PVC_125","0.18","30","32","30","30","253","RI-GWA_AANSLUITLEIDING-SO","0.25","30","32","30","30","253","RI-GWA_AANSLUITLEIDING-SO","0.25","30","32","30","30","253","V-RI-GWA_AANSLUITLEIDING-SO","0.25","30","32","30","30","253","RI-GWA_AANSLUITLEIDING-SO","","","1679","1677","http://digitalbuildingdata.tech/nlcs/def/5784ea30-2f7f-40f1-95df-752ef920ba9c","http://digitalbuildingdata.tech/nlcs/def/be3a9b4d-9a57-4175-8a68-805efebd9090"
"DWA_RIOOLPUT_STUWPUT_BETON","*","_","**","_","RI","_","DWA","_","RIOOLPUT","_","STUWPUT","_","BETON","_","","_","","'-","","'-","G","'-","","","*_**_RI_DWA_RIOOLPUT_STUWPUT_BETON","0.18","20","22","20","20","253","CONTINUOUS","0.35","20","22","20","20","253","CONTINUOUS","0.35","20","22","20","20","253","V-CONTINUOUS-SO","0.35","20","22","20","20","253","CONTINUOUS","","","2275","2274","http://digitalbuildingdata.tech/nlcs/def/51b8e9bc-4e82-488f-82e7-f803f036f5d9","http://digitalbuildingdata.tech/nlcs/def/8c1cd307-8a47-4571-b01e-df4772ced3b2"
"GWA_TRANSPORTLEIDING_PE_400","*","_","**","_","RI","_","GWA","_","TRANSPORTLEIDING","_","PE","_","400","_","","_","","'-","","'-","G","'-","","","*_**_RI_GWA_TRANSPORTLEIDING_PE_400","0.18","30","32","30","30","253","RI-GWA-SO","0.35","30","32","30","30","253","RI-GWA-SO","0.35","30","32","30","30","253","V-RI-GWA-SO","0.35","30","32","30","30","253","RI-GWA-SO","","","1771","1767","http://digitalbuildingdata.tech/nlcs/def/8d8edbfb-55bf-421e-aa91-3e364134437c","http://digitalbuildingdata.tech/nlcs/def/633a346d-21d7-49a4-a433-3fe71ae524f2"
"HWA_RIOOLLEIDING_GRES_500","*","_","**","_","RI","_","HWA","_","RIOOLLEIDING","_","GRES","_","500","_","","_","","'-","","'-","G","'-","","","*_**_RI_HWA_RIOOLLEIDING_GRES_500","0.18","150","152","150","150","253","RI-HWA-SO","0.35","150","152","150","150","253","RI-HWA-SO","0.35","150","152","150","150","253","V-RI-HWA-SO","0.35","150","152","150","150","253","RI-HWA-SO","","","3741","3735","http://digitalbuildingdata.tech/nlcs/def/1950ed7d-2e0c-4463-b550-d4b433965913","http://digitalbuildingdata.tech/nlcs/def/0a4d5ac1-341e-4251-ad30-c2dab536dff3"
"HWA_RIOOLLEIDING_GVK_1700","*","_","**","_","RI","_","HWA","_","RIOOLLEIDING","_","GVK","_","1700","_","","_","","'-","","'-","G","'-","","","*_**_RI_HWA_RIOOLLEIDING_GVK_1700","0.18","150","152","150","150","253","RI-HWA-SO","0.35","150","152","150","150","253","RI-HWA-SO","0.35","150","152","150","150","253","V-RI-HWA-SO","0.35","150","152","150","150","253","RI-HWA-SO","","","3754","3746","http://digitalbuildingdata.tech/nlcs/def/082b07d2-99fd-4a32-a2d7-e53a19f8b112","http://digitalbuildingdata.tech/nlcs/def/ee332402-a94e-437a-a767-43019214a0a2"
"ITR_RIOOLPUT_INSPECTIEPUT_BETON","*","_","**","_","RI","_","ITR","_","RIOOLPUT","_","INSPECTIEPUT","_","BETON","_","","_","","'-","","'-","G","'-","","","*_**_RI_ITR_RIOOLPUT_INSPECTIEPUT_BETON","0.18","50","52","50","50","253","CONTINUOUS","0.35","50","52","50","50","253","CONTINUOUS","0.35","50","52","50","50","253","V-CONTINUOUS-SO","0.35","50","52","50","50","253","CONTINUOUS","","","1997","1996","http://digitalbuildingdata.tech/nlcs/def/31dd82a7-b79d-475c-bb69-6071550dbd88","http://digitalbuildingdata.tech/nlcs/def/13fe9e70-2903-4534-a177-8f433bede356"
"HWA_RIOOLLEIDING_PVC_160","*","_","**","_","RI","_","HWA","_","RIOOLLEIDING","_","PVC","_","160","_","","_","","'-","","'-","G","'-","","","*_**_RI_HWA_RIOOLLEIDING_PVC_160","0.18","150","152","150","150","253","RI-HWA-SO","0.35","150","152","150","150","253","RI-HWA-SO","0.35","150","152","150","150","253","V-RI-HWA-SO","0.35","150","152","150","150","253","RI-HWA-SO","","","3785","3783","http://digitalbuildingdata.tech/nlcs/def/101e2367-517c-4799-825c-6c1da65b5cca","http://digitalbuildingdata.tech/nlcs/def/df8638ad-ad1d-478c-95cb-1fd92a1b37c6"
"DWA_RIOOLLEIDING_GRES_400","*","_","**","_","RI","_","DWA","_","RIOOLLEIDING","_","GRES","_","400","_","","_","","'-","","'-","G","'-","","","*_**_RI_DWA_RIOOLLEIDING_GRES_400","0.18","20","22","20","20","253","RI-DWA-SO","0.35","20","22","20","20","253","RI-DWA-SO","0.35","20","22","20","20","253","V-RI-DWA-SO","0.35","20","22","20","20","253","RI-DWA-SO","","","3974","3969","http://digitalbuildingdata.tech/nlcs/def/acebaab9-b0ad-46e0-936a-f9286d2bbad4","http://digitalbuildingdata.tech/nlcs/def/f4174e96-d8bf-4d93-afc3-ea430a0cc4d0"
"GWA_TRANSPORTLEIDING_BETON_500","*","_","**","_","RI","_","GWA","_","TRANSPORTLEIDING","_","BETON","_","500","_","","_","","'-","","'-","G","'-","","","*_**_RI_GWA_TRANSPORTLEIDING_BETON_500","0.18","30","32","30","30","253","RI-GWA-SO","0.35","30","32","30","30","253","RI-GWA-SO","0.35","30","32","30","30","253","V-RI-GWA-SO","0.35","30","32","30","30","253","RI-GWA-SO","","","1740","1732","http://digitalbuildingdata.tech/nlcs/def/cb13aa4c-061b-4efc-a8e2-21f2a9d6a6fb","http://digitalbuildingdata.tech/nlcs/def/1c72bde5-631d-448a-a2ae-149c66d8840e"
"HWA_TRANSPORTLEIDING_GVK_1400","*","_","**","_","RI","_","HWA","_","TRANSPORTLEIDING","_","GVK","_","1400","_","","_","","'-","","'-","G","'-","","","*_**_RI_HWA_TRANSPORTLEIDING_GVK_1400","0.18","150","152","150","150","253","RI-HWA-SO","0.35","150","152","150","150","253","RI-HWA-SO","0.35","150","152","150","150","253","V-RI-HWA-SO","0.35","150","152","150","150","253","RI-HWA-SO","","","1900","1896","http://digitalbuildingdata.tech/nlcs/def/ab8ad5da-ff63-4bbc-8517-6b636a9e6c6e","http://digitalbuildingdata.tech/nlcs/def/9eb2bf51-e3db-4178-bff6-0bfdea80b25a"
"HWA_TRANSPORTLEIDING_GVK_400","*","_","**","_","RI","_","HWA","_","TRANSPORTLEIDING","_","GVK","_","400","_","","_","","'-","","'-","G","'-","","","*_**_RI_HWA_TRANSPORTLEIDING_GVK_400","0.18","150","152","150","150","253","RI-HWA-SO","0.35","150","152","150","150","253","RI-HWA-SO","0.35","150","152","150","150","253","V-RI-HWA-SO","0.35","150","152","150","150","253","RI-HWA-SO","","","1917","1896","http://digitalbuildingdata.tech/nlcs/def/d5e025ff-839d-4410-a2ed-c674a86aa7d6","http://digitalbuildingdata.tech/nlcs/def/9eb2bf51-e3db-4178-bff6-0bfdea80b25a"
"GWA_RIOOLPUT_VALPUT_PE","*","_","**","_","RI","_","GWA","_","RIOOLPUT","_","VALPUT","_","PE","_","","_","","'-","","'-","G","'-","","","*_**_RI_GWA_RIOOLPUT_VALPUT_PE","0.18","30","32","30","30","253","CONTINUOUS","0.35","30","32","30","30","253","CONTINUOUS","0.35","30","32","30","30","253","V-CONTINUOUS-SO","0.35","30","32","30","30","253","CONTINUOUS","","","1727","1725","http://digitalbuildingdata.tech/nlcs/def/3be75bf5-992c-4654-8328-9e5bac90663e","http://digitalbuildingdata.tech/nlcs/def/c46fea77-12b9-4461-acb4-81ae4a593155"
"HWA_RIOOLLEIDING_GVK_600","*","_","**","_","RI","_","HWA","_","RIOOLLEIDING","_","GVK","_","600","_","","_","","'-","","'-","G","'-","","","*_**_RI_HWA_RIOOLLEIDING_GVK_600","0.18","150","152","150","150","253","RI-HWA-SO","0.35","150","152","150","150","253","RI-HWA-SO","0.35","150","152","150","150","253","V-RI-HWA-SO","0.35","150","152","150","150","253","RI-HWA-SO","","","3769","3746","http://digitalbuildingdata.tech/nlcs/def/d8f3ef77-3117-44ea-9e79-684071e6844f","http://digitalbuildingdata.tech/nlcs/def/ee332402-a94e-437a-a767-43019214a0a2"
"HWA_RIOOLPUT_VALPUT_BETON","*","_","**","_","RI","_","HWA","_","RIOOLPUT","_","VALPUT","_","BETON","_","","_","","'-","","'-","G","'-","","","*_**_RI_HWA_RIOOLPUT_VALPUT_BETON","0.18","150","152","150","150","253","CONTINUOUS","0.35","150","152","150","150","253","CONTINUOUS","0.35","150","152","150","150","253","V-CONTINUOUS-SO","0.35","150","152","150","150","253","CONTINUOUS","","","1855","1854","http://digitalbuildingdata.tech/nlcs/def/1f7b0624-2585-4a45-8dfc-dec03d5f0ae7","http://digitalbuildingdata.tech/nlcs/def/c2b0c251-446b-49ef-9e3f-e1f6e27432ab"
"GWA_RIOOLLEIDING_GRES_300","*","_","**","_","RI","_","GWA","_","RIOOLLEIDING","_","GRES","_","300","_","","_","","'-","","'-","G","'-","","","*_**_RI_GWA_RIOOLLEIDING_GRES_300","0.18","30","32","30","30","253","RI-GWA-SO","0.35","30","32","30","30","253","RI-GWA-SO","0.35","30","32","30","30","253","V-RI-GWA-SO","0.35","30","32","30","30","253","RI-GWA-SO","","","3646","3642","http://digitalbuildingdata.tech/nlcs/def/032f2721-36dc-4f44-9196-20f119a73438","http://digitalbuildingdata.tech/nlcs/def/4256a0d5-6db6-4b97-9a23-e08b12d845e4"
"ITR_RIOOLLEIDING_PE_400","*","_","**","_","RI","_","ITR","_","RIOOLLEIDING","_","PE","_","400","_","","_","","'-","","'-","G","'-","","","*_**_RI_ITR_RIOOLLEIDING_PE_400","0.18","50","52","50","50","253","RI-ITR-SO","0.35","50","52","50","50","253","RI-ITR-SO","0.35","50","52","50","50","253","V-RI-ITR-SO","0.35","50","52","50","50","253","RI-ITR-SO","","","2036","2031","http://digitalbuildingdata.tech/nlcs/def/307f9eb6-f27c-433b-ae4d-570c7809135c","http://digitalbuildingdata.tech/nlcs/def/6c5ac269-37b0-424e-a5bf-9ee9e31c0f8e"
"ITR_RIOOLLEIDING_PE_355","*","_","**","_","RI","_","ITR","_","RIOOLLEIDING","_","PE","_","355","_","","_","","'-","","'-","G","'-","","","*_**_RI_ITR_RIOOLLEIDING_PE_355","0.18","50","52","50","50","253","RI-ITR-SO","0.35","50","52","50","50","253","RI-ITR-SO","0.35","50","52","50","50","253","V-RI-ITR-SO","0.35","50","52","50","50","253","RI-ITR-SO","","","2035","2031","http://digitalbuildingdata.tech/nlcs/def/4cfd3e78-2bb9-4cbe-bc92-44ffda722755","http://digitalbuildingdata.tech/nlcs/def/6c5ac269-37b0-424e-a5bf-9ee9e31c0f8e"
"HWA_TRANSPORTLEIDING_PVC_160","*","_","**","_","RI","_","HWA","_","TRANSPORTLEIDING","_","PVC","_","160","_","","_","","'-","","'-","G","'-","","","*_**_RI_HWA_TRANSPORTLEIDING_PVC_160","0.18","150","152","150","150","253","RI-HWA-SO","0.35","150","152","150","150","253","RI-HWA-SO","0.35","150","152","150","150","253","V-RI-HWA-SO","0.35","150","152","150","150","253","RI-HWA-SO","","","1934","1933","http://digitalbuildingdata.tech/nlcs/def/2ab82d8c-587d-40fa-b91e-d99176706f04","http://digitalbuildingdata.tech/nlcs/def/c5d33f81-85c3-493b-996d-ceb207f769b6"
"ITR_AANSLUITPUT_ONTSTOPPINGSPUT_BETON","*","_","**","_","RI","_","ITR","_","AANSLUITPUT","_","ONTSTOPPINGSPUT","_","BETON","_","","_","","'-","","'-","G","'-","","","*_**_RI_ITR_AANSLUITPUT_ONTSTOPPINGSPUT_BETON","0.18","50","52","50","50","253","CONTINUOUS","0.35","50","52","50","50","253","CONTINUOUS","0.35","50","52","50","50","253","V-CONTINUOUS-SO","0.35","50","52","50","50","253","CONTINUOUS","","","2000","1999","http://digitalbuildingdata.tech/nlcs/def/59d23b2c-d63e-49c6-9db7-fff445ad5751","http://digitalbuildingdata.tech/nlcs/def/e32b9878-1b8e-4ead-907e-dd08720206c5"
"HWA_TRANSPORTLEIDING_GVK_1600","*","_","**","_","RI","_","HWA","_","TRANSPORTLEIDING","_","GVK","_","1600","_","","_","","'-","","'-","G","'-","","","*_**_RI_HWA_TRANSPORTLEIDING_GVK_1600","0.18","150","152","150","150","253","RI-HWA-SO","0.35","150","152","150","150","253","RI-HWA-SO","0.35","150","152","150","150","253","V-RI-HWA-SO","0.35","150","152","150","150","253","RI-HWA-SO","","","1903","1896","http://digitalbuildingdata.tech/nlcs/def/fc4b0d2a-e26c-4d2f-89c0-d012ead6565f","http://digitalbuildingdata.tech/nlcs/def/9eb2bf51-e3db-4178-bff6-0bfdea80b25a"
"DWA_TRANSPORTLEIDING_PE_500","*","_","**","_","RI","_","DWA","_","TRANSPORTLEIDING","_","PE","_","500","_","","_","","'-","","'-","G","'-","","","*_**_RI_DWA_TRANSPORTLEIDING_PE_500","0.18","20","22","20","20","253","RI-DWA-SO","0.35","20","22","20","20","253","RI-DWA-SO","0.35","20","22","20","20","253","V-RI-DWA-SO","0.35","20","22","20","20","253","RI-DWA-SO","","","2329","2322","http://digitalbuildingdata.tech/nlcs/def/3360c3c0-887f-4641-9b97-dc45ef408b58","http://digitalbuildingdata.tech/nlcs/def/0c46efea-4092-4fe4-a3de-738c4b07c72d"
"ITR_RESERVOIR_INFILTRATIERESERVOIR_GRINDKOFFER","*","_","**","_","RI","_","ITR","_","RESERVOIR","_","INFILTRATIERESERVOIR","_","GRINDKOFFER","_","","_","","'-","","'-","G","'-","","","*_**_RI_ITR_RESERVOIR_INFILTRATIERESERVOIR_GRINDKOFFER","0.18","50","52","50","50","253","CONTINUOUS","0.35","50","52","50","50","253","CONTINUOUS","0.35","50","52","50","50","253","V-CONTINUOUS-SO","0.35","50","52","50","50","253","CONTINUOUS","","","3827","3826","http://digitalbuildingdata.tech/nlcs/def/8a9dfbff-2e3d-44ba-95a9-bea789371490","http://digitalbuildingdata.tech/nlcs/def/3ad03f6f-6752-4cbf-9b72-5156bff6c59e"
"DWA_RIOOLPUT_BLINDEPUT_PE","*","_","**","_","RI","_","DWA","_","RIOOLPUT","_","BLINDEPUT","_","PE","_","","_","","'-","","'-","G","'-","","","*_**_RI_DWA_RIOOLPUT_BLINDEPUT_PE","0.18","20","22","20","20","253","CONTINUOUS","0.35","20","22","20","20","253","CONTINUOUS","0.35","20","22","20","20","253","V-CONTINUOUS-SO","0.35","20","22","20","20","253","CONTINUOUS","","","2254","2252","http://digitalbuildingdata.tech/nlcs/def/ba8ee201-64ef-4dba-b700-b0a51fdd2d32","http://digitalbuildingdata.tech/nlcs/def/8e9b7db0-00e4-4e38-8438-c5550e58b0e6"
"ITR_RIOOLLEIDING_PE_250","*","_","**","_","RI","_","ITR","_","RIOOLLEIDING","_","PE","_","250","_","","_","","'-","","'-","G","'-","","","*_**_RI_ITR_RIOOLLEIDING_PE_250","0.18","50","52","50","50","253","RI-ITR-SO","0.35","50","52","50","50","253","RI-ITR-SO","0.35","50","52","50","50","253","V-RI-ITR-SO","0.35","50","52","50","50","253","RI-ITR-SO","","","2033","2031","http://digitalbuildingdata.tech/nlcs/def/e943cf59-471e-4693-aa26-61d908695bd6","http://digitalbuildingdata.tech/nlcs/def/6c5ac269-37b0-424e-a5bf-9ee9e31c0f8e"
"ITR_PERCEELAANSLUITLEIDING_PE_75","*","_","**","_","RI","_","ITR","_","PERCEELAANSLUITLEIDING","_","PE","_","75","_","","_","","'-","","'-","G","'-","","","*_**_RI_ITR_PERCEELAANSLUITLEIDING_PE_75","0.18","50","52","50","50","253","RI-ITR_AANSLUITLEIDING-SO","0.25","50","52","50","50","253","RI-ITR_AANSLUITLEIDING-SO","0.25","50","52","50","50","253","V-RI-ITR_AANSLUITLEIDING-SO","0.25","50","52","50","50","253","RI-ITR_AANSLUITLEIDING-SO","","","1952","1949","http://digitalbuildingdata.tech/nlcs/def/6d6441fe-76e1-4f98-974b-472c59d59f29","http://digitalbuildingdata.tech/nlcs/def/fbd9c9b6-68a4-4511-a0c3-4650f9ad1218"
"HWA_RIOOLPUT_STUWPUT_PE","*","_","**","_","RI","_","HWA","_","RIOOLPUT","_","STUWPUT","_","PE","_","","_","","'-","","'-","G","'-","","","*_**_RI_HWA_RIOOLPUT_STUWPUT_PE","0.18","150","152","150","150","253","CONTINUOUS","0.35","150","152","150","150","253","CONTINUOUS","0.35","150","152","150","150","253","V-CONTINUOUS-SO","0.35","150","152","150","150","253","CONTINUOUS","","","1853","1851","http://digitalbuildingdata.tech/nlcs/def/bbc8e9e0-6d57-4139-be75-9b58a5acc2ad","http://digitalbuildingdata.tech/nlcs/def/9c6dc92b-169a-48ca-95d0-7ca0468e0feb"
"HWA_RIOOLLEIDING_PVC_315","*","_","**","_","RI","_","HWA","_","RIOOLLEIDING","_","PVC","_","315","_","","_","","'-","","'-","G","'-","","","*_**_RI_HWA_RIOOLLEIDING_PVC_315","0.18","150","152","150","150","253","RI-HWA-SO","0.35","150","152","150","150","253","RI-HWA-SO","0.35","150","152","150","150","253","V-RI-HWA-SO","0.35","150","152","150","150","253","RI-HWA-SO","","","3788","3783","http://digitalbuildingdata.tech/nlcs/def/05a58542-518e-4d8b-8fd7-302161fc339b","http://digitalbuildingdata.tech/nlcs/def/df8638ad-ad1d-478c-95cb-1fd92a1b37c6"
"HWA_RIOOLLEIDING_GRES_250","*","_","**","_","RI","_","HWA","_","RIOOLLEIDING","_","GRES","_","250","_","","_","","'-","","'-","G","'-","","","*_**_RI_HWA_RIOOLLEIDING_GRES_250","0.18","150","152","150","150","253","RI-HWA-SO","0.35","150","152","150","150","253","RI-HWA-SO","0.35","150","152","150","150","253","V-RI-HWA-SO","0.35","150","152","150","150","253","RI-HWA-SO","","","3738","3735","http://digitalbuildingdata.tech/nlcs/def/bb2d58bc-9e86-417d-8d97-8296b67f0a7d","http://digitalbuildingdata.tech/nlcs/def/0a4d5ac1-341e-4251-ad30-c2dab536dff3"
"GWA_TRANSPORTLEIDING_PE_355","*","_","**","_","RI","_","GWA","_","TRANSPORTLEIDING","_","PE","_","355","_","","_","","'-","","'-","G","'-","","","*_**_RI_GWA_TRANSPORTLEIDING_PE_355","0.18","30","32","30","30","253","RI-GWA-SO","0.35","30","32","30","30","253","RI-GWA-SO","0.35","30","32","30","30","253","V-RI-GWA-SO","0.35","30","32","30","30","253","RI-GWA-SO","","","1770","1767","http://digitalbuildingdata.tech/nlcs/def/7f1fe6da-d30c-44bc-8e99-d69c751398b9","http://digitalbuildingdata.tech/nlcs/def/633a346d-21d7-49a4-a433-3fe71ae524f2"
"HWA_RIOOLPUT_OVERSTORTPUT_PE","*","_","**","_","RI","_","HWA","_","RIOOLPUT","_","OVERSTORTPUT","_","PE","_","","_","","'-","","'-","G","'-","","","*_**_RI_HWA_RIOOLPUT_OVERSTORTPUT_PE","0.18","150","152","150","150","253","CONTINUOUS","0.35","150","152","150","150","253","CONTINUOUS","0.35","150","152","150","150","253","V-CONTINUOUS-SO","0.35","150","152","150","150","253","CONTINUOUS","","","1847","1845","http://digitalbuildingdata.tech/nlcs/def/aca9ac3e-0a97-4cd1-ac34-fbc81e382ab7","http://digitalbuildingdata.tech/nlcs/def/251cf8fc-d350-4690-8f1a-8ade4a6c3b2c"
"DWA_PERCEELAANSLUITLEIDING_PE_63","*","_","**","_","RI","_","DWA","_","PERCEELAANSLUITLEIDING","_","PE","_","63","_","","_","","'-","","'-","G","'-","","","*_**_RI_DWA_PERCEELAANSLUITLEIDING_PE_63","0.18","20","22","20","20","253","RI-DWA_AANSLUITLEIDING-SO","0.25","20","22","20","20","253","RI-DWA_AANSLUITLEIDING-SO","0.25","20","22","20","20","253","V-RI-DWA_AANSLUITLEIDING-SO","0.25","20","22","20","20","253","RI-DWA_AANSLUITLEIDING-SO","","","2234","2232","http://digitalbuildingdata.tech/nlcs/def/ec971b44-b20c-49dd-a3d3-8812243ccb5e","http://digitalbuildingdata.tech/nlcs/def/9037e415-c08e-4db0-9aa2-c90ac822803c"
"DWA_PERCEELAANSLUITLEIDING_PE_75","*","_","**","_","RI","_","DWA","_","PERCEELAANSLUITLEIDING","_","PE","_","75","_","","_","","'-","","'-","G","'-","","","*_**_RI_DWA_PERCEELAANSLUITLEIDING_PE_75","0.18","20","22","20","20","253","RI-DWA_AANSLUITLEIDING-SO","0.25","20","22","20","20","253","RI-DWA_AANSLUITLEIDING-SO","0.25","20","22","20","20","253","V-RI-DWA_AANSLUITLEIDING-SO","0.25","20","22","20","20","253","RI-DWA_AANSLUITLEIDING-SO","","","2235","2232","http://digitalbuildingdata.tech/nlcs/def/48cfd866-5032-499c-97e4-fec0932f38c5","http://digitalbuildingdata.tech/nlcs/def/9037e415-c08e-4db0-9aa2-c90ac822803c"
"GWA_KOLKAANSLUITLEIDING_PE_110","*","_","**","_","RI","_","GWA","_","KOLKAANSLUITLEIDING","_","PE","_","110","_","","_","","'-","","'-","G","'-","","","*_**_RI_GWA_KOLKAANSLUITLEIDING_PE_110","0.18","30","32","30","30","253","RI-GWA_AANSLUITLEIDING-SO","0.25","30","32","30","30","253","RI-GWA_AANSLUITLEIDING-SO","0.25","30","32","30","30","253","V-RI-GWA_AANSLUITLEIDING-SO","0.25","30","32","30","30","253","RI-GWA_AANSLUITLEIDING-SO","","","1692","1691","http://digitalbuildingdata.tech/nlcs/def/a2779c49-52e4-4094-bcd0-0197bb6e2cca","http://digitalbuildingdata.tech/nlcs/def/5f64d840-3280-4ac9-85eb-4d0309266438"
"DWA_TRANSPORTLEIDING_BETON_800","*","_","**","_","RI","_","DWA","_","TRANSPORTLEIDING","_","BETON","_","800","_","","_","","'-","","'-","G","'-","","","*_**_RI_DWA_TRANSPORTLEIDING_BETON_800","0.18","20","22","20","20","253","RI-DWA-SO","0.35","20","22","20","20","253","RI-DWA-SO","0.35","20","22","20","20","253","V-RI-DWA-SO","0.35","20","22","20","20","253","RI-DWA-SO","","","2298","2287","http://digitalbuildingdata.tech/nlcs/def/e673c0d3-6be9-4331-937d-21b5780d094e","http://digitalbuildingdata.tech/nlcs/def/584f42b4-9e2e-468c-a0ff-5b8e084f2c68"
"DRAINAGE_PUT_DRAINAGEPUT_PE","*","_","**","_","RI","_","DRAINAGE","_","PUT","_","DRAINAGEPUT","_","PE","_","","_","","'-","","'-","G","'-","","","*_**_RI_DRAINAGE_PUT_DRAINAGEPUT_PE","0.18","90","92","90","90","253","CONTINUOUS","0.35","90","92","90","90","253","CONTINUOUS","0.35","90","92","90","90","253","V-CONTINUOUS-SO","0.35","90","92","90","90","253","CONTINUOUS","","","3595","3593","http://digitalbuildingdata.tech/nlcs/def/b523a50e-853c-4e68-8180-67629c3f326b","http://digitalbuildingdata.tech/nlcs/def/1b2bf080-a7a7-470d-9155-caed2683b42e"
"HWA_RIOOLLEIDING_PE_630","*","_","**","_","RI","_","HWA","_","RIOOLLEIDING","_","PE","_","630","_","","_","","'-","","'-","G","'-","","","*_**_RI_HWA_RIOOLLEIDING_PE_630","0.18","150","152","150","150","253","RI-HWA-SO","0.35","150","152","150","150","253","RI-HWA-SO","0.35","150","152","150","150","253","V-RI-HWA-SO","0.35","150","152","150","150","253","RI-HWA-SO","","","3782","3773","http://digitalbuildingdata.tech/nlcs/def/f40f1f46-3142-4296-ac2d-f5650df3b9bb","http://digitalbuildingdata.tech/nlcs/def/b55d0f25-f210-4299-8896-3afac3ed7de2"
"HWA_TRANSPORTLEIDING_PE_630","*","_","**","_","RI","_","HWA","_","TRANSPORTLEIDING","_","PE","_","630","_","","_","","'-","","'-","G","'-","","","*_**_RI_HWA_TRANSPORTLEIDING_PE_630","0.18","150","152","150","150","253","RI-HWA-SO","0.35","150","152","150","150","253","RI-HWA-SO","0.35","150","152","150","150","253","V-RI-HWA-SO","0.35","150","152","150","150","253","RI-HWA-SO","","","1932","1923","http://digitalbuildingdata.tech/nlcs/def/5da26f7b-caee-4f07-b894-d0135923cf09","http://digitalbuildingdata.tech/nlcs/def/35696621-e673-49ec-816c-02fab5f9c46b"
"GWA_PERCEELAANSLUITLEIDING_GRES_125","*","_","**","_","RI","_","GWA","_","PERCEELAANSLUITLEIDING","_","GRES","_","125","_","","_","","'-","","'-","G","'-","","","*_**_RI_GWA_PERCEELAANSLUITLEIDING_GRES_125","0.18","30","32","30","30","253","RI-GWA_AANSLUITLEIDING-SO","0.25","30","32","30","30","253","RI-GWA_AANSLUITLEIDING-SO","0.25","30","32","30","30","253","V-RI-GWA_AANSLUITLEIDING-SO","0.25","30","32","30","30","253","RI-GWA_AANSLUITLEIDING-SO","","","1670","1668","http://digitalbuildingdata.tech/nlcs/def/d2de2a16-9a42-47f4-b686-6c4943eb2f27","http://digitalbuildingdata.tech/nlcs/def/ca1dcae8-0044-4fa3-8815-09972d598b0c"
"DWA_RIOOLLEIDING_BETON_900","*","_","**","_","RI","_","DWA","_","RIOOLLEIDING","_","BETON","_","900","_","","_","","'-","","'-","G","'-","","","*_**_RI_DWA_RIOOLLEIDING_BETON_900","0.18","20","22","20","20","253","RI-DWA-SO","0.35","20","22","20","20","253","RI-DWA-SO","0.35","20","22","20","20","253","V-RI-DWA-SO","0.35","20","22","20","20","253","RI-DWA-SO","","","3957","3945","http://digitalbuildingdata.tech/nlcs/def/47c572f0-8997-4617-b034-642355c0a3a6","http://digitalbuildingdata.tech/nlcs/def/25550949-adb4-47f5-b2ab-3d001726ebce"
"DWA_RIOOLLEIDING_BETON_250","*","_","**","_","RI","_","DWA","_","RIOOLLEIDING","_","BETON","_","250","_","","_","","'-","","'-","G","'-","","","*_**_RI_DWA_RIOOLLEIDING_BETON_250","0.18","20","22","20","20","253","RI-DWA-SO","0.35","20","22","20","20","253","RI-DWA-SO","0.35","20","22","20","20","253","V-RI-DWA-SO","0.35","20","22","20","20","253","RI-DWA-SO","","","3950","3945","http://digitalbuildingdata.tech/nlcs/def/099aa90a-1957-4de1-b1ac-45ed174a3920","http://digitalbuildingdata.tech/nlcs/def/25550949-adb4-47f5-b2ab-3d001726ebce"
"GWA_RIOOLLEIDING_GRES_700","*","_","**","_","RI","_","GWA","_","RIOOLLEIDING","_","GRES","_","700","_","","_","","'-","","'-","G","'-","","","*_**_RI_GWA_RIOOLLEIDING_GRES_700","0.18","30","32","30","30","253","RI-GWA-SO","0.35","30","32","30","30","253","RI-GWA-SO","0.35","30","32","30","30","253","V-RI-GWA-SO","0.35","30","32","30","30","253","RI-GWA-SO","","","3650","3642","http://digitalbuildingdata.tech/nlcs/def/a9bfddf8-1b9c-4087-8b1e-76374bb41900","http://digitalbuildingdata.tech/nlcs/def/4256a0d5-6db6-4b97-9a23-e08b12d845e4"
"GWA_RIOOLLEIDING_BETON_1000","*","_","**","_","RI","_","GWA","_","RIOOLLEIDING","_","BETON","_","1000","_","","_","","'-","","'-","G","'-","","","*_**_RI_GWA_RIOOLLEIDING_BETON_1000","0.18","30","32","30","30","253","RI-GWA-SO","0.35","30","32","30","30","253","RI-GWA-SO","0.35","30","32","30","30","253","V-RI-GWA-SO","0.35","30","32","30","30","253","RI-GWA-SO","","","3619","3618","http://digitalbuildingdata.tech/nlcs/def/235ecb42-0362-421b-8f15-fe0da3657f6f","http://digitalbuildingdata.tech/nlcs/def/4e97e45e-8845-4428-b5b4-bcc0735ca47b"
"DWA_RIOOLLEIDING_BETON_1000","*","_","**","_","RI","_","DWA","_","RIOOLLEIDING","_","BETON","_","1000","_","","_","","'-","","'-","G","'-","","","*_**_RI_DWA_RIOOLLEIDING_BETON_1000","0.18","20","22","20","20","253","RI-DWA-SO","0.35","20","22","20","20","253","RI-DWA-SO","0.35","20","22","20","20","253","V-RI-DWA-SO","0.35","20","22","20","20","253","RI-DWA-SO","","","3946","3945","http://digitalbuildingdata.tech/nlcs/def/01c8255e-eac2-448f-942b-ee2450e0e456","http://digitalbuildingdata.tech/nlcs/def/25550949-adb4-47f5-b2ab-3d001726ebce"
"HWA_RIOOLLEIDING_GRES_400","*","_","**","_","RI","_","HWA","_","RIOOLLEIDING","_","GRES","_","400","_","","_","","'-","","'-","G","'-","","","*_**_RI_HWA_RIOOLLEIDING_GRES_400","0.18","150","152","150","150","253","RI-HWA-SO","0.35","150","152","150","150","253","RI-HWA-SO","0.35","150","152","150","150","253","V-RI-HWA-SO","0.35","150","152","150","150","253","RI-HWA-SO","","","3740","3735","http://digitalbuildingdata.tech/nlcs/def/a9d5aaec-0ec1-4332-a33e-f94d9ecbd3de","http://digitalbuildingdata.tech/nlcs/def/0a4d5ac1-341e-4251-ad30-c2dab536dff3"
"ITR_RIOOLPUT_OVERSTORTPUT_PE","*","_","**","_","RI","_","ITR","_","RIOOLPUT","_","OVERSTORTPUT","_","PE","_","","_","","'-","","'-","G","'-","","","*_**_RI_ITR_RIOOLPUT_OVERSTORTPUT_PE","0.18","50","52","50","50","253","CONTINUOUS","0.35","50","52","50","50","253","CONTINUOUS","0.35","50","52","50","50","253","V-CONTINUOUS-SO","0.35","50","52","50","50","253","CONTINUOUS","","","2004","2002","http://digitalbuildingdata.tech/nlcs/def/589daf67-9a17-45bc-b94f-d99617c00f16","http://digitalbuildingdata.tech/nlcs/def/1020990c-b0da-46bb-9db0-2e5d44a86863"
"ITR_RIOOLLEIDING_PE_560","*","_","**","_","RI","_","ITR","_","RIOOLLEIDING","_","PE","_","560","_","","_","","'-","","'-","G","'-","","","*_**_RI_ITR_RIOOLLEIDING_PE_560","0.18","50","52","50","50","253","RI-ITR-SO","0.35","50","52","50","50","253","RI-ITR-SO","0.35","50","52","50","50","253","V-RI-ITR-SO","0.35","50","52","50","50","253","RI-ITR-SO","","","2039","2031","http://digitalbuildingdata.tech/nlcs/def/74df9a89-fa86-47bd-87d6-f3f51f47a1d4","http://digitalbuildingdata.tech/nlcs/def/6c5ac269-37b0-424e-a5bf-9ee9e31c0f8e"
"DWA_PERCEELAANSLUITLEIDING_GRES_100","*","_","**","_","RI","_","DWA","_","PERCEELAANSLUITLEIDING","_","GRES","_","100","_","","_","","'-","","'-","G","'-","","","*_**_RI_DWA_PERCEELAANSLUITLEIDING_GRES_100","0.18","20","22","20","20","253","RI-DWA_AANSLUITLEIDING-SO","0.25","20","22","20","20","253","RI-DWA_AANSLUITLEIDING-SO","0.25","20","22","20","20","253","V-RI-DWA_AANSLUITLEIDING-SO","0.25","20","22","20","20","253","RI-DWA_AANSLUITLEIDING-SO","","","2229","2228","http://digitalbuildingdata.tech/nlcs/def/06873fc8-5afd-42be-aeec-664788ab6248","http://digitalbuildingdata.tech/nlcs/def/f33f99e1-205d-480d-8545-d4935ffe5e27"
"HWA_TRANSPORTLEIDING_PVC_630","*","_","**","_","RI","_","HWA","_","TRANSPORTLEIDING","_","PVC","_","630","_","","_","","'-","","'-","G","'-","","","*_**_RI_HWA_TRANSPORTLEIDING_PVC_630","0.18","150","152","150","150","253","RI-HWA-SO","0.35","150","152","150","150","253","RI-HWA-SO","0.35","150","152","150","150","253","V-RI-HWA-SO","0.35","150","152","150","150","253","RI-HWA-SO","","","1940","1933","http://digitalbuildingdata.tech/nlcs/def/4ebc3da2-5a77-4792-adf9-b1f838e8067b","http://digitalbuildingdata.tech/nlcs/def/c5d33f81-85c3-493b-996d-ceb207f769b6"
"GWA_RIOOLLEIDING_BETON_1500","*","_","**","_","RI","_","GWA","_","RIOOLLEIDING","_","BETON","_","1500","_","","_","","'-","","'-","G","'-","","","*_**_RI_GWA_RIOOLLEIDING_BETON_1500","0.18","30","32","30","30","253","RI-GWA-SO","0.35","30","32","30","30","253","RI-GWA-SO","0.35","30","32","30","30","253","V-RI-GWA-SO","0.35","30","32","30","30","253","RI-GWA-SO","","","3621","3618","http://digitalbuildingdata.tech/nlcs/def/f8acf860-7edb-4e69-9d5e-debf7f2d9830","http://digitalbuildingdata.tech/nlcs/def/4e97e45e-8845-4428-b5b4-bcc0735ca47b"
"GWA_RIOOLLEIDING_BETON_700","*","_","**","_","RI","_","GWA","_","RIOOLLEIDING","_","BETON","_","700","_","","_","","'-","","'-","G","'-","","","*_**_RI_GWA_RIOOLLEIDING_BETON_700","0.18","30","32","30","30","253","RI-GWA-SO","0.35","30","32","30","30","253","RI-GWA-SO","0.35","30","32","30","30","253","V-RI-GWA-SO","0.35","30","32","30","30","253","RI-GWA-SO","","","3628","3618","http://digitalbuildingdata.tech/nlcs/def/758a7e82-b95c-4752-98c9-748b8a292ce8","http://digitalbuildingdata.tech/nlcs/def/4e97e45e-8845-4428-b5b4-bcc0735ca47b"
"GWA_AANSLUITPUT_ONTSTOPPINGSPUT_PE","*","_","**","_","RI","_","GWA","_","AANSLUITPUT","_","ONTSTOPPINGSPUT","_","PE","_","","_","","'-","","'-","G","'-","","","*_**_RI_GWA_AANSLUITPUT_ONTSTOPPINGSPUT_PE","0.18","30","32","30","30","253","CONTINUOUS","0.35","30","32","30","30","253","CONTINUOUS","0.35","30","32","30","30","253","V-CONTINUOUS-SO","0.35","30","32","30","30","253","CONTINUOUS","","","1715","1713","http://digitalbuildingdata.tech/nlcs/def/20bd4930-f9c9-47fc-bbba-896c1c72be16","http://digitalbuildingdata.tech/nlcs/def/ae6235bc-a807-47c1-ac99-e025d17e2db8"
"HWA_RIOOLLEIDING_GRES_900","*","_","**","_","RI","_","HWA","_","RIOOLLEIDING","_","GRES","_","900","_","","_","","'-","","'-","G","'-","","","*_**_RI_HWA_RIOOLLEIDING_GRES_900","0.18","150","152","150","150","253","RI-HWA-SO","0.35","150","152","150","150","253","RI-HWA-SO","0.35","150","152","150","150","253","V-RI-HWA-SO","0.35","150","152","150","150","253","RI-HWA-SO","","","3745","3735","http://digitalbuildingdata.tech/nlcs/def/4fbf6f05-bcb9-4a3e-a0c1-62694ff0c5ba","http://digitalbuildingdata.tech/nlcs/def/0a4d5ac1-341e-4251-ad30-c2dab536dff3"
"HWA_RIOOLLEIDING_PE_560","*","_","**","_","RI","_","HWA","_","RIOOLLEIDING","_","PE","_","560","_","","_","","'-","","'-","G","'-","","","*_**_RI_HWA_RIOOLLEIDING_PE_560","0.18","150","152","150","150","253","RI-HWA-SO","0.35","150","152","150","150","253","RI-HWA-SO","0.35","150","152","150","150","253","V-RI-HWA-SO","0.35","150","152","150","150","253","RI-HWA-SO","","","3781","3773","http://digitalbuildingdata.tech/nlcs/def/57e886ed-08cb-4c01-a9bd-578c0837f208","http://digitalbuildingdata.tech/nlcs/def/b55d0f25-f210-4299-8896-3afac3ed7de2"
"GWA_TRANSPORTLEIDING_GRES_400","*","_","**","_","RI","_","GWA","_","TRANSPORTLEIDING","_","GRES","_","400","_","","_","","'-","","'-","G","'-","","","*_**_RI_GWA_TRANSPORTLEIDING_GRES_400","0.18","30","32","30","30","253","RI-GWA-SO","0.35","30","32","30","30","253","RI-GWA-SO","0.35","30","32","30","30","253","V-RI-GWA-SO","0.35","30","32","30","30","253","RI-GWA-SO","","","1761","1756","http://digitalbuildingdata.tech/nlcs/def/790f0c0e-ed64-49cc-b1a4-27b63d81ff50","http://digitalbuildingdata.tech/nlcs/def/a390306b-774c-469d-9087-5c9468c55f16"
"GWA_TRANSPORTLEIDING_GRES_900","*","_","**","_","RI","_","GWA","_","TRANSPORTLEIDING","_","GRES","_","900","_","","_","","'-","","'-","G","'-","","","*_**_RI_GWA_TRANSPORTLEIDING_GRES_900","0.18","30","32","30","30","253","RI-GWA-SO","0.35","30","32","30","30","253","RI-GWA-SO","0.35","30","32","30","30","253","V-RI-GWA-SO","0.35","30","32","30","30","253","RI-GWA-SO","","","1766","1756","http://digitalbuildingdata.tech/nlcs/def/7c96f308-64b7-4c62-87a1-846fcf785f92","http://digitalbuildingdata.tech/nlcs/def/a390306b-774c-469d-9087-5c9468c55f16"
"HWA_TRANSPORTLEIDING_GVK_500","*","_","**","_","RI","_","HWA","_","TRANSPORTLEIDING","_","GVK","_","500","_","","_","","'-","","'-","G","'-","","","*_**_RI_HWA_TRANSPORTLEIDING_GVK_500","0.18","150","152","150","150","253","RI-HWA-SO","0.35","150","152","150","150","253","RI-HWA-SO","0.35","150","152","150","150","253","V-RI-HWA-SO","0.35","150","152","150","150","253","RI-HWA-SO","","","1918","1896","http://digitalbuildingdata.tech/nlcs/def/eda9b06d-29c2-425a-aa39-c5dbe3e2cb4b","http://digitalbuildingdata.tech/nlcs/def/9eb2bf51-e3db-4178-bff6-0bfdea80b25a"
"GWA_PERCEELAANSLUITLEIDING_PE_75","*","_","**","_","RI","_","GWA","_","PERCEELAANSLUITLEIDING","_","PE","_","75","_","","_","","'-","","'-","G","'-","","","*_**_RI_GWA_PERCEELAANSLUITLEIDING_PE_75","0.18","30","32","30","30","253","RI-GWA_AANSLUITLEIDING-SO","0.25","30","32","30","30","253","RI-GWA_AANSLUITLEIDING-SO","0.25","30","32","30","30","253","V-RI-GWA_AANSLUITLEIDING-SO","0.25","30","32","30","30","253","RI-GWA_AANSLUITLEIDING-SO","","","1675","1672","http://digitalbuildingdata.tech/nlcs/def/1ab40bce-34ec-4706-863a-a6aad3f3c9d7","http://digitalbuildingdata.tech/nlcs/def/f2edf708-e901-4c89-8ca7-4056f1f2c2b4"
"HWA_TRANSPORTLEIDING_BETON_600","*","_","**","_","RI","_","HWA","_","TRANSPORTLEIDING","_","BETON","_","600","_","","_","","'-","","'-","G","'-","","","*_**_RI_HWA_TRANSPORTLEIDING_BETON_600","0.18","150","152","150","150","253","RI-HWA-SO","0.35","150","152","150","150","253","RI-HWA-SO","0.35","150","152","150","150","253","V-RI-HWA-SO","0.35","150","152","150","150","253","RI-HWA-SO","","","1870","1861","http://digitalbuildingdata.tech/nlcs/def/6f7652fd-2cc5-4918-8e91-fcd9bf78def0","http://digitalbuildingdata.tech/nlcs/def/54fafb69-12cb-4927-9265-927bd8defd6e"
"HWA_TRANSPORTLEIDING_GVK_900","*","_","**","_","RI","_","HWA","_","TRANSPORTLEIDING","_","GVK","_","900","_","","_","","'-","","'-","G","'-","","","*_**_RI_HWA_TRANSPORTLEIDING_GVK_900","0.18","150","152","150","150","253","RI-HWA-SO","0.35","150","152","150","150","253","RI-HWA-SO","0.35","150","152","150","150","253","V-RI-HWA-SO","0.35","150","152","150","150","253","RI-HWA-SO","","","1922","1896","http://digitalbuildingdata.tech/nlcs/def/1991b323-f977-4391-a8df-d21ea87b1705","http://digitalbuildingdata.tech/nlcs/def/9eb2bf51-e3db-4178-bff6-0bfdea80b25a"
"GWA_RIOOLPUT_POMPPUT_PE","*","_","**","_","RI","_","GWA","_","RIOOLPUT","_","POMPPUT","_","PE","_","","_","","'-","","'-","G","'-","","","*_**_RI_GWA_RIOOLPUT_POMPPUT_PE","0.18","30","32","30","30","253","CONTINUOUS","0.35","30","32","30","30","253","CONTINUOUS","0.35","30","32","30","30","253","V-CONTINUOUS-SO","0.35","30","32","30","30","253","CONTINUOUS","","","1721","1719","http://digitalbuildingdata.tech/nlcs/def/88e75ae8-6357-4347-a221-2d18b1fc4fce","http://digitalbuildingdata.tech/nlcs/def/571f50c5-bb07-435f-91e8-6a5f4e201303"
"GWA_TRANSPORTLEIDING_PE_500","*","_","**","_","RI","_","GWA","_","TRANSPORTLEIDING","_","PE","_","500","_","","_","","'-","","'-","G","'-","","","*_**_RI_GWA_TRANSPORTLEIDING_PE_500","0.18","30","32","30","30","253","RI-GWA-SO","0.35","30","32","30","30","253","RI-GWA-SO","0.35","30","32","30","30","253","V-RI-GWA-SO","0.35","30","32","30","30","253","RI-GWA-SO","","","1773","1767","http://digitalbuildingdata.tech/nlcs/def/926133ac-aaaa-41c0-9d1b-5c4ad676ba16","http://digitalbuildingdata.tech/nlcs/def/633a346d-21d7-49a4-a433-3fe71ae524f2"
"ITR_RIOOLLEIDING_BETON_500","*","_","**","_","RI","_","ITR","_","RIOOLLEIDING","_","BETON","_","500","_","","_","","'-","","'-","G","'-","","","*_**_RI_ITR_RIOOLLEIDING_BETON_500","0.18","50","52","50","50","253","RI-ITR-SO","0.35","50","52","50","50","253","RI-ITR-SO","0.35","50","52","50","50","253","V-RI-ITR-SO","0.35","50","52","50","50","253","RI-ITR-SO","","","2026","2018","http://digitalbuildingdata.tech/nlcs/def/38d417c3-9517-458c-a690-cf14bbb5f9bc","http://digitalbuildingdata.tech/nlcs/def/39a79871-afb7-4431-ae52-cc7b15bd69f5"
"DRAINAGE_DRAIN_PP_100","*","_","**","_","RI","_","DRAINAGE","_","DRAIN","_","PP","_","100","_","","_","","'-","","'-","G","'-","","","*_**_RI_DRAINAGE_DRAIN_PP_100","0.18","90","92","90","90","253","RI-DRAINAGE-SO","0.35","90","92","90","90","253","RI-DRAINAGE-SO","0.35","90","92","90","90","253","V-RI-DRAINAGE-SO","0.35","90","92","90","90","253","RI-DRAINAGE-SO","","","1640","1639","http://digitalbuildingdata.tech/nlcs/def/a8fc2fa6-266e-4948-9a00-b3da2411d013","http://digitalbuildingdata.tech/nlcs/def/d243aa9e-12b5-4624-bdf7-103dbf30364c"
"HWA_RIOOLLEIDING_PVC_200","*","_","**","_","RI","_","HWA","_","RIOOLLEIDING","_","PVC","_","200","_","","_","","'-","","'-","G","'-","","","*_**_RI_HWA_RIOOLLEIDING_PVC_200","0.18","150","152","150","150","253","RI-HWA-SO","0.35","150","152","150","150","253","RI-HWA-SO","0.35","150","152","150","150","253","V-RI-HWA-SO","0.35","150","152","150","150","253","RI-HWA-SO","","","3786","3783","http://digitalbuildingdata.tech/nlcs/def/ccb0dbff-c1bc-401b-82c0-91eec45b25aa","http://digitalbuildingdata.tech/nlcs/def/df8638ad-ad1d-478c-95cb-1fd92a1b37c6"
"GWA_RIOOLLEIDING_PE_315","*","_","**","_","RI","_","GWA","_","RIOOLLEIDING","_","PE","_","315","_","","_","","'-","","'-","G","'-","","","*_**_RI_GWA_RIOOLLEIDING_PE_315","0.18","30","32","30","30","253","RI-GWA-SO","0.35","30","32","30","30","253","RI-GWA-SO","0.35","30","32","30","30","253","V-RI-GWA-SO","0.35","30","32","30","30","253","RI-GWA-SO","","","3655","3653","http://digitalbuildingdata.tech/nlcs/def/671d2549-073e-4adc-802d-1bc26d0ed7fd","http://digitalbuildingdata.tech/nlcs/def/e8278b56-43f9-449c-84b7-38cc14196127"
"GWA_TRANSPORTLEIDING_BETON_300","*","_","**","_","RI","_","GWA","_","TRANSPORTLEIDING","_","BETON","_","300","_","","_","","'-","","'-","G","'-","","","*_**_RI_GWA_TRANSPORTLEIDING_BETON_300","0.18","30","32","30","30","253","RI-GWA-SO","0.35","30","32","30","30","253","RI-GWA-SO","0.35","30","32","30","30","253","V-RI-GWA-SO","0.35","30","32","30","30","253","RI-GWA-SO","","","1738","1732","http://digitalbuildingdata.tech/nlcs/def/6eef11ea-5248-4c78-ac54-7201fc62dc9f","http://digitalbuildingdata.tech/nlcs/def/1c72bde5-631d-448a-a2ae-149c66d8840e"
"DWA_TRANSPORTLEIDING_BETON_1250","*","_","**","_","RI","_","DWA","_","TRANSPORTLEIDING","_","BETON","_","1250","_","","_","","'-","","'-","G","'-","","","*_**_RI_DWA_TRANSPORTLEIDING_BETON_1250","0.18","20","22","20","20","253","RI-DWA-SO","0.35","20","22","20","20","253","RI-DWA-SO","0.35","20","22","20","20","253","V-RI-DWA-SO","0.35","20","22","20","20","253","RI-DWA-SO","","","2289","2287","http://digitalbuildingdata.tech/nlcs/def/6057f7f1-1fe1-4c70-adfd-2255c09b22ea","http://digitalbuildingdata.tech/nlcs/def/584f42b4-9e2e-468c-a0ff-5b8e084f2c68"
"GWA_TRANSPORTLEIDING_PE_630","*","_","**","_","RI","_","GWA","_","TRANSPORTLEIDING","_","PE","_","630","_","","_","","'-","","'-","G","'-","","","*_**_RI_GWA_TRANSPORTLEIDING_PE_630","0.18","30","32","30","30","253","RI-GWA-SO","0.35","30","32","30","30","253","RI-GWA-SO","0.35","30","32","30","30","253","V-RI-GWA-SO","0.35","30","32","30","30","253","RI-GWA-SO","","","1775","1767","http://digitalbuildingdata.tech/nlcs/def/5fdca7eb-36ec-4e2b-b354-f100852eabf4","http://digitalbuildingdata.tech/nlcs/def/633a346d-21d7-49a4-a433-3fe71ae524f2"
"HWA_TRANSPORTLEIDING_PVC_315","*","_","**","_","RI","_","HWA","_","TRANSPORTLEIDING","_","PVC","_","315","_","","_","","'-","","'-","G","'-","","","*_**_RI_HWA_TRANSPORTLEIDING_PVC_315","0.18","150","152","150","150","253","RI-HWA-SO","0.35","150","152","150","150","253","RI-HWA-SO","0.35","150","152","150","150","253","V-RI-HWA-SO","0.35","150","152","150","150","253","RI-HWA-SO","","","1937","1933","http://digitalbuildingdata.tech/nlcs/def/7068b629-63f8-4d7d-8470-9a7ecb5d2edc","http://digitalbuildingdata.tech/nlcs/def/c5d33f81-85c3-493b-996d-ceb207f769b6"
"ITR_RIOOLLEIDING_PVC_200","*","_","**","_","RI","_","ITR","_","RIOOLLEIDING","_","PVC","_","200","_","","_","","'-","","'-","G","'-","","","*_**_RI_ITR_RIOOLLEIDING_PVC_200","0.18","50","52","50","50","253","RI-ITR-SO","0.35","50","52","50","50","253","RI-ITR-SO","0.35","50","52","50","50","253","V-RI-ITR-SO","0.35","50","52","50","50","253","RI-ITR-SO","","","2043","2041","http://digitalbuildingdata.tech/nlcs/def/e8b25424-64d5-4043-94d7-a15fd223e08a","http://digitalbuildingdata.tech/nlcs/def/c3ca6342-b098-4969-9282-0c3755c35f13"
"DWA_RIOOLLEIDING_PE_160","*","_","**","_","RI","_","DWA","_","RIOOLLEIDING","_","PE","_","160","_","","_","","'-","","'-","G","'-","","","*_**_RI_DWA_RIOOLLEIDING_PE_160","0.18","20","22","20","20","253","RI-DWA-SO","0.35","20","22","20","20","253","RI-DWA-SO","0.35","20","22","20","20","253","V-RI-DWA-SO","0.35","20","22","20","20","253","RI-DWA-SO","","","3981","3980","http://digitalbuildingdata.tech/nlcs/def/24307254-c9db-4490-9619-526947088937","http://digitalbuildingdata.tech/nlcs/def/f546eb55-eec2-4306-a8aa-b24078d81bd8"
"HWA_RIOOLLEIDING_BETON_1250","*","_","**","_","RI","_","HWA","_","RIOOLLEIDING","_","BETON","_","1250","_","","_","","'-","","'-","G","'-","","","*_**_RI_HWA_RIOOLLEIDING_BETON_1250","0.18","150","152","150","150","253","RI-HWA-SO","0.35","150","152","150","150","253","RI-HWA-SO","0.35","150","152","150","150","253","V-RI-HWA-SO","0.35","150","152","150","150","253","RI-HWA-SO","","","3713","3711","http://digitalbuildingdata.tech/nlcs/def/361327dd-a1d3-4420-ac0e-3b4d6a8be1a0","http://digitalbuildingdata.tech/nlcs/def/5437e98b-2362-43bd-a944-ccccdd7ab1ed"
"GWA_KOLKAANSLUITLEIDING_PVC_160","*","_","**","_","RI","_","GWA","_","KOLKAANSLUITLEIDING","_","PVC","_","160","_","","_","","'-","","'-","G","'-","","","*_**_RI_GWA_KOLKAANSLUITLEIDING_PVC_160","0.18","30","32","30","30","253","RI-GWA_AANSLUITLEIDING-SO","0.25","30","32","30","30","253","RI-GWA_AANSLUITLEIDING-SO","0.25","30","32","30","30","253","V-RI-GWA_AANSLUITLEIDING-SO","0.25","30","32","30","30","253","RI-GWA_AANSLUITLEIDING-SO","","","1698","1695","http://digitalbuildingdata.tech/nlcs/def/dc8947f2-5705-4f48-9435-bac05d9bd65a","http://digitalbuildingdata.tech/nlcs/def/ff3dae2f-5129-422a-9911-e207a900dd0a"
"ITR_RIOOLLEIDING_BETON_800","*","_","**","_","RI","_","ITR","_","RIOOLLEIDING","_","BETON","_","800","_","","_","","'-","","'-","G","'-","","","*_**_RI_ITR_RIOOLLEIDING_BETON_800","0.18","50","52","50","50","253","RI-ITR-SO","0.35","50","52","50","50","253","RI-ITR-SO","0.35","50","52","50","50","253","V-RI-ITR-SO","0.35","50","52","50","50","253","RI-ITR-SO","","","2029","2018","http://digitalbuildingdata.tech/nlcs/def/ea51e355-e49b-4784-82c9-f2bb279e7bd0","http://digitalbuildingdata.tech/nlcs/def/39a79871-afb7-4431-ae52-cc7b15bd69f5"
"DRAINAGE_DRAIN_PP_160","*","_","**","_","RI","_","DRAINAGE","_","DRAIN","_","PP","_","160","_","","_","","'-","","'-","G","'-","","","*_**_RI_DRAINAGE_DRAIN_PP_160","0.18","90","92","90","90","253","RI-DRAINAGE-SO","0.35","90","92","90","90","253","RI-DRAINAGE-SO","0.35","90","92","90","90","253","V-RI-DRAINAGE-SO","0.35","90","92","90","90","253","RI-DRAINAGE-SO","","","1642","1639","http://digitalbuildingdata.tech/nlcs/def/a03ee612-6f7c-4df9-aed4-4b6915ae09dd","http://digitalbuildingdata.tech/nlcs/def/d243aa9e-12b5-4624-bdf7-103dbf30364c"
"DWA_RIOOLPUT_POMPPUT_PE","*","_","**","_","RI","_","DWA","_","RIOOLPUT","_","POMPPUT","_","PE","_","","_","","'-","","'-","G","'-","","","*_**_RI_DWA_RIOOLPUT_POMPPUT_PE","0.18","20","22","20","20","253","CONTINUOUS","0.35","20","22","20","20","253","CONTINUOUS","0.35","20","22","20","20","253","V-CONTINUOUS-SO","0.35","20","22","20","20","253","CONTINUOUS","","","2271","2269","http://digitalbuildingdata.tech/nlcs/def/8e22a29b-6ff0-47f9-bfd5-6596837f5fd9","http://digitalbuildingdata.tech/nlcs/def/872245fa-fff3-4f46-9ed9-359b56acc95b"
"GWA_PERCEELAANSLUITLEIDING_GRES_150","*","_","**","_","RI","_","GWA","_","PERCEELAANSLUITLEIDING","_","GRES","_","150","_","","_","","'-","","'-","G","'-","","","*_**_RI_GWA_PERCEELAANSLUITLEIDING_GRES_150","0.18","30","32","30","30","253","RI-GWA_AANSLUITLEIDING-SO","0.25","30","32","30","30","253","RI-GWA_AANSLUITLEIDING-SO","0.25","30","32","30","30","253","V-RI-GWA_AANSLUITLEIDING-SO","0.25","30","32","30","30","253","RI-GWA_AANSLUITLEIDING-SO","","","1671","1668","http://digitalbuildingdata.tech/nlcs/def/6e88b852-26c4-4369-bb2c-e73c0956b0cf","http://digitalbuildingdata.tech/nlcs/def/ca1dcae8-0044-4fa3-8815-09972d598b0c"
"HWA_RIOOLLEIDING_GRES_700","*","_","**","_","RI","_","HWA","_","RIOOLLEIDING","_","GRES","_","700","_","","_","","'-","","'-","G","'-","","","*_**_RI_HWA_RIOOLLEIDING_GRES_700","0.18","150","152","150","150","253","RI-HWA-SO","0.35","150","152","150","150","253","RI-HWA-SO","0.35","150","152","150","150","253","V-RI-HWA-SO","0.35","150","152","150","150","253","RI-HWA-SO","","","3743","3735","http://digitalbuildingdata.tech/nlcs/def/b5d8bd0f-0f27-4ccd-9be4-58e77874b0cf","http://digitalbuildingdata.tech/nlcs/def/0a4d5ac1-341e-4251-ad30-c2dab536dff3"
"GWA_TRANSPORTLEIDING_PE_250","*","_","**","_","RI","_","GWA","_","TRANSPORTLEIDING","_","PE","_","250","_","","_","","'-","","'-","G","'-","","","*_**_RI_GWA_TRANSPORTLEIDING_PE_250","0.18","30","32","30","30","253","RI-GWA-SO","0.35","30","32","30","30","253","RI-GWA-SO","0.35","30","32","30","30","253","V-RI-GWA-SO","0.35","30","32","30","30","253","RI-GWA-SO","","","3689","1767","http://digitalbuildingdata.tech/nlcs/def/b080e2c3-7ebb-4b94-8de5-1be22b5189c4","http://digitalbuildingdata.tech/nlcs/def/633a346d-21d7-49a4-a433-3fe71ae524f2"
"DRAINAGE_PUT_DRAINAGEPUT_BETON","*","_","**","_","RI","_","DRAINAGE","_","PUT","_","DRAINAGEPUT","_","BETON","_","","_","","'-","","'-","G","'-","","","*_**_RI_DRAINAGE_PUT_DRAINAGEPUT_BETON","0.18","90","92","90","90","253","CONTINUOUS","0.35","90","92","90","90","253","CONTINUOUS","0.35","90","92","90","90","253","V-CONTINUOUS-SO","0.35","90","92","90","90","253","CONTINUOUS","","","3594","3593","http://digitalbuildingdata.tech/nlcs/def/53035630-18a4-41f1-8e45-09a1f9948b63","http://digitalbuildingdata.tech/nlcs/def/1b2bf080-a7a7-470d-9155-caed2683b42e"
"HWA_RIOOLLEIDING_GVK_1400","*","_","**","_","RI","_","HWA","_","RIOOLLEIDING","_","GVK","_","1400","_","","_","","'-","","'-","G","'-","","","*_**_RI_HWA_RIOOLLEIDING_GVK_1400","0.18","150","152","150","150","253","RI-HWA-SO","0.35","150","152","150","150","253","RI-HWA-SO","0.35","150","152","150","150","253","V-RI-HWA-SO","0.35","150","152","150","150","253","RI-HWA-SO","","","3750","3746","http://digitalbuildingdata.tech/nlcs/def/9ae8e6c2-c0f5-4809-b25d-69eb818481cb","http://digitalbuildingdata.tech/nlcs/def/ee332402-a94e-437a-a767-43019214a0a2"
"ITR_PERCEELAANSLUITLEIDING_PVC_110","*","_","**","_","RI","_","ITR","_","PERCEELAANSLUITLEIDING","_","PVC","_","110","_","","_","","'-","","'-","G","'-","","","*_**_RI_ITR_PERCEELAANSLUITLEIDING_PVC_110","0.18","50","52","50","50","253","RI-ITR_AANSLUITLEIDING-SO","0.25","50","52","50","50","253","RI-ITR_AANSLUITLEIDING-SO","0.25","50","52","50","50","253","V-RI-ITR_AANSLUITLEIDING-SO","0.25","50","52","50","50","253","RI-ITR_AANSLUITLEIDING-SO","","","1955","1954","http://digitalbuildingdata.tech/nlcs/def/19276c39-56a4-41ad-bc90-2e4371c95e2f","http://digitalbuildingdata.tech/nlcs/def/3e8d7619-4c52-4d42-b9c0-8ca0278b976a"
"ITR_RIOOLLEIDING_BETON_250","*","_","**","_","RI","_","ITR","_","RIOOLLEIDING","_","BETON","_","250","_","","_","","'-","","'-","G","'-","","","*_**_RI_ITR_RIOOLLEIDING_BETON_250","0.18","50","52","50","50","253","RI-ITR-SO","0.35","50","52","50","50","253","RI-ITR-SO","0.35","50","52","50","50","253","V-RI-ITR-SO","0.35","50","52","50","50","253","RI-ITR-SO","","","2023","2018","http://digitalbuildingdata.tech/nlcs/def/8fc26a4b-543b-4e3f-a78b-377e0ee0578f","http://digitalbuildingdata.tech/nlcs/def/39a79871-afb7-4431-ae52-cc7b15bd69f5"
"HWA_PERCEELAANSLUITLEIDING_PE_63","*","_","**","_","RI","_","HWA","_","PERCEELAANSLUITLEIDING","_","PE","_","63","_","","_","","'-","","'-","G","'-","","","*_**_RI_HWA_PERCEELAANSLUITLEIDING_PE_63","0.18","150","152","150","150","253","RI-HWA_AANSLUITLEIDING-SO","0.25","150","152","150","150","253","RI-HWA_AANSLUITLEIDING-SO","0.25","150","152","150","150","253","V-RI-HWA_AANSLUITLEIDING-SO","0.25","150","152","150","150","253","RI-HWA_AANSLUITLEIDING-SO","","","1802","1800","http://digitalbuildingdata.tech/nlcs/def/81c2a1d6-4dd8-4756-a5c6-a008d18bb355","http://digitalbuildingdata.tech/nlcs/def/ac819a86-bc36-4f89-a3e0-094271573589"
"DWA_PERCEELAANSLUITLEIDING_GRES_150","*","_","**","_","RI","_","DWA","_","PERCEELAANSLUITLEIDING","_","GRES","_","150","_","","_","","'-","","'-","G","'-","","","*_**_RI_DWA_PERCEELAANSLUITLEIDING_GRES_150","0.18","20","22","20","20","253","RI-DWA_AANSLUITLEIDING-SO","0.25","20","22","20","20","253","RI-DWA_AANSLUITLEIDING-SO","0.25","20","22","20","20","253","V-RI-DWA_AANSLUITLEIDING-SO","0.25","20","22","20","20","253","RI-DWA_AANSLUITLEIDING-SO","","","2231","2228","http://digitalbuildingdata.tech/nlcs/def/e2b7ce4a-b8ee-4047-be83-919629e4aad1","http://digitalbuildingdata.tech/nlcs/def/f33f99e1-205d-480d-8545-d4935ffe5e27"
"ITR_RIOOLLEIDING_PVC_250","*","_","**","_","RI","_","ITR","_","RIOOLLEIDING","_","PVC","_","250","_","","_","","'-","","'-","G","'-","","","*_**_RI_ITR_RIOOLLEIDING_PVC_250","0.18","50","52","50","50","253","RI-ITR-SO","0.35","50","52","50","50","253","RI-ITR-SO","0.35","50","52","50","50","253","V-RI-ITR-SO","0.35","50","52","50","50","253","RI-ITR-SO","","","2044","2041","http://digitalbuildingdata.tech/nlcs/def/74200ff7-f4ad-40c7-987c-504d6413fc19","http://digitalbuildingdata.tech/nlcs/def/c3ca6342-b098-4969-9282-0c3755c35f13"
"HWA_TRANSPORTLEIDING_BETON_800","*","_","**","_","RI","_","HWA","_","TRANSPORTLEIDING","_","BETON","_","800","_","","_","","'-","","'-","G","'-","","","*_**_RI_HWA_TRANSPORTLEIDING_BETON_800","0.18","150","152","150","150","253","RI-HWA-SO","0.35","150","152","150","150","253","RI-HWA-SO","0.35","150","152","150","150","253","V-RI-HWA-SO","0.35","150","152","150","150","253","RI-HWA-SO","","","1872","1861","http://digitalbuildingdata.tech/nlcs/def/f8594f3b-3658-4a22-a95b-b3c89fc31456","http://digitalbuildingdata.tech/nlcs/def/54fafb69-12cb-4927-9265-927bd8defd6e"
"HWA_TRANSPORTLEIDING_PVC_250","*","_","**","_","RI","_","HWA","_","TRANSPORTLEIDING","_","PVC","_","250","_","","_","","'-","","'-","G","'-","","","*_**_RI_HWA_TRANSPORTLEIDING_PVC_250","0.18","150","152","150","150","253","RI-HWA-SO","0.35","150","152","150","150","253","RI-HWA-SO","0.35","150","152","150","150","253","V-RI-HWA-SO","0.35","150","152","150","150","253","RI-HWA-SO","","","1936","1933","http://digitalbuildingdata.tech/nlcs/def/ed51275f-b57d-441c-912a-9f9adbe3bb9f","http://digitalbuildingdata.tech/nlcs/def/c5d33f81-85c3-493b-996d-ceb207f769b6"
"ITR_RIOOLLEIDING_PE_500","*","_","**","_","RI","_","ITR","_","RIOOLLEIDING","_","PE","_","500","_","","_","","'-","","'-","G","'-","","","*_**_RI_ITR_RIOOLLEIDING_PE_500","0.18","50","52","50","50","253","RI-ITR-SO","0.35","50","52","50","50","253","RI-ITR-SO","0.35","50","52","50","50","253","V-RI-ITR-SO","0.35","50","52","50","50","253","RI-ITR-SO","","","2038","2031","http://digitalbuildingdata.tech/nlcs/def/c6c1b593-c8e7-4f21-90eb-08631787a12b","http://digitalbuildingdata.tech/nlcs/def/6c5ac269-37b0-424e-a5bf-9ee9e31c0f8e"
"DWA_TRANSPORTLEIDING_BETON_2000","*","_","**","_","RI","_","DWA","_","TRANSPORTLEIDING","_","BETON","_","2000","_","","_","","'-","","'-","G","'-","","","*_**_RI_DWA_TRANSPORTLEIDING_BETON_2000","0.18","20","22","20","20","253","RI-DWA-SO","0.35","20","22","20","20","253","RI-DWA-SO","0.35","20","22","20","20","253","V-RI-DWA-SO","0.35","20","22","20","20","253","RI-DWA-SO","","","2291","2287","http://digitalbuildingdata.tech/nlcs/def/44b93b6a-9bb0-4f5d-a5fc-c91876e2a8e9","http://digitalbuildingdata.tech/nlcs/def/584f42b4-9e2e-468c-a0ff-5b8e084f2c68"
"GWA_TRANSPORTLEIDING_PVC_400","*","_","**","_","RI","_","GWA","_","TRANSPORTLEIDING","_","PVC","_","400","_","","_","","'-","","'-","G","'-","","","*_**_RI_GWA_TRANSPORTLEIDING_PVC_400","0.18","30","32","30","30","253","RI-GWA-SO","0.35","30","32","30","30","253","RI-GWA-SO","0.35","30","32","30","30","253","V-RI-GWA-SO","0.35","30","32","30","30","253","RI-GWA-SO","","","1781","1776","http://digitalbuildingdata.tech/nlcs/def/7fcaa43b-2745-4c3b-8b4a-f881bac1792d","http://digitalbuildingdata.tech/nlcs/def/59a6ead1-8c1c-43cc-a929-f96ecc6d08b7"
"DRAINAGE_DRAIN_PVC_200","*","_","**","_","RI","_","DRAINAGE","_","DRAIN","_","PVC","_","200","_","","_","","'-","","'-","G","'-","","","*_**_RI_DRAINAGE_DRAIN_PVC_200","0.18","90","92","90","90","253","RI-DRAINAGE-SO","0.35","90","92","90","90","253","RI-DRAINAGE-SO","0.35","90","92","90","90","253","V-RI-DRAINAGE-SO","0.35","90","92","90","90","253","RI-DRAINAGE-SO","","","1650","1646","http://digitalbuildingdata.tech/nlcs/def/1dc85fbf-3c8e-43ed-b8a4-1a92fe6e70e8","http://digitalbuildingdata.tech/nlcs/def/b9dfcdaa-7da4-4eae-80df-9c843d03ba1e"
"DWA_TRANSPORTLEIDING_PVC_630","*","_","**","_","RI","_","DWA","_","TRANSPORTLEIDING","_","PVC","_","630","_","","_","","'-","","'-","G","'-","","","*_**_RI_DWA_TRANSPORTLEIDING_PVC_630","0.18","20","22","20","20","253","RI-DWA-SO","0.35","20","22","20","20","253","RI-DWA-SO","0.35","20","22","20","20","253","V-RI-DWA-SO","0.35","20","22","20","20","253","RI-DWA-SO","","","2339","2332","http://digitalbuildingdata.tech/nlcs/def/2b7153cd-c42c-4e57-a697-5ba66d95c7f0","http://digitalbuildingdata.tech/nlcs/def/e9757dfb-e619-41e3-aa8a-55e8017e5631"
"DWA_RIOOLPUT_ZANDVANGPUT_BETON","*","_","**","_","RI","_","DWA","_","RIOOLPUT","_","ZANDVANGPUT","_","BETON","_","","_","","'-","","'-","G","'-","","","*_**_RI_DWA_RIOOLPUT_ZANDVANGPUT_BETON","0.18","20","22","20","20","253","CONTINUOUS","0.35","20","22","20","20","253","CONTINUOUS","0.35","20","22","20","20","253","V-CONTINUOUS-SO","0.35","20","22","20","20","253","CONTINUOUS","","","2281","2280","http://digitalbuildingdata.tech/nlcs/def/ec601641-bf03-4353-a571-f2c186778560","http://digitalbuildingdata.tech/nlcs/def/0e963231-9d3e-4722-8baf-c251c3ebd357"
"DWA_TRANSPORTLEIDING_PE_250","*","_","**","_","RI","_","DWA","_","TRANSPORTLEIDING","_","PE","_","250","_","","_","","'-","","'-","G","'-","","","*_**_RI_DWA_TRANSPORTLEIDING_PE_250","0.18","20","22","20","20","253","RI-DWA-SO","0.35","20","22","20","20","253","RI-DWA-SO","0.35","20","22","20","20","253","V-RI-DWA-SO","0.35","20","22","20","20","253","RI-DWA-SO","","","2324","2322","http://digitalbuildingdata.tech/nlcs/def/11de8f60-933b-416b-8fde-08d1a9e7425d","http://digitalbuildingdata.tech/nlcs/def/0c46efea-4092-4fe4-a3de-738c4b07c72d"
"HWA_GOOT_VERHOLENGOOT_ZANDVANGER","*","_","**","_","RI","_","HWA","_","GOOT","_","VERHOLENGOOT","_","ZANDVANGER","_","","_","","'-","","'-","G","'-","","","*_**_RI_HWA_GOOT_VERHOLENGOOT_ZANDVANGER","0.18","150","152","150","150","253","CONTINUOUS","0.35","150","152","150","150","253","CONTINUOUS","0.35","150","152","150","150","253","V-CONTINUOUS-SO","0.35","150","152","150","150","253","CONTINUOUS","","","3696","3695","http://digitalbuildingdata.tech/nlcs/def/fae2fb68-18ed-4a79-98b3-a23e4e975c59","http://digitalbuildingdata.tech/nlcs/def/527140a5-d8d3-4e5e-bdd9-dad2322d9321"
"HWA_RIOOLLEIDING_GRES_300","*","_","**","_","RI","_","HWA","_","RIOOLLEIDING","_","GRES","_","300","_","","_","","'-","","'-","G","'-","","","*_**_RI_HWA_RIOOLLEIDING_GRES_300","0.18","150","152","150","150","253","RI-HWA-SO","0.35","150","152","150","150","253","RI-HWA-SO","0.35","150","152","150","150","253","V-RI-HWA-SO","0.35","150","152","150","150","253","RI-HWA-SO","","","3739","3735","http://digitalbuildingdata.tech/nlcs/def/9723df17-ab09-4ab2-8c2e-2dce20553e6d","http://digitalbuildingdata.tech/nlcs/def/0a4d5ac1-341e-4251-ad30-c2dab536dff3"
"GWA_RIOOLLEIDING_BETON_250","*","_","**","_","RI","_","GWA","_","RIOOLLEIDING","_","BETON","_","250","_","","_","","'-","","'-","G","'-","","","*_**_RI_GWA_RIOOLLEIDING_BETON_250","0.18","30","32","30","30","253","RI-GWA-SO","0.35","30","32","30","30","253","RI-GWA-SO","0.35","30","32","30","30","253","V-RI-GWA-SO","0.35","30","32","30","30","253","RI-GWA-SO","","","3623","3618","http://digitalbuildingdata.tech/nlcs/def/797be4f6-0ccf-4baf-90d5-63ff4675db79","http://digitalbuildingdata.tech/nlcs/def/4e97e45e-8845-4428-b5b4-bcc0735ca47b"
"HWA_TRANSPORTLEIDING_GRES_800","*","_","**","_","RI","_","HWA","_","TRANSPORTLEIDING","_","GRES","_","800","_","","_","","'-","","'-","G","'-","","","*_**_RI_HWA_TRANSPORTLEIDING_GRES_800","0.18","150","152","150","150","253","RI-HWA-SO","0.35","150","152","150","150","253","RI-HWA-SO","0.35","150","152","150","150","253","V-RI-HWA-SO","0.35","150","152","150","150","253","RI-HWA-SO","","","1894","1885","http://digitalbuildingdata.tech/nlcs/def/cb7ae823-7724-48eb-bc5d-cf58d00cd05d","http://digitalbuildingdata.tech/nlcs/def/f9f5e866-adf4-4406-b11a-d81b32bb2314"
"DWA_TRANSPORTLEIDING_GRES_200","*","_","**","_","RI","_","DWA","_","TRANSPORTLEIDING","_","GRES","_","200","_","","_","","'-","","'-","G","'-","","","*_**_RI_DWA_TRANSPORTLEIDING_GRES_200","0.18","20","22","20","20","253","RI-DWA-SO","0.35","20","22","20","20","253","RI-DWA-SO","0.35","20","22","20","20","253","V-RI-DWA-SO","0.35","20","22","20","20","253","RI-DWA-SO","","","2313","2311","http://digitalbuildingdata.tech/nlcs/def/e89019af-8b3c-43f6-b5c8-1a62473f6c07","http://digitalbuildingdata.tech/nlcs/def/d635a418-c9c6-4464-b71d-57c389ef5790"
"HWA_RIOOLLEIDING_GRES_200","*","_","**","_","RI","_","HWA","_","RIOOLLEIDING","_","GRES","_","200","_","","_","","'-","","'-","G","'-","","","*_**_RI_HWA_RIOOLLEIDING_GRES_200","0.18","150","152","150","150","253","RI-HWA-SO","0.35","150","152","150","150","253","RI-HWA-SO","0.35","150","152","150","150","253","V-RI-HWA-SO","0.35","150","152","150","150","253","RI-HWA-SO","","","3737","3735","http://digitalbuildingdata.tech/nlcs/def/899d3118-c8eb-4d6a-b3bb-6b17dcf50829","http://digitalbuildingdata.tech/nlcs/def/0a4d5ac1-341e-4251-ad30-c2dab536dff3"
"ITR_RIOOLLEIDING_BETON_1250","*","_","**","_","RI","_","ITR","_","RIOOLLEIDING","_","BETON","_","1250","_","","_","","'-","","'-","G","'-","","","*_**_RI_ITR_RIOOLLEIDING_BETON_1250","0.18","50","52","50","50","253","RI-ITR-SO","0.35","50","52","50","50","253","RI-ITR-SO","0.35","50","52","50","50","253","V-RI-ITR-SO","0.35","50","52","50","50","253","RI-ITR-SO","","","2020","2018","http://digitalbuildingdata.tech/nlcs/def/d409ba4e-f203-4bd5-9248-865fb95fcd8c","http://digitalbuildingdata.tech/nlcs/def/39a79871-afb7-4431-ae52-cc7b15bd69f5"
"HWA_RIOOLLEIDING_PVC_125","*","_","**","_","RI","_","HWA","_","RIOOLLEIDING","_","PVC","_","125","_","","_","","'-","","'-","G","'-","","","*_**_RI_HWA_RIOOLLEIDING_PVC_125","0.18","150","152","150","150","253","RI-HWA-SO","0.35","150","152","150","150","253","RI-HWA-SO","0.35","150","152","150","150","253","V-RI-HWA-SO","0.35","150","152","150","150","253","RI-HWA-SO","","","3784","3783","http://digitalbuildingdata.tech/nlcs/def/050d3b4b-ec4f-441d-a7c0-32cd5d562bed","http://digitalbuildingdata.tech/nlcs/def/df8638ad-ad1d-478c-95cb-1fd92a1b37c6"
"ITR_RIOOLLEIDING_PVC_160","*","_","**","_","RI","_","ITR","_","RIOOLLEIDING","_","PVC","_","160","_","","_","","'-","","'-","G","'-","","","*_**_RI_ITR_RIOOLLEIDING_PVC_160","0.18","50","52","50","50","253","RI-ITR-SO","0.35","50","52","50","50","253","RI-ITR-SO","0.35","50","52","50","50","253","V-RI-ITR-SO","0.35","50","52","50","50","253","RI-ITR-SO","","","2042","2041","http://digitalbuildingdata.tech/nlcs/def/b661f63a-bffa-4372-b8c7-a589cf1c88dc","http://digitalbuildingdata.tech/nlcs/def/c3ca6342-b098-4969-9282-0c3755c35f13"
"HWA_TRANSPORTLEIDING_BETON_1500","*","_","**","_","RI","_","HWA","_","TRANSPORTLEIDING","_","BETON","_","1500","_","","_","","'-","","'-","G","'-","","","*_**_RI_HWA_TRANSPORTLEIDING_BETON_1500","0.18","150","152","150","150","253","RI-HWA-SO","0.35","150","152","150","150","253","RI-HWA-SO","0.35","150","152","150","150","253","V-RI-HWA-SO","0.35","150","152","150","150","253","RI-HWA-SO","","","1864","1861","http://digitalbuildingdata.tech/nlcs/def/7398522a-405f-4df9-abc2-9bcf2f4be107","http://digitalbuildingdata.tech/nlcs/def/54fafb69-12cb-4927-9265-927bd8defd6e"
"HWA_TRANSPORTLEIDING_GVK_2400","*","_","**","_","RI","_","HWA","_","TRANSPORTLEIDING","_","GVK","_","2400","_","","_","","'-","","'-","G","'-","","","*_**_RI_HWA_TRANSPORTLEIDING_GVK_2400","0.18","150","152","150","150","253","RI-HWA-SO","0.35","150","152","150","150","253","RI-HWA-SO","0.35","150","152","150","150","253","V-RI-HWA-SO","0.35","150","152","150","150","253","RI-HWA-SO","","","1909","1896","http://digitalbuildingdata.tech/nlcs/def/0de6a1da-02c0-421e-ab69-9fd585a2f971","http://digitalbuildingdata.tech/nlcs/def/9eb2bf51-e3db-4178-bff6-0bfdea80b25a"
"HWA_KOLKAANSLUITLEIDING_PE_110","*","_","**","_","RI","_","HWA","_","KOLKAANSLUITLEIDING","_","PE","_","110","_","","_","","'-","","'-","G","'-","","","*_**_RI_HWA_KOLKAANSLUITLEIDING_PE_110","0.18","150","152","150","150","253","RI-HWA_AANSLUITLEIDING-SO","0.25","150","152","150","150","253","RI-HWA_AANSLUITLEIDING-SO","0.25","150","152","150","150","253","V-RI-HWA_AANSLUITLEIDING-SO","0.25","150","152","150","150","253","RI-HWA_AANSLUITLEIDING-SO","","","1819","1818","http://digitalbuildingdata.tech/nlcs/def/3463a874-4e19-40c1-912e-715ad4b6278e","http://digitalbuildingdata.tech/nlcs/def/34ad2ff9-f434-42ae-9fea-9bc415e23541"
"DRAINAGE_DRAIN_PVC_160","*","_","**","_","RI","_","DRAINAGE","_","DRAIN","_","PVC","_","160","_","","_","","'-","","'-","G","'-","","","*_**_RI_DRAINAGE_DRAIN_PVC_160","0.18","90","92","90","90","253","RI-DRAINAGE-SO","0.35","90","92","90","90","253","RI-DRAINAGE-SO","0.35","90","92","90","90","253","V-RI-DRAINAGE-SO","0.35","90","92","90","90","253","RI-DRAINAGE-SO","","","1649","1646","http://digitalbuildingdata.tech/nlcs/def/0519f715-ac1a-4205-8647-2608e1a3d6da","http://digitalbuildingdata.tech/nlcs/def/b9dfcdaa-7da4-4eae-80df-9c843d03ba1e"
"DWA_RIOOLLEIDING_PE_630","*","_","**","_","RI","_","DWA","_","RIOOLLEIDING","_","PE","_","630","_","","_","","'-","","'-","G","'-","","","*_**_RI_DWA_RIOOLLEIDING_PE_630","0.18","20","22","20","20","253","RI-DWA-SO","0.35","20","22","20","20","253","RI-DWA-SO","0.35","20","22","20","20","253","V-RI-DWA-SO","0.35","20","22","20","20","253","RI-DWA-SO","","","3989","3980","http://digitalbuildingdata.tech/nlcs/def/0ea5ace5-f9b7-48c7-9fcf-4ede2565a149","http://digitalbuildingdata.tech/nlcs/def/f546eb55-eec2-4306-a8aa-b24078d81bd8"
"DWA_PERCEELAANSLUITLEIDING_PE_90","*","_","**","_","RI","_","DWA","_","PERCEELAANSLUITLEIDING","_","PE","_","90","_","","_","","'-","","'-","G","'-","","","*_**_RI_DWA_PERCEELAANSLUITLEIDING_PE_90","0.18","20","22","20","20","253","RI-DWA_AANSLUITLEIDING-SO","0.25","20","22","20","20","253","RI-DWA_AANSLUITLEIDING-SO","0.25","20","22","20","20","253","V-RI-DWA_AANSLUITLEIDING-SO","0.25","20","22","20","20","253","RI-DWA_AANSLUITLEIDING-SO","","","2236","2232","http://digitalbuildingdata.tech/nlcs/def/4d14e112-dbc9-415f-be85-2dc174d37dbf","http://digitalbuildingdata.tech/nlcs/def/9037e415-c08e-4db0-9aa2-c90ac822803c"
"HWA_TRANSPORTLEIDING_GVK_1100","*","_","**","_","RI","_","HWA","_","TRANSPORTLEIDING","_","GVK","_","1100","_","","_","","'-","","'-","G","'-","","","*_**_RI_HWA_TRANSPORTLEIDING_GVK_1100","0.18","150","152","150","150","253","RI-HWA-SO","0.35","150","152","150","150","253","RI-HWA-SO","0.35","150","152","150","150","253","V-RI-HWA-SO","0.35","150","152","150","150","253","RI-HWA-SO","","","1898","1896","http://digitalbuildingdata.tech/nlcs/def/b5d73b6b-e15a-45b3-aa51-cfbc02224448","http://digitalbuildingdata.tech/nlcs/def/9eb2bf51-e3db-4178-bff6-0bfdea80b25a"
"HWA_RIOOLLEIDING_BETON_250","*","_","**","_","RI","_","HWA","_","RIOOLLEIDING","_","BETON","_","250","_","","_","","'-","","'-","G","'-","","","*_**_RI_HWA_RIOOLLEIDING_BETON_250","0.18","150","152","150","150","253","RI-HWA-SO","0.35","150","152","150","150","253","RI-HWA-SO","0.35","150","152","150","150","253","V-RI-HWA-SO","0.35","150","152","150","150","253","RI-HWA-SO","","","3716","3711","http://digitalbuildingdata.tech/nlcs/def/81e8df14-135e-4a1f-a848-865e50573a37","http://digitalbuildingdata.tech/nlcs/def/5437e98b-2362-43bd-a944-ccccdd7ab1ed"
"ITR_RIOOLPUT_POMPPUT_BETON","*","_","**","_","RI","_","ITR","_","RIOOLPUT","_","POMPPUT","_","BETON","_","","_","","'-","","'-","G","'-","","","*_**_RI_ITR_RIOOLPUT_POMPPUT_BETON","0.18","50","52","50","50","253","CONTINUOUS","0.35","50","52","50","50","253","CONTINUOUS","0.35","50","52","50","50","253","V-CONTINUOUS-SO","0.35","50","52","50","50","253","CONTINUOUS","","","2006","2005","http://digitalbuildingdata.tech/nlcs/def/f9a208f6-e13e-4d33-8c29-a14d1bee23c8","http://digitalbuildingdata.tech/nlcs/def/fedd164d-484e-412d-884f-2da153832099"
"HWA_RIOOLLEIDING_PVC_250","*","_","**","_","RI","_","HWA","_","RIOOLLEIDING","_","PVC","_","250","_","","_","","'-","","'-","G","'-","","","*_**_RI_HWA_RIOOLLEIDING_PVC_250","0.18","150","152","150","150","253","RI-HWA-SO","0.35","150","152","150","150","253","RI-HWA-SO","0.35","150","152","150","150","253","V-RI-HWA-SO","0.35","150","152","150","150","253","RI-HWA-SO","","","3787","3783","http://digitalbuildingdata.tech/nlcs/def/ba29c65e-49c4-4735-aa46-9c843ea179f4","http://digitalbuildingdata.tech/nlcs/def/df8638ad-ad1d-478c-95cb-1fd92a1b37c6"
"DWA_TRANSPORTLEIDING_PVC_160","*","_","**","_","RI","_","DWA","_","TRANSPORTLEIDING","_","PVC","_","160","_","","_","","'-","","'-","G","'-","","","*_**_RI_DWA_TRANSPORTLEIDING_PVC_160","0.18","20","22","20","20","253","RI-DWA-SO","0.35","20","22","20","20","253","RI-DWA-SO","0.35","20","22","20","20","253","V-RI-DWA-SO","0.35","20","22","20","20","253","RI-DWA-SO","","","2333","2332","http://digitalbuildingdata.tech/nlcs/def/f91508e6-8471-4251-ab24-0c68140a056b","http://digitalbuildingdata.tech/nlcs/def/e9757dfb-e619-41e3-aa8a-55e8017e5631"
"GWA_TRANSPORTLEIDING_PVC_315","*","_","**","_","RI","_","GWA","_","TRANSPORTLEIDING","_","PVC","_","315","_","","_","","'-","","'-","G","'-","","","*_**_RI_GWA_TRANSPORTLEIDING_PVC_315","0.18","30","32","30","30","253","RI-GWA-SO","0.35","30","32","30","30","253","RI-GWA-SO","0.35","30","32","30","30","253","V-RI-GWA-SO","0.35","30","32","30","30","253","RI-GWA-SO","","","1780","1776","http://digitalbuildingdata.tech/nlcs/def/1a8f87b8-32c9-4576-b598-60301c5546aa","http://digitalbuildingdata.tech/nlcs/def/59a6ead1-8c1c-43cc-a929-f96ecc6d08b7"
"GWA_RIOOLPUT_INSPECTIEPUT_BETON","*","_","**","_","RI","_","GWA","_","RIOOLPUT","_","INSPECTIEPUT","_","BETON","_","","_","","'-","","'-","G","'-","","","*_**_RI_GWA_RIOOLPUT_INSPECTIEPUT_BETON","0.18","30","32","30","30","253","CONTINUOUS","0.35","30","32","30","30","253","CONTINUOUS","0.35","30","32","30","30","253","V-CONTINUOUS-SO","0.35","30","32","30","30","253","CONTINUOUS","","","1711","1710","http://digitalbuildingdata.tech/nlcs/def/98c32146-8f45-423b-b3fc-59da31f45675","http://digitalbuildingdata.tech/nlcs/def/9ebe5da1-d2e4-45f2-84de-923c5c1f1f4c"
"GWA_RIOOLPUT_INSPECTIEPUT_PE","*","_","**","_","RI","_","GWA","_","RIOOLPUT","_","INSPECTIEPUT","_","PE","_","","_","","'-","","'-","G","'-","","","*_**_RI_GWA_RIOOLPUT_INSPECTIEPUT_PE","0.18","30","32","30","30","253","CONTINUOUS","0.35","30","32","30","30","253","CONTINUOUS","0.35","30","32","30","30","253","V-CONTINUOUS-SO","0.35","30","32","30","30","253","CONTINUOUS","","","1712","1710","http://digitalbuildingdata.tech/nlcs/def/53612e50-7a78-45fa-909f-4761467b23b9","http://digitalbuildingdata.tech/nlcs/def/9ebe5da1-d2e4-45f2-84de-923c5c1f1f4c"
"GWA_TRANSPORTLEIDING_GRES_200","*","_","**","_","RI","_","GWA","_","TRANSPORTLEIDING","_","GRES","_","200","_","","_","","'-","","'-","G","'-","","","*_**_RI_GWA_TRANSPORTLEIDING_GRES_200","0.18","30","32","30","30","253","RI-GWA-SO","0.35","30","32","30","30","253","RI-GWA-SO","0.35","30","32","30","30","253","V-RI-GWA-SO","0.35","30","32","30","30","253","RI-GWA-SO","","","1758","1756","http://digitalbuildingdata.tech/nlcs/def/9d8904e0-7332-405f-8a88-cdd4395722b1","http://digitalbuildingdata.tech/nlcs/def/a390306b-774c-469d-9087-5c9468c55f16"
"GWA_KOLK_RWSKOLK","*","_","**","_","RI","_","GWA","_","KOLK","_","RWSKOLK","_","","_","","_","","'-","","'-","G/S","'-","","B-SRI-KOLK_RWS-SO; SRI-KOLK_RWS-SO; V-SRI-KOLK_RWS-SO","*_**_RI_GWA_KOLK_RWSKOLK","0.18","30","32","30","30","253","CONTINUOUS","0.35","30","32","30","30","253","CONTINUOUS","0.35","30","32","30","30","253","V-CONTINUOUS-SO","0.35","30","32","30","30","253","CONTINUOUS","","","1687","1685","http://digitalbuildingdata.tech/nlcs/def/b2b603e9-88a5-4065-9074-01c917302f31","http://digitalbuildingdata.tech/nlcs/def/8d061b9c-4343-425d-8533-73d683578659"
"VACUUMLEIDING_HULPSTUK_VERLOOPSTUK","*","_","**","_","RI","_","VACUUMLEIDING","_","HULPSTUK","_","VERLOOPSTUK","_","","_","","_","","'-","","'-","G/S","'-","","SRI-HULP_VERLOOPSTUK-SO; V-SRI-HULP_VERLOOPSTUK-SO","*_**_RI_VACUUMLEIDING_HULPSTUK_VERLOOPSTUK","0.18","10","12","10","10","253","CONTINUOUS","0.35","10","12","10","10","253","CONTINUOUS","0.35","10","12","10","10","253","V-CONTINUOUS-SO","0.35","10","12","10","10","253","CONTINUOUS","","","3910","2208","http://digitalbuildingdata.tech/nlcs/def/9b15fc18-814b-4e15-934c-253dc16bcb49","http://digitalbuildingdata.tech/nlcs/def/cbf780ad-68ad-475b-be86-fcf5180b1934"
"HWA_HULPSTUK_AFSLUITER","*","_","**","_","RI","_","HWA","_","HULPSTUK","_","AFSLUITER","_","","_","","_","","'-","","'-","G/S","'-","","SRI-HULP_AFSLUITER-SO; V-SRI-HULP_AFSLUITER-SO","*_**_RI_HWA_HULPSTUK_AFSLUITER","0.18","150","152","150","150","253","CONTINUOUS","0.35","150","152","150","150","253","CONTINUOUS","0.35","150","152","150","150","253","V-CONTINUOUS-SO","0.35","150","152","150","150","253","CONTINUOUS","","","3697","1809","http://digitalbuildingdata.tech/nlcs/def/72cb56a5-6792-46d8-b508-0d54bb2bb011","http://digitalbuildingdata.tech/nlcs/def/a2e7a4b2-77d0-4cfe-84b4-09332ebc2f34"
"ITR_KOLK_TROTTOIRKOLK","*","_","**","_","RI","_","ITR","_","KOLK","_","TROTTOIRKOLK","_","","_","","_","","'-","","'-","G/S","'-","","B-SRI-KOLK_TROTTOIR-SO; SRI-KOLK_TROTTOIR-SO; V-SRI-KOLK_TROTTOIR-SO","*_**_RI_ITR_KOLK_TROTTOIRKOLK","0.18","50","52","50","50","253","CONTINUOUS","0.35","50","52","50","50","253","CONTINUOUS","0.35","50","52","50","50","253","V-CONTINUOUS-SO","0.35","50","52","50","50","253","CONTINUOUS","","","1965","1961","http://digitalbuildingdata.tech/nlcs/def/523c0447-c9d0-4e3e-b038-076a439f2188","http://digitalbuildingdata.tech/nlcs/def/aa138c2e-57de-464b-aa2b-308bcd859490"
"VACUUMLEIDING_RIOOLPUT_POMPPUT","*","_","**","_","RI","_","VACUUMLEIDING","_","RIOOLPUT","_","POMPPUT","_","","_","","_","","'-","","'-","G/S","'-","","B-SRI-PUT_POMPPUT-SO; SRI-PUT_POMPPUT-SO; V-SRI-PUT_POMPPUT-SO","*_**_RI_VACUUMLEIDING_RIOOLPUT_POMPPUT","0.18","10","12","10","10","253","CONTINUOUS","0.35","10","12","10","10","253","CONTINUOUS","0.35","10","12","10","10","253","V-CONTINUOUS-SO","0.35","10","12","10","10","253","CONTINUOUS","","","2216","2214","http://digitalbuildingdata.tech/nlcs/def/29b34b48-ce23-454f-886e-0fa4892efa08","http://digitalbuildingdata.tech/nlcs/def/1545a06b-897a-493a-b487-654387adb4c7"
"GWA_RIOOLPUT_OVERSTORTPUT","*","_","**","_","RI","_","GWA","_","RIOOLPUT","_","OVERSTORTPUT","_","","_","","_","","'-","","'-","G/S","'-","","B-SRI-PUT_OVERSTORT-SO; SRI-PUT_OVERSTORT-SO; V-SRI-PUT_OVERSTORT-SO","*_**_RI_GWA_RIOOLPUT_OVERSTORTPUT","0.18","30","32","30","30","253","CONTINUOUS","0.35","30","32","30","30","253","CONTINUOUS","0.35","30","32","30","30","253","V-CONTINUOUS-SO","0.35","30","32","30","30","253","CONTINUOUS","","","1716","1703","http://digitalbuildingdata.tech/nlcs/def/6da69639-e30f-4239-8d6d-3e5b1785398d","http://digitalbuildingdata.tech/nlcs/def/1e8c5556-7c7c-4a1d-bf1e-66db371ee81b"
"ITR_HULPSTUK_BELUCHTING","*","_","**","_","RI","_","ITR","_","HULPSTUK","_","BELUCHTING","_","","_","","_","","'-","","'-","G/S","'-","","SRI-HULP_BELUCHTING-SO; V-SRI-HULP_BELUCHTING-SO","*_**_RI_ITR_HULPSTUK_BELUCHTING","0.18","50","52","50","50","253","CONTINUOUS","0.35","50","52","50","50","253","CONTINUOUS","0.35","50","52","50","50","253","V-CONTINUOUS-SO","0.35","50","52","50","50","253","CONTINUOUS","","","3809","1958","http://digitalbuildingdata.tech/nlcs/def/517844a9-8878-4e94-bb0d-8d91e4a9c8d0","http://digitalbuildingdata.tech/nlcs/def/73a74d5b-dfa4-48f9-bb71-837270fb4b68"
"GWA_LOZEPUT_VOLGEZAND","*","_","**","_","RI","_","GWA","_","LOZEPUT","_","VOLGEZAND","_","","_","","_","","'-","","'-","G/S","'-","","SRI-PUT_INSPECTIE-SO; V-SRI-PUT_INSPECTIE-SO","*_**_RI_GWA_LOZEPUT_VOLGEZAND","0.18","30","32","30","30","253","CONTINUOUS","0.35","30","32","30","30","253","CONTINUOUS","0.35","30","32","30","30","253","V-CONTINUOUS-SO","0.35","30","32","30","30","253","CONTINUOUS","","","3688","3686","http://digitalbuildingdata.tech/nlcs/def/f0d71f3e-0169-463c-af2f-7072363e1e01","http://digitalbuildingdata.tech/nlcs/def/66cc9463-bd6d-468c-847c-8b61283a9de4"
"DRAINAGE_HULPSTUK_SPUIKRAAN","*","_","**","_","RI","_","DRAINAGE","_","HULPSTUK","_","SPUIKRAAN","_","","_","","_","","'-","","'-","G/S","'-","","SRI-HULP_SPUIKRAAN-SO; V-SRI-HULP_SPUIKRAAN-SO","*_**_RI_DRAINAGE_HULPSTUK_SPUIKRAAN","0.18","90","92","90","90","253","CONTINUOUS","0.35","90","92","90","90","253","CONTINUOUS","0.35","90","92","90","90","253","V-CONTINUOUS-SO","0.35","90","92","90","90","253","CONTINUOUS","","","3589","1653","http://digitalbuildingdata.tech/nlcs/def/805b6c74-88bb-458d-ae61-97248347d261","http://digitalbuildingdata.tech/nlcs/def/69a1128e-1a85-4d08-97db-2abc6d313804"
"DWA_RIOOLPUT_BLINDEPUT","*","_","**","_","RI","_","DWA","_","RIOOLPUT","_","BLINDEPUT","_","","_","","_","","'-","","'-","G/S","'-","","SRI-PUT_BLINDEPUT-SO; V-SRI-PUT_BLINDEPUT-SO","*_**_RI_DWA_RIOOLPUT_BLINDEPUT","0.18","20","22","20","20","253","CONTINUOUS","0.35","20","22","20","20","253","CONTINUOUS","0.35","20","22","20","20","253","V-CONTINUOUS-SO","0.35","20","22","20","20","253","CONTINUOUS","","","2252","2250","http://digitalbuildingdata.tech/nlcs/def/8e9b7db0-00e4-4e38-8438-c5550e58b0e6","http://digitalbuildingdata.tech/nlcs/def/5907c42e-e386-4162-a216-1cbe71218422"
"DWA_RIOOLPUT_OVERSTORTPUT","*","_","**","_","RI","_","DWA","_","RIOOLPUT","_","OVERSTORTPUT","_","","_","","_","","'-","","'-","G/S","'-","","B-SRI-PUT_OVERSTORT-SO; SRI-PUT_OVERSTORT-SO; V-SRI-PUT_OVERSTORT-SO","*_**_RI_DWA_RIOOLPUT_OVERSTORTPUT","0.18","20","22","20","20","253","CONTINUOUS","0.35","20","22","20","20","253","CONTINUOUS","0.35","20","22","20","20","253","V-CONTINUOUS-SO","0.35","20","22","20","20","253","CONTINUOUS","","","2266","2250","http://digitalbuildingdata.tech/nlcs/def/3abff1a5-8695-439f-ab97-a5cf2637bbc9","http://digitalbuildingdata.tech/nlcs/def/5907c42e-e386-4162-a216-1cbe71218422"
"DWA_RIOOLPUT_VALPUT","*","_","**","_","RI","_","DWA","_","RIOOLPUT","_","VALPUT","_","","_","","_","","'-","","'-","G/S","'-","","SRI-PUT_VALPUT-SO; V-SRI-PUT_VALPUT-SO","*_**_RI_DWA_RIOOLPUT_VALPUT","0.18","20","22","20","20","253","CONTINUOUS","0.35","20","22","20","20","253","CONTINUOUS","0.35","20","22","20","20","253","V-CONTINUOUS-SO","0.35","20","22","20","20","253","CONTINUOUS","","","2277","2250","http://digitalbuildingdata.tech/nlcs/def/df764dd7-bc8b-4531-856d-a3c107f66c36","http://digitalbuildingdata.tech/nlcs/def/5907c42e-e386-4162-a216-1cbe71218422"
"GWA_HULPSTUK_KEERKLEP","*","_","**","_","RI","_","GWA","_","HULPSTUK","_","KEERKLEP","_","","_","","_","","'-","","'-","G/S","'-","","SRI-HULP_KEERKLEP-SO; V-SRI-HULP_KEERKLEP-SO","*_**_RI_GWA_HULPSTUK_KEERKLEP","0.18","30","32","30","30","253","CONTINUOUS","0.35","30","32","30","30","253","CONTINUOUS","0.35","30","32","30","30","253","V-CONTINUOUS-SO","0.35","30","32","30","30","253","CONTINUOUS","","","3603","1681","http://digitalbuildingdata.tech/nlcs/def/a2c9893f-0745-498e-b530-782ee801a88a","http://digitalbuildingdata.tech/nlcs/def/05961bf1-99fd-4b7c-a055-c07ff1aefc70"
"HWA_RIOOLPUT_STUWPUT","*","_","**","_","RI","_","HWA","_","RIOOLPUT","_","STUWPUT","_","","_","","_","","'-","","'-","G/S","'-","","SRI-PUT_STUWPUT-SO; V-SRI-PUT_STUWPUT-SO","*_**_RI_HWA_RIOOLPUT_STUWPUT","0.18","150","152","150","150","253","CONTINUOUS","0.35","150","152","150","150","253","CONTINUOUS","0.35","150","152","150","150","253","V-CONTINUOUS-SO","0.35","150","152","150","150","253","CONTINUOUS","","","1851","1832","http://digitalbuildingdata.tech/nlcs/def/9c6dc92b-169a-48ca-95d0-7ca0468e0feb","http://digitalbuildingdata.tech/nlcs/def/4a4e0491-d0ae-4fec-9b8d-32835ebe6b36"
"GWA_RIOOLPUT_DOORSPOELPUT","*","_","**","_","RI","_","GWA","_","RIOOLPUT","_","DOORSPOELPUT","_","","_","","_","","'-","","'-","G/S","'-","","SRI-PUT_INSPECTIE-SO; V-SRI-PUT_INSPECTIE-SO","*_**_RI_GWA_RIOOLPUT_DOORSPOELPUT","0.18","30","32","30","30","253","CONTINUOUS","0.35","30","32","30","30","253","CONTINUOUS","0.35","30","32","30","30","253","V-CONTINUOUS-SO","0.35","30","32","30","30","253","CONTINUOUS","","","3679","1703","http://digitalbuildingdata.tech/nlcs/def/b0bac912-11d7-49e3-bb87-69d014df819e","http://digitalbuildingdata.tech/nlcs/def/1e8c5556-7c7c-4a1d-bf1e-66db371ee81b"
"ITR_HULPSTUK_SCHOONMAAKSTUK","*","_","**","_","RI","_","ITR","_","HULPSTUK","_","SCHOONMAAKSTUK","_","","_","","_","","'-","","'-","G/S","'-","","SRI-HULP_SCHOONMAAKSTUK-SO; V-SRI-HULP_SCHOONMAAKSTUK-SO","*_**_RI_ITR_HULPSTUK_SCHOONMAAKSTUK","0.18","50","52","50","50","253","CONTINUOUS","0.35","50","52","50","50","253","CONTINUOUS","0.35","50","52","50","50","253","V-CONTINUOUS-SO","0.35","50","52","50","50","253","CONTINUOUS","","","3813","1958","http://digitalbuildingdata.tech/nlcs/def/c2b079f9-0be5-4d01-935a-30bb6f23866b","http://digitalbuildingdata.tech/nlcs/def/73a74d5b-dfa4-48f9-bb71-837270fb4b68"
"GWA_RIOOLPUT_INSPECTIEPUT","*","_","**","_","RI","_","GWA","_","RIOOLPUT","_","INSPECTIEPUT","_","","_","","_","","'-","","'-","G/S","'-","","B-SRI-PUT_GWA-SO; SRI-PUT_GWA-SO; V-SRI-PUT_GWA-SO","*_**_RI_GWA_RIOOLPUT_INSPECTIEPUT","0.18","30","32","30","30","253","CONTINUOUS","0.35","30","32","30","30","253","CONTINUOUS","0.35","30","32","30","30","253","V-CONTINUOUS-SO","0.35","30","32","30","30","253","CONTINUOUS","","","1710","1703","http://digitalbuildingdata.tech/nlcs/def/9ebe5da1-d2e4-45f2-84de-923c5c1f1f4c","http://digitalbuildingdata.tech/nlcs/def/1e8c5556-7c7c-4a1d-bf1e-66db371ee81b"
"VACUUMLEIDING_HULPSTUK_ONTLUCHTING","*","_","**","_","RI","_","VACUUMLEIDING","_","HULPSTUK","_","ONTLUCHTING","_","","_","","_","","'-","","'-","G/S","'-","","SRI-HULP_ONTLUCHTING-SO; V-SRI-HULP_ONTLUCHTING-SO","*_**_RI_VACUUMLEIDING_HULPSTUK_ONTLUCHTING","0.18","10","12","10","10","253","CONTINUOUS","0.35","10","12","10","10","253","CONTINUOUS","0.35","10","12","10","10","253","V-CONTINUOUS-SO","0.35","10","12","10","10","253","CONTINUOUS","","","3907","2208","http://digitalbuildingdata.tech/nlcs/def/c898cb88-0792-4905-a618-7f2bf3ff58a1","http://digitalbuildingdata.tech/nlcs/def/cbf780ad-68ad-475b-be86-fcf5180b1934"
"HWA_AANSLUITPUT_ONTSTOPPINGSPUT","*","_","**","_","RI","_","HWA","_","AANSLUITPUT","_","ONTSTOPPINGSPUT","_","","_","","_","","'-","","'-","G/S","'-","","SRI-PUT_ONTSTOPPINGSPUT-SO; V-SRI-PUT_ONTSTOPPINGSPUT-SO","*_**_RI_HWA_AANSLUITPUT_ONTSTOPPINGSPUT","0.18","150","152","150","150","253","CONTINUOUS","0.35","150","152","150","150","253","CONTINUOUS","0.35","150","152","150","150","253","V-CONTINUOUS-SO","0.35","150","152","150","150","253","CONTINUOUS","","","1842","3800","http://digitalbuildingdata.tech/nlcs/def/2ceb3441-7ff4-4e24-ab63-d598b75e5ad1","http://digitalbuildingdata.tech/nlcs/def/f814227f-01d4-43bd-a822-4b0b8a548ae0"
"PERSLEIDING_HULPSTUK_AFSLUITER","*","_","**","_","RI","_","PERSLEIDING","_","HULPSTUK","_","AFSLUITER","_","","_","","_","","'-","","'-","G/S","'-","","SRI-HULP_AFSLUITER-SO; V-SRI-HULP_AFSLUITER-SO","*_**_RI_PERSLEIDING_HULPSTUK_AFSLUITER","0.18","210","212","210","210","253","CONTINUOUS","0.35","210","212","210","210","253","CONTINUOUS","0.35","210","212","210","210","253","V-CONTINUOUS-SO","0.35","210","212","210","210","253","CONTINUOUS","","","3848","2068","http://digitalbuildingdata.tech/nlcs/def/2f72d4b6-305e-4e7b-bb25-49207e568038","http://digitalbuildingdata.tech/nlcs/def/ed9bc207-ac54-4d3c-807c-55d35817b812"
"OVERIG_RIOOLPUT_BETON","*","_","**","_","RI","_","OVERIG","_","RIOOLPUT","_","BETON","_","","_","","_","","'-","","'-","G/S","'-","","B-SRI-PUT_BETON-SO; SRI-PUT_BETON-SO; V-SRI-PUT_BETON-SO","*_**_RI_OVERIG_RIOOLPUT_BETON","0.18","10","12","10","10","253","CONTINUOUS","0.35","10","12","10","10","253","CONTINUOUS","0.35","10","12","10","10","253","CONTINUOUS","0.35","10","12","10","10","253","CONTINUOUS","","","3065","3064","http://digitalbuildingdata.tech/nlcs/def/e648679b-de5b-401b-be54-b90c31e0f596","http://digitalbuildingdata.tech/nlcs/def/6f8537d3-442e-4f76-b217-98604636609e"
"HWA_RIOOLPUT_ZANDVANGPUT","*","_","**","_","RI","_","HWA","_","RIOOLPUT","_","ZANDVANGPUT","_","","_","","_","","'-","","'-","G/S","'-","","SRI-PUT_ZANDVANGPUT-SO; V-SRI-PUT_ZANDVANGPUT-SO","*_**_RI_HWA_RIOOLPUT_ZANDVANGPUT","0.18","150","152","150","150","253","CONTINUOUS","0.35","150","152","150","150","253","CONTINUOUS","0.35","150","152","150","150","253","V-CONTINUOUS-SO","0.35","150","152","150","150","253","CONTINUOUS","","","4052","1832","http://digitalbuildingdata.tech/nlcs/def/2095e3d0-6b2b-4169-9873-8829e605cdeb","http://digitalbuildingdata.tech/nlcs/def/4a4e0491-d0ae-4fec-9b8d-32835ebe6b36"
"ITR_HULPSTUK_VERLOOPSTUK","*","_","**","_","RI","_","ITR","_","HULPSTUK","_","VERLOOPSTUK","_","","_","","_","","'-","","'-","G/S","'-","","SRI-HULP_VERLOOPSTUK-SO; V-SRI-HULP_VERLOOPSTUK-SO","*_**_RI_ITR_HULPSTUK_VERLOOPSTUK","0.18","50","52","50","50","253","CONTINUOUS","0.35","50","52","50","50","253","CONTINUOUS","0.35","50","52","50","50","253","V-CONTINUOUS-SO","0.35","50","52","50","50","253","CONTINUOUS","","","3815","1958","http://digitalbuildingdata.tech/nlcs/def/d0fe4941-5a83-41e7-9cf3-88d54e7481cf","http://digitalbuildingdata.tech/nlcs/def/73a74d5b-dfa4-48f9-bb71-837270fb4b68"
"PERSLEIDING_HULPSTUK_ONTLUCHTING","*","_","**","_","RI","_","PERSLEIDING","_","HULPSTUK","_","ONTLUCHTING","_","","_","","_","","'-","","'-","G/S","'-","","SRI-HULP_ONTLUCHTING-SO; V-SRI-HULP_ONTLUCHTING-SO","*_**_RI_PERSLEIDING_HULPSTUK_ONTLUCHTING","0.18","210","212","210","210","253","CONTINUOUS","0.35","210","212","210","210","253","CONTINUOUS","0.35","210","212","210","210","253","V-CONTINUOUS-SO","0.35","210","212","210","210","253","CONTINUOUS","","","3852","2068","http://digitalbuildingdata.tech/nlcs/def/3c49c8c0-8111-425d-a984-6a07e1f6ee04","http://digitalbuildingdata.tech/nlcs/def/ed9bc207-ac54-4d3c-807c-55d35817b812"
"DWA_HULPSTUK_AFSLUITER","*","_","**","_","RI","_","DWA","_","HULPSTUK","_","AFSLUITER","_","","_","","_","","'-","","'-","G/S","'-","","SRI-HULP_AFSLUITER-SO; V-SRI-HULP_AFSLUITER-SO","*_**_RI_DWA_HULPSTUK_AFSLUITER","0.18","20","22","20","20","253","CONTINUOUS","0.35","20","22","20","20","253","CONTINUOUS","0.35","20","22","20","20","253","V-CONTINUOUS-SO","0.35","20","22","20","20","253","CONTINUOUS","","","3931","2241","http://digitalbuildingdata.tech/nlcs/def/3feb9895-0180-4167-993d-8f71dd125685","http://digitalbuildingdata.tech/nlcs/def/ecdaa4de-aaac-4fce-93f8-63a32389a4d1"
"ITR_RIOOLPUT_VALPUT","*","_","**","_","RI","_","ITR","_","RIOOLPUT","_","VALPUT","_","","_","","_","","'-","","'-","G/S","'-","","SRI-PUT_VALPUT-SO; V-SRI-PUT_VALPUT-SO","*_**_RI_ITR_RIOOLPUT_VALPUT","0.18","50","52","50","50","253","CONTINUOUS","0.35","50","52","50","50","253","CONTINUOUS","0.35","50","52","50","50","253","V-CONTINUOUS-SO","0.35","50","52","50","50","253","CONTINUOUS","","","2011","1989","http://digitalbuildingdata.tech/nlcs/def/552a9141-6897-4c6e-9215-5f1cd84bcbca","http://digitalbuildingdata.tech/nlcs/def/f19102cc-19ee-4726-bd16-b9afb6d2abd1"
"GWA_AANSLUITPUT_ONTSTOPPINGSPUT","*","_","**","_","RI","_","GWA","_","AANSLUITPUT","_","ONTSTOPPINGSPUT","_","","_","","_","","'-","","'-","G/S","'-","","SRI-PUT_ONTSTOPPINGSPUT-SO; V-SRI-PUT_ONTSTOPPINGSPUT-SO","*_**_RI_GWA_AANSLUITPUT_ONTSTOPPINGSPUT","0.18","30","32","30","30","253","CONTINUOUS","0.35","30","32","30","30","253","CONTINUOUS","0.35","30","32","30","30","253","V-CONTINUOUS-SO","0.35","30","32","30","30","253","CONTINUOUS","","","1713","3675","http://digitalbuildingdata.tech/nlcs/def/ae6235bc-a807-47c1-ac99-e025d17e2db8","http://digitalbuildingdata.tech/nlcs/def/adafa5bd-7ff2-466b-a7f9-60f9539f3d05"
"ITR_HULPSTUK_EINDKAP","*","_","**","_","RI","_","ITR","_","HULPSTUK","_","EINDKAP","_","","_","","_","","'-","","'-","G/S","'-","","SRI-HULP_EINDKAP-SO; V-SRI-HULP_EINDKAP-SO","*_**_RI_ITR_HULPSTUK_EINDKAP","0.18","50","52","50","50","253","CONTINUOUS","0.35","50","52","50","50","253","CONTINUOUS","0.35","50","52","50","50","253","V-CONTINUOUS-SO","0.35","50","52","50","50","253","CONTINUOUS","","","3810","1958","http://digitalbuildingdata.tech/nlcs/def/ce8c1600-3305-4ba5-9a3c-5350c8f4f4fa","http://digitalbuildingdata.tech/nlcs/def/73a74d5b-dfa4-48f9-bb71-837270fb4b68"
"VACUUMLEIDING_HULPSTUK_BELUCHTING","*","_","**","_","RI","_","VACUUMLEIDING","_","HULPSTUK","_","BELUCHTING","_","","_","","_","","'-","","'-","G/S","'-","","SRI-HULP_BELUCHTING-SO; V-SRI-HULP_BELUCHTING-SO","*_**_RI_VACUUMLEIDING_HULPSTUK_BELUCHTING","0.18","10","12","10","10","253","CONTINUOUS","0.35","10","12","10","10","253","CONTINUOUS","0.35","10","12","10","10","253","V-CONTINUOUS-SO","0.35","10","12","10","10","253","CONTINUOUS","","","3904","2208","http://digitalbuildingdata.tech/nlcs/def/b95ac9ce-e69b-4726-b292-8d0d89ecd0ec","http://digitalbuildingdata.tech/nlcs/def/cbf780ad-68ad-475b-be86-fcf5180b1934"
"ITR_RIOOLPUT_METSELWERK","*","_","**","_","RI","_","ITR","_","RIOOLPUT","_","METSELWERK","_","","_","","_","","'-","","'-","G/S","'-","","B-SRI-PUT_METSELWERK-SO; SRI-PUT_METSELWERK-SO; V-SRI-PUT_METSELWERK-SO","*_**_RI_ITR_RIOOLPUT_METSELWERK","0.18","50","52","50","50","253","CONTINUOUS","0.35","50","52","50","50","253","CONTINUOUS","0.35","50","52","50","50","253","V-CONTINUOUS-SO","0.35","50","52","50","50","253","CONTINUOUS","","","3839","1989","http://digitalbuildingdata.tech/nlcs/def/097c6dbe-f056-4ea7-bb60-dbfd1ab15359","http://digitalbuildingdata.tech/nlcs/def/f19102cc-19ee-4726-bd16-b9afb6d2abd1"
"DRAINAGE_HULPSTUK_INLAAT","*","_","**","_","RI","_","DRAINAGE","_","HULPSTUK","_","INLAAT","_","","_","","_","","'-","","'-","G/S","'-","","SRI-HULP_INLAAT-SO; V-SRI-HULP_INLAAT-SO","*_**_RI_DRAINAGE_HULPSTUK_INLAAT","0.18","90","92","90","90","253","CONTINUOUS","0.25","90","92","90","90","253","CONTINUOUS","0.25","90","92","90","90","253","CONTINUOUS","0.25","90","92","90","90","253","CONTINUOUS","","","3491","1653","http://digitalbuildingdata.tech/nlcs/def/b21f6e79-0614-4424-85a0-b8b5fe97bba4","http://digitalbuildingdata.tech/nlcs/def/69a1128e-1a85-4d08-97db-2abc6d313804"
"DRAINAGE_HULPSTUK_VERLOOPSTUK","*","_","**","_","RI","_","DRAINAGE","_","HULPSTUK","_","VERLOOPSTUK","_","","_","","_","","'-","","'-","G/S","'-","","SRI-HULP_VERLOOPSTUK-SO; V-SRI-HULP_VERLOOPSTUK-SO","*_**_RI_DRAINAGE_HULPSTUK_VERLOOPSTUK","0.18","90","92","90","90","253","CONTINUOUS","0.35","90","92","90","90","253","CONTINUOUS","0.35","90","92","90","90","253","V-CONTINUOUS-SO","0.35","90","92","90","90","253","CONTINUOUS","","","3590","1653","http://digitalbuildingdata.tech/nlcs/def/2f0add67-ee04-44be-addb-c05176b24357","http://digitalbuildingdata.tech/nlcs/def/69a1128e-1a85-4d08-97db-2abc6d313804"
"GWA_RIOOLPUT_POMPPUT","*","_","**","_","RI","_","GWA","_","RIOOLPUT","_","POMPPUT","_","","_","","_","","'-","","'-","G/S","'-","","B-SRI-PUT_POMPPUT-SO; SRI-PUT_POMPPUT-SO; V-SRI-PUT_POMPPUT-SO","*_**_RI_GWA_RIOOLPUT_POMPPUT","0.18","30","32","30","30","253","CONTINUOUS","0.35","30","32","30","30","253","CONTINUOUS","0.35","30","32","30","30","253","V-CONTINUOUS-SO","0.35","30","32","30","30","253","CONTINUOUS","","","1719","1703","http://digitalbuildingdata.tech/nlcs/def/571f50c5-bb07-435f-91e8-6a5f4e201303","http://digitalbuildingdata.tech/nlcs/def/1e8c5556-7c7c-4a1d-bf1e-66db371ee81b"
"DRAINAGE_HULPSTUK_SCHOONMAAKSTUK","*","_","**","_","RI","_","DRAINAGE","_","HULPSTUK","_","SCHOONMAAKSTUK","_","","_","","_","","'-","","'-","G/S","'-","","SRI-HULP_SCHOONMAAKSTUK-SO; V-SRI-HULP_SCHOONMAAKSTUK-SO","*_**_RI_DRAINAGE_HULPSTUK_SCHOONMAAKSTUK","0.18","90","92","90","90","253","CONTINUOUS","0.35","90","92","90","90","253","CONTINUOUS","0.35","90","92","90","90","253","V-CONTINUOUS-SO","0.35","90","92","90","90","253","CONTINUOUS","","","3588","1653","http://digitalbuildingdata.tech/nlcs/def/9f665d6b-a723-4a94-a0d1-6cbaebf175cf","http://digitalbuildingdata.tech/nlcs/def/69a1128e-1a85-4d08-97db-2abc6d313804"
"VACUUMLEIDING_RIOOLPUT_BETON","*","_","**","_","RI","_","VACUUMLEIDING","_","RIOOLPUT","_","BETON","_","","_","","_","","'-","","'-","G/S","'-","","B-SRI-PUT_BETON-SO; SRI-PUT_BETON-SO; V-SRI-PUT_BETON-SO","*_**_RI_VACUUMLEIDING_RIOOLPUT_BETON","0.18","10","12","10","10","253","CONTINUOUS","0.35","10","12","10","10","253","CONTINUOUS","0.35","10","12","10","10","253","V-CONTINUOUS-SO","0.35","10","12","10","10","253","CONTINUOUS","","","3916","2214","http://digitalbuildingdata.tech/nlcs/def/417b2718-527d-4406-8fa1-6cd96a796877","http://digitalbuildingdata.tech/nlcs/def/1545a06b-897a-493a-b487-654387adb4c7"
"DRAINAGE_HULPSTUK_KEERKLEP","*","_","**","_","RI","_","DRAINAGE","_","HULPSTUK","_","KEERKLEP","_","","_","","_","","'-","","'-","G/S","'-","","SRI-HULP_KEERKLEP-SO; V-SRI-HULP_KEERKLEP-SO","*_**_RI_DRAINAGE_HULPSTUK_KEERKLEP","0.18","90","92","90","90","253","CONTINUOUS","0.35","90","92","90","90","253","CONTINUOUS","0.35","90","92","90","90","253","V-CONTINUOUS-SO","0.35","90","92","90","90","253","CONTINUOUS","","","3585","1653","http://digitalbuildingdata.tech/nlcs/def/8d84e9de-47f8-4fd4-9cf3-7d4ad8770c18","http://digitalbuildingdata.tech/nlcs/def/69a1128e-1a85-4d08-97db-2abc6d313804"
"HWA_RIOOLPUT_BLINDEPUT","*","_","**","_","RI","_","HWA","_","RIOOLPUT","_","BLINDEPUT","_","","_","","_","","'-","","'-","G/S","'-","","SRI-PUT_BLINDEPUT-SO; V-SRI-PUT_BLINDEPUT-SO","*_**_RI_HWA_RIOOLPUT_BLINDEPUT","0.18","150","152","150","150","253","CONTINUOUS","0.35","150","152","150","150","253","CONTINUOUS","0.35","150","152","150","150","253","V-CONTINUOUS-SO","0.35","150","152","150","150","253","CONTINUOUS","","","1834","1832","http://digitalbuildingdata.tech/nlcs/def/d206dfe9-5e97-4ac0-9ad8-17f96cc98867","http://digitalbuildingdata.tech/nlcs/def/4a4e0491-d0ae-4fec-9b8d-32835ebe6b36"
"PERSLEIDING_RIOOLPUT_STUWPUT","*","_","**","_","RI","_","PERSLEIDING","_","RIOOLPUT","_","STUWPUT","_","","_","","_","","'-","","'-","G/S","'-","","SRI-PUT_STUWPUT-SO; V-SRI-PUT_STUWPUT-SO","*_**_RI_PERSLEIDING_RIOOLPUT_STUWPUT","0.18","210","212","210","210","253","CONTINUOUS","0.35","210","212","210","210","253","CONTINUOUS","0.35","210","212","210","210","253","V-CONTINUOUS-SO","0.35","210","212","210","210","253","CONTINUOUS","","","2077","2074","http://digitalbuildingdata.tech/nlcs/def/5c774b88-87a0-4285-8699-daff8f1ae296","http://digitalbuildingdata.tech/nlcs/def/cc878310-5886-4dab-9a5b-914812cf2c76"
"ITR_HULPSTUK_ONTLUCHTING","*","_","**","_","RI","_","ITR","_","HULPSTUK","_","ONTLUCHTING","_","","_","","_","","'-","","'-","G/S","'-","","SRI-HULP_ONTLUCHTING-SO; V-SRI-HULP_ONTLUCHTING-SO","*_**_RI_ITR_HULPSTUK_ONTLUCHTING","0.18","50","52","50","50","253","CONTINUOUS","0.35","50","52","50","50","253","CONTINUOUS","0.35","50","52","50","50","253","V-CONTINUOUS-SO","0.35","50","52","50","50","253","CONTINUOUS","","","3812","1958","http://digitalbuildingdata.tech/nlcs/def/1924478d-79c4-462d-b1a7-fcd408e0daae","http://digitalbuildingdata.tech/nlcs/def/73a74d5b-dfa4-48f9-bb71-837270fb4b68"
"DWA_HULPSTUK_EINDKAP","*","_","**","_","RI","_","DWA","_","HULPSTUK","_","EINDKAP","_","","_","","_","","'-","","'-","G/S","'-","","SRI-HULP_EINDKAP-SO; V-SRI-HULP_EINDKAP-SO","*_**_RI_DWA_HULPSTUK_EINDKAP","0.18","20","22","20","20","253","CONTINUOUS","0.35","20","22","20","20","253","CONTINUOUS","0.35","20","22","20","20","253","V-CONTINUOUS-SO","0.35","20","22","20","20","253","CONTINUOUS","","","3933","2241","http://digitalbuildingdata.tech/nlcs/def/3f206b07-4385-4fd2-aa19-c99f1cf68928","http://digitalbuildingdata.tech/nlcs/def/ecdaa4de-aaac-4fce-93f8-63a32389a4d1"
"DRAINAGE_PUT_DOORSPUITPUT","*","_","**","_","RI","_","DRAINAGE","_","PUT","_","DOORSPUITPUT","_","","_","","_","","'-","","'-","G/S","'-","","B-SRI-PUT_DRAIN_DOORSPUIT-SO; SRI-PUT_DRAIN_DOORSPUIT-SO; V-SRI-PUT_DRAIN_DOORSPUIT-SO","*_**_RI_DRAINAGE_PUT_DOORSPUITPUT","0.18","90","92","90","90","253","CONTINUOUS","0.35","90","92","90","90","253","CONTINUOUS","0.35","90","92","90","90","253","V-CONTINUOUS-SO","0.35","90","92","90","90","253","CONTINUOUS","","","1657","1656","http://digitalbuildingdata.tech/nlcs/def/b5c07458-6da8-4fd4-abd7-f646ee80482d","http://digitalbuildingdata.tech/nlcs/def/0fa0f3ff-44ba-401c-950d-54b83f32c5ab"
"DWA_AANSLUITPUT_ONTSTOPPINGSPUT","*","_","**","_","RI","_","DWA","_","AANSLUITPUT","_","ONTSTOPPINGSPUT","_","","_","","_","","'-","","'-","G/S","'-","","SRI-PUT_ONTSTOPPINGSPUT-SO; V-SRI-PUT_ONTSTOPPINGSPUT-SO","*_**_RI_DWA_AANSLUITPUT_ONTSTOPPINGSPUT","0.18","20","22","20","20","253","CONTINUOUS","0.35","20","22","20","20","253","CONTINUOUS","0.35","20","22","20","20","253","V-CONTINUOUS-SO","0.35","20","22","20","20","253","CONTINUOUS","","","2263","3998","http://digitalbuildingdata.tech/nlcs/def/b9bec5d8-f49b-4a53-99bb-eb7cd9fa2d50","http://digitalbuildingdata.tech/nlcs/def/cc95661f-c3b5-41d4-9f28-d88b38ee9128"
"HWA_KOLK_RWSKOLK","*","_","**","_","RI","_","HWA","_","KOLK","_","RWSKOLK","_","","_","","_","","'-","","'-","G/S","'-","","B-SRI-KOLK_RWS-SO; SRI-KOLK_RWS-SO; V-SRI-KOLK_RWS-SO","*_**_RI_HWA_KOLK_RWSKOLK","0.18","150","152","150","150","253","CONTINUOUS","0.35","150","152","150","150","253","CONTINUOUS","0.35","150","152","150","150","253","V-CONTINUOUS-SO","0.35","150","152","150","150","253","CONTINUOUS","","","1814","1812","http://digitalbuildingdata.tech/nlcs/def/8216bc2a-203e-49a7-9229-626d78c4870a","http://digitalbuildingdata.tech/nlcs/def/7632c2a8-ecfe-4bb0-a4c0-80a40888f89a"
"GWA_RIOOLPUT_BLINDEPUT","*","_","**","_","RI","_","GWA","_","RIOOLPUT","_","BLINDEPUT","_","","_","","_","","'-","","'-","G/S","'-","","SRI-PUT_BLINDEPUT-SO; V-SRI-PUT_BLINDEPUT-SO","*_**_RI_GWA_RIOOLPUT_BLINDEPUT","0.18","30","32","30","30","253","CONTINUOUS","0.35","30","32","30","30","253","CONTINUOUS","0.35","30","32","30","30","253","V-CONTINUOUS-SO","0.35","30","32","30","30","253","CONTINUOUS","","","1705","1703","http://digitalbuildingdata.tech/nlcs/def/eccdcc24-b6a0-45f5-9082-3ba0cdb035b3","http://digitalbuildingdata.tech/nlcs/def/1e8c5556-7c7c-4a1d-bf1e-66db371ee81b"
"VACUUMLEIDING_RIOOLPUT_KUNSTSTOF","*","_","**","_","RI","_","VACUUMLEIDING","_","RIOOLPUT","_","KUNSTSTOF","_","","_","","_","","'-","","'-","G/S","'-","","B-SRI-PUT_KUNSTSTOF-SO; SRI-PUT_KUNSTSTOF-SO; V-SRI-PUT_KUNSTSTOF-SO","*_**_RI_VACUUMLEIDING_RIOOLPUT_KUNSTSTOF","0.18","10","12","10","10","253","CONTINUOUS","0.35","10","12","10","10","253","CONTINUOUS","0.35","10","12","10","10","253","V-CONTINUOUS-SO","0.35","10","12","10","10","253","CONTINUOUS","","","3917","2214","http://digitalbuildingdata.tech/nlcs/def/6f340871-b780-4453-b952-7c36aec55c71","http://digitalbuildingdata.tech/nlcs/def/1545a06b-897a-493a-b487-654387adb4c7"
"GWA_KOLK_STRAATKOLK","*","_","**","_","RI","_","GWA","_","KOLK","_","STRAATKOLK","_","","_","","_","","'-","","'-","G/S","'-","","B-SRI-KOLK_STRAAT-SO; SRI-KOLK_STRAAT-SO; V-SRI-KOLK_STRAAT-SO","*_**_RI_GWA_KOLK_STRAATKOLK","0.18","30","32","30","30","253","CONTINUOUS","0.35","30","32","30","30","253","CONTINUOUS","0.35","30","32","30","30","253","V-CONTINUOUS-SO","0.35","30","32","30","30","253","CONTINUOUS","","","1688","1685","http://digitalbuildingdata.tech/nlcs/def/28539eb8-a255-4282-ae34-f81184ac1588","http://digitalbuildingdata.tech/nlcs/def/8d061b9c-4343-425d-8533-73d683578659"
"DWA_HULPSTUK_VERLOOPSTUK","*","_","**","_","RI","_","DWA","_","HULPSTUK","_","VERLOOPSTUK","_","","_","","_","","'-","","'-","G/S","'-","","SRI-HULP_VERLOOPSTUK-SO; V-SRI-HULP_VERLOOPSTUK-SO","*_**_RI_DWA_HULPSTUK_VERLOOPSTUK","0.18","20","22","20","20","253","CONTINUOUS","0.35","20","22","20","20","253","CONTINUOUS","0.35","20","22","20","20","253","V-CONTINUOUS-SO","0.35","20","22","20","20","253","CONTINUOUS","","","3938","2241","http://digitalbuildingdata.tech/nlcs/def/fb7b6fa9-db47-4dca-8111-ed4872158c35","http://digitalbuildingdata.tech/nlcs/def/ecdaa4de-aaac-4fce-93f8-63a32389a4d1"
"HWA_KOLK_COMBIKOLK","*","_","**","_","RI","_","HWA","_","KOLK","_","COMBIKOLK","_","","_","","_","","'-","","'-","G/S","'-","","B-SRI-KOLK_COMBINATIE-SO; SRI-KOLK_COMBINATIE-SO; V-SRI-KOLK_COMBINATIE-SO","*_**_RI_HWA_KOLK_COMBIKOLK","0.18","150","152","150","150","253","CONTINUOUS","0.35","150","152","150","150","253","CONTINUOUS","0.35","150","152","150","150","253","V-CONTINUOUS-SO","0.35","150","152","150","150","253","CONTINUOUS","","","1813","1812","http://digitalbuildingdata.tech/nlcs/def/8330e264-0ef8-4700-9b79-10f05e362716","http://digitalbuildingdata.tech/nlcs/def/7632c2a8-ecfe-4bb0-a4c0-80a40888f89a"
"DWA_RIOOLPUT_LOZINGSPUT","*","_","**","_","RI","_","DWA","_","RIOOLPUT","_","LOZINGSPUT","_","","_","","_","","'-","","'-","G/S","'-","","SRI-PUT_INSPECTIE-SO; V-SRI-PUT_INSPECTIE-SO","*_**_RI_DWA_RIOOLPUT_LOZINGSPUT","0.18","20","22","20","20","253","CONTINUOUS","0.35","20","22","20","20","253","CONTINUOUS","0.35","20","22","20","20","253","V-CONTINUOUS-SO","0.35","20","22","20","20","253","CONTINUOUS","","","4008","2250","http://digitalbuildingdata.tech/nlcs/def/192331bd-a1b0-4f29-8264-3904cc5f1bdf","http://digitalbuildingdata.tech/nlcs/def/5907c42e-e386-4162-a216-1cbe71218422"
"DWA_RIOOLPUT_WERVELPUT","*","_","**","_","RI","_","DWA","_","RIOOLPUT","_","WERVELPUT","_","","_","","_","","'-","","'-","G/S","'-","","SRI-PUT_INSPECTIE-SO; V-SRI-PUT_INSPECTIE-SO","*_**_RI_DWA_RIOOLPUT_WERVELPUT","0.18","20","22","20","20","253","CONTINUOUS","0.35","20","22","20","20","253","CONTINUOUS","0.35","20","22","20","20","253","V-CONTINUOUS-SO","0.35","20","22","20","20","253","CONTINUOUS","","","4012","2250","http://digitalbuildingdata.tech/nlcs/def/01c99e91-7e9d-417b-a644-84b4cbce36fb","http://digitalbuildingdata.tech/nlcs/def/5907c42e-e386-4162-a216-1cbe71218422"
"ITR_RIOOLPUT_ZANDVANGPUT","*","_","**","_","RI","_","ITR","_","RIOOLPUT","_","ZANDVANGPUT","_","","_","","_","","'-","","'-","G/S","'-","","SRI-PUT_ZANDVANGPUT-SO; V-SRI-PUT_ZANDVANGPUT-SO","*_**_RI_ITR_RIOOLPUT_ZANDVANGPUT","0.18","50","52","50","50","253","CONTINUOUS","0.35","50","52","50","50","253","CONTINUOUS","0.35","50","52","50","50","253","V-CONTINUOUS-SO","0.35","50","52","50","50","253","CONTINUOUS","","","4059","1989","http://digitalbuildingdata.tech/nlcs/def/ef28bab2-ec70-45e3-b573-4e76eee589c6","http://digitalbuildingdata.tech/nlcs/def/f19102cc-19ee-4726-bd16-b9afb6d2abd1"
"GWA_RIOOLPUT_METSELWERK","*","_","**","_","RI","_","GWA","_","RIOOLPUT","_","METSELWERK","_","","_","","_","","'-","","'-","G/S","'-","","B-SRI-PUT_METSELWERK-SO; SRI-PUT_METSELWERK-SO; V-SRI-PUT_METSELWERK-SO","*_**_RI_GWA_RIOOLPUT_METSELWERK","0.18","30","32","30","30","253","CONTINUOUS","0.35","30","32","30","30","253","CONTINUOUS","0.35","30","32","30","30","253","V-CONTINUOUS-SO","0.35","30","32","30","30","253","CONTINUOUS","","","3678","1703","http://digitalbuildingdata.tech/nlcs/def/6417e96b-9b5f-4188-a978-e5822ed38fdb","http://digitalbuildingdata.tech/nlcs/def/1e8c5556-7c7c-4a1d-bf1e-66db371ee81b"
"HWA_RIOOLPUT_OVERSTORTPUT","*","_","**","_","RI","_","HWA","_","RIOOLPUT","_","OVERSTORTPUT","_","","_","","_","","'-","","'-","G/S","'-","","B-SRI-PUT_OVERSTORT-SO; SRI-PUT_OVERSTORT-SO; V-SRI-PUT_OVERSTORT-SO","*_**_RI_HWA_RIOOLPUT_OVERSTORTPUT","0.18","150","152","150","150","253","CONTINUOUS","0.35","150","152","150","150","253","CONTINUOUS","0.35","150","152","150","150","253","V-CONTINUOUS-SO","0.35","150","152","150","150","253","CONTINUOUS","","","1845","1832","http://digitalbuildingdata.tech/nlcs/def/251cf8fc-d350-4690-8f1a-8ade4a6c3b2c","http://digitalbuildingdata.tech/nlcs/def/4a4e0491-d0ae-4fec-9b8d-32835ebe6b36"
"HWA_HULPSTUK_VERLOOPSTUK","*","_","**","_","RI","_","HWA","_","HULPSTUK","_","VERLOOPSTUK","_","","_","","_","","'-","","'-","G/S","'-","","SRI-HULP_VERLOOPSTUK-SO; V-SRI-HULP_VERLOOPSTUK-SO","*_**_RI_HWA_HULPSTUK_VERLOOPSTUK","0.18","150","152","150","150","253","CONTINUOUS","0.35","150","152","150","150","253","CONTINUOUS","0.35","150","152","150","150","253","V-CONTINUOUS-SO","0.35","150","152","150","150","253","CONTINUOUS","","","3704","1809","http://digitalbuildingdata.tech/nlcs/def/66068f60-d8b7-4f1e-ae9e-0e1fa6ffd09a","http://digitalbuildingdata.tech/nlcs/def/a2e7a4b2-77d0-4cfe-84b4-09332ebc2f34"
"ITR_KOLK_COMBIKOLK","*","_","**","_","RI","_","ITR","_","KOLK","_","COMBIKOLK","_","","_","","_","","'-","","'-","G/S","'-","","B-SRI-KOLK_COMBINATIE-SO; SRI-KOLK_COMBINATIE-SO; V-SRI-KOLK_COMBINATIE-SO","*_**_RI_ITR_KOLK_COMBIKOLK","0.18","50","52","50","50","253","CONTINUOUS","0.35","50","52","50","50","253","CONTINUOUS","0.35","50","52","50","50","253","V-CONTINUOUS-SO","0.35","50","52","50","50","253","CONTINUOUS","","","1962","1961","http://digitalbuildingdata.tech/nlcs/def/d8482699-382b-4ce3-bf62-2fba2eff15e7","http://digitalbuildingdata.tech/nlcs/def/aa138c2e-57de-464b-aa2b-308bcd859490"
"GWA_RIOOLPUT_KRUISINGSPUT","*","_","**","_","RI","_","GWA","_","RIOOLPUT","_","KRUISINGSPUT","_","","_","","_","","'-","","'-","G/S","'-","","SRI-PUT_KRUISPUT-SO; V-SRI-PUT_KRUISPUT-SO","*_**_RI_GWA_RIOOLPUT_KRUISINGSPUT","0.18","30","32","30","30","253","CONTINUOUS","0.35","30","32","30","30","253","CONTINUOUS","0.35","30","32","30","30","253","V-CONTINUOUS-SO","0.35","30","32","30","30","253","CONTINUOUS","","","1729","1703","http://digitalbuildingdata.tech/nlcs/def/b2a5af9c-038a-4bdc-968d-e7973bc3c032","http://digitalbuildingdata.tech/nlcs/def/1e8c5556-7c7c-4a1d-bf1e-66db371ee81b"
"HWA_KOLK_STRAATKOLK","*","_","**","_","RI","_","HWA","_","KOLK","_","STRAATKOLK","_","","_","","_","","'-","","'-","G/S","'-","","B-SRI-KOLK_STRAAT-SO; SRI-KOLK_STRAAT-SO; V-SRI-KOLK_STRAAT-SO","*_**_RI_HWA_KOLK_STRAATKOLK","0.18","150","152","150","150","253","CONTINUOUS","0.35","150","152","150","150","253","CONTINUOUS","0.35","150","152","150","150","253","V-CONTINUOUS-SO","0.35","150","152","150","150","253","CONTINUOUS","","","1815","1812","http://digitalbuildingdata.tech/nlcs/def/8bbcc643-6f54-4259-adbc-7a751c5cdceb","http://digitalbuildingdata.tech/nlcs/def/7632c2a8-ecfe-4bb0-a4c0-80a40888f89a"
"ITR_HULPSTUK_VLINDERKLEP","*","_","**","_","RI","_","ITR","_","HULPSTUK","_","VLINDERKLEP","_","","_","","_","","'-","","'-","G/S","'-","","SRI-HULP_VLINDERKLEP-SO; V-SRI-HULP_VLINDERKLEP-SO","*_**_RI_ITR_HULPSTUK_VLINDERKLEP","0.18","50","52","50","50","253","CONTINUOUS","0.35","50","52","50","50","253","CONTINUOUS","0.35","50","52","50","50","253","V-CONTINUOUS-SO","0.35","50","52","50","50","253","CONTINUOUS","","","3816","1958","http://digitalbuildingdata.tech/nlcs/def/74b7df05-24cd-464b-8ccc-902cbdde6d4d","http://digitalbuildingdata.tech/nlcs/def/73a74d5b-dfa4-48f9-bb71-837270fb4b68"
"VACUUMLEIDING_HULPSTUK_SPUIKRAAN","*","_","**","_","RI","_","VACUUMLEIDING","_","HULPSTUK","_","SPUIKRAAN","_","","_","","_","","'-","","'-","G/S","'-","","SRI-HULP_SPUIKRAAN-SO; V-SRI-HULP_SPUIKRAAN-SO","*_**_RI_VACUUMLEIDING_HULPSTUK_SPUIKRAAN","0.18","10","12","10","10","253","CONTINUOUS","0.35","10","12","10","10","253","CONTINUOUS","0.35","10","12","10","10","253","V-CONTINUOUS-SO","0.35","10","12","10","10","253","CONTINUOUS","","","3909","2208","http://digitalbuildingdata.tech/nlcs/def/7e0e9118-46a5-41dd-afeb-b1af9534e64b","http://digitalbuildingdata.tech/nlcs/def/cbf780ad-68ad-475b-be86-fcf5180b1934"
"GWA_HULPSTUK_SCHOONMAAKSTUK","*","_","**","_","RI","_","GWA","_","HULPSTUK","_","SCHOONMAAKSTUK","_","","_","","_","","'-","","'-","G/S","'-","","SRI-HULP_SCHOONMAAKSTUK-SO; V-SRI-HULP_SCHOONMAAKSTUK-SO","*_**_RI_GWA_HULPSTUK_SCHOONMAAKSTUK","0.18","30","32","30","30","253","CONTINUOUS","0.35","30","32","30","30","253","CONTINUOUS","0.35","30","32","30","30","253","V-CONTINUOUS-SO","0.35","30","32","30","30","253","CONTINUOUS","","","3605","1681","http://digitalbuildingdata.tech/nlcs/def/200f235a-5c39-4864-87eb-dd7673ff5868","http://digitalbuildingdata.tech/nlcs/def/05961bf1-99fd-4b7c-a055-c07ff1aefc70"
"HWA_HULPSTUK_SPUIKRAAN","*","_","**","_","RI","_","HWA","_","HULPSTUK","_","SPUIKRAAN","_","","_","","_","","'-","","'-","G/S","'-","","SRI-HULP_SPUIKRAAN-SO; V-SRI-HULP_SPUIKRAAN-SO","*_**_RI_HWA_HULPSTUK_SPUIKRAAN","0.18","150","152","150","150","253","CONTINUOUS","0.35","150","152","150","150","253","CONTINUOUS","0.35","150","152","150","150","253","V-CONTINUOUS-SO","0.35","150","152","150","150","253","CONTINUOUS","","","3703","1809","http://digitalbuildingdata.tech/nlcs/def/eb2c0037-ea6c-4a4c-a296-0b7bc90ff99f","http://digitalbuildingdata.tech/nlcs/def/a2e7a4b2-77d0-4cfe-84b4-09332ebc2f34"
"HWA_KOLK_TROTTOIRKOLK","*","_","**","_","RI","_","HWA","_","KOLK","_","TROTTOIRKOLK","_","","_","","_","","'-","","'-","G/S","'-","","B-SRI-KOLK_TROTTOIR-SO; SRI-KOLK_TROTTOIR-SO; V-SRI-KOLK_TROTTOIR-SO","*_**_RI_HWA_KOLK_TROTTOIRKOLK","0.18","150","152","150","150","253","CONTINUOUS","0.35","150","152","150","150","253","CONTINUOUS","0.35","150","152","150","150","253","V-CONTINUOUS-SO","0.35","150","152","150","150","253","CONTINUOUS","","","1816","1812","http://digitalbuildingdata.tech/nlcs/def/7ec83c33-424b-4c2b-a169-29a30e970985","http://digitalbuildingdata.tech/nlcs/def/7632c2a8-ecfe-4bb0-a4c0-80a40888f89a"
"GWA_RIOOLPUT_VERDIEPTEPUT","*","_","**","_","RI","_","GWA","_","RIOOLPUT","_","VERDIEPTEPUT","_","","_","","_","","'-","","'-","G/S","'-","","SRI-PUT_INSPECTIE-SO; V-SRI-PUT_INSPECTIE-SO","*_**_RI_GWA_RIOOLPUT_VERDIEPTEPUT","0.18","30","32","30","30","253","CONTINUOUS","0.35","30","32","30","30","253","CONTINUOUS","0.35","30","32","30","30","253","V-CONTINUOUS-SO","0.35","30","32","30","30","253","CONTINUOUS","","","3683","1703","http://digitalbuildingdata.tech/nlcs/def/beff364d-61b4-4cb1-beab-8b38d97279b6","http://digitalbuildingdata.tech/nlcs/def/1e8c5556-7c7c-4a1d-bf1e-66db371ee81b"
"DRAINAGE_PUT_DRAINAGEPUT","*","_","**","_","RI","_","DRAINAGE","_","PUT","_","DRAINAGEPUT","_","","_","","_","","'-","","'-","G/S","'-","","B-SRI-PUT_DRAIN-SO; SRI-PUT_DRAIN-SO; V-SRI-PUT_DRAIN-SO","*_**_RI_DRAINAGE_PUT_DRAINAGEPUT","0.18","90","92","90","90","253","CONTINUOUS","0.35","90","92","90","90","253","CONTINUOUS","0.35","90","92","90","90","253","V-CONTINUOUS-SO","0.35","90","92","90","90","253","CONTINUOUS","","","3593","1656","http://digitalbuildingdata.tech/nlcs/def/1b2bf080-a7a7-470d-9155-caed2683b42e","http://digitalbuildingdata.tech/nlcs/def/0fa0f3ff-44ba-401c-950d-54b83f32c5ab"
"ITR_RIOOLPUT_BLINDEPUT","*","_","**","_","RI","_","ITR","_","RIOOLPUT","_","BLINDEPUT","_","","_","","_","","'-","","'-","G/S","'-","","SRI-PUT_BLINDEPUT-SO; V-SRI-PUT_BLINDEPUT-SO","*_**_RI_ITR_RIOOLPUT_BLINDEPUT","0.18","50","52","50","50","253","CONTINUOUS","0.35","50","52","50","50","253","CONTINUOUS","0.35","50","52","50","50","253","V-CONTINUOUS-SO","0.35","50","52","50","50","253","CONTINUOUS","","","1991","1989","http://digitalbuildingdata.tech/nlcs/def/1a71f103-3c34-4141-8d5f-95caa700786c","http://digitalbuildingdata.tech/nlcs/def/f19102cc-19ee-4726-bd16-b9afb6d2abd1"
"GWA_RIOOLPUT_VERDEKTEPUT","*","_","**","_","RI","_","GWA","_","RIOOLPUT","_","VERDEKTEPUT","_","","_","","_","","'-","","'-","G/S","'-","","SRI-PUT_INSPECTIE-SO; V-SRI-PUT_INSPECTIE-SO","*_**_RI_GWA_RIOOLPUT_VERDEKTEPUT","0.18","30","32","30","30","253","CONTINUOUS","0.35","30","32","30","30","253","CONTINUOUS","0.35","30","32","30","30","253","V-CONTINUOUS-SO","0.35","30","32","30","30","253","CONTINUOUS","","","3682","1703","http://digitalbuildingdata.tech/nlcs/def/1d49d4d7-ac34-4314-844d-54d27de108f3","http://digitalbuildingdata.tech/nlcs/def/1e8c5556-7c7c-4a1d-bf1e-66db371ee81b"
"PERSLEIDING_HULPSTUK_VERLOOPSTUK","*","_","**","_","RI","_","PERSLEIDING","_","HULPSTUK","_","VERLOOPSTUK","_","","_","","_","","'-","","'-","G/S","'-","","SRI-HULP_VERLOOPSTUK-SO; V-SRI-HULP_VERLOOPSTUK-SO","*_**_RI_PERSLEIDING_HULPSTUK_VERLOOPSTUK","0.18","210","212","210","210","253","CONTINUOUS","0.35","210","212","210","210","253","CONTINUOUS","0.35","210","212","210","210","253","V-CONTINUOUS-SO","0.35","210","212","210","210","253","CONTINUOUS","","","3855","2068","http://digitalbuildingdata.tech/nlcs/def/4651eaa1-2530-47d1-89c2-1a208a7b392a","http://digitalbuildingdata.tech/nlcs/def/ed9bc207-ac54-4d3c-807c-55d35817b812"
"DWA_RIOOLPUT_MONSTERNAMEPUT","*","_","**","_","RI","_","DWA","_","RIOOLPUT","_","MONSTERNAMEPUT","_","","_","","_","","'-","","'-","G/S","'-","","SRI-PUT_MONSTERNAME-SO; V-SRI-PUT_MONSTERNAME-SO","*_**_RI_DWA_RIOOLPUT_MONSTERNAMEPUT","0.18","20","22","20","20","253","CONTINUOUS","0.35","20","22","20","20","253","CONTINUOUS","0.35","20","22","20","20","253","V-CONTINUOUS-SO","0.35","20","22","20","20","253","CONTINUOUS","","","2260","2250","http://digitalbuildingdata.tech/nlcs/def/a3d06e67-dc8e-4852-9f7f-a721195417d2","http://digitalbuildingdata.tech/nlcs/def/5907c42e-e386-4162-a216-1cbe71218422"
"PERSLEIDING_RIOOLPUT_KUNSTSTOF","*","_","**","_","RI","_","PERSLEIDING","_","RIOOLPUT","_","KUNSTSTOF","_","","_","","_","","'-","","'-","G/S","'-","","B-SRI-PUT_KUNSTSTOF-SO; SRI-PUT_KUNSTSTOF-SO; V-SRI-PUT_KUNSTSTOF-SO","*_**_RI_PERSLEIDING_RIOOLPUT_KUNSTSTOF","0.18","210","212","210","210","253","CONTINUOUS","0.35","210","212","210","210","253","CONTINUOUS","0.35","210","212","210","210","253","V-CONTINUOUS-SO","0.35","210","212","210","210","253","CONTINUOUS","","","3858","2074","http://digitalbuildingdata.tech/nlcs/def/1a61f89e-f2d5-4a09-b8bd-797c070dc498","http://digitalbuildingdata.tech/nlcs/def/cc878310-5886-4dab-9a5b-914812cf2c76"
"DWA_RIOOLPUT_DOORSPOELPUT","*","_","**","_","RI","_","DWA","_","RIOOLPUT","_","DOORSPOELPUT","_","","_","","_","","'-","","'-","G/S","'-","","SRI-PUT_INSPECTIE-SO; V-SRI-PUT_INSPECTIE-SO","*_**_RI_DWA_RIOOLPUT_DOORSPOELPUT","0.18","20","22","20","20","253","CONTINUOUS","0.35","20","22","20","20","253","CONTINUOUS","0.35","20","22","20","20","253","V-CONTINUOUS-SO","0.35","20","22","20","20","253","CONTINUOUS","","","4007","2250","http://digitalbuildingdata.tech/nlcs/def/fe1a33c4-78b3-4fff-9c0c-ce4b6719b2b1","http://digitalbuildingdata.tech/nlcs/def/5907c42e-e386-4162-a216-1cbe71218422"
"HWA_RIOOLPUT_KUNSTSTOF","*","_","**","_","RI","_","HWA","_","RIOOLPUT","_","KUNSTSTOF","_","","_","","_","","'-","","'-","G/S","'-","","B-SRI-PUT_KUNSTSTOF-SO; SRI-PUT_KUNSTSTOF-SO; V-SRI-PUT_KUNSTSTOF-SO","*_**_RI_HWA_RIOOLPUT_KUNSTSTOF","0.18","150","152","150","150","253","CONTINUOUS","0.35","150","152","150","150","253","CONTINUOUS","0.35","150","152","150","150","253","V-CONTINUOUS-SO","0.35","150","152","150","150","253","CONTINUOUS","","","3793","1832","http://digitalbuildingdata.tech/nlcs/def/7fa739ed-3e7c-4b47-be69-bea5b1eee49b","http://digitalbuildingdata.tech/nlcs/def/4a4e0491-d0ae-4fec-9b8d-32835ebe6b36"
"DWA_HULPSTUK_VLINDERKLEP","*","_","**","_","RI","_","DWA","_","HULPSTUK","_","VLINDERKLEP","_","","_","","_","","'-","","'-","G/S","'-","","SRI-HULP_VLINDERKLEP-SO; V-SRI-HULP_VLINDERKLEP-SO","*_**_RI_DWA_HULPSTUK_VLINDERKLEP","0.18","20","22","20","20","253","CONTINUOUS","0.35","20","22","20","20","253","CONTINUOUS","0.35","20","22","20","20","253","V-CONTINUOUS-SO","0.35","20","22","20","20","253","CONTINUOUS","","","3939","2241","http://digitalbuildingdata.tech/nlcs/def/c10f0b05-851f-4ac4-99cf-ba7cf9875839","http://digitalbuildingdata.tech/nlcs/def/ecdaa4de-aaac-4fce-93f8-63a32389a4d1"
"ITR_RIOOLPUT_POMPPUT","*","_","**","_","RI","_","ITR","_","RIOOLPUT","_","POMPPUT","_","","_","","_","","'-","","'-","G/S","'-","","B-SRI-PUT_POMPPUT-SO; SRI-PUT_POMPPUT-SO; V-SRI-PUT_POMPPUT-SO","*_**_RI_ITR_RIOOLPUT_POMPPUT","0.18","50","52","50","50","253","CONTINUOUS","0.35","50","52","50","50","253","CONTINUOUS","0.35","50","52","50","50","253","V-CONTINUOUS-SO","0.35","50","52","50","50","253","CONTINUOUS","","","2005","1989","http://digitalbuildingdata.tech/nlcs/def/fedd164d-484e-412d-884f-2da153832099","http://digitalbuildingdata.tech/nlcs/def/f19102cc-19ee-4726-bd16-b9afb6d2abd1"
"OVERIG_RIOOLPUT_KUNSTSTOF","*","_","**","_","RI","_","OVERIG","_","RIOOLPUT","_","KUNSTSTOF","_","","_","","_","","'-","","'-","G/S","'-","","B-SRI-PUT_KUNSTSTOF-SO; SRI-PUT_KUNSTSTOF-SO; V-SRI-PUT_KUNSTSTOF-SO","*_**_RI_OVERIG_RIOOLPUT_KUNSTSTOF","0.18","10","12","10","10","253","CONTINUOUS","0.35","10","12","10","10","253","CONTINUOUS","0.35","10","12","10","10","253","CONTINUOUS","0.35","10","12","10","10","253","CONTINUOUS","","","3066","3064","http://digitalbuildingdata.tech/nlcs/def/d91e4daf-a534-48e8-b276-5b3238a8c177","http://digitalbuildingdata.tech/nlcs/def/6f8537d3-442e-4f76-b217-98604636609e"
"OVERIG_RIOOLPUT_METSELWERK","*","_","**","_","RI","_","OVERIG","_","RIOOLPUT","_","METSELWERK","_","","_","","_","","'-","","'-","G/S","'-","","B-SRI-PUT_METSELWERK-SO; SRI-PUT_METSELWERK-SO; V-SRI-PUT_METSELWERK-SO","*_**_RI_OVERIG_RIOOLPUT_METSELWERK","0.18","10","12","10","10","253","CONTINUOUS","0.35","10","12","10","10","253","CONTINUOUS","0.35","10","12","10","10","253","CONTINUOUS","0.35","10","12","10","10","253","CONTINUOUS","","","3067","3064","http://digitalbuildingdata.tech/nlcs/def/df27d375-f49e-464c-a3b4-56505bf4ef07","http://digitalbuildingdata.tech/nlcs/def/6f8537d3-442e-4f76-b217-98604636609e"
"GWA_RIOOLPUT_STUWPUT","*","_","**","_","RI","_","GWA","_","RIOOLPUT","_","STUWPUT","_","","_","","_","","'-","","'-","G/S","'-","","SRI-PUT_STUWPUT-SO; V-SRI-PUT_STUWPUT-SO","*_**_RI_GWA_RIOOLPUT_STUWPUT","0.18","30","32","30","30","253","CONTINUOUS","0.35","30","32","30","30","253","CONTINUOUS","0.35","30","32","30","30","253","V-CONTINUOUS-SO","0.35","30","32","30","30","253","CONTINUOUS","","","1722","1703","http://digitalbuildingdata.tech/nlcs/def/16c944a3-4e47-414a-bee4-df61f54dac7a","http://digitalbuildingdata.tech/nlcs/def/1e8c5556-7c7c-4a1d-bf1e-66db371ee81b"
"DWA_RIOOLPUT_VERDIEPTEPUT","*","_","**","_","RI","_","DWA","_","RIOOLPUT","_","VERDIEPTEPUT","_","","_","","_","","'-","","'-","G/S","'-","","SRI-PUT_INSPECTIE-SO; V-SRI-PUT_INSPECTIE-SO","*_**_RI_DWA_RIOOLPUT_VERDIEPTEPUT","0.18","20","22","20","20","253","CONTINUOUS","0.35","20","22","20","20","253","CONTINUOUS","0.35","20","22","20","20","253","V-CONTINUOUS-SO","0.35","20","22","20","20","253","CONTINUOUS","","","4011","2250","http://digitalbuildingdata.tech/nlcs/def/9b58b854-341f-4eb2-9d66-8f65aa785ba2","http://digitalbuildingdata.tech/nlcs/def/5907c42e-e386-4162-a216-1cbe71218422"
"DRAINAGE_HULPSTUK_AFSLUITER","*","_","**","_","RI","_","DRAINAGE","_","HULPSTUK","_","AFSLUITER","_","","_","","_","","'-","","'-","G/S","'-","","SRI-HULP_AFSLUITER-SO; V-SRI-HULP_AFSLUITER-SO","*_**_RI_DRAINAGE_HULPSTUK_AFSLUITER","0.18","90","92","90","90","253","CONTINUOUS","0.35","90","92","90","90","253","CONTINUOUS","0.35","90","92","90","90","253","V-CONTINUOUS-SO","0.35","90","92","90","90","253","CONTINUOUS","","","3582","1653","http://digitalbuildingdata.tech/nlcs/def/b94d3726-41f4-4ea6-8226-ace1a30216e4","http://digitalbuildingdata.tech/nlcs/def/69a1128e-1a85-4d08-97db-2abc6d313804"
"ITR_RIOOLPUT_FILTERPUT","*","_","**","_","RI","_","ITR","_","RIOOLPUT","_","FILTERPUT","_","","_","","_","","'-","","'-","G/S","'-","","B-SRI-PUT_ITR-SO; SRI-PUT_ITR-SO; V-SRI-PUT_ITR-SO","*_**_RI_ITR_RIOOLPUT_FILTERPUT","0.18","50","52","50","50","253","CONTINUOUS","0.35","50","52","50","50","253","CONTINUOUS","0.35","50","52","50","50","253","V-CONTINUOUS-SO","0.35","50","52","50","50","253","CONTINUOUS","","","4058","1989","http://digitalbuildingdata.tech/nlcs/def/2d4d7887-d47c-42b6-9a1a-a7d55232ac0a","http://digitalbuildingdata.tech/nlcs/def/f19102cc-19ee-4726-bd16-b9afb6d2abd1"
"HWA_RIOOLPUT_POMPPUT","*","_","**","_","RI","_","HWA","_","RIOOLPUT","_","POMPPUT","_","","_","","_","","'-","","'-","G/S","'-","","B-SRI-PUT_POMPPUT-SO; SRI-PUT_POMPPUT-SO; V-SRI-PUT_POMPPUT-SO","*_**_RI_HWA_RIOOLPUT_POMPPUT","0.18","150","152","150","150","253","CONTINUOUS","0.35","150","152","150","150","253","CONTINUOUS","0.35","150","152","150","150","253","V-CONTINUOUS-SO","0.35","150","152","150","150","253","CONTINUOUS","","","1848","1832","http://digitalbuildingdata.tech/nlcs/def/2d595f46-da4d-4a8e-affb-76f1b4f1a22d","http://digitalbuildingdata.tech/nlcs/def/4a4e0491-d0ae-4fec-9b8d-32835ebe6b36"
"ITR_RIOOLPUT_STUWPUT","*","_","**","_","RI","_","ITR","_","RIOOLPUT","_","STUWPUT","_","","_","","_","","'-","","'-","G/S","'-","","SRI-PUT_STUWPUT-SO; V-SRI-PUT_STUWPUT-SO","*_**_RI_ITR_RIOOLPUT_STUWPUT","0.18","50","52","50","50","253","CONTINUOUS","0.35","50","52","50","50","253","CONTINUOUS","0.35","50","52","50","50","253","V-CONTINUOUS-SO","0.35","50","52","50","50","253","CONTINUOUS","","","2008","1989","http://digitalbuildingdata.tech/nlcs/def/508912f1-01f5-448b-b757-52b8cbd223f8","http://digitalbuildingdata.tech/nlcs/def/f19102cc-19ee-4726-bd16-b9afb6d2abd1"
"GWA_HULPSTUK_SPUIKRAAN","*","_","**","_","RI","_","GWA","_","HULPSTUK","_","SPUIKRAAN","_","","_","","_","","'-","","'-","G/S","'-","","SRI-HULP_SPUIKRAAN-SO; V-SRI-HULP_SPUIKRAAN-SO","*_**_RI_GWA_HULPSTUK_SPUIKRAAN","0.18","30","32","30","30","253","CONTINUOUS","0.35","30","32","30","30","253","CONTINUOUS","0.35","30","32","30","30","253","V-CONTINUOUS-SO","0.35","30","32","30","30","253","CONTINUOUS","","","3606","1681","http://digitalbuildingdata.tech/nlcs/def/2e53fcf4-65c3-495d-9e16-0d3c8265ad87","http://digitalbuildingdata.tech/nlcs/def/05961bf1-99fd-4b7c-a055-c07ff1aefc70"
"ITR_HULPSTUK_SPUIKRAAN","*","_","**","_","RI","_","ITR","_","HULPSTUK","_","SPUIKRAAN","_","","_","","_","","'-","","'-","G/S","'-","","SRI-HULP_SPUIKRAAN-SO; V-SRI-HULP_SPUIKRAAN-SO","*_**_RI_ITR_HULPSTUK_SPUIKRAAN","0.18","50","52","50","50","253","CONTINUOUS","0.35","50","52","50","50","253","CONTINUOUS","0.35","50","52","50","50","253","V-CONTINUOUS-SO","0.35","50","52","50","50","253","CONTINUOUS","","","3814","1958","http://digitalbuildingdata.tech/nlcs/def/20b1628d-0ebf-42c2-a420-625e1f74058a","http://digitalbuildingdata.tech/nlcs/def/73a74d5b-dfa4-48f9-bb71-837270fb4b68"
"HWA_KOLK_INFILTRATIE","*","_","**","_","RI","_","HWA","_","KOLK","_","INFILTRATIE","_","","_","","_","","'-","","'-","G/S","'-","","B-SRI-KOLK_IFILTR-SO; SRI-KOLK_IFILTR-SO; V-SRI-KOLK_IFILTR-SO","*_**_RI_HWA_KOLK_INFILTRATIE","0.18","150","152","150","150","253","CONTINUOUS","0.35","150","152","150","150","253","CONTINUOUS","0.35","150","152","150","150","253","V-CONTINUOUS-SO","0.35","150","152","150","150","253","CONTINUOUS","","","3706","1812","http://digitalbuildingdata.tech/nlcs/def/088251aa-2617-4c8b-b87e-cb0d9314de9d","http://digitalbuildingdata.tech/nlcs/def/7632c2a8-ecfe-4bb0-a4c0-80a40888f89a"
"OVERIG_RIOOLPUT_INSPECTIE","*","_","**","_","RI","_","OVERIG","_","RIOOLPUT","_","INSPECTIE","_","","_","","_","","'-","","'-","G/S","'-","","SRI-PUT_INSPECTIE-SO; V-SRI-PUT_INSPECTIE-SO","*_**_RI_OVERIG_RIOOLPUT_INSPECTIE","0.18","10","12","10","10","253","CONTINUOUS","0.35","10","12","10","10","253","CONTINUOUS","0.35","10","12","10","10","253","CONTINUOUS","0.35","10","12","10","10","253","CONTINUOUS","","","3482","3064","http://digitalbuildingdata.tech/nlcs/def/f9f57835-6228-4c9d-b6f5-53b5a05f8f99","http://digitalbuildingdata.tech/nlcs/def/6f8537d3-442e-4f76-b217-98604636609e"
"HWA_RIOOLPUT_INSPECTIEPUT","*","_","**","_","RI","_","HWA","_","RIOOLPUT","_","INSPECTIEPUT","_","","_","","_","","'-","","'-","G/S","'-","","B-SRI-PUT_HWA-SO; SRI-PUT_HWA-SO; V-SRI-PUT_HWA-SO","*_**_RI_HWA_RIOOLPUT_INSPECTIEPUT","0.18","150","152","150","150","253","CONTINUOUS","0.35","150","152","150","150","253","CONTINUOUS","0.35","150","152","150","150","253","V-CONTINUOUS-SO","0.35","150","152","150","150","253","CONTINUOUS","","","1839","1832","http://digitalbuildingdata.tech/nlcs/def/8645d446-2957-4fd7-9958-9d74e82650b9","http://digitalbuildingdata.tech/nlcs/def/4a4e0491-d0ae-4fec-9b8d-32835ebe6b36"
"PERSLEIDING_HULPSTUK_SCHOONMAAKSTUK","*","_","**","_","RI","_","PERSLEIDING","_","HULPSTUK","_","SCHOONMAAKSTUK","_","","_","","_","","'-","","'-","G/S","'-","","SRI-HULP_SCHOONMAAKSTUK-SO; V-SRI-HULP_SCHOONMAAKSTUK-SO","*_**_RI_PERSLEIDING_HULPSTUK_SCHOONMAAKSTUK","0.18","210","212","210","210","253","CONTINUOUS","0.35","210","212","210","210","253","CONTINUOUS","0.35","210","212","210","210","253","V-CONTINUOUS-SO","0.35","210","212","210","210","253","CONTINUOUS","","","3853","2068","http://digitalbuildingdata.tech/nlcs/def/85b09d73-5307-42b8-ba82-410977e040c4","http://digitalbuildingdata.tech/nlcs/def/ed9bc207-ac54-4d3c-807c-55d35817b812"
"GWA_HULPSTUK_EINDKAP","*","_","**","_","RI","_","GWA","_","HULPSTUK","_","EINDKAP","_","","_","","_","","'-","","'-","G/S","'-","","SRI-HULP_EINDKAP-SO; V-SRI-HULP_EINDKAP-SO","*_**_RI_GWA_HULPSTUK_EINDKAP","0.18","30","32","30","30","253","CONTINUOUS","0.35","30","32","30","30","253","CONTINUOUS","0.35","30","32","30","30","253","V-CONTINUOUS-SO","0.35","30","32","30","30","253","CONTINUOUS","","","3602","1681","http://digitalbuildingdata.tech/nlcs/def/68c3dece-ae34-4cf1-baac-b33736343ba9","http://digitalbuildingdata.tech/nlcs/def/05961bf1-99fd-4b7c-a055-c07ff1aefc70"
"DWA_HULPSTUK_SCHOONMAAKSTUK","*","_","**","_","RI","_","DWA","_","HULPSTUK","_","SCHOONMAAKSTUK","_","","_","","_","","'-","","'-","G/S","'-","","SRI-HULP_SCHOONMAAKSTUK-SO; V-SRI-HULP_SCHOONMAAKSTUK-SO","*_**_RI_DWA_HULPSTUK_SCHOONMAAKSTUK","0.18","20","22","20","20","253","CONTINUOUS","0.35","20","22","20","20","253","CONTINUOUS","0.35","20","22","20","20","253","V-CONTINUOUS-SO","0.35","20","22","20","20","253","CONTINUOUS","","","3936","2241","http://digitalbuildingdata.tech/nlcs/def/03c67692-b777-4fcf-b9fe-903fd5470507","http://digitalbuildingdata.tech/nlcs/def/ecdaa4de-aaac-4fce-93f8-63a32389a4d1"
"GWA_RIOOLPUT_WERVELPUT","*","_","**","_","RI","_","GWA","_","RIOOLPUT","_","WERVELPUT","_","","_","","_","","'-","","'-","G/S","'-","","SRI-PUT_INSPECTIE-SO; V-SRI-PUT_INSPECTIE-SO","*_**_RI_GWA_RIOOLPUT_WERVELPUT","0.18","30","32","30","30","253","CONTINUOUS","0.35","30","32","30","30","253","CONTINUOUS","0.35","30","32","30","30","253","V-CONTINUOUS-SO","0.35","30","32","30","30","253","CONTINUOUS","","","3684","1703","http://digitalbuildingdata.tech/nlcs/def/3e33cb05-c9f8-4e4e-8f5d-b2ec8eddac39","http://digitalbuildingdata.tech/nlcs/def/1e8c5556-7c7c-4a1d-bf1e-66db371ee81b"
"DWA_LOZEPUT_VOLGESCHUIMD","*","_","**","_","RI","_","DWA","_","LOZEPUT","_","VOLGESCHUIMD","_","","_","","_","","'-","","'-","G/S","'-","","SRI-PUT_INSPECTIE-SO; V-SRI-PUT_INSPECTIE-SO","*_**_RI_DWA_LOZEPUT_VOLGESCHUIMD","0.18","20","22","20","20","253","CONTINUOUS","0.35","20","22","20","20","253","CONTINUOUS","0.35","20","22","20","20","253","V-CONTINUOUS-SO","0.35","20","22","20","20","253","CONTINUOUS","","","4015","4014","http://digitalbuildingdata.tech/nlcs/def/bc3baf81-6c01-4a7e-9a36-6f6c3e83e5b2","http://digitalbuildingdata.tech/nlcs/def/ae1c1385-ec42-481a-ae77-1c94935279a2"
"ITR_RIOOLPUT_KRUISINGSPUT","*","_","**","_","RI","_","ITR","_","RIOOLPUT","_","KRUISINGSPUT","_","","_","","_","","'-","","'-","G/S","'-","","SRI-PUT_KRUISPUT-SO; V-SRI-PUT_KRUISPUT-SO","*_**_RI_ITR_RIOOLPUT_KRUISINGSPUT","0.18","50","52","50","50","253","CONTINUOUS","0.35","50","52","50","50","253","CONTINUOUS","0.35","50","52","50","50","253","V-CONTINUOUS-SO","0.35","50","52","50","50","253","CONTINUOUS","","","2015","1989","http://digitalbuildingdata.tech/nlcs/def/c6d07c01-b9f8-48ea-9ad4-32b6f63ec8e7","http://digitalbuildingdata.tech/nlcs/def/f19102cc-19ee-4726-bd16-b9afb6d2abd1"
"VACUUMLEIDING_HULPSTUK_EINDKAP","*","_","**","_","RI","_","VACUUMLEIDING","_","HULPSTUK","_","EINDKAP","_","","_","","_","","'-","","'-","G/S","'-","","SRI-HULP_EINDKAP-SO; V-SRI-HULP_EINDKAP-SO","*_**_RI_VACUUMLEIDING_HULPSTUK_EINDKAP","0.18","10","12","10","10","253","CONTINUOUS","0.35","10","12","10","10","253","CONTINUOUS","0.35","10","12","10","10","253","V-CONTINUOUS-SO","0.35","10","12","10","10","253","CONTINUOUS","","","3905","2208","http://digitalbuildingdata.tech/nlcs/def/3a101605-042c-4c7f-ba2a-981efb6ae977","http://digitalbuildingdata.tech/nlcs/def/cbf780ad-68ad-475b-be86-fcf5180b1934"
"PERSLEIDING_RIOOLPUT_METSELWERK","*","_","**","_","RI","_","PERSLEIDING","_","RIOOLPUT","_","METSELWERK","_","","_","","_","","'-","","'-","G/S","'-","","B-SRI-PUT_METSELWERK-SO; SRI-PUT_METSELWERK-SO; V-SRI-PUT_METSELWERK-SO","*_**_RI_PERSLEIDING_RIOOLPUT_METSELWERK","0.18","210","212","210","210","253","CONTINUOUS","0.35","210","212","210","210","253","CONTINUOUS","0.35","210","212","210","210","253","V-CONTINUOUS-SO","0.35","210","212","210","210","253","CONTINUOUS","","","3859","2074","http://digitalbuildingdata.tech/nlcs/def/d84040f4-6def-4d3f-a75d-a543b32101af","http://digitalbuildingdata.tech/nlcs/def/cc878310-5886-4dab-9a5b-914812cf2c76"
"VACUUMLEIDING_HULPSTUK_AFSLUITER","*","_","**","_","RI","_","VACUUMLEIDING","_","HULPSTUK","_","AFSLUITER","_","","_","","_","","'-","","'-","G/S","'-","","SRI-HULP_AFSLUITER-SO; V-SRI-HULP_AFSLUITER-SO","*_**_RI_VACUUMLEIDING_HULPSTUK_AFSLUITER","0.18","10","12","10","10","253","CONTINUOUS","0.35","10","12","10","10","253","CONTINUOUS","0.35","10","12","10","10","253","V-CONTINUOUS-SO","0.35","10","12","10","10","253","CONTINUOUS","","","3903","2208","http://digitalbuildingdata.tech/nlcs/def/6e7477dc-a370-4a70-8e16-c8afb1b1f998","http://digitalbuildingdata.tech/nlcs/def/cbf780ad-68ad-475b-be86-fcf5180b1934"
"VACUUMLEIDING_HULPSTUK_KEERKLEP","*","_","**","_","RI","_","VACUUMLEIDING","_","HULPSTUK","_","KEERKLEP","_","","_","","_","","'-","","'-","G/S","'-","","SRI-HULP_KEERKLEP-SO; V-SRI-HULP_KEERKLEP-SO","*_**_RI_VACUUMLEIDING_HULPSTUK_KEERKLEP","0.18","10","12","10","10","253","CONTINUOUS","0.35","10","12","10","10","253","CONTINUOUS","0.35","10","12","10","10","253","V-CONTINUOUS-SO","0.35","10","12","10","10","253","CONTINUOUS","","","3906","2208","http://digitalbuildingdata.tech/nlcs/def/170a582b-876f-43b7-9446-da4a867604c0","http://digitalbuildingdata.tech/nlcs/def/cbf780ad-68ad-475b-be86-fcf5180b1934"
"DWA_RIOOLPUT_ZINKERPUT","*","_","**","_","RI","_","DWA","_","RIOOLPUT","_","ZINKERPUT","_","","_","","_","","'-","","'-","G/S","'-","","SRI-PUT_INSPECTIE-SO; V-SRI-PUT_INSPECTIE-SO","*_**_RI_DWA_RIOOLPUT_ZINKERPUT","0.18","20","22","20","20","253","CONTINUOUS","0.35","20","22","20","20","253","CONTINUOUS","0.35","20","22","20","20","253","V-CONTINUOUS-SO","0.35","20","22","20","20","253","CONTINUOUS","","","4013","2250","http://digitalbuildingdata.tech/nlcs/def/e08dd46e-d4e0-415a-9b73-f0c08648252a","http://digitalbuildingdata.tech/nlcs/def/5907c42e-e386-4162-a216-1cbe71218422"
"PERSLEIDING_HULPSTUK_EINDKAP","*","_","**","_","RI","_","PERSLEIDING","_","HULPSTUK","_","EINDKAP","_","","_","","_","","'-","","'-","G/S","'-","","SRI-HULP_EINDKAP-SO; V-SRI-HULP_EINDKAP-SO","*_**_RI_PERSLEIDING_HULPSTUK_EINDKAP","0.18","210","212","210","210","253","CONTINUOUS","0.35","210","212","210","210","253","CONTINUOUS","0.35","210","212","210","210","253","V-CONTINUOUS-SO","0.35","210","212","210","210","253","CONTINUOUS","","","3850","2068","http://digitalbuildingdata.tech/nlcs/def/4f0abc19-cc99-46c3-9898-901ec6c9e250","http://digitalbuildingdata.tech/nlcs/def/ed9bc207-ac54-4d3c-807c-55d35817b812"
"PERSLEIDING_HULPSTUK_VLINDERKLEP","*","_","**","_","RI","_","PERSLEIDING","_","HULPSTUK","_","VLINDERKLEP","_","","_","","_","","'-","","'-","G/S","'-","","SRI-HULP_VLINDERKLEP-SO; V-SRI-HULP_VLINDERKLEP-SO","*_**_RI_PERSLEIDING_HULPSTUK_VLINDERKLEP","0.18","210","212","210","210","253","CONTINUOUS","0.35","210","212","210","210","253","CONTINUOUS","0.35","210","212","210","210","253","V-CONTINUOUS-SO","0.35","210","212","210","210","253","CONTINUOUS","","","3856","2068","http://digitalbuildingdata.tech/nlcs/def/49c66aff-de8c-4ba4-98de-e28463580b84","http://digitalbuildingdata.tech/nlcs/def/ed9bc207-ac54-4d3c-807c-55d35817b812"
"DWA_RIOOLPUT_POMPPUT","*","_","**","_","RI","_","DWA","_","RIOOLPUT","_","POMPPUT","_","","_","","_","","'-","","'-","G/S","'-","","B-SRI-PUT_POMPPUT-SO; SRI-PUT_POMPPUT-SO; V-SRI-PUT_POMPPUT-SO","*_**_RI_DWA_RIOOLPUT_POMPPUT","0.18","20","22","20","20","253","CONTINUOUS","0.35","20","22","20","20","253","CONTINUOUS","0.35","20","22","20","20","253","V-CONTINUOUS-SO","0.35","20","22","20","20","253","CONTINUOUS","","","2269","2250","http://digitalbuildingdata.tech/nlcs/def/872245fa-fff3-4f46-9ed9-359b56acc95b","http://digitalbuildingdata.tech/nlcs/def/5907c42e-e386-4162-a216-1cbe71218422"
"DWA_RIOOLPUT_BETON","*","_","**","_","RI","_","DWA","_","RIOOLPUT","_","BETON","_","","_","","_","","'-","","'-","G/S","'-","","B-SRI-PUT_BETON-SO; SRI-PUT_BETON-SO; V-SRI-PUT_BETON-SO","*_**_RI_DWA_RIOOLPUT_BETON","0.18","20","22","20","20","253","CONTINUOUS","0.35","20","22","20","20","253","CONTINUOUS","0.35","20","22","20","20","253","V-CONTINUOUS-SO","0.35","20","22","20","20","253","CONTINUOUS","","","3999","2250","http://digitalbuildingdata.tech/nlcs/def/59f59db9-b7a5-490c-9061-8d2ea3905fb0","http://digitalbuildingdata.tech/nlcs/def/5907c42e-e386-4162-a216-1cbe71218422"
"ITR_AANSLUITPUT_ONTSTOPPINGSPUT","*","_","**","_","RI","_","ITR","_","AANSLUITPUT","_","ONTSTOPPINGSPUT","_","","_","","_","","'-","","'-","G/S","'-","","SRI-PUT_ONTSTOPPINGSPUT-SO; V-SRI-PUT_ONTSTOPPINGSPUT-SO","*_**_RI_ITR_AANSLUITPUT_ONTSTOPPINGSPUT","0.18","50","52","50","50","253","CONTINUOUS","0.35","50","52","50","50","253","CONTINUOUS","0.35","50","52","50","50","253","V-CONTINUOUS-SO","0.35","50","52","50","50","253","CONTINUOUS","","","1999","3836","http://digitalbuildingdata.tech/nlcs/def/e32b9878-1b8e-4ead-907e-dd08720206c5","http://digitalbuildingdata.tech/nlcs/def/77ba8936-594b-4f71-8790-0ea66194cbc1"
"PERSLEIDING_HULPSTUK_KEERKLEP","*","_","**","_","RI","_","PERSLEIDING","_","HULPSTUK","_","KEERKLEP","_","","_","","_","","'-","","'-","G/S","'-","","SRI-HULP_KEERKLEP-SO; V-SRI-HULP_KEERKLEP-SO","*_**_RI_PERSLEIDING_HULPSTUK_KEERKLEP","0.18","210","212","210","210","253","CONTINUOUS","0.35","210","212","210","210","253","CONTINUOUS","0.35","210","212","210","210","253","V-CONTINUOUS-SO","0.35","210","212","210","210","253","CONTINUOUS","","","3851","2068","http://digitalbuildingdata.tech/nlcs/def/503d3d70-e065-42a8-b7b0-fa8e5fd61340","http://digitalbuildingdata.tech/nlcs/def/ed9bc207-ac54-4d3c-807c-55d35817b812"
"GWA_HULPSTUK_ONTLUCHTING","*","_","**","_","RI","_","GWA","_","HULPSTUK","_","ONTLUCHTING","_","","_","","_","","'-","","'-","G/S","'-","","SRI-HULP_ONTLUCHTING-SO; V-SRI-HULP_ONTLUCHTING-SO","*_**_RI_GWA_HULPSTUK_ONTLUCHTING","0.18","30","32","30","30","253","CONTINUOUS","0.35","30","32","30","30","253","CONTINUOUS","0.35","30","32","30","30","253","V-CONTINUOUS-SO","0.35","30","32","30","30","253","CONTINUOUS","","","3604","1681","http://digitalbuildingdata.tech/nlcs/def/28d9f6c3-ef27-46d1-9503-621ca19bc0b8","http://digitalbuildingdata.tech/nlcs/def/05961bf1-99fd-4b7c-a055-c07ff1aefc70"
"GWA_RIOOLPUT_KUNSTSTOF","*","_","**","_","RI","_","GWA","_","RIOOLPUT","_","KUNSTSTOF","_","","_","","_","","'-","","'-","G/S","'-","","B-SRI-PUT_KUNSTSTOF-SO; SRI-PUT_KUNSTSTOF-SO; V-SRI-PUT_KUNSTSTOF-SO","*_**_RI_GWA_RIOOLPUT_KUNSTSTOF","0.18","30","32","30","30","253","CONTINUOUS","0.35","30","32","30","30","253","CONTINUOUS","0.35","30","32","30","30","253","V-CONTINUOUS-SO","0.35","30","32","30","30","253","CONTINUOUS","","","3677","1703","http://digitalbuildingdata.tech/nlcs/def/a731a5c9-3bca-42a1-b8af-79828facd732","http://digitalbuildingdata.tech/nlcs/def/1e8c5556-7c7c-4a1d-bf1e-66db371ee81b"
"ITR_KOLK_RWSKOLK","*","_","**","_","RI","_","ITR","_","KOLK","_","RWSKOLK","_","","_","","_","","'-","","'-","G/S","'-","","B-SRI-KOLK_RWS-SO; SRI-KOLK_RWS-SO; V-SRI-KOLK_RWS-SO","*_**_RI_ITR_KOLK_RWSKOLK","0.18","50","52","50","50","253","CONTINUOUS","0.35","50","52","50","50","253","CONTINUOUS","0.35","50","52","50","50","253","V-CONTINUOUS-SO","0.35","50","52","50","50","253","CONTINUOUS","","","1963","1961","http://digitalbuildingdata.tech/nlcs/def/438f6db5-a107-4d25-a307-25d083bad382","http://digitalbuildingdata.tech/nlcs/def/aa138c2e-57de-464b-aa2b-308bcd859490"
"HWA_HULPSTUK_SCHOONMAAKSTUK","*","_","**","_","RI","_","HWA","_","HULPSTUK","_","SCHOONMAAKSTUK","_","","_","","_","","'-","","'-","G/S","'-","","SRI-HULP_SCHOONMAAKSTUK-SO; V-SRI-HULP_SCHOONMAAKSTUK-SO","*_**_RI_HWA_HULPSTUK_SCHOONMAAKSTUK","0.18","150","152","150","150","253","CONTINUOUS","0.35","150","152","150","150","253","CONTINUOUS","0.35","150","152","150","150","253","V-CONTINUOUS-SO","0.35","150","152","150","150","253","CONTINUOUS","","","3702","1809","http://digitalbuildingdata.tech/nlcs/def/65b5ea91-d9f5-4985-a0a8-9e6d5e7cb5ab","http://digitalbuildingdata.tech/nlcs/def/a2e7a4b2-77d0-4cfe-84b4-09332ebc2f34"
"GWA_RIOOLPUT_VALPUT","*","_","**","_","RI","_","GWA","_","RIOOLPUT","_","VALPUT","_","","_","","_","","'-","","'-","G/S","'-","","SRI-PUT_VALPUT-SO; V-SRI-PUT_VALPUT-SO","*_**_RI_GWA_RIOOLPUT_VALPUT","0.18","30","32","30","30","253","CONTINUOUS","0.35","30","32","30","30","253","CONTINUOUS","0.35","30","32","30","30","253","V-CONTINUOUS-SO","0.35","30","32","30","30","253","CONTINUOUS","","","1725","1703","http://digitalbuildingdata.tech/nlcs/def/c46fea77-12b9-4461-acb4-81ae4a593155","http://digitalbuildingdata.tech/nlcs/def/1e8c5556-7c7c-4a1d-bf1e-66db371ee81b"
"VACUUMLEIDING_HULPSTUK_SCHOONMAAKSTUK","*","_","**","_","RI","_","VACUUMLEIDING","_","HULPSTUK","_","SCHOONMAAKSTUK","_","","_","","_","","'-","","'-","G/S","'-","","SRI-HULP_SCHOONMAAKSTUK-SO; V-SRI-HULP_SCHOONMAAKSTUK-SO","*_**_RI_VACUUMLEIDING_HULPSTUK_SCHOONMAAKSTUK","0.18","10","12","10","10","253","CONTINUOUS","0.35","10","12","10","10","253","CONTINUOUS","0.35","10","12","10","10","253","V-CONTINUOUS-SO","0.35","10","12","10","10","253","CONTINUOUS","","","3908","2208","http://digitalbuildingdata.tech/nlcs/def/916fbc60-758c-4c80-9505-d8a87d5a3d95","http://digitalbuildingdata.tech/nlcs/def/cbf780ad-68ad-475b-be86-fcf5180b1934"
"DWA_RIOOLPUT_KUNSTSTOF","*","_","**","_","RI","_","DWA","_","RIOOLPUT","_","KUNSTSTOF","_","","_","","_","","'-","","'-","G/S","'-","","B-SRI-PUT_KUNSTSTOF-SO; SRI-PUT_KUNSTSTOF-SO; V-SRI-PUT_KUNSTSTOF-SO","*_**_RI_DWA_RIOOLPUT_KUNSTSTOF","0.18","20","22","20","20","253","CONTINUOUS","0.35","20","22","20","20","253","CONTINUOUS","0.35","20","22","20","20","253","V-CONTINUOUS-SO","0.35","20","22","20","20","253","CONTINUOUS","","","4000","2250","http://digitalbuildingdata.tech/nlcs/def/5d5b79e0-ec1a-44cd-a563-d4e7b1f59a60","http://digitalbuildingdata.tech/nlcs/def/5907c42e-e386-4162-a216-1cbe71218422"
"ITR_HULPSTUK_KEERKLEP","*","_","**","_","RI","_","ITR","_","HULPSTUK","_","KEERKLEP","_","","_","","_","","'-","","'-","G/S","'-","","SRI-HULP_KEERKLEP-SO; V-SRI-HULP_KEERKLEP-SO","*_**_RI_ITR_HULPSTUK_KEERKLEP","0.18","50","52","50","50","253","CONTINUOUS","0.35","50","52","50","50","253","CONTINUOUS","0.35","50","52","50","50","253","V-CONTINUOUS-SO","0.35","50","52","50","50","253","CONTINUOUS","","","3811","1958","http://digitalbuildingdata.tech/nlcs/def/b317831e-8033-45e7-98f9-2cea8d43b9b9","http://digitalbuildingdata.tech/nlcs/def/73a74d5b-dfa4-48f9-bb71-837270fb4b68"
"DWA_RIOOLPUT_INSPECTIEPUT","*","_","**","_","RI","_","DWA","_","RIOOLPUT","_","INSPECTIEPUT","_","","_","","_","","'-","","'-","G/S","'-","","B-SRI-PUT_VWA-SO; SRI-PUT_VWA-SO; V-SRI-PUT_VWA-SO","*_**_RI_DWA_RIOOLPUT_INSPECTIEPUT","0.18","20","22","20","20","253","CONTINUOUS","0.35","20","22","20","20","253","CONTINUOUS","0.35","20","22","20","20","253","V-CONTINUOUS-SO","0.35","20","22","20","20","253","CONTINUOUS","","","2257","2250","http://digitalbuildingdata.tech/nlcs/def/d9c02ae5-ec72-4fec-acff-6b2e9a0a7d83","http://digitalbuildingdata.tech/nlcs/def/5907c42e-e386-4162-a216-1cbe71218422"
"GWA_HULPSTUK_ONTSTOPPINGSSTUK","*","_","**","_","RI","_","GWA","_","HULPSTUK","_","ONTSTOPPINGSSTUK","_","","_","","_","","'-","","'-","G/S","'-","","SRI-HULP_ONTSTOP-SO; V-SRI-HULP_ONTSTOP-SO","*_**_RI_GWA_HULPSTUK_ONTSTOPPINGSSTUK","0.18","30","32","30","30","253","CONTINUOUS","0.35","30","32","30","30","253","CONTINUOUS","0.35","30","32","30","30","253","V-CONTINUOUS-SO","0.35","30","32","30","30","253","CONTINUOUS","","","1684","1681","http://digitalbuildingdata.tech/nlcs/def/5b02337e-122f-412f-bba6-f99b71bf0a59","http://digitalbuildingdata.tech/nlcs/def/05961bf1-99fd-4b7c-a055-c07ff1aefc70"
"ITR_RIOOLPUT_INSPECTIEPUT","*","_","**","_","RI","_","ITR","_","RIOOLPUT","_","INSPECTIEPUT","_","","_","","_","","'-","","'-","G/S","'-","","B-SRI-PUT_ITR-SO; SRI-PUT_ITR-SO; V-SRI-PUT_ITR-SO","*_**_RI_ITR_RIOOLPUT_INSPECTIEPUT","0.18","50","52","50","50","253","CONTINUOUS","0.35","50","52","50","50","253","CONTINUOUS","0.35","50","52","50","50","253","V-CONTINUOUS-SO","0.35","50","52","50","50","253","CONTINUOUS","","","1996","1989","http://digitalbuildingdata.tech/nlcs/def/13fe9e70-2903-4534-a177-8f433bede356","http://digitalbuildingdata.tech/nlcs/def/f19102cc-19ee-4726-bd16-b9afb6d2abd1"
"ITR_RIOOLPUT_DRAINAGEPUT","*","_","**","_","RI","_","ITR","_","RIOOLPUT","_","DRAINAGEPUT","_","","_","","_","","'-","","'-","G/S","'-","","B-SRI-PUT_DRAIN-SO; SRI-PUT_DRAIN-SO; V-SRI-PUT_DRAIN-SO","*_**_RI_ITR_RIOOLPUT_DRAINAGEPUT","0.18","50","52","50","50","253","CONTINUOUS","0.35","50","52","50","50","253","CONTINUOUS","0.35","50","52","50","50","253","V-CONTINUOUS-SO","0.35","50","52","50","50","253","CONTINUOUS","","","4057","1989","http://digitalbuildingdata.tech/nlcs/def/531c1741-b572-4dfd-b796-77bdbb1da758","http://digitalbuildingdata.tech/nlcs/def/f19102cc-19ee-4726-bd16-b9afb6d2abd1"
"GWA_LOZEPUT_VOLGESCHUIMD","*","_","**","_","RI","_","GWA","_","LOZEPUT","_","VOLGESCHUIMD","_","","_","","_","","'-","","'-","G/S","'-","","SRI-PUT_INSPECTIE-SO; V-SRI-PUT_INSPECTIE-SO","*_**_RI_GWA_LOZEPUT_VOLGESCHUIMD","0.18","30","32","30","30","253","CONTINUOUS","0.35","30","32","30","30","253","CONTINUOUS","0.35","30","32","30","30","253","V-CONTINUOUS-SO","0.35","30","32","30","30","253","CONTINUOUS","","","3687","3686","http://digitalbuildingdata.tech/nlcs/def/96f6c5a8-2922-4db0-b72b-69bb9a7ca022","http://digitalbuildingdata.tech/nlcs/def/66cc9463-bd6d-468c-847c-8b61283a9de4"
"VACUUMLEIDING_RIOOLPUT_STUWPUT","*","_","**","_","RI","_","VACUUMLEIDING","_","RIOOLPUT","_","STUWPUT","_","","_","","_","","'-","","'-","G/S","'-","","SRI-PUT_STUWPUT-SO; V-SRI-PUT_STUWPUT-SO","*_**_RI_VACUUMLEIDING_RIOOLPUT_STUWPUT","0.18","10","12","10","10","253","CONTINUOUS","0.35","10","12","10","10","253","CONTINUOUS","0.35","10","12","10","10","253","V-CONTINUOUS-SO","0.35","10","12","10","10","253","CONTINUOUS","","","2217","2214","http://digitalbuildingdata.tech/nlcs/def/c16d39bd-62cd-4471-a9ff-1b903a12ed5a","http://digitalbuildingdata.tech/nlcs/def/1545a06b-897a-493a-b487-654387adb4c7"
"DWA_RIOOLPUT_ZANDVANGPUT","*","_","**","_","RI","_","DWA","_","RIOOLPUT","_","ZANDVANGPUT","_","","_","","_","","'-","","'-","G/S","'-","","SRI-PUT_ZANDVANGPUT-SO; V-SRI-PUT_ZANDVANGPUT-SO","*_**_RI_DWA_RIOOLPUT_ZANDVANGPUT","0.18","20","22","20","20","253","CONTINUOUS","0.35","20","22","20","20","253","CONTINUOUS","0.35","20","22","20","20","253","V-CONTINUOUS-SO","0.35","20","22","20","20","253","CONTINUOUS","","","2280","2250","http://digitalbuildingdata.tech/nlcs/def/0e963231-9d3e-4722-8baf-c251c3ebd357","http://digitalbuildingdata.tech/nlcs/def/5907c42e-e386-4162-a216-1cbe71218422"
"DWA_RIOOLPUT_VERDEKTEPUT","*","_","**","_","RI","_","DWA","_","RIOOLPUT","_","VERDEKTEPUT","_","","_","","_","","'-","","'-","G/S","'-","","SRI-PUT_INSPECTIE-SO; V-SRI-PUT_INSPECTIE-SO","*_**_RI_DWA_RIOOLPUT_VERDEKTEPUT","0.18","20","22","20","20","253","CONTINUOUS","0.35","20","22","20","20","253","CONTINUOUS","0.35","20","22","20","20","253","V-CONTINUOUS-SO","0.35","20","22","20","20","253","CONTINUOUS","","","4010","2250","http://digitalbuildingdata.tech/nlcs/def/bc8a0d66-3cd2-4eb9-a062-e84d790308a1","http://digitalbuildingdata.tech/nlcs/def/5907c42e-e386-4162-a216-1cbe71218422"
"ITR_KOLK_INFILTRATIE","*","_","**","_","RI","_","ITR","_","KOLK","_","INFILTRATIE","_","","_","","_","","'-","","'-","G/S","'-","","B-SRI-KOLK_IFILTR-SO; SRI-KOLK_IFILTR-SO; V-SRI-KOLK_IFILTR-SO","*_**_RI_ITR_KOLK_INFILTRATIE","0.18","50","52","50","50","253","CONTINUOUS","0.35","50","52","50","50","253","CONTINUOUS","0.35","50","52","50","50","253","V-CONTINUOUS-SO","0.35","50","52","50","50","253","CONTINUOUS","","","3817","1961","http://digitalbuildingdata.tech/nlcs/def/71db1702-a821-49eb-bade-d4c243a838f1","http://digitalbuildingdata.tech/nlcs/def/aa138c2e-57de-464b-aa2b-308bcd859490"
"HWA_RIOOLPUT_VALPUT","*","_","**","_","RI","_","HWA","_","RIOOLPUT","_","VALPUT","_","","_","","_","","'-","","'-","G/S","'-","","SRI-PUT_VALPUT-SO; V-SRI-PUT_VALPUT-SO","*_**_RI_HWA_RIOOLPUT_VALPUT","0.18","150","152","150","150","253","CONTINUOUS","0.35","150","152","150","150","253","CONTINUOUS","0.35","150","152","150","150","253","V-CONTINUOUS-SO","0.35","150","152","150","150","253","CONTINUOUS","","","1854","1832","http://digitalbuildingdata.tech/nlcs/def/c2b0c251-446b-49ef-9e3f-e1f6e27432ab","http://digitalbuildingdata.tech/nlcs/def/4a4e0491-d0ae-4fec-9b8d-32835ebe6b36"
"HWA_HULPSTUK_KEERKLEP","*","_","**","_","RI","_","HWA","_","HULPSTUK","_","KEERKLEP","_","","_","","_","","'-","","'-","G/S","'-","","SRI-HULP_KEERKLEP-SO; V-SRI-HULP_KEERKLEP-SO","*_**_RI_HWA_HULPSTUK_KEERKLEP","0.18","150","152","150","150","253","CONTINUOUS","0.35","150","152","150","150","253","CONTINUOUS","0.35","150","152","150","150","253","V-CONTINUOUS-SO","0.35","150","152","150","150","253","CONTINUOUS","","","3700","1809","http://digitalbuildingdata.tech/nlcs/def/94cace62-9b2f-49bc-b8df-5bdabb59c131","http://digitalbuildingdata.tech/nlcs/def/a2e7a4b2-77d0-4cfe-84b4-09332ebc2f34"
"GWA_KOLK_INFILTRATIE","*","_","**","_","RI","_","GWA","_","KOLK","_","INFILTRATIE","_","","_","","_","","'-","","'-","G/S","'-","","B-SRI-KOLK_IFILTR-SO; SRI-KOLK_IFILTR-SO; V-SRI-KOLK_IFILTR-SO","*_**_RI_GWA_KOLK_INFILTRATIE","0.18","30","32","30","30","253","CONTINUOUS","0.35","30","32","30","30","253","CONTINUOUS","0.35","30","32","30","30","253","V-CONTINUOUS-SO","0.35","30","32","30","30","253","CONTINUOUS","","","3609","1685","http://digitalbuildingdata.tech/nlcs/def/4e7f5567-3c4d-472f-b611-713b7e997a24","http://digitalbuildingdata.tech/nlcs/def/8d061b9c-4343-425d-8533-73d683578659"
"PERSLEIDING_HULPSTUK_SPUIKRAAN","*","_","**","_","RI","_","PERSLEIDING","_","HULPSTUK","_","SPUIKRAAN","_","","_","","_","","'-","","'-","G/S","'-","","SRI-HULP_SPUIKRAAN-SO; V-SRI-HULP_SPUIKRAAN-SO","*_**_RI_PERSLEIDING_HULPSTUK_SPUIKRAAN","0.18","210","212","210","210","253","CONTINUOUS","0.35","210","212","210","210","253","CONTINUOUS","0.35","210","212","210","210","253","V-CONTINUOUS-SO","0.35","210","212","210","210","253","CONTINUOUS","","","3854","2068","http://digitalbuildingdata.tech/nlcs/def/0a7bb82a-a724-4357-8d10-cf9cf1736c1f","http://digitalbuildingdata.tech/nlcs/def/ed9bc207-ac54-4d3c-807c-55d35817b812"
"GWA_KOLK_COMBIKOLK","*","_","**","_","RI","_","GWA","_","KOLK","_","COMBIKOLK","_","","_","","_","","'-","","'-","G/S","'-","","B-SRI-KOLK_COMBINATIE-SO; SRI-KOLK_COMBINATIE-SO; V-SRI-KOLK_COMBINATIE-SO","*_**_RI_GWA_KOLK_COMBIKOLK","0.18","30","32","30","30","253","CONTINUOUS","0.35","30","32","30","30","253","CONTINUOUS","0.35","30","32","30","30","253","V-CONTINUOUS-SO","0.35","30","32","30","30","253","CONTINUOUS","","","1686","1685","http://digitalbuildingdata.tech/nlcs/def/b77af6e9-73fc-40e3-8641-e48069b8fb90","http://digitalbuildingdata.tech/nlcs/def/8d061b9c-4343-425d-8533-73d683578659"
"GWA_HULPSTUK_BELUCHTING","*","_","**","_","RI","_","GWA","_","HULPSTUK","_","BELUCHTING","_","","_","","_","","'-","","'-","G/S","'-","","SRI-HULP_BELUCHTING-SO; V-SRI-HULP_BELUCHTING-SO","*_**_RI_GWA_HULPSTUK_BELUCHTING","0.18","30","32","30","30","253","CONTINUOUS","0.35","30","32","30","30","253","CONTINUOUS","0.35","30","32","30","30","253","V-CONTINUOUS-SO","0.35","30","32","30","30","253","CONTINUOUS","","","3601","1681","http://digitalbuildingdata.tech/nlcs/def/32c1fbea-a89a-4c57-84b4-7dcbd19013a2","http://digitalbuildingdata.tech/nlcs/def/05961bf1-99fd-4b7c-a055-c07ff1aefc70"
"PERSLEIDING_HULPSTUK_BELUCHTING","*","_","**","_","RI","_","PERSLEIDING","_","HULPSTUK","_","BELUCHTING","_","","_","","_","","'-","","'-","G/S","'-","","SRI-HULP_BELUCHTING-SO; V-SRI-HULP_BELUCHTING-SO","*_**_RI_PERSLEIDING_HULPSTUK_BELUCHTING","0.18","210","212","210","210","253","CONTINUOUS","0.35","210","212","210","210","253","CONTINUOUS","0.35","210","212","210","210","253","V-CONTINUOUS-SO","0.35","210","212","210","210","253","CONTINUOUS","","","3849","2068","http://digitalbuildingdata.tech/nlcs/def/44d6b161-0e89-423e-a3f7-cf70be6dfc41","http://digitalbuildingdata.tech/nlcs/def/ed9bc207-ac54-4d3c-807c-55d35817b812"
"VACUUMLEIDING_HULPSTUK_VLINDERKLEP","*","_","**","_","RI","_","VACUUMLEIDING","_","HULPSTUK","_","VLINDERKLEP","_","","_","","_","","'-","","'-","G/S","'-","","SRI-HULP_VLINDERKLEP-SO; V-SRI-HULP_VLINDERKLEP-SO","*_**_RI_VACUUMLEIDING_HULPSTUK_VLINDERKLEP","0.18","10","12","10","10","253","CONTINUOUS","0.35","10","12","10","10","253","CONTINUOUS","0.35","10","12","10","10","253","V-CONTINUOUS-SO","0.35","10","12","10","10","253","CONTINUOUS","","","3911","2208","http://digitalbuildingdata.tech/nlcs/def/d3a17fcd-4244-46d3-950e-86ded39635de","http://digitalbuildingdata.tech/nlcs/def/cbf780ad-68ad-475b-be86-fcf5180b1934"
"DRAINAGE_HULPSTUK_ONTSTOPPINGSSTUK","*","_","**","_","RI","_","DRAINAGE","_","HULPSTUK","_","ONTSTOPPINGSSTUK","_","","_","","_","","'-","","'-","G/S","'-","","SRI-HULP_ONTSTOP-SO; V-SRI-HULP_ONTSTOP-SO","*_**_RI_DRAINAGE_HULPSTUK_ONTSTOPPINGSSTUK","0.18","90","92","90","90","253","CONTINUOUS","0.35","90","92","90","90","253","CONTINUOUS","0.35","90","92","90","90","253","V-CONTINUOUS-SO","0.35","90","92","90","90","253","CONTINUOUS","","","3587","1653","http://digitalbuildingdata.tech/nlcs/def/070f21b2-c5a2-462d-bbf2-32d5cc45d5c0","http://digitalbuildingdata.tech/nlcs/def/69a1128e-1a85-4d08-97db-2abc6d313804"
"HWA_HULPSTUK_VLINDERKLEP","*","_","**","_","RI","_","HWA","_","HULPSTUK","_","VLINDERKLEP","_","","_","","_","","'-","","'-","G/S","'-","","SRI-HULP_VLINDERKLEP-SO; V-SRI-HULP_VLINDERKLEP-SO","*_**_RI_HWA_HULPSTUK_VLINDERKLEP","0.18","150","152","150","150","253","CONTINUOUS","0.35","150","152","150","150","253","CONTINUOUS","0.35","150","152","150","150","253","V-CONTINUOUS-SO","0.35","150","152","150","150","253","CONTINUOUS","","","3705","1809","http://digitalbuildingdata.tech/nlcs/def/f7c86d82-ef2f-49a1-84c8-c1b22f604bb0","http://digitalbuildingdata.tech/nlcs/def/a2e7a4b2-77d0-4cfe-84b4-09332ebc2f34"
"DRAINAGE_HULPSTUK_EINDKAP","*","_","**","_","RI","_","DRAINAGE","_","HULPSTUK","_","EINDKAP","_","","_","","_","","'-","","'-","G/S","'-","","SRI-HULP_EINDKAP-SO; V-SRI-HULP_EINDKAP-SO","*_**_RI_DRAINAGE_HULPSTUK_EINDKAP","0.18","90","92","90","90","253","CONTINUOUS","0.35","90","92","90","90","253","CONTINUOUS","0.35","90","92","90","90","253","V-CONTINUOUS-SO","0.35","90","92","90","90","253","CONTINUOUS","","","3584","1653","http://digitalbuildingdata.tech/nlcs/def/08e1edfe-423f-4150-af50-6effb12bcde2","http://digitalbuildingdata.tech/nlcs/def/69a1128e-1a85-4d08-97db-2abc6d313804"
"VACUUMLEIDING_RIOOLPUT_METSELWERK","*","_","**","_","RI","_","VACUUMLEIDING","_","RIOOLPUT","_","METSELWERK","_","","_","","_","","'-","","'-","G/S","'-","","B-SRI-PUT_METSELWERK-SO; SRI-PUT_METSELWERK-SO; V-SRI-PUT_METSELWERK-SO","*_**_RI_VACUUMLEIDING_RIOOLPUT_METSELWERK","0.18","10","12","10","10","253","CONTINUOUS","0.35","10","12","10","10","253","CONTINUOUS","0.35","10","12","10","10","253","V-CONTINUOUS-SO","0.35","10","12","10","10","253","CONTINUOUS","","","3918","2214","http://digitalbuildingdata.tech/nlcs/def/442fba0f-29b7-4aa4-8841-f137b2dfa3d0","http://digitalbuildingdata.tech/nlcs/def/1545a06b-897a-493a-b487-654387adb4c7"
"DWA_RIOOLPUT_PUTBUIS","*","_","**","_","RI","_","DWA","_","RIOOLPUT","_","PUTBUIS","_","","_","","_","","'-","","'-","G/S","'-","","SRI-PUT_INSPECTIE-SO; V-SRI-PUT_INSPECTIE-SO","*_**_RI_DWA_RIOOLPUT_PUTBUIS","0.18","20","22","20","20","253","CONTINUOUS","0.35","20","22","20","20","253","CONTINUOUS","0.35","20","22","20","20","253","V-CONTINUOUS-SO","0.35","20","22","20","20","253","CONTINUOUS","","","4009","2250","http://digitalbuildingdata.tech/nlcs/def/1d8c9f38-e57a-4302-8403-f799df2a2d21","http://digitalbuildingdata.tech/nlcs/def/5907c42e-e386-4162-a216-1cbe71218422"
"GWA_RIOOLPUT_ZINKERPUT","*","_","**","_","RI","_","GWA","_","RIOOLPUT","_","ZINKERPUT","_","","_","","_","","'-","","'-","G/S","'-","","SRI-PUT_INSPECTIE-SO; V-SRI-PUT_INSPECTIE-SO","*_**_RI_GWA_RIOOLPUT_ZINKERPUT","0.18","30","32","30","30","253","CONTINUOUS","0.35","30","32","30","30","253","CONTINUOUS","0.35","30","32","30","30","253","V-CONTINUOUS-SO","0.35","30","32","30","30","253","CONTINUOUS","","","3685","1703","http://digitalbuildingdata.tech/nlcs/def/a6baad35-2ffe-4664-a76d-a43995a349d7","http://digitalbuildingdata.tech/nlcs/def/1e8c5556-7c7c-4a1d-bf1e-66db371ee81b"
"HWA_RIOOLPUT_BETON","*","_","**","_","RI","_","HWA","_","RIOOLPUT","_","BETON","_","","_","","_","","'-","","'-","G/S","'-","","B-SRI-PUT_BETON-SO; SRI-PUT_BETON-SO; V-SRI-PUT_BETON-SO","*_**_RI_HWA_RIOOLPUT_BETON","0.18","150","152","150","150","253","CONTINUOUS","0.35","150","152","150","150","253","CONTINUOUS","0.35","150","152","150","150","253","V-CONTINUOUS-SO","0.35","150","152","150","150","253","CONTINUOUS","","","3792","1832","http://digitalbuildingdata.tech/nlcs/def/3a60d7d9-b309-40d1-9720-56cc3409fd68","http://digitalbuildingdata.tech/nlcs/def/4a4e0491-d0ae-4fec-9b8d-32835ebe6b36"
"GWA_HULPSTUK_INLAAT","*","_","**","_","RI","_","GWA","_","HULPSTUK","_","INLAAT","_","","_","","_","","'-","","'-","G/S","'-","","SRI-HULP_INLAAT-SO; V-SRI-HULP_INLAAT-SO","*_**_RI_GWA_HULPSTUK_INLAAT","0.18","30","32","30","30","253","CONTINUOUS","0.35","30","32","30","30","253","CONTINUOUS","0.35","30","32","30","30","253","V-CONTINUOUS-SO","0.35","30","32","30","30","253","CONTINUOUS","","","1683","1681","http://digitalbuildingdata.tech/nlcs/def/4dd269f6-b834-4bc4-8aa3-da3f0bb6cd71","http://digitalbuildingdata.tech/nlcs/def/05961bf1-99fd-4b7c-a055-c07ff1aefc70"
"DWA_RIOOLPUT_STUWPUT","*","_","**","_","RI","_","DWA","_","RIOOLPUT","_","STUWPUT","_","","_","","_","","'-","","'-","G/S","'-","","SRI-PUT_STUWPUT-SO; V-SRI-PUT_STUWPUT-SO","*_**_RI_DWA_RIOOLPUT_STUWPUT","0.18","20","22","20","20","253","CONTINUOUS","0.35","20","22","20","20","253","CONTINUOUS","0.35","20","22","20","20","253","V-CONTINUOUS-SO","0.35","20","22","20","20","253","CONTINUOUS","","","2274","2250","http://digitalbuildingdata.tech/nlcs/def/8c1cd307-8a47-4571-b01e-df4772ced3b2","http://digitalbuildingdata.tech/nlcs/def/5907c42e-e386-4162-a216-1cbe71218422"
"DRAINAGE_HULPSTUK_BELUCHTING","*","_","**","_","RI","_","DRAINAGE","_","HULPSTUK","_","BELUCHTING","_","","_","","_","","'-","","'-","G/S","'-","","SRI-HULP_BELUCHTING-SO; V-SRI-HULP_BELUCHTING-SO","*_**_RI_DRAINAGE_HULPSTUK_BELUCHTING","0.18","90","92","90","90","253","CONTINUOUS","0.35","90","92","90","90","253","CONTINUOUS","0.35","90","92","90","90","253","V-CONTINUOUS-SO","0.35","90","92","90","90","253","CONTINUOUS","","","3583","1653","http://digitalbuildingdata.tech/nlcs/def/6347b41a-bb38-4ea2-96a3-f5c5f5bf478e","http://digitalbuildingdata.tech/nlcs/def/69a1128e-1a85-4d08-97db-2abc6d313804"
"HWA_RIOOLPUT_METSELWERK","*","_","**","_","RI","_","HWA","_","RIOOLPUT","_","METSELWERK","_","","_","","_","","'-","","'-","G/S","'-","","B-SRI-PUT_METSELWERK-SO; SRI-PUT_METSELWERK-SO; V-SRI-PUT_METSELWERK-SO","*_**_RI_HWA_RIOOLPUT_METSELWERK","0.18","150","152","150","150","253","CONTINUOUS","0.35","150","152","150","150","253","CONTINUOUS","0.35","150","152","150","150","253","V-CONTINUOUS-SO","0.35","150","152","150","150","253","CONTINUOUS","","","3794","1832","http://digitalbuildingdata.tech/nlcs/def/7dd048fb-ab1a-4fa7-9821-afb4e1827a4a","http://digitalbuildingdata.tech/nlcs/def/4a4e0491-d0ae-4fec-9b8d-32835ebe6b36"
"DWA_HULPSTUK_BELUCHTING","*","_","**","_","RI","_","DWA","_","HULPSTUK","_","BELUCHTING","_","","_","","_","","'-","","'-","G/S","'-","","SRI-HULP_BELUCHTING-SO; V-SRI-HULP_BELUCHTING-SO","*_**_RI_DWA_HULPSTUK_BELUCHTING","0.18","20","22","20","20","253","CONTINUOUS","0.35","20","22","20","20","253","CONTINUOUS","0.35","20","22","20","20","253","V-CONTINUOUS-SO","0.35","20","22","20","20","253","CONTINUOUS","","","3932","2241","http://digitalbuildingdata.tech/nlcs/def/2183c5d4-71ee-451c-a7fe-df7d3d5ef4e2","http://digitalbuildingdata.tech/nlcs/def/ecdaa4de-aaac-4fce-93f8-63a32389a4d1"
"DRAINAGE_HULPSTUK_VLINDERKLEP","*","_","**","_","RI","_","DRAINAGE","_","HULPSTUK","_","VLINDERKLEP","_","","_","","_","","'-","","'-","G/S","'-","","SRI-HULP_VLINDERKLEP-SO; V-SRI-HULP_VLINDERKLEP-SO","*_**_RI_DRAINAGE_HULPSTUK_VLINDERKLEP","0.18","90","92","90","90","253","CONTINUOUS","0.35","90","92","90","90","253","CONTINUOUS","0.35","90","92","90","90","253","V-CONTINUOUS-SO","0.35","90","92","90","90","253","CONTINUOUS","","","3591","1653","http://digitalbuildingdata.tech/nlcs/def/afd7c090-6d95-436a-877d-30b124490682","http://digitalbuildingdata.tech/nlcs/def/69a1128e-1a85-4d08-97db-2abc6d313804"
"ITR_RIOOLPUT_OVERSTORTPUT","*","_","**","_","RI","_","ITR","_","RIOOLPUT","_","OVERSTORTPUT","_","","_","","_","","'-","","'-","G/S","'-","","B-SRI-PUT_OVERSTORT-SO; SRI-PUT_OVERSTORT-SO; V-SRI-PUT_OVERSTORT-SO","*_**_RI_ITR_RIOOLPUT_OVERSTORTPUT","0.18","50","52","50","50","253","CONTINUOUS","0.35","50","52","50","50","253","CONTINUOUS","0.35","50","52","50","50","253","V-CONTINUOUS-SO","0.35","50","52","50","50","253","CONTINUOUS","","","2002","1989","http://digitalbuildingdata.tech/nlcs/def/1020990c-b0da-46bb-9db0-2e5d44a86863","http://digitalbuildingdata.tech/nlcs/def/f19102cc-19ee-4726-bd16-b9afb6d2abd1"
"ITR_HULPSTUK_AFSLUITER","*","_","**","_","RI","_","ITR","_","HULPSTUK","_","AFSLUITER","_","","_","","_","","'-","","'-","G/S","'-","","SRI-HULP_AFSLUITER-SO; V-SRI-HULP_AFSLUITER-SO","*_**_RI_ITR_HULPSTUK_AFSLUITER","0.18","50","52","50","50","253","CONTINUOUS","0.35","50","52","50","50","253","CONTINUOUS","0.35","50","52","50","50","253","V-CONTINUOUS-SO","0.35","50","52","50","50","253","CONTINUOUS","","","3808","1958","http://digitalbuildingdata.tech/nlcs/def/f891f3a8-8e19-44de-ac4c-2bc14b80185e","http://digitalbuildingdata.tech/nlcs/def/73a74d5b-dfa4-48f9-bb71-837270fb4b68"
"HWA_RIOOLPUT_KRUISINGSPUT","*","_","**","_","RI","_","HWA","_","RIOOLPUT","_","KRUISINGSPUT","_","","_","","_","","'-","","'-","G/S","'-","","SRI-PUT_KRUISPUT-SO; V-SRI-PUT_KRUISPUT-SO","*_**_RI_HWA_RIOOLPUT_KRUISINGSPUT","0.18","150","152","150","150","253","CONTINUOUS","0.35","150","152","150","150","253","CONTINUOUS","0.35","150","152","150","150","253","V-CONTINUOUS-SO","0.35","150","152","150","150","253","CONTINUOUS","","","1858","1832","http://digitalbuildingdata.tech/nlcs/def/12f9c1d7-5a6d-4a29-a614-fad71f66c415","http://digitalbuildingdata.tech/nlcs/def/4a4e0491-d0ae-4fec-9b8d-32835ebe6b36"
"DWA_RIOOLPUT_METSELWERK","*","_","**","_","RI","_","DWA","_","RIOOLPUT","_","METSELWERK","_","","_","","_","","'-","","'-","G/S","'-","","B-SRI-PUT_METSELWERK-SO; SRI-PUT_METSELWERK-SO; V-SRI-PUT_METSELWERK-SO","*_**_RI_DWA_RIOOLPUT_METSELWERK","0.18","20","22","20","20","253","CONTINUOUS","0.35","20","22","20","20","253","CONTINUOUS","0.35","20","22","20","20","253","V-CONTINUOUS-SO","0.35","20","22","20","20","253","CONTINUOUS","","","4001","2250","http://digitalbuildingdata.tech/nlcs/def/56ab7e18-5bdc-4ce1-a433-7d7f65d2c89a","http://digitalbuildingdata.tech/nlcs/def/5907c42e-e386-4162-a216-1cbe71218422"
"DRAINAGE_HULPSTUK_ONTLUCHTING","*","_","**","_","RI","_","DRAINAGE","_","HULPSTUK","_","ONTLUCHTING","_","","_","","_","","'-","","'-","G/S","'-","","SRI-HULP_ONTLUCHTING-SO; V-SRI-HULP_ONTLUCHTING-SO","*_**_RI_DRAINAGE_HULPSTUK_ONTLUCHTING","0.18","90","92","90","90","253","CONTINUOUS","0.35","90","92","90","90","253","CONTINUOUS","0.35","90","92","90","90","253","V-CONTINUOUS-SO","0.35","90","92","90","90","253","CONTINUOUS","","","3586","1653","http://digitalbuildingdata.tech/nlcs/def/b4133ad3-5743-4cad-a1c3-889c7a39c0f0","http://digitalbuildingdata.tech/nlcs/def/69a1128e-1a85-4d08-97db-2abc6d313804"
"DRAINAGE_PUT_BLINDEPUT","*","_","**","_","RI","_","DRAINAGE","_","PUT","_","BLINDEPUT","_","","_","","_","","'-","","'-","G/S","'-","","SRI-PUT_BLINDEPUT-SO; V-SRI-PUT_BLINDEPUT-SO","*_**_RI_DRAINAGE_PUT_BLINDEPUT","0.18","90","92","90","90","253","CONTINUOUS","0.25","90","92","90","90","253","CONTINUOUS","0.25","90","92","90","90","253","CONTINUOUS","0.25","90","92","90","90","253","CONTINUOUS","","","3497","1656","http://digitalbuildingdata.tech/nlcs/def/5c70272d-9008-4d4a-99b2-4836637fd243","http://digitalbuildingdata.tech/nlcs/def/0fa0f3ff-44ba-401c-950d-54b83f32c5ab"
"ITR_KOLK_STRAATKOLK","*","_","**","_","RI","_","ITR","_","KOLK","_","STRAATKOLK","_","","_","","_","","'-","","'-","G/S","'-","","B-SRI-KOLK_STRAAT-SO; SRI-KOLK_STRAAT-SO; V-SRI-KOLK_STRAAT-SO","*_**_RI_ITR_KOLK_STRAATKOLK","0.18","50","52","50","50","253","CONTINUOUS","0.35","50","52","50","50","253","CONTINUOUS","0.35","50","52","50","50","253","V-CONTINUOUS-SO","0.35","50","52","50","50","253","CONTINUOUS","","","1964","1961","http://digitalbuildingdata.tech/nlcs/def/74632c8f-e1c5-4635-94b0-00012bf32d61","http://digitalbuildingdata.tech/nlcs/def/aa138c2e-57de-464b-aa2b-308bcd859490"
"PERSLEIDING_RIOOLPUT_POMPPUT","*","_","**","_","RI","_","PERSLEIDING","_","RIOOLPUT","_","POMPPUT","_","","_","","_","","'-","","'-","G/S","'-","","B-SRI-PUT_POMPPUT-SO; SRI-PUT_POMPPUT-SO; V-SRI-PUT_POMPPUT-SO","*_**_RI_PERSLEIDING_RIOOLPUT_POMPPUT","0.18","210","212","210","210","253","CONTINUOUS","0.35","210","212","210","210","253","CONTINUOUS","0.35","210","212","210","210","253","V-CONTINUOUS-SO","0.35","210","212","210","210","253","CONTINUOUS","","","2076","2074","http://digitalbuildingdata.tech/nlcs/def/7b413caf-4dd5-4d11-82ce-56ccc058e822","http://digitalbuildingdata.tech/nlcs/def/cc878310-5886-4dab-9a5b-914812cf2c76"
"ITR_RIOOLPUT_HONDEHOKPUT","*","_","**","_","RI","_","ITR","_","RIOOLPUT","_","HONDEHOKPUT","_","","_","","_","","'-","","'-","G/S","'-","","SRI-PUT_HONDEHOKPUT-SO; V-SRI-PUT_HONDEHOKPUT-SO","*_**_RI_ITR_RIOOLPUT_HONDEHOKPUT","0.18","50","52","50","50","253","CONTINUOUS","0.35","50","52","50","50","253","CONTINUOUS","0.35","50","52","50","50","253","V-CONTINUOUS-SO","0.35","50","52","50","50","253","CONTINUOUS","","","1994","1989","http://digitalbuildingdata.tech/nlcs/def/36ecef34-d983-4400-9e5d-742ca05d4ec5","http://digitalbuildingdata.tech/nlcs/def/f19102cc-19ee-4726-bd16-b9afb6d2abd1"
"DRAINAGE_HULPSTUK_T STUK","*","_","**","_","RI","_","DRAINAGE","_","HULPSTUK","_","T STUK","_","","_","","_","","'-","","'-","G/S","'-","","SRI-DRAIN_T STUK-SO; V-SRI-DRAIN_T STUK-SO","*_**_RI_DRAINAGE_HULPSTUK_T STUK","0.18","90","92","90","90","253","CONTINUOUS","0.25","90","92","90","90","253","CONTINUOUS","0.25","90","92","90","90","253","CONTINUOUS","0.25","90","92","90","90","253","CONTINUOUS","","","3501","1653","http://digitalbuildingdata.tech/nlcs/def/9f634dfb-dbb3-42ef-b652-1e89047bf64c","http://digitalbuildingdata.tech/nlcs/def/69a1128e-1a85-4d08-97db-2abc6d313804"
"HWA_HULPSTUK_ONTLUCHTING","*","_","**","_","RI","_","HWA","_","HULPSTUK","_","ONTLUCHTING","_","","_","","_","","'-","","'-","G/S","'-","","SRI-HULP_ONTLUCHTING-SO; V-SRI-HULP_ONTLUCHTING-SO","*_**_RI_HWA_HULPSTUK_ONTLUCHTING","0.18","150","152","150","150","253","CONTINUOUS","0.35","150","152","150","150","253","CONTINUOUS","0.35","150","152","150","150","253","V-CONTINUOUS-SO","0.35","150","152","150","150","253","CONTINUOUS","","","3701","1809","http://digitalbuildingdata.tech/nlcs/def/8a8ef97f-6ee6-479b-8a93-002f678203d4","http://digitalbuildingdata.tech/nlcs/def/a2e7a4b2-77d0-4cfe-84b4-09332ebc2f34"
"GWA_RIOOLPUT_LOZINGSPUT","*","_","**","_","RI","_","GWA","_","RIOOLPUT","_","LOZINGSPUT","_","","_","","_","","'-","","'-","G/S","'-","","SRI-PUT_INSPECTIE-SO; V-SRI-PUT_INSPECTIE-SO","*_**_RI_GWA_RIOOLPUT_LOZINGSPUT","0.18","30","32","30","30","253","CONTINUOUS","0.35","30","32","30","30","253","CONTINUOUS","0.35","30","32","30","30","253","V-CONTINUOUS-SO","0.35","30","32","30","30","253","CONTINUOUS","","","3680","1703","http://digitalbuildingdata.tech/nlcs/def/2cf73258-44d5-44f6-958c-63993f07bc71","http://digitalbuildingdata.tech/nlcs/def/1e8c5556-7c7c-4a1d-bf1e-66db371ee81b"
"HWA_HULPSTUK_BELUCHTING","*","_","**","_","RI","_","HWA","_","HULPSTUK","_","BELUCHTING","_","","_","","_","","'-","","'-","G/S","'-","","SRI-HULP_BELUCHTING-SO; V-SRI-HULP_BELUCHTING-SO","*_**_RI_HWA_HULPSTUK_BELUCHTING","0.18","150","152","150","150","253","CONTINUOUS","0.35","150","152","150","150","253","CONTINUOUS","0.35","150","152","150","150","253","V-CONTINUOUS-SO","0.35","150","152","150","150","253","CONTINUOUS","","","3698","1809","http://digitalbuildingdata.tech/nlcs/def/b04a86d9-5609-4114-9d9a-866581dac7ca","http://digitalbuildingdata.tech/nlcs/def/a2e7a4b2-77d0-4cfe-84b4-09332ebc2f34"
"PERSLEIDING_RIOOLPUT_BETON","*","_","**","_","RI","_","PERSLEIDING","_","RIOOLPUT","_","BETON","_","","_","","_","","'-","","'-","G/S","'-","","B-SRI-PUT_BETON-SO; SRI-PUT_BETON-SO; V-SRI-PUT_BETON-SO","*_**_RI_PERSLEIDING_RIOOLPUT_BETON","0.18","210","212","210","210","253","CONTINUOUS","0.35","210","212","210","210","253","CONTINUOUS","0.35","210","212","210","210","253","V-CONTINUOUS-SO","0.35","210","212","210","210","253","CONTINUOUS","","","3857","2074","http://digitalbuildingdata.tech/nlcs/def/86b4040e-07b3-450e-910d-b5208d92e2c1","http://digitalbuildingdata.tech/nlcs/def/cc878310-5886-4dab-9a5b-914812cf2c76"
"GWA_RIOOLPUT_BETON","*","_","**","_","RI","_","GWA","_","RIOOLPUT","_","BETON","_","","_","","_","","'-","","'-","G/S","'-","","B-SRI-PUT_BETON-SO; SRI-PUT_BETON-SO; V-SRI-PUT_BETON-SO","*_**_RI_GWA_RIOOLPUT_BETON","0.18","30","32","30","30","253","CONTINUOUS","0.35","30","32","30","30","253","CONTINUOUS","0.35","30","32","30","30","253","V-CONTINUOUS-SO","0.35","30","32","30","30","253","CONTINUOUS","","","3676","1703","http://digitalbuildingdata.tech/nlcs/def/79c2ad07-3ff4-4305-ae34-b1d29eb351c3","http://digitalbuildingdata.tech/nlcs/def/1e8c5556-7c7c-4a1d-bf1e-66db371ee81b"
"ITR_RIOOLPUT_BETON","*","_","**","_","RI","_","ITR","_","RIOOLPUT","_","BETON","_","","_","","_","","'-","","'-","G/S","'-","","B-SRI-PUT_BETON-SO; SRI-PUT_BETON-SO; V-SRI-PUT_BETON-SO","*_**_RI_ITR_RIOOLPUT_BETON","0.18","50","52","50","50","253","CONTINUOUS","0.35","50","52","50","50","253","CONTINUOUS","0.35","50","52","50","50","253","V-CONTINUOUS-SO","0.35","50","52","50","50","253","CONTINUOUS","","","3837","1989","http://digitalbuildingdata.tech/nlcs/def/0170e10b-8617-432a-9f48-6bb681946c90","http://digitalbuildingdata.tech/nlcs/def/f19102cc-19ee-4726-bd16-b9afb6d2abd1"
"GWA_HULPSTUK_VERLOOPSTUK","*","_","**","_","RI","_","GWA","_","HULPSTUK","_","VERLOOPSTUK","_","","_","","_","","'-","","'-","G/S","'-","","SRI-HULP_VERLOOPSTUK-SO; V-SRI-HULP_VERLOOPSTUK-SO","*_**_RI_GWA_HULPSTUK_VERLOOPSTUK","0.18","30","32","30","30","253","CONTINUOUS","0.35","30","32","30","30","253","CONTINUOUS","0.35","30","32","30","30","253","V-CONTINUOUS-SO","0.35","30","32","30","30","253","CONTINUOUS","","","3607","1681","http://digitalbuildingdata.tech/nlcs/def/26597bc5-2f91-4be5-bd3c-ecf5c925496a","http://digitalbuildingdata.tech/nlcs/def/05961bf1-99fd-4b7c-a055-c07ff1aefc70"
"ITR_RIOOLPUT_KUNSTSTOF","*","_","**","_","RI","_","ITR","_","RIOOLPUT","_","KUNSTSTOF","_","","_","","_","","'-","","'-","G/S","'-","","B-SRI-PUT_KUNSTSTOF-SO; SRI-PUT_KUNSTSTOF-SO; V-SRI-PUT_KUNSTSTOF-SO","*_**_RI_ITR_RIOOLPUT_KUNSTSTOF","0.18","50","52","50","50","253","CONTINUOUS","0.35","50","52","50","50","253","CONTINUOUS","0.35","50","52","50","50","253","V-CONTINUOUS-SO","0.35","50","52","50","50","253","CONTINUOUS","","","3838","1989","http://digitalbuildingdata.tech/nlcs/def/d6b60eb3-d992-4ad2-bfe1-acbc188c43da","http://digitalbuildingdata.tech/nlcs/def/f19102cc-19ee-4726-bd16-b9afb6d2abd1"
"GWA_HULPSTUK_VLINDERKLEP","*","_","**","_","RI","_","GWA","_","HULPSTUK","_","VLINDERKLEP","_","","_","","_","","'-","","'-","G/S","'-","","SRI-HULP_VLINDERKLEP-SO; V-SRI-HULP_VLINDERKLEP-SO","*_**_RI_GWA_HULPSTUK_VLINDERKLEP","0.18","30","32","30","30","253","CONTINUOUS","0.35","30","32","30","30","253","CONTINUOUS","0.35","30","32","30","30","253","V-CONTINUOUS-SO","0.35","30","32","30","30","253","CONTINUOUS","","","3608","1681","http://digitalbuildingdata.tech/nlcs/def/2e7b596c-b7d4-411a-8f7f-b79b630bb3c8","http://digitalbuildingdata.tech/nlcs/def/05961bf1-99fd-4b7c-a055-c07ff1aefc70"
"DWA_LOZEPUT_VOLGEZAND","*","_","**","_","RI","_","DWA","_","LOZEPUT","_","VOLGEZAND","_","","_","","_","","'-","","'-","G/S","'-","","SRI-PUT_INSPECTIE-SO; V-SRI-PUT_INSPECTIE-SO","*_**_RI_DWA_LOZEPUT_VOLGEZAND","0.18","20","22","20","20","253","CONTINUOUS","0.35","20","22","20","20","253","CONTINUOUS","0.35","20","22","20","20","253","V-CONTINUOUS-SO","0.35","20","22","20","20","253","CONTINUOUS","","","4016","4014","http://digitalbuildingdata.tech/nlcs/def/be94dfac-f677-4321-b295-894f92f08684","http://digitalbuildingdata.tech/nlcs/def/ae1c1385-ec42-481a-ae77-1c94935279a2"
"DWA_HULPSTUK_ONTLUCHTING","*","_","**","_","RI","_","DWA","_","HULPSTUK","_","ONTLUCHTING","_","","_","","_","","'-","","'-","G/S","'-","","SRI-HULP_ONTLUCHTING-SO; V-SRI-HULP_ONTLUCHTING-SO","*_**_RI_DWA_HULPSTUK_ONTLUCHTING","0.18","20","22","20","20","253","CONTINUOUS","0.35","20","22","20","20","253","CONTINUOUS","0.35","20","22","20","20","253","V-CONTINUOUS-SO","0.35","20","22","20","20","253","CONTINUOUS","","","3935","2241","http://digitalbuildingdata.tech/nlcs/def/36b0cb6e-aa17-44e2-8bba-5c569b06986a","http://digitalbuildingdata.tech/nlcs/def/ecdaa4de-aaac-4fce-93f8-63a32389a4d1"
"HWA_HULPSTUK_EINDKAP","*","_","**","_","RI","_","HWA","_","HULPSTUK","_","EINDKAP","_","","_","","_","","'-","","'-","G/S","'-","","SRI-HULP_EINDKAP-SO; V-SRI-HULP_EINDKAP-SO","*_**_RI_HWA_HULPSTUK_EINDKAP","0.18","150","152","150","150","253","CONTINUOUS","0.35","150","152","150","150","253","CONTINUOUS","0.35","150","152","150","150","253","V-CONTINUOUS-SO","0.35","150","152","150","150","253","CONTINUOUS","","","3699","1809","http://digitalbuildingdata.tech/nlcs/def/396978b6-cb43-4478-bf69-b840f89d7f3b","http://digitalbuildingdata.tech/nlcs/def/a2e7a4b2-77d0-4cfe-84b4-09332ebc2f34"
"DWA_RIOOLPUT_KRUISINGSPUT","*","_","**","_","RI","_","DWA","_","RIOOLPUT","_","KRUISINGSPUT","_","","_","","_","","'-","","'-","G/S","'-","","SRI-PUT_KRUISPUT-SO; V-SRI-PUT_KRUISPUT-SO","*_**_RI_DWA_RIOOLPUT_KRUISINGSPUT","0.18","20","22","20","20","253","CONTINUOUS","0.35","20","22","20","20","253","CONTINUOUS","0.35","20","22","20","20","253","V-CONTINUOUS-SO","0.35","20","22","20","20","253","CONTINUOUS","","","2283","2250","http://digitalbuildingdata.tech/nlcs/def/3241ef19-a1e6-4f83-9650-8dfdd3911b65","http://digitalbuildingdata.tech/nlcs/def/5907c42e-e386-4162-a216-1cbe71218422"
"DWA_HULPSTUK_SPUIKRAAN","*","_","**","_","RI","_","DWA","_","HULPSTUK","_","SPUIKRAAN","_","","_","","_","","'-","","'-","G/S","'-","","SRI-HULP_SPUIKRAAN-SO; V-SRI-HULP_SPUIKRAAN-SO","*_**_RI_DWA_HULPSTUK_SPUIKRAAN","0.18","20","22","20","20","253","CONTINUOUS","0.35","20","22","20","20","253","CONTINUOUS","0.35","20","22","20","20","253","V-CONTINUOUS-SO","0.35","20","22","20","20","253","CONTINUOUS","","","3937","2241","http://digitalbuildingdata.tech/nlcs/def/5946df17-40e3-4c9e-a548-6c54fecbb1c0","http://digitalbuildingdata.tech/nlcs/def/ecdaa4de-aaac-4fce-93f8-63a32389a4d1"
"GWA_KOLK_TROTTOIRKOLK","*","_","**","_","RI","_","GWA","_","KOLK","_","TROTTOIRKOLK","_","","_","","_","","'-","","'-","G/S","'-","","B-SRI-KOLK_TROTTOIR-SO; SRI-KOLK_TROTTOIR-SO; V-SRI-KOLK_TROTTOIR-SO","*_**_RI_GWA_KOLK_TROTTOIRKOLK","0.18","30","32","30","30","253","CONTINUOUS","0.35","30","32","30","30","253","CONTINUOUS","0.35","30","32","30","30","253","V-CONTINUOUS-SO","0.35","30","32","30","30","253","CONTINUOUS","","","1689","1685","http://digitalbuildingdata.tech/nlcs/def/a06f1b2d-7c27-4a9e-bfcc-b991770b0463","http://digitalbuildingdata.tech/nlcs/def/8d061b9c-4343-425d-8533-73d683578659"
"GWA_RIOOLPUT_PUTBUIS","*","_","**","_","RI","_","GWA","_","RIOOLPUT","_","PUTBUIS","_","","_","","_","","'-","","'-","G/S","'-","","SRI-PUT_INSPECTIE-SO; V-SRI-PUT_INSPECTIE-SO","*_**_RI_GWA_RIOOLPUT_PUTBUIS","0.18","30","32","30","30","253","CONTINUOUS","0.35","30","32","30","30","253","CONTINUOUS","0.35","30","32","30","30","253","V-CONTINUOUS-SO","0.35","30","32","30","30","253","CONTINUOUS","","","3681","1703","http://digitalbuildingdata.tech/nlcs/def/a093090c-8195-44b2-8a21-1ea091e89130","http://digitalbuildingdata.tech/nlcs/def/1e8c5556-7c7c-4a1d-bf1e-66db371ee81b"
"GWA_HULPSTUK_AFSLUITER","*","_","**","_","RI","_","GWA","_","HULPSTUK","_","AFSLUITER","_","","_","","_","","'-","","'-","G/S","'-","","SRI-HULP_AFSLUITER-SO; V-SRI-HULP_AFSLUITER-SO","*_**_RI_GWA_HULPSTUK_AFSLUITER","0.18","30","32","30","30","253","CONTINUOUS","0.35","30","32","30","30","253","CONTINUOUS","0.35","30","32","30","30","253","V-CONTINUOUS-SO","0.35","30","32","30","30","253","CONTINUOUS","","","3600","1681","http://digitalbuildingdata.tech/nlcs/def/3728893b-180c-403d-a83c-5ec85dd13bed","http://digitalbuildingdata.tech/nlcs/def/05961bf1-99fd-4b7c-a055-c07ff1aefc70"
"DWA_HULPSTUK_KEERKLEP","*","_","**","_","RI","_","DWA","_","HULPSTUK","_","KEERKLEP","_","","_","","_","","'-","","'-","G/S","'-","","SRI-HULP_KEERKLEP-SO; V-SRI-HULP_KEERKLEP-SO","*_**_RI_DWA_HULPSTUK_KEERKLEP","0.18","20","22","20","20","253","CONTINUOUS","0.35","20","22","20","20","253","CONTINUOUS","0.35","20","22","20","20","253","V-CONTINUOUS-SO","0.35","20","22","20","20","253","CONTINUOUS","","","3934","2241","http://digitalbuildingdata.tech/nlcs/def/26876b03-6e5e-4b90-87ad-a677ee4a7bdb","http://digitalbuildingdata.tech/nlcs/def/ecdaa4de-aaac-4fce-93f8-63a32389a4d1"
"HWA_GOOT_LIJNGOOT","*","_","**","_","RI","_","HWA","_","GOOT","_","LIJNGOOT","_","","_","","_","","'-","","'-","G","'-","","","*_**_RI_HWA_GOOT_LIJNGOOT","0.18","150","152","150","150","253","CONTINUOUS","0.35","150","152","150","150","253","CONTINUOUS","0.35","150","152","150","150","253","V-CONTINUOUS-SO","0.35","150","152","150","150","253","CONTINUOUS","","","1790","1789","http://digitalbuildingdata.tech/nlcs/def/82558be4-a84d-4972-a42c-f4e6cd4c5f42","http://digitalbuildingdata.tech/nlcs/def/ed616b3c-7364-4411-9691-1a798edff003"
"GWA_LOZELEIDING_UITLEGGER","*","_","**","_","RI","_","GWA","_","LOZELEIDING","_","UITLEGGER","_","","_","","_","","'-","","'-","G","'-","","","*_**_RI_GWA_LOZELEIDING_UITLEGGER","0.18","30","32","30","30","253","RI-UITLEGGER-SO","0.35","30","32","30","30","253","RI-UITLEGGER-SO","0.35","30","32","30","30","253","V-RI-UITLEGGER-SO","0.35","30","32","30","30","253","RI-UITLEGGER-SO","","","4045","1784","http://digitalbuildingdata.tech/nlcs/def/14062fad-824f-4824-9b64-3254142f7c7d","http://digitalbuildingdata.tech/nlcs/def/956a7970-b275-4ff5-b4f0-f796520ec031"
"HWA_TRANSPORTLEIDING_GVK","*","_","**","_","RI","_","HWA","_","TRANSPORTLEIDING","_","GVK","_","","_","","_","","'-","","'-","G","'-","","","*_**_RI_HWA_TRANSPORTLEIDING_GVK","0.18","150","152","150","150","253","RI-HWA-SO","0.35","150","152","150","150","253","RI-HWA-SO","0.35","150","152","150","150","253","V-RI-HWA-SO","0.35","150","152","150","150","253","RI-HWA-SO","","","1896","1860","http://digitalbuildingdata.tech/nlcs/def/9eb2bf51-e3db-4178-bff6-0bfdea80b25a","http://digitalbuildingdata.tech/nlcs/def/571bdc48-6eac-4c5c-8602-65c4d4f00edc"
"HWA_RIOOLLEIDING_PE","*","_","**","_","RI","_","HWA","_","RIOOLLEIDING","_","PE","_","","_","","_","","'-","","'-","G","'-","","","*_**_RI_HWA_RIOOLLEIDING_PE","0.18","150","152","150","150","253","RI-HWA-SO","0.35","150","152","150","150","253","RI-HWA-SO","0.35","150","152","150","150","253","V-RI-HWA-SO","0.35","150","152","150","150","253","RI-HWA-SO","","","3773","3710","http://digitalbuildingdata.tech/nlcs/def/b55d0f25-f210-4299-8896-3afac3ed7de2","http://digitalbuildingdata.tech/nlcs/def/a8301102-38cf-4e59-9b7f-5bd2a2945190"
"HWA_TRANSPORTLEIDING_PVC","*","_","**","_","RI","_","HWA","_","TRANSPORTLEIDING","_","PVC","_","","_","","_","","'-","","'-","G","'-","","","*_**_RI_HWA_TRANSPORTLEIDING_PVC","0.18","150","152","150","150","253","RI-HWA-SO","0.35","150","152","150","150","253","RI-HWA-SO","0.35","150","152","150","150","253","V-RI-HWA-SO","0.35","150","152","150","150","253","RI-HWA-SO","","","1933","1860","http://digitalbuildingdata.tech/nlcs/def/c5d33f81-85c3-493b-996d-ceb207f769b6","http://digitalbuildingdata.tech/nlcs/def/571bdc48-6eac-4c5c-8602-65c4d4f00edc"
"GWA_LOZINGSPUNT_OPPERVLAKTEWATER","*","_","**","_","RI","_","GWA","_","LOZINGSPUNT","_","OPPERVLAKTEWATER","_","","_","","_","","'-","","'-","G","'-","","","*_**_RI_GWA_LOZINGSPUNT_OPPERVLAKTEWATER","0.18","30","32","30","30","253","CONTINUOUS","0.35","30","32","30","30","253","CONTINUOUS","0.35","30","32","30","30","253","V-CONTINUOUS-SO","0.35","30","32","30","30","253","CONTINUOUS","","","3612","1699","http://digitalbuildingdata.tech/nlcs/def/c5913e23-98f5-4706-aa54-f9498d88e4da","http://digitalbuildingdata.tech/nlcs/def/9add9832-b70f-4a3b-9f62-fd6c9aead3d1"
"GWA_RIOOLLEIDING_GRES","*","_","**","_","RI","_","GWA","_","RIOOLLEIDING","_","GRES","_","","_","","_","","'-","","'-","G","'-","","","*_**_RI_GWA_RIOOLLEIDING_GRES","0.18","30","32","30","30","253","RI-GWA-SO","0.35","30","32","30","30","253","RI-GWA-SO","0.35","30","32","30","30","253","V-RI-GWA-SO","0.35","30","32","30","30","253","RI-GWA-SO","","","3642","3613","http://digitalbuildingdata.tech/nlcs/def/4256a0d5-6db6-4b97-9a23-e08b12d845e4","http://digitalbuildingdata.tech/nlcs/def/8d0e3e9c-0991-4a76-986f-b1d3c8d4593c"
"HWA_RIOOLLEIDING_GVK","*","_","**","_","RI","_","HWA","_","RIOOLLEIDING","_","GVK","_","","_","","_","","'-","","'-","G","'-","","","*_**_RI_HWA_RIOOLLEIDING_GVK","0.18","150","152","150","150","253","RI-HWA-SO","0.35","150","152","150","150","253","RI-HWA-SO","0.35","150","152","150","150","253","V-RI-HWA-SO","0.35","150","152","150","150","253","RI-HWA-SO","","","3746","3710","http://digitalbuildingdata.tech/nlcs/def/ee332402-a94e-437a-a767-43019214a0a2","http://digitalbuildingdata.tech/nlcs/def/a8301102-38cf-4e59-9b7f-5bd2a2945190"
"DWA_RIOOLLEIDING_GRES","*","_","**","_","RI","_","DWA","_","RIOOLLEIDING","_","GRES","_","","_","","_","","'-","","'-","G","'-","","","*_**_RI_DWA_RIOOLLEIDING_GRES","0.18","20","22","20","20","253","RI-DWA-SO","0.35","20","22","20","20","253","RI-DWA-SO","0.35","20","22","20","20","253","V-RI-DWA-SO","0.35","20","22","20","20","253","RI-DWA-SO","","","3969","3940","http://digitalbuildingdata.tech/nlcs/def/f4174e96-d8bf-4d93-afc3-ea430a0cc4d0","http://digitalbuildingdata.tech/nlcs/def/eac0d419-f850-4c8b-9dfb-8bf9f0db9e66"
"HWA_PERCEELAANSLUITLEIDING_PVC","*","_","**","_","RI","_","HWA","_","PERCEELAANSLUITLEIDING","_","PVC","_","","_","","_","","'-","","'-","G","'-","","","*_**_RI_HWA_PERCEELAANSLUITLEIDING_PVC","0.18","150","152","150","150","253","RI-HWA_AANSLUITLEIDING-SO","0.25","150","152","150","150","253","RI-HWA_AANSLUITLEIDING-SO","0.25","150","152","150","150","253","V-RI-HWA_AANSLUITLEIDING-SO","0.25","150","152","150","150","253","RI-HWA_AANSLUITLEIDING-SO","","","1805","1795","http://digitalbuildingdata.tech/nlcs/def/a765f03f-2a8c-45a7-b70e-eb03cfe7ead3","http://digitalbuildingdata.tech/nlcs/def/32ae024c-ccf4-4ff7-9c5a-b426c53fbc24"
"DWA_TRANSPORTLEIDING_GRES","*","_","**","_","RI","_","DWA","_","TRANSPORTLEIDING","_","GRES","_","","_","","_","","'-","","'-","G","'-","","","*_**_RI_DWA_TRANSPORTLEIDING_GRES","0.18","20","22","20","20","253","RI-DWA-SO","0.35","20","22","20","20","253","RI-DWA-SO","0.35","20","22","20","20","253","V-RI-DWA-SO","0.35","20","22","20","20","253","RI-DWA-SO","","","2311","2286","http://digitalbuildingdata.tech/nlcs/def/d635a418-c9c6-4464-b71d-57c389ef5790","http://digitalbuildingdata.tech/nlcs/def/328688a0-4e48-4e34-8259-510be280f49d"
"ITR_PERCEELAANSLUITLEIDING_PVC","*","_","**","_","RI","_","ITR","_","PERCEELAANSLUITLEIDING","_","PVC","_","","_","","_","","'-","","'-","G","'-","","","*_**_RI_ITR_PERCEELAANSLUITLEIDING_PVC","0.18","50","52","50","50","253","RI-ITR_AANSLUITLEIDING-SO","0.25","50","52","50","50","253","RI-ITR_AANSLUITLEIDING-SO","0.25","50","52","50","50","253","V-RI-ITR_AANSLUITLEIDING-SO","0.25","50","52","50","50","253","RI-ITR_AANSLUITLEIDING-SO","","","1954","1948","http://digitalbuildingdata.tech/nlcs/def/3e8d7619-4c52-4d42-b9c0-8ca0278b976a","http://digitalbuildingdata.tech/nlcs/def/2ecc5ff2-6512-44d4-8a34-4497009550a4"
"ITR_RIOOLLEIDING_PE","*","_","**","_","RI","_","ITR","_","RIOOLLEIDING","_","PE","_","","_","","_","","'-","","'-","G","'-","","","*_**_RI_ITR_RIOOLLEIDING_PE","0.18","50","52","50","50","253","RI-ITR-SO","0.35","50","52","50","50","253","RI-ITR-SO","0.35","50","52","50","50","253","V-RI-ITR-SO","0.35","50","52","50","50","253","RI-ITR-SO","","","2031","2017","http://digitalbuildingdata.tech/nlcs/def/6c5ac269-37b0-424e-a5bf-9ee9e31c0f8e","http://digitalbuildingdata.tech/nlcs/def/8fee24c2-10d8-46f6-9592-1775c52bcb32"
"DWA_RIOOLLEIDING_PE","*","_","**","_","RI","_","DWA","_","RIOOLLEIDING","_","PE","_","","_","","_","","'-","","'-","G","'-","","","*_**_RI_DWA_RIOOLLEIDING_PE","0.18","20","22","20","20","253","RI-DWA-SO","0.35","20","22","20","20","253","RI-DWA-SO","0.35","20","22","20","20","253","V-RI-DWA-SO","0.35","20","22","20","20","253","RI-DWA-SO","","","3980","3940","http://digitalbuildingdata.tech/nlcs/def/f546eb55-eec2-4306-a8aa-b24078d81bd8","http://digitalbuildingdata.tech/nlcs/def/eac0d419-f850-4c8b-9dfb-8bf9f0db9e66"
"OVERIG_DUIKER_KOLKAANSLUITLEIDING","*","_","**","_","RI","_","OVERIG","_","DUIKER","_","KOLKAANSLUITLEIDING","_","","_","","_","","'-","","'-","G","'-","","","*_**_RI_OVERIG_DUIKER_KOLKAANSLUITLEIDING","0.18","10","12","10","10","253","RI-AANSLUITLEIDING-SO","0.35","10","12","10","10","253","RI-AANSLUITLEIDING-SO","0.35","10","12","10","10","253","V-RI-AANSLUITLEIDING-SO","0.35","10","12","10","10","253","RI-AANSLUITLEIDING-SO","","","4064","4029","http://digitalbuildingdata.tech/nlcs/def/2f8c2562-c295-4498-9aa4-1d3b3885e42b","http://digitalbuildingdata.tech/nlcs/def/14c4636f-8802-46cc-8c78-730997acad3d"
"HWA_KOLKAANSLUITLEIDING_PVC","*","_","**","_","RI","_","HWA","_","KOLKAANSLUITLEIDING","_","PVC","_","","_","","_","","'-","","'-","G","'-","","","*_**_RI_HWA_KOLKAANSLUITLEIDING_PVC","0.18","150","152","150","150","253","RI-HWA_AANSLUITLEIDING-SO","0.25","150","152","150","150","253","RI-HWA_AANSLUITLEIDING-SO","0.25","150","152","150","150","253","V-RI-HWA_AANSLUITLEIDING-SO","0.25","150","152","150","150","253","RI-HWA_AANSLUITLEIDING-SO","","","1822","1817","http://digitalbuildingdata.tech/nlcs/def/bea066cd-f294-46da-8c0e-6999dd8a7854","http://digitalbuildingdata.tech/nlcs/def/eeb61457-d400-4554-a196-e49d7f87a645"
"ITR_RIOOLLEIDING_BETON","*","_","**","_","RI","_","ITR","_","RIOOLLEIDING","_","BETON","_","","_","","_","","'-","","'-","G","'-","","","*_**_RI_ITR_RIOOLLEIDING_BETON","0.18","50","52","50","50","253","RI-ITR-SO","0.35","50","52","50","50","253","RI-ITR-SO","0.35","50","52","50","50","253","V-RI-ITR-SO","0.35","50","52","50","50","253","RI-ITR-SO","","","2018","2017","http://digitalbuildingdata.tech/nlcs/def/39a79871-afb7-4431-ae52-cc7b15bd69f5","http://digitalbuildingdata.tech/nlcs/def/8fee24c2-10d8-46f6-9592-1775c52bcb32"
"OVERIG_DUIKER_LOZELEIDING","*","_","**","_","RI","_","OVERIG","_","DUIKER","_","LOZELEIDING","_","","_","","_","","'-","","'-","G","'-","","","*_**_RI_OVERIG_DUIKER_LOZELEIDING","0.18","10","12","10","10","253","RI-LOZELEIDING-SO","0.35","10","12","10","10","253","RI-LOZELEIDING-SO","0.35","10","12","10","10","253","V-RI-LOZELEIDING-SO","0.35","10","12","10","10","253","RI-LOZELEIDING-SO","","","4065","4029","http://digitalbuildingdata.tech/nlcs/def/75ea35b9-eb06-4101-8b21-b900e74a0fcb","http://digitalbuildingdata.tech/nlcs/def/14c4636f-8802-46cc-8c78-730997acad3d"
"HWA_RIOOLLEIDING_PVC","*","_","**","_","RI","_","HWA","_","RIOOLLEIDING","_","PVC","_","","_","","_","","'-","","'-","G","'-","","","*_**_RI_HWA_RIOOLLEIDING_PVC","0.18","150","152","150","150","253","RI-HWA-SO","0.35","150","152","150","150","253","RI-HWA-SO","0.35","150","152","150","150","253","V-RI-HWA-SO","0.35","150","152","150","150","253","RI-HWA-SO","","","3783","3710","http://digitalbuildingdata.tech/nlcs/def/df8638ad-ad1d-478c-95cb-1fd92a1b37c6","http://digitalbuildingdata.tech/nlcs/def/a8301102-38cf-4e59-9b7f-5bd2a2945190"
"HWA_RIOOLLEIDING_BETON","*","_","**","_","RI","_","HWA","_","RIOOLLEIDING","_","BETON","_","","_","","_","","'-","","'-","G","'-","","","*_**_RI_HWA_RIOOLLEIDING_BETON","0.18","150","152","150","150","253","RI-HWA-SO","0.35","150","152","150","150","253","RI-HWA-SO","0.35","150","152","150","150","253","V-RI-HWA-SO","0.35","150","152","150","150","253","RI-HWA-SO","","","3711","3710","http://digitalbuildingdata.tech/nlcs/def/5437e98b-2362-43bd-a944-ccccdd7ab1ed","http://digitalbuildingdata.tech/nlcs/def/a8301102-38cf-4e59-9b7f-5bd2a2945190"
"GWA_PERCEELAANSLUITLEIDING_GRES","*","_","**","_","RI","_","GWA","_","PERCEELAANSLUITLEIDING","_","GRES","_","","_","","_","","'-","","'-","G","'-","","","*_**_RI_GWA_PERCEELAANSLUITLEIDING_GRES","0.18","30","32","30","30","253","RI-GWA_AANSLUITLEIDING-SO","0.25","30","32","30","30","253","RI-GWA_AANSLUITLEIDING-SO","0.25","30","32","30","30","253","V-RI-GWA_AANSLUITLEIDING-SO","0.25","30","32","30","30","253","RI-GWA_AANSLUITLEIDING-SO","","","1668","1667","http://digitalbuildingdata.tech/nlcs/def/ca1dcae8-0044-4fa3-8815-09972d598b0c","http://digitalbuildingdata.tech/nlcs/def/7936aeff-ab52-456e-98f0-1f1b3342a1dd"
"DWA_TRANSPORTLEIDING_BETON","*","_","**","_","RI","_","DWA","_","TRANSPORTLEIDING","_","BETON","_","","_","","_","","'-","","'-","G","'-","","","*_**_RI_DWA_TRANSPORTLEIDING_BETON","0.18","20","22","20","20","253","RI-DWA-SO","0.35","20","22","20","20","253","RI-DWA-SO","0.35","20","22","20","20","253","V-RI-DWA-SO","0.35","20","22","20","20","253","RI-DWA-SO","","","2287","2286","http://digitalbuildingdata.tech/nlcs/def/584f42b4-9e2e-468c-a0ff-5b8e084f2c68","http://digitalbuildingdata.tech/nlcs/def/328688a0-4e48-4e34-8259-510be280f49d"
"ITR_LOZELEIDING_UITLEGGER","*","_","**","_","RI","_","ITR","_","LOZELEIDING","_","UITLEGGER","_","","_","","_","","'-","","'-","G","'-","","","*_**_RI_ITR_LOZELEIDING_UITLEGGER","0.18","50","52","50","50","253","RI-UITLEGGER-SO","0.35","50","52","50","50","253","RI-UITLEGGER-SO","0.35","50","52","50","50","253","V-RI-UITLEGGER-SO","0.35","50","52","50","50","253","RI-UITLEGGER-SO","","","3845","2049","http://digitalbuildingdata.tech/nlcs/def/065d97b3-1754-4f47-9d77-1ce74d6e376c","http://digitalbuildingdata.tech/nlcs/def/17b56335-4160-4c2a-ad32-308119c36e71"
"OVERIG_TRANSPORTLEIDING_PVC","*","_","**","_","RI","_","OVERIG","_","TRANSPORTLEIDING","_","PVC","_","","_","","_","","'-","","'-","G","'-","","","*_**_RI_OVERIG_TRANSPORTLEIDING_PVC","0.18","10","12","10","10","253","RI-TRANSPORTLEIDING-SO","0.35","10","12","10","10","253","RI-TRANSPORTLEIDING-SO","0.35","10","12","10","10","253","V-RI-TRANSPORTLEIDING-SO","0.35","10","12","10","10","253","RI-TRANSPORTLEIDING-SO","","","3902","2193","http://digitalbuildingdata.tech/nlcs/def/591aa20c-38b5-4b0b-a424-0100a621baad","http://digitalbuildingdata.tech/nlcs/def/bd4a4aa6-6c12-443c-a127-d82405cd75ca"
"HWA_KOLKAANSLUITLEIDING_PE","*","_","**","_","RI","_","HWA","_","KOLKAANSLUITLEIDING","_","PE","_","","_","","_","","'-","","'-","G","'-","","","*_**_RI_HWA_KOLKAANSLUITLEIDING_PE","0.18","150","152","150","150","253","RI-HWA_AANSLUITLEIDING-SO","0.25","150","152","150","150","253","RI-HWA_AANSLUITLEIDING-SO","0.25","150","152","150","150","253","V-RI-HWA_AANSLUITLEIDING-SO","0.25","150","152","150","150","253","RI-HWA_AANSLUITLEIDING-SO","","","1818","1817","http://digitalbuildingdata.tech/nlcs/def/34ad2ff9-f434-42ae-9fea-9bc415e23541","http://digitalbuildingdata.tech/nlcs/def/eeb61457-d400-4554-a196-e49d7f87a645"
"ITR_HULPSTUK_ONTSTOPPINGSSTUK","*","_","**","_","RI","_","ITR","_","HULPSTUK","_","ONTSTOPPINGSSTUK","_","","_","","_","","'-","","'-","G","'-","","","*_**_RI_ITR_HULPSTUK_ONTSTOPPINGSSTUK","0.18","50","52","50","50","253","CONTINUOUS","0.35","50","52","50","50","253","CONTINUOUS","0.35","50","52","50","50","253","V-CONTINUOUS-SO","0.35","50","52","50","50","253","CONTINUOUS","","","1960","1958","http://digitalbuildingdata.tech/nlcs/def/11883720-d3e2-4919-ab22-fb368c3d51fb","http://digitalbuildingdata.tech/nlcs/def/73a74d5b-dfa4-48f9-bb71-837270fb4b68"
"DWA_RIOOLLEIDING_PVC","*","_","**","_","RI","_","DWA","_","RIOOLLEIDING","_","PVC","_","","_","","_","","'-","","'-","G","'-","","","*_**_RI_DWA_RIOOLLEIDING_PVC","0.18","20","22","20","20","253","RI-DWA-SO","0.35","20","22","20","20","253","RI-DWA-SO","0.35","20","22","20","20","253","V-RI-DWA-SO","0.35","20","22","20","20","253","RI-DWA-SO","","","3990","3940","http://digitalbuildingdata.tech/nlcs/def/c69bc13d-a8fb-4281-b7aa-335f8f0df12a","http://digitalbuildingdata.tech/nlcs/def/eac0d419-f850-4c8b-9dfb-8bf9f0db9e66"
"DWA_HULPSTUK_ONTSTOPPINGSSTUK","*","_","**","_","RI","_","DWA","_","HULPSTUK","_","ONTSTOPPINGSSTUK","_","","_","","_","","'-","","'-","G","'-","","","*_**_RI_DWA_HULPSTUK_ONTSTOPPINGSSTUK","0.18","20","22","20","20","253","CONTINUOUS","0.35","20","22","20","20","253","CONTINUOUS","0.35","20","22","20","20","253","V-CONTINUOUS-SO","0.35","20","22","20","20","253","CONTINUOUS","","","2243","2241","http://digitalbuildingdata.tech/nlcs/def/a855f3a8-f1fb-49f3-8835-f51e6e63f093","http://digitalbuildingdata.tech/nlcs/def/ecdaa4de-aaac-4fce-93f8-63a32389a4d1"
"PERSLEIDING_LOZELEIDING_VOLGESCHUIMD","*","_","**","_","RI","_","PERSLEIDING","_","LOZELEIDING","_","VOLGESCHUIMD","_","","_","","_","","'-","","'-","G","'-","","","*_**_RI_PERSLEIDING_LOZELEIDING_VOLGESCHUIMD","0.18","210","212","210","210","253","RI-VOLSCHUIMEN-SO","0.35","210","212","210","210","253","RI-VOLSCHUIMEN-SO","0.35","210","212","210","210","253","V-RI-VOLSCHUIMEN-SO","0.35","210","212","210","210","253","RI-VOLSCHUIMEN-SO","","","4079","4077","http://digitalbuildingdata.tech/nlcs/def/a2301eca-5138-4340-9ddb-1b1754012340","http://digitalbuildingdata.tech/nlcs/def/814070dc-f483-4381-9bfc-7322ed635f9a"
"DWA_AFSCHEIDER_VET","*","_","**","_","RI","_","DWA","_","AFSCHEIDER","_","VET","_","","_","","_","","'-","","'-","G","'-","","","*_**_RI_DWA_AFSCHEIDER_VET","0.18","20","22","20","20","253","CONTINUOUS","0.35","20","22","20","20","253","CONTINUOUS","0.35","20","22","20","20","253","V-CONTINUOUS-SO","0.35","20","22","20","20","253","CONTINUOUS","","","2223","2221","http://digitalbuildingdata.tech/nlcs/def/7027624b-592a-4962-8983-c34095ab1335","http://digitalbuildingdata.tech/nlcs/def/a6cdf429-f928-4ded-aa6b-d87644fa729a"
"VACUUMLEIDING_GEMAAL_BESTURINGSKAST","*","_","**","_","RI","_","VACUUMLEIDING","_","GEMAAL","_","BESTURINGSKAST","_","","_","","_","","'-","","'-","G","'-","","","*_**_RI_VACUUMLEIDING_GEMAAL_BESTURINGSKAST","0.18","10","12","10","10","253","CONTINUOUS","0.35","10","12","10","10","253","CONTINUOUS","0.35","10","12","10","10","253","V-CONTINUOUS-SO","0.35","10","12","10","10","253","CONTINUOUS","","","2207","2206","http://digitalbuildingdata.tech/nlcs/def/6b10fc49-ab3c-42dd-8103-459b659f167a","http://digitalbuildingdata.tech/nlcs/def/4602f8c2-0428-474b-87c0-4625ea94c7ee"
"ITR_RESERVOIR_INFILTRATIERESERVOIR","*","_","**","_","RI","_","ITR","_","RESERVOIR","_","INFILTRATIERESERVOIR","_","","_","","_","","'-","","'-","G","'-","","","*_**_RI_ITR_RESERVOIR_INFILTRATIERESERVOIR","0.18","50","52","50","50","253","CONTINUOUS","0.35","50","52","50","50","253","CONTINUOUS","0.35","50","52","50","50","253","V-CONTINUOUS-SO","0.35","50","52","50","50","253","CONTINUOUS","","","3826","3821","http://digitalbuildingdata.tech/nlcs/def/3ad03f6f-6752-4cbf-9b72-5156bff6c59e","http://digitalbuildingdata.tech/nlcs/def/f9d51df7-978e-402a-a8f1-1c1b9a646178"
"DWA_RIOOLPUT_SLIBVANGER","*","_","**","_","RI","_","DWA","_","RIOOLPUT","_","SLIBVANGER","_","","_","","_","","'-","","'-","G","'-","","","*_**_RI_DWA_RIOOLPUT_SLIBVANGER","0.18","20","22","20","20","253","CONTINUOUS","0.35","20","22","20","20","253","CONTINUOUS","0.35","20","22","20","20","253","V-CONTINUOUS-SO","0.35","20","22","20","20","253","CONTINUOUS","","","2272","2250","http://digitalbuildingdata.tech/nlcs/def/b96a4853-1a18-4751-bee5-0ae61eb5448c","http://digitalbuildingdata.tech/nlcs/def/5907c42e-e386-4162-a216-1cbe71218422"
"HWA_TRANSPORTLEIDING_GRES","*","_","**","_","RI","_","HWA","_","TRANSPORTLEIDING","_","GRES","_","","_","","_","","'-","","'-","G","'-","","","*_**_RI_HWA_TRANSPORTLEIDING_GRES","0.18","150","152","150","150","253","RI-HWA-SO","0.35","150","152","150","150","253","RI-HWA-SO","0.35","150","152","150","150","253","V-RI-HWA-SO","0.35","150","152","150","150","253","RI-HWA-SO","","","1885","1860","http://digitalbuildingdata.tech/nlcs/def/f9f5e866-adf4-4406-b11a-d81b32bb2314","http://digitalbuildingdata.tech/nlcs/def/571bdc48-6eac-4c5c-8602-65c4d4f00edc"
"ITR_RESERVOIR_OPENBERGING","*","_","**","_","RI","_","ITR","_","RESERVOIR","_","OPENBERGING","_","","_","","_","","'-","","'-","G","'-","","","*_**_RI_ITR_RESERVOIR_OPENBERGING","0.18","50","52","50","50","253","CONTINUOUS","0.35","50","52","50","50","253","CONTINUOUS","0.35","50","52","50","50","253","V-CONTINUOUS-SO","0.35","50","52","50","50","253","CONTINUOUS","","","3833","3821","http://digitalbuildingdata.tech/nlcs/def/40491a33-9363-4bed-ba2d-cba3546747e1","http://digitalbuildingdata.tech/nlcs/def/f9d51df7-978e-402a-a8f1-1c1b9a646178"
"HWA_PERCEELAANSLUITLEIDING_GRES","*","_","**","_","RI","_","HWA","_","PERCEELAANSLUITLEIDING","_","GRES","_","","_","","_","","'-","","'-","G","'-","","","*_**_RI_HWA_PERCEELAANSLUITLEIDING_GRES","0.18","150","152","150","150","253","RI-HWA_AANSLUITLEIDING-SO","0.25","150","152","150","150","253","RI-HWA_AANSLUITLEIDING-SO","0.25","150","152","150","150","253","V-RI-HWA_AANSLUITLEIDING-SO","0.25","150","152","150","150","253","RI-HWA_AANSLUITLEIDING-SO","","","1796","1795","http://digitalbuildingdata.tech/nlcs/def/96dc7b8e-6805-4356-8f7a-3ba1ba162bb0","http://digitalbuildingdata.tech/nlcs/def/32ae024c-ccf4-4ff7-9c5a-b426c53fbc24"
"DWA_AFSCHEIDER_SLIB","*","_","**","_","RI","_","DWA","_","AFSCHEIDER","_","SLIB","_","","_","","_","","'-","","'-","G","'-","","","*_**_RI_DWA_AFSCHEIDER_SLIB","0.18","20","22","20","20","253","CONTINUOUS","0.35","20","22","20","20","253","CONTINUOUS","0.35","20","22","20","20","253","V-CONTINUOUS-SO","0.35","20","22","20","20","253","CONTINUOUS","","","2224","2221","http://digitalbuildingdata.tech/nlcs/def/6ca034db-5dd5-4c1e-ac40-dd5d0bbda76f","http://digitalbuildingdata.tech/nlcs/def/a6cdf429-f928-4ded-aa6b-d87644fa729a"
"ITR_HULPSTUK_INLAAT","*","_","**","_","RI","_","ITR","_","HULPSTUK","_","INLAAT","_","","_","","_","","'-","","'-","G","'-","","","*_**_RI_ITR_HULPSTUK_INLAAT","0.18","50","52","50","50","253","CONTINUOUS","0.35","50","52","50","50","253","CONTINUOUS","0.35","50","52","50","50","253","V-CONTINUOUS-SO","0.35","50","52","50","50","253","CONTINUOUS","","","1959","1958","http://digitalbuildingdata.tech/nlcs/def/6997a1b1-ab2d-421a-9502-f8bc2ebba3d6","http://digitalbuildingdata.tech/nlcs/def/73a74d5b-dfa4-48f9-bb71-837270fb4b68"
"OVERIG_RIOOLLEIDING_GRES","*","_","**","_","RI","_","OVERIG","_","RIOOLLEIDING","_","GRES","_","","_","","_","","'-","","'-","G","'-","","","*_**_RI_OVERIG_RIOOLLEIDING_GRES","0.18","10","12","10","10","253","RI-TRANSPORTLEIDING-SO","0.35","10","12","10","10","253","RI-TRANSPORTLEIDING-SO","0.35","10","12","10","10","253","V-RI-TRANSPORTLEIDING-SO","0.35","10","12","10","10","253","RI-TRANSPORTLEIDING-SO","","","3928","3923","http://digitalbuildingdata.tech/nlcs/def/03ce88a4-ee01-419c-9e0d-73f301077f27","http://digitalbuildingdata.tech/nlcs/def/682f180d-125b-46ac-86c1-8a94e2cf8978"
"HWA_GOOT_MOLGOOT","*","_","**","_","RI","_","HWA","_","GOOT","_","MOLGOOT","_","","_","","_","","'-","","'-","G","'-","","","*_**_RI_HWA_GOOT_MOLGOOT","0.18","150","152","150","150","253","CONTINUOUS","0.35","150","152","150","150","253","CONTINUOUS","0.35","150","152","150","150","253","V-CONTINUOUS-SO","0.35","150","152","150","150","253","CONTINUOUS","","","3693","1789","http://digitalbuildingdata.tech/nlcs/def/11518b76-884e-4d89-afce-f0b4f4becc62","http://digitalbuildingdata.tech/nlcs/def/ed616b3c-7364-4411-9691-1a798edff003"
"HWA_PERCEELAANSLUITLEIDING_PP","*","_","**","_","RI","_","HWA","_","PERCEELAANSLUITLEIDING","_","PP","_","","_","","_","","'-","","'-","G","'-","","","*_**_RI_HWA_PERCEELAANSLUITLEIDING_PP","0.18","150","152","150","150","253","RI-HWA_AANSLUITLEIDING-SO","0.25","150","152","150","150","253","RI-HWA_AANSLUITLEIDING-SO","0.25","150","152","150","150","253","V-RI-HWA_AANSLUITLEIDING-SO","0.25","150","152","150","150","253","RI-HWA_AANSLUITLEIDING-SO","","","3074","1795","http://digitalbuildingdata.tech/nlcs/def/923b97de-f8cd-4dca-a60d-b8f91051b8b3","http://digitalbuildingdata.tech/nlcs/def/32ae024c-ccf4-4ff7-9c5a-b426c53fbc24"
"OVERIG_TANK_PROPAAN","*","_","**","_","RI","_","OVERIG","_","TANK","_","PROPAAN","_","","_","","_","","'-","","'-","G","'-","","","*_**_RI_OVERIG_TANK_PROPAAN","0.18","10","12","10","10","253","CONTINUOUS","0.35","10","12","10","10","253","CONTINUOUS","0.35","10","12","10","10","253","CONTINUOUS","0.35","10","12","10","10","253","CONTINUOUS","","","3048","3046","http://digitalbuildingdata.tech/nlcs/def/a108b9e9-9568-4de0-b0d6-161de1857cd3","http://digitalbuildingdata.tech/nlcs/def/6b665b51-9f38-4feb-a7b6-2861d20ed0bb"
"PERSLEIDING_GEMAAL_BESTURINGSKAST","*","_","**","_","RI","_","PERSLEIDING","_","GEMAAL","_","BESTURINGSKAST","_","","_","","_","","'-","","'-","G","'-","","","*_**_RI_PERSLEIDING_GEMAAL_BESTURINGSKAST","0.18","210","212","210","210","253","CONTINUOUS","0.35","210","212","210","210","253","CONTINUOUS","0.35","210","212","210","210","253","V-CONTINUOUS-SO","0.35","210","212","210","210","253","CONTINUOUS","","","2067","2066","http://digitalbuildingdata.tech/nlcs/def/161e3132-1abd-44cd-9ec9-e1fc9dcfc666","http://digitalbuildingdata.tech/nlcs/def/d7fa28a9-4d6b-4a5f-819e-2d92e81dc138"
"DWA_TRANSPORTLEIDING_PVC","*","_","**","_","RI","_","DWA","_","TRANSPORTLEIDING","_","PVC","_","","_","","_","","'-","","'-","G","'-","","","*_**_RI_DWA_TRANSPORTLEIDING_PVC","0.18","20","22","20","20","253","RI-DWA-SO","0.35","20","22","20","20","253","RI-DWA-SO","0.35","20","22","20","20","253","V-RI-DWA-SO","0.35","20","22","20","20","253","RI-DWA-SO","","","2332","2286","http://digitalbuildingdata.tech/nlcs/def/e9757dfb-e619-41e3-aa8a-55e8017e5631","http://digitalbuildingdata.tech/nlcs/def/328688a0-4e48-4e34-8259-510be280f49d"
"ITR_KOLKAANSLUITLEIDING_PE","*","_","**","_","RI","_","ITR","_","KOLKAANSLUITLEIDING","_","PE","_","","_","","_","","'-","","'-","G","'-","","","*_**_RI_ITR_KOLKAANSLUITLEIDING_PE","0.18","50","52","50","50","253","RI-ITR_AANSLUITLEIDING-SO","0.25","50","52","50","50","253","RI-ITR_AANSLUITLEIDING-SO","0.25","50","52","50","50","253","V-RI-ITR_AANSLUITLEIDING-SO","0.25","50","52","50","50","253","RI-ITR_AANSLUITLEIDING-SO","","","1967","1966","http://digitalbuildingdata.tech/nlcs/def/3868eaea-3dfd-4aec-bbf3-3a31c2ce0107","http://digitalbuildingdata.tech/nlcs/def/edac5e4d-8d6b-46bd-ac7a-1b02b2ceae37"
"DWA_RIOOLLEIDING_ZINKER","*","_","**","_","RI","_","DWA","_","RIOOLLEIDING","_","ZINKER","_","","_","","_","","'-","","'-","G","'-","","","*_**_RI_DWA_RIOOLLEIDING_ZINKER","0.18","20","22","20","20","253","RI-DWA-SO","0.35","20","22","20","20","253","RI-DWA-SO","0.35","20","22","20","20","253","V-RI-DWA-SO","0.35","20","22","20","20","253","RI-DWA-SO","","","4043","3940","http://digitalbuildingdata.tech/nlcs/def/c1d65f72-1248-47f3-8a07-3b1842b0d59a","http://digitalbuildingdata.tech/nlcs/def/eac0d419-f850-4c8b-9dfb-8bf9f0db9e66"
"HWA_LOZELEIDING_VOLGESCHUIMD","*","_","**","_","RI","_","HWA","_","LOZELEIDING","_","VOLGESCHUIMD","_","","_","","_","","'-","","'-","G","'-","","","*_**_RI_HWA_LOZELEIDING_VOLGESCHUIMD","0.18","150","152","150","150","253","RI-VOLSCHUIMEN-SO","0.35","150","152","150","150","253","RI-VOLSCHUIMEN-SO","0.35","150","152","150","150","253","V-RI-VOLSCHUIMEN-SO","0.35","150","152","150","150","253","RI-VOLSCHUIMEN-SO","","","3806","3805","http://digitalbuildingdata.tech/nlcs/def/3536fa6c-191c-48cd-95fc-1f6e3d2020a5","http://digitalbuildingdata.tech/nlcs/def/6404fc08-decc-47e8-8ec2-d6a4b1c94add"
"GWA_TRANSPORTLEIDING_PVC","*","_","**","_","RI","_","GWA","_","TRANSPORTLEIDING","_","PVC","_","","_","","_","","'-","","'-","G","'-","","","*_**_RI_GWA_TRANSPORTLEIDING_PVC","0.18","30","32","30","30","253","RI-GWA-SO","0.35","30","32","30","30","253","RI-GWA-SO","0.35","30","32","30","30","253","V-RI-GWA-SO","0.35","30","32","30","30","253","RI-GWA-SO","","","1776","1731","http://digitalbuildingdata.tech/nlcs/def/59a6ead1-8c1c-43cc-a929-f96ecc6d08b7","http://digitalbuildingdata.tech/nlcs/def/5fa3bb4f-29b5-4f06-8c8a-585343d341be"
"GWA_RIOOLLEIDING_BETON","*","_","**","_","RI","_","GWA","_","RIOOLLEIDING","_","BETON","_","","_","","_","","'-","","'-","G","'-","","","*_**_RI_GWA_RIOOLLEIDING_BETON","0.18","30","32","30","30","253","RI-GWA-SO","0.35","30","32","30","30","253","RI-GWA-SO","0.35","30","32","30","30","253","V-RI-GWA-SO","0.35","30","32","30","30","253","RI-GWA-SO","","","3618","3613","http://digitalbuildingdata.tech/nlcs/def/4e97e45e-8845-4428-b5b4-bcc0735ca47b","http://digitalbuildingdata.tech/nlcs/def/8d0e3e9c-0991-4a76-986f-b1d3c8d4593c"
"OVERIG_RIOOLLEIDING_PVC","*","_","**","_","RI","_","OVERIG","_","RIOOLLEIDING","_","PVC","_","","_","","_","","'-","","'-","G","'-","","","*_**_RI_OVERIG_RIOOLLEIDING_PVC","0.18","10","12","10","10","253","RI-TRANSPORTLEIDING-SO","0.35","10","12","10","10","253","RI-TRANSPORTLEIDING-SO","0.35","10","12","10","10","253","V-RI-TRANSPORTLEIDING-SO","0.35","10","12","10","10","253","RI-TRANSPORTLEIDING-SO","","","3930","3923","http://digitalbuildingdata.tech/nlcs/def/725e3c33-ab32-41e4-a44d-59f98b8c070d","http://digitalbuildingdata.tech/nlcs/def/682f180d-125b-46ac-86c1-8a94e2cf8978"
"DWA_TRANSPORTLEIDING_PE","*","_","**","_","RI","_","DWA","_","TRANSPORTLEIDING","_","PE","_","","_","","_","","'-","","'-","G","'-","","","*_**_RI_DWA_TRANSPORTLEIDING_PE","0.18","20","22","20","20","253","RI-DWA-SO","0.35","20","22","20","20","253","RI-DWA-SO","0.35","20","22","20","20","253","V-RI-DWA-SO","0.35","20","22","20","20","253","RI-DWA-SO","","","2322","2286","http://digitalbuildingdata.tech/nlcs/def/0c46efea-4092-4fe4-a3de-738c4b07c72d","http://digitalbuildingdata.tech/nlcs/def/328688a0-4e48-4e34-8259-510be280f49d"
"GWA_PERCEELAANSLUITLEIDING_PE","*","_","**","_","RI","_","GWA","_","PERCEELAANSLUITLEIDING","_","PE","_","","_","","_","","'-","","'-","G","'-","","","*_**_RI_GWA_PERCEELAANSLUITLEIDING_PE","0.18","30","32","30","30","253","RI-GWA_AANSLUITLEIDING-SO","0.25","30","32","30","30","253","RI-GWA_AANSLUITLEIDING-SO","0.25","30","32","30","30","253","V-RI-GWA_AANSLUITLEIDING-SO","0.25","30","32","30","30","253","RI-GWA_AANSLUITLEIDING-SO","","","1672","1667","http://digitalbuildingdata.tech/nlcs/def/f2edf708-e901-4c89-8ca7-4056f1f2c2b4","http://digitalbuildingdata.tech/nlcs/def/7936aeff-ab52-456e-98f0-1f1b3342a1dd"
"GWA_RIOOLLEIDING_PVC","*","_","**","_","RI","_","GWA","_","RIOOLLEIDING","_","PVC","_","","_","","_","","'-","","'-","G","'-","","","*_**_RI_GWA_RIOOLLEIDING_PVC","0.18","30","32","30","30","253","RI-GWA-SO","0.35","30","32","30","30","253","RI-GWA-SO","0.35","30","32","30","30","253","V-RI-GWA-SO","0.35","30","32","30","30","253","RI-GWA-SO","","","3662","3613","http://digitalbuildingdata.tech/nlcs/def/a0719103-1f55-4154-a1e4-9974a24c75b7","http://digitalbuildingdata.tech/nlcs/def/8d0e3e9c-0991-4a76-986f-b1d3c8d4593c"
"DWA_PERCEELAANSLUITLEIDING_PVC","*","_","**","_","RI","_","DWA","_","PERCEELAANSLUITLEIDING","_","PVC","_","","_","","_","","'-","","'-","G","'-","","","*_**_RI_DWA_PERCEELAANSLUITLEIDING_PVC","0.18","20","22","20","20","253","RI-DWA_AANSLUITLEIDING-SO","0.25","20","22","20","20","253","RI-DWA_AANSLUITLEIDING-SO","0.25","20","22","20","20","253","V-RI-DWA_AANSLUITLEIDING-SO","0.25","20","22","20","20","253","RI-DWA_AANSLUITLEIDING-SO","","","2237","2227","http://digitalbuildingdata.tech/nlcs/def/deaca70c-37c0-402b-99fc-f4f2e6c9d9a8","http://digitalbuildingdata.tech/nlcs/def/10b9221d-d095-4057-a378-ed6d0e236b82"
"HWA_RIOOLLEIDING_STUWLEIDING","*","_","**","_","RI","_","HWA","_","RIOOLLEIDING","_","STUWLEIDING","_","","_","","_","","'-","","'-","G","'-","","","*_**_RI_HWA_RIOOLLEIDING_STUWLEIDING","0.18","150","152","150","150","253","RI-HWA-SO","0.35","150","152","150","150","253","RI-HWA-SO","0.35","150","152","150","150","253","V-RI-HWA-SO","0.35","150","152","150","150","253","RI-HWA-SO","","","4050","3710","http://digitalbuildingdata.tech/nlcs/def/73d07ed8-5039-4ce2-a86c-aa8843c4cd55","http://digitalbuildingdata.tech/nlcs/def/a8301102-38cf-4e59-9b7f-5bd2a2945190"
"DWA_AFSCHEIDER_OLIE","*","_","**","_","RI","_","DWA","_","AFSCHEIDER","_","OLIE","_","","_","","_","","'-","","'-","G","'-","","","*_**_RI_DWA_AFSCHEIDER_OLIE","0.18","20","22","20","20","253","CONTINUOUS","0.35","20","22","20","20","253","CONTINUOUS","0.35","20","22","20","20","253","V-CONTINUOUS-SO","0.35","20","22","20","20","253","CONTINUOUS","","","2222","2221","http://digitalbuildingdata.tech/nlcs/def/6c7a3b19-3403-4310-8ccf-923b1ec196b2","http://digitalbuildingdata.tech/nlcs/def/a6cdf429-f928-4ded-aa6b-d87644fa729a"
"GWA_RIOOLLEIDING_STUWLEIDING","*","_","**","_","RI","_","GWA","_","RIOOLLEIDING","_","STUWLEIDING","_","","_","","_","","'-","","'-","G","'-","","","*_**_RI_GWA_RIOOLLEIDING_STUWLEIDING","0.18","30","32","30","30","253","RI-GWA-SO","0.35","30","32","30","30","253","RI-GWA-SO","0.35","30","32","30","30","253","V-RI-GWA-SO","0.35","30","32","30","30","253","RI-GWA-SO","","","4046","3613","http://digitalbuildingdata.tech/nlcs/def/8ff4bf43-15e3-4a2f-8b48-1c125ffcd2e7","http://digitalbuildingdata.tech/nlcs/def/8d0e3e9c-0991-4a76-986f-b1d3c8d4593c"
"ITR_LOZINGSPUNT_BODEM","*","_","**","_","RI","_","ITR","_","LOZINGSPUNT","_","BODEM","_","","_","","_","","'-","","'-","G","'-","","","*_**_RI_ITR_LOZINGSPUNT_BODEM","0.18","50","52","50","50","253","CONTINUOUS","0.35","50","52","50","50","253","CONTINUOUS","0.35","50","52","50","50","253","V-CONTINUOUS-SO","0.35","50","52","50","50","253","CONTINUOUS","","","3819","1975","http://digitalbuildingdata.tech/nlcs/def/6db3320f-911d-434d-8fe4-dc53e9d2fcb1","http://digitalbuildingdata.tech/nlcs/def/8bdb7d93-b893-479b-9526-281ffde44045"
"PERSLEIDING_RIOOLPUT_INSPECTIEPUT","*","_","**","_","RI","_","PERSLEIDING","_","RIOOLPUT","_","INSPECTIEPUT","_","","_","","_","","'-","","'-","G","'-","","","*_**_RI_PERSLEIDING_RIOOLPUT_INSPECTIEPUT","0.18","210","212","210","210","253","CONTINUOUS","0.35","210","212","210","210","253","CONTINUOUS","0.35","210","212","210","210","253","V-CONTINUOUS-SO","0.35","210","212","210","210","253","CONTINUOUS","","","2075","2074","http://digitalbuildingdata.tech/nlcs/def/a81c9f4c-5d7e-4abc-8c60-5366cf0729a4","http://digitalbuildingdata.tech/nlcs/def/cc878310-5886-4dab-9a5b-914812cf2c76"
"ITR_RESERVOIR_BEZINKBASSIN","*","_","**","_","RI","_","ITR","_","RESERVOIR","_","BEZINKBASSIN","_","","_","","_","","'-","","'-","G","'-","","","*_**_RI_ITR_RESERVOIR_BEZINKBASSIN","0.18","50","52","50","50","253","CONTINUOUS","0.35","50","52","50","50","253","CONTINUOUS","0.35","50","52","50","50","253","V-CONTINUOUS-SO","0.35","50","52","50","50","253","CONTINUOUS","","","3825","3821","http://digitalbuildingdata.tech/nlcs/def/51d3e1cc-6788-40fa-aa34-211ad759b67c","http://digitalbuildingdata.tech/nlcs/def/f9d51df7-978e-402a-a8f1-1c1b9a646178"
"OVERIG_DUIKER_PERCEELAANSLUITLEIDING","*","_","**","_","RI","_","OVERIG","_","DUIKER","_","PERCEELAANSLUITLEIDING","_","","_","","_","","'-","","'-","G","'-","","","*_**_RI_OVERIG_DUIKER_PERCEELAANSLUITLEIDING","0.18","10","12","10","10","253","RI-AANSLUITLEIDING-SO","0.35","10","12","10","10","253","RI-AANSLUITLEIDING-SO","0.35","10","12","10","10","253","V-RI-AANSLUITLEIDING-SO","0.35","10","12","10","10","253","RI-AANSLUITLEIDING-SO","","","4069","4029","http://digitalbuildingdata.tech/nlcs/def/c3c149c7-6eb4-42cd-8848-5451260c835b","http://digitalbuildingdata.tech/nlcs/def/14c4636f-8802-46cc-8c78-730997acad3d"
"HWA_LOZINGSPUNT_OPPERVLAKTEWATER","*","_","**","_","RI","_","HWA","_","LOZINGSPUNT","_","OPPERVLAKTEWATER","_","","_","","_","","'-","","'-","G","'-","","","*_**_RI_HWA_LOZINGSPUNT_OPPERVLAKTEWATER","0.18","150","152","150","150","253","CONTINUOUS","0.35","150","152","150","150","253","CONTINUOUS","0.35","150","152","150","150","253","V-CONTINUOUS-SO","0.35","150","152","150","150","253","CONTINUOUS","","","3709","1826","http://digitalbuildingdata.tech/nlcs/def/4c9a734a-2bd4-4910-b66c-990d99c4166e","http://digitalbuildingdata.tech/nlcs/def/f1699db8-16f1-4ef7-981b-682c33b6cc67"
"GWA_PERCEELAANSLUITLEIDING_PVC","*","_","**","_","RI","_","GWA","_","PERCEELAANSLUITLEIDING","_","PVC","_","","_","","_","","'-","","'-","G","'-","","","*_**_RI_GWA_PERCEELAANSLUITLEIDING_PVC","0.18","30","32","30","30","253","RI-GWA_AANSLUITLEIDING-SO","0.25","30","32","30","30","253","RI-GWA_AANSLUITLEIDING-SO","0.25","30","32","30","30","253","V-RI-GWA_AANSLUITLEIDING-SO","0.25","30","32","30","30","253","RI-GWA_AANSLUITLEIDING-SO","","","1677","1667","http://digitalbuildingdata.tech/nlcs/def/be3a9b4d-9a57-4175-8a68-805efebd9090","http://digitalbuildingdata.tech/nlcs/def/7936aeff-ab52-456e-98f0-1f1b3342a1dd"
"GWA_RIOOLLEIDING_PE","*","_","**","_","RI","_","GWA","_","RIOOLLEIDING","_","PE","_","","_","","_","","'-","","'-","G","'-","","","*_**_RI_GWA_RIOOLLEIDING_PE","0.18","30","32","30","30","253","RI-GWA-SO","0.35","30","32","30","30","253","RI-GWA-SO","0.35","30","32","30","30","253","V-RI-GWA-SO","0.35","30","32","30","30","253","RI-GWA-SO","","","3653","3613","http://digitalbuildingdata.tech/nlcs/def/e8278b56-43f9-449c-84b7-38cc14196127","http://digitalbuildingdata.tech/nlcs/def/8d0e3e9c-0991-4a76-986f-b1d3c8d4593c"
"ITR_RESERVOIR_ZUIVERINGSRESERVOIR","*","_","**","_","RI","_","ITR","_","RESERVOIR","_","ZUIVERINGSRESERVOIR","_","","_","","_","","'-","","'-","G","'-","","","*_**_RI_ITR_RESERVOIR_ZUIVERINGSRESERVOIR","0.18","50","52","50","50","253","CONTINUOUS","0.35","50","52","50","50","253","CONTINUOUS","0.35","50","52","50","50","253","V-CONTINUOUS-SO","0.35","50","52","50","50","253","CONTINUOUS","","","3834","3821","http://digitalbuildingdata.tech/nlcs/def/a140fe8c-5f42-4b2b-a7a2-7725b33aa32f","http://digitalbuildingdata.tech/nlcs/def/f9d51df7-978e-402a-a8f1-1c1b9a646178"
"OVERIG_DUIKER_MANTELBUIS","*","_","**","_","RI","_","OVERIG","_","DUIKER","_","MANTELBUIS","_","","_","","_","","'-","","'-","G","'-","","","*_**_RI_OVERIG_DUIKER_MANTELBUIS","0.18","10","12","10","10","253","CONTINUOUS","0.35","10","12","10","10","253","CONTINUOUS","0.35","10","12","10","10","253","V-CONTINUOUS-SO","0.35","10","12","10","10","253","CONTINUOUS","","","4068","4029","http://digitalbuildingdata.tech/nlcs/def/3cf29b83-dd71-43f4-9324-d85762227e57","http://digitalbuildingdata.tech/nlcs/def/14c4636f-8802-46cc-8c78-730997acad3d"
"HWA_TRANSPORTLEIDING_BETON","*","_","**","_","RI","_","HWA","_","TRANSPORTLEIDING","_","BETON","_","","_","","_","","'-","","'-","G","'-","","","*_**_RI_HWA_TRANSPORTLEIDING_BETON","0.18","150","152","150","150","253","RI-HWA-SO","0.35","150","152","150","150","253","RI-HWA-SO","0.35","150","152","150","150","253","V-RI-HWA-SO","0.35","150","152","150","150","253","RI-HWA-SO","","","1861","1860","http://digitalbuildingdata.tech/nlcs/def/54fafb69-12cb-4927-9265-927bd8defd6e","http://digitalbuildingdata.tech/nlcs/def/571bdc48-6eac-4c5c-8602-65c4d4f00edc"
"HWA_RIOOLLEIDING_GRES","*","_","**","_","RI","_","HWA","_","RIOOLLEIDING","_","GRES","_","","_","","_","","'-","","'-","G","'-","","","*_**_RI_HWA_RIOOLLEIDING_GRES","0.18","150","152","150","150","253","RI-HWA-SO","0.35","150","152","150","150","253","RI-HWA-SO","0.35","150","152","150","150","253","V-RI-HWA-SO","0.35","150","152","150","150","253","RI-HWA-SO","","","3735","3710","http://digitalbuildingdata.tech/nlcs/def/0a4d5ac1-341e-4251-ad30-c2dab536dff3","http://digitalbuildingdata.tech/nlcs/def/a8301102-38cf-4e59-9b7f-5bd2a2945190"
"HWA_PERCEELAANSLUITLEIDING_PE","*","_","**","_","RI","_","HWA","_","PERCEELAANSLUITLEIDING","_","PE","_","","_","","_","","'-","","'-","G","'-","","","*_**_RI_HWA_PERCEELAANSLUITLEIDING_PE","0.18","150","152","150","150","253","RI-HWA_AANSLUITLEIDING-SO","0.25","150","152","150","150","253","RI-HWA_AANSLUITLEIDING-SO","0.25","150","152","150","150","253","V-RI-HWA_AANSLUITLEIDING-SO","0.25","150","152","150","150","253","RI-HWA_AANSLUITLEIDING-SO","","","1800","1795","http://digitalbuildingdata.tech/nlcs/def/ac819a86-bc36-4f89-a3e0-094271573589","http://digitalbuildingdata.tech/nlcs/def/32ae024c-ccf4-4ff7-9c5a-b426c53fbc24"
"OVERIG_DUIKER_STUWLEIDING","*","_","**","_","RI","_","OVERIG","_","DUIKER","_","STUWLEIDING","_","","_","","_","","'-","","'-","G","'-","","","*_**_RI_OVERIG_DUIKER_STUWLEIDING","0.18","10","12","10","10","253","RI-OVERIG-SO","0.35","10","12","10","10","253","RI-OVERIG-SO","0.35","10","12","10","10","253","V-RI-OVERIG-SO","0.35","10","12","10","10","253","RI-OVERIG-SO","","","4070","4029","http://digitalbuildingdata.tech/nlcs/def/39dbd02c-9052-4ebf-9d33-85c85e734b31","http://digitalbuildingdata.tech/nlcs/def/14c4636f-8802-46cc-8c78-730997acad3d"
"DWA_LOZELEIDING_VOLGESCHUIMD","*","_","**","_","RI","_","DWA","_","LOZELEIDING","_","VOLGESCHUIMD","_","","_","","_","","'-","","'-","G","'-","","","*_**_RI_DWA_LOZELEIDING_VOLGESCHUIMD","0.18","20","22","20","20","253","RI-VOLSCHUIMEN-SO","0.35","20","22","20","20","253","RI-VOLSCHUIMEN-SO","0.35","20","22","20","20","253","V-RI-VOLSCHUIMEN-SO","0.35","20","22","20","20","253","RI-VOLSCHUIMEN-SO","","","4023","2340","http://digitalbuildingdata.tech/nlcs/def/e8783d8a-a289-4a4e-815d-2502d3044794","http://digitalbuildingdata.tech/nlcs/def/6152ccda-7e23-4977-8d3d-24e34aa6b25a"
"DWA_PERCEELAANSLUITLEIDING_PE","*","_","**","_","RI","_","DWA","_","PERCEELAANSLUITLEIDING","_","PE","_","","_","","_","","'-","","'-","G","'-","","","*_**_RI_DWA_PERCEELAANSLUITLEIDING_PE","0.18","20","22","20","20","253","RI-DWA_AANSLUITLEIDING-SO","0.25","20","22","20","20","253","RI-DWA_AANSLUITLEIDING-SO","0.25","20","22","20","20","253","V-RI-DWA_AANSLUITLEIDING-SO","0.25","20","22","20","20","253","RI-DWA_AANSLUITLEIDING-SO","","","2232","2227","http://digitalbuildingdata.tech/nlcs/def/9037e415-c08e-4db0-9aa2-c90ac822803c","http://digitalbuildingdata.tech/nlcs/def/10b9221d-d095-4057-a378-ed6d0e236b82"
"GWA_TRANSPORTLEIDING_GRES","*","_","**","_","RI","_","GWA","_","TRANSPORTLEIDING","_","GRES","_","","_","","_","","'-","","'-","G","'-","","","*_**_RI_GWA_TRANSPORTLEIDING_GRES","0.18","30","32","30","30","253","RI-GWA-SO","0.35","30","32","30","30","253","RI-GWA-SO","0.35","30","32","30","30","253","V-RI-GWA-SO","0.35","30","32","30","30","253","RI-GWA-SO","","","1756","1731","http://digitalbuildingdata.tech/nlcs/def/a390306b-774c-469d-9087-5c9468c55f16","http://digitalbuildingdata.tech/nlcs/def/5fa3bb4f-29b5-4f06-8c8a-585343d341be"
"ITR_RIOOLLEIDING_STUWLEIDING","*","_","**","_","RI","_","ITR","_","RIOOLLEIDING","_","STUWLEIDING","_","","_","","_","","'-","","'-","G","'-","","","*_**_RI_ITR_RIOOLLEIDING_STUWLEIDING","0.18","50","52","50","50","253","RI-ITR-SO","0.35","50","52","50","50","253","RI-ITR-SO","0.35","50","52","50","50","253","V-RI-ITR-SO","0.35","50","52","50","50","253","RI-ITR-SO","","","4055","2017","http://digitalbuildingdata.tech/nlcs/def/09210d68-44de-4582-805b-3faa4627bf3a","http://digitalbuildingdata.tech/nlcs/def/8fee24c2-10d8-46f6-9592-1775c52bcb32"
"ITR_PERCEELAANSLUITLEIDING_PE","*","_","**","_","RI","_","ITR","_","PERCEELAANSLUITLEIDING","_","PE","_","","_","","_","","'-","","'-","G","'-","","","*_**_RI_ITR_PERCEELAANSLUITLEIDING_PE","0.18","50","52","50","50","253","RI-ITR_AANSLUITLEIDING-SO","0.25","50","52","50","50","253","RI-ITR_AANSLUITLEIDING-SO","0.25","50","52","50","50","253","V-RI-ITR_AANSLUITLEIDING-SO","0.25","50","52","50","50","253","RI-ITR_AANSLUITLEIDING-SO","","","1949","1948","http://digitalbuildingdata.tech/nlcs/def/fbd9c9b6-68a4-4511-a0c3-4650f9ad1218","http://digitalbuildingdata.tech/nlcs/def/2ecc5ff2-6512-44d4-8a34-4497009550a4"
"DWA_PERCEELAANSLUITLEIDING_PP","*","_","**","_","RI","_","DWA","_","PERCEELAANSLUITLEIDING","_","PP","_","","_","","_","","'-","","'-","G","'-","","","*_**_RI_DWA_PERCEELAANSLUITLEIDING_PP","0.18","20","22","20","20","253","RI-DWA_AANSLUITLEIDING-SO","0.25","20","22","20","20","253","RI-DWA_AANSLUITLEIDING-SO","0.25","20","22","20","20","253","V-RI-DWA_AANSLUITLEIDING-SO","0.25","20","22","20","20","253","RI-DWA_AANSLUITLEIDING-SO","","","3077","2227","http://digitalbuildingdata.tech/nlcs/def/df9bea68-07a7-42bb-9dd1-fe9e651fad65","http://digitalbuildingdata.tech/nlcs/def/10b9221d-d095-4057-a378-ed6d0e236b82"
"OVERIG_RIOOLLEIDING_BETON","*","_","**","_","RI","_","OVERIG","_","RIOOLLEIDING","_","BETON","_","","_","","_","","'-","","'-","G","'-","","","*_**_RI_OVERIG_RIOOLLEIDING_BETON","0.18","10","12","10","10","253","RI-TRANSPORTLEIDING-SO","0.35","10","12","10","10","253","RI-TRANSPORTLEIDING-SO","0.35","10","12","10","10","253","V-RI-TRANSPORTLEIDING-SO","0.35","10","12","10","10","253","RI-TRANSPORTLEIDING-SO","","","3927","3923","http://digitalbuildingdata.tech/nlcs/def/85c4ae6e-8a9d-4f3a-815b-199c324a1f6c","http://digitalbuildingdata.tech/nlcs/def/682f180d-125b-46ac-86c1-8a94e2cf8978"
"GWA_TRANSPORTLEIDING_BETON","*","_","**","_","RI","_","GWA","_","TRANSPORTLEIDING","_","BETON","_","","_","","_","","'-","","'-","G","'-","","","*_**_RI_GWA_TRANSPORTLEIDING_BETON","0.18","30","32","30","30","253","RI-GWA-SO","0.35","30","32","30","30","253","RI-GWA-SO","0.35","30","32","30","30","253","V-RI-GWA-SO","0.35","30","32","30","30","253","RI-GWA-SO","","","1732","1731","http://digitalbuildingdata.tech/nlcs/def/1c72bde5-631d-448a-a2ae-149c66d8840e","http://digitalbuildingdata.tech/nlcs/def/5fa3bb4f-29b5-4f06-8c8a-585343d341be"
"GWA_KOLKAANSLUITLEIDING_PE","*","_","**","_","RI","_","GWA","_","KOLKAANSLUITLEIDING","_","PE","_","","_","","_","","'-","","'-","G","'-","","","*_**_RI_GWA_KOLKAANSLUITLEIDING_PE","0.18","30","32","30","30","253","RI-GWA_AANSLUITLEIDING-SO","0.25","30","32","30","30","253","RI-GWA_AANSLUITLEIDING-SO","0.25","30","32","30","30","253","V-RI-GWA_AANSLUITLEIDING-SO","0.25","30","32","30","30","253","RI-GWA_AANSLUITLEIDING-SO","","","1691","1690","http://digitalbuildingdata.tech/nlcs/def/5f64d840-3280-4ac9-85eb-4d0309266438","http://digitalbuildingdata.tech/nlcs/def/efab5549-d7d5-477d-891c-cc42138a313c"
"GWA_KOLKAANSLUITLEIDING_PVC","*","_","**","_","RI","_","GWA","_","KOLKAANSLUITLEIDING","_","PVC","_","","_","","_","","'-","","'-","G","'-","","","*_**_RI_GWA_KOLKAANSLUITLEIDING_PVC","0.18","30","32","30","30","253","RI-GWA_AANSLUITLEIDING-SO","0.25","30","32","30","30","253","RI-GWA_AANSLUITLEIDING-SO","0.25","30","32","30","30","253","V-RI-GWA_AANSLUITLEIDING-SO","0.25","30","32","30","30","253","RI-GWA_AANSLUITLEIDING-SO","","","1695","1690","http://digitalbuildingdata.tech/nlcs/def/ff3dae2f-5129-422a-9911-e207a900dd0a","http://digitalbuildingdata.tech/nlcs/def/efab5549-d7d5-477d-891c-cc42138a313c"
"PERSLEIDING_HULPSTUK_ONTSTOPPINGSSTUK","*","_","**","_","RI","_","PERSLEIDING","_","HULPSTUK","_","ONTSTOPPINGSSTUK","_","","_","","_","","'-","","'-","G","'-","","","*_**_RI_PERSLEIDING_HULPSTUK_ONTSTOPPINGSSTUK","0.18","210","212","210","210","253","CONTINUOUS","0.35","210","212","210","210","253","CONTINUOUS","0.35","210","212","210","210","253","V-CONTINUOUS-SO","0.35","210","212","210","210","253","CONTINUOUS","","","2070","2068","http://digitalbuildingdata.tech/nlcs/def/0e614661-3d75-421c-b062-9056b68bb389","http://digitalbuildingdata.tech/nlcs/def/ed9bc207-ac54-4d3c-807c-55d35817b812"
"OVERIG_LOZELEIDING_VOLGEZAND","*","_","**","_","RI","_","OVERIG","_","LOZELEIDING","_","VOLGEZAND","_","","_","","_","","'-","","'-","G","'-","","","*_**_RI_OVERIG_LOZELEIDING_VOLGEZAND","0.18","10","12","10","10","253","RI-VOLZANDEN-SO","0.35","10","12","10","10","253","RI-VOLZANDEN-SO","0.35","10","12","10","10","253","V-RI-VOLZANDEN-SO","0.35","10","12","10","10","253","RI-VOLZANDEN-SO","","","4027","2341","http://digitalbuildingdata.tech/nlcs/def/0b29abf3-85a6-44db-b2b2-ea7b314b1eed","http://digitalbuildingdata.tech/nlcs/def/7b2e3687-4b0a-40e9-927a-3d7a4879e405"
"DRAINAGE_DRAIN_PP","*","_","**","_","RI","_","DRAINAGE","_","DRAIN","_","PP","_","","_","","_","","'-","","'-","G","'-","","","*_**_RI_DRAINAGE_DRAIN_PP","0.18","90","92","90","90","253","RI-DRAINAGE-SO","0.35","90","92","90","90","253","RI-DRAINAGE-SO","0.35","90","92","90","90","253","V-RI-DRAINAGE-SO","0.35","90","92","90","90","253","RI-DRAINAGE-SO","","","1639","1638","http://digitalbuildingdata.tech/nlcs/def/d243aa9e-12b5-4624-bdf7-103dbf30364c","http://digitalbuildingdata.tech/nlcs/def/412c49b3-657f-44ec-8ea3-1ac29f1d1f43"
"DRAINAGE_DRAIN_PVC","*","_","**","_","RI","_","DRAINAGE","_","DRAIN","_","PVC","_","","_","","_","","'-","","'-","G","'-","","","*_**_RI_DRAINAGE_DRAIN_PVC","0.18","90","92","90","90","253","RI-DRAINAGE-SO","0.35","90","92","90","90","253","RI-DRAINAGE-SO","0.35","90","92","90","90","253","V-RI-DRAINAGE-SO","0.35","90","92","90","90","253","RI-DRAINAGE-SO","","","1646","1638","http://digitalbuildingdata.tech/nlcs/def/b9dfcdaa-7da4-4eae-80df-9c843d03ba1e","http://digitalbuildingdata.tech/nlcs/def/412c49b3-657f-44ec-8ea3-1ac29f1d1f43"
"HWA_TRANSPORTLEIDING_PE","*","_","**","_","RI","_","HWA","_","TRANSPORTLEIDING","_","PE","_","","_","","_","","'-","","'-","G","'-","","","*_**_RI_HWA_TRANSPORTLEIDING_PE","0.18","150","152","150","150","253","RI-HWA-SO","0.35","150","152","150","150","253","RI-HWA-SO","0.35","150","152","150","150","253","V-RI-HWA-SO","0.35","150","152","150","150","253","RI-HWA-SO","","","1923","1860","http://digitalbuildingdata.tech/nlcs/def/35696621-e673-49ec-816c-02fab5f9c46b","http://digitalbuildingdata.tech/nlcs/def/571bdc48-6eac-4c5c-8602-65c4d4f00edc"
"VACUUMLEIDING_RIOOLPUT_INSPECTIEPUT","*","_","**","_","RI","_","VACUUMLEIDING","_","RIOOLPUT","_","INSPECTIEPUT","_","","_","","_","","'-","","'-","G","'-","","","*_**_RI_VACUUMLEIDING_RIOOLPUT_INSPECTIEPUT","0.18","10","12","10","10","253","CONTINUOUS","0.35","10","12","10","10","253","CONTINUOUS","0.35","10","12","10","10","253","V-CONTINUOUS-SO","0.35","10","12","10","10","253","CONTINUOUS","","","2215","2214","http://digitalbuildingdata.tech/nlcs/def/80280ce8-299c-46d9-96ea-7ab8dcfcf53c","http://digitalbuildingdata.tech/nlcs/def/1545a06b-897a-493a-b487-654387adb4c7"
"GWA_TRANSPORTLEIDING_PE","*","_","**","_","RI","_","GWA","_","TRANSPORTLEIDING","_","PE","_","","_","","_","","'-","","'-","G","'-","","","*_**_RI_GWA_TRANSPORTLEIDING_PE","0.18","30","32","30","30","253","RI-GWA-SO","0.35","30","32","30","30","253","RI-GWA-SO","0.35","30","32","30","30","253","V-RI-GWA-SO","0.35","30","32","30","30","253","RI-GWA-SO","","","1767","1731","http://digitalbuildingdata.tech/nlcs/def/633a346d-21d7-49a4-a433-3fe71ae524f2","http://digitalbuildingdata.tech/nlcs/def/5fa3bb4f-29b5-4f06-8c8a-585343d341be"
"DRAINAGE_LOZELEIDING_UITLEGGER","*","_","**","_","RI","_","DRAINAGE","_","LOZELEIDING","_","UITLEGGER","_","","_","","_","","'-","","'-","G","'-","","","*_**_RI_DRAINAGE_LOZELEIDING_UITLEGGER","0.18","90","92","90","90","253","CONTINUOUS","0.25","90","92","90","90","253","CONTINUOUS","0.25","90","92","90","90","253","CONTINUOUS","0.25","90","92","90","90","253","CONTINUOUS","","","3498","3598","http://digitalbuildingdata.tech/nlcs/def/f1b615ef-6de9-44cf-8288-e43c6933460c","http://digitalbuildingdata.tech/nlcs/def/639feee5-5bb9-4a9c-b6c0-229c15c68e08"
"ITR_LOZELEIDING_VOLGESCHUIMD","*","_","**","_","RI","_","ITR","_","LOZELEIDING","_","VOLGESCHUIMD","_","","_","","_","","'-","","'-","G","'-","","","*_**_RI_ITR_LOZELEIDING_VOLGESCHUIMD","0.18","50","52","50","50","253","RI-VOLSCHUIMEN-SO","0.35","50","52","50","50","253","RI-VOLSCHUIMEN-SO","0.35","50","52","50","50","253","V-RI-VOLSCHUIMEN-SO","0.35","50","52","50","50","253","RI-VOLSCHUIMEN-SO","","","3846","2049","http://digitalbuildingdata.tech/nlcs/def/7e021e15-ed9c-4920-bac6-6d25475ab34c","http://digitalbuildingdata.tech/nlcs/def/17b56335-4160-4c2a-ad32-308119c36e71"
"DWA_RIOOLLEIDING_BETON","*","_","**","_","RI","_","DWA","_","RIOOLLEIDING","_","BETON","_","","_","","_","","'-","","'-","G","'-","","","*_**_RI_DWA_RIOOLLEIDING_BETON","0.18","20","22","20","20","253","RI-DWA-SO","0.35","20","22","20","20","253","RI-DWA-SO","0.35","20","22","20","20","253","V-RI-DWA-SO","0.35","20","22","20","20","253","RI-DWA-SO","","","3945","3940","http://digitalbuildingdata.tech/nlcs/def/25550949-adb4-47f5-b2ab-3d001726ebce","http://digitalbuildingdata.tech/nlcs/def/eac0d419-f850-4c8b-9dfb-8bf9f0db9e66"
"DRAINAGE_PUT_FILTERPUT","*","_","**","_","RI","_","DRAINAGE","_","PUT","_","FILTERPUT","_","","_","","_","","'-","","'-","G","'-","","","*_**_RI_DRAINAGE_PUT_FILTERPUT","0.18","90","92","90","90","253","CONTINUOUS","0.35","90","92","90","90","253","CONTINUOUS","0.35","90","92","90","90","253","V-CONTINUOUS-SO","0.35","90","92","90","90","253","CONTINUOUS","","","1658","1656","http://digitalbuildingdata.tech/nlcs/def/c7555f3f-460d-41ed-bd92-5b9d88016fda","http://digitalbuildingdata.tech/nlcs/def/0fa0f3ff-44ba-401c-950d-54b83f32c5ab"
"ITR_RIOOLLEIDING_PVC","*","_","**","_","RI","_","ITR","_","RIOOLLEIDING","_","PVC","_","","_","","_","","'-","","'-","G","'-","","","*_**_RI_ITR_RIOOLLEIDING_PVC","0.18","50","52","50","50","253","RI-ITR-SO","0.35","50","52","50","50","253","RI-ITR-SO","0.35","50","52","50","50","253","V-RI-ITR-SO","0.35","50","52","50","50","253","RI-ITR-SO","","","2041","2017","http://digitalbuildingdata.tech/nlcs/def/c3ca6342-b098-4969-9282-0c3755c35f13","http://digitalbuildingdata.tech/nlcs/def/8fee24c2-10d8-46f6-9592-1775c52bcb32"
"PERSLEIDING_LOZELEIDING_VOLGEZAND","*","_","**","_","RI","_","PERSLEIDING","_","LOZELEIDING","_","VOLGEZAND","_","","_","","_","","'-","","'-","G","'-","","","*_**_RI_PERSLEIDING_LOZELEIDING_VOLGEZAND","0.18","210","212","210","210","253","RI-VOLZANDEN-SO","0.35","210","212","210","210","253","RI-VOLZANDEN-SO","0.35","210","212","210","210","253","V-RI-VOLZANDEN-SO","0.35","210","212","210","210","253","RI-VOLZANDEN-SO","","","4080","4077","http://digitalbuildingdata.tech/nlcs/def/e773f815-afd4-432a-8d4b-71a42c359812","http://digitalbuildingdata.tech/nlcs/def/814070dc-f483-4381-9bfc-7322ed635f9a"
"OVERIG_RIOOLLEIDING_PE","*","_","**","_","RI","_","OVERIG","_","RIOOLLEIDING","_","PE","_","","_","","_","","'-","","'-","G","'-","","","*_**_RI_OVERIG_RIOOLLEIDING_PE","0.18","10","12","10","10","253","RI-TRANSPORTLEIDING-SO","0.35","10","12","10","10","253","RI-TRANSPORTLEIDING-SO","0.35","10","12","10","10","253","V-RI-TRANSPORTLEIDING-SO","0.35","10","12","10","10","253","RI-TRANSPORTLEIDING-SO","","","3929","3923","http://digitalbuildingdata.tech/nlcs/def/df9de73d-a15b-4b81-b529-d791f208db9f","http://digitalbuildingdata.tech/nlcs/def/682f180d-125b-46ac-86c1-8a94e2cf8978"
"HWA_LOZELEIDING_UITLEGGER","*","_","**","_","RI","_","HWA","_","LOZELEIDING","_","UITLEGGER","_","","_","","_","","'-","","'-","G","'-","","","*_**_RI_HWA_LOZELEIDING_UITLEGGER","0.18","150","152","150","150","253","RI-UITLEGGER-SO","0.35","150","152","150","150","253","RI-UITLEGGER-SO","0.35","150","152","150","150","253","V-RI-UITLEGGER-SO","0.35","150","152","150","150","253","RI-UITLEGGER-SO","","","1941","3805","http://digitalbuildingdata.tech/nlcs/def/e69e4de0-3111-4ab6-aafa-61297db92de9","http://digitalbuildingdata.tech/nlcs/def/6404fc08-decc-47e8-8ec2-d6a4b1c94add"
"OVERIG_TANK_AARDGAS","*","_","**","_","RI","_","OVERIG","_","TANK","_","AARDGAS","_","","_","","_","","'-","","'-","G","'-","","","*_**_RI_OVERIG_TANK_AARDGAS","0.18","10","12","10","10","253","CONTINUOUS","0.35","10","12","10","10","253","CONTINUOUS","0.35","10","12","10","10","253","CONTINUOUS","0.35","10","12","10","10","253","CONTINUOUS","","","3047","3046","http://digitalbuildingdata.tech/nlcs/def/b608a5d1-5093-4065-acde-a921589ce34a","http://digitalbuildingdata.tech/nlcs/def/6b665b51-9f38-4feb-a7b6-2861d20ed0bb"
"ITR_KOLKAANSLUITLEIDING_PVC","*","_","**","_","RI","_","ITR","_","KOLKAANSLUITLEIDING","_","PVC","_","","_","","_","","'-","","'-","G","'-","","","*_**_RI_ITR_KOLKAANSLUITLEIDING_PVC","0.18","50","52","50","50","253","RI-ITR_AANSLUITLEIDING-SO","0.25","50","52","50","50","253","RI-ITR_AANSLUITLEIDING-SO","0.25","50","52","50","50","253","V-RI-ITR_AANSLUITLEIDING-SO","0.25","50","52","50","50","253","RI-ITR_AANSLUITLEIDING-SO","","","1971","1966","http://digitalbuildingdata.tech/nlcs/def/41f8265c-694c-4b9e-8248-691dec03d2ac","http://digitalbuildingdata.tech/nlcs/def/edac5e4d-8d6b-46bd-ac7a-1b02b2ceae37"
"PERSLEIDING_LOZELEIDING_UITLEGGER","*","_","**","_","RI","_","PERSLEIDING","_","LOZELEIDING","_","UITLEGGER","_","","_","","_","","'-","","'-","G","'-","","","*_**_RI_PERSLEIDING_LOZELEIDING_UITLEGGER","0.18","210","212","210","210","253","RI-UITLEGGER-SO","0.35","210","212","210","210","253","RI-UITLEGGER-SO","0.35","210","212","210","210","253","V-RI-UITLEGGER-SO","0.35","210","212","210","210","253","RI-UITLEGGER-SO","","","4078","4077","http://digitalbuildingdata.tech/nlcs/def/b3c9cf88-8076-4768-ae2c-fb4f95669716","http://digitalbuildingdata.tech/nlcs/def/814070dc-f483-4381-9bfc-7322ed635f9a"
"DWA_PERCEELAANSLUITLEIDING_GRES","*","_","**","_","RI","_","DWA","_","PERCEELAANSLUITLEIDING","_","GRES","_","","_","","_","","'-","","'-","G","'-","","","*_**_RI_DWA_PERCEELAANSLUITLEIDING_GRES","0.18","20","22","20","20","253","RI-DWA_AANSLUITLEIDING-SO","0.25","20","22","20","20","253","RI-DWA_AANSLUITLEIDING-SO","0.25","20","22","20","20","253","V-RI-DWA_AANSLUITLEIDING-SO","0.25","20","22","20","20","253","RI-DWA_AANSLUITLEIDING-SO","","","2228","2227","http://digitalbuildingdata.tech/nlcs/def/f33f99e1-205d-480d-8545-d4935ffe5e27","http://digitalbuildingdata.tech/nlcs/def/10b9221d-d095-4057-a378-ed6d0e236b82"
"OVERIG_TRANSPORTLEIDING_BETON","*","_","**","_","RI","_","OVERIG","_","TRANSPORTLEIDING","_","BETON","_","","_","","_","","'-","","'-","G","'-","","","*_**_RI_OVERIG_TRANSPORTLEIDING_BETON","0.18","10","12","10","10","253","RI-TRANSPORTLEIDING-SO","0.35","10","12","10","10","253","RI-TRANSPORTLEIDING-SO","0.35","10","12","10","10","253","V-RI-TRANSPORTLEIDING-SO","0.35","10","12","10","10","253","RI-TRANSPORTLEIDING-SO","","","3899","2193","http://digitalbuildingdata.tech/nlcs/def/077242b3-858c-46f5-b51c-82d670b1e7f9","http://digitalbuildingdata.tech/nlcs/def/bd4a4aa6-6c12-443c-a127-d82405cd75ca"
"ITR_RESERVOIR_BERGINGSBASSIN","*","_","**","_","RI","_","ITR","_","RESERVOIR","_","BERGINGSBASSIN","_","","_","","_","","'-","","'-","G","'-","","","*_**_RI_ITR_RESERVOIR_BERGINGSBASSIN","0.18","50","52","50","50","253","CONTINUOUS","0.35","50","52","50","50","253","CONTINUOUS","0.35","50","52","50","50","253","V-CONTINUOUS-SO","0.35","50","52","50","50","253","CONTINUOUS","","","3823","3821","http://digitalbuildingdata.tech/nlcs/def/de908c98-3587-491b-9511-82052b69bdcc","http://digitalbuildingdata.tech/nlcs/def/f9d51df7-978e-402a-a8f1-1c1b9a646178"
"OVERIG_LOZELEIDING_UITLEGGER","*","_","**","_","RI","_","OVERIG","_","LOZELEIDING","_","UITLEGGER","_","","_","","_","","'-","","'-","G","'-","","","*_**_RI_OVERIG_LOZELEIDING_UITLEGGER","0.18","10","12","10","10","253","RI-UITLEGGER-SO","0.35","10","12","10","10","253","RI-UITLEGGER-SO","0.35","10","12","10","10","253","V-RI-UITLEGGER-SO","0.35","10","12","10","10","253","RI-UITLEGGER-SO","","","4025","2341","http://digitalbuildingdata.tech/nlcs/def/7e3db9be-f5ae-4581-8d80-5ced39942c39","http://digitalbuildingdata.tech/nlcs/def/7b2e3687-4b0a-40e9-927a-3d7a4879e405"
"GWA_LOZELEIDING_VOLGEZAND","*","_","**","_","RI","_","GWA","_","LOZELEIDING","_","VOLGEZAND","_","","_","","_","","'-","","'-","G","'-","","","*_**_RI_GWA_LOZELEIDING_VOLGEZAND","0.18","30","32","30","30","253","RI-VOLZANDEN-SO","0.35","30","32","30","30","253","RI-VOLZANDEN-SO","0.35","30","32","30","30","253","V-RI-VOLZANDEN-SO","0.35","30","32","30","30","253","RI-VOLZANDEN-SO","","","3692","1784","http://digitalbuildingdata.tech/nlcs/def/dc406eec-6b19-4e87-80f3-8a585fe00e4c","http://digitalbuildingdata.tech/nlcs/def/956a7970-b275-4ff5-b4f0-f796520ec031"
"HWA_GOOT_TALUDGOOT","*","_","**","_","RI","_","HWA","_","GOOT","_","TALUDGOOT","_","","_","","_","","'-","","'-","G","'-","","","*_**_RI_HWA_GOOT_TALUDGOOT","0.18","150","152","150","150","253","CONTINUOUS","0.35","150","152","150","150","253","CONTINUOUS","0.35","150","152","150","150","253","V-CONTINUOUS-SO","0.35","150","152","150","150","253","CONTINUOUS","","","3694","1789","http://digitalbuildingdata.tech/nlcs/def/701fabfe-f496-4f63-b764-186b095d171d","http://digitalbuildingdata.tech/nlcs/def/ed616b3c-7364-4411-9691-1a798edff003"
"VACUUMLEIDING_HULPSTUK_INLAAT","*","_","**","_","RI","_","VACUUMLEIDING","_","HULPSTUK","_","INLAAT","_","","_","","_","","'-","","'-","G","'-","","","*_**_RI_VACUUMLEIDING_HULPSTUK_INLAAT","0.18","10","12","10","10","253","CONTINUOUS","0.35","10","12","10","10","253","CONTINUOUS","0.35","10","12","10","10","253","V-CONTINUOUS-SO","0.35","10","12","10","10","253","CONTINUOUS","","","2209","2208","http://digitalbuildingdata.tech/nlcs/def/b2293531-46d4-4124-831c-59ad29664a02","http://digitalbuildingdata.tech/nlcs/def/cbf780ad-68ad-475b-be86-fcf5180b1934"
"HWA_HULPSTUK_ONTSTOPPINGSSTUK","*","_","**","_","RI","_","HWA","_","HULPSTUK","_","ONTSTOPPINGSSTUK","_","","_","","_","","'-","","'-","G","'-","","","*_**_RI_HWA_HULPSTUK_ONTSTOPPINGSSTUK","0.18","150","152","150","150","253","CONTINUOUS","0.35","150","152","150","150","253","CONTINUOUS","0.35","150","152","150","150","253","V-CONTINUOUS-SO","0.35","150","152","150","150","253","CONTINUOUS","","","1811","1809","http://digitalbuildingdata.tech/nlcs/def/da394ea0-9dda-4934-8698-4560c46b1cba","http://digitalbuildingdata.tech/nlcs/def/a2e7a4b2-77d0-4cfe-84b4-09332ebc2f34"
"HWA_RIOOLLEIDING_ZINKER","*","_","**","_","RI","_","HWA","_","RIOOLLEIDING","_","ZINKER","_","","_","","_","","'-","","'-","G","'-","","","*_**_RI_HWA_RIOOLLEIDING_ZINKER","0.18","150","152","150","150","253","RI-HWA-SO","0.35","150","152","150","150","253","RI-HWA-SO","0.35","150","152","150","150","253","V-RI-HWA-SO","0.35","150","152","150","150","253","RI-HWA-SO","","","4051","3710","http://digitalbuildingdata.tech/nlcs/def/5458c7da-6494-49c9-859b-5890ba34e1eb","http://digitalbuildingdata.tech/nlcs/def/a8301102-38cf-4e59-9b7f-5bd2a2945190"
"ITR_LOZINGSPUNT_OPPERVLAKTEWATER","*","_","**","_","RI","_","ITR","_","LOZINGSPUNT","_","OPPERVLAKTEWATER","_","","_","","_","","'-","","'-","G","'-","","","*_**_RI_ITR_LOZINGSPUNT_OPPERVLAKTEWATER","0.18","50","52","50","50","253","CONTINUOUS","0.35","50","52","50","50","253","CONTINUOUS","0.35","50","52","50","50","253","V-CONTINUOUS-SO","0.35","50","52","50","50","253","CONTINUOUS","","","3820","1975","http://digitalbuildingdata.tech/nlcs/def/b287d018-0f32-4408-b1aa-572d5e0b8393","http://digitalbuildingdata.tech/nlcs/def/8bdb7d93-b893-479b-9526-281ffde44045"
"DWA_HULPSTUK_INLAAT","*","_","**","_","RI","_","DWA","_","HULPSTUK","_","INLAAT","_","","_","","_","","'-","","'-","G","'-","","","*_**_RI_DWA_HULPSTUK_INLAAT","0.18","20","22","20","20","253","CONTINUOUS","0.35","20","22","20","20","253","CONTINUOUS","0.35","20","22","20","20","253","V-CONTINUOUS-SO","0.35","20","22","20","20","253","CONTINUOUS","","","2242","2241","http://digitalbuildingdata.tech/nlcs/def/96f53492-bb42-4f1a-a4e5-e049b7a9a839","http://digitalbuildingdata.tech/nlcs/def/ecdaa4de-aaac-4fce-93f8-63a32389a4d1"
"ITR_RESERVOIR_BERGBEZINKBASIN","*","_","**","_","RI","_","ITR","_","RESERVOIR","_","BERGBEZINKBASIN","_","","_","","_","","'-","","'-","G","'-","","","*_**_RI_ITR_RESERVOIR_BERGBEZINKBASIN","0.18","50","52","50","50","253","CONTINUOUS","0.35","50","52","50","50","253","CONTINUOUS","0.35","50","52","50","50","253","V-CONTINUOUS-SO","0.35","50","52","50","50","253","CONTINUOUS","","","3822","3821","http://digitalbuildingdata.tech/nlcs/def/352881e9-5b13-4d74-ab68-f942892c6ea7","http://digitalbuildingdata.tech/nlcs/def/f9d51df7-978e-402a-a8f1-1c1b9a646178"
"DRAINAGE_HULPSTUK_STANDPIJP","*","_","**","_","RI","_","DRAINAGE","_","HULPSTUK","_","STANDPIJP","_","","_","","_","","'-","","'-","G","'-","","","*_**_RI_DRAINAGE_HULPSTUK_STANDPIJP","0.18","90","92","90","90","253","CONTINUOUS","0.35","90","92","90","90","253","CONTINUOUS","0.35","90","92","90","90","253","CONTINUOUS","0.35","90","92","90","90","253","CONTINUOUS","","","3592","1653","http://digitalbuildingdata.tech/nlcs/def/97fbb48b-663b-4558-84e4-f150cfa5a563","http://digitalbuildingdata.tech/nlcs/def/69a1128e-1a85-4d08-97db-2abc6d313804"
"HWA_LOZELEIDING_VOLGEZAND","*","_","**","_","RI","_","HWA","_","LOZELEIDING","_","VOLGEZAND","_","","_","","_","","'-","","'-","G","'-","","","*_**_RI_HWA_LOZELEIDING_VOLGEZAND","0.18","150","152","150","150","253","RI-VOLZANDEN-SO","0.35","150","152","150","150","253","RI-VOLZANDEN-SO","0.35","150","152","150","150","253","V-RI-VOLZANDEN-SO","0.35","150","152","150","150","253","RI-VOLZANDEN-SO","","","3807","3805","http://digitalbuildingdata.tech/nlcs/def/1bd830d4-033e-49c5-ba9f-582b6550acf1","http://digitalbuildingdata.tech/nlcs/def/6404fc08-decc-47e8-8ec2-d6a4b1c94add"
"HWA_LOZINGSPUNT_BODEM","*","_","**","_","RI","_","HWA","_","LOZINGSPUNT","_","BODEM","_","","_","","_","","'-","","'-","G","'-","","","*_**_RI_HWA_LOZINGSPUNT_BODEM","0.18","150","152","150","150","253","CONTINUOUS","0.35","150","152","150","150","253","CONTINUOUS","0.35","150","152","150","150","253","V-CONTINUOUS-SO","0.35","150","152","150","150","253","CONTINUOUS","","","3708","1826","http://digitalbuildingdata.tech/nlcs/def/feb95392-9ba7-4e5a-a7fe-94ef4ccb11bb","http://digitalbuildingdata.tech/nlcs/def/f1699db8-16f1-4ef7-981b-682c33b6cc67"
"OVERIG_LOZELEIDING_VOLGESCHUIMD","*","_","**","_","RI","_","OVERIG","_","LOZELEIDING","_","VOLGESCHUIMD","_","","_","","_","","'-","","'-","G","'-","","","*_**_RI_OVERIG_LOZELEIDING_VOLGESCHUIMD","0.18","10","12","10","10","253","RI-VOLSCHUIMEN-SO","0.35","10","12","10","10","253","RI-VOLSCHUIMEN-SO","0.35","10","12","10","10","253","V-RI-VOLSCHUIMEN-SO","0.35","10","12","10","10","253","RI-VOLSCHUIMEN-SO","","","4026","2341","http://digitalbuildingdata.tech/nlcs/def/dc13110e-6d84-4a71-8641-0c46f9825031","http://digitalbuildingdata.tech/nlcs/def/7b2e3687-4b0a-40e9-927a-3d7a4879e405"
"HWA_GOOT_VERHOLENGOOT","*","_","**","_","RI","_","HWA","_","GOOT","_","VERHOLENGOOT","_","","_","","_","","'-","","'-","G","'-","","","*_**_RI_HWA_GOOT_VERHOLENGOOT","0.18","150","152","150","150","253","CONTINUOUS","0.35","150","152","150","150","253","CONTINUOUS","0.35","150","152","150","150","253","V-CONTINUOUS-SO","0.35","150","152","150","150","253","CONTINUOUS","","","3695","1789","http://digitalbuildingdata.tech/nlcs/def/527140a5-d8d3-4e5e-bdd9-dad2322d9321","http://digitalbuildingdata.tech/nlcs/def/ed616b3c-7364-4411-9691-1a798edff003"
"DWA_LOZELEIDING_VOLGEZAND","*","_","**","_","RI","_","DWA","_","LOZELEIDING","_","VOLGEZAND","_","","_","","_","","'-","","'-","G","'-","","","*_**_RI_DWA_LOZELEIDING_VOLGEZAND","0.18","20","22","20","20","253","RI-VOLZANDEN-SO","0.35","20","22","20","20","253","RI-VOLZANDEN-SO","0.35","20","22","20","20","253","V-RI-VOLZANDEN-SO","0.35","20","22","20","20","253","RI-VOLZANDEN-SO","","","4024","2340","http://digitalbuildingdata.tech/nlcs/def/38ba5313-258a-481d-8fba-0a1129610d64","http://digitalbuildingdata.tech/nlcs/def/6152ccda-7e23-4977-8d3d-24e34aa6b25a"
"DWA_RIOOLLEIDING_STUWLEIDING","*","_","**","_","RI","_","DWA","_","RIOOLLEIDING","_","STUWLEIDING","_","","_","","_","","'-","","'-","G","'-","","","*_**_RI_DWA_RIOOLLEIDING_STUWLEIDING","0.18","20","22","20","20","253","RI-DWA-SO","0.35","20","22","20","20","253","RI-DWA-SO","0.35","20","22","20","20","253","V-RI-DWA-SO","0.35","20","22","20","20","253","RI-DWA-SO","","","4042","3940","http://digitalbuildingdata.tech/nlcs/def/8d74fd7d-7da6-4283-8bd3-88d1f09f06af","http://digitalbuildingdata.tech/nlcs/def/eac0d419-f850-4c8b-9dfb-8bf9f0db9e66"
"ITR_RESERVOIR_BERGINGSVIJVER","*","_","**","_","RI","_","ITR","_","RESERVOIR","_","BERGINGSVIJVER","_","","_","","_","","'-","","'-","G","'-","","","*_**_RI_ITR_RESERVOIR_BERGINGSVIJVER","0.18","50","52","50","50","253","CONTINUOUS","0.35","50","52","50","50","253","CONTINUOUS","0.35","50","52","50","50","253","V-CONTINUOUS-SO","0.35","50","52","50","50","253","CONTINUOUS","","","3824","3821","http://digitalbuildingdata.tech/nlcs/def/1c961c46-fcd3-4c70-a733-44d577f16b8c","http://digitalbuildingdata.tech/nlcs/def/f9d51df7-978e-402a-a8f1-1c1b9a646178"
"HWA_HULPSTUK_INLAAT","*","_","**","_","RI","_","HWA","_","HULPSTUK","_","INLAAT","_","","_","","_","","'-","","'-","G","'-","","","*_**_RI_HWA_HULPSTUK_INLAAT","0.18","150","152","150","150","253","CONTINUOUS","0.35","150","152","150","150","253","CONTINUOUS","0.35","150","152","150","150","253","V-CONTINUOUS-SO","0.35","150","152","150","150","253","CONTINUOUS","","","1810","1809","http://digitalbuildingdata.tech/nlcs/def/c9cf4127-be88-41a9-ba7f-1aa02771d301","http://digitalbuildingdata.tech/nlcs/def/a2e7a4b2-77d0-4cfe-84b4-09332ebc2f34"
"PERSLEIDING_HULPSTUK_INLAAT","*","_","**","_","RI","_","PERSLEIDING","_","HULPSTUK","_","INLAAT","_","","_","","_","","'-","","'-","G","'-","","","*_**_RI_PERSLEIDING_HULPSTUK_INLAAT","0.18","210","212","210","210","253","CONTINUOUS","0.35","210","212","210","210","253","CONTINUOUS","0.35","210","212","210","210","253","V-CONTINUOUS-SO","0.35","210","212","210","210","253","CONTINUOUS","","","2069","2068","http://digitalbuildingdata.tech/nlcs/def/63458ae1-f222-4143-a258-abecdfdc640d","http://digitalbuildingdata.tech/nlcs/def/ed9bc207-ac54-4d3c-807c-55d35817b812"
"GWA_LOZINGSPUNT_BODEM","*","_","**","_","RI","_","GWA","_","LOZINGSPUNT","_","BODEM","_","","_","","_","","'-","","'-","G","'-","","","*_**_RI_GWA_LOZINGSPUNT_BODEM","0.18","30","32","30","30","253","CONTINUOUS","0.35","30","32","30","30","253","CONTINUOUS","0.35","30","32","30","30","253","V-CONTINUOUS-SO","0.35","30","32","30","30","253","CONTINUOUS","","","3611","1699","http://digitalbuildingdata.tech/nlcs/def/092e30d0-2f58-42b3-bfe1-59fd284c7368","http://digitalbuildingdata.tech/nlcs/def/9add9832-b70f-4a3b-9f62-fd6c9aead3d1"
"VACUUMLEIDING_HULPSTUK_ONTSTOPPINGSSTUK","*","_","**","_","RI","_","VACUUMLEIDING","_","HULPSTUK","_","ONTSTOPPINGSSTUK","_","","_","","_","","'-","","'-","G","'-","","","*_**_RI_VACUUMLEIDING_HULPSTUK_ONTSTOPPINGSSTUK","0.18","10","12","10","10","253","CONTINUOUS","0.35","10","12","10","10","253","CONTINUOUS","0.35","10","12","10","10","253","V-CONTINUOUS-SO","0.35","10","12","10","10","253","CONTINUOUS","","","2210","2208","http://digitalbuildingdata.tech/nlcs/def/a691d9e4-cb07-4e37-ad7d-b07668638728","http://digitalbuildingdata.tech/nlcs/def/cbf780ad-68ad-475b-be86-fcf5180b1934"
"GWA_LOZELEIDING_VOLGESCHUIMD","*","_","**","_","RI","_","GWA","_","LOZELEIDING","_","VOLGESCHUIMD","_","","_","","_","","'-","","'-","G","'-","","","*_**_RI_GWA_LOZELEIDING_VOLGESCHUIMD","0.18","30","32","30","30","253","RI-VOLSCHUIMEN-SO","0.35","30","32","30","30","253","RI-VOLSCHUIMEN-SO","0.35","30","32","30","30","253","V-RI-VOLSCHUIMEN-SO","0.35","30","32","30","30","253","RI-VOLSCHUIMEN-SO","","","3691","1784","http://digitalbuildingdata.tech/nlcs/def/2f619b63-43f2-4823-a647-93b4cc64eeb0","http://digitalbuildingdata.tech/nlcs/def/956a7970-b275-4ff5-b4f0-f796520ec031"
"DWA_LOZELEIDING_UITLEGGER","*","_","**","_","RI","_","DWA","_","LOZELEIDING","_","UITLEGGER","_","","_","","_","","'-","","'-","G","'-","","","*_**_RI_DWA_LOZELEIDING_UITLEGGER","0.18","20","22","20","20","253","RI-UITLEGGER-SO","0.35","20","22","20","20","253","RI-UITLEGGER-SO","0.35","20","22","20","20","253","V-RI-UITLEGGER-SO","0.35","20","22","20","20","253","RI-UITLEGGER-SO","","","4022","2340","http://digitalbuildingdata.tech/nlcs/def/b5fe9a90-fc0d-40ab-9f76-4b16cc44bf13","http://digitalbuildingdata.tech/nlcs/def/6152ccda-7e23-4977-8d3d-24e34aa6b25a"
"GWA_RIOOLLEIDING_ZINKER","*","_","**","_","RI","_","GWA","_","RIOOLLEIDING","_","ZINKER","_","","_","","_","","'-","","'-","G","'-","","","*_**_RI_GWA_RIOOLLEIDING_ZINKER","0.18","30","32","30","30","253","RI-GWA-SO","0.35","30","32","30","30","253","RI-GWA-SO","0.35","30","32","30","30","253","V-RI-GWA-SO","0.35","30","32","30","30","253","RI-GWA-SO","","","4047","3613","http://digitalbuildingdata.tech/nlcs/def/e35721fe-dfec-4898-a22a-4e44f68d3b93","http://digitalbuildingdata.tech/nlcs/def/8d0e3e9c-0991-4a76-986f-b1d3c8d4593c"
"ITR_LOZELEIDING_VOLGEZAND","*","_","**","_","RI","_","ITR","_","LOZELEIDING","_","VOLGEZAND","_","","_","","_","","'-","","'-","G","'-","","","*_**_RI_ITR_LOZELEIDING_VOLGEZAND","0.18","50","52","50","50","253","RI-VOLZANDEN-SO","0.35","50","52","50","50","253","RI-VOLZANDEN-SO","0.35","50","52","50","50","253","V-RI-VOLZANDEN-SO","0.35","50","52","50","50","253","RI-VOLZANDEN-SO","","","3847","2049","http://digitalbuildingdata.tech/nlcs/def/0226fc00-b076-4774-bd96-ee7b9fac5c2e","http://digitalbuildingdata.tech/nlcs/def/17b56335-4160-4c2a-ad32-308119c36e71"
"OVERIG_TRANSPORTLEIDING_GRES","*","_","**","_","RI","_","OVERIG","_","TRANSPORTLEIDING","_","GRES","_","","_","","_","","'-","","'-","G","'-","","","*_**_RI_OVERIG_TRANSPORTLEIDING_GRES","0.18","10","12","10","10","253","RI-TRANSPORTLEIDING-SO","0.35","10","12","10","10","253","RI-TRANSPORTLEIDING-SO","0.35","10","12","10","10","253","V-RI-TRANSPORTLEIDING-SO","0.35","10","12","10","10","253","RI-TRANSPORTLEIDING-SO","","","3900","2193","http://digitalbuildingdata.tech/nlcs/def/a1868b12-db86-48dd-accc-61626fd30fbc","http://digitalbuildingdata.tech/nlcs/def/bd4a4aa6-6c12-443c-a127-d82405cd75ca"
"ITR_RIOOLLEIDING_ZINKER","*","_","**","_","RI","_","ITR","_","RIOOLLEIDING","_","ZINKER","_","","_","","_","","'-","","'-","G","'-","","","*_**_RI_ITR_RIOOLLEIDING_ZINKER","0.18","50","52","50","50","253","RI-ITR-SO","0.35","50","52","50","50","253","RI-ITR-SO","0.35","50","52","50","50","253","V-RI-ITR-SO","0.35","50","52","50","50","253","RI-ITR-SO","","","4056","2017","http://digitalbuildingdata.tech/nlcs/def/e61e84f2-4281-4438-aaa3-a3d5673a0ef2","http://digitalbuildingdata.tech/nlcs/def/8fee24c2-10d8-46f6-9592-1775c52bcb32"
"OVERIG_TRANSPORTLEIDING_PE","*","_","**","_","RI","_","OVERIG","_","TRANSPORTLEIDING","_","PE","_","","_","","_","","'-","","'-","G","'-","","","*_**_RI_OVERIG_TRANSPORTLEIDING_PE","0.18","10","12","10","10","253","RI-TRANSPORTLEIDING-SO","0.35","10","12","10","10","253","RI-TRANSPORTLEIDING-SO","0.35","10","12","10","10","253","V-RI-TRANSPORTLEIDING-SO","0.35","10","12","10","10","253","RI-TRANSPORTLEIDING-SO","","","3901","2193","http://digitalbuildingdata.tech/nlcs/def/1ecf0748-a646-4b75-a691-0d9bb6288980","http://digitalbuildingdata.tech/nlcs/def/bd4a4aa6-6c12-443c-a127-d82405cd75ca"
"HWA_RIOOLPUT","*","_","**","_","RI","_","HWA","_","RIOOLPUT","_","","_","","_","","_","","'-","","'-","G/S","'-","","SRI-PUT_INSPECTIE-SO; V-SRI-PUT_INSPECTIE-SO","*_**_RI_HWA_RIOOLPUT","0.18","150","152","150","150","253","CONTINUOUS","0.35","150","152","150","150","253","CONTINUOUS","0.35","150","152","150","150","253","V-CONTINUOUS-SO","0.35","150","152","150","150","253","CONTINUOUS","","","1832","1786","http://digitalbuildingdata.tech/nlcs/def/4a4e0491-d0ae-4fec-9b8d-32835ebe6b36","http://digitalbuildingdata.tech/nlcs/def/7fe109ea-cc08-4fa2-be7c-72a8ee038ddd"
"GWA_KOLK","*","_","**","_","RI","_","GWA","_","KOLK","_","","_","","_","","_","","'-","","'-","G/S","'-","","SRI-KOLK","*_**_RI_GWA_KOLK","0.18","30","32","30","30","253","CONTINUOUS","0.35","30","32","30","30","253","CONTINUOUS","0.35","30","32","30","30","253","V-CONTINUOUS-SO","0.35","30","32","30","30","253","CONTINUOUS","","","1685","1664","http://digitalbuildingdata.tech/nlcs/def/8d061b9c-4343-425d-8533-73d683578659","http://digitalbuildingdata.tech/nlcs/def/cc237815-59ec-4086-b87f-1d1e9ca4541f"
"VACUUMLEIDING_HULPSTUK","*","_","**","_","RI","_","VACUUMLEIDING","_","HULPSTUK","_","","_","","_","","_","","'-","","'-","G/S","'-","","SRI-HULP","*_**_RI_VACUUMLEIDING_HULPSTUK","0.18","10","12","10","10","253","CONTINUOUS","0.35","10","12","10","10","253","CONTINUOUS","0.35","10","12","10","10","253","V-CONTINUOUS-SO","0.35","10","12","10","10","253","CONTINUOUS","","","2208","2194","http://digitalbuildingdata.tech/nlcs/def/cbf780ad-68ad-475b-be86-fcf5180b1934","http://digitalbuildingdata.tech/nlcs/def/659f74ce-e7c1-452a-9057-3f8141e6f47f"
"ITR_HULPSTUK","*","_","**","_","RI","_","ITR","_","HULPSTUK","_","","_","","_","","_","","'-","","'-","G/S","'-","","SRI-HULP","*_**_RI_ITR_HULPSTUK","0.18","50","52","50","50","253","CONTINUOUS","0.35","50","52","50","50","253","CONTINUOUS","0.35","50","52","50","50","253","V-CONTINUOUS-SO","0.35","50","52","50","50","253","CONTINUOUS","","","1958","1944","http://digitalbuildingdata.tech/nlcs/def/73a74d5b-dfa4-48f9-bb71-837270fb4b68","http://digitalbuildingdata.tech/nlcs/def/e24d8804-5b7e-4bd5-b46a-520f6bbc6828"
"GWA_RIOOLPUT","*","_","**","_","RI","_","GWA","_","RIOOLPUT","_","","_","","_","","_","","'-","","'-","G/S","'-","","SRI-PUT_INSPECTIE-SO; V-SRI-PUT_INSPECTIE-SO","*_**_RI_GWA_RIOOLPUT","0.18","30","32","30","30","253","CONTINUOUS","0.35","30","32","30","30","253","CONTINUOUS","0.35","30","32","30","30","253","V-CONTINUOUS-SO","0.35","30","32","30","30","253","CONTINUOUS","","","1703","1664","http://digitalbuildingdata.tech/nlcs/def/1e8c5556-7c7c-4a1d-bf1e-66db371ee81b","http://digitalbuildingdata.tech/nlcs/def/cc237815-59ec-4086-b87f-1d1e9ca4541f"
"ITR_UITLAATCONSTRUCTIE","*","_","**","_","RI","_","ITR","_","UITLAATCONSTRUCTIE","_","","_","","_","","_","","'-","","'-","G/S","'-","","SRI-UITSTROOMBAK","*_**_RI_ITR_UITLAATCONSTRUCTIE","0.18","50","52","50","50","253","CONTINUOUS","0.35","50","52","50","50","253","CONTINUOUS","0.35","50","52","50","50","253","V-CONTINUOUS-SO","0.35","50","52","50","50","253","CONTINUOUS","","","2050","1944","http://digitalbuildingdata.tech/nlcs/def/24a83f84-fa29-4fb8-9304-61edb3b5ea4f","http://digitalbuildingdata.tech/nlcs/def/e24d8804-5b7e-4bd5-b46a-520f6bbc6828"
"DWA_HULPSTUK","*","_","**","_","RI","_","DWA","_","HULPSTUK","_","","_","","_","","_","","'-","","'-","G/S","'-","","SRI-HULP","*_**_RI_DWA_HULPSTUK","0.18","20","22","20","20","253","CONTINUOUS","0.35","20","22","20","20","253","CONTINUOUS","0.35","20","22","20","20","253","V-CONTINUOUS-SO","0.35","20","22","20","20","253","CONTINUOUS","","","2241","2220","http://digitalbuildingdata.tech/nlcs/def/ecdaa4de-aaac-4fce-93f8-63a32389a4d1","http://digitalbuildingdata.tech/nlcs/def/f61e0dae-87e1-41df-b175-41a9efd2e266"
"VACUUMLEIDING_RIOOLPUT","*","_","**","_","RI","_","VACUUMLEIDING","_","RIOOLPUT","_","","_","","_","","_","","'-","","'-","G/S","'-","","SRI-PUT_VACUUM-SO; V-SRI-PUT_VACUUM-SO","*_**_RI_VACUUMLEIDING_RIOOLPUT","0.18","10","12","10","10","253","CONTINUOUS","0.35","10","12","10","10","253","CONTINUOUS","0.35","10","12","10","10","253","V-CONTINUOUS-SO","0.35","10","12","10","10","253","CONTINUOUS","","","2214","2194","http://digitalbuildingdata.tech/nlcs/def/1545a06b-897a-493a-b487-654387adb4c7","http://digitalbuildingdata.tech/nlcs/def/659f74ce-e7c1-452a-9057-3f8141e6f47f"
"VACUUMLEIDING_GEMAAL","*","_","**","_","RI","_","VACUUMLEIDING","_","GEMAAL","_","","_","","_","","_","","'-","","'-","G/S","'-","","SRI-GEMAAL","*_**_RI_VACUUMLEIDING_GEMAAL","0.18","10","12","10","10","253","CONTINUOUS","0.35","10","12","10","10","253","CONTINUOUS","0.35","10","12","10","10","253","V-CONTINUOUS-SO","0.35","10","12","10","10","253","CONTINUOUS","","","2206","2194","http://digitalbuildingdata.tech/nlcs/def/4602f8c2-0428-474b-87c0-4625ea94c7ee","http://digitalbuildingdata.tech/nlcs/def/659f74ce-e7c1-452a-9057-3f8141e6f47f"
"DRAINAGE_PUT","*","_","**","_","RI","_","DRAINAGE","_","PUT","_","","_","","_","","_","","'-","","'-","G/S","'-","","B-SRI-PUT_DRAIN-SO; SRI-PUT_DRAIN-SO; V-SRI-PUT_DRAIN-SO","*_**_RI_DRAINAGE_PUT","0.18","90","92","90","90","253","CONTINUOUS","0.35","90","92","90","90","253","CONTINUOUS","0.35","90","92","90","90","253","V-CONTINUOUS-SO","0.35","90","92","90","90","253","CONTINUOUS","","","1656","1635","http://digitalbuildingdata.tech/nlcs/def/0fa0f3ff-44ba-401c-950d-54b83f32c5ab","http://digitalbuildingdata.tech/nlcs/def/e41e5e64-63df-4860-8f4e-66bf40a56b8f"
"HWA_AANSLUITPUT","*","_","**","_","RI","_","HWA","_","AANSLUITPUT","_","","_","","_","","_","","'-","","'-","G/S","'-","","SRI-PUT_ONTSTOPPINGSPUT-SO; V-SRI-PUT_ONTSTOPPINGSPUT-SO","*_**_RI_HWA_AANSLUITPUT","0.18","150","152","150","150","253","CONTINUOUS","0.35","150","152","150","150","253","CONTINUOUS","0.35","150","152","150","150","253","V-CONTINUOUS-SO","0.35","150","152","150","150","253","CONTINUOUS","","","3800","1786","http://digitalbuildingdata.tech/nlcs/def/f814227f-01d4-43bd-a822-4b0b8a548ae0","http://digitalbuildingdata.tech/nlcs/def/7fe109ea-cc08-4fa2-be7c-72a8ee038ddd"
"DWA_AFSCHEIDER","*","_","**","_","RI","_","DWA","_","AFSCHEIDER","_","","_","","_","","_","","'-","","'-","G/S","'-","","SRI-AFSCHEIDER","*_**_RI_DWA_AFSCHEIDER","0.18","20","22","20","20","253","CONTINUOUS","0.35","20","22","20","20","253","CONTINUOUS","0.35","20","22","20","20","253","V-CONTINUOUS-SO","0.35","20","22","20","20","253","CONTINUOUS","","","2221","2220","http://digitalbuildingdata.tech/nlcs/def/a6cdf429-f928-4ded-aa6b-d87644fa729a","http://digitalbuildingdata.tech/nlcs/def/f61e0dae-87e1-41df-b175-41a9efd2e266"
"HWA_SCHILDMUUR","*","_","**","_","RI","_","HWA","_","SCHILDMUUR","_","","_","","_","","_","","'-","","'-","G/S","'-","","SRI-SCHILDMUUR","*_**_RI_HWA_SCHILDMUUR","0.18","150","152","150","150","253","CONTINUOUS","0.25","150","152","150","150","253","CONTINUOUS","0.25","150","152","150","150","253","CONTINUOUS","0.25","150","152","150","150","253","CONTINUOUS","","","3486","1786","http://digitalbuildingdata.tech/nlcs/def/69232521-52db-41bc-971f-bcee123c0deb","http://digitalbuildingdata.tech/nlcs/def/7fe109ea-cc08-4fa2-be7c-72a8ee038ddd"
"DWA_SEPTICTANK","*","_","**","_","RI","_","DWA","_","SEPTICTANK","_","","_","","_","","_","","'-","","'-","G/S","'-","","SRI-TANK_SEPTIC-SO; V-SRI-TANK_SEPTIC-SO","*_**_RI_DWA_SEPTICTANK","0.18","20","22","20","20","253","CONTINUOUS","0.35","20","22","20","20","253","CONTINUOUS","0.35","20","22","20","20","253","V-CONTINUOUS-SO","0.35","20","22","20","20","253","CONTINUOUS","","","2284","2220","http://digitalbuildingdata.tech/nlcs/def/61815ff3-60fb-405f-bc9c-f8223cd62272","http://digitalbuildingdata.tech/nlcs/def/f61e0dae-87e1-41df-b175-41a9efd2e266"
"PERSLEIDING_GEMAAL","*","_","**","_","RI","_","PERSLEIDING","_","GEMAAL","_","","_","","_","","_","","'-","","'-","G/S","'-","","SRI-GEMAAL","*_**_RI_PERSLEIDING_GEMAAL","0.18","210","212","210","210","253","CONTINUOUS","0.35","210","212","210","210","253","CONTINUOUS","0.35","210","212","210","210","253","V-CONTINUOUS-SO","0.35","210","212","210","210","253","CONTINUOUS","","","2066","2054","http://digitalbuildingdata.tech/nlcs/def/d7fa28a9-4d6b-4a5f-819e-2d92e81dc138","http://digitalbuildingdata.tech/nlcs/def/705a8d37-14d4-4320-9036-1a1d8b77db14"
"DWA_UITLAATCONSTRUCTIE","*","_","**","_","RI","_","DWA","_","UITLAATCONSTRUCTIE","_","","_","","_","","_","","'-","","'-","G/S","'-","","SRI-UITSTROOMBAK","*_**_RI_DWA_UITLAATCONSTRUCTIE","0.18","20","22","20","20","253","CONTINUOUS","0.35","20","22","20","20","253","CONTINUOUS","0.35","20","22","20","20","253","V-CONTINUOUS-SO","0.35","20","22","20","20","253","CONTINUOUS","","","4044","2220","http://digitalbuildingdata.tech/nlcs/def/80915766-d461-42cf-a4cc-5c2f333d22be","http://digitalbuildingdata.tech/nlcs/def/f61e0dae-87e1-41df-b175-41a9efd2e266"
"ITR_RIOOLPUT","*","_","**","_","RI","_","ITR","_","RIOOLPUT","_","","_","","_","","_","","'-","","'-","G/S","'-","","SRI-PUT_INSPECTIE-SO; V-SRI-PUT_INSPECTIE-SO","*_**_RI_ITR_RIOOLPUT","0.18","50","52","50","50","253","CONTINUOUS","0.35","50","52","50","50","253","CONTINUOUS","0.35","50","52","50","50","253","V-CONTINUOUS-SO","0.35","50","52","50","50","253","CONTINUOUS","","","1989","1944","http://digitalbuildingdata.tech/nlcs/def/f19102cc-19ee-4726-bd16-b9afb6d2abd1","http://digitalbuildingdata.tech/nlcs/def/e24d8804-5b7e-4bd5-b46a-520f6bbc6828"
"HWA_HULPSTUK","*","_","**","_","RI","_","HWA","_","HULPSTUK","_","","_","","_","","_","","'-","","'-","G/S","'-","","SRI-HULP","*_**_RI_HWA_HULPSTUK","0.18","150","152","150","150","253","CONTINUOUS","0.35","150","152","150","150","253","CONTINUOUS","0.35","150","152","150","150","253","V-CONTINUOUS-SO","0.35","150","152","150","150","253","CONTINUOUS","","","1809","1786","http://digitalbuildingdata.tech/nlcs/def/a2e7a4b2-77d0-4cfe-84b4-09332ebc2f34","http://digitalbuildingdata.tech/nlcs/def/7fe109ea-cc08-4fa2-be7c-72a8ee038ddd"
"OVERIG_UITLAATCONSTRUCTIE","*","_","**","_","RI","_","OVERIG","_","UITLAATCONSTRUCTIE","_","","_","","_","","_","","'-","","'-","G/S","'-","","SRI-UITSTROOMBAK","*_**_RI_OVERIG_UITLAATCONSTRUCTIE","0.18","10","12","10","10","253","CONTINUOUS","0.35","10","12","10","10","253","CONTINUOUS","0.35","10","12","10","10","253","V-CONTINUOUS-SO","0.35","10","12","10","10","253","CONTINUOUS","","","4074","2052","http://digitalbuildingdata.tech/nlcs/def/b96ae7d5-65b5-47d9-b5e1-2853a4be2e9a","http://digitalbuildingdata.tech/nlcs/def/139aada8-a54a-4c43-81b7-e32f9464ad42"
"DWA_RIOOLPUT","*","_","**","_","RI","_","DWA","_","RIOOLPUT","_","","_","","_","","_","","'-","","'-","G/S","'-","","SRI-PUT_INSPECTIE-SO; V-SRI-PUT_INSPECTIE-SO","*_**_RI_DWA_RIOOLPUT","0.18","20","22","20","20","253","CONTINUOUS","0.35","20","22","20","20","253","CONTINUOUS","0.35","20","22","20","20","253","V-CONTINUOUS-SO","0.35","20","22","20","20","253","CONTINUOUS","","","2250","2220","http://digitalbuildingdata.tech/nlcs/def/5907c42e-e386-4162-a216-1cbe71218422","http://digitalbuildingdata.tech/nlcs/def/f61e0dae-87e1-41df-b175-41a9efd2e266"
"DWA_LOZEPUT","*","_","**","_","RI","_","DWA","_","LOZEPUT","_","","_","","_","","_","","'-","","'-","G/S","'-","","SRI-PUT_INSPECTIE-SO; V-SRI-PUT_INSPECTIE-SO","*_**_RI_DWA_LOZEPUT","0.18","20","22","20","20","253","CONTINUOUS","0.35","20","22","20","20","253","CONTINUOUS","0.35","20","22","20","20","253","V-CONTINUOUS-SO","0.35","20","22","20","20","253","CONTINUOUS","","","4014","2220","http://digitalbuildingdata.tech/nlcs/def/ae1c1385-ec42-481a-ae77-1c94935279a2","http://digitalbuildingdata.tech/nlcs/def/f61e0dae-87e1-41df-b175-41a9efd2e266"
"ITR_BOB","*","_","**","_","RI","_","ITR","_","BOB","_","","_","","_","","_","","'-","","'-","G/S","'-","","SRI-BOB","*_**_RI_ITR_BOB","0.18","50","52","50","50","253","CONTINUOUS","0.35","50","52","50","50","253","CONTINUOUS","0.35","50","52","50","50","253","V-CONTINUOUS-SO","0.35","50","52","50","50","253","CONTINUOUS","","","1945","1944","http://digitalbuildingdata.tech/nlcs/def/f45fe606-8c1b-459e-bce6-2ad324dcf4da","http://digitalbuildingdata.tech/nlcs/def/e24d8804-5b7e-4bd5-b46a-520f6bbc6828"
"PERSLEIDING_RIOOLPUT","*","_","**","_","RI","_","PERSLEIDING","_","RIOOLPUT","_","","_","","_","","_","","'-","","'-","G/S","'-","","SRI-PUT_PERS-SO; V-SRI-PUT_PERS-SO","*_**_RI_PERSLEIDING_RIOOLPUT","0.18","210","212","210","210","253","CONTINUOUS","0.35","210","212","210","210","253","CONTINUOUS","0.35","210","212","210","210","253","V-CONTINUOUS-SO","0.35","210","212","210","210","253","CONTINUOUS","","","2074","2054","http://digitalbuildingdata.tech/nlcs/def/cc878310-5886-4dab-9a5b-914812cf2c76","http://digitalbuildingdata.tech/nlcs/def/705a8d37-14d4-4320-9036-1a1d8b77db14"
"OVERIG_STROMINGSRICHTING","*","_","**","_","RI","_","OVERIG","_","STROMINGSRICHTING","_","","_","","_","","_","","'-","","'-","G/S","'-","","SRI-STROOMRICHTING","*_**_RI_OVERIG_STROMINGSRICHTING","0.18","10","12","10","10","253","CONTINUOUS","0.35","10","12","10","10","253","CONTINUOUS","0.35","10","12","10","10","253","V-CONTINUOUS-SO","0.35","10","12","10","10","253","CONTINUOUS","","","2082","2052","http://digitalbuildingdata.tech/nlcs/def/ddbcc417-8903-4861-80d7-9721be225dde","http://digitalbuildingdata.tech/nlcs/def/139aada8-a54a-4c43-81b7-e32f9464ad42"
"DWA_BOB","*","_","**","_","RI","_","DWA","_","BOB","_","","_","","_","","_","","'-","","'-","G/S","'-","","SRI-BOB","*_**_RI_DWA_BOB","0.18","20","22","20","20","253","CONTINUOUS","0.35","20","22","20","20","253","CONTINUOUS","0.35","20","22","20","20","253","V-CONTINUOUS-SO","0.35","20","22","20","20","253","CONTINUOUS","","","2225","2220","http://digitalbuildingdata.tech/nlcs/def/91561c9d-5fe1-4e18-89f4-47f4128e44df","http://digitalbuildingdata.tech/nlcs/def/f61e0dae-87e1-41df-b175-41a9efd2e266"
"GWA_AANSLUITPUT","*","_","**","_","RI","_","GWA","_","AANSLUITPUT","_","","_","","_","","_","","'-","","'-","G/S","'-","","SRI-PUT_ONTSTOPPINGSPUT-SO; V-SRI-PUT_ONTSTOPPINGSPUT-SO","*_**_RI_GWA_AANSLUITPUT","0.18","30","32","30","30","253","CONTINUOUS","0.35","30","32","30","30","253","CONTINUOUS","0.35","30","32","30","30","253","V-CONTINUOUS-SO","0.35","30","32","30","30","253","CONTINUOUS","","","3675","1664","http://digitalbuildingdata.tech/nlcs/def/adafa5bd-7ff2-466b-a7f9-60f9539f3d05","http://digitalbuildingdata.tech/nlcs/def/cc237815-59ec-4086-b87f-1d1e9ca4541f"
"VACUUMLEIDING_PUTDEKSELNIVEAU","*","_","**","_","RI","_","VACUUMLEIDING","_","PUTDEKSELNIVEAU","_","","_","","_","","_","","'-","","'-","G/S","'-","","SRI-PUTDEKSELHOOGTE","*_**_RI_VACUUMLEIDING_PUTDEKSELNIVEAU","0.18","10","12","10","10","253","CONTINUOUS","0.35","10","12","10","10","253","RI-PERS-SO","0.35","10","12","10","10","253","V-RI-PERS-SO","0.35","10","12","10","10","253","RI-PERS-SO","","","2212","2194","http://digitalbuildingdata.tech/nlcs/def/a3e01641-5f84-4387-a5fc-b7cb48fd03cd","http://digitalbuildingdata.tech/nlcs/def/659f74ce-e7c1-452a-9057-3f8141e6f47f"
"HWA_KOLK","*","_","**","_","RI","_","HWA","_","KOLK","_","","_","","_","","_","","'-","","'-","G/S","'-","","SRI-KOLK","*_**_RI_HWA_KOLK","0.18","150","152","150","150","253","CONTINUOUS","0.35","150","152","150","150","253","CONTINUOUS","0.35","150","152","150","150","253","V-CONTINUOUS-SO","0.35","150","152","150","150","253","CONTINUOUS","","","1812","1786","http://digitalbuildingdata.tech/nlcs/def/7632c2a8-ecfe-4bb0-a4c0-80a40888f89a","http://digitalbuildingdata.tech/nlcs/def/7fe109ea-cc08-4fa2-be7c-72a8ee038ddd"
"DRAINAGE_BOB","*","_","**","_","RI","_","DRAINAGE","_","BOB","_","","_","","_","","_","","'-","","'-","G/S","'-","","SRI-BOB","*_**_RI_DRAINAGE_BOB","0.18","90","92","90","90","253","CONTINUOUS","0.35","90","92","90","90","253","CONTINUOUS","0.35","90","92","90","90","253","V-CONTINUOUS-SO","0.35","90","92","90","90","253","CONTINUOUS","","","1637","1635","http://digitalbuildingdata.tech/nlcs/def/8223e5e9-e3c1-41ec-a698-292077e37fa2","http://digitalbuildingdata.tech/nlcs/def/e41e5e64-63df-4860-8f4e-66bf40a56b8f"
"DRAINAGE_HULPSTUK","*","_","**","_","RI","_","DRAINAGE","_","HULPSTUK","_","","_","","_","","_","","'-","","'-","G/S","'-","","SRI-HULP","*_**_RI_DRAINAGE_HULPSTUK","0.18","90","92","90","90","253","CONTINUOUS","0.35","90","92","90","90","253","CONTINUOUS","0.35","90","92","90","90","253","V-CONTINUOUS-SO","0.35","90","92","90","90","253","CONTINUOUS","","","1653","1635","http://digitalbuildingdata.tech/nlcs/def/69a1128e-1a85-4d08-97db-2abc6d313804","http://digitalbuildingdata.tech/nlcs/def/e41e5e64-63df-4860-8f4e-66bf40a56b8f"
"ITR_PUTDEKSELNIVEAU","*","_","**","_","RI","_","ITR","_","PUTDEKSELNIVEAU","_","","_","","_","","_","","'-","","'-","G/S","'-","","SRI-PUTDEKSELHOOGTE","*_**_RI_ITR_PUTDEKSELNIVEAU","0.18","50","52","50","50","253","CONTINUOUS","0.35","50","52","50","50","253","CONTINUOUS","0.35","50","52","50","50","253","V-CONTINUOUS-SO","0.35","50","52","50","50","253","CONTINUOUS","","","1977","1944","http://digitalbuildingdata.tech/nlcs/def/dd979ccc-db8c-4f4b-ab99-444aabea234e","http://digitalbuildingdata.tech/nlcs/def/e24d8804-5b7e-4bd5-b46a-520f6bbc6828"
"PERSLEIDING_LOZEPUT","*","_","**","_","RI","_","PERSLEIDING","_","LOZEPUT","_","","_","","_","","_","","'-","","'-","G/S","'-","","SRI-PUT_INSPECTIE-SO; V-SRI-PUT_INSPECTIE-SO","*_**_RI_PERSLEIDING_LOZEPUT","0.18","210","212","210","210","253","CONTINUOUS","0.35","210","212","210","210","253","CONTINUOUS","0.35","210","212","210","210","253","V-CONTINUOUS-SO","0.35","210","212","210","210","253","CONTINUOUS","","","4081","2054","http://digitalbuildingdata.tech/nlcs/def/fa0817d2-af0d-4d72-b980-accf1f6f1441","http://digitalbuildingdata.tech/nlcs/def/705a8d37-14d4-4320-9036-1a1d8b77db14"
"HWA_PUTDEKSELNIVEAU","*","_","**","_","RI","_","HWA","_","PUTDEKSELNIVEAU","_","","_","","_","","_","","'-","","'-","G/S","'-","","SRI-PUTDEKSELHOOGTE","*_**_RI_HWA_PUTDEKSELNIVEAU","0.18","150","152","150","150","253","CONTINUOUS","0.35","150","152","150","150","253","CONTINUOUS","0.35","150","152","150","150","253","V-CONTINUOUS-SO","0.35","150","152","150","150","253","CONTINUOUS","","","1830","1786","http://digitalbuildingdata.tech/nlcs/def/6cb24738-2a3d-4436-a00f-1edc6073bc34","http://digitalbuildingdata.tech/nlcs/def/7fe109ea-cc08-4fa2-be7c-72a8ee038ddd"
"HWA_LOZEPUT","*","_","**","_","RI","_","HWA","_","LOZEPUT","_","","_","","_","","_","","'-","","'-","G/S","'-","","SRI-PUT_INSPECTIE-SO; V-SRI-PUT_INSPECTIE-SO","*_**_RI_HWA_LOZEPUT","0.18","150","152","150","150","253","CONTINUOUS","0.35","150","152","150","150","253","CONTINUOUS","0.35","150","152","150","150","253","V-CONTINUOUS-SO","0.35","150","152","150","150","253","CONTINUOUS","","","4049","1786","http://digitalbuildingdata.tech/nlcs/def/6332805a-104b-46bc-af53-dbdc606a7efe","http://digitalbuildingdata.tech/nlcs/def/7fe109ea-cc08-4fa2-be7c-72a8ee038ddd"
"DWA_PUTDEKSELNIVEAU","*","_","**","_","RI","_","DWA","_","PUTDEKSELNIVEAU","_","","_","","_","","_","","'-","","'-","G/S","'-","","SRI-PUTDEKSELHOOGTE","*_**_RI_DWA_PUTDEKSELNIVEAU","0.18","20","22","20","20","253","CONTINUOUS","0.35","20","22","20","20","253","CONTINUOUS","0.35","20","22","20","20","253","V-CONTINUOUS-SO","0.35","20","22","20","20","253","CONTINUOUS","","","2248","2220","http://digitalbuildingdata.tech/nlcs/def/ecef0c76-be57-4802-b05a-0762981751a4","http://digitalbuildingdata.tech/nlcs/def/f61e0dae-87e1-41df-b175-41a9efd2e266"
"GWA_HULPSTUK","*","_","**","_","RI","_","GWA","_","HULPSTUK","_","","_","","_","","_","","'-","","'-","G/S","'-","","SRI-HULP","*_**_RI_GWA_HULPSTUK","0.18","30","32","30","30","253","CONTINUOUS","0.35","30","32","30","30","253","CONTINUOUS","0.35","30","32","30","30","253","V-CONTINUOUS-SO","0.35","30","32","30","30","253","CONTINUOUS","","","1681","1664","http://digitalbuildingdata.tech/nlcs/def/05961bf1-99fd-4b7c-a055-c07ff1aefc70","http://digitalbuildingdata.tech/nlcs/def/cc237815-59ec-4086-b87f-1d1e9ca4541f"
"HWA_UITLAATCONSTRUCTIE","*","_","**","_","RI","_","HWA","_","UITLAATCONSTRUCTIE","_","","_","","_","","_","","'-","","'-","G/S","'-","","SRI-UITSTROOMBAK","*_**_RI_HWA_UITLAATCONSTRUCTIE","0.18","150","152","150","150","253","CONTINUOUS","0.35","150","152","150","150","253","CONTINUOUS","0.35","150","152","150","150","253","V-CONTINUOUS-SO","0.35","150","152","150","150","253","CONTINUOUS","","","1942","1786","http://digitalbuildingdata.tech/nlcs/def/26cebadb-2d4b-4199-a81a-e199de548d63","http://digitalbuildingdata.tech/nlcs/def/7fe109ea-cc08-4fa2-be7c-72a8ee038ddd"
"ITR_KOLK","*","_","**","_","RI","_","ITR","_","KOLK","_","","_","","_","","_","","'-","","'-","G/S","'-","","SRI-KOLK","*_**_RI_ITR_KOLK","0.18","50","52","50","50","253","CONTINUOUS","0.35","50","52","50","50","253","CONTINUOUS","0.35","50","52","50","50","253","V-CONTINUOUS-SO","0.35","50","52","50","50","253","CONTINUOUS","","","1961","1944","http://digitalbuildingdata.tech/nlcs/def/aa138c2e-57de-464b-aa2b-308bcd859490","http://digitalbuildingdata.tech/nlcs/def/e24d8804-5b7e-4bd5-b46a-520f6bbc6828"
"VACUUMLEIDING_STROMINGSRICHTING","*","_","**","_","RI","_","VACUUMLEIDING","_","STROMINGSRICHTING","_","","_","","_","","_","","'-","","'-","G/S","'-","","SRI-STROOMRICHTING","*_**_RI_VACUUMLEIDING_STROMINGSRICHTING","0.18","10","12","10","10","253","CONTINUOUS","0.35","10","12","10","10","253","RI-PERS-SO","0.35","10","12","10","10","253","V-RI-PERS-SO","0.35","10","12","10","10","253","RI-PERS-SO","","","2218","2194","http://digitalbuildingdata.tech/nlcs/def/331316dc-3c73-446f-ab11-f79eab87ca33","http://digitalbuildingdata.tech/nlcs/def/659f74ce-e7c1-452a-9057-3f8141e6f47f"
"GWA_UITLAATCONSTRUCTIE","*","_","**","_","RI","_","GWA","_","UITLAATCONSTRUCTIE","_","","_","","_","","_","","'-","","'-","G/S","'-","","SRI-UITSTROOMBAK","*_**_RI_GWA_UITLAATCONSTRUCTIE","0.18","30","32","30","30","253","CONTINUOUS","0.35","30","32","30","30","253","CONTINUOUS","0.35","30","32","30","30","253","V-CONTINUOUS-SO","0.35","30","32","30","30","253","CONTINUOUS","","","4048","1664","http://digitalbuildingdata.tech/nlcs/def/768cae51-b630-4a59-a538-ef0126f23e32","http://digitalbuildingdata.tech/nlcs/def/cc237815-59ec-4086-b87f-1d1e9ca4541f"
"DWA_SCHILDMUUR","*","_","**","_","RI","_","DWA","_","SCHILDMUUR","_","","_","","_","","_","","'-","","'-","G/S","'-","","SRI-SCHILDMUUR","*_**_RI_DWA_SCHILDMUUR","0.18","20","22","20","20","253","CONTINUOUS","0.25","20","22","20","20","253","CONTINUOUS","0.25","20","22","20","20","253","CONTINUOUS","0.25","20","22","20","20","253","CONTINUOUS","","","4017","2220","http://digitalbuildingdata.tech/nlcs/def/ca77e930-7b88-412e-8d4e-c3f08065909b","http://digitalbuildingdata.tech/nlcs/def/f61e0dae-87e1-41df-b175-41a9efd2e266"
"PERSLEIDING_STROMINGSRICHTING","*","_","**","_","RI","_","PERSLEIDING","_","STROMINGSRICHTING","_","","_","","_","","_","","'-","","'-","G/S","'-","","SRI-STROOMRICHTING","*_**_RI_PERSLEIDING_STROMINGSRICHTING","0.18","210","212","210","210","253","RI-PERS-SO","0.35","210","212","210","210","253","RI-PERS-SO","0.35","210","212","210","210","253","V-RI-PERS-SO","0.35","210","212","210","210","253","RI-PERS-SO","","","2078","2054","http://digitalbuildingdata.tech/nlcs/def/66c5ca45-6e36-445b-805c-5d896ce3591b","http://digitalbuildingdata.tech/nlcs/def/705a8d37-14d4-4320-9036-1a1d8b77db14"
"ITR_SCHILDMUUR","*","_","**","_","RI","_","ITR","_","SCHILDMUUR","_","","_","","_","","_","","'-","","'-","G/S","'-","","SRI-SCHILDMUUR","*_**_RI_ITR_SCHILDMUUR","0.18","50","52","50","50","253","CONTINUOUS","0.25","50","52","50","50","253","CONTINUOUS","0.25","50","52","50","50","253","CONTINUOUS","0.25","50","52","50","50","253","CONTINUOUS","","","3844","1944","http://digitalbuildingdata.tech/nlcs/def/8405d16e-8ee3-4ceb-9500-f27450310d67","http://digitalbuildingdata.tech/nlcs/def/e24d8804-5b7e-4bd5-b46a-520f6bbc6828"
"HWA_STROMINGSRICHTING","*","_","**","_","RI","_","HWA","_","STROMINGSRICHTING","_","","_","","_","","_","","'-","","'-","G/S","'-","","SRI-STROOMRICHTING","*_**_RI_HWA_STROMINGSRICHTING","0.18","150","152","150","150","253","CONTINUOUS","0.35","150","152","150","150","253","CONTINUOUS","0.35","150","152","150","150","253","V-CONTINUOUS-SO","0.35","150","152","150","150","253","CONTINUOUS","","","1859","1786","http://digitalbuildingdata.tech/nlcs/def/1c8185ad-f3e1-43fb-b2a6-d654500c937f","http://digitalbuildingdata.tech/nlcs/def/7fe109ea-cc08-4fa2-be7c-72a8ee038ddd"
"GWA_BOB","*","_","**","_","RI","_","GWA","_","BOB","_","","_","","_","","_","","'-","","'-","G/S","'-","","SRI-BOB","*_**_RI_GWA_BOB","0.18","30","32","30","30","253","CONTINUOUS","0.35","30","32","30","30","253","CONTINUOUS","0.35","30","32","30","30","253","V-CONTINUOUS-SO","0.35","30","32","30","30","253","CONTINUOUS","","","1665","1664","http://digitalbuildingdata.tech/nlcs/def/edd4ebec-d6ff-4d0e-bbc3-c5c4052c2aa3","http://digitalbuildingdata.tech/nlcs/def/cc237815-59ec-4086-b87f-1d1e9ca4541f"
"DRAINAGE_PUTNUMMER","*","_","**","_","RI","_","DRAINAGE","_","PUTNUMMER","_","","_","","_","","_","","'-","","'-","G/S","'-","","SRI-PUTNUMMER","*_**_RI_DRAINAGE_PUTNUMMER","0.18","90","92","90","90","253","CONTINUOUS","0.35","90","92","90","90","253","CONTINUOUS","0.35","90","92","90","90","253","V-CONTINUOUS-SO","0.35","90","92","90","90","253","CONTINUOUS","","","1660","1635","http://digitalbuildingdata.tech/nlcs/def/2e33b099-89e5-4507-b19f-6cf6bf710c2f","http://digitalbuildingdata.tech/nlcs/def/e41e5e64-63df-4860-8f4e-66bf40a56b8f"
"DWA_STROMINGSRICHTING","*","_","**","_","RI","_","DWA","_","STROMINGSRICHTING","_","","_","","_","","_","","'-","","'-","G/S","'-","","SRI-STROOMRICHTING","*_**_RI_DWA_STROMINGSRICHTING","0.18","20","22","20","20","253","CONTINUOUS","0.35","20","22","20","20","253","CONTINUOUS","0.35","20","22","20","20","253","V-CONTINUOUS-SO","0.35","20","22","20","20","253","CONTINUOUS","","","2285","2220","http://digitalbuildingdata.tech/nlcs/def/2befd5cf-e146-42e8-b018-7957f07d135e","http://digitalbuildingdata.tech/nlcs/def/f61e0dae-87e1-41df-b175-41a9efd2e266"
"PERSLEIDING_HULPSTUK","*","_","**","_","RI","_","PERSLEIDING","_","HULPSTUK","_","","_","","_","","_","","'-","","'-","G/S","'-","","SRI-HULP","*_**_RI_PERSLEIDING_HULPSTUK","0.18","210","212","210","210","253","CONTINUOUS","0.35","210","212","210","210","253","CONTINUOUS","0.35","210","212","210","210","253","V-CONTINUOUS-SO","0.35","210","212","210","210","253","CONTINUOUS","","","2068","2054","http://digitalbuildingdata.tech/nlcs/def/ed9bc207-ac54-4d3c-807c-55d35817b812","http://digitalbuildingdata.tech/nlcs/def/705a8d37-14d4-4320-9036-1a1d8b77db14"
"ITR_AANSLUITPUT","*","_","**","_","RI","_","ITR","_","AANSLUITPUT","_","","_","","_","","_","","'-","","'-","G/S","'-","","SRI-PUT_ONTSTOPPINGSPUT-SO; V-SRI-PUT_ONTSTOPPINGSPUT-SO","*_**_RI_ITR_AANSLUITPUT","0.18","50","52","50","50","253","CONTINUOUS","0.35","50","52","50","50","253","CONTINUOUS","0.35","50","52","50","50","253","V-CONTINUOUS-SO","0.35","50","52","50","50","253","CONTINUOUS","","","3836","1944","http://digitalbuildingdata.tech/nlcs/def/77ba8936-594b-4f71-8790-0ea66194cbc1","http://digitalbuildingdata.tech/nlcs/def/e24d8804-5b7e-4bd5-b46a-520f6bbc6828"
"OVERIG_LOZEPUT","*","_","**","_","RI","_","OVERIG","_","LOZEPUT","_","","_","","_","","_","","'-","","'-","G/S","'-","","SRI-PUT_INSPECTIE-SO; V-SRI-PUT_INSPECTIE-SO","*_**_RI_OVERIG_LOZEPUT","0.18","10","12","10","10","253","CONTINUOUS","0.35","10","12","10","10","253","CONTINUOUS","0.35","10","12","10","10","253","V-CONTINUOUS-SO","0.35","10","12","10","10","253","CONTINUOUS","","","4072","2052","http://digitalbuildingdata.tech/nlcs/def/86b6f7dc-9a2c-4551-84d7-4d4013fd1f60","http://digitalbuildingdata.tech/nlcs/def/139aada8-a54a-4c43-81b7-e32f9464ad42"
"OVERIG_TANK","*","_","**","_","RI","_","OVERIG","_","TANK","_","","_","","_","","_","","'-","","'-","G/S","'-","","SRI-TANK","*_**_RI_OVERIG_TANK","0.18","10","12","10","10","253","CONTINUOUS","0.35","10","12","10","10","253","CONTINUOUS","0.35","10","12","10","10","253","CONTINUOUS","0.35","10","12","10","10","253","CONTINUOUS","","","3046","2052","http://digitalbuildingdata.tech/nlcs/def/6b665b51-9f38-4feb-a7b6-2861d20ed0bb","http://digitalbuildingdata.tech/nlcs/def/139aada8-a54a-4c43-81b7-e32f9464ad42"
"DRAINAGE_PUTDEKSELNIVEAU","*","_","**","_","RI","_","DRAINAGE","_","PUTDEKSELNIVEAU","_","","_","","_","","_","","'-","","'-","G/S","'-","","SRI-PUTDEKSELHOOGTE","*_**_RI_DRAINAGE_PUTDEKSELNIVEAU","0.18","90","92","90","90","253","CONTINUOUS","0.35","90","92","90","90","253","CONTINUOUS","0.35","90","92","90","90","253","V-CONTINUOUS-SO","0.35","90","92","90","90","253","CONTINUOUS","","","1659","1635","http://digitalbuildingdata.tech/nlcs/def/463511d4-0ec5-4593-bf90-d233ee26d965","http://digitalbuildingdata.tech/nlcs/def/e41e5e64-63df-4860-8f4e-66bf40a56b8f"
"GWA_LOZEPUT","*","_","**","_","RI","_","GWA","_","LOZEPUT","_","","_","","_","","_","","'-","","'-","G/S","'-","","SRI-PUT_INSPECTIE-SO; V-SRI-PUT_INSPECTIE-SO","*_**_RI_GWA_LOZEPUT","0.18","30","32","30","30","253","CONTINUOUS","0.35","30","32","30","30","253","CONTINUOUS","0.35","30","32","30","30","253","V-CONTINUOUS-SO","0.35","30","32","30","30","253","CONTINUOUS","","","3686","1664","http://digitalbuildingdata.tech/nlcs/def/66cc9463-bd6d-468c-847c-8b61283a9de4","http://digitalbuildingdata.tech/nlcs/def/cc237815-59ec-4086-b87f-1d1e9ca4541f"
"GWA_STROMINGSRICHTING","*","_","**","_","RI","_","GWA","_","STROMINGSRICHTING","_","","_","","_","","_","","'-","","'-","G/S","'-","","SRI-STROOMRICHTING","*_**_RI_GWA_STROMINGSRICHTING","0.18","30","32","30","30","253","CONTINUOUS","0.35","30","32","30","30","253","CONTINUOUS","0.35","30","32","30","30","253","CONTINUOUS","0.35","30","32","30","30","253","CONTINUOUS","","","1730","1664","http://digitalbuildingdata.tech/nlcs/def/cd1c6746-3820-401a-85bb-032e00cc9319","http://digitalbuildingdata.tech/nlcs/def/cc237815-59ec-4086-b87f-1d1e9ca4541f"
"DRAINAGE_UITLAATCONSTRUCTIE","*","_","**","_","RI","_","DRAINAGE","_","UITLAATCONSTRUCTIE","_","","_","","_","","_","","'-","","'-","G/S","'-","","SRI-UITSTROOMBAK","*_**_RI_DRAINAGE_UITLAATCONSTRUCTIE","0.18","90","92","90","90","253","CONTINUOUS","0.25","90","92","90","90","253","CONTINUOUS","0.25","90","92","90","90","253","CONTINUOUS","0.25","90","92","90","90","253","CONTINUOUS","","","3500","1635","http://digitalbuildingdata.tech/nlcs/def/b169f058-ca51-4335-9133-fedafd7361b5","http://digitalbuildingdata.tech/nlcs/def/e41e5e64-63df-4860-8f4e-66bf40a56b8f"
"DRAINAGE_SCHILDMUUR","*","_","**","_","RI","_","DRAINAGE","_","SCHILDMUUR","_","","_","","_","","_","","'-","","'-","G/S","'-","","SRI-SCHILDMUUR","*_**_RI_DRAINAGE_SCHILDMUUR","0.18","90","92","90","90","253","CONTINUOUS","0.25","90","92","90","90","253","CONTINUOUS","0.25","90","92","90","90","253","CONTINUOUS","0.25","90","92","90","90","253","CONTINUOUS","","","3599","1635","http://digitalbuildingdata.tech/nlcs/def/dead55f6-0186-4e9d-abcc-63aa7cde11e7","http://digitalbuildingdata.tech/nlcs/def/e41e5e64-63df-4860-8f4e-66bf40a56b8f"
"ITR_DOORSPOELPUT","*","_","**","_","RI","_","ITR","_","DOORSPOELPUT","_","","_","","_","","_","","'-","","'-","G/S","'-","","B-SRI-PUT_DRAIN_DOORSPUIT-SO; SRI-PUT_DRAIN_DOORSPUIT-SO; V-SRI-PUT_DRAIN_DOORSPUIT-SO","*_**_RI_ITR_DOORSPOELPUT","0.18","50","52","50","50","253","CONTINUOUS","0.35","50","52","50","50","253","CONTINUOUS","0.35","50","52","50","50","253","V-CONTINUOUS-SO","0.35","50","52","50","50","253","CONTINUOUS","","","4053","1944","http://digitalbuildingdata.tech/nlcs/def/a87992d2-489d-47d4-9e4f-562df5008a56","http://digitalbuildingdata.tech/nlcs/def/e24d8804-5b7e-4bd5-b46a-520f6bbc6828"
"DRAINAGE_LOZEPUT","*","_","**","_","RI","_","DRAINAGE","_","LOZEPUT","_","","_","","_","","_","","'-","","'-","G/S","'-","","SRI-PUT_INSPECTIE-SO; V-SRI-PUT_INSPECTIE-SO","*_**_RI_DRAINAGE_LOZEPUT","0.18","90","92","90","90","253","CONTINUOUS","0.35","90","92","90","90","253","CONTINUOUS","0.35","90","92","90","90","253","V-CONTINUOUS-SO","0.35","90","92","90","90","253","CONTINUOUS","","","4038","1635","http://digitalbuildingdata.tech/nlcs/def/380bd8b3-4589-470d-827b-5233d826c511","http://digitalbuildingdata.tech/nlcs/def/e41e5e64-63df-4860-8f4e-66bf40a56b8f"
"PERSLEIDING_BOB","*","_","**","_","RI","_","PERSLEIDING","_","BOB","_","","_","","_","","_","","'-","","'-","G/S","'-","","SRI-BOB","*_**_RI_PERSLEIDING_BOB","0.18","210","212","210","210","253","CONTINUOUS","0.35","210","212","210","210","253","RI-PERS-SO","0.35","210","212","210","210","253","V-RI-PERS-SO","0.35","210","212","210","210","253","RI-PERS-SO","","","2064","2054","http://digitalbuildingdata.tech/nlcs/def/0dff4aa4-e904-424c-b322-134d55cc94c0","http://digitalbuildingdata.tech/nlcs/def/705a8d37-14d4-4320-9036-1a1d8b77db14"
"PERSLEIDING_PUTDEKSELNIVEAU","*","_","**","_","RI","_","PERSLEIDING","_","PUTDEKSELNIVEAU","_","","_","","_","","_","","'-","","'-","G/S","'-","","SRI-PUTDEKSELHOOGTE","*_**_RI_PERSLEIDING_PUTDEKSELNIVEAU","0.18","210","212","210","210","253","CONTINUOUS","0.35","210","212","210","210","253","RI-PERS-SO","0.35","210","212","210","210","253","V-RI-PERS-SO","0.35","210","212","210","210","253","RI-PERS-SO","","","2072","2054","http://digitalbuildingdata.tech/nlcs/def/a49cc6c2-b42d-490c-9f4f-955b2a7552e7","http://digitalbuildingdata.tech/nlcs/def/705a8d37-14d4-4320-9036-1a1d8b77db14"
"OVERIG_PUTNUMMER","*","_","**","_","RI","_","OVERIG","_","PUTNUMMER","_","","_","","_","","_","","'-","","'-","G/S","'-","","SRI-PUTNUMMER","*_**_RI_OVERIG_PUTNUMMER","0.18","10","12","10","10","253","CONTINUOUS","0.35","10","12","10","10","253","CONTINUOUS","0.35","10","12","10","10","253","V-CONTINUOUS-SO","0.35","10","12","10","10","253","CONTINUOUS","","","2080","2052","http://digitalbuildingdata.tech/nlcs/def/d29de4f8-1246-4ac1-b3b5-679afef49116","http://digitalbuildingdata.tech/nlcs/def/139aada8-a54a-4c43-81b7-e32f9464ad42"
"HWA_PUTNUMMER","*","_","**","_","RI","_","HWA","_","PUTNUMMER","_","","_","","_","","_","","'-","","'-","G/S","'-","","SRI-PUTNUMMER","*_**_RI_HWA_PUTNUMMER","0.18","150","152","150","150","253","CONTINUOUS","0.35","150","152","150","150","253","CONTINUOUS","0.35","150","152","150","150","253","V-CONTINUOUS-SO","0.35","150","152","150","150","253","CONTINUOUS","","","1831","1786","http://digitalbuildingdata.tech/nlcs/def/cc1113a6-9e89-4e4a-9a69-935b2444f68e","http://digitalbuildingdata.tech/nlcs/def/7fe109ea-cc08-4fa2-be7c-72a8ee038ddd"
"DWA_PUTNUMMER","*","_","**","_","RI","_","DWA","_","PUTNUMMER","_","","_","","_","","_","","'-","","'-","G/S","'-","","SRI-PUTNUMMER","*_**_RI_DWA_PUTNUMMER","0.18","20","22","20","20","253","CONTINUOUS","0.35","20","22","20","20","253","CONTINUOUS","0.35","20","22","20","20","253","V-CONTINUOUS-SO","0.35","20","22","20","20","253","CONTINUOUS","","","2249","2220","http://digitalbuildingdata.tech/nlcs/def/238c17a1-a891-42f9-9b1f-2c112d3e25aa","http://digitalbuildingdata.tech/nlcs/def/f61e0dae-87e1-41df-b175-41a9efd2e266"
"GWA_PUTDEKSELNIVEAU","*","_","**","_","RI","_","GWA","_","PUTDEKSELNIVEAU","_","","_","","_","","_","","'-","","'-","G/S","'-","","SRI-PUTDEKSELHOOGTE","*_**_RI_GWA_PUTDEKSELNIVEAU","0.18","30","32","30","30","253","CONTINUOUS","0.35","30","32","30","30","253","CONTINUOUS","0.35","30","32","30","30","253","V-CONTINUOUS-SO","0.35","30","32","30","30","253","CONTINUOUS","","","1701","1664","http://digitalbuildingdata.tech/nlcs/def/803aeba9-9b8f-46c1-896f-08c62d85d2b9","http://digitalbuildingdata.tech/nlcs/def/cc237815-59ec-4086-b87f-1d1e9ca4541f"
"VACUUMLEIDING_BOB","*","_","**","_","RI","_","VACUUMLEIDING","_","BOB","_","","_","","_","","_","","'-","","'-","G/S","'-","","SRI-BOB","*_**_RI_VACUUMLEIDING_BOB","0.18","10","12","10","10","253","CONTINUOUS","0.35","10","12","10","10","253","RI-PERS-SO","0.35","10","12","10","10","253","V-RI-PERS-SO","0.35","10","12","10","10","253","RI-PERS-SO","","","2204","2194","http://digitalbuildingdata.tech/nlcs/def/af879b64-f18b-4ad1-8d01-71c9ad6b2e77","http://digitalbuildingdata.tech/nlcs/def/659f74ce-e7c1-452a-9057-3f8141e6f47f"
"GWA_PUTNUMMER","*","_","**","_","RI","_","GWA","_","PUTNUMMER","_","","_","","_","","_","","'-","","'-","G/S","'-","","SRI-PUTNUMMER","*_**_RI_GWA_PUTNUMMER","0.18","30","32","30","30","253","CONTINUOUS","0.35","30","32","30","30","253","CONTINUOUS","0.35","30","32","30","30","253","V-CONTINUOUS-SO","0.35","30","32","30","30","253","CONTINUOUS","","","1702","1664","http://digitalbuildingdata.tech/nlcs/def/a8d8725c-9783-488d-b5e4-53162f8b0b5d","http://digitalbuildingdata.tech/nlcs/def/cc237815-59ec-4086-b87f-1d1e9ca4541f"
"HWA_BOB","*","_","**","_","RI","_","HWA","_","BOB","_","","_","","_","","_","","'-","","'-","G/S","'-","","SRI-BOB","*_**_RI_HWA_BOB","0.18","150","152","150","150","253","CONTINUOUS","0.35","150","152","150","150","253","CONTINUOUS","0.35","150","152","150","150","253","V-CONTINUOUS-SO","0.35","150","152","150","150","253","CONTINUOUS","","","1787","1786","http://digitalbuildingdata.tech/nlcs/def/083d04d2-3788-4cc8-b738-eb58dce6915c","http://digitalbuildingdata.tech/nlcs/def/7fe109ea-cc08-4fa2-be7c-72a8ee038ddd"
"PERSLEIDING_PUTNUMMER","*","_","**","_","RI","_","PERSLEIDING","_","PUTNUMMER","_","","_","","_","","_","","'-","","'-","G/S","'-","","SRI-PUTNUMMER","*_**_RI_PERSLEIDING_PUTNUMMER","0.18","210","212","210","210","253","CONTINUOUS","0.35","210","212","210","210","253","RI-PERS-SO","0.35","210","212","210","210","253","V-RI-PERS-SO","0.35","210","212","210","210","253","RI-PERS-SO","","","2073","2054","http://digitalbuildingdata.tech/nlcs/def/71935f52-4663-40de-a2f0-8916516f8515","http://digitalbuildingdata.tech/nlcs/def/705a8d37-14d4-4320-9036-1a1d8b77db14"
"VACUUMLEIDING_PUTNUMMER","*","_","**","_","RI","_","VACUUMLEIDING","_","PUTNUMMER","_","","_","","_","","_","","'-","","'-","G/S","'-","","SRI-PUTNUMMER","*_**_RI_VACUUMLEIDING_PUTNUMMER","0.18","10","12","10","10","253","CONTINUOUS","0.35","10","12","10","10","253","RI-PERS-SO","0.35","10","12","10","10","253","V-RI-PERS-SO","0.35","10","12","10","10","253","RI-PERS-SO","","","2213","2194","http://digitalbuildingdata.tech/nlcs/def/ce844901-f6b6-4396-a25c-4e9027634ca5","http://digitalbuildingdata.tech/nlcs/def/659f74ce-e7c1-452a-9057-3f8141e6f47f"
"OVERIG_TERREINKAST","*","_","**","_","RI","_","OVERIG","_","TERREINKAST","_","","_","","_","","_","","'-","","'-","G/S","'-","","SRI-TERREINKAST","*_**_RI_OVERIG_TERREINKAST","0.18","10","12","10","10","253","CONTINUOUS","0.35","10","12","10","10","253","CONTINUOUS","0.35","10","12","10","10","253","CONTINUOUS","0.35","10","12","10","10","253","CONTINUOUS","","","3049","2052","http://digitalbuildingdata.tech/nlcs/def/059829ee-7638-4746-b636-6f85f779fffa","http://digitalbuildingdata.tech/nlcs/def/139aada8-a54a-4c43-81b7-e32f9464ad42"
"GWA_SCHILDMUUR","*","_","**","_","RI","_","GWA","_","SCHILDMUUR","_","","_","","_","","_","","'-","","'-","G/S","'-","","SRI-SCHILDMUUR","*_**_RI_GWA_SCHILDMUUR","0.18","30","32","30","30","253","CONTINUOUS","0.25","30","32","30","30","253","CONTINUOUS","0.25","30","32","30","30","253","CONTINUOUS","0.25","30","32","30","30","253","CONTINUOUS","","","3485","1664","http://digitalbuildingdata.tech/nlcs/def/db28bb1a-840f-4b9a-b5fd-b39aca3cb942","http://digitalbuildingdata.tech/nlcs/def/cc237815-59ec-4086-b87f-1d1e9ca4541f"
"DWA_AANSLUITPUT","*","_","**","_","RI","_","DWA","_","AANSLUITPUT","_","","_","","_","","_","","'-","","'-","G/S","'-","","SRI-PUT_ONTSTOPPINGSPUT-SO; V-SRI-PUT_ONTSTOPPINGSPUT-SO","*_**_RI_DWA_AANSLUITPUT","0.18","20","22","20","20","253","CONTINUOUS","0.35","20","22","20","20","253","CONTINUOUS","0.35","20","22","20","20","253","V-CONTINUOUS-SO","0.35","20","22","20","20","253","CONTINUOUS","","","3998","2220","http://digitalbuildingdata.tech/nlcs/def/cc95661f-c3b5-41d4-9f28-d88b38ee9128","http://digitalbuildingdata.tech/nlcs/def/f61e0dae-87e1-41df-b175-41a9efd2e266"
"PERSLEIDING_UITLAATCONSTRUCTIE","*","_","**","_","RI","_","PERSLEIDING","_","UITLAATCONSTRUCTIE","_","","_","","_","","_","","'-","","'-","G/S","'-","","SRI-UITSTROOMBAK","*_**_RI_PERSLEIDING_UITLAATCONSTRUCTIE","0.18","210","212","210","210","253","CONTINUOUS","0.35","210","212","210","210","253","CONTINUOUS","0.35","210","212","210","210","253","V-CONTINUOUS-SO","0.35","210","212","210","210","253","CONTINUOUS","","","4083","2054","http://digitalbuildingdata.tech/nlcs/def/2b0920e5-d833-431c-b3ad-8741ef8a6aea","http://digitalbuildingdata.tech/nlcs/def/705a8d37-14d4-4320-9036-1a1d8b77db14"
"ITR_LOZEPUT","*","_","**","_","RI","_","ITR","_","LOZEPUT","_","","_","","_","","_","","'-","","'-","G/S","'-","","SRI-PUT_INSPECTIE-SO; V-SRI-PUT_INSPECTIE-SO","*_**_RI_ITR_LOZEPUT","0.18","50","52","50","50","253","CONTINUOUS","0.35","50","52","50","50","253","CONTINUOUS","0.35","50","52","50","50","253","V-CONTINUOUS-SO","0.35","50","52","50","50","253","CONTINUOUS","","","4054","1944","http://digitalbuildingdata.tech/nlcs/def/fbffb0d4-0486-4be3-8be0-65764960ce74","http://digitalbuildingdata.tech/nlcs/def/e24d8804-5b7e-4bd5-b46a-520f6bbc6828"
"OVERIG_PUTDEKSELNIVEAU","*","_","**","_","RI","_","OVERIG","_","PUTDEKSELNIVEAU","_","","_","","_","","_","","'-","","'-","G/S","'-","","SRI-PUTDEKSELHOOGTE","*_**_RI_OVERIG_PUTDEKSELNIVEAU","0.18","10","12","10","10","253","CONTINUOUS","0.35","10","12","10","10","253","CONTINUOUS","0.35","10","12","10","10","253","V-CONTINUOUS-SO","0.35","10","12","10","10","253","CONTINUOUS","","","2079","2052","http://digitalbuildingdata.tech/nlcs/def/12e48f58-0207-45f0-a419-5558df9d148f","http://digitalbuildingdata.tech/nlcs/def/139aada8-a54a-4c43-81b7-e32f9464ad42"
"DRAINAGE_TALUDGOOT","*","_","**","_","RI","_","DRAINAGE","_","TALUDGOOT","_","","_","","_","","_","","'-","","'-","G/S","'-","","SRI-DRAIN_TALUDGOOT-SO; V-SRI-DRAIN_TALUDGOOT-SO","*_**_RI_DRAINAGE_TALUDGOOT","0.18","90","92","90","90","253","CONTINUOUS","0.35","90","92","90","90","253","CONTINUOUS","0.35","90","92","90","90","253","V-CONTINUOUS-SO","0.35","90","92","90","90","253","CONTINUOUS","","","1662","1635","http://digitalbuildingdata.tech/nlcs/def/d985137a-9209-4e5a-8e1a-e1d8242b9303","http://digitalbuildingdata.tech/nlcs/def/e41e5e64-63df-4860-8f4e-66bf40a56b8f"
"ITR_PUTNUMMER","*","_","**","_","RI","_","ITR","_","PUTNUMMER","_","","_","","_","","_","","'-","","'-","G/S","'-","","SRI-PUTNUMMER","*_**_RI_ITR_PUTNUMMER","0.18","50","52","50","50","253","CONTINUOUS","0.35","50","52","50","50","253","CONTINUOUS","0.35","50","52","50","50","253","V-CONTINUOUS-SO","0.35","50","52","50","50","253","CONTINUOUS","","","1978","1944","http://digitalbuildingdata.tech/nlcs/def/c141a2ca-15e1-45b1-a854-658dce12c193","http://digitalbuildingdata.tech/nlcs/def/e24d8804-5b7e-4bd5-b46a-520f6bbc6828"
"ITR_STROMINGSRICHTING","*","_","**","_","RI","_","ITR","_","STROMINGSRICHTING","_","","_","","_","","_","","'-","","'-","G/S","'-","","SRI-STROOMRICHTING","*_**_RI_ITR_STROMINGSRICHTING","0.18","50","52","50","50","253","CONTINUOUS","0.35","50","52","50","50","253","CONTINUOUS","0.35","50","52","50","50","253","V-CONTINUOUS-SO","0.35","50","52","50","50","253","CONTINUOUS","","","2016","1944","http://digitalbuildingdata.tech/nlcs/def/b7971a72-b00d-4a0b-8d2d-cd16d489940e","http://digitalbuildingdata.tech/nlcs/def/e24d8804-5b7e-4bd5-b46a-520f6bbc6828"
"HWA_RIOOLPUT-LINING","*","_","**","_","RI","_","HWA","_","RIOOLPUT","_","","_","","_","","_","","'-","","'-","G/S","'-","","SRI-PUT_INSPECTIE-SO; V-SRI-PUT_INSPECTIE-SO","*_**_RI_HWA_RIOOLPUT","0.18","150","152","150","150","253","RI-LINING-SO","0.35","150","152","150","150","253","RI-LINING-SO","0.35","150","152","150","150","253","V-RI-LINING-SO","0.35","150","152","150","150","253","RI-LINING-SO","","","3796","1832","http://digitalbuildingdata.tech/nlcs/def/138ba2ee-d4bc-4d21-813b-d523dae00d52","http://digitalbuildingdata.tech/nlcs/def/4a4e0491-d0ae-4fec-9b8d-32835ebe6b36"
"GWA_KOLK-OPHOOGTEBRENGEN","*","_","**","_","RI","_","GWA","_","KOLK","_","","_","","_","","_","","'-","","'-","G/S","'-","","SRI-KOLK","*_**_RI_GWA_KOLK","0.18","30","32","30","30","253","RI-OPHOOGTEBRENGEN-SO","0.35","30","32","30","30","253","RI-OPHOOGTEBRENGEN-SO","0.35","30","32","30","30","253","V-RI-OPHOOGTEBRENGEN-SO","0.35","30","32","30","30","253","RI-OPHOOGTEBRENGEN-SO","","","3610","1685","http://digitalbuildingdata.tech/nlcs/def/f273de7f-8242-483d-85f3-d024e7b00a0e","http://digitalbuildingdata.tech/nlcs/def/8d061b9c-4343-425d-8533-73d683578659"
"VACUUMLEIDING_RIOOLPUT-VOLSCHUIMEN","*","_","**","_","RI","_","VACUUMLEIDING","_","RIOOLPUT","_","","_","","_","","_","","'-","","'-","G/S","'-","","SRI-PUT_INSPECTIE-SO; V-SRI-PUT_INSPECTIE-SO","*_**_RI_VACUUMLEIDING_RIOOLPUT","0.18","10","12","10","10","253","RI-VOLSCHUIMEN-SO","0.35","10","12","10","10","253","RI-VOLSCHUIMEN-SO","0.35","10","12","10","10","253","V-RI-VOLSCHUIMEN-SO","0.35","10","12","10","10","253","RI-VOLSCHUIMEN-SO","","","3921","2214","http://digitalbuildingdata.tech/nlcs/def/6a636cfa-6e64-4ed2-b654-06968467a539","http://digitalbuildingdata.tech/nlcs/def/1545a06b-897a-493a-b487-654387adb4c7"
"ITR_RIOOLPUT-OPHOOGTEBRENGEN","*","_","**","_","RI","_","ITR","_","RIOOLPUT","_","","_","","_","","_","","'-","","'-","G/S","'-","","SRI-PUT_OPHOOGTEBRENGEN-SO","*_**_RI_ITR_RIOOLPUT","0.18","50","52","50","50","253","RI-OPHOOGTEBRENGEN-SO","0.35","50","52","50","50","253","RI-OPHOOGTEBRENGEN-SO","0.35","50","52","50","50","253","V-RI-OPHOOGTEBRENGEN-SO","0.35","50","52","50","50","253","RI-OPHOOGTEBRENGEN-SO","","","3840","1989","http://digitalbuildingdata.tech/nlcs/def/587aea64-cff3-4277-8f03-0248aebba74e","http://digitalbuildingdata.tech/nlcs/def/f19102cc-19ee-4726-bd16-b9afb6d2abd1"
"GWA_RIOOLPUT-VOLZANDEN","*","_","**","_","RI","_","GWA","_","RIOOLPUT","_","","_","","_","","_","","'-","","'-","G/S","'-","","SRI-PUT_INSPECTIE-SO; V-SRI-PUT_INSPECTIE-SO","*_**_RI_GWA_RIOOLPUT","0.18","30","32","30","30","253","CONTINUOUS","0.35","30","32","30","30","253","CONTINUOUS","0.35","30","32","30","30","253","V-CONTINUOUS-SO","0.35","30","32","30","30","253","CONTINUOUS","","","3673","1703","http://digitalbuildingdata.tech/nlcs/def/7b7a2fe6-6bc4-45f2-9987-bd9908e8da81","http://digitalbuildingdata.tech/nlcs/def/1e8c5556-7c7c-4a1d-bf1e-66db371ee81b"
"VACUUMLEIDING_RIOOLPUT-VOLZANDEN","*","_","**","_","RI","_","VACUUMLEIDING","_","RIOOLPUT","_","","_","","_","","_","","'-","","'-","G/S","'-","","SRI-PUT_INSPECTIE-SO; V-SRI-PUT_INSPECTIE-SO","*_**_RI_VACUUMLEIDING_RIOOLPUT","0.18","10","12","10","10","253","RI-VOLZANDEN-SO","0.35","10","12","10","10","253","RI-VOLZANDEN-SO","0.35","10","12","10","10","253","V-RI-VOLZANDEN-SO","0.35","10","12","10","10","253","RI-VOLZANDEN-SO","","","3922","2214","http://digitalbuildingdata.tech/nlcs/def/d26f8f9f-7146-4682-8223-448d5e3871b2","http://digitalbuildingdata.tech/nlcs/def/1545a06b-897a-493a-b487-654387adb4c7"
"ITR_RIOOLPUT-VOLZANDEN","*","_","**","_","RI","_","ITR","_","RIOOLPUT","_","","_","","_","","_","","'-","","'-","G/S","'-","","SRI-PUT_INSPECTIE-SO; V-SRI-PUT_INSPECTIE-SO","*_**_RI_ITR_RIOOLPUT","0.18","50","52","50","50","253","CONTINUOUS","0.35","50","52","50","50","253","CONTINUOUS","0.35","50","52","50","50","253","V-CONTINUOUS-SO","0.35","50","52","50","50","253","CONTINUOUS","","","3843","1989","http://digitalbuildingdata.tech/nlcs/def/e2948da6-9697-44de-9ea8-42df4eadad1e","http://digitalbuildingdata.tech/nlcs/def/f19102cc-19ee-4726-bd16-b9afb6d2abd1"
"OVERIG_RIOOLPUT-VOLSCHUIMEN","*","_","**","_","RI","_","OVERIG","_","RIOOLPUT","_","","_","","_","","_","","'-","","'-","G/S","'-","","SRI-PUT_INSPECTIE-SO; V-SRI-PUT_INSPECTIE-SO","*_**_RI_OVERIG_RIOOLPUT","0.18","10","12","10","10","253","CONTINUOUS","0.35","10","12","10","10","253","CONTINUOUS","0.35","10","12","10","10","253","CONTINUOUS","0.35","10","12","10","10","253","CONTINUOUS","","","3865","3064","http://digitalbuildingdata.tech/nlcs/def/1b984331-8013-4a0b-8c0d-f3aa5c1681cb","http://digitalbuildingdata.tech/nlcs/def/6f8537d3-442e-4f76-b217-98604636609e"
"DWA_RIOOLPUT-LINING","*","_","**","_","RI","_","DWA","_","RIOOLPUT","_","","_","","_","","_","","'-","","'-","G/S","'-","","SRI-PUT_INSPECTIE-SO; V-SRI-PUT_INSPECTIE-SO","*_**_RI_DWA_RIOOLPUT","0.18","20","22","20","20","253","RI-LINING-SO","0.35","20","22","20","20","253","RI-LINING-SO","0.35","20","22","20","20","253","V-RI-LINING-SO","0.35","20","22","20","20","253","RI-LINING-SO","","","4003","2250","http://digitalbuildingdata.tech/nlcs/def/321758d6-f42d-4a1d-989d-6217e19ff03e","http://digitalbuildingdata.tech/nlcs/def/5907c42e-e386-4162-a216-1cbe71218422"
"PERSLEIDING_RIOOLPUT-VOLSCHUIMEN","*","_","**","_","RI","_","PERSLEIDING","_","RIOOLPUT","_","","_","","_","","_","","'-","","'-","G/S","'-","","SRI-PUT_INSPECTIE-SO; V-SRI-PUT_INSPECTIE-SO","*_**_RI_PERSLEIDING_RIOOLPUT","0.18","210","212","210","210","253","RI-VOLSCHUIMEN-SO","0.35","210","212","210","210","253","RI-VOLSCHUIMEN-SO","0.35","210","212","210","210","253","V-RI-VOLSCHUIMEN-SO","0.35","210","212","210","210","253","RI-VOLSCHUIMEN-SO","","","3862","2074","http://digitalbuildingdata.tech/nlcs/def/80f86763-932a-4f81-b016-5d3a98e5941a","http://digitalbuildingdata.tech/nlcs/def/cc878310-5886-4dab-9a5b-914812cf2c76"
"PERSLEIDING_RIOOLPUT-OPHOOGTEBRENGEN","*","_","**","_","RI","_","PERSLEIDING","_","RIOOLPUT","_","","_","","_","","_","","'-","","'-","G/S","'-","","SRI-PUT_OPHOOGTEBRENGEN-SO","*_**_RI_PERSLEIDING_RIOOLPUT","0.18","210","212","210","210","253","RI-OPHOOGTEBRENGEN-SO","0.35","210","212","210","210","253","RI-OPHOOGTEBRENGEN-SO","0.35","210","212","210","210","253","V-RI-OPHOOGTEBRENGEN-SO","0.35","210","212","210","210","253","RI-OPHOOGTEBRENGEN-SO","","","3860","2074","http://digitalbuildingdata.tech/nlcs/def/f3348166-b955-46bd-866d-9101627ada89","http://digitalbuildingdata.tech/nlcs/def/cc878310-5886-4dab-9a5b-914812cf2c76"
"HWA_RIOOLPUT-VOLZANDEN","*","_","**","_","RI","_","HWA","_","RIOOLPUT","_","","_","","_","","_","","'-","","'-","G/S","'-","","SRI-PUT_INSPECTIE-SO; V-SRI-PUT_INSPECTIE-SO","*_**_RI_HWA_RIOOLPUT","0.18","150","152","150","150","253","CONTINUOUS","0.35","150","152","150","150","253","CONTINUOUS","0.35","150","152","150","150","253","V-CONTINUOUS-SO","0.35","150","152","150","150","253","CONTINUOUS","","","3798","1832","http://digitalbuildingdata.tech/nlcs/def/43672377-a2a1-459d-a784-68d95a9ff435","http://digitalbuildingdata.tech/nlcs/def/4a4e0491-d0ae-4fec-9b8d-32835ebe6b36"
"VACUUMLEIDING_RIOOLPUT-OPHOOGTEBRENGEN","*","_","**","_","RI","_","VACUUMLEIDING","_","RIOOLPUT","_","","_","","_","","_","","'-","","'-","G/S","'-","","SRI-PUT_OPHOOGTEBRENGEN-SO","*_**_RI_VACUUMLEIDING_RIOOLPUT","0.18","10","12","10","10","253","RI-OPHOOGTEBRENGEN-SO","0.35","10","12","10","10","253","RI-OPHOOGTEBRENGEN-SO","0.35","10","12","10","10","253","V-RI-OPHOOGTEBRENGEN-SO","0.35","10","12","10","10","253","RI-OPHOOGTEBRENGEN-SO","","","3919","2214","http://digitalbuildingdata.tech/nlcs/def/23302043-55de-49bb-a773-15c1b00b5ea2","http://digitalbuildingdata.tech/nlcs/def/1545a06b-897a-493a-b487-654387adb4c7"
"PERSLEIDING_RIOOLPUT-VOLZANDEN","*","_","**","_","RI","_","PERSLEIDING","_","RIOOLPUT","_","","_","","_","","_","","'-","","'-","G/S","'-","","SRI-PUT_INSPECTIE-SO; V-SRI-PUT_INSPECTIE-SO","*_**_RI_PERSLEIDING_RIOOLPUT","0.18","210","212","210","210","253","RI-VOLZANDEN-SO","0.35","210","212","210","210","253","RI-VOLZANDEN-SO","0.35","210","212","210","210","253","V-RI-VOLZANDEN-SO","0.35","210","212","210","210","253","RI-VOLZANDEN-SO","","","3863","2074","http://digitalbuildingdata.tech/nlcs/def/9bf402b0-dcb8-41b1-aef7-29447712f97b","http://digitalbuildingdata.tech/nlcs/def/cc878310-5886-4dab-9a5b-914812cf2c76"
"DWA_RIOOLPUT-VOLZANDEN","*","_","**","_","RI","_","DWA","_","RIOOLPUT","_","","_","","_","","_","","'-","","'-","G/S","'-","","SRI-PUT_INSPECTIE-SO; V-SRI-PUT_INSPECTIE-SO","*_**_RI_DWA_RIOOLPUT","0.18","20","22","20","20","253","CONTINUOUS","0.35","20","22","20","20","253","CONTINUOUS","0.35","20","22","20","20","253","V-CONTINUOUS-SO","0.35","20","22","20","20","253","CONTINUOUS","","","4005","2250","http://digitalbuildingdata.tech/nlcs/def/4086e58d-13d9-4821-9355-5e4eafc889c4","http://digitalbuildingdata.tech/nlcs/def/5907c42e-e386-4162-a216-1cbe71218422"
"PERSLEIDING_RIOOLPUT-LINING","*","_","**","_","RI","_","PERSLEIDING","_","RIOOLPUT","_","","_","","_","","_","","'-","","'-","G/S","'-","","SRI-PUT_INSPECTIE-SO; V-SRI-PUT_INSPECTIE-SO","*_**_RI_PERSLEIDING_RIOOLPUT","0.18","210","212","210","210","253","RI-LINING-SO","0.35","210","212","210","210","253","RI-LINING-SO","0.35","210","212","210","210","253","V-RI-LINING-SO","0.35","210","212","210","210","253","RI-LINING-SO","","","3861","2074","http://digitalbuildingdata.tech/nlcs/def/3fd50b9a-474c-4476-b505-956b5fb322f4","http://digitalbuildingdata.tech/nlcs/def/cc878310-5886-4dab-9a5b-914812cf2c76"
"HWA_RIOOLPUT-OPHOOGTEBRENGEN","*","_","**","_","RI","_","HWA","_","RIOOLPUT","_","","_","","_","","_","","'-","","'-","G/S","'-","","SRI-PUT_OPHOOGTEBRENGEN-SO","*_**_RI_HWA_RIOOLPUT","0.18","150","152","150","150","253","RI-OPHOOGTEBRENGEN-SO","0.35","150","152","150","150","253","RI-OPHOOGTEBRENGEN-SO","0.35","150","152","150","150","253","V-RI-OPHOOGTEBRENGEN-SO","0.35","150","152","150","150","253","RI-OPHOOGTEBRENGEN-SO","","","3795","1832","http://digitalbuildingdata.tech/nlcs/def/7f5cf232-f7f1-4163-8760-d05e4a99b1aa","http://digitalbuildingdata.tech/nlcs/def/4a4e0491-d0ae-4fec-9b8d-32835ebe6b36"
"VACUUMLEIDING_RIOOLPUT-LINING","*","_","**","_","RI","_","VACUUMLEIDING","_","RIOOLPUT","_","","_","","_","","_","","'-","","'-","G/S","'-","","SRI-PUT_INSPECTIE-SO; V-SRI-PUT_INSPECTIE-SO","*_**_RI_VACUUMLEIDING_RIOOLPUT","0.18","10","12","10","10","253","RI-LINING-SO","0.35","10","12","10","10","253","RI-LINING-SO","0.35","10","12","10","10","253","V-RI-LINING-SO","0.35","10","12","10","10","253","RI-LINING-SO","","","3920","2214","http://digitalbuildingdata.tech/nlcs/def/cf75c2af-4dce-4405-95ca-baef1ce64173","http://digitalbuildingdata.tech/nlcs/def/1545a06b-897a-493a-b487-654387adb4c7"
"GWA_RIOOLPUT-OPHOOGTEBRENGEN","*","_","**","_","RI","_","GWA","_","RIOOLPUT","_","","_","","_","","_","","'-","","'-","G/S","'-","","SRI-PUT_OPHOOGTEBRENGEN-SO","*_**_RI_GWA_RIOOLPUT","0.18","30","32","30","30","253","RI-OPHOOGTEBRENGEN-SO","0.35","30","32","30","30","253","RI-OPHOOGTEBRENGEN-SO","0.35","30","32","30","30","253","V-RI-OPHOOGTEBRENGEN-SO","0.35","30","32","30","30","253","RI-OPHOOGTEBRENGEN-SO","","","3670","1703","http://digitalbuildingdata.tech/nlcs/def/a2e0806b-8af6-437c-b7ac-1012f420c9f0","http://digitalbuildingdata.tech/nlcs/def/1e8c5556-7c7c-4a1d-bf1e-66db371ee81b"
"HWA_KOLK-OPHOOGTEBRENGEN","*","_","**","_","RI","_","HWA","_","KOLK","_","","_","","_","","_","","'-","","'-","G/S","'-","","SRI-KOLK","*_**_RI_HWA_KOLK","0.18","150","152","150","150","253","RI-OPHOOGTEBRENGEN-SO","0.35","150","152","150","150","253","RI-OPHOOGTEBRENGEN-SO","0.35","150","152","150","150","253","V-RI-OPHOOGTEBRENGEN-SO","0.35","150","152","150","150","253","RI-OPHOOGTEBRENGEN-SO","","","3707","1812","http://digitalbuildingdata.tech/nlcs/def/50abcd80-a921-40ff-99e0-6f2a521870b9","http://digitalbuildingdata.tech/nlcs/def/7632c2a8-ecfe-4bb0-a4c0-80a40888f89a"
"GWA_RIOOLPUT-LINING","*","_","**","_","RI","_","GWA","_","RIOOLPUT","_","","_","","_","","_","","'-","","'-","G/S","'-","","SRI-PUT_INSPECTIE-SO; V-SRI-PUT_INSPECTIE-SO","*_**_RI_GWA_RIOOLPUT","0.18","30","32","30","30","253","RI-LINING-SO","0.35","30","32","30","30","253","RI-LINING-SO","0.35","30","32","30","30","253","V-RI-LINING-SO","0.35","30","32","30","30","253","RI-LINING-SO","","","3671","1703","http://digitalbuildingdata.tech/nlcs/def/3cc55996-378e-4245-94bd-dec80f85515c","http://digitalbuildingdata.tech/nlcs/def/1e8c5556-7c7c-4a1d-bf1e-66db371ee81b"
"DWA_RIOOLPUT-VOLSCHUIMEN","*","_","**","_","RI","_","DWA","_","RIOOLPUT","_","","_","","_","","_","","'-","","'-","G/S","'-","","SRI-PUT_INSPECTIE-SO; V-SRI-PUT_INSPECTIE-SO","*_**_RI_DWA_RIOOLPUT","0.18","20","22","20","20","253","CONTINUOUS","0.35","20","22","20","20","253","CONTINUOUS","0.35","20","22","20","20","253","V-CONTINUOUS-SO","0.35","20","22","20","20","253","CONTINUOUS","","","4004","2250","http://digitalbuildingdata.tech/nlcs/def/bf0fad5b-9f7d-46b6-9daf-ff2a88136f21","http://digitalbuildingdata.tech/nlcs/def/5907c42e-e386-4162-a216-1cbe71218422"
"ITR_KOLK-OPHOOGTEBRENGEN","*","_","**","_","RI","_","ITR","_","KOLK","_","","_","","_","","_","","'-","","'-","G/S","'-","","SRI-KOLK","*_**_RI_ITR_KOLK","0.18","50","52","50","50","253","RI-OPHOOGTEBRENGEN-SO","0.35","50","52","50","50","253","RI-OPHOOGTEBRENGEN-SO","0.35","50","52","50","50","253","V-RI-OPHOOGTEBRENGEN-SO","0.35","50","52","50","50","253","RI-OPHOOGTEBRENGEN-SO","","","3818","1961","http://digitalbuildingdata.tech/nlcs/def/99fce340-1ad8-4d32-9632-01b59bf5c207","http://digitalbuildingdata.tech/nlcs/def/aa138c2e-57de-464b-aa2b-308bcd859490"
"HWA_RIOOLPUT-VOLSCHUIMEN","*","_","**","_","RI","_","HWA","_","RIOOLPUT","_","","_","","_","","_","","'-","","'-","G/S","'-","","SRI-PUT_INSPECTIE-SO; V-SRI-PUT_INSPECTIE-SO","*_**_RI_HWA_RIOOLPUT","0.18","150","152","150","150","253","CONTINUOUS","0.35","150","152","150","150","253","CONTINUOUS","0.35","150","152","150","150","253","V-CONTINUOUS-SO","0.35","150","152","150","150","253","CONTINUOUS","","","3797","1832","http://digitalbuildingdata.tech/nlcs/def/53c877db-8719-4b70-b237-5525f78aef41","http://digitalbuildingdata.tech/nlcs/def/4a4e0491-d0ae-4fec-9b8d-32835ebe6b36"
"OVERIG_RIOOLPUT-VOLZANDEN","*","_","**","_","RI","_","OVERIG","_","RIOOLPUT","_","","_","","_","","_","","'-","","'-","G/S","'-","","SRI-PUT_INSPECTIE-SO; V-SRI-PUT_INSPECTIE-SO","*_**_RI_OVERIG_RIOOLPUT","0.18","10","12","10","10","253","CONTINUOUS","0.35","10","12","10","10","253","CONTINUOUS","0.35","10","12","10","10","253","CONTINUOUS","0.35","10","12","10","10","253","CONTINUOUS","","","3866","3064","http://digitalbuildingdata.tech/nlcs/def/27de7d14-939e-4616-b5d8-c001e742e8ac","http://digitalbuildingdata.tech/nlcs/def/6f8537d3-442e-4f76-b217-98604636609e"
"OVERIG_RIOOLPUT-OPHOOGTEBRENGEN","*","_","**","_","RI","_","OVERIG","_","RIOOLPUT","_","","_","","_","","_","","'-","","'-","G/S","'-","","SRI-PUT_OPHOOGTEBRENGEN-SO","*_**_RI_OVERIG_RIOOLPUT","0.18","10","12","10","10","253","RI-OPHOOGTEBRENGEN-SO","0.35","10","12","10","10","253","RI-OPHOOGTEBRENGEN-SO","0.35","10","12","10","10","253","V-RI-OPHOOGTEBRENGEN-SO","0.35","10","12","10","10","253","RI-OPHOOGTEBRENGEN-SO","","","3483","3064","http://digitalbuildingdata.tech/nlcs/def/cc760403-6943-487e-9c71-a4aea3a58d23","http://digitalbuildingdata.tech/nlcs/def/6f8537d3-442e-4f76-b217-98604636609e"
"ITR_RIOOLPUT-LINING","*","_","**","_","RI","_","ITR","_","RIOOLPUT","_","","_","","_","","_","","'-","","'-","G/S","'-","","SRI-PUT_INSPECTIE-SO; V-SRI-PUT_INSPECTIE-SO","*_**_RI_ITR_RIOOLPUT","0.18","50","52","50","50","253","RI-LINING-SO","0.35","50","52","50","50","253","RI-LINING-SO","0.35","50","52","50","50","253","V-RI-LINING-SO","0.35","50","52","50","50","253","RI-LINING-SO","","","3841","1989","http://digitalbuildingdata.tech/nlcs/def/4ec211e1-0926-4967-8c20-a287d010ecb6","http://digitalbuildingdata.tech/nlcs/def/f19102cc-19ee-4726-bd16-b9afb6d2abd1"
"DWA_RIOOLPUT-OPHOOGTEBRENGEN","*","_","**","_","RI","_","DWA","_","RIOOLPUT","_","","_","","_","","_","","'-","","'-","G/S","'-","","SRI-PUT_OPHOOGTEBRENGEN-SO","*_**_RI_DWA_RIOOLPUT","0.18","20","22","20","20","253","RI-OPHOOGTEBRENGEN-SO","0.35","20","22","20","20","253","RI-OPHOOGTEBRENGEN-SO","0.35","20","22","20","20","253","V-RI-OPHOOGTEBRENGEN-SO","0.35","20","22","20","20","253","RI-OPHOOGTEBRENGEN-SO","","","4002","2250","http://digitalbuildingdata.tech/nlcs/def/7e4c2e92-ff86-4472-b1ec-5da79e1ed93c","http://digitalbuildingdata.tech/nlcs/def/5907c42e-e386-4162-a216-1cbe71218422"
"ITR_RIOOLPUT-VOLSCHUIMEN","*","_","**","_","RI","_","ITR","_","RIOOLPUT","_","","_","","_","","_","","'-","","'-","G/S","'-","","SRI-PUT_INSPECTIE-SO; V-SRI-PUT_INSPECTIE-SO","*_**_RI_ITR_RIOOLPUT","0.18","50","52","50","50","253","CONTINUOUS","0.35","50","52","50","50","253","CONTINUOUS","0.35","50","52","50","50","253","V-CONTINUOUS-SO","0.35","50","52","50","50","253","CONTINUOUS","","","3842","1989","http://digitalbuildingdata.tech/nlcs/def/881fd9e1-106f-4054-a00b-eb636f25513d","http://digitalbuildingdata.tech/nlcs/def/f19102cc-19ee-4726-bd16-b9afb6d2abd1"
"OVERIG_RIOOLPUT-LINING","*","_","**","_","RI","_","OVERIG","_","RIOOLPUT","_","","_","","_","","_","","'-","","'-","G/S","'-","","SRI-PUT_INSPECTIE-SO; V-SRI-PUT_INSPECTIE-SO","*_**_RI_OVERIG_RIOOLPUT","0.18","10","12","10","10","253","RI-LINING-SO","0.35","10","12","10","10","253","RI-LINING-SO","0.35","10","12","10","10","253","V-RI-LINING-SO","0.35","10","12","10","10","253","RI-LINING-SO","","","3864","3064","http://digitalbuildingdata.tech/nlcs/def/32ac9fd4-d20a-4e27-a59f-bf4748551bc3","http://digitalbuildingdata.tech/nlcs/def/6f8537d3-442e-4f76-b217-98604636609e"
"GWA_RIOOLPUT-VOLSCHUIMEN","*","_","**","_","RI","_","GWA","_","RIOOLPUT","_","","_","","_","","_","","'-","","'-","G/S","'-","","SRI-PUT_INSPECTIE-SO; V-SRI-PUT_INSPECTIE-SO","*_**_RI_GWA_RIOOLPUT","0.18","30","32","30","30","253","CONTINUOUS","0.35","30","32","30","30","253","CONTINUOUS","0.35","30","32","30","30","253","V-CONTINUOUS-SO","0.35","30","32","30","30","253","CONTINUOUS","","","3672","1703","http://digitalbuildingdata.tech/nlcs/def/51f125e4-e400-4156-8a69-62ef67ba3d6e","http://digitalbuildingdata.tech/nlcs/def/1e8c5556-7c7c-4a1d-bf1e-66db371ee81b"
"GWA_LOZELEIDING","*","_","**","_","RI","_","GWA","_","LOZELEIDING","_","","_","","_","","_","","'-","","'-","G","'-","","","*_**_RI_GWA_LOZELEIDING","0.18","30","32","30","30","253","RI-LOZELEIDING-SO","0.35","30","32","30","30","253","RI-LOZELEIDING-SO","0.35","30","32","30","30","253","V-RI-LOZELEIDING-SO","0.35","30","32","30","30","253","RI-LOZELEIDING-SO","","","1784","1664","http://digitalbuildingdata.tech/nlcs/def/956a7970-b275-4ff5-b4f0-f796520ec031","http://digitalbuildingdata.tech/nlcs/def/cc237815-59ec-4086-b87f-1d1e9ca4541f"
"RWZI_CIRCULATIELEIDING","*","_","**","_","RI","_","RWZI","_","CIRCULATIELEIDING","_","","_","","_","","_","","'-","","'-","G","'-","","","*_**_RI_RWZI_CIRCULATIELEIDING","0.18","70","72","70","70","253","RI-RWZI_CIRCULATIELEIDING-SO","0.35","70","72","70","70","253","RI-RWZI_CIRCULATIELEIDING-SO","0.35","70","72","70","70","253","V-RI-RWZI_CIRCULATIELEIDING-SO","0.35","70","72","70","70","253","RI-RWZI_CIRCULATIELEIDING-SO","","","3468","3451","http://digitalbuildingdata.tech/nlcs/def/4232cacb-7276-4c43-a208-f9fb0af7393b","http://digitalbuildingdata.tech/nlcs/def/8eb34b8a-c828-4eac-8299-9677c69b65fe"
"DWA_RIOOLLEIDING","*","_","**","_","RI","_","DWA","_","RIOOLLEIDING","_","","_","","_","","_","","'-","","'-","G","'-","","","*_**_RI_DWA_RIOOLLEIDING","0.18","20","22","20","20","253","RI-DWA-SO","0.35","20","22","20","20","253","RI-DWA-SO","0.35","20","22","20","20","253","V-RI-DWA-SO","0.35","20","22","20","20","253","RI-DWA-SO","","","3940","2220","http://digitalbuildingdata.tech/nlcs/def/eac0d419-f850-4c8b-9dfb-8bf9f0db9e66","http://digitalbuildingdata.tech/nlcs/def/f61e0dae-87e1-41df-b175-41a9efd2e266"
"VACUUMLEIDING_500","*","_","**","_","RI","_","VACUUMLEIDING","_","500","_","","_","","_","","_","","'-","","'-","G","'-","","","*_**_RI_VACUUMLEIDING_500","0.18","10","12","10","10","253","RI-VACUUM-SO","0.35","10","12","10","10","253","RI-VACUUM-SO","0.35","10","12","10","10","253","V-RI-VACUUM-SO","0.35","10","12","10","10","253","RI-VACUUM-SO","","","2201","2194","http://digitalbuildingdata.tech/nlcs/def/d69145c6-d6f6-4360-aa56-0faa32ee48d7","http://digitalbuildingdata.tech/nlcs/def/659f74ce-e7c1-452a-9057-3f8141e6f47f"
"OVERIG_DUIKER","*","_","**","_","RI","_","OVERIG","_","DUIKER","_","","_","","_","","_","","'-","","'-","G","'-","","","*_**_RI_OVERIG_DUIKER","0.18","10","12","10","10","253","RI-OVERIG-SO","0.35","10","12","10","10","253","RI-OVERIG-SO","0.35","10","12","10","10","253","V-RI-OVERIG-SO","0.35","10","12","10","10","253","RI-OVERIG-SO","","","4029","2052","http://digitalbuildingdata.tech/nlcs/def/14c4636f-8802-46cc-8c78-730997acad3d","http://digitalbuildingdata.tech/nlcs/def/139aada8-a54a-4c43-81b7-e32f9464ad42"
"HWA_TRANSPORTLEIDING","*","_","**","_","RI","_","HWA","_","TRANSPORTLEIDING","_","","_","","_","","_","","'-","","'-","G","'-","","","*_**_RI_HWA_TRANSPORTLEIDING","0.18","150","152","150","150","253","RI-HWA-SO","0.35","150","152","150","150","253","RI-HWA-SO","0.35","150","152","150","150","253","V-RI-HWA-SO","0.35","150","152","150","150","253","RI-HWA-SO","","","1860","1786","http://digitalbuildingdata.tech/nlcs/def/571bdc48-6eac-4c5c-8602-65c4d4f00edc","http://digitalbuildingdata.tech/nlcs/def/7fe109ea-cc08-4fa2-be7c-72a8ee038ddd"
"PERSLEIDING_MANTELBUIS","*","_","**","_","RI","_","PERSLEIDING","_","MANTELBUIS","_","","_","","_","","_","","'-","","'-","G","'-","","","*_**_RI_PERSLEIDING_MANTELBUIS","0.18","210","212","210","210","253","CONTINUOUS","0.35","210","212","210","210","253","CONTINUOUS","0.35","210","212","210","210","253","V-CONTINUOUS-SO","0.35","210","212","210","210","253","CONTINUOUS","","","2071","2054","http://digitalbuildingdata.tech/nlcs/def/ddf4d3b0-5783-451f-9926-6d7883f1e0ad","http://digitalbuildingdata.tech/nlcs/def/705a8d37-14d4-4320-9036-1a1d8b77db14"
"HWA_KOLKAANSLUITLEIDING","*","_","**","_","RI","_","HWA","_","KOLKAANSLUITLEIDING","_","","_","","_","","_","","'-","","'-","G","'-","","","*_**_RI_HWA_KOLKAANSLUITLEIDING","0.18","150","152","150","150","253","RI-HWA_AANSLUITLEIDING-SO","0.25","150","152","150","150","253","RI-HWA_AANSLUITLEIDING-SO","0.25","150","152","150","150","253","V-RI-HWA_AANSLUITLEIDING-SO","0.25","150","152","150","150","253","RI-HWA_AANSLUITLEIDING-SO","","","1817","1786","http://digitalbuildingdata.tech/nlcs/def/eeb61457-d400-4554-a196-e49d7f87a645","http://digitalbuildingdata.tech/nlcs/def/7fe109ea-cc08-4fa2-be7c-72a8ee038ddd"
"OVERIG_OVERSTORTLEIDING","*","_","**","_","RI","_","OVERIG","_","OVERSTORTLEIDING","_","","_","","_","","_","","'-","","'-","G","'-","","","*_**_RI_OVERIG_OVERSTORTLEIDING","0.18","10","12","10","10","253","RI-OVERIG-SO","0.35","10","12","10","10","253","RI-OVERIG-SO","0.35","10","12","10","10","253","V-RI-OVERIG-SO","0.35","10","12","10","10","253","RI-OVERIG-SO","","","4028","2052","http://digitalbuildingdata.tech/nlcs/def/eae469bd-5c9b-449c-a5fd-c31f1136a0df","http://digitalbuildingdata.tech/nlcs/def/139aada8-a54a-4c43-81b7-e32f9464ad42"
"HWA_LOZELEIDING","*","_","**","_","RI","_","HWA","_","LOZELEIDING","_","","_","","_","","_","","'-","","'-","G","'-","","","*_**_RI_HWA_LOZELEIDING","0.18","150","152","150","150","253","RI-LOZELEIDING-SO","0.35","150","152","150","150","253","RI-LOZELEIDING-SO","0.35","150","152","150","150","253","V-RI-LOZELEIDING-SO","0.35","150","152","150","150","253","RI-LOZELEIDING-SO","","","3805","1786","http://digitalbuildingdata.tech/nlcs/def/6404fc08-decc-47e8-8ec2-d6a4b1c94add","http://digitalbuildingdata.tech/nlcs/def/7fe109ea-cc08-4fa2-be7c-72a8ee038ddd"
"OVERIG_TRANSPORTLEIDING","*","_","**","_","RI","_","OVERIG","_","TRANSPORTLEIDING","_","","_","","_","","_","","'-","","'-","G","'-","","","*_**_RI_OVERIG_TRANSPORTLEIDING","0.18","10","12","10","10","253","RI-TRANSPORTLEIDING-SO","0.35","10","12","10","10","253","RI-TRANSPORTLEIDING-SO","0.35","10","12","10","10","253","V-RI-TRANSPORTLEIDING-SO","0.35","10","12","10","10","253","RI-TRANSPORTLEIDING-SO","","","2193","2052","http://digitalbuildingdata.tech/nlcs/def/bd4a4aa6-6c12-443c-a127-d82405cd75ca","http://digitalbuildingdata.tech/nlcs/def/139aada8-a54a-4c43-81b7-e32f9464ad42"
"ITR_TRANSPORTLEIDING","*","_","**","_","RI","_","ITR","_","TRANSPORTLEIDING","_","","_","","_","","_","","'-","","'-","G","'-","","","*_**_RI_ITR_TRANSPORTLEIDING","0.18","50","52","50","50","253","RI-ITR-SO","0.35","50","52","50","50","253","RI-ITR-SO","0.35","50","52","50","50","253","V-RI-ITR-SO","0.35","50","52","50","50","253","RI-ITR-SO","","","4060","1944","http://digitalbuildingdata.tech/nlcs/def/7ed42126-2ef7-4c25-ae23-e5cdac7290bc","http://digitalbuildingdata.tech/nlcs/def/e24d8804-5b7e-4bd5-b46a-520f6bbc6828"
"HWA_PERCEELAANSLUITLEIDING","*","_","**","_","RI","_","HWA","_","PERCEELAANSLUITLEIDING","_","","_","","_","","_","","'-","","'-","G","'-","","","*_**_RI_HWA_PERCEELAANSLUITLEIDING","0.18","150","152","150","150","253","RI-HWA_AANSLUITLEIDING-SO","0.25","150","152","150","150","253","RI-HWA_AANSLUITLEIDING-SO","0.25","150","152","150","150","253","V-RI-HWA_AANSLUITLEIDING-SO","0.25","150","152","150","150","253","RI-HWA_AANSLUITLEIDING-SO","","","1795","1786","http://digitalbuildingdata.tech/nlcs/def/32ae024c-ccf4-4ff7-9c5a-b426c53fbc24","http://digitalbuildingdata.tech/nlcs/def/7fe109ea-cc08-4fa2-be7c-72a8ee038ddd"
"RWZI_DOCEERLEIDING","*","_","**","_","RI","_","RWZI","_","DOCEERLEIDING","_","","_","","_","","_","","'-","","'-","G","'-","","","*_**_RI_RWZI_DOCEERLEIDING","0.18","210","212","210","210","253","RI-RWZI_DOCEERLEIDING-SO","0.35","210","212","210","210","253","RI-RWZI_DOCEERLEIDING-SO","0.35","210","212","210","210","253","V-RI-RWZI_DOCEERLEIDING-SO","0.35","210","212","210","210","253","RI-RWZI_DOCEERLEIDING-SO","","","3457","3451","http://digitalbuildingdata.tech/nlcs/def/aa5a1002-8295-4c82-8626-5c54ef7cc4f0","http://digitalbuildingdata.tech/nlcs/def/8eb34b8a-c828-4eac-8299-9677c69b65fe"
"PERSLEIDING_PERCEELAANSLUITLEIDING","*","_","**","_","RI","_","PERSLEIDING","_","PERCEELAANSLUITLEIDING","_","","_","","_","","_","","'-","","'-","G","'-","","","*_**_RI_PERSLEIDING_PERCEELAANSLUITLEIDING","0.18","210","212","210","210","253","RI-PERS-SO","0.35","210","212","210","210","253","RI-PERS-SO","0.35","210","212","210","210","253","V-RI-PERS-SO","0.35","210","212","210","210","253","RI-PERS-SO","","","4082","2054","http://digitalbuildingdata.tech/nlcs/def/3f11132d-bfa6-4e0b-b433-7f0d38996501","http://digitalbuildingdata.tech/nlcs/def/705a8d37-14d4-4320-9036-1a1d8b77db14"
"ITR_RESERVOIR","*","_","**","_","RI","_","ITR","_","RESERVOIR","_","","_","","_","","_","","'-","","'-","G","'-","","","*_**_RI_ITR_RESERVOIR","0.18","50","52","50","50","253","CONTINUOUS","0.35","50","52","50","50","253","CONTINUOUS","0.35","50","52","50","50","253","V-CONTINUOUS-SO","0.35","50","52","50","50","253","CONTINUOUS","","","3821","1944","http://digitalbuildingdata.tech/nlcs/def/f9d51df7-978e-402a-a8f1-1c1b9a646178","http://digitalbuildingdata.tech/nlcs/def/e24d8804-5b7e-4bd5-b46a-520f6bbc6828"
"ITR_LOZELEIDING","*","_","**","_","RI","_","ITR","_","LOZELEIDING","_","","_","","_","","_","","'-","","'-","G","'-","","","*_**_RI_ITR_LOZELEIDING","0.18","50","52","50","50","253","RI-LOZELEIDING-SO","0.35","50","52","50","50","253","RI-LOZELEIDING-SO","0.35","50","52","50","50","253","V-RI-LOZELEIDING-SO","0.35","50","52","50","50","253","RI-LOZELEIDING-SO","","","2049","1944","http://digitalbuildingdata.tech/nlcs/def/17b56335-4160-4c2a-ad32-308119c36e71","http://digitalbuildingdata.tech/nlcs/def/e24d8804-5b7e-4bd5-b46a-520f6bbc6828"
"OVERIG_RIOOLLEIDING","*","_","**","_","RI","_","OVERIG","_","RIOOLLEIDING","_","","_","","_","","_","","'-","","'-","G","'-","","","*_**_RI_OVERIG_RIOOLLEIDING","0.18","10","12","10","10","253","RI-TRANSPORTLEIDING-SO","0.35","10","12","10","10","253","RI-TRANSPORTLEIDING-SO","0.35","10","12","10","10","253","V-RI-TRANSPORTLEIDING-SO","0.35","10","12","10","10","253","RI-TRANSPORTLEIDING-SO","","","3923","2052","http://digitalbuildingdata.tech/nlcs/def/682f180d-125b-46ac-86c1-8a94e2cf8978","http://digitalbuildingdata.tech/nlcs/def/139aada8-a54a-4c43-81b7-e32f9464ad42"
"HWA_GOOT","*","_","**","_","RI","_","HWA","_","GOOT","_","","_","","_","","_","","'-","","'-","G","'-","","","*_**_RI_HWA_GOOT","0.18","150","152","150","150","253","CONTINUOUS","0.35","150","152","150","150","253","CONTINUOUS","0.35","150","152","150","150","253","V-CONTINUOUS-SO","0.35","150","152","150","150","253","CONTINUOUS","","","1789","1786","http://digitalbuildingdata.tech/nlcs/def/ed616b3c-7364-4411-9691-1a798edff003","http://digitalbuildingdata.tech/nlcs/def/7fe109ea-cc08-4fa2-be7c-72a8ee038ddd"
"ITR_KOLKAANSLUITLEIDING","*","_","**","_","RI","_","ITR","_","KOLKAANSLUITLEIDING","_","","_","","_","","_","","'-","","'-","G","'-","","","*_**_RI_ITR_KOLKAANSLUITLEIDING","0.18","50","52","50","50","253","RI-ITR_AANSLUITLEIDING-SO","0.25","50","52","50","50","253","RI-ITR_AANSLUITLEIDING-SO","0.25","50","52","50","50","253","V-RI-ITR_AANSLUITLEIDING-SO","0.25","50","52","50","50","253","RI-ITR_AANSLUITLEIDING-SO","","","1966","1944","http://digitalbuildingdata.tech/nlcs/def/edac5e4d-8d6b-46bd-ac7a-1b02b2ceae37","http://digitalbuildingdata.tech/nlcs/def/e24d8804-5b7e-4bd5-b46a-520f6bbc6828"
"RWZI_KORTSLUITLEIDING","*","_","**","_","RI","_","RWZI","_","KORTSLUITLEIDING","_","","_","","_","","_","","'-","","'-","G","'-","","","*_**_RI_RWZI_KORTSLUITLEIDING","0.18","100","102","100","100","253","RI-RWZI_KORTSLUITLEIDING-SO","0.35","100","102","100","100","253","RI-RWZI_KORTSLUITLEIDING-SO","0.35","100","102","100","100","253","V-RI-RWZI_KORTSLUITLEIDING-SO","0.35","100","102","100","100","253","RI-RWZI_KORTSLUITLEIDING-SO","","","3467","3451","http://digitalbuildingdata.tech/nlcs/def/be985988-20d5-407c-ac78-d434f2d4a4e6","http://digitalbuildingdata.tech/nlcs/def/8eb34b8a-c828-4eac-8299-9677c69b65fe"
"GWA_TRANSPORTLEIDING","*","_","**","_","RI","_","GWA","_","TRANSPORTLEIDING","_","","_","","_","","_","","'-","","'-","G","'-","","","*_**_RI_GWA_TRANSPORTLEIDING","0.18","30","32","30","30","253","RI-GWA-SO","0.35","30","32","30","30","253","RI-GWA-SO","0.35","30","32","30","30","253","V-RI-GWA-SO","0.35","30","32","30","30","253","RI-GWA-SO","","","1731","1664","http://digitalbuildingdata.tech/nlcs/def/5fa3bb4f-29b5-4f06-8c8a-585343d341be","http://digitalbuildingdata.tech/nlcs/def/cc237815-59ec-4086-b87f-1d1e9ca4541f"
"OVERIG_RIOOLPUT","*","_","**","_","RI","_","OVERIG","_","RIOOLPUT","_","","_","","_","","_","","'-","","'-","G","'-","","","*_**_RI_OVERIG_RIOOLPUT","0.18","10","12","10","10","253","CONTINUOUS","0.35","10","12","10","10","253","CONTINUOUS","0.35","10","12","10","10","253","CONTINUOUS","0.35","10","12","10","10","253","CONTINUOUS","","","3064","2052","http://digitalbuildingdata.tech/nlcs/def/6f8537d3-442e-4f76-b217-98604636609e","http://digitalbuildingdata.tech/nlcs/def/139aada8-a54a-4c43-81b7-e32f9464ad42"
"HWA_LOZINGSPUNT","*","_","**","_","RI","_","HWA","_","LOZINGSPUNT","_","","_","","_","","_","","'-","","'-","G","'-","","","*_**_RI_HWA_LOZINGSPUNT","0.18","150","152","150","150","253","CONTINUOUS","0.35","150","152","150","150","253","CONTINUOUS","0.35","150","152","150","150","253","V-CONTINUOUS-SO","0.35","150","152","150","150","253","CONTINUOUS","","","1826","1786","http://digitalbuildingdata.tech/nlcs/def/f1699db8-16f1-4ef7-981b-682c33b6cc67","http://digitalbuildingdata.tech/nlcs/def/7fe109ea-cc08-4fa2-be7c-72a8ee038ddd"
"RWZI_TERREINWATERLEIDING","*","_","**","_","RI","_","RWZI","_","TERREINWATERLEIDING","_","","_","","_","","_","","'-","","'-","G","'-","","","*_**_RI_RWZI_TERREINWATERLEIDING","0.18","120","122","120","120","253","RI-RWZI_TERREINWATERLEIDING-SO","0.35","120","122","120","120","253","RI-RWZI_TERREINWATERLEIDING-SO","0.35","120","122","120","120","253","V-RI-RWZI_TERREINWATERLEIDING-SO","0.35","120","122","120","120","253","RI-RWZI_TERREINWATERLEIDING-SO","","","3459","3451","http://digitalbuildingdata.tech/nlcs/def/96414324-fc1f-49dd-8432-5b1b5ac9dc5e","http://digitalbuildingdata.tech/nlcs/def/8eb34b8a-c828-4eac-8299-9677c69b65fe"
"PERSLEIDING_560","*","_","**","_","RI","_","PERSLEIDING","_","560","_","","_","","_","","_","","'-","","'-","G","'-","","","*_**_RI_PERSLEIDING_560","0.18","210","212","210","210","253","RI-PERS-SO","0.35","210","212","210","210","253","RI-PERS-SO","0.35","210","212","210","210","253","V-RI-PERS-SO","0.35","210","212","210","210","253","RI-PERS-SO","","","2062","2054","http://digitalbuildingdata.tech/nlcs/def/2c89d9ee-4b31-4c74-9914-aa351eb2bc07","http://digitalbuildingdata.tech/nlcs/def/705a8d37-14d4-4320-9036-1a1d8b77db14"
"DWA_PERCEELAANSLUITLEIDING","*","_","**","_","RI","_","DWA","_","PERCEELAANSLUITLEIDING","_","","_","","_","","_","","'-","","'-","G","'-","","","*_**_RI_DWA_PERCEELAANSLUITLEIDING","0.18","20","22","20","20","253","RI-DWA_AANSLUITLEIDING-SO","0.25","20","22","20","20","253","RI-DWA_AANSLUITLEIDING-SO","0.25","20","22","20","20","253","V-RI-DWA_AANSLUITLEIDING-SO","0.25","20","22","20","20","253","RI-DWA_AANSLUITLEIDING-SO","","","2227","2220","http://digitalbuildingdata.tech/nlcs/def/10b9221d-d095-4057-a378-ed6d0e236b82","http://digitalbuildingdata.tech/nlcs/def/f61e0dae-87e1-41df-b175-41a9efd2e266"
"GWA_RIOOLLEIDING","*","_","**","_","RI","_","GWA","_","RIOOLLEIDING","_","","_","","_","","_","","'-","","'-","G","'-","","","*_**_RI_GWA_RIOOLLEIDING","0.18","30","32","30","30","253","RI-GWA-SO","0.35","30","32","30","30","253","RI-GWA-SO","0.35","30","32","30","30","253","V-RI-GWA-SO","0.35","30","32","30","30","253","RI-GWA-SO","","","3613","1664","http://digitalbuildingdata.tech/nlcs/def/8d0e3e9c-0991-4a76-986f-b1d3c8d4593c","http://digitalbuildingdata.tech/nlcs/def/cc237815-59ec-4086-b87f-1d1e9ca4541f"
"ITR_LOZINGSPUNT","*","_","**","_","RI","_","ITR","_","LOZINGSPUNT","_","","_","","_","","_","","'-","","'-","G","'-","","","*_**_RI_ITR_LOZINGSPUNT","0.18","50","52","50","50","253","CONTINUOUS","0.35","50","52","50","50","253","CONTINUOUS","0.35","50","52","50","50","253","V-CONTINUOUS-SO","0.35","50","52","50","50","253","CONTINUOUS","","","1975","1944","http://digitalbuildingdata.tech/nlcs/def/8bdb7d93-b893-479b-9526-281ffde44045","http://digitalbuildingdata.tech/nlcs/def/e24d8804-5b7e-4bd5-b46a-520f6bbc6828"
"VACUUMLEIDING_630","*","_","**","_","RI","_","VACUUMLEIDING","_","630","_","","_","","_","","_","","'-","","'-","G","'-","","","*_**_RI_VACUUMLEIDING_630","0.18","10","12","10","10","253","RI-VACUUM-SO","0.35","10","12","10","10","253","RI-VACUUM-SO","0.35","10","12","10","10","253","V-RI-VACUUM-SO","0.35","10","12","10","10","253","RI-VACUUM-SO","","","2203","2194","http://digitalbuildingdata.tech/nlcs/def/a30d9ee3-13ec-4b24-9971-d07927797e32","http://digitalbuildingdata.tech/nlcs/def/659f74ce-e7c1-452a-9057-3f8141e6f47f"
"PERSLEIDING_500","*","_","**","_","RI","_","PERSLEIDING","_","500","_","","_","","_","","_","","'-","","'-","G","'-","","","*_**_RI_PERSLEIDING_500","0.18","210","212","210","210","253","RI-PERS-SO","0.35","210","212","210","210","253","RI-PERS-SO","0.35","210","212","210","210","253","V-RI-PERS-SO","0.35","210","212","210","210","253","RI-PERS-SO","","","2061","2054","http://digitalbuildingdata.tech/nlcs/def/d862af65-75f6-41ba-bac8-04e0ff9f669e","http://digitalbuildingdata.tech/nlcs/def/705a8d37-14d4-4320-9036-1a1d8b77db14"
"DWA_TRANSPORTLEIDING","*","_","**","_","RI","_","DWA","_","TRANSPORTLEIDING","_","","_","","_","","_","","'-","","'-","G","'-","","","*_**_RI_DWA_TRANSPORTLEIDING","0.18","20","22","20","20","253","RI-DWA-SO","0.35","20","22","20","20","253","RI-DWA-SO","0.35","20","22","20","20","253","V-RI-DWA-SO","0.35","20","22","20","20","253","RI-DWA-SO","","","2286","2220","http://digitalbuildingdata.tech/nlcs/def/328688a0-4e48-4e34-8259-510be280f49d","http://digitalbuildingdata.tech/nlcs/def/f61e0dae-87e1-41df-b175-41a9efd2e266"
"PERSLEIDING_400","*","_","**","_","RI","_","PERSLEIDING","_","400","_","","_","","_","","_","","'-","","'-","G","'-","","","*_**_RI_PERSLEIDING_400","0.18","210","212","210","210","253","RI-PERS-SO","0.35","210","212","210","210","253","RI-PERS-SO","0.35","210","212","210","210","253","V-RI-PERS-SO","0.35","210","212","210","210","253","RI-PERS-SO","","","2059","2054","http://digitalbuildingdata.tech/nlcs/def/465a4c0e-7687-4d5b-a957-af2ee43e0160","http://digitalbuildingdata.tech/nlcs/def/705a8d37-14d4-4320-9036-1a1d8b77db14"
"PERSLEIDING_630","*","_","**","_","RI","_","PERSLEIDING","_","630","_","","_","","_","","_","","'-","","'-","G","'-","","","*_**_RI_PERSLEIDING_630","0.18","210","212","210","210","253","RI-PERS-SO","0.35","210","212","210","210","253","RI-PERS-SO","0.35","210","212","210","210","253","V-RI-PERS-SO","0.35","210","212","210","210","253","RI-PERS-SO","","","2063","2054","http://digitalbuildingdata.tech/nlcs/def/934a6b65-93b0-48df-8c42-9a81b8eb463f","http://digitalbuildingdata.tech/nlcs/def/705a8d37-14d4-4320-9036-1a1d8b77db14"
"RWZI_INGEDIKTSLIBLEIDING","*","_","**","_","RI","_","RWZI","_","INGEDIKTSLIBLEIDING","_","","_","","_","","_","","'-","","'-","G","'-","","","*_**_RI_RWZI_INGEDIKTSLIBLEIDING","0.18","200","202","200","200","253","RI-RWZI_INGEDIKTSLIBLEIDING-SO","0.35","200","202","200","200","253","RI-RWZI_INGEDIKTSLIBLEIDING-SO","0.35","200","202","200","200","253","V-RI-RWZI_INGEDIKTSLIBLEIDING-SO","0.35","200","202","200","200","253","RI-RWZI_INGEDIKTSLIBLEIDING-SO","","","3464","3451","http://digitalbuildingdata.tech/nlcs/def/e9b766b5-5613-429d-9422-a61a32c17db5","http://digitalbuildingdata.tech/nlcs/def/8eb34b8a-c828-4eac-8299-9677c69b65fe"
"DWA_LOZELEIDING","*","_","**","_","RI","_","DWA","_","LOZELEIDING","_","","_","","_","","_","","'-","","'-","G","'-","","","*_**_RI_DWA_LOZELEIDING","0.18","20","22","20","20","253","RI-LOZELEIDING-SO","0.35","20","22","20","20","253","RI-LOZELEIDING-SO","0.35","20","22","20","20","253","V-RI-LOZELEIDING-SO","0.35","20","22","20","20","253","RI-LOZELEIDING-SO","","","2340","2220","http://digitalbuildingdata.tech/nlcs/def/6152ccda-7e23-4977-8d3d-24e34aa6b25a","http://digitalbuildingdata.tech/nlcs/def/f61e0dae-87e1-41df-b175-41a9efd2e266"
"PERSLEIDING_63","*","_","**","_","RI","_","PERSLEIDING","_","63","_","","_","","_","","_","","'-","","'-","G","'-","","","*_**_RI_PERSLEIDING_63","0.18","210","212","210","210","253","RI-PERS-SO","0.35","210","212","210","210","253","RI-PERS-SO","0.35","210","212","210","210","253","V-RI-PERS-SO","0.35","210","212","210","210","253","RI-PERS-SO","","","2988","2054","http://digitalbuildingdata.tech/nlcs/def/a35f5182-f5ca-4662-954c-f778d22c1975","http://digitalbuildingdata.tech/nlcs/def/705a8d37-14d4-4320-9036-1a1d8b77db14"
"RWZI_RECIRCULATIELEIDING","*","_","**","_","RI","_","RWZI","_","RECIRCULATIELEIDING","_","","_","","_","","_","","'-","","'-","G","'-","","","*_**_RI_RWZI_RECIRCULATIELEIDING","0.18","60","62","60","60","253","RI-RWZI_RECIRCULATIELEIDING-SO","0.35","60","62","60","60","253","RI-RWZI_RECIRCULATIELEIDING-SO","0.35","60","62","60","60","253","V-RI-RWZI_RECIRCULATIELEIDING-SO","0.35","60","62","60","60","253","RI-RWZI_RECIRCULATIELEIDING-SO","","","3460","3451","http://digitalbuildingdata.tech/nlcs/def/2f952d93-d928-49f2-a7ac-0aa02d747f85","http://digitalbuildingdata.tech/nlcs/def/8eb34b8a-c828-4eac-8299-9677c69b65fe"
"OVERIG_ZINKER","*","_","**","_","RI","_","OVERIG","_","ZINKER","_","","_","","_","","_","","'-","","'-","G","'-","","","*_**_RI_OVERIG_ZINKER","0.18","10","12","10","10","253","RI-OVERIG-SO","0.35","10","12","10","10","253","RI-OVERIG-SO","0.35","10","12","10","10","253","V-RI-OVERIG-SO","0.35","10","12","10","10","253","RI-OVERIG-SO","","","4076","2052","http://digitalbuildingdata.tech/nlcs/def/66ab5ccc-dd0b-48fe-935f-6b7d4d615435","http://digitalbuildingdata.tech/nlcs/def/139aada8-a54a-4c43-81b7-e32f9464ad42"
"OVERIG_WEESLEIDING","*","_","**","_","RI","_","OVERIG","_","WEESLEIDING","_","","_","","_","","_","","'-","","'-","G","'-","","","*_**_RI_OVERIG_WEESLEIDING","0.18","10","12","10","10","253","RI-OVERIG-SO","0.35","10","12","10","10","253","RI-OVERIG-SO","0.35","10","12","10","10","253","V-RI-OVERIG-SO","0.35","10","12","10","10","253","RI-OVERIG-SO","","","4075","2052","http://digitalbuildingdata.tech/nlcs/def/97a7b1fb-80d4-4bc8-afe1-1d03e03971f2","http://digitalbuildingdata.tech/nlcs/def/139aada8-a54a-4c43-81b7-e32f9464ad42"
"VACUUMLEIDING_400","*","_","**","_","RI","_","VACUUMLEIDING","_","400","_","","_","","_","","_","","'-","","'-","G","'-","","","*_**_RI_VACUUMLEIDING_400","0.18","10","12","10","10","253","RI-VACUUM-SO","0.35","10","12","10","10","253","RI-VACUUM-SO","0.35","10","12","10","10","253","V-RI-VACUUM-SO","0.35","10","12","10","10","253","RI-VACUUM-SO","","","2199","2194","http://digitalbuildingdata.tech/nlcs/def/0f2994d0-51f2-4a3e-813d-fdb889f41541","http://digitalbuildingdata.tech/nlcs/def/659f74ce-e7c1-452a-9057-3f8141e6f47f"
"OVERIG_BERGBEZINKLEIDING","*","_","**","_","RI","_","OVERIG","_","BERGBEZINKLEIDING","_","","_","","_","","_","","'-","","'-","G","'-","","","*_**_RI_OVERIG_BERGBEZINKLEIDING","0.18","10","12","10","10","253","RI-OVERIG-SO","0.35","10","12","10","10","253","RI-OVERIG-SO","0.35","10","12","10","10","253","V-RI-OVERIG-SO","0.35","10","12","10","10","253","RI-OVERIG-SO","","","4061","2052","http://digitalbuildingdata.tech/nlcs/def/d3e79539-6a5a-46a0-b84a-8894d70a9a38","http://digitalbuildingdata.tech/nlcs/def/139aada8-a54a-4c43-81b7-e32f9464ad42"
"RWZI_LUCHTLEIDING","*","_","**","_","RI","_","RWZI","_","LUCHTLEIDING","_","","_","","_","","_","","'-","","'-","G","'-","","","*_**_RI_RWZI_LUCHTLEIDING","0.18","7","7","7","7","253","RI-RWZI_LUCHTLEIDING-SO","0.35","7","7","7","7","253","RI-RWZI_LUCHTLEIDING-SO","0.35","7","7","7","7","253","V-RI-RWZI_LUCHTLEIDING-SO","0.35","7","7","7","7","253","RI-RWZI_LUCHTLEIDING-SO","","","3458","3451","http://digitalbuildingdata.tech/nlcs/def/690f4013-aa22-4b0c-8074-332c0f9225c2","http://digitalbuildingdata.tech/nlcs/def/8eb34b8a-c828-4eac-8299-9677c69b65fe"
"VACUUMLEIDING_MANTELBUIS","*","_","**","_","RI","_","VACUUMLEIDING","_","MANTELBUIS","_","","_","","_","","_","","'-","","'-","G","'-","","","*_**_RI_VACUUMLEIDING_MANTELBUIS","0.18","10","12","10","10","253","CONTINUOUS","0.35","10","12","10","10","253","CONTINUOUS","0.35","10","12","10","10","253","V-CONTINUOUS-SO","0.35","10","12","10","10","253","CONTINUOUS","","","2211","2194","http://digitalbuildingdata.tech/nlcs/def/5a7bb810-52a2-4056-a243-e65de853e1bc","http://digitalbuildingdata.tech/nlcs/def/659f74ce-e7c1-452a-9057-3f8141e6f47f"
"RWZI_HOOFDPROCESLEIDING","*","_","**","_","RI","_","RWZI","_","HOOFDPROCESLEIDING","_","","_","","_","","_","","'-","","'-","G","'-","","","*_**_RI_RWZI_HOOFDPROCESLEIDING","0.18","110","112","110","110","253","RI-RWZI_HOOFDPROCESLEIDING-SO","0.35","110","112","110","110","253","RI-RWZI_HOOFDPROCESLEIDING-SO","0.35","110","112","110","110","253","V-RI-RWZI_HOOFDPROCESLEIDING-SO","0.35","110","112","110","110","253","RI-RWZI_HOOFDPROCESLEIDING-SO","","","3466","3451","http://digitalbuildingdata.tech/nlcs/def/0990172e-da69-4f3d-83d2-1fdcea5c0fe4","http://digitalbuildingdata.tech/nlcs/def/8eb34b8a-c828-4eac-8299-9677c69b65fe"
"RWZI_DRIJFLEIDING","*","_","**","_","RI","_","RWZI","_","DRIJFLEIDING","_","","_","","_","","_","","'-","","'-","G","'-","","","*_**_RI_RWZI_DRIJFLEIDING","0.18","170","172","170","170","253","RI-RWZI_DRIJFLEIDING-SO","0.35","170","172","170","170","253","RI-RWZI_DRIJFLEIDING-SO","0.35","170","172","170","170","253","V-RI-RWZI_DRIJFLEIDING-SO","0.35","170","172","170","170","253","RI-RWZI_DRIJFLEIDING-SO","","","3463","3451","http://digitalbuildingdata.tech/nlcs/def/4aa107b8-d786-4125-b0da-6479fcb9bdc1","http://digitalbuildingdata.tech/nlcs/def/8eb34b8a-c828-4eac-8299-9677c69b65fe"
"OVERIG_GEBOORDELEIDING","*","_","**","_","RI","_","OVERIG","_","GEBOORDELEIDING","_","","_","","_","","_","","'-","","'-","G","'-","","","*_**_RI_OVERIG_GEBOORDELEIDING","0.18","10","12","10","10","253","RI-OVERIG-SO","0.35","10","12","10","10","253","RI-OVERIG-SO","0.35","10","12","10","10","253","V-RI-OVERIG-SO","0.35","10","12","10","10","253","RI-OVERIG-SO","","","4071","2052","http://digitalbuildingdata.tech/nlcs/def/e8cbb681-e3da-408f-8ca2-0e53d0663802","http://digitalbuildingdata.tech/nlcs/def/139aada8-a54a-4c43-81b7-e32f9464ad42"
"VACUUMLEIDING_315","*","_","**","_","RI","_","VACUUMLEIDING","_","315","_","","_","","_","","_","","'-","","'-","G","'-","","","*_**_RI_VACUUMLEIDING_315","0.18","10","12","10","10","253","RI-VACUUM-SO","0.35","10","12","10","10","253","RI-VACUUM-SO","0.35","10","12","10","10","253","V-RI-VACUUM-SO","0.35","10","12","10","10","253","RI-VACUUM-SO","","","2197","2194","http://digitalbuildingdata.tech/nlcs/def/4df17a3c-0b0f-412a-8481-98b397783da7","http://digitalbuildingdata.tech/nlcs/def/659f74ce-e7c1-452a-9057-3f8141e6f47f"
"PERSLEIDING_450","*","_","**","_","RI","_","PERSLEIDING","_","450","_","","_","","_","","_","","'-","","'-","G","'-","","","*_**_RI_PERSLEIDING_450","0.18","210","212","210","210","253","RI-PERS-SO","0.35","210","212","210","210","253","RI-PERS-SO","0.35","210","212","210","210","253","V-RI-PERS-SO","0.35","210","212","210","210","253","RI-PERS-SO","","","2060","2054","http://digitalbuildingdata.tech/nlcs/def/cd97ba60-45a9-4c26-9974-e922680ba9f6","http://digitalbuildingdata.tech/nlcs/def/705a8d37-14d4-4320-9036-1a1d8b77db14"
"GWA_LOZINGSPUNT","*","_","**","_","RI","_","GWA","_","LOZINGSPUNT","_","","_","","_","","_","","'-","","'-","G","'-","","","*_**_RI_GWA_LOZINGSPUNT","0.18","30","32","30","30","253","CONTINUOUS","0.35","30","32","30","30","253","CONTINUOUS","0.35","30","32","30","30","253","V-CONTINUOUS-SO","0.35","30","32","30","30","253","CONTINUOUS","","","1699","1664","http://digitalbuildingdata.tech/nlcs/def/9add9832-b70f-4a3b-9f62-fd6c9aead3d1","http://digitalbuildingdata.tech/nlcs/def/cc237815-59ec-4086-b87f-1d1e9ca4541f"
"RWZI_IJZERCHLORIDELEIDING","*","_","**","_","RI","_","RWZI","_","IJZERCHLORIDELEIDING","_","","_","","_","","_","","'-","","'-","G","'-","","","*_**_RI_RWZI_IJZERCHLORIDELEIDING","0.18","130","132","130","130","253","RI-RWZI_IJZERCHLORIDELEIDING-SO","0.35","130","132","130","130","253","RI-RWZI_IJZERCHLORIDELEIDING-SO","0.35","130","132","130","130","253","V-RI-RWZI_IJZERCHLORIDELEIDING-SO","0.35","130","132","130","130","253","RI-RWZI_IJZERCHLORIDELEIDING-SO","","","3465","3451","http://digitalbuildingdata.tech/nlcs/def/306c4d35-b898-4a04-813c-c000ea0335da","http://digitalbuildingdata.tech/nlcs/def/8eb34b8a-c828-4eac-8299-9677c69b65fe"
"PERSLEIDING_160","*","_","**","_","RI","_","PERSLEIDING","_","160","_","","_","","_","","_","","'-","","'-","G","'-","","","*_**_RI_PERSLEIDING_160","0.18","210","212","210","210","253","RI-PERS-SO","0.35","210","212","210","210","253","RI-PERS-SO","0.35","210","212","210","210","253","V-RI-PERS-SO","0.35","210","212","210","210","253","RI-PERS-SO","","","2055","2054","http://digitalbuildingdata.tech/nlcs/def/b939f46e-cd6a-40ef-ac56-75eeaf5d1510","http://digitalbuildingdata.tech/nlcs/def/705a8d37-14d4-4320-9036-1a1d8b77db14"
"HWA_MANTELBUIS","*","_","**","_","RI","_","HWA","_","MANTELBUIS","_","","_","","_","","_","","'-","","'-","G","'-","","","*_**_RI_HWA_MANTELBUIS","0.18","150","152","150","150","253","CONTINUOUS","0.35","150","152","150","150","253","CONTINUOUS","0.35","150","152","150","150","253","V-CONTINUOUS-SO","0.35","150","152","150","150","253","CONTINUOUS","","","1827","1786","http://digitalbuildingdata.tech/nlcs/def/5b41d6c5-b5b7-42a5-861d-b1e8b3e4f78c","http://digitalbuildingdata.tech/nlcs/def/7fe109ea-cc08-4fa2-be7c-72a8ee038ddd"
"GWA_PERCEELAANSLUITLEIDING","*","_","**","_","RI","_","GWA","_","PERCEELAANSLUITLEIDING","_","","_","","_","","_","","'-","","'-","G","'-","","","*_**_RI_GWA_PERCEELAANSLUITLEIDING","0.18","30","32","30","30","253","RI-GWA_AANSLUITLEIDING-SO","0.25","30","32","30","30","253","RI-GWA_AANSLUITLEIDING-SO","0.25","30","32","30","30","253","V-RI-GWA_AANSLUITLEIDING-SO","0.25","30","32","30","30","253","RI-GWA_AANSLUITLEIDING-SO","","","1667","1664","http://digitalbuildingdata.tech/nlcs/def/7936aeff-ab52-456e-98f0-1f1b3342a1dd","http://digitalbuildingdata.tech/nlcs/def/cc237815-59ec-4086-b87f-1d1e9ca4541f"
"ITR_MANTELBUIS","*","_","**","_","RI","_","ITR","_","MANTELBUIS","_","","_","","_","","_","","'-","","'-","G","'-","","","*_**_RI_ITR_MANTELBUIS","0.18","50","52","50","50","253","CONTINUOUS","0.35","50","52","50","50","253","CONTINUOUS","0.35","50","52","50","50","253","V-CONTINUOUS-SO","0.35","50","52","50","50","253","CONTINUOUS","","","1976","1944","http://digitalbuildingdata.tech/nlcs/def/dc858248-57fe-4d49-aee5-eae541c7291d","http://digitalbuildingdata.tech/nlcs/def/e24d8804-5b7e-4bd5-b46a-520f6bbc6828"
"OVERIG_LOZELEIDING","*","_","**","_","RI","_","OVERIG","_","LOZELEIDING","_","","_","","_","","_","","'-","","'-","G","'-","","","*_**_RI_OVERIG_LOZELEIDING","0.18","10","12","10","10","253","RI-LOZELEIDING-SO","0.35","10","12","10","10","253","RI-LOZELEIDING-SO","0.35","10","12","10","10","253","V-RI-LOZELEIDING-SO","0.35","10","12","10","10","253","RI-LOZELEIDING-SO","","","2341","2052","http://digitalbuildingdata.tech/nlcs/def/7b2e3687-4b0a-40e9-927a-3d7a4879e405","http://digitalbuildingdata.tech/nlcs/def/139aada8-a54a-4c43-81b7-e32f9464ad42"
"RWZI_SLIBLEIDING","*","_","**","_","RI","_","RWZI","_","SLIBLEIDING","_","","_","","_","","_","","'-","","'-","G","'-","","","*_**_RI_RWZI_SLIBLEIDING","0.18","40","42","40","40","253","RI-RWZI_SLIBLEIDING-SO","0.35","40","42","40","40","253","RI-RWZI_SLIBLEIDING-SO","0.35","40","42","40","40","253","V-RI-RWZI_SLIBLEIDING-SO","0.35","40","42","40","40","253","RI-RWZI_SLIBLEIDING-SO","","","3456","3451","http://digitalbuildingdata.tech/nlcs/def/ffa499aa-ca04-4ded-8e6d-bec1cc442ef6","http://digitalbuildingdata.tech/nlcs/def/8eb34b8a-c828-4eac-8299-9677c69b65fe"
"DRAINAGE_DRAIN","*","_","**","_","RI","_","DRAINAGE","_","DRAIN","_","","_","","_","","_","","'-","","'-","G","'-","","","*_**_RI_DRAINAGE_DRAIN","0.18","90","92","90","90","253","RI-DRAINAGE-SO","0.35","90","92","90","90","253","RI-DRAINAGE-SO","0.35","90","92","90","90","253","V-RI-DRAINAGE-SO","0.35","90","92","90","90","253","RI-DRAINAGE-SO","","","1638","1635","http://digitalbuildingdata.tech/nlcs/def/412c49b3-657f-44ec-8ea3-1ac29f1d1f43","http://digitalbuildingdata.tech/nlcs/def/e41e5e64-63df-4860-8f4e-66bf40a56b8f"
"DRAINAGE_LOZELEIDING","*","_","**","_","RI","_","DRAINAGE","_","LOZELEIDING","_","","_","","_","","_","","'-","","'-","G","'-","","","*_**_RI_DRAINAGE_LOZELEIDING","0.18","90","92","90","90","253","CONTINUOUS","0.25","90","92","90","90","253","CONTINUOUS","0.25","90","92","90","90","253","CONTINUOUS","0.25","90","92","90","90","253","CONTINUOUS","","","3598","1635","http://digitalbuildingdata.tech/nlcs/def/639feee5-5bb9-4a9c-b6c0-229c15c68e08","http://digitalbuildingdata.tech/nlcs/def/e41e5e64-63df-4860-8f4e-66bf40a56b8f"
"RWZI_PROCESLEIDING","*","_","**","_","RI","_","RWZI","_","PROCESLEIDING","_","","_","","_","","_","","'-","","'-","G","'-","","","*_**_RI_RWZI_PROCESLEIDING","0.18","30","32","30","30","253","RI-RWZI_PROCESLEIDING-SO","0.35","30","32","30","30","253","RI-RWZI_PROCESLEIDING-SO","0.35","30","32","30","30","253","V-RI-RWZI_PROCESLEIDING-SO","0.35","30","32","30","30","253","RI-RWZI_PROCESLEIDING-SO","","","3453","3451","http://digitalbuildingdata.tech/nlcs/def/e642a98d-224a-469e-93d3-fe7e9a8ede32","http://digitalbuildingdata.tech/nlcs/def/8eb34b8a-c828-4eac-8299-9677c69b65fe"
"OVERIG_BERGINGSLEIDING","*","_","**","_","RI","_","OVERIG","_","BERGINGSLEIDING","_","","_","","_","","_","","'-","","'-","G","'-","","","*_**_RI_OVERIG_BERGINGSLEIDING","0.18","10","12","10","10","253","RI-OVERIG-SO","0.35","10","12","10","10","253","RI-OVERIG-SO","0.35","10","12","10","10","253","V-RI-OVERIG-SO","0.35","10","12","10","10","253","RI-OVERIG-SO","","","4062","2052","http://digitalbuildingdata.tech/nlcs/def/f89d386f-715a-4ef8-a4f7-7c18370d8013","http://digitalbuildingdata.tech/nlcs/def/139aada8-a54a-4c43-81b7-e32f9464ad42"
"HWA_RIOOLLEIDING","*","_","**","_","RI","_","HWA","_","RIOOLLEIDING","_","","_","","_","","_","","'-","","'-","G","'-","","","*_**_RI_HWA_RIOOLLEIDING","0.18","150","152","150","150","253","RI-HWA-SO","0.35","150","152","150","150","253","RI-HWA-SO","0.35","150","152","150","150","253","V-RI-HWA-SO","0.35","150","152","150","150","253","RI-HWA-SO","","","3710","1786","http://digitalbuildingdata.tech/nlcs/def/a8301102-38cf-4e59-9b7f-5bd2a2945190","http://digitalbuildingdata.tech/nlcs/def/7fe109ea-cc08-4fa2-be7c-72a8ee038ddd"
"PERSLEIDING_LOZELEIDING","*","_","**","_","RI","_","PERSLEIDING","_","LOZELEIDING","_","","_","","_","","_","","'-","","'-","G","'-","","","*_**_RI_PERSLEIDING_LOZELEIDING","0.18","210","212","210","210","253","RI-LOZELEIDING-SO","0.35","210","212","210","210","253","RI-LOZELEIDING-SO","0.35","210","212","210","210","253","V-RI-LOZELEIDING-SO","0.35","210","212","210","210","253","RI-LOZELEIDING-SO","","","4077","2054","http://digitalbuildingdata.tech/nlcs/def/814070dc-f483-4381-9bfc-7322ed635f9a","http://digitalbuildingdata.tech/nlcs/def/705a8d37-14d4-4320-9036-1a1d8b77db14"
"RWZI_CONDENSAATLEIDING","*","_","**","_","RI","_","RWZI","_","CONDENSAATLEIDING","_","","_","","_","","_","","'-","","'-","G","'-","","","*_**_RI_RWZI_CONDENSAATLEIDING","0.18","150","152","150","150","253","RI-RWZI_CONDENSAATLEIDING-SO","0.35","150","152","150","150","253","RI-RWZI_CONDENSAATLEIDING-SO","0.35","150","152","150","150","253","V-RI-RWZI_CONDENSAATLEIDING-SO","0.35","150","152","150","150","253","RI-RWZI_CONDENSAATLEIDING-SO","","","3469","3451","http://digitalbuildingdata.tech/nlcs/def/5f93f2d5-4a64-4f67-a79f-f0a20b594d8c","http://digitalbuildingdata.tech/nlcs/def/8eb34b8a-c828-4eac-8299-9677c69b65fe"
"OVERIG_PERCEELAANSLUITLEIDING","*","_","**","_","RI","_","OVERIG","_","PERCEELAANSLUITLEIDING","_","","_","","_","","_","","'-","","'-","G","'-","","","*_**_RI_OVERIG_PERCEELAANSLUITLEIDING","0.18","10","12","10","10","253","RI-AANSLUITLEIDING-SO","0.35","10","12","10","10","253","RI-AANSLUITLEIDING-SO","0.35","10","12","10","10","253","V-RI-AANSLUITLEIDING-SO","0.35","10","12","10","10","253","RI-AANSLUITLEIDING-SO","","","2053","2052","http://digitalbuildingdata.tech/nlcs/def/3a43dda7-2d90-4d67-98bb-41968b68f986","http://digitalbuildingdata.tech/nlcs/def/139aada8-a54a-4c43-81b7-e32f9464ad42"
"PERSLEIDING_90","*","_","**","_","RI","_","PERSLEIDING","_","90","_","","_","","_","","_","","'-","","'-","G","'-","","","*_**_RI_PERSLEIDING_90","0.18","210","212","210","210","253","RI-PERS-SO","0.35","210","212","210","210","253","RI-PERS-SO","0.35","210","212","210","210","253","V-RI-PERS-SO","0.35","210","212","210","210","253","RI-PERS-SO","","","2989","2054","http://digitalbuildingdata.tech/nlcs/def/cc5a2419-23f7-480e-ac77-eb504631d21e","http://digitalbuildingdata.tech/nlcs/def/705a8d37-14d4-4320-9036-1a1d8b77db14"
"DWA_KOLKAANSLUITLEIDING","*","_","**","_","RI","_","DWA","_","KOLKAANSLUITLEIDING","_","","_","","_","","_","","'-","","'-","G","'-","","","*_**_RI_DWA_KOLKAANSLUITLEIDING","0.18","20","22","20","20","253","RI-DWA-SO","0.35","20","22","20","20","253","RI-DWA-SO","0.35","20","22","20","20","253","V-RI-DWA-SO","0.35","20","22","20","20","253","RI-DWA-SO","","","4041","2220","http://digitalbuildingdata.tech/nlcs/def/028df41c-a61c-4af6-aae4-55811b72a345","http://digitalbuildingdata.tech/nlcs/def/f61e0dae-87e1-41df-b175-41a9efd2e266"
"GWA_KOLKAANSLUITLEIDING","*","_","**","_","RI","_","GWA","_","KOLKAANSLUITLEIDING","_","","_","","_","","_","","'-","","'-","G","'-","","","*_**_RI_GWA_KOLKAANSLUITLEIDING","0.18","30","32","30","30","253","RI-GWA_AANSLUITLEIDING-SO","0.25","30","32","30","30","253","RI-GWA_AANSLUITLEIDING-SO","0.25","30","32","30","30","253","V-RI-GWA_AANSLUITLEIDING-SO","0.25","30","32","30","30","253","RI-GWA_AANSLUITLEIDING-SO","","","1690","1664","http://digitalbuildingdata.tech/nlcs/def/efab5549-d7d5-477d-891c-cc42138a313c","http://digitalbuildingdata.tech/nlcs/def/cc237815-59ec-4086-b87f-1d1e9ca4541f"
"DRAINAGE_TRANSPORTLEIDING","*","_","**","_","RI","_","DRAINAGE","_","TRANSPORTLEIDING","_","","_","","_","","_","","'-","","'-","G","'-","","","*_**_RI_DRAINAGE_TRANSPORTLEIDING","0.18","90","92","90","90","253","RI-DRAINAGE-SO","0.35","90","92","90","90","253","RI-DRAINAGE-SO","0.35","90","92","90","90","253","V-RI-DRAINAGE-SO","0.35","90","92","90","90","253","RI-DRAINAGE-SO","","","4040","1635","http://digitalbuildingdata.tech/nlcs/def/54b48b18-99ee-427d-9ed3-f766fad4e7cb","http://digitalbuildingdata.tech/nlcs/def/e41e5e64-63df-4860-8f4e-66bf40a56b8f"
"DRAINAGE_PERCEELAANSLUITLEIDING","*","_","**","_","RI","_","DRAINAGE","_","PERCEELAANSLUITLEIDING","_","","_","","_","","_","","'-","","'-","G","'-","","","*_**_RI_DRAINAGE_PERCEELAANSLUITLEIDING","0.18","90","92","90","90","253","CONTINUOUS","0.25","90","92","90","90","253","CONTINUOUS","0.25","90","92","90","90","253","CONTINUOUS","0.25","90","92","90","90","253","CONTINUOUS","","","3489","1635","http://digitalbuildingdata.tech/nlcs/def/febd425c-2b8f-478a-807b-d70899002d6d","http://digitalbuildingdata.tech/nlcs/def/e41e5e64-63df-4860-8f4e-66bf40a56b8f"
"VACUUMLEIDING_450","*","_","**","_","RI","_","VACUUMLEIDING","_","450","_","","_","","_","","_","","'-","","'-","G","'-","","","*_**_RI_VACUUMLEIDING_450","0.18","10","12","10","10","253","RI-VACUUM-SO","0.35","10","12","10","10","253","RI-VACUUM-SO","0.35","10","12","10","10","253","V-RI-VACUUM-SO","0.35","10","12","10","10","253","RI-VACUUM-SO","","","2200","2194","http://digitalbuildingdata.tech/nlcs/def/a9770ccc-07b2-4e2b-8450-faa39c373042","http://digitalbuildingdata.tech/nlcs/def/659f74ce-e7c1-452a-9057-3f8141e6f47f"
"PERSLEIDING_355","*","_","**","_","RI","_","PERSLEIDING","_","355","_","","_","","_","","_","","'-","","'-","G","'-","","","*_**_RI_PERSLEIDING_355","0.18","210","212","210","210","253","RI-PERS-SO","0.35","210","212","210","210","253","RI-PERS-SO","0.35","210","212","210","210","253","V-RI-PERS-SO","0.35","210","212","210","210","253","RI-PERS-SO","","","2058","2054","http://digitalbuildingdata.tech/nlcs/def/8eb3fc62-a34e-49f2-a2b6-0f53668c41c5","http://digitalbuildingdata.tech/nlcs/def/705a8d37-14d4-4320-9036-1a1d8b77db14"
"RWZI_EFFLUENTIELEIDING","*","_","**","_","RI","_","RWZI","_","EFFLUENTIELEIDING","_","","_","","_","","_","","'-","","'-","G","'-","","","*_**_RI_RWZI_EFFLUENTIELEIDING","0.18","90","92","90","90","253","RI-RWZI_EFFLUENTIELEIDING-SO","0.35","90","92","90","90","253","RI-RWZI_EFFLUENTIELEIDING-SO","0.35","90","92","90","90","253","V-RI-RWZI_EFFLUENTIELEIDING-SO","0.35","90","92","90","90","253","RI-RWZI_EFFLUENTIELEIDING-SO","","","3455","3451","http://digitalbuildingdata.tech/nlcs/def/7ff24a25-ee92-4345-97c6-2d81f8e76616","http://digitalbuildingdata.tech/nlcs/def/8eb34b8a-c828-4eac-8299-9677c69b65fe"
"VACUUMLEIDING_250","*","_","**","_","RI","_","VACUUMLEIDING","_","250","_","","_","","_","","_","","'-","","'-","G","'-","","","*_**_RI_VACUUMLEIDING_250","0.18","10","12","10","10","253","RI-VACUUM-SO","0.35","10","12","10","10","253","RI-VACUUM-SO","0.35","10","12","10","10","253","V-RI-VACUUM-SO","0.35","10","12","10","10","253","RI-VACUUM-SO","","","2196","2194","http://digitalbuildingdata.tech/nlcs/def/579ed390-d45c-4ed4-a20e-36da20c3c9ee","http://digitalbuildingdata.tech/nlcs/def/659f74ce-e7c1-452a-9057-3f8141e6f47f"
"ITR_RIOOLLEIDING","*","_","**","_","RI","_","ITR","_","RIOOLLEIDING","_","","_","","_","","_","","'-","","'-","G","'-","","","*_**_RI_ITR_RIOOLLEIDING","0.18","50","52","50","50","253","RI-ITR-SO","0.35","50","52","50","50","253","RI-ITR-SO","0.35","50","52","50","50","253","V-RI-ITR-SO","0.35","50","52","50","50","253","RI-ITR-SO","","","2017","1944","http://digitalbuildingdata.tech/nlcs/def/8fee24c2-10d8-46f6-9592-1775c52bcb32","http://digitalbuildingdata.tech/nlcs/def/e24d8804-5b7e-4bd5-b46a-520f6bbc6828"
"VACUUMLEIDING_160","*","_","**","_","RI","_","VACUUMLEIDING","_","160","_","","_","","_","","_","","'-","","'-","G","'-","","","*_**_RI_VACUUMLEIDING_160","0.18","10","12","10","10","253","RI-VACUUM-SO","0.35","10","12","10","10","253","RI-VACUUM-SO","0.35","10","12","10","10","253","V-RI-VACUUM-SO","0.35","10","12","10","10","253","RI-VACUUM-SO","","","2195","2194","http://digitalbuildingdata.tech/nlcs/def/ae56c623-2e2a-441d-979d-c3d33404a9ba","http://digitalbuildingdata.tech/nlcs/def/659f74ce-e7c1-452a-9057-3f8141e6f47f"
"RWZI_INFLUENTIELEIDING","*","_","**","_","RI","_","RWZI","_","INFLUENTIELEIDING","_","","_","","_","","_","","'-","","'-","G","'-","","","*_**_RI_RWZI_INFLUENTIELEIDING","0.18","50","52","50","50","253","RI-RWZI_INFLUENTIELEIDING-SO","0.35","50","52","50","50","253","RI-RWZI_INFLUENTIELEIDING-SO","0.35","50","52","50","50","253","V-RI-RWZI_INFLUENTIELEIDING-SO","0.35","50","52","50","50","253","RI-RWZI_INFLUENTIELEIDING-SO","","","3454","3451","http://digitalbuildingdata.tech/nlcs/def/6803cb29-257b-45ae-933c-17af7dee7ed5","http://digitalbuildingdata.tech/nlcs/def/8eb34b8a-c828-4eac-8299-9677c69b65fe"
"PERSLEIDING_315","*","_","**","_","RI","_","PERSLEIDING","_","315","_","","_","","_","","_","","'-","","'-","G","'-","","","*_**_RI_PERSLEIDING_315","0.18","210","212","210","210","253","RI-PERS-SO","0.35","210","212","210","210","253","RI-PERS-SO","0.35","210","212","210","210","253","V-RI-PERS-SO","0.35","210","212","210","210","253","RI-PERS-SO","","","2057","2054","http://digitalbuildingdata.tech/nlcs/def/ede8efb6-7563-4366-93dd-9f9b56739b39","http://digitalbuildingdata.tech/nlcs/def/705a8d37-14d4-4320-9036-1a1d8b77db14"
"PERSLEIDING_ZINKER","*","_","**","_","RI","_","PERSLEIDING","_","ZINKER","_","","_","","_","","_","","'-","","'-","G","'-","","","*_**_RI_PERSLEIDING_ZINKER","0.18","210","212","210","210","253","RI-PERS-SO","0.35","210","212","210","210","253","RI-PERS-SO","0.35","210","212","210","210","253","V-RI-PERS-SO","0.35","210","212","210","210","253","RI-PERS-SO","","","4084","2054","http://digitalbuildingdata.tech/nlcs/def/1566db45-facb-4443-a47b-b495b0367454","http://digitalbuildingdata.tech/nlcs/def/705a8d37-14d4-4320-9036-1a1d8b77db14"
"VACUUMLEIDING_560","*","_","**","_","RI","_","VACUUMLEIDING","_","560","_","","_","","_","","_","","'-","","'-","G","'-","","","*_**_RI_VACUUMLEIDING_560","0.18","10","12","10","10","253","RI-VACUUM-SO","0.35","10","12","10","10","253","RI-VACUUM-SO","0.35","10","12","10","10","253","V-RI-VACUUM-SO","0.35","10","12","10","10","253","RI-VACUUM-SO","","","2202","2194","http://digitalbuildingdata.tech/nlcs/def/fee7cf90-6142-4c39-a0ef-7cb5ba1fccb4","http://digitalbuildingdata.tech/nlcs/def/659f74ce-e7c1-452a-9057-3f8141e6f47f"
"DRAINAGE_MANTELBUIS","*","_","**","_","RI","_","DRAINAGE","_","MANTELBUIS","_","","_","","_","","_","","'-","","'-","G","'-","","","*_**_RI_DRAINAGE_MANTELBUIS","0.18","90","92","90","90","253","CONTINUOUS","0.35","90","92","90","90","253","CONTINUOUS","0.35","90","92","90","90","253","V-CONTINUOUS-SO","0.35","90","92","90","90","253","CONTINUOUS","","","4039","1635","http://digitalbuildingdata.tech/nlcs/def/7ccf2c13-85d9-4d56-b593-0748ff5dd3ab","http://digitalbuildingdata.tech/nlcs/def/e41e5e64-63df-4860-8f4e-66bf40a56b8f"
"DWA_PERCEELAANSLUITPUNT","*","_","**","_","RI","_","DWA","_","PERCEELAANSLUITPUNT","_","","_","","_","","_","","'-","","'-","G","'-","","","*_**_RI_DWA_PERCEELAANSLUITPUNT","0.18","20","22","20","20","253","CONTINUOUS","0.35","20","22","20","20","253","CONTINUOUS","0.35","20","22","20","20","253","V-CONTINUOUS-SO","0.35","20","22","20","20","253","CONTINUOUS","","","2247","2220","http://digitalbuildingdata.tech/nlcs/def/f2c957a8-64bc-426c-9cf5-8e0f145ebac0","http://digitalbuildingdata.tech/nlcs/def/f61e0dae-87e1-41df-b175-41a9efd2e266"
"GWA_MANTELBUIS","*","_","**","_","RI","_","GWA","_","MANTELBUIS","_","","_","","_","","_","","'-","","'-","G","'-","","","*_**_RI_GWA_MANTELBUIS","0.18","30","32","30","30","253","CONTINUOUS","0.35","30","32","30","30","253","CONTINUOUS","0.35","30","32","30","30","253","V-CONTINUOUS-SO","0.35","30","32","30","30","253","CONTINUOUS","","","1700","1664","http://digitalbuildingdata.tech/nlcs/def/28f0e14d-a291-4488-b80a-c5854017e1e9","http://digitalbuildingdata.tech/nlcs/def/cc237815-59ec-4086-b87f-1d1e9ca4541f"
"DRAINAGE_KOLKAANSLUITLEIDING","*","_","**","_","RI","_","DRAINAGE","_","KOLKAANSLUITLEIDING","_","","_","","_","","_","","'-","","'-","G","'-","","","*_**_RI_DRAINAGE_KOLKAANSLUITLEIDING","0.18","90","92","90","90","253","CONTINUOUS","0.25","90","92","90","90","253","CONTINUOUS","0.25","90","92","90","90","253","CONTINUOUS","0.25","90","92","90","90","253","CONTINUOUS","","","3581","1635","http://digitalbuildingdata.tech/nlcs/def/be4ef754-006a-42c2-b796-c9de50bccce4","http://digitalbuildingdata.tech/nlcs/def/e41e5e64-63df-4860-8f4e-66bf40a56b8f"
"OVERIG_ONTLUCHTINGSLEIDING","*","_","**","_","RI","_","OVERIG","_","ONTLUCHTINGSLEIDING","_","","_","","_","","_","","'-","","'-","G","'-","","","*_**_RI_OVERIG_ONTLUCHTINGSLEIDING","0.18","10","12","10","10","253","RI-OVERIG-SO","0.35","10","12","10","10","253","RI-OVERIG-SO","0.35","10","12","10","10","253","V-RI-OVERIG-SO","0.35","10","12","10","10","253","RI-OVERIG-SO","","","4073","2052","http://digitalbuildingdata.tech/nlcs/def/eabb289f-a0a5-4bc1-843d-eb8b2cee709d","http://digitalbuildingdata.tech/nlcs/def/139aada8-a54a-4c43-81b7-e32f9464ad42"
"ITR_PERCEELAANSLUITLEIDING","*","_","**","_","RI","_","ITR","_","PERCEELAANSLUITLEIDING","_","","_","","_","","_","","'-","","'-","G","'-","","","*_**_RI_ITR_PERCEELAANSLUITLEIDING","0.18","50","52","50","50","253","RI-ITR_AANSLUITLEIDING-SO","0.25","50","52","50","50","253","RI-ITR_AANSLUITLEIDING-SO","0.25","50","52","50","50","253","V-RI-ITR_AANSLUITLEIDING-SO","0.25","50","52","50","50","253","RI-ITR_AANSLUITLEIDING-SO","","","1948","1944","http://digitalbuildingdata.tech/nlcs/def/2ecc5ff2-6512-44d4-8a34-4497009550a4","http://digitalbuildingdata.tech/nlcs/def/e24d8804-5b7e-4bd5-b46a-520f6bbc6828"
"PERSLEIDING_110","*","_","**","_","RI","_","PERSLEIDING","_","110","_","","_","","_","","_","","'-","","'-","G","'-","","","*_**_RI_PERSLEIDING_110","0.18","210","212","210","210","253","RI-PERS-SO","0.35","210","212","210","210","253","RI-PERS-SO","0.35","210","212","210","210","253","V-RI-PERS-SO","0.35","210","212","210","210","253","RI-PERS-SO","","","2990","2054","http://digitalbuildingdata.tech/nlcs/def/751daccd-02a5-468b-acf3-62768ab82a82","http://digitalbuildingdata.tech/nlcs/def/705a8d37-14d4-4320-9036-1a1d8b77db14"
"OVERIG_MANTELBUIS","*","_","**","_","RI","_","OVERIG","_","MANTELBUIS","_","","_","","_","","_","","'-","","'-","G","'-","","","*_**_RI_OVERIG_MANTELBUIS","0.18","10","12","10","10","253","CONTINUOUS","0.35","10","12","10","10","253","CONTINUOUS","0.35","10","12","10","10","253","V-CONTINUOUS-SO","0.35","10","12","10","10","253","CONTINUOUS","","","2051","2052","http://digitalbuildingdata.tech/nlcs/def/5ebc4738-774d-442f-91b4-1a5c124e8268","http://digitalbuildingdata.tech/nlcs/def/139aada8-a54a-4c43-81b7-e32f9464ad42"
"DWA_MANTELBUIS","*","_","**","_","RI","_","DWA","_","MANTELBUIS","_","","_","","_","","_","","'-","","'-","G","'-","","","*_**_RI_DWA_MANTELBUIS","0.18","20","22","20","20","253","CONTINUOUS","0.35","20","22","20","20","253","CONTINUOUS","0.35","20","22","20","20","253","V-CONTINUOUS-SO","0.35","20","22","20","20","253","CONTINUOUS","","","2245","2220","http://digitalbuildingdata.tech/nlcs/def/03bbf9a9-2189-4cec-bb19-49a83b03635b","http://digitalbuildingdata.tech/nlcs/def/f61e0dae-87e1-41df-b175-41a9efd2e266"
"RWZI_RETOURSLIBLEIDING","*","_","**","_","RI","_","RWZI","_","RETOURSLIBLEIDING","_","","_","","_","","_","","'-","","'-","G","'-","","","*_**_RI_RWZI_RETOURSLIBLEIDING","0.18","180","182","180","180","253","RI-RWZI_RETOURSLIBLEIDING-SO","0.35","180","182","180","180","253","RI-RWZI_RETOURSLIBLEIDING-SO","0.35","180","182","180","180","253","V-RI-RWZI_RETOURSLIBLEIDING-SO","0.35","180","182","180","180","253","RI-RWZI_RETOURSLIBLEIDING-SO","","","3461","3451","http://digitalbuildingdata.tech/nlcs/def/34d8be79-557f-4843-8e77-3effe1761b8a","http://digitalbuildingdata.tech/nlcs/def/8eb34b8a-c828-4eac-8299-9677c69b65fe"
"PERSLEIDING_250","*","_","**","_","RI","_","PERSLEIDING","_","250","_","","_","","_","","_","","'-","","'-","G","'-","","","*_**_RI_PERSLEIDING_250","0.18","210","212","210","210","253","RI-PERS-SO","0.35","210","212","210","210","253","RI-PERS-SO","0.35","210","212","210","210","253","V-RI-PERS-SO","0.35","210","212","210","210","253","RI-PERS-SO","","","2056","2054","http://digitalbuildingdata.tech/nlcs/def/8c3b951a-79f7-46e0-bf1e-b20add2325f7","http://digitalbuildingdata.tech/nlcs/def/705a8d37-14d4-4320-9036-1a1d8b77db14"
"OVERIG_BLUSRIOOL","*","_","**","_","RI","_","OVERIG","_","BLUSRIOOL","_","","_","","_","","_","","'-","","'-","G","'-","","","*_**_RI_OVERIG_BLUSRIOOL","0.18","10","12","10","10","253","RI-OVERIG-SO","0.35","10","12","10","10","253","RI-OVERIG-SO","0.35","10","12","10","10","253","V-RI-OVERIG-SO","0.35","10","12","10","10","253","RI-OVERIG-SO","","","4063","2052","http://digitalbuildingdata.tech/nlcs/def/4428e3d9-c7a4-40de-86af-fcf63e23d913","http://digitalbuildingdata.tech/nlcs/def/139aada8-a54a-4c43-81b7-e32f9464ad42"
"VACUUMLEIDING_355","*","_","**","_","RI","_","VACUUMLEIDING","_","355","_","","_","","_","","_","","'-","","'-","G","'-","","","*_**_RI_VACUUMLEIDING_355","0.18","10","12","10","10","253","RI-VACUUM-SO","0.35","10","12","10","10","253","RI-VACUUM-SO","0.35","10","12","10","10","253","V-RI-VACUUM-SO","0.35","10","12","10","10","253","RI-VACUUM-SO","","","2198","2194","http://digitalbuildingdata.tech/nlcs/def/c3fa02e9-9bf8-448b-9310-4b47ae13437a","http://digitalbuildingdata.tech/nlcs/def/659f74ce-e7c1-452a-9057-3f8141e6f47f"
"RWZI_SURPLUSSLEIDING","*","_","**","_","RI","_","RWZI","_","SURPLUSSLEIDING","_","","_","","_","","_","","'-","","'-","G","'-","","","*_**_RI_RWZI_SURPLUSSLEIDING","0.18","190","192","190","190","253","RI-RWZI_SURPLUSSLEIDING-SO","0.35","190","192","190","190","253","RI-RWZI_SURPLUSSLEIDING-SO","0.35","190","192","190","190","253","V-RI-RWZI_SURPLUSSLEIDING-SO","0.35","190","192","190","190","253","RI-RWZI_SURPLUSSLEIDING-SO","","","3462","3451","http://digitalbuildingdata.tech/nlcs/def/4094ea5d-0afb-470b-8fe7-e96b1e178e59","http://digitalbuildingdata.tech/nlcs/def/8eb34b8a-c828-4eac-8299-9677c69b65fe"
"HWA_PERCEELAANSLUITPUNT","*","_","**","_","RI","_","HWA","_","PERCEELAANSLUITPUNT","_","","_","","_","","_","","'-","","'-","G","'-","","","*_**_RI_HWA_PERCEELAANSLUITPUNT","0.18","150","152","150","150","253","CONTINUOUS","0.35","150","152","150","150","253","CONTINUOUS","0.35","150","152","150","150","253","V-CONTINUOUS-SO","0.35","150","152","150","150","253","CONTINUOUS","","","1829","1786","http://digitalbuildingdata.tech/nlcs/def/6abb4cde-3d98-4a91-b22b-57f84e16e3ab","http://digitalbuildingdata.tech/nlcs/def/7fe109ea-cc08-4fa2-be7c-72a8ee038ddd"
"DWA_IBA","*","_","**","_","RI","_","DWA","_","IBA","_","","_","","_","","_","","'-","","'-","G","'-","","","*_**_RI_DWA_IBA","0.18","20","22","20","20","253","CONTINUOUS","0.35","20","22","20","20","253","CONTINUOUS","0.35","20","22","20","20","253","V-CONTINUOUS-SO","0.35","20","22","20","20","253","CONTINUOUS","","","2244","2220","http://digitalbuildingdata.tech/nlcs/def/05b13554-bf7f-44b4-b9ab-cfe1e4770053","http://digitalbuildingdata.tech/nlcs/def/f61e0dae-87e1-41df-b175-41a9efd2e266"
"RWZI_TERREINRIOLERING","*","_","**","_","RI","_","RWZI","_","TERREINRIOLERING","_","","_","","_","","_","","'-","","'-","G","'-","","","*_**_RI_RWZI_TERREINRIOLERING","0.18","10","12","10","10","253","RI-RWZI_TERREINRIOLERING-SO","0.35","10","12","10","10","253","RI-RWZI_TERREINRIOLERING-SO","0.35","10","12","10","10","253","V-RI-RWZI_TERREINRIOLERING-SO","0.35","10","12","10","10","253","RI-RWZI_TERREINRIOLERING-SO","","","3452","3451","http://digitalbuildingdata.tech/nlcs/def/b5cc628b-df5c-403f-88b7-a64ecff69ab0","http://digitalbuildingdata.tech/nlcs/def/8eb34b8a-c828-4eac-8299-9677c69b65fe"
"DRAINAGE_LOZINGSPUNT","*","_","**","_","RI","_","DRAINAGE","_","LOZINGSPUNT","_","","_","","_","","_","","'-","","'-","G","'-","","","*_**_RI_DRAINAGE_LOZINGSPUNT","0.18","90","92","90","90","253","CONTINUOUS","0.35","90","92","90","90","253","CONTINUOUS","0.35","90","92","90","90","253","V-CONTINUOUS-SO","0.35","90","92","90","90","253","CONTINUOUS","","","1654","1635","http://digitalbuildingdata.tech/nlcs/def/a7298502-17a4-4e96-8234-9e60de89b82c","http://digitalbuildingdata.tech/nlcs/def/e41e5e64-63df-4860-8f4e-66bf40a56b8f"
"DWA_TRANSPORTLEIDING-VOLZANDEN","*","_","**","_","RI","_","DWA","_","TRANSPORTLEIDING","_","","_","","_","","_","","'-","","'-","G","'-","","","*_**_RI_DWA_TRANSPORTLEIDING","0.18","20","22","20","20","253","RI-VOLZANDEN-SO","0.35","20","22","20","20","253","RI-VOLZANDEN-SO","0.35","20","22","20","20","253","V-RI-VOLZANDEN-SO","0.35","20","22","20","20","253","RI-VOLZANDEN-SO","","","4021","2286","http://digitalbuildingdata.tech/nlcs/def/4cde8866-84d1-4c67-a900-9edd971beffc","http://digitalbuildingdata.tech/nlcs/def/328688a0-4e48-4e34-8259-510be280f49d"
"HWA_TRANSPORTLEIDING-VOLSCHUIMEN","*","_","**","_","RI","_","HWA","_","TRANSPORTLEIDING","_","","_","","_","","_","","'-","","'-","G","'-","","","*_**_RI_HWA_TRANSPORTLEIDING","0.18","150","152","150","150","253","RI-VOLSCHUIMEN-SO","0.35","150","152","150","150","253","RI-VOLSCHUIMEN-SO","0.35","150","152","150","150","253","V-RI-VOLSCHUIMEN-SO","0.35","150","152","150","150","253","RI-VOLSCHUIMEN-SO","","","3803","1860","http://digitalbuildingdata.tech/nlcs/def/eb43ae6f-9375-4d6e-be01-966f29d9f469","http://digitalbuildingdata.tech/nlcs/def/571bdc48-6eac-4c5c-8602-65c4d4f00edc"
"GWA_RIOOLLEIDING-VOLSCHUIMEN","*","_","**","_","RI","_","GWA","_","RIOOLLEIDING","_","","_","","_","","_","","'-","","'-","G","'-","","","*_**_RI_GWA_RIOOLLEIDING","0.18","30","32","30","30","253","RI-VOLSCHUIMEN-SO","0.35","30","32","30","30","253","RI-VOLSCHUIMEN-SO","0.35","30","32","30","30","253","V-RI-VOLSCHUIMEN-SO","0.35","30","32","30","30","253","RI-VOLSCHUIMEN-SO","","","3616","3613","http://digitalbuildingdata.tech/nlcs/def/8596e53a-accf-4b71-bddc-87283661cd78","http://digitalbuildingdata.tech/nlcs/def/8d0e3e9c-0991-4a76-986f-b1d3c8d4593c"
"OVERIG_RIOOLLEIDING-VOLSCHUIMEN","*","_","**","_","RI","_","OVERIG","_","RIOOLLEIDING","_","","_","","_","","_","","'-","","'-","G","'-","","","*_**_RI_OVERIG_RIOOLLEIDING","0.18","10","12","10","10","253","RI-VOLSCHUIMEN-SO","0.35","10","12","10","10","253","RI-VOLSCHUIMEN-SO","0.35","10","12","10","10","253","V-RI-VOLSCHUIMEN-SO","0.35","10","12","10","10","253","RI-VOLSCHUIMEN-SO","","","2219","3923","http://digitalbuildingdata.tech/nlcs/def/d7439652-d354-42ca-9389-1f6e639a411c","http://digitalbuildingdata.tech/nlcs/def/682f180d-125b-46ac-86c1-8a94e2cf8978"
"OVERIG_RIOOLLEIDING-VOLZANDEN","*","_","**","_","RI","_","OVERIG","_","RIOOLLEIDING","_","","_","","_","","_","","'-","","'-","G","'-","","","*_**_RI_OVERIG_RIOOLLEIDING","0.18","10","12","10","10","253","RI-VOLZANDEN-SO","0.35","10","12","10","10","253","RI-VOLZANDEN-SO","0.35","10","12","10","10","253","V-RI-VOLZANDEN-SO","0.35","10","12","10","10","253","RI-VOLZANDEN-SO","","","3926","3923","http://digitalbuildingdata.tech/nlcs/def/556cf2f0-7269-4c9a-a238-1cc93897e108","http://digitalbuildingdata.tech/nlcs/def/682f180d-125b-46ac-86c1-8a94e2cf8978"
"DWA_RIOOLLEIDING-OPHOOGTEBRENGEN","*","_","**","_","RI","_","DWA","_","RIOOLLEIDING","_","","_","","_","","_","","'-","","'-","G","'-","","","*_**_RI_DWA_RIOOLLEIDING","0.18","20","22","20","20","253","RI-OPHOOGTEBRENGEN-SO","0.35","20","22","20","20","253","RI-OPHOOGTEBRENGEN-SO","0.35","20","22","20","20","253","V-RI-OPHOOGTEBRENGEN-SO","0.35","20","22","20","20","253","RI-OPHOOGTEBRENGEN-SO","","","3941","3940","http://digitalbuildingdata.tech/nlcs/def/50452a80-0b63-4229-a9d1-34534b6aa101","http://digitalbuildingdata.tech/nlcs/def/eac0d419-f850-4c8b-9dfb-8bf9f0db9e66"
"DWA_RIOOLLEIDING-LINING","*","_","**","_","RI","_","DWA","_","RIOOLLEIDING","_","","_","","_","","_","","'-","","'-","G","'-","","","*_**_RI_DWA_RIOOLLEIDING","0.18","20","22","20","20","253","RI-LINING-SO","0.35","20","22","20","20","253","RI-LINING-SO","0.35","20","22","20","20","253","V-RI-LINING-SO","0.35","20","22","20","20","253","RI-LINING-SO","","","3942","3940","http://digitalbuildingdata.tech/nlcs/def/4587a0d9-a9a0-4c23-980d-af2db62763c0","http://digitalbuildingdata.tech/nlcs/def/eac0d419-f850-4c8b-9dfb-8bf9f0db9e66"
"HWA_TRANSPORTLEIDING-VOLZANDEN","*","_","**","_","RI","_","HWA","_","TRANSPORTLEIDING","_","","_","","_","","_","","'-","","'-","G","'-","","","*_**_RI_HWA_TRANSPORTLEIDING","0.18","150","152","150","150","253","RI-VOLZANDEN-SO","0.35","150","152","150","150","253","RI-VOLZANDEN-SO","0.35","150","152","150","150","253","V-RI-VOLZANDEN-SO","0.35","150","152","150","150","253","RI-VOLZANDEN-SO","","","3804","1860","http://digitalbuildingdata.tech/nlcs/def/e779eb97-511b-419a-a76c-332c1fd80e46","http://digitalbuildingdata.tech/nlcs/def/571bdc48-6eac-4c5c-8602-65c4d4f00edc"
"GWA_RIOOLLEIDING-LINING","*","_","**","_","RI","_","GWA","_","RIOOLLEIDING","_","","_","","_","","_","","'-","","'-","G","'-","","","*_**_RI_GWA_RIOOLLEIDING","0.18","30","32","30","30","253","RI-LINING-SO","0.35","30","32","30","30","253","RI-LINING-SO","0.35","30","32","30","30","253","V-RI-LINING-SO","0.35","30","32","30","30","253","RI-LINING-SO","","","3615","3613","http://digitalbuildingdata.tech/nlcs/def/6f68b1f8-3af2-48f4-b794-5b7c254cb388","http://digitalbuildingdata.tech/nlcs/def/8d0e3e9c-0991-4a76-986f-b1d3c8d4593c"
"OVERIG_RIOOLLEIDING-OPHOOGTEBRENGEN","*","_","**","_","RI","_","OVERIG","_","RIOOLLEIDING","_","","_","","_","","_","","'-","","'-","G","'-","","","*_**_RI_OVERIG_RIOOLLEIDING","0.18","10","12","10","10","253","RI-OPHOOGTEBRENGEN-SO","0.35","10","12","10","10","253","RI-OPHOOGTEBRENGEN-SO","0.35","10","12","10","10","253","V-RI-OPHOOGTEBRENGEN-SO","0.35","10","12","10","10","253","RI-OPHOOGTEBRENGEN-SO","","","3924","3923","http://digitalbuildingdata.tech/nlcs/def/4140ab9b-c76c-4195-a151-0ed1829726a2","http://digitalbuildingdata.tech/nlcs/def/682f180d-125b-46ac-86c1-8a94e2cf8978"
"DWA_TRANSPORTLEIDING-VOLSCHUIMEN","*","_","**","_","RI","_","DWA","_","TRANSPORTLEIDING","_","","_","","_","","_","","'-","","'-","G","'-","","","*_**_RI_DWA_TRANSPORTLEIDING","0.18","20","22","20","20","253","RI-VOLSCHUIMEN-SO","0.35","20","22","20","20","253","RI-VOLSCHUIMEN-SO","0.35","20","22","20","20","253","V-RI-VOLSCHUIMEN-SO","0.35","20","22","20","20","253","RI-VOLSCHUIMEN-SO","","","4020","2286","http://digitalbuildingdata.tech/nlcs/def/2a01f236-0cd4-4479-9baa-9dabf28d854d","http://digitalbuildingdata.tech/nlcs/def/328688a0-4e48-4e34-8259-510be280f49d"
"OVERIG_TRANSPORTLEIDING-VOLSCHUIMEN","*","_","**","_","RI","_","OVERIG","_","TRANSPORTLEIDING","_","","_","","_","","_","","'-","","'-","G","'-","","","*_**_RI_OVERIG_TRANSPORTLEIDING","0.18","10","12","10","10","253","RI-VOLSCHUIMEN-SO","0.35","10","12","10","10","253","RI-VOLSCHUIMEN-SO","0.35","10","12","10","10","253","V-RI-VOLSCHUIMEN-SO","0.35","10","12","10","10","253","RI-VOLSCHUIMEN-SO","","","3897","2193","http://digitalbuildingdata.tech/nlcs/def/0795b3fe-1a3d-4db6-b510-470a96f02ff1","http://digitalbuildingdata.tech/nlcs/def/bd4a4aa6-6c12-443c-a127-d82405cd75ca"
"HWA_TRANSPORTLEIDING-OPHOOGTEBRENGEN","*","_","**","_","RI","_","HWA","_","TRANSPORTLEIDING","_","","_","","_","","_","","'-","","'-","G","'-","","","*_**_RI_HWA_TRANSPORTLEIDING","0.18","150","152","150","150","253","RI-OPHOOGTEBRENGEN-SO","0.35","150","152","150","150","253","RI-OPHOOGTEBRENGEN-SO","0.35","150","152","150","150","253","V-RI-OPHOOGTEBRENGEN-SO","0.35","150","152","150","150","253","RI-OPHOOGTEBRENGEN-SO","","","3801","1860","http://digitalbuildingdata.tech/nlcs/def/214865c0-3ffc-4c3c-b02c-b3af3a22c4bc","http://digitalbuildingdata.tech/nlcs/def/571bdc48-6eac-4c5c-8602-65c4d4f00edc"
"HWA_TRANSPORTLEIDING-LINING","*","_","**","_","RI","_","HWA","_","TRANSPORTLEIDING","_","","_","","_","","_","","'-","","'-","G","'-","","","*_**_RI_HWA_TRANSPORTLEIDING","0.18","150","152","150","150","253","RI-LINING-SO","0.35","150","152","150","150","253","RI-LINING-SO","0.35","150","152","150","150","253","V-RI-LINING-SO","0.35","150","152","150","150","253","RI-LINING-SO","","","3802","1860","http://digitalbuildingdata.tech/nlcs/def/f7eed059-ab88-401e-8446-6214ad8c55b6","http://digitalbuildingdata.tech/nlcs/def/571bdc48-6eac-4c5c-8602-65c4d4f00edc"
"DWA_RIOOLLEIDING-VOLSCHUIMEN","*","_","**","_","RI","_","DWA","_","RIOOLLEIDING","_","","_","","_","","_","","'-","","'-","G","'-","","","*_**_RI_DWA_RIOOLLEIDING","0.18","20","22","20","20","253","RI-VOLSCHUIMEN-SO","0.35","20","22","20","20","253","RI-VOLSCHUIMEN-SO","0.35","20","22","20","20","253","V-RI-VOLSCHUIMEN-SO","0.35","20","22","20","20","253","RI-VOLSCHUIMEN-SO","","","3943","3940","http://digitalbuildingdata.tech/nlcs/def/e64eaeb4-631d-45f2-91f6-56a68dc46ee1","http://digitalbuildingdata.tech/nlcs/def/eac0d419-f850-4c8b-9dfb-8bf9f0db9e66"
"DRAINAGE_DRAIN-DOORSPOELEN","*","_","**","_","RI","_","DRAINAGE","_","DRAIN","_","","_","","_","","_","","'-","","'-","G","'-","","","*_**_RI_DRAINAGE_DRAIN","0.18","90","92","90","90","253","RI-DRAINAGE-SO","0.35","90","92","90","90","253","RI-DRAINAGE-SO","0.35","90","92","90","90","253","V-RI-DRAINAGE-SO","0.35","90","92","90","90","253","RI-DRAINAGE-SO","","","3580","1638","http://digitalbuildingdata.tech/nlcs/def/aa777dab-1b9b-468f-a19a-7b46d9cd6edc","http://digitalbuildingdata.tech/nlcs/def/412c49b3-657f-44ec-8ea3-1ac29f1d1f43"
"GWA_RIOOLLEIDING-OPHOOGTEBRENGEN","*","_","**","_","RI","_","GWA","_","RIOOLLEIDING","_","","_","","_","","_","","'-","","'-","G","'-","","","*_**_RI_GWA_RIOOLLEIDING","0.18","30","32","30","30","253","RI-OPHOOGTEBRENGEN-SO","0.35","30","32","30","30","253","RI-OPHOOGTEBRENGEN-SO","0.35","30","32","30","30","253","V-RI-OPHOOGTEBRENGEN-SO","0.35","30","32","30","30","253","RI-OPHOOGTEBRENGEN-SO","","","3614","3613","http://digitalbuildingdata.tech/nlcs/def/07ab7c5b-e839-42f6-ae40-9f84c7d72b2c","http://digitalbuildingdata.tech/nlcs/def/8d0e3e9c-0991-4a76-986f-b1d3c8d4593c"
"OVERIG_TRANSPORTLEIDING-LINING","*","_","**","_","RI","_","OVERIG","_","TRANSPORTLEIDING","_","","_","","_","","_","","'-","","'-","G","'-","","","*_**_RI_OVERIG_TRANSPORTLEIDING","0.18","10","12","10","10","253","RI-LINING-SO","0.35","10","12","10","10","253","RI-LINING-SO","0.35","10","12","10","10","253","V-RI-LINING-SO","0.35","10","12","10","10","253","RI-LINING-SO","","","3896","2193","http://digitalbuildingdata.tech/nlcs/def/7d143e0c-66d5-400a-9110-aee5c7c72325","http://digitalbuildingdata.tech/nlcs/def/bd4a4aa6-6c12-443c-a127-d82405cd75ca"
"OVERIG_TRANSPORTLEIDING-VOLZANDEN","*","_","**","_","RI","_","OVERIG","_","TRANSPORTLEIDING","_","","_","","_","","_","","'-","","'-","G","'-","","","*_**_RI_OVERIG_TRANSPORTLEIDING","0.18","10","12","10","10","253","RI-VOLZANDEN-SO","0.35","10","12","10","10","253","RI-VOLZANDEN-SO","0.35","10","12","10","10","253","V-RI-VOLZANDEN-SO","0.35","10","12","10","10","253","RI-VOLZANDEN-SO","","","3898","2193","http://digitalbuildingdata.tech/nlcs/def/ca621ed5-bd14-4308-aea7-5be2b4bff14d","http://digitalbuildingdata.tech/nlcs/def/bd4a4aa6-6c12-443c-a127-d82405cd75ca"
"DWA_RIOOLLEIDING-VOLZANDEN","*","_","**","_","RI","_","DWA","_","RIOOLLEIDING","_","","_","","_","","_","","'-","","'-","G","'-","","","*_**_RI_DWA_RIOOLLEIDING","0.18","20","22","20","20","253","RI-VOLZANDEN-SO","0.35","20","22","20","20","253","RI-VOLZANDEN-SO","0.35","20","22","20","20","253","V-RI-VOLZANDEN-SO","0.35","20","22","20","20","253","RI-VOLZANDEN-SO","","","3944","3940","http://digitalbuildingdata.tech/nlcs/def/e5ab09ab-c10e-49a6-a132-bbf4a7ae5804","http://digitalbuildingdata.tech/nlcs/def/eac0d419-f850-4c8b-9dfb-8bf9f0db9e66"
"DWA_TRANSPORTLEIDING-OPHOOGTEBRENGEN","*","_","**","_","RI","_","DWA","_","TRANSPORTLEIDING","_","","_","","_","","_","","'-","","'-","G","'-","","","*_**_RI_DWA_TRANSPORTLEIDING","0.18","20","22","20","20","253","RI-OPHOOGTEBRENGEN-SO","0.35","20","22","20","20","253","RI-OPHOOGTEBRENGEN-SO","0.35","20","22","20","20","253","V-RI-OPHOOGTEBRENGEN-SO","0.35","20","22","20","20","253","RI-OPHOOGTEBRENGEN-SO","","","4018","2286","http://digitalbuildingdata.tech/nlcs/def/017e8be5-777d-4b1b-9c8d-06e8ca9a183c","http://digitalbuildingdata.tech/nlcs/def/328688a0-4e48-4e34-8259-510be280f49d"
"GWA_RIOOLLEIDING-VOLZANDEN","*","_","**","_","RI","_","GWA","_","RIOOLLEIDING","_","","_","","_","","_","","'-","","'-","G","'-","","","*_**_RI_GWA_RIOOLLEIDING","0.18","30","32","30","30","253","RI-VOLZANDEN-SO","0.35","30","32","30","30","253","RI-VOLZANDEN-SO","0.35","30","32","30","30","253","V-RI-VOLZANDEN-SO","0.35","30","32","30","30","253","RI-VOLZANDEN-SO","","","3617","3613","http://digitalbuildingdata.tech/nlcs/def/1636b8fa-33c4-47d5-870f-007562646ed8","http://digitalbuildingdata.tech/nlcs/def/8d0e3e9c-0991-4a76-986f-b1d3c8d4593c"
"OVERIG_TRANSPORTLEIDING-OPHOOGTEBRENGEN","*","_","**","_","RI","_","OVERIG","_","TRANSPORTLEIDING","_","","_","","_","","_","","'-","","'-","G","'-","","","*_**_RI_OVERIG_TRANSPORTLEIDING","0.18","10","12","10","10","253","RI-OPHOOGTEBRENGEN-SO","0.35","10","12","10","10","253","RI-OPHOOGTEBRENGEN-SO","0.35","10","12","10","10","253","V-RI-OPHOOGTEBRENGEN-SO","0.35","10","12","10","10","253","RI-OPHOOGTEBRENGEN-SO","","","3895","2193","http://digitalbuildingdata.tech/nlcs/def/27d6a3f1-a276-4fdc-9254-f43e29cf2723","http://digitalbuildingdata.tech/nlcs/def/bd4a4aa6-6c12-443c-a127-d82405cd75ca"
"OVERIG_RIOOLLEIDING-LINING","*","_","**","_","RI","_","OVERIG","_","RIOOLLEIDING","_","","_","","_","","_","","'-","","'-","G","'-","","","*_**_RI_OVERIG_RIOOLLEIDING","0.18","10","12","10","10","253","RI-LINING-SO","0.35","10","12","10","10","253","RI-LINING-SO","0.35","10","12","10","10","253","V-RI-LINING-SO","0.35","10","12","10","10","253","RI-LINING-SO","","","3925","3923","http://digitalbuildingdata.tech/nlcs/def/1fd41ea6-741b-41bf-9f71-6ea445b9b90a","http://digitalbuildingdata.tech/nlcs/def/682f180d-125b-46ac-86c1-8a94e2cf8978"
"DWA_TRANSPORTLEIDING-LINING","*","_","**","_","RI","_","DWA","_","TRANSPORTLEIDING","_","","_","","_","","_","","'-","","'-","G","'-","","","*_**_RI_DWA_TRANSPORTLEIDING","0.18","20","22","20","20","253","RI-LINING-SO","0.35","20","22","20","20","253","RI-LINING-SO","0.35","20","22","20","20","253","V-RI-LINING-SO","0.35","20","22","20","20","253","RI-LINING-SO","","","4019","2286","http://digitalbuildingdata.tech/nlcs/def/6054b573-4c55-4c3f-a65c-9ae38b357768","http://digitalbuildingdata.tech/nlcs/def/328688a0-4e48-4e34-8259-510be280f49d"
"DRAINAGE_DRAIN-OPHOOGTEBRENGEN","*","_","**","_","RI","_","DRAINAGE","_","DRAIN","_","","_","","_","","_","","'-","","'-","G","'-","","","*_**_RI_DRAINAGE_DRAIN","0.18","90","92","90","90","253","RI-OPHOOGTEBRENGEN-SO","0.35","90","92","90","90","253","RI-OPHOOGTEBRENGEN-SO","0.35","90","92","90","90","253","V-RI-OPHOOGTEBRENGEN-SO","0.35","90","92","90","90","253","RI-OPHOOGTEBRENGEN-SO","","","3579","1638","http://digitalbuildingdata.tech/nlcs/def/bcf1c475-a8ed-43d6-9952-b8b708331869","http://digitalbuildingdata.tech/nlcs/def/412c49b3-657f-44ec-8ea3-1ac29f1d1f43"
"VACUUMLEIDING-VOLSCHUIMEN","*","_","**","_","RI","_","VACUUMLEIDING","_","","_","","_","","_","","_","","'-","","'-","G","'-","","","*_**_RI_VACUUMLEIDING","0.18","10","12","10","10","253","RI-VOLSCHUIMEN-SO","0.35","10","12","10","10","253","RI-VOLSCHUIMEN-SO","0.35","10","12","10","10","253","V-RI-VOLSCHUIMEN-SO","0.35","10","12","10","10","253","RI-VOLSCHUIMEN-SO","","","3914","2194","http://digitalbuildingdata.tech/nlcs/def/07aeafac-01bb-49e5-bddb-acd93afb0986","http://digitalbuildingdata.tech/nlcs/def/659f74ce-e7c1-452a-9057-3f8141e6f47f"
"VACUUMLEIDING-OPHOOGTEBRENGEN","*","_","**","_","RI","_","VACUUMLEIDING","_","","_","","_","","_","","_","","'-","","'-","G","'-","","","*_**_RI_VACUUMLEIDING","0.18","10","12","10","10","253","RI-OPHOOGTEBRENGEN-SO","0.35","10","12","10","10","253","RI-OPHOOGTEBRENGEN-SO","0.35","10","12","10","10","253","V-RI-OPHOOGTEBRENGEN-SO","0.35","10","12","10","10","253","RI-OPHOOGTEBRENGEN-SO","","","3912","2194","http://digitalbuildingdata.tech/nlcs/def/4c37211f-eab8-4f25-b17a-432ecc837ee7","http://digitalbuildingdata.tech/nlcs/def/659f74ce-e7c1-452a-9057-3f8141e6f47f"
"VACUUMLEIDING-VOLZANDEN","*","_","**","_","RI","_","VACUUMLEIDING","_","","_","","_","","_","","_","","'-","","'-","G","'-","","","*_**_RI_VACUUMLEIDING","0.18","10","12","10","10","253","RI-VOLZANDEN-SO","0.35","10","12","10","10","253","RI-VOLZANDEN-SO","0.35","10","12","10","10","253","V-RI-VOLZANDEN-SO","0.35","10","12","10","10","253","RI-VOLZANDEN-SO","","","3915","2194","http://digitalbuildingdata.tech/nlcs/def/1ad12c01-bf07-4470-8e90-ed778dec9e22","http://digitalbuildingdata.tech/nlcs/def/659f74ce-e7c1-452a-9057-3f8141e6f47f"
"VACUUMLEIDING-LINING","*","_","**","_","RI","_","VACUUMLEIDING","_","","_","","_","","_","","_","","'-","","'-","G","'-","","","*_**_RI_VACUUMLEIDING","0.18","10","12","10","10","253","RI-LINING-SO","0.35","10","12","10","10","253","RI-LINING-SO","0.35","10","12","10","10","253","V-RI-LINING-SO","0.35","10","12","10","10","253","RI-LINING-SO","","","3913","2194","http://digitalbuildingdata.tech/nlcs/def/5aece138-1c78-40a2-8821-aaab656bfdd7","http://digitalbuildingdata.tech/nlcs/def/659f74ce-e7c1-452a-9057-3f8141e6f47f"
"MATERIAAL","*","_","**","_","RI","_","MATERIAAL","_","","_","","_","","_","","_","","'-","","'-","G/S","'-","","SRI-MATERIAAL","*_**_RI_MATERIAAL","0.18","7","7","7","7","253","CONTINUOUS","0.35","7","7","7","7","253","CONTINUOUS","0.35","7","7","7","7","253","CONTINUOUS","0.35","7","7","7","7","253","CONTINUOUS","","","3045","","http://digitalbuildingdata.tech/nlcs/def/cad0d445-f3a8-400f-ad92-5a7e31504b79",""
"BOB","*","_","**","_","RI","_","BOB","_","","_","","_","","_","","_","","'-","","'-","G/S","'-","","SRI-BOB","*_**_RI_BOB","0.18","90","92","90","90","253","CONTINUOUS","0.35","90","92","90","90","253","CONTINUOUS","0.35","90","92","90","90","253","V-CONTINUOUS-SO","0.35","90","92","90","90","253","CONTINUOUS","","","1634","","http://digitalbuildingdata.tech/nlcs/def/afcea6b1-bec1-4f8b-a1ff-2fe4278f6b9f",""
"OVERIG","*","_","**","_","RI","_","OVERIG","_","","_","","_","","_","","_","","'-","","'-","G","'-","","","*_**_RI_OVERIG","0.18","10","12","10","10","253","RI-OVERIG-SO","0.35","10","12","10","10","253","RI-OVERIG-SO","0.35","10","12","10","10","253","V-RI-OVERIG-SO","0.35","10","12","10","10","253","RI-OVERIG-SO","","","2052","","http://digitalbuildingdata.tech/nlcs/def/139aada8-a54a-4c43-81b7-e32f9464ad42",""
"HWA","*","_","**","_","RI","_","HWA","_","","_","","_","","_","","_","","'-","","'-","G","'-","","","*_**_RI_HWA","0.18","150","152","150","150","253","RI-HWA-SO","0.35","150","152","150","150","253","RI-HWA-SO","0.35","150","152","150","150","253","V-RI-HWA-SO","0.35","150","152","150","150","253","RI-HWA-SO","","","1786","","http://digitalbuildingdata.tech/nlcs/def/7fe109ea-cc08-4fa2-be7c-72a8ee038ddd",""
"ITR","*","_","**","_","RI","_","ITR","_","","_","","_","","_","","_","","'-","","'-","G","'-","","","*_**_RI_ITR","0.18","50","52","50","50","253","RI-ITR-SO","0.35","50","52","50","50","253","RI-ITR-SO","0.35","50","52","50","50","253","V-RI-ITR-SO","0.35","50","52","50","50","253","RI-ITR-SO","","","1944","","http://digitalbuildingdata.tech/nlcs/def/e24d8804-5b7e-4bd5-b46a-520f6bbc6828",""
"RWZI","*","_","**","_","RI","_","RWZI","_","","_","","_","","_","","_","","'-","","'-","G","'-","","","*_**_RI_RWZI","0.18","90","92","90","90","253","CONTINUOUS","0.35","90","92","90","90","253","CONTINUOUS","0.35","90","92","90","90","253","V-CONTINUOUS-SO","0.35","90","92","90","90","253","CONTINUOUS","","","3451","","http://digitalbuildingdata.tech/nlcs/def/8eb34b8a-c828-4eac-8299-9677c69b65fe",""
"DWA","*","_","**","_","RI","_","DWA","_","","_","","_","","_","","_","","'-","","'-","G","'-","","","*_**_RI_DWA","0.18","20","22","20","20","253","RI-DWA-SO","0.35","20","22","20","20","253","RI-DWA-SO","0.35","20","22","20","20","253","V-RI-DWA-SO","0.35","20","22","20","20","253","RI-DWA-SO","","","2220","","http://digitalbuildingdata.tech/nlcs/def/f61e0dae-87e1-41df-b175-41a9efd2e266",""
"VACUUMLEIDING","*","_","**","_","RI","_","VACUUMLEIDING","_","","_","","_","","_","","_","","'-","","'-","G","'-","","","*_**_RI_VACUUMLEIDING","0.18","10","12","10","10","253","RI-VACUUM-SO","0.35","10","12","10","10","253","RI-VACUUM-SO","0.35","10","12","10","10","253","V-RI-VACUUM-SO","0.35","10","12","10","10","253","RI-VACUUM-SO","","","2194","","http://digitalbuildingdata.tech/nlcs/def/659f74ce-e7c1-452a-9057-3f8141e6f47f",""
"PERSLEIDING","*","_","**","_","RI","_","PERSLEIDING","_","","_","","_","","_","","_","","'-","","'-","G","'-","","","*_**_RI_PERSLEIDING","0.18","210","212","210","210","253","RI-PERS-SO","0.35","210","212","210","210","253","RI-PERS-SO","0.35","210","212","210","210","253","V-RI-PERS-SO","0.35","210","212","210","210","253","RI-PERS-SO","","","2054","","http://digitalbuildingdata.tech/nlcs/def/705a8d37-14d4-4320-9036-1a1d8b77db14",""
"GWA","*","_","**","_","RI","_","GWA","_","","_","","_","","_","","_","","'-","","'-","G","'-","","","*_**_RI_GWA","0.18","30","32","30","30","253","RI-GWA-SO","0.35","30","32","30","30","253","RI-GWA-SO","0.35","30","32","30","30","253","RI-GWA-SO","0.35","30","32","30","30","253","RI-GWA-SO","","","1664","","http://digitalbuildingdata.tech/nlcs/def/cc237815-59ec-4086-b87f-1d1e9ca4541f",""
"DRAINAGE","*","_","**","_","RI","_","DRAINAGE","_","","_","","_","","_","","_","","'-","","'-","G","'-","","","*_**_RI_DRAINAGE","0.18","90","92","90","90","253","RI-DRAINAGE-SO","0.35","90","92","90","90","253","RI-DRAINAGE-SO","0.35","90","92","90","90","253","V-RI-DRAINAGE-SO","0.35","90","92","90","90","253","RI-DRAINAGE-SO","","","1635","","http://digitalbuildingdata.tech/nlcs/def/e41e5e64-63df-4860-8f4e-66bf40a56b8f",""