"omschrijving","status","underscore","discipline","underscore2","hoofdgroep","underscore3","object","underscore4","subobject01","underscore5","subobject02","underscore6","subobject03","underscore7","subobject04","underscore8","subobject05","streepje","bewerking","streepje3","element","streepje2","aobject","sobject","laagnaam","lw_b","kl_b","kl_b_a","kl_b_gd","kl_b_gn","kl_b_v","lt_b","lw_n","kl_n","kl_n_a","kl_n_gd","kl_n_gn","kl_n_v","lt_n","lw_v","kl_v","kl_v_a","kl_v_gd","kl_v_gn","kl_v_v","lt_v","lw_t","kl_t","kl_t_a","kl_t_gd","kl_t_gn","kl_t_v","lt_t","vrkl_kort","vrkl_lang","id_nummer","kind_van","objectURI","kind_vanURI"
"GAS_LD_HOOFDLEIDING_100 MBAR_PE_315","*","_","**","_","KL","_","GAS","_","LD","_","HOOFDLEIDING","_","100 MBAR","_","PE","_","315","'-","","'-","G","'-","","","*_**_KL_GAS_LD_HOOFDLEIDING_100 MBAR_PE_315","0.18","50","52","50","50","252","KL-GAS_LD-SO","0.35","50","52","50","50","252","KL-GAS_LD-SO","0.35","50","52","50","50","252","V-KL-GAS_LD-SO","0.35","50","52","50","50","252","KL-GAS_LD-SO","","","1149","1145","http://digitalbuildingdata.tech/nlcs/def/772b8c88-18c3-40f0-ab25-7439795d86d8","http://digitalbuildingdata.tech/nlcs/def/bff4b5a9-a6c2-4d1e-bf8e-d9ead98ad5b7"
"GAS_LD_AANSLUITLEIDING_30 MBAR_PE_25","*","_","**","_","KL","_","GAS","_","LD","_","AANSLUITLEIDING","_","30 MBAR","_","PE","_","25","'-","","'-","G","'-","","","*_**_KL_GAS_LD_AANSLUITLEIDING_30 MBAR_PE_25","0.18","50","52","50","50","252","KL-GAS_LD-SO","0.35","50","52","50","50","252","KL-GAS_LD-SO","0.35","50","52","50","50","252","V-KL-GAS_LD-SO","0.35","50","52","50","50","252","KL-GAS_LD-SO","","","1131","1130","http://digitalbuildingdata.tech/nlcs/def/294fbff1-734e-4cc3-8902-b6d1c0b80d4b","http://digitalbuildingdata.tech/nlcs/def/0e28a3fc-fe67-4b4c-a92b-480608e1b38e"
"GAS_HD_HOOFDLEIDING_4 BAR_PE_160","*","_","**","_","KL","_","GAS","_","HD","_","HOOFDLEIDING","_","4 BAR","_","PE","_","160","'-","","'-","G","'-","","","*_**_KL_GAS_HD_HOOFDLEIDING_4 BAR_PE_160","0.18","30","32","30","30","252","KL-GAS_HD-SO","0.35","30","32","30","30","252","KL-GAS_HD-SO","0.35","30","32","30","30","252","V-KL-GAS_HD-SO","0.35","30","32","30","30","252","KL-GAS_HD-SO","","","1073","1071","http://digitalbuildingdata.tech/nlcs/def/2c801cf3-9b7c-446c-9f68-b9866a94a897","http://digitalbuildingdata.tech/nlcs/def/bc271d8f-62bb-4c3f-b0dd-d5d94c11890a"
"GAS_HD_AANSLUITLEIDING_8 BAR_PE_50","*","_","**","_","KL","_","GAS","_","HD","_","AANSLUITLEIDING","_","8 BAR","_","PE","_","50","'-","","'-","G","'-","","","*_**_KL_GAS_HD_AANSLUITLEIDING_8 BAR_PE_50","0.18","30","32","30","30","252","KL-GAS_HD-SO","0.35","30","32","30","30","252","KL-GAS_HD-SO","0.35","30","32","30","30","252","V-KL-GAS_HD-SO","0.35","30","32","30","30","252","KL-GAS_HD-SO","","","1042","1038","http://digitalbuildingdata.tech/nlcs/def/4f9a7a72-df43-4322-94ec-8386f0706d0a","http://digitalbuildingdata.tech/nlcs/def/69f9c6ee-abd8-4069-878f-fca88a2f67c7"
"GAS_HD_HOOFDLEIDING_8 BAR_PVC_110","*","_","**","_","KL","_","GAS","_","HD","_","HOOFDLEIDING","_","8 BAR","_","PVC","_","110","'-","","'-","G","'-","","","*_**_KL_GAS_HD_HOOFDLEIDING_8 BAR_PVC_110","0.18","30","32","30","30","252","KL-GAS_HD-SO","0.35","30","32","30","30","252","KL-GAS_HD-SO","0.35","30","32","30","30","252","V-KL-GAS_HD-SO","0.35","30","32","30","30","252","KL-GAS_HD-SO","","","1096","1095","http://digitalbuildingdata.tech/nlcs/def/9f870240-effe-4d64-861d-2298bdf8d0db","http://digitalbuildingdata.tech/nlcs/def/4b71ec60-6426-447c-b42f-c5402547ada2"
"GAS_HD_AANSLUITLEIDING_1 BAR_PE_32","*","_","**","_","KL","_","GAS","_","HD","_","AANSLUITLEIDING","_","1 BAR","_","PE","_","32","'-","","'-","G","'-","","","*_**_KL_GAS_HD_AANSLUITLEIDING_1 BAR_PE_32","0.18","30","32","30","30","252","KL-GAS_HD-SO","0.35","30","32","30","30","252","KL-GAS_HD-SO","0.35","30","32","30","30","252","V-KL-GAS_HD-SO","0.35","30","32","30","30","252","KL-GAS_HD-SO","","","1004","1002","http://digitalbuildingdata.tech/nlcs/def/a7dbc993-f257-4263-96ad-f797029f2f7a","http://digitalbuildingdata.tech/nlcs/def/af3e73c6-b9b9-4857-8605-ae2a38190b17"
"GAS_LD_HOOFDLEIDING_30 MBAR_PVC_315","*","_","**","_","KL","_","GAS","_","LD","_","HOOFDLEIDING","_","30 MBAR","_","PVC","_","315","'-","","'-","G","'-","","","*_**_KL_GAS_LD_HOOFDLEIDING_30 MBAR_PVC_315","0.18","50","52","50","50","252","KL-GAS_LD-SO","0.35","50","52","50","50","252","KL-GAS_LD-SO","0.35","50","52","50","50","252","V-KL-GAS_LD-SO","0.35","50","52","50","50","252","KL-GAS_LD-SO","","","1171","1167","http://digitalbuildingdata.tech/nlcs/def/a01722bd-e7ed-4920-a2d2-984769b2d9c0","http://digitalbuildingdata.tech/nlcs/def/f382e6b3-6f0c-41d9-b095-78ad09475c03"
"ET_LS_SR_ARMATUUR_NADERINGSLICHT_OPBOUW","*","_","**","_","KL","_","ET","_","LS","_","SR","_","ARMATUUR","_","NADERINGSLICHT","_","OPBOUW","'-","","'-","G","'-","","","*_**_KL_ET_LS_SR_ARMATUUR_NADERINGSLICHT_OPBOUW","0.18","190","192","190","190","252","CONTINUOUS","0.35","190","192","190","190","190","CONTINUOUS","0.35","190","192","190","190","190","V-CONTINUOUS-SO","0.35","190","192","190","190","190","CONTINUOUS","","","932","930","http://digitalbuildingdata.tech/nlcs/def/cd7a98a4-8bad-4a63-9ec1-b9e91acbc4fb","http://digitalbuildingdata.tech/nlcs/def/6bfefd9c-3f9e-4a59-81b3-8f9b173bd6e0"
"GAS_HD_AANSLUITLEIDING_8 BAR_PVC_32","*","_","**","_","KL","_","GAS","_","HD","_","AANSLUITLEIDING","_","8 BAR","_","PVC","_","32","'-","","'-","G","'-","","","*_**_KL_GAS_HD_AANSLUITLEIDING_8 BAR_PVC_32","0.18","30","32","30","30","252","KL-GAS_HD-SO","0.35","30","32","30","30","252","KL-GAS_HD-SO","0.35","30","32","30","30","252","V-KL-GAS_HD-SO","0.35","30","32","30","30","252","KL-GAS_HD-SO","","","1048","1046","http://digitalbuildingdata.tech/nlcs/def/32b31653-8a79-42b6-84f7-ebc59ba5239e","http://digitalbuildingdata.tech/nlcs/def/919a6f20-7e07-4638-849f-e12f56d263e5"
"GAS_HD_AANSLUITLEIDING_1 BAR_PE_90","*","_","**","_","KL","_","GAS","_","HD","_","AANSLUITLEIDING","_","1 BAR","_","PE","_","90","'-","","'-","G","'-","","","*_**_KL_GAS_HD_AANSLUITLEIDING_1 BAR_PE_90","0.18","30","32","30","30","252","KL-GAS_HD-SO","0.35","30","32","30","30","252","KL-GAS_HD-SO","0.35","30","32","30","30","252","V-KL-GAS_HD-SO","0.35","30","32","30","30","252","KL-GAS_HD-SO","","","1009","1002","http://digitalbuildingdata.tech/nlcs/def/bf454183-24d9-4cf5-aaf3-f151cafb1808","http://digitalbuildingdata.tech/nlcs/def/af3e73c6-b9b9-4857-8605-ae2a38190b17"
"GAS_HD_AANSLUITLEIDING_8 BAR_PE_90","*","_","**","_","KL","_","GAS","_","HD","_","AANSLUITLEIDING","_","8 BAR","_","PE","_","90","'-","","'-","G","'-","","","*_**_KL_GAS_HD_AANSLUITLEIDING_8 BAR_PE_90","0.18","30","32","30","30","252","KL-GAS_HD-SO","0.35","30","32","30","30","252","KL-GAS_HD-SO","0.35","30","32","30","30","252","V-KL-GAS_HD-SO","0.35","30","32","30","30","252","KL-GAS_HD-SO","","","1045","1038","http://digitalbuildingdata.tech/nlcs/def/9dfdc6e1-ec79-4ca8-a6ce-10d631b7c438","http://digitalbuildingdata.tech/nlcs/def/69f9c6ee-abd8-4069-878f-fca88a2f67c7"
"GAS_LD_HOOFDLEIDING_100 MBAR_PE_110","*","_","**","_","KL","_","GAS","_","LD","_","HOOFDLEIDING","_","100 MBAR","_","PE","_","110","'-","","'-","G","'-","","","*_**_KL_GAS_LD_HOOFDLEIDING_100 MBAR_PE_110","0.18","50","52","50","50","252","KL-GAS_LD-SO","0.35","50","52","50","50","252","KL-GAS_LD-SO","0.35","50","52","50","50","252","V-KL-GAS_LD-SO","0.35","50","52","50","50","252","KL-GAS_LD-SO","","","1146","1145","http://digitalbuildingdata.tech/nlcs/def/64eb8bc5-15d3-419c-a898-b1e41b0e3dd6","http://digitalbuildingdata.tech/nlcs/def/bff4b5a9-a6c2-4d1e-bf8e-d9ead98ad5b7"
"GAS_HD_AANSLUITLEIDING_1 BAR_PVC_90","*","_","**","_","KL","_","GAS","_","HD","_","AANSLUITLEIDING","_","1 BAR","_","PVC","_","90","'-","","'-","G","'-","","","*_**_KL_GAS_HD_AANSLUITLEIDING_1 BAR_PVC_90","0.18","30","32","30","30","252","KL-GAS_HD-SO","0.35","30","32","30","30","252","KL-GAS_HD-SO","0.35","30","32","30","30","252","V-KL-GAS_HD-SO","0.35","30","32","30","30","252","KL-GAS_HD-SO","","","1017","1010","http://digitalbuildingdata.tech/nlcs/def/74f02b20-090f-425a-b02d-30b5df2d8968","http://digitalbuildingdata.tech/nlcs/def/6db63e5b-9507-4468-8688-248250ed01f7"
"GAS_LD_HOOFDLEIDING_100 MBAR_PE_160","*","_","**","_","KL","_","GAS","_","LD","_","HOOFDLEIDING","_","100 MBAR","_","PE","_","160","'-","","'-","G","'-","","","*_**_KL_GAS_LD_HOOFDLEIDING_100 MBAR_PE_160","0.18","50","52","50","50","252","KL-GAS_LD-SO","0.35","50","52","50","50","252","KL-GAS_LD-SO","0.35","50","52","50","50","252","V-KL-GAS_LD-SO","0.35","50","52","50","50","252","KL-GAS_LD-SO","","","1147","1145","http://digitalbuildingdata.tech/nlcs/def/4da19ca6-cdd4-4582-85cd-e37274f10f10","http://digitalbuildingdata.tech/nlcs/def/bff4b5a9-a6c2-4d1e-bf8e-d9ead98ad5b7"
"GAS_HD_HOOFDLEIDING_4 BAR_PE_110","*","_","**","_","KL","_","GAS","_","HD","_","HOOFDLEIDING","_","4 BAR","_","PE","_","110","'-","","'-","G","'-","","","*_**_KL_GAS_HD_HOOFDLEIDING_4 BAR_PE_110","0.18","30","32","30","30","252","KL-GAS_HD-SO","0.35","30","32","30","30","252","KL-GAS_HD-SO","0.35","30","32","30","30","252","V-KL-GAS_HD-SO","0.35","30","32","30","30","252","KL-GAS_HD-SO","","","1072","1071","http://digitalbuildingdata.tech/nlcs/def/ef1c9f1e-2ae6-4c51-8395-875ec050aefe","http://digitalbuildingdata.tech/nlcs/def/bc271d8f-62bb-4c3f-b0dd-d5d94c11890a"
"GAS_LD_AANSLUITLEIDING_30 MBAR_PVC_32","*","_","**","_","KL","_","GAS","_","LD","_","AANSLUITLEIDING","_","30 MBAR","_","PVC","_","32","'-","","'-","G","'-","","","*_**_KL_GAS_LD_AANSLUITLEIDING_30 MBAR_PVC_32","0.18","50","52","50","50","252","KL-GAS_LD-SO","0.35","50","52","50","50","252","KL-GAS_LD-SO","0.35","50","52","50","50","252","V-KL-GAS_LD-SO","0.35","50","52","50","50","252","KL-GAS_LD-SO","","","1139","1137","http://digitalbuildingdata.tech/nlcs/def/10981cbf-c895-49eb-9b18-69ac77cdc570","http://digitalbuildingdata.tech/nlcs/def/af494a6a-35d2-4e8c-8d3a-e9866c777b0a"
"GAS_HD_HOOFDLEIDING_1 BAR_PE_160","*","_","**","_","KL","_","GAS","_","HD","_","HOOFDLEIDING","_","1 BAR","_","PE","_","160","'-","","'-","G","'-","","","*_**_KL_GAS_HD_HOOFDLEIDING_1 BAR_PE_160","0.18","30","32","30","30","252","KL-GAS_HD-SO","0.35","30","32","30","30","252","KL-GAS_HD-SO","0.35","30","32","30","30","252","V-KL-GAS_HD-SO","0.35","30","32","30","30","252","KL-GAS_HD-SO","","","1058","1056","http://digitalbuildingdata.tech/nlcs/def/febe8ecc-1f75-44ab-90c1-d943f48df7a5","http://digitalbuildingdata.tech/nlcs/def/7c939b97-377b-4d12-aa24-1270c065f5a7"
"GAS_HD_HOOFDLEIDING_1 BAR_PE_315","*","_","**","_","KL","_","GAS","_","HD","_","HOOFDLEIDING","_","1 BAR","_","PE","_","315","'-","","'-","G","'-","","","*_**_KL_GAS_HD_HOOFDLEIDING_1 BAR_PE_315","0.18","30","32","30","30","252","KL-GAS_HD-SO","0.35","30","32","30","30","252","KL-GAS_HD-SO","0.35","30","32","30","30","252","V-KL-GAS_HD-SO","0.35","30","32","30","30","252","KL-GAS_HD-SO","","","1060","1056","http://digitalbuildingdata.tech/nlcs/def/7172e50e-4de3-47d6-9e24-f7d3d95efbe4","http://digitalbuildingdata.tech/nlcs/def/7c939b97-377b-4d12-aa24-1270c065f5a7"
"GAS_HD_AANSLUITLEIDING_1 BAR_PVC_50","*","_","**","_","KL","_","GAS","_","HD","_","AANSLUITLEIDING","_","1 BAR","_","PVC","_","50","'-","","'-","G","'-","","","*_**_KL_GAS_HD_AANSLUITLEIDING_1 BAR_PVC_50","0.18","30","32","30","30","252","KL-GAS_HD-SO","0.35","30","32","30","30","252","KL-GAS_HD-SO","0.35","30","32","30","30","252","V-KL-GAS_HD-SO","0.35","30","32","30","30","252","KL-GAS_HD-SO","","","1014","1010","http://digitalbuildingdata.tech/nlcs/def/a73b91c7-69af-47e2-9f78-07d8f8834707","http://digitalbuildingdata.tech/nlcs/def/6db63e5b-9507-4468-8688-248250ed01f7"
"GAS_LD_HOOFDLEIDING_100 MBAR_PVC_160","*","_","**","_","KL","_","GAS","_","LD","_","HOOFDLEIDING","_","100 MBAR","_","PVC","_","160","'-","","'-","G","'-","","","*_**_KL_GAS_LD_HOOFDLEIDING_100 MBAR_PVC_160","0.18","50","52","50","50","252","KL-GAS_LD-SO","0.35","50","52","50","50","252","KL-GAS_LD-SO","0.35","50","52","50","50","252","V-KL-GAS_LD-SO","0.35","50","52","50","50","252","KL-GAS_LD-SO","","","1154","1152","http://digitalbuildingdata.tech/nlcs/def/9514e4ba-2916-4b48-b80c-0a2520d3c0f1","http://digitalbuildingdata.tech/nlcs/def/e803d1f4-80b9-47e0-9c19-62311a2da1dd"
"ET_LS_SR_ARMATUUR_BAANEINDELICHT_INBOUW","*","_","**","_","KL","_","ET","_","LS","_","SR","_","ARMATUUR","_","BAANEINDELICHT","_","INBOUW","'-","","'-","G","'-","","","*_**_KL_ET_LS_SR_ARMATUUR_BAANEINDELICHT_INBOUW","0.18","190","192","190","190","252","CONTINUOUS","0.35","190","192","190","190","190","CONTINUOUS","0.35","190","192","190","190","190","V-CONTINUOUS-SO","0.35","190","192","190","190","190","CONTINUOUS","","","921","920","http://digitalbuildingdata.tech/nlcs/def/98088328-ffb2-4ea5-a67b-f3e6c0eac7eb","http://digitalbuildingdata.tech/nlcs/def/a9611cd4-8f91-4b60-8950-25f08919c909"
"GAS_HD_HOOFDLEIDING_4 BAR_PE_75","*","_","**","_","KL","_","GAS","_","HD","_","HOOFDLEIDING","_","4 BAR","_","PE","_","75","'-","","'-","G","'-","","","*_**_KL_GAS_HD_HOOFDLEIDING_4 BAR_PE_75","0.18","30","32","30","30","252","KL-GAS_HD-SO","0.35","30","32","30","30","252","KL-GAS_HD-SO","0.35","30","32","30","30","252","V-KL-GAS_HD-SO","0.35","30","32","30","30","252","KL-GAS_HD-SO","","","1076","1071","http://digitalbuildingdata.tech/nlcs/def/e89bdc08-f027-4658-9e94-4ec5f8fd51a4","http://digitalbuildingdata.tech/nlcs/def/bc271d8f-62bb-4c3f-b0dd-d5d94c11890a"
"GAS_HD_HOOFDLEIDING_1 BAR_PVC_315","*","_","**","_","KL","_","GAS","_","HD","_","HOOFDLEIDING","_","1 BAR","_","PVC","_","315","'-","","'-","G","'-","","","*_**_KL_GAS_HD_HOOFDLEIDING_1 BAR_PVC_315","0.18","30","32","30","30","252","KL-GAS_HD-SO","0.35","30","32","30","30","252","KL-GAS_HD-SO","0.35","30","32","30","30","252","V-KL-GAS_HD-SO","0.35","30","32","30","30","252","KL-GAS_HD-SO","","","1067","1063","http://digitalbuildingdata.tech/nlcs/def/7e961da8-59e8-429f-be14-a2a6f442b10c","http://digitalbuildingdata.tech/nlcs/def/b65e9a31-ed13-46d4-abc1-d743cb87c11c"
"GAS_HD_HOOFDLEIDING_4 BAR_PVC_110","*","_","**","_","KL","_","GAS","_","HD","_","HOOFDLEIDING","_","4 BAR","_","PVC","_","110","'-","","'-","G","'-","","","*_**_KL_GAS_HD_HOOFDLEIDING_4 BAR_PVC_110","0.18","30","32","30","30","252","KL-GAS_HD-SO","0.35","30","32","30","30","252","KL-GAS_HD-SO","0.35","30","32","30","30","252","V-KL-GAS_HD-SO","0.35","30","32","30","30","252","KL-GAS_HD-SO","","","1079","1078","http://digitalbuildingdata.tech/nlcs/def/19aa3daf-b267-4992-9f3b-2fea7fb75818","http://digitalbuildingdata.tech/nlcs/def/2c7cc095-01de-403a-8cee-e1aac0bad901"
"GAS_LD_AANSLUITLEIDING_100 MBAR_PE_75","*","_","**","_","KL","_","GAS","_","LD","_","AANSLUITLEIDING","_","100 MBAR","_","PE","_","75","'-","","'-","G","'-","","","*_**_KL_GAS_LD_AANSLUITLEIDING_100 MBAR_PE_75","0.18","50","52","50","50","252","KL-GAS_LD-SO","0.35","50","52","50","50","252","KL-GAS_LD-SO","0.35","50","52","50","50","252","V-KL-GAS_LD-SO","0.35","50","52","50","50","252","KL-GAS_LD-SO","","","1120","1115","http://digitalbuildingdata.tech/nlcs/def/c5287467-9417-4354-9ded-f83dacd60eff","http://digitalbuildingdata.tech/nlcs/def/a1bdcd75-02c8-4e63-9a19-bf4c33c2e7fe"
"GAS_HD_HOOFDLEIDING_1 BAR_PVC_90","*","_","**","_","KL","_","GAS","_","HD","_","HOOFDLEIDING","_","1 BAR","_","PVC","_","90","'-","","'-","G","'-","","","*_**_KL_GAS_HD_HOOFDLEIDING_1 BAR_PVC_90","0.18","30","32","30","30","252","KL-GAS_HD-SO","0.35","30","32","30","30","252","KL-GAS_HD-SO","0.35","30","32","30","30","252","V-KL-GAS_HD-SO","0.35","30","32","30","30","252","KL-GAS_HD-SO","","","1069","1063","http://digitalbuildingdata.tech/nlcs/def/bf57edd2-a4ed-4f8f-90f1-2de395805ba3","http://digitalbuildingdata.tech/nlcs/def/b65e9a31-ed13-46d4-abc1-d743cb87c11c"
"GAS_LD_AANSLUITLEIDING_30 MBAR_PE_50","*","_","**","_","KL","_","GAS","_","LD","_","AANSLUITLEIDING","_","30 MBAR","_","PE","_","50","'-","","'-","G","'-","","","*_**_KL_GAS_LD_AANSLUITLEIDING_30 MBAR_PE_50","0.18","50","52","50","50","252","KL-GAS_LD-SO","0.35","50","52","50","50","252","KL-GAS_LD-SO","0.35","50","52","50","50","252","V-KL-GAS_LD-SO","0.35","50","52","50","50","252","KL-GAS_LD-SO","","","1134","1130","http://digitalbuildingdata.tech/nlcs/def/fb709788-2a6a-47ee-be5a-54b4621c34aa","http://digitalbuildingdata.tech/nlcs/def/0e28a3fc-fe67-4b4c-a92b-480608e1b38e"
"GAS_LD_HOOFDLEIDING_30 MBAR_PE_160","*","_","**","_","KL","_","GAS","_","LD","_","HOOFDLEIDING","_","30 MBAR","_","PE","_","160","'-","","'-","G","'-","","","*_**_KL_GAS_LD_HOOFDLEIDING_30 MBAR_PE_160","0.18","50","52","50","50","252","KL-GAS_LD-SO","0.35","50","52","50","50","252","KL-GAS_LD-SO","0.35","50","52","50","50","252","V-KL-GAS_LD-SO","0.35","50","52","50","50","252","KL-GAS_LD-SO","","","1162","1160","http://digitalbuildingdata.tech/nlcs/def/971b9935-93d6-433f-851a-cfa3c66db81a","http://digitalbuildingdata.tech/nlcs/def/67c45379-d783-479e-8c12-3e1a5e3aaa02"
"ET_LS_SR_ARMATUUR_DREMPELLICHT_OPBOUW","*","_","**","_","KL","_","ET","_","LS","_","SR","_","ARMATUUR","_","DREMPELLICHT","_","OPBOUW","'-","","'-","G","'-","","","*_**_KL_ET_LS_SR_ARMATUUR_DREMPELLICHT_OPBOUW","0.18","190","192","190","190","252","CONTINUOUS","0.35","190","192","190","190","190","CONTINUOUS","0.35","190","192","190","190","190","V-CONTINUOUS-SO","0.35","190","192","190","190","190","CONTINUOUS","","","925","923","http://digitalbuildingdata.tech/nlcs/def/8ae7677c-0a0c-47ad-84d2-ba532bbfc950","http://digitalbuildingdata.tech/nlcs/def/31946ea8-24f6-4c29-b873-50bf31cdbb0a"
"GAS_HD_AANSLUITLEIDING_4 BAR_PE_63","*","_","**","_","KL","_","GAS","_","HD","_","AANSLUITLEIDING","_","4 BAR","_","PE","_","63","'-","","'-","G","'-","","","*_**_KL_GAS_HD_AANSLUITLEIDING_4 BAR_PE_63","0.18","30","32","30","30","252","KL-GAS_HD-SO","0.35","30","32","30","30","252","KL-GAS_HD-SO","0.35","30","32","30","30","252","V-KL-GAS_HD-SO","0.35","30","32","30","30","252","KL-GAS_HD-SO","","","1024","1019","http://digitalbuildingdata.tech/nlcs/def/9e3728c4-b66e-46cf-ad0c-edfea6ea1ce0","http://digitalbuildingdata.tech/nlcs/def/f3db663d-fe28-45ce-a691-958ff9150395"
"GAS_HD_AANSLUITLEIDING_8 BAR_PE_40","*","_","**","_","KL","_","GAS","_","HD","_","AANSLUITLEIDING","_","8 BAR","_","PE","_","40","'-","","'-","G","'-","","","*_**_KL_GAS_HD_AANSLUITLEIDING_8 BAR_PE_40","0.18","30","32","30","30","252","KL-GAS_HD-SO","0.35","30","32","30","30","252","KL-GAS_HD-SO","0.35","30","32","30","30","252","V-KL-GAS_HD-SO","0.35","30","32","30","30","252","KL-GAS_HD-SO","","","1041","1038","http://digitalbuildingdata.tech/nlcs/def/252ef8ca-6e95-43e4-a279-d7015c589c8b","http://digitalbuildingdata.tech/nlcs/def/69f9c6ee-abd8-4069-878f-fca88a2f67c7"
"GAS_HD_HOOFDLEIDING_8 BAR_PE_160","*","_","**","_","KL","_","GAS","_","HD","_","HOOFDLEIDING","_","8 BAR","_","PE","_","160","'-","","'-","G","'-","","","*_**_KL_GAS_HD_HOOFDLEIDING_8 BAR_PE_160","0.18","30","32","30","30","252","KL-GAS_HD-SO","0.35","30","32","30","30","252","KL-GAS_HD-SO","0.35","30","32","30","30","252","V-KL-GAS_HD-SO","0.35","30","32","30","30","252","KL-GAS_HD-SO","","","1090","1088","http://digitalbuildingdata.tech/nlcs/def/ff991d02-2398-484b-88d6-392550e339e4","http://digitalbuildingdata.tech/nlcs/def/72a35eb9-2d2b-4305-85a6-5676b91cb472"
"GAS_LD_AANSLUITLEIDING_100 MBAR_PVC_50","*","_","**","_","KL","_","GAS","_","LD","_","AANSLUITLEIDING","_","100 MBAR","_","PVC","_","50","'-","","'-","G","'-","","","*_**_KL_GAS_LD_AANSLUITLEIDING_100 MBAR_PVC_50","0.18","50","52","50","50","252","KL-GAS_LD-SO","0.35","50","52","50","50","252","KL-GAS_LD-SO","0.35","50","52","50","50","252","V-KL-GAS_LD-SO","0.35","50","52","50","50","252","KL-GAS_LD-SO","","","1126","1122","http://digitalbuildingdata.tech/nlcs/def/89453e9c-0c81-46f1-8e54-10d02e09caf5","http://digitalbuildingdata.tech/nlcs/def/347b6155-0d90-4921-b2fb-17f15b021ea5"
"ET_LS_SR_ARMATUUR_ROLBAANLICHT_OPBOUW","*","_","**","_","KL","_","ET","_","LS","_","SR","_","ARMATUUR","_","ROLBAANLICHT","_","OPBOUW","'-","","'-","G","'-","","","*_**_KL_ET_LS_SR_ARMATUUR_ROLBAANLICHT_OPBOUW","0.18","190","192","190","190","252","CONTINUOUS","0.35","190","192","190","190","190","CONTINUOUS","0.35","190","192","190","190","190","V-CONTINUOUS-SO","0.35","190","192","190","190","190","CONTINUOUS","","","940","938","http://digitalbuildingdata.tech/nlcs/def/2805924e-ff94-4bd1-8b02-092b779e4c2d","http://digitalbuildingdata.tech/nlcs/def/32fb2f9b-6013-4c52-bf76-6ee87b2c3384"
"GAS_HD_AANSLUITLEIDING_4 BAR_PE_40","*","_","**","_","KL","_","GAS","_","HD","_","AANSLUITLEIDING","_","4 BAR","_","PE","_","40","'-","","'-","G","'-","","","*_**_KL_GAS_HD_AANSLUITLEIDING_4 BAR_PE_40","0.18","30","32","30","30","252","KL-GAS_HD-SO","0.35","30","32","30","30","252","KL-GAS_HD-SO","0.35","30","32","30","30","252","V-KL-GAS_HD-SO","0.35","30","32","30","30","252","KL-GAS_HD-SO","","","1022","1019","http://digitalbuildingdata.tech/nlcs/def/fc75750e-54c3-43d3-9c64-4922d3b8d54c","http://digitalbuildingdata.tech/nlcs/def/f3db663d-fe28-45ce-a691-958ff9150395"
"GAS_LD_HOOFDLEIDING_30 MBAR_PE_110","*","_","**","_","KL","_","GAS","_","LD","_","HOOFDLEIDING","_","30 MBAR","_","PE","_","110","'-","","'-","G","'-","","","*_**_KL_GAS_LD_HOOFDLEIDING_30 MBAR_PE_110","0.18","50","52","50","50","252","KL-GAS_LD-SO","0.35","50","52","50","50","252","KL-GAS_LD-SO","0.35","50","52","50","50","252","V-KL-GAS_LD-SO","0.35","50","52","50","50","252","KL-GAS_LD-SO","","","1161","1160","http://digitalbuildingdata.tech/nlcs/def/fc21babc-2906-4960-a625-f760a32c7fb8","http://digitalbuildingdata.tech/nlcs/def/67c45379-d783-479e-8c12-3e1a5e3aaa02"
"GAS_LD_AANSLUITLEIDING_30 MBAR_PE_32","*","_","**","_","KL","_","GAS","_","LD","_","AANSLUITLEIDING","_","30 MBAR","_","PE","_","32","'-","","'-","G","'-","","","*_**_KL_GAS_LD_AANSLUITLEIDING_30 MBAR_PE_32","0.18","50","52","50","50","252","KL-GAS_LD-SO","0.35","50","52","50","50","252","KL-GAS_LD-SO","0.35","50","52","50","50","252","V-KL-GAS_LD-SO","0.35","50","52","50","50","252","KL-GAS_LD-SO","","","1132","1130","http://digitalbuildingdata.tech/nlcs/def/bc01b3a2-f226-4442-86db-3ff26c7aaba3","http://digitalbuildingdata.tech/nlcs/def/0e28a3fc-fe67-4b4c-a92b-480608e1b38e"
"GAS_HD_HOOFDLEIDING_1 BAR_PE_250","*","_","**","_","KL","_","GAS","_","HD","_","HOOFDLEIDING","_","1 BAR","_","PE","_","250","'-","","'-","G","'-","","","*_**_KL_GAS_HD_HOOFDLEIDING_1 BAR_PE_250","0.18","30","32","30","30","252","KL-GAS_HD-SO","0.35","30","32","30","30","252","KL-GAS_HD-SO","0.35","30","32","30","30","252","V-KL-GAS_HD-SO","0.35","30","32","30","30","252","KL-GAS_HD-SO","","","1059","1056","http://digitalbuildingdata.tech/nlcs/def/deab7ca9-bec3-48b3-9b9a-33cd230680d6","http://digitalbuildingdata.tech/nlcs/def/7c939b97-377b-4d12-aa24-1270c065f5a7"
"GAS_HD_HOOFDLEIDING_1 BAR_PE_75","*","_","**","_","KL","_","GAS","_","HD","_","HOOFDLEIDING","_","1 BAR","_","PE","_","75","'-","","'-","G","'-","","","*_**_KL_GAS_HD_HOOFDLEIDING_1 BAR_PE_75","0.18","30","32","30","30","252","KL-GAS_HD-SO","0.35","30","32","30","30","252","KL-GAS_HD-SO","0.35","30","32","30","30","252","V-KL-GAS_HD-SO","0.35","30","32","30","30","252","KL-GAS_HD-SO","","","1061","1056","http://digitalbuildingdata.tech/nlcs/def/2f7fe6b4-1f3a-4e93-a419-1c354c5c9df8","http://digitalbuildingdata.tech/nlcs/def/7c939b97-377b-4d12-aa24-1270c065f5a7"
"GAS_HD_HOOFDLEIDING_1 BAR_PVC_250","*","_","**","_","KL","_","GAS","_","HD","_","HOOFDLEIDING","_","1 BAR","_","PVC","_","250","'-","","'-","G","'-","","","*_**_KL_GAS_HD_HOOFDLEIDING_1 BAR_PVC_250","0.18","30","32","30","30","252","KL-GAS_HD-SO","0.35","30","32","30","30","252","KL-GAS_HD-SO","0.35","30","32","30","30","252","V-KL-GAS_HD-SO","0.35","30","32","30","30","252","KL-GAS_HD-SO","","","1066","1063","http://digitalbuildingdata.tech/nlcs/def/14ecc568-c23b-4205-860b-fc104c174252","http://digitalbuildingdata.tech/nlcs/def/b65e9a31-ed13-46d4-abc1-d743cb87c11c"
"GAS_LD_AANSLUITLEIDING_100 MBAR_PVC_75","*","_","**","_","KL","_","GAS","_","LD","_","AANSLUITLEIDING","_","100 MBAR","_","PVC","_","75","'-","","'-","G","'-","","","*_**_KL_GAS_LD_AANSLUITLEIDING_100 MBAR_PVC_75","0.18","50","52","50","50","252","KL-GAS_LD-SO","0.35","50","52","50","50","252","KL-GAS_LD-SO","0.35","50","52","50","50","252","V-KL-GAS_LD-SO","0.35","50","52","50","50","252","KL-GAS_LD-SO","","","1127","1122","http://digitalbuildingdata.tech/nlcs/def/6fd96d64-89c2-4eba-b1a8-ee249ff54863","http://digitalbuildingdata.tech/nlcs/def/347b6155-0d90-4921-b2fb-17f15b021ea5"
"GAS_LD_AANSLUITLEIDING_30 MBAR_PVC_50","*","_","**","_","KL","_","GAS","_","LD","_","AANSLUITLEIDING","_","30 MBAR","_","PVC","_","50","'-","","'-","G","'-","","","*_**_KL_GAS_LD_AANSLUITLEIDING_30 MBAR_PVC_50","0.18","50","52","50","50","252","KL-GAS_LD-SO","0.35","50","52","50","50","252","KL-GAS_LD-SO","0.35","50","52","50","50","252","V-KL-GAS_LD-SO","0.35","50","52","50","50","252","KL-GAS_LD-SO","","","1141","1137","http://digitalbuildingdata.tech/nlcs/def/356f343f-1b55-46c5-ad87-368892482227","http://digitalbuildingdata.tech/nlcs/def/af494a6a-35d2-4e8c-8d3a-e9866c777b0a"
"GAS_HD_HOOFDLEIDING_1 BAR_PE_110","*","_","**","_","KL","_","GAS","_","HD","_","HOOFDLEIDING","_","1 BAR","_","PE","_","110","'-","","'-","G","'-","","","*_**_KL_GAS_HD_HOOFDLEIDING_1 BAR_PE_110","0.18","30","32","30","30","252","KL-GAS_HD-SO","0.35","30","32","30","30","252","KL-GAS_HD-SO","0.35","30","32","30","30","252","V-KL-GAS_HD-SO","0.35","30","32","30","30","252","KL-GAS_HD-SO","","","1057","1056","http://digitalbuildingdata.tech/nlcs/def/dc985677-3f00-4563-8830-c6d228ea235c","http://digitalbuildingdata.tech/nlcs/def/7c939b97-377b-4d12-aa24-1270c065f5a7"
"GAS_HD_AANSLUITLEIDING_4 BAR_PE_90","*","_","**","_","KL","_","GAS","_","HD","_","AANSLUITLEIDING","_","4 BAR","_","PE","_","90","'-","","'-","G","'-","","","*_**_KL_GAS_HD_AANSLUITLEIDING_4 BAR_PE_90","0.18","30","32","30","30","252","KL-GAS_HD-SO","0.35","30","32","30","30","252","KL-GAS_HD-SO","0.35","30","32","30","30","252","V-KL-GAS_HD-SO","0.35","30","32","30","30","252","KL-GAS_HD-SO","","","1026","1019","http://digitalbuildingdata.tech/nlcs/def/9d0db9b3-1dd5-4284-97b2-33772dc1c80b","http://digitalbuildingdata.tech/nlcs/def/f3db663d-fe28-45ce-a691-958ff9150395"
"GAS_HD_AANSLUITLEIDING_1 BAR_PE_40","*","_","**","_","KL","_","GAS","_","HD","_","AANSLUITLEIDING","_","1 BAR","_","PE","_","40","'-","","'-","G","'-","","","*_**_KL_GAS_HD_AANSLUITLEIDING_1 BAR_PE_40","0.18","30","32","30","30","252","KL-GAS_HD-SO","0.35","30","32","30","30","252","KL-GAS_HD-SO","0.35","30","32","30","30","252","V-KL-GAS_HD-SO","0.35","30","32","30","30","252","KL-GAS_HD-SO","","","1005","1002","http://digitalbuildingdata.tech/nlcs/def/9992a087-a78f-474d-b2e2-8bffa8f727f2","http://digitalbuildingdata.tech/nlcs/def/af3e73c6-b9b9-4857-8605-ae2a38190b17"
"GAS_LD_HOOFDLEIDING_100 MBAR_PVC_110","*","_","**","_","KL","_","GAS","_","LD","_","HOOFDLEIDING","_","100 MBAR","_","PVC","_","110","'-","","'-","G","'-","","","*_**_KL_GAS_LD_HOOFDLEIDING_100 MBAR_PVC_110","0.18","50","52","50","50","252","KL-GAS_LD-SO","0.35","50","52","50","50","252","KL-GAS_LD-SO","0.35","50","52","50","50","252","V-KL-GAS_LD-SO","0.35","50","52","50","50","252","KL-GAS_LD-SO","","","1153","1152","http://digitalbuildingdata.tech/nlcs/def/136707ac-b93a-41d0-94cd-e51a863ee417","http://digitalbuildingdata.tech/nlcs/def/e803d1f4-80b9-47e0-9c19-62311a2da1dd"
"ET_LS_SR_ARMATUUR_STARTBAANLICHT_INBOUW","*","_","**","_","KL","_","ET","_","LS","_","SR","_","ARMATUUR","_","STARTBAANLICHT","_","INBOUW","'-","","'-","G","'-","","","*_**_KL_ET_LS_SR_ARMATUUR_STARTBAANLICHT_INBOUW","0.18","190","192","190","190","252","CONTINUOUS","0.35","190","192","190","190","190","CONTINUOUS","0.35","190","192","190","190","190","V-CONTINUOUS-SO","0.35","190","192","190","190","190","CONTINUOUS","","","942","941","http://digitalbuildingdata.tech/nlcs/def/e8ecbfb3-b00a-4dd8-89f7-7c67d2225026","http://digitalbuildingdata.tech/nlcs/def/92477ddd-18dd-47ca-bbe0-d49dde95a0ec"
"GAS_HD_AANSLUITLEIDING_1 BAR_PVC_63","*","_","**","_","KL","_","GAS","_","HD","_","AANSLUITLEIDING","_","1 BAR","_","PVC","_","63","'-","","'-","G","'-","","","*_**_KL_GAS_HD_AANSLUITLEIDING_1 BAR_PVC_63","0.18","30","32","30","30","252","KL-GAS_HD-SO","0.35","30","32","30","30","252","KL-GAS_HD-SO","0.35","30","32","30","30","252","V-KL-GAS_HD-SO","0.35","30","32","30","30","252","KL-GAS_HD-SO","","","1015","1010","http://digitalbuildingdata.tech/nlcs/def/2a4879d1-6f02-4a00-9ffd-7a2b8015cc96","http://digitalbuildingdata.tech/nlcs/def/6db63e5b-9507-4468-8688-248250ed01f7"
"GAS_LD_HOOFDLEIDING_100 MBAR_PE_75","*","_","**","_","KL","_","GAS","_","LD","_","HOOFDLEIDING","_","100 MBAR","_","PE","_","75","'-","","'-","G","'-","","","*_**_KL_GAS_LD_HOOFDLEIDING_100 MBAR_PE_75","0.18","50","52","50","50","252","KL-GAS_LD-SO","0.35","50","52","50","50","252","KL-GAS_LD-SO","0.35","50","52","50","50","252","V-KL-GAS_LD-SO","0.35","50","52","50","50","252","KL-GAS_LD-SO","","","1150","1145","http://digitalbuildingdata.tech/nlcs/def/5544ae4a-d43a-4f3e-ac03-cbc675bbcc1c","http://digitalbuildingdata.tech/nlcs/def/bff4b5a9-a6c2-4d1e-bf8e-d9ead98ad5b7"
"GAS_HD_AANSLUITLEIDING_8 BAR_PVC_90","*","_","**","_","KL","_","GAS","_","HD","_","AANSLUITLEIDING","_","8 BAR","_","PVC","_","90","'-","","'-","G","'-","","","*_**_KL_GAS_HD_AANSLUITLEIDING_8 BAR_PVC_90","0.18","30","32","30","30","252","KL-GAS_HD-SO","0.35","30","32","30","30","252","KL-GAS_HD-SO","0.35","30","32","30","30","252","V-KL-GAS_HD-SO","0.35","30","32","30","30","252","KL-GAS_HD-SO","","","1053","1046","http://digitalbuildingdata.tech/nlcs/def/f47a983d-34f0-4a28-811a-170ea64803fa","http://digitalbuildingdata.tech/nlcs/def/919a6f20-7e07-4638-849f-e12f56d263e5"
"GAS_HD_AANSLUITLEIDING_8 BAR_PE_75","*","_","**","_","KL","_","GAS","_","HD","_","AANSLUITLEIDING","_","8 BAR","_","PE","_","75","'-","","'-","G","'-","","","*_**_KL_GAS_HD_AANSLUITLEIDING_8 BAR_PE_75","0.18","30","32","30","30","252","KL-GAS_HD-SO","0.35","30","32","30","30","252","KL-GAS_HD-SO","0.35","30","32","30","30","252","V-KL-GAS_HD-SO","0.35","30","32","30","30","252","KL-GAS_HD-SO","","","1044","1038","http://digitalbuildingdata.tech/nlcs/def/2a333fe5-a708-423a-8693-1ba1f4485661","http://digitalbuildingdata.tech/nlcs/def/69f9c6ee-abd8-4069-878f-fca88a2f67c7"
"GAS_HD_HOOFDLEIDING_4 BAR_PE_315","*","_","**","_","KL","_","GAS","_","HD","_","HOOFDLEIDING","_","4 BAR","_","PE","_","315","'-","","'-","G","'-","","","*_**_KL_GAS_HD_HOOFDLEIDING_4 BAR_PE_315","0.18","30","32","30","30","252","KL-GAS_HD-SO","0.35","30","32","30","30","252","KL-GAS_HD-SO","0.35","30","32","30","30","252","V-KL-GAS_HD-SO","0.35","30","32","30","30","252","KL-GAS_HD-SO","","","1075","1071","http://digitalbuildingdata.tech/nlcs/def/c5d09ac8-acac-4b47-9213-193e88eba2e6","http://digitalbuildingdata.tech/nlcs/def/bc271d8f-62bb-4c3f-b0dd-d5d94c11890a"
"GAS_LD_HOOFDLEIDING_100 MBAR_PVC_250","*","_","**","_","KL","_","GAS","_","LD","_","HOOFDLEIDING","_","100 MBAR","_","PVC","_","250","'-","","'-","G","'-","","","*_**_KL_GAS_LD_HOOFDLEIDING_100 MBAR_PVC_250","0.18","50","52","50","50","252","KL-GAS_LD-SO","0.35","50","52","50","50","252","KL-GAS_LD-SO","0.35","50","52","50","50","252","V-KL-GAS_LD-SO","0.35","50","52","50","50","252","KL-GAS_LD-SO","","","1155","1152","http://digitalbuildingdata.tech/nlcs/def/ad1b5b13-13b0-4125-91f0-a4dd99dcd6ac","http://digitalbuildingdata.tech/nlcs/def/e803d1f4-80b9-47e0-9c19-62311a2da1dd"
"GAS_HD_AANSLUITLEIDING_1 BAR_PE_50","*","_","**","_","KL","_","GAS","_","HD","_","AANSLUITLEIDING","_","1 BAR","_","PE","_","50","'-","","'-","G","'-","","","*_**_KL_GAS_HD_AANSLUITLEIDING_1 BAR_PE_50","0.18","30","32","30","30","252","KL-GAS_HD-SO","0.35","30","32","30","30","252","KL-GAS_HD-SO","0.35","30","32","30","30","252","V-KL-GAS_HD-SO","0.35","30","32","30","30","252","KL-GAS_HD-SO","","","1006","1002","http://digitalbuildingdata.tech/nlcs/def/2c998263-2c00-44f5-ba29-1debb4fbde26","http://digitalbuildingdata.tech/nlcs/def/af3e73c6-b9b9-4857-8605-ae2a38190b17"
"GAS_HD_HOOFDLEIDING_1 BAR_PE_90","*","_","**","_","KL","_","GAS","_","HD","_","HOOFDLEIDING","_","1 BAR","_","PE","_","90","'-","","'-","G","'-","","","*_**_KL_GAS_HD_HOOFDLEIDING_1 BAR_PE_90","0.18","30","32","30","30","252","KL-GAS_HD-SO","0.35","30","32","30","30","252","KL-GAS_HD-SO","0.35","30","32","30","30","252","V-KL-GAS_HD-SO","0.35","30","32","30","30","252","KL-GAS_HD-SO","","","1062","1056","http://digitalbuildingdata.tech/nlcs/def/aa4656a7-5209-43df-90ca-d2052f6e0f21","http://digitalbuildingdata.tech/nlcs/def/7c939b97-377b-4d12-aa24-1270c065f5a7"
"GAS_LD_AANSLUITLEIDING_30 MBAR_PE_90","*","_","**","_","KL","_","GAS","_","LD","_","AANSLUITLEIDING","_","30 MBAR","_","PE","_","90","'-","","'-","G","'-","","","*_**_KL_GAS_LD_AANSLUITLEIDING_30 MBAR_PE_90","0.18","50","52","50","50","252","KL-GAS_LD-SO","0.35","50","52","50","50","252","KL-GAS_LD-SO","0.35","50","52","50","50","252","V-KL-GAS_LD-SO","0.35","50","52","50","50","252","KL-GAS_LD-SO","","","1136","1130","http://digitalbuildingdata.tech/nlcs/def/3ab1df90-4e2d-47e8-9d2c-a1e7fe4b4f97","http://digitalbuildingdata.tech/nlcs/def/0e28a3fc-fe67-4b4c-a92b-480608e1b38e"
"GAS_LD_HOOFDLEIDING_100 MBAR_PVC_75","*","_","**","_","KL","_","GAS","_","LD","_","HOOFDLEIDING","_","100 MBAR","_","PVC","_","75","'-","","'-","G","'-","","","*_**_KL_GAS_LD_HOOFDLEIDING_100 MBAR_PVC_75","0.18","50","52","50","50","252","KL-GAS_LD-SO","0.35","50","52","50","50","252","KL-GAS_LD-SO","0.35","50","52","50","50","252","V-KL-GAS_LD-SO","0.35","50","52","50","50","252","KL-GAS_LD-SO","","","1157","1152","http://digitalbuildingdata.tech/nlcs/def/feb6f11f-883e-4a2c-ad17-be5057e0c2a3","http://digitalbuildingdata.tech/nlcs/def/e803d1f4-80b9-47e0-9c19-62311a2da1dd"
"GAS_LD_HOOFDLEIDING_30 MBAR_PVC_110","*","_","**","_","KL","_","GAS","_","LD","_","HOOFDLEIDING","_","30 MBAR","_","PVC","_","110","'-","","'-","G","'-","","","*_**_KL_GAS_LD_HOOFDLEIDING_30 MBAR_PVC_110","0.18","50","52","50","50","252","KL-GAS_LD-SO","0.35","50","52","50","50","252","KL-GAS_LD-SO","0.35","50","52","50","50","252","V-KL-GAS_LD-SO","0.35","50","52","50","50","252","KL-GAS_LD-SO","","","1168","1167","http://digitalbuildingdata.tech/nlcs/def/8a538432-7ad2-4913-a3f3-6c829cbddd2b","http://digitalbuildingdata.tech/nlcs/def/f382e6b3-6f0c-41d9-b095-78ad09475c03"
"GAS_HD_HOOFDLEIDING_4 BAR_PVC_90","*","_","**","_","KL","_","GAS","_","HD","_","HOOFDLEIDING","_","4 BAR","_","PVC","_","90","'-","","'-","G","'-","","","*_**_KL_GAS_HD_HOOFDLEIDING_4 BAR_PVC_90","0.18","30","32","30","30","252","KL-GAS_HD-SO","0.35","30","32","30","30","252","KL-GAS_HD-SO","0.35","30","32","30","30","252","V-KL-GAS_HD-SO","0.35","30","32","30","30","252","KL-GAS_HD-SO","","","1084","1078","http://digitalbuildingdata.tech/nlcs/def/795e700a-a47f-4f52-95c1-9fa1759ca5ac","http://digitalbuildingdata.tech/nlcs/def/2c7cc095-01de-403a-8cee-e1aac0bad901"
"GAS_HD_AANSLUITLEIDING_8 BAR_PE_63","*","_","**","_","KL","_","GAS","_","HD","_","AANSLUITLEIDING","_","8 BAR","_","PE","_","63","'-","","'-","G","'-","","","*_**_KL_GAS_HD_AANSLUITLEIDING_8 BAR_PE_63","0.18","30","32","30","30","252","KL-GAS_HD-SO","0.35","30","32","30","30","252","KL-GAS_HD-SO","0.35","30","32","30","30","252","V-KL-GAS_HD-SO","0.35","30","32","30","30","252","KL-GAS_HD-SO","","","1043","1038","http://digitalbuildingdata.tech/nlcs/def/bd4b96f1-b00d-4b07-8ef2-ddfee6ce12de","http://digitalbuildingdata.tech/nlcs/def/69f9c6ee-abd8-4069-878f-fca88a2f67c7"
"GAS_HD_AANSLUITLEIDING_1 BAR_PVC_75","*","_","**","_","KL","_","GAS","_","HD","_","AANSLUITLEIDING","_","1 BAR","_","PVC","_","75","'-","","'-","G","'-","","","*_**_KL_GAS_HD_AANSLUITLEIDING_1 BAR_PVC_75","0.18","30","32","30","30","252","KL-GAS_HD-SO","0.35","30","32","30","30","252","KL-GAS_HD-SO","0.35","30","32","30","30","252","V-KL-GAS_HD-SO","0.35","30","32","30","30","252","KL-GAS_HD-SO","","","1016","1010","http://digitalbuildingdata.tech/nlcs/def/cc2b18f4-6128-42de-8ed6-0f053bd09395","http://digitalbuildingdata.tech/nlcs/def/6db63e5b-9507-4468-8688-248250ed01f7"
"GAS_LD_HOOFDLEIDING_30 MBAR_PVC_160","*","_","**","_","KL","_","GAS","_","LD","_","HOOFDLEIDING","_","30 MBAR","_","PVC","_","160","'-","","'-","G","'-","","","*_**_KL_GAS_LD_HOOFDLEIDING_30 MBAR_PVC_160","0.18","50","52","50","50","252","KL-GAS_LD-SO","0.35","50","52","50","50","252","KL-GAS_LD-SO","0.35","50","52","50","50","252","V-KL-GAS_LD-SO","0.35","50","52","50","50","252","KL-GAS_LD-SO","","","1169","1167","http://digitalbuildingdata.tech/nlcs/def/f1a209be-f575-4e2b-a87a-9a53d714039f","http://digitalbuildingdata.tech/nlcs/def/f382e6b3-6f0c-41d9-b095-78ad09475c03"
"GAS_HD_HOOFDLEIDING_4 BAR_PE_90","*","_","**","_","KL","_","GAS","_","HD","_","HOOFDLEIDING","_","4 BAR","_","PE","_","90","'-","","'-","G","'-","","","*_**_KL_GAS_HD_HOOFDLEIDING_4 BAR_PE_90","0.18","30","32","30","30","252","KL-GAS_HD-SO","0.35","30","32","30","30","252","KL-GAS_HD-SO","0.35","30","32","30","30","252","V-KL-GAS_HD-SO","0.35","30","32","30","30","252","KL-GAS_HD-SO","","","1077","1071","http://digitalbuildingdata.tech/nlcs/def/57c8b559-f864-43fd-975c-de0e418a0e70","http://digitalbuildingdata.tech/nlcs/def/bc271d8f-62bb-4c3f-b0dd-d5d94c11890a"
"GAS_HD_AANSLUITLEIDING_4 BAR_PVC_63","*","_","**","_","KL","_","GAS","_","HD","_","AANSLUITLEIDING","_","4 BAR","_","PVC","_","63","'-","","'-","G","'-","","","*_**_KL_GAS_HD_AANSLUITLEIDING_4 BAR_PVC_63","0.18","30","32","30","30","252","KL-GAS_HD-SO","0.35","30","32","30","30","252","KL-GAS_HD-SO","0.35","30","32","30","30","252","V-KL-GAS_HD-SO","0.35","30","32","30","30","252","KL-GAS_HD-SO","","","1032","1027","http://digitalbuildingdata.tech/nlcs/def/6068e5a2-f869-4b95-b11f-1e97611eaee1","http://digitalbuildingdata.tech/nlcs/def/5b5fb41b-3da3-452d-9392-b59f7c3f1bac"
"GAS_LD_HOOFDLEIDING_100 MBAR_PVC_90","*","_","**","_","KL","_","GAS","_","LD","_","HOOFDLEIDING","_","100 MBAR","_","PVC","_","90","'-","","'-","G","'-","","","*_**_KL_GAS_LD_HOOFDLEIDING_100 MBAR_PVC_90","0.18","50","52","50","50","252","KL-GAS_LD-SO","0.35","50","52","50","50","252","KL-GAS_LD-SO","0.35","50","52","50","50","252","V-KL-GAS_LD-SO","0.35","50","52","50","50","252","KL-GAS_LD-SO","","","1158","1152","http://digitalbuildingdata.tech/nlcs/def/99a3b2dd-9515-42cf-815c-ee75ccfc6d26","http://digitalbuildingdata.tech/nlcs/def/e803d1f4-80b9-47e0-9c19-62311a2da1dd"
"GAS_LD_HOOFDLEIDING_30 MBAR_PVC_75","*","_","**","_","KL","_","GAS","_","LD","_","HOOFDLEIDING","_","30 MBAR","_","PVC","_","75","'-","","'-","G","'-","","","*_**_KL_GAS_LD_HOOFDLEIDING_30 MBAR_PVC_75","0.18","50","52","50","50","252","KL-GAS_LD-SO","0.35","50","52","50","50","252","KL-GAS_LD-SO","0.35","50","52","50","50","252","V-KL-GAS_LD-SO","0.35","50","52","50","50","252","KL-GAS_LD-SO","","","1172","1167","http://digitalbuildingdata.tech/nlcs/def/dfaf2c49-80de-4120-a33e-fb026cd047f8","http://digitalbuildingdata.tech/nlcs/def/f382e6b3-6f0c-41d9-b095-78ad09475c03"
"GAS_HD_HOOFDLEIDING_4 BAR_PE_250","*","_","**","_","KL","_","GAS","_","HD","_","HOOFDLEIDING","_","4 BAR","_","PE","_","250","'-","","'-","G","'-","","","*_**_KL_GAS_HD_HOOFDLEIDING_4 BAR_PE_250","0.18","30","32","30","30","252","KL-GAS_HD-SO","0.35","30","32","30","30","252","KL-GAS_HD-SO","0.35","30","32","30","30","252","V-KL-GAS_HD-SO","0.35","30","32","30","30","252","KL-GAS_HD-SO","","","1074","1071","http://digitalbuildingdata.tech/nlcs/def/bbdf0bb7-380b-4499-9cdf-c849cbabf76c","http://digitalbuildingdata.tech/nlcs/def/bc271d8f-62bb-4c3f-b0dd-d5d94c11890a"
"GAS_HD_AANSLUITLEIDING_4 BAR_PE_25","*","_","**","_","KL","_","GAS","_","HD","_","AANSLUITLEIDING","_","4 BAR","_","PE","_","25","'-","","'-","G","'-","","","*_**_KL_GAS_HD_AANSLUITLEIDING_4 BAR_PE_25","0.18","30","32","30","30","252","KL-GAS_HD-SO","0.35","30","32","30","30","252","KL-GAS_HD-SO","0.35","30","32","30","30","252","V-KL-GAS_HD-SO","0.35","30","32","30","30","252","KL-GAS_HD-SO","","","1020","1019","http://digitalbuildingdata.tech/nlcs/def/c2b2a9ed-b208-4770-8668-7a99656ac2d2","http://digitalbuildingdata.tech/nlcs/def/f3db663d-fe28-45ce-a691-958ff9150395"
"GAS_LD_HOOFDLEIDING_30 MBAR_PE_75","*","_","**","_","KL","_","GAS","_","LD","_","HOOFDLEIDING","_","30 MBAR","_","PE","_","75","'-","","'-","G","'-","","","*_**_KL_GAS_LD_HOOFDLEIDING_30 MBAR_PE_75","0.18","50","52","50","50","252","KL-GAS_LD-SO","0.35","50","52","50","50","252","KL-GAS_LD-SO","0.35","50","52","50","50","252","V-KL-GAS_LD-SO","0.35","50","52","50","50","252","KL-GAS_LD-SO","","","1165","1160","http://digitalbuildingdata.tech/nlcs/def/f78c34bb-bf7e-4d01-a08f-48fe572055f2","http://digitalbuildingdata.tech/nlcs/def/67c45379-d783-479e-8c12-3e1a5e3aaa02"
"GAS_LD_AANSLUITLEIDING_100 MBAR_PVC_90","*","_","**","_","KL","_","GAS","_","LD","_","AANSLUITLEIDING","_","100 MBAR","_","PVC","_","90","'-","","'-","G","'-","","","*_**_KL_GAS_LD_AANSLUITLEIDING_100 MBAR_PVC_90","0.18","50","52","50","50","252","KL-GAS_LD-SO","0.35","50","52","50","50","252","KL-GAS_LD-SO","0.35","50","52","50","50","252","V-KL-GAS_LD-SO","0.35","50","52","50","50","252","KL-GAS_LD-SO","","","1128","1122","http://digitalbuildingdata.tech/nlcs/def/6947ae0c-0a49-4c19-8135-d654d4be67e5","http://digitalbuildingdata.tech/nlcs/def/347b6155-0d90-4921-b2fb-17f15b021ea5"
"GAS_HD_AANSLUITLEIDING_1 BAR_PVC_25","*","_","**","_","KL","_","GAS","_","HD","_","AANSLUITLEIDING","_","1 BAR","_","PVC","_","25","'-","","'-","G","'-","","","*_**_KL_GAS_HD_AANSLUITLEIDING_1 BAR_PVC_25","0.18","30","32","30","30","252","KL-GAS_HD-SO","0.35","30","32","30","30","252","KL-GAS_HD-SO","0.35","30","32","30","30","252","V-KL-GAS_HD-SO","0.35","30","32","30","30","252","KL-GAS_HD-SO","","","1011","1010","http://digitalbuildingdata.tech/nlcs/def/c65a429c-647d-4f1e-9ceb-92191dfd212b","http://digitalbuildingdata.tech/nlcs/def/6db63e5b-9507-4468-8688-248250ed01f7"
"GAS_HD_HOOFDLEIDING_4 BAR_PVC_160","*","_","**","_","KL","_","GAS","_","HD","_","HOOFDLEIDING","_","4 BAR","_","PVC","_","160","'-","","'-","G","'-","","","*_**_KL_GAS_HD_HOOFDLEIDING_4 BAR_PVC_160","0.18","30","32","30","30","252","KL-GAS_HD-SO","0.35","30","32","30","30","252","KL-GAS_HD-SO","0.35","30","32","30","30","252","V-KL-GAS_HD-SO","0.35","30","32","30","30","252","KL-GAS_HD-SO","","","1080","1078","http://digitalbuildingdata.tech/nlcs/def/f62f8566-f0c7-41db-8c7e-422ce2f555eb","http://digitalbuildingdata.tech/nlcs/def/2c7cc095-01de-403a-8cee-e1aac0bad901"
"GAS_HD_HOOFDLEIDING_8 BAR_PE_250","*","_","**","_","KL","_","GAS","_","HD","_","HOOFDLEIDING","_","8 BAR","_","PE","_","250","'-","","'-","G","'-","","","*_**_KL_GAS_HD_HOOFDLEIDING_8 BAR_PE_250","0.18","30","32","30","30","252","KL-GAS_HD-SO","0.35","30","32","30","30","252","KL-GAS_HD-SO","0.35","30","32","30","30","252","V-KL-GAS_HD-SO","0.35","30","32","30","30","252","KL-GAS_HD-SO","","","1091","1088","http://digitalbuildingdata.tech/nlcs/def/85023bf8-6bcd-4759-afa3-e2ad5ce9c0ee","http://digitalbuildingdata.tech/nlcs/def/72a35eb9-2d2b-4305-85a6-5676b91cb472"
"GAS_LD_AANSLUITLEIDING_100 MBAR_PE_32","*","_","**","_","KL","_","GAS","_","LD","_","AANSLUITLEIDING","_","100 MBAR","_","PE","_","32","'-","","'-","G","'-","","","*_**_KL_GAS_LD_AANSLUITLEIDING_100 MBAR_PE_32","0.18","50","52","50","50","252","KL-GAS_LD-SO","0.35","50","52","50","50","252","KL-GAS_LD-SO","0.35","50","52","50","50","252","V-KL-GAS_LD-SO","0.35","50","52","50","50","252","KL-GAS_LD-SO","","","1117","1115","http://digitalbuildingdata.tech/nlcs/def/31ce1922-5f8c-47f0-90fb-b9e4e20b8ab5","http://digitalbuildingdata.tech/nlcs/def/a1bdcd75-02c8-4e63-9a19-bf4c33c2e7fe"
"GAS_HD_HOOFDLEIDING_8 BAR_PE_90","*","_","**","_","KL","_","GAS","_","HD","_","HOOFDLEIDING","_","8 BAR","_","PE","_","90","'-","","'-","G","'-","","","*_**_KL_GAS_HD_HOOFDLEIDING_8 BAR_PE_90","0.18","30","32","30","30","252","KL-GAS_HD-SO","0.35","30","32","30","30","252","KL-GAS_HD-SO","0.35","30","32","30","30","252","V-KL-GAS_HD-SO","0.35","30","32","30","30","252","KL-GAS_HD-SO","","","1094","1088","http://digitalbuildingdata.tech/nlcs/def/2a7e5ee4-3c4a-4ca2-a3f3-2902ed3ec19b","http://digitalbuildingdata.tech/nlcs/def/72a35eb9-2d2b-4305-85a6-5676b91cb472"
"ET_LS_SR_ARMATUUR_DREMPELLICHT_INBOUW","*","_","**","_","KL","_","ET","_","LS","_","SR","_","ARMATUUR","_","DREMPELLICHT","_","INBOUW","'-","","'-","G","'-","","","*_**_KL_ET_LS_SR_ARMATUUR_DREMPELLICHT_INBOUW","0.18","190","192","190","190","252","CONTINUOUS","0.35","190","192","190","190","190","CONTINUOUS","0.35","190","192","190","190","190","V-CONTINUOUS-SO","0.35","190","192","190","190","190","CONTINUOUS","","","924","923","http://digitalbuildingdata.tech/nlcs/def/eb0ea809-0686-4f63-ad2e-5196492a2bd9","http://digitalbuildingdata.tech/nlcs/def/31946ea8-24f6-4c29-b873-50bf31cdbb0a"
"GAS_HD_HOOFDLEIDING_8 BAR_PE_75","*","_","**","_","KL","_","GAS","_","HD","_","HOOFDLEIDING","_","8 BAR","_","PE","_","75","'-","","'-","G","'-","","","*_**_KL_GAS_HD_HOOFDLEIDING_8 BAR_PE_75","0.18","30","32","30","30","252","KL-GAS_HD-SO","0.35","30","32","30","30","252","KL-GAS_HD-SO","0.35","30","32","30","30","252","V-KL-GAS_HD-SO","0.35","30","32","30","30","252","KL-GAS_HD-SO","","","1093","1088","http://digitalbuildingdata.tech/nlcs/def/465ebe9c-5398-43a4-8679-288228d6e306","http://digitalbuildingdata.tech/nlcs/def/72a35eb9-2d2b-4305-85a6-5676b91cb472"
"GAS_LD_AANSLUITLEIDING_100 MBAR_PVC_25","*","_","**","_","KL","_","GAS","_","LD","_","AANSLUITLEIDING","_","100 MBAR","_","PVC","_","25","'-","","'-","G","'-","","","*_**_KL_GAS_LD_AANSLUITLEIDING_100 MBAR_PVC_25","0.18","50","52","50","50","252","KL-GAS_LD-SO","0.35","50","52","50","50","252","KL-GAS_LD-SO","0.35","50","52","50","50","252","V-KL-GAS_LD-SO","0.35","50","52","50","50","252","KL-GAS_LD-SO","","","1123","1122","http://digitalbuildingdata.tech/nlcs/def/d2394bc3-1aa4-4878-b582-9edbd7fbbad1","http://digitalbuildingdata.tech/nlcs/def/347b6155-0d90-4921-b2fb-17f15b021ea5"
"GAS_HD_AANSLUITLEIDING_4 BAR_PE_32","*","_","**","_","KL","_","GAS","_","HD","_","AANSLUITLEIDING","_","4 BAR","_","PE","_","32","'-","","'-","G","'-","","","*_**_KL_GAS_HD_AANSLUITLEIDING_4 BAR_PE_32","0.18","30","32","30","30","252","KL-GAS_HD-SO","0.35","30","32","30","30","252","KL-GAS_HD-SO","0.35","30","32","30","30","252","V-KL-GAS_HD-SO","0.35","30","32","30","30","252","KL-GAS_HD-SO","","","1021","1019","http://digitalbuildingdata.tech/nlcs/def/cc667afc-3d11-46f6-80e0-06996056bae5","http://digitalbuildingdata.tech/nlcs/def/f3db663d-fe28-45ce-a691-958ff9150395"
"GAS_HD_HOOFDLEIDING_4 BAR_PVC_250","*","_","**","_","KL","_","GAS","_","HD","_","HOOFDLEIDING","_","4 BAR","_","PVC","_","250","'-","","'-","G","'-","","","*_**_KL_GAS_HD_HOOFDLEIDING_4 BAR_PVC_250","0.18","30","32","30","30","252","KL-GAS_HD-SO","0.35","30","32","30","30","252","KL-GAS_HD-SO","0.35","30","32","30","30","252","V-KL-GAS_HD-SO","0.35","30","32","30","30","252","KL-GAS_HD-SO","","","1081","1078","http://digitalbuildingdata.tech/nlcs/def/6c07398e-f648-421f-9704-ae5852d2255a","http://digitalbuildingdata.tech/nlcs/def/2c7cc095-01de-403a-8cee-e1aac0bad901"
"GAS_HD_HOOFDLEIDING_8 BAR_PVC_160","*","_","**","_","KL","_","GAS","_","HD","_","HOOFDLEIDING","_","8 BAR","_","PVC","_","160","'-","","'-","G","'-","","","*_**_KL_GAS_HD_HOOFDLEIDING_8 BAR_PVC_160","0.18","30","32","30","30","252","KL-GAS_HD-SO","0.35","30","32","30","30","252","KL-GAS_HD-SO","0.35","30","32","30","30","252","V-KL-GAS_HD-SO","0.35","30","32","30","30","252","KL-GAS_HD-SO","","","1097","1095","http://digitalbuildingdata.tech/nlcs/def/5d612c9a-124a-4834-bff4-72ed736aeb4c","http://digitalbuildingdata.tech/nlcs/def/4b71ec60-6426-447c-b42f-c5402547ada2"
"GAS_HD_HOOFDLEIDING_1 BAR_PVC_110","*","_","**","_","KL","_","GAS","_","HD","_","HOOFDLEIDING","_","1 BAR","_","PVC","_","110","'-","","'-","G","'-","","","*_**_KL_GAS_HD_HOOFDLEIDING_1 BAR_PVC_110","0.18","30","32","30","30","252","KL-GAS_HD-SO","0.35","30","32","30","30","252","KL-GAS_HD-SO","0.35","30","32","30","30","252","V-KL-GAS_HD-SO","0.35","30","32","30","30","252","KL-GAS_HD-SO","","","1064","1063","http://digitalbuildingdata.tech/nlcs/def/f88836d3-78a1-472f-bb90-9df6e84cdc72","http://digitalbuildingdata.tech/nlcs/def/b65e9a31-ed13-46d4-abc1-d743cb87c11c"
"GAS_HD_AANSLUITLEIDING_1 BAR_PE_75","*","_","**","_","KL","_","GAS","_","HD","_","AANSLUITLEIDING","_","1 BAR","_","PE","_","75","'-","","'-","G","'-","","","*_**_KL_GAS_HD_AANSLUITLEIDING_1 BAR_PE_75","0.18","30","32","30","30","252","KL-GAS_HD-SO","0.35","30","32","30","30","252","KL-GAS_HD-SO","0.35","30","32","30","30","252","V-KL-GAS_HD-SO","0.35","30","32","30","30","252","KL-GAS_HD-SO","","","1008","1002","http://digitalbuildingdata.tech/nlcs/def/f0e4c9bc-0eb4-4bed-95c6-311a7a611661","http://digitalbuildingdata.tech/nlcs/def/af3e73c6-b9b9-4857-8605-ae2a38190b17"
"ET_LS_SR_ARMATUUR_NADERINGSLICHT_INBOUW","*","_","**","_","KL","_","ET","_","LS","_","SR","_","ARMATUUR","_","NADERINGSLICHT","_","INBOUW","'-","","'-","G","'-","","","*_**_KL_ET_LS_SR_ARMATUUR_NADERINGSLICHT_INBOUW","0.18","190","192","190","190","252","CONTINUOUS","0.35","190","192","190","190","190","CONTINUOUS","0.35","190","192","190","190","190","V-CONTINUOUS-SO","0.35","190","192","190","190","190","CONTINUOUS","","","931","930","http://digitalbuildingdata.tech/nlcs/def/701dbb4d-06e9-4af4-9b5d-d4e4577d6c9c","http://digitalbuildingdata.tech/nlcs/def/6bfefd9c-3f9e-4a59-81b3-8f9b173bd6e0"
"GAS_HD_HOOFDLEIDING_1 BAR_PVC_75","*","_","**","_","KL","_","GAS","_","HD","_","HOOFDLEIDING","_","1 BAR","_","PVC","_","75","'-","","'-","G","'-","","","*_**_KL_GAS_HD_HOOFDLEIDING_1 BAR_PVC_75","0.18","30","32","30","30","252","KL-GAS_HD-SO","0.35","30","32","30","30","252","KL-GAS_HD-SO","0.35","30","32","30","30","252","V-KL-GAS_HD-SO","0.35","30","32","30","30","252","KL-GAS_HD-SO","","","1068","1063","http://digitalbuildingdata.tech/nlcs/def/e8e97a5a-fe1d-490d-b6ea-6b4545661279","http://digitalbuildingdata.tech/nlcs/def/b65e9a31-ed13-46d4-abc1-d743cb87c11c"
"GAS_HD_AANSLUITLEIDING_8 BAR_PVC_40","*","_","**","_","KL","_","GAS","_","HD","_","AANSLUITLEIDING","_","8 BAR","_","PVC","_","40","'-","","'-","G","'-","","","*_**_KL_GAS_HD_AANSLUITLEIDING_8 BAR_PVC_40","0.18","30","32","30","30","252","KL-GAS_HD-SO","0.35","30","32","30","30","252","KL-GAS_HD-SO","0.35","30","32","30","30","252","V-KL-GAS_HD-SO","0.35","30","32","30","30","252","KL-GAS_HD-SO","","","1049","1046","http://digitalbuildingdata.tech/nlcs/def/ce7d7af5-ce6c-45e9-96d7-41fbc8265713","http://digitalbuildingdata.tech/nlcs/def/919a6f20-7e07-4638-849f-e12f56d263e5"
"GAS_HD_HOOFDLEIDING_8 BAR_PVC_250","*","_","**","_","KL","_","GAS","_","HD","_","HOOFDLEIDING","_","8 BAR","_","PVC","_","250","'-","","'-","G","'-","","","*_**_KL_GAS_HD_HOOFDLEIDING_8 BAR_PVC_250","0.18","30","32","30","30","252","KL-GAS_HD-SO","0.35","30","32","30","30","252","KL-GAS_HD-SO","0.35","30","32","30","30","252","V-KL-GAS_HD-SO","0.35","30","32","30","30","252","KL-GAS_HD-SO","","","1098","1095","http://digitalbuildingdata.tech/nlcs/def/80c69b18-3cb5-4fb9-be2a-e5e3d788790e","http://digitalbuildingdata.tech/nlcs/def/4b71ec60-6426-447c-b42f-c5402547ada2"
"GAS_HD_AANSLUITLEIDING_1 BAR_PE_63","*","_","**","_","KL","_","GAS","_","HD","_","AANSLUITLEIDING","_","1 BAR","_","PE","_","63","'-","","'-","G","'-","","","*_**_KL_GAS_HD_AANSLUITLEIDING_1 BAR_PE_63","0.18","30","32","30","30","252","KL-GAS_HD-SO","0.35","30","32","30","30","252","KL-GAS_HD-SO","0.35","30","32","30","30","252","V-KL-GAS_HD-SO","0.35","30","32","30","30","252","KL-GAS_HD-SO","","","1007","1002","http://digitalbuildingdata.tech/nlcs/def/2a5c6bf6-d136-43cd-b815-1eedb879e6e1","http://digitalbuildingdata.tech/nlcs/def/af3e73c6-b9b9-4857-8605-ae2a38190b17"
"GAS_HD_AANSLUITLEIDING_4 BAR_PE_75","*","_","**","_","KL","_","GAS","_","HD","_","AANSLUITLEIDING","_","4 BAR","_","PE","_","75","'-","","'-","G","'-","","","*_**_KL_GAS_HD_AANSLUITLEIDING_4 BAR_PE_75","0.18","30","32","30","30","252","KL-GAS_HD-SO","0.35","30","32","30","30","252","KL-GAS_HD-SO","0.35","30","32","30","30","252","V-KL-GAS_HD-SO","0.35","30","32","30","30","252","KL-GAS_HD-SO","","","1025","1019","http://digitalbuildingdata.tech/nlcs/def/1d69c7aa-b483-4d66-ad95-b8abd19da6a1","http://digitalbuildingdata.tech/nlcs/def/f3db663d-fe28-45ce-a691-958ff9150395"
"ET_LS_SR_ARMATUUR_OVERRUNRANDLICHT_INBOUW","*","_","**","_","KL","_","ET","_","LS","_","SR","_","ARMATUUR","_","OVERRUNRANDLICHT","_","INBOUW","'-","","'-","G","'-","","","*_**_KL_ET_LS_SR_ARMATUUR_OVERRUNRANDLICHT_INBOUW","0.18","190","192","190","190","252","CONTINUOUS","0.35","190","192","190","190","190","CONTINUOUS","0.35","190","192","190","190","190","V-CONTINUOUS-SO","0.35","190","192","190","190","190","CONTINUOUS","","","934","933","http://digitalbuildingdata.tech/nlcs/def/c3a0bfbb-26d1-462b-b99a-cb9923714e9d","http://digitalbuildingdata.tech/nlcs/def/26756216-e94d-4112-97f3-9b32537fac12"
"GAS_HD_AANSLUITLEIDING_8 BAR_PE_25","*","_","**","_","KL","_","GAS","_","HD","_","AANSLUITLEIDING","_","8 BAR","_","PE","_","25","'-","","'-","G","'-","","","*_**_KL_GAS_HD_AANSLUITLEIDING_8 BAR_PE_25","0.18","30","32","30","30","252","KL-GAS_HD-SO","0.35","30","32","30","30","252","KL-GAS_HD-SO","0.35","30","32","30","30","252","V-KL-GAS_HD-SO","0.35","30","32","30","30","252","KL-GAS_HD-SO","","","1039","1038","http://digitalbuildingdata.tech/nlcs/def/7229c06a-8f77-4548-a624-d017515cd55b","http://digitalbuildingdata.tech/nlcs/def/69f9c6ee-abd8-4069-878f-fca88a2f67c7"
"GAS_LD_AANSLUITLEIDING_30 MBAR_PVC_25","*","_","**","_","KL","_","GAS","_","LD","_","AANSLUITLEIDING","_","30 MBAR","_","PVC","_","25","'-","","'-","G","'-","","","*_**_KL_GAS_LD_AANSLUITLEIDING_30 MBAR_PVC_25","0.18","50","52","50","50","252","KL-GAS_LD-SO","0.35","50","52","50","50","252","KL-GAS_LD-SO","0.35","50","52","50","50","252","V-KL-GAS_LD-SO","0.35","50","52","50","50","252","KL-GAS_LD-SO","","","1138","1137","http://digitalbuildingdata.tech/nlcs/def/e0167879-554f-46b3-a7ee-ec4c3d10464f","http://digitalbuildingdata.tech/nlcs/def/af494a6a-35d2-4e8c-8d3a-e9866c777b0a"
"GAS_LD_HOOFDLEIDING_30 MBAR_PE_250","*","_","**","_","KL","_","GAS","_","LD","_","HOOFDLEIDING","_","30 MBAR","_","PE","_","250","'-","","'-","G","'-","","","*_**_KL_GAS_LD_HOOFDLEIDING_30 MBAR_PE_250","0.18","50","52","50","50","252","KL-GAS_LD-SO","0.35","50","52","50","50","252","KL-GAS_LD-SO","0.35","50","52","50","50","252","V-KL-GAS_LD-SO","0.35","50","52","50","50","252","KL-GAS_LD-SO","","","1163","1160","http://digitalbuildingdata.tech/nlcs/def/92e461b7-392e-4157-ab63-cdc19e676ee5","http://digitalbuildingdata.tech/nlcs/def/67c45379-d783-479e-8c12-3e1a5e3aaa02"
"GAS_HD_HOOFDLEIDING_1 BAR_PVC_160","*","_","**","_","KL","_","GAS","_","HD","_","HOOFDLEIDING","_","1 BAR","_","PVC","_","160","'-","","'-","G","'-","","","*_**_KL_GAS_HD_HOOFDLEIDING_1 BAR_PVC_160","0.18","30","32","30","30","252","KL-GAS_HD-SO","0.35","30","32","30","30","252","KL-GAS_HD-SO","0.35","30","32","30","30","252","V-KL-GAS_HD-SO","0.35","30","32","30","30","252","KL-GAS_HD-SO","","","1065","1063","http://digitalbuildingdata.tech/nlcs/def/522695aa-e40c-439d-853a-fdfce4761f38","http://digitalbuildingdata.tech/nlcs/def/b65e9a31-ed13-46d4-abc1-d743cb87c11c"
"GAS_HD_HOOFDLEIDING_8 BAR_PVC_75","*","_","**","_","KL","_","GAS","_","HD","_","HOOFDLEIDING","_","8 BAR","_","PVC","_","75","'-","","'-","G","'-","","","*_**_KL_GAS_HD_HOOFDLEIDING_8 BAR_PVC_75","0.18","30","32","30","30","252","KL-GAS_HD-SO","0.35","30","32","30","30","252","KL-GAS_HD-SO","0.35","30","32","30","30","252","V-KL-GAS_HD-SO","0.35","30","32","30","30","252","KL-GAS_HD-SO","","","1100","1095","http://digitalbuildingdata.tech/nlcs/def/100dd58c-5ada-4948-a512-36784c2c7455","http://digitalbuildingdata.tech/nlcs/def/4b71ec60-6426-447c-b42f-c5402547ada2"
"GAS_HD_HOOFDLEIDING_8 BAR_PE_110","*","_","**","_","KL","_","GAS","_","HD","_","HOOFDLEIDING","_","8 BAR","_","PE","_","110","'-","","'-","G","'-","","","*_**_KL_GAS_HD_HOOFDLEIDING_8 BAR_PE_110","0.18","30","32","30","30","252","KL-GAS_HD-SO","0.35","30","32","30","30","252","KL-GAS_HD-SO","0.35","30","32","30","30","252","V-KL-GAS_HD-SO","0.35","30","32","30","30","252","KL-GAS_HD-SO","","","1089","1088","http://digitalbuildingdata.tech/nlcs/def/1fbb6838-367d-4e1d-a22f-f69cebe9f565","http://digitalbuildingdata.tech/nlcs/def/72a35eb9-2d2b-4305-85a6-5676b91cb472"
"ET_LS_SR_ARMATUUR_INVLIEGLICHT_OPBOUW","*","_","**","_","KL","_","ET","_","LS","_","SR","_","ARMATUUR","_","INVLIEGLICHT","_","OPBOUW","'-","","'-","G","'-","","","*_**_KL_ET_LS_SR_ARMATUUR_INVLIEGLICHT_OPBOUW","0.18","190","192","190","190","252","CONTINUOUS","0.35","190","192","190","190","190","CONTINUOUS","0.35","190","192","190","190","190","V-CONTINUOUS-SO","0.35","190","192","190","190","190","CONTINUOUS","","","929","927","http://digitalbuildingdata.tech/nlcs/def/6cfe9d8e-7fc0-40fc-b604-9b072e19992b","http://digitalbuildingdata.tech/nlcs/def/9ccf745a-6049-440e-b31e-07636d931fe0"
"GAS_LD_AANSLUITLEIDING_30 MBAR_PE_75","*","_","**","_","KL","_","GAS","_","LD","_","AANSLUITLEIDING","_","30 MBAR","_","PE","_","75","'-","","'-","G","'-","","","*_**_KL_GAS_LD_AANSLUITLEIDING_30 MBAR_PE_75","0.18","50","52","50","50","252","KL-GAS_LD-SO","0.35","50","52","50","50","252","KL-GAS_LD-SO","0.35","50","52","50","50","252","V-KL-GAS_LD-SO","0.35","50","52","50","50","252","KL-GAS_LD-SO","","","1135","1130","http://digitalbuildingdata.tech/nlcs/def/f7d02afb-63ee-4730-8734-0dbbcc731976","http://digitalbuildingdata.tech/nlcs/def/0e28a3fc-fe67-4b4c-a92b-480608e1b38e"
"GAS_LD_HOOFDLEIDING_30 MBAR_PE_315","*","_","**","_","KL","_","GAS","_","LD","_","HOOFDLEIDING","_","30 MBAR","_","PE","_","315","'-","","'-","G","'-","","","*_**_KL_GAS_LD_HOOFDLEIDING_30 MBAR_PE_315","0.18","50","52","50","50","252","KL-GAS_LD-SO","0.35","50","52","50","50","252","KL-GAS_LD-SO","0.35","50","52","50","50","252","V-KL-GAS_LD-SO","0.35","50","52","50","50","252","KL-GAS_LD-SO","","","1164","1160","http://digitalbuildingdata.tech/nlcs/def/dff598e6-75cb-482b-b320-f6cd43ecca2f","http://digitalbuildingdata.tech/nlcs/def/67c45379-d783-479e-8c12-3e1a5e3aaa02"
"GAS_LD_AANSLUITLEIDING_100 MBAR_PVC_40","*","_","**","_","KL","_","GAS","_","LD","_","AANSLUITLEIDING","_","100 MBAR","_","PVC","_","40","'-","","'-","G","'-","","","*_**_KL_GAS_LD_AANSLUITLEIDING_100 MBAR_PVC_40","0.18","50","52","50","50","252","KL-GAS_LD-SO","0.35","50","52","50","50","252","KL-GAS_LD-SO","0.35","50","52","50","50","252","V-KL-GAS_LD-SO","0.35","50","52","50","50","252","KL-GAS_LD-SO","","","1125","1122","http://digitalbuildingdata.tech/nlcs/def/66ae7033-88cc-49c8-98a4-4f182b5f6b4d","http://digitalbuildingdata.tech/nlcs/def/347b6155-0d90-4921-b2fb-17f15b021ea5"
"GAS_HD_AANSLUITLEIDING_4 BAR_PVC_90","*","_","**","_","KL","_","GAS","_","HD","_","AANSLUITLEIDING","_","4 BAR","_","PVC","_","90","'-","","'-","G","'-","","","*_**_KL_GAS_HD_AANSLUITLEIDING_4 BAR_PVC_90","0.18","30","32","30","30","252","KL-GAS_HD-SO","0.35","30","32","30","30","252","KL-GAS_HD-SO","0.35","30","32","30","30","252","V-KL-GAS_HD-SO","0.35","30","32","30","30","252","KL-GAS_HD-SO","","","1034","1027","http://digitalbuildingdata.tech/nlcs/def/3da38699-702e-4534-8bdb-d00adb2edfb7","http://digitalbuildingdata.tech/nlcs/def/5b5fb41b-3da3-452d-9392-b59f7c3f1bac"
"GAS_LD_HOOFDLEIDING_100 MBAR_PE_250","*","_","**","_","KL","_","GAS","_","LD","_","HOOFDLEIDING","_","100 MBAR","_","PE","_","250","'-","","'-","G","'-","","","*_**_KL_GAS_LD_HOOFDLEIDING_100 MBAR_PE_250","0.18","50","52","50","50","252","KL-GAS_LD-SO","0.35","50","52","50","50","252","KL-GAS_LD-SO","0.35","50","52","50","50","252","V-KL-GAS_LD-SO","0.35","50","52","50","50","252","KL-GAS_LD-SO","","","1148","1145","http://digitalbuildingdata.tech/nlcs/def/73bb448c-98fc-4fd0-9e76-7bc40e8cbba0","http://digitalbuildingdata.tech/nlcs/def/bff4b5a9-a6c2-4d1e-bf8e-d9ead98ad5b7"
"GAS_HD_HOOFDLEIDING_8 BAR_PVC_90","*","_","**","_","KL","_","GAS","_","HD","_","HOOFDLEIDING","_","8 BAR","_","PVC","_","90","'-","","'-","G","'-","","","*_**_KL_GAS_HD_HOOFDLEIDING_8 BAR_PVC_90","0.18","30","32","30","30","252","KL-GAS_HD-SO","0.35","30","32","30","30","252","KL-GAS_HD-SO","0.35","30","32","30","30","252","V-KL-GAS_HD-SO","0.35","30","32","30","30","252","KL-GAS_HD-SO","","","1101","1095","http://digitalbuildingdata.tech/nlcs/def/7f79f3ae-6fea-434a-bf0c-f1c0abd032f8","http://digitalbuildingdata.tech/nlcs/def/4b71ec60-6426-447c-b42f-c5402547ada2"
"ET_LS_SR_ARMATUUR_BAANEINDELICHT_OPBOUW","*","_","**","_","KL","_","ET","_","LS","_","SR","_","ARMATUUR","_","BAANEINDELICHT","_","OPBOUW","'-","","'-","G","'-","","","*_**_KL_ET_LS_SR_ARMATUUR_BAANEINDELICHT_OPBOUW","0.18","190","192","190","190","252","CONTINUOUS","0.35","190","192","190","190","190","CONTINUOUS","0.35","190","192","190","190","190","V-CONTINUOUS-SO","0.35","190","192","190","190","190","CONTINUOUS","","","922","920","http://digitalbuildingdata.tech/nlcs/def/bc079d98-e97c-4587-ab8a-e0bb0c051e26","http://digitalbuildingdata.tech/nlcs/def/a9611cd4-8f91-4b60-8950-25f08919c909"
"GAS_LD_HOOFDLEIDING_100 MBAR_PVC_315","*","_","**","_","KL","_","GAS","_","LD","_","HOOFDLEIDING","_","100 MBAR","_","PVC","_","315","'-","","'-","G","'-","","","*_**_KL_GAS_LD_HOOFDLEIDING_100 MBAR_PVC_315","0.18","50","52","50","50","252","KL-GAS_LD-SO","0.35","50","52","50","50","252","KL-GAS_LD-SO","0.35","50","52","50","50","252","V-KL-GAS_LD-SO","0.35","50","52","50","50","252","KL-GAS_LD-SO","","","1156","1152","http://digitalbuildingdata.tech/nlcs/def/c1632298-4fc4-4928-a073-35dfd8d5711f","http://digitalbuildingdata.tech/nlcs/def/e803d1f4-80b9-47e0-9c19-62311a2da1dd"
"GAS_LD_HOOFDLEIDING_100 MBAR_PE_90","*","_","**","_","KL","_","GAS","_","LD","_","HOOFDLEIDING","_","100 MBAR","_","PE","_","90","'-","","'-","G","'-","","","*_**_KL_GAS_LD_HOOFDLEIDING_100 MBAR_PE_90","0.18","50","52","50","50","252","KL-GAS_LD-SO","0.35","50","52","50","50","252","KL-GAS_LD-SO","0.35","50","52","50","50","252","V-KL-GAS_LD-SO","0.35","50","52","50","50","252","KL-GAS_LD-SO","","","1151","1145","http://digitalbuildingdata.tech/nlcs/def/f56d13f8-1432-4b22-a524-bb8240ab8577","http://digitalbuildingdata.tech/nlcs/def/bff4b5a9-a6c2-4d1e-bf8e-d9ead98ad5b7"
"GAS_HD_AANSLUITLEIDING_4 BAR_PVC_75","*","_","**","_","KL","_","GAS","_","HD","_","AANSLUITLEIDING","_","4 BAR","_","PVC","_","75","'-","","'-","G","'-","","","*_**_KL_GAS_HD_AANSLUITLEIDING_4 BAR_PVC_75","0.18","30","32","30","30","252","KL-GAS_HD-SO","0.35","30","32","30","30","252","KL-GAS_HD-SO","0.35","30","32","30","30","252","V-KL-GAS_HD-SO","0.35","30","32","30","30","252","KL-GAS_HD-SO","","","1033","1027","http://digitalbuildingdata.tech/nlcs/def/fe32aaad-b3eb-43bd-b6f7-78a9dbf1a49d","http://digitalbuildingdata.tech/nlcs/def/5b5fb41b-3da3-452d-9392-b59f7c3f1bac"
"GAS_HD_AANSLUITLEIDING_1 BAR_PVC_40","*","_","**","_","KL","_","GAS","_","HD","_","AANSLUITLEIDING","_","1 BAR","_","PVC","_","40","'-","","'-","G","'-","","","*_**_KL_GAS_HD_AANSLUITLEIDING_1 BAR_PVC_40","0.18","30","32","30","30","252","KL-GAS_HD-SO","0.35","30","32","30","30","252","KL-GAS_HD-SO","0.35","30","32","30","30","252","V-KL-GAS_HD-SO","0.35","30","32","30","30","252","KL-GAS_HD-SO","","","1013","1010","http://digitalbuildingdata.tech/nlcs/def/afa0fde3-09dc-45ae-9bc4-5677759454c3","http://digitalbuildingdata.tech/nlcs/def/6db63e5b-9507-4468-8688-248250ed01f7"
"GAS_HD_AANSLUITLEIDING_4 BAR_PVC_25","*","_","**","_","KL","_","GAS","_","HD","_","AANSLUITLEIDING","_","4 BAR","_","PVC","_","25","'-","","'-","G","'-","","","*_**_KL_GAS_HD_AANSLUITLEIDING_4 BAR_PVC_25","0.18","30","32","30","30","252","KL-GAS_HD-SO","0.35","30","32","30","30","252","KL-GAS_HD-SO","0.35","30","32","30","30","252","V-KL-GAS_HD-SO","0.35","30","32","30","30","252","KL-GAS_HD-SO","","","1028","1027","http://digitalbuildingdata.tech/nlcs/def/c0c2aa63-c2d8-44bc-a019-5f6c1ad4cd21","http://digitalbuildingdata.tech/nlcs/def/5b5fb41b-3da3-452d-9392-b59f7c3f1bac"
"GAS_HD_AANSLUITLEIDING_8 BAR_PVC_50","*","_","**","_","KL","_","GAS","_","HD","_","AANSLUITLEIDING","_","8 BAR","_","PVC","_","50","'-","","'-","G","'-","","","*_**_KL_GAS_HD_AANSLUITLEIDING_8 BAR_PVC_50","0.18","30","32","30","30","252","KL-GAS_HD-SO","0.35","30","32","30","30","252","KL-GAS_HD-SO","0.35","30","32","30","30","252","V-KL-GAS_HD-SO","0.35","30","32","30","30","252","KL-GAS_HD-SO","","","1050","1046","http://digitalbuildingdata.tech/nlcs/def/ea47cca7-9381-448c-9b9b-139f6705277f","http://digitalbuildingdata.tech/nlcs/def/919a6f20-7e07-4638-849f-e12f56d263e5"
"GAS_HD_HOOFDLEIDING_8 BAR_PVC_315","*","_","**","_","KL","_","GAS","_","HD","_","HOOFDLEIDING","_","8 BAR","_","PVC","_","315","'-","","'-","G","'-","","","*_**_KL_GAS_HD_HOOFDLEIDING_8 BAR_PVC_315","0.18","30","32","30","30","252","KL-GAS_HD-SO","0.35","30","32","30","30","252","KL-GAS_HD-SO","0.35","30","32","30","30","252","V-KL-GAS_HD-SO","0.35","30","32","30","30","252","KL-GAS_HD-SO","","","1099","1095","http://digitalbuildingdata.tech/nlcs/def/f1f96ab2-979e-4bd0-b992-90164303af31","http://digitalbuildingdata.tech/nlcs/def/4b71ec60-6426-447c-b42f-c5402547ada2"
"ET_LS_SR_ARMATUUR_ROLBAANLICHT_INBOUW","*","_","**","_","KL","_","ET","_","LS","_","SR","_","ARMATUUR","_","ROLBAANLICHT","_","INBOUW","'-","","'-","G","'-","","","*_**_KL_ET_LS_SR_ARMATUUR_ROLBAANLICHT_INBOUW","0.18","190","192","190","190","252","CONTINUOUS","0.35","190","192","190","190","190","CONTINUOUS","0.35","190","192","190","190","190","V-CONTINUOUS-SO","0.35","190","192","190","190","190","CONTINUOUS","","","939","938","http://digitalbuildingdata.tech/nlcs/def/0ad6cb21-46b9-4c27-b2ec-5997039aca13","http://digitalbuildingdata.tech/nlcs/def/32fb2f9b-6013-4c52-bf76-6ee87b2c3384"
"GAS_LD_AANSLUITLEIDING_100 MBAR_PE_40","*","_","**","_","KL","_","GAS","_","LD","_","AANSLUITLEIDING","_","100 MBAR","_","PE","_","40","'-","","'-","G","'-","","","*_**_KL_GAS_LD_AANSLUITLEIDING_100 MBAR_PE_40","0.18","50","52","50","50","252","KL-GAS_LD-SO","0.35","50","52","50","50","252","KL-GAS_LD-SO","0.35","50","52","50","50","252","V-KL-GAS_LD-SO","0.35","50","52","50","50","252","KL-GAS_LD-SO","","","1118","1115","http://digitalbuildingdata.tech/nlcs/def/0f51b614-19f5-4c72-8de0-ebd351737156","http://digitalbuildingdata.tech/nlcs/def/a1bdcd75-02c8-4e63-9a19-bf4c33c2e7fe"
"GAS_LD_AANSLUITLEIDING_100 MBAR_PE_25","*","_","**","_","KL","_","GAS","_","LD","_","AANSLUITLEIDING","_","100 MBAR","_","PE","_","25","'-","","'-","G","'-","","","*_**_KL_GAS_LD_AANSLUITLEIDING_100 MBAR_PE_25","0.18","50","52","50","50","252","KL-GAS_LD-SO","0.35","50","52","50","50","252","KL-GAS_LD-SO","0.35","50","52","50","50","252","V-KL-GAS_LD-SO","0.35","50","52","50","50","252","KL-GAS_LD-SO","","","1116","1115","http://digitalbuildingdata.tech/nlcs/def/ecc71de7-34e7-4d66-a0da-653824920c1c","http://digitalbuildingdata.tech/nlcs/def/a1bdcd75-02c8-4e63-9a19-bf4c33c2e7fe"
"GAS_HD_AANSLUITLEIDING_4 BAR_PVC_50","*","_","**","_","KL","_","GAS","_","HD","_","AANSLUITLEIDING","_","4 BAR","_","PVC","_","50","'-","","'-","G","'-","","","*_**_KL_GAS_HD_AANSLUITLEIDING_4 BAR_PVC_50","0.18","30","32","30","30","252","KL-GAS_HD-SO","0.35","30","32","30","30","252","KL-GAS_HD-SO","0.35","30","32","30","30","252","V-KL-GAS_HD-SO","0.35","30","32","30","30","252","KL-GAS_HD-SO","","","1031","1027","http://digitalbuildingdata.tech/nlcs/def/3bcac45e-dbf8-4f4d-a2ea-687eb2355945","http://digitalbuildingdata.tech/nlcs/def/5b5fb41b-3da3-452d-9392-b59f7c3f1bac"
"GAS_HD_AANSLUITLEIDING_1 BAR_PE_25","*","_","**","_","KL","_","GAS","_","HD","_","AANSLUITLEIDING","_","1 BAR","_","PE","_","25","'-","","'-","G","'-","","","*_**_KL_GAS_HD_AANSLUITLEIDING_1 BAR_PE_25","0.18","30","32","30","30","252","KL-GAS_HD-SO","0.35","30","32","30","30","252","KL-GAS_HD-SO","0.35","30","32","30","30","252","V-KL-GAS_HD-SO","0.35","30","32","30","30","252","KL-GAS_HD-SO","","","1003","1002","http://digitalbuildingdata.tech/nlcs/def/4912a091-1467-4c51-9eb9-3becf3b0bba4","http://digitalbuildingdata.tech/nlcs/def/af3e73c6-b9b9-4857-8605-ae2a38190b17"
"GAS_HD_AANSLUITLEIDING_8 BAR_PE_32","*","_","**","_","KL","_","GAS","_","HD","_","AANSLUITLEIDING","_","8 BAR","_","PE","_","32","'-","","'-","G","'-","","","*_**_KL_GAS_HD_AANSLUITLEIDING_8 BAR_PE_32","0.18","30","32","30","30","252","KL-GAS_HD-SO","0.35","30","32","30","30","252","KL-GAS_HD-SO","0.35","30","32","30","30","252","V-KL-GAS_HD-SO","0.35","30","32","30","30","252","KL-GAS_HD-SO","","","1040","1038","http://digitalbuildingdata.tech/nlcs/def/01c1f625-3e60-464b-80ef-ad67599dccc7","http://digitalbuildingdata.tech/nlcs/def/69f9c6ee-abd8-4069-878f-fca88a2f67c7"
"GAS_HD_AANSLUITLEIDING_4 BAR_PE_50","*","_","**","_","KL","_","GAS","_","HD","_","AANSLUITLEIDING","_","4 BAR","_","PE","_","50","'-","","'-","G","'-","","","*_**_KL_GAS_HD_AANSLUITLEIDING_4 BAR_PE_50","0.18","30","32","30","30","252","KL-GAS_HD-SO","0.35","30","32","30","30","252","KL-GAS_HD-SO","0.35","30","32","30","30","252","V-KL-GAS_HD-SO","0.35","30","32","30","30","252","KL-GAS_HD-SO","","","1023","1019","http://digitalbuildingdata.tech/nlcs/def/6977b5ff-da2f-49b1-a451-45274b687e39","http://digitalbuildingdata.tech/nlcs/def/f3db663d-fe28-45ce-a691-958ff9150395"
"GAS_LD_HOOFDLEIDING_30 MBAR_PVC_90","*","_","**","_","KL","_","GAS","_","LD","_","HOOFDLEIDING","_","30 MBAR","_","PVC","_","90","'-","","'-","G","'-","","","*_**_KL_GAS_LD_HOOFDLEIDING_30 MBAR_PVC_90","0.18","50","52","50","50","252","KL-GAS_LD-SO","0.35","50","52","50","50","252","KL-GAS_LD-SO","0.35","50","52","50","50","252","V-KL-GAS_LD-SO","0.35","50","52","50","50","252","KL-GAS_LD-SO","","","1173","1167","http://digitalbuildingdata.tech/nlcs/def/2d984ee5-3684-4635-b1e3-77ec667edeac","http://digitalbuildingdata.tech/nlcs/def/f382e6b3-6f0c-41d9-b095-78ad09475c03"
"GAS_HD_AANSLUITLEIDING_1 BAR_PVC_32","*","_","**","_","KL","_","GAS","_","HD","_","AANSLUITLEIDING","_","1 BAR","_","PVC","_","32","'-","","'-","G","'-","","","*_**_KL_GAS_HD_AANSLUITLEIDING_1 BAR_PVC_32","0.18","30","32","30","30","252","KL-GAS_HD-SO","0.35","30","32","30","30","252","KL-GAS_HD-SO","0.35","30","32","30","30","252","V-KL-GAS_HD-SO","0.35","30","32","30","30","252","KL-GAS_HD-SO","","","1012","1010","http://digitalbuildingdata.tech/nlcs/def/6857d27c-f3a8-462f-8fb2-b934dd35260a","http://digitalbuildingdata.tech/nlcs/def/6db63e5b-9507-4468-8688-248250ed01f7"
"GAS_LD_HOOFDLEIDING_30 MBAR_PVC_250","*","_","**","_","KL","_","GAS","_","LD","_","HOOFDLEIDING","_","30 MBAR","_","PVC","_","250","'-","","'-","G","'-","","","*_**_KL_GAS_LD_HOOFDLEIDING_30 MBAR_PVC_250","0.18","50","52","50","50","252","KL-GAS_LD-SO","0.35","50","52","50","50","252","KL-GAS_LD-SO","0.35","50","52","50","50","252","V-KL-GAS_LD-SO","0.35","50","52","50","50","252","KL-GAS_LD-SO","","","1170","1167","http://digitalbuildingdata.tech/nlcs/def/6be1f548-6bb4-4212-a17c-9fe642b97d22","http://digitalbuildingdata.tech/nlcs/def/f382e6b3-6f0c-41d9-b095-78ad09475c03"
"GAS_HD_HOOFDLEIDING_4 BAR_PVC_75","*","_","**","_","KL","_","GAS","_","HD","_","HOOFDLEIDING","_","4 BAR","_","PVC","_","75","'-","","'-","G","'-","","","*_**_KL_GAS_HD_HOOFDLEIDING_4 BAR_PVC_75","0.18","30","32","30","30","252","KL-GAS_HD-SO","0.35","30","32","30","30","252","KL-GAS_HD-SO","0.35","30","32","30","30","252","V-KL-GAS_HD-SO","0.35","30","32","30","30","252","KL-GAS_HD-SO","","","1083","1078","http://digitalbuildingdata.tech/nlcs/def/79a1c198-3785-4b28-86e0-734757da5c3e","http://digitalbuildingdata.tech/nlcs/def/2c7cc095-01de-403a-8cee-e1aac0bad901"
"GAS_LD_AANSLUITLEIDING_30 MBAR_PE_40","*","_","**","_","KL","_","GAS","_","LD","_","AANSLUITLEIDING","_","30 MBAR","_","PE","_","40","'-","","'-","G","'-","","","*_**_KL_GAS_LD_AANSLUITLEIDING_30 MBAR_PE_40","0.18","50","52","50","50","252","KL-GAS_LD-SO","0.35","50","52","50","50","252","KL-GAS_LD-SO","0.35","50","52","50","50","252","V-KL-GAS_LD-SO","0.35","50","52","50","50","252","KL-GAS_LD-SO","","","1133","1130","http://digitalbuildingdata.tech/nlcs/def/ba6d53ce-6541-4351-abe7-78887d9367fd","http://digitalbuildingdata.tech/nlcs/def/0e28a3fc-fe67-4b4c-a92b-480608e1b38e"
"GAS_HD_AANSLUITLEIDING_8 BAR_PVC_75","*","_","**","_","KL","_","GAS","_","HD","_","AANSLUITLEIDING","_","8 BAR","_","PVC","_","75","'-","","'-","G","'-","","","*_**_KL_GAS_HD_AANSLUITLEIDING_8 BAR_PVC_75","0.18","30","32","30","30","252","KL-GAS_HD-SO","0.35","30","32","30","30","252","KL-GAS_HD-SO","0.35","30","32","30","30","252","V-KL-GAS_HD-SO","0.35","30","32","30","30","252","KL-GAS_HD-SO","","","1052","1046","http://digitalbuildingdata.tech/nlcs/def/d137f87c-b226-4e33-a495-16ce5fd5e2b6","http://digitalbuildingdata.tech/nlcs/def/919a6f20-7e07-4638-849f-e12f56d263e5"
"GAS_LD_HOOFDLEIDING_30 MBAR_PE_90","*","_","**","_","KL","_","GAS","_","LD","_","HOOFDLEIDING","_","30 MBAR","_","PE","_","90","'-","","'-","G","'-","","","*_**_KL_GAS_LD_HOOFDLEIDING_30 MBAR_PE_90","0.18","50","52","50","50","252","KL-GAS_LD-SO","0.35","50","52","50","50","252","KL-GAS_LD-SO","0.35","50","52","50","50","252","V-KL-GAS_LD-SO","0.35","50","52","50","50","252","KL-GAS_LD-SO","","","1166","1160","http://digitalbuildingdata.tech/nlcs/def/740a4834-137d-4a07-9f95-1cb2748f4a0a","http://digitalbuildingdata.tech/nlcs/def/67c45379-d783-479e-8c12-3e1a5e3aaa02"
"GAS_HD_AANSLUITLEIDING_8 BAR_PVC_63","*","_","**","_","KL","_","GAS","_","HD","_","AANSLUITLEIDING","_","8 BAR","_","PVC","_","63","'-","","'-","G","'-","","","*_**_KL_GAS_HD_AANSLUITLEIDING_8 BAR_PVC_63","0.18","30","32","30","30","252","KL-GAS_HD-SO","0.35","30","32","30","30","252","KL-GAS_HD-SO","0.35","30","32","30","30","252","V-KL-GAS_HD-SO","0.35","30","32","30","30","252","KL-GAS_HD-SO","","","1051","1046","http://digitalbuildingdata.tech/nlcs/def/ae988343-f44c-4061-b826-4ecb67767ca8","http://digitalbuildingdata.tech/nlcs/def/919a6f20-7e07-4638-849f-e12f56d263e5"
"GAS_HD_AANSLUITLEIDING_4 BAR_PVC_32","*","_","**","_","KL","_","GAS","_","HD","_","AANSLUITLEIDING","_","4 BAR","_","PVC","_","32","'-","","'-","G","'-","","","*_**_KL_GAS_HD_AANSLUITLEIDING_4 BAR_PVC_32","0.18","30","32","30","30","252","KL-GAS_HD-SO","0.35","30","32","30","30","252","KL-GAS_HD-SO","0.35","30","32","30","30","252","V-KL-GAS_HD-SO","0.35","30","32","30","30","252","KL-GAS_HD-SO","","","1029","1027","http://digitalbuildingdata.tech/nlcs/def/91dc6b67-c2d6-49a7-ba47-7dacefd60cd2","http://digitalbuildingdata.tech/nlcs/def/5b5fb41b-3da3-452d-9392-b59f7c3f1bac"
"GAS_HD_AANSLUITLEIDING_4 BAR_PVC_40","*","_","**","_","KL","_","GAS","_","HD","_","AANSLUITLEIDING","_","4 BAR","_","PVC","_","40","'-","","'-","G","'-","","","*_**_KL_GAS_HD_AANSLUITLEIDING_4 BAR_PVC_40","0.18","30","32","30","30","252","KL-GAS_HD-SO","0.35","30","32","30","30","252","KL-GAS_HD-SO","0.35","30","32","30","30","252","V-KL-GAS_HD-SO","0.35","30","32","30","30","252","KL-GAS_HD-SO","","","1030","1027","http://digitalbuildingdata.tech/nlcs/def/0e6596c0-0196-4258-9d9f-9ea69d79cec2","http://digitalbuildingdata.tech/nlcs/def/5b5fb41b-3da3-452d-9392-b59f7c3f1bac"
"ET_LS_SR_ARMATUUR_INVLIEGLICHT_INBOUW","*","_","**","_","KL","_","ET","_","LS","_","SR","_","ARMATUUR","_","INVLIEGLICHT","_","INBOUW","'-","","'-","G","'-","","","*_**_KL_ET_LS_SR_ARMATUUR_INVLIEGLICHT_INBOUW","0.18","190","192","190","190","252","CONTINUOUS","0.35","190","192","190","190","190","CONTINUOUS","0.35","190","192","190","190","190","V-CONTINUOUS-SO","0.35","190","192","190","190","190","CONTINUOUS","","","928","927","http://digitalbuildingdata.tech/nlcs/def/406fb10d-839e-4e01-987a-74665a8a7a5b","http://digitalbuildingdata.tech/nlcs/def/9ccf745a-6049-440e-b31e-07636d931fe0"
"GAS_LD_AANSLUITLEIDING_100 MBAR_PE_90","*","_","**","_","KL","_","GAS","_","LD","_","AANSLUITLEIDING","_","100 MBAR","_","PE","_","90","'-","","'-","G","'-","","","*_**_KL_GAS_LD_AANSLUITLEIDING_100 MBAR_PE_90","0.18","50","52","50","50","252","KL-GAS_LD-SO","0.35","50","52","50","50","252","KL-GAS_LD-SO","0.35","50","52","50","50","252","V-KL-GAS_LD-SO","0.35","50","52","50","50","252","KL-GAS_LD-SO","","","1121","1115","http://digitalbuildingdata.tech/nlcs/def/a620e397-1c6b-43d8-8f21-a083a13fa72f","http://digitalbuildingdata.tech/nlcs/def/a1bdcd75-02c8-4e63-9a19-bf4c33c2e7fe"
"ET_LS_SR_ARMATUUR_STARTBAANLICHT_OPBOUW","*","_","**","_","KL","_","ET","_","LS","_","SR","_","ARMATUUR","_","STARTBAANLICHT","_","OPBOUW","'-","","'-","G","'-","","","*_**_KL_ET_LS_SR_ARMATUUR_STARTBAANLICHT_OPBOUW","0.18","190","192","190","190","252","CONTINUOUS","0.35","190","192","190","190","190","CONTINUOUS","0.35","190","192","190","190","190","V-CONTINUOUS-SO","0.35","190","192","190","190","190","CONTINUOUS","","","943","941","http://digitalbuildingdata.tech/nlcs/def/9dbfdf91-0a48-4662-ae2f-311c01f66f58","http://digitalbuildingdata.tech/nlcs/def/92477ddd-18dd-47ca-bbe0-d49dde95a0ec"
"GAS_LD_AANSLUITLEIDING_30 MBAR_PVC_40","*","_","**","_","KL","_","GAS","_","LD","_","AANSLUITLEIDING","_","30 MBAR","_","PVC","_","40","'-","","'-","G","'-","","","*_**_KL_GAS_LD_AANSLUITLEIDING_30 MBAR_PVC_40","0.18","50","52","50","50","252","KL-GAS_LD-SO","0.35","50","52","50","50","252","KL-GAS_LD-SO","0.35","50","52","50","50","252","V-KL-GAS_LD-SO","0.35","50","52","50","50","252","KL-GAS_LD-SO","","","1140","1137","http://digitalbuildingdata.tech/nlcs/def/ba15c2ce-25c7-4bc9-9d99-072ffdddc3d6","http://digitalbuildingdata.tech/nlcs/def/af494a6a-35d2-4e8c-8d3a-e9866c777b0a"
"GAS_HD_HOOFDLEIDING_4 BAR_PVC_315","*","_","**","_","KL","_","GAS","_","HD","_","HOOFDLEIDING","_","4 BAR","_","PVC","_","315","'-","","'-","G","'-","","","*_**_KL_GAS_HD_HOOFDLEIDING_4 BAR_PVC_315","0.18","30","32","30","30","252","KL-GAS_HD-SO","0.35","30","32","30","30","252","KL-GAS_HD-SO","0.35","30","32","30","30","252","V-KL-GAS_HD-SO","0.35","30","32","30","30","252","KL-GAS_HD-SO","","","1082","1078","http://digitalbuildingdata.tech/nlcs/def/ebe9109f-c4d8-41af-ac9f-997b58645e24","http://digitalbuildingdata.tech/nlcs/def/2c7cc095-01de-403a-8cee-e1aac0bad901"
"ET_LS_SR_ARMATUUR_OVERRUNRANDLICHT_OPBOUW","*","_","**","_","KL","_","ET","_","LS","_","SR","_","ARMATUUR","_","OVERRUNRANDLICHT","_","OPBOUW","'-","","'-","G","'-","","","*_**_KL_ET_LS_SR_ARMATUUR_OVERRUNRANDLICHT_OPBOUW","0.18","190","192","190","190","252","CONTINUOUS","0.35","190","192","190","190","190","CONTINUOUS","0.35","190","192","190","190","190","V-CONTINUOUS-SO","0.35","190","192","190","190","190","CONTINUOUS","","","935","933","http://digitalbuildingdata.tech/nlcs/def/0cfc99f4-3c2e-4e2f-a49f-182e7d43dce1","http://digitalbuildingdata.tech/nlcs/def/26756216-e94d-4112-97f3-9b32537fac12"
"GAS_LD_AANSLUITLEIDING_100 MBAR_PVC_32","*","_","**","_","KL","_","GAS","_","LD","_","AANSLUITLEIDING","_","100 MBAR","_","PVC","_","32","'-","","'-","G","'-","","","*_**_KL_GAS_LD_AANSLUITLEIDING_100 MBAR_PVC_32","0.18","50","52","50","50","252","KL-GAS_LD-SO","0.35","50","52","50","50","252","KL-GAS_LD-SO","0.35","50","52","50","50","252","V-KL-GAS_LD-SO","0.35","50","52","50","50","252","KL-GAS_LD-SO","","","1124","1122","http://digitalbuildingdata.tech/nlcs/def/9b59351f-70b3-4390-9e56-8ee2f1c961e5","http://digitalbuildingdata.tech/nlcs/def/347b6155-0d90-4921-b2fb-17f15b021ea5"
"GAS_LD_AANSLUITLEIDING_100 MBAR_PE_50","*","_","**","_","KL","_","GAS","_","LD","_","AANSLUITLEIDING","_","100 MBAR","_","PE","_","50","'-","","'-","G","'-","","","*_**_KL_GAS_LD_AANSLUITLEIDING_100 MBAR_PE_50","0.18","50","52","50","50","252","KL-GAS_LD-SO","0.35","50","52","50","50","252","KL-GAS_LD-SO","0.35","50","52","50","50","252","V-KL-GAS_LD-SO","0.35","50","52","50","50","252","KL-GAS_LD-SO","","","1119","1115","http://digitalbuildingdata.tech/nlcs/def/eab19f64-062e-487c-af75-5e271fa48df7","http://digitalbuildingdata.tech/nlcs/def/a1bdcd75-02c8-4e63-9a19-bf4c33c2e7fe"
"GAS_HD_HOOFDLEIDING_8 BAR_PE_315","*","_","**","_","KL","_","GAS","_","HD","_","HOOFDLEIDING","_","8 BAR","_","PE","_","315","'-","","'-","G","'-","","","*_**_KL_GAS_HD_HOOFDLEIDING_8 BAR_PE_315","0.18","30","32","30","30","252","KL-GAS_HD-SO","0.35","30","32","30","30","252","KL-GAS_HD-SO","0.35","30","32","30","30","252","V-KL-GAS_HD-SO","0.35","30","32","30","30","252","KL-GAS_HD-SO","","","1092","1088","http://digitalbuildingdata.tech/nlcs/def/3423b0c0-a0c9-4b96-8b04-7fdf21b1f68b","http://digitalbuildingdata.tech/nlcs/def/72a35eb9-2d2b-4305-85a6-5676b91cb472"
"GAS_HD_AANSLUITLEIDING_8 BAR_PVC_25","*","_","**","_","KL","_","GAS","_","HD","_","AANSLUITLEIDING","_","8 BAR","_","PVC","_","25","'-","","'-","G","'-","","","*_**_KL_GAS_HD_AANSLUITLEIDING_8 BAR_PVC_25","0.18","30","32","30","30","252","KL-GAS_HD-SO","0.35","30","32","30","30","252","KL-GAS_HD-SO","0.35","30","32","30","30","252","V-KL-GAS_HD-SO","0.35","30","32","30","30","252","KL-GAS_HD-SO","","","1047","1046","http://digitalbuildingdata.tech/nlcs/def/d75989f2-25bc-48b9-b560-d6cfea9569d5","http://digitalbuildingdata.tech/nlcs/def/919a6f20-7e07-4638-849f-e12f56d263e5"
"GAS_LD_AANSLUITLEIDING_30 MBAR_PVC_75","*","_","**","_","KL","_","GAS","_","LD","_","AANSLUITLEIDING","_","30 MBAR","_","PVC","_","75","'-","","'-","G","'-","","","*_**_KL_GAS_LD_AANSLUITLEIDING_30 MBAR_PVC_75","0.18","50","52","50","50","252","KL-GAS_LD-SO","0.35","50","52","50","50","252","KL-GAS_LD-SO","0.35","50","52","50","50","252","V-KL-GAS_LD-SO","0.35","50","52","50","50","252","KL-GAS_LD-SO","","","1142","1137","http://digitalbuildingdata.tech/nlcs/def/950e7c4d-1325-4e77-bf7d-60d51442cb69","http://digitalbuildingdata.tech/nlcs/def/af494a6a-35d2-4e8c-8d3a-e9866c777b0a"
"GAS_LD_HOOFDLEIDING_100 MBAR_PE","*","_","**","_","KL","_","GAS","_","LD","_","HOOFDLEIDING","_","100 MBAR","_","PE","_","","'-","","'-","G","'-","","","*_**_KL_GAS_LD_HOOFDLEIDING_100 MBAR_PE","0.18","50","52","50","50","252","KL-GAS_LD-SO","0.35","50","52","50","50","252","KL-GAS_LD-SO","0.35","50","52","50","50","252","V-KL-GAS_LD-SO","0.35","50","52","50","50","252","KL-GAS_LD-SO","","","1145","1144","http://digitalbuildingdata.tech/nlcs/def/bff4b5a9-a6c2-4d1e-bf8e-d9ead98ad5b7","http://digitalbuildingdata.tech/nlcs/def/0da74ef1-0b26-40dc-96fe-a2bc2f951263"
"GAS_HD_HOOFDLEIDING_4 BAR_PE","*","_","**","_","KL","_","GAS","_","HD","_","HOOFDLEIDING","_","4 BAR","_","PE","_","","'-","","'-","G","'-","","","*_**_KL_GAS_HD_HOOFDLEIDING_4 BAR_PE","0.18","30","32","30","30","252","KL-GAS_HD-SO","0.35","30","32","30","30","252","KL-GAS_HD-SO","0.35","30","32","30","30","252","V-KL-GAS_HD-SO","0.35","30","32","30","30","252","KL-GAS_HD-SO","","","1071","1070","http://digitalbuildingdata.tech/nlcs/def/bc271d8f-62bb-4c3f-b0dd-d5d94c11890a","http://digitalbuildingdata.tech/nlcs/def/fb4db6ba-651b-4a43-aa6e-ae48f8982904"
"GAS_HD_HOOFDLEIDING_8 BAR_PVC","*","_","**","_","KL","_","GAS","_","HD","_","HOOFDLEIDING","_","8 BAR","_","PVC","_","","'-","","'-","G","'-","","","*_**_KL_GAS_HD_HOOFDLEIDING_8 BAR_PVC","0.18","30","32","30","30","252","KL-GAS_HD-SO","0.35","30","32","30","30","252","KL-GAS_HD-SO","0.35","30","32","30","30","252","V-KL-GAS_HD-SO","0.35","30","32","30","30","252","KL-GAS_HD-SO","","","1095","1087","http://digitalbuildingdata.tech/nlcs/def/4b71ec60-6426-447c-b42f-c5402547ada2","http://digitalbuildingdata.tech/nlcs/def/f18709c4-92b8-4a26-962e-6b0837e55274"
"GAS_HD_AANSLUITLEIDING_1 BAR_PE","*","_","**","_","KL","_","GAS","_","HD","_","AANSLUITLEIDING","_","1 BAR","_","PE","_","","'-","","'-","G","'-","","","*_**_KL_GAS_HD_AANSLUITLEIDING_1 BAR_PE","0.18","30","32","30","30","252","KL-GAS_HD-SO","0.35","30","32","30","30","252","KL-GAS_HD-SO","0.35","30","32","30","30","252","V-KL-GAS_HD-SO","0.35","30","32","30","30","252","KL-GAS_HD-SO","","","1002","1001","http://digitalbuildingdata.tech/nlcs/def/af3e73c6-b9b9-4857-8605-ae2a38190b17","http://digitalbuildingdata.tech/nlcs/def/f7055986-f76a-44c9-b04e-68e953fbe5ec"
"GAS_HD_AANSLUITLEIDING_8 BAR_PE","*","_","**","_","KL","_","GAS","_","HD","_","AANSLUITLEIDING","_","8 BAR","_","PE","_","","'-","","'-","G","'-","","","*_**_KL_GAS_HD_AANSLUITLEIDING_8 BAR_PE","0.18","30","32","30","30","252","KL-GAS_HD-SO","0.35","30","32","30","30","252","KL-GAS_HD-SO","0.35","30","32","30","30","252","V-KL-GAS_HD-SO","0.35","30","32","30","30","252","KL-GAS_HD-SO","","","1038","1037","http://digitalbuildingdata.tech/nlcs/def/69f9c6ee-abd8-4069-878f-fca88a2f67c7","http://digitalbuildingdata.tech/nlcs/def/572fd2ca-39f4-45cf-9824-13d0447c466b"
"ET_LS_SR_ARMATUUR_PAPLICHT","*","_","**","_","KL","_","ET","_","LS","_","SR","_","ARMATUUR","_","PAPLICHT","_","","'-","","'-","G","'-","","","*_**_KL_ET_LS_SR_ARMATUUR_PAPLICHT","0.18","190","192","190","190","252","CONTINUOUS","0.35","190","192","190","190","190","CONTINUOUS","0.35","190","192","190","190","190","V-CONTINUOUS-SO","0.35","190","192","190","190","190","CONTINUOUS","","","936","919","http://digitalbuildingdata.tech/nlcs/def/3ff3817e-9f2a-4ce2-aaaa-cb0e13b0391d","http://digitalbuildingdata.tech/nlcs/def/50395697-8eae-43ef-9a59-2a38f74e73b3"
"GAS_HD_AANSLUITLEIDING_8 BAR_PVC","*","_","**","_","KL","_","GAS","_","HD","_","AANSLUITLEIDING","_","8 BAR","_","PVC","_","","'-","","'-","G","'-","","","*_**_KL_GAS_HD_AANSLUITLEIDING_8 BAR_PVC","0.18","30","32","30","30","252","KL-GAS_HD-SO","0.35","30","32","30","30","252","KL-GAS_HD-SO","0.35","30","32","30","30","252","V-KL-GAS_HD-SO","0.35","30","32","30","30","252","KL-GAS_HD-SO","","","1046","1037","http://digitalbuildingdata.tech/nlcs/def/919a6f20-7e07-4638-849f-e12f56d263e5","http://digitalbuildingdata.tech/nlcs/def/572fd2ca-39f4-45cf-9824-13d0447c466b"
"WATER_BRANDLEIDING_HUISAANSLUITING_PVC_90","*","_","**","_","KL","_","WATER","_","BRANDLEIDING","_","HUISAANSLUITING","_","PVC","_","90","_","","'-","","'-","G","'-","","","*_**_KL_WATER_BRANDLEIDING_HUISAANSLUITING_PVC_90","0.18","150","152","150","150","252","KL-WATER-SO","0.35","150","152","150","150","252","KL-WATER-SO","0.35","150","152","150","150","252","V-KL-WATER-SO","0.35","150","152","150","150","252","KL-WATER-SO","","","1300","1293","http://digitalbuildingdata.tech/nlcs/def/cdd59e05-051a-419d-b0ea-a187e9036a68","http://digitalbuildingdata.tech/nlcs/def/a7a67a9a-eb68-4891-8f13-68e5ee6a7f49"
"GAS_HD_AANSLUITLEIDING_1 BAR_PVC","*","_","**","_","KL","_","GAS","_","HD","_","AANSLUITLEIDING","_","1 BAR","_","PVC","_","","'-","","'-","G","'-","","","*_**_KL_GAS_HD_AANSLUITLEIDING_1 BAR_PVC","0.18","30","32","30","30","252","KL-GAS_HD-SO","0.35","30","32","30","30","252","KL-GAS_HD-SO","0.35","30","32","30","30","252","V-KL-GAS_HD-SO","0.35","30","32","30","30","252","KL-GAS_HD-SO","","","1010","1001","http://digitalbuildingdata.tech/nlcs/def/6db63e5b-9507-4468-8688-248250ed01f7","http://digitalbuildingdata.tech/nlcs/def/f7055986-f76a-44c9-b04e-68e953fbe5ec"
"GAS_HD_HOOFDLEIDING_1 BAR_PE","*","_","**","_","KL","_","GAS","_","HD","_","HOOFDLEIDING","_","1 BAR","_","PE","_","","'-","","'-","G","'-","","","*_**_KL_GAS_HD_HOOFDLEIDING_1 BAR_PE","0.18","30","32","30","30","252","KL-GAS_HD-SO","0.35","30","32","30","30","252","KL-GAS_HD-SO","0.35","30","32","30","30","252","V-KL-GAS_HD-SO","0.35","30","32","30","30","252","KL-GAS_HD-SO","","","1056","1055","http://digitalbuildingdata.tech/nlcs/def/7c939b97-377b-4d12-aa24-1270c065f5a7","http://digitalbuildingdata.tech/nlcs/def/0592b693-f5d2-4cc9-9f89-74877f429b7c"
"GAS_LD_HOOFDLEIDING_100 MBAR_PVC","*","_","**","_","KL","_","GAS","_","LD","_","HOOFDLEIDING","_","100 MBAR","_","PVC","_","","'-","","'-","G","'-","","","*_**_KL_GAS_LD_HOOFDLEIDING_100 MBAR_PVC","0.18","50","52","50","50","252","KL-GAS_LD-SO","0.35","50","52","50","50","252","KL-GAS_LD-SO","0.35","50","52","50","50","252","V-KL-GAS_LD-SO","0.35","50","52","50","50","252","KL-GAS_LD-SO","","","1152","1144","http://digitalbuildingdata.tech/nlcs/def/e803d1f4-80b9-47e0-9c19-62311a2da1dd","http://digitalbuildingdata.tech/nlcs/def/0da74ef1-0b26-40dc-96fe-a2bc2f951263"
"WATER_BRANDLEIDING_HUISAANSLUITING_PE_75","*","_","**","_","KL","_","WATER","_","BRANDLEIDING","_","HUISAANSLUITING","_","PE","_","75","_","","'-","","'-","G","'-","","","*_**_KL_WATER_BRANDLEIDING_HUISAANSLUITING_PE_75","0.18","150","152","150","150","252","KL-WATER-SO","0.35","150","152","150","150","252","KL-WATER-SO","0.35","150","152","150","150","252","V-KL-WATER-SO","0.35","150","152","150","150","252","KL-WATER-SO","","","1291","1285","http://digitalbuildingdata.tech/nlcs/def/51f4d4dd-cda0-4cd3-b1c3-130d6abffa3f","http://digitalbuildingdata.tech/nlcs/def/e24140d9-8576-490a-bde9-cf2f2de0ed0e"
"WATER_BRANDLEIDING_HUISAANSLUITING_PVC_40","*","_","**","_","KL","_","WATER","_","BRANDLEIDING","_","HUISAANSLUITING","_","PVC","_","40","_","","'-","","'-","G","'-","","","*_**_KL_WATER_BRANDLEIDING_HUISAANSLUITING_PVC_40","0.18","150","152","150","150","252","KL-WATER-SO","0.35","150","152","150","150","252","KL-WATER-SO","0.35","150","152","150","150","252","V-KL-WATER-SO","0.35","150","152","150","150","252","KL-WATER-SO","","","1296","1293","http://digitalbuildingdata.tech/nlcs/def/b524d2b0-cca9-4850-85ab-ea15f12bdb1e","http://digitalbuildingdata.tech/nlcs/def/a7a67a9a-eb68-4891-8f13-68e5ee6a7f49"
"ET_LS_SR_BORD_INFOBORD","*","_","**","_","KL","_","ET","_","LS","_","SR","_","BORD","_","INFOBORD","_","","'-","","'-","G","'-","","","*_**_KL_ET_LS_SR_BORD_INFOBORD","0.18","190","192","190","190","252","CONTINUOUS","0.35","190","192","190","190","190","CONTINUOUS","0.35","190","192","190","190","190","V-CONTINUOUS-SO","0.35","190","192","190","190","190","CONTINUOUS","","","948","944","http://digitalbuildingdata.tech/nlcs/def/7b555cbb-eb73-4c8c-9732-c06daf7082d9","http://digitalbuildingdata.tech/nlcs/def/3ee7f279-aeac-4579-b34d-cf999dc9275c"
"WATER_BRANDLEIDING_HUISAANSLUITING_PVC_50","*","_","**","_","KL","_","WATER","_","BRANDLEIDING","_","HUISAANSLUITING","_","PVC","_","50","_","","'-","","'-","G","'-","","","*_**_KL_WATER_BRANDLEIDING_HUISAANSLUITING_PVC_50","0.18","150","152","150","150","252","KL-WATER-SO","0.35","150","152","150","150","252","KL-WATER-SO","0.35","150","152","150","150","252","V-KL-WATER-SO","0.35","150","152","150","150","252","KL-WATER-SO","","","1297","1293","http://digitalbuildingdata.tech/nlcs/def/f25c2ffc-83ca-4bb3-8977-24bff66195ec","http://digitalbuildingdata.tech/nlcs/def/a7a67a9a-eb68-4891-8f13-68e5ee6a7f49"
"ET_LS_SR_ARMATUUR_INVLIEGLICHT","*","_","**","_","KL","_","ET","_","LS","_","SR","_","ARMATUUR","_","INVLIEGLICHT","_","","'-","","'-","G","'-","","","*_**_KL_ET_LS_SR_ARMATUUR_INVLIEGLICHT","0.18","190","192","190","190","252","CONTINUOUS","0.35","190","192","190","190","190","CONTINUOUS","0.35","190","192","190","190","190","V-CONTINUOUS-SO","0.35","190","192","190","190","190","CONTINUOUS","","","927","919","http://digitalbuildingdata.tech/nlcs/def/9ccf745a-6049-440e-b31e-07636d931fe0","http://digitalbuildingdata.tech/nlcs/def/50395697-8eae-43ef-9a59-2a38f74e73b3"
"GAS_HD_HOOFDLEIDING_4 BAR_PVC","*","_","**","_","KL","_","GAS","_","HD","_","HOOFDLEIDING","_","4 BAR","_","PVC","_","","'-","","'-","G","'-","","","*_**_KL_GAS_HD_HOOFDLEIDING_4 BAR_PVC","0.18","30","32","30","30","252","KL-GAS_HD-SO","0.35","30","32","30","30","252","KL-GAS_HD-SO","0.35","30","32","30","30","252","V-KL-GAS_HD-SO","0.35","30","32","30","30","252","KL-GAS_HD-SO","","","1078","1070","http://digitalbuildingdata.tech/nlcs/def/2c7cc095-01de-403a-8cee-e1aac0bad901","http://digitalbuildingdata.tech/nlcs/def/fb4db6ba-651b-4a43-aa6e-ae48f8982904"
"GAS_HD_HOOFDLEIDING_1 BAR_PVC","*","_","**","_","KL","_","GAS","_","HD","_","HOOFDLEIDING","_","1 BAR","_","PVC","_","","'-","","'-","G","'-","","","*_**_KL_GAS_HD_HOOFDLEIDING_1 BAR_PVC","0.18","30","32","30","30","252","KL-GAS_HD-SO","0.35","30","32","30","30","252","KL-GAS_HD-SO","0.35","30","32","30","30","252","V-KL-GAS_HD-SO","0.35","30","32","30","30","252","KL-GAS_HD-SO","","","1063","1055","http://digitalbuildingdata.tech/nlcs/def/b65e9a31-ed13-46d4-abc1-d743cb87c11c","http://digitalbuildingdata.tech/nlcs/def/0592b693-f5d2-4cc9-9f89-74877f429b7c"
"ET_LS_SR_ARMATUUR_BAANEINDELICHT","*","_","**","_","KL","_","ET","_","LS","_","SR","_","ARMATUUR","_","BAANEINDELICHT","_","","'-","","'-","G","'-","","","*_**_KL_ET_LS_SR_ARMATUUR_BAANEINDELICHT","0.18","190","192","190","190","252","CONTINUOUS","0.35","190","192","190","190","190","CONTINUOUS","0.35","190","192","190","190","190","V-CONTINUOUS-SO","0.35","190","192","190","190","190","CONTINUOUS","","","920","919","http://digitalbuildingdata.tech/nlcs/def/a9611cd4-8f91-4b60-8950-25f08919c909","http://digitalbuildingdata.tech/nlcs/def/50395697-8eae-43ef-9a59-2a38f74e73b3"
"ET_LS_SR_ARMATUUR_HELIPANELLICHT","*","_","**","_","KL","_","ET","_","LS","_","SR","_","ARMATUUR","_","HELIPANELLICHT","_","","'-","","'-","G","'-","","","*_**_KL_ET_LS_SR_ARMATUUR_HELIPANELLICHT","0.18","190","192","190","190","252","CONTINUOUS","0.35","190","192","190","190","190","CONTINUOUS","0.35","190","192","190","190","190","V-CONTINUOUS-SO","0.35","190","192","190","190","190","CONTINUOUS","","","926","919","http://digitalbuildingdata.tech/nlcs/def/28392145-9a1d-4af4-a051-c5367bda6c3e","http://digitalbuildingdata.tech/nlcs/def/50395697-8eae-43ef-9a59-2a38f74e73b3"
"GAS_LD_AANSLUITLEIDING_30 MBAR_PE","*","_","**","_","KL","_","GAS","_","LD","_","AANSLUITLEIDING","_","30 MBAR","_","PE","_","","'-","","'-","G","'-","","","*_**_KL_GAS_LD_AANSLUITLEIDING_30 MBAR_PE","0.18","50","52","50","50","252","KL-GAS_LD-SO","0.35","50","52","50","50","252","KL-GAS_LD-SO","0.35","50","52","50","50","252","V-KL-GAS_LD-SO","0.35","50","52","50","50","252","KL-GAS_LD-SO","","","1130","1129","http://digitalbuildingdata.tech/nlcs/def/0e28a3fc-fe67-4b4c-a92b-480608e1b38e","http://digitalbuildingdata.tech/nlcs/def/d6d45653-9f08-4364-a7f0-4bd98f3de559"
"WATER_BRANDLEIDING_TRANSPORTLEIDING_PVC_500","*","_","**","_","KL","_","WATER","_","BRANDLEIDING","_","TRANSPORTLEIDING","_","PVC","_","500","_","","'-","","'-","G","'-","","","*_**_KL_WATER_BRANDLEIDING_TRANSPORTLEIDING_PVC_500","0.18","150","152","150","150","252","KL-WATER-SO","0.35","150","152","150","150","252","KL-WATER-SO","0.35","150","152","150","150","252","V-KL-WATER-SO","0.35","150","152","150","150","252","KL-WATER-SO","","","1329","1322","http://digitalbuildingdata.tech/nlcs/def/c12cfd21-4c4b-4b82-9390-51a98201b103","http://digitalbuildingdata.tech/nlcs/def/a3a4cede-07e4-4f9c-9958-1399ca8a9bed"
"WATER_BRANDLEIDING_TRANSPORTLEIDING_PE_400","*","_","**","_","KL","_","WATER","_","BRANDLEIDING","_","TRANSPORTLEIDING","_","PE","_","400","_","","'-","","'-","G","'-","","","*_**_KL_WATER_BRANDLEIDING_TRANSPORTLEIDING_PE_400","0.18","150","152","150","150","252","KL-WATER-SO","0.35","150","152","150","150","252","KL-WATER-SO","0.35","150","152","150","150","252","V-KL-WATER-SO","0.35","150","152","150","150","252","KL-WATER-SO","","","1319","1313","http://digitalbuildingdata.tech/nlcs/def/78150072-e8a9-4de5-b55f-f8bbd228a60e","http://digitalbuildingdata.tech/nlcs/def/9a1612d8-114e-4a55-88ff-7044e6960520"
"GAS_LD_AANSLUITLEIDING_100 MBAR_PVC","*","_","**","_","KL","_","GAS","_","LD","_","AANSLUITLEIDING","_","100 MBAR","_","PVC","_","","'-","","'-","G","'-","","","*_**_KL_GAS_LD_AANSLUITLEIDING_100 MBAR_PVC","0.18","50","52","50","50","252","KL-GAS_LD-SO","0.35","50","52","50","50","252","KL-GAS_LD-SO","0.35","50","52","50","50","252","V-KL-GAS_LD-SO","0.35","50","52","50","50","252","KL-GAS_LD-SO","","","1122","1114","http://digitalbuildingdata.tech/nlcs/def/347b6155-0d90-4921-b2fb-17f15b021ea5","http://digitalbuildingdata.tech/nlcs/def/ef27503d-68d3-4e8a-ad70-41cefd3a4784"
"WATER_BRANDLEIDING_TRANSPORTLEIDING_PVC_160","*","_","**","_","KL","_","WATER","_","BRANDLEIDING","_","TRANSPORTLEIDING","_","PVC","_","160","_","","'-","","'-","G","'-","","","*_**_KL_WATER_BRANDLEIDING_TRANSPORTLEIDING_PVC_160","0.18","150","152","150","150","252","KL-WATER-SO","0.35","150","152","150","150","252","KL-WATER-SO","0.35","150","152","150","150","252","V-KL-WATER-SO","0.35","150","152","150","150","252","KL-WATER-SO","","","1325","1322","http://digitalbuildingdata.tech/nlcs/def/289ec0a5-6259-45c7-916e-aae62e8662cc","http://digitalbuildingdata.tech/nlcs/def/a3a4cede-07e4-4f9c-9958-1399ca8a9bed"
"WATER_BRANDLEIDING_TRANSPORTLEIDING_PVC_125","*","_","**","_","KL","_","WATER","_","BRANDLEIDING","_","TRANSPORTLEIDING","_","PVC","_","125","_","","'-","","'-","G","'-","","","*_**_KL_WATER_BRANDLEIDING_TRANSPORTLEIDING_PVC_125","0.18","150","152","150","150","252","KL-WATER-SO","0.35","150","152","150","150","252","KL-WATER-SO","0.35","150","152","150","150","252","V-KL-WATER-SO","0.35","150","152","150","150","252","KL-WATER-SO","","","1324","1322","http://digitalbuildingdata.tech/nlcs/def/4e2bb19c-052e-45e6-9a45-56e94954267b","http://digitalbuildingdata.tech/nlcs/def/a3a4cede-07e4-4f9c-9958-1399ca8a9bed"
"GAS_HD_AANSLUITLEIDING_4 BAR_PE","*","_","**","_","KL","_","GAS","_","HD","_","AANSLUITLEIDING","_","4 BAR","_","PE","_","","'-","","'-","G","'-","","","*_**_KL_GAS_HD_AANSLUITLEIDING_4 BAR_PE","0.18","30","32","30","30","252","KL-GAS_HD-SO","0.35","30","32","30","30","252","KL-GAS_HD-SO","0.35","30","32","30","30","252","V-KL-GAS_HD-SO","0.35","30","32","30","30","252","KL-GAS_HD-SO","","","1019","1018","http://digitalbuildingdata.tech/nlcs/def/f3db663d-fe28-45ce-a691-958ff9150395","http://digitalbuildingdata.tech/nlcs/def/4fad6df4-b3f9-41ec-8675-e2e71a6530a0"
"ET_LS_SR_ARMATUUR_PLATFORMLICHT","*","_","**","_","KL","_","ET","_","LS","_","SR","_","ARMATUUR","_","PLATFORMLICHT","_","","'-","","'-","G","'-","","","*_**_KL_ET_LS_SR_ARMATUUR_PLATFORMLICHT","0.18","190","192","190","190","252","CONTINUOUS","0.35","190","192","190","190","190","CONTINUOUS","0.35","190","192","190","190","190","V-CONTINUOUS-SO","0.35","190","192","190","190","190","CONTINUOUS","","","937","919","http://digitalbuildingdata.tech/nlcs/def/127428d9-8ec0-43e4-b6db-e754c50f6618","http://digitalbuildingdata.tech/nlcs/def/50395697-8eae-43ef-9a59-2a38f74e73b3"
"GAS_LD_HOOFDLEIDING_30 MBAR_PE","*","_","**","_","KL","_","GAS","_","LD","_","HOOFDLEIDING","_","30 MBAR","_","PE","_","","'-","","'-","G","'-","","","*_**_KL_GAS_LD_HOOFDLEIDING_30 MBAR_PE","0.18","50","52","50","50","252","KL-GAS_LD-SO","0.35","50","52","50","50","252","KL-GAS_LD-SO","0.35","50","52","50","50","252","V-KL-GAS_LD-SO","0.35","50","52","50","50","252","KL-GAS_LD-SO","","","1160","1159","http://digitalbuildingdata.tech/nlcs/def/67c45379-d783-479e-8c12-3e1a5e3aaa02","http://digitalbuildingdata.tech/nlcs/def/f06c1bd4-b7bc-41f3-8234-35c82a8b1e91"
"WATER_BRANDLEIDING_HUISAANSLUITING_PE_90","*","_","**","_","KL","_","WATER","_","BRANDLEIDING","_","HUISAANSLUITING","_","PE","_","90","_","","'-","","'-","G","'-","","","*_**_KL_WATER_BRANDLEIDING_HUISAANSLUITING_PE_90","0.18","150","152","150","150","252","KL-WATER-SO","0.35","150","152","150","150","252","KL-WATER-SO","0.35","150","152","150","150","252","V-KL-WATER-SO","0.35","150","152","150","150","252","KL-WATER-SO","","","1292","1285","http://digitalbuildingdata.tech/nlcs/def/6d5fa729-6c04-4047-a3ca-c9fa3a8a991d","http://digitalbuildingdata.tech/nlcs/def/e24140d9-8576-490a-bde9-cf2f2de0ed0e"
"WATER_BRANDLEIDING_TRANSPORTLEIDING_PE_125","*","_","**","_","KL","_","WATER","_","BRANDLEIDING","_","TRANSPORTLEIDING","_","PE","_","125","_","","'-","","'-","G","'-","","","*_**_KL_WATER_BRANDLEIDING_TRANSPORTLEIDING_PE_125","0.18","150","152","150","150","252","KL-WATER-SO","0.35","150","152","150","150","252","KL-WATER-SO","0.35","150","152","150","150","252","V-KL-WATER-SO","0.35","150","152","150","150","252","KL-WATER-SO","","","1315","1313","http://digitalbuildingdata.tech/nlcs/def/5d4e7c91-e472-44a9-a7f5-c44f2b684580","http://digitalbuildingdata.tech/nlcs/def/9a1612d8-114e-4a55-88ff-7044e6960520"
"ET_LS_SR_ARMATUUR_DREMPELLICHT","*","_","**","_","KL","_","ET","_","LS","_","SR","_","ARMATUUR","_","DREMPELLICHT","_","","'-","","'-","G","'-","","","*_**_KL_ET_LS_SR_ARMATUUR_DREMPELLICHT","0.18","190","192","190","190","252","CONTINUOUS","0.35","190","192","190","190","190","CONTINUOUS","0.35","190","192","190","190","190","V-CONTINUOUS-SO","0.35","190","192","190","190","190","CONTINUOUS","","","923","919","http://digitalbuildingdata.tech/nlcs/def/31946ea8-24f6-4c29-b873-50bf31cdbb0a","http://digitalbuildingdata.tech/nlcs/def/50395697-8eae-43ef-9a59-2a38f74e73b3"
"ET_LS_SR_ARMATUUR_STARTBAANLICHT","*","_","**","_","KL","_","ET","_","LS","_","SR","_","ARMATUUR","_","STARTBAANLICHT","_","","'-","","'-","G","'-","","","*_**_KL_ET_LS_SR_ARMATUUR_STARTBAANLICHT","0.18","190","192","190","190","252","CONTINUOUS","0.35","190","192","190","190","190","CONTINUOUS","0.35","190","192","190","190","190","V-CONTINUOUS-SO","0.35","190","192","190","190","190","CONTINUOUS","","","941","919","http://digitalbuildingdata.tech/nlcs/def/92477ddd-18dd-47ca-bbe0-d49dde95a0ec","http://digitalbuildingdata.tech/nlcs/def/50395697-8eae-43ef-9a59-2a38f74e73b3"
"WATER_BRANDLEIDING_TRANSPORTLEIDING_PE_315","*","_","**","_","KL","_","WATER","_","BRANDLEIDING","_","TRANSPORTLEIDING","_","PE","_","315","_","","'-","","'-","G","'-","","","*_**_KL_WATER_BRANDLEIDING_TRANSPORTLEIDING_PE_315","0.18","150","152","150","150","252","KL-WATER-SO","0.35","150","152","150","150","252","KL-WATER-SO","0.35","150","152","150","150","252","V-KL-WATER-SO","0.35","150","152","150","150","252","KL-WATER-SO","","","1318","1313","http://digitalbuildingdata.tech/nlcs/def/652dd341-31c2-4e0d-b41e-fdd90a85aa96","http://digitalbuildingdata.tech/nlcs/def/9a1612d8-114e-4a55-88ff-7044e6960520"
"GAS_LD_HOOFDLEIDING_30 MBAR_PVC","*","_","**","_","KL","_","GAS","_","LD","_","HOOFDLEIDING","_","30 MBAR","_","PVC","_","","'-","","'-","G","'-","","","*_**_KL_GAS_LD_HOOFDLEIDING_30 MBAR_PVC","0.18","50","52","50","50","252","KL-GAS_LD-SO","0.35","50","52","50","50","252","KL-GAS_LD-SO","0.35","50","52","50","50","252","V-KL-GAS_LD-SO","0.35","50","52","50","50","252","KL-GAS_LD-SO","","","1167","1159","http://digitalbuildingdata.tech/nlcs/def/f382e6b3-6f0c-41d9-b095-78ad09475c03","http://digitalbuildingdata.tech/nlcs/def/f06c1bd4-b7bc-41f3-8234-35c82a8b1e91"
"GAS_LD_AANSLUITLEIDING_30 MBAR_PVC","*","_","**","_","KL","_","GAS","_","LD","_","AANSLUITLEIDING","_","30 MBAR","_","PVC","_","","'-","","'-","G","'-","","","*_**_KL_GAS_LD_AANSLUITLEIDING_30 MBAR_PVC","0.18","50","52","50","50","252","KL-GAS_LD-SO","0.35","50","52","50","50","252","KL-GAS_LD-SO","0.35","50","52","50","50","252","V-KL-GAS_LD-SO","0.35","50","52","50","50","252","KL-GAS_LD-SO","","","1137","1129","http://digitalbuildingdata.tech/nlcs/def/af494a6a-35d2-4e8c-8d3a-e9866c777b0a","http://digitalbuildingdata.tech/nlcs/def/d6d45653-9f08-4364-a7f0-4bd98f3de559"
"WATER_BRANDLEIDING_TRANSPORTLEIDING_PVC_110","*","_","**","_","KL","_","WATER","_","BRANDLEIDING","_","TRANSPORTLEIDING","_","PVC","_","110","_","","'-","","'-","G","'-","","","*_**_KL_WATER_BRANDLEIDING_TRANSPORTLEIDING_PVC_110","0.18","150","152","150","150","252","KL-WATER-SO","0.35","150","152","150","150","252","KL-WATER-SO","0.35","150","152","150","150","252","V-KL-WATER-SO","0.35","150","152","150","150","252","KL-WATER-SO","","","1323","1322","http://digitalbuildingdata.tech/nlcs/def/ad9478c6-a92c-4c84-a0e6-4e78c1c009ab","http://digitalbuildingdata.tech/nlcs/def/a3a4cede-07e4-4f9c-9958-1399ca8a9bed"
"WATER_BRANDLEIDING_TRANSPORTLEIDING_PVC_400","*","_","**","_","KL","_","WATER","_","BRANDLEIDING","_","TRANSPORTLEIDING","_","PVC","_","400","_","","'-","","'-","G","'-","","","*_**_KL_WATER_BRANDLEIDING_TRANSPORTLEIDING_PVC_400","0.18","150","152","150","150","252","KL-WATER-SO","0.35","150","152","150","150","252","KL-WATER-SO","0.35","150","152","150","150","252","V-KL-WATER-SO","0.35","150","152","150","150","252","KL-WATER-SO","","","1328","1322","http://digitalbuildingdata.tech/nlcs/def/838fef2c-9361-4316-af9a-6112442d33de","http://digitalbuildingdata.tech/nlcs/def/a3a4cede-07e4-4f9c-9958-1399ca8a9bed"
"WATER_BRANDLEIDING_HUISAANSLUITING_PE_32","*","_","**","_","KL","_","WATER","_","BRANDLEIDING","_","HUISAANSLUITING","_","PE","_","32","_","","'-","","'-","G","'-","","","*_**_KL_WATER_BRANDLEIDING_HUISAANSLUITING_PE_32","0.18","150","152","150","150","252","KL-WATER-SO","0.35","150","152","150","150","252","KL-WATER-SO","0.35","150","152","150","150","252","V-KL-WATER-SO","0.35","150","152","150","150","252","KL-WATER-SO","","","1287","1285","http://digitalbuildingdata.tech/nlcs/def/456d4f27-7b32-4f1c-ae3c-10e3f44054f3","http://digitalbuildingdata.tech/nlcs/def/e24140d9-8576-490a-bde9-cf2f2de0ed0e"
"GAS_HD_AANSLUITLEIDING_4 BAR_PVC","*","_","**","_","KL","_","GAS","_","HD","_","AANSLUITLEIDING","_","4 BAR","_","PVC","_","","'-","","'-","G","'-","","","*_**_KL_GAS_HD_AANSLUITLEIDING_4 BAR_PVC","0.18","30","32","30","30","252","KL-GAS_HD-SO","0.35","30","32","30","30","252","KL-GAS_HD-SO","0.35","30","32","30","30","252","V-KL-GAS_HD-SO","0.35","30","32","30","30","252","KL-GAS_HD-SO","","","1027","1018","http://digitalbuildingdata.tech/nlcs/def/5b5fb41b-3da3-452d-9392-b59f7c3f1bac","http://digitalbuildingdata.tech/nlcs/def/4fad6df4-b3f9-41ec-8675-e2e71a6530a0"
"WATER_BRANDLEIDING_HUISAANSLUITING_PE_50","*","_","**","_","KL","_","WATER","_","BRANDLEIDING","_","HUISAANSLUITING","_","PE","_","50","_","","'-","","'-","G","'-","","","*_**_KL_WATER_BRANDLEIDING_HUISAANSLUITING_PE_50","0.18","150","152","150","150","252","KL-WATER-SO","0.35","150","152","150","150","252","KL-WATER-SO","0.35","150","152","150","150","252","V-KL-WATER-SO","0.35","150","152","150","150","252","KL-WATER-SO","","","1289","1285","http://digitalbuildingdata.tech/nlcs/def/b8e533ad-131e-4be5-8a5d-f2fafc0663ed","http://digitalbuildingdata.tech/nlcs/def/e24140d9-8576-490a-bde9-cf2f2de0ed0e"
"GAS_LD_AANSLUITLEIDING_100 MBAR_PE","*","_","**","_","KL","_","GAS","_","LD","_","AANSLUITLEIDING","_","100 MBAR","_","PE","_","","'-","","'-","G","'-","","","*_**_KL_GAS_LD_AANSLUITLEIDING_100 MBAR_PE","0.18","50","52","50","50","252","KL-GAS_LD-SO","0.35","50","52","50","50","252","KL-GAS_LD-SO","0.35","50","52","50","50","252","V-KL-GAS_LD-SO","0.35","50","52","50","50","252","KL-GAS_LD-SO","","","1115","1114","http://digitalbuildingdata.tech/nlcs/def/a1bdcd75-02c8-4e63-9a19-bf4c33c2e7fe","http://digitalbuildingdata.tech/nlcs/def/ef27503d-68d3-4e8a-ad70-41cefd3a4784"
"ET_LS_SR_ARMATUUR_ROLBAANLICHT","*","_","**","_","KL","_","ET","_","LS","_","SR","_","ARMATUUR","_","ROLBAANLICHT","_","","'-","","'-","G","'-","","","*_**_KL_ET_LS_SR_ARMATUUR_ROLBAANLICHT","0.18","190","192","190","190","252","CONTINUOUS","0.35","190","192","190","190","190","CONTINUOUS","0.35","190","192","190","190","190","V-CONTINUOUS-SO","0.35","190","192","190","190","190","CONTINUOUS","","","938","919","http://digitalbuildingdata.tech/nlcs/def/32fb2f9b-6013-4c52-bf76-6ee87b2c3384","http://digitalbuildingdata.tech/nlcs/def/50395697-8eae-43ef-9a59-2a38f74e73b3"
"ET_LS_SR_KAST_PUTKAST","*","_","**","_","KL","_","ET","_","LS","_","SR","_","KAST","_","PUTKAST","_","","'-","","'-","G","'-","","","*_**_KL_ET_LS_SR_KAST_PUTKAST","0.18","190","192","190","190","252","CONTINUOUS","0.35","190","192","190","190","190","CONTINUOUS","0.35","190","192","190","190","190","V-CONTINUOUS-SO","0.35","190","192","190","190","190","CONTINUOUS","","","954","953","http://digitalbuildingdata.tech/nlcs/def/3f682345-e3b0-4a7c-889c-baa2ec0fa2d3","http://digitalbuildingdata.tech/nlcs/def/bb7626f4-197f-40cb-be36-2006b265531e"
"GAS_HD_HOOFDLEIDING_8 BAR_PE","*","_","**","_","KL","_","GAS","_","HD","_","HOOFDLEIDING","_","8 BAR","_","PE","_","","'-","","'-","G","'-","","","*_**_KL_GAS_HD_HOOFDLEIDING_8 BAR_PE","0.18","30","32","30","30","252","KL-GAS_HD-SO","0.35","30","32","30","30","252","KL-GAS_HD-SO","0.35","30","32","30","30","252","V-KL-GAS_HD-SO","0.35","30","32","30","30","252","KL-GAS_HD-SO","","","1088","1087","http://digitalbuildingdata.tech/nlcs/def/72a35eb9-2d2b-4305-85a6-5676b91cb472","http://digitalbuildingdata.tech/nlcs/def/f18709c4-92b8-4a26-962e-6b0837e55274"
"WATER_BRANDLEIDING_HUISAANSLUITING_PVC_110","*","_","**","_","KL","_","WATER","_","BRANDLEIDING","_","HUISAANSLUITING","_","PVC","_","110","_","","'-","","'-","G","'-","","","*_**_KL_WATER_BRANDLEIDING_HUISAANSLUITING_PVC_110","0.18","150","152","150","150","252","KL-WATER-SO","0.35","150","152","150","150","252","KL-WATER-SO","0.35","150","152","150","150","252","V-KL-WATER-SO","0.35","150","152","150","150","252","KL-WATER-SO","","","1294","1293","http://digitalbuildingdata.tech/nlcs/def/3fa61633-2051-4034-b20f-656469816c66","http://digitalbuildingdata.tech/nlcs/def/a7a67a9a-eb68-4891-8f13-68e5ee6a7f49"
"WATER_BRANDLEIDING_TRANSPORTLEIDING_PE_500","*","_","**","_","KL","_","WATER","_","BRANDLEIDING","_","TRANSPORTLEIDING","_","PE","_","500","_","","'-","","'-","G","'-","","","*_**_KL_WATER_BRANDLEIDING_TRANSPORTLEIDING_PE_500","0.18","150","152","150","150","252","KL-WATER-SO","0.35","150","152","150","150","252","KL-WATER-SO","0.35","150","152","150","150","252","V-KL-WATER-SO","0.35","150","152","150","150","252","KL-WATER-SO","","","1320","1313","http://digitalbuildingdata.tech/nlcs/def/4ad5b031-4d54-4490-99d6-f365785c5df3","http://digitalbuildingdata.tech/nlcs/def/9a1612d8-114e-4a55-88ff-7044e6960520"
"WATER_BRANDLEIDING_HUISAANSLUITING_PVC_75","*","_","**","_","KL","_","WATER","_","BRANDLEIDING","_","HUISAANSLUITING","_","PVC","_","75","_","","'-","","'-","G","'-","","","*_**_KL_WATER_BRANDLEIDING_HUISAANSLUITING_PVC_75","0.18","150","152","150","150","252","KL-WATER-SO","0.35","150","152","150","150","252","KL-WATER-SO","0.35","150","152","150","150","252","V-KL-WATER-SO","0.35","150","152","150","150","252","KL-WATER-SO","","","1299","1293","http://digitalbuildingdata.tech/nlcs/def/c383b08e-0163-4128-8652-4f05d66c6c01","http://digitalbuildingdata.tech/nlcs/def/a7a67a9a-eb68-4891-8f13-68e5ee6a7f49"
"ET_LS_SR_ARMATUUR_NADERINGSLICHT","*","_","**","_","KL","_","ET","_","LS","_","SR","_","ARMATUUR","_","NADERINGSLICHT","_","","'-","","'-","G","'-","","","*_**_KL_ET_LS_SR_ARMATUUR_NADERINGSLICHT","0.18","190","192","190","190","252","CONTINUOUS","0.35","190","192","190","190","190","CONTINUOUS","0.35","190","192","190","190","190","V-CONTINUOUS-SO","0.35","190","192","190","190","190","CONTINUOUS","","","930","919","http://digitalbuildingdata.tech/nlcs/def/6bfefd9c-3f9e-4a59-81b3-8f9b173bd6e0","http://digitalbuildingdata.tech/nlcs/def/50395697-8eae-43ef-9a59-2a38f74e73b3"
"WATER_BRANDLEIDING_TRANSPORTLEIDING_PE_160","*","_","**","_","KL","_","WATER","_","BRANDLEIDING","_","TRANSPORTLEIDING","_","PE","_","160","_","","'-","","'-","G","'-","","","*_**_KL_WATER_BRANDLEIDING_TRANSPORTLEIDING_PE_160","0.18","150","152","150","150","252","KL-WATER-SO","0.35","150","152","150","150","252","KL-WATER-SO","0.35","150","152","150","150","252","V-KL-WATER-SO","0.35","150","152","150","150","252","KL-WATER-SO","","","1316","1313","http://digitalbuildingdata.tech/nlcs/def/637d55a3-aba1-448e-82a6-1cc89cc30bbf","http://digitalbuildingdata.tech/nlcs/def/9a1612d8-114e-4a55-88ff-7044e6960520"
"WATER_BRANDLEIDING_HUISAANSLUITING_PE_110","*","_","**","_","KL","_","WATER","_","BRANDLEIDING","_","HUISAANSLUITING","_","PE","_","110","_","","'-","","'-","G","'-","","","*_**_KL_WATER_BRANDLEIDING_HUISAANSLUITING_PE_110","0.18","150","152","150","150","252","KL-WATER-SO","0.35","150","152","150","150","252","KL-WATER-SO","0.35","150","152","150","150","252","V-KL-WATER-SO","0.35","150","152","150","150","252","KL-WATER-SO","","","1286","1285","http://digitalbuildingdata.tech/nlcs/def/989d43e2-f88d-463a-952e-6938fa52ba63","http://digitalbuildingdata.tech/nlcs/def/e24140d9-8576-490a-bde9-cf2f2de0ed0e"
"ET_LS_SR_ARMATUUR_OVERRUNRANDLICHT","*","_","**","_","KL","_","ET","_","LS","_","SR","_","ARMATUUR","_","OVERRUNRANDLICHT","_","","'-","","'-","G","'-","","","*_**_KL_ET_LS_SR_ARMATUUR_OVERRUNRANDLICHT","0.18","190","192","190","190","252","CONTINUOUS","0.35","190","192","190","190","190","CONTINUOUS","0.35","190","192","190","190","190","V-CONTINUOUS-SO","0.35","190","192","190","190","190","CONTINUOUS","","","933","919","http://digitalbuildingdata.tech/nlcs/def/26756216-e94d-4112-97f3-9b32537fac12","http://digitalbuildingdata.tech/nlcs/def/50395697-8eae-43ef-9a59-2a38f74e73b3"
"WATER_BRANDLEIDING_HUISAANSLUITING_PE_63","*","_","**","_","KL","_","WATER","_","BRANDLEIDING","_","HUISAANSLUITING","_","PE","_","63","_","","'-","","'-","G","'-","","","*_**_KL_WATER_BRANDLEIDING_HUISAANSLUITING_PE_63","0.18","150","152","150","150","252","KL-WATER-SO","0.35","150","152","150","150","252","KL-WATER-SO","0.35","150","152","150","150","252","V-KL-WATER-SO","0.35","150","152","150","150","252","KL-WATER-SO","","","1290","1285","http://digitalbuildingdata.tech/nlcs/def/6268d051-bc0a-4aaf-9053-36e5df42da80","http://digitalbuildingdata.tech/nlcs/def/e24140d9-8576-490a-bde9-cf2f2de0ed0e"
"ET_LS_SR_BORD_HOOKBORD","*","_","**","_","KL","_","ET","_","LS","_","SR","_","BORD","_","HOOKBORD","_","","'-","","'-","G","'-","","","*_**_KL_ET_LS_SR_BORD_HOOKBORD","0.18","190","192","190","190","252","CONTINUOUS","0.35","190","192","190","190","190","CONTINUOUS","0.35","190","192","190","190","190","V-CONTINUOUS-SO","0.35","190","192","190","190","190","CONTINUOUS","","","947","944","http://digitalbuildingdata.tech/nlcs/def/a2cae520-4d2d-44a2-9672-80b834301d18","http://digitalbuildingdata.tech/nlcs/def/3ee7f279-aeac-4579-b34d-cf999dc9275c"
"WATER_BRANDLEIDING_HUISAANSLUITING_PVC_32","*","_","**","_","KL","_","WATER","_","BRANDLEIDING","_","HUISAANSLUITING","_","PVC","_","32","_","","'-","","'-","G","'-","","","*_**_KL_WATER_BRANDLEIDING_HUISAANSLUITING_PVC_32","0.18","150","152","150","150","252","KL-WATER-SO","0.35","150","152","150","150","252","KL-WATER-SO","0.35","150","152","150","150","252","V-KL-WATER-SO","0.35","150","152","150","150","252","KL-WATER-SO","","","1295","1293","http://digitalbuildingdata.tech/nlcs/def/c991069d-3019-43aa-9188-9795c4fa3a30","http://digitalbuildingdata.tech/nlcs/def/a7a67a9a-eb68-4891-8f13-68e5ee6a7f49"
"ET_LS_SR_BORD_ARRISTOGEARBORD","*","_","**","_","KL","_","ET","_","LS","_","SR","_","BORD","_","ARRISTOGEARBORD","_","","'-","","'-","G","'-","","","*_**_KL_ET_LS_SR_BORD_ARRISTOGEARBORD","0.18","190","192","190","190","252","CONTINUOUS","0.35","190","192","190","190","190","CONTINUOUS","0.35","190","192","190","190","190","V-CONTINUOUS-SO","0.35","190","192","190","190","190","CONTINUOUS","","","946","944","http://digitalbuildingdata.tech/nlcs/def/074cab47-bb13-4325-9215-47e9f6d27a90","http://digitalbuildingdata.tech/nlcs/def/3ee7f279-aeac-4579-b34d-cf999dc9275c"
"WATER_BRANDLEIDING_TRANSPORTLEIDING_PVC_630","*","_","**","_","KL","_","WATER","_","BRANDLEIDING","_","TRANSPORTLEIDING","_","PVC","_","630","_","","'-","","'-","G","'-","","","*_**_KL_WATER_BRANDLEIDING_TRANSPORTLEIDING_PVC_630","0.18","150","152","150","150","252","KL-WATER-SO","0.35","150","152","150","150","252","KL-WATER-SO","0.35","150","152","150","150","252","V-KL-WATER-SO","0.35","150","152","150","150","252","KL-WATER-SO","","","1330","1322","http://digitalbuildingdata.tech/nlcs/def/0990c287-8994-4d41-9a8c-070c54b68d54","http://digitalbuildingdata.tech/nlcs/def/a3a4cede-07e4-4f9c-9958-1399ca8a9bed"
"WATER_BRANDLEIDING_TRANSPORTLEIDING_PE_110","*","_","**","_","KL","_","WATER","_","BRANDLEIDING","_","TRANSPORTLEIDING","_","PE","_","110","_","","'-","","'-","G","'-","","","*_**_KL_WATER_BRANDLEIDING_TRANSPORTLEIDING_PE_110","0.18","150","152","150","150","252","KL-WATER-SO","0.35","150","152","150","150","252","KL-WATER-SO","0.35","150","152","150","150","252","V-KL-WATER-SO","0.35","150","152","150","150","252","KL-WATER-SO","","","1314","1313","http://digitalbuildingdata.tech/nlcs/def/b1c35ffe-8e93-4f0f-9e9c-489fa6350515","http://digitalbuildingdata.tech/nlcs/def/9a1612d8-114e-4a55-88ff-7044e6960520"
"WATER_BRANDLEIDING_TRANSPORTLEIDING_PVC_315","*","_","**","_","KL","_","WATER","_","BRANDLEIDING","_","TRANSPORTLEIDING","_","PVC","_","315","_","","'-","","'-","G","'-","","","*_**_KL_WATER_BRANDLEIDING_TRANSPORTLEIDING_PVC_315","0.18","150","152","150","150","252","KL-WATER-SO","0.35","150","152","150","150","252","KL-WATER-SO","0.35","150","152","150","150","252","V-KL-WATER-SO","0.35","150","152","150","150","252","KL-WATER-SO","","","1327","1322","http://digitalbuildingdata.tech/nlcs/def/9c3acb47-7dce-40ab-8d2f-24529312ce71","http://digitalbuildingdata.tech/nlcs/def/a3a4cede-07e4-4f9c-9958-1399ca8a9bed"
"WATER_BRANDLEIDING_HUISAANSLUITING_PE_40","*","_","**","_","KL","_","WATER","_","BRANDLEIDING","_","HUISAANSLUITING","_","PE","_","40","_","","'-","","'-","G","'-","","","*_**_KL_WATER_BRANDLEIDING_HUISAANSLUITING_PE_40","0.18","150","152","150","150","252","KL-WATER-SO","0.35","150","152","150","150","252","KL-WATER-SO","0.35","150","152","150","150","252","V-KL-WATER-SO","0.35","150","152","150","150","252","KL-WATER-SO","","","1288","1285","http://digitalbuildingdata.tech/nlcs/def/91bfc0ae-d153-4dc9-a287-b63f974539f4","http://digitalbuildingdata.tech/nlcs/def/e24140d9-8576-490a-bde9-cf2f2de0ed0e"
"ET_LS_SR_HULPSTUK_MOF","*","_","**","_","KL","_","ET","_","LS","_","SR","_","HULPSTUK","_","MOF","_","","'-","","'-","G","'-","","","*_**_KL_ET_LS_SR_HULPSTUK_MOF","0.18","190","192","190","190","252","CONTINUOUS","0.35","190","192","190","190","190","CONTINUOUS","0.35","190","192","190","190","190","V-CONTINUOUS-SO","0.35","190","192","190","190","190","CONTINUOUS","","","951","949","http://digitalbuildingdata.tech/nlcs/def/4ca02023-42ee-4be8-902a-89fafeaf8095","http://digitalbuildingdata.tech/nlcs/def/15bcd19f-080f-4387-b0f6-9576b5c3db15"
"ET_LS_SR_BORD_AFSTANDMARKERINGSBORD","*","_","**","_","KL","_","ET","_","LS","_","SR","_","BORD","_","AFSTANDMARKERINGSBORD","_","","'-","","'-","G","'-","","","*_**_KL_ET_LS_SR_BORD_AFSTANDMARKERINGSBORD","0.18","190","192","190","190","252","CONTINUOUS","0.35","190","192","190","190","190","CONTINUOUS","0.35","190","192","190","190","190","V-CONTINUOUS-SO","0.35","190","192","190","190","190","CONTINUOUS","","","945","944","http://digitalbuildingdata.tech/nlcs/def/68aac092-f22d-4ddc-9ff3-f8e71699d535","http://digitalbuildingdata.tech/nlcs/def/3ee7f279-aeac-4579-b34d-cf999dc9275c"
"WATER_BRANDLEIDING_TRANSPORTLEIDING_PE_630","*","_","**","_","KL","_","WATER","_","BRANDLEIDING","_","TRANSPORTLEIDING","_","PE","_","630","_","","'-","","'-","G","'-","","","*_**_KL_WATER_BRANDLEIDING_TRANSPORTLEIDING_PE_630","0.18","150","152","150","150","252","KL-WATER-SO","0.35","150","152","150","150","252","KL-WATER-SO","0.35","150","152","150","150","252","V-KL-WATER-SO","0.35","150","152","150","150","252","KL-WATER-SO","","","1321","1313","http://digitalbuildingdata.tech/nlcs/def/111dd91a-7f67-4db1-9569-90130e388f2f","http://digitalbuildingdata.tech/nlcs/def/9a1612d8-114e-4a55-88ff-7044e6960520"
"WATER_BRANDLEIDING_TRANSPORTLEIDING_PE_250","*","_","**","_","KL","_","WATER","_","BRANDLEIDING","_","TRANSPORTLEIDING","_","PE","_","250","_","","'-","","'-","G","'-","","","*_**_KL_WATER_BRANDLEIDING_TRANSPORTLEIDING_PE_250","0.18","150","152","150","150","252","KL-WATER-SO","0.35","150","152","150","150","252","KL-WATER-SO","0.35","150","152","150","150","252","V-KL-WATER-SO","0.35","150","152","150","150","252","KL-WATER-SO","","","1317","1313","http://digitalbuildingdata.tech/nlcs/def/a258cfe7-1581-4437-bbea-2047afd51332","http://digitalbuildingdata.tech/nlcs/def/9a1612d8-114e-4a55-88ff-7044e6960520"
"WATER_BRANDLEIDING_HUISAANSLUITING_PVC_63","*","_","**","_","KL","_","WATER","_","BRANDLEIDING","_","HUISAANSLUITING","_","PVC","_","63","_","","'-","","'-","G","'-","","","*_**_KL_WATER_BRANDLEIDING_HUISAANSLUITING_PVC_63","0.18","150","152","150","150","252","KL-WATER-SO","0.35","150","152","150","150","252","KL-WATER-SO","0.35","150","152","150","150","252","V-KL-WATER-SO","0.35","150","152","150","150","252","KL-WATER-SO","","","1298","1293","http://digitalbuildingdata.tech/nlcs/def/4b512e2a-b917-41ee-bafe-e6fa1408827a","http://digitalbuildingdata.tech/nlcs/def/a7a67a9a-eb68-4891-8f13-68e5ee6a7f49"
"WATER_BRANDLEIDING_TRANSPORTLEIDING_PVC_250","*","_","**","_","KL","_","WATER","_","BRANDLEIDING","_","TRANSPORTLEIDING","_","PVC","_","250","_","","'-","","'-","G","'-","","","*_**_KL_WATER_BRANDLEIDING_TRANSPORTLEIDING_PVC_250","0.18","150","152","150","150","252","KL-WATER-SO","0.35","150","152","150","150","252","KL-WATER-SO","0.35","150","152","150","150","252","V-KL-WATER-SO","0.35","150","152","150","150","252","KL-WATER-SO","","","1326","1322","http://digitalbuildingdata.tech/nlcs/def/e8eccca7-9a04-4432-b4ce-f745d24e0c9f","http://digitalbuildingdata.tech/nlcs/def/a3a4cede-07e4-4f9c-9958-1399ca8a9bed"
"ET_LS_SR_HULPSTUK_AANSLUITPUNT","*","_","**","_","KL","_","ET","_","LS","_","SR","_","HULPSTUK","_","AANSLUITPUNT","_","","'-","","'-","G","'-","","","*_**_KL_ET_LS_SR_HULPSTUK_AANSLUITPUNT","0.18","190","192","190","190","252","CONTINUOUS","0.35","190","192","190","190","190","CONTINUOUS","0.35","190","192","190","190","190","V-CONTINUOUS-SO","0.35","190","192","190","190","190","CONTINUOUS","","","950","949","http://digitalbuildingdata.tech/nlcs/def/a8d5503c-d8c7-4600-9fbc-2b707b4694ce","http://digitalbuildingdata.tech/nlcs/def/15bcd19f-080f-4387-b0f6-9576b5c3db15"
"ET_LS_SR_KAST","*","_","**","_","KL","_","ET","_","LS","_","SR","_","KAST","_","","_","","'-","","'-","G/S","'-","","SKL-ET_TERREINKAST-SO; V-SKL-ET_TERREINKAST-SO","*_**_KL_ET_LS_SR_KAST","0.18","190","192","190","190","252","CONTINUOUS","0.35","190","192","190","190","190","CONTINUOUS","0.35","190","192","190","190","190","V-CONTINUOUS-SO","0.35","190","192","190","190","190","CONTINUOUS","","","953","918","http://digitalbuildingdata.tech/nlcs/def/bb7626f4-197f-40cb-be36-2006b265531e","http://digitalbuildingdata.tech/nlcs/def/b5208cf7-413b-41f3-b19a-3392c0494ada"
"ET_LS_VOEDINGSKABEL_KABELROL","*","_","**","_","KL","_","ET","_","LS","_","VOEDINGSKABEL","_","KABELROL","_","","_","","'-","","'-","G/S","'-","","SKL-ET_KABELROL-SO; V-SKL-ET_KABELROL-SO","*_**_KL_ET_LS_VOEDINGSKABEL_KABELROL","0.18","190","192","190","190","252","CONTINUOUS","0.35","190","192","190","190","190","CONTINUOUS","0.35","190","192","190","190","190","V-CONTINUOUS-SO","0.35","190","192","190","190","190","CONTINUOUS","","","964","961","http://digitalbuildingdata.tech/nlcs/def/36bb3e16-166a-4fb9-8e34-cd282c38479b","http://digitalbuildingdata.tech/nlcs/def/258c13af-5cba-4bc2-87a2-15961088437a"
"WATER_HUISAANSLUITING_PVC_90","*","_","**","_","KL","_","WATER","_","HUISAANSLUITING","_","PVC","_","90","_","","_","","'-","","'-","G","'-","","","*_**_KL_WATER_HUISAANSLUITING_PVC_90","0.18","170","172","170","170","252","KL-WATER-SO","0.35","170","172","170","170","252","KL-WATER-SO","0.35","170","172","170","170","252","V-KL-WATER-SO","0.35","170","172","170","170","252","KL-WATER-SO","","","1347","1340","http://digitalbuildingdata.tech/nlcs/def/ff0a0277-1062-4c16-8431-ae164cc562dd","http://digitalbuildingdata.tech/nlcs/def/fc6f9e2e-d35c-464b-954c-044552f365a6"
"WATER_TRANSPORTLEIDING_PVC_315","*","_","**","_","KL","_","WATER","_","TRANSPORTLEIDING","_","PVC","_","315","_","","_","","'-","","'-","G","'-","","","*_**_KL_WATER_TRANSPORTLEIDING_PVC_315","0.18","170","172","170","170","253","KL-WATER-SO","0.35","170","172","170","170","253","KL-WATER-SO","0.35","170","172","170","170","253","V-KL-WATER-SO","0.35","170","172","170","170","253","KL-WATER-SO","","","1380","1375","http://digitalbuildingdata.tech/nlcs/def/3d760106-e95f-4212-b2db-d5c3b4e50297","http://digitalbuildingdata.tech/nlcs/def/735c8394-c143-4473-8c83-cd18313a3514"
"CV_TRANSPORTLEIDING_STAAL_DN20","*","_","**","_","KL","_","CV","_","TRANSPORTLEIDING","_","STAAL","_","DN20","_","","_","","'-","","'-","G","'-","","","*_**_KL_CV_TRANSPORTLEIDING_STAAL_DN20","0.18","40","42","40","40","40","KL-CV-SO","0.35","40","42","40","40","40","KL-CV-SO","0.35","40","42","40","40","40","V-KL-CV-SO","0.35","40","42","40","40","40","KL-CV-SO","","","705","701","http://digitalbuildingdata.tech/nlcs/def/e6bb7109-fd8a-4844-807a-e8da38101705","http://digitalbuildingdata.tech/nlcs/def/30fb626b-9b47-4fa8-a05e-a215cf02fc7e"
"GAS_HD_HOOFDLEIDING_1 BAR","*","_","**","_","KL","_","GAS","_","HD","_","HOOFDLEIDING","_","1 BAR","_","","_","","'-","","'-","G","'-","","","*_**_KL_GAS_HD_HOOFDLEIDING_1 BAR","0.18","30","32","30","30","252","KL-GAS_HD-SO","0.35","30","32","30","30","252","KL-GAS_HD-SO","0.35","30","32","30","30","252","V-KL-GAS_HD-SO","0.35","30","32","30","30","252","KL-GAS_HD-SO","","","1055","1054","http://digitalbuildingdata.tech/nlcs/def/0592b693-f5d2-4cc9-9f89-74877f429b7c","http://digitalbuildingdata.tech/nlcs/def/7df34e34-2b2b-449a-9856-fed93abc4da8"
"CV_TRANSPORTLEIDING_GVK_200","*","_","**","_","KL","_","CV","_","TRANSPORTLEIDING","_","GVK","_","200","_","","_","","'-","","'-","G","'-","","","*_**_KL_CV_TRANSPORTLEIDING_GVK_200","0.18","40","42","40","40","40","KL-CV-SO","0.35","40","42","40","40","40","KL-CV-SO","0.35","40","42","40","40","40","V-KL-CV-SO","0.35","40","42","40","40","40","KL-CV-SO","","","689","683","http://digitalbuildingdata.tech/nlcs/def/2bf8277b-ba10-41e4-b5a2-dbdb4a9b8bce","http://digitalbuildingdata.tech/nlcs/def/0b4f218c-508c-4375-9a2b-5f3c8e6abd4f"
"CV_TRANSPORTLEIDING_STAAL_DN600","*","_","**","_","KL","_","CV","_","TRANSPORTLEIDING","_","STAAL","_","DN600","_","","_","","'-","","'-","G","'-","","","*_**_KL_CV_TRANSPORTLEIDING_STAAL_DN600","0.18","40","42","40","40","40","KL-CV-SO","0.35","40","42","40","40","40","KL-CV-SO","0.35","40","42","40","40","40","V-KL-CV-SO","0.35","40","42","40","40","40","KL-CV-SO","","","717","701","http://digitalbuildingdata.tech/nlcs/def/43d6804e-0628-47a2-be20-31b9ef7fba38","http://digitalbuildingdata.tech/nlcs/def/30fb626b-9b47-4fa8-a05e-a215cf02fc7e"
"KOUDENET_AANSLUITLEIDING_RETOUR_PE","*","_","**","_","KL","_","KOUDENET","_","AANSLUITLEIDING","_","RETOUR","_","PE","_","","_","","'-","","'-","G","'-","","","*_**_KL_KOUDENET_AANSLUITLEIDING_RETOUR_PE","0.18","130","132","130","130","252","KL-KOUDENET-SO","0.35","130","132","130","130","252","KL-KOUDENET-SO","0.35","130","132","130","130","252","V-KL-KOUDENET-SO","0.35","130","132","130","130","252","KL-KOUDENET-SO","","","1192","1190","http://digitalbuildingdata.tech/nlcs/def/b55de68b-e7bc-492e-bbc4-a2a20f2858e7","http://digitalbuildingdata.tech/nlcs/def/1676470f-3e6e-415f-bada-ed4f38d0f224"
"KOUDENET_AANSLUITLEIDING_RETOUR_STAAL","*","_","**","_","KL","_","KOUDENET","_","AANSLUITLEIDING","_","RETOUR","_","STAAL","_","","_","","'-","","'-","G","'-","","","*_**_KL_KOUDENET_AANSLUITLEIDING_RETOUR_STAAL","0.18","130","132","130","130","252","KL-KOUDENET-SO","0.35","130","132","130","130","252","KL-KOUDENET-SO","0.35","130","132","130","130","252","V-KL-KOUDENET-SO","0.35","130","132","130","130","252","KL-KOUDENET-SO","","","1194","1190","http://digitalbuildingdata.tech/nlcs/def/cecb337a-f655-43dc-9c33-fb1af20afd7b","http://digitalbuildingdata.tech/nlcs/def/1676470f-3e6e-415f-bada-ed4f38d0f224"
"KOUDENET_TRANSPORTLEIDING_AANVOER_STAAL","*","_","**","_","KL","_","KOUDENET","_","TRANSPORTLEIDING","_","AANVOER","_","STAAL","_","","_","","'-","","'-","G","'-","","","*_**_KL_KOUDENET_TRANSPORTLEIDING_AANVOER_STAAL","0.18","130","132","130","130","252","KL-KOUDENET-SO","0.35","130","132","130","130","252","KL-KOUDENET-SO","0.35","130","132","130","130","252","V-KL-KOUDENET-SO","0.35","130","132","130","130","252","KL-KOUDENET-SO","","","1209","1205","http://digitalbuildingdata.tech/nlcs/def/1c796a60-a5c5-467f-b6ca-05b1660d93e9","http://digitalbuildingdata.tech/nlcs/def/58d10126-3943-4e87-a7e2-ce6fb020c5e3"
"WARMTENET_TRANSPORTLEIDING_AANVOER_PVC","*","_","**","_","KL","_","WARMTENET","_","TRANSPORTLEIDING","_","AANVOER","_","PVC","_","","_","","'-","","'-","G","'-","","","*_**_KL_WARMTENET_TRANSPORTLEIDING_AANVOER_PVC","0.18","80","82","80","80","252","KL-WARMTENET-SO","0.35","80","82","80","80","252","KL-WARMTENET-SO","0.35","80","82","80","80","252","V-KL-WARMTENET-SO","0.35","80","82","80","80","252","KL-WARMTENET-SO","","","1257","1254","http://digitalbuildingdata.tech/nlcs/def/c20dfe34-17d2-4c60-9268-8edd78451117","http://digitalbuildingdata.tech/nlcs/def/04424bf5-a676-4344-aba3-fd51d591cf14"
"DATA_WAN_KAST_LASKAST","*","_","**","_","KL","_","DATA","_","WAN","_","KAST","_","LASKAST","_","","_","","'-","","'-","G","'-","","","*_**_KL_DATA_WAN_KAST_LASKAST","0.18","90","92","90","90","90","CONTINUOUS","0.35","90","92","90","90","90","CONTINUOUS","0.35","90","92","90","90","90","V-CONTINUOUS-SO","0.35","90","92","90","90","90","CONTINUOUS","","","834","833","http://digitalbuildingdata.tech/nlcs/def/6244444d-c8c2-48c0-b90d-66189d9d05a8","http://digitalbuildingdata.tech/nlcs/def/a81b3999-72a6-467c-a3f6-301cd5712d53"
"ET_LS_SR_ARMATUUR","*","_","**","_","KL","_","ET","_","LS","_","SR","_","ARMATUUR","_","","_","","'-","","'-","G","'-","","","*_**_KL_ET_LS_SR_ARMATUUR","0.18","190","192","190","190","252","CONTINUOUS","0.35","190","192","190","190","190","CONTINUOUS","0.35","190","192","190","190","190","V-CONTINUOUS-SO","0.35","190","192","190","190","190","CONTINUOUS","","","919","918","http://digitalbuildingdata.tech/nlcs/def/50395697-8eae-43ef-9a59-2a38f74e73b3","http://digitalbuildingdata.tech/nlcs/def/b5208cf7-413b-41f3-b19a-3392c0494ada"
"KOUDENET_TRANSPORTLEIDING_RETOUR_GVK","*","_","**","_","KL","_","KOUDENET","_","TRANSPORTLEIDING","_","RETOUR","_","GVK","_","","_","","'-","","'-","G","'-","","","*_**_KL_KOUDENET_TRANSPORTLEIDING_RETOUR_GVK","0.18","130","132","130","130","252","KL-KOUDENET-SO","0.35","130","132","130","130","252","KL-KOUDENET-SO","0.35","130","132","130","130","252","V-KL-KOUDENET-SO","0.35","130","132","130","130","252","KL-KOUDENET-SO","","","1211","1210","http://digitalbuildingdata.tech/nlcs/def/2bcb92c1-58dc-446f-8332-325cfb27bc38","http://digitalbuildingdata.tech/nlcs/def/f581e61d-fde4-4b69-bae7-56b1e834a802"
"DATA_CAI_KAST_VERDEELKAST","*","_","**","_","KL","_","DATA","_","CAI","_","KAST","_","VERDEELKAST","_","","_","","'-","","'-","G","'-","","","*_**_KL_DATA_CAI_KAST_VERDEELKAST","0.18","90","92","90","90","90","CONTINUOUS","0.35","90","92","90","90","90","CONTINUOUS","0.35","90","92","90","90","90","V-CONTINUOUS-SO","0.35","90","92","90","90","90","CONTINUOUS","","","732","729","http://digitalbuildingdata.tech/nlcs/def/fe670e77-ed9f-4c2e-a446-5a594c11e158","http://digitalbuildingdata.tech/nlcs/def/4465f3a3-4209-410d-aa58-71eea0bf8591"
"DATA_DEFENSIE_HULPSTUK_MOF","*","_","**","_","KL","_","DATA","_","DEFENSIE","_","HULPSTUK","_","MOF","_","","_","","'-","","'-","G","'-","","","*_**_KL_DATA_DEFENSIE_HULPSTUK_MOF","0.18","90","92","90","90","90","CONTINUOUS","0.35","90","92","90","90","90","CONTINUOUS","0.35","90","92","90","90","90","V-CONTINUOUS-SO","0.35","90","92","90","90","90","CONTINUOUS","","","741","739","http://digitalbuildingdata.tech/nlcs/def/fffa5de8-c26b-422d-a1a0-1405cf6aa42d","http://digitalbuildingdata.tech/nlcs/def/9a16e446-aaf7-48a3-9f61-97fbb8c73217"
"WATER_BEREGENING_HULPSTUK_AFSLUITER","*","_","**","_","KL","_","WATER","_","BEREGENING","_","HULPSTUK","_","AFSLUITER","_","","_","","'-","","'-","G","'-","","","*_**_KL_WATER_BEREGENING_HULPSTUK_AFSLUITER","0.18","153","153","153","153","252","CONTINUOUS","0.35","153","153","153","153","252","CONTINUOUS","0.35","153","153","153","153","252","V-CONTINUOUS-SO","0.35","153","153","153","153","252","CONTINUOUS","","","1269","1267","http://digitalbuildingdata.tech/nlcs/def/c597e943-dfba-4a4f-961b-1281bef8d4e6","http://digitalbuildingdata.tech/nlcs/def/2eea0037-6f11-43c4-906b-0ad8518aab84"
"WATER_TRANSPORTLEIDING_PE_315","*","_","**","_","KL","_","WATER","_","TRANSPORTLEIDING","_","PE","_","315","_","","_","","'-","","'-","G","'-","","","*_**_KL_WATER_TRANSPORTLEIDING_PE_315","0.18","170","172","170","170","253","KL-WATER-SO","0.35","170","172","170","170","253","KL-WATER-SO","0.35","170","172","170","170","253","V-KL-WATER-SO","0.35","170","172","170","170","253","KL-WATER-SO","","","1371","1366","http://digitalbuildingdata.tech/nlcs/def/7e9f1dc6-106f-4120-928f-408cd5e27870","http://digitalbuildingdata.tech/nlcs/def/cefd3184-1920-44fe-ab44-1b654502f590"
"CV_HUISAANSLUITING_STAAL_DN250","*","_","**","_","KL","_","CV","_","HUISAANSLUITING","_","STAAL","_","DN250","_","","_","","'-","","'-","G","'-","","","*_**_KL_CV_HUISAANSLUITING_STAAL_DN250","0.18","40","42","40","40","40","KL-CV-SO","0.35","40","42","40","40","40","KL-CV-SO","0.35","40","42","40","40","40","V-KL-CV-SO","0.35","40","42","40","40","40","KL-CV-SO","","","661","654","http://digitalbuildingdata.tech/nlcs/def/785638bd-285d-4e1f-92a5-84c90bd09ded","http://digitalbuildingdata.tech/nlcs/def/f86add7b-e89c-452e-b937-2369ebfadd60"
"WARMTENET_AANSLUITLEIDING_AANVOER_PE","*","_","**","_","KL","_","WARMTENET","_","AANSLUITLEIDING","_","AANVOER","_","PE","_","","_","","'-","","'-","G","'-","","","*_**_KL_WARMTENET_AANSLUITLEIDING_AANVOER_PE","0.18","80","82","80","80","252","KL-WARMTENET-SO","0.35","80","82","80","80","252","KL-WARMTENET-SO","0.35","80","82","80","80","252","V-KL-WARMTENET-SO","0.35","80","82","80","80","252","KL-WARMTENET-SO","","","1236","1234","http://digitalbuildingdata.tech/nlcs/def/c45a037e-ddce-4202-a74c-f486a782aeb6","http://digitalbuildingdata.tech/nlcs/def/9b933391-aada-48ff-8d93-e89dc5d7c422"
"DATA_STUURKABEL_KAST_PUTKAST","*","_","**","_","KL","_","DATA","_","STUURKABEL","_","KAST","_","PUTKAST","_","","_","","'-","","'-","G","'-","","","*_**_KL_DATA_STUURKABEL_KAST_PUTKAST","0.18","90","92","90","90","90","KL-STUURKABEL-SO","0.35","90","92","90","90","90","KL-STUURKABEL-SO","0.35","90","92","90","90","90","V-KL-STUURKABEL-SO","0.35","90","92","90","90","90","KL-STUURKABEL-SO","","","809","807","http://digitalbuildingdata.tech/nlcs/def/ed695179-7a90-4b33-844c-46f59a15ac85","http://digitalbuildingdata.tech/nlcs/def/248f836e-4856-424e-9538-906004eaf38c"
"DATA_INTERCOM_HULPSTUK_AANSLUITPUNT","*","_","**","_","KL","_","DATA","_","INTERCOM","_","HULPSTUK","_","AANSLUITPUNT","_","","_","","'-","","'-","G","'-","","","*_**_KL_DATA_INTERCOM_HULPSTUK_AANSLUITPUNT","0.18","90","92","90","90","90","CONTINUOUS","0.35","90","92","90","90","90","CONTINUOUS","0.35","90","92","90","90","90","V-CONTINUOUS-SO","0.35","90","92","90","90","90","CONTINUOUS","","","768","767","http://digitalbuildingdata.tech/nlcs/def/f63cfb14-3a3f-4c8f-8bd2-bd4966ae707c","http://digitalbuildingdata.tech/nlcs/def/86e65dd5-b7c9-4781-9a7e-b7315a5bb4e0"
"GAS_HD_AANSLUITLEIDING_8 BAR","*","_","**","_","KL","_","GAS","_","HD","_","AANSLUITLEIDING","_","8 BAR","_","","_","","'-","","'-","G","'-","","","*_**_KL_GAS_HD_AANSLUITLEIDING_8 BAR","0.18","30","32","30","30","252","KL-GAS_HD-SO","0.35","30","32","30","30","252","KL-GAS_HD-SO","0.35","30","32","30","30","252","V-KL-GAS_HD-SO","0.35","30","32","30","30","252","KL-GAS_HD-SO","","","1037","1000","http://digitalbuildingdata.tech/nlcs/def/572fd2ca-39f4-45cf-9824-13d0447c466b","http://digitalbuildingdata.tech/nlcs/def/53142567-6900-40fe-9f50-7a265b4c8705"
"DATA_CAI_KAST_PUTKAST","*","_","**","_","KL","_","DATA","_","CAI","_","KAST","_","PUTKAST","_","","_","","'-","","'-","G","'-","","","*_**_KL_DATA_CAI_KAST_PUTKAST","0.18","90","92","90","90","90","CONTINUOUS","0.35","90","92","90","90","90","CONTINUOUS","0.35","90","92","90","90","90","V-CONTINUOUS-SO","0.35","90","92","90","90","90","CONTINUOUS","","","731","729","http://digitalbuildingdata.tech/nlcs/def/88e5382f-9058-4c02-b5c4-eb0a10795468","http://digitalbuildingdata.tech/nlcs/def/4465f3a3-4209-410d-aa58-71eea0bf8591"
"DATA_INTERCOM_KAST_LASKAST","*","_","**","_","KL","_","DATA","_","INTERCOM","_","KAST","_","LASKAST","_","","_","","'-","","'-","G","'-","","","*_**_KL_DATA_INTERCOM_KAST_LASKAST","0.18","90","92","90","90","90","CONTINUOUS","0.35","90","92","90","90","90","CONTINUOUS","0.35","90","92","90","90","90","V-CONTINUOUS-SO","0.35","90","92","90","90","90","CONTINUOUS","","","772","771","http://digitalbuildingdata.tech/nlcs/def/f9800d7f-0b50-459f-9a84-45c6ff5632bd","http://digitalbuildingdata.tech/nlcs/def/0189fcc9-8f37-44ea-86b4-af9a6ad0bb4d"
"WATER_TRANSPORTLEIDING_PVC_110","*","_","**","_","KL","_","WATER","_","TRANSPORTLEIDING","_","PVC","_","110","_","","_","","'-","","'-","G","'-","","","*_**_KL_WATER_TRANSPORTLEIDING_PVC_110","0.18","170","172","170","170","253","KL-WATER-SO","0.35","170","172","170","170","253","KL-WATER-SO","0.35","170","172","170","170","253","V-KL-WATER-SO","0.35","170","172","170","170","253","KL-WATER-SO","","","1376","1375","http://digitalbuildingdata.tech/nlcs/def/a1e79da0-d655-4563-9eb6-842a0f4fcf76","http://digitalbuildingdata.tech/nlcs/def/735c8394-c143-4473-8c83-cd18313a3514"
"WATER_HUISAANSLUITING_PE_110","*","_","**","_","KL","_","WATER","_","HUISAANSLUITING","_","PE","_","110","_","","_","","'-","","'-","G","'-","","","*_**_KL_WATER_HUISAANSLUITING_PE_110","0.18","170","172","170","170","252","KL-WATER-SO","0.35","170","172","170","170","252","KL-WATER-SO","0.35","170","172","170","170","252","V-KL-WATER-SO","0.35","170","172","170","170","252","KL-WATER-SO","","","1333","1332","http://digitalbuildingdata.tech/nlcs/def/2c70ad22-c5a5-4f1a-8ec2-84aaba0f8f4c","http://digitalbuildingdata.tech/nlcs/def/c211168f-f8bf-4b6b-8bc4-b68b74cd6ca8"
"WATER_HUISAANSLUITING_PE_75","*","_","**","_","KL","_","WATER","_","HUISAANSLUITING","_","PE","_","75","_","","_","","'-","","'-","G","'-","","","*_**_KL_WATER_HUISAANSLUITING_PE_75","0.18","170","172","170","170","252","KL-WATER-SO","0.35","170","172","170","170","252","KL-WATER-SO","0.35","170","172","170","170","252","V-KL-WATER-SO","0.35","170","172","170","170","252","KL-WATER-SO","","","1338","1332","http://digitalbuildingdata.tech/nlcs/def/e3084e59-6cf4-4625-a9d8-121bc64fd83a","http://digitalbuildingdata.tech/nlcs/def/c211168f-f8bf-4b6b-8bc4-b68b74cd6ca8"
"CV_HUISAANSLUITING_GVK_25","*","_","**","_","KL","_","CV","_","HUISAANSLUITING","_","GVK","_","25","_","","_","","'-","","'-","G","'-","","","*_**_KL_CV_HUISAANSLUITING_GVK_25","0.18","40","42","40","40","40","KL-CV-SO","0.35","40","42","40","40","40","KL-CV-SO","0.35","40","42","40","40","40","V-KL-CV-SO","0.35","40","42","40","40","40","KL-CV-SO","","","650","647","http://digitalbuildingdata.tech/nlcs/def/7bb7274c-07a8-4c7d-9af0-e0488fd3a2bd","http://digitalbuildingdata.tech/nlcs/def/0974872c-0b7d-445c-972a-908063666b91"
"WARMTENET_AANSLUITLEIDING_AANVOER_STAAL","*","_","**","_","KL","_","WARMTENET","_","AANSLUITLEIDING","_","AANVOER","_","STAAL","_","","_","","'-","","'-","G","'-","","","*_**_KL_WARMTENET_AANSLUITLEIDING_AANVOER_STAAL","0.18","80","82","80","80","252","KL-WARMTENET-SO","0.35","80","82","80","80","252","KL-WARMTENET-SO","0.35","80","82","80","80","252","V-KL-WARMTENET-SO","0.35","80","82","80","80","252","KL-WARMTENET-SO","","","1238","1234","http://digitalbuildingdata.tech/nlcs/def/da2c7c23-0b07-4bd9-a612-9e3918a0eebf","http://digitalbuildingdata.tech/nlcs/def/9b933391-aada-48ff-8d93-e89dc5d7c422"
"CV_HUISAANSLUITING_STAAL_DN350","*","_","**","_","KL","_","CV","_","HUISAANSLUITING","_","STAAL","_","DN350","_","","_","","'-","","'-","G","'-","","","*_**_KL_CV_HUISAANSLUITING_STAAL_DN350","0.18","40","42","40","40","40","KL-CV-SO","0.35","40","42","40","40","40","KL-CV-SO","0.35","40","42","40","40","40","V-KL-CV-SO","0.35","40","42","40","40","40","KL-CV-SO","","","664","654","http://digitalbuildingdata.tech/nlcs/def/34c24a71-5d4f-46f7-9795-2030552db242","http://digitalbuildingdata.tech/nlcs/def/f86add7b-e89c-452e-b937-2369ebfadd60"
"ET_MS_HULPSTUK_MOF","*","_","**","_","KL","_","ET","_","MS","_","HULPSTUK","_","MOF","_","","_","","'-","","'-","G","'-","","","*_**_KL_ET_MS_HULPSTUK_MOF","0.18","130","132","130","130","252","CONTINUOUS","0.35","130","132","130","130","252","CONTINUOUS","0.35","130","132","130","130","252","V-CONTINUOUS-SO","0.35","130","132","130","130","252","CONTINUOUS","","","979","977","http://digitalbuildingdata.tech/nlcs/def/0b6ceca7-73b6-47f7-b43d-9f1d31a958a6","http://digitalbuildingdata.tech/nlcs/def/43195a1e-2a0c-41e8-a05b-f7f74733e174"
"GAS_HD_HOOFDLEIDING_40 BAR","*","_","**","_","KL","_","GAS","_","HD","_","HOOFDLEIDING","_","40 BAR","_","","_","","'-","","'-","G","'-","","","*_**_KL_GAS_HD_HOOFDLEIDING_40 BAR","0.18","30","32","30","30","252","KL-GAS_HD-SO","0.35","30","32","30","30","252","KL-GAS_HD-SO","0.35","30","32","30","30","252","V-KL-GAS_HD-SO","0.35","30","32","30","30","252","KL-GAS_HD-SO","","","1085","1054","http://digitalbuildingdata.tech/nlcs/def/46f65daa-c2f7-414b-ab52-dfb90976c7c7","http://digitalbuildingdata.tech/nlcs/def/7df34e34-2b2b-449a-9856-fed93abc4da8"
"KOUDENET_AANSLUITLEIDING_AANVOER_PE","*","_","**","_","KL","_","KOUDENET","_","AANSLUITLEIDING","_","AANVOER","_","PE","_","","_","","'-","","'-","G","'-","","","*_**_KL_KOUDENET_AANSLUITLEIDING_AANVOER_PE","0.18","130","132","130","130","252","KL-KOUDENET-SO","0.35","130","132","130","130","252","KL-KOUDENET-SO","0.35","130","132","130","130","252","V-KL-KOUDENET-SO","0.35","130","132","130","130","252","KL-KOUDENET-SO","","","1187","1185","http://digitalbuildingdata.tech/nlcs/def/13f9a5f8-9d39-4032-ad69-0c49485d32e5","http://digitalbuildingdata.tech/nlcs/def/96132ae8-5433-4104-8a0e-fdfc420c7272"
"CV_TRANSPORTLEIDING_STAAL_DN100","*","_","**","_","KL","_","CV","_","TRANSPORTLEIDING","_","STAAL","_","DN100","_","","_","","'-","","'-","G","'-","","","*_**_KL_CV_TRANSPORTLEIDING_STAAL_DN100","0.18","40","42","40","40","40","KL-CV-SO","0.35","40","42","40","40","40","KL-CV-SO","0.35","40","42","40","40","40","V-KL-CV-SO","0.35","40","42","40","40","40","KL-CV-SO","","","702","701","http://digitalbuildingdata.tech/nlcs/def/5360a01a-09c7-44e7-84bd-ceb7c9fe71e9","http://digitalbuildingdata.tech/nlcs/def/30fb626b-9b47-4fa8-a05e-a215cf02fc7e"
"WATER_BRANDLEIDING_HUISAANSLUITING_PVC","*","_","**","_","KL","_","WATER","_","BRANDLEIDING","_","HUISAANSLUITING","_","PVC","_","","_","","'-","","'-","G","'-","","","*_**_KL_WATER_BRANDLEIDING_HUISAANSLUITING_PVC","0.18","150","152","150","150","252","KL-WATER-SO","0.35","150","152","150","150","252","KL-WATER-SO","0.35","150","152","150","150","252","V-KL-WATER-SO","0.35","150","152","150","150","252","KL-WATER-SO","","","1293","1284","http://digitalbuildingdata.tech/nlcs/def/a7a67a9a-eb68-4891-8f13-68e5ee6a7f49","http://digitalbuildingdata.tech/nlcs/def/934acaa8-4b88-4f89-b948-6cea6a543806"
"CV_TRANSPORTLEIDING_STAAL_DN32","*","_","**","_","KL","_","CV","_","TRANSPORTLEIDING","_","STAAL","_","DN32","_","","_","","'-","","'-","G","'-","","","*_**_KL_CV_TRANSPORTLEIDING_STAAL_DN32","0.18","40","42","40","40","40","KL-CV-SO","0.35","40","42","40","40","40","KL-CV-SO","0.35","40","42","40","40","40","V-KL-CV-SO","0.35","40","42","40","40","40","KL-CV-SO","","","710","701","http://digitalbuildingdata.tech/nlcs/def/0d652ad8-2232-45a4-abb4-11662016dedf","http://digitalbuildingdata.tech/nlcs/def/30fb626b-9b47-4fa8-a05e-a215cf02fc7e"
"GAS_HD_HOOFDLEIDING_4 BAR","*","_","**","_","KL","_","GAS","_","HD","_","HOOFDLEIDING","_","4 BAR","_","","_","","'-","","'-","G","'-","","","*_**_KL_GAS_HD_HOOFDLEIDING_4 BAR","0.18","30","32","30","30","252","KL-GAS_HD-SO","0.35","30","32","30","30","252","KL-GAS_HD-SO","0.35","30","32","30","30","252","V-KL-GAS_HD-SO","0.35","30","32","30","30","252","KL-GAS_HD-SO","","","1070","1054","http://digitalbuildingdata.tech/nlcs/def/fb4db6ba-651b-4a43-aa6e-ae48f8982904","http://digitalbuildingdata.tech/nlcs/def/7df34e34-2b2b-449a-9856-fed93abc4da8"
"ET_LS_HULPSTUK_AANSLUITPUNT","*","_","**","_","KL","_","ET","_","LS","_","HULPSTUK","_","AANSLUITPUNT","_","","_","","'-","","'-","G","'-","","","*_**_KL_ET_LS_HULPSTUK_AANSLUITPUNT","0.18","190","192","190","190","252","CONTINUOUS","0.35","190","192","190","190","190","CONTINUOUS","0.35","190","192","190","190","190","V-CONTINUOUS-SO","0.35","190","192","190","190","190","CONTINUOUS","","","880","879","http://digitalbuildingdata.tech/nlcs/def/d95df6d6-88d3-461d-b06b-cbc567b16602","http://digitalbuildingdata.tech/nlcs/def/243b25d6-c298-4ae0-a3ef-ac2e41095203"
"WATER_BRANDLEIDING_HULPSTUK_DRUKREGELAAR","*","_","**","_","KL","_","WATER","_","BRANDLEIDING","_","HULPSTUK","_","DRUKREGELAAR","_","","_","","'-","","'-","G","'-","","","*_**_KL_WATER_BRANDLEIDING_HULPSTUK_DRUKREGELAAR","0.18","150","152","150","150","252","CONTINUOUS","0.35","150","152","150","150","252","CONTINUOUS","0.35","150","152","150","150","252","V-CONTINUOUS-SO","0.35","150","152","150","150","252","CONTINUOUS","","","1305","1301","http://digitalbuildingdata.tech/nlcs/def/0a916ff3-2cc8-41c2-8d84-6e8af90933db","http://digitalbuildingdata.tech/nlcs/def/f464261d-1bb3-4684-a87c-591a072fecce"
"WATER_BEREGENING_HULPSTUK_SCHOONMAAKSTUK","*","_","**","_","KL","_","WATER","_","BEREGENING","_","HULPSTUK","_","SCHOONMAAKSTUK","_","","_","","'-","","'-","G","'-","","","*_**_KL_WATER_BEREGENING_HULPSTUK_SCHOONMAAKSTUK","0.18","153","153","153","153","252","CONTINUOUS","0.35","153","153","153","153","252","CONTINUOUS","0.35","153","153","153","153","252","V-CONTINUOUS-SO","0.35","153","153","153","153","252","CONTINUOUS","","","1273","1267","http://digitalbuildingdata.tech/nlcs/def/4adbdf83-53d0-4057-9582-ee2ae7df23ac","http://digitalbuildingdata.tech/nlcs/def/2eea0037-6f11-43c4-906b-0ad8518aab84"
"CV_TRANSPORTLEIDING_GVK_450","*","_","**","_","KL","_","CV","_","TRANSPORTLEIDING","_","GVK","_","450","_","","_","","'-","","'-","G","'-","","","*_**_KL_CV_TRANSPORTLEIDING_GVK_450","0.18","40","42","40","40","40","KL-CV-SO","0.35","40","42","40","40","40","KL-CV-SO","0.35","40","42","40","40","40","V-KL-CV-SO","0.35","40","42","40","40","40","KL-CV-SO","","","694","683","http://digitalbuildingdata.tech/nlcs/def/66f33a9b-489d-4286-98b6-8fdeb3f7a486","http://digitalbuildingdata.tech/nlcs/def/0b4f218c-508c-4375-9a2b-5f3c8e6abd4f"
"WATER_TRANSPORTLEIDING_PVC_160","*","_","**","_","KL","_","WATER","_","TRANSPORTLEIDING","_","PVC","_","160","_","","_","","'-","","'-","G","'-","","","*_**_KL_WATER_TRANSPORTLEIDING_PVC_160","0.18","170","172","170","170","253","KL-WATER-SO","0.35","170","172","170","170","253","KL-WATER-SO","0.35","170","172","170","170","253","V-KL-WATER-SO","0.35","170","172","170","170","253","KL-WATER-SO","","","1378","1375","http://digitalbuildingdata.tech/nlcs/def/aeae836d-fb61-4349-8cf2-12b2ac02439e","http://digitalbuildingdata.tech/nlcs/def/735c8394-c143-4473-8c83-cd18313a3514"
"CV_TRANSPORTLEIDING_GVK_600","*","_","**","_","KL","_","CV","_","TRANSPORTLEIDING","_","GVK","_","600","_","","_","","'-","","'-","G","'-","","","*_**_KL_CV_TRANSPORTLEIDING_GVK_600","0.18","40","42","40","40","40","KL-CV-SO","0.35","40","42","40","40","40","KL-CV-SO","0.35","40","42","40","40","40","V-KL-CV-SO","0.35","40","42","40","40","40","KL-CV-SO","","","696","683","http://digitalbuildingdata.tech/nlcs/def/8105e232-f2d9-4166-a94e-ec68c1479b63","http://digitalbuildingdata.tech/nlcs/def/0b4f218c-508c-4375-9a2b-5f3c8e6abd4f"
"DATA_WAN_HULPSTUK_MOF","*","_","**","_","KL","_","DATA","_","WAN","_","HULPSTUK","_","MOF","_","","_","","'-","","'-","G","'-","","","*_**_KL_DATA_WAN_HULPSTUK_MOF","0.18","90","92","90","90","90","CONTINUOUS","0.35","90","92","90","90","90","CONTINUOUS","0.35","90","92","90","90","90","V-CONTINUOUS-SO","0.35","90","92","90","90","90","CONTINUOUS","","","831","829","http://digitalbuildingdata.tech/nlcs/def/4552cfcb-e8ce-4889-8bda-6cfc2999e9f2","http://digitalbuildingdata.tech/nlcs/def/d3490925-6394-4f42-a420-fc8abcab1b5e"
"CV_HUISAANSLUITING_GVK_100","*","_","**","_","KL","_","CV","_","HUISAANSLUITING","_","GVK","_","100","_","","_","","'-","","'-","G","'-","","","*_**_KL_CV_HUISAANSLUITING_GVK_100","0.18","40","42","40","40","40","KL-CV-SO","0.35","40","42","40","40","40","KL-CV-SO","0.35","40","42","40","40","40","V-KL-CV-SO","0.35","40","42","40","40","40","KL-CV-SO","","","648","647","http://digitalbuildingdata.tech/nlcs/def/8d535f3a-dbb6-4c81-9089-c684f1e7f2ff","http://digitalbuildingdata.tech/nlcs/def/0974872c-0b7d-445c-972a-908063666b91"
"DATA_INTERCOM_HULPSTUK_MOF","*","_","**","_","KL","_","DATA","_","INTERCOM","_","HULPSTUK","_","MOF","_","","_","","'-","","'-","G","'-","","","*_**_KL_DATA_INTERCOM_HULPSTUK_MOF","0.18","90","92","90","90","90","CONTINUOUS","0.35","90","92","90","90","90","CONTINUOUS","0.35","90","92","90","90","90","V-CONTINUOUS-SO","0.35","90","92","90","90","90","CONTINUOUS","","","769","767","http://digitalbuildingdata.tech/nlcs/def/a36036c2-dee4-4deb-84db-9eae9fc03a29","http://digitalbuildingdata.tech/nlcs/def/86e65dd5-b7c9-4781-9a7e-b7315a5bb4e0"
"CV_HUISAANSLUITING_STAAL_DN450","*","_","**","_","KL","_","CV","_","HUISAANSLUITING","_","STAAL","_","DN450","_","","_","","'-","","'-","G","'-","","","*_**_KL_CV_HUISAANSLUITING_STAAL_DN450","0.18","40","42","40","40","40","KL-CV-SO","0.35","40","42","40","40","40","KL-CV-SO","0.35","40","42","40","40","40","V-KL-CV-SO","0.35","40","42","40","40","40","KL-CV-SO","","","667","654","http://digitalbuildingdata.tech/nlcs/def/3c0629fc-e77e-4179-ab94-59f8825425cf","http://digitalbuildingdata.tech/nlcs/def/f86add7b-e89c-452e-b937-2369ebfadd60"
"DATA_GLASVEZEL_KABELBUIS_SUBDUCT","*","_","**","_","KL","_","DATA","_","GLASVEZEL","_","KABELBUIS","_","SUBDUCT","_","","_","","'-","","'-","G","'-","","","*_**_KL_DATA_GLASVEZEL_KABELBUIS_SUBDUCT","0.18","90","92","90","7","90","CONTINUOUS","0.35","90","92","90","7","90","CONTINUOUS","0.35","90","92","90","7","90","V-CONTINUOUS-SO","0.35","90","92","90","7","90","CONTINUOUS","","","2987","2986","http://digitalbuildingdata.tech/nlcs/def/5c84fa37-e238-4e00-b43b-f64f76728fe0","http://digitalbuildingdata.tech/nlcs/def/b278829c-a10c-4c36-aa87-f52d8169b7d8"
"DATA_SIGNAALKABEL_HULPSTUK_MOF","*","_","**","_","KL","_","DATA","_","SIGNAALKABEL","_","HULPSTUK","_","MOF","_","","_","","'-","","'-","G","'-","","","*_**_KL_DATA_SIGNAALKABEL_HULPSTUK_MOF","0.18","90","92","90","90","90","CONTINUOUS","0.35","90","92","90","90","90","CONTINUOUS","0.35","90","92","90","90","90","V-CONTINUOUS-SO","0.35","90","92","90","90","90","CONTINUOUS","","","793","791","http://digitalbuildingdata.tech/nlcs/def/49910ecb-76dc-424d-99b2-5076c280b535","http://digitalbuildingdata.tech/nlcs/def/0c2ee5b8-21ca-4313-85e2-d55edc6ea445"
"DATA_TELECOM_HULPSTUK_MOF","*","_","**","_","KL","_","DATA","_","TELECOM","_","HULPSTUK","_","MOF","_","","_","","'-","","'-","G","'-","","","*_**_KL_DATA_TELECOM_HULPSTUK_MOF","0.18","90","92","90","90","90","CONTINUOUS","0.35","90","92","90","90","90","CONTINUOUS","0.35","90","92","90","90","90","V-CONTINUOUS-SO","0.35","90","92","90","90","90","CONTINUOUS","","","818","816","http://digitalbuildingdata.tech/nlcs/def/5a426bf2-4b87-4af6-8fa1-e9bfa52aa088","http://digitalbuildingdata.tech/nlcs/def/b743fc6a-1796-4ce9-8afe-ec1e37fa0e08"
"CV_TRANSPORTLEIDING_STAAL_DN40","*","_","**","_","KL","_","CV","_","TRANSPORTLEIDING","_","STAAL","_","DN40","_","","_","","'-","","'-","G","'-","","","*_**_KL_CV_TRANSPORTLEIDING_STAAL_DN40","0.18","40","42","40","40","40","KL-CV-SO","0.35","40","42","40","40","40","KL-CV-SO","0.35","40","42","40","40","40","V-KL-CV-SO","0.35","40","42","40","40","40","KL-CV-SO","","","712","701","http://digitalbuildingdata.tech/nlcs/def/75031f0d-19e1-4a93-9af2-bd1504282f6e","http://digitalbuildingdata.tech/nlcs/def/30fb626b-9b47-4fa8-a05e-a215cf02fc7e"
"WATER_BEREGENING_HULPSTUK_DRUKMEETPUNT","*","_","**","_","KL","_","WATER","_","BEREGENING","_","HULPSTUK","_","DRUKMEETPUNT","_","","_","","'-","","'-","G","'-","","","*_**_KL_WATER_BEREGENING_HULPSTUK_DRUKMEETPUNT","0.18","153","153","153","153","252","CONTINUOUS","0.35","153","153","153","153","252","CONTINUOUS","0.35","153","153","153","153","252","V-CONTINUOUS-SO","0.35","153","153","153","153","252","CONTINUOUS","","","1270","1267","http://digitalbuildingdata.tech/nlcs/def/215652a4-85e8-4bc2-9da0-8a8c565d9965","http://digitalbuildingdata.tech/nlcs/def/2eea0037-6f11-43c4-906b-0ad8518aab84"
"CV_HUISAANSLUITING_STAAL_DN50","*","_","**","_","KL","_","CV","_","HUISAANSLUITING","_","STAAL","_","DN50","_","","_","","'-","","'-","G","'-","","","*_**_KL_CV_HUISAANSLUITING_STAAL_DN50","0.18","40","42","40","40","40","KL-CV-SO","0.35","40","42","40","40","40","KL-CV-SO","0.35","40","42","40","40","40","V-KL-CV-SO","0.35","40","42","40","40","40","KL-CV-SO","","","668","654","http://digitalbuildingdata.tech/nlcs/def/116d320c-6a4d-464d-9b3d-bb2c8e5bee6e","http://digitalbuildingdata.tech/nlcs/def/f86add7b-e89c-452e-b937-2369ebfadd60"
"WARMTENET_TRANSPORTLEIDING_AANVOER_PE","*","_","**","_","KL","_","WARMTENET","_","TRANSPORTLEIDING","_","AANVOER","_","PE","_","","_","","'-","","'-","G","'-","","","*_**_KL_WARMTENET_TRANSPORTLEIDING_AANVOER_PE","0.18","80","82","80","80","252","KL-WARMTENET-SO","0.35","80","82","80","80","252","KL-WARMTENET-SO","0.35","80","82","80","80","252","V-KL-WARMTENET-SO","0.35","80","82","80","80","252","KL-WARMTENET-SO","","","1256","1254","http://digitalbuildingdata.tech/nlcs/def/d818d3fd-76fe-4fd8-87c3-748f8f9b16f9","http://digitalbuildingdata.tech/nlcs/def/04424bf5-a676-4344-aba3-fd51d591cf14"
"CV_TRANSPORTLEIDING_STAAL_DN150","*","_","**","_","KL","_","CV","_","TRANSPORTLEIDING","_","STAAL","_","DN150","_","","_","","'-","","'-","G","'-","","","*_**_KL_CV_TRANSPORTLEIDING_STAAL_DN150","0.18","40","42","40","40","40","KL-CV-SO","0.35","40","42","40","40","40","KL-CV-SO","0.35","40","42","40","40","40","V-KL-CV-SO","0.35","40","42","40","40","40","KL-CV-SO","","","704","701","http://digitalbuildingdata.tech/nlcs/def/5cd5f49f-d932-49b6-b9b4-c666781b9abc","http://digitalbuildingdata.tech/nlcs/def/30fb626b-9b47-4fa8-a05e-a215cf02fc7e"
"GAS_LD_AANSLUITLEIDING_100 MBAR","*","_","**","_","KL","_","GAS","_","LD","_","AANSLUITLEIDING","_","100 MBAR","_","","_","","'-","","'-","G","'-","","","*_**_KL_GAS_LD_AANSLUITLEIDING_100 MBAR","0.18","50","52","50","50","252","KL-GAS_LD-SO","0.35","50","52","50","50","252","KL-GAS_LD-SO","0.35","50","52","50","50","252","V-KL-GAS_LD-SO","0.35","50","52","50","50","252","KL-GAS_LD-SO","","","1114","1113","http://digitalbuildingdata.tech/nlcs/def/ef27503d-68d3-4e8a-ad70-41cefd3a4784","http://digitalbuildingdata.tech/nlcs/def/e3c88ea7-d490-4587-91de-fc74cd060079"
"DATA_TELECOM_KAST_PUTKAST","*","_","**","_","KL","_","DATA","_","TELECOM","_","KAST","_","PUTKAST","_","","_","","'-","","'-","G","'-","","","*_**_KL_DATA_TELECOM_KAST_PUTKAST","0.18","90","92","90","90","90","CONTINUOUS","0.35","90","92","90","90","90","CONTINUOUS","0.35","90","92","90","90","90","V-CONTINUOUS-SO","0.35","90","92","90","90","90","CONTINUOUS","","","822","820","http://digitalbuildingdata.tech/nlcs/def/310d9ee8-6ada-4589-ac3e-b46aa4430162","http://digitalbuildingdata.tech/nlcs/def/46bb7e6f-043c-4e0f-ba9c-9085afde5e27"
"WATER_BRANDLEIDING_TRANSPORTLEIDING_PE","*","_","**","_","KL","_","WATER","_","BRANDLEIDING","_","TRANSPORTLEIDING","_","PE","_","","_","","'-","","'-","G","'-","","","*_**_KL_WATER_BRANDLEIDING_TRANSPORTLEIDING_PE","0.18","150","152","150","150","252","KL-WATER-SO","0.35","150","152","150","150","252","KL-WATER-SO","0.35","150","152","150","150","252","V-KL-WATER-SO","0.35","150","152","150","150","252","KL-WATER-SO","","","1313","1312","http://digitalbuildingdata.tech/nlcs/def/9a1612d8-114e-4a55-88ff-7044e6960520","http://digitalbuildingdata.tech/nlcs/def/4a8b1d47-3905-4741-bef8-c8ec04c392b2"
"GAS_HD_AANSLUITLEIDING_67 BAR","*","_","**","_","KL","_","GAS","_","HD","_","AANSLUITLEIDING","_","67 BAR","_","","_","","'-","","'-","G","'-","","","*_**_KL_GAS_HD_AANSLUITLEIDING_67 BAR","0.18","30","32","30","30","252","KL-GAS_HD-SO","0.35","30","32","30","30","252","KL-GAS_HD-SO","0.35","30","32","30","30","252","V-KL-GAS_HD-SO","0.35","30","32","30","30","252","KL-GAS_HD-SO","","","1036","1000","http://digitalbuildingdata.tech/nlcs/def/61e5ae7c-bc6c-4012-8081-a0d58fb5c325","http://digitalbuildingdata.tech/nlcs/def/53142567-6900-40fe-9f50-7a265b4c8705"
"GAS_HD_HOOFDLEIDING_8 BAR","*","_","**","_","KL","_","GAS","_","HD","_","HOOFDLEIDING","_","8 BAR","_","","_","","'-","","'-","G","'-","","","*_**_KL_GAS_HD_HOOFDLEIDING_8 BAR","0.18","30","32","30","30","252","KL-GAS_HD-SO","0.35","30","32","30","30","252","KL-GAS_HD-SO","0.35","30","32","30","30","252","V-KL-GAS_HD-SO","0.35","30","32","30","30","252","KL-GAS_HD-SO","","","1087","1054","http://digitalbuildingdata.tech/nlcs/def/f18709c4-92b8-4a26-962e-6b0837e55274","http://digitalbuildingdata.tech/nlcs/def/7df34e34-2b2b-449a-9856-fed93abc4da8"
"DATA_GLASVEZEL_KAST_VERDEELKAST","*","_","**","_","KL","_","DATA","_","GLASVEZEL","_","KAST","_","VERDEELKAST","_","","_","","'-","","'-","G","'-","","","*_**_KL_DATA_GLASVEZEL_KAST_VERDEELKAST","0.18","90","92","90","90","90","CONTINUOUS","0.35","90","92","90","90","90","CONTINUOUS","0.35","90","92","90","90","90","V-CONTINUOUS-SO","0.35","90","92","90","90","90","CONTINUOUS","","","758","755","http://digitalbuildingdata.tech/nlcs/def/70194c10-d0d5-4947-9e11-b8fb136ead74","http://digitalbuildingdata.tech/nlcs/def/13cc56ad-bc1d-4cb2-a262-9293b91459f3"
"DATA_INTERCOM_KAST_VERDEELKAST","*","_","**","_","KL","_","DATA","_","INTERCOM","_","KAST","_","VERDEELKAST","_","","_","","'-","","'-","G","'-","","","*_**_KL_DATA_INTERCOM_KAST_VERDEELKAST","0.18","90","92","90","90","90","CONTINUOUS","0.35","90","92","90","90","90","CONTINUOUS","0.35","90","92","90","90","90","V-CONTINUOUS-SO","0.35","90","92","90","90","90","CONTINUOUS","","","774","771","http://digitalbuildingdata.tech/nlcs/def/b802df1e-4a60-42a4-81f7-4b738d69e9fa","http://digitalbuildingdata.tech/nlcs/def/0189fcc9-8f37-44ea-86b4-af9a6ad0bb4d"
"CV_TRANSPORTLEIDING_GVK_1000","*","_","**","_","KL","_","CV","_","TRANSPORTLEIDING","_","GVK","_","1000","_","","_","","'-","","'-","G","'-","","","*_**_KL_CV_TRANSPORTLEIDING_GVK_1000","0.18","40","42","40","40","40","KL-CV-SO","0.35","40","42","40","40","40","KL-CV-SO","0.35","40","42","40","40","40","V-KL-CV-SO","0.35","40","42","40","40","40","KL-CV-SO","","","685","683","http://digitalbuildingdata.tech/nlcs/def/0fbd75ea-8cd4-4899-a034-5adc9fedd370","http://digitalbuildingdata.tech/nlcs/def/0b4f218c-508c-4375-9a2b-5f3c8e6abd4f"
"DATA_TELECOM_HULPSTUK_AANSLUITPUNT","*","_","**","_","KL","_","DATA","_","TELECOM","_","HULPSTUK","_","AANSLUITPUNT","_","","_","","'-","","'-","G","'-","","","*_**_KL_DATA_TELECOM_HULPSTUK_AANSLUITPUNT","0.18","90","92","90","90","90","CONTINUOUS","0.35","90","92","90","90","90","CONTINUOUS","0.35","90","92","90","90","90","V-CONTINUOUS-SO","0.35","90","92","90","90","90","CONTINUOUS","","","817","816","http://digitalbuildingdata.tech/nlcs/def/9fab15a5-6da5-46d0-ae90-3ac2a62b2064","http://digitalbuildingdata.tech/nlcs/def/b743fc6a-1796-4ce9-8afe-ec1e37fa0e08"
"DATA_DEFENSIE_KAST_VERDEELKAST","*","_","**","_","KL","_","DATA","_","DEFENSIE","_","KAST","_","VERDEELKAST","_","","_","","'-","","'-","G","'-","","","*_**_KL_DATA_DEFENSIE_KAST_VERDEELKAST","0.18","90","92","90","90","90","CONTINUOUS","0.35","90","92","90","90","90","CONTINUOUS","0.35","90","92","90","90","90","V-CONTINUOUS-SO","0.35","90","92","90","90","90","CONTINUOUS","","","746","743","http://digitalbuildingdata.tech/nlcs/def/26cbd5a9-da28-43b2-8f2b-bbae71490dc8","http://digitalbuildingdata.tech/nlcs/def/966bc2b8-d319-4d60-bc3d-4b1f2c943b75"
"CV_HUISAANSLUITING_GVK_150","*","_","**","_","KL","_","CV","_","HUISAANSLUITING","_","GVK","_","150","_","","_","","'-","","'-","G","'-","","","*_**_KL_CV_HUISAANSLUITING_GVK_150","0.18","40","42","40","40","40","KL-CV-SO","0.35","40","42","40","40","40","KL-CV-SO","0.35","40","42","40","40","40","V-KL-CV-SO","0.35","40","42","40","40","40","KL-CV-SO","","","649","647","http://digitalbuildingdata.tech/nlcs/def/1e299e67-58bb-489b-b03d-11f23b6e0ddf","http://digitalbuildingdata.tech/nlcs/def/0974872c-0b7d-445c-972a-908063666b91"
"WATER_HUISAANSLUITING_PE_90","*","_","**","_","KL","_","WATER","_","HUISAANSLUITING","_","PE","_","90","_","","_","","'-","","'-","G","'-","","","*_**_KL_WATER_HUISAANSLUITING_PE_90","0.18","170","172","170","170","252","KL-WATER-SO","0.35","170","172","170","170","252","KL-WATER-SO","0.35","170","172","170","170","252","V-KL-WATER-SO","0.35","170","172","170","170","252","KL-WATER-SO","","","1339","1332","http://digitalbuildingdata.tech/nlcs/def/1cbb19bd-f9fa-489f-ae82-8fa98f165051","http://digitalbuildingdata.tech/nlcs/def/c211168f-f8bf-4b6b-8bc4-b68b74cd6ca8"
"WATER_BRANDLEIDING_TRANSPORTLEIDING_PVC","*","_","**","_","KL","_","WATER","_","BRANDLEIDING","_","TRANSPORTLEIDING","_","PVC","_","","_","","'-","","'-","G","'-","","","*_**_KL_WATER_BRANDLEIDING_TRANSPORTLEIDING_PVC","0.18","150","152","150","150","252","KL-WATER-SO","0.35","150","152","150","150","252","KL-WATER-SO","0.35","150","152","150","150","252","V-KL-WATER-SO","0.35","150","152","150","150","252","KL-WATER-SO","","","1322","1312","http://digitalbuildingdata.tech/nlcs/def/a3a4cede-07e4-4f9c-9958-1399ca8a9bed","http://digitalbuildingdata.tech/nlcs/def/4a8b1d47-3905-4741-bef8-c8ec04c392b2"
"CV_TRANSPORTLEIDING_STAAL_DN250","*","_","**","_","KL","_","CV","_","TRANSPORTLEIDING","_","STAAL","_","DN250","_","","_","","'-","","'-","G","'-","","","*_**_KL_CV_TRANSPORTLEIDING_STAAL_DN250","0.18","40","42","40","40","40","KL-CV-SO","0.35","40","42","40","40","40","KL-CV-SO","0.35","40","42","40","40","40","V-KL-CV-SO","0.35","40","42","40","40","40","KL-CV-SO","","","708","701","http://digitalbuildingdata.tech/nlcs/def/635fde98-3445-4fb1-943a-08ed370a3161","http://digitalbuildingdata.tech/nlcs/def/30fb626b-9b47-4fa8-a05e-a215cf02fc7e"
"KOUDENET_AANSLUITLEIDING_AANVOER_PVC","*","_","**","_","KL","_","KOUDENET","_","AANSLUITLEIDING","_","AANVOER","_","PVC","_","","_","","'-","","'-","G","'-","","","*_**_KL_KOUDENET_AANSLUITLEIDING_AANVOER_PVC","0.18","130","132","130","130","252","KL-KOUDENET-SO","0.35","130","132","130","130","252","KL-KOUDENET-SO","0.35","130","132","130","130","252","V-KL-KOUDENET-SO","0.35","130","132","130","130","252","KL-KOUDENET-SO","","","1188","1185","http://digitalbuildingdata.tech/nlcs/def/0abcda98-0bef-4f3e-8f99-aea3654dc9fe","http://digitalbuildingdata.tech/nlcs/def/96132ae8-5433-4104-8a0e-fdfc420c7272"
"WATER_BRANDLEIDING_HULPSTUK_SCHOONMAAKSTUK","*","_","**","_","KL","_","WATER","_","BRANDLEIDING","_","HULPSTUK","_","SCHOONMAAKSTUK","_","","_","","'-","","'-","G","'-","","","*_**_KL_WATER_BRANDLEIDING_HULPSTUK_SCHOONMAAKSTUK","0.18","150","152","150","150","252","CONTINUOUS","0.35","150","152","150","150","252","CONTINUOUS","0.35","150","152","150","150","252","V-CONTINUOUS-SO","0.35","150","152","150","150","252","CONTINUOUS","","","1307","1301","http://digitalbuildingdata.tech/nlcs/def/831b82d8-627e-456e-9e6b-2f9dfd54d46e","http://digitalbuildingdata.tech/nlcs/def/f464261d-1bb3-4684-a87c-591a072fecce"
"WATER_TRANSPORTLEIDING_PVC_630","*","_","**","_","KL","_","WATER","_","TRANSPORTLEIDING","_","PVC","_","630","_","","_","","'-","","'-","G","'-","","","*_**_KL_WATER_TRANSPORTLEIDING_PVC_630","0.18","170","172","170","170","253","KL-WATER-SO","0.35","170","172","170","170","253","KL-WATER-SO","0.35","170","172","170","170","253","V-KL-WATER-SO","0.35","170","172","170","170","253","KL-WATER-SO","","","1383","1375","http://digitalbuildingdata.tech/nlcs/def/d19af601-6ca7-4181-9e12-97f051378307","http://digitalbuildingdata.tech/nlcs/def/735c8394-c143-4473-8c83-cd18313a3514"
"CV_TRANSPORTLEIDING_STAAL_DN200","*","_","**","_","KL","_","CV","_","TRANSPORTLEIDING","_","STAAL","_","DN200","_","","_","","'-","","'-","G","'-","","","*_**_KL_CV_TRANSPORTLEIDING_STAAL_DN200","0.18","40","42","40","40","40","KL-CV-SO","0.35","40","42","40","40","40","KL-CV-SO","0.35","40","42","40","40","40","V-KL-CV-SO","0.35","40","42","40","40","40","KL-CV-SO","","","706","701","http://digitalbuildingdata.tech/nlcs/def/9eaa7706-098f-4968-ab9c-592b95cc6cdf","http://digitalbuildingdata.tech/nlcs/def/30fb626b-9b47-4fa8-a05e-a215cf02fc7e"
"WARMTENET_AANSLUITLEIDING_AANVOER_GVK","*","_","**","_","KL","_","WARMTENET","_","AANSLUITLEIDING","_","AANVOER","_","GVK","_","","_","","'-","","'-","G","'-","","","*_**_KL_WARMTENET_AANSLUITLEIDING_AANVOER_GVK","0.18","80","82","80","80","252","KL-WARMTENET-SO","0.35","80","82","80","80","252","KL-WARMTENET-SO","0.35","80","82","80","80","252","V-KL-WARMTENET-SO","0.35","80","82","80","80","252","KL-WARMTENET-SO","","","1235","1234","http://digitalbuildingdata.tech/nlcs/def/faf99b9b-c992-451e-9feb-9209d7ad7125","http://digitalbuildingdata.tech/nlcs/def/9b933391-aada-48ff-8d93-e89dc5d7c422"
"WATER_BRANDLEIDING_HUISAANSLUITING_PE","*","_","**","_","KL","_","WATER","_","BRANDLEIDING","_","HUISAANSLUITING","_","PE","_","","_","","'-","","'-","G","'-","","","*_**_KL_WATER_BRANDLEIDING_HUISAANSLUITING_PE","0.18","150","152","150","150","252","KL-WATER-SO","0.35","150","152","150","150","252","KL-WATER-SO","0.35","150","152","150","150","252","V-KL-WATER-SO","0.35","150","152","150","150","252","KL-WATER-SO","","","1285","1284","http://digitalbuildingdata.tech/nlcs/def/e24140d9-8576-490a-bde9-cf2f2de0ed0e","http://digitalbuildingdata.tech/nlcs/def/934acaa8-4b88-4f89-b948-6cea6a543806"
"ET_AARDING_HULPSTUK_MOF","*","_","**","_","KL","_","ET","_","AARDING","_","HULPSTUK","_","MOF","_","","_","","'-","","'-","G","'-","","","*_**_KL_ET_AARDING_HULPSTUK_MOF","0.18","7","7","7","7","7","CONTINUOUS","0.35","7","7","7","7","7","CONTINUOUS","0.35","7","7","7","7","7","V-CONTINUOUS-SO","0.35","7","7","7","7","7","CONTINUOUS","","","851","848","http://digitalbuildingdata.tech/nlcs/def/f5f1c89d-3b6a-4a5c-ad07-0e7ddee8a547","http://digitalbuildingdata.tech/nlcs/def/193c94cc-4c2a-4e4c-81c8-94b6bb78db9c"
"WARMTENET_AANSLUITLEIDING_RETOUR_PE","*","_","**","_","KL","_","WARMTENET","_","AANSLUITLEIDING","_","RETOUR","_","PE","_","","_","","'-","","'-","G","'-","","","*_**_KL_WARMTENET_AANSLUITLEIDING_RETOUR_PE","0.18","80","82","80","80","252","KL-WARMTENET-SO","0.35","80","82","80","80","252","KL-WARMTENET-SO","0.35","80","82","80","80","252","V-KL-WARMTENET-SO","0.35","80","82","80","80","252","KL-WARMTENET-SO","","","1241","1239","http://digitalbuildingdata.tech/nlcs/def/d20c6fa7-6e3f-46fe-899c-f4d3b740ac39","http://digitalbuildingdata.tech/nlcs/def/f8eeb936-20c4-4434-9e63-e09ccb8e538e"
"WATER_HUISAANSLUITING_PVC_32","*","_","**","_","KL","_","WATER","_","HUISAANSLUITING","_","PVC","_","32","_","","_","","'-","","'-","G","'-","","","*_**_KL_WATER_HUISAANSLUITING_PVC_32","0.18","170","172","170","170","252","KL-WATER-SO","0.35","170","172","170","170","252","KL-WATER-SO","0.35","170","172","170","170","252","V-KL-WATER-SO","0.35","170","172","170","170","252","KL-WATER-SO","","","1342","1340","http://digitalbuildingdata.tech/nlcs/def/9053fb76-0afa-499e-8777-1871b32b4502","http://digitalbuildingdata.tech/nlcs/def/fc6f9e2e-d35c-464b-954c-044552f365a6"
"CV_TRANSPORTLEIDING_GVK_500","*","_","**","_","KL","_","CV","_","TRANSPORTLEIDING","_","GVK","_","500","_","","_","","'-","","'-","G","'-","","","*_**_KL_CV_TRANSPORTLEIDING_GVK_500","0.18","40","42","40","40","40","KL-CV-SO","0.35","40","42","40","40","40","KL-CV-SO","0.35","40","42","40","40","40","V-KL-CV-SO","0.35","40","42","40","40","40","KL-CV-SO","","","695","683","http://digitalbuildingdata.tech/nlcs/def/1935fc46-1271-4f08-a3c1-476e3d5ac995","http://digitalbuildingdata.tech/nlcs/def/0b4f218c-508c-4375-9a2b-5f3c8e6abd4f"
"ET_LS_VOEDINGSKABEL_POORT","*","_","**","_","KL","_","ET","_","LS","_","VOEDINGSKABEL","_","POORT","_","","_","","'-","","'-","G","'-","","","*_**_KL_ET_LS_VOEDINGSKABEL_POORT","0.18","190","192","190","190","252","CONTINUOUS","0.35","190","192","190","190","190","CONTINUOUS","0.35","190","192","190","190","190","V-CONTINUOUS-SO","0.35","190","192","190","190","190","CONTINUOUS","","","967","961","http://digitalbuildingdata.tech/nlcs/def/dd9b5800-e650-447f-8fb0-4c13bdd16b03","http://digitalbuildingdata.tech/nlcs/def/258c13af-5cba-4bc2-87a2-15961088437a"
"CV_HUISAANSLUITING_STAAL_DN200","*","_","**","_","KL","_","CV","_","HUISAANSLUITING","_","STAAL","_","DN200","_","","_","","'-","","'-","G","'-","","","*_**_KL_CV_HUISAANSLUITING_STAAL_DN200","0.18","40","42","40","40","40","KL-CV-SO","0.35","40","42","40","40","40","KL-CV-SO","0.35","40","42","40","40","40","V-KL-CV-SO","0.35","40","42","40","40","40","KL-CV-SO","","","659","654","http://digitalbuildingdata.tech/nlcs/def/1ded3755-8f20-4614-a7e7-99cacf347eb1","http://digitalbuildingdata.tech/nlcs/def/f86add7b-e89c-452e-b937-2369ebfadd60"
"WATER_TRANSPORTLEIDING_PE_400","*","_","**","_","KL","_","WATER","_","TRANSPORTLEIDING","_","PE","_","400","_","","_","","'-","","'-","G","'-","","","*_**_KL_WATER_TRANSPORTLEIDING_PE_400","0.18","170","172","170","170","253","KL-WATER-SO","0.35","170","172","170","170","253","KL-WATER-SO","0.35","170","172","170","170","253","V-KL-WATER-SO","0.35","170","172","170","170","253","KL-WATER-SO","","","1372","1366","http://digitalbuildingdata.tech/nlcs/def/447673c7-8f6e-40ad-ad98-a87cfd639f52","http://digitalbuildingdata.tech/nlcs/def/cefd3184-1920-44fe-ab44-1b654502f590"
"KOUDENET_AANSLUITLEIDING_RETOUR_GVK","*","_","**","_","KL","_","KOUDENET","_","AANSLUITLEIDING","_","RETOUR","_","GVK","_","","_","","'-","","'-","G","'-","","","*_**_KL_KOUDENET_AANSLUITLEIDING_RETOUR_GVK","0.18","130","132","130","130","252","KL-KOUDENET-SO","0.35","130","132","130","130","252","KL-KOUDENET-SO","0.35","130","132","130","130","252","V-KL-KOUDENET-SO","0.35","130","132","130","130","252","KL-KOUDENET-SO","","","1191","1190","http://digitalbuildingdata.tech/nlcs/def/962c5d0f-116c-4771-82fe-3e3dca5bd214","http://digitalbuildingdata.tech/nlcs/def/1676470f-3e6e-415f-bada-ed4f38d0f224"
"ET_LS_VOEDINGSKABEL_GEBOUW","*","_","**","_","KL","_","ET","_","LS","_","VOEDINGSKABEL","_","GEBOUW","_","","_","","'-","","'-","G","'-","","","*_**_KL_ET_LS_VOEDINGSKABEL_GEBOUW","0.18","190","192","190","190","252","CONTINUOUS","0.35","190","192","190","190","190","CONTINUOUS","0.35","190","192","190","190","190","V-CONTINUOUS-SO","0.35","190","192","190","190","190","CONTINUOUS","","","963","961","http://digitalbuildingdata.tech/nlcs/def/fd5d4407-1447-4fa8-bd88-5dc55cd6c8df","http://digitalbuildingdata.tech/nlcs/def/258c13af-5cba-4bc2-87a2-15961088437a"
"KOUDENET_TRANSPORTLEIDING_RETOUR_STAAL","*","_","**","_","KL","_","KOUDENET","_","TRANSPORTLEIDING","_","RETOUR","_","STAAL","_","","_","","'-","","'-","G","'-","","","*_**_KL_KOUDENET_TRANSPORTLEIDING_RETOUR_STAAL","0.18","130","132","130","130","252","KL-KOUDENET-SO","0.35","130","132","130","130","252","KL-KOUDENET-SO","0.35","130","132","130","130","252","V-KL-KOUDENET-SO","0.35","130","132","130","130","252","KL-KOUDENET-SO","","","1214","1210","http://digitalbuildingdata.tech/nlcs/def/031c3276-7d67-4e7c-baa4-c9fef382918f","http://digitalbuildingdata.tech/nlcs/def/f581e61d-fde4-4b69-bae7-56b1e834a802"
"GAS_LD_AANSLUITLEIDING_30 MBAR","*","_","**","_","KL","_","GAS","_","LD","_","AANSLUITLEIDING","_","30 MBAR","_","","_","","'-","","'-","G","'-","","","*_**_KL_GAS_LD_AANSLUITLEIDING_30 MBAR","0.18","50","52","50","50","252","KL-GAS_LD-SO","0.35","50","52","50","50","252","KL-GAS_LD-SO","0.35","50","52","50","50","252","V-KL-GAS_LD-SO","0.35","50","52","50","50","252","KL-GAS_LD-SO","","","1129","1113","http://digitalbuildingdata.tech/nlcs/def/d6d45653-9f08-4364-a7f0-4bd98f3de559","http://digitalbuildingdata.tech/nlcs/def/e3c88ea7-d490-4587-91de-fc74cd060079"
"ET_AARDING_BLIKSEMAFLEIDER_AFSPANDRAAD","*","_","**","_","KL","_","ET","_","AARDING","_","BLIKSEMAFLEIDER","_","AFSPANDRAAD","_","","_","","'-","","'-","G","'-","","","*_**_KL_ET_AARDING_BLIKSEMAFLEIDER_AFSPANDRAAD","0.18","7","7","7","7","7","CONTINUOUS","0.35","7","7","7","7","7","CONTINUOUS","0.35","7","7","7","7","7","V-CONTINUOUS-SO","0.35","7","7","7","7","7","CONTINUOUS","","","845","844","http://digitalbuildingdata.tech/nlcs/def/768343a5-0f0f-4ed6-8f52-e17291b885d7","http://digitalbuildingdata.tech/nlcs/def/f32e4678-9b1d-4f93-86f9-e393e632d028"
"ET_ZHS_HULPSTUK_MOF","*","_","**","_","KL","_","ET","_","ZHS","_","HULPSTUK","_","MOF","_","","_","","'-","","'-","G","'-","","","*_**_KL_ET_ZHS_HULPSTUK_MOF","0.18","10","12","10","10","252","CONTINUOUS","0.35","10","12","10","10","252","CONTINUOUS","0.35","10","12","10","10","252","V-CONTINUOUS-SO","0.35","10","12","10","10","252","CONTINUOUS","","","991","989","http://digitalbuildingdata.tech/nlcs/def/db9411af-7860-49fe-99a7-7d9745b397d7","http://digitalbuildingdata.tech/nlcs/def/f133abb1-e024-423e-9c19-52a690534e06"
"WATER_HUISAANSLUITING_PVC_110","*","_","**","_","KL","_","WATER","_","HUISAANSLUITING","_","PVC","_","110","_","","_","","'-","","'-","G","'-","","","*_**_KL_WATER_HUISAANSLUITING_PVC_110","0.18","170","172","170","170","252","KL-WATER-SO","0.35","170","172","170","170","252","KL-WATER-SO","0.35","170","172","170","170","252","V-KL-WATER-SO","0.35","170","172","170","170","252","KL-WATER-SO","","","1341","1340","http://digitalbuildingdata.tech/nlcs/def/f418c4a7-c5ee-4597-ac52-f9b15e0a1d12","http://digitalbuildingdata.tech/nlcs/def/fc6f9e2e-d35c-464b-954c-044552f365a6"
"WARMTENET_TRANSPORTLEIDING_RETOUR_PE","*","_","**","_","KL","_","WARMTENET","_","TRANSPORTLEIDING","_","RETOUR","_","PE","_","","_","","'-","","'-","G","'-","","","*_**_KL_WARMTENET_TRANSPORTLEIDING_RETOUR_PE","0.18","80","82","80","80","252","KL-WARMTENET-SO","0.35","80","82","80","80","252","KL-WARMTENET-SO","0.35","80","82","80","80","252","V-KL-WARMTENET-SO","0.35","80","82","80","80","252","KL-WARMTENET-SO","","","1261","1259","http://digitalbuildingdata.tech/nlcs/def/35d2daaf-8edf-4f0a-9512-b6352df6a316","http://digitalbuildingdata.tech/nlcs/def/9e80571e-fee1-4104-b321-a36e2c6fd237"
"WATER_BEREGENING_HULPSTUK_WATERMETER","*","_","**","_","KL","_","WATER","_","BEREGENING","_","HULPSTUK","_","WATERMETER","_","","_","","'-","","'-","G","'-","","","*_**_KL_WATER_BEREGENING_HULPSTUK_WATERMETER","0.18","153","153","153","153","252","CONTINUOUS","0.35","153","153","153","153","252","CONTINUOUS","0.35","153","153","153","153","252","V-CONTINUOUS-SO","0.35","153","153","153","153","252","CONTINUOUS","","","1274","1267","http://digitalbuildingdata.tech/nlcs/def/2367e9bd-7934-4521-85c0-d12f704390c1","http://digitalbuildingdata.tech/nlcs/def/2eea0037-6f11-43c4-906b-0ad8518aab84"
"GAS_HD_AANSLUITLEIDING_4 BAR","*","_","**","_","KL","_","GAS","_","HD","_","AANSLUITLEIDING","_","4 BAR","_","","_","","'-","","'-","G","'-","","","*_**_KL_GAS_HD_AANSLUITLEIDING_4 BAR","0.18","30","32","30","30","252","KL-GAS_HD-SO","0.35","30","32","30","30","252","KL-GAS_HD-SO","0.35","30","32","30","30","252","V-KL-GAS_HD-SO","0.35","30","32","30","30","252","KL-GAS_HD-SO","","","1018","1000","http://digitalbuildingdata.tech/nlcs/def/4fad6df4-b3f9-41ec-8675-e2e71a6530a0","http://digitalbuildingdata.tech/nlcs/def/53142567-6900-40fe-9f50-7a265b4c8705"
"DATA_STUURKABEL_KAST_LASKAST","*","_","**","_","KL","_","DATA","_","STUURKABEL","_","KAST","_","LASKAST","_","","_","","'-","","'-","G","'-","","","*_**_KL_DATA_STUURKABEL_KAST_LASKAST","0.18","90","92","90","90","90","KL-STUURKABEL-SO","0.35","90","92","90","90","90","KL-STUURKABEL-SO","0.35","90","92","90","90","90","V-KL-STUURKABEL-SO","0.35","90","92","90","90","90","KL-STUURKABEL-SO","","","808","807","http://digitalbuildingdata.tech/nlcs/def/6f258450-b017-4134-9282-e8164c41f37a","http://digitalbuildingdata.tech/nlcs/def/248f836e-4856-424e-9538-906004eaf38c"
"CV_TRANSPORTLEIDING_STAAL_DN125","*","_","**","_","KL","_","CV","_","TRANSPORTLEIDING","_","STAAL","_","DN125","_","","_","","'-","","'-","G","'-","","","*_**_KL_CV_TRANSPORTLEIDING_STAAL_DN125","0.18","40","42","40","40","40","KL-CV-SO","0.35","40","42","40","40","40","KL-CV-SO","0.35","40","42","40","40","40","V-KL-CV-SO","0.35","40","42","40","40","40","KL-CV-SO","","","703","701","http://digitalbuildingdata.tech/nlcs/def/b5dd01cd-a8d0-4a96-bc26-9bfee7cf52b6","http://digitalbuildingdata.tech/nlcs/def/30fb626b-9b47-4fa8-a05e-a215cf02fc7e"
"WATER_TRANSPORTLEIDING_PVC_400","*","_","**","_","KL","_","WATER","_","TRANSPORTLEIDING","_","PVC","_","400","_","","_","","'-","","'-","G","'-","","","*_**_KL_WATER_TRANSPORTLEIDING_PVC_400","0.18","170","172","170","170","253","KL-WATER-SO","0.35","170","172","170","170","253","KL-WATER-SO","0.35","170","172","170","170","253","V-KL-WATER-SO","0.35","170","172","170","170","253","KL-WATER-SO","","","1381","1375","http://digitalbuildingdata.tech/nlcs/def/b4272ba4-da9e-4e28-981f-d4a7442f6ddb","http://digitalbuildingdata.tech/nlcs/def/735c8394-c143-4473-8c83-cd18313a3514"
"WATER_BRANDLEIDING_HULPSTUK_AFSLUITER","*","_","**","_","KL","_","WATER","_","BRANDLEIDING","_","HULPSTUK","_","AFSLUITER","_","","_","","'-","","'-","G","'-","","","*_**_KL_WATER_BRANDLEIDING_HULPSTUK_AFSLUITER","0.18","150","152","150","150","252","CONTINUOUS","0.35","150","152","150","150","252","CONTINUOUS","0.35","150","152","150","150","252","V-CONTINUOUS-SO","0.35","150","152","150","150","252","CONTINUOUS","","","1303","1301","http://digitalbuildingdata.tech/nlcs/def/1c9f1229-e557-4d3e-9697-af8fe487e46c","http://digitalbuildingdata.tech/nlcs/def/f464261d-1bb3-4684-a87c-591a072fecce"
"CV_TRANSPORTLEIDING_STAAL_DN65","*","_","**","_","KL","_","CV","_","TRANSPORTLEIDING","_","STAAL","_","DN65","_","","_","","'-","","'-","G","'-","","","*_**_KL_CV_TRANSPORTLEIDING_STAAL_DN65","0.18","40","42","40","40","40","KL-CV-SO","0.35","40","42","40","40","40","KL-CV-SO","0.35","40","42","40","40","40","V-KL-CV-SO","0.35","40","42","40","40","40","KL-CV-SO","","","718","701","http://digitalbuildingdata.tech/nlcs/def/b3404b59-6564-45d8-b884-c9df0515d059","http://digitalbuildingdata.tech/nlcs/def/30fb626b-9b47-4fa8-a05e-a215cf02fc7e"
"CV_HUISAANSLUITING_GVK_50","*","_","**","_","KL","_","CV","_","HUISAANSLUITING","_","GVK","_","50","_","","_","","'-","","'-","G","'-","","","*_**_KL_CV_HUISAANSLUITING_GVK_50","0.18","40","42","40","40","40","KL-CV-SO","0.35","40","42","40","40","40","KL-CV-SO","0.35","40","42","40","40","40","V-KL-CV-SO","0.35","40","42","40","40","40","KL-CV-SO","","","652","647","http://digitalbuildingdata.tech/nlcs/def/e49923b3-d7ea-46bb-b40a-249926c7cd30","http://digitalbuildingdata.tech/nlcs/def/0974872c-0b7d-445c-972a-908063666b91"
"WATER_TRANSPORTLEIDING_PVC_125","*","_","**","_","KL","_","WATER","_","TRANSPORTLEIDING","_","PVC","_","125","_","","_","","'-","","'-","G","'-","","","*_**_KL_WATER_TRANSPORTLEIDING_PVC_125","0.18","170","172","170","170","253","KL-WATER-SO","0.35","170","172","170","170","253","KL-WATER-SO","0.35","170","172","170","170","253","V-KL-WATER-SO","0.35","170","172","170","170","253","KL-WATER-SO","","","1377","1375","http://digitalbuildingdata.tech/nlcs/def/5bb404ee-5e9c-4973-bbea-c440d7894f37","http://digitalbuildingdata.tech/nlcs/def/735c8394-c143-4473-8c83-cd18313a3514"
"ET_HS_HULPSTUK_AANSLUITPUNT","*","_","**","_","KL","_","ET","_","HS","_","HULPSTUK","_","AANSLUITPUNT","_","","_","","'-","","'-","G","'-","","","*_**_KL_ET_HS_HULPSTUK_AANSLUITPUNT","0.18","10","12","10","10","10","CONTINUOUS","0.35","10","12","10","10","10","CONTINUOUS","0.35","10","12","10","10","10","V-CONTINUOUS-SO","0.35","10","12","10","10","10","CONTINUOUS","","","867","866","http://digitalbuildingdata.tech/nlcs/def/a82d5dad-f412-4ae0-8d58-d6fe6bec259c","http://digitalbuildingdata.tech/nlcs/def/4a353c9f-8d2c-4271-b35c-98a069d4b7c1"
"KOUDENET_TRANSPORTLEIDING_RETOUR_PVC","*","_","**","_","KL","_","KOUDENET","_","TRANSPORTLEIDING","_","RETOUR","_","PVC","_","","_","","'-","","'-","G","'-","","","*_**_KL_KOUDENET_TRANSPORTLEIDING_RETOUR_PVC","0.18","130","132","130","130","252","KL-KOUDENET-SO","0.35","130","132","130","130","252","KL-KOUDENET-SO","0.35","130","132","130","130","252","V-KL-KOUDENET-SO","0.35","130","132","130","130","252","KL-KOUDENET-SO","","","1213","1210","http://digitalbuildingdata.tech/nlcs/def/2c3250d2-daf6-4a6f-bec5-bf8cef74eda7","http://digitalbuildingdata.tech/nlcs/def/f581e61d-fde4-4b69-bae7-56b1e834a802"
"DATA_WAN_KAST_VERDEELKAST","*","_","**","_","KL","_","DATA","_","WAN","_","KAST","_","VERDEELKAST","_","","_","","'-","","'-","G","'-","","","*_**_KL_DATA_WAN_KAST_VERDEELKAST","0.18","90","92","90","90","90","CONTINUOUS","0.35","90","92","90","90","90","CONTINUOUS","0.35","90","92","90","90","90","V-CONTINUOUS-SO","0.35","90","92","90","90","90","CONTINUOUS","","","836","833","http://digitalbuildingdata.tech/nlcs/def/a5451b0e-9980-4428-bd42-51770f8ff9d1","http://digitalbuildingdata.tech/nlcs/def/a81b3999-72a6-467c-a3f6-301cd5712d53"
"CV_HUISAANSLUITING_STAAL_DN100","*","_","**","_","KL","_","CV","_","HUISAANSLUITING","_","STAAL","_","DN100","_","","_","","'-","","'-","G","'-","","","*_**_KL_CV_HUISAANSLUITING_STAAL_DN100","0.18","40","42","40","40","40","KL-CV-SO","0.35","40","42","40","40","40","KL-CV-SO","0.35","40","42","40","40","40","V-KL-CV-SO","0.35","40","42","40","40","40","KL-CV-SO","","","655","654","http://digitalbuildingdata.tech/nlcs/def/5749d516-0065-4025-b292-12d768c850fd","http://digitalbuildingdata.tech/nlcs/def/f86add7b-e89c-452e-b937-2369ebfadd60"
"DATA_STUURKABEL_KAST_VERDEELKAST","*","_","**","_","KL","_","DATA","_","STUURKABEL","_","KAST","_","VERDEELKAST","_","","_","","'-","","'-","G","'-","","","*_**_KL_DATA_STUURKABEL_KAST_VERDEELKAST","0.18","90","92","90","90","90","KL-STUURKABEL-SO","0.35","90","92","90","90","90","KL-STUURKABEL-SO","0.35","90","92","90","90","90","V-KL-STUURKABEL-SO","0.35","90","92","90","90","90","KL-STUURKABEL-SO","","","810","807","http://digitalbuildingdata.tech/nlcs/def/8f47d131-72df-48c2-8f08-95aed4269490","http://digitalbuildingdata.tech/nlcs/def/248f836e-4856-424e-9538-906004eaf38c"
"ET_AARDING_HULPSTUK_AANSLUITPUNT","*","_","**","_","KL","_","ET","_","AARDING","_","HULPSTUK","_","AANSLUITPUNT","_","","_","","'-","","'-","G","'-","","","*_**_KL_ET_AARDING_HULPSTUK_AANSLUITPUNT","0.18","7","7","7","7","7","CONTINUOUS","0.35","7","7","7","7","7","CONTINUOUS","0.35","7","7","7","7","7","V-CONTINUOUS-SO","0.35","7","7","7","7","7","CONTINUOUS","","","849","848","http://digitalbuildingdata.tech/nlcs/def/49710c81-c6cf-448a-a359-98dee0d33bc3","http://digitalbuildingdata.tech/nlcs/def/193c94cc-4c2a-4e4c-81c8-94b6bb78db9c"
"DATA_WAN_HULPSTUK_AANSLUITPUNT","*","_","**","_","KL","_","DATA","_","WAN","_","HULPSTUK","_","AANSLUITPUNT","_","","_","","'-","","'-","G","'-","","","*_**_KL_DATA_WAN_HULPSTUK_AANSLUITPUNT","0.18","90","92","90","90","90","CONTINUOUS","0.35","90","92","90","90","90","CONTINUOUS","0.35","90","92","90","90","90","V-CONTINUOUS-SO","0.35","90","92","90","90","90","CONTINUOUS","","","830","829","http://digitalbuildingdata.tech/nlcs/def/d1970a75-2cbc-482c-9466-91fa2ed39f8a","http://digitalbuildingdata.tech/nlcs/def/d3490925-6394-4f42-a420-fc8abcab1b5e"
"WARMTENET_AANSLUITLEIDING_AANVOER_PVC","*","_","**","_","KL","_","WARMTENET","_","AANSLUITLEIDING","_","AANVOER","_","PVC","_","","_","","'-","","'-","G","'-","","","*_**_KL_WARMTENET_AANSLUITLEIDING_AANVOER_PVC","0.18","80","82","80","80","252","KL-WARMTENET-SO","0.35","80","82","80","80","252","KL-WARMTENET-SO","0.35","80","82","80","80","252","V-KL-WARMTENET-SO","0.35","80","82","80","80","252","KL-WARMTENET-SO","","","1237","1234","http://digitalbuildingdata.tech/nlcs/def/e00bb14f-6eb8-421e-84a4-402c45b081d4","http://digitalbuildingdata.tech/nlcs/def/9b933391-aada-48ff-8d93-e89dc5d7c422"
"GAS_LD_HOOFDLEIDING_100 MBAR","*","_","**","_","KL","_","GAS","_","LD","_","HOOFDLEIDING","_","100 MBAR","_","","_","","'-","","'-","G","'-","","","*_**_KL_GAS_LD_HOOFDLEIDING_100 MBAR","0.18","50","52","50","50","252","KL-GAS_LD-SO","0.35","50","52","50","50","252","KL-GAS_LD-SO","0.35","50","52","50","50","252","V-KL-GAS_LD-SO","0.35","50","52","50","50","252","KL-GAS_LD-SO","","","1144","1143","http://digitalbuildingdata.tech/nlcs/def/0da74ef1-0b26-40dc-96fe-a2bc2f951263","http://digitalbuildingdata.tech/nlcs/def/4e3baa49-9ddc-416d-9ad4-66097fe8a0c0"
"ET_LS_HULPSTUK_MOF","*","_","**","_","KL","_","ET","_","LS","_","HULPSTUK","_","MOF","_","","_","","'-","","'-","G","'-","","","*_**_KL_ET_LS_HULPSTUK_MOF","0.18","190","192","190","190","252","CONTINUOUS","0.35","190","192","190","190","190","CONTINUOUS","0.35","190","192","190","190","190","V-CONTINUOUS-SO","0.35","190","192","190","190","190","CONTINUOUS","","","881","879","http://digitalbuildingdata.tech/nlcs/def/e4e41110-295e-4056-8158-b60eb692876c","http://digitalbuildingdata.tech/nlcs/def/243b25d6-c298-4ae0-a3ef-ac2e41095203"
"WATER_BRANDLEIDING_BRANDHYDRANT_BOVENGRONDS","*","_","**","_","KL","_","WATER","_","BRANDLEIDING","_","BRANDHYDRANT","_","BOVENGRONDS","_","","_","","'-","","'-","G","'-","","","*_**_KL_WATER_BRANDLEIDING_BRANDHYDRANT_BOVENGRONDS","0.18","150","152","150","150","252","CONTINUOUS","0.35","150","152","150","150","252","CONTINUOUS","0.35","150","152","150","150","252","V-CONTINUOUS-SO","0.35","150","152","150","150","252","CONTINUOUS","","","1282","1281","http://digitalbuildingdata.tech/nlcs/def/82bb9f41-1f19-45e2-8c2c-c5e6d69cdbd4","http://digitalbuildingdata.tech/nlcs/def/2f306d29-9af7-413c-abda-d5fc32c1c847"
"CV_HUISAANSLUITING_STAAL_DN125","*","_","**","_","KL","_","CV","_","HUISAANSLUITING","_","STAAL","_","DN125","_","","_","","'-","","'-","G","'-","","","*_**_KL_CV_HUISAANSLUITING_STAAL_DN125","0.18","40","42","40","40","40","KL-CV-SO","0.35","40","42","40","40","40","KL-CV-SO","0.35","40","42","40","40","40","V-KL-CV-SO","0.35","40","42","40","40","40","KL-CV-SO","","","656","654","http://digitalbuildingdata.tech/nlcs/def/6be67105-2249-4001-8d0f-bf2dbf3a0696","http://digitalbuildingdata.tech/nlcs/def/f86add7b-e89c-452e-b937-2369ebfadd60"
"CV_HUISAANSLUITING_STAAL_DN300","*","_","**","_","KL","_","CV","_","HUISAANSLUITING","_","STAAL","_","DN300","_","","_","","'-","","'-","G","'-","","","*_**_KL_CV_HUISAANSLUITING_STAAL_DN300","0.18","40","42","40","40","40","KL-CV-SO","0.35","40","42","40","40","40","KL-CV-SO","0.35","40","42","40","40","40","V-KL-CV-SO","0.35","40","42","40","40","40","KL-CV-SO","","","662","654","http://digitalbuildingdata.tech/nlcs/def/c139f9c1-05da-4f22-865a-862cdf765bd9","http://digitalbuildingdata.tech/nlcs/def/f86add7b-e89c-452e-b937-2369ebfadd60"
"WATER_HUISAANSLUITING_PE_40","*","_","**","_","KL","_","WATER","_","HUISAANSLUITING","_","PE","_","40","_","","_","","'-","","'-","G","'-","","","*_**_KL_WATER_HUISAANSLUITING_PE_40","0.18","170","172","170","170","252","KL-WATER-SO","0.35","170","172","170","170","252","KL-WATER-SO","0.35","170","172","170","170","252","V-KL-WATER-SO","0.35","170","172","170","170","252","KL-WATER-SO","","","1335","1332","http://digitalbuildingdata.tech/nlcs/def/3a8252a7-2e91-405e-8ade-7b94c5f55128","http://digitalbuildingdata.tech/nlcs/def/c211168f-f8bf-4b6b-8bc4-b68b74cd6ca8"
"CV_HUISAANSLUITING_STAAL_DN600","*","_","**","_","KL","_","CV","_","HUISAANSLUITING","_","STAAL","_","DN600","_","","_","","'-","","'-","G","'-","","","*_**_KL_CV_HUISAANSLUITING_STAAL_DN600","0.18","40","42","40","40","40","KL-CV-SO","0.35","40","42","40","40","40","KL-CV-SO","0.35","40","42","40","40","40","V-KL-CV-SO","0.35","40","42","40","40","40","KL-CV-SO","","","670","654","http://digitalbuildingdata.tech/nlcs/def/8bb95947-29a9-4ede-b2e2-b06458a72b25","http://digitalbuildingdata.tech/nlcs/def/f86add7b-e89c-452e-b937-2369ebfadd60"
"WATER_HUISAANSLUITING_PE_32","*","_","**","_","KL","_","WATER","_","HUISAANSLUITING","_","PE","_","32","_","","_","","'-","","'-","G","'-","","","*_**_KL_WATER_HUISAANSLUITING_PE_32","0.18","170","172","170","170","252","KL-WATER-SO","0.35","170","172","170","170","252","KL-WATER-SO","0.35","170","172","170","170","252","V-KL-WATER-SO","0.35","170","172","170","170","252","KL-WATER-SO","","","1334","1332","http://digitalbuildingdata.tech/nlcs/def/ddae52fd-34dc-49b4-8f3d-cfd41dd2844c","http://digitalbuildingdata.tech/nlcs/def/c211168f-f8bf-4b6b-8bc4-b68b74cd6ca8"
"DATA_DEFENSIE_KAST_LASKAST","*","_","**","_","KL","_","DATA","_","DEFENSIE","_","KAST","_","LASKAST","_","","_","","'-","","'-","G","'-","","","*_**_KL_DATA_DEFENSIE_KAST_LASKAST","0.18","90","92","90","90","90","CONTINUOUS","0.35","90","92","90","90","90","CONTINUOUS","0.35","90","92","90","90","90","V-CONTINUOUS-SO","0.35","90","92","90","90","90","CONTINUOUS","","","744","743","http://digitalbuildingdata.tech/nlcs/def/30be28f1-1827-4e01-aaa7-f818945feaea","http://digitalbuildingdata.tech/nlcs/def/966bc2b8-d319-4d60-bc3d-4b1f2c943b75"
"WARMTENET_AANSLUITLEIDING_RETOUR_STAAL","*","_","**","_","KL","_","WARMTENET","_","AANSLUITLEIDING","_","RETOUR","_","STAAL","_","","_","","'-","","'-","G","'-","","","*_**_KL_WARMTENET_AANSLUITLEIDING_RETOUR_STAAL","0.18","80","82","80","80","252","KL-WARMTENET-SO","0.35","80","82","80","80","252","KL-WARMTENET-SO","0.35","80","82","80","80","252","V-KL-WARMTENET-SO","0.35","80","82","80","80","252","KL-WARMTENET-SO","","","1243","1239","http://digitalbuildingdata.tech/nlcs/def/4a93da3c-07ca-4c92-a35a-7548810dcc31","http://digitalbuildingdata.tech/nlcs/def/f8eeb936-20c4-4434-9e63-e09ccb8e538e"
"DATA_DEFENSIE_HULPSTUK_OVERIG","*","_","**","_","KL","_","DATA","_","DEFENSIE","_","HULPSTUK","_","OVERIG","_","","_","","'-","","'-","G","'-","","","*_**_KL_DATA_DEFENSIE_HULPSTUK_OVERIG","0.18","90","92","90","90","90","CONTINUOUS","0.35","90","92","90","90","90","CONTINUOUS","0.35","90","92","90","90","90","V-CONTINUOUS-SO","0.35","90","92","90","90","90","CONTINUOUS","","","742","739","http://digitalbuildingdata.tech/nlcs/def/4d479259-ef43-44c7-a968-3b45d6aabff5","http://digitalbuildingdata.tech/nlcs/def/9a16e446-aaf7-48a3-9f61-97fbb8c73217"
"CV_TRANSPORTLEIDING_STAAL_DN400","*","_","**","_","KL","_","CV","_","TRANSPORTLEIDING","_","STAAL","_","DN400","_","","_","","'-","","'-","G","'-","","","*_**_KL_CV_TRANSPORTLEIDING_STAAL_DN400","0.18","40","42","40","40","40","KL-CV-SO","0.35","40","42","40","40","40","KL-CV-SO","0.35","40","42","40","40","40","V-KL-CV-SO","0.35","40","42","40","40","40","KL-CV-SO","","","713","701","http://digitalbuildingdata.tech/nlcs/def/3aa26c17-9c77-4404-b525-6f613284c7d2","http://digitalbuildingdata.tech/nlcs/def/30fb626b-9b47-4fa8-a05e-a215cf02fc7e"
"WATER_TRANSPORTLEIDING_PVC_500","*","_","**","_","KL","_","WATER","_","TRANSPORTLEIDING","_","PVC","_","500","_","","_","","'-","","'-","G","'-","","","*_**_KL_WATER_TRANSPORTLEIDING_PVC_500","0.18","170","172","170","170","253","KL-WATER-SO","0.35","170","172","170","170","253","KL-WATER-SO","0.35","170","172","170","170","253","V-KL-WATER-SO","0.35","170","172","170","170","253","KL-WATER-SO","","","1382","1375","http://digitalbuildingdata.tech/nlcs/def/533d0db5-8383-4685-b33f-704952e23eb2","http://digitalbuildingdata.tech/nlcs/def/735c8394-c143-4473-8c83-cd18313a3514"
"CV_TRANSPORTLEIDING_GVK_900","*","_","**","_","KL","_","CV","_","TRANSPORTLEIDING","_","GVK","_","900","_","","_","","'-","","'-","G","'-","","","*_**_KL_CV_TRANSPORTLEIDING_GVK_900","0.18","40","42","40","40","40","KL-CV-SO","0.35","40","42","40","40","40","KL-CV-SO","0.35","40","42","40","40","40","V-KL-CV-SO","0.35","40","42","40","40","40","KL-CV-SO","","","700","683","http://digitalbuildingdata.tech/nlcs/def/2c013cd7-0773-46c1-90b3-2ade2d26b377","http://digitalbuildingdata.tech/nlcs/def/0b4f218c-508c-4375-9a2b-5f3c8e6abd4f"
"DATA_GLASVEZEL_KAST_LASKAST","*","_","**","_","KL","_","DATA","_","GLASVEZEL","_","KAST","_","LASKAST","_","","_","","'-","","'-","G","'-","","","*_**_KL_DATA_GLASVEZEL_KAST_LASKAST","0.18","90","92","90","90","90","CONTINUOUS","0.35","90","92","90","90","90","CONTINUOUS","0.35","90","92","90","90","90","V-CONTINUOUS-SO","0.35","90","92","90","90","90","CONTINUOUS","","","756","755","http://digitalbuildingdata.tech/nlcs/def/6f10cd91-fe68-4b08-ba6d-f49f99a6e73c","http://digitalbuildingdata.tech/nlcs/def/13cc56ad-bc1d-4cb2-a262-9293b91459f3"
"WARMTENET_TRANSPORTLEIDING_RETOUR_PVC","*","_","**","_","KL","_","WARMTENET","_","TRANSPORTLEIDING","_","RETOUR","_","PVC","_","","_","","'-","","'-","G","'-","","","*_**_KL_WARMTENET_TRANSPORTLEIDING_RETOUR_PVC","0.18","80","82","80","80","252","KL-WARMTENET-SO","0.35","80","82","80","80","252","KL-WARMTENET-SO","0.35","80","82","80","80","252","V-KL-WARMTENET-SO","0.35","80","82","80","80","252","KL-WARMTENET-SO","","","1262","1259","http://digitalbuildingdata.tech/nlcs/def/3701b166-b77c-4981-819b-a1926c12fde7","http://digitalbuildingdata.tech/nlcs/def/9e80571e-fee1-4104-b321-a36e2c6fd237"
"DATA_GLASVEZEL_BORING_GESTUURD","*","_","**","_","KL","_","DATA","_","GLASVEZEL","_","BORING","_","GESTUURD","_","","_","","'-","","'-","G","'-","","","*_**_KL_DATA_GLASVEZEL_BORING_GESTUURD","0.18","7","7","7","7","7","CONTINUOUS","0.35","7","7","7","7","7","CONTINUOUS","0.35","7","7","7","7","7","V-CONTINUOUS-SO","0.35","7","7","7","7","7","CONTINUOUS","","","2985","2984","http://digitalbuildingdata.tech/nlcs/def/a907e723-90a1-432b-9100-3a8b49d75b8d","http://digitalbuildingdata.tech/nlcs/def/232f836a-06ff-4b70-a18c-b8a79d9aff6d"
"WATER_BRANDLEIDING_HULPSTUK_DRUKMEETPUNT","*","_","**","_","KL","_","WATER","_","BRANDLEIDING","_","HULPSTUK","_","DRUKMEETPUNT","_","","_","","'-","","'-","G","'-","","","*_**_KL_WATER_BRANDLEIDING_HULPSTUK_DRUKMEETPUNT","0.18","150","152","150","150","252","CONTINUOUS","0.35","150","152","150","150","252","CONTINUOUS","0.35","150","152","150","150","252","V-CONTINUOUS-SO","0.35","150","152","150","150","252","CONTINUOUS","","","1304","1301","http://digitalbuildingdata.tech/nlcs/def/68419622-9636-4927-9e98-c3bfbe4ba2b6","http://digitalbuildingdata.tech/nlcs/def/f464261d-1bb3-4684-a87c-591a072fecce"
"CV_HUISAANSLUITING_STAAL_DN32","*","_","**","_","KL","_","CV","_","HUISAANSLUITING","_","STAAL","_","DN32","_","","_","","'-","","'-","G","'-","","","*_**_KL_CV_HUISAANSLUITING_STAAL_DN32","0.18","40","42","40","40","40","KL-CV-SO","0.35","40","42","40","40","40","KL-CV-SO","0.35","40","42","40","40","40","V-KL-CV-SO","0.35","40","42","40","40","40","KL-CV-SO","","","663","654","http://digitalbuildingdata.tech/nlcs/def/28c91f8e-c695-4605-a57c-9fa798dfbe80","http://digitalbuildingdata.tech/nlcs/def/f86add7b-e89c-452e-b937-2369ebfadd60"
"CV_TRANSPORTLEIDING_GVK_100","*","_","**","_","KL","_","CV","_","TRANSPORTLEIDING","_","GVK","_","100","_","","_","","'-","","'-","G","'-","","","*_**_KL_CV_TRANSPORTLEIDING_GVK_100","0.18","40","42","40","40","40","KL-CV-SO","0.35","40","42","40","40","40","KL-CV-SO","0.35","40","42","40","40","40","V-KL-CV-SO","0.35","40","42","40","40","40","KL-CV-SO","","","684","683","http://digitalbuildingdata.tech/nlcs/def/f7cf426d-3465-472e-abd7-e7adac16b933","http://digitalbuildingdata.tech/nlcs/def/0b4f218c-508c-4375-9a2b-5f3c8e6abd4f"
"CV_HUISAANSLUITING_STAAL_DN500","*","_","**","_","KL","_","CV","_","HUISAANSLUITING","_","STAAL","_","DN500","_","","_","","'-","","'-","G","'-","","","*_**_KL_CV_HUISAANSLUITING_STAAL_DN500","0.18","40","42","40","40","40","KL-CV-SO","0.35","40","42","40","40","40","KL-CV-SO","0.35","40","42","40","40","40","V-KL-CV-SO","0.35","40","42","40","40","40","KL-CV-SO","","","669","654","http://digitalbuildingdata.tech/nlcs/def/04466349-b37a-4538-825f-7de3766702c7","http://digitalbuildingdata.tech/nlcs/def/f86add7b-e89c-452e-b937-2369ebfadd60"
"GAS_HD_AANSLUITLEIDING_1 BAR","*","_","**","_","KL","_","GAS","_","HD","_","AANSLUITLEIDING","_","1 BAR","_","","_","","'-","","'-","G","'-","","","*_**_KL_GAS_HD_AANSLUITLEIDING_1 BAR","0.18","30","32","30","30","252","KL-GAS_HD-SO","0.35","30","32","30","30","252","KL-GAS_HD-SO","0.35","30","32","30","30","252","V-KL-GAS_HD-SO","0.35","30","32","30","30","252","KL-GAS_HD-SO","","","1001","1000","http://digitalbuildingdata.tech/nlcs/def/f7055986-f76a-44c9-b04e-68e953fbe5ec","http://digitalbuildingdata.tech/nlcs/def/53142567-6900-40fe-9f50-7a265b4c8705"
"WATER_TRANSPORTLEIDING_PE_500","*","_","**","_","KL","_","WATER","_","TRANSPORTLEIDING","_","PE","_","500","_","","_","","'-","","'-","G","'-","","","*_**_KL_WATER_TRANSPORTLEIDING_PE_500","0.18","170","172","170","170","253","KL-WATER-SO","0.35","170","172","170","170","253","KL-WATER-SO","0.35","170","172","170","170","253","V-KL-WATER-SO","0.35","170","172","170","170","253","KL-WATER-SO","","","1373","1366","http://digitalbuildingdata.tech/nlcs/def/ac27e579-1da2-4a1a-9f9c-8159e57f8d4c","http://digitalbuildingdata.tech/nlcs/def/cefd3184-1920-44fe-ab44-1b654502f590"
"ET_AARDING_KABEL_VEILIGHEIDSKABEL","*","_","**","_","KL","_","ET","_","AARDING","_","KABEL","_","VEILIGHEIDSKABEL","_","","_","","'-","","'-","G","'-","","","*_**_KL_ET_AARDING_KABEL_VEILIGHEIDSKABEL","0.18","7","7","7","7","7","KL-AARDING-SO","0.35","7","7","7","7","7","KL-AARDING-SO","0.35","7","7","7","7","7","V-KL-AARDING-SO","0.35","7","7","7","7","7","KL-AARDING-SO","","","856","853","http://digitalbuildingdata.tech/nlcs/def/100c609a-36c9-4331-9429-b0f20c85f6bf","http://digitalbuildingdata.tech/nlcs/def/044d6ba8-93d1-42db-bfd9-a22b3378f731"
"ET_AARDING_BLIKSEMAFLEIDER_STIJGPUNT","*","_","**","_","KL","_","ET","_","AARDING","_","BLIKSEMAFLEIDER","_","STIJGPUNT","_","","_","","'-","","'-","G","'-","","","*_**_KL_ET_AARDING_BLIKSEMAFLEIDER_STIJGPUNT","0.18","7","7","7","7","7","CONTINUOUS","0.35","7","7","7","7","7","CONTINUOUS","0.35","7","7","7","7","7","V-CONTINUOUS-SO","0.35","7","7","7","7","7","CONTINUOUS","","","846","844","http://digitalbuildingdata.tech/nlcs/def/72083d71-7e56-48ef-9c21-57408af123b6","http://digitalbuildingdata.tech/nlcs/def/f32e4678-9b1d-4f93-86f9-e393e632d028"
"KOUDENET_TRANSPORTLEIDING_AANVOER_GVK","*","_","**","_","KL","_","KOUDENET","_","TRANSPORTLEIDING","_","AANVOER","_","GVK","_","","_","","'-","","'-","G","'-","","","*_**_KL_KOUDENET_TRANSPORTLEIDING_AANVOER_GVK","0.18","130","132","130","130","252","KL-KOUDENET-SO","0.35","130","132","130","130","252","KL-KOUDENET-SO","0.35","130","132","130","130","252","V-KL-KOUDENET-SO","0.35","130","132","130","130","252","KL-KOUDENET-SO","","","1206","1205","http://digitalbuildingdata.tech/nlcs/def/0c6d2eb9-d2dc-4e59-8844-474953db2ea0","http://digitalbuildingdata.tech/nlcs/def/58d10126-3943-4e87-a7e2-ce6fb020c5e3"
"DATA_SIGNAALKABEL_KAST_PUTKAST","*","_","**","_","KL","_","DATA","_","SIGNAALKABEL","_","KAST","_","PUTKAST","_","","_","","'-","","'-","G","'-","","","*_**_KL_DATA_SIGNAALKABEL_KAST_PUTKAST","0.18","90","92","90","90","90","KL-SIGNAALKABEL-SO","0.35","90","92","90","90","90","KL-SIGNAALKABEL-SO","0.35","90","92","90","90","90","V-KL-SIGNAALKABEL-SO","0.35","90","92","90","90","90","KL-SIGNAALKABEL-SO","","","797","795","http://digitalbuildingdata.tech/nlcs/def/5ca5f7b4-886a-4ae5-aa33-a68ac53f7832","http://digitalbuildingdata.tech/nlcs/def/1c38c41c-d481-4b52-b53c-570cd916b096"
"WARMTENET_AANSLUITLEIDING_RETOUR_GVK","*","_","**","_","KL","_","WARMTENET","_","AANSLUITLEIDING","_","RETOUR","_","GVK","_","","_","","'-","","'-","G","'-","","","*_**_KL_WARMTENET_AANSLUITLEIDING_RETOUR_GVK","0.18","80","82","80","80","252","KL-WARMTENET-SO","0.35","80","82","80","80","252","KL-WARMTENET-SO","0.35","80","82","80","80","252","V-KL-WARMTENET-SO","0.35","80","82","80","80","252","KL-WARMTENET-SO","","","1240","1239","http://digitalbuildingdata.tech/nlcs/def/89d8cd70-b483-4378-9c64-f10e031def1e","http://digitalbuildingdata.tech/nlcs/def/f8eeb936-20c4-4434-9e63-e09ccb8e538e"
"ET_ZHS_HULPSTUK_AANSLUITPUNT","*","_","**","_","KL","_","ET","_","ZHS","_","HULPSTUK","_","AANSLUITPUNT","_","","_","","'-","","'-","G","'-","","","*_**_KL_ET_ZHS_HULPSTUK_AANSLUITPUNT","0.18","10","12","10","10","252","CONTINUOUS","0.35","10","12","10","10","252","CONTINUOUS","0.35","10","12","10","10","252","V-CONTINUOUS-SO","0.35","10","12","10","10","252","CONTINUOUS","","","990","989","http://digitalbuildingdata.tech/nlcs/def/ed650a10-4b79-45a2-b430-d9e1763f0955","http://digitalbuildingdata.tech/nlcs/def/f133abb1-e024-423e-9c19-52a690534e06"
"CV_TRANSPORTLEIDING_GVK_250","*","_","**","_","KL","_","CV","_","TRANSPORTLEIDING","_","GVK","_","250","_","","_","","'-","","'-","G","'-","","","*_**_KL_CV_TRANSPORTLEIDING_GVK_250","0.18","40","42","40","40","40","KL-CV-SO","0.35","40","42","40","40","40","KL-CV-SO","0.35","40","42","40","40","40","V-KL-CV-SO","0.35","40","42","40","40","40","KL-CV-SO","","","690","683","http://digitalbuildingdata.tech/nlcs/def/b3dd8375-ac6f-4423-8a98-0ebbfcea0203","http://digitalbuildingdata.tech/nlcs/def/0b4f218c-508c-4375-9a2b-5f3c8e6abd4f"
"CV_TRANSPORTLEIDING_GVK_1400","*","_","**","_","KL","_","CV","_","TRANSPORTLEIDING","_","GVK","_","1400","_","","_","","'-","","'-","G","'-","","","*_**_KL_CV_TRANSPORTLEIDING_GVK_1400","0.18","40","42","40","40","40","KL-CV-SO","0.35","40","42","40","40","40","KL-CV-SO","0.35","40","42","40","40","40","V-KL-CV-SO","0.35","40","42","40","40","40","KL-CV-SO","","","687","683","http://digitalbuildingdata.tech/nlcs/def/efad6f29-4a41-41ab-9c67-49ed5eaf1d1e","http://digitalbuildingdata.tech/nlcs/def/0b4f218c-508c-4375-9a2b-5f3c8e6abd4f"
"CV_HUISAANSLUITING_STAAL_DN40","*","_","**","_","KL","_","CV","_","HUISAANSLUITING","_","STAAL","_","DN40","_","","_","","'-","","'-","G","'-","","","*_**_KL_CV_HUISAANSLUITING_STAAL_DN40","0.18","40","42","40","40","40","KL-CV-SO","0.35","40","42","40","40","40","KL-CV-SO","0.35","40","42","40","40","40","V-KL-CV-SO","0.35","40","42","40","40","40","KL-CV-SO","","","665","654","http://digitalbuildingdata.tech/nlcs/def/481c0773-4d82-487b-b326-2019b78e712b","http://digitalbuildingdata.tech/nlcs/def/f86add7b-e89c-452e-b937-2369ebfadd60"
"ET_LS_VOEDINGSKABEL_POMP","*","_","**","_","KL","_","ET","_","LS","_","VOEDINGSKABEL","_","POMP","_","","_","","'-","","'-","G","'-","","","*_**_KL_ET_LS_VOEDINGSKABEL_POMP","0.18","190","192","190","190","252","CONTINUOUS","0.35","190","192","190","190","190","CONTINUOUS","0.35","190","192","190","190","190","V-CONTINUOUS-SO","0.35","190","192","190","190","190","CONTINUOUS","","","966","961","http://digitalbuildingdata.tech/nlcs/def/9097f628-4b83-4829-add8-3ab6cfc8e478","http://digitalbuildingdata.tech/nlcs/def/258c13af-5cba-4bc2-87a2-15961088437a"
"ET_AARDING_KABEL_POTENTIAALKABEL","*","_","**","_","KL","_","ET","_","AARDING","_","KABEL","_","POTENTIAALKABEL","_","","_","","'-","","'-","G","'-","","","*_**_KL_ET_AARDING_KABEL_POTENTIAALKABEL","0.18","7","7","7","7","7","KL-AARDING-SO","0.35","7","7","7","7","7","KL-AARDING-SO","0.35","7","7","7","7","7","V-KL-AARDING-SO","0.35","7","7","7","7","7","KL-AARDING-SO","","","855","853","http://digitalbuildingdata.tech/nlcs/def/2204e16c-af4a-4035-b26c-00eb00a7aa18","http://digitalbuildingdata.tech/nlcs/def/044d6ba8-93d1-42db-bfd9-a22b3378f731"
"WATER_BEREGENING_HULPSTUK_DRUKREGELAAR","*","_","**","_","KL","_","WATER","_","BEREGENING","_","HULPSTUK","_","DRUKREGELAAR","_","","_","","'-","","'-","G","'-","","","*_**_KL_WATER_BEREGENING_HULPSTUK_DRUKREGELAAR","0.18","153","153","153","153","252","CONTINUOUS","0.35","153","153","153","153","252","CONTINUOUS","0.35","153","153","153","153","252","V-CONTINUOUS-SO","0.35","153","153","153","153","252","CONTINUOUS","","","1271","1267","http://digitalbuildingdata.tech/nlcs/def/e674bcc9-ec25-4615-a8bf-b615dd84bcd8","http://digitalbuildingdata.tech/nlcs/def/2eea0037-6f11-43c4-906b-0ad8518aab84"
"CV_TRANSPORTLEIDING_GVK_700","*","_","**","_","KL","_","CV","_","TRANSPORTLEIDING","_","GVK","_","700","_","","_","","'-","","'-","G","'-","","","*_**_KL_CV_TRANSPORTLEIDING_GVK_700","0.18","40","42","40","40","40","KL-CV-SO","0.35","40","42","40","40","40","KL-CV-SO","0.35","40","42","40","40","40","V-KL-CV-SO","0.35","40","42","40","40","40","KL-CV-SO","","","697","683","http://digitalbuildingdata.tech/nlcs/def/f1eb3d32-fd14-4256-96ae-ad45dcdd93f5","http://digitalbuildingdata.tech/nlcs/def/0b4f218c-508c-4375-9a2b-5f3c8e6abd4f"
"CV_TRANSPORTLEIDING_GVK_1200","*","_","**","_","KL","_","CV","_","TRANSPORTLEIDING","_","GVK","_","1200","_","","_","","'-","","'-","G","'-","","","*_**_KL_CV_TRANSPORTLEIDING_GVK_1200","0.18","40","42","40","40","40","KL-CV-SO","0.35","40","42","40","40","40","KL-CV-SO","0.35","40","42","40","40","40","V-KL-CV-SO","0.35","40","42","40","40","40","KL-CV-SO","","","686","683","http://digitalbuildingdata.tech/nlcs/def/3e3d1e47-6607-49cd-9e4a-b8f90824aef0","http://digitalbuildingdata.tech/nlcs/def/0b4f218c-508c-4375-9a2b-5f3c8e6abd4f"
"ET_LS_SR_PUT","*","_","**","_","KL","_","ET","_","LS","_","SR","_","PUT","_","","_","","'-","","'-","G","'-","","","*_**_KL_ET_LS_SR_PUT","0.18","190","192","190","190","252","CONTINUOUS","0.35","190","192","190","190","190","CONTINUOUS","0.35","190","192","190","190","190","V-CONTINUOUS-SO","0.35","190","192","190","190","190","CONTINUOUS","","","957","918","http://digitalbuildingdata.tech/nlcs/def/53f4f9a2-150d-4039-8be8-f062221f43a0","http://digitalbuildingdata.tech/nlcs/def/b5208cf7-413b-41f3-b19a-3392c0494ada"
"CV_TRANSPORTLEIDING_STAAL_DN25","*","_","**","_","KL","_","CV","_","TRANSPORTLEIDING","_","STAAL","_","DN25","_","","_","","'-","","'-","G","'-","","","*_**_KL_CV_TRANSPORTLEIDING_STAAL_DN25","0.18","40","42","40","40","40","KL-CV-SO","0.35","40","42","40","40","40","KL-CV-SO","0.35","40","42","40","40","40","V-KL-CV-SO","0.35","40","42","40","40","40","KL-CV-SO","","","707","701","http://digitalbuildingdata.tech/nlcs/def/d9416f07-08f1-4e19-8c26-4a80d78d5d06","http://digitalbuildingdata.tech/nlcs/def/30fb626b-9b47-4fa8-a05e-a215cf02fc7e"
"WATER_BEREGENING_HULPSTUK_AANSLUITPUNT","*","_","**","_","KL","_","WATER","_","BEREGENING","_","HULPSTUK","_","AANSLUITPUNT","_","","_","","'-","","'-","G","'-","","","*_**_KL_WATER_BEREGENING_HULPSTUK_AANSLUITPUNT","0.18","153","153","153","153","252","CONTINUOUS","0.35","153","153","153","153","252","CONTINUOUS","0.35","153","153","153","153","252","V-CONTINUOUS-SO","0.35","153","153","153","153","252","CONTINUOUS","","","1268","1267","http://digitalbuildingdata.tech/nlcs/def/288a1485-10f9-4bcb-94fd-bea6f3872127","http://digitalbuildingdata.tech/nlcs/def/2eea0037-6f11-43c4-906b-0ad8518aab84"
"WATER_BRANDLEIDING_BRANDHYDRANT_ONDERGRONDS","*","_","**","_","KL","_","WATER","_","BRANDLEIDING","_","BRANDHYDRANT","_","ONDERGRONDS","_","","_","","'-","","'-","G","'-","","","*_**_KL_WATER_BRANDLEIDING_BRANDHYDRANT_ONDERGRONDS","0.18","150","152","150","150","252","CONTINUOUS","0.35","150","152","150","150","252","CONTINUOUS","0.35","150","152","150","150","252","V-CONTINUOUS-SO","0.35","150","152","150","150","252","CONTINUOUS","","","1283","1281","http://digitalbuildingdata.tech/nlcs/def/ec8aec69-6cc8-4da3-8669-ffaa390ba8e5","http://digitalbuildingdata.tech/nlcs/def/2f306d29-9af7-413c-abda-d5fc32c1c847"
"WATER_HUISAANSLUITING_PVC_63","*","_","**","_","KL","_","WATER","_","HUISAANSLUITING","_","PVC","_","63","_","","_","","'-","","'-","G","'-","","","*_**_KL_WATER_HUISAANSLUITING_PVC_63","0.18","170","172","170","170","252","KL-WATER-SO","0.35","170","172","170","170","252","KL-WATER-SO","0.35","170","172","170","170","252","V-KL-WATER-SO","0.35","170","172","170","170","252","KL-WATER-SO","","","1345","1340","http://digitalbuildingdata.tech/nlcs/def/e3b8d9e5-c624-463d-aa16-b8edd6f28819","http://digitalbuildingdata.tech/nlcs/def/fc6f9e2e-d35c-464b-954c-044552f365a6"
"WARMTENET_TRANSPORTLEIDING_RETOUR_STAAL","*","_","**","_","KL","_","WARMTENET","_","TRANSPORTLEIDING","_","RETOUR","_","STAAL","_","","_","","'-","","'-","G","'-","","","*_**_KL_WARMTENET_TRANSPORTLEIDING_RETOUR_STAAL","0.18","80","82","80","80","252","KL-WARMTENET-SO","0.35","80","82","80","80","252","KL-WARMTENET-SO","0.35","80","82","80","80","252","V-KL-WARMTENET-SO","0.35","80","82","80","80","252","KL-WARMTENET-SO","","","1263","1259","http://digitalbuildingdata.tech/nlcs/def/9df444bd-2830-4af0-88e2-649371dcbec3","http://digitalbuildingdata.tech/nlcs/def/9e80571e-fee1-4104-b321-a36e2c6fd237"
"WATER_TRANSPORTLEIDING_PE_250","*","_","**","_","KL","_","WATER","_","TRANSPORTLEIDING","_","PE","_","250","_","","_","","'-","","'-","G","'-","","","*_**_KL_WATER_TRANSPORTLEIDING_PE_250","0.18","170","172","170","170","253","KL-WATER-SO","0.35","170","172","170","170","253","KL-WATER-SO","0.35","170","172","170","170","253","V-KL-WATER-SO","0.35","170","172","170","170","253","KL-WATER-SO","","","1370","1366","http://digitalbuildingdata.tech/nlcs/def/7f0924fb-424e-4e86-9e02-758fa338177f","http://digitalbuildingdata.tech/nlcs/def/cefd3184-1920-44fe-ab44-1b654502f590"
"DATA_SIGNAALKABEL_KAST_VERDEELKAST","*","_","**","_","KL","_","DATA","_","SIGNAALKABEL","_","KAST","_","VERDEELKAST","_","","_","","'-","","'-","G","'-","","","*_**_KL_DATA_SIGNAALKABEL_KAST_VERDEELKAST","0.18","90","92","90","90","90","KL-SIGNAALKABEL-SO","0.35","90","92","90","90","90","KL-SIGNAALKABEL-SO","0.35","90","92","90","90","90","V-KL-SIGNAALKABEL-SO","0.35","90","92","90","90","90","KL-SIGNAALKABEL-SO","","","798","795","http://digitalbuildingdata.tech/nlcs/def/089712a1-2c4d-4fe8-ab43-f34ab2caa25e","http://digitalbuildingdata.tech/nlcs/def/1c38c41c-d481-4b52-b53c-570cd916b096"
"DATA_DEFENSIE_HULPSTUK_AANSLUITPUNT","*","_","**","_","KL","_","DATA","_","DEFENSIE","_","HULPSTUK","_","AANSLUITPUNT","_","","_","","'-","","'-","G","'-","","","*_**_KL_DATA_DEFENSIE_HULPSTUK_AANSLUITPUNT","0.18","90","92","90","90","90","CONTINUOUS","0.35","90","92","90","90","90","CONTINUOUS","0.35","90","92","90","90","90","V-CONTINUOUS-SO","0.35","90","92","90","90","90","CONTINUOUS","","","740","739","http://digitalbuildingdata.tech/nlcs/def/f10c7a19-9dbf-4430-9e87-03961d11f776","http://digitalbuildingdata.tech/nlcs/def/9a16e446-aaf7-48a3-9f61-97fbb8c73217"
"KOUDENET_AANSLUITLEIDING_AANVOER_GVK","*","_","**","_","KL","_","KOUDENET","_","AANSLUITLEIDING","_","AANVOER","_","GVK","_","","_","","'-","","'-","G","'-","","","*_**_KL_KOUDENET_AANSLUITLEIDING_AANVOER_GVK","0.18","130","132","130","130","252","KL-KOUDENET-SO","0.35","130","132","130","130","252","KL-KOUDENET-SO","0.35","130","132","130","130","252","V-KL-KOUDENET-SO","0.35","130","132","130","130","252","KL-KOUDENET-SO","","","1186","1185","http://digitalbuildingdata.tech/nlcs/def/96a74a6c-daca-42c0-ba8d-8b19e5acf87a","http://digitalbuildingdata.tech/nlcs/def/96132ae8-5433-4104-8a0e-fdfc420c7272"
"DATA_DEFENSIE_KAST_PUTKAST","*","_","**","_","KL","_","DATA","_","DEFENSIE","_","KAST","_","PUTKAST","_","","_","","'-","","'-","G","'-","","","*_**_KL_DATA_DEFENSIE_KAST_PUTKAST","0.18","90","92","90","90","90","CONTINUOUS","0.35","90","92","90","90","90","CONTINUOUS","0.35","90","92","90","90","90","V-CONTINUOUS-SO","0.35","90","92","90","90","90","CONTINUOUS","","","745","743","http://digitalbuildingdata.tech/nlcs/def/e371cb3a-1051-4df9-b4ba-c195c726c0af","http://digitalbuildingdata.tech/nlcs/def/966bc2b8-d319-4d60-bc3d-4b1f2c943b75"
"DATA_GLASVEZEL_KAST_PUTKAST","*","_","**","_","KL","_","DATA","_","GLASVEZEL","_","KAST","_","PUTKAST","_","","_","","'-","","'-","G","'-","","","*_**_KL_DATA_GLASVEZEL_KAST_PUTKAST","0.18","90","92","90","90","90","CONTINUOUS","0.35","90","92","90","90","90","CONTINUOUS","0.35","90","92","90","90","90","V-CONTINUOUS-SO","0.35","90","92","90","90","90","CONTINUOUS","","","757","755","http://digitalbuildingdata.tech/nlcs/def/1acc08c7-563d-472c-947a-adfdc5de5d37","http://digitalbuildingdata.tech/nlcs/def/13cc56ad-bc1d-4cb2-a262-9293b91459f3"
"CV_TRANSPORTLEIDING_GVK_750","*","_","**","_","KL","_","CV","_","TRANSPORTLEIDING","_","GVK","_","750","_","","_","","'-","","'-","G","'-","","","*_**_KL_CV_TRANSPORTLEIDING_GVK_750","0.18","40","42","40","40","40","KL-CV-SO","0.35","40","42","40","40","40","KL-CV-SO","0.35","40","42","40","40","40","V-KL-CV-SO","0.35","40","42","40","40","40","KL-CV-SO","","","698","683","http://digitalbuildingdata.tech/nlcs/def/15dc4ce5-f5b3-4fb5-9a2a-5f0bf2d4a4f4","http://digitalbuildingdata.tech/nlcs/def/0b4f218c-508c-4375-9a2b-5f3c8e6abd4f"
"ET_LS_SR_BORD","*","_","**","_","KL","_","ET","_","LS","_","SR","_","BORD","_","","_","","'-","","'-","G","'-","","","*_**_KL_ET_LS_SR_BORD","0.18","190","192","190","190","252","CONTINUOUS","0.35","190","192","190","190","190","CONTINUOUS","0.35","190","192","190","190","190","V-CONTINUOUS-SO","0.35","190","192","190","190","190","CONTINUOUS","","","944","918","http://digitalbuildingdata.tech/nlcs/def/3ee7f279-aeac-4579-b34d-cf999dc9275c","http://digitalbuildingdata.tech/nlcs/def/b5208cf7-413b-41f3-b19a-3392c0494ada"
"ET_HS_HULPSTUK_MOF","*","_","**","_","KL","_","ET","_","HS","_","HULPSTUK","_","MOF","_","","_","","'-","","'-","G","'-","","","*_**_KL_ET_HS_HULPSTUK_MOF","0.18","10","12","10","10","10","CONTINUOUS","0.35","10","12","10","10","10","CONTINUOUS","0.35","10","12","10","10","10","V-CONTINUOUS-SO","0.35","10","12","10","10","10","CONTINUOUS","","","868","866","http://digitalbuildingdata.tech/nlcs/def/4f473e55-c962-48c2-8045-4b2af1b4e77a","http://digitalbuildingdata.tech/nlcs/def/4a353c9f-8d2c-4271-b35c-98a069d4b7c1"
"GAS_LD_HOOFDLEIDING_30 MBAR","*","_","**","_","KL","_","GAS","_","LD","_","HOOFDLEIDING","_","30 MBAR","_","","_","","'-","","'-","G","'-","","","*_**_KL_GAS_LD_HOOFDLEIDING_30 MBAR","0.18","50","52","50","50","252","KL-GAS_LD-SO","0.35","50","52","50","50","252","KL-GAS_LD-SO","0.35","50","52","50","50","252","V-KL-GAS_LD-SO","0.35","50","52","50","50","252","KL-GAS_LD-SO","","","1159","1143","http://digitalbuildingdata.tech/nlcs/def/f06c1bd4-b7bc-41f3-8234-35c82a8b1e91","http://digitalbuildingdata.tech/nlcs/def/4e3baa49-9ddc-416d-9ad4-66097fe8a0c0"
"CV_TRANSPORTLEIDING_GVK_400","*","_","**","_","KL","_","CV","_","TRANSPORTLEIDING","_","GVK","_","400","_","","_","","'-","","'-","G","'-","","","*_**_KL_CV_TRANSPORTLEIDING_GVK_400","0.18","40","42","40","40","40","KL-CV-SO","0.35","40","42","40","40","40","KL-CV-SO","0.35","40","42","40","40","40","V-KL-CV-SO","0.35","40","42","40","40","40","KL-CV-SO","","","693","683","http://digitalbuildingdata.tech/nlcs/def/2ab5635e-f69c-4a4f-ad1e-02fd35e5ce21","http://digitalbuildingdata.tech/nlcs/def/0b4f218c-508c-4375-9a2b-5f3c8e6abd4f"
"WATER_HUISAANSLUITING_PVC_40","*","_","**","_","KL","_","WATER","_","HUISAANSLUITING","_","PVC","_","40","_","","_","","'-","","'-","G","'-","","","*_**_KL_WATER_HUISAANSLUITING_PVC_40","0.18","170","172","170","170","252","KL-WATER-SO","0.35","170","172","170","170","252","KL-WATER-SO","0.35","170","172","170","170","252","V-KL-WATER-SO","0.35","170","172","170","170","252","KL-WATER-SO","","","1343","1340","http://digitalbuildingdata.tech/nlcs/def/e63d5b0c-7b9f-4645-9cd3-4f83fb865f15","http://digitalbuildingdata.tech/nlcs/def/fc6f9e2e-d35c-464b-954c-044552f365a6"
"CV_TRANSPORTLEIDING_STAAL_DN300","*","_","**","_","KL","_","CV","_","TRANSPORTLEIDING","_","STAAL","_","DN300","_","","_","","'-","","'-","G","'-","","","*_**_KL_CV_TRANSPORTLEIDING_STAAL_DN300","0.18","40","42","40","40","40","KL-CV-SO","0.35","40","42","40","40","40","KL-CV-SO","0.35","40","42","40","40","40","V-KL-CV-SO","0.35","40","42","40","40","40","KL-CV-SO","","","709","701","http://digitalbuildingdata.tech/nlcs/def/1a01a063-83cd-46cd-b060-9d92ddd91ae3","http://digitalbuildingdata.tech/nlcs/def/30fb626b-9b47-4fa8-a05e-a215cf02fc7e"
"DATA_STUURKABEL_HULPSTUK_MOF","*","_","**","_","KL","_","DATA","_","STUURKABEL","_","HULPSTUK","_","MOF","_","","_","","'-","","'-","G","'-","","","*_**_KL_DATA_STUURKABEL_HULPSTUK_MOF","0.18","90","92","90","90","90","CONTINUOUS","0.35","90","92","90","90","90","CONTINUOUS","0.35","90","92","90","90","90","V-CONTINUOUS-SO","0.35","90","92","90","90","90","CONTINUOUS","","","805","803","http://digitalbuildingdata.tech/nlcs/def/a7b6062a-4aab-4e77-8574-46d0f3775b16","http://digitalbuildingdata.tech/nlcs/def/4b2e20fc-833d-4f40-96da-e1a0b7c725e1"
"DATA_CAI_HULPSTUK_MOF","*","_","**","_","KL","_","DATA","_","CAI","_","HULPSTUK","_","MOF","_","","_","","'-","","'-","G","'-","","","*_**_KL_DATA_CAI_HULPSTUK_MOF","0.18","90","92","90","90","90","CONTINUOUS","0.35","90","92","90","90","90","CONTINUOUS","0.35","90","92","90","90","90","V-CONTINUOUS-SO","0.35","90","92","90","90","90","CONTINUOUS","","","727","725","http://digitalbuildingdata.tech/nlcs/def/01edd32c-7b9f-450c-845c-b9260f578a33","http://digitalbuildingdata.tech/nlcs/def/a66df8db-0de4-4663-847f-0d9f3481f75f"
"ET_MS_HULPSTUK_AANSLUITPUNT","*","_","**","_","KL","_","ET","_","MS","_","HULPSTUK","_","AANSLUITPUNT","_","","_","","'-","","'-","G","'-","","","*_**_KL_ET_MS_HULPSTUK_AANSLUITPUNT","0.18","130","132","130","130","252","CONTINUOUS","0.35","130","132","130","130","252","CONTINUOUS","0.35","130","132","130","130","252","V-CONTINUOUS-SO","0.35","130","132","130","130","252","CONTINUOUS","","","978","977","http://digitalbuildingdata.tech/nlcs/def/4720faee-ef63-493f-a017-62cf88f12af6","http://digitalbuildingdata.tech/nlcs/def/43195a1e-2a0c-41e8-a05b-f7f74733e174"
"CV_HUISAANSLUITING_STAAL_DN20","*","_","**","_","KL","_","CV","_","HUISAANSLUITING","_","STAAL","_","DN20","_","","_","","'-","","'-","G","'-","","","*_**_KL_CV_HUISAANSLUITING_STAAL_DN20","0.18","40","42","40","40","40","KL-CV-SO","0.35","40","42","40","40","40","KL-CV-SO","0.35","40","42","40","40","40","V-KL-CV-SO","0.35","40","42","40","40","40","KL-CV-SO","","","658","654","http://digitalbuildingdata.tech/nlcs/def/72767097-3576-4160-ae60-358a7ed4775b","http://digitalbuildingdata.tech/nlcs/def/f86add7b-e89c-452e-b937-2369ebfadd60"
"CV_TRANSPORTLEIDING_STAAL_DN80","*","_","**","_","KL","_","CV","_","TRANSPORTLEIDING","_","STAAL","_","DN80","_","","_","","'-","","'-","G","'-","","","*_**_KL_CV_TRANSPORTLEIDING_STAAL_DN80","0.18","40","42","40","40","40","KL-CV-SO","0.35","40","42","40","40","40","KL-CV-SO","0.35","40","42","40","40","40","V-KL-CV-SO","0.35","40","42","40","40","40","KL-CV-SO","","","719","701","http://digitalbuildingdata.tech/nlcs/def/39e2ff5f-f28f-4511-b814-f628bf2ce637","http://digitalbuildingdata.tech/nlcs/def/30fb626b-9b47-4fa8-a05e-a215cf02fc7e"
"ET_LS_SR_MANTELBUIS","*","_","**","_","KL","_","ET","_","LS","_","SR","_","MANTELBUIS","_","","_","","'-","","'-","G","'-","","","*_**_KL_ET_LS_SR_MANTELBUIS","0.18","190","192","190","190","252","CONTINUOUS","0.35","190","192","190","190","190","CONTINUOUS","0.35","190","192","190","190","190","V-CONTINUOUS-SO","0.35","190","192","190","190","190","CONTINUOUS","","","955","918","http://digitalbuildingdata.tech/nlcs/def/4a1326bd-3ea8-41ab-a2ea-9fe41756697d","http://digitalbuildingdata.tech/nlcs/def/b5208cf7-413b-41f3-b19a-3392c0494ada"
"KOUDENET_TRANSPORTLEIDING_AANVOER_PE","*","_","**","_","KL","_","KOUDENET","_","TRANSPORTLEIDING","_","AANVOER","_","PE","_","","_","","'-","","'-","G","'-","","","*_**_KL_KOUDENET_TRANSPORTLEIDING_AANVOER_PE","0.18","130","132","130","130","252","KL-KOUDENET-SO","0.35","130","132","130","130","252","KL-KOUDENET-SO","0.35","130","132","130","130","252","V-KL-KOUDENET-SO","0.35","130","132","130","130","252","KL-KOUDENET-SO","","","1207","1205","http://digitalbuildingdata.tech/nlcs/def/d212a5eb-b67b-4570-9afc-83d2f46bdac8","http://digitalbuildingdata.tech/nlcs/def/58d10126-3943-4e87-a7e2-ce6fb020c5e3"
"CV_TRANSPORTLEIDING_GVK_300","*","_","**","_","KL","_","CV","_","TRANSPORTLEIDING","_","GVK","_","300","_","","_","","'-","","'-","G","'-","","","*_**_KL_CV_TRANSPORTLEIDING_GVK_300","0.18","40","42","40","40","40","KL-CV-SO","0.35","40","42","40","40","40","KL-CV-SO","0.35","40","42","40","40","40","V-KL-CV-SO","0.35","40","42","40","40","40","KL-CV-SO","","","691","683","http://digitalbuildingdata.tech/nlcs/def/42cb1785-3e5a-49de-9386-aea34f3c51b8","http://digitalbuildingdata.tech/nlcs/def/0b4f218c-508c-4375-9a2b-5f3c8e6abd4f"
"DATA_CAI_KOPER_COAX3","*","_","**","_","KL","_","DATA","_","CAI","_","KOPER","_","COAX3","_","","_","","'-","","'-","G","'-","","","*_**_KL_DATA_CAI_KOPER_COAX3","0.18","90","92","90","90","90","KL-CAI-SO","0.35","90","92","90","90","90","KL-CAI-SO","0.35","90","92","90","90","90","V-KL-CAI-SO","0.35","90","92","90","90","90","KL-CAI-SO","","","734","733","http://digitalbuildingdata.tech/nlcs/def/1d8425b7-4c27-4a44-a1cf-5281d209a6a3","http://digitalbuildingdata.tech/nlcs/def/e8d7b935-f9bf-424d-853d-e956811c852e"
"ET_LS_SR_TRAFO","*","_","**","_","KL","_","ET","_","LS","_","SR","_","TRAFO","_","","_","","'-","","'-","G","'-","","","*_**_KL_ET_LS_SR_TRAFO","0.18","190","192","190","190","252","CONTINUOUS","0.35","190","192","190","190","190","CONTINUOUS","0.35","190","192","190","190","190","V-CONTINUOUS-SO","0.35","190","192","190","190","190","CONTINUOUS","","","958","918","http://digitalbuildingdata.tech/nlcs/def/18ecb250-56c7-4cc8-bfa1-22182588727d","http://digitalbuildingdata.tech/nlcs/def/b5208cf7-413b-41f3-b19a-3392c0494ada"
"CV_HUISAANSLUITING_STAAL_DN80","*","_","**","_","KL","_","CV","_","HUISAANSLUITING","_","STAAL","_","DN80","_","","_","","'-","","'-","G","'-","","","*_**_KL_CV_HUISAANSLUITING_STAAL_DN80","0.18","40","42","40","40","40","KL-CV-SO","0.35","40","42","40","40","40","KL-CV-SO","0.35","40","42","40","40","40","V-KL-CV-SO","0.35","40","42","40","40","40","KL-CV-SO","","","672","654","http://digitalbuildingdata.tech/nlcs/def/be3cd51c-7ef0-4a9a-bb6b-e4d108077e79","http://digitalbuildingdata.tech/nlcs/def/f86add7b-e89c-452e-b937-2369ebfadd60"
"WARMTENET_AANSLUITLEIDING_RETOUR_PVC","*","_","**","_","KL","_","WARMTENET","_","AANSLUITLEIDING","_","RETOUR","_","PVC","_","","_","","'-","","'-","G","'-","","","*_**_KL_WARMTENET_AANSLUITLEIDING_RETOUR_PVC","0.18","80","82","80","80","252","KL-WARMTENET-SO","0.35","80","82","80","80","252","KL-WARMTENET-SO","0.35","80","82","80","80","252","V-KL-WARMTENET-SO","0.35","80","82","80","80","252","KL-WARMTENET-SO","","","1242","1239","http://digitalbuildingdata.tech/nlcs/def/52d16808-0b96-4f8e-a3ec-cf9a87bfde1e","http://digitalbuildingdata.tech/nlcs/def/f8eeb936-20c4-4434-9e63-e09ccb8e538e"
"ET_AARDING_BLIKSEMAFLEIDER_VANGMAST","*","_","**","_","KL","_","ET","_","AARDING","_","BLIKSEMAFLEIDER","_","VANGMAST","_","","_","","'-","","'-","G","'-","","","*_**_KL_ET_AARDING_BLIKSEMAFLEIDER_VANGMAST","0.18","7","7","7","7","7","CONTINUOUS","0.35","7","7","7","7","7","CONTINUOUS","0.35","7","7","7","7","7","V-CONTINUOUS-SO","0.35","7","7","7","7","7","CONTINUOUS","","","847","844","http://digitalbuildingdata.tech/nlcs/def/2d529b67-b76a-41e6-b8c4-e07373ff1549","http://digitalbuildingdata.tech/nlcs/def/f32e4678-9b1d-4f93-86f9-e393e632d028"
"WARMTENET_TRANSPORTLEIDING_RETOUR_GVK","*","_","**","_","KL","_","WARMTENET","_","TRANSPORTLEIDING","_","RETOUR","_","GVK","_","","_","","'-","","'-","G","'-","","","*_**_KL_WARMTENET_TRANSPORTLEIDING_RETOUR_GVK","0.18","80","82","80","80","252","KL-WARMTENET-SO","0.35","80","82","80","80","252","KL-WARMTENET-SO","0.35","80","82","80","80","252","V-KL-WARMTENET-SO","0.35","80","82","80","80","252","KL-WARMTENET-SO","","","1260","1259","http://digitalbuildingdata.tech/nlcs/def/0a6d0008-9619-4978-a00b-9211e1bc0f58","http://digitalbuildingdata.tech/nlcs/def/9e80571e-fee1-4104-b321-a36e2c6fd237"
"KOUDENET_TRANSPORTLEIDING_AANVOER_PVC","*","_","**","_","KL","_","KOUDENET","_","TRANSPORTLEIDING","_","AANVOER","_","PVC","_","","_","","'-","","'-","G","'-","","","*_**_KL_KOUDENET_TRANSPORTLEIDING_AANVOER_PVC","0.18","130","132","130","130","252","KL-KOUDENET-SO","0.35","130","132","130","130","252","KL-KOUDENET-SO","0.35","130","132","130","130","252","V-KL-KOUDENET-SO","0.35","130","132","130","130","252","KL-KOUDENET-SO","","","1208","1205","http://digitalbuildingdata.tech/nlcs/def/e9f0df74-86da-4f46-b8ac-6a486149eb8b","http://digitalbuildingdata.tech/nlcs/def/58d10126-3943-4e87-a7e2-ce6fb020c5e3"
"ET_LS_SR_HULPSTUK","*","_","**","_","KL","_","ET","_","LS","_","SR","_","HULPSTUK","_","","_","","'-","","'-","G","'-","","","*_**_KL_ET_LS_SR_HULPSTUK","0.18","190","192","190","190","252","CONTINUOUS","0.35","190","192","190","190","190","CONTINUOUS","0.35","190","192","190","190","190","V-CONTINUOUS-SO","0.35","190","192","190","190","190","CONTINUOUS","","","949","918","http://digitalbuildingdata.tech/nlcs/def/15bcd19f-080f-4387-b0f6-9576b5c3db15","http://digitalbuildingdata.tech/nlcs/def/b5208cf7-413b-41f3-b19a-3392c0494ada"
"KOUDENET_TRANSPORTLEIDING_RETOUR_PE","*","_","**","_","KL","_","KOUDENET","_","TRANSPORTLEIDING","_","RETOUR","_","PE","_","","_","","'-","","'-","G","'-","","","*_**_KL_KOUDENET_TRANSPORTLEIDING_RETOUR_PE","0.18","130","132","130","130","252","KL-KOUDENET-SO","0.35","130","132","130","130","252","KL-KOUDENET-SO","0.35","130","132","130","130","252","V-KL-KOUDENET-SO","0.35","130","132","130","130","252","KL-KOUDENET-SO","","","1212","1210","http://digitalbuildingdata.tech/nlcs/def/75317d65-1590-4e91-9331-f3c09d5e87e4","http://digitalbuildingdata.tech/nlcs/def/f581e61d-fde4-4b69-bae7-56b1e834a802"
"CV_TRANSPORTLEIDING_GVK_350","*","_","**","_","KL","_","CV","_","TRANSPORTLEIDING","_","GVK","_","350","_","","_","","'-","","'-","G","'-","","","*_**_KL_CV_TRANSPORTLEIDING_GVK_350","0.18","40","42","40","40","40","KL-CV-SO","0.35","40","42","40","40","40","KL-CV-SO","0.35","40","42","40","40","40","V-KL-CV-SO","0.35","40","42","40","40","40","KL-CV-SO","","","692","683","http://digitalbuildingdata.tech/nlcs/def/bd0a903e-a59c-473c-97db-9b380d4605f1","http://digitalbuildingdata.tech/nlcs/def/0b4f218c-508c-4375-9a2b-5f3c8e6abd4f"
"CV_TRANSPORTLEIDING_STAAL_DN350","*","_","**","_","KL","_","CV","_","TRANSPORTLEIDING","_","STAAL","_","DN350","_","","_","","'-","","'-","G","'-","","","*_**_KL_CV_TRANSPORTLEIDING_STAAL_DN350","0.18","40","42","40","40","40","KL-CV-SO","0.35","40","42","40","40","40","KL-CV-SO","0.35","40","42","40","40","40","V-KL-CV-SO","0.35","40","42","40","40","40","KL-CV-SO","","","711","701","http://digitalbuildingdata.tech/nlcs/def/0b9b7a40-4896-4613-be91-cd77148d56ad","http://digitalbuildingdata.tech/nlcs/def/30fb626b-9b47-4fa8-a05e-a215cf02fc7e"
"CV_TRANSPORTLEIDING_GVK_150","*","_","**","_","KL","_","CV","_","TRANSPORTLEIDING","_","GVK","_","150","_","","_","","'-","","'-","G","'-","","","*_**_KL_CV_TRANSPORTLEIDING_GVK_150","0.18","40","42","40","40","40","KL-CV-SO","0.35","40","42","40","40","40","KL-CV-SO","0.35","40","42","40","40","40","V-KL-CV-SO","0.35","40","42","40","40","40","KL-CV-SO","","","688","683","http://digitalbuildingdata.tech/nlcs/def/1f6309aa-5203-4daa-b9c7-db993606c7e4","http://digitalbuildingdata.tech/nlcs/def/0b4f218c-508c-4375-9a2b-5f3c8e6abd4f"
"WATER_TRANSPORTLEIDING_PE_125","*","_","**","_","KL","_","WATER","_","TRANSPORTLEIDING","_","PE","_","125","_","","_","","'-","","'-","G","'-","","","*_**_KL_WATER_TRANSPORTLEIDING_PE_125","0.18","170","172","170","170","253","KL-WATER-SO","0.35","170","172","170","170","253","KL-WATER-SO","0.35","170","172","170","170","253","V-KL-WATER-SO","0.35","170","172","170","170","253","KL-WATER-SO","","","1368","1366","http://digitalbuildingdata.tech/nlcs/def/629cba7c-ca8f-4830-8c8d-095220030441","http://digitalbuildingdata.tech/nlcs/def/cefd3184-1920-44fe-ab44-1b654502f590"
"DATA_CAI_HULPSTUK_AANSLUITPUNT","*","_","**","_","KL","_","DATA","_","CAI","_","HULPSTUK","_","AANSLUITPUNT","_","","_","","'-","","'-","G","'-","","","*_**_KL_DATA_CAI_HULPSTUK_AANSLUITPUNT","0.18","90","92","90","90","90","CONTINUOUS","0.35","90","92","90","90","90","CONTINUOUS","0.35","90","92","90","90","90","V-CONTINUOUS-SO","0.35","90","92","90","90","90","CONTINUOUS","","","726","725","http://digitalbuildingdata.tech/nlcs/def/16997b35-de92-48c5-87e6-36ef7d0b7b50","http://digitalbuildingdata.tech/nlcs/def/a66df8db-0de4-4663-847f-0d9f3481f75f"
"ET_AARDING_KAST_VERDEELKAST","*","_","**","_","KL","_","ET","_","AARDING","_","KAST","_","VERDEELKAST","_","","_","","'-","","'-","G","'-","","","*_**_KL_ET_AARDING_KAST_VERDEELKAST","0.18","7","7","7","7","7","CONTINUOUS","0.35","7","7","7","7","7","CONTINUOUS","0.35","7","7","7","7","7","V-CONTINUOUS-SO","0.35","7","7","7","7","7","CONTINUOUS","","","858","857","http://digitalbuildingdata.tech/nlcs/def/b965e759-bf80-4b89-b815-d0a49e89a5cb","http://digitalbuildingdata.tech/nlcs/def/473d56df-6a44-4906-ab9b-f021239dc0f6"
"CV_HUISAANSLUITING_GVK_40","*","_","**","_","KL","_","CV","_","HUISAANSLUITING","_","GVK","_","40","_","","_","","'-","","'-","G","'-","","","*_**_KL_CV_HUISAANSLUITING_GVK_40","0.18","40","42","40","40","40","KL-CV-SO","0.35","40","42","40","40","40","KL-CV-SO","0.35","40","42","40","40","40","V-KL-CV-SO","0.35","40","42","40","40","40","KL-CV-SO","","","651","647","http://digitalbuildingdata.tech/nlcs/def/c5b3d054-bb7d-45b7-9bdc-dfba3652ad80","http://digitalbuildingdata.tech/nlcs/def/0974872c-0b7d-445c-972a-908063666b91"
"DATA_STUURKABEL_HULPSTUK_AANSLUITPUNT","*","_","**","_","KL","_","DATA","_","STUURKABEL","_","HULPSTUK","_","AANSLUITPUNT","_","","_","","'-","","'-","G","'-","","","*_**_KL_DATA_STUURKABEL_HULPSTUK_AANSLUITPUNT","0.18","90","92","90","90","90","CONTINUOUS","0.35","90","92","90","90","90","CONTINUOUS","0.35","90","92","90","90","90","V-CONTINUOUS-SO","0.35","90","92","90","90","90","CONTINUOUS","","","804","803","http://digitalbuildingdata.tech/nlcs/def/af44fe47-1101-477d-83dc-413695f914d5","http://digitalbuildingdata.tech/nlcs/def/4b2e20fc-833d-4f40-96da-e1a0b7c725e1"
"CV_TRANSPORTLEIDING_STAAL_DN500","*","_","**","_","KL","_","CV","_","TRANSPORTLEIDING","_","STAAL","_","DN500","_","","_","","'-","","'-","G","'-","","","*_**_KL_CV_TRANSPORTLEIDING_STAAL_DN500","0.18","40","42","40","40","40","KL-CV-SO","0.35","40","42","40","40","40","KL-CV-SO","0.35","40","42","40","40","40","V-KL-CV-SO","0.35","40","42","40","40","40","KL-CV-SO","","","716","701","http://digitalbuildingdata.tech/nlcs/def/a3a24197-4db0-438a-a2ac-66eeb0f66fc3","http://digitalbuildingdata.tech/nlcs/def/30fb626b-9b47-4fa8-a05e-a215cf02fc7e"
"KOUDENET_AANSLUITLEIDING_RETOUR_PVC","*","_","**","_","KL","_","KOUDENET","_","AANSLUITLEIDING","_","RETOUR","_","PVC","_","","_","","'-","","'-","G","'-","","","*_**_KL_KOUDENET_AANSLUITLEIDING_RETOUR_PVC","0.18","130","132","130","130","252","KL-KOUDENET-SO","0.35","130","132","130","130","252","KL-KOUDENET-SO","0.35","130","132","130","130","252","V-KL-KOUDENET-SO","0.35","130","132","130","130","252","KL-KOUDENET-SO","","","1193","1190","http://digitalbuildingdata.tech/nlcs/def/6fe51eb9-dcbf-467a-b96b-779ea739db0a","http://digitalbuildingdata.tech/nlcs/def/1676470f-3e6e-415f-bada-ed4f38d0f224"
"WARMTENET_TRANSPORTLEIDING_AANVOER_STAAL","*","_","**","_","KL","_","WARMTENET","_","TRANSPORTLEIDING","_","AANVOER","_","STAAL","_","","_","","'-","","'-","G","'-","","","*_**_KL_WARMTENET_TRANSPORTLEIDING_AANVOER_STAAL","0.18","80","82","80","80","252","KL-WARMTENET-SO","0.35","80","82","80","80","252","KL-WARMTENET-SO","0.35","80","82","80","80","252","V-KL-WARMTENET-SO","0.35","80","82","80","80","252","KL-WARMTENET-SO","","","1258","1254","http://digitalbuildingdata.tech/nlcs/def/f561be75-7adb-4302-af8e-75dbc2e1eff9","http://digitalbuildingdata.tech/nlcs/def/04424bf5-a676-4344-aba3-fd51d591cf14"
"CV_HUISAANSLUITING_STAAL_DN65","*","_","**","_","KL","_","CV","_","HUISAANSLUITING","_","STAAL","_","DN65","_","","_","","'-","","'-","G","'-","","","*_**_KL_CV_HUISAANSLUITING_STAAL_DN65","0.18","40","42","40","40","40","KL-CV-SO","0.35","40","42","40","40","40","KL-CV-SO","0.35","40","42","40","40","40","V-KL-CV-SO","0.35","40","42","40","40","40","KL-CV-SO","","","671","654","http://digitalbuildingdata.tech/nlcs/def/a5b5485a-87bc-47b4-959f-52f2a23ba7e5","http://digitalbuildingdata.tech/nlcs/def/f86add7b-e89c-452e-b937-2369ebfadd60"
"WATER_BRANDLEIDING_HULPSTUK_WATERMETER","*","_","**","_","KL","_","WATER","_","BRANDLEIDING","_","HULPSTUK","_","WATERMETER","_","","_","","'-","","'-","G","'-","","","*_**_KL_WATER_BRANDLEIDING_HULPSTUK_WATERMETER","0.18","150","152","150","150","252","CONTINUOUS","0.35","150","152","150","150","252","CONTINUOUS","0.35","150","152","150","150","252","V-CONTINUOUS-SO","0.35","150","152","150","150","252","CONTINUOUS","","","1308","1301","http://digitalbuildingdata.tech/nlcs/def/8934fe8d-95f2-469d-8972-e6ad8721305c","http://digitalbuildingdata.tech/nlcs/def/f464261d-1bb3-4684-a87c-591a072fecce"
"GAS_HD_AANSLUITLEIDING_40 BAR","*","_","**","_","KL","_","GAS","_","HD","_","AANSLUITLEIDING","_","40 BAR","_","","_","","'-","","'-","G","'-","","","*_**_KL_GAS_HD_AANSLUITLEIDING_40 BAR","0.18","30","32","30","30","252","KL-GAS_HD-SO","0.35","30","32","30","30","252","KL-GAS_HD-SO","0.35","30","32","30","30","252","V-KL-GAS_HD-SO","0.35","30","32","30","30","252","KL-GAS_HD-SO","","","1035","1000","http://digitalbuildingdata.tech/nlcs/def/0ad572f1-5984-43d6-aaf4-66c238aabedc","http://digitalbuildingdata.tech/nlcs/def/53142567-6900-40fe-9f50-7a265b4c8705"
"CV_HUISAANSLUITING_STAAL_DN25","*","_","**","_","KL","_","CV","_","HUISAANSLUITING","_","STAAL","_","DN25","_","","_","","'-","","'-","G","'-","","","*_**_KL_CV_HUISAANSLUITING_STAAL_DN25","0.18","40","42","40","40","40","KL-CV-SO","0.35","40","42","40","40","40","KL-CV-SO","0.35","40","42","40","40","40","V-KL-CV-SO","0.35","40","42","40","40","40","KL-CV-SO","","","660","654","http://digitalbuildingdata.tech/nlcs/def/6d381d5b-8f62-4e9d-baf4-b226c482f666","http://digitalbuildingdata.tech/nlcs/def/f86add7b-e89c-452e-b937-2369ebfadd60"
"DATA_WAN_KAST_PUTKAST","*","_","**","_","KL","_","DATA","_","WAN","_","KAST","_","PUTKAST","_","","_","","'-","","'-","G","'-","","","*_**_KL_DATA_WAN_KAST_PUTKAST","0.18","90","92","90","90","90","CONTINUOUS","0.35","90","92","90","90","90","CONTINUOUS","0.35","90","92","90","90","90","V-CONTINUOUS-SO","0.35","90","92","90","90","90","CONTINUOUS","","","835","833","http://digitalbuildingdata.tech/nlcs/def/0d0a36aa-9cae-4559-ad70-cdac80e8afdf","http://digitalbuildingdata.tech/nlcs/def/a81b3999-72a6-467c-a3f6-301cd5712d53"
"DATA_TELECOM_KAST_VERDEELKAST","*","_","**","_","KL","_","DATA","_","TELECOM","_","KAST","_","VERDEELKAST","_","","_","","'-","","'-","G","'-","","","*_**_KL_DATA_TELECOM_KAST_VERDEELKAST","0.18","90","92","90","90","90","CONTINUOUS","0.35","90","92","90","90","90","CONTINUOUS","0.35","90","92","90","90","90","V-CONTINUOUS-SO","0.35","90","92","90","90","90","CONTINUOUS","","","823","820","http://digitalbuildingdata.tech/nlcs/def/7b545f62-da70-400d-af0d-89a7140364e9","http://digitalbuildingdata.tech/nlcs/def/46bb7e6f-043c-4e0f-ba9c-9085afde5e27"
"WATER_TRANSPORTLEIDING_PVC_250","*","_","**","_","KL","_","WATER","_","TRANSPORTLEIDING","_","PVC","_","250","_","","_","","'-","","'-","G","'-","","","*_**_KL_WATER_TRANSPORTLEIDING_PVC_250","0.18","170","172","170","170","253","KL-WATER-SO","0.35","170","172","170","170","253","KL-WATER-SO","0.35","170","172","170","170","253","V-KL-WATER-SO","0.35","170","172","170","170","253","KL-WATER-SO","","","1379","1375","http://digitalbuildingdata.tech/nlcs/def/d7ef9a80-0466-4e32-95b8-672d8c820d03","http://digitalbuildingdata.tech/nlcs/def/735c8394-c143-4473-8c83-cd18313a3514"
"WATER_HUISAANSLUITING_PVC_50","*","_","**","_","KL","_","WATER","_","HUISAANSLUITING","_","PVC","_","50","_","","_","","'-","","'-","G","'-","","","*_**_KL_WATER_HUISAANSLUITING_PVC_50","0.18","170","172","170","170","252","KL-WATER-SO","0.35","170","172","170","170","252","KL-WATER-SO","0.35","170","172","170","170","252","V-KL-WATER-SO","0.35","170","172","170","170","252","KL-WATER-SO","","","1344","1340","http://digitalbuildingdata.tech/nlcs/def/80aaab70-8ea7-453c-ad42-6ddb9a757198","http://digitalbuildingdata.tech/nlcs/def/fc6f9e2e-d35c-464b-954c-044552f365a6"
"DATA_GLASVEZEL_HULPSTUK_AANSLUITPUNT","*","_","**","_","KL","_","DATA","_","GLASVEZEL","_","HULPSTUK","_","AANSLUITPUNT","_","","_","","'-","","'-","G","'-","","","*_**_KL_DATA_GLASVEZEL_HULPSTUK_AANSLUITPUNT","0.18","90","92","90","90","90","CONTINUOUS","0.35","90","92","90","90","90","CONTINUOUS","0.35","90","92","90","90","90","V-CONTINUOUS-SO","0.35","90","92","90","90","90","CONTINUOUS","","","752","751","http://digitalbuildingdata.tech/nlcs/def/fdbe8d88-4ef2-4b83-8361-de9ca953e5f4","http://digitalbuildingdata.tech/nlcs/def/841704f0-7244-4983-a535-a40e79ca6fe8"
"DATA_SIGNAALKABEL_HULPSTUK_AANSLUITPUNT","*","_","**","_","KL","_","DATA","_","SIGNAALKABEL","_","HULPSTUK","_","AANSLUITPUNT","_","","_","","'-","","'-","G","'-","","","*_**_KL_DATA_SIGNAALKABEL_HULPSTUK_AANSLUITPUNT","0.18","90","92","90","90","90","CONTINUOUS","0.35","90","92","90","90","90","CONTINUOUS","0.35","90","92","90","90","90","V-CONTINUOUS-SO","0.35","90","92","90","90","90","CONTINUOUS","","","792","791","http://digitalbuildingdata.tech/nlcs/def/b6c7db62-1ae2-4674-bf03-f145d73d4612","http://digitalbuildingdata.tech/nlcs/def/0c2ee5b8-21ca-4313-85e2-d55edc6ea445"
"GAS_HD_HOOFDLEIDING_67 BAR","*","_","**","_","KL","_","GAS","_","HD","_","HOOFDLEIDING","_","67 BAR","_","","_","","'-","","'-","G","'-","","","*_**_KL_GAS_HD_HOOFDLEIDING_67 BAR","0.18","30","32","30","30","252","KL-GAS_HD-SO","0.35","30","32","30","30","252","KL-GAS_HD-SO","0.35","30","32","30","30","252","V-KL-GAS_HD-SO","0.35","30","32","30","30","252","KL-GAS_HD-SO","","","1086","1054","http://digitalbuildingdata.tech/nlcs/def/757b43c3-7551-4d97-b642-c91d261f6f33","http://digitalbuildingdata.tech/nlcs/def/7df34e34-2b2b-449a-9856-fed93abc4da8"
"WATER_BRANDLEIDING_HULPSTUK_AANSLUITPUNT","*","_","**","_","KL","_","WATER","_","BRANDLEIDING","_","HULPSTUK","_","AANSLUITPUNT","_","","_","","'-","","'-","G","'-","","","*_**_KL_WATER_BRANDLEIDING_HULPSTUK_AANSLUITPUNT","0.18","150","152","150","150","252","CONTINUOUS","0.35","150","152","150","150","252","CONTINUOUS","0.35","150","152","150","150","252","V-CONTINUOUS-SO","0.35","150","152","150","150","252","CONTINUOUS","","","1302","1301","http://digitalbuildingdata.tech/nlcs/def/6c8f30b7-1601-43e3-8bac-cdd4d6b2f674","http://digitalbuildingdata.tech/nlcs/def/f464261d-1bb3-4684-a87c-591a072fecce"
"KOUDENET_AANSLUITLEIDING_AANVOER_STAAL","*","_","**","_","KL","_","KOUDENET","_","AANSLUITLEIDING","_","AANVOER","_","STAAL","_","","_","","'-","","'-","G","'-","","","*_**_KL_KOUDENET_AANSLUITLEIDING_AANVOER_STAAL","0.18","130","132","130","130","252","KL-KOUDENET-SO","0.35","130","132","130","130","252","KL-KOUDENET-SO","0.35","130","132","130","130","252","V-KL-KOUDENET-SO","0.35","130","132","130","130","252","KL-KOUDENET-SO","","","1189","1185","http://digitalbuildingdata.tech/nlcs/def/cb215c2a-0a6c-45a9-9ab6-dca77c13a1e9","http://digitalbuildingdata.tech/nlcs/def/96132ae8-5433-4104-8a0e-fdfc420c7272"
"WATER_TRANSPORTLEIDING_PE_160","*","_","**","_","KL","_","WATER","_","TRANSPORTLEIDING","_","PE","_","160","_","","_","","'-","","'-","G","'-","","","*_**_KL_WATER_TRANSPORTLEIDING_PE_160","0.18","170","172","170","170","253","KL-WATER-SO","0.35","170","172","170","170","253","KL-WATER-SO","0.35","170","172","170","170","253","V-KL-WATER-SO","0.35","170","172","170","170","253","KL-WATER-SO","","","1369","1366","http://digitalbuildingdata.tech/nlcs/def/8df5a637-0283-4dfc-a17d-0e95d66821c1","http://digitalbuildingdata.tech/nlcs/def/cefd3184-1920-44fe-ab44-1b654502f590"
"ET_AARDING_HULPSTUK_AARDTEGEL","*","_","**","_","KL","_","ET","_","AARDING","_","HULPSTUK","_","AARDTEGEL","_","","_","","'-","","'-","G","'-","","","*_**_KL_ET_AARDING_HULPSTUK_AARDTEGEL","0.18","7","7","7","7","7","CONTINUOUS","0.35","7","7","7","7","7","CONTINUOUS","0.35","7","7","7","7","7","V-CONTINUOUS-SO","0.35","7","7","7","7","7","CONTINUOUS","","","850","848","http://digitalbuildingdata.tech/nlcs/def/cd1b4bad-c5bc-4ce0-ad0d-f47e95095680","http://digitalbuildingdata.tech/nlcs/def/193c94cc-4c2a-4e4c-81c8-94b6bb78db9c"
"DATA_SIGNAALKABEL_KAST_LASKAST","*","_","**","_","KL","_","DATA","_","SIGNAALKABEL","_","KAST","_","LASKAST","_","","_","","'-","","'-","G","'-","","","*_**_KL_DATA_SIGNAALKABEL_KAST_LASKAST","0.18","90","92","90","90","90","KL-SIGNAALKABEL-SO","0.35","90","92","90","90","90","KL-SIGNAALKABEL-SO","0.35","90","92","90","90","90","V-KL-SIGNAALKABEL-SO","0.35","90","92","90","90","90","KL-SIGNAALKABEL-SO","","","796","795","http://digitalbuildingdata.tech/nlcs/def/b0a045f4-3f44-495a-a9ee-8d786d15aeb5","http://digitalbuildingdata.tech/nlcs/def/1c38c41c-d481-4b52-b53c-570cd916b096"
"CV_TRANSPORTLEIDING_STAAL_DN50","*","_","**","_","KL","_","CV","_","TRANSPORTLEIDING","_","STAAL","_","DN50","_","","_","","'-","","'-","G","'-","","","*_**_KL_CV_TRANSPORTLEIDING_STAAL_DN50","0.18","40","42","40","40","40","KL-CV-SO","0.35","40","42","40","40","40","KL-CV-SO","0.35","40","42","40","40","40","V-KL-CV-SO","0.35","40","42","40","40","40","KL-CV-SO","","","715","701","http://digitalbuildingdata.tech/nlcs/def/56930401-1482-4347-aef6-2385378b33c8","http://digitalbuildingdata.tech/nlcs/def/30fb626b-9b47-4fa8-a05e-a215cf02fc7e"
"WARMTENET_TRANSPORTLEIDING_AANVOER_GVK","*","_","**","_","KL","_","WARMTENET","_","TRANSPORTLEIDING","_","AANVOER","_","GVK","_","","_","","'-","","'-","G","'-","","","*_**_KL_WARMTENET_TRANSPORTLEIDING_AANVOER_GVK","0.18","80","82","80","80","252","KL-WARMTENET-SO","0.35","80","82","80","80","252","KL-WARMTENET-SO","0.35","80","82","80","80","252","V-KL-WARMTENET-SO","0.35","80","82","80","80","252","KL-WARMTENET-SO","","","1255","1254","http://digitalbuildingdata.tech/nlcs/def/b31c698b-a52d-4804-bb5f-970754f0a5ec","http://digitalbuildingdata.tech/nlcs/def/04424bf5-a676-4344-aba3-fd51d591cf14"
"DATA_INTERCOM_KAST_PUTKAST","*","_","**","_","KL","_","DATA","_","INTERCOM","_","KAST","_","PUTKAST","_","","_","","'-","","'-","G","'-","","","*_**_KL_DATA_INTERCOM_KAST_PUTKAST","0.18","90","92","90","90","90","CONTINUOUS","0.35","90","92","90","90","90","CONTINUOUS","0.35","90","92","90","90","90","V-CONTINUOUS-SO","0.35","90","92","90","90","90","CONTINUOUS","","","773","771","http://digitalbuildingdata.tech/nlcs/def/56f3fde8-a8fc-4e2a-bdc9-2716515c455f","http://digitalbuildingdata.tech/nlcs/def/0189fcc9-8f37-44ea-86b4-af9a6ad0bb4d"
"CV_HUISAANSLUITING_STAAL_DN150","*","_","**","_","KL","_","CV","_","HUISAANSLUITING","_","STAAL","_","DN150","_","","_","","'-","","'-","G","'-","","","*_**_KL_CV_HUISAANSLUITING_STAAL_DN150","0.18","40","42","40","40","40","KL-CV-SO","0.35","40","42","40","40","40","KL-CV-SO","0.35","40","42","40","40","40","V-KL-CV-SO","0.35","40","42","40","40","40","KL-CV-SO","","","657","654","http://digitalbuildingdata.tech/nlcs/def/9a0397b0-6dbe-4faa-bda9-b368be73794d","http://digitalbuildingdata.tech/nlcs/def/f86add7b-e89c-452e-b937-2369ebfadd60"
"WATER_HUISAANSLUITING_PVC_75","*","_","**","_","KL","_","WATER","_","HUISAANSLUITING","_","PVC","_","75","_","","_","","'-","","'-","G","'-","","","*_**_KL_WATER_HUISAANSLUITING_PVC_75","0.18","170","172","170","170","252","KL-WATER-SO","0.35","170","172","170","170","252","KL-WATER-SO","0.35","170","172","170","170","252","V-KL-WATER-SO","0.35","170","172","170","170","252","KL-WATER-SO","","","1346","1340","http://digitalbuildingdata.tech/nlcs/def/3264f72d-8d01-4b58-970e-77455b743931","http://digitalbuildingdata.tech/nlcs/def/fc6f9e2e-d35c-464b-954c-044552f365a6"
"ET_LS_VOEDINGSKABEL_AGGREGAAT","*","_","**","_","KL","_","ET","_","LS","_","VOEDINGSKABEL","_","AGGREGAAT","_","","_","","'-","","'-","G","'-","","","*_**_KL_ET_LS_VOEDINGSKABEL_AGGREGAAT","0.18","190","192","190","190","252","CONTINUOUS","0.35","190","192","190","190","190","CONTINUOUS","0.35","190","192","190","190","190","V-CONTINUOUS-SO","0.35","190","192","190","190","190","CONTINUOUS","","","962","961","http://digitalbuildingdata.tech/nlcs/def/39626055-d38e-4236-b210-4cb60dc4ea4b","http://digitalbuildingdata.tech/nlcs/def/258c13af-5cba-4bc2-87a2-15961088437a"
"WATER_HUISAANSLUITING_PE_63","*","_","**","_","KL","_","WATER","_","HUISAANSLUITING","_","PE","_","63","_","","_","","'-","","'-","G","'-","","","*_**_KL_WATER_HUISAANSLUITING_PE_63","0.18","170","172","170","170","252","KL-WATER-SO","0.35","170","172","170","170","252","KL-WATER-SO","0.35","170","172","170","170","252","V-KL-WATER-SO","0.35","170","172","170","170","252","KL-WATER-SO","","","1337","1332","http://digitalbuildingdata.tech/nlcs/def/794f77f2-3d90-4d95-9aef-3916ea52ad36","http://digitalbuildingdata.tech/nlcs/def/c211168f-f8bf-4b6b-8bc4-b68b74cd6ca8"
"DATA_CAI_KAST_LASKAST","*","_","**","_","KL","_","DATA","_","CAI","_","KAST","_","LASKAST","_","","_","","'-","","'-","G","'-","","","*_**_KL_DATA_CAI_KAST_LASKAST","0.18","90","92","90","90","90","CONTINUOUS","0.35","90","92","90","90","90","CONTINUOUS","0.35","90","92","90","90","90","V-CONTINUOUS-SO","0.35","90","92","90","90","90","CONTINUOUS","","","730","729","http://digitalbuildingdata.tech/nlcs/def/a961dddb-8f24-4fc0-9099-55277830576d","http://digitalbuildingdata.tech/nlcs/def/4465f3a3-4209-410d-aa58-71eea0bf8591"
"CV_HUISAANSLUITING_GVK_80","*","_","**","_","KL","_","CV","_","HUISAANSLUITING","_","GVK","_","80","_","","_","","'-","","'-","G","'-","","","*_**_KL_CV_HUISAANSLUITING_GVK_80","0.18","40","42","40","40","40","KL-CV-SO","0.35","40","42","40","40","40","KL-CV-SO","0.35","40","42","40","40","40","V-KL-CV-SO","0.35","40","42","40","40","40","KL-CV-SO","","","653","647","http://digitalbuildingdata.tech/nlcs/def/117cc26b-9643-4969-8a78-98cf2015ec74","http://digitalbuildingdata.tech/nlcs/def/0974872c-0b7d-445c-972a-908063666b91"
"DATA_TELECOM_KAST_LASKAST","*","_","**","_","KL","_","DATA","_","TELECOM","_","KAST","_","LASKAST","_","","_","","'-","","'-","G","'-","","","*_**_KL_DATA_TELECOM_KAST_LASKAST","0.18","90","92","90","90","90","CONTINUOUS","0.35","90","92","90","90","90","CONTINUOUS","0.35","90","92","90","90","90","V-CONTINUOUS-SO","0.35","90","92","90","90","90","CONTINUOUS","","","821","820","http://digitalbuildingdata.tech/nlcs/def/8c4df871-8ee9-4746-a01f-41ee7a8f9ca0","http://digitalbuildingdata.tech/nlcs/def/46bb7e6f-043c-4e0f-ba9c-9085afde5e27"
"CV_TRANSPORTLEIDING_STAAL_DN450","*","_","**","_","KL","_","CV","_","TRANSPORTLEIDING","_","STAAL","_","DN450","_","","_","","'-","","'-","G","'-","","","*_**_KL_CV_TRANSPORTLEIDING_STAAL_DN450","0.18","40","42","40","40","40","KL-CV-SO","0.35","40","42","40","40","40","KL-CV-SO","0.35","40","42","40","40","40","V-KL-CV-SO","0.35","40","42","40","40","40","KL-CV-SO","","","714","701","http://digitalbuildingdata.tech/nlcs/def/e4b3ea57-63a1-47a9-a57e-9244bf39dc0b","http://digitalbuildingdata.tech/nlcs/def/30fb626b-9b47-4fa8-a05e-a215cf02fc7e"
"WATER_TRANSPORTLEIDING_PE_630","*","_","**","_","KL","_","WATER","_","TRANSPORTLEIDING","_","PE","_","630","_","","_","","'-","","'-","G","'-","","","*_**_KL_WATER_TRANSPORTLEIDING_PE_630","0.18","170","172","170","170","253","KL-WATER-SO","0.35","170","172","170","170","253","KL-WATER-SO","0.35","170","172","170","170","253","V-KL-WATER-SO","0.35","170","172","170","170","253","KL-WATER-SO","","","1374","1366","http://digitalbuildingdata.tech/nlcs/def/bff09251-493b-4512-bded-b7e4ac4dd1f6","http://digitalbuildingdata.tech/nlcs/def/cefd3184-1920-44fe-ab44-1b654502f590"
"DATA_GLASVEZEL_HULPSTUK_MOF","*","_","**","_","KL","_","DATA","_","GLASVEZEL","_","HULPSTUK","_","MOF","_","","_","","'-","","'-","G","'-","","","*_**_KL_DATA_GLASVEZEL_HULPSTUK_MOF","0.18","90","92","90","90","90","CONTINUOUS","0.35","90","92","90","90","90","CONTINUOUS","0.35","90","92","90","90","90","V-CONTINUOUS-SO","0.35","90","92","90","90","90","CONTINUOUS","","","753","751","http://digitalbuildingdata.tech/nlcs/def/e1b34fb4-a4a3-40b2-85fe-acd30c415495","http://digitalbuildingdata.tech/nlcs/def/841704f0-7244-4983-a535-a40e79ca6fe8"
"ET_AARDING_KABEL_BLIKSEMAFLEIDINGSKABEL","*","_","**","_","KL","_","ET","_","AARDING","_","KABEL","_","BLIKSEMAFLEIDINGSKABEL","_","","_","","'-","","'-","G","'-","","","*_**_KL_ET_AARDING_KABEL_BLIKSEMAFLEIDINGSKABEL","0.18","7","7","7","7","7","KL-AARDING-SO","0.35","7","7","7","7","7","KL-AARDING-SO","0.35","7","7","7","7","7","V-KL-AARDING-SO","0.35","7","7","7","7","7","KL-AARDING-SO","","","854","853","http://digitalbuildingdata.tech/nlcs/def/e71cad7e-abbd-4b2a-a3c1-54aec1a4cfbb","http://digitalbuildingdata.tech/nlcs/def/044d6ba8-93d1-42db-bfd9-a22b3378f731"
"CV_TRANSPORTLEIDING_GVK_800","*","_","**","_","KL","_","CV","_","TRANSPORTLEIDING","_","GVK","_","800","_","","_","","'-","","'-","G","'-","","","*_**_KL_CV_TRANSPORTLEIDING_GVK_800","0.18","40","42","40","40","40","KL-CV-SO","0.35","40","42","40","40","40","KL-CV-SO","0.35","40","42","40","40","40","V-KL-CV-SO","0.35","40","42","40","40","40","KL-CV-SO","","","699","683","http://digitalbuildingdata.tech/nlcs/def/991c17e1-f731-48b2-9286-9a5b88c80f3b","http://digitalbuildingdata.tech/nlcs/def/0b4f218c-508c-4375-9a2b-5f3c8e6abd4f"
"CV_HUISAANSLUITING_STAAL_DN400","*","_","**","_","KL","_","CV","_","HUISAANSLUITING","_","STAAL","_","DN400","_","","_","","'-","","'-","G","'-","","","*_**_KL_CV_HUISAANSLUITING_STAAL_DN400","0.18","40","42","40","40","40","KL-CV-SO","0.35","40","42","40","40","40","KL-CV-SO","0.35","40","42","40","40","40","V-KL-CV-SO","0.35","40","42","40","40","40","KL-CV-SO","","","666","654","http://digitalbuildingdata.tech/nlcs/def/258ea1c5-04b8-4a88-a1b6-ed894eabfa96","http://digitalbuildingdata.tech/nlcs/def/f86add7b-e89c-452e-b937-2369ebfadd60"
"WATER_TRANSPORTLEIDING_PE_110","*","_","**","_","KL","_","WATER","_","TRANSPORTLEIDING","_","PE","_","110","_","","_","","'-","","'-","G","'-","","","*_**_KL_WATER_TRANSPORTLEIDING_PE_110","0.18","170","172","170","170","253","KL-WATER-SO","0.35","170","172","170","170","253","KL-WATER-SO","0.35","170","172","170","170","253","V-KL-WATER-SO","0.35","170","172","170","170","253","KL-WATER-SO","","","1367","1366","http://digitalbuildingdata.tech/nlcs/def/cdfc85ac-cc05-48bd-a149-829ffedd3b37","http://digitalbuildingdata.tech/nlcs/def/cefd3184-1920-44fe-ab44-1b654502f590"
"WATER_HUISAANSLUITING_PE_50","*","_","**","_","KL","_","WATER","_","HUISAANSLUITING","_","PE","_","50","_","","_","","'-","","'-","G","'-","","","*_**_KL_WATER_HUISAANSLUITING_PE_50","0.18","170","172","170","170","252","KL-WATER-SO","0.35","170","172","170","170","252","KL-WATER-SO","0.35","170","172","170","170","252","V-KL-WATER-SO","0.35","170","172","170","170","252","KL-WATER-SO","","","1336","1332","http://digitalbuildingdata.tech/nlcs/def/c41edf6b-da0b-4e59-8516-26dc647556af","http://digitalbuildingdata.tech/nlcs/def/c211168f-f8bf-4b6b-8bc4-b68b74cd6ca8"
"DATA_SIGNAALKABEL_HULPSTUK","*","_","**","_","KL","_","DATA","_","SIGNAALKABEL","_","HULPSTUK","_","","_","","_","","'-","","'-","G/S","'-","","SKL-DATA_HULP_MOF-SO; SKL-DATA_HULP_MOF_VERBINDING_HDPE-SO; V-SKL-DATA_HULP_MOF-SO; V-SKL-DATA_HULP_MOF_VERBINDING_HDPE-SO","*_**_KL_DATA_SIGNAALKABEL_HULPSTUK","0.18","90","92","90","90","90","CONTINUOUS","0.35","90","92","90","90","90","CONTINUOUS","0.35","90","92","90","90","90","V-CONTINUOUS-SO","0.35","90","92","90","90","90","CONTINUOUS","","","791","789","http://digitalbuildingdata.tech/nlcs/def/0c2ee5b8-21ca-4313-85e2-d55edc6ea445","http://digitalbuildingdata.tech/nlcs/def/7e35f242-c1bb-40c1-8cf1-8e21e5fc8deb"
"DATA_DEFENSIE_HULPSTUK","*","_","**","_","KL","_","DATA","_","DEFENSIE","_","HULPSTUK","_","","_","","_","","'-","","'-","G/S","'-","","SKL-DATA_HULP_MOF-SO; SKL-DATA_HULP_MOF_VERBINDING_HDPE-SO; V-SKL-DATA_HULP_MOF-SO; V-SKL-DATA_HULP_MOF_VERBINDING_HDPE-SO","*_**_KL_DATA_DEFENSIE_HULPSTUK","0.18","90","92","90","90","90","CONTINUOUS","0.35","90","92","90","90","90","CONTINUOUS","0.35","90","92","90","90","90","V-CONTINUOUS-SO","0.35","90","92","90","90","90","CONTINUOUS","","","739","737","http://digitalbuildingdata.tech/nlcs/def/9a16e446-aaf7-48a3-9f61-97fbb8c73217","http://digitalbuildingdata.tech/nlcs/def/bd8f236c-cc22-438d-be73-9f4485bd5acc"
"ET_HS_TRANSFORMATORSTATION","*","_","**","_","KL","_","ET","_","HS","_","TRANSFORMATORSTATION","_","","_","","_","","'-","","'-","G/S","'-","","SKL-ET_TRANSFORMATORSTATION-SO; V-SKL-ET_TRANSFORMATORSTATION-SO","*_**_KL_ET_HS_TRANSFORMATORSTATION","0.18","10","12","10","10","10","CONTINUOUS","0.35","10","12","10","10","10","CONTINUOUS","0.35","10","12","10","10","10","V-CONTINUOUS-SO","0.35","10","12","10","10","10","CONTINUOUS","","","873","863","http://digitalbuildingdata.tech/nlcs/def/faa756c3-48a8-4c93-aa72-8a4c4838cdc0","http://digitalbuildingdata.tech/nlcs/def/1e92b7ff-2449-4a4b-8ca6-597ef534cc51"
"DATA_CAI_KAST","*","_","**","_","KL","_","DATA","_","CAI","_","KAST","_","","_","","_","","'-","","'-","G/S","'-","","SKL-DATA_TERREINKAST-SO; V-SKL-DATA_TERREINKAST-SO","*_**_KL_DATA_CAI_KAST","0.18","90","92","90","90","90","CONTINUOUS","0.35","90","92","90","90","90","CONTINUOUS","0.35","90","92","90","90","90","V-CONTINUOUS-SO","0.35","90","92","90","90","90","CONTINUOUS","","","729","724","http://digitalbuildingdata.tech/nlcs/def/4465f3a3-4209-410d-aa58-71eea0bf8591","http://digitalbuildingdata.tech/nlcs/def/476be5a4-3693-4cc5-907f-c27698873c69"
"DATA_STUURKABEL_KAST","*","_","**","_","KL","_","DATA","_","STUURKABEL","_","KAST","_","","_","","_","","'-","","'-","G/S","'-","","SKL-DATA_TERREINKAST-SO; V-SKL-DATA_TERREINKAST-SO","*_**_KL_DATA_STUURKABEL_KAST","0.18","90","92","90","90","90","KL-STUURKABEL-SO","0.35","90","92","90","90","90","KL-STUURKABEL-SO","0.35","90","92","90","90","90","V-KL-STUURKABEL-SO","0.35","90","92","90","90","90","KL-STUURKABEL-SO","","","807","801","http://digitalbuildingdata.tech/nlcs/def/248f836e-4856-424e-9538-906004eaf38c","http://digitalbuildingdata.tech/nlcs/def/5d2c80e4-962b-47f6-9b31-8c83107bf717"
"DATA_INTERCOM_HULPSTUK","*","_","**","_","KL","_","DATA","_","INTERCOM","_","HULPSTUK","_","","_","","_","","'-","","'-","G/S","'-","","SKL-DATA_HULP_MOF-SO; SKL-DATA_HULP_MOF_VERBINDING_HDPE-SO; V-SKL-DATA_HULP_MOF-SO; V-SKL-DATA_HULP_MOF_VERBINDING_HDPE-SO","*_**_KL_DATA_INTERCOM_HULPSTUK","0.18","90","92","90","90","90","CONTINUOUS","0.35","90","92","90","90","90","CONTINUOUS","0.35","90","92","90","90","90","V-CONTINUOUS-SO","0.35","90","92","90","90","90","CONTINUOUS","","","767","765","http://digitalbuildingdata.tech/nlcs/def/86e65dd5-b7c9-4781-9a7e-b7315a5bb4e0","http://digitalbuildingdata.tech/nlcs/def/396db058-70ee-4332-943b-6f2e82da20b4"
"ET_MS_HULPSTUK","*","_","**","_","KL","_","ET","_","MS","_","HULPSTUK","_","","_","","_","","'-","","'-","G/S","'-","","SKL-ET_HULP_AANSLUITPUNT-SO; SKL-ET_HULP_LAS_COMMUNICATIEKABEL-SO; SKL-ET_HULP_LAS_SIGNAALGEVERKABEL-SO; SKL-ET_HULP_MOF-SO; SKL-ET_HULP_MOF_AFDEKMOF-SO; SKL-ET_HULP_MOF_AFTAKMOF-SO; SKL-ET_HULP_MOF_EINDMOF-SO; SKL-ET_HULP_MOF_VERBINDINGSMOF-SO; SKL-ET_HULP_MOF_VERBINDING_AFTAKMOF-SO; SKL-ET_HULP_MOF_VERBINDING_HDPE-SO; SKL-ET_HULP_MOF_VERGROTELUSKOPPELMOF-SO; V-SKL-ET_HULP_AANSLUITPUNT-SO; V-SKL-ET_HULP_LAS_COMMUNICATIEKABEL-SO; V-SKL-ET_HULP_LAS_SIGNAALGEVERKABEL-SO; V-SKL-ET_HULP_MOF-SO; V-SKL-ET_HULP_MOF_AFDEKMOF-SO; V-SKL-ET_HULP_MOF_AFTAKMOF-SO; V-SKL-ET_HULP_MOF_EINDMOF-SO; V-SKL-ET_HULP_MOF_VERBINDINGSMOF-SO; V-SKL-ET_HULP_MOF_VERBINDING_AFTAKMOF-SO; V-SKL-ET_HULP_MOF_VERBINDING_HDPE-SO; V-SKL-ET_HULP_MOF_VERGROTELUSKOPPELMOF-SO","*_**_KL_ET_MS_HULPSTUK","0.18","130","132","130","130","252","CONTINUOUS","0.35","130","132","130","130","252","CONTINUOUS","0.35","130","132","130","130","252","V-CONTINUOUS-SO","0.35","130","132","130","130","252","CONTINUOUS","","","977","973","http://digitalbuildingdata.tech/nlcs/def/43195a1e-2a0c-41e8-a05b-f7f74733e174","http://digitalbuildingdata.tech/nlcs/def/8f5db8db-3195-470e-8371-d9d8cd8359f4"
"ET_LS_KABELROL","*","_","**","_","KL","_","ET","_","LS","_","KABELROL","_","","_","","_","","'-","","'-","G/S","'-","","SKL-ET_KABELROL-SO; V-SKL-ET_KABELROL-SO","*_**_KL_ET_LS_KABELROL","0.18","190","192","190","190","252","CONTINUOUS","0.35","190","192","190","190","190","CONTINUOUS","0.35","190","192","190","190","190","V-CONTINUOUS-SO","0.35","190","192","190","190","190","CONTINUOUS","","","884","878","http://digitalbuildingdata.tech/nlcs/def/19706600-8b29-4937-90e7-b56d9f893068","http://digitalbuildingdata.tech/nlcs/def/b55d2c5f-4eb0-414b-88db-da7403ad02cf"
"WATER_BRANDLEIDING_HULPSTUK","*","_","**","_","KL","_","WATER","_","BRANDLEIDING","_","HULPSTUK","_","","_","","_","","'-","","'-","G/S","'-","","SKL-WTB_HULP_AANSLUITPUNT-SO; SKL-WTB_HULP_AFSLUITER-SO; SKL-WTB_HULP_AFSLUITER_DRIEWEG-SO; SKL-WTB_HULP_AFSLUITER_HAAKS-SO; SKL-WTB_HULP_AFSLUITER_HANDB-SO; SKL-WTB_HULP_AFSLUITER_KLEP-SO; SKL-WTB_HULP_AFSLUITER_KOGEL-SO; SKL-WTB_HULP_AFSLUITER_SPINDEL-SO; SKL-WTB_HULP_ANODE BEDRADING-SO; SKL-WTB_HULP_BELUCHTING-SO; SKL-WTB_HULP_BELUCHTING_ONTLUCHTING-SO; SKL-WTB_HULP_BOB-SO; SKL-WTB_HULP_DEMARCATIE-SO; SKL-WTB_HULP_EINDKAP-SO; SKL-WTB_HULP_EXPANSIESTUK-SO; SKL-WTB_HULP_EXPANSIESTUK_GOLF-SO; SKL-WTB_HULP_EXPANSIESTUK_SCHUIF-SO; SKL-WTB_HULP_KEERKLEP-SO; SKL-WTB_HULP_LEIDINGMERKPAAL-SO; SKL-WTB_HULP_LINT_ANODE_MANTELBUIS-SO; SKL-WTB_HULP_MATERIAAL-SO; SKL-WTB_HULP_METER_DRUK-SO; SKL-WTB_HULP_METER_HOEVEELHEID-SO; SKL-WTB_HULP_METER_KATHODISCHE BESCHERMING-SO; SKL-WTB_HULP_ONTLUCHTING-SO; SKL-WTB_HULP_SCHOONMAAKSTUK-SO; SKL-WTB_HULP_SPUIKRAAN-SO; SKL-WTB_HULP_STROOMRICHTING-SO; SKL-WTB_HULP_TERREINKAST_GAS-SO; SKL-WTB_HULP_TERREINKAST_WATER-SO; SKL-WTB_HULP_VERLOOPSTUK-SO; SKL-WTB_HULP_VLINDERKLEP-SO; V-SKL-WTB_HULP_AANSLUITPUNT-SO; V-SKL-WTB_HULP_AFSLUITER-SO; V-SKL-WTB_HULP_AFSLUITER_DRIEWEG-SO; V-SKL-WTB_HULP_AFSLUITER_HAAKS-SO; V-SKL-WTB_HULP_AFSLUITER_HANDB-SO; V-SKL-WTB_HULP_AFSLUITER_KLEP-SO; V-SKL-WTB_HULP_AFSLUITER_KOGEL-SO; V-SKL-WTB_HULP_AFSLUITER_SPINDEL-SO; V-SKL-WTB_HULP_ANODE BEDRADING-SO; V-SKL-WTB_HULP_BELUCHTING-SO; V-SKL-WTB_HULP_BELUCHTING_ONTLUCHTING-SO; V-SKL-WTB_HULP_BOB-SO; V-SKL-WTB_HULP_DEMARCATIE-SO; V-SKL-WTB_HULP_EINDKAP-SO; V-SKL-WTB_HULP_EXPANSIESTUK-SO; V-SKL-WTB_HULP_EXPANSIESTUK_GOLF-SO; V-SKL-WTB_HULP_EXPANSIESTUK_SCHUIF-SO; V-SKL-WTB_HULP_KEERKLEP-SO; V-SKL-WTB_HULP_LEIDINGMERKPAAL-SO; V-SKL-WTB_HULP_LINT_ANODE_MANTELBUIS-SO; V-SKL-WTB_HULP_MATERIAAL-SO; V-SKL-WTB_HULP_METER_DRUK-SO; V-SKL-WTB_HULP_METER_HOEVEELHEID-SO; V-SKL-WTB_HULP_METER_KATHODISCHE BESCHERMING-SO; V-SKL-WTB_HULP_ONTLUCHTING-SO; V-SKL-WTB_HULP_SCHOONMAAKSTUK-SO; V-SKL-WTB_HULP_SPUIKRAAN-SO; V-SKL-WTB_HULP_STROOMRICHTING-SO; V-SKL-WTB_HULP_TERREINKAST_GAS-SO; V-SKL-WTB_HULP_TERREINKAST_WATER-SO; V-SKL-WTB_HULP_VERLOOPSTUK-SO; V-SKL-WTB_HULP_VLINDERKLEP-SO","*_**_KL_WATER_BRANDLEIDING_HULPSTUK","0.18","150","152","150","150","252","CONTINUOUS","0.35","150","152","150","150","252","CONTINUOUS","0.35","150","152","150","150","252","V-CONTINUOUS-SO","0.35","150","152","150","150","252","CONTINUOUS","","","1301","1280","http://digitalbuildingdata.tech/nlcs/def/f464261d-1bb3-4684-a87c-591a072fecce","http://digitalbuildingdata.tech/nlcs/def/dce93aba-5736-4a3f-a45b-0901a92a00d7"
"ET_LS_HULPSTUK","*","_","**","_","KL","_","ET","_","LS","_","HULPSTUK","_","","_","","_","","'-","","'-","G/S","'-","","SKL-ET_HULP_AANSLUITPUNT-SO; SKL-ET_HULP_LAS_COMMUNICATIEKABEL-SO; SKL-ET_HULP_LAS_SIGNAALGEVERKABEL-SO; SKL-ET_HULP_MOF-SO; SKL-ET_HULP_MOF_AFDEKMOF-SO; SKL-ET_HULP_MOF_AFTAKMOF-SO; SKL-ET_HULP_MOF_EINDMOF-SO; SKL-ET_HULP_MOF_VERBINDINGSMOF-SO; SKL-ET_HULP_MOF_VERBINDING_AFTAKMOF-SO; SKL-ET_HULP_MOF_VERBINDING_HDPE-SO; SKL-ET_HULP_MOF_VERGROTELUSKOPPELMOF-SO; V-SKL-ET_HULP_AANSLUITPUNT-SO; V-SKL-ET_HULP_LAS_COMMUNICATIEKABEL-SO; V-SKL-ET_HULP_LAS_SIGNAALGEVERKABEL-SO; V-SKL-ET_HULP_MOF-SO; V-SKL-ET_HULP_MOF_AFDEKMOF-SO; V-SKL-ET_HULP_MOF_AFTAKMOF-SO; V-SKL-ET_HULP_MOF_EINDMOF-SO; V-SKL-ET_HULP_MOF_VERBINDINGSMOF-SO; V-SKL-ET_HULP_MOF_VERBINDING_AFTAKMOF-SO; V-SKL-ET_HULP_MOF_VERBINDING_HDPE-SO; V-SKL-ET_HULP_MOF_VERGROTELUSKOPPELMOF-SO","*_**_KL_ET_LS_HULPSTUK","0.18","190","192","190","190","252","CONTINUOUS","0.35","190","192","190","190","190","CONTINUOUS","0.35","190","192","190","190","190","V-CONTINUOUS-SO","0.35","190","192","190","190","190","CONTINUOUS","","","879","878","http://digitalbuildingdata.tech/nlcs/def/243b25d6-c298-4ae0-a3ef-ac2e41095203","http://digitalbuildingdata.tech/nlcs/def/b55d2c5f-4eb0-414b-88db-da7403ad02cf"
"WATER_BEREGENING_HULPSTUK","*","_","**","_","KL","_","WATER","_","BEREGENING","_","HULPSTUK","_","","_","","_","","'-","","'-","G/S","'-","","SKL-WTB_HULP_AANSLUITPUNT-SO; SKL-WTB_HULP_AFSLUITER-SO; SKL-WTB_HULP_AFSLUITER_DRIEWEG-SO; SKL-WTB_HULP_AFSLUITER_HAAKS-SO; SKL-WTB_HULP_AFSLUITER_HANDB-SO; SKL-WTB_HULP_AFSLUITER_KLEP-SO; SKL-WTB_HULP_AFSLUITER_KOGEL-SO; SKL-WTB_HULP_AFSLUITER_SPINDEL-SO; SKL-WTB_HULP_ANODE BEDRADING-SO; SKL-WTB_HULP_BELUCHTING-SO; SKL-WTB_HULP_BELUCHTING_ONTLUCHTING-SO; SKL-WTB_HULP_BOB-SO; SKL-WTB_HULP_DEMARCATIE-SO; SKL-WTB_HULP_EINDKAP-SO; SKL-WTB_HULP_EXPANSIESTUK-SO; SKL-WTB_HULP_EXPANSIESTUK_GOLF-SO; SKL-WTB_HULP_EXPANSIESTUK_SCHUIF-SO; SKL-WTB_HULP_KEERKLEP-SO; SKL-WTB_HULP_LEIDINGMERKPAAL-SO; SKL-WTB_HULP_LINT_ANODE_MANTELBUIS-SO; SKL-WTB_HULP_MATERIAAL-SO; SKL-WTB_HULP_METER_DRUK-SO; SKL-WTB_HULP_METER_HOEVEELHEID-SO; SKL-WTB_HULP_METER_KATHODISCHE BESCHERMING-SO; SKL-WTB_HULP_ONTLUCHTING-SO; SKL-WTB_HULP_SCHOONMAAKSTUK-SO; SKL-WTB_HULP_SPUIKRAAN-SO; SKL-WTB_HULP_STROOMRICHTING-SO; SKL-WTB_HULP_TERREINKAST_GAS-SO; SKL-WTB_HULP_TERREINKAST_WATER-SO; SKL-WTB_HULP_VERLOOPSTUK-SO; SKL-WTB_HULP_VLINDERKLEP-SO; V-SKL-WTB_HULP_AANSLUITPUNT-SO; V-SKL-WTB_HULP_AFSLUITER-SO; V-SKL-WTB_HULP_AFSLUITER_DRIEWEG-SO; V-SKL-WTB_HULP_AFSLUITER_HAAKS-SO; V-SKL-WTB_HULP_AFSLUITER_HANDB-SO; V-SKL-WTB_HULP_AFSLUITER_KLEP-SO; V-SKL-WTB_HULP_AFSLUITER_KOGEL-SO; V-SKL-WTB_HULP_AFSLUITER_SPINDEL-SO; V-SKL-WTB_HULP_ANODE BEDRADING-SO; V-SKL-WTB_HULP_BELUCHTING-SO; V-SKL-WTB_HULP_BELUCHTING_ONTLUCHTING-SO; V-SKL-WTB_HULP_BOB-SO; V-SKL-WTB_HULP_DEMARCATIE-SO; V-SKL-WTB_HULP_EINDKAP-SO; V-SKL-WTB_HULP_EXPANSIESTUK-SO; V-SKL-WTB_HULP_EXPANSIESTUK_GOLF-SO; V-SKL-WTB_HULP_EXPANSIESTUK_SCHUIF-SO; V-SKL-WTB_HULP_KEERKLEP-SO; V-SKL-WTB_HULP_LEIDINGMERKPAAL-SO; V-SKL-WTB_HULP_LINT_ANODE_MANTELBUIS-SO; V-SKL-WTB_HULP_MATERIAAL-SO; V-SKL-WTB_HULP_METER_DRUK-SO; V-SKL-WTB_HULP_METER_HOEVEELHEID-SO; V-SKL-WTB_HULP_METER_KATHODISCHE BESCHERMING-SO; V-SKL-WTB_HULP_ONTLUCHTING-SO; V-SKL-WTB_HULP_SCHOONMAAKSTUK-SO; V-SKL-WTB_HULP_SPUIKRAAN-SO; V-SKL-WTB_HULP_STROOMRICHTING-SO; V-SKL-WTB_HULP_TERREINKAST_GAS-SO; V-SKL-WTB_HULP_TERREINKAST_WATER-SO; V-SKL-WTB_HULP_VERLOOPSTUK-SO; V-SKL-WTB_HULP_VLINDERKLEP-SO","*_**_KL_WATER_BEREGENING_HULPSTUK","0.18","153","153","153","153","252","CONTINUOUS","0.35","153","153","153","153","252","CONTINUOUS","0.35","153","153","153","153","252","V-CONTINUOUS-SO","0.35","153","153","153","153","252","CONTINUOUS","","","1267","1265","http://digitalbuildingdata.tech/nlcs/def/2eea0037-6f11-43c4-906b-0ad8518aab84","http://digitalbuildingdata.tech/nlcs/def/40f7ba08-1a69-4ded-a67e-eebe3bb98517"
"ET_HS_HULPSTUK","*","_","**","_","KL","_","ET","_","HS","_","HULPSTUK","_","","_","","_","","'-","","'-","G/S","'-","","SKL-ET_HULP_AANSLUITPUNT-SO; SKL-ET_HULP_LAS_COMMUNICATIEKABEL-SO; SKL-ET_HULP_LAS_SIGNAALGEVERKABEL-SO; SKL-ET_HULP_MOF-SO; SKL-ET_HULP_MOF_AFDEKMOF-SO; SKL-ET_HULP_MOF_AFTAKMOF-SO; SKL-ET_HULP_MOF_EINDMOF-SO; SKL-ET_HULP_MOF_VERBINDINGSMOF-SO; SKL-ET_HULP_MOF_VERBINDING_AFTAKMOF-SO; SKL-ET_HULP_MOF_VERBINDING_HDPE-SO; SKL-ET_HULP_MOF_VERGROTELUSKOPPELMOF-SO; V-SKL-ET_HULP_AANSLUITPUNT-SO; V-SKL-ET_HULP_LAS_COMMUNICATIEKABEL-SO; V-SKL-ET_HULP_LAS_SIGNAALGEVERKABEL-SO; V-SKL-ET_HULP_MOF-SO; V-SKL-ET_HULP_MOF_AFDEKMOF-SO; V-SKL-ET_HULP_MOF_AFTAKMOF-SO; V-SKL-ET_HULP_MOF_EINDMOF-SO; V-SKL-ET_HULP_MOF_VERBINDINGSMOF-SO; V-SKL-ET_HULP_MOF_VERBINDING_AFTAKMOF-SO; V-SKL-ET_HULP_MOF_VERBINDING_HDPE-SO; V-SKL-ET_HULP_MOF_VERGROTELUSKOPPELMOF-SO","*_**_KL_ET_HS_HULPSTUK","0.18","10","12","10","10","10","CONTINUOUS","0.35","10","12","10","10","10","CONTINUOUS","0.35","10","12","10","10","10","V-CONTINUOUS-SO","0.35","10","12","10","10","10","CONTINUOUS","","","866","863","http://digitalbuildingdata.tech/nlcs/def/4a353c9f-8d2c-4271-b35c-98a069d4b7c1","http://digitalbuildingdata.tech/nlcs/def/1e92b7ff-2449-4a4b-8ca6-597ef534cc51"
"WATER_PUT_POMPPUT","*","_","**","_","KL","_","WATER","_","PUT","_","POMPPUT","_","","_","","_","","'-","","'-","G/S","'-","","SKL-WTB_POMPPUT-SO; V-SKL-WTB_POMPPUT-SO","*_**_KL_WATER_PUT_POMPPUT","0.18","170","172","170","170","252","CONTINUOUS","0.35","170","172","170","170","252","CONTINUOUS","0.35","170","172","170","170","252","V-CONTINUOUS-SO","0.35","170","172","170","170","252","CONTINUOUS","","","1362","1361","http://digitalbuildingdata.tech/nlcs/def/1d276bf1-415e-42aa-9050-d60975ac5099","http://digitalbuildingdata.tech/nlcs/def/591a57e9-9dc5-4e05-935a-0bb17924d4f2"
"ET_HS_KABELROL","*","_","**","_","KL","_","ET","_","HS","_","KABELROL","_","","_","","_","","'-","","'-","G/S","'-","","SKL-ET_KABELROL-SO; V-SKL-ET_KABELROL-SO","*_**_KL_ET_HS_KABELROL","0.18","10","12","10","10","10","CONTINUOUS","0.35","10","12","10","10","10","CONTINUOUS","0.35","10","12","10","10","10","V-CONTINUOUS-SO","0.35","10","12","10","10","10","CONTINUOUS","","","870","863","http://digitalbuildingdata.tech/nlcs/def/9cb2f994-0bfd-41d9-8d58-0c5f8d25af24","http://digitalbuildingdata.tech/nlcs/def/1e92b7ff-2449-4a4b-8ca6-597ef534cc51"
"DATA_TELECOM_HULPSTUK","*","_","**","_","KL","_","DATA","_","TELECOM","_","HULPSTUK","_","","_","","_","","'-","","'-","G/S","'-","","SKL-DATA_HULP_MOF-SO; SKL-DATA_HULP_MOF_VERBINDING_HDPE-SO; V-SKL-DATA_HULP_MOF-SO; V-SKL-DATA_HULP_MOF_VERBINDING_HDPE-SO","*_**_KL_DATA_TELECOM_HULPSTUK","0.18","90","92","90","90","90","CONTINUOUS","0.35","90","92","90","90","90","CONTINUOUS","0.35","90","92","90","90","90","V-CONTINUOUS-SO","0.35","90","92","90","90","90","CONTINUOUS","","","816","814","http://digitalbuildingdata.tech/nlcs/def/b743fc6a-1796-4ce9-8afe-ec1e37fa0e08","http://digitalbuildingdata.tech/nlcs/def/ecd51884-45cb-4856-93d2-ba3967cfeb3f"
"ET_ZHS_KABELROL","*","_","**","_","KL","_","ET","_","ZHS","_","KABELROL","_","","_","","_","","'-","","'-","G/S","'-","","SKL-ET_KABELROL-SO; V-SKL-ET_KABELROL-SO","*_**_KL_ET_ZHS_KABELROL","0.18","10","12","10","10","252","CONTINUOUS","0.35","10","12","10","10","252","CONTINUOUS","0.35","10","12","10","10","252","V-CONTINUOUS-SO","0.35","10","12","10","10","252","CONTINUOUS","","","993","986","http://digitalbuildingdata.tech/nlcs/def/2536d752-bfb6-4dc6-84d0-2cfea2d3d405","http://digitalbuildingdata.tech/nlcs/def/da60dbfd-1d3f-4dcf-ba24-aedf1b16e0e4"
"ET_ZHS_HULPSTUK","*","_","**","_","KL","_","ET","_","ZHS","_","HULPSTUK","_","","_","","_","","'-","","'-","G/S","'-","","SKL-ET_HULP_AANSLUITPUNT-SO; SKL-ET_HULP_LAS_COMMUNICATIEKABEL-SO; SKL-ET_HULP_LAS_SIGNAALGEVERKABEL-SO; SKL-ET_HULP_MOF-SO; SKL-ET_HULP_MOF_AFDEKMOF-SO; SKL-ET_HULP_MOF_AFTAKMOF-SO; SKL-ET_HULP_MOF_EINDMOF-SO; SKL-ET_HULP_MOF_VERBINDINGSMOF-SO; SKL-ET_HULP_MOF_VERBINDING_AFTAKMOF-SO; SKL-ET_HULP_MOF_VERBINDING_HDPE-SO; SKL-ET_HULP_MOF_VERGROTELUSKOPPELMOF-SO; V-SKL-ET_HULP_AANSLUITPUNT-SO; V-SKL-ET_HULP_LAS_COMMUNICATIEKABEL-SO; V-SKL-ET_HULP_LAS_SIGNAALGEVERKABEL-SO; V-SKL-ET_HULP_MOF-SO; V-SKL-ET_HULP_MOF_AFDEKMOF-SO; V-SKL-ET_HULP_MOF_AFTAKMOF-SO; V-SKL-ET_HULP_MOF_EINDMOF-SO; V-SKL-ET_HULP_MOF_VERBINDINGSMOF-SO; V-SKL-ET_HULP_MOF_VERBINDING_AFTAKMOF-SO; V-SKL-ET_HULP_MOF_VERBINDING_HDPE-SO; V-SKL-ET_HULP_MOF_VERGROTELUSKOPPELMOF-SO","*_**_KL_ET_ZHS_HULPSTUK","0.18","10","12","10","10","252","CONTINUOUS","0.35","10","12","10","10","252","CONTINUOUS","0.35","10","12","10","10","252","V-CONTINUOUS-SO","0.35","10","12","10","10","252","CONTINUOUS","","","989","986","http://digitalbuildingdata.tech/nlcs/def/f133abb1-e024-423e-9c19-52a690534e06","http://digitalbuildingdata.tech/nlcs/def/da60dbfd-1d3f-4dcf-ba24-aedf1b16e0e4"
"DATA_TELECOM_KAST","*","_","**","_","KL","_","DATA","_","TELECOM","_","KAST","_","","_","","_","","'-","","'-","G/S","'-","","SKL-TELECOM_TERREINKAST-SO; V-SKL-TELECOM_TERREINKAST-SO","*_**_KL_DATA_TELECOM_KAST","0.18","90","92","90","90","90","CONTINUOUS","0.35","90","92","90","90","90","CONTINUOUS","0.35","90","92","90","90","90","V-CONTINUOUS-SO","0.35","90","92","90","90","90","CONTINUOUS","","","820","814","http://digitalbuildingdata.tech/nlcs/def/46bb7e6f-043c-4e0f-ba9c-9085afde5e27","http://digitalbuildingdata.tech/nlcs/def/ecd51884-45cb-4856-93d2-ba3967cfeb3f"
"WATER_BRANDLEIDING_BRANDHYDRANT","*","_","**","_","KL","_","WATER","_","BRANDLEIDING","_","BRANDHYDRANT","_","","_","","_","","'-","","'-","G/S","'-","","SKL-WATER_BRANDHYDRANT-SO; V-SKL-WATER_BRANDHYDRANT-SO","*_**_KL_WATER_BRANDLEIDING_BRANDHYDRANT","0.18","150","152","150","150","252","CONTINUOUS","0.35","150","152","150","150","252","CONTINUOUS","0.35","150","152","150","150","252","V-CONTINUOUS-SO","0.35","150","152","150","150","252","CONTINUOUS","","","1281","1280","http://digitalbuildingdata.tech/nlcs/def/2f306d29-9af7-413c-abda-d5fc32c1c847","http://digitalbuildingdata.tech/nlcs/def/dce93aba-5736-4a3f-a45b-0901a92a00d7"
"WATER_BRANDLEIDING_PUT","*","_","**","_","KL","_","WATER","_","BRANDLEIDING","_","PUT","_","","_","","_","","'-","","'-","G/S","'-","","SKL-WTB_PUT-SO; V-SKL-WTB_PUT-SO","*_**_KL_WATER_BRANDLEIDING_PUT","0.18","150","152","150","150","252","CONTINUOUS","0.35","150","152","150","150","252","CONTINUOUS","0.35","150","152","150","150","252","V-CONTINUOUS-SO","0.35","150","152","150","150","252","CONTINUOUS","","","1310","1280","http://digitalbuildingdata.tech/nlcs/def/f7c70965-8326-4996-b927-a7b4938ac6c3","http://digitalbuildingdata.tech/nlcs/def/dce93aba-5736-4a3f-a45b-0901a92a00d7"
"DATA_STUURKABEL_HULPSTUK","*","_","**","_","KL","_","DATA","_","STUURKABEL","_","HULPSTUK","_","","_","","_","","'-","","'-","G/S","'-","","SKL-DATA_HULP_MOF-SO; SKL-DATA_HULP_MOF_VERBINDING_HDPE-SO; V-SKL-DATA_HULP_MOF-SO; V-SKL-DATA_HULP_MOF_VERBINDING_HDPE-SO","*_**_KL_DATA_STUURKABEL_HULPSTUK","0.18","90","92","90","90","90","CONTINUOUS","0.35","90","92","90","90","90","CONTINUOUS","0.35","90","92","90","90","90","V-CONTINUOUS-SO","0.35","90","92","90","90","90","CONTINUOUS","","","803","801","http://digitalbuildingdata.tech/nlcs/def/4b2e20fc-833d-4f40-96da-e1a0b7c725e1","http://digitalbuildingdata.tech/nlcs/def/5d2c80e4-962b-47f6-9b31-8c83107bf717"
"DATA_WAN_KAST","*","_","**","_","KL","_","DATA","_","WAN","_","KAST","_","","_","","_","","'-","","'-","G/S","'-","","SKL-DATA_TERREINKAST-SO; V-SKL-DATA_TERREINKAST-SO","*_**_KL_DATA_WAN_KAST","0.18","90","92","90","90","90","CONTINUOUS","0.35","90","92","90","90","90","CONTINUOUS","0.35","90","92","90","90","90","V-CONTINUOUS-SO","0.35","90","92","90","90","90","CONTINUOUS","","","833","827","http://digitalbuildingdata.tech/nlcs/def/a81b3999-72a6-467c-a3f6-301cd5712d53","http://digitalbuildingdata.tech/nlcs/def/e3b65e8b-9a40-4e88-877d-3b48c4462205"
"WATER_BEREGENING_LOCATIEPAAL","*","_","**","_","KL","_","WATER","_","BEREGENING","_","LOCATIEPAAL","_","","_","","_","","'-","","'-","G/S","'-","","SKL-LEIDINGMERKPAAL","*_**_KL_WATER_BEREGENING_LOCATIEPAAL","0.18","150","152","150","150","252","KL-WATER-SO","0.35","150","152","150","150","252","KL-WATER-SO","0.35","150","152","150","150","252","V-KL-WATER-SO","0.35","150","152","150","150","252","KL-WATER-SO","","","1275","1265","http://digitalbuildingdata.tech/nlcs/def/18e5ce5a-7c0a-476e-b869-84bd041a7a30","http://digitalbuildingdata.tech/nlcs/def/40f7ba08-1a69-4ded-a67e-eebe3bb98517"
"DATA_WAN_HULPSTUK","*","_","**","_","KL","_","DATA","_","WAN","_","HULPSTUK","_","","_","","_","","'-","","'-","G/S","'-","","SKL-DATA_HULP_MOF-SO; SKL-DATA_HULP_MOF_VERBINDING_HDPE-SO; V-SKL-DATA_HULP_MOF-SO; V-SKL-DATA_HULP_MOF_VERBINDING_HDPE-SO","*_**_KL_DATA_WAN_HULPSTUK","0.18","90","92","90","90","90","CONTINUOUS","0.35","90","92","90","90","90","CONTINUOUS","0.35","90","92","90","90","90","V-CONTINUOUS-SO","0.35","90","92","90","90","90","CONTINUOUS","","","829","827","http://digitalbuildingdata.tech/nlcs/def/d3490925-6394-4f42-a420-fc8abcab1b5e","http://digitalbuildingdata.tech/nlcs/def/e3b65e8b-9a40-4e88-877d-3b48c4462205"
"DATA_GLASVEZEL_KAST","*","_","**","_","KL","_","DATA","_","GLASVEZEL","_","KAST","_","","_","","_","","'-","","'-","G/S","'-","","SKL-DATA_TERREINKAST-SO; V-SKL-DATA_TERREINKAST-SO","*_**_KL_DATA_GLASVEZEL_KAST","0.18","90","92","90","90","90","CONTINUOUS","0.35","90","92","90","90","90","CONTINUOUS","0.35","90","92","90","90","90","V-CONTINUOUS-SO","0.35","90","92","90","90","90","CONTINUOUS","","","755","750","http://digitalbuildingdata.tech/nlcs/def/13cc56ad-bc1d-4cb2-a262-9293b91459f3","http://digitalbuildingdata.tech/nlcs/def/8b787620-4244-43b4-8692-d8d0e027fda8"
"WATER_BRANDLEIDING_LOCATIEPAAL","*","_","**","_","KL","_","WATER","_","BRANDLEIDING","_","LOCATIEPAAL","_","","_","","_","","'-","","'-","G/S","'-","","SKL-LEIDINGMERKPAAL","*_**_KL_WATER_BRANDLEIDING_LOCATIEPAAL","0.18","150","152","150","150","252","CONTINUOUS","0.35","150","152","150","150","252","CONTINUOUS","0.35","150","152","150","150","252","V-CONTINUOUS-SO","0.35","150","152","150","150","252","CONTINUOUS","","","1309","1280","http://digitalbuildingdata.tech/nlcs/def/eb8925a7-0746-4c17-97e5-ea2030217ef9","http://digitalbuildingdata.tech/nlcs/def/dce93aba-5736-4a3f-a45b-0901a92a00d7"
"DATA_SIGNAALKABEL_KAST","*","_","**","_","KL","_","DATA","_","SIGNAALKABEL","_","KAST","_","","_","","_","","'-","","'-","G/S","'-","","SKL-DATA_TERREINKAST-SO; V-SKL-DATA_TERREINKAST-SO","*_**_KL_DATA_SIGNAALKABEL_KAST","0.18","90","92","90","90","90","KL-SIGNAALKABEL-SO","0.35","90","92","90","90","90","KL-SIGNAALKABEL-SO","0.35","90","92","90","90","90","V-KL-SIGNAALKABEL-SO","0.35","90","92","90","90","90","KL-SIGNAALKABEL-SO","","","795","789","http://digitalbuildingdata.tech/nlcs/def/1c38c41c-d481-4b52-b53c-570cd916b096","http://digitalbuildingdata.tech/nlcs/def/7e35f242-c1bb-40c1-8cf1-8e21e5fc8deb"
"DATA_DEFENSIE_KAST","*","_","**","_","KL","_","DATA","_","DEFENSIE","_","KAST","_","","_","","_","","'-","","'-","G/S","'-","","SKL-DATA_TERREINKAST-SO; V-SKL-DATA_TERREINKAST-SO","*_**_KL_DATA_DEFENSIE_KAST","0.18","90","92","90","90","90","CONTINUOUS","0.35","90","92","90","90","90","CONTINUOUS","0.35","90","92","90","90","90","V-CONTINUOUS-SO","0.35","90","92","90","90","90","CONTINUOUS","","","743","737","http://digitalbuildingdata.tech/nlcs/def/966bc2b8-d319-4d60-bc3d-4b1f2c943b75","http://digitalbuildingdata.tech/nlcs/def/bd8f236c-cc22-438d-be73-9f4485bd5acc"
"WATER_BEREGENING_SPROEIER","*","_","**","_","KL","_","WATER","_","BEREGENING","_","SPROEIER","_","","_","","_","","'-","","'-","G/S","'-","","SKL-BEREGENING_SPROEIER-SO; V-SKL-BEREGENING_SPROEIER-SO","*_**_KL_WATER_BEREGENING_SPROEIER","0.18","150","152","150","150","252","KL-WATER-SO","0.35","150","152","150","150","252","KL-WATER-SO","0.35","150","152","150","150","252","V-KL-WATER-SO","0.35","150","152","150","150","252","KL-WATER-SO","","","1278","1265","http://digitalbuildingdata.tech/nlcs/def/8620934a-ffbd-45c1-b86e-742768abce19","http://digitalbuildingdata.tech/nlcs/def/40f7ba08-1a69-4ded-a67e-eebe3bb98517"
"ET_MS_TRANSFORMATORSTATION","*","_","**","_","KL","_","ET","_","MS","_","TRANSFORMATORSTATION","_","","_","","_","","'-","","'-","G/S","'-","","SKL-ET_TRANSFORMATORSTATION-SO; V-SKL-ET_TRANSFORMATORSTATION-SO","*_**_KL_ET_MS_TRANSFORMATORSTATION","0.18","130","132","130","130","252","CONTINUOUS","0.35","130","132","130","130","252","CONTINUOUS","0.35","130","132","130","130","252","V-CONTINUOUS-SO","0.35","130","132","130","130","252","CONTINUOUS","","","984","973","http://digitalbuildingdata.tech/nlcs/def/593ea5eb-7ee7-4b62-86c9-2b87ba3262c0","http://digitalbuildingdata.tech/nlcs/def/8f5db8db-3195-470e-8371-d9d8cd8359f4"
"ET_AARDING_KAST","*","_","**","_","KL","_","ET","_","AARDING","_","KAST","_","","_","","_","","'-","","'-","G/S","'-","","SKL-ET_TERREINKAST-SO; V-SKL-ET_TERREINKAST-SO","*_**_KL_ET_AARDING_KAST","0.18","7","7","7","7","7","CONTINUOUS","0.35","7","7","7","7","7","CONTINUOUS","0.35","7","7","7","7","7","V-CONTINUOUS-SO","0.35","7","7","7","7","7","CONTINUOUS","","","857","841","http://digitalbuildingdata.tech/nlcs/def/473d56df-6a44-4906-ab9b-f021239dc0f6","http://digitalbuildingdata.tech/nlcs/def/c3d9f0c7-34e1-4288-82f5-e72aa225aa83"
"DATA_CAI_HULPSTUK","*","_","**","_","KL","_","DATA","_","CAI","_","HULPSTUK","_","","_","","_","","'-","","'-","G/S","'-","","SKL-DATA_HULP_MOF-SO; SKL-DATA_HULP_MOF_VERBINDING_HDPE-SO; V-SKL-DATA_HULP_MOF-SO; V-SKL-DATA_HULP_MOF_VERBINDING_HDPE-SO","*_**_KL_DATA_CAI_HULPSTUK","0.18","90","92","90","90","90","CONTINUOUS","0.35","90","92","90","90","90","CONTINUOUS","0.35","90","92","90","90","90","V-CONTINUOUS-SO","0.35","90","92","90","90","90","CONTINUOUS","","","725","724","http://digitalbuildingdata.tech/nlcs/def/a66df8db-0de4-4663-847f-0d9f3481f75f","http://digitalbuildingdata.tech/nlcs/def/476be5a4-3693-4cc5-907f-c27698873c69"
"DATA_INTERCOM_KAST","*","_","**","_","KL","_","DATA","_","INTERCOM","_","KAST","_","","_","","_","","'-","","'-","G/S","'-","","SKL-DATA_TERREINKAST-SO; V-SKL-DATA_TERREINKAST-SO","*_**_KL_DATA_INTERCOM_KAST","0.18","90","92","90","90","90","CONTINUOUS","0.35","90","92","90","90","90","CONTINUOUS","0.35","90","92","90","90","90","V-CONTINUOUS-SO","0.35","90","92","90","90","90","CONTINUOUS","","","771","765","http://digitalbuildingdata.tech/nlcs/def/0189fcc9-8f37-44ea-86b4-af9a6ad0bb4d","http://digitalbuildingdata.tech/nlcs/def/396db058-70ee-4332-943b-6f2e82da20b4"
"ET_MS_KABELROL","*","_","**","_","KL","_","ET","_","MS","_","KABELROL","_","","_","","_","","'-","","'-","G/S","'-","","SKL-ET_KABELROL-SO; V-SKL-ET_KABELROL-SO","*_**_KL_ET_MS_KABELROL","0.18","130","132","130","130","252","CONTINUOUS","0.35","130","132","130","130","252","CONTINUOUS","0.35","130","132","130","130","252","V-CONTINUOUS-SO","0.35","130","132","130","130","252","CONTINUOUS","","","981","973","http://digitalbuildingdata.tech/nlcs/def/173f2e79-f960-4e0c-8952-d4d0f1afec08","http://digitalbuildingdata.tech/nlcs/def/8f5db8db-3195-470e-8371-d9d8cd8359f4"
"GAS_HULPSTUK_STRAATPOT","*","_","**","_","KL","_","GAS","_","HULPSTUK","_","STRAATPOT","_","","_","","_","","'-","","'-","G/S","'-","","SKL-GAS_STRAATPOT-SO; V-SKL-GAS_STRAATPOT-SO","*_**_KL_GAS_HULPSTUK_STRAATPOT","0.18","30","32","30","30","252","CONTINUOUS","0.35","30","32","30","30","252","CONTINUOUS","0.35","30","32","30","30","252","V-CONTINUOUS-SO","0.35","30","32","30","30","252","CONTINUOUS","","","1110","1102","http://digitalbuildingdata.tech/nlcs/def/d364cb72-8d88-42a1-b7ef-9bedcc22dad0","http://digitalbuildingdata.tech/nlcs/def/ea6c235b-4951-4049-8f3d-aa96432a4f53"
"DATA_GLASVEZEL_HULPSTUK","*","_","**","_","KL","_","DATA","_","GLASVEZEL","_","HULPSTUK","_","","_","","_","","'-","","'-","G/S","'-","","SKL-DATA_HULP_MOF-SO; SKL-DATA_HULP_MOF_VERBINDING_HDPE-SO; V-SKL-DATA_HULP_MOF-SO; V-SKL-DATA_HULP_MOF_VERBINDING_HDPE-SO","*_**_KL_DATA_GLASVEZEL_HULPSTUK","0.18","90","92","90","90","90","CONTINUOUS","0.35","90","92","90","90","90","CONTINUOUS","0.35","90","92","90","90","90","V-CONTINUOUS-SO","0.35","90","92","90","90","90","CONTINUOUS","","","751","750","http://digitalbuildingdata.tech/nlcs/def/841704f0-7244-4983-a535-a40e79ca6fe8","http://digitalbuildingdata.tech/nlcs/def/8b787620-4244-43b4-8692-d8d0e027fda8"
"ET_ZHS_TRANSFORMATORSTATION","*","_","**","_","KL","_","ET","_","ZHS","_","TRANSFORMATORSTATION","_","","_","","_","","'-","","'-","G/S","'-","","SKL-ET_TRANSFORMATORSTATION-SO; V-SKL-ET_TRANSFORMATORSTATION-SO","*_**_KL_ET_ZHS_TRANSFORMATORSTATION","0.18","10","12","10","10","252","CONTINUOUS","0.35","10","12","10","10","252","CONTINUOUS","0.35","10","12","10","10","252","V-CONTINUOUS-SO","0.35","10","12","10","10","252","CONTINUOUS","","","996","986","http://digitalbuildingdata.tech/nlcs/def/c1c68585-5743-4604-8459-272d42268ee4","http://digitalbuildingdata.tech/nlcs/def/da60dbfd-1d3f-4dcf-ba24-aedf1b16e0e4"
"WATER_HUISAANSLUITING_PVC","*","_","**","_","KL","_","WATER","_","HUISAANSLUITING","_","PVC","_","","_","","_","","'-","","'-","G","'-","","","*_**_KL_WATER_HUISAANSLUITING_PVC","0.18","170","172","170","170","252","KL-WATER-SO","0.35","170","172","170","170","252","KL-WATER-SO","0.35","170","172","170","170","252","V-KL-WATER-SO","0.35","170","172","170","170","252","KL-WATER-SO","","","1340","1331","http://digitalbuildingdata.tech/nlcs/def/fc6f9e2e-d35c-464b-954c-044552f365a6","http://digitalbuildingdata.tech/nlcs/def/b29a81d7-e33e-4201-a487-4f206d1122bc"
"CV_TRANSPORTLEIDING_STAAL","*","_","**","_","KL","_","CV","_","TRANSPORTLEIDING","_","STAAL","_","","_","","_","","'-","","'-","G","'-","","","*_**_KL_CV_TRANSPORTLEIDING_STAAL","0.18","40","42","40","40","40","KL-CV-SO","0.35","40","42","40","40","40","KL-CV-SO","0.35","40","42","40","40","40","V-KL-CV-SO","0.35","40","42","40","40","40","KL-CV-SO","","","701","682","http://digitalbuildingdata.tech/nlcs/def/30fb626b-9b47-4fa8-a05e-a215cf02fc7e","http://digitalbuildingdata.tech/nlcs/def/a5c4dae2-355b-4dc1-8fa1-960487c82f21"
"GAS_HD_HOOFDLEIDING","*","_","**","_","KL","_","GAS","_","HD","_","HOOFDLEIDING","_","","_","","_","","'-","","'-","G","'-","","","*_**_KL_GAS_HD_HOOFDLEIDING","0.18","30","32","30","30","252","KL-GAS_HD-SO","0.35","30","32","30","30","252","KL-GAS_HD-SO","0.35","30","32","30","30","252","V-KL-GAS_HD-SO","0.35","30","32","30","30","252","KL-GAS_HD-SO","","","1054","999","http://digitalbuildingdata.tech/nlcs/def/7df34e34-2b2b-449a-9856-fed93abc4da8","http://digitalbuildingdata.tech/nlcs/def/3beda832-424c-49cc-b338-468d3c12f0ed"
"CV_TRANSPORTLEIDING_GVK","*","_","**","_","KL","_","CV","_","TRANSPORTLEIDING","_","GVK","_","","_","","_","","'-","","'-","G","'-","","","*_**_KL_CV_TRANSPORTLEIDING_GVK","0.18","40","42","40","40","40","KL-CV-SO","0.35","40","42","40","40","40","KL-CV-SO","0.35","40","42","40","40","40","V-KL-CV-SO","0.35","40","42","40","40","40","KL-CV-SO","","","683","682","http://digitalbuildingdata.tech/nlcs/def/0b4f218c-508c-4375-9a2b-5f3c8e6abd4f","http://digitalbuildingdata.tech/nlcs/def/a5c4dae2-355b-4dc1-8fa1-960487c82f21"
"KOUDENET_AANSLUITLEIDING_RETOUR","*","_","**","_","KL","_","KOUDENET","_","AANSLUITLEIDING","_","RETOUR","_","","_","","_","","'-","","'-","G","'-","","","*_**_KL_KOUDENET_AANSLUITLEIDING_RETOUR","0.18","130","132","130","130","252","KL-KOUDENET-SO","0.35","130","132","130","130","252","KL-KOUDENET-SO","0.35","130","132","130","130","252","V-KL-KOUDENET-SO","0.35","130","132","130","130","252","KL-KOUDENET-SO","","","1190","1184","http://digitalbuildingdata.tech/nlcs/def/1676470f-3e6e-415f-bada-ed4f38d0f224","http://digitalbuildingdata.tech/nlcs/def/4ae6160e-509a-497d-8b1f-26c3f863599e"
"CV_HUISAANSLUITING_STAAL","*","_","**","_","KL","_","CV","_","HUISAANSLUITING","_","STAAL","_","","_","","_","","'-","","'-","G","'-","","","*_**_KL_CV_HUISAANSLUITING_STAAL","0.18","40","42","40","40","40","KL-CV-SO","0.35","40","42","40","40","40","KL-CV-SO","0.35","40","42","40","40","40","V-KL-CV-SO","0.35","40","42","40","40","40","KL-CV-SO","","","654","646","http://digitalbuildingdata.tech/nlcs/def/f86add7b-e89c-452e-b937-2369ebfadd60","http://digitalbuildingdata.tech/nlcs/def/31587151-69d6-4716-a04b-667f7134e743"
"WARMTENET_TRANSPORTLEIDING_AANVOER","*","_","**","_","KL","_","WARMTENET","_","TRANSPORTLEIDING","_","AANVOER","_","","_","","_","","'-","","'-","G","'-","","","*_**_KL_WARMTENET_TRANSPORTLEIDING_AANVOER","0.18","80","82","80","80","252","KL-WARMTENET-SO","0.35","80","82","80","80","252","KL-WARMTENET-SO","0.35","80","82","80","80","252","V-KL-WARMTENET-SO","0.35","80","82","80","80","252","KL-WARMTENET-SO","","","1254","1253","http://digitalbuildingdata.tech/nlcs/def/04424bf5-a676-4344-aba3-fd51d591cf14","http://digitalbuildingdata.tech/nlcs/def/06e1c7a3-8947-4e9c-9a9a-0155cf50235e"
"WATER_BRANDLEIDING_HUISAANSLUITING","*","_","**","_","KL","_","WATER","_","BRANDLEIDING","_","HUISAANSLUITING","_","","_","","_","","'-","","'-","G","'-","","","*_**_KL_WATER_BRANDLEIDING_HUISAANSLUITING","0.18","150","152","150","150","252","KL-WATER-SO","0.35","150","152","150","150","252","KL-WATER-SO","0.35","150","152","150","150","252","V-KL-WATER-SO","0.35","150","152","150","150","252","KL-WATER-SO","","","1284","1280","http://digitalbuildingdata.tech/nlcs/def/934acaa8-4b88-4f89-b948-6cea6a543806","http://digitalbuildingdata.tech/nlcs/def/dce93aba-5736-4a3f-a45b-0901a92a00d7"
"BRANDSTOF_HULPSTUK_AANSLUITPUNT","*","_","**","_","KL","_","BRANDSTOF","_","HULPSTUK","_","AANSLUITPUNT","_","","_","","_","","'-","","'-","G","'-","","","*_**_KL_BRANDSTOF_HULPSTUK_AANSLUITPUNT","0.18","40","42","40","40","40","CONTINUOUS","0.35","40","42","40","40","40","CONTINUOUS","0.35","40","42","40","40","40","V-CONTINUOUS-SO","0.35","40","42","40","40","40","CONTINUOUS","","","622","621","http://digitalbuildingdata.tech/nlcs/def/8509799d-29fa-4dc7-9373-265eb45cea7b","http://digitalbuildingdata.tech/nlcs/def/9da81c78-210b-45f0-aa9d-6cfab9513c57"
"KOUDENET_TRANSPORTLEIDING_RETOUR","*","_","**","_","KL","_","KOUDENET","_","TRANSPORTLEIDING","_","RETOUR","_","","_","","_","","'-","","'-","G","'-","","","*_**_KL_KOUDENET_TRANSPORTLEIDING_RETOUR","0.18","130","132","130","130","252","KL-KOUDENET-SO","0.35","130","132","130","130","252","KL-KOUDENET-SO","0.35","130","132","130","130","252","V-KL-KOUDENET-SO","0.35","130","132","130","130","252","KL-KOUDENET-SO","","","1210","1204","http://digitalbuildingdata.tech/nlcs/def/f581e61d-fde4-4b69-bae7-56b1e834a802","http://digitalbuildingdata.tech/nlcs/def/efcef735-d613-4b82-9d58-43ebe180e8aa"
"KOUDENET_HULPSTUK_AFSLUITER","*","_","**","_","KL","_","KOUDENET","_","HULPSTUK","_","AFSLUITER","_","","_","","_","","'-","","'-","G","'-","","","*_**_KL_KOUDENET_HULPSTUK_AFSLUITER","0.18","130","132","130","130","252","CONTINUOUS","0.35","130","132","130","130","252","CONTINUOUS","0.35","130","132","130","130","252","V-CONTINUOUS-SO","0.35","130","132","130","130","252","CONTINUOUS","","","1198","1196","http://digitalbuildingdata.tech/nlcs/def/36b217ce-b8c0-4064-a4f6-66b6c3cfa966","http://digitalbuildingdata.tech/nlcs/def/1c3bb9fe-a61f-4da0-a3e6-f501ca108d2f"
"DATA_DEFENSIE_MANTELBUIS","*","_","**","_","KL","_","DATA","_","DEFENSIE","_","MANTELBUIS","_","","_","","_","","'-","","'-","G","'-","","","*_**_KL_DATA_DEFENSIE_MANTELBUIS","0.18","90","92","90","90","90","CONTINUOUS","0.35","90","92","90","90","90","CONTINUOUS","0.35","90","92","90","90","90","V-CONTINUOUS-SO","0.35","90","92","90","90","90","CONTINUOUS","","","748","737","http://digitalbuildingdata.tech/nlcs/def/e07ec8b9-ae20-4c31-9882-2a4dca656f2e","http://digitalbuildingdata.tech/nlcs/def/bd8f236c-cc22-438d-be73-9f4485bd5acc"
"GAS_HULPSTUK_KNOOPPUNT","*","_","**","_","KL","_","GAS","_","HULPSTUK","_","KNOOPPUNT","_","","_","","_","","'-","","'-","G","'-","","","*_**_KL_GAS_HULPSTUK_KNOOPPUNT","0.18","30","32","30","30","252","CONTINUOUS","0.35","30","32","30","30","252","CONTINUOUS","0.35","30","32","30","30","252","V-CONTINUOUS-SO","0.35","30","32","30","30","252","CONTINUOUS","","","1107","1102","http://digitalbuildingdata.tech/nlcs/def/98799c7d-96f8-4dca-93d5-edc0a9caca96","http://digitalbuildingdata.tech/nlcs/def/ea6c235b-4951-4049-8f3d-aa96432a4f53"
"DATA_TELECOM_KOPER","*","_","**","_","KL","_","DATA","_","TELECOM","_","KOPER","_","","_","","_","","'-","","'-","G","'-","","","*_**_KL_DATA_TELECOM_KOPER","0.18","90","92","90","90","90","KL-TELECOM-SO","0.35","90","92","90","90","90","KL-TELECOM-SO","0.35","90","92","90","90","90","V-KL-TELECOM-SO","0.35","90","92","90","90","90","KL-TELECOM-SO","","","824","814","http://digitalbuildingdata.tech/nlcs/def/553e1fc3-0325-4dd9-a1f0-a5f86de28fe4","http://digitalbuildingdata.tech/nlcs/def/ecd51884-45cb-4856-93d2-ba3967cfeb3f"
"KOUDENET_TRANSPORTLEIDING_AANVOER","*","_","**","_","KL","_","KOUDENET","_","TRANSPORTLEIDING","_","AANVOER","_","","_","","_","","'-","","'-","G","'-","","","*_**_KL_KOUDENET_TRANSPORTLEIDING_AANVOER","0.18","130","132","130","130","252","KL-KOUDENET-SO","0.35","130","132","130","130","252","KL-KOUDENET-SO","0.35","130","132","130","130","252","V-KL-KOUDENET-SO","0.35","130","132","130","130","252","KL-KOUDENET-SO","","","1205","1204","http://digitalbuildingdata.tech/nlcs/def/58d10126-3943-4e87-a7e2-ce6fb020c5e3","http://digitalbuildingdata.tech/nlcs/def/efcef735-d613-4b82-9d58-43ebe180e8aa"
"WARMTENET_AANSLUITLEIDING_AANVOER","*","_","**","_","KL","_","WARMTENET","_","AANSLUITLEIDING","_","AANVOER","_","","_","","_","","'-","","'-","G","'-","","","*_**_KL_WARMTENET_AANSLUITLEIDING_AANVOER","0.18","80","82","80","80","252","KL-WARMTENET-SO","0.35","80","82","80","80","252","KL-WARMTENET-SO","0.35","80","82","80","80","252","V-KL-WARMTENET-SO","0.35","80","82","80","80","252","KL-WARMTENET-SO","","","1234","1233","http://digitalbuildingdata.tech/nlcs/def/9b933391-aada-48ff-8d93-e89dc5d7c422","http://digitalbuildingdata.tech/nlcs/def/7ae58b45-674b-4e53-a6b0-effd1aadcd4e"
"WARMTENET_HULPSTUK_AFSLUITER","*","_","**","_","KL","_","WARMTENET","_","HULPSTUK","_","AFSLUITER","_","","_","","_","","'-","","'-","G","'-","","","*_**_KL_WARMTENET_HULPSTUK_AFSLUITER","0.18","80","82","80","80","252","CONTINUOUS","0.35","80","82","80","80","252","CONTINUOUS","0.35","80","82","80","80","252","V-CONTINUOUS-SO","0.35","80","82","80","80","252","CONTINUOUS","","","1247","1245","http://digitalbuildingdata.tech/nlcs/def/1e9b0da7-2fd4-42c1-b970-7eb197991852","http://digitalbuildingdata.tech/nlcs/def/ea6dfdc6-c763-4d08-bad5-45d02f19634b"
"WATER_BEREGENING_AANSLUITLEIDING","*","_","**","_","KL","_","WATER","_","BEREGENING","_","AANSLUITLEIDING","_","","_","","_","","'-","","'-","G","'-","","","*_**_KL_WATER_BEREGENING_AANSLUITLEIDING","0.18","150","152","150","150","252","KL-WATER-SO","0.35","150","152","150","150","252","KL-WATER-SO","0.35","150","152","150","150","252","V-KL-WATER-SO","0.35","150","152","150","150","252","KL-WATER-SO","","","1266","1265","http://digitalbuildingdata.tech/nlcs/def/2692d589-97c7-4224-ad94-43b9422502d2","http://digitalbuildingdata.tech/nlcs/def/40f7ba08-1a69-4ded-a67e-eebe3bb98517"
"WATER_TRANSPORTLEIDING_PVC","*","_","**","_","KL","_","WATER","_","TRANSPORTLEIDING","_","PVC","_","","_","","_","","'-","","'-","G","'-","","","*_**_KL_WATER_TRANSPORTLEIDING_PVC","0.18","170","172","170","170","253","KL-WATER-SO","0.35","170","172","170","170","253","KL-WATER-SO","0.35","170","172","170","170","253","V-KL-WATER-SO","0.35","170","172","170","170","253","KL-WATER-SO","","","1375","1365","http://digitalbuildingdata.tech/nlcs/def/735c8394-c143-4473-8c83-cd18313a3514","http://digitalbuildingdata.tech/nlcs/def/8b3d82b4-f80a-45ee-8700-7c95b866e107"
"WATER_HUISAANSLUITING_PE","*","_","**","_","KL","_","WATER","_","HUISAANSLUITING","_","PE","_","","_","","_","","'-","","'-","G","'-","","","*_**_KL_WATER_HUISAANSLUITING_PE","0.18","170","172","170","170","252","KL-WATER-SO","0.35","170","172","170","170","252","KL-WATER-SO","0.35","170","172","170","170","252","V-KL-WATER-SO","0.35","170","172","170","170","252","KL-WATER-SO","","","1332","1331","http://digitalbuildingdata.tech/nlcs/def/c211168f-f8bf-4b6b-8bc4-b68b74cd6ca8","http://digitalbuildingdata.tech/nlcs/def/b29a81d7-e33e-4201-a487-4f206d1122bc"
"CV_HUISAANSLUITING_GVK","*","_","**","_","KL","_","CV","_","HUISAANSLUITING","_","GVK","_","","_","","_","","'-","","'-","G","'-","","","*_**_KL_CV_HUISAANSLUITING_GVK","0.18","40","42","40","40","40","KL-CV-SO","0.35","40","42","40","40","40","KL-CV-SO","0.35","40","42","40","40","40","V-KL-CV-SO","0.35","40","42","40","40","40","KL-CV-SO","","","647","646","http://digitalbuildingdata.tech/nlcs/def/0974872c-0b7d-445c-972a-908063666b91","http://digitalbuildingdata.tech/nlcs/def/31587151-69d6-4716-a04b-667f7134e743"
"WATER_BEREGENING_PUT","*","_","**","_","KL","_","WATER","_","BEREGENING","_","PUT","_","","_","","_","","'-","","'-","G","'-","","","*_**_KL_WATER_BEREGENING_PUT","0.18","150","152","150","150","252","KL-WATER-SO","0.35","150","152","150","150","252","KL-WATER-SO","0.35","150","152","150","150","252","V-KL-WATER-SO","0.35","150","152","150","150","252","KL-WATER-SO","","","1277","1265","http://digitalbuildingdata.tech/nlcs/def/685d5e96-b982-452f-b105-880cca8eb3b9","http://digitalbuildingdata.tech/nlcs/def/40f7ba08-1a69-4ded-a67e-eebe3bb98517"
"WATER_HULPSTUK_DRUKREGELAAR","*","_","**","_","KL","_","WATER","_","HULPSTUK","_","DRUKREGELAAR","_","","_","","_","","'-","","'-","G","'-","","","*_**_KL_WATER_HULPSTUK_DRUKREGELAAR","0.18","170","172","170","170","252","CONTINUOUS","0.35","170","172","170","170","252","CONTINUOUS","0.35","170","172","170","170","252","V-CONTINUOUS-SO","0.35","170","172","170","170","252","CONTINUOUS","","","1352","1348","http://digitalbuildingdata.tech/nlcs/def/1b5ffea2-d654-494f-bacd-1e85252309e6","http://digitalbuildingdata.tech/nlcs/def/35083bf9-cfe9-4e12-9aac-ea90f395960a"
"ET_LS_VOEDINGKAST","*","_","**","_","KL","_","ET","_","LS","_","VOEDINGKAST","_","","_","","_","","'-","","'-","G","'-","","","*_**_KL_ET_LS_VOEDINGKAST","0.18","190","192","190","190","252","CONTINUOUS","0.35","190","192","190","190","190","CONTINUOUS","0.35","190","192","190","190","190","V-CONTINUOUS-SO","0.35","190","192","190","190","190","CONTINUOUS","","","960","878","http://digitalbuildingdata.tech/nlcs/def/30f68c01-6539-4f1c-8229-d91b7ccf0fda","http://digitalbuildingdata.tech/nlcs/def/b55d2c5f-4eb0-414b-88db-da7403ad02cf"
"GAS_PUT_PUTKAST","*","_","**","_","KL","_","GAS","_","PUT","_","PUTKAST","_","","_","","_","","'-","","'-","G","'-","","","*_**_KL_GAS_PUT_PUTKAST","0.18","30","32","30","30","252","CONTINUOUS","0.35","30","32","30","30","252","CONTINUOUS","0.35","30","32","30","30","252","V-CONTINUOUS-SO","0.35","30","32","30","30","252","CONTINUOUS","","","1177","1176","http://digitalbuildingdata.tech/nlcs/def/3782f810-bbda-4e7e-89c5-726d19b88f78","http://digitalbuildingdata.tech/nlcs/def/e8f07c5f-960e-4e4f-9de8-613d2cbb2f8b"
"DATA_WAN_GLASVEZEL","*","_","**","_","KL","_","DATA","_","WAN","_","GLASVEZEL","_","","_","","_","","'-","","'-","G","'-","","","*_**_KL_DATA_WAN_GLASVEZEL","0.18","90","92","90","90","90","KL-WAN-SO","0.35","90","92","90","90","90","KL-WAN-SO","0.35","90","92","90","90","90","V-KL-WAN-SO","0.35","90","92","90","90","90","KL-WAN-SO","","","828","827","http://digitalbuildingdata.tech/nlcs/def/10f1fba1-0b6b-42ea-9836-b4ee4b89b453","http://digitalbuildingdata.tech/nlcs/def/e3b65e8b-9a40-4e88-877d-3b48c4462205"
"WATER_HULPSTUK_AANSLUITPUNT","*","_","**","_","KL","_","WATER","_","HULPSTUK","_","AANSLUITPUNT","_","","_","","_","","'-","","'-","G","'-","","","*_**_KL_WATER_HULPSTUK_AANSLUITPUNT","0.18","170","172","170","170","252","CONTINUOUS","0.35","170","172","170","170","252","CONTINUOUS","0.35","170","172","170","170","252","V-CONTINUOUS-SO","0.35","170","172","170","170","252","CONTINUOUS","","","1349","1348","http://digitalbuildingdata.tech/nlcs/def/b4da81a8-9e0c-43dc-b657-d19a721930fd","http://digitalbuildingdata.tech/nlcs/def/35083bf9-cfe9-4e12-9aac-ea90f395960a"
"WARMTENET_AANSLUITLEIDING_RETOUR","*","_","**","_","KL","_","WARMTENET","_","AANSLUITLEIDING","_","RETOUR","_","","_","","_","","'-","","'-","G","'-","","","*_**_KL_WARMTENET_AANSLUITLEIDING_RETOUR","0.18","80","82","80","80","252","KL-WARMTENET-SO","0.35","80","82","80","80","252","KL-WARMTENET-SO","0.35","80","82","80","80","252","V-KL-WARMTENET-SO","0.35","80","82","80","80","252","KL-WARMTENET-SO","","","1239","1233","http://digitalbuildingdata.tech/nlcs/def/f8eeb936-20c4-4434-9e63-e09ccb8e538e","http://digitalbuildingdata.tech/nlcs/def/7ae58b45-674b-4e53-a6b0-effd1aadcd4e"
"WARMTENET_HULPSTUK_AANSLUITPUNT","*","_","**","_","KL","_","WARMTENET","_","HULPSTUK","_","AANSLUITPUNT","_","","_","","_","","'-","","'-","G","'-","","","*_**_KL_WARMTENET_HULPSTUK_AANSLUITPUNT","0.18","80","82","80","80","252","CONTINUOUS","0.35","80","82","80","80","252","CONTINUOUS","0.35","80","82","80","80","252","V-CONTINUOUS-SO","0.35","80","82","80","80","252","CONTINUOUS","","","1246","1245","http://digitalbuildingdata.tech/nlcs/def/131983a8-b2a8-4a67-a346-852b214ff1a8","http://digitalbuildingdata.tech/nlcs/def/ea6dfdc6-c763-4d08-bad5-45d02f19634b"
"BRANDSTOF_HULPSTUK_DRUKMEETPUNT","*","_","**","_","KL","_","BRANDSTOF","_","HULPSTUK","_","DRUKMEETPUNT","_","","_","","_","","'-","","'-","G","'-","","","*_**_KL_BRANDSTOF_HULPSTUK_DRUKMEETPUNT","0.18","40","42","40","40","40","CONTINUOUS","0.35","40","42","40","40","40","CONTINUOUS","0.35","40","42","40","40","40","V-CONTINUOUS-SO","0.35","40","42","40","40","40","CONTINUOUS","","","624","621","http://digitalbuildingdata.tech/nlcs/def/4dff1811-c42a-4bdd-b597-9b943ea8de05","http://digitalbuildingdata.tech/nlcs/def/9da81c78-210b-45f0-aa9d-6cfab9513c57"
"ET_LS_MANTELBUIS","*","_","**","_","KL","_","ET","_","LS","_","MANTELBUIS","_","","_","","_","","'-","","'-","G","'-","","","*_**_KL_ET_LS_MANTELBUIS","0.18","190","192","190","190","252","CONTINUOUS","0.35","190","192","190","190","190","CONTINUOUS","0.35","190","192","190","190","190","V-CONTINUOUS-SO","0.35","190","192","190","190","190","CONTINUOUS","","","885","878","http://digitalbuildingdata.tech/nlcs/def/d3b4ce21-e627-414c-af32-6c11d062b29f","http://digitalbuildingdata.tech/nlcs/def/b55d2c5f-4eb0-414b-88db-da7403ad02cf"
"WATER_BEREGENING_POMPPUT","*","_","**","_","KL","_","WATER","_","BEREGENING","_","POMPPUT","_","","_","","_","","'-","","'-","G","'-","","","*_**_KL_WATER_BEREGENING_POMPPUT","0.18","150","152","150","150","252","KL-WATER-SO","0.35","150","152","150","150","252","KL-WATER-SO","0.35","150","152","150","150","252","V-KL-WATER-SO","0.35","150","152","150","150","252","KL-WATER-SO","","","1276","1265","http://digitalbuildingdata.tech/nlcs/def/b28c68b0-26ed-4249-899f-2e5d8d41c046","http://digitalbuildingdata.tech/nlcs/def/40f7ba08-1a69-4ded-a67e-eebe3bb98517"
"DATA_SIGNAALKABEL_PRORAIL","*","_","**","_","KL","_","DATA","_","SIGNAALKABEL","_","PRORAIL","_","","_","","_","","'-","","'-","G","'-","","","*_**_KL_DATA_SIGNAALKABEL_PRORAIL","0.18","90","92","90","90","90","KL-DATA_PRORAIL-SO","0.35","90","92","90","90","90","KL-DATA_PRORAIL-SO","0.35","90","92","90","90","90","V-KL-DATA_PRORAIL-SO","0.35","90","92","90","90","90","KL-DATA_PRORAIL-SO","","","3119","789","http://digitalbuildingdata.tech/nlcs/def/fe85b4df-5545-4bc2-8150-afcd4740874a","http://digitalbuildingdata.tech/nlcs/def/7e35f242-c1bb-40c1-8cf1-8e21e5fc8deb"
"DATA_GLASVEZEL_KABELBUIS","*","_","**","_","KL","_","DATA","_","GLASVEZEL","_","KABELBUIS","_","","_","","_","","'-","","'-","G","'-","","","*_**_KL_DATA_GLASVEZEL_KABELBUIS","0.18","90","92","90","7","90","CONTINUOUS","0.35","90","92","90","7","90","CONTINUOUS","0.35","90","92","90","7","90","V-CONTINUOUS-SO","0.35","90","92","90","7","90","CONTINUOUS","","","2986","750","http://digitalbuildingdata.tech/nlcs/def/b278829c-a10c-4c36-aa87-f52d8169b7d8","http://digitalbuildingdata.tech/nlcs/def/8b787620-4244-43b4-8692-d8d0e027fda8"
"GAS_LD_AANSLUITLEIDING","*","_","**","_","KL","_","GAS","_","LD","_","AANSLUITLEIDING","_","","_","","_","","'-","","'-","G","'-","","","*_**_KL_GAS_LD_AANSLUITLEIDING","0.18","50","52","50","50","252","KL-GAS_LD-SO","0.35","50","52","50","50","252","KL-GAS_LD-SO","0.35","50","52","50","50","252","V-KL-GAS_LD-SO","0.35","50","52","50","50","252","KL-GAS_LD-SO","","","1113","1112","http://digitalbuildingdata.tech/nlcs/def/e3c88ea7-d490-4587-91de-fc74cd060079","http://digitalbuildingdata.tech/nlcs/def/cb87feca-40d8-4c1f-bffe-7e13b7054230"
"ET_LS_KABELBUNDEL","*","_","**","_","KL","_","ET","_","LS","_","KABELBUNDEL","_","","_","","_","","'-","","'-","G","'-","","","*_**_KL_ET_LS_KABELBUNDEL","0.18","190","192","190","190","252","KL-BUNDEL-SO","0.35","190","192","190","190","190","KL-BUNDEL-SO","0.35","190","192","190","190","190","V-CONTINUOUS-SO","0.35","190","192","190","190","190","KL-BUNDEL-SO","","","883","878","http://digitalbuildingdata.tech/nlcs/def/3a50ae35-5844-43aa-9b43-6af3d2d9acaa","http://digitalbuildingdata.tech/nlcs/def/b55d2c5f-4eb0-414b-88db-da7403ad02cf"
"DATA_STUURKABEL_KOPER","*","_","**","_","KL","_","DATA","_","STUURKABEL","_","KOPER","_","","_","","_","","'-","","'-","G","'-","","","*_**_KL_DATA_STUURKABEL_KOPER","0.18","90","92","90","90","90","KL-STUURKABEL-SO","0.35","90","92","90","90","90","KL-STUURKABEL-SO","0.35","90","92","90","90","90","V-KL-STUURKABEL-SO","0.35","90","92","90","90","90","KL-STUURKABEL-SO","","","811","801","http://digitalbuildingdata.tech/nlcs/def/657ede46-f367-4c5e-9371-fd0c7ebc4fbb","http://digitalbuildingdata.tech/nlcs/def/5d2c80e4-962b-47f6-9b31-8c83107bf717"
"ET_AARDING_KABEL","*","_","**","_","KL","_","ET","_","AARDING","_","KABEL","_","","_","","_","","'-","","'-","G","'-","","","*_**_KL_ET_AARDING_KABEL","0.18","7","7","7","7","7","KL-AARDING-SO","0.35","7","7","7","7","7","KL-AARDING-SO","0.35","7","7","7","7","7","V-KL-AARDING-SO","0.35","7","7","7","7","7","KL-AARDING-SO","","","853","841","http://digitalbuildingdata.tech/nlcs/def/044d6ba8-93d1-42db-bfd9-a22b3378f731","http://digitalbuildingdata.tech/nlcs/def/c3d9f0c7-34e1-4288-82f5-e72aa225aa83"
"DATA_HULPSTUK_MOF","*","_","**","_","KL","_","DATA","_","HULPSTUK","_","MOF","_","","_","","_","","'-","","'-","G","'-","","","*_**_KL_DATA_HULPSTUK_MOF","0.18","90","92","90","90","90","CONTINUOUS","0.35","90","92","90","90","90","CONTINUOUS","0.35","90","92","90","90","90","V-CONTINUOUS-SO","0.35","90","92","90","90","90","CONTINUOUS","","","763","761","http://digitalbuildingdata.tech/nlcs/def/b1cff8e5-575a-4883-8387-1fdf631d9c93","http://digitalbuildingdata.tech/nlcs/def/a6cdd2c4-7bf3-408d-9f22-e961503003f5"
"DATA_DEFENSIE_KOPER","*","_","**","_","KL","_","DATA","_","DEFENSIE","_","KOPER","_","","_","","_","","'-","","'-","G","'-","","","*_**_KL_DATA_DEFENSIE_KOPER","0.18","90","92","90","90","90","KL-DEF-SO","0.35","90","92","90","90","90","KL-DEF-SO","0.35","90","92","90","90","90","V-KL-DEF-SO","0.35","90","92","90","90","90","KL-DEF-SO","","","747","737","http://digitalbuildingdata.tech/nlcs/def/55680205-f1aa-47e2-b34e-d70e0cf60e7b","http://digitalbuildingdata.tech/nlcs/def/bd8f236c-cc22-438d-be73-9f4485bd5acc"
"ET_MANTELBUIS_PVC","*","_","**","_","KL","_","ET","_","MANTELBUIS","_","PVC","_","","_","","_","","'-","","'-","G","'-","","","*_**_KL_ET_MANTELBUIS_PVC","0.18","10","12","10","10","252","CONTINUOUS","0.35","10","12","10","10","252","CONTINUOUS","0.35","10","12","10","10","252","V-CONTINUOUS-SO","0.35","10","12","10","10","252","CONTINUOUS","","","971","969","http://digitalbuildingdata.tech/nlcs/def/2d8b5ad9-dca8-49b8-847f-687f314f30a8","http://digitalbuildingdata.tech/nlcs/def/8e2a6a14-8959-4f77-9b08-90adf2ef323a"
"ET_MS_10 kV","*","_","**","_","KL","_","ET","_","MS","_","10 kV","_","","_","","_","","'-","","'-","G","'-","","","*_**_KL_ET_MS_10 kV","0.18","130","132","130","130","252","KL-MS-SO","0.35","130","132","130","130","252","KL-MS-SO","0.35","130","132","130","130","252","V-KL-MS-SO","0.35","130","132","130","130","252","KL-MS-SO","","","975","973","http://digitalbuildingdata.tech/nlcs/def/e71bb8a9-51b0-4ecd-9b0f-17aaaa8b3a44","http://digitalbuildingdata.tech/nlcs/def/8f5db8db-3195-470e-8371-d9d8cd8359f4"
"ET_AARDING_AARDELECTRODE","*","_","**","_","KL","_","ET","_","AARDING","_","AARDELECTRODE","_","","_","","_","","'-","","'-","G","'-","","","*_**_KL_ET_AARDING_AARDELECTRODE","0.18","7","7","7","7","7","CONTINUOUS","0.35","7","7","7","7","7","CONTINUOUS","0.35","7","7","7","7","7","V-CONTINUOUS-SO","0.35","7","7","7","7","7","CONTINUOUS","","","842","841","http://digitalbuildingdata.tech/nlcs/def/52d26dd0-3191-4fe8-b2bb-c666f37efd09","http://digitalbuildingdata.tech/nlcs/def/c3d9f0c7-34e1-4288-82f5-e72aa225aa83"
"GAS_LD_HOOFDLEIDING","*","_","**","_","KL","_","GAS","_","LD","_","HOOFDLEIDING","_","","_","","_","","'-","","'-","G","'-","","","*_**_KL_GAS_LD_HOOFDLEIDING","0.18","50","52","50","50","252","KL-GAS_LD-SO","0.35","50","52","50","50","252","KL-GAS_LD-SO","0.35","50","52","50","50","252","V-KL-GAS_LD-SO","0.35","50","52","50","50","252","KL-GAS_LD-SO","","","1143","1112","http://digitalbuildingdata.tech/nlcs/def/4e3baa49-9ddc-416d-9ad4-66097fe8a0c0","http://digitalbuildingdata.tech/nlcs/def/cb87feca-40d8-4c1f-bffe-7e13b7054230"
"ET_MS_04 kV","*","_","**","_","KL","_","ET","_","MS","_","04 kV","_","","_","","_","","'-","","'-","G","'-","","","*_**_KL_ET_MS_04 kV","0.18","130","132","130","130","252","KL-MS-SO","0.35","130","132","130","130","252","KL-MS-SO","0.35","130","132","130","130","252","V-KL-MS-SO","0.35","130","132","130","130","252","KL-MS-SO","","","974","973","http://digitalbuildingdata.tech/nlcs/def/d5f5bab2-d42f-44cc-9678-704e282d84f3","http://digitalbuildingdata.tech/nlcs/def/8f5db8db-3195-470e-8371-d9d8cd8359f4"
"WATER_TRANSPORTLEIDING_PE","*","_","**","_","KL","_","WATER","_","TRANSPORTLEIDING","_","PE","_","","_","","_","","'-","","'-","G","'-","","","*_**_KL_WATER_TRANSPORTLEIDING_PE","0.18","170","172","170","170","253","KL-WATER-SO","0.35","170","172","170","170","253","KL-WATER-SO","0.35","170","172","170","170","253","V-KL-WATER-SO","0.35","170","172","170","170","253","KL-WATER-SO","","","1366","1365","http://digitalbuildingdata.tech/nlcs/def/cefd3184-1920-44fe-ab44-1b654502f590","http://digitalbuildingdata.tech/nlcs/def/8b3d82b4-f80a-45ee-8700-7c95b866e107"
"ET_MS_30 kV","*","_","**","_","KL","_","ET","_","MS","_","30 kV","_","","_","","_","","'-","","'-","G","'-","","","*_**_KL_ET_MS_30 kV","0.18","130","132","130","130","252","KL-MS-SO","0.35","130","132","130","130","252","KL-MS-SO","0.35","130","132","130","130","252","V-KL-MS-SO","0.35","130","132","130","130","252","KL-MS-SO","","","976","973","http://digitalbuildingdata.tech/nlcs/def/9e577849-a4b5-48ba-855d-f43c684d70ff","http://digitalbuildingdata.tech/nlcs/def/8f5db8db-3195-470e-8371-d9d8cd8359f4"
"DATA_KAST_PUTKAST","*","_","**","_","KL","_","DATA","_","KAST","_","PUTKAST","_","","_","","_","","'-","","'-","G","'-","","","*_**_KL_DATA_KAST_PUTKAST","0.18","90","92","90","90","90","CONTINUOUS","0.35","90","92","90","90","90","CONTINUOUS","0.35","90","92","90","90","90","V-CONTINUOUS-SO","0.35","90","92","90","90","90","CONTINUOUS","","","784","782","http://digitalbuildingdata.tech/nlcs/def/6119ed8d-9363-4390-a485-83820ef9f80d","http://digitalbuildingdata.tech/nlcs/def/bb6ebcea-07cc-4cf5-8063-772aede18bcb"
"ET_AARDING_BLIKSEMAFLEIDER","*","_","**","_","KL","_","ET","_","AARDING","_","BLIKSEMAFLEIDER","_","","_","","_","","'-","","'-","G","'-","","","*_**_KL_ET_AARDING_BLIKSEMAFLEIDER","0.18","7","7","7","7","7","CONTINUOUS","0.35","7","7","7","7","7","CONTINUOUS","0.35","7","7","7","7","7","V-CONTINUOUS-SO","0.35","7","7","7","7","7","CONTINUOUS","","","844","841","http://digitalbuildingdata.tech/nlcs/def/f32e4678-9b1d-4f93-86f9-e393e632d028","http://digitalbuildingdata.tech/nlcs/def/c3d9f0c7-34e1-4288-82f5-e72aa225aa83"
"ET_ZHS_MANTELBUIS","*","_","**","_","KL","_","ET","_","ZHS","_","MANTELBUIS","_","","_","","_","","'-","","'-","G","'-","","","*_**_KL_ET_ZHS_MANTELBUIS","0.18","10","12","10","10","252","CONTINUOUS","0.35","10","12","10","10","252","CONTINUOUS","0.35","10","12","10","10","252","V-CONTINUOUS-SO","0.35","10","12","10","10","252","CONTINUOUS","","","994","986","http://digitalbuildingdata.tech/nlcs/def/b81bec23-9250-424b-a86d-0def400ed334","http://digitalbuildingdata.tech/nlcs/def/da60dbfd-1d3f-4dcf-ba24-aedf1b16e0e4"
"ET_HULPSTUK_MOF","*","_","**","_","KL","_","ET","_","HULPSTUK","_","MOF","_","","_","","_","","'-","","'-","G","'-","","","*_**_KL_ET_HULPSTUK_MOF","0.18","10","12","10","10","10","CONTINUOUS","0.35","10","12","10","10","10","CONTINUOUS","0.35","10","12","10","10","10","V-CONTINUOUS-SO","0.35","10","12","10","10","10","CONTINUOUS","","","876","874","http://digitalbuildingdata.tech/nlcs/def/6fad6cf4-c2bb-4210-89cf-fd7a3b1592f8","http://digitalbuildingdata.tech/nlcs/def/b8d614d7-abfb-4831-b4d2-9c1ceac5068e"
"KOUDENET_AANSLUITLEIDING_AANVOER","*","_","**","_","KL","_","KOUDENET","_","AANSLUITLEIDING","_","AANVOER","_","","_","","_","","'-","","'-","G","'-","","","*_**_KL_KOUDENET_AANSLUITLEIDING_AANVOER","0.18","130","132","130","130","252","KL-KOUDENET-SO","0.35","130","132","130","130","252","KL-KOUDENET-SO","0.35","130","132","130","130","252","V-KL-KOUDENET-SO","0.35","130","132","130","130","252","KL-KOUDENET-SO","","","1185","1184","http://digitalbuildingdata.tech/nlcs/def/96132ae8-5433-4104-8a0e-fdfc420c7272","http://digitalbuildingdata.tech/nlcs/def/4ae6160e-509a-497d-8b1f-26c3f863599e"
"GAS_HULPSTUK_MOFVERBINDING","*","_","**","_","KL","_","GAS","_","HULPSTUK","_","MOFVERBINDING","_","","_","","_","","'-","","'-","G","'-","","","*_**_KL_GAS_HULPSTUK_MOFVERBINDING","0.18","30","32","30","30","252","CONTINUOUS","0.35","30","32","30","30","252","CONTINUOUS","0.35","30","32","30","30","252","V-CONTINUOUS-SO","0.35","30","32","30","30","252","CONTINUOUS","","","1108","1102","http://digitalbuildingdata.tech/nlcs/def/73597698-2d4e-4c62-a07f-6910d3742c46","http://digitalbuildingdata.tech/nlcs/def/ea6c235b-4951-4049-8f3d-aa96432a4f53"
"WATER_HULPSTUK_AFSLUITER","*","_","**","_","KL","_","WATER","_","HULPSTUK","_","AFSLUITER","_","","_","","_","","'-","","'-","G","'-","","","*_**_KL_WATER_HULPSTUK_AFSLUITER","0.18","170","172","170","170","252","CONTINUOUS","0.35","170","172","170","170","252","CONTINUOUS","0.35","170","172","170","170","252","V-CONTINUOUS-SO","0.35","170","172","170","170","252","CONTINUOUS","","","1350","1348","http://digitalbuildingdata.tech/nlcs/def/9c2e542a-7394-42a0-b2c1-55733a1bbafa","http://digitalbuildingdata.tech/nlcs/def/35083bf9-cfe9-4e12-9aac-ea90f395960a"
"GAS_HULPSTUK_DRUKMEETPUNT","*","_","**","_","KL","_","GAS","_","HULPSTUK","_","DRUKMEETPUNT","_","","_","","_","","'-","","'-","G","'-","","","*_**_KL_GAS_HULPSTUK_DRUKMEETPUNT","0.18","30","32","30","30","252","CONTINUOUS","0.35","30","32","30","30","252","CONTINUOUS","0.35","30","32","30","30","252","V-CONTINUOUS-SO","0.35","30","32","30","30","252","CONTINUOUS","","","1105","1102","http://digitalbuildingdata.tech/nlcs/def/0fcd8b3e-1217-40ea-a7c8-786980731f8d","http://digitalbuildingdata.tech/nlcs/def/ea6c235b-4951-4049-8f3d-aa96432a4f53"
"ET_AARDING_HULPSTUK","*","_","**","_","KL","_","ET","_","AARDING","_","HULPSTUK","_","","_","","_","","'-","","'-","G","'-","","","*_**_KL_ET_AARDING_HULPSTUK","0.18","7","7","7","7","7","CONTINUOUS","0.35","7","7","7","7","7","CONTINUOUS","0.35","7","7","7","7","7","V-CONTINUOUS-SO","0.35","7","7","7","7","7","CONTINUOUS","","","848","841","http://digitalbuildingdata.tech/nlcs/def/193c94cc-4c2a-4e4c-81c8-94b6bb78db9c","http://digitalbuildingdata.tech/nlcs/def/c3d9f0c7-34e1-4288-82f5-e72aa225aa83"
"ET_AARDING_MEETPUNT","*","_","**","_","KL","_","ET","_","AARDING","_","MEETPUNT","_","","_","","_","","'-","","'-","G","'-","","","*_**_KL_ET_AARDING_MEETPUNT","0.18","7","7","7","7","7","CONTINUOUS","0.35","7","7","7","7","7","CONTINUOUS","0.35","7","7","7","7","7","V-CONTINUOUS-SO","0.35","7","7","7","7","7","CONTINUOUS","","","860","841","http://digitalbuildingdata.tech/nlcs/def/da62dcb1-fe5e-4469-b84a-f1d702ad7629","http://digitalbuildingdata.tech/nlcs/def/c3d9f0c7-34e1-4288-82f5-e72aa225aa83"
"ET_LS_VERDEELKAST","*","_","**","_","KL","_","ET","_","LS","_","VERDEELKAST","_","","_","","_","","'-","","'-","G","'-","","","*_**_KL_ET_LS_VERDEELKAST","0.18","190","192","190","190","252","CONTINUOUS","0.35","190","192","190","190","190","CONTINUOUS","0.35","190","192","190","190","190","V-CONTINUOUS-SO","0.35","190","192","190","190","190","CONTINUOUS","","","959","878","http://digitalbuildingdata.tech/nlcs/def/0432051d-1f9b-4fb7-bc0e-c720148647d1","http://digitalbuildingdata.tech/nlcs/def/b55d2c5f-4eb0-414b-88db-da7403ad02cf"
"ET_LS_SR","*","_","**","_","KL","_","ET","_","LS","_","SR","_","","_","","_","","'-","","'-","G","'-","","","*_**_KL_ET_LS_SR","0.18","190","192","190","190","252","KL-LS-SO","0.35","190","192","190","190","190","KL-LS-SO","0.35","190","192","190","190","190","V-KL-LS-SO","0.35","190","192","190","190","190","KL-LS-SO","","","918","878","http://digitalbuildingdata.tech/nlcs/def/b5208cf7-413b-41f3-b19a-3392c0494ada","http://digitalbuildingdata.tech/nlcs/def/b55d2c5f-4eb0-414b-88db-da7403ad02cf"
"CCTV_KABEL_VOEDING","*","_","**","_","KL","_","CCTV","_","KABEL","_","VOEDING","_","","_","","_","","'-","","'-","G","'-","","","*_**_KL_CCTV_KABEL_VOEDING","0.18","70","72","70","70","253","CONTINUOUS","0.35","70","72","70","70","253","CONTINUOUS","0.35","70","72","70","70","253","V-CONTINUOUS-SO","0.35","70","72","70","70","253","CONTINUOUS","","","3430","1419","http://digitalbuildingdata.tech/nlcs/def/436030de-a89c-408a-8d7e-3563c7ee8dfc","http://digitalbuildingdata.tech/nlcs/def/56f39450-7b48-4181-ac56-3fab75f7d09c"
"WATER_BEREGENING_TRANSPORTLEIDING","*","_","**","_","KL","_","WATER","_","BEREGENING","_","TRANSPORTLEIDING","_","","_","","_","","'-","","'-","G","'-","","","*_**_KL_WATER_BEREGENING_TRANSPORTLEIDING","0.18","150","152","150","150","252","KL-WATER-SO","0.35","150","152","150","150","252","KL-WATER-SO","0.35","150","152","150","150","252","V-KL-WATER-SO","0.35","150","152","150","150","252","KL-WATER-SO","","","1279","1265","http://digitalbuildingdata.tech/nlcs/def/c664ba56-f036-4252-9ac2-286793a6aa46","http://digitalbuildingdata.tech/nlcs/def/40f7ba08-1a69-4ded-a67e-eebe3bb98517"
"ET_LS_VOEDINGSKABEL","*","_","**","_","KL","_","ET","_","LS","_","VOEDINGSKABEL","_","","_","","_","","'-","","'-","G","'-","","","*_**_KL_ET_LS_VOEDINGSKABEL","0.18","190","192","190","190","252","KL-LS-SO","0.35","190","192","190","190","190","KL-LS-SO","0.35","190","192","190","190","190","V-KL-LS-SO","0.35","190","192","190","190","190","KL-LS-SO","","","961","878","http://digitalbuildingdata.tech/nlcs/def/258c13af-5cba-4bc2-87a2-15961088437a","http://digitalbuildingdata.tech/nlcs/def/b55d2c5f-4eb0-414b-88db-da7403ad02cf"
"ET_LS_PUTKAST","*","_","**","_","KL","_","ET","_","LS","_","PUTKAST","_","","_","","_","","'-","","'-","G","'-","","","*_**_KL_ET_LS_PUTKAST","0.18","190","192","190","190","252","CONTINUOUS","0.35","190","192","190","190","190","CONTINUOUS","0.35","190","192","190","190","190","V-CONTINUOUS-SO","0.35","190","192","190","190","190","CONTINUOUS","","","917","878","http://digitalbuildingdata.tech/nlcs/def/de9e45c4-400c-44cb-b82d-abc77dba9aab","http://digitalbuildingdata.tech/nlcs/def/b55d2c5f-4eb0-414b-88db-da7403ad02cf"
"DATA_TELECOM_GLASVEZEL","*","_","**","_","KL","_","DATA","_","TELECOM","_","GLASVEZEL","_","","_","","_","","'-","","'-","G","'-","","","*_**_KL_DATA_TELECOM_GLASVEZEL","0.18","90","92","90","90","90","KL-TELECOM-SO","0.35","90","92","90","90","90","KL-TELECOM-SO","0.35","90","92","90","90","90","V-KL-TELECOM-SO","0.35","90","92","90","90","90","KL-TELECOM-SO","","","815","814","http://digitalbuildingdata.tech/nlcs/def/9188904e-31a7-4503-a423-62984c1d77fc","http://digitalbuildingdata.tech/nlcs/def/ecd51884-45cb-4856-93d2-ba3967cfeb3f"
"ET_HS_HOOGSPANNINGSMAST","*","_","**","_","KL","_","ET","_","HS","_","HOOGSPANNINGSMAST","_","","_","","_","","'-","","'-","G","'-","","","*_**_KL_ET_HS_HOOGSPANNINGSMAST","0.18","10","12","10","10","10","CONTINUOUS","0.35","10","12","10","10","10","CONTINUOUS","0.35","10","12","10","10","10","V-CONTINUOUS-SO","0.35","10","12","10","10","10","CONTINUOUS","","","3504","863","http://digitalbuildingdata.tech/nlcs/def/9a8849af-e68c-4ac4-81a0-031770a69a7c","http://digitalbuildingdata.tech/nlcs/def/1e92b7ff-2449-4a4b-8ca6-597ef534cc51"
"GAS_HULPSTUK_FLENSVERBINDING","*","_","**","_","KL","_","GAS","_","HULPSTUK","_","FLENSVERBINDING","_","","_","","_","","'-","","'-","G","'-","","","*_**_KL_GAS_HULPSTUK_FLENSVERBINDING","0.18","30","32","30","30","252","CONTINUOUS","0.35","30","32","30","30","252","CONTINUOUS","0.35","30","32","30","30","252","V-CONTINUOUS-SO","0.35","30","32","30","30","252","CONTINUOUS","","","1106","1102","http://digitalbuildingdata.tech/nlcs/def/c7d3a2f0-b387-4848-805b-c625100ca3bf","http://digitalbuildingdata.tech/nlcs/def/ea6c235b-4951-4049-8f3d-aa96432a4f53"
"DATA_TELECOM_MANTELBUIS","*","_","**","_","KL","_","DATA","_","TELECOM","_","MANTELBUIS","_","","_","","_","","'-","","'-","G","'-","","","*_**_KL_DATA_TELECOM_MANTELBUIS","0.18","90","92","90","90","90","CONTINUOUS","0.35","90","92","90","90","90","CONTINUOUS","0.35","90","92","90","90","90","V-CONTINUOUS-SO","0.35","90","92","90","90","90","CONTINUOUS","","","825","814","http://digitalbuildingdata.tech/nlcs/def/d568e706-5478-4273-8202-1302ed96ae9f","http://digitalbuildingdata.tech/nlcs/def/ecd51884-45cb-4856-93d2-ba3967cfeb3f"
"ET_MANTELBUIS_STAAL","*","_","**","_","KL","_","ET","_","MANTELBUIS","_","STAAL","_","","_","","_","","'-","","'-","G","'-","","","*_**_KL_ET_MANTELBUIS_STAAL","0.18","10","12","10","10","252","CONTINUOUS","0.35","10","12","10","10","252","CONTINUOUS","0.35","10","12","10","10","252","V-CONTINUOUS-SO","0.35","10","12","10","10","252","CONTINUOUS","","","972","969","http://digitalbuildingdata.tech/nlcs/def/ed8e7b82-8d1e-4bd5-92e8-e9bf4a169d55","http://digitalbuildingdata.tech/nlcs/def/8e2a6a14-8959-4f77-9b08-90adf2ef323a"
"ET_ZHS_HOOGSPANNINGSMAST","*","_","**","_","KL","_","ET","_","ZHS","_","HOOGSPANNINGSMAST","_","","_","","_","","'-","","'-","G","'-","","","*_**_KL_ET_ZHS_HOOGSPANNINGSMAST","0.18","10","12","10","10","252","CONTINUOUS","0.35","10","12","10","10","252","CONTINUOUS","0.35","10","12","10","10","252","V-CONTINUOUS-SO","0.35","10","12","10","10","252","CONTINUOUS","","","995","986","http://digitalbuildingdata.tech/nlcs/def/2307133c-9854-473f-a15b-a76bcfbfb8c2","http://digitalbuildingdata.tech/nlcs/def/da60dbfd-1d3f-4dcf-ba24-aedf1b16e0e4"
"WARMTENET_TRANSPORTLEIDING_RETOUR","*","_","**","_","KL","_","WARMTENET","_","TRANSPORTLEIDING","_","RETOUR","_","","_","","_","","'-","","'-","G","'-","","","*_**_KL_WARMTENET_TRANSPORTLEIDING_RETOUR","0.18","80","82","80","80","252","KL-WARMTENET-SO","0.35","80","82","80","80","252","KL-WARMTENET-SO","0.35","80","82","80","80","252","V-KL-WARMTENET-SO","0.35","80","82","80","80","252","KL-WARMTENET-SO","","","1259","1253","http://digitalbuildingdata.tech/nlcs/def/9e80571e-fee1-4104-b321-a36e2c6fd237","http://digitalbuildingdata.tech/nlcs/def/06e1c7a3-8947-4e9c-9a9a-0155cf50235e"
"DATA_GLASVEZEL_BORING","*","_","**","_","KL","_","DATA","_","GLASVEZEL","_","BORING","_","","_","","_","","'-","","'-","G","'-","","","*_**_KL_DATA_GLASVEZEL_BORING","0.18","7","7","7","7","7","ZZ-CENTER-SO","0.35","7","7","7","7","7","ZZ-CENTER-SO","0.35","7","7","7","7","7","ZZ-CENTER-SO","0.35","7","7","7","7","7","ZZ-CENTER-SO","","","2984","750","http://digitalbuildingdata.tech/nlcs/def/232f836a-06ff-4b70-a18c-b8a79d9aff6d","http://digitalbuildingdata.tech/nlcs/def/8b787620-4244-43b4-8692-d8d0e027fda8"
"WATER_HULPSTUK_WATERMETER","*","_","**","_","KL","_","WATER","_","HULPSTUK","_","WATERMETER","_","","_","","_","","'-","","'-","G","'-","","","*_**_KL_WATER_HULPSTUK_WATERMETER","0.18","170","172","170","170","252","CONTINUOUS","0.35","170","172","170","170","252","CONTINUOUS","0.35","170","172","170","170","252","V-CONTINUOUS-SO","0.35","170","172","170","170","252","CONTINUOUS","","","1355","1348","http://digitalbuildingdata.tech/nlcs/def/41a3fcec-d56a-423f-8425-f9af44449a07","http://digitalbuildingdata.tech/nlcs/def/35083bf9-cfe9-4e12-9aac-ea90f395960a"
"WATER_HULPSTUK_DRUKMEETPUNT","*","_","**","_","KL","_","WATER","_","HULPSTUK","_","DRUKMEETPUNT","_","","_","","_","","'-","","'-","G","'-","","","*_**_KL_WATER_HULPSTUK_DRUKMEETPUNT","0.18","170","172","170","170","252","CONTINUOUS","0.35","170","172","170","170","252","CONTINUOUS","0.35","170","172","170","170","252","V-CONTINUOUS-SO","0.35","170","172","170","170","252","CONTINUOUS","","","1351","1348","http://digitalbuildingdata.tech/nlcs/def/9d2c6ea1-7e43-4d2f-9ae4-5bef31187227","http://digitalbuildingdata.tech/nlcs/def/35083bf9-cfe9-4e12-9aac-ea90f395960a"
"BRANDSTOF_TRANSPORTLEIDING_STAAL","*","_","**","_","KL","_","BRANDSTOF","_","TRANSPORTLEIDING","_","STAAL","_","","_","","_","","'-","","'-","G","'-","","","*_**_KL_BRANDSTOF_TRANSPORTLEIDING_STAAL","0.18","40","42","40","40","40","KL-BRANDSTOF-SO","0.35","40","42","40","40","40","KL-BRANDSTOF-SO","0.35","40","42","40","40","40","V-KL-BRANDSTOF-SO","0.35","40","42","40","40","40","KL-BRANDSTOF-SO","","","635","632","http://digitalbuildingdata.tech/nlcs/def/2d7014ce-5632-402d-b8ee-33b47d423633","http://digitalbuildingdata.tech/nlcs/def/19d7a293-72ab-49ad-9fd6-ea00a9e2083a"
"DATA_DEFENSIE_GLASVEZEL","*","_","**","_","KL","_","DATA","_","DEFENSIE","_","GLASVEZEL","_","","_","","_","","'-","","'-","G","'-","","","*_**_KL_DATA_DEFENSIE_GLASVEZEL","0.18","90","92","90","90","90","KL-DEF-SO","0.35","90","92","90","90","90","KL-DEF-SO","0.35","90","92","90","90","90","V-KL-DEF-SO","0.35","90","92","90","90","90","KL-DEF-SO","","","738","737","http://digitalbuildingdata.tech/nlcs/def/a159fe80-0ad9-4e46-8d03-a3eac17340f8","http://digitalbuildingdata.tech/nlcs/def/bd8f236c-cc22-438d-be73-9f4485bd5acc"
"CCTV_KABEL_COMBI","*","_","**","_","KL","_","CCTV","_","KABEL","_","COMBI","_","","_","","_","","'-","","'-","G","'-","","","*_**_KL_CCTV_KABEL_COMBI","0.18","70","72","70","70","253","CONTINUOUS","0.35","70","72","70","70","253","CONTINUOUS","0.35","70","72","70","70","253","V-CONTINUOUS-SO","0.35","70","72","70","70","253","CONTINUOUS","","","3432","1419","http://digitalbuildingdata.tech/nlcs/def/b7cb0c10-074c-47a8-afb5-27e05e606d2c","http://digitalbuildingdata.tech/nlcs/def/56f39450-7b48-4181-ac56-3fab75f7d09c"
"GAS_STATION_AFLEVERSTATION","*","_","**","_","KL","_","GAS","_","STATION","_","AFLEVERSTATION","_","","_","","_","","'-","","'-","G","'-","","","*_**_KL_GAS_STATION_AFLEVERSTATION","0.18","30","32","30","30","252","CONTINUOUS","0.35","30","32","30","30","252","CONTINUOUS","0.35","30","32","30","30","252","V-CONTINUOUS-SO","0.35","30","32","30","30","252","CONTINUOUS","","","1179","1178","http://digitalbuildingdata.tech/nlcs/def/c7e558f7-7e20-41d3-b724-301e1d90ecaf","http://digitalbuildingdata.tech/nlcs/def/361be2c1-7600-4b8a-b44d-def2c4430f80"
"ET_HULPSTUK_AANSLUITPUNT","*","_","**","_","KL","_","ET","_","HULPSTUK","_","AANSLUITPUNT","_","","_","","_","","'-","","'-","G","'-","","","*_**_KL_ET_HULPSTUK_AANSLUITPUNT","0.18","10","12","10","10","10","CONTINUOUS","0.35","10","12","10","10","10","CONTINUOUS","0.35","10","12","10","10","10","V-CONTINUOUS-SO","0.35","10","12","10","10","10","CONTINUOUS","","","875","874","http://digitalbuildingdata.tech/nlcs/def/7715a197-ed47-4857-a4f5-c554b7079132","http://digitalbuildingdata.tech/nlcs/def/b8d614d7-abfb-4831-b4d2-9c1ceac5068e"
"KOUDENET_HULPSTUK_AANSLUITPUNT","*","_","**","_","KL","_","KOUDENET","_","HULPSTUK","_","AANSLUITPUNT","_","","_","","_","","'-","","'-","G","'-","","","*_**_KL_KOUDENET_HULPSTUK_AANSLUITPUNT","0.18","130","132","130","130","252","CONTINUOUS","0.35","130","132","130","130","252","CONTINUOUS","0.35","130","132","130","130","252","V-CONTINUOUS-SO","0.35","130","132","130","130","252","CONTINUOUS","","","1197","1196","http://digitalbuildingdata.tech/nlcs/def/f9253dbd-82b9-4ee3-9587-433ac4deb7a2","http://digitalbuildingdata.tech/nlcs/def/1c3bb9fe-a61f-4da0-a3e6-f501ca108d2f"
"WATER_BRANDLEIDING_PUTKAST","*","_","**","_","KL","_","WATER","_","BRANDLEIDING","_","PUTKAST","_","","_","","_","","'-","","'-","G","'-","","","*_**_KL_WATER_BRANDLEIDING_PUTKAST","0.18","150","152","150","150","252","CONTINUOUS","0.35","150","152","150","150","252","CONTINUOUS","0.35","150","152","150","150","252","V-CONTINUOUS-SO","0.35","150","152","150","150","252","CONTINUOUS","","","1311","1280","http://digitalbuildingdata.tech/nlcs/def/b13e55bd-7d78-458a-925e-500889e398ee","http://digitalbuildingdata.tech/nlcs/def/dce93aba-5736-4a3f-a45b-0901a92a00d7"
"GAS_STATION_HOOFDVERDEELSTATION","*","_","**","_","KL","_","GAS","_","STATION","_","HOOFDVERDEELSTATION","_","","_","","_","","'-","","'-","G","'-","","","*_**_KL_GAS_STATION_HOOFDVERDEELSTATION","0.18","30","32","30","30","252","CONTINUOUS","0.35","30","32","30","30","252","CONTINUOUS","0.35","30","32","30","30","252","V-CONTINUOUS-SO","0.35","30","32","30","30","252","CONTINUOUS","","","1181","1178","http://digitalbuildingdata.tech/nlcs/def/84f85fe0-8a1d-4b3d-9e45-844baab63197","http://digitalbuildingdata.tech/nlcs/def/361be2c1-7600-4b8a-b44d-def2c4430f80"
"ET_HS_36 kV","*","_","**","_","KL","_","ET","_","HS","_","36 kV","_","","_","","_","","'-","","'-","G","'-","","","*_**_KL_ET_HS_36 kV","0.18","10","12","10","10","10","KL-HS-SO","0.35","10","12","10","10","10","KL-HS-SO","0.35","10","12","10","10","10","V-KL-HS-SO","0.35","10","12","10","10","10","KL-HS-SO","","","865","863","http://digitalbuildingdata.tech/nlcs/def/6fbb695d-7a14-45a4-9a36-ddee5d7cd890","http://digitalbuildingdata.tech/nlcs/def/1e92b7ff-2449-4a4b-8ca6-597ef534cc51"
"DATA_ALGEMEEN_KABELNUMMER","*","_","**","_","KL","_","DATA","_","ALGEMEEN","_","KABELNUMMER","_","","_","","_","","'-","","'-","G","'-","","","*_**_KL_DATA_ALGEMEEN_KABELNUMMER","0.18","90","92","90","90","90","CONTINUOUS","0.35","90","92","90","90","90","CONTINUOUS","0.35","90","92","90","90","90","V-CONTINUOUS-SO","0.35","90","92","90","90","90","CONTINUOUS","","","723","722","http://digitalbuildingdata.tech/nlcs/def/b0bbb09f-0750-4544-9431-4a9a5585e91b","http://digitalbuildingdata.tech/nlcs/def/0aab7c79-9553-400e-943f-c64eb496817f"
"GAS_HD_AANSLUITLEIDING","*","_","**","_","KL","_","GAS","_","HD","_","AANSLUITLEIDING","_","","_","","_","","'-","","'-","G","'-","","","*_**_KL_GAS_HD_AANSLUITLEIDING","0.18","30","32","30","30","252","KL-GAS_HD-SO","0.35","30","32","30","30","252","KL-GAS_HD-SO","0.35","30","32","30","30","252","V-KL-GAS_HD-SO","0.35","30","32","30","30","252","KL-GAS_HD-SO","","","1000","999","http://digitalbuildingdata.tech/nlcs/def/53142567-6900-40fe-9f50-7a265b4c8705","http://digitalbuildingdata.tech/nlcs/def/3beda832-424c-49cc-b338-468d3c12f0ed"
"DATA_INTERCOM_KOPER","*","_","**","_","KL","_","DATA","_","INTERCOM","_","KOPER","_","","_","","_","","'-","","'-","G","'-","","","*_**_KL_DATA_INTERCOM_KOPER","0.18","90","92","90","90","90","KL-TELECOM-SO","0.35","90","92","90","90","90","KL-TELECOM-SO","0.35","90","92","90","90","90","V-KL-TELECOM-SO","0.35","90","92","90","90","90","KL-TELECOM-SO","","","775","765","http://digitalbuildingdata.tech/nlcs/def/3baaf4dd-d5dd-4000-9463-2ec2593f2ad6","http://digitalbuildingdata.tech/nlcs/def/396db058-70ee-4332-943b-6f2e82da20b4"
"ET_AARDING_MANTELBUIS","*","_","**","_","KL","_","ET","_","AARDING","_","MANTELBUIS","_","","_","","_","","'-","","'-","G","'-","","","*_**_KL_ET_AARDING_MANTELBUIS","0.18","7","7","7","7","7","CONTINUOUS","0.35","7","7","7","7","7","CONTINUOUS","0.35","7","7","7","7","7","V-CONTINUOUS-SO","0.35","7","7","7","7","7","CONTINUOUS","","","859","841","http://digitalbuildingdata.tech/nlcs/def/5349e9e1-b8c9-4b5b-8e52-c1066469c405","http://digitalbuildingdata.tech/nlcs/def/c3d9f0c7-34e1-4288-82f5-e72aa225aa83"
"SCHEMA_RASTERINDELING_18","*","_","**","_","KL","_","SCHEMA","_","RASTERINDELING","_","18","_","","_","","_","","'-","","'-","G","'-","","","*_**_KL_SCHEMA_RASTERINDELING_18","0.18","7","7","7","7","7","CONTINUOUS","0.18","7","7","7","7","7","CONTINUOUS","0.18","7","7","7","7","7","V-CONTINUOUS-SO","0.18","7","7","7","7","7","CONTINUOUS","","","2959","2958","http://digitalbuildingdata.tech/nlcs/def/b9749f31-ccf3-43a2-83d9-81a26093b463","http://digitalbuildingdata.tech/nlcs/def/1b5fa142-5e2a-4808-9668-c76807bb90ec"
"SCHEMA_RASTERINDELING_35","*","_","**","_","KL","_","SCHEMA","_","RASTERINDELING","_","35","_","","_","","_","","'-","","'-","G","'-","","","*_**_KL_SCHEMA_RASTERINDELING_35","0.35","7","7","7","7","7","CONTINUOUS","0.35","7","7","7","7","7","CONTINUOUS","0.35","7","7","7","7","7","V-CONTINUOUS-SO","0.35","7","7","7","7","7","CONTINUOUS","","","2961","2958","http://digitalbuildingdata.tech/nlcs/def/68c63aae-a512-4833-9851-f064841b3372","http://digitalbuildingdata.tech/nlcs/def/1b5fa142-5e2a-4808-9668-c76807bb90ec"
"DATA_CAI_KOPER","*","_","**","_","KL","_","DATA","_","CAI","_","KOPER","_","","_","","_","","'-","","'-","G","'-","","","*_**_KL_DATA_CAI_KOPER","0.18","90","92","90","90","90","KL-CAI-SO","0.35","90","92","90","90","90","KL-CAI-SO","0.35","90","92","90","90","90","V-KL-CAI-SO","0.35","90","92","90","90","90","KL-CAI-SO","","","733","724","http://digitalbuildingdata.tech/nlcs/def/e8d7b935-f9bf-424d-853d-e956811c852e","http://digitalbuildingdata.tech/nlcs/def/476be5a4-3693-4cc5-907f-c27698873c69"
"DATA_KAST_VERDEELKAST","*","_","**","_","KL","_","DATA","_","KAST","_","VERDEELKAST","_","","_","","_","","'-","","'-","G","'-","","","*_**_KL_DATA_KAST_VERDEELKAST","0.18","90","92","90","90","90","CONTINUOUS","0.35","90","92","90","90","90","CONTINUOUS","0.35","90","92","90","90","90","V-CONTINUOUS-SO","0.35","90","92","90","90","90","CONTINUOUS","","","785","782","http://digitalbuildingdata.tech/nlcs/def/ed3d31d2-db57-48bf-87be-85cd89884ce5","http://digitalbuildingdata.tech/nlcs/def/bb6ebcea-07cc-4cf5-8063-772aede18bcb"
"DATA_WAN_MANTELBUIS","*","_","**","_","KL","_","DATA","_","WAN","_","MANTELBUIS","_","","_","","_","","'-","","'-","G","'-","","","*_**_KL_DATA_WAN_MANTELBUIS","0.18","90","92","90","90","90","CONTINUOUS","0.35","90","92","90","90","90","CONTINUOUS","0.35","90","92","90","90","90","V-CONTINUOUS-SO","0.35","90","92","90","90","90","CONTINUOUS","","","837","827","http://digitalbuildingdata.tech/nlcs/def/ff635193-da57-42c9-adb8-78e57553e76e","http://digitalbuildingdata.tech/nlcs/def/e3b65e8b-9a40-4e88-877d-3b48c4462205"
"BRANDSTOF_HULPSTUK_AFSLUITER","*","_","**","_","KL","_","BRANDSTOF","_","HULPSTUK","_","AFSLUITER","_","","_","","_","","'-","","'-","G","'-","","","*_**_KL_BRANDSTOF_HULPSTUK_AFSLUITER","0.18","40","42","40","40","40","CONTINUOUS","0.35","40","42","40","40","40","CONTINUOUS","0.35","40","42","40","40","40","V-CONTINUOUS-SO","0.35","40","42","40","40","40","CONTINUOUS","","","623","621","http://digitalbuildingdata.tech/nlcs/def/a61af88d-f6d1-4849-b4ae-251286b7bac5","http://digitalbuildingdata.tech/nlcs/def/9da81c78-210b-45f0-aa9d-6cfab9513c57"
"WATER_BRANDLEIDING_TRANSPORTLEIDING","*","_","**","_","KL","_","WATER","_","BRANDLEIDING","_","TRANSPORTLEIDING","_","","_","","_","","'-","","'-","G","'-","","","*_**_KL_WATER_BRANDLEIDING_TRANSPORTLEIDING","0.18","150","152","150","150","252","KL-WATER-SO","0.35","150","152","150","150","252","KL-WATER-SO","0.35","150","152","150","150","252","V-KL-WATER-SO","0.35","150","152","150","150","252","KL-WATER-SO","","","1312","1280","http://digitalbuildingdata.tech/nlcs/def/4a8b1d47-3905-4741-bef8-c8ec04c392b2","http://digitalbuildingdata.tech/nlcs/def/dce93aba-5736-4a3f-a45b-0901a92a00d7"
"WATER_HULPSTUK_SCHOONMAAKSTUK","*","_","**","_","KL","_","WATER","_","HULPSTUK","_","SCHOONMAAKSTUK","_","","_","","_","","'-","","'-","G","'-","","","*_**_KL_WATER_HULPSTUK_SCHOONMAAKSTUK","0.18","170","172","170","170","252","CONTINUOUS","0.35","170","172","170","170","252","CONTINUOUS","0.35","170","172","170","170","252","V-CONTINUOUS-SO","0.35","170","172","170","170","252","CONTINUOUS","","","1354","1348","http://digitalbuildingdata.tech/nlcs/def/5b4361f4-230f-45d0-bd44-1969ada50d0d","http://digitalbuildingdata.tech/nlcs/def/35083bf9-cfe9-4e12-9aac-ea90f395960a"
"ET_AARDING_AARDRAIL","*","_","**","_","KL","_","ET","_","AARDING","_","AARDRAIL","_","","_","","_","","'-","","'-","G","'-","","","*_**_KL_ET_AARDING_AARDRAIL","0.18","7","7","7","7","7","CONTINUOUS","0.35","7","7","7","7","7","CONTINUOUS","0.35","7","7","7","7","7","V-CONTINUOUS-SO","0.35","7","7","7","7","7","CONTINUOUS","","","843","841","http://digitalbuildingdata.tech/nlcs/def/0fdf411f-5517-4119-847e-c07af6d0a696","http://digitalbuildingdata.tech/nlcs/def/c3d9f0c7-34e1-4288-82f5-e72aa225aa83"
"ET_ZHS_380 kV","*","_","**","_","KL","_","ET","_","ZHS","_","380 kV","_","","_","","_","","'-","","'-","G","'-","","","*_**_KL_ET_ZHS_380 kV","0.18","10","12","10","10","252","KL-ZHS-SO","0.35","10","12","10","10","252","KL-ZHS-SO","0.35","10","12","10","10","252","V-KL-ZHS-SO","0.35","10","12","10","10","252","KL-ZHS-SO","","","988","986","http://digitalbuildingdata.tech/nlcs/def/246eda82-e707-45b4-b507-70ec67f32774","http://digitalbuildingdata.tech/nlcs/def/da60dbfd-1d3f-4dcf-ba24-aedf1b16e0e4"
"ET_HS_MANTELBUIS","*","_","**","_","KL","_","ET","_","HS","_","MANTELBUIS","_","","_","","_","","'-","","'-","G","'-","","","*_**_KL_ET_HS_MANTELBUIS","0.18","10","12","10","10","10","CONTINUOUS","0.35","10","12","10","10","10","CONTINUOUS","0.35","10","12","10","10","10","V-CONTINUOUS-SO","0.35","10","12","10","10","10","CONTINUOUS","","","871","863","http://digitalbuildingdata.tech/nlcs/def/68840b5a-520c-4da4-9754-bf210722ff5f","http://digitalbuildingdata.tech/nlcs/def/1e92b7ff-2449-4a4b-8ca6-597ef534cc51"
"GAS_STATION_ONTVANGSTSTATION","*","_","**","_","KL","_","GAS","_","STATION","_","ONTVANGSTSTATION","_","","_","","_","","'-","","'-","G","'-","","","*_**_KL_GAS_STATION_ONTVANGSTSTATION","0.18","30","32","30","30","252","CONTINUOUS","0.35","30","32","30","30","252","CONTINUOUS","0.35","30","32","30","30","252","V-CONTINUOUS-SO","0.35","30","32","30","30","252","CONTINUOUS","","","1182","1178","http://digitalbuildingdata.tech/nlcs/def/4d74df36-ef0b-46d6-b847-193844ae4512","http://digitalbuildingdata.tech/nlcs/def/361be2c1-7600-4b8a-b44d-def2c4430f80"
"DATA_KAST_LASKAST","*","_","**","_","KL","_","DATA","_","KAST","_","LASKAST","_","","_","","_","","'-","","'-","G","'-","","","*_**_KL_DATA_KAST_LASKAST","0.18","90","92","90","90","90","CONTINUOUS","0.35","90","92","90","90","90","CONTINUOUS","0.35","90","92","90","90","90","V-CONTINUOUS-SO","0.35","90","92","90","90","90","CONTINUOUS","","","783","782","http://digitalbuildingdata.tech/nlcs/def/83a79006-3177-42c3-8037-989c700bdd23","http://digitalbuildingdata.tech/nlcs/def/bb6ebcea-07cc-4cf5-8063-772aede18bcb"
"DATA_SIGNAALKABEL_GLASVEZEL","*","_","**","_","KL","_","DATA","_","SIGNAALKABEL","_","GLASVEZEL","_","","_","","_","","'-","","'-","G","'-","","","*_**_KL_DATA_SIGNAALKABEL_GLASVEZEL","0.18","90","92","90","90","90","KL-SIGNAALKABEL-SO","0.35","90","92","90","90","90","KL-SIGNAALKABEL-SO","0.35","90","92","90","90","90","V-KL-SIGNAALKABEL-SO","0.35","90","92","90","90","90","KL-SIGNAALKABEL-SO","","","790","789","http://digitalbuildingdata.tech/nlcs/def/b7b460a3-a855-4e53-ace2-2e862a35f851","http://digitalbuildingdata.tech/nlcs/def/7e35f242-c1bb-40c1-8cf1-8e21e5fc8deb"
"DATA_CAI_MANTELBUIS","*","_","**","_","KL","_","DATA","_","CAI","_","MANTELBUIS","_","","_","","_","","'-","","'-","G","'-","","","*_**_KL_DATA_CAI_MANTELBUIS","0.18","90","92","90","90","90","CONTINUOUS","0.35","90","92","90","90","90","CONTINUOUS","0.35","90","92","90","90","90","V-CONTINUOUS-SO","0.35","90","92","90","90","90","CONTINUOUS","","","735","724","http://digitalbuildingdata.tech/nlcs/def/11f699e1-89c0-4307-9ce4-efb57ff1521d","http://digitalbuildingdata.tech/nlcs/def/476be5a4-3693-4cc5-907f-c27698873c69"
"GAS_STATION_DISTRICTSTATION","*","_","**","_","KL","_","GAS","_","STATION","_","DISTRICTSTATION","_","","_","","_","","'-","","'-","G","'-","","","*_**_KL_GAS_STATION_DISTRICTSTATION","0.18","30","32","30","30","252","CONTINUOUS","0.35","30","32","30","30","252","CONTINUOUS","0.35","30","32","30","30","252","V-CONTINUOUS-SO","0.35","30","32","30","30","252","CONTINUOUS","","","1180","1178","http://digitalbuildingdata.tech/nlcs/def/e23c9734-d91a-46a2-b3af-d97e6116064a","http://digitalbuildingdata.tech/nlcs/def/361be2c1-7600-4b8a-b44d-def2c4430f80"
"CV_HULPSTUK_AFSLUITER","*","_","**","_","KL","_","CV","_","HULPSTUK","_","AFSLUITER","_","","_","","_","","'-","","'-","G","'-","","","*_**_KL_CV_HULPSTUK_AFSLUITER","0.18","40","42","40","40","40","CONTINUOUS","0.35","40","42","40","40","40","CONTINUOUS","0.35","40","42","40","40","40","V-CONTINUOUS-SO","0.35","40","42","40","40","40","CONTINUOUS","","","675","673","http://digitalbuildingdata.tech/nlcs/def/93145aae-497c-4291-851d-a3916a1da524","http://digitalbuildingdata.tech/nlcs/def/9ae2b8bb-24b3-4a10-9c93-a2cd92b23f3e"
"ET_MANTELBUIS_PE","*","_","**","_","KL","_","ET","_","MANTELBUIS","_","PE","_","","_","","_","","'-","","'-","G","'-","","","*_**_KL_ET_MANTELBUIS_PE","0.18","10","12","10","10","252","CONTINUOUS","0.35","10","12","10","10","252","CONTINUOUS","0.35","10","12","10","10","252","V-CONTINUOUS-SO","0.35","10","12","10","10","252","CONTINUOUS","","","970","969","http://digitalbuildingdata.tech/nlcs/def/9b9221e4-bba0-4e7a-bb33-3cf23c63b6c9","http://digitalbuildingdata.tech/nlcs/def/8e2a6a14-8959-4f77-9b08-90adf2ef323a"
"ET_MS_MANTELBUIS","*","_","**","_","KL","_","ET","_","MS","_","MANTELBUIS","_","","_","","_","","'-","","'-","G","'-","","","*_**_KL_ET_MS_MANTELBUIS","0.18","130","132","130","130","252","CONTINUOUS","0.35","130","132","130","130","252","CONTINUOUS","0.35","130","132","130","130","252","V-CONTINUOUS-SO","0.35","130","132","130","130","252","CONTINUOUS","","","982","973","http://digitalbuildingdata.tech/nlcs/def/a6b6e4ed-3763-446e-b88c-19d79a2614f8","http://digitalbuildingdata.tech/nlcs/def/8f5db8db-3195-470e-8371-d9d8cd8359f4"
"ET_HS_220 kV","*","_","**","_","KL","_","ET","_","HS","_","220 kV","_","","_","","_","","'-","","'-","G","'-","","","*_**_KL_ET_HS_220 kV","0.18","10","12","10","10","10","KL-HS-SO","0.35","10","12","10","10","10","KL-HS-SO","0.35","10","12","10","10","10","V-KL-HS-SO","0.35","10","12","10","10","10","KL-HS-SO","","","864","863","http://digitalbuildingdata.tech/nlcs/def/bba30de9-f1cd-4425-a727-299e8f85edb9","http://digitalbuildingdata.tech/nlcs/def/1e92b7ff-2449-4a4b-8ca6-597ef534cc51"
"BRANDSTOF_TRANSPORTLEIDING_GVK","*","_","**","_","KL","_","BRANDSTOF","_","TRANSPORTLEIDING","_","GVK","_","","_","","_","","'-","","'-","G","'-","","","*_**_KL_BRANDSTOF_TRANSPORTLEIDING_GVK","0.18","40","42","40","40","40","KL-BRANDSTOF-SO","0.35","40","42","40","40","40","KL-BRANDSTOF-SO","0.35","40","42","40","40","40","V-KL-BRANDSTOF-SO","0.35","40","42","40","40","40","KL-BRANDSTOF-SO","","","633","632","http://digitalbuildingdata.tech/nlcs/def/b81ff086-cc81-4a7f-aa25-0aca1a568e33","http://digitalbuildingdata.tech/nlcs/def/19d7a293-72ab-49ad-9fd6-ea00a9e2083a"
"WATER_PUT_PUTKAST","*","_","**","_","KL","_","WATER","_","PUT","_","PUTKAST","_","","_","","_","","'-","","'-","G","'-","","","*_**_KL_WATER_PUT_PUTKAST","0.18","170","172","170","170","252","CONTINUOUS","0.35","170","172","170","170","252","CONTINUOUS","0.35","170","172","170","170","252","V-CONTINUOUS-SO","0.35","170","172","170","170","252","CONTINUOUS","","","1363","1361","http://digitalbuildingdata.tech/nlcs/def/6ba17402-9615-4e3c-9b52-39dd219a5550","http://digitalbuildingdata.tech/nlcs/def/591a57e9-9dc5-4e05-935a-0bb17924d4f2"
"SCHEMA_RASTERINDELING_25","*","_","**","_","KL","_","SCHEMA","_","RASTERINDELING","_","25","_","","_","","_","","'-","","'-","G","'-","","","*_**_KL_SCHEMA_RASTERINDELING_25","0.25","7","7","7","7","7","CONTINUOUS","0.25","7","7","7","7","7","CONTINUOUS","0.25","7","7","7","7","7","V-CONTINUOUS-SO","0.25","7","7","7","7","7","CONTINUOUS","","","2960","2958","http://digitalbuildingdata.tech/nlcs/def/570a4845-fe67-488b-aba1-b93e9690d7a6","http://digitalbuildingdata.tech/nlcs/def/1b5fa142-5e2a-4808-9668-c76807bb90ec"
"BRANDSTOF_HULPSTUK_ONTLUCHTING","*","_","**","_","KL","_","BRANDSTOF","_","HULPSTUK","_","ONTLUCHTING","_","","_","","_","","'-","","'-","G","'-","","","*_**_KL_BRANDSTOF_HULPSTUK_ONTLUCHTING","0.18","40","42","40","40","40","CONTINUOUS","0.35","40","42","40","40","40","CONTINUOUS","0.35","40","42","40","40","40","V-CONTINUOUS-SO","0.35","40","42","40","40","40","CONTINUOUS","","","625","621","http://digitalbuildingdata.tech/nlcs/def/716ebe13-af1b-4e45-bcfa-2815bab9e3a4","http://digitalbuildingdata.tech/nlcs/def/9da81c78-210b-45f0-aa9d-6cfab9513c57"
"ET_ZHS_110 kV","*","_","**","_","KL","_","ET","_","ZHS","_","110 kV","_","","_","","_","","'-","","'-","G","'-","","","*_**_KL_ET_ZHS_110 kV","0.18","10","12","10","10","252","KL-ZHS-SO","0.35","10","12","10","10","252","KL-ZHS-SO","0.35","10","12","10","10","252","V-KL-ZHS-SO","0.35","10","12","10","10","252","KL-ZHS-SO","","","987","986","http://digitalbuildingdata.tech/nlcs/def/344a0eff-4996-4ed1-a92e-078a39fea444","http://digitalbuildingdata.tech/nlcs/def/da60dbfd-1d3f-4dcf-ba24-aedf1b16e0e4"
"BRANDSTOF_TRANSPORTLEIDING_PE","*","_","**","_","KL","_","BRANDSTOF","_","TRANSPORTLEIDING","_","PE","_","","_","","_","","'-","","'-","G","'-","","","*_**_KL_BRANDSTOF_TRANSPORTLEIDING_PE","0.18","40","42","40","40","40","KL-BRANDSTOF-SO","0.35","40","42","40","40","40","KL-BRANDSTOF-SO","0.35","40","42","40","40","40","V-KL-BRANDSTOF-SO","0.35","40","42","40","40","40","KL-BRANDSTOF-SO","","","634","632","http://digitalbuildingdata.tech/nlcs/def/ce7b81fa-fc07-4831-823a-7d86fbcea633","http://digitalbuildingdata.tech/nlcs/def/19d7a293-72ab-49ad-9fd6-ea00a9e2083a"
"DATA_INTERCOM_GLASVEZEL","*","_","**","_","KL","_","DATA","_","INTERCOM","_","GLASVEZEL","_","","_","","_","","'-","","'-","G","'-","","","*_**_KL_DATA_INTERCOM_GLASVEZEL","0.18","90","92","90","90","90","KL-TELECOM-SO","0.35","90","92","90","90","90","KL-TELECOM-SO","0.35","90","92","90","90","90","V-KL-TELECOM-SO","0.35","90","92","90","90","90","KL-TELECOM-SO","","","766","765","http://digitalbuildingdata.tech/nlcs/def/f20fbc61-5660-4749-bf78-8c3da21ab4c5","http://digitalbuildingdata.tech/nlcs/def/396db058-70ee-4332-943b-6f2e82da20b4"
"DATA_SIGNAALKABEL_KOPER","*","_","**","_","KL","_","DATA","_","SIGNAALKABEL","_","KOPER","_","","_","","_","","'-","","'-","G","'-","","","*_**_KL_DATA_SIGNAALKABEL_KOPER","0.18","90","92","90","90","90","KL-SIGNAALKABEL-SO","0.35","90","92","90","90","90","KL-SIGNAALKABEL-SO","0.35","90","92","90","90","90","V-KL-SIGNAALKABEL-SO","0.35","90","92","90","90","90","KL-SIGNAALKABEL-SO","","","799","789","http://digitalbuildingdata.tech/nlcs/def/3de4badc-3a1c-4525-a926-7b07132a6b7e","http://digitalbuildingdata.tech/nlcs/def/7e35f242-c1bb-40c1-8cf1-8e21e5fc8deb"
"GAS_HULPSTUK_AANSLUITPUNT","*","_","**","_","KL","_","GAS","_","HULPSTUK","_","AANSLUITPUNT","_","","_","","_","","'-","","'-","G","'-","","","*_**_KL_GAS_HULPSTUK_AANSLUITPUNT","0.18","30","32","30","30","252","CONTINUOUS","0.35","30","32","30","30","252","CONTINUOUS","0.35","30","32","30","30","252","V-CONTINUOUS-SO","0.35","30","32","30","30","252","CONTINUOUS","","","1103","1102","http://digitalbuildingdata.tech/nlcs/def/f38b66f0-c9cc-46f0-b235-a613bb9cb32e","http://digitalbuildingdata.tech/nlcs/def/ea6c235b-4951-4049-8f3d-aa96432a4f53"
"CV_PUT_PUTKAST","*","_","**","_","KL","_","CV","_","PUT","_","PUTKAST","_","","_","","_","","'-","","'-","G","'-","","","*_**_KL_CV_PUT_PUTKAST","0.18","40","42","40","40","40","CONTINUOUS","0.35","40","42","40","40","40","CONTINUOUS","0.35","40","42","40","40","40","V-CONTINUOUS-SO","0.35","40","42","40","40","40","CONTINUOUS","","","681","680","http://digitalbuildingdata.tech/nlcs/def/3e9f5c6b-e519-44ea-a9b9-0f9604d3af88","http://digitalbuildingdata.tech/nlcs/def/c5bd0981-1ad2-4167-a011-04dfe223b0c9"
"DATA_INTERCOM_MANTELBUIS","*","_","**","_","KL","_","DATA","_","INTERCOM","_","MANTELBUIS","_","","_","","_","","'-","","'-","G","'-","","","*_**_KL_DATA_INTERCOM_MANTELBUIS","0.18","90","92","90","90","90","CONTINUOUS","0.35","90","92","90","90","90","CONTINUOUS","0.35","90","92","90","90","90","V-CONTINUOUS-SO","0.35","90","92","90","90","90","CONTINUOUS","","","776","765","http://digitalbuildingdata.tech/nlcs/def/130ffe6f-c4d6-4416-a694-5d759406450a","http://digitalbuildingdata.tech/nlcs/def/396db058-70ee-4332-943b-6f2e82da20b4"
"DATA_STUURKABEL_MANTELBUIS","*","_","**","_","KL","_","DATA","_","STUURKABEL","_","MANTELBUIS","_","","_","","_","","'-","","'-","G","'-","","","*_**_KL_DATA_STUURKABEL_MANTELBUIS","0.18","90","92","90","90","90","KL-STUURKABEL-SO","0.35","90","92","90","90","90","KL-STUURKABEL-SO","0.35","90","92","90","90","90","V-KL-STUURKABEL-SO","0.35","90","92","90","90","90","KL-STUURKABEL-SO","","","812","801","http://digitalbuildingdata.tech/nlcs/def/15593dc3-ae8e-4a27-b601-070423e7f6fc","http://digitalbuildingdata.tech/nlcs/def/5d2c80e4-962b-47f6-9b31-8c83107bf717"
"CCTV_KABEL_COMMUNICATIE","*","_","**","_","KL","_","CCTV","_","KABEL","_","COMMUNICATIE","_","","_","","_","","'-","","'-","G","'-","","","*_**_KL_CCTV_KABEL_COMMUNICATIE","0.18","70","72","70","70","253","CONTINUOUS","0.35","70","72","70","70","253","CONTINUOUS","0.35","70","72","70","70","253","V-CONTINUOUS-SO","0.35","70","72","70","70","253","CONTINUOUS","","","3431","1419","http://digitalbuildingdata.tech/nlcs/def/bde77d8e-f318-47e6-84f6-a7022c49bd26","http://digitalbuildingdata.tech/nlcs/def/56f39450-7b48-4181-ac56-3fab75f7d09c"
"DATA_GLASVEZEL_MANTELBUIS","*","_","**","_","KL","_","DATA","_","GLASVEZEL","_","MANTELBUIS","_","","_","","_","","'-","","'-","G","'-","","","*_**_KL_DATA_GLASVEZEL_MANTELBUIS","0.18","90","92","90","90","90","CONTINUOUS","0.35","90","92","90","90","90","CONTINUOUS","0.35","90","92","90","90","90","V-CONTINUOUS-SO","0.35","90","92","90","90","90","CONTINUOUS","","","759","750","http://digitalbuildingdata.tech/nlcs/def/f017573b-776d-4d40-8da3-3737c5abd3d9","http://digitalbuildingdata.tech/nlcs/def/8b787620-4244-43b4-8692-d8d0e027fda8"
"CV_HULPSTUK_AANSLUITPUNT","*","_","**","_","KL","_","CV","_","HULPSTUK","_","AANSLUITPUNT","_","","_","","_","","'-","","'-","G","'-","","","*_**_KL_CV_HULPSTUK_AANSLUITPUNT","0.18","40","42","40","40","40","CONTINUOUS","0.35","40","42","40","40","40","CONTINUOUS","0.35","40","42","40","40","40","V-CONTINUOUS-SO","0.35","40","42","40","40","40","CONTINUOUS","","","674","673","http://digitalbuildingdata.tech/nlcs/def/2b749f5a-b197-4cb1-b20e-5a2445b446d3","http://digitalbuildingdata.tech/nlcs/def/9ae2b8bb-24b3-4a10-9c93-a2cd92b23f3e"
"GAS_HULPSTUK_AFSLUITER","*","_","**","_","KL","_","GAS","_","HULPSTUK","_","AFSLUITER","_","","_","","_","","'-","","'-","G","'-","","","*_**_KL_GAS_HULPSTUK_AFSLUITER","0.18","30","32","30","30","252","CONTINUOUS","0.35","30","32","30","30","252","CONTINUOUS","0.35","30","32","30","30","252","V-CONTINUOUS-SO","0.35","30","32","30","30","252","CONTINUOUS","","","1104","1102","http://digitalbuildingdata.tech/nlcs/def/4d083a94-7f77-4dd8-9830-f729fb366d6e","http://digitalbuildingdata.tech/nlcs/def/ea6c235b-4951-4049-8f3d-aa96432a4f53"
"DATA_HULPSTUK_AANSLUITPUNT","*","_","**","_","KL","_","DATA","_","HULPSTUK","_","AANSLUITPUNT","_","","_","","_","","'-","","'-","G","'-","","","*_**_KL_DATA_HULPSTUK_AANSLUITPUNT","0.18","90","92","90","90","90","CONTINUOUS","0.35","90","92","90","90","90","CONTINUOUS","0.35","90","92","90","90","90","V-CONTINUOUS-SO","0.35","90","92","90","90","90","CONTINUOUS","","","762","761","http://digitalbuildingdata.tech/nlcs/def/961e6d50-2ded-4d97-9af2-3ec638204895","http://digitalbuildingdata.tech/nlcs/def/a6cdd2c4-7bf3-408d-9f22-e961503003f5"
"WARMTENET_HULPSTUK_OVERIG","*","_","**","_","KL","_","WARMTENET","_","HULPSTUK","_","OVERIG","_","","_","","_","","'-","","'-","G","'-","","","*_**_KL_WARMTENET_HULPSTUK_OVERIG","0.18","80","82","80","80","252","CONTINUOUS","0.35","80","82","80","80","252","CONTINUOUS","0.35","80","82","80","80","252","V-CONTINUOUS-SO","0.35","80","82","80","80","252","CONTINUOUS","","","1248","1245","http://digitalbuildingdata.tech/nlcs/def/35837340-c75c-4b00-85f3-c2a8ebfbd494","http://digitalbuildingdata.tech/nlcs/def/ea6dfdc6-c763-4d08-bad5-45d02f19634b"
"DATA_STUURKABEL_GLASVEZEL","*","_","**","_","KL","_","DATA","_","STUURKABEL","_","GLASVEZEL","_","","_","","_","","'-","","'-","G","'-","","","*_**_KL_DATA_STUURKABEL_GLASVEZEL","0.18","90","92","90","90","90","KL-STUURKABEL-SO","0.35","90","92","90","90","90","KL-STUURKABEL-SO","0.35","90","92","90","90","90","V-KL-STUURKABEL-SO","0.35","90","92","90","90","90","KL-STUURKABEL-SO","","","802","801","http://digitalbuildingdata.tech/nlcs/def/e8c66332-dd54-4ab5-9123-33cab94e48bf","http://digitalbuildingdata.tech/nlcs/def/5d2c80e4-962b-47f6-9b31-8c83107bf717"
"GAS_LOKATIEPAAL","*","_","**","_","KL","_","GAS","_","LOKATIEPAAL","_","","_","","_","","_","","'-","","'-","G/S","'-","","SKL-LEIDINGMERKPAAL","*_**_KL_GAS_LOKATIEPAAL","0.18","30","32","30","30","252","CONTINUOUS","0.35","30","32","30","30","252","CONTINUOUS","0.35","30","32","30","30","252","V-CONTINUOUS-SO","0.35","30","32","30","30","252","CONTINUOUS","","","1174","998","http://digitalbuildingdata.tech/nlcs/def/4351dadd-ec86-463d-88ff-666a4b068221","http://digitalbuildingdata.tech/nlcs/def/faccc1c5-568b-4f09-b1a0-b1fa48548749"
"BRANDSTOF_HULPSTUK","*","_","**","_","KL","_","BRANDSTOF","_","HULPSTUK","_","","_","","_","","_","","'-","","'-","G/S","'-","","SKL-WTB_HULP_AANSLUITPUNT-SO; SKL-WTB_HULP_AFSLUITER-SO; SKL-WTB_HULP_AFSLUITER_DRIEWEG-SO; SKL-WTB_HULP_AFSLUITER_HAAKS-SO; SKL-WTB_HULP_AFSLUITER_HANDB-SO; SKL-WTB_HULP_AFSLUITER_KLEP-SO; SKL-WTB_HULP_AFSLUITER_KOGEL-SO; SKL-WTB_HULP_AFSLUITER_SPINDEL-SO; SKL-WTB_HULP_ANODE BEDRADING-SO; SKL-WTB_HULP_BELUCHTING-SO; SKL-WTB_HULP_BELUCHTING_ONTLUCHTING-SO; SKL-WTB_HULP_BOB-SO; SKL-WTB_HULP_DEMARCATIE-SO; SKL-WTB_HULP_EINDKAP-SO; SKL-WTB_HULP_EXPANSIESTUK-SO; SKL-WTB_HULP_EXPANSIESTUK_GOLF-SO; SKL-WTB_HULP_EXPANSIESTUK_SCHUIF-SO; SKL-WTB_HULP_KEERKLEP-SO; SKL-WTB_HULP_LEIDINGMERKPAAL-SO; SKL-WTB_HULP_LINT_ANODE_MANTELBUIS-SO; SKL-WTB_HULP_MATERIAAL-SO; SKL-WTB_HULP_METER_DRUK-SO; SKL-WTB_HULP_METER_HOEVEELHEID-SO; SKL-WTB_HULP_METER_KATHODISCHE BESCHERMING-SO; SKL-WTB_HULP_ONTLUCHTING-SO; SKL-WTB_HULP_SCHOONMAAKSTUK-SO; SKL-WTB_HULP_SPUIKRAAN-SO; SKL-WTB_HULP_STROOMRICHTING-SO; SKL-WTB_HULP_TERREINKAST_GAS-SO; SKL-WTB_HULP_TERREINKAST_WATER-SO; SKL-WTB_HULP_VERLOOPSTUK-SO; SKL-WTB_HULP_VLINDERKLEP-SO; V-SKL-WTB_HULP_AANSLUITPUNT-SO; V-SKL-WTB_HULP_AFSLUITER-SO; V-SKL-WTB_HULP_AFSLUITER_DRIEWEG-SO; V-SKL-WTB_HULP_AFSLUITER_HAAKS-SO; V-SKL-WTB_HULP_AFSLUITER_HANDB-SO; V-SKL-WTB_HULP_AFSLUITER_KLEP-SO; V-SKL-WTB_HULP_AFSLUITER_KOGEL-SO; V-SKL-WTB_HULP_AFSLUITER_SPINDEL-SO; V-SKL-WTB_HULP_ANODE BEDRADING-SO; V-SKL-WTB_HULP_BELUCHTING-SO; V-SKL-WTB_HULP_BELUCHTING_ONTLUCHTING-SO; V-SKL-WTB_HULP_BOB-SO; V-SKL-WTB_HULP_DEMARCATIE-SO; V-SKL-WTB_HULP_EINDKAP-SO; V-SKL-WTB_HULP_EXPANSIESTUK-SO; V-SKL-WTB_HULP_EXPANSIESTUK_GOLF-SO; V-SKL-WTB_HULP_EXPANSIESTUK_SCHUIF-SO; V-SKL-WTB_HULP_KEERKLEP-SO; V-SKL-WTB_HULP_LEIDINGMERKPAAL-SO; V-SKL-WTB_HULP_LINT_ANODE_MANTELBUIS-SO; V-SKL-WTB_HULP_MATERIAAL-SO; V-SKL-WTB_HULP_METER_DRUK-SO; V-SKL-WTB_HULP_METER_HOEVEELHEID-SO; V-SKL-WTB_HULP_METER_KATHODISCHE BESCHERMING-SO; V-SKL-WTB_HULP_ONTLUCHTING-SO; V-SKL-WTB_HULP_SCHOONMAAKSTUK-SO; V-SKL-WTB_HULP_SPUIKRAAN-SO; V-SKL-WTB_HULP_STROOMRICHTING-SO; V-SKL-WTB_HULP_TERREINKAST_GAS-SO; V-SKL-WTB_HULP_TERREINKAST_WATER-SO; V-SKL-WTB_HULP_VERLOOPSTUK-SO; V-SKL-WTB_HULP_VLINDERKLEP-SO","*_**_KL_BRANDSTOF_HULPSTUK","0.18","40","42","40","40","40","CONTINUOUS","0.35","40","42","40","40","40","CONTINUOUS","0.35","40","42","40","40","40","V-CONTINUOUS-SO","0.35","40","42","40","40","40","CONTINUOUS","","","621","620","http://digitalbuildingdata.tech/nlcs/def/9da81c78-210b-45f0-aa9d-6cfab9513c57","http://digitalbuildingdata.tech/nlcs/def/7d18f679-4ea1-47ea-8239-cbbea21e911f"
"WATER_HULPSTUK","*","_","**","_","KL","_","WATER","_","HULPSTUK","_","","_","","_","","_","","'-","","'-","G/S","'-","","SKL-WTB_HULP_AANSLUITPUNT-SO; SKL-WTB_HULP_AFSLUITER-SO; SKL-WTB_HULP_AFSLUITER_DRIEWEG-SO; SKL-WTB_HULP_AFSLUITER_HAAKS-SO; SKL-WTB_HULP_AFSLUITER_HANDB-SO; SKL-WTB_HULP_AFSLUITER_KLEP-SO; SKL-WTB_HULP_AFSLUITER_KOGEL-SO; SKL-WTB_HULP_AFSLUITER_SPINDEL-SO; SKL-WTB_HULP_ANODE BEDRADING-SO; SKL-WTB_HULP_BELUCHTING-SO; SKL-WTB_HULP_BELUCHTING_ONTLUCHTING-SO; SKL-WTB_HULP_BOB-SO; SKL-WTB_HULP_DEMARCATIE-SO; SKL-WTB_HULP_EINDKAP-SO; SKL-WTB_HULP_EXPANSIESTUK-SO; SKL-WTB_HULP_EXPANSIESTUK_GOLF-SO; SKL-WTB_HULP_EXPANSIESTUK_SCHUIF-SO; SKL-WTB_HULP_KEERKLEP-SO; SKL-WTB_HULP_LEIDINGMERKPAAL-SO; SKL-WTB_HULP_LINT_ANODE_MANTELBUIS-SO; SKL-WTB_HULP_MATERIAAL-SO; SKL-WTB_HULP_METER_DRUK-SO; SKL-WTB_HULP_METER_HOEVEELHEID-SO; SKL-WTB_HULP_METER_KATHODISCHE BESCHERMING-SO; SKL-WTB_HULP_ONTLUCHTING-SO; SKL-WTB_HULP_SCHOONMAAKSTUK-SO; SKL-WTB_HULP_SPUIKRAAN-SO; SKL-WTB_HULP_STROOMRICHTING-SO; SKL-WTB_HULP_TERREINKAST_GAS-SO; SKL-WTB_HULP_TERREINKAST_WATER-SO; SKL-WTB_HULP_VERLOOPSTUK-SO; SKL-WTB_HULP_VLINDERKLEP-SO; V-SKL-WTB_HULP_AANSLUITPUNT-SO; V-SKL-WTB_HULP_AFSLUITER-SO; V-SKL-WTB_HULP_AFSLUITER_DRIEWEG-SO; V-SKL-WTB_HULP_AFSLUITER_HAAKS-SO; V-SKL-WTB_HULP_AFSLUITER_HANDB-SO; V-SKL-WTB_HULP_AFSLUITER_KLEP-SO; V-SKL-WTB_HULP_AFSLUITER_KOGEL-SO; V-SKL-WTB_HULP_AFSLUITER_SPINDEL-SO; V-SKL-WTB_HULP_ANODE BEDRADING-SO; V-SKL-WTB_HULP_BELUCHTING-SO; V-SKL-WTB_HULP_BELUCHTING_ONTLUCHTING-SO; V-SKL-WTB_HULP_BOB-SO; V-SKL-WTB_HULP_DEMARCATIE-SO; V-SKL-WTB_HULP_EINDKAP-SO; V-SKL-WTB_HULP_EXPANSIESTUK-SO; V-SKL-WTB_HULP_EXPANSIESTUK_GOLF-SO; V-SKL-WTB_HULP_EXPANSIESTUK_SCHUIF-SO; V-SKL-WTB_HULP_KEERKLEP-SO; V-SKL-WTB_HULP_LEIDINGMERKPAAL-SO; V-SKL-WTB_HULP_LINT_ANODE_MANTELBUIS-SO; V-SKL-WTB_HULP_MATERIAAL-SO; V-SKL-WTB_HULP_METER_DRUK-SO; V-SKL-WTB_HULP_METER_HOEVEELHEID-SO; V-SKL-WTB_HULP_METER_KATHODISCHE BESCHERMING-SO; V-SKL-WTB_HULP_ONTLUCHTING-SO; V-SKL-WTB_HULP_SCHOONMAAKSTUK-SO; V-SKL-WTB_HULP_SPUIKRAAN-SO; V-SKL-WTB_HULP_STROOMRICHTING-SO; V-SKL-WTB_HULP_TERREINKAST_GAS-SO; V-SKL-WTB_HULP_TERREINKAST_WATER-SO; V-SKL-WTB_HULP_VERLOOPSTUK-SO; V-SKL-WTB_HULP_VLINDERKLEP-SO","*_**_KL_WATER_HULPSTUK","0.18","170","172","170","170","252","CONTINUOUS","0.35","170","172","170","170","252","CONTINUOUS","0.35","170","172","170","170","252","V-CONTINUOUS-SO","0.35","170","172","170","170","252","CONTINUOUS","","","1348","1264","http://digitalbuildingdata.tech/nlcs/def/35083bf9-cfe9-4e12-9aac-ea90f395960a","http://digitalbuildingdata.tech/nlcs/def/7344828e-4604-4577-8f08-80dafc1a927d"
"ET_LS","*","_","**","_","KL","_","ET","_","LS","_","","_","","_","","_","","'-","","'-","G/S","'-","","SKL-ET_LS_MAST-SO; V-SKL-ET_LS_MAST-SO","*_**_KL_ET_LS","0.18","190","192","190","190","252","KL-LS-SO","0.35","190","192","190","190","190","KL-LS-SO","0.35","190","192","190","190","190","V-KL-LS-SO","0.35","190","192","190","190","190","KL-LS-SO","","","878","840","http://digitalbuildingdata.tech/nlcs/def/b55d2c5f-4eb0-414b-88db-da7403ad02cf","http://digitalbuildingdata.tech/nlcs/def/1db23e1d-f800-4e24-ab2f-21f5a7ae443a"
"BRANDSTOF_LOCATIEPAAL","*","_","**","_","KL","_","BRANDSTOF","_","LOCATIEPAAL","_","","_","","_","","_","","'-","","'-","G/S","'-","","SKL-LEIDINGMERKPAAL","*_**_KL_BRANDSTOF_LOCATIEPAAL","0.18","40","42","40","40","40","CONTINUOUS","0.35","40","42","40","40","40","CONTINUOUS","0.35","40","42","40","40","40","V-CONTINUOUS-SO","0.35","40","42","40","40","40","CONTINUOUS","","","627","620","http://digitalbuildingdata.tech/nlcs/def/c2b5e580-2de3-4ff2-adef-cd8c0ce3752b","http://digitalbuildingdata.tech/nlcs/def/7d18f679-4ea1-47ea-8239-cbbea21e911f"
"GAS_PUT","*","_","**","_","KL","_","GAS","_","PUT","_","","_","","_","","_","","'-","","'-","G/S","'-","","SKL-GAS_PUT-SO; V-SKL-GAS_PUT-SO","*_**_KL_GAS_PUT","0.18","30","32","30","30","252","CONTINUOUS","0.35","30","32","30","30","252","CONTINUOUS","0.35","30","32","30","30","252","V-CONTINUOUS-SO","0.35","30","32","30","30","252","CONTINUOUS","","","1176","998","http://digitalbuildingdata.tech/nlcs/def/e8f07c5f-960e-4e4f-9de8-613d2cbb2f8b","http://digitalbuildingdata.tech/nlcs/def/faccc1c5-568b-4f09-b1a0-b1fa48548749"
"ET_HS","*","_","**","_","KL","_","ET","_","HS","_","","_","","_","","_","","'-","","'-","G/S","'-","","SKL-ET_HS_MAST-SO; V-SKL-ET_HS_MAST-SO","*_**_KL_ET_HS","0.18","10","12","10","10","10","KL-HS-SO","0.35","10","12","10","10","10","KL-HS-SO","0.35","10","12","10","10","10","V-KL-HS-SO","0.35","10","12","10","10","10","KL-HS-SO","","","863","840","http://digitalbuildingdata.tech/nlcs/def/1e92b7ff-2449-4a4b-8ca6-597ef534cc51","http://digitalbuildingdata.tech/nlcs/def/1db23e1d-f800-4e24-ab2f-21f5a7ae443a"
"OLIE_HULPSTUK","*","_","**","_","KL","_","OLIE","_","HULPSTUK","_","","_","","_","","_","","'-","","'-","G/S","'-","","SKL-WTB_HULP_AANSLUITPUNT-SO; SKL-WTB_HULP_AFSLUITER-SO; SKL-WTB_HULP_AFSLUITER_DRIEWEG-SO; SKL-WTB_HULP_AFSLUITER_HAAKS-SO; SKL-WTB_HULP_AFSLUITER_HANDB-SO; SKL-WTB_HULP_AFSLUITER_KLEP-SO; SKL-WTB_HULP_AFSLUITER_KOGEL-SO; SKL-WTB_HULP_AFSLUITER_SPINDEL-SO; SKL-WTB_HULP_ANODE BEDRADING-SO; SKL-WTB_HULP_BELUCHTING-SO; SKL-WTB_HULP_BELUCHTING_ONTLUCHTING-SO; SKL-WTB_HULP_BOB-SO; SKL-WTB_HULP_DEMARCATIE-SO; SKL-WTB_HULP_EINDKAP-SO; SKL-WTB_HULP_EXPANSIESTUK-SO; SKL-WTB_HULP_EXPANSIESTUK_GOLF-SO; SKL-WTB_HULP_EXPANSIESTUK_SCHUIF-SO; SKL-WTB_HULP_KEERKLEP-SO; SKL-WTB_HULP_LEIDINGMERKPAAL-SO; SKL-WTB_HULP_LINT_ANODE_MANTELBUIS-SO; SKL-WTB_HULP_MATERIAAL-SO; SKL-WTB_HULP_METER_DRUK-SO; SKL-WTB_HULP_METER_HOEVEELHEID-SO; SKL-WTB_HULP_METER_KATHODISCHE BESCHERMING-SO; SKL-WTB_HULP_ONTLUCHTING-SO; SKL-WTB_HULP_SCHOONMAAKSTUK-SO; SKL-WTB_HULP_SPUIKRAAN-SO; SKL-WTB_HULP_STROOMRICHTING-SO; SKL-WTB_HULP_TERREINKAST_GAS-SO; SKL-WTB_HULP_TERREINKAST_WATER-SO; SKL-WTB_HULP_VERLOOPSTUK-SO; SKL-WTB_HULP_VLINDERKLEP-SO; V-SKL-WTB_HULP_AANSLUITPUNT-SO; V-SKL-WTB_HULP_AFSLUITER-SO; V-SKL-WTB_HULP_AFSLUITER_DRIEWEG-SO; V-SKL-WTB_HULP_AFSLUITER_HAAKS-SO; V-SKL-WTB_HULP_AFSLUITER_HANDB-SO; V-SKL-WTB_HULP_AFSLUITER_KLEP-SO; V-SKL-WTB_HULP_AFSLUITER_KOGEL-SO; V-SKL-WTB_HULP_AFSLUITER_SPINDEL-SO; V-SKL-WTB_HULP_ANODE BEDRADING-SO; V-SKL-WTB_HULP_BELUCHTING-SO; V-SKL-WTB_HULP_BELUCHTING_ONTLUCHTING-SO; V-SKL-WTB_HULP_BOB-SO; V-SKL-WTB_HULP_DEMARCATIE-SO; V-SKL-WTB_HULP_EINDKAP-SO; V-SKL-WTB_HULP_EXPANSIESTUK-SO; V-SKL-WTB_HULP_EXPANSIESTUK_GOLF-SO; V-SKL-WTB_HULP_EXPANSIESTUK_SCHUIF-SO; V-SKL-WTB_HULP_KEERKLEP-SO; V-SKL-WTB_HULP_LEIDINGMERKPAAL-SO; V-SKL-WTB_HULP_LINT_ANODE_MANTELBUIS-SO; V-SKL-WTB_HULP_MATERIAAL-SO; V-SKL-WTB_HULP_METER_DRUK-SO; V-SKL-WTB_HULP_METER_HOEVEELHEID-SO; V-SKL-WTB_HULP_METER_KATHODISCHE BESCHERMING-SO; V-SKL-WTB_HULP_ONTLUCHTING-SO; V-SKL-WTB_HULP_SCHOONMAAKSTUK-SO; V-SKL-WTB_HULP_SPUIKRAAN-SO; V-SKL-WTB_HULP_STROOMRICHTING-SO; V-SKL-WTB_HULP_TERREINKAST_GAS-SO; V-SKL-WTB_HULP_TERREINKAST_WATER-SO; V-SKL-WTB_HULP_VERLOOPSTUK-SO; V-SKL-WTB_HULP_VLINDERKLEP-SO","*_**_KL_OLIE_HULPSTUK","0.18","40","42","40","40","252","CONTINUOUS","0.35","40","42","40","40","252","CONTINUOUS","0.35","40","42","40","40","252","V-CONTINUOUS-SO","0.35","40","42","40","40","252","CONTINUOUS","","","1224","1222","http://digitalbuildingdata.tech/nlcs/def/a9a304d3-2054-4fa4-9ff1-bf04eddd41e2","http://digitalbuildingdata.tech/nlcs/def/3ec55c79-7228-48f8-bee7-d1008ae19c88"
"WATER_PUT","*","_","**","_","KL","_","WATER","_","PUT","_","","_","","_","","_","","'-","","'-","G/S","'-","","SKL-WATERLEIDINGPUT","*_**_KL_WATER_PUT","0.18","170","172","170","170","252","CONTINUOUS","0.35","170","172","170","170","252","CONTINUOUS","0.35","170","172","170","170","252","V-CONTINUOUS-SO","0.35","170","172","170","170","252","CONTINUOUS","","","1361","1264","http://digitalbuildingdata.tech/nlcs/def/591a57e9-9dc5-4e05-935a-0bb17924d4f2","http://digitalbuildingdata.tech/nlcs/def/7344828e-4604-4577-8f08-80dafc1a927d"
"POLLER_KAST","*","_","**","_","KL","_","POLLER","_","KAST","_","","_","","_","","_","","'-","","'-","G/S","'-","","SKL-POLLER_KAST-SO; V-SKL-POLLER_KAST-SO","*_**_KL_POLLER_KAST","0.18","7","7","7","7","253","CONTINUOUS","0.35","7","7","7","7","253","CONTINUOUS","0.35","7","7","7","7","253","V-CONTINUOUS-SO","0.35","7","7","7","7","253","CONTINUOUS","","","3122","3121","http://digitalbuildingdata.tech/nlcs/def/bbdea2b7-2df2-4136-8d91-8790d190c4fa","http://digitalbuildingdata.tech/nlcs/def/91665b93-ba62-4d3d-941e-49273b3ad8ff"
"CHEMIE_LOCATIEPAAL","*","_","**","_","KL","_","CHEMIE","_","LOCATIEPAAL","_","","_","","_","","_","","'-","","'-","G/S","'-","","SKL-LEIDINGMERKPAAL","*_**_KL_CHEMIE_LOCATIEPAAL","0.18","40","42","40","40","40","CONTINUOUS","0.35","40","42","40","40","40","CONTINUOUS","0.35","40","42","40","40","40","V-CONTINUOUS-SO","0.35","40","42","40","40","40","CONTINUOUS","","","641","637","http://digitalbuildingdata.tech/nlcs/def/a8544874-dd3c-4ad7-babe-9ee4a6d122af","http://digitalbuildingdata.tech/nlcs/def/00f266c9-da12-4592-b1a5-3fe8154f1b39"
"CHEMIE_PUT","*","_","**","_","KL","_","CHEMIE","_","PUT","_","","_","","_","","_","","'-","","'-","G/S","'-","","SKL-WTB_PUT-SO; V-SKL-WTB_PUT-SO","*_**_KL_CHEMIE_PUT","0.18","40","42","40","40","40","CONTINUOUS","0.35","40","42","40","40","40","CONTINUOUS","0.35","40","42","40","40","40","V-CONTINUOUS-SO","0.35","40","42","40","40","40","CONTINUOUS","","","644","637","http://digitalbuildingdata.tech/nlcs/def/22555b96-b5a9-4b34-9248-8c3eeb599ac7","http://digitalbuildingdata.tech/nlcs/def/00f266c9-da12-4592-b1a5-3fe8154f1b39"
"DATA_ZENDMAST","*","_","**","_","KL","_","DATA","_","ZENDMAST","_","","_","","_","","_","","'-","","'-","G/S","'-","","SKL-DATA_ZENDMAST-SO; V-SKL-DATA_ZENDMAST-SO","*_**_KL_DATA_ZENDMAST","0.18","90","92","90","90","90","CONTINUOUS","0.35","90","92","90","90","90","CONTINUOUS","0.35","90","92","90","90","90","V-CONTINUOUS-SO","0.35","90","92","90","90","90","CONTINUOUS","","","839","720","http://digitalbuildingdata.tech/nlcs/def/2fece69c-c950-45ff-a0d4-b14085cc6b91","http://digitalbuildingdata.tech/nlcs/def/c79d3730-6f13-4b7a-9eed-d5223242247b"
"ET_AARDING","*","_","**","_","KL","_","ET","_","AARDING","_","","_","","_","","_","","'-","","'-","G/S","'-","","SKL-ET_AARDING-SO; V-SKL-ET_AARDING-SO","*_**_KL_ET_AARDING","0.18","7","7","7","7","7","KL-AARDING-SO","0.35","7","7","7","7","7","KL-AARDING-SO","0.35","7","7","7","7","7","V-KL-AARDING-SO","0.35","7","7","7","7","7","KL-AARDING-SO","","","841","840","http://digitalbuildingdata.tech/nlcs/def/c3d9f0c7-34e1-4288-82f5-e72aa225aa83","http://digitalbuildingdata.tech/nlcs/def/1db23e1d-f800-4e24-ab2f-21f5a7ae443a"
"WATER_INKOOPPUNT","*","_","**","_","KL","_","WATER","_","INKOOPPUNT","_","","_","","_","","_","","'-","","'-","G/S","'-","","SKL-WTB_INKOOPPUNT-SO; V-SKL-WTB_INKOOPPUNT-SO","*_**_KL_WATER_INKOOPPUNT","0.18","170","172","170","170","252","CONTINUOUS","0.35","170","172","170","170","252","CONTINUOUS","0.35","170","172","170","170","252","V-CONTINUOUS-SO","0.35","170","172","170","170","252","CONTINUOUS","","","1356","1264","http://digitalbuildingdata.tech/nlcs/def/b3b91c6d-bccc-4a81-a467-c9e51d70ca26","http://digitalbuildingdata.tech/nlcs/def/7344828e-4604-4577-8f08-80dafc1a927d"
"DATA_KAST","*","_","**","_","KL","_","DATA","_","KAST","_","","_","","_","","_","","'-","","'-","G/S","'-","","SKL-DATA_TERREINKAST-SO; V-SKL-DATA_TERREINKAST-SO","*_**_KL_DATA_KAST","0.18","90","92","90","90","90","CONTINUOUS","0.35","90","92","90","90","90","CONTINUOUS","0.35","90","92","90","90","90","V-CONTINUOUS-SO","0.35","90","92","90","90","90","CONTINUOUS","","","782","720","http://digitalbuildingdata.tech/nlcs/def/bb6ebcea-07cc-4cf5-8063-772aede18bcb","http://digitalbuildingdata.tech/nlcs/def/c79d3730-6f13-4b7a-9eed-d5223242247b"
"CV_LOCATIEPAAL","*","_","**","_","KL","_","CV","_","LOCATIEPAAL","_","","_","","_","","_","","'-","","'-","G/S","'-","","SKL-LEIDINGMERKPAAL","*_**_KL_CV_LOCATIEPAAL","0.18","40","42","40","40","40","CONTINUOUS","0.35","40","42","40","40","40","CONTINUOUS","0.35","40","42","40","40","40","V-CONTINUOUS-SO","0.35","40","42","40","40","40","CONTINUOUS","","","677","645","http://digitalbuildingdata.tech/nlcs/def/d0a0f0eb-6952-4a5b-9737-c5bc49f41796","http://digitalbuildingdata.tech/nlcs/def/11d49af6-8b32-479e-b7f2-3089099f64ce"
"ET_HULPSTUK","*","_","**","_","KL","_","ET","_","HULPSTUK","_","","_","","_","","_","","'-","","'-","G/S","'-","","SKL-ET_HULP_AANSLUITPUNT-SO; SKL-ET_HULP_LAS_COMMUNICATIEKABEL-SO; SKL-ET_HULP_LAS_SIGNAALGEVERKABEL-SO; SKL-ET_HULP_MOF-SO; SKL-ET_HULP_MOF_AFDEKMOF-SO; SKL-ET_HULP_MOF_AFTAKMOF-SO; SKL-ET_HULP_MOF_EINDMOF-SO; SKL-ET_HULP_MOF_VERBINDINGSMOF-SO; SKL-ET_HULP_MOF_VERBINDING_AFTAKMOF-SO; SKL-ET_HULP_MOF_VERBINDING_HDPE-SO; SKL-ET_HULP_MOF_VERGROTELUSKOPPELMOF-SO; V-SKL-ET_HULP_AANSLUITPUNT-SO; V-SKL-ET_HULP_LAS_COMMUNICATIEKABEL-SO; V-SKL-ET_HULP_LAS_SIGNAALGEVERKABEL-SO; V-SKL-ET_HULP_MOF-SO; V-SKL-ET_HULP_MOF_AFDEKMOF-SO; V-SKL-ET_HULP_MOF_AFTAKMOF-SO; V-SKL-ET_HULP_MOF_EINDMOF-SO; V-SKL-ET_HULP_MOF_VERBINDINGSMOF-SO; V-SKL-ET_HULP_MOF_VERBINDING_AFTAKMOF-SO; V-SKL-ET_HULP_MOF_VERBINDING_HDPE-SO; V-SKL-ET_HULP_MOF_VERGROTELUSKOPPELMOF-SO","*_**_KL_ET_HULPSTUK","0.18","10","12","10","10","10","CONTINUOUS","0.35","10","12","10","10","10","CONTINUOUS","0.35","10","12","10","10","10","V-CONTINUOUS-SO","0.35","10","12","10","10","10","CONTINUOUS","","","874","840","http://digitalbuildingdata.tech/nlcs/def/b8d614d7-abfb-4831-b4d2-9c1ceac5068e","http://digitalbuildingdata.tech/nlcs/def/1db23e1d-f800-4e24-ab2f-21f5a7ae443a"
"CV_HULPSTUK","*","_","**","_","KL","_","CV","_","HULPSTUK","_","","_","","_","","_","","'-","","'-","G/S","'-","","SKL-WTB_HULP_AANSLUITPUNT-SO; SKL-WTB_HULP_AFSLUITER-SO; SKL-WTB_HULP_AFSLUITER_DRIEWEG-SO; SKL-WTB_HULP_AFSLUITER_HAAKS-SO; SKL-WTB_HULP_AFSLUITER_HANDB-SO; SKL-WTB_HULP_AFSLUITER_KLEP-SO; SKL-WTB_HULP_AFSLUITER_KOGEL-SO; SKL-WTB_HULP_AFSLUITER_SPINDEL-SO; SKL-WTB_HULP_ANODE BEDRADING-SO; SKL-WTB_HULP_BELUCHTING-SO; SKL-WTB_HULP_BELUCHTING_ONTLUCHTING-SO; SKL-WTB_HULP_BOB-SO; SKL-WTB_HULP_DEMARCATIE-SO; SKL-WTB_HULP_EINDKAP-SO; SKL-WTB_HULP_EXPANSIESTUK-SO; SKL-WTB_HULP_EXPANSIESTUK_GOLF-SO; SKL-WTB_HULP_EXPANSIESTUK_SCHUIF-SO; SKL-WTB_HULP_KEERKLEP-SO; SKL-WTB_HULP_LEIDINGMERKPAAL-SO; SKL-WTB_HULP_LINT_ANODE_MANTELBUIS-SO; SKL-WTB_HULP_MATERIAAL-SO; SKL-WTB_HULP_METER_DRUK-SO; SKL-WTB_HULP_METER_HOEVEELHEID-SO; SKL-WTB_HULP_METER_KATHODISCHE BESCHERMING-SO; SKL-WTB_HULP_ONTLUCHTING-SO; SKL-WTB_HULP_SCHOONMAAKSTUK-SO; SKL-WTB_HULP_SPUIKRAAN-SO; SKL-WTB_HULP_STROOMRICHTING-SO; SKL-WTB_HULP_TERREINKAST_GAS-SO; SKL-WTB_HULP_TERREINKAST_WATER-SO; SKL-WTB_HULP_VERLOOPSTUK-SO; SKL-WTB_HULP_VLINDERKLEP-SO; V-SKL-WTB_HULP_AANSLUITPUNT-SO; V-SKL-WTB_HULP_AFSLUITER-SO; V-SKL-WTB_HULP_AFSLUITER_DRIEWEG-SO; V-SKL-WTB_HULP_AFSLUITER_HAAKS-SO; V-SKL-WTB_HULP_AFSLUITER_HANDB-SO; V-SKL-WTB_HULP_AFSLUITER_KLEP-SO; V-SKL-WTB_HULP_AFSLUITER_KOGEL-SO; V-SKL-WTB_HULP_AFSLUITER_SPINDEL-SO; V-SKL-WTB_HULP_ANODE BEDRADING-SO; V-SKL-WTB_HULP_BELUCHTING-SO; V-SKL-WTB_HULP_BELUCHTING_ONTLUCHTING-SO; V-SKL-WTB_HULP_BOB-SO; V-SKL-WTB_HULP_DEMARCATIE-SO; V-SKL-WTB_HULP_EINDKAP-SO; V-SKL-WTB_HULP_EXPANSIESTUK-SO; V-SKL-WTB_HULP_EXPANSIESTUK_GOLF-SO; V-SKL-WTB_HULP_EXPANSIESTUK_SCHUIF-SO; V-SKL-WTB_HULP_KEERKLEP-SO; V-SKL-WTB_HULP_LEIDINGMERKPAAL-SO; V-SKL-WTB_HULP_LINT_ANODE_MANTELBUIS-SO; V-SKL-WTB_HULP_MATERIAAL-SO; V-SKL-WTB_HULP_METER_DRUK-SO; V-SKL-WTB_HULP_METER_HOEVEELHEID-SO; V-SKL-WTB_HULP_METER_KATHODISCHE BESCHERMING-SO; V-SKL-WTB_HULP_ONTLUCHTING-SO; V-SKL-WTB_HULP_SCHOONMAAKSTUK-SO; V-SKL-WTB_HULP_SPUIKRAAN-SO; V-SKL-WTB_HULP_STROOMRICHTING-SO; V-SKL-WTB_HULP_TERREINKAST_GAS-SO; V-SKL-WTB_HULP_TERREINKAST_WATER-SO; V-SKL-WTB_HULP_VERLOOPSTUK-SO; V-SKL-WTB_HULP_VLINDERKLEP-SO","*_**_KL_CV_HULPSTUK","0.18","40","42","40","40","40","CONTINUOUS","0.35","40","42","40","40","40","CONTINUOUS","0.35","40","42","40","40","40","V-CONTINUOUS-SO","0.35","40","42","40","40","40","CONTINUOUS","","","673","645","http://digitalbuildingdata.tech/nlcs/def/9ae2b8bb-24b3-4a10-9c93-a2cd92b23f3e","http://digitalbuildingdata.tech/nlcs/def/11d49af6-8b32-479e-b7f2-3089099f64ce"
"KOUDENET_PUT","*","_","**","_","KL","_","KOUDENET","_","PUT","_","","_","","_","","_","","'-","","'-","G/S","'-","","SKL-WTB_KOUDENET_PUT-SO; V-SKL-WTB_KOUDENET_PUT-SO","*_**_KL_KOUDENET_PUT","0.18","130","132","130","130","252","CONTINUOUS","0.35","130","132","130","130","252","CONTINUOUS","0.35","130","132","130","130","252","V-CONTINUOUS-SO","0.35","130","132","130","130","252","CONTINUOUS","","","1203","1183","http://digitalbuildingdata.tech/nlcs/def/971d3c96-8239-4319-94c5-68b0b00aa8c6","http://digitalbuildingdata.tech/nlcs/def/50cb6bd6-f269-4cfa-833c-d078e9c2e11b"
"GAS_HULPSTUK","*","_","**","_","KL","_","GAS","_","HULPSTUK","_","","_","","_","","_","","'-","","'-","G/S","'-","","SKL-WTB_HULP_AANSLUITPUNT-SO; SKL-WTB_HULP_AFSLUITER-SO; SKL-WTB_HULP_AFSLUITER_DRIEWEG-SO; SKL-WTB_HULP_AFSLUITER_HAAKS-SO; SKL-WTB_HULP_AFSLUITER_HANDB-SO; SKL-WTB_HULP_AFSLUITER_KLEP-SO; SKL-WTB_HULP_AFSLUITER_KOGEL-SO; SKL-WTB_HULP_AFSLUITER_SPINDEL-SO; SKL-WTB_HULP_ANODE BEDRADING-SO; SKL-WTB_HULP_BELUCHTING-SO; SKL-WTB_HULP_BELUCHTING_ONTLUCHTING-SO; SKL-WTB_HULP_BOB-SO; SKL-WTB_HULP_DEMARCATIE-SO; SKL-WTB_HULP_EINDKAP-SO; SKL-WTB_HULP_EXPANSIESTUK-SO; SKL-WTB_HULP_EXPANSIESTUK_GOLF-SO; SKL-WTB_HULP_EXPANSIESTUK_SCHUIF-SO; SKL-WTB_HULP_KEERKLEP-SO; SKL-WTB_HULP_LEIDINGMERKPAAL-SO; SKL-WTB_HULP_LINT_ANODE_MANTELBUIS-SO; SKL-WTB_HULP_MATERIAAL-SO; SKL-WTB_HULP_METER_DRUK-SO; SKL-WTB_HULP_METER_HOEVEELHEID-SO; SKL-WTB_HULP_METER_KATHODISCHE BESCHERMING-SO; SKL-WTB_HULP_ONTLUCHTING-SO; SKL-WTB_HULP_SCHOONMAAKSTUK-SO; SKL-WTB_HULP_SPUIKRAAN-SO; SKL-WTB_HULP_STROOMRICHTING-SO; SKL-WTB_HULP_TERREINKAST_GAS-SO; SKL-WTB_HULP_TERREINKAST_WATER-SO; SKL-WTB_HULP_VERLOOPSTUK-SO; SKL-WTB_HULP_VLINDERKLEP-SO; V-SKL-WTB_HULP_AANSLUITPUNT-SO; V-SKL-WTB_HULP_AFSLUITER-SO; V-SKL-WTB_HULP_AFSLUITER_DRIEWEG-SO; V-SKL-WTB_HULP_AFSLUITER_HAAKS-SO; V-SKL-WTB_HULP_AFSLUITER_HANDB-SO; V-SKL-WTB_HULP_AFSLUITER_KLEP-SO; V-SKL-WTB_HULP_AFSLUITER_KOGEL-SO; V-SKL-WTB_HULP_AFSLUITER_SPINDEL-SO; V-SKL-WTB_HULP_ANODE BEDRADING-SO; V-SKL-WTB_HULP_BELUCHTING-SO; V-SKL-WTB_HULP_BELUCHTING_ONTLUCHTING-SO; V-SKL-WTB_HULP_BOB-SO; V-SKL-WTB_HULP_DEMARCATIE-SO; V-SKL-WTB_HULP_EINDKAP-SO; V-SKL-WTB_HULP_EXPANSIESTUK-SO; V-SKL-WTB_HULP_EXPANSIESTUK_GOLF-SO; V-SKL-WTB_HULP_EXPANSIESTUK_SCHUIF-SO; V-SKL-WTB_HULP_KEERKLEP-SO; V-SKL-WTB_HULP_LEIDINGMERKPAAL-SO; V-SKL-WTB_HULP_LINT_ANODE_MANTELBUIS-SO; V-SKL-WTB_HULP_MATERIAAL-SO; V-SKL-WTB_HULP_METER_DRUK-SO; V-SKL-WTB_HULP_METER_HOEVEELHEID-SO; V-SKL-WTB_HULP_METER_KATHODISCHE BESCHERMING-SO; V-SKL-WTB_HULP_ONTLUCHTING-SO; V-SKL-WTB_HULP_SCHOONMAAKSTUK-SO; V-SKL-WTB_HULP_SPUIKRAAN-SO; V-SKL-WTB_HULP_STROOMRICHTING-SO; V-SKL-WTB_HULP_TERREINKAST_GAS-SO; V-SKL-WTB_HULP_TERREINKAST_WATER-SO; V-SKL-WTB_HULP_VERLOOPSTUK-SO; V-SKL-WTB_HULP_VLINDERKLEP-SO","*_**_KL_GAS_HULPSTUK","0.18","30","32","30","30","252","CONTINUOUS","0.35","30","32","30","30","252","CONTINUOUS","0.35","30","32","30","30","252","V-CONTINUOUS-SO","0.35","30","32","30","30","252","CONTINUOUS","","","1102","998","http://digitalbuildingdata.tech/nlcs/def/ea6c235b-4951-4049-8f3d-aa96432a4f53","http://digitalbuildingdata.tech/nlcs/def/faccc1c5-568b-4f09-b1a0-b1fa48548749"
"WARMTENET_BRONPUT","*","_","**","_","KL","_","WARMTENET","_","BRONPUT","_","","_","","_","","_","","'-","","'-","G/S","'-","","SKL-WTB_WARMTENET_BRONPUT-SO; V-SKL-WTB_WARMTENET_BRONPUT-SO","*_**_KL_WARMTENET_BRONPUT","0.18","80","82","80","80","252","CONTINUOUS","0.35","80","82","80","80","252","CONTINUOUS","0.35","80","82","80","80","252","V-CONTINUOUS-SO","0.35","80","82","80","80","252","CONTINUOUS","","","1244","1232","http://digitalbuildingdata.tech/nlcs/def/1480866f-e40e-48ac-9543-833cd703d7f7","http://digitalbuildingdata.tech/nlcs/def/322a6ba5-929d-43cf-a20b-fad99b987e3a"
"DATA_GLASVEZEL","*","_","**","_","KL","_","DATA","_","GLASVEZEL","_","","_","","_","","_","","'-","","'-","G/S","'-","","SKL-DATA_GLASVEZEL_HULP_LASBOX-SO; SKL-DATA_GLASVEZEL_HULP_MOF-SO; SKL-DATA_GLASVEZEL_KABELPUT_RECHTHOEKIG-SO; SKL-DATA_GLASVEZEL_KABELPUT_ROND-SO; SKL-DATA_GLASVEZEL_KAST_ABONNEEBOX-SO; SKL-DATA_GLASVEZEL_KAST_CVR RUIMTE-SO; SKL-DATA_GLASVEZEL_KAST_EINDPUNTKAST-SO; SKL-DATA_GLASVEZEL_KAST_STERPUNTKAST-SO; V-SKL-DATA_GLASVEZEL_HULP_LASBOX-SO; V-SKL-DATA_GLASVEZEL_HULP_MOF-SO; V-SKL-DATA_GLASVEZEL_KABELPUT_RECHTHOEKIG-SO; V-SKL-DATA_GLASVEZEL_KABELPUT_ROND-SO; V-SKL-DATA_GLASVEZEL_KAST_ABONNEEBOX-SO; V-SKL-DATA_GLASVEZEL_KAST_CVR RUIMTE-SO; V-SKL-DATA_GLASVEZEL_KAST_EINDPUNTKAST-SO; V-SKL-DATA_GLASVEZEL_KAST_STERPUNTKAST-SO","*_**_KL_DATA_GLASVEZEL","0.18","90","92","90","90","90","KL-GLASVEZEL-SO","0.35","90","92","90","90","90","KL-GLASVEZEL-SO","0.35","90","92","90","90","90","V-KL-GLASVEZEL-SO","0.35","90","92","90","90","90","KL-GLASVEZEL-SO","","","750","720","http://digitalbuildingdata.tech/nlcs/def/8b787620-4244-43b4-8692-d8d0e027fda8","http://digitalbuildingdata.tech/nlcs/def/c79d3730-6f13-4b7a-9eed-d5223242247b"
"DATA_KABELROL","*","_","**","_","KL","_","DATA","_","KABELROL","_","","_","","_","","_","","'-","","'-","G/S","'-","","SKL-DATA_KABELROL-SO; V-SKL-DATA_KABELROL-SO","*_**_KL_DATA_KABELROL","0.18","90","92","90","90","90","CONTINUOUS","0.35","90","92","90","90","90","CONTINUOUS","0.35","90","92","90","90","90","V-CONTINUOUS-SO","0.35","90","92","90","90","90","CONTINUOUS","","","781","720","http://digitalbuildingdata.tech/nlcs/def/de285863-c510-4a20-9c10-fca7a006a3ce","http://digitalbuildingdata.tech/nlcs/def/c79d3730-6f13-4b7a-9eed-d5223242247b"
"DATA_TELPAAL","*","_","**","_","KL","_","DATA","_","TELPAAL","_","","_","","_","","_","","'-","","'-","G/S","'-","","SKL-DATA_TELPAAL-SO; V-SKL-DATA_TELPAAL-SO","*_**_KL_DATA_TELPAAL","0.18","90","92","90","90","90","CONTINUOUS","0.35","90","92","90","90","90","CONTINUOUS","0.35","90","92","90","90","90","V-CONTINUOUS-SO","0.35","90","92","90","90","90","CONTINUOUS","","","3426","720","http://digitalbuildingdata.tech/nlcs/def/2371ce00-6fbe-436a-90ea-6d5660eb2666","http://digitalbuildingdata.tech/nlcs/def/c79d3730-6f13-4b7a-9eed-d5223242247b"
"KOUDENET_BRONPUT","*","_","**","_","KL","_","KOUDENET","_","BRONPUT","_","","_","","_","","_","","'-","","'-","G/S","'-","","SKL-WTB_KOUDENET_BRONPUT-SO; V-SKL-WTB_KOUDENET_BRONPUT-SO","*_**_KL_KOUDENET_BRONPUT","0.18","130","132","130","130","252","CONTINUOUS","0.35","130","132","130","130","252","CONTINUOUS","0.35","130","132","130","130","252","V-CONTINUOUS-SO","0.35","130","132","130","130","252","CONTINUOUS","","","1195","1183","http://digitalbuildingdata.tech/nlcs/def/37ee3a4a-a031-4f86-81eb-c3d6818f7d5e","http://digitalbuildingdata.tech/nlcs/def/50cb6bd6-f269-4cfa-833c-d078e9c2e11b"
"WARMTENET_HULPSTUK","*","_","**","_","KL","_","WARMTENET","_","HULPSTUK","_","","_","","_","","_","","'-","","'-","G/S","'-","","SKL-WTB_HULP_AANSLUITPUNT-SO; SKL-WTB_HULP_AFSLUITER-SO; SKL-WTB_HULP_AFSLUITER_DRIEWEG-SO; SKL-WTB_HULP_AFSLUITER_HAAKS-SO; SKL-WTB_HULP_AFSLUITER_HANDB-SO; SKL-WTB_HULP_AFSLUITER_KLEP-SO; SKL-WTB_HULP_AFSLUITER_KOGEL-SO; SKL-WTB_HULP_AFSLUITER_SPINDEL-SO; SKL-WTB_HULP_ANODE BEDRADING-SO; SKL-WTB_HULP_BELUCHTING-SO; SKL-WTB_HULP_BELUCHTING_ONTLUCHTING-SO; SKL-WTB_HULP_BOB-SO; SKL-WTB_HULP_DEMARCATIE-SO; SKL-WTB_HULP_EINDKAP-SO; SKL-WTB_HULP_EXPANSIESTUK-SO; SKL-WTB_HULP_EXPANSIESTUK_GOLF-SO; SKL-WTB_HULP_EXPANSIESTUK_SCHUIF-SO; SKL-WTB_HULP_KEERKLEP-SO; SKL-WTB_HULP_LEIDINGMERKPAAL-SO; SKL-WTB_HULP_LINT_ANODE_MANTELBUIS-SO; SKL-WTB_HULP_MATERIAAL-SO; SKL-WTB_HULP_METER_DRUK-SO; SKL-WTB_HULP_METER_HOEVEELHEID-SO; SKL-WTB_HULP_METER_KATHODISCHE BESCHERMING-SO; SKL-WTB_HULP_ONTLUCHTING-SO; SKL-WTB_HULP_SCHOONMAAKSTUK-SO; SKL-WTB_HULP_SPUIKRAAN-SO; SKL-WTB_HULP_STROOMRICHTING-SO; SKL-WTB_HULP_TERREINKAST_GAS-SO; SKL-WTB_HULP_TERREINKAST_WATER-SO; SKL-WTB_HULP_VERLOOPSTUK-SO; SKL-WTB_HULP_VLINDERKLEP-SO; V-SKL-WTB_HULP_AANSLUITPUNT-SO; V-SKL-WTB_HULP_AFSLUITER-SO; V-SKL-WTB_HULP_AFSLUITER_DRIEWEG-SO; V-SKL-WTB_HULP_AFSLUITER_HAAKS-SO; V-SKL-WTB_HULP_AFSLUITER_HANDB-SO; V-SKL-WTB_HULP_AFSLUITER_KLEP-SO; V-SKL-WTB_HULP_AFSLUITER_KOGEL-SO; V-SKL-WTB_HULP_AFSLUITER_SPINDEL-SO; V-SKL-WTB_HULP_ANODE BEDRADING-SO; V-SKL-WTB_HULP_BELUCHTING-SO; V-SKL-WTB_HULP_BELUCHTING_ONTLUCHTING-SO; V-SKL-WTB_HULP_BOB-SO; V-SKL-WTB_HULP_DEMARCATIE-SO; V-SKL-WTB_HULP_EINDKAP-SO; V-SKL-WTB_HULP_EXPANSIESTUK-SO; V-SKL-WTB_HULP_EXPANSIESTUK_GOLF-SO; V-SKL-WTB_HULP_EXPANSIESTUK_SCHUIF-SO; V-SKL-WTB_HULP_KEERKLEP-SO; V-SKL-WTB_HULP_LEIDINGMERKPAAL-SO; V-SKL-WTB_HULP_LINT_ANODE_MANTELBUIS-SO; V-SKL-WTB_HULP_MATERIAAL-SO; V-SKL-WTB_HULP_METER_DRUK-SO; V-SKL-WTB_HULP_METER_HOEVEELHEID-SO; V-SKL-WTB_HULP_METER_KATHODISCHE BESCHERMING-SO; V-SKL-WTB_HULP_ONTLUCHTING-SO; V-SKL-WTB_HULP_SCHOONMAAKSTUK-SO; V-SKL-WTB_HULP_SPUIKRAAN-SO; V-SKL-WTB_HULP_STROOMRICHTING-SO; V-SKL-WTB_HULP_TERREINKAST_GAS-SO; V-SKL-WTB_HULP_TERREINKAST_WATER-SO; V-SKL-WTB_HULP_VERLOOPSTUK-SO; V-SKL-WTB_HULP_VLINDERKLEP-SO","*_**_KL_WARMTENET_HULPSTUK","0.18","80","82","80","80","252","CONTINUOUS","0.35","80","82","80","80","252","CONTINUOUS","0.35","80","82","80","80","252","V-CONTINUOUS-SO","0.35","80","82","80","80","252","CONTINUOUS","","","1245","1232","http://digitalbuildingdata.tech/nlcs/def/ea6dfdc6-c763-4d08-bad5-45d02f19634b","http://digitalbuildingdata.tech/nlcs/def/322a6ba5-929d-43cf-a20b-fad99b987e3a"
"KOUDENET_HULPSTUK","*","_","**","_","KL","_","KOUDENET","_","HULPSTUK","_","","_","","_","","_","","'-","","'-","G/S","'-","","SKL-WTB_HULP_AANSLUITPUNT-SO; SKL-WTB_HULP_AFSLUITER-SO; SKL-WTB_HULP_AFSLUITER_DRIEWEG-SO; SKL-WTB_HULP_AFSLUITER_HAAKS-SO; SKL-WTB_HULP_AFSLUITER_HANDB-SO; SKL-WTB_HULP_AFSLUITER_KLEP-SO; SKL-WTB_HULP_AFSLUITER_KOGEL-SO; SKL-WTB_HULP_AFSLUITER_SPINDEL-SO; SKL-WTB_HULP_ANODE BEDRADING-SO; SKL-WTB_HULP_BELUCHTING-SO; SKL-WTB_HULP_BELUCHTING_ONTLUCHTING-SO; SKL-WTB_HULP_BOB-SO; SKL-WTB_HULP_DEMARCATIE-SO; SKL-WTB_HULP_EINDKAP-SO; SKL-WTB_HULP_EXPANSIESTUK-SO; SKL-WTB_HULP_EXPANSIESTUK_GOLF-SO; SKL-WTB_HULP_EXPANSIESTUK_SCHUIF-SO; SKL-WTB_HULP_KEERKLEP-SO; SKL-WTB_HULP_LEIDINGMERKPAAL-SO; SKL-WTB_HULP_LINT_ANODE_MANTELBUIS-SO; SKL-WTB_HULP_MATERIAAL-SO; SKL-WTB_HULP_METER_DRUK-SO; SKL-WTB_HULP_METER_HOEVEELHEID-SO; SKL-WTB_HULP_METER_KATHODISCHE BESCHERMING-SO; SKL-WTB_HULP_ONTLUCHTING-SO; SKL-WTB_HULP_SCHOONMAAKSTUK-SO; SKL-WTB_HULP_SPUIKRAAN-SO; SKL-WTB_HULP_STROOMRICHTING-SO; SKL-WTB_HULP_TERREINKAST_GAS-SO; SKL-WTB_HULP_TERREINKAST_WATER-SO; SKL-WTB_HULP_VERLOOPSTUK-SO; SKL-WTB_HULP_VLINDERKLEP-SO; V-SKL-WTB_HULP_AANSLUITPUNT-SO; V-SKL-WTB_HULP_AFSLUITER-SO; V-SKL-WTB_HULP_AFSLUITER_DRIEWEG-SO; V-SKL-WTB_HULP_AFSLUITER_HAAKS-SO; V-SKL-WTB_HULP_AFSLUITER_HANDB-SO; V-SKL-WTB_HULP_AFSLUITER_KLEP-SO; V-SKL-WTB_HULP_AFSLUITER_KOGEL-SO; V-SKL-WTB_HULP_AFSLUITER_SPINDEL-SO; V-SKL-WTB_HULP_ANODE BEDRADING-SO; V-SKL-WTB_HULP_BELUCHTING-SO; V-SKL-WTB_HULP_BELUCHTING_ONTLUCHTING-SO; V-SKL-WTB_HULP_BOB-SO; V-SKL-WTB_HULP_DEMARCATIE-SO; V-SKL-WTB_HULP_EINDKAP-SO; V-SKL-WTB_HULP_EXPANSIESTUK-SO; V-SKL-WTB_HULP_EXPANSIESTUK_GOLF-SO; V-SKL-WTB_HULP_EXPANSIESTUK_SCHUIF-SO; V-SKL-WTB_HULP_KEERKLEP-SO; V-SKL-WTB_HULP_LEIDINGMERKPAAL-SO; V-SKL-WTB_HULP_LINT_ANODE_MANTELBUIS-SO; V-SKL-WTB_HULP_MATERIAAL-SO; V-SKL-WTB_HULP_METER_DRUK-SO; V-SKL-WTB_HULP_METER_HOEVEELHEID-SO; V-SKL-WTB_HULP_METER_KATHODISCHE BESCHERMING-SO; V-SKL-WTB_HULP_ONTLUCHTING-SO; V-SKL-WTB_HULP_SCHOONMAAKSTUK-SO; V-SKL-WTB_HULP_SPUIKRAAN-SO; V-SKL-WTB_HULP_STROOMRICHTING-SO; V-SKL-WTB_HULP_TERREINKAST_GAS-SO; V-SKL-WTB_HULP_TERREINKAST_WATER-SO; V-SKL-WTB_HULP_VERLOOPSTUK-SO; V-SKL-WTB_HULP_VLINDERKLEP-SO","*_**_KL_KOUDENET_HULPSTUK","0.18","130","132","130","130","252","CONTINUOUS","0.35","130","132","130","130","252","CONTINUOUS","0.35","130","132","130","130","252","V-CONTINUOUS-SO","0.35","130","132","130","130","252","CONTINUOUS","","","1196","1183","http://digitalbuildingdata.tech/nlcs/def/1c3bb9fe-a61f-4da0-a3e6-f501ca108d2f","http://digitalbuildingdata.tech/nlcs/def/50cb6bd6-f269-4cfa-833c-d078e9c2e11b"
"GAS_INKOOPPUNT","*","_","**","_","KL","_","GAS","_","INKOOPPUNT","_","","_","","_","","_","","'-","","'-","G/S","'-","","SKL-WTB_INKOOPPUNT-SO; V-SKL-WTB_INKOOPPUNT-SO","*_**_KL_GAS_INKOOPPUNT","0.18","30","32","30","30","252","CONTINUOUS","0.35","30","32","30","30","252","CONTINUOUS","0.35","30","32","30","30","252","V-CONTINUOUS-SO","0.35","30","32","30","30","252","CONTINUOUS","","","1111","998","http://digitalbuildingdata.tech/nlcs/def/b51094a6-3a1e-42fa-9122-0b960b193d35","http://digitalbuildingdata.tech/nlcs/def/faccc1c5-568b-4f09-b1a0-b1fa48548749"
"BRANDSTOF_TANK","*","_","**","_","KL","_","BRANDSTOF","_","TANK","_","","_","","_","","_","","'-","","'-","G/S","'-","","SKL-TANK","*_**_KL_BRANDSTOF_TANK","0.18","40","42","40","40","40","CONTINUOUS","0.35","40","42","40","40","40","CONTINUOUS","0.35","40","42","40","40","40","V-CONTINUOUS-SO","0.35","40","42","40","40","40","CONTINUOUS","","","631","620","http://digitalbuildingdata.tech/nlcs/def/ec81d922-2016-42c9-a986-7c5f993dd5e5","http://digitalbuildingdata.tech/nlcs/def/7d18f679-4ea1-47ea-8239-cbbea21e911f"
"WARMTENET_LOCATIEPAAL","*","_","**","_","KL","_","WARMTENET","_","LOCATIEPAAL","_","","_","","_","","_","","'-","","'-","G/S","'-","","SKL-LEIDINGMERKPAAL","*_**_KL_WARMTENET_LOCATIEPAAL","0.18","80","82","80","80","252","KL-WARMTENET-SO","0.35","80","82","80","80","252","KL-WARMTENET-SO","0.35","80","82","80","80","252","V-KL-WARMTENET-SO","0.35","80","82","80","80","252","KL-WARMTENET-SO","","","1249","1232","http://digitalbuildingdata.tech/nlcs/def/44ee696b-d409-4a56-a52f-c5eda3181e37","http://digitalbuildingdata.tech/nlcs/def/322a6ba5-929d-43cf-a20b-fad99b987e3a"
"DATA_SIGNAALGEVER","*","_","**","_","KL","_","DATA","_","SIGNAALGEVER","_","","_","","_","","_","","'-","","'-","G/S","'-","","SKL-DATA_SIGNAALGEVER_DETECTIELUS-SO; SKL-DATA_SIGNAALGEVER_DETECTIELUS_SLIJPEN-SO; SKL-DATA_SIGNAALGEVER_DRIP-SO; SKL-DATA_SIGNAALGEVER_DYNAMISCH-SO; SKL-DATA_SIGNAALGEVER_RADARDETECTIE-SO; SKL-DATA_SIGNAALGEVER_STATISCH-SO; V-SKL-DATA_SIGNAALGEVER_DETECTIELUS-SO; V-SKL-DATA_SIGNAALGEVER_DETECTIELUS_SLIJPEN-SO; V-SKL-DATA_SIGNAALGEVER_DRIP-SO; V-SKL-DATA_SIGNAALGEVER_DYNAMISCH-SO; V-SKL-DATA_SIGNAALGEVER_RADARDETECTIE-SO; V-SKL-DATA_SIGNAALGEVER_STATISCH-SO","*_**_KL_DATA_SIGNAALGEVER","0.18","90","92","90","90","90","CONTINUOUS","0.35","90","92","90","90","90","CONTINUOUS","0.35","90","92","90","90","90","V-CONTINUOUS-SO","0.35","90","92","90","90","90","CONTINUOUS","","","2910","720","http://digitalbuildingdata.tech/nlcs/def/96a43fc1-3053-4264-ac7b-a8cfaf2b2c60","http://digitalbuildingdata.tech/nlcs/def/c79d3730-6f13-4b7a-9eed-d5223242247b"
"GAS_TERREINKAST","*","_","**","_","KL","_","GAS","_","TERREINKAST","_","","_","","_","","_","","'-","","'-","G/S","'-","","SKL-GAS_TERREINKAST-SO; V-SKL-GAS_TERREINKAST-SO","*_**_KL_GAS_TERREINKAST","0.18","30","32","30","30","252","CONTINUOUS","0.35","30","32","30","30","252","CONTINUOUS","0.35","30","32","30","30","252","V-CONTINUOUS-SO","0.35","30","32","30","30","252","CONTINUOUS","","","3428","998","http://digitalbuildingdata.tech/nlcs/def/04e3e6ec-357b-489d-8795-b54402619194","http://digitalbuildingdata.tech/nlcs/def/faccc1c5-568b-4f09-b1a0-b1fa48548749"
"WATER_STRAATPOT","*","_","**","_","KL","_","WATER","_","STRAATPOT","_","","_","","_","","_","","'-","","'-","G/S","'-","","SKL-WATER_STRAATPOT-SO; V-SKL-WATER_STRAATPOT-SO","*_**_KL_WATER_STRAATPOT","0.18","170","172","170","170","253","CONTINUOUS","0.35","170","172","170","170","253","CONTINUOUS","0.35","170","172","170","170","253","V-CONTINUOUS-SO","0.35","170","172","170","170","253","CONTINUOUS","","","1364","1264","http://digitalbuildingdata.tech/nlcs/def/00c14711-0d7a-4f0a-a9ab-c5ee784e7ecf","http://digitalbuildingdata.tech/nlcs/def/7344828e-4604-4577-8f08-80dafc1a927d"
"OLIE_PUT","*","_","**","_","KL","_","OLIE","_","PUT","_","","_","","_","","_","","'-","","'-","G/S","'-","","SKL-WTB_PUT-SO; V-SKL-WTB_PUT-SO","*_**_KL_OLIE_PUT","0.18","40","42","40","40","252","CONTINUOUS","0.35","40","42","40","40","252","CONTINUOUS","0.35","40","42","40","40","252","V-CONTINUOUS-SO","0.35","40","42","40","40","252","CONTINUOUS","","","1229","1222","http://digitalbuildingdata.tech/nlcs/def/6273e5fa-dae3-4e39-bb9e-f509c03e7e1a","http://digitalbuildingdata.tech/nlcs/def/3ec55c79-7228-48f8-bee7-d1008ae19c88"
"DATA_RADARMAST","*","_","**","_","KL","_","DATA","_","RADARMAST","_","","_","","_","","_","","'-","","'-","G/S","'-","","SKL-DATA_RADARMAST-SO; V-SKL-DATA_RADARMAST-SO","*_**_KL_DATA_RADARMAST","0.18","90","92","90","90","90","CONTINUOUS","0.35","90","92","90","90","90","CONTINUOUS","0.35","90","92","90","90","90","V-CONTINUOUS-SO","0.35","90","92","90","90","90","CONTINUOUS","","","3424","720","http://digitalbuildingdata.tech/nlcs/def/994bf6a2-8086-4c31-9edb-afa2b1857c0a","http://digitalbuildingdata.tech/nlcs/def/c79d3730-6f13-4b7a-9eed-d5223242247b"
"KOUDENET_LOCATIEPAAL","*","_","**","_","KL","_","KOUDENET","_","LOCATIEPAAL","_","","_","","_","","_","","'-","","'-","G/S","'-","","SKL-LEIDINGMERKPAAL","*_**_KL_KOUDENET_LOCATIEPAAL","0.18","130","132","130","130","252","CONTINUOUS","0.35","130","132","130","130","252","CONTINUOUS","0.35","130","132","130","130","252","V-CONTINUOUS-SO","0.35","130","132","130","130","252","CONTINUOUS","","","1200","1183","http://digitalbuildingdata.tech/nlcs/def/c827d4e3-66ca-43f3-a0f2-84ef30bf5243","http://digitalbuildingdata.tech/nlcs/def/50cb6bd6-f269-4cfa-833c-d078e9c2e11b"
"WARMTENET_PUT","*","_","**","_","KL","_","WARMTENET","_","PUT","_","","_","","_","","_","","'-","","'-","G/S","'-","","SKL-WTB_WARMTENET_PUT-SO; V-SKL-WTB_WARMTENET_PUT-SO","*_**_KL_WARMTENET_PUT","0.18","80","82","80","80","252","CONTINUOUS","0.35","80","82","80","80","252","CONTINUOUS","0.35","80","82","80","80","252","V-CONTINUOUS-SO","0.35","80","82","80","80","252","CONTINUOUS","","","1252","1232","http://digitalbuildingdata.tech/nlcs/def/30bf0035-6044-4359-830c-8d5ff86b0356","http://digitalbuildingdata.tech/nlcs/def/322a6ba5-929d-43cf-a20b-fad99b987e3a"
"OLIE_LOCATIEPAAL","*","_","**","_","KL","_","OLIE","_","LOCATIEPAAL","_","","_","","_","","_","","'-","","'-","G/S","'-","","SKL-LEIDINGMERKPAAL","*_**_KL_OLIE_LOCATIEPAAL","0.18","40","42","40","40","252","CONTINUOUS","0.35","40","42","40","40","252","CONTINUOUS","0.35","40","42","40","40","252","V-CONTINUOUS-SO","0.35","40","42","40","40","252","CONTINUOUS","","","1226","1222","http://digitalbuildingdata.tech/nlcs/def/85158508-81f6-4093-8fdf-fd0d845ba041","http://digitalbuildingdata.tech/nlcs/def/3ec55c79-7228-48f8-bee7-d1008ae19c88"
"CHEMIE_HULPSTUK","*","_","**","_","KL","_","CHEMIE","_","HULPSTUK","_","","_","","_","","_","","'-","","'-","G/S","'-","","SKL-WTB_HULP_AANSLUITPUNT-SO; SKL-WTB_HULP_AFSLUITER-SO; SKL-WTB_HULP_AFSLUITER_DRIEWEG-SO; SKL-WTB_HULP_AFSLUITER_HAAKS-SO; SKL-WTB_HULP_AFSLUITER_HANDB-SO; SKL-WTB_HULP_AFSLUITER_KLEP-SO; SKL-WTB_HULP_AFSLUITER_KOGEL-SO; SKL-WTB_HULP_AFSLUITER_SPINDEL-SO; SKL-WTB_HULP_ANODE BEDRADING-SO; SKL-WTB_HULP_BELUCHTING-SO; SKL-WTB_HULP_BELUCHTING_ONTLUCHTING-SO; SKL-WTB_HULP_BOB-SO; SKL-WTB_HULP_DEMARCATIE-SO; SKL-WTB_HULP_EINDKAP-SO; SKL-WTB_HULP_EXPANSIESTUK-SO; SKL-WTB_HULP_EXPANSIESTUK_GOLF-SO; SKL-WTB_HULP_EXPANSIESTUK_SCHUIF-SO; SKL-WTB_HULP_KEERKLEP-SO; SKL-WTB_HULP_LEIDINGMERKPAAL-SO; SKL-WTB_HULP_LINT_ANODE_MANTELBUIS-SO; SKL-WTB_HULP_MATERIAAL-SO; SKL-WTB_HULP_METER_DRUK-SO; SKL-WTB_HULP_METER_HOEVEELHEID-SO; SKL-WTB_HULP_METER_KATHODISCHE BESCHERMING-SO; SKL-WTB_HULP_ONTLUCHTING-SO; SKL-WTB_HULP_SCHOONMAAKSTUK-SO; SKL-WTB_HULP_SPUIKRAAN-SO; SKL-WTB_HULP_STROOMRICHTING-SO; SKL-WTB_HULP_TERREINKAST_GAS-SO; SKL-WTB_HULP_TERREINKAST_WATER-SO; SKL-WTB_HULP_VERLOOPSTUK-SO; SKL-WTB_HULP_VLINDERKLEP-SO; V-SKL-WTB_HULP_AANSLUITPUNT-SO; V-SKL-WTB_HULP_AFSLUITER-SO; V-SKL-WTB_HULP_AFSLUITER_DRIEWEG-SO; V-SKL-WTB_HULP_AFSLUITER_HAAKS-SO; V-SKL-WTB_HULP_AFSLUITER_HANDB-SO; V-SKL-WTB_HULP_AFSLUITER_KLEP-SO; V-SKL-WTB_HULP_AFSLUITER_KOGEL-SO; V-SKL-WTB_HULP_AFSLUITER_SPINDEL-SO; V-SKL-WTB_HULP_ANODE BEDRADING-SO; V-SKL-WTB_HULP_BELUCHTING-SO; V-SKL-WTB_HULP_BELUCHTING_ONTLUCHTING-SO; V-SKL-WTB_HULP_BOB-SO; V-SKL-WTB_HULP_DEMARCATIE-SO; V-SKL-WTB_HULP_EINDKAP-SO; V-SKL-WTB_HULP_EXPANSIESTUK-SO; V-SKL-WTB_HULP_EXPANSIESTUK_GOLF-SO; V-SKL-WTB_HULP_EXPANSIESTUK_SCHUIF-SO; V-SKL-WTB_HULP_KEERKLEP-SO; V-SKL-WTB_HULP_LEIDINGMERKPAAL-SO; V-SKL-WTB_HULP_LINT_ANODE_MANTELBUIS-SO; V-SKL-WTB_HULP_MATERIAAL-SO; V-SKL-WTB_HULP_METER_DRUK-SO; V-SKL-WTB_HULP_METER_HOEVEELHEID-SO; V-SKL-WTB_HULP_METER_KATHODISCHE BESCHERMING-SO; V-SKL-WTB_HULP_ONTLUCHTING-SO; V-SKL-WTB_HULP_SCHOONMAAKSTUK-SO; V-SKL-WTB_HULP_SPUIKRAAN-SO; V-SKL-WTB_HULP_STROOMRICHTING-SO; V-SKL-WTB_HULP_TERREINKAST_GAS-SO; V-SKL-WTB_HULP_TERREINKAST_WATER-SO; V-SKL-WTB_HULP_VERLOOPSTUK-SO; V-SKL-WTB_HULP_VLINDERKLEP-SO","*_**_KL_CHEMIE_HULPSTUK","0.18","40","42","40","40","40","CONTINUOUS","0.35","40","42","40","40","40","CONTINUOUS","0.35","40","42","40","40","40","V-CONTINUOUS-SO","0.35","40","42","40","40","40","CONTINUOUS","","","639","637","http://digitalbuildingdata.tech/nlcs/def/1d216c4d-849c-45d1-9a4c-7cdf3fda8a38","http://digitalbuildingdata.tech/nlcs/def/00f266c9-da12-4592-b1a5-3fe8154f1b39"
"DATA_HULPSTUK","*","_","**","_","KL","_","DATA","_","HULPSTUK","_","","_","","_","","_","","'-","","'-","G/S","'-","","SKL-DATA_HULP_MOF-SO; SKL-DATA_HULP_MOF_VERBINDING_HDPE-SO; V-SKL-DATA_HULP_MOF-SO; V-SKL-DATA_HULP_MOF_VERBINDING_HDPE-SO","*_**_KL_DATA_HULPSTUK","0.18","90","92","90","90","90","CONTINUOUS","0.35","90","92","90","90","90","CONTINUOUS","0.35","90","92","90","90","90","V-CONTINUOUS-SO","0.35","90","92","90","90","90","CONTINUOUS","","","761","720","http://digitalbuildingdata.tech/nlcs/def/a6cdd2c4-7bf3-408d-9f22-e961503003f5","http://digitalbuildingdata.tech/nlcs/def/c79d3730-6f13-4b7a-9eed-d5223242247b"
"ET_LICHTGEVOELIGE CEL","*","_","**","_","KL","_","ET","_","LICHTGEVOELIGE CEL","_","","_","","_","","_","","'-","","'-","S","'-","","SKL-ET_LICHTGEVOELIGE CEL-SO; V-SKL-ET_LICHTGEVOELIGE CEL-SO","*_**_KL_ET_LICHTGEVOELIGE CEL","0.18","10","12","10","10","252","CONTINUOUS","0.35","10","12","10","10","252","CONTINUOUS","0.35","10","12","10","10","252","V-CONTINUOUS-SO","0.35","10","12","10","10","252","CONTINUOUS","","","968","840","http://digitalbuildingdata.tech/nlcs/def/76e75301-5359-46c2-998d-001712485426","http://digitalbuildingdata.tech/nlcs/def/1db23e1d-f800-4e24-ab2f-21f5a7ae443a"
"BRANDSTOF_PUT","*","_","**","_","KL","_","BRANDSTOF","_","PUT","_","","_","","_","","_","","'-","","'-","G/S","'-","","SKL-BENZINEPUT_OLIEPUT-SO; V-SKL-BENZINEPUT_OLIEPUT-SO","*_**_KL_BRANDSTOF_PUT","0.18","40","42","40","40","40","CONTINUOUS","0.35","40","42","40","40","40","CONTINUOUS","0.35","40","42","40","40","40","V-CONTINUOUS-SO","0.35","40","42","40","40","40","CONTINUOUS","","","630","620","http://digitalbuildingdata.tech/nlcs/def/3a8d86ae-a857-4257-897d-09014c4c17ac","http://digitalbuildingdata.tech/nlcs/def/7d18f679-4ea1-47ea-8239-cbbea21e911f"
"DATA_STRAALZENDER","*","_","**","_","KL","_","DATA","_","STRAALZENDER","_","","_","","_","","_","","'-","","'-","G/S","'-","","SKL-DATA_STRAALZENDER-SO; V-SKL-DATA_STRAALZENDER-SO","*_**_KL_DATA_STRAALZENDER","0.18","90","92","90","90","90","CONTINUOUS","0.35","90","92","90","90","90","CONTINUOUS","0.35","90","92","90","90","90","V-CONTINUOUS-SO","0.35","90","92","90","90","90","CONTINUOUS","","","3425","720","http://digitalbuildingdata.tech/nlcs/def/d0c7b347-bfd2-42d2-bf54-01877bf3f3e7","http://digitalbuildingdata.tech/nlcs/def/c79d3730-6f13-4b7a-9eed-d5223242247b"
"TELPUNT_TELKAST","*","_","**","_","KL","_","TELPUNT","_","TELKAST","_","","_","","_","","_","","'-","","'-","G/S","'-","","SKL-TELKAST","*_**_KL_TELPUNT_TELKAST","0.18","100","102","100","100","253","CONTINUOUS","0.35","100","102","100","100","253","CONTINUOUS","0.35","100","102","100","100","253","V-CONTINUOUS-SO","0.35","100","102","100","100","253","CONTINUOUS","","","3429","1400","http://digitalbuildingdata.tech/nlcs/def/edb151d9-7a2a-4703-b3e0-3abaf58af805","http://digitalbuildingdata.tech/nlcs/def/9c2a7c8b-fa41-4534-a241-9032cdfc4c3d"
"WATER_LOCATIEPAAL","*","_","**","_","KL","_","WATER","_","LOCATIEPAAL","_","","_","","_","","_","","'-","","'-","G/S","'-","","SKL-LEIDINGMERKPAAL","*_**_KL_WATER_LOCATIEPAAL","0.18","170","172","170","170","252","CONTINUOUS","0.35","170","172","170","170","252","CONTINUOUS","0.35","170","172","170","170","252","V-CONTINUOUS-SO","0.35","170","172","170","170","252","CONTINUOUS","","","1357","1264","http://digitalbuildingdata.tech/nlcs/def/2f6855ec-0691-4341-89fe-ff4d873c7ce1","http://digitalbuildingdata.tech/nlcs/def/7344828e-4604-4577-8f08-80dafc1a927d"
"MANTELBUIS_STAAL","*","_","**","_","KL","_","MANTELBUIS","_","STAAL","_","","_","","_","","_","","'-","","'-","G","'-","","","*_**_KL_MANTELBUIS_STAAL","0.18","7","7","7","7","252","CONTINUOUS","0.35","7","7","7","7","252","CONTINUOUS","0.35","7","7","7","7","252","V-CONTINUOUS-SO","0.35","7","7","7","7","252","CONTINUOUS","","","1218","1215","http://digitalbuildingdata.tech/nlcs/def/d1338c01-77ab-4de3-ac00-51e70d62407a","http://digitalbuildingdata.tech/nlcs/def/96747b39-5afd-4e5d-9390-14de9e3b16d6"
"DATA_SIGNAALKABEL","*","_","**","_","KL","_","DATA","_","SIGNAALKABEL","_","","_","","_","","_","","'-","","'-","G","'-","","","*_**_KL_DATA_SIGNAALKABEL","0.18","90","92","90","90","90","KL-SIGNAALKABEL-SO","0.35","90","92","90","90","90","KL-SIGNAALKABEL-SO","0.35","90","92","90","90","90","V-KL-SIGNAALKABEL-SO","0.35","90","92","90","90","90","KL-SIGNAALKABEL-SO","","","789","720","http://digitalbuildingdata.tech/nlcs/def/7e35f242-c1bb-40c1-8cf1-8e21e5fc8deb","http://digitalbuildingdata.tech/nlcs/def/c79d3730-6f13-4b7a-9eed-d5223242247b"
"CV_HUISAANSLUITING","*","_","**","_","KL","_","CV","_","HUISAANSLUITING","_","","_","","_","","_","","'-","","'-","G","'-","","","*_**_KL_CV_HUISAANSLUITING","0.18","40","42","40","40","40","KL-CV-SO","0.35","40","42","40","40","40","KL-CV-SO","0.35","40","42","40","40","40","V-KL-CV-SO","0.35","40","42","40","40","40","KL-CV-SO","","","646","645","http://digitalbuildingdata.tech/nlcs/def/31587151-69d6-4716-a04b-667f7134e743","http://digitalbuildingdata.tech/nlcs/def/11d49af6-8b32-479e-b7f2-3089099f64ce"
"WATER_HUISAANSLUITING","*","_","**","_","KL","_","WATER","_","HUISAANSLUITING","_","","_","","_","","_","","'-","","'-","G","'-","","","*_**_KL_WATER_HUISAANSLUITING","0.18","170","172","170","170","252","KL-WATER-SO","0.35","170","172","170","170","252","KL-WATER-SO","0.35","170","172","170","170","252","V-KL-WATER-SO","0.35","170","172","170","170","252","KL-WATER-SO","","","1331","1264","http://digitalbuildingdata.tech/nlcs/def/b29a81d7-e33e-4201-a487-4f206d1122bc","http://digitalbuildingdata.tech/nlcs/def/7344828e-4604-4577-8f08-80dafc1a927d"
"HOOGTEDETECTIE_KABEL","*","_","**","_","KL","_","HOOGTEDETECTIE","_","KABEL","_","","_","","_","","_","","'-","","'-","G","'-","","","*_**_KL_HOOGTEDETECTIE_KABEL","0.18","190","192","190","190","253","CONTINUOUS","0.35","190","192","190","190","253","CONTINUOUS","0.35","190","192","190","190","253","V-CONTINUOUS-SO","0.35","190","192","190","190","253","CONTINUOUS","","","1395","1394","http://digitalbuildingdata.tech/nlcs/def/09322665-01b3-4461-ad8f-d8c1a8b83784","http://digitalbuildingdata.tech/nlcs/def/2f41afdd-050d-467c-aa57-b6fb42bb9b4f"
"WARMTENET_TRANSPORTLEIDING","*","_","**","_","KL","_","WARMTENET","_","TRANSPORTLEIDING","_","","_","","_","","_","","'-","","'-","G","'-","","","*_**_KL_WARMTENET_TRANSPORTLEIDING","0.18","80","82","80","80","252","KL-WARMTENET-SO","0.35","80","82","80","80","252","KL-WARMTENET-SO","0.35","80","82","80","80","252","V-KL-WARMTENET-SO","0.35","80","82","80","80","252","KL-WARMTENET-SO","","","1253","1232","http://digitalbuildingdata.tech/nlcs/def/06e1c7a3-8947-4e9c-9a9a-0155cf50235e","http://digitalbuildingdata.tech/nlcs/def/322a6ba5-929d-43cf-a20b-fad99b987e3a"
"CHEMIE_MANTELBUIS","*","_","**","_","KL","_","CHEMIE","_","MANTELBUIS","_","","_","","_","","_","","'-","","'-","G","'-","","","*_**_KL_CHEMIE_MANTELBUIS","0.18","40","42","40","40","40","CONTINUOUS","0.35","40","42","40","40","40","CONTINUOUS","0.35","40","42","40","40","40","V-CONTINUOUS-SO","0.35","40","42","40","40","40","CONTINUOUS","","","642","637","http://digitalbuildingdata.tech/nlcs/def/974ec06e-6a7a-4149-b3d9-79488519bc95","http://digitalbuildingdata.tech/nlcs/def/00f266c9-da12-4592-b1a5-3fe8154f1b39"
"MANTELBUIS_PE","*","_","**","_","KL","_","MANTELBUIS","_","PE","_","","_","","_","","_","","'-","","'-","G","'-","","","*_**_KL_MANTELBUIS_PE","0.18","7","7","7","7","252","CONTINUOUS","0.35","7","7","7","7","252","CONTINUOUS","0.35","7","7","7","7","252","V-CONTINUOUS-SO","0.35","7","7","7","7","252","CONTINUOUS","","","1216","1215","http://digitalbuildingdata.tech/nlcs/def/9ce5e149-0d4b-44c4-8ee7-c267f7b655a4","http://digitalbuildingdata.tech/nlcs/def/96747b39-5afd-4e5d-9390-14de9e3b16d6"
"KOUDENET_TRANSPORTLEIDING","*","_","**","_","KL","_","KOUDENET","_","TRANSPORTLEIDING","_","","_","","_","","_","","'-","","'-","G","'-","","","*_**_KL_KOUDENET_TRANSPORTLEIDING","0.18","130","132","130","130","252","KL-KOUDENET-SO","0.35","130","132","130","130","252","KL-KOUDENET-SO","0.35","130","132","130","130","252","V-KL-KOUDENET-SO","0.35","130","132","130","130","252","KL-KOUDENET-SO","","","1204","1183","http://digitalbuildingdata.tech/nlcs/def/efcef735-d613-4b82-9d58-43ebe180e8aa","http://digitalbuildingdata.tech/nlcs/def/50cb6bd6-f269-4cfa-833c-d078e9c2e11b"
"ET_MS","*","_","**","_","KL","_","ET","_","MS","_","","_","","_","","_","","'-","","'-","G","'-","","","*_**_KL_ET_MS","0.18","130","132","130","130","252","KL-MS-SO","0.35","130","132","130","130","252","KL-MS-SO","0.35","130","132","130","130","252","V-KL-MS-SO","0.35","130","132","130","130","252","KL-MS-SO","","","973","840","http://digitalbuildingdata.tech/nlcs/def/8f5db8db-3195-470e-8371-d9d8cd8359f4","http://digitalbuildingdata.tech/nlcs/def/1db23e1d-f800-4e24-ab2f-21f5a7ae443a"
"VEVA_KABEL","*","_","**","_","KL","_","VEVA","_","KABEL","_","","_","","_","","_","","'-","","'-","G","'-","","","*_**_KL_VEVA_KABEL","0.18","60","62","60","60","253","CONTINUOUS","0.35","60","62","60","60","253","CONTINUOUS","0.35","60","62","60","60","253","V-CONTINUOUS-SO","0.35","60","62","60","60","253","CONTINUOUS","","","1415","1414","http://digitalbuildingdata.tech/nlcs/def/f6954233-f3c0-431d-a53b-01820ad58c92","http://digitalbuildingdata.tech/nlcs/def/52e52dd3-5ae7-4d22-b99a-e59c9cf4b11d"
"WATER_BEREGENING","*","_","**","_","KL","_","WATER","_","BEREGENING","_","","_","","_","","_","","'-","","'-","G","'-","","","*_**_KL_WATER_BEREGENING","0.18","150","152","150","150","252","KL-WATER-SO","0.35","150","152","150","150","252","KL-WATER-SO","0.35","150","152","150","150","252","V-KL-WATER-SO","0.35","150","152","150","150","252","KL-WATER-SO","","","1265","1264","http://digitalbuildingdata.tech/nlcs/def/40f7ba08-1a69-4ded-a67e-eebe3bb98517","http://digitalbuildingdata.tech/nlcs/def/7344828e-4604-4577-8f08-80dafc1a927d"
"TELPUNT_KABEL","*","_","**","_","KL","_","TELPUNT","_","KABEL","_","","_","","_","","_","","'-","","'-","G","'-","","","*_**_KL_TELPUNT_KABEL","0.18","100","102","100","100","253","KL-TELPUNT-SO","0.35","100","102","100","100","253","KL-TELPUNT-SO","0.35","100","102","100","100","253","V-KL-TELPUNT-SO","0.35","100","102","100","100","253","KL-TELPUNT-SO","","","1401","1400","http://digitalbuildingdata.tech/nlcs/def/92a2c8c9-aa86-4dba-8793-dfe62abc2ae5","http://digitalbuildingdata.tech/nlcs/def/9c2a7c8b-fa41-4534-a241-9032cdfc4c3d"
"GAS_HD","*","_","**","_","KL","_","GAS","_","HD","_","","_","","_","","_","","'-","","'-","G","'-","","","*_**_KL_GAS_HD","0.18","30","32","30","30","252","KL-GAS_HD-SO","0.35","30","32","30","30","252","KL-GAS_HD-SO","0.35","30","32","30","30","252","V-KL-GAS_HD-SO","0.35","30","32","30","30","252","KL-GAS_HD-SO","","","999","998","http://digitalbuildingdata.tech/nlcs/def/3beda832-424c-49cc-b338-468d3c12f0ed","http://digitalbuildingdata.tech/nlcs/def/faccc1c5-568b-4f09-b1a0-b1fa48548749"
"WATER_BRANDLEIDING","*","_","**","_","KL","_","WATER","_","BRANDLEIDING","_","","_","","_","","_","","'-","","'-","G","'-","","","*_**_KL_WATER_BRANDLEIDING","0.18","150","152","150","150","252","KL-WATER-SO","0.35","150","152","150","150","252","KL-WATER-SO","0.35","150","152","150","150","252","V-KL-WATER-SO","0.35","150","152","150","150","252","KL-WATER-SO","","","1280","1264","http://digitalbuildingdata.tech/nlcs/def/dce93aba-5736-4a3f-a45b-0901a92a00d7","http://digitalbuildingdata.tech/nlcs/def/7344828e-4604-4577-8f08-80dafc1a927d"
"DATA_WAN","*","_","**","_","KL","_","DATA","_","WAN","_","","_","","_","","_","","'-","","'-","G","'-","","","*_**_KL_DATA_WAN","0.18","90","92","90","90","90","KL-WAN-SO","0.35","90","92","90","90","90","KL-WAN-SO","0.35","90","92","90","90","90","V-KL-WAN-SO","0.35","90","92","90","90","90","KL-WAN-SO","","","827","720","http://digitalbuildingdata.tech/nlcs/def/e3b65e8b-9a40-4e88-877d-3b48c4462205","http://digitalbuildingdata.tech/nlcs/def/c79d3730-6f13-4b7a-9eed-d5223242247b"
"DRIP_KABEL","*","_","**","_","KL","_","DRIP","_","KABEL","_","","_","","_","","_","","'-","","'-","G","'-","","","*_**_KL_DRIP_KABEL","0.18","170","172","170","170","253","KL-DRIP-SO","0.35","170","172","170","170","253","KL-DRIP-SO","0.35","170","172","170","170","253","V-KL-DRIP-SO","0.35","170","172","170","170","253","KL-DRIP-SO","","","1389","1388","http://digitalbuildingdata.tech/nlcs/def/e6c0140a-7f8b-4165-a2cc-6394f8e4eb93","http://digitalbuildingdata.tech/nlcs/def/3f12e52c-5213-4bee-85ba-efa4c88f49d6"
"WARMTENET_AANSLUITLEIDING","*","_","**","_","KL","_","WARMTENET","_","AANSLUITLEIDING","_","","_","","_","","_","","'-","","'-","G","'-","","","*_**_KL_WARMTENET_AANSLUITLEIDING","0.18","80","82","80","80","252","KL-WARMTENET-SO","0.35","80","82","80","80","252","KL-WARMTENET-SO","0.35","80","82","80","80","252","V-KL-WARMTENET-SO","0.35","80","82","80","80","252","KL-WARMTENET-SO","","","1233","1232","http://digitalbuildingdata.tech/nlcs/def/7ae58b45-674b-4e53-a6b0-effd1aadcd4e","http://digitalbuildingdata.tech/nlcs/def/322a6ba5-929d-43cf-a20b-fad99b987e3a"
"SCHEMA_RASTERINDELING","*","_","**","_","KL","_","SCHEMA","_","RASTERINDELING","_","","_","","_","","_","","'-","","'-","G","'-","","","*_**_KL_SCHEMA_RASTERINDELING","0.18","7","7","7","7","7","CONTINUOUS","0.18","7","7","7","7","7","CONTINUOUS","0.18","7","7","7","7","7","V-CONTINUOUS-SO","0.18","7","7","7","7","7","CONTINUOUS","","","2958","2950","http://digitalbuildingdata.tech/nlcs/def/1b5fa142-5e2a-4808-9668-c76807bb90ec","http://digitalbuildingdata.tech/nlcs/def/fb1e8fe0-d0ad-4cea-9b31-9cd3d8e7ff56"
"DATA_DEFENSIE","*","_","**","_","KL","_","DATA","_","DEFENSIE","_","","_","","_","","_","","'-","","'-","G","'-","","","*_**_KL_DATA_DEFENSIE","0.18","90","92","90","90","90","KL-DEF-SO","0.35","90","92","90","90","90","KL-DEF-SO","0.35","90","92","90","90","90","V-KL-DEF-SO","0.35","90","92","90","90","90","KL-DEF-SO","","","737","720","http://digitalbuildingdata.tech/nlcs/def/bd8f236c-cc22-438d-be73-9f4485bd5acc","http://digitalbuildingdata.tech/nlcs/def/c79d3730-6f13-4b7a-9eed-d5223242247b"
"BRANDSTOF_VULPUNT","*","_","**","_","KL","_","BRANDSTOF","_","VULPUNT","_","","_","","_","","_","","'-","","'-","G","'-","","","*_**_KL_BRANDSTOF_VULPUNT","0.18","40","42","40","40","40","CONTINUOUS","0.35","40","42","40","40","40","CONTINUOUS","0.35","40","42","40","40","40","V-CONTINUOUS-SO","0.35","40","42","40","40","40","CONTINUOUS","","","636","620","http://digitalbuildingdata.tech/nlcs/def/422dbd22-f6e5-412c-b485-f31102fea5a6","http://digitalbuildingdata.tech/nlcs/def/7d18f679-4ea1-47ea-8239-cbbea21e911f"
"ET_ZHS","*","_","**","_","KL","_","ET","_","ZHS","_","","_","","_","","_","","'-","","'-","G","'-","","","*_**_KL_ET_ZHS","0.18","10","12","10","10","252","KL-ZHS-SO","0.35","10","12","10","10","252","KL-ZHS-SO","0.35","10","12","10","10","252","V-KL-ZHS-SO","0.35","10","12","10","10","252","KL-ZHS-SO","","","986","840","http://digitalbuildingdata.tech/nlcs/def/da60dbfd-1d3f-4dcf-ba24-aedf1b16e0e4","http://digitalbuildingdata.tech/nlcs/def/1db23e1d-f800-4e24-ab2f-21f5a7ae443a"
"DATA_STUURKABEL","*","_","**","_","KL","_","DATA","_","STUURKABEL","_","","_","","_","","_","","'-","","'-","G","'-","","","*_**_KL_DATA_STUURKABEL","0.18","90","92","90","90","90","KL-STUURKABEL-SO","0.35","90","92","90","90","90","KL-STUURKABEL-SO","0.35","90","92","90","90","90","V-KL-STUURKABEL-SO","0.35","90","92","90","90","90","KL-STUURKABEL-SO","","","801","720","http://digitalbuildingdata.tech/nlcs/def/5d2c80e4-962b-47f6-9b31-8c83107bf717","http://digitalbuildingdata.tech/nlcs/def/c79d3730-6f13-4b7a-9eed-d5223242247b"
"GAS_LD","*","_","**","_","KL","_","GAS","_","LD","_","","_","","_","","_","","'-","","'-","G","'-","","","*_**_KL_GAS_LD","0.18","50","52","50","50","252","KL-GAS_LD-SO","0.35","50","52","50","50","252","KL-GAS_LD-SO","0.35","50","52","50","50","252","V-KL-GAS_LD-SO","0.35","50","52","50","50","252","KL-GAS_LD-SO","","","1112","998","http://digitalbuildingdata.tech/nlcs/def/cb87feca-40d8-4c1f-bffe-7e13b7054230","http://digitalbuildingdata.tech/nlcs/def/faccc1c5-568b-4f09-b1a0-b1fa48548749"
"UWKS_KABEL","*","_","**","_","KL","_","UWKS","_","KABEL","_","","_","","_","","_","","'-","","'-","G","'-","","","*_**_KL_UWKS_KABEL","0.18","130","132","130","130","253","KL-UWKS-SO","0.35","130","132","130","130","253","KL-UWKS-SO","0.35","130","132","130","130","253","V-KL-UWKS-SO","0.35","130","132","130","130","253","KL-UWKS-SO","","","1411","1410","http://digitalbuildingdata.tech/nlcs/def/3b1813a4-79e9-483a-8f6c-53f467736997","http://digitalbuildingdata.tech/nlcs/def/ca29017e-2054-4189-9214-6993828a1c75"
"BRANDSTOF_MANTELBUIS","*","_","**","_","KL","_","BRANDSTOF","_","MANTELBUIS","_","","_","","_","","_","","'-","","'-","G","'-","","","*_**_KL_BRANDSTOF_MANTELBUIS","0.18","40","42","40","40","40","CONTINUOUS","0.35","40","42","40","40","40","CONTINUOUS","0.35","40","42","40","40","40","V-CONTINUOUS-SO","0.35","40","42","40","40","40","CONTINUOUS","","","628","620","http://digitalbuildingdata.tech/nlcs/def/c2d193d0-f8d5-48be-ab06-3b1690e578c6","http://digitalbuildingdata.tech/nlcs/def/7d18f679-4ea1-47ea-8239-cbbea21e911f"
"DATA_ALGEMEEN","*","_","**","_","KL","_","DATA","_","ALGEMEEN","_","","_","","_","","_","","'-","","'-","G","'-","","","*_**_KL_DATA_ALGEMEEN","0.18","90","92","90","90","90","CONTINUOUS","0.35","90","92","90","90","90","CONTINUOUS","0.35","90","92","90","90","90","V-CONTINUOUS-SO","0.35","90","92","90","90","90","CONTINUOUS","","","722","720","http://digitalbuildingdata.tech/nlcs/def/0aab7c79-9553-400e-943f-c64eb496817f","http://digitalbuildingdata.tech/nlcs/def/c79d3730-6f13-4b7a-9eed-d5223242247b"
"DATA_RESERVE","*","_","**","_","KL","_","DATA","_","RESERVE","_","","_","","_","","_","","'-","","'-","G","'-","","","*_**_KL_DATA_RESERVE","0.18","90","92","90","90","90","CONTINUOUS","0.35","90","92","90","90","90","CONTINUOUS","0.35","90","92","90","90","90","V-CONTINUOUS-SO","0.35","90","92","90","90","90","CONTINUOUS","","","788","720","http://digitalbuildingdata.tech/nlcs/def/1b72b8f7-aba8-4478-a9db-88621337cdc8","http://digitalbuildingdata.tech/nlcs/def/c79d3730-6f13-4b7a-9eed-d5223242247b"
"AFSLUITINSTALLATIE_KABEL","*","_","**","_","KL","_","AFSLUITINSTALLATIE","_","KABEL","_","","_","","_","","_","","'-","","'-","G","'-","","","*_**_KL_AFSLUITINSTALLATIE_KABEL","0.18","60","62","60","60","253","CONTINUOUS","0.35","60","62","60","60","253","CONTINUOUS","0.35","60","62","60","60","253","V-CONTINUOUS-SO","0.35","60","62","60","60","253","CONTINUOUS","","","1417","1416","http://digitalbuildingdata.tech/nlcs/def/123dc9b7-3279-4e36-b071-3ad498b4a875","http://digitalbuildingdata.tech/nlcs/def/8eaa6219-dae6-4668-b492-8459866b4287"
"BEWEGWIJZERING_KABEL","*","_","**","_","KL","_","BEWEGWIJZERING","_","KABEL","_","","_","","_","","_","","'-","","'-","G","'-","","","*_**_KL_BEWEGWIJZERING_KABEL","0.18","210","212","210","210","253","KL-BEWEGWIJZERING-SO","0.35","210","212","210","210","253","KL-BEWEGWIJZERING-SO","0.35","210","212","210","210","253","V-KL-BEWEGWIJZERING-SO","0.35","210","212","210","210","253","KL-BEWEGWIJZERING-SO","","","1387","1386","http://digitalbuildingdata.tech/nlcs/def/fb424839-7554-4ebf-89c2-0c33b3d4f3a6","http://digitalbuildingdata.tech/nlcs/def/2073f66b-06a8-4ba3-bfc2-f2f982b61baa"
"GAS_MANTELBUIS","*","_","**","_","KL","_","GAS","_","MANTELBUIS","_","","_","","_","","_","","'-","","'-","G","'-","","","*_**_KL_GAS_MANTELBUIS","0.18","30","32","30","30","252","CONTINUOUS","0.35","30","32","30","30","252","CONTINUOUS","0.35","30","32","30","30","252","V-CONTINUOUS-SO","0.35","30","32","30","30","252","CONTINUOUS","","","1175","998","http://digitalbuildingdata.tech/nlcs/def/12ee9a15-44b9-49bd-8066-423eea353eba","http://digitalbuildingdata.tech/nlcs/def/faccc1c5-568b-4f09-b1a0-b1fa48548749"
"ET_DVM","*","_","**","_","KL","_","ET","_","DVM","_","","_","","_","","_","","'-","","'-","G/S","'-","","","*_**_KL_ET_DVM","0.18","10","12","10","10","10","CONTINUOUS","0.35","10","12","10","10","10","CONTINUOUS","0.35","10","12","10","10","10","V-CONTINUOUS-SO","0.35","10","12","10","10","10","CONTINUOUS","","","3427","840","http://digitalbuildingdata.tech/nlcs/def/e5da600e-240a-4e3c-b1a2-59cd579d66af","http://digitalbuildingdata.tech/nlcs/def/1db23e1d-f800-4e24-ab2f-21f5a7ae443a"
"SCHEMA_VOEDINGSLIJN","*","_","**","_","KL","_","SCHEMA","_","VOEDINGSLIJN","_","","_","","_","","_","","'-","","'-","G","'-","","","*_**_KL_SCHEMA_VOEDINGSLIJN","0.18","30","30","30","30","30","CONTINUOUS","0.50","30","30","30","30","30","CONTINUOUS","0.50","30","30","30","30","30","V-CONTINUOUS-SO","0.50","30","30","30","30","30","CONTINUOUS","","","2963","2950","http://digitalbuildingdata.tech/nlcs/def/2e15554c-bfd4-4a3c-89b6-f71a3c005511","http://digitalbuildingdata.tech/nlcs/def/fb1e8fe0-d0ad-4cea-9b31-9cd3d8e7ff56"
"OLIE_MANTELBUIS","*","_","**","_","KL","_","OLIE","_","MANTELBUIS","_","","_","","_","","_","","'-","","'-","G","'-","","","*_**_KL_OLIE_MANTELBUIS","0.18","40","42","40","40","252","CONTINUOUS","0.35","40","42","40","40","252","CONTINUOUS","0.35","40","42","40","40","252","V-CONTINUOUS-SO","0.35","40","42","40","40","252","CONTINUOUS","","","1227","1222","http://digitalbuildingdata.tech/nlcs/def/3ed03bac-b825-47df-87ce-5ab0ddda40fa","http://digitalbuildingdata.tech/nlcs/def/3ec55c79-7228-48f8-bee7-d1008ae19c88"
"MANTELBUIS_PVC","*","_","**","_","KL","_","MANTELBUIS","_","PVC","_","","_","","_","","_","","'-","","'-","G","'-","","","*_**_KL_MANTELBUIS_PVC","0.18","7","7","7","7","252","CONTINUOUS","0.35","7","7","7","7","252","CONTINUOUS","0.35","7","7","7","7","252","V-CONTINUOUS-SO","0.35","7","7","7","7","252","CONTINUOUS","","","1217","1215","http://digitalbuildingdata.tech/nlcs/def/d3edaa9e-b08f-41a5-ade7-54ca745da5d7","http://digitalbuildingdata.tech/nlcs/def/96747b39-5afd-4e5d-9390-14de9e3b16d6"
"CHEMIE_AFSLUITER","*","_","**","_","KL","_","CHEMIE","_","AFSLUITER","_","","_","","_","","_","","'-","","'-","G","'-","","","*_**_KL_CHEMIE_AFSLUITER","0.18","40","42","40","40","40","CONTINUOUS","0.35","40","42","40","40","40","CONTINUOUS","0.35","40","42","40","40","40","V-CONTINUOUS-SO","0.35","40","42","40","40","40","CONTINUOUS","","","638","637","http://digitalbuildingdata.tech/nlcs/def/e2893a79-47ae-4029-87f0-7298c2774cb2","http://digitalbuildingdata.tech/nlcs/def/00f266c9-da12-4592-b1a5-3fe8154f1b39"
"WATER_TRANSPORTLEIDING","*","_","**","_","KL","_","WATER","_","TRANSPORTLEIDING","_","","_","","_","","_","","'-","","'-","G","'-","","","*_**_KL_WATER_TRANSPORTLEIDING","0.18","170","172","170","170","253","KL-WATER-SO","0.35","170","172","170","170","253","KL-WATER-SO","0.35","170","172","170","170","253","V-KL-WATER-SO","0.35","170","172","170","170","253","KL-WATER-SO","","","1365","1264","http://digitalbuildingdata.tech/nlcs/def/8b3d82b4-f80a-45ee-8700-7c95b866e107","http://digitalbuildingdata.tech/nlcs/def/7344828e-4604-4577-8f08-80dafc1a927d"
"DATA_TELECOM","*","_","**","_","KL","_","DATA","_","TELECOM","_","","_","","_","","_","","'-","","'-","G","'-","","","*_**_KL_DATA_TELECOM","0.18","90","92","90","90","90","KL-TELECOM-SO","0.35","90","92","90","90","90","KL-TELECOM-SO","0.35","90","92","90","90","90","V-KL-TELECOM-SO","0.35","90","92","90","90","90","KL-TELECOM-SO","","","814","720","http://digitalbuildingdata.tech/nlcs/def/ecd51884-45cb-4856-93d2-ba3967cfeb3f","http://digitalbuildingdata.tech/nlcs/def/c79d3730-6f13-4b7a-9eed-d5223242247b"
"DATA_KABELBUNDEL","*","_","**","_","KL","_","DATA","_","KABELBUNDEL","_","","_","","_","","_","","'-","","'-","G","'-","","","*_**_KL_DATA_KABELBUNDEL","0.18","90","92","90","90","90","CONTINUOUS","0.35","90","92","90","90","90","CONTINUOUS","0.35","90","92","90","90","90","V-CONTINUOUS-SO","0.35","90","92","90","90","90","CONTINUOUS","","","778","720","http://digitalbuildingdata.tech/nlcs/def/8b90358f-37ce-42a3-8155-a3c089a41f77","http://digitalbuildingdata.tech/nlcs/def/c79d3730-6f13-4b7a-9eed-d5223242247b"
"SCHEMA_MECHANISCHEKOPPELING","*","_","**","_","KL","_","SCHEMA","_","MECHANISCHEKOPPELING","_","","_","","_","","_","","'-","","'-","G","'-","","","*_**_KL_SCHEMA_MECHANISCHEKOPPELING","0.18","7","7","7","7","7","CONTINUOUS","0.25","7","7","7","7","7","CONTINUOUS","0.25","7","7","7","7","7","V-CONTINUOUS-SO","0.25","7","7","7","7","7","CONTINUOUS","","","2962","2950","http://digitalbuildingdata.tech/nlcs/def/940ee5b6-fa58-481d-980b-5ada445ec703","http://digitalbuildingdata.tech/nlcs/def/fb1e8fe0-d0ad-4cea-9b31-9cd3d8e7ff56"
"CCTV_KABEL","*","_","**","_","KL","_","CCTV","_","KABEL","_","","_","","_","","_","","'-","","'-","G","'-","","","*_**_KL_CCTV_KABEL","0.18","70","72","70","70","253","CONTINUOUS","0.35","70","72","70","70","253","CONTINUOUS","0.35","70","72","70","70","253","V-CONTINUOUS-SO","0.35","70","72","70","70","253","CONTINUOUS","","","1419","1418","http://digitalbuildingdata.tech/nlcs/def/56f39450-7b48-4181-ac56-3fab75f7d09c","http://digitalbuildingdata.tech/nlcs/def/ca23ca04-d853-49be-a323-61470b36cef9"
"ET_LOZE LEIDING","*","_","**","_","KL","_","ET","_","LOZE LEIDING","_","","_","","_","","_","","'-","","'-","G","'-","","","*_**_KL_ET_LOZE LEIDING","0.18","10","12","10","10","10","CONTINUOUS","0.35","10","12","10","10","10","CONTINUOUS","0.35","10","12","10","10","10","V-CONTINUOUS-SO","0.35","10","12","10","10","10","CONTINUOUS","","","862","840","http://digitalbuildingdata.tech/nlcs/def/e8041ca1-5a33-4436-b8cc-22b3366ac9ef","http://digitalbuildingdata.tech/nlcs/def/1db23e1d-f800-4e24-ab2f-21f5a7ae443a"
"SCHEMA_GOOT","*","_","**","_","KL","_","SCHEMA","_","GOOT","_","","_","","_","","_","","'-","","'-","G","'-","","","*_**_KL_SCHEMA_GOOT","0.18","7","7","7","7","7","CONTINUOUS","0.25","7","7","7","7","7","CONTINUOUS","0.25","7","7","7","7","7","V-CONTINUOUS-SO","0.25","7","7","7","7","7","CONTINUOUS","","","2955","2950","http://digitalbuildingdata.tech/nlcs/def/ad58014a-447d-445e-9f41-a4684a1a6b7a","http://digitalbuildingdata.tech/nlcs/def/fb1e8fe0-d0ad-4cea-9b31-9cd3d8e7ff56"
"WARMTENET_MANTELBUIS","*","_","**","_","KL","_","WARMTENET","_","MANTELBUIS","_","","_","","_","","_","","'-","","'-","G","'-","","","*_**_KL_WARMTENET_MANTELBUIS","0.18","80","82","80","80","252","CONTINUOUS","0.35","80","82","80","80","252","CONTINUOUS","0.35","80","82","80","80","252","V-CONTINUOUS-SO","0.35","80","82","80","80","252","CONTINUOUS","","","1250","1232","http://digitalbuildingdata.tech/nlcs/def/4a66f2e7-0d38-47e6-bc8f-3a2038ecd02f","http://digitalbuildingdata.tech/nlcs/def/322a6ba5-929d-43cf-a20b-fad99b987e3a"
"SCHEMA_KABEL","*","_","**","_","KL","_","SCHEMA","_","KABEL","_","","_","","_","","_","","'-","","'-","G","'-","","","*_**_KL_SCHEMA_KABEL","0.18","50","50","50","50","50","CONTINUOUS","0.25","50","50","50","50","50","CONTINUOUS","0.25","50","50","50","50","50","V-CONTINUOUS-SO","0.25","50","50","50","50","50","CONTINUOUS","","","2956","2950","http://digitalbuildingdata.tech/nlcs/def/3d1fb977-31c5-4376-a390-3fe560296dbc","http://digitalbuildingdata.tech/nlcs/def/fb1e8fe0-d0ad-4cea-9b31-9cd3d8e7ff56"
"WATER_MANTELBUIS","*","_","**","_","KL","_","WATER","_","MANTELBUIS","_","","_","","_","","_","","'-","","'-","G","'-","","","*_**_KL_WATER_MANTELBUIS","0.18","170","172","170","170","252","CONTINUOUS","0.35","170","172","170","170","252","CONTINUOUS","0.35","170","172","170","170","252","V-CONTINUOUS-SO","0.35","170","172","170","170","252","CONTINUOUS","","","1358","1264","http://digitalbuildingdata.tech/nlcs/def/13f0ce8f-8993-4734-8845-a3c68bb71317","http://digitalbuildingdata.tech/nlcs/def/7344828e-4604-4577-8f08-80dafc1a927d"
"TRANSMISSIE_KABEL","*","_","**","_","KL","_","TRANSMISSIE","_","KABEL","_","","_","","_","","_","","'-","","'-","G","'-","","","*_**_KL_TRANSMISSIE_KABEL","0.18","80","82","80","80","253","CONTINUOUS","0.35","80","82","80","80","253","CONTINUOUS","0.35","80","82","80","80","253","V-CONTINUOUS-SO","0.35","80","82","80","80","253","CONTINUOUS","","","1413","1412","http://digitalbuildingdata.tech/nlcs/def/acc5365e-d86d-4029-a41d-5ec6c81aadaa","http://digitalbuildingdata.tech/nlcs/def/909f7d09-ae4b-40c9-8568-9d463288d13b"
"DATA_MANTELBUIS","*","_","**","_","KL","_","DATA","_","MANTELBUIS","_","","_","","_","","_","","'-","","'-","G","'-","","","*_**_KL_DATA_MANTELBUIS","0.18","90","92","90","90","90","CONTINUOUS","0.35","90","92","90","90","90","CONTINUOUS","0.35","90","92","90","90","90","V-CONTINUOUS-SO","0.35","90","92","90","90","90","CONTINUOUS","","","786","720","http://digitalbuildingdata.tech/nlcs/def/e65a7e76-ecf9-4c11-9174-f8b7e9c8fda9","http://digitalbuildingdata.tech/nlcs/def/c79d3730-6f13-4b7a-9eed-d5223242247b"
"FILEMELDSYSTEEM_KABEL","*","_","**","_","KL","_","FILEMELDSYSTEEM","_","KABEL","_","","_","","_","","_","","'-","","'-","G","'-","","","*_**_KL_FILEMELDSYSTEEM_KABEL","0.18","240","242","240","240","253","CONTINUOUS","0.35","240","242","240","240","253","CONTINUOUS","0.35","240","242","240","240","253","V-CONTINUOUS-SO","0.35","240","242","240","240","253","CONTINUOUS","","","1403","1402","http://digitalbuildingdata.tech/nlcs/def/e783261e-2f0e-4f3d-85ae-fa148fb37920","http://digitalbuildingdata.tech/nlcs/def/a55d147a-dc22-49ab-ac66-887001768af2"
"BRANDSTOF_TRANSPORTLEIDING","*","_","**","_","KL","_","BRANDSTOF","_","TRANSPORTLEIDING","_","","_","","_","","_","","'-","","'-","G","'-","","","*_**_KL_BRANDSTOF_TRANSPORTLEIDING","0.18","40","42","40","40","40","KL-BRANDSTOF-SO","0.35","40","42","40","40","40","KL-BRANDSTOF-SO","0.35","40","42","40","40","40","V-KL-BRANDSTOF-SO","0.35","40","42","40","40","40","KL-BRANDSTOF-SO","","","632","620","http://digitalbuildingdata.tech/nlcs/def/19d7a293-72ab-49ad-9fd6-ea00a9e2083a","http://digitalbuildingdata.tech/nlcs/def/7d18f679-4ea1-47ea-8239-cbbea21e911f"
"GAS_STATION","*","_","**","_","KL","_","GAS","_","STATION","_","","_","","_","","_","","'-","","'-","G","'-","","","*_**_KL_GAS_STATION","0.18","30","32","30","30","252","CONTINUOUS","0.35","30","32","30","30","252","CONTINUOUS","0.35","30","32","30","30","252","V-CONTINUOUS-SO","0.35","30","32","30","30","252","CONTINUOUS","","","1178","998","http://digitalbuildingdata.tech/nlcs/def/361be2c1-7600-4b8a-b44d-def2c4430f80","http://digitalbuildingdata.tech/nlcs/def/faccc1c5-568b-4f09-b1a0-b1fa48548749"
"SCHEMA_KLEMMENSTROOK","*","_","**","_","KL","_","SCHEMA","_","KLEMMENSTROOK","_","","_","","_","","_","","'-","","'-","G","'-","","","*_**_KL_SCHEMA_KLEMMENSTROOK","0.18","7","7","7","7","7","CONTINUOUS","0.25","7","7","7","7","7","CONTINUOUS","0.25","7","7","7","7","7","V-CONTINUOUS-SO","0.25","7","7","7","7","7","CONTINUOUS","","","2957","2950","http://digitalbuildingdata.tech/nlcs/def/49900a0c-85fc-4df3-ab21-c58581431a19","http://digitalbuildingdata.tech/nlcs/def/fb1e8fe0-d0ad-4cea-9b31-9cd3d8e7ff56"
"DATA_KABELKOKER","*","_","**","_","KL","_","DATA","_","KABELKOKER","_","","_","","_","","_","","'-","","'-","G","'-","","","*_**_KL_DATA_KABELKOKER","0.18","90","92","90","90","90","CONTINUOUS","0.35","90","92","90","90","90","CONTINUOUS","0.35","90","92","90","90","90","V-CONTINUOUS-SO","0.35","90","92","90","90","90","CONTINUOUS","","","780","720","http://digitalbuildingdata.tech/nlcs/def/61635688-45d5-4539-92e9-fbe088b55462","http://digitalbuildingdata.tech/nlcs/def/c79d3730-6f13-4b7a-9eed-d5223242247b"
"WATER_OOGDOUCHE","*","_","**","_","KL","_","WATER","_","OOGDOUCHE","_","","_","","_","","_","","'-","","'-","G","'-","","","*_**_KL_WATER_OOGDOUCHE","0.18","170","172","170","170","252","CONTINUOUS","0.35","170","172","170","170","252","CONTINUOUS","0.35","170","172","170","170","252","V-CONTINUOUS-SO","0.35","170","172","170","170","252","CONTINUOUS","","","1359","1264","http://digitalbuildingdata.tech/nlcs/def/0668b7cf-346b-4f92-b1a8-a8d5668ecdf0","http://digitalbuildingdata.tech/nlcs/def/7344828e-4604-4577-8f08-80dafc1a927d"
"OLIE_OVERIG","*","_","**","_","KL","_","OLIE","_","OVERIG","_","","_","","_","","_","","'-","","'-","G","'-","","","*_**_KL_OLIE_OVERIG","0.18","40","42","40","40","252","CONTINUOUS","0.35","40","42","40","40","252","CONTINUOUS","0.35","40","42","40","40","252","V-CONTINUOUS-SO","0.35","40","42","40","40","252","CONTINUOUS","","","1228","1222","http://digitalbuildingdata.tech/nlcs/def/77a746a6-ebd2-4333-893f-ea5e6e57b495","http://digitalbuildingdata.tech/nlcs/def/3ec55c79-7228-48f8-bee7-d1008ae19c88"
"DATA_INTERCOM","*","_","**","_","KL","_","DATA","_","INTERCOM","_","","_","","_","","_","","'-","","'-","G","'-","","","*_**_KL_DATA_INTERCOM","0.18","90","92","90","90","90","KL-TELECOM-SO","0.35","90","92","90","90","90","KL-TELECOM-SO","0.35","90","92","90","90","90","V-KL-TELECOM-SO","0.35","90","92","90","90","90","KL-TELECOM-SO","","","765","720","http://digitalbuildingdata.tech/nlcs/def/396db058-70ee-4332-943b-6f2e82da20b4","http://digitalbuildingdata.tech/nlcs/def/c79d3730-6f13-4b7a-9eed-d5223242247b"
"CV_TRANSPORTLEIDING","*","_","**","_","KL","_","CV","_","TRANSPORTLEIDING","_","","_","","_","","_","","'-","","'-","G","'-","","","*_**_KL_CV_TRANSPORTLEIDING","0.18","40","42","40","40","40","KL-CV-SO","0.35","40","42","40","40","40","KL-CV-SO","0.35","40","42","40","40","40","V-KL-CV-SO","0.35","40","42","40","40","40","KL-CV-SO","","","682","645","http://digitalbuildingdata.tech/nlcs/def/a5c4dae2-355b-4dc1-8fa1-960487c82f21","http://digitalbuildingdata.tech/nlcs/def/11d49af6-8b32-479e-b7f2-3089099f64ce"
"VS_KABEL","*","_","**","_","KL","_","VS","_","KABEL","_","","_","","_","","_","","'-","","'-","G","'-","","","*_**_KL_VS_KABEL","0.18","30","32","30","30","253","KL-VS-SO","0.35","30","32","30","30","253","KL-VS-SO","0.35","30","32","30","30","253","V-KL-VS-SO","0.35","30","32","30","30","253","KL-VS-SO","","","1407","1406","http://digitalbuildingdata.tech/nlcs/def/45ab6cfb-782e-469c-bbf2-7ac383be3bb5","http://digitalbuildingdata.tech/nlcs/def/e8e510a0-c7a7-437f-9ed6-b520ef71f22b"
"WATER_WATERBRON","*","_","**","_","KL","_","WATER","_","WATERBRON","_","","_","","_","","_","","'-","","'-","G","'-","","","*_**_KL_WATER_WATERBRON","0.18","170","172","170","170","253","CONTINUOUS","0.35","170","172","170","170","253","CONTINUOUS","0.35","170","172","170","170","253","V-CONTINUOUS-SO","0.35","170","172","170","170","253","CONTINUOUS","","","1384","1264","http://digitalbuildingdata.tech/nlcs/def/897cae63-be31-474a-9bfb-0348e3bf88f9","http://digitalbuildingdata.tech/nlcs/def/7344828e-4604-4577-8f08-80dafc1a927d"
"MONITORING_KABEL","*","_","**","_","KL","_","MONITORING","_","KABEL","_","","_","","_","","_","","'-","","'-","G","'-","","","*_**_KL_MONITORING_KABEL","0.18","120","122","120","120","253","KL-MONITORING-SO","0.35","120","122","120","120","253","KL-MONITORING-SO","0.35","120","122","120","120","253","V-KL-MONITORING-SO","0.35","120","122","120","120","253","KL-MONITORING-SO","","","1405","1404","http://digitalbuildingdata.tech/nlcs/def/81639ecd-5959-4dd3-ba97-c87f3272391a","http://digitalbuildingdata.tech/nlcs/def/5c576256-bf36-4398-98a7-1aacde3d4ce1"
"DATA_LOZE LEIDING","*","_","**","_","KL","_","DATA","_","LOZE LEIDING","_","","_","","_","","_","","'-","","'-","G","'-","","","*_**_KL_DATA_LOZE LEIDING","0.18","90","92","90","90","90","CONTINUOUS","0.35","90","92","90","90","90","CONTINUOUS","0.35","90","92","90","90","90","V-CONTINUOUS-SO","0.35","90","92","90","90","90","CONTINUOUS","","","721","720","http://digitalbuildingdata.tech/nlcs/def/7249109c-1c80-4753-99ab-91f1af7efc08","http://digitalbuildingdata.tech/nlcs/def/c79d3730-6f13-4b7a-9eed-d5223242247b"
"KOUDENET_MANTELBUIS","*","_","**","_","KL","_","KOUDENET","_","MANTELBUIS","_","","_","","_","","_","","'-","","'-","G","'-","","","*_**_KL_KOUDENET_MANTELBUIS","0.18","130","132","130","130","252","CONTINUOUS","0.35","130","132","130","130","252","CONTINUOUS","0.35","130","132","130","130","252","V-CONTINUOUS-SO","0.35","130","132","130","130","252","CONTINUOUS","","","1201","1183","http://digitalbuildingdata.tech/nlcs/def/4571f510-d2f2-4f37-a39d-af5c1487073d","http://digitalbuildingdata.tech/nlcs/def/50cb6bd6-f269-4cfa-833c-d078e9c2e11b"
"SCHEMA_BEHUIZING","*","_","**","_","KL","_","SCHEMA","_","BEHUIZING","_","","_","","_","","_","","'-","","'-","G","'-","","","*_**_KL_SCHEMA_BEHUIZING","0.18","10","10","10","10","10","ZZ-DASHDOT-SO","0.25","10","10","10","10","10","ZZ-DASHDOT-SO","0.25","10","10","10","10","10","ZZ-DASHDOT-SO","0.25","10","10","10","10","10","ZZ-DASHDOT-SO","","","2952","2950","http://digitalbuildingdata.tech/nlcs/def/59ad8160-f616-4f36-80b8-35af1d060643","http://digitalbuildingdata.tech/nlcs/def/fb1e8fe0-d0ad-4cea-9b31-9cd3d8e7ff56"
"SCHEMA_AARDRAIL","*","_","**","_","KL","_","SCHEMA","_","AARDRAIL","_","","_","","_","","_","","'-","","'-","G","'-","","","*_**_KL_SCHEMA_AARDRAIL","0.18","90","90","90","90","90","ZZ-CENTER-SO","0.25","90","90","90","90","90","ZZ-CENTER-SO","0.25","90","90","90","90","90","ZZ-CENTER-SO","0.25","90","90","90","90","90","ZZ-CENTER-SO","","","2951","2950","http://digitalbuildingdata.tech/nlcs/def/722800ec-4350-45e6-a3c6-2e7562666ba3","http://digitalbuildingdata.tech/nlcs/def/fb1e8fe0-d0ad-4cea-9b31-9cd3d8e7ff56"
"DATA_CAI","*","_","**","_","KL","_","DATA","_","CAI","_","","_","","_","","_","","'-","","'-","G","'-","","","*_**_KL_DATA_CAI","0.18","90","92","90","90","90","KL-CAI-SO","0.35","90","92","90","90","90","KL-CAI-SO","0.35","90","92","90","90","90","V-KL-CAI-SO","0.35","90","92","90","90","90","KL-CAI-SO","","","724","720","http://digitalbuildingdata.tech/nlcs/def/476be5a4-3693-4cc5-907f-c27698873c69","http://digitalbuildingdata.tech/nlcs/def/c79d3730-6f13-4b7a-9eed-d5223242247b"
"WIM_KABEL","*","_","**","_","KL","_","WIM","_","KABEL","_","","_","","_","","_","","'-","","'-","G","'-","","","*_**_KL_WIM_KABEL","0.18","150","152","150","150","253","KL-WIM-SO","0.35","150","152","150","150","253","KL-WIM-SO","0.35","150","152","150","150","253","V-KL-WIM-SO","0.35","150","152","150","150","253","KL-WIM-SO","","","1399","1398","http://digitalbuildingdata.tech/nlcs/def/4e841135-f1f3-4c1d-98a6-ed6a795dfc10","http://digitalbuildingdata.tech/nlcs/def/b5aa829a-0a64-45d4-a1ef-191fd5664281"
"KOUDENET_AANSLUITLEIDING","*","_","**","_","KL","_","KOUDENET","_","AANSLUITLEIDING","_","","_","","_","","_","","'-","","'-","G","'-","","","*_**_KL_KOUDENET_AANSLUITLEIDING","0.18","130","132","130","130","252","KL-KOUDENET-SO","0.35","130","132","130","130","252","KL-KOUDENET-SO","0.35","130","132","130","130","252","V-KL-KOUDENET-SO","0.35","130","132","130","130","252","KL-KOUDENET-SO","","","1184","1183","http://digitalbuildingdata.tech/nlcs/def/4ae6160e-509a-497d-8b1f-26c3f863599e","http://digitalbuildingdata.tech/nlcs/def/50cb6bd6-f269-4cfa-833c-d078e9c2e11b"
"ET_MANTELBUIS","*","_","**","_","KL","_","ET","_","MANTELBUIS","_","","_","","_","","_","","'-","","'-","G","'-","","","*_**_KL_ET_MANTELBUIS","0.18","10","12","10","10","252","CONTINUOUS","0.35","10","12","10","10","252","CONTINUOUS","0.35","10","12","10","10","252","V-CONTINUOUS-SO","0.35","10","12","10","10","252","CONTINUOUS","","","969","840","http://digitalbuildingdata.tech/nlcs/def/8e2a6a14-8959-4f77-9b08-90adf2ef323a","http://digitalbuildingdata.tech/nlcs/def/1db23e1d-f800-4e24-ab2f-21f5a7ae443a"
"SCHEMA_COMPONENT","*","_","**","_","KL","_","SCHEMA","_","COMPONENT","_","","_","","_","","_","","'-","","'-","G","'-","","","*_**_KL_SCHEMA_COMPONENT","0.18","10","10","10","10","10","CONTINUOUS","0.25","10","10","10","10","10","CONTINUOUS","0.25","10","10","10","10","10","V-CONTINUOUS-SO","0.25","10","10","10","10","10","CONTINUOUS","","","2953","2950","http://digitalbuildingdata.tech/nlcs/def/9a097042-ea70-45b3-914d-866e95998f59","http://digitalbuildingdata.tech/nlcs/def/fb1e8fe0-d0ad-4cea-9b31-9cd3d8e7ff56"
"TDI_KABEL","*","_","**","_","KL","_","TDI","_","KABEL","_","","_","","_","","_","","'-","","'-","G","'-","","","*_**_KL_TDI_KABEL","0.18","200","202","200","200","253","KL-TDI-SO","0.35","200","202","200","200","253","KL-TDI-SO","0.35","200","202","200","200","253","V-KL-TDI-SO","0.35","200","202","200","200","253","KL-TDI-SO","","","1391","1390","http://digitalbuildingdata.tech/nlcs/def/91a8b610-e05e-4ab9-b423-14a7b99e7040","http://digitalbuildingdata.tech/nlcs/def/45b8db36-4dd2-45f1-b188-3b604a7b670e"
"VRI_KABEL","*","_","**","_","KL","_","VRI","_","KABEL","_","","_","","_","","_","","'-","","'-","G","'-","","","*_**_KL_VRI_KABEL","0.18","30","32","30","30","253","KL-VRI-SO","0.35","30","32","30","30","253","KL-VRI-SO","0.35","30","32","30","30","253","V-KL-VRI-SO","0.35","30","32","30","30","253","KL-VRI-SO","","","1409","1408","http://digitalbuildingdata.tech/nlcs/def/8c1a0407-eec0-47a6-9d60-6d72eac60be3","http://digitalbuildingdata.tech/nlcs/def/38d5a94b-2dfb-47e3-ad62-8fe2e5eb0bf9"
"OLIE_LEIDING","*","_","**","_","KL","_","OLIE","_","LEIDING","_","","_","","_","","_","","'-","","'-","G","'-","","","*_**_KL_OLIE_LEIDING","0.18","40","42","40","40","252","KL-OLIE-SO","0.35","40","42","40","40","252","KL-OLIE-SO","0.35","40","42","40","40","252","V-KL-OLIE-SO","0.35","40","42","40","40","252","KL-OLIE-SO","","","1225","1222","http://digitalbuildingdata.tech/nlcs/def/8145be94-9e17-449e-8067-5a8bc5f63062","http://digitalbuildingdata.tech/nlcs/def/3ec55c79-7228-48f8-bee7-d1008ae19c88"
"TRACE_WENSTRACE","*","_","**","_","KL","_","TRACE","_","WENSTRACE","_","","_","","_","","_","","'-","","'-","G","'-","","","*_**_KL_TRACE_WENSTRACE","0.18","7","7","7","7","252","ZZ-HIDDEN-SO","0.35","7","7","7","7","252","ZZ-HIDDEN-SO","0.35","7","7","7","7","252","ZZ-HIDDEN-SO","0.35","7","7","7","7","252","ZZ-HIDDEN-SO","","","1231","1230","http://digitalbuildingdata.tech/nlcs/def/6a15b37e-7610-41bf-a836-67efed20f025","http://digitalbuildingdata.tech/nlcs/def/dd21d102-8d44-4d59-8eea-fb5df663037e"
"SCHEMA_DIAGRAM","*","_","**","_","KL","_","SCHEMA","_","DIAGRAM","_","","_","","_","","_","","'-","","'-","G","'-","","","*_**_KL_SCHEMA_DIAGRAM","0.18","7","7","7","7","7","CONTINUOUS","0.25","7","7","7","7","7","CONTINUOUS","0.25","7","7","7","7","7","V-CONTINUOUS-SO","0.25","7","7","7","7","7","CONTINUOUS","","","2954","2950","http://digitalbuildingdata.tech/nlcs/def/d03a7fab-9fa3-4b9a-a26d-37a283f09397","http://digitalbuildingdata.tech/nlcs/def/fb1e8fe0-d0ad-4cea-9b31-9cd3d8e7ff56"
"CHEMIE_LEIDING","*","_","**","_","KL","_","CHEMIE","_","LEIDING","_","","_","","_","","_","","'-","","'-","G","'-","","","*_**_KL_CHEMIE_LEIDING","0.18","40","42","40","40","40","KL-CHEMIE-SO","0.35","40","42","40","40","40","KL-CHEMIE-SO","0.35","40","42","40","40","40","V-KL-CHEMIE-SO","0.35","40","42","40","40","40","KL-CHEMIE-SO","","","640","637","http://digitalbuildingdata.tech/nlcs/def/20c001a5-729d-4c08-be61-db40d3c9b632","http://digitalbuildingdata.tech/nlcs/def/00f266c9-da12-4592-b1a5-3fe8154f1b39"
"CV_PUT","*","_","**","_","KL","_","CV","_","PUT","_","","_","","_","","_","","'-","","'-","G","'-","","","*_**_KL_CV_PUT","0.18","40","42","40","40","40","CONTINUOUS","0.35","40","42","40","40","40","CONTINUOUS","0.35","40","42","40","40","40","V-CONTINUOUS-SO","0.35","40","42","40","40","40","CONTINUOUS","","","680","645","http://digitalbuildingdata.tech/nlcs/def/c5bd0981-1ad2-4167-a011-04dfe223b0c9","http://digitalbuildingdata.tech/nlcs/def/11d49af6-8b32-479e-b7f2-3089099f64ce"
"POMP_KABEL","*","_","**","_","KL","_","POMP","_","KABEL","_","","_","","_","","_","","'-","","'-","G","'-","","","*_**_KL_POMP_KABEL","0.18","230","232","230","230","253","CONTINUOUS","0.35","230","232","230","230","253","CONTINUOUS","0.35","230","232","230","230","253","V-CONTINUOUS-SO","0.35","230","232","230","230","253","CONTINUOUS","","","1421","1420","http://digitalbuildingdata.tech/nlcs/def/b85526d4-a1b0-476c-99fa-fc3837c5d563","http://digitalbuildingdata.tech/nlcs/def/cb03b170-f1a8-429e-b11a-7a20ea25a59e"
"GMS_KABEL","*","_","**","_","KL","_","GMS","_","KABEL","_","","_","","_","","_","","'-","","'-","G","'-","","","*_**_KL_GMS_KABEL","0.18","20","22","20","20","253","KL-GMS-SO","0.35","20","22","20","20","253","KL-GMS-SO","0.35","20","22","20","20","253","V-KL-GMS-SO","0.35","20","22","20","20","253","KL-GMS-SO","","","1393","1392","http://digitalbuildingdata.tech/nlcs/def/c5cc6519-863c-4494-9107-98e6a240c1e8","http://digitalbuildingdata.tech/nlcs/def/7ce9949f-86b1-4ff9-8c98-5011244c1c04"
"CV_MANTELBUIS","*","_","**","_","KL","_","CV","_","MANTELBUIS","_","","_","","_","","_","","'-","","'-","G","'-","","","*_**_KL_CV_MANTELBUIS","0.18","40","42","40","40","40","CONTINUOUS","0.35","40","42","40","40","40","CONTINUOUS","0.35","40","42","40","40","40","V-CONTINUOUS-SO","0.35","40","42","40","40","40","CONTINUOUS","","","678","645","http://digitalbuildingdata.tech/nlcs/def/cfc6b63d-f326-4117-a9bd-4f9f0f7413d3","http://digitalbuildingdata.tech/nlcs/def/11d49af6-8b32-479e-b7f2-3089099f64ce"
"DATA_KABELGOOT","*","_","**","_","KL","_","DATA","_","KABELGOOT","_","","_","","_","","_","","'-","","'-","G","'-","","","*_**_KL_DATA_KABELGOOT","0.18","90","92","90","90","90","CONTINUOUS","0.35","90","92","90","90","90","CONTINUOUS","0.35","90","92","90","90","90","V-CONTINUOUS-SO","0.35","90","92","90","90","90","CONTINUOUS","","","779","720","http://digitalbuildingdata.tech/nlcs/def/e1484d0d-3632-4d08-b08a-c0243b8337b2","http://digitalbuildingdata.tech/nlcs/def/c79d3730-6f13-4b7a-9eed-d5223242247b"
"OLIE_AFSLUITER","*","_","**","_","KL","_","OLIE","_","AFSLUITER","_","","_","","_","","_","","'-","","'-","G","'-","","","*_**_KL_OLIE_AFSLUITER","0.18","40","42","40","40","252","CONTINUOUS","0.35","40","42","40","40","252","CONTINUOUS","0.35","40","42","40","40","252","V-CONTINUOUS-SO","0.35","40","42","40","40","252","CONTINUOUS","","","1223","1222","http://digitalbuildingdata.tech/nlcs/def/a77be2f4-8a5b-4a53-bc04-75a13813b92e","http://digitalbuildingdata.tech/nlcs/def/3ec55c79-7228-48f8-bee7-d1008ae19c88"
"WINDWAARSCHUWINGSSYSTEEM_KABEL","*","_","**","_","KL","_","WINDWAARSCHUWINGSSYSTEEM","_","KABEL","_","","_","","_","","_","","'-","","'-","G","'-","","","*_**_KL_WINDWAARSCHUWINGSSYSTEEM_KABEL","0.18","220","222","220","220","253","CONTINUOUS","0.35","220","222","220","220","253","CONTINUOUS","0.35","220","222","220","220","253","V-CONTINUOUS-SO","0.35","220","222","220","220","253","CONTINUOUS","","","1397","1396","http://digitalbuildingdata.tech/nlcs/def/a505237e-f4f7-40b6-92b1-f076c900f7d5","http://digitalbuildingdata.tech/nlcs/def/cf73364b-ae57-4fe7-8b7b-c304dfb84b6f"
"POLLER","*","_","**","_","KL","_","POLLER","_","","_","","_","","_","","_","","'-","","'-","G/S","'-","","SKL-POLLER","*_**_KL_POLLER","0.18","7","7","7","7","253","CONTINUOUS","0.35","7","7","7","7","253","CONTINUOUS","0.35","7","7","7","7","253","V-CONTINUOUS-SO","0.35","7","7","7","7","253","CONTINUOUS","","","3121","","http://digitalbuildingdata.tech/nlcs/def/91665b93-ba62-4d3d-941e-49273b3ad8ff",""
"WARMTEOPSLAGSYSTEEM","*","_","**","_","KL","_","WARMTEOPSLAGSYSTEEM","_","","_","","_","","_","","_","","'-","","'-","G/S","'-","","SKL-WARMTEOPSLAG","*_**_KL_WARMTEOPSLAGSYSTEEM","0.18","7","7","7","7","253","CONTINUOUS","0.35","7","7","7","7","253","CONTINUOUS","0.35","7","7","7","7","253","V-CONTINUOUS-SO","0.35","7","7","7","7","253","CONTINUOUS","","","3123","","http://digitalbuildingdata.tech/nlcs/def/865feb1d-518e-4566-b3e7-0a48372cbd1b",""
"MONITORING","*","_","**","_","KL","_","MONITORING","_","","_","","_","","_","","_","","'-","","'-","G/S","'-","","SKL-MONITORING","*_**_KL_MONITORING","0.18","120","122","120","120","253","CONTINUOUS","0.35","120","122","120","120","253","CONTINUOUS","0.35","120","122","120","120","253","V-CONTINUOUS-SO","0.35","120","122","120","120","253","CONTINUOUS","","","1404","","http://digitalbuildingdata.tech/nlcs/def/5c576256-bf36-4398-98a7-1aacde3d4ce1",""
"VRI","*","_","**","_","KL","_","VRI","_","","_","","_","","_","","_","","'-","","'-","G/S","'-","","SKL-VRI","*_**_KL_VRI","0.18","30","32","30","30","253","CONTINUOUS","0.35","30","32","30","30","253","CONTINUOUS","0.35","30","32","30","30","253","V-CONTINUOUS-SO","0.35","30","32","30","30","253","CONTINUOUS","","","1408","","http://digitalbuildingdata.tech/nlcs/def/38d5a94b-2dfb-47e3-ad62-8fe2e5eb0bf9",""
"GMS","*","_","**","_","KL","_","GMS","_","","_","","_","","_","","_","","'-","","'-","G/S","'-","","SKL-GMS","*_**_KL_GMS","0.18","20","22","20","20","253","CONTINUOUS","0.35","20","22","20","20","253","CONTINUOUS","0.35","20","22","20","20","253","V-CONTINUOUS-SO","0.35","20","22","20","20","253","CONTINUOUS","","","1392","","http://digitalbuildingdata.tech/nlcs/def/7ce9949f-86b1-4ff9-8c98-5011244c1c04",""
"POMP","*","_","**","_","KL","_","POMP","_","","_","","_","","_","","_","","'-","","'-","G/S","'-","","SKL-POMP","*_**_KL_POMP","0.18","230","232","230","230","253","CONTINUOUS","0.35","230","232","230","230","253","CONTINUOUS","0.35","230","232","230","230","253","V-CONTINUOUS-SO","0.35","230","232","230","230","253","CONTINUOUS","","","1420","","http://digitalbuildingdata.tech/nlcs/def/cb03b170-f1a8-429e-b11a-7a20ea25a59e",""
"KOUDEOPSLAGSYSTEEM","*","_","**","_","KL","_","KOUDEOPSLAGSYSTEEM","_","","_","","_","","_","","_","","'-","","'-","G/S","'-","","SKL-KOUDEOPSLAG","*_**_KL_KOUDEOPSLAGSYSTEEM","0.18","140","142","140","140","253","CONTINUOUS","0.35","140","142","140","140","253","CONTINUOUS","0.35","140","142","140","140","253","V-CONTINUOUS-SO","0.35","140","142","140","140","253","CONTINUOUS","","","3481","","http://digitalbuildingdata.tech/nlcs/def/0a12de1e-a891-4a07-a101-1d547e2070f8",""
"BRANDSTOF","*","_","**","_","KL","_","BRANDSTOF","_","","_","","_","","_","","_","","'-","","'-","G","'-","","","*_**_KL_BRANDSTOF","0.18","40","42","40","40","40","KL-BRANDSTOF-SO","0.35","40","42","40","40","40","KL-BRANDSTOF-SO","0.35","40","42","40","40","40","V-KL-BRANDSTOF-SO","0.35","40","42","40","40","40","KL-BRANDSTOF-SO","","","620","","http://digitalbuildingdata.tech/nlcs/def/7d18f679-4ea1-47ea-8239-cbbea21e911f",""
"WARMTENET","*","_","**","_","KL","_","WARMTENET","_","","_","","_","","_","","_","","'-","","'-","G","'-","","","*_**_KL_WARMTENET","0.18","80","82","80","80","252","KL-WARMTENET-SO","0.35","80","82","80","80","252","KL-WARMTENET-SO","0.35","80","82","80","80","252","V-KL-WARMTENET-SO","0.35","80","82","80","80","252","KL-WARMTENET-SO","","","1232","","http://digitalbuildingdata.tech/nlcs/def/322a6ba5-929d-43cf-a20b-fad99b987e3a",""
"CHEMIE","*","_","**","_","KL","_","CHEMIE","_","","_","","_","","_","","_","","'-","","'-","G","'-","","","*_**_KL_CHEMIE","0.18","40","42","40","40","40","KL-CHEMIE-SO","0.35","40","42","40","40","40","KL-CHEMIE-SO","0.35","40","42","40","40","40","V-KL-CHEMIE-SO","0.35","40","42","40","40","40","KL-CHEMIE-SO","","","637","","http://digitalbuildingdata.tech/nlcs/def/00f266c9-da12-4592-b1a5-3fe8154f1b39",""
"CCTV","*","_","**","_","KL","_","CCTV","_","","_","","_","","_","","_","","'-","","'-","G","'-","","","*_**_KL_CCTV","0.18","70","72","70","70","253","CONTINUOUS","0.35","70","72","70","70","253","CONTINUOUS","0.35","70","72","70","70","253","V-CONTINUOUS-SO","0.35","70","72","70","70","253","CONTINUOUS","","","1418","","http://digitalbuildingdata.tech/nlcs/def/ca23ca04-d853-49be-a323-61470b36cef9",""
"WATER","*","_","**","_","KL","_","WATER","_","","_","","_","","_","","_","","'-","","'-","G","'-","","","*_**_KL_WATER","0.18","170","172","170","170","252","KL-WATER-SO","0.35","170","172","170","170","252","KL-WATER-SO","0.35","170","172","170","170","252","V-KL-WATER-SO","0.35","170","172","170","170","252","KL-WATER-SO","","","1264","","http://digitalbuildingdata.tech/nlcs/def/7344828e-4604-4577-8f08-80dafc1a927d",""
"VEVA","*","_","**","_","KL","_","VEVA","_","","_","","_","","_","","_","","'-","","'-","G","'-","","","*_**_KL_VEVA","0.18","60","62","60","60","253","CONTINUOUS","0.35","60","62","60","60","253","CONTINUOUS","0.35","60","62","60","60","253","V-CONTINUOUS-SO","0.35","60","62","60","60","253","CONTINUOUS","","","1414","","http://digitalbuildingdata.tech/nlcs/def/52e52dd3-5ae7-4d22-b99a-e59c9cf4b11d",""
"TELPUNT","*","_","**","_","KL","_","TELPUNT","_","","_","","_","","_","","_","","'-","","'-","G","'-","","","*_**_KL_TELPUNT","0.18","100","102","100","100","253","CONTINUOUS","0.35","100","102","100","100","253","CONTINUOUS","0.35","100","102","100","100","253","V-CONTINUOUS-SO","0.35","100","102","100","100","253","CONTINUOUS","","","1400","","http://digitalbuildingdata.tech/nlcs/def/9c2a7c8b-fa41-4534-a241-9032cdfc4c3d",""
"GAS","*","_","**","_","KL","_","GAS","_","","_","","_","","_","","_","","'-","","'-","G","'-","","","*_**_KL_GAS","0.18","30","32","30","30","252","KL-GAS_AL-SO","0.35","30","32","30","30","252","KL-GAS_AL-SO","0.35","30","32","30","30","252","V-KL-GAS_AL-SO","0.35","30","32","30","30","252","KL-GAS_AL-SO","","","998","","http://digitalbuildingdata.tech/nlcs/def/faccc1c5-568b-4f09-b1a0-b1fa48548749",""
"DRIP","*","_","**","_","KL","_","DRIP","_","","_","","_","","_","","_","","'-","","'-","G","'-","","","*_**_KL_DRIP","0.18","170","172","170","170","253","CONTINUOUS","0.35","170","172","170","170","253","CONTINUOUS","0.35","170","172","170","170","253","V-CONTINUOUS-SO","0.35","170","172","170","170","253","CONTINUOUS","","","1388","","http://digitalbuildingdata.tech/nlcs/def/3f12e52c-5213-4bee-85ba-efa4c88f49d6",""
"DATA","*","_","**","_","KL","_","DATA","_","","_","","_","","_","","_","","'-","","'-","G","'-","","","*_**_KL_DATA","0.18","90","92","90","90","90","KL-DATA-SO","0.35","90","92","90","90","90","KL-DATA-SO","0.35","90","92","90","90","90","V-KL-DATA-SO","0.35","90","92","90","90","90","KL-DATA-SO","","","720","","http://digitalbuildingdata.tech/nlcs/def/c79d3730-6f13-4b7a-9eed-d5223242247b",""
"COMBIKABEL","*","_","**","_","KL","_","COMBIKABEL","_","","_","","_","","_","","_","","'-","","'-","G","'-","","","*_**_KL_COMBIKABEL","0.18","90","92","90","90","90","KL-COMBIKABEL-SO","0.35","90","92","90","90","90","KL-COMBIKABEL-SO","0.35","90","92","90","90","90","V-KL-COMBIKABEL-SO","0.35","90","92","90","90","90","KL-COMBIKABEL-SO","","","3118","","http://digitalbuildingdata.tech/nlcs/def/31ff7fd1-2d96-43ef-a0f1-bd9f40e72f26",""
"WEESLEIDING","*","_","**","_","KL","_","WEESLEIDING","_","","_","","_","","_","","_","","'-","","'-","G","'-","","","*_**_KL_WEESLEIDING","0.18","130","132","130","130","253","KL-WEESLEIDING-SO","0.35","130","132","130","130","253","KL-WEESLEIDING-SO","0.35","130","132","130","130","253","V-KL-WEESLEIDING-SO","0.35","130","132","130","130","253","KL-WEESLEIDING-SO","","","1385","","http://digitalbuildingdata.tech/nlcs/def/b9112179-4524-4bcf-80d2-eb74e08b17db",""
"AFSLUITINSTALLATIE","*","_","**","_","KL","_","AFSLUITINSTALLATIE","_","","_","","_","","_","","_","","'-","","'-","G","'-","","","*_**_KL_AFSLUITINSTALLATIE","0.18","60","62","60","60","253","CONTINUOUS","0.35","60","62","60","60","253","CONTINUOUS","0.35","60","62","60","60","253","V-CONTINUOUS-SO","0.35","60","62","60","60","253","CONTINUOUS","","","1416","","http://digitalbuildingdata.tech/nlcs/def/8eaa6219-dae6-4668-b492-8459866b4287",""
"UWKS","*","_","**","_","KL","_","UWKS","_","","_","","_","","_","","_","","'-","","'-","G","'-","","","*_**_KL_UWKS","0.18","130","132","130","130","253","CONTINUOUS","0.35","130","132","130","130","253","CONTINUOUS","0.35","130","132","130","130","253","V-CONTINUOUS-SO","0.35","130","132","130","130","253","CONTINUOUS","","","1410","","http://digitalbuildingdata.tech/nlcs/def/ca29017e-2054-4189-9214-6993828a1c75",""
"SCHEMA","*","_","**","_","KL","_","SCHEMA","_","","_","","_","","_","","_","","'-","","'-","G","'-","","","*_**_KL_SCHEMA","0.18","7","7","7","7","7","CONTINUOUS","0.25","7","7","7","7","7","CONTINUOUS","0.25","7","7","7","7","7","V-CONTINUOUS-SO","0.25","7","7","7","7","7","CONTINUOUS","","","2950","","http://digitalbuildingdata.tech/nlcs/def/fb1e8fe0-d0ad-4cea-9b31-9cd3d8e7ff56",""
"BEWEGWIJZERING","*","_","**","_","KL","_","BEWEGWIJZERING","_","","_","","_","","_","","_","","'-","","'-","G","'-","","","*_**_KL_BEWEGWIJZERING","0.18","210","212","210","210","253","CONTINUOUS","0.35","210","212","210","210","253","CONTINUOUS","0.35","210","212","210","210","253","V-CONTINUOUS-SO","0.35","210","212","210","210","253","CONTINUOUS","","","1386","","http://digitalbuildingdata.tech/nlcs/def/2073f66b-06a8-4ba3-bfc2-f2f982b61baa",""
"ET","*","_","**","_","KL","_","ET","_","","_","","_","","_","","_","","'-","","'-","G","'-","","","*_**_KL_ET","0.18","10","12","10","10","10","KL-ELECTRICITEIT-SO","0.35","10","12","10","10","10","KL-ELECTRICITEIT-SO","0.35","10","12","10","10","10","V-KL-ELECTRICITEIT-SO","0.35","10","12","10","10","10","KL-ELECTRICITEIT-SO","","","840","","http://digitalbuildingdata.tech/nlcs/def/1db23e1d-f800-4e24-ab2f-21f5a7ae443a",""
"TRACE","*","_","**","_","KL","_","TRACE","_","","_","","_","","_","","_","","'-","","'-","G","'-","","","*_**_KL_TRACE","0.18","7","7","7","7","252","ZZ-HIDDEN-SO","0.35","7","7","7","7","252","ZZ-HIDDEN-SO","0.35","7","7","7","7","252","ZZ-HIDDEN-SO","0.35","7","7","7","7","252","ZZ-HIDDEN-SO","","","1230","","http://digitalbuildingdata.tech/nlcs/def/dd21d102-8d44-4d59-8eea-fb5df663037e",""
"OLIE","*","_","**","_","KL","_","OLIE","_","","_","","_","","_","","_","","'-","","'-","G","'-","","","*_**_KL_OLIE","0.18","40","42","40","40","252","KL-OLIE-SO","0.35","40","42","40","40","252","KL-OLIE-SO","0.35","40","42","40","40","252","V-KL-OLIE-SO","0.35","40","42","40","40","252","KL-OLIE-SO","","","1222","","http://digitalbuildingdata.tech/nlcs/def/3ec55c79-7228-48f8-bee7-d1008ae19c88",""
"CV","*","_","**","_","KL","_","CV","_","","_","","_","","_","","_","","'-","","'-","G","'-","","","*_**_KL_CV","0.18","40","42","40","40","40","KL-CV-SO","0.35","40","42","40","40","40","KL-CV-SO","0.35","40","42","40","40","40","V-KL-CV-SO","0.35","40","42","40","40","40","KL-CV-SO","","","645","","http://digitalbuildingdata.tech/nlcs/def/11d49af6-8b32-479e-b7f2-3089099f64ce",""
"WINDWAARSCHUWINGSSYSTEEM","*","_","**","_","KL","_","WINDWAARSCHUWINGSSYSTEEM","_","","_","","_","","_","","_","","'-","","'-","G","'-","","","*_**_KL_WINDWAARSCHUWINGSSYSTEEM","0.18","220","222","220","220","253","CONTINUOUS","0.35","220","222","220","220","253","CONTINUOUS","0.35","220","222","220","220","253","V-CONTINUOUS-SO","0.35","220","222","220","220","253","CONTINUOUS","","","1396","","http://digitalbuildingdata.tech/nlcs/def/cf73364b-ae57-4fe7-8b7b-c304dfb84b6f",""
"WIM","*","_","**","_","KL","_","WIM","_","","_","","_","","_","","_","","'-","","'-","G","'-","","","*_**_KL_WIM","0.18","150","152","150","150","253","CONTINUOUS","0.35","150","152","150","150","253","CONTINUOUS","0.35","150","152","150","150","253","V-CONTINUOUS-SO","0.35","150","152","150","150","253","CONTINUOUS","","","1398","","http://digitalbuildingdata.tech/nlcs/def/b5aa829a-0a64-45d4-a1ef-191fd5664281",""
"KOUDENET","*","_","**","_","KL","_","KOUDENET","_","","_","","_","","_","","_","","'-","","'-","G","'-","","","*_**_KL_KOUDENET","0.18","130","132","130","130","252","KL-KOUDENET-SO","0.35","130","132","130","130","252","KL-KOUDENET-SO","0.35","130","132","130","130","252","V-KL-KOUDENET-SO","0.35","130","132","130","130","252","KL-KOUDENET-SO","","","1183","","http://digitalbuildingdata.tech/nlcs/def/50cb6bd6-f269-4cfa-833c-d078e9c2e11b",""
"TRANSMISSIE","*","_","**","_","KL","_","TRANSMISSIE","_","","_","","_","","_","","_","","'-","","'-","G","'-","","","*_**_KL_TRANSMISSIE","0.18","80","82","80","80","253","CONTINUOUS","0.35","80","82","80","80","253","CONTINUOUS","0.35","80","82","80","80","253","V-CONTINUOUS-SO","0.35","80","82","80","80","253","CONTINUOUS","","","1412","","http://digitalbuildingdata.tech/nlcs/def/909f7d09-ae4b-40c9-8568-9d463288d13b",""
"FILEMELDSYSTEEM","*","_","**","_","KL","_","FILEMELDSYSTEEM","_","","_","","_","","_","","_","","'-","","'-","G","'-","","","*_**_KL_FILEMELDSYSTEEM","0.18","240","242","240","240","253","CONTINUOUS","0.35","240","242","240","240","253","CONTINUOUS","0.35","240","242","240","240","253","V-CONTINUOUS-SO","0.35","240","242","240","240","253","CONTINUOUS","","","1402","","http://digitalbuildingdata.tech/nlcs/def/a55d147a-dc22-49ab-ac66-887001768af2",""
"MANTELBUIS","*","_","**","_","KL","_","MANTELBUIS","_","","_","","_","","_","","_","","'-","","'-","G","'-","","","*_**_KL_MANTELBUIS","0.18","7","7","7","7","252","CONTINUOUS","0.35","7","7","7","7","252","CONTINUOUS","0.35","7","7","7","7","252","V-CONTINUOUS-SO","0.35","7","7","7","7","252","CONTINUOUS","","","1215","","http://digitalbuildingdata.tech/nlcs/def/96747b39-5afd-4e5d-9390-14de9e3b16d6",""
"TDI","*","_","**","_","KL","_","TDI","_","","_","","_","","_","","_","","'-","","'-","G","'-","","","*_**_KL_TDI","0.18","200","202","200","200","253","CONTINUOUS","0.35","200","202","200","200","253","CONTINUOUS","0.35","200","202","200","200","253","V-CONTINUOUS-SO","0.35","200","202","200","200","253","CONTINUOUS","","","1390","","http://digitalbuildingdata.tech/nlcs/def/45b8db36-4dd2-45f1-b188-3b604a7b670e",""
"HOOGTEDETECTIE","*","_","**","_","KL","_","HOOGTEDETECTIE","_","","_","","_","","_","","_","","'-","","'-","G","'-","","","*_**_KL_HOOGTEDETECTIE","0.18","190","192","190","190","253","CONTINUOUS","0.35","190","192","190","190","253","CONTINUOUS","0.35","190","192","190","190","253","V-CONTINUOUS-SO","0.35","190","192","190","190","253","CONTINUOUS","","","1394","","http://digitalbuildingdata.tech/nlcs/def/2f41afdd-050d-467c-aa57-b6fb42bb9b4f",""
"VS","*","_","**","_","KL","_","VS","_","","_","","_","","_","","_","","'-","","'-","G","'-","","","*_**_KL_VS","0.18","30","32","30","30","253","CONTINUOUS","0.35","30","32","30","30","253","CONTINUOUS","0.35","30","32","30","30","253","V-CONTINUOUS-SO","0.35","30","32","30","30","253","CONTINUOUS","","","1406","","http://digitalbuildingdata.tech/nlcs/def/e8e510a0-c7a7-437f-9ed6-b520ef71f22b",""
"STROOK","*","_","**","_","KL","_","STROOK","_","","_","","_","","_","","_","","'-","","'-","G","'-","","","*_**_KL_STROOK","0.18","7","7","7","7","252","ZZ-HIDDEN-SO","0.35","7","7","7","7","252","ZZ-HIDDEN-SO","0.35","7","7","7","7","252","ZZ-HIDDEN-SO","0.35","7","7","7","7","252","ZZ-HIDDEN-SO","","","1221","","http://digitalbuildingdata.tech/nlcs/def/2c9715c8-9e95-4aa8-bb11-344bf9cc7010",""
"KATHODISCHE BESCHERMING","*","_","**","_","KL","_","KATHODISCHE BESCHERMING","_","","_","","_","","_","","_","","'-","","'-","G","'-","","","*_**_KL_KATHODISCHE BESCHERMING","0.18","210","212","210","210","252","CONTINUOUS","0.35","210","212","210","210","252","CONTINUOUS","0.35","210","212","210","210","252","V-CONTINUOUS-SO","0.35","210","212","210","210","252","CONTINUOUS","","","1219","","http://digitalbuildingdata.tech/nlcs/def/d3e1c61c-b736-4185-a60b-1359a6c16ad2",""