"omschrijving","status","underscore","discipline","underscore2","hoofdgroep","underscore3","object","underscore4","subobject01","underscore5","subobject02","underscore6","subobject03","underscore7","subobject04","underscore8","subobject05","streepje","bewerking","streepje3","element","streepje2","aobject","sobject","laagnaam","lw_b","kl_b","kl_b_a","kl_b_gd","kl_b_gn","kl_b_v","lt_b","lw_n","kl_n","kl_n_a","kl_n_gd","kl_n_gn","kl_n_v","lt_n","lw_v","kl_v","kl_v_a","kl_v_gd","kl_v_gn","kl_v_v","lt_v","lw_t","kl_t","kl_t_a","kl_t_gd","kl_t_gn","kl_t_v","lt_t","vrkl_kort","vrkl_lang","id_nummer","kind_van","objectURI","kind_vanURI"
"KANTOPSLUITING_ELEMENT_INRIT_PERRONBAND","*","_","**","_","VH","_","KANTOPSLUITING","_","ELEMENT","_","INRIT","_","PERRONBAND","_","","_","","'-","","'-","G/S","'-","","B-SVH-KANTOPSLUITING_INRITPERRONBAND_200X250-D; SVH-KANTOPSLUITING_INRITPERRONBAND_200X250-D","*_**_VH_KANTOPSLUITING_ELEMENT_INRIT_PERRONBAND","0.18","40","42","40","40","253","CONTINUOUS","0.35","40","42","40","40","253","CONTINUOUS","0.25","40","42","40","40","253","V-CONTINUOUS-SO","0.25","40","42","40","40","253","CONTINUOUS","","","2371","2370","http://digitalbuildingdata.tech/nlcs/def/88a64338-0503-48c5-bcdc-c5bddab26194","http://digitalbuildingdata.tech/nlcs/def/09dcfaab-f25e-49ea-b871-c04386c142f2"
"OPENVERHARDING_TEGEL_SIER","*","_","**","_","VH","_","OPENVERHARDING","_","TEGEL","_","SIER","_","","_","","_","","'-","","'-","G/S/A","'-","AVH-SIERTEGEL","SVH-SIERTEGEL","*_**_VH_OPENVERHARDING_TEGEL_SIER","0.18","90","92","90","90","254","CONTINUOUS","0.35","90","92","90","90","254","CONTINUOUS","0.25","90","92","90","90","254","ZZ-HIDDEN-SO","0.25","90","92","90","90","254","CONTINUOUS","","","2533","2531","http://digitalbuildingdata.tech/nlcs/def/165c2ca4-26af-4d50-b84c-4fc7cd054148","http://digitalbuildingdata.tech/nlcs/def/7d441944-02a8-4eb3-b411-b69b675ed931"
"OPENVERHARDING_TEGEL_GRAS","*","_","**","_","VH","_","OPENVERHARDING","_","TEGEL","_","GRAS","_","","_","","_","","'-","","'-","G/S/A","'-","AVH-GRASTEGEL","SVH-GRASTEGEL","*_**_VH_OPENVERHARDING_TEGEL_GRAS","0.18","70","72","70","70","254","CONTINUOUS","0.35","70","72","70","70","254","CONTINUOUS","0.25","70","72","70","70","254","ZZ-HIDDEN-SO","0.25","70","72","70","70","254","CONTINUOUS","","","2534","2531","http://digitalbuildingdata.tech/nlcs/def/6d408d70-1950-4667-8507-bd81c4c35e5a","http://digitalbuildingdata.tech/nlcs/def/7d441944-02a8-4eb3-b411-b69b675ed931"
"GESLOTENVERHARDING_ASFALT_ONDERLAAG_1","*","_","**","_","VH","_","GESLOTENVERHARDING","_","ASFALT","_","ONDERLAAG","_","1","_","","_","","'-","","'-","G","'-","","","*_**_VH_GESLOTENVERHARDING_ASFALT_ONDERLAAG_1","0.18","10","12","10","10","253","CONTINUOUS","0.35","10","12","10","10","253","CONTINUOUS","0.25","10","12","10","10","253","ZZ-HIDDEN-SO","0.25","10","12","10","10","253","CONTINUOUS","","","3012","3011","http://digitalbuildingdata.tech/nlcs/def/38ad4fbc-3371-41f8-bbda-9a1b8a08cfff","http://digitalbuildingdata.tech/nlcs/def/2f5f6577-7b2d-4da7-b980-44151b29b7d1"
"KANTOPSLUITING_TROTTOIRBAND_RWS_110 220","*","_","**","_","VH","_","KANTOPSLUITING","_","TROTTOIRBAND","_","RWS","_","110 220","_","","_","","'-","","'-","G","'-","","","*_**_VH_KANTOPSLUITING_TROTTOIRBAND_RWS_110 220","0.18","210","212","210","210","253","VH-RWSBAND-SO","0.35","210","212","210","210","253","VH-RWSBAND-SO","0.25","210","212","210","210","253","V-VH-RWSBAND-SO","0.25","210","212","210","210","253","VH-RWSBAND-SO","","","2451","2450","http://digitalbuildingdata.tech/nlcs/def/6f7a3da6-5f98-44d0-b23a-6a7e47a0fc4e","http://digitalbuildingdata.tech/nlcs/def/91ab1c54-d745-4ff8-8376-85ebfaaf5c4a"
"GESLOTENVERHARDING_ASFALT_ONDERLAAG_2","*","_","**","_","VH","_","GESLOTENVERHARDING","_","ASFALT","_","ONDERLAAG","_","2","_","","_","","'-","","'-","G","'-","","","*_**_VH_GESLOTENVERHARDING_ASFALT_ONDERLAAG_2","0.18","10","12","10","10","253","CONTINUOUS","0.35","10","12","10","10","253","CONTINUOUS","0.25","10","12","10","10","253","ZZ-HIDDEN-SO","0.25","10","12","10","10","253","CONTINUOUS","","","3013","3011","http://digitalbuildingdata.tech/nlcs/def/c751b247-f070-455f-8666-836267eff876","http://digitalbuildingdata.tech/nlcs/def/2f5f6577-7b2d-4da7-b980-44151b29b7d1"
"KANTOPSLUITING_TROTTOIRBAND_RWS_ZOAB","*","_","**","_","VH","_","KANTOPSLUITING","_","TROTTOIRBAND","_","RWS","_","ZOAB","_","","_","","'-","","'-","G","'-","","","*_**_VH_KANTOPSLUITING_TROTTOIRBAND_RWS_ZOAB","0.18","210","212","210","210","253","VH-RWSBAND-SO","0.35","210","212","210","210","253","VH-RWSBAND-SO","0.25","210","212","210","210","253","V-VH-RWSBAND-SO","0.25","210","212","210","210","253","VH-RWSBAND-SO","","","2452","2450","http://digitalbuildingdata.tech/nlcs/def/cea42e01-131b-4e60-995a-da85d6c4f382","http://digitalbuildingdata.tech/nlcs/def/91ab1c54-d745-4ff8-8376-85ebfaaf5c4a"
"GESLOTENVERHARDING_ASFALT_SLIJTLAAG_ROOD","*","_","**","_","VH","_","GESLOTENVERHARDING","_","ASFALT","_","SLIJTLAAG","_","ROOD","_","","_","","'-","","'-","G","'-","","","*_**_VH_GESLOTENVERHARDING_ASFALT_SLIJTLAAG_ROOD","0.18","10","12","10","10","253","CONTINUOUS","0.35","10","12","10","10","253","CONTINUOUS","0.25","10","12","10","10","253","ZZ-HIDDEN-SO","0.25","10","12","10","10","253","CONTINUOUS","","","2943","2942","http://digitalbuildingdata.tech/nlcs/def/d3da9eed-f719-49b3-81d0-d7acb0f65c25","http://digitalbuildingdata.tech/nlcs/def/bb1c0ae9-2015-410a-bb68-22c7236decbb"
"GESLOTENVERHARDING_ASFALT_TUSSENLAAG_1","*","_","**","_","VH","_","GESLOTENVERHARDING","_","ASFALT","_","TUSSENLAAG","_","1","_","","_","","'-","","'-","G","'-","","","*_**_VH_GESLOTENVERHARDING_ASFALT_TUSSENLAAG_1","0.18","10","12","10","10","253","CONTINUOUS","0.35","10","12","10","10","253","CONTINUOUS","0.25","10","12","10","10","253","ZZ-HIDDEN-SO","0.25","10","12","10","10","253","CONTINUOUS","","","3016","3015","http://digitalbuildingdata.tech/nlcs/def/baeae744-5ec3-40eb-b102-4bfc6c80fc1a","http://digitalbuildingdata.tech/nlcs/def/c0aadd76-7659-4891-81c2-d044f03c019b"
"GESLOTENVERHARDING_ASFALT_TUSSENLAAG_2","*","_","**","_","VH","_","GESLOTENVERHARDING","_","ASFALT","_","TUSSENLAAG","_","2","_","","_","","'-","","'-","G","'-","","","*_**_VH_GESLOTENVERHARDING_ASFALT_TUSSENLAAG_2","0.18","10","12","10","10","253","CONTINUOUS","0.35","10","12","10","10","253","CONTINUOUS","0.25","10","12","10","10","253","ZZ-HIDDEN-SO","0.25","10","12","10","10","253","CONTINUOUS","","","3017","3015","http://digitalbuildingdata.tech/nlcs/def/d0113c14-9522-4b5e-87c9-b1a63afeef75","http://digitalbuildingdata.tech/nlcs/def/c0aadd76-7659-4891-81c2-d044f03c019b"
"FUNDERING_GRANULAAT_MENG_HYDRAULISCH","*","_","**","_","VH","_","FUNDERING","_","GRANULAAT","_","MENG","_","HYDRAULISCH","_","","_","","'-","","'-","G","'-","","","*_**_VH_FUNDERING_GRANULAAT_MENG_HYDRAULISCH","0.18","7","252","7","7","254","CONTINUOUS","0.35","7","252","7","7","254","CONTINUOUS","0.25","7","252","7","7","254","V-CONTINUOUS-SO","0.25","7","252","7","7","254","CONTINUOUS","","","2498","2497","http://digitalbuildingdata.tech/nlcs/def/cd5ef1cd-d338-4e73-947d-01e1d631d2a6","http://digitalbuildingdata.tech/nlcs/def/bf482544-ee0a-488d-b6ad-0b42b0e4e884"
"KANTOPSLUITING_TROTTOIRBAND_180X200_ZOAB","*","_","**","_","VH","_","KANTOPSLUITING","_","TROTTOIRBAND","_","180X200","_","ZOAB","_","","_","","'-","","'-","G","'-","","","*_**_VH_KANTOPSLUITING_TROTTOIRBAND_180X200_ZOAB","0.18","210","212","210","210","253","VH-TROTTOIRBAND-SO","0.35","210","212","210","210","253","VH-TROTTOIRBAND-SO","0.25","210","212","210","210","253","V-VH-TROTTOIRBAND-SO","0.25","210","212","210","210","253","VH-TROTTOIRBAND-SO","","","2444","2443","http://digitalbuildingdata.tech/nlcs/def/d7e28d88-11a0-4113-99cb-bd8bdc46bdfd","http://digitalbuildingdata.tech/nlcs/def/5cea3339-fbba-4bad-b5c2-5ed32a1d8e36"
"KANTOPSLUITING_ELEMENT_BOOMKRANS_ELEMENT","*","_","**","_","VH","_","KANTOPSLUITING","_","ELEMENT","_","BOOMKRANS","_","ELEMENT","_","","_","","'-","","'-","G","'-","","","*_**_VH_KANTOPSLUITING_ELEMENT_BOOMKRANS_ELEMENT","0.18","60","62","60","60","253","CONTINUOUS","0.35","60","62","60","60","253","CONTINUOUS","0.35","60","62","60","60","253","V-CONTINUOUS-SO","0.35","60","62","60","60","253","CONTINUOUS","","","528","3392","http://digitalbuildingdata.tech/nlcs/def/1b29ee38-55eb-470a-bad8-23bac4b7fb19","http://digitalbuildingdata.tech/nlcs/def/291d02bc-d75a-4439-8cf1-f79a2e71e206"
"KANTOPSLUITING_TROTTOIRBAND_RWS","*","_","**","_","VH","_","KANTOPSLUITING","_","TROTTOIRBAND","_","RWS","_","","_","","_","","'-","","'-","G/S","'-","","B-SVH-KANTOPSLUITING_RWS_110 220X160-D; B-SVH-KANTOPSLUITING_RWS_110 220X200-D; B-SVH-KANTOPSLUITING_RWS_110 220X250-D; B-SVH-KANTOPSLUITING_RWS_ZOABBAND_110 220X250-D; SVH-KANTOPSLUITING_RWS_110 220X160-D; SVH-KANTOPSLUITING_RWS_110 220X200-D; SVH-KANTOPSLUITING_RWS_110 220X250-D; SVH-KANTOPSLUITING_RWS_ZOABBAND_110 220X250-D","*_**_VH_KANTOPSLUITING_TROTTOIRBAND_RWS","0.18","210","212","210","210","253","VH-RWSBAND-SO","0.35","210","212","210","210","253","VH-RWSBAND-SO","0.25","210","212","210","210","253","V-VH-RWSBAND-SO","0.25","210","212","210","210","253","VH-RWSBAND-SO","","","2450","2439","http://digitalbuildingdata.tech/nlcs/def/91ab1c54-d745-4ff8-8376-85ebfaaf5c4a","http://digitalbuildingdata.tech/nlcs/def/71f1d393-0573-4b39-bc7d-bca6ee283d76"
"KANTOPSLUITING_ELEMENT_VERLOOPBAND","*","_","**","_","VH","_","KANTOPSLUITING","_","ELEMENT","_","VERLOOPBAND","_","","_","","_","","'-","","'-","G/S","'-","","SVH-KANTOPSLUITING_VERLOOP_100X200_130 150X250_LINKS; SVH-KANTOPSLUITING_VERLOOP_100X200_130 150X250_RECHTS; SVH-KANTOPSLUITING_VERLOOP_100X200_180 200X250_LINKS; SVH-KANTOPSLUITING_VERLOOP_100X200_180 200X250_RECHTS; SVH-KANTOPSLUITING_VERLOOP_120X250_130 150X250_LINKS; SVH-KANTOPSLUITING_VERLOOP_120X250_130 150X250_RECHTS; SVH-KANTOPSLUITING_VERLOOP_130 150X250_110 220X250_LINKS; SVH-KANTOPSLUITING_VERLOOP_130 150X250_110 220X250_RECHTS; SVH-KANTOPSLUITING_VERLOOP_130 150X250_120X250_LINKS; SVH-KANTOPSLUITING_VERLOOP_130 150X250_120X250_RECHTS; SVH-KANTOPSLUITING_VERLOOP_130 150X250_180 200X250_LINKS; SVH-KANTOPSLUITING_VERLOOP_130 150X250_180 200X250_RECHTS; SVH-KANTOPSLUITING_VERLOOP_130 150X250_50 200X200_LINKS; SVH-KANTOPSLUITING_VERLOOP_130 150X250_50 200X200_RECHTS; SVH-KANTOPSLUITING_VERLOOP_180 200X250_110 220X250_LINKS; SVH-KANTOPSLUITING_VERLOOP_180 200X250_110 220X250_RECHTS; SVH-KANTOPSLUITING_VERLOOP_180 200X250_40 120X250_LINKS; SVH-KANTOPSLUITING_VERLOOP_180 200X250_40 120X250_RECHTS; SVH-KANTOPSLUITING_VERLOOP_180 200X250_50 200X200_LINKS; SVH-KANTOPSLUITING_VERLOOP_180 200X250_50 200X200_RECHTS; SVH-KANTOPSLUITING_VERLOOP_40 120X250_120X250_LINKS; SVH-KANTOPSLUITING_VERLOOP_40 120X250_120X250_RECHTS; SVH-KANTOPSLUITING_VERLOOP_40 120X250_130 150X250_LINKS; SVH-KANTOPSLUITING_VERLOOP_40 120X250_130 150X250_RECHTS; SVH-KANTOPSLUITING_VERLOOP_70 120X200_130 150X250_LINKS; SVH-KANTOPSLUITING_VERLOOP_70 120X200_130 150X250_RECHTS","*_**_VH_KANTOPSLUITING_ELEMENT_VERLOOPBAND","0.18","40","42","40","40","253","CONTINUOUS","0.35","40","42","40","40","253","CONTINUOUS","0.25","40","42","40","40","253","V-CONTINUOUS-SO","0.25","40","42","40","40","253","CONTINUOUS","","","2376","2366","http://digitalbuildingdata.tech/nlcs/def/0513fc71-a5fb-438b-85ee-63932dc500d7","http://digitalbuildingdata.tech/nlcs/def/f0f8aea3-cb50-4a48-927d-82a4c7635b6a"
"KANTOPSLUITING_ELEMENT_INRIT","*","_","**","_","VH","_","KANTOPSLUITING","_","ELEMENT","_","INRIT","_","","_","","_","","'-","","'-","G/S","'-","","SVH-INRITELEMENT","*_**_VH_KANTOPSLUITING_ELEMENT_INRIT","0.18","40","42","40","40","253","CONTINUOUS","0.35","40","42","40","40","253","CONTINUOUS","0.25","40","42","40","40","253","V-CONTINUOUS-SO","0.25","40","42","40","40","253","CONTINUOUS","","","2370","2366","http://digitalbuildingdata.tech/nlcs/def/09dcfaab-f25e-49ea-b871-c04386c142f2","http://digitalbuildingdata.tech/nlcs/def/f0f8aea3-cb50-4a48-927d-82a4c7635b6a"
"DREMPEL_PREFAB_ELEMENT","*","_","**","_","VH","_","DREMPEL","_","PREFAB","_","ELEMENT","_","","_","","_","","'-","","'-","G/S","'-","","B-SVH-DREMPEL_PREFAB_1000X1200; B-SVH-DREMPEL_PREFAB_1000X1200_RUITPROFIEL; B-SVH-DREMPEL_PREFAB_1000X600; B-SVH-DREMPEL_PREFAB_1000X600_RUITPROFIEL; B-SVH-DREMPEL_PREFAB_1200X1000; B-SVH-DREMPEL_PREFAB_1200X1000_RUITPROFIEL; B-SVH-DREMPEL_PREFAB_1200X500; B-SVH-DREMPEL_PREFAB_1200X500_RUITPROFIEL; B-SVH-DREMPEL_PREFAB_1500X1200; B-SVH-DREMPEL_PREFAB_1500X1200_RUITPROFIEL; B-SVH-DREMPEL_PREFAB_1500X600; B-SVH-DREMPEL_PREFAB_1500X600_RUITPROFIEL; B-SVH-DREMPEL_PREFAB_1700X1000; B-SVH-DREMPEL_PREFAB_1700X500; B-SVH-DREMPEL_PREFAB_1750X1000; B-SVH-DREMPEL_PREFAB_1750X1000_LINKS; B-SVH-DREMPEL_PREFAB_1750X1000_RECHTS; B-SVH-DREMPEL_PREFAB_1750X1200; B-SVH-DREMPEL_PREFAB_1750X500; B-SVH-DREMPEL_PREFAB_1750X600; B-SVH-DREMPEL_PREFAB_2400X1000; B-SVH-DREMPEL_PREFAB_2400X1000_RUITPROFIEL; B-SVH-DREMPEL_PREFAB_2400X1200; B-SVH-DREMPEL_PREFAB_2400X1200_RUITPROFIEL; B-SVH-DREMPEL_PREFAB_2400X500; B-SVH-DREMPEL_PREFAB_2400X500_RUITPROFIEL; B-SVH-DREMPEL_PREFAB_2400X600; B-SVH-DREMPEL_PREFAB_2400X600_RUITPROFIEL; B-SVH-DREMPEL_PREFAB_2400X750_LINKS; B-SVH-DREMPEL_PREFAB_2400X750_RECHTS; B-SVH-DREMPEL_PREFAB_2400X750_RUITPROFIEL_LINKS; B-SVH-DREMPEL_PREFAB_2400X750_RUITPROFIEL_RECHTS; B-SVH-DREMPEL_PREFAB_3000X1000; B-SVH-DREMPEL_PREFAB_3000X500; B-SVH-DREMPEL_PREFAB_4000X1000; B-SVH-DREMPEL_PREFAB_4000X500; B-SVH-DREMPEL_PREFAB_4200X1000; B-SVH-DREMPEL_PREFAB_900X500; B-SVH-DREMPEL_PREFAB_BUS; B-SVH-DREMPEL_PREFAB_BUS_LINKS; B-SVH-DREMPEL_PREFAB_BUS_RECHTS; B-SVH-DREMPEL_PREFAB_GUMACON; SVH-DREMPEL_PREFAB_1000X1200; SVH-DREMPEL_PREFAB_1000X1200_RUITPROFIEL; SVH-DREMPEL_PREFAB_1000X600; SVH-DREMPEL_PREFAB_1000X600_RUITPROFIEL; SVH-DREMPEL_PREFAB_1200X1000; SVH-DREMPEL_PREFAB_1200X1000_RUITPROFIEL; SVH-DREMPEL_PREFAB_1200X500; SVH-DREMPEL_PREFAB_1200X500_RUITPROFIEL; SVH-DREMPEL_PREFAB_1500X1200; SVH-DREMPEL_PREFAB_1500X1200_RUITPROFIEL; SVH-DREMPEL_PREFAB_1500X600; SVH-DREMPEL_PREFAB_1500X600_RUITPROFIEL; SVH-DREMPEL_PREFAB_1700X1000; SVH-DREMPEL_PREFAB_1700X500; SVH-DREMPEL_PREFAB_1750X1000; SVH-DREMPEL_PREFAB_1750X1000_LINKS; SVH-DREMPEL_PREFAB_1750X1000_RECHTS; SVH-DREMPEL_PREFAB_1750X1200; SVH-DREMPEL_PREFAB_1750X500; SVH-DREMPEL_PREFAB_1750X600; SVH-DREMPEL_PREFAB_2400X1000; SVH-DREMPEL_PREFAB_2400X1000_RUITPROFIEL; SVH-DREMPEL_PREFAB_2400X1200; SVH-DREMPEL_PREFAB_2400X1200_RUITPROFIEL; SVH-DREMPEL_PREFAB_2400X500; SVH-DREMPEL_PREFAB_2400X500_RUITPROFIEL; SVH-DREMPEL_PREFAB_2400X600; SVH-DREMPEL_PREFAB_2400X600_RUITPROFIEL; SVH-DREMPEL_PREFAB_2400X750_LINKS; SVH-DREMPEL_PREFAB_2400X750_RECHTS; SVH-DREMPEL_PREFAB_2400X750_RUITPROFIEL_LINKS; SVH-DREMPEL_PREFAB_2400X750_RUITPROFIEL_RECHTS; SVH-DREMPEL_PREFAB_3000X1000; SVH-DREMPEL_PREFAB_3000X500; SVH-DREMPEL_PREFAB_4000X1000; SVH-DREMPEL_PREFAB_4000X500; SVH-DREMPEL_PREFAB_4200X1000; SVH-DREMPEL_PREFAB_900X500; SVH-DREMPEL_PREFAB_BUS; SVH-DREMPEL_PREFAB_BUS_LINKS; SVH-DREMPEL_PREFAB_BUS_RECHTS; SVH-DREMPEL_PREFAB_GUMACON; T-SVH-DREMPEL_PREFAB_1000X1200; T-SVH-DREMPEL_PREFAB_1000X1200_RUITPROFIEL; T-SVH-DREMPEL_PREFAB_1000X600; T-SVH-DREMPEL_PREFAB_1000X600_RUITPROFIEL; T-SVH-DREMPEL_PREFAB_1200X1000; T-SVH-DREMPEL_PREFAB_1200X1000_RUITPROFIEL; T-SVH-DREMPEL_PREFAB_1200X500; T-SVH-DREMPEL_PREFAB_1200X500_RUITPROFIEL; T-SVH-DREMPEL_PREFAB_1500X1200; T-SVH-DREMPEL_PREFAB_1500X1200_RUITPROFIEL; T-SVH-DREMPEL_PREFAB_1500X600; T-SVH-DREMPEL_PREFAB_1500X600_RUITPROFIEL; T-SVH-DREMPEL_PREFAB_1700X1000; T-SVH-DREMPEL_PREFAB_1700X500; T-SVH-DREMPEL_PREFAB_1750X1000; T-SVH-DREMPEL_PREFAB_1750X1000_LINKS; T-SVH-DREMPEL_PREFAB_1750X1000_RECHTS; T-SVH-DREMPEL_PREFAB_1750X1200; T-SVH-DREMPEL_PREFAB_1750X500; T-SVH-DREMPEL_PREFAB_1750X600; T-SVH-DREMPEL_PREFAB_2400X1000; T-SVH-DREMPEL_PREFAB_2400X1000_RUITPROFIEL; T-SVH-DREMPEL_PREFAB_2400X1200; T-SVH-DREMPEL_PREFAB_2400X1200_RUITPROFIEL; T-SVH-DREMPEL_PREFAB_2400X500; T-SVH-DREMPEL_PREFAB_2400X500_RUITPROFIEL; T-SVH-DREMPEL_PREFAB_2400X600; T-SVH-DREMPEL_PREFAB_2400X600_RUITPROFIEL; T-SVH-DREMPEL_PREFAB_2400X750_LINKS; T-SVH-DREMPEL_PREFAB_2400X750_RECHTS; T-SVH-DREMPEL_PREFAB_2400X750_RUITPROFIEL_LINKS; T-SVH-DREMPEL_PREFAB_2400X750_RUITPROFIEL_RECHTS; T-SVH-DREMPEL_PREFAB_3000X1000; T-SVH-DREMPEL_PREFAB_3000X500; T-SVH-DREMPEL_PREFAB_4000X1000; T-SVH-DREMPEL_PREFAB_4000X500; T-SVH-DREMPEL_PREFAB_4200X1000; T-SVH-DREMPEL_PREFAB_900X500; T-SVH-DREMPEL_PREFAB_BUS; T-SVH-DREMPEL_PREFAB_BUS_LINKS; T-SVH-DREMPEL_PREFAB_BUS_RECHTS; T-SVH-DREMPEL_PREFAB_GUMACON; V-SVH-DREMPEL_PREFAB_1000X1200; V-SVH-DREMPEL_PREFAB_1000X1200_RUITPROFIEL; V-SVH-DREMPEL_PREFAB_1000X600; V-SVH-DREMPEL_PREFAB_1000X600_RUITPROFIEL; V-SVH-DREMPEL_PREFAB_1200X1000; V-SVH-DREMPEL_PREFAB_1200X1000_RUITPROFIEL; V-SVH-DREMPEL_PREFAB_1200X500; V-SVH-DREMPEL_PREFAB_1200X500_RUITPROFIEL; V-SVH-DREMPEL_PREFAB_1500X1200; V-SVH-DREMPEL_PREFAB_1500X1200_RUITPROFIEL; V-SVH-DREMPEL_PREFAB_1500X600; V-SVH-DREMPEL_PREFAB_1500X600_RUITPROFIEL; V-SVH-DREMPEL_PREFAB_1700X1000; V-SVH-DREMPEL_PREFAB_1700X500; V-SVH-DREMPEL_PREFAB_1750X1000; V-SVH-DREMPEL_PREFAB_1750X1000_LINKS; V-SVH-DREMPEL_PREFAB_1750X1000_RECHTS; V-SVH-DREMPEL_PREFAB_1750X1200; V-SVH-DREMPEL_PREFAB_1750X500; V-SVH-DREMPEL_PREFAB_1750X600; V-SVH-DREMPEL_PREFAB_2400X1000; V-SVH-DREMPEL_PREFAB_2400X1000_RUITPROFIEL; V-SVH-DREMPEL_PREFAB_2400X1200; V-SVH-DREMPEL_PREFAB_2400X1200_RUITPROFIEL; V-SVH-DREMPEL_PREFAB_2400X500; V-SVH-DREMPEL_PREFAB_2400X500_RUITPROFIEL; V-SVH-DREMPEL_PREFAB_2400X600; V-SVH-DREMPEL_PREFAB_2400X600_RUITPROFIEL; V-SVH-DREMPEL_PREFAB_2400X750_LINKS; V-SVH-DREMPEL_PREFAB_2400X750_RECHTS; V-SVH-DREMPEL_PREFAB_2400X750_RUITPROFIEL_LINKS; V-SVH-DREMPEL_PREFAB_2400X750_RUITPROFIEL_RECHTS; V-SVH-DREMPEL_PREFAB_3000X1000; V-SVH-DREMPEL_PREFAB_3000X500; V-SVH-DREMPEL_PREFAB_4000X1000; V-SVH-DREMPEL_PREFAB_4000X500; V-SVH-DREMPEL_PREFAB_4200X1000; V-SVH-DREMPEL_PREFAB_900X500; V-SVH-DREMPEL_PREFAB_BUS; V-SVH-DREMPEL_PREFAB_BUS_LINKS; V-SVH-DREMPEL_PREFAB_BUS_RECHTS; V-SVH-DREMPEL_PREFAB_GUMACON","*_**_VH_DREMPEL_PREFAB_ELEMENT","0.18","30","32","30","30","253","CONTINUOUS","0.35","30","32","30","30","253","CONTINUOUS","0.25","30","32","30","30","253","V-CONTINUOUS-SO","0.25","30","32","30","30","253","CONTINUOUS","","","2346","2345","http://digitalbuildingdata.tech/nlcs/def/2265dc46-83b3-4540-b701-90efa8ea86f9","http://digitalbuildingdata.tech/nlcs/def/5bdc7f26-1a64-4c60-b7a5-2af813f33289"
"KANTOPSLUITING_ELEMENT_BOOMKRANS","*","_","**","_","VH","_","KANTOPSLUITING","_","ELEMENT","_","BOOMKRANS","_","","_","","_","","'-","","'-","G/S","'-","","SVH-BOOMKRANS","*_**_VH_KANTOPSLUITING_ELEMENT_BOOMKRANS","0.18","40","42","40","40","253","CONTINUOUS","0.35","40","42","40","40","253","CONTINUOUS","0.25","40","42","40","40","253","V-CONTINUOUS-SO","0.25","40","42","40","40","253","CONTINUOUS","","","3392","2366","http://digitalbuildingdata.tech/nlcs/def/291d02bc-d75a-4439-8cf1-f79a2e71e206","http://digitalbuildingdata.tech/nlcs/def/f0f8aea3-cb50-4a48-927d-82a4c7635b6a"
"KANTOPSLUITING_ELEMENT_BOOMKRANSBAND","*","_","**","_","VH","_","KANTOPSLUITING","_","ELEMENT","_","BOOMKRANSBAND","_","","_","","_","","'-","","'-","G/S","'-","","SVH-BOOMKRANSBAND","*_**_VH_KANTOPSLUITING_ELEMENT_BOOMKRANSBAND","0.18","40","42","40","40","253","VH-BOOMKRANSBAND-SO","0.35","40","42","40","40","253","VH-BOOMKRANSBAND-SO","0.25","40","42","40","40","253","V-VH-BOOMKRANSBAND-SO","0.25","40","42","40","40","253","VH-BOOMKRANSBAND-SO","","","2367","2366","http://digitalbuildingdata.tech/nlcs/def/0a42a4ca-3212-40bc-b322-06d8e24455b4","http://digitalbuildingdata.tech/nlcs/def/f0f8aea3-cb50-4a48-927d-82a4c7635b6a"
"KANTOPSLUITING_ELEMENT_INRITBAND","*","_","**","_","VH","_","KANTOPSLUITING","_","ELEMENT","_","INRITBAND","_","","_","","_","","'-","","'-","G/S","'-","","B-SVH-KANTOPSLUITING_INRITBAND_160X450-D; B-SVH-KANTOPSLUITING_INRITBAND_160X450X500-D; B-SVH-KANTOPSLUITING_INRITBAND_160X500X500-D; B-SVH-KANTOPSLUITING_INRITBAND_160X600X500-D; B-SVH-KANTOPSLUITING_INRITBAND_170X520-D; B-SVH-KANTOPSLUITING_INRITBAND_200X600X300-D; B-SVH-KANTOPSLUITING_INRITBAND_200X650X300-D; SVH-KANTOPSLUITING_INRITBAND_160X450-D; SVH-KANTOPSLUITING_INRITBAND_160X450X500-D; SVH-KANTOPSLUITING_INRITBAND_160X500X500-D; SVH-KANTOPSLUITING_INRITBAND_160X600X500-D; SVH-KANTOPSLUITING_INRITBAND_170X520-D; SVH-KANTOPSLUITING_INRITBAND_200X600X300-D; SVH-KANTOPSLUITING_INRITBAND_200X650X300-D","*_**_VH_KANTOPSLUITING_ELEMENT_INRITBAND","0.18","40","42","40","40","253","CONTINUOUS","0.35","40","42","40","40","253","CONTINUOUS","0.25","40","42","40","40","253","V-CONTINUOUS-SO","0.25","40","42","40","40","253","CONTINUOUS","","","2372","2366","http://digitalbuildingdata.tech/nlcs/def/934ded32-bde4-47df-a25f-e9504e581569","http://digitalbuildingdata.tech/nlcs/def/f0f8aea3-cb50-4a48-927d-82a4c7635b6a"
"OPENVERHARDING_TEGEL_RUBBER","*","_","**","_","VH","_","OPENVERHARDING","_","TEGEL","_","RUBBER","_","","_","","_","","'-","","'-","G/S","'-","","SVH-RUBBERTEGEL","*_**_VH_OPENVERHARDING_TEGEL_RUBBER","0.18","90","92","90","90","254","CONTINUOUS","0.35","90","92","90","90","254","CONTINUOUS","0.25","90","92","90","90","254","ZZ-HIDDEN-SO","0.25","90","92","90","90","254","CONTINUOUS","","","2532","2531","http://digitalbuildingdata.tech/nlcs/def/5b182fdc-b390-4d64-9d80-c9bcb3ed6478","http://digitalbuildingdata.tech/nlcs/def/7d441944-02a8-4eb3-b411-b69b675ed931"
"KANTOPSLUITING_ELEMENT_HOEKSTUK","*","_","**","_","VH","_","KANTOPSLUITING","_","ELEMENT","_","HOEKSTUK","_","","_","","_","","'-","","'-","G/S","'-","","SVH-KANTOPSLUITING_HOEKSTUK_INWENDIG_100X200; SVH-KANTOPSLUITING_HOEKSTUK_INWENDIG_130 150; SVH-KANTOPSLUITING_HOEKSTUK_INWENDIG_130 150_SCHUIN; SVH-KANTOPSLUITING_HOEKSTUK_INWENDIG_180 200; SVH-KANTOPSLUITING_HOEKSTUK_INWENDIG_180 200X40; SVH-KANTOPSLUITING_HOEKSTUK_INWENDIG_180 200_SCHUIN; SVH-KANTOPSLUITING_HOEKSTUK_INWENDIG_70X200; SVH-KANTOPSLUITING_HOEKSTUK_INWENDIG_70X200_SCHUIN; SVH-KANTOPSLUITING_HOEKSTUK_UITWENDIG_100X200; SVH-KANTOPSLUITING_HOEKSTUK_UITWENDIG_130 150; SVH-KANTOPSLUITING_HOEKSTUK_UITWENDIG_130 150_SCHUIN; SVH-KANTOPSLUITING_HOEKSTUK_UITWENDIG_180 200; SVH-KANTOPSLUITING_HOEKSTUK_UITWENDIG_180 200X400; SVH-KANTOPSLUITING_HOEKSTUK_UITWENDIG_180 200_SCHUIN; SVH-KANTOPSLUITING_HOEKSTUK_UITWENDIG_70X200; SVH-KANTOPSLUITING_HOEKSTUK_UITWENDIG_70X200_SCHUIN","*_**_VH_KANTOPSLUITING_ELEMENT_HOEKSTUK","0.18","40","42","40","40","253","CONTINUOUS","0.35","40","42","40","40","253","CONTINUOUS","0.25","40","42","40","40","253","V-CONTINUOUS-SO","0.25","40","42","40","40","253","CONTINUOUS","","","2369","2366","http://digitalbuildingdata.tech/nlcs/def/79f2cf06-937a-4317-9c1d-1bc9e9d2691b","http://digitalbuildingdata.tech/nlcs/def/f0f8aea3-cb50-4a48-927d-82a4c7635b6a"
"KANTOPSLUITING_ELEMENT_HOEKBLOK","*","_","**","_","VH","_","KANTOPSLUITING","_","ELEMENT","_","HOEKBLOK","_","","_","","_","","'-","","'-","G/S","'-","","SVH-KANTOPSLUITING_HOEKBLOK_180 200_R50; SVH-KANTOPSLUITING_HOEKBLOK_INWENDIG_180 200X45_ROND","*_**_VH_KANTOPSLUITING_ELEMENT_HOEKBLOK","0.18","40","42","40","40","253","CONTINUOUS","0.35","40","42","40","40","253","CONTINUOUS","0.25","40","42","40","40","253","V-CONTINUOUS-SO","0.25","40","42","40","40","253","CONTINUOUS","","","2368","2366","http://digitalbuildingdata.tech/nlcs/def/f954f5bc-ab92-4a25-929a-d83d97cf27ba","http://digitalbuildingdata.tech/nlcs/def/f0f8aea3-cb50-4a48-927d-82a4c7635b6a"
"OPENVERHARDING_BASALT","*","_","**","_","VH","_","OPENVERHARDING","_","BASALT","_","","_","","_","","_","","'-","","'-","G/S/A","'-","AVH-BASALT","SVH-BASALTVERHARDING","*_**_VH_OPENVERHARDING_BASALT","0.18","90","92","90","90","254","CONTINUOUS","0.35","90","92","90","90","254","CONTINUOUS","0.25","90","92","90","90","254","V-CONTINUOUS-SO","0.25","90","92","90","90","254","CONTINUOUS","","","2473","2519","http://digitalbuildingdata.tech/nlcs/def/f9bd498e-29de-42fa-9e06-1b7c8b7ec9b4","http://digitalbuildingdata.tech/nlcs/def/de78c8f7-6b19-4e31-a390-9cf87c386538"
"OPENVERHARDING_NATUURSTEEN","*","_","**","_","VH","_","OPENVERHARDING","_","NATUURSTEEN","_","","_","","_","","_","","'-","","'-","G/S/A","'-","AVH-NATUURSTEEN","SVH-NATUURSTEEN","*_**_VH_OPENVERHARDING_NATUURSTEEN","0.18","90","92","90","90","254","CONTINUOUS","0.35","90","92","90","90","254","CONTINUOUS","0.25","90","92","90","90","254","ZZ-HIDDEN-SO","0.25","90","92","90","90","254","CONTINUOUS","","","2518","2519","http://digitalbuildingdata.tech/nlcs/def/2f7e362f-78ce-4c01-9e86-aaaa3e669ee9","http://digitalbuildingdata.tech/nlcs/def/de78c8f7-6b19-4e31-a390-9cf87c386538"
"HALFVERHARDING_GESTABILISEERD GRAS","*","_","**","_","VH","_","HALFVERHARDING","_","GESTABILISEERD GRAS","_","","_","","_","","_","","'-","","'-","G/S/A","'-","AVH-GRAS_GESTABILISEERD-SO","SVH-GRAS_GESTABILISEERD-SO; V-SVH-GRAS_GESTABILISEERD-SO","*_**_VH_HALFVERHARDING_GESTABILISEERD GRAS","0.18","130","132","130","130","254","CONTINUOUS","0.35","130","132","130","130","254","CONTINUOUS","0.25","130","132","130","130","254","V-CONTINUOUS-SO","0.25","130","132","130","130","254","CONTINUOUS","","","2506","2511","http://digitalbuildingdata.tech/nlcs/def/b3a85b1d-49e2-43ab-9257-0e842ed89008","http://digitalbuildingdata.tech/nlcs/def/4b000dbc-68df-40ed-9bf5-8c0d5496bac2"
"OPENVERHARDING_KALKZANDSTEEN","*","_","**","_","VH","_","OPENVERHARDING","_","KALKZANDSTEEN","_","","_","","_","","_","","'-","","'-","G/S/A","'-","AVH-KALKZANDSTEEN","SVH-KALKZANDSTEEN","*_**_VH_OPENVERHARDING_KALKZANDSTEEN","0.18","90","92","90","90","254","CONTINUOUS","0.35","90","92","90","90","254","CONTINUOUS","0.25","90","92","90","90","254","ZZ-HIDDEN-SO","0.25","90","92","90","90","254","CONTINUOUS","","","2516","2519","http://digitalbuildingdata.tech/nlcs/def/a38b17c4-6386-4f32-ab5b-b755528ab249","http://digitalbuildingdata.tech/nlcs/def/de78c8f7-6b19-4e31-a390-9cf87c386538"
"OPENVERHARDING_HSTEEN","*","_","**","_","VH","_","OPENVERHARDING","_","HSTEEN","_","","_","","_","","_","","'-","","'-","G/S/A","'-","AVH-HSTEEN","SVH-HSTEEN","*_**_VH_OPENVERHARDING_HSTEEN","0.18","90","92","90","90","254","CONTINUOUS","0.35","90","92","90","90","254","CONTINUOUS","0.25","90","92","90","90","254","ZZ-HIDDEN-SO","0.25","90","92","90","90","254","CONTINUOUS","","","2515","2519","http://digitalbuildingdata.tech/nlcs/def/4b3d58ad-9f2f-4e48-915d-9e0fd57061dc","http://digitalbuildingdata.tech/nlcs/def/de78c8f7-6b19-4e31-a390-9cf87c386538"
"ONVERHARD_HOUTSNIPPERS","*","_","**","_","VH","_","ONVERHARD","_","HOUTSNIPPERS","_","","_","","_","","_","","'-","","'-","G/S/A","'-","AVH-HOUTSNIPPERS","SVH-HOUTSNIPPERS","*_**_VH_ONVERHARD_HOUTSNIPPERS","0.18","210","212","210","210","254","CONTINUOUS","0.35","210","212","210","210","254","CONTINUOUS","0.25","210","212","210","210","254","ZZ-HIDDEN-SO","0.25","210","212","210","210","254","CONTINUOUS","","","2514","2936","http://digitalbuildingdata.tech/nlcs/def/b69a5eef-d6bd-48bf-9376-050749309e79","http://digitalbuildingdata.tech/nlcs/def/f367c22c-9fea-4e08-b7f1-d889e5a02e71"
"OPENVERHARDING_DELTA","*","_","**","_","VH","_","OPENVERHARDING","_","DELTA","_","","_","","_","","_","","'-","","'-","G/S/A","'-","AVH-DELTA","SVH-DELTA","*_**_VH_OPENVERHARDING_DELTA","0.18","90","92","90","90","254","CONTINUOUS","0.35","90","92","90","90","254","CONTINUOUS","0.25","90","92","90","90","254","ZZ-HIDDEN-SO","0.25","90","92","90","90","254","CONTINUOUS","","","2491","2519","http://digitalbuildingdata.tech/nlcs/def/8cd7bb38-df04-4977-bd84-5b2841a62e73","http://digitalbuildingdata.tech/nlcs/def/de78c8f7-6b19-4e31-a390-9cf87c386538"
"HALFVERHARDING_GRASPLAAT","*","_","**","_","VH","_","HALFVERHARDING","_","GRASPLAAT","_","","_","","_","","_","","'-","","'-","G/S/A","'-","AVH-GRASPLAAT","SVH-GRASPLAAT","*_**_VH_HALFVERHARDING_GRASPLAAT","0.18","130","132","130","130","254","CONTINUOUS","0.35","130","132","130","130","254","CONTINUOUS","0.25","130","132","130","130","254","V-CONTINUOUS-SO","0.25","130","132","130","130","254","CONTINUOUS","","","2509","2511","http://digitalbuildingdata.tech/nlcs/def/d67b61b9-a4a4-48d6-af2d-6898a4830b26","http://digitalbuildingdata.tech/nlcs/def/4b000dbc-68df-40ed-9bf5-8c0d5496bac2"
"GESLOTENVERHARDING_BENTONIET","*","_","**","_","VH","_","GESLOTENVERHARDING","_","BENTONIET","_","","_","","_","","_","","'-","","'-","G/S/A","'-","AVH-BENTONIET","SVH-BENTONIET","*_**_VH_GESLOTENVERHARDING_BENTONIET","0.18","10","12","10","10","254","CONTINUOUS","0.35","10","12","10","10","254","CONTINUOUS","0.25","10","12","10","10","254","ZZ-HIDDEN-SO","0.25","10","12","10","10","254","CONTINUOUS","","","2482","3342","http://digitalbuildingdata.tech/nlcs/def/58dd10fc-99b8-4d65-a39e-2f565e171538","http://digitalbuildingdata.tech/nlcs/def/f62a624f-5d4e-40a8-a5f7-d93881ba648a"
"HALFVERHARDING_BESTORTING","*","_","**","_","VH","_","HALFVERHARDING","_","BESTORTING","_","","_","","_","","_","","'-","","'-","G/S/A","'-","AVH-BESTORTING","SVH-BESTORTING","*_**_VH_HALFVERHARDING_BESTORTING","0.18","130","132","130","130","254","CONTINUOUS","0.35","130","132","130","130","254","CONTINUOUS","0.25","130","132","130","130","254","V-CONTINUOUS-SO","0.25","130","132","130","130","254","CONTINUOUS","","","2483","2511","http://digitalbuildingdata.tech/nlcs/def/53674f1a-b87f-4dec-85ae-5eeefcf37975","http://digitalbuildingdata.tech/nlcs/def/4b000dbc-68df-40ed-9bf5-8c0d5496bac2"
"OPENVERHARDING_PLANKEN","*","_","**","_","VH","_","OPENVERHARDING","_","PLANKEN","_","","_","","_","","_","","'-","","'-","G/S/A","'-","AVH-PLANKEN","SVH-PLANKEN","*_**_VH_OPENVERHARDING_PLANKEN","0.18","90","92","90","90","254","CONTINUOUS","0.35","90","92","90","90","254","CONTINUOUS","0.25","90","92","90","90","254","ZZ-HIDDEN-SO","0.25","90","92","90","90","254","CONTINUOUS","","","2521","2519","http://digitalbuildingdata.tech/nlcs/def/b149a023-4554-44c0-ab20-8013d44f2e83","http://digitalbuildingdata.tech/nlcs/def/de78c8f7-6b19-4e31-a390-9cf87c386538"
"GESLOTENVERHARDING_METSELWERK","*","_","**","_","VH","_","GESLOTENVERHARDING","_","METSELWERK","_","","_","","_","","_","","'-","","'-","G/S/A","'-","AVH-METSELWERK","SVH-METSELWERK","*_**_VH_GESLOTENVERHARDING_METSELWERK","0.18","10","12","10","10","254","CONTINUOUS","0.35","10","12","10","10","254","CONTINUOUS","0.25","10","12","10","10","254","ZZ-HIDDEN-SO","0.25","10","12","10","10","254","CONTINUOUS","","","2517","3342","http://digitalbuildingdata.tech/nlcs/def/5d977746-adfe-4753-8e59-0fe0f9377f7b","http://digitalbuildingdata.tech/nlcs/def/f62a624f-5d4e-40a8-a5f7-d93881ba648a"
"OPENVERHARDING_COBBLESTONE","*","_","**","_","VH","_","OPENVERHARDING","_","COBBLESTONE","_","","_","","_","","_","","'-","","'-","G/S/A","'-","AVH-COBBLESTONE","SVH-COBBLESTONE","*_**_VH_OPENVERHARDING_COBBLESTONE","0.18","90","92","90","90","254","CONTINUOUS","0.35","90","92","90","90","254","CONTINUOUS","0.25","90","92","90","90","254","ZZ-HIDDEN-SO","0.25","90","92","90","90","254","CONTINUOUS","","","2490","2519","http://digitalbuildingdata.tech/nlcs/def/19786df9-5e37-4fe5-a191-a9ad18cd22cb","http://digitalbuildingdata.tech/nlcs/def/de78c8f7-6b19-4e31-a390-9cf87c386538"
"KANTOPSLUITING_SCHEIDINGSBAND_160X200","*","_","**","_","VH","_","KANTOPSLUITING","_","SCHEIDINGSBAND","_","160X200","_","","_","","_","","'-","","'-","G","'-","","","*_**_VH_KANTOPSLUITING_SCHEIDINGSBAND_160X200","0.18","190","192","190","190","253","VH-SCHEIDINGSBAND-SO","0.35","190","192","190","190","253","VH-SCHEIDINGSBAND-SO","0.25","190","192","190","190","253","V-VH-SCHEIDINGSBAND-SO","0.25","190","192","190","190","253","VH-SCHEIDINGSBAND-SO","","","2427","2422","http://digitalbuildingdata.tech/nlcs/def/c5bd0fc2-61a6-45ae-b7bd-2e5d3dcdf8a8","http://digitalbuildingdata.tech/nlcs/def/36b236dc-9433-4982-8175-595fc772ca4d"
"GESLOTENVERHARDING_BETON_SCHRAAL","*","_","**","_","VH","_","GESLOTENVERHARDING","_","BETON","_","SCHRAAL","_","","_","","_","","'-","","'-","G","'-","","","*_**_VH_GESLOTENVERHARDING_BETON_SCHRAAL","0.18","10","12","10","10","254","CONTINUOUS","0.35","10","12","10","10","254","CONTINUOUS","0.25","10","12","10","10","254","ZZ-HIDDEN-SO","0.25","10","12","10","10","254","CONTINUOUS","","","2487","2484","http://digitalbuildingdata.tech/nlcs/def/5f78224f-8e0a-411a-bbc3-0c912d71040c","http://digitalbuildingdata.tech/nlcs/def/4753bbb3-483d-483d-a3fa-e8d3f8eed16b"
"KANTOPSLUITING_OPSLUITBAND_60X200","*","_","**","_","VH","_","KANTOPSLUITING","_","OPSLUITBAND","_","60X200","_","","_","","_","","'-","","'-","G","'-","","","*_**_VH_KANTOPSLUITING_OPSLUITBAND_60X200","0.18","150","152","150","150","253","VH-OPSLUITBAND-SO","0.35","150","152","150","150","253","VH-OPSLUITBAND-SO","0.25","150","152","150","150","253","V-VH-OPSLUITBAND-SO","0.25","150","152","150","150","253","VH-OPSLUITBAND-SO","","","2399","2397","http://digitalbuildingdata.tech/nlcs/def/90971f76-66b5-4e5f-9d22-2f7fe818bda7","http://digitalbuildingdata.tech/nlcs/def/fb384bbc-bcc8-45cc-aef9-06f8d86b6fd0"
"GESLOTENVERHARDING_BETON_GEWAPEND","*","_","**","_","VH","_","GESLOTENVERHARDING","_","BETON","_","GEWAPEND","_","","_","","_","","'-","","'-","G","'-","","","*_**_VH_GESLOTENVERHARDING_BETON_GEWAPEND","0.18","10","12","10","10","254","CONTINUOUS","0.35","10","12","10","10","254","CONTINUOUS","0.25","10","12","10","10","254","ZZ-HIDDEN-SO","0.25","10","12","10","10","254","CONTINUOUS","","","2485","2484","http://digitalbuildingdata.tech/nlcs/def/9d19eaf4-fd4f-4270-8059-ea5abb826425","http://digitalbuildingdata.tech/nlcs/def/4753bbb3-483d-483d-a3fa-e8d3f8eed16b"
"GOOT_BETON_PREFAB","*","_","**","_","VH","_","GOOT","_","BETON","_","PREFAB","_","","_","","_","","'-","","'-","G","'-","","","*_**_VH_GOOT_BETON_PREFAB","0.18","170","172","170","170","253","CONTINUOUS","0.35","170","172","170","170","253","CONTINUOUS","0.25","170","172","170","170","253","V-CONTINUOUS-SO","0.25","170","172","170","170","253","CONTINUOUS","","","2352","2350","http://digitalbuildingdata.tech/nlcs/def/ab64a3e3-a633-4a16-bfe0-5940ddf3b6b5","http://digitalbuildingdata.tech/nlcs/def/b733b6b4-773d-4f65-9645-615cd0fc28e1"
"KANTOPSLUITING_RIJWIELPADBAND_410X250","*","_","**","_","VH","_","KANTOPSLUITING","_","RIJWIELPADBAND","_","410X250","_","","_","","_","","'-","","'-","G","'-","","","*_**_VH_KANTOPSLUITING_RIJWIELPADBAND_410X250","0.18","10","12","10","10","253","VH-RIJWIELPADBAND-SO","0.35","10","12","10","10","253","VH-RIJWIELPADBAND-SO","0.25","10","12","10","10","253","V-VH-RIJWIELPADBAND-SO","0.25","10","12","10","10","253","VH-RIJWIELPADBAND-SO","","","2418","2416","http://digitalbuildingdata.tech/nlcs/def/2fd4a641-e684-4835-8b08-a797ffa8c6df","http://digitalbuildingdata.tech/nlcs/def/e0526b10-bd33-4abe-bf9a-b6df28c83571"
"GESLOTENVERHARDING_ASFALT_DEKLAAG","*","_","**","_","VH","_","GESLOTENVERHARDING","_","ASFALT","_","DEKLAAG","_","","_","","_","","'-","","'-","G","'-","","","*_**_VH_GESLOTENVERHARDING_ASFALT_DEKLAAG","0.18","10","12","10","10","253","CONTINUOUS","0.35","10","12","10","10","253","CONTINUOUS","0.25","10","12","10","10","253","ZZ-HIDDEN-SO","0.25","10","12","10","10","253","CONTINUOUS","","","3014","2464","http://digitalbuildingdata.tech/nlcs/def/e3d65363-f207-402c-b453-26987b0a2be2","http://digitalbuildingdata.tech/nlcs/def/732a3652-299a-4442-8bc0-f2d2c144cade"
"GOOT_STRAATBAKSTEEN_VOORKANT","*","_","**","_","VH","_","GOOT","_","STRAATBAKSTEEN","_","VOORKANT","_","","_","","_","","'-","","'-","G","'-","","","*_**_VH_GOOT_STRAATBAKSTEEN_VOORKANT","0.18","170","172","170","170","253","CONTINUOUS","0.35","170","172","170","170","253","CONTINUOUS","0.25","170","172","170","170","253","V-CONTINUOUS-SO","0.25","170","172","170","170","253","CONTINUOUS","","","2358","2356","http://digitalbuildingdata.tech/nlcs/def/1428abb9-16e1-4b0d-b085-029207c6242a","http://digitalbuildingdata.tech/nlcs/def/011aadd8-5074-4700-96c6-eb6f9e21b6f7"
"SPECIAAL_SPORT_ATLETIEKBAAN","*","_","**","_","VH","_","SPECIAAL","_","SPORT","_","ATLETIEKBAAN","_","","_","","_","","'-","","'-","G","'-","","","*_**_VH_SPECIAAL_SPORT_ATLETIEKBAAN","0.18","90","92","90","90","254","CONTINUOUS","0.35","90","92","90","90","254","CONTINUOUS","0.25","90","92","90","90","254","V-CONTINUOUS-SO","0.25","90","92","90","90","254","CONTINUOUS","","","2527","2526","http://digitalbuildingdata.tech/nlcs/def/1b0da9c4-90c8-43d6-b9bb-32f6b69e02a6","http://digitalbuildingdata.tech/nlcs/def/636b0674-6570-4376-b975-dc53f9aee850"
"GESLOTENVERHARDING_ASFALT_ROOD","*","_","**","_","VH","_","GESLOTENVERHARDING","_","ASFALT","_","ROOD","_","","_","","_","","'-","","'-","G","'-","","","*_**_VH_GESLOTENVERHARDING_ASFALT_ROOD","0.18","10","12","10","10","253","CONTINUOUS","0.35","10","12","10","10","253","CONTINUOUS","0.25","10","12","10","10","253","ZZ-HIDDEN-SO","0.25","10","12","10","10","253","CONTINUOUS","","","2468","2464","http://digitalbuildingdata.tech/nlcs/def/bdb2e7a4-4b3b-4ae3-b680-00645086e0d6","http://digitalbuildingdata.tech/nlcs/def/732a3652-299a-4442-8bc0-f2d2c144cade"
"KANTOPSLUITING_ASFALTBAND_50X200X150","*","_","**","_","VH","_","KANTOPSLUITING","_","ASFALTBAND","_","50X200X150","_","","_","","_","","'-","","'-","G","'-","","","*_**_VH_KANTOPSLUITING_ASFALTBAND_50X200X150","0.18","240","242","240","240","253","VH-ASFALTBAND-SO","0.35","240","242","240","240","253","VH-ASFALTBAND-SO","0.25","240","242","240","240","253","V-VH-ASFALTBAND-SO","0.25","240","242","240","240","253","VH-ASFALTBAND-SO","","","4094","4092","http://digitalbuildingdata.tech/nlcs/def/2f780a8b-40d9-41a4-bb65-ae2c1cd04fed","http://digitalbuildingdata.tech/nlcs/def/d43c6136-7fc1-4ad3-8a41-19d46c8b64b4"
"KANTOPSLUITING_OPSLUITBAND_150X400","*","_","**","_","VH","_","KANTOPSLUITING","_","OPSLUITBAND","_","150X400","_","","_","","_","","'-","","'-","G","'-","","","*_**_VH_KANTOPSLUITING_OPSLUITBAND_150X400","0.18","150","152","150","150","253","VH-OPSLUITBAND-SO","0.35","150","152","150","150","253","VH-OPSLUITBAND-SO","0.25","150","152","150","150","253","V-VH-OPSLUITBAND-SO","0.25","150","152","150","150","253","VH-OPSLUITBAND-SO","","","2407","2397","http://digitalbuildingdata.tech/nlcs/def/a3ee7a75-36cc-4dd2-b593-994f10ae3836","http://digitalbuildingdata.tech/nlcs/def/fb384bbc-bcc8-45cc-aef9-06f8d86b6fd0"
"KANTOPSLUITING_PWSBAND_250X130","*","_","**","_","VH","_","KANTOPSLUITING","_","PWSBAND","_","250X130","_","","_","","_","","'-","","'-","G","'-","","","*_**_VH_KANTOPSLUITING_PWSBAND_250X130","0.18","120","122","120","120","253","VH-PWSBAND-SO","0.35","120","122","120","120","253","VH-PWSBAND-SO","0.25","120","122","120","120","253","VH-PWSBAND-SO","0.25","120","122","120","120","253","VH-PWSBAND-SO","","","2414","2413","http://digitalbuildingdata.tech/nlcs/def/a9f7e9bf-5eef-493c-bf30-590d0dbaf6a5","http://digitalbuildingdata.tech/nlcs/def/cc7d2428-9dfd-487e-9c80-428ecd06b365"
"FUNDERING_SLAKKEN_AVI","*","_","**","_","VH","_","FUNDERING","_","SLAKKEN","_","AVI","_","","_","","_","","'-","","'-","G","'-","","","*_**_VH_FUNDERING_SLAKKEN_AVI","0.18","7","252","7","7","254","CONTINUOUS","0.35","7","252","7","7","254","CONTINUOUS","0.25","7","252","7","7","254","V-CONTINUOUS-SO","0.25","7","252","7","7","254","CONTINUOUS","","","2501","2500","http://digitalbuildingdata.tech/nlcs/def/5c221572-c204-4078-b8ca-5b9acc410ca7","http://digitalbuildingdata.tech/nlcs/def/ee2f9eac-a48f-4211-8735-3bedce538a13"
"GESLOTENVERHARDING_ASFALT_GIETASFALT","*","_","**","_","VH","_","GESLOTENVERHARDING","_","ASFALT","_","GIETASFALT","_","","_","","_","","'-","","'-","G","'-","","","*_**_VH_GESLOTENVERHARDING_ASFALT_GIETASFALT","0.18","10","12","10","10","253","CONTINUOUS","0.35","10","12","10","10","253","CONTINUOUS","0.25","10","12","10","10","253","ZZ-HIDDEN-SO","0.25","10","12","10","10","253","CONTINUOUS","","","2466","2464","http://digitalbuildingdata.tech/nlcs/def/975625b8-5761-470d-8bd6-d7f83d212828","http://digitalbuildingdata.tech/nlcs/def/732a3652-299a-4442-8bc0-f2d2c144cade"
"GESLOTENVERHARDING_ASFALT_SLIJTLAAG","*","_","**","_","VH","_","GESLOTENVERHARDING","_","ASFALT","_","SLIJTLAAG","_","","_","","_","","'-","","'-","G","'-","","","*_**_VH_GESLOTENVERHARDING_ASFALT_SLIJTLAAG","0.18","10","12","10","10","253","CONTINUOUS","0.35","10","12","10","10","253","CONTINUOUS","0.25","10","12","10","10","253","ZZ-HIDDEN-SO","0.25","10","12","10","10","253","CONTINUOUS","","","2942","2464","http://digitalbuildingdata.tech/nlcs/def/bb1c0ae9-2015-410a-bb68-22c7236decbb","http://digitalbuildingdata.tech/nlcs/def/732a3652-299a-4442-8bc0-f2d2c144cade"
"KANTOPSLUITING_GELEIDEBAND_70X200","*","_","**","_","VH","_","KANTOPSLUITING","_","GELEIDEBAND","_","70X200","_","","_","","_","","'-","","'-","G","'-","","","*_**_VH_KANTOPSLUITING_GELEIDEBAND_70X200","0.18","20","22","20","20","253","VH-GELEIDEBAND-SO","0.35","20","22","20","20","253","VH-GELEIDEBAND-SO","0.25","20","22","20","20","253","V-VH-GELEIDEBAND-SO","0.25","20","22","20","20","253","VH-GELEIDEBAND-SO","","","2391","2386","http://digitalbuildingdata.tech/nlcs/def/4b9035a0-b674-46bf-8924-9e979acfc36e","http://digitalbuildingdata.tech/nlcs/def/76f85557-f1e3-4ce5-a650-07bc9d5b05a8"
"KANTOPSLUITING_ELEMENT_PUNTSTUK","*","_","**","_","VH","_","KANTOPSLUITING","_","ELEMENT","_","PUNTSTUK","_","","_","","_","","'-","","'-","G","'-","","","*_**_VH_KANTOPSLUITING_ELEMENT_PUNTSTUK","0.18","40","42","40","40","253","CONTINUOUS","0.35","40","42","40","40","253","CONTINUOUS","0.25","40","42","40","40","253","V-CONTINUOUS-SO","0.25","40","42","40","40","253","CONTINUOUS","","","2375","2366","http://digitalbuildingdata.tech/nlcs/def/333aa12d-4cff-460c-9926-8a645d6bd908","http://digitalbuildingdata.tech/nlcs/def/f0f8aea3-cb50-4a48-927d-82a4c7635b6a"
"KANTOPSLUITING_TROTTOIRBAND_180X200","*","_","**","_","VH","_","KANTOPSLUITING","_","TROTTOIRBAND","_","180X200","_","","_","","_","","'-","","'-","G","'-","","","*_**_VH_KANTOPSLUITING_TROTTOIRBAND_180X200","0.18","210","212","210","210","253","VH-TROTTOIRBAND-SO","0.35","210","212","210","210","253","VH-TROTTOIRBAND-SO","0.25","210","212","210","210","253","V-VH-TROTTOIRBAND-SO","0.25","210","212","210","210","253","VH-TROTTOIRBAND-SO","","","2443","2439","http://digitalbuildingdata.tech/nlcs/def/5cea3339-fbba-4bad-b5c2-5ed32a1d8e36","http://digitalbuildingdata.tech/nlcs/def/71f1d393-0573-4b39-bc7d-bca6ee283d76"
"KANTOPSLUITING_SIGNALERINGSBAND_LED","*","_","**","_","VH","_","KANTOPSLUITING","_","SIGNALERINGSBAND","_","LED","_","","_","","_","","'-","","'-","G","'-","","","*_**_VH_KANTOPSLUITING_SIGNALERINGSBAND_LED","0.18","210","212","210","210","253","VH-SIGNALERINGSBAND-SO","0.35","210","212","210","210","253","VH-SIGNALERINGSBAND-SO","0.25","210","212","210","210","253","V-VH-SIGNALERINGSBAND-SO","0.25","210","212","210","210","253","VH-SIGNALERINGSBAND-SO","","","2434","2433","http://digitalbuildingdata.tech/nlcs/def/e5caaa12-a4fc-47ef-ad90-b77df65e0581","http://digitalbuildingdata.tech/nlcs/def/d74cb816-969a-4789-b483-6b98893072b2"
"GOOT_BSS_ACHTERKANT","*","_","**","_","VH","_","GOOT","_","BSS","_","ACHTERKANT","_","","_","","_","","'-","","'-","G","'-","","","*_**_VH_GOOT_BSS_ACHTERKANT","0.18","170","172","170","170","253","CONTINUOUS","0.35","170","172","170","170","253","CONTINUOUS","0.25","170","172","170","170","253","V-CONTINUOUS-SO","0.25","170","172","170","170","253","CONTINUOUS","","","2354","2353","http://digitalbuildingdata.tech/nlcs/def/a48b9613-33f9-40b7-8a0d-a4666e4e0644","http://digitalbuildingdata.tech/nlcs/def/f6d66d2e-6591-4fd9-8360-153ac214f9a1"
"KANTOPSLUITING_ELEMENT_PERRONBAND","*","_","**","_","VH","_","KANTOPSLUITING","_","ELEMENT","_","PERRONBAND","_","","_","","_","","'-","","'-","G","'-","","","*_**_VH_KANTOPSLUITING_ELEMENT_PERRONBAND","0.18","40","42","40","40","253","CONTINUOUS","0.35","40","42","40","40","253","CONTINUOUS","0.25","40","42","40","40","253","V-CONTINUOUS-SO","0.25","40","42","40","40","253","CONTINUOUS","","","2374","2366","http://digitalbuildingdata.tech/nlcs/def/62c1844f-8536-4831-b8ed-e623b1294cee","http://digitalbuildingdata.tech/nlcs/def/f0f8aea3-cb50-4a48-927d-82a4c7635b6a"
"KANTOPSLUITING_GAZONBAND_120X200","*","_","**","_","VH","_","KANTOPSLUITING","_","GAZONBAND","_","120X200","_","","_","","_","","'-","","'-","G","'-","","","*_**_VH_KANTOPSLUITING_GAZONBAND_120X200","0.18","90","92","90","90","253","VH-GAZONBAND-SO","0.35","90","92","90","90","253","VH-GAZONBAND-SO","0.25","90","92","90","90","253","V-VH-GAZONBAND-SO","0.25","90","92","90","90","253","VH-GAZONBAND-SO","","","2382","2377","http://digitalbuildingdata.tech/nlcs/def/72c4634c-719c-4cad-b4ff-d0997aec5d85","http://digitalbuildingdata.tech/nlcs/def/62dc28b8-5927-43c5-acf7-0029168b5b13"
"KANTOPSLUITING_PLATEAUBAND_60X120","*","_","**","_","VH","_","KANTOPSLUITING","_","PLATEAUBAND","_","60X120","_","","_","","_","","'-","","'-","G","'-","","","*_**_VH_KANTOPSLUITING_PLATEAUBAND_60X120","0.18","30","32","30","30","253","VH-PLATEAUBAND-SO","0.35","30","32","30","30","253","VH-PLATEAUBAND-SO","0.25","30","32","30","30","253","V-VH-PLATEAUBAND-SO","0.25","30","32","30","30","253","VH-PLATEAUBAND-SO","","","2411","2410","http://digitalbuildingdata.tech/nlcs/def/ad8d76c6-ec56-4dcc-8a11-0db18383572c","http://digitalbuildingdata.tech/nlcs/def/ff273fe8-c0cf-49dc-bf2e-62976530d32f"
"FUNDERING_SLAKKEN_HOOGOVEN","*","_","**","_","VH","_","FUNDERING","_","SLAKKEN","_","HOOGOVEN","_","","_","","_","","'-","","'-","G","'-","","","*_**_VH_FUNDERING_SLAKKEN_HOOGOVEN","0.18","7","252","7","7","254","CONTINUOUS","0.35","7","252","7","7","254","CONTINUOUS","0.25","7","252","7","7","254","V-CONTINUOUS-SO","0.25","7","252","7","7","254","CONTINUOUS","","","2502","2500","http://digitalbuildingdata.tech/nlcs/def/aacf0e08-edde-4f67-b542-48fc95dfbcab","http://digitalbuildingdata.tech/nlcs/def/ee2f9eac-a48f-4211-8735-3bedce538a13"
"KANTOPSLUITING_TROTTOIRBAND_130X150","*","_","**","_","VH","_","KANTOPSLUITING","_","TROTTOIRBAND","_","130X150","_","","_","","_","","'-","","'-","G","'-","","","*_**_VH_KANTOPSLUITING_TROTTOIRBAND_130X150","0.18","210","212","210","210","253","VH-TROTTOIRBAND-SO","0.35","210","212","210","210","253","VH-TROTTOIRBAND-SO","0.25","210","212","210","210","253","V-VH-TROTTOIRBAND-SO","0.25","210","212","210","210","253","VH-TROTTOIRBAND-SO","","","2440","2439","http://digitalbuildingdata.tech/nlcs/def/f22dbe1f-ada1-4bc0-9c73-fa3002e235ef","http://digitalbuildingdata.tech/nlcs/def/71f1d393-0573-4b39-bc7d-bca6ee283d76"
"GESLOTENVERHARDING_ASFALT_ONDERLAAG","*","_","**","_","VH","_","GESLOTENVERHARDING","_","ASFALT","_","ONDERLAAG","_","","_","","_","","'-","","'-","G","'-","","","*_**_VH_GESLOTENVERHARDING_ASFALT_ONDERLAAG","0.18","10","12","10","10","253","CONTINUOUS","0.35","10","12","10","10","253","CONTINUOUS","0.25","10","12","10","10","253","ZZ-HIDDEN-SO","0.25","10","12","10","10","253","CONTINUOUS","","","3011","2464","http://digitalbuildingdata.tech/nlcs/def/2f5f6577-7b2d-4da7-b980-44151b29b7d1","http://digitalbuildingdata.tech/nlcs/def/732a3652-299a-4442-8bc0-f2d2c144cade"
"KANTOPSLUITING_GELEIDEBAND_60X120","*","_","**","_","VH","_","KANTOPSLUITING","_","GELEIDEBAND","_","60X120","_","","_","","_","","'-","","'-","G","'-","","","*_**_VH_KANTOPSLUITING_GELEIDEBAND_60X120","0.18","20","22","20","20","253","VH-GELEIDEBAND-SO","0.35","20","22","20","20","253","VH-GELEIDEBAND-SO","0.25","20","22","20","20","253","V-VH-GELEIDEBAND-SO","0.25","20","22","20","20","253","VH-GELEIDEBAND-SO","","","2389","2386","http://digitalbuildingdata.tech/nlcs/def/03b82418-f4ad-4b3c-a9f3-008577f5f060","http://digitalbuildingdata.tech/nlcs/def/76f85557-f1e3-4ce5-a650-07bc9d5b05a8"
"GOOT_BSS_VOORKANT","*","_","**","_","VH","_","GOOT","_","BSS","_","VOORKANT","_","","_","","_","","'-","","'-","G","'-","","","*_**_VH_GOOT_BSS_VOORKANT","0.18","170","172","170","170","253","CONTINUOUS","0.35","170","172","170","170","253","CONTINUOUS","0.25","170","172","170","170","253","V-CONTINUOUS-SO","0.25","170","172","170","170","253","CONTINUOUS","","","2355","2353","http://digitalbuildingdata.tech/nlcs/def/f7644952-80d2-4953-900f-01e4387c2ee6","http://digitalbuildingdata.tech/nlcs/def/f6d66d2e-6591-4fd9-8360-153ac214f9a1"
"KANTOPSLUITING_SCHEIDINGSBAND_470X500","*","_","**","_","VH","_","KANTOPSLUITING","_","SCHEIDINGSBAND","_","470X500","_","","_","","_","","'-","","'-","G","'-","","","*_**_VH_KANTOPSLUITING_SCHEIDINGSBAND_470X500","0.18","190","192","190","190","253","VH-SCHEIDINGSBAND-SO","0.35","190","192","190","190","253","VH-SCHEIDINGSBAND-SO","0.25","190","192","190","190","253","V-VH-SCHEIDINGSBAND-SO","0.25","190","192","190","190","253","VH-SCHEIDINGSBAND-SO","","","2431","2422","http://digitalbuildingdata.tech/nlcs/def/03d9d400-be73-4374-9ed2-9ea7a8186044","http://digitalbuildingdata.tech/nlcs/def/36b236dc-9433-4982-8175-595fc772ca4d"
"KANTOPSLUITING_GAZONBAND_100X200","*","_","**","_","VH","_","KANTOPSLUITING","_","GAZONBAND","_","100X200","_","","_","","_","","'-","","'-","G","'-","","","*_**_VH_KANTOPSLUITING_GAZONBAND_100X200","0.18","90","92","90","90","253","VH-GAZONBAND-SO","0.35","90","92","90","90","253","VH-GAZONBAND-SO","0.25","90","92","90","90","253","V-VH-GAZONBAND-SO","0.25","90","92","90","90","253","VH-GAZONBAND-SO","","","2380","2377","http://digitalbuildingdata.tech/nlcs/def/a050533e-014d-41ce-b94d-13d4e6870bfe","http://digitalbuildingdata.tech/nlcs/def/62dc28b8-5927-43c5-acf7-0029168b5b13"
"KANTOPSLUITING_GELEIDEBAND_80X160","*","_","**","_","VH","_","KANTOPSLUITING","_","GELEIDEBAND","_","80X160","_","","_","","_","","'-","","'-","G","'-","","","*_**_VH_KANTOPSLUITING_GELEIDEBAND_80X160","0.18","20","22","20","20","253","VH-GELEIDEBAND-SO","0.35","20","22","20","20","253","VH-GELEIDEBAND-SO","0.25","20","22","20","20","253","V-VH-GELEIDEBAND-SO","0.25","20","22","20","20","253","VH-GELEIDEBAND-SO","","","2392","2386","http://digitalbuildingdata.tech/nlcs/def/daeda6f6-d1ac-4053-884a-6d6df935ff93","http://digitalbuildingdata.tech/nlcs/def/76f85557-f1e3-4ce5-a650-07bc9d5b05a8"
"OPENVERHARDING_TEGEL_ZINLOOS GEWELD TEGEL","*","_","**","_","VH","_","OPENVERHARDING","_","TEGEL","_","ZINLOOS GEWELD TEGEL","_","","_","","_","","'-","","'-","G","'-","","","*_**_VH_OPENVERHARDING_TEGEL_ZINLOOS GEWELD TEGEL","0.18","7","252","7","7","254","CONTINUOUS","0.35","7","252","7","7","254","CONTINUOUS","0.25","7","252","7","7","254","ZZ-HIDDEN-SO","0.25","7","252","7","7","254","CONTINUOUS","","","3107","2531","http://digitalbuildingdata.tech/nlcs/def/5e387d9e-60af-4acf-8867-e8c707ac53a7","http://digitalbuildingdata.tech/nlcs/def/7d441944-02a8-4eb3-b411-b69b675ed931"
"KANTOPSLUITING_OPSLUITBAND_150X300","*","_","**","_","VH","_","KANTOPSLUITING","_","OPSLUITBAND","_","150X300","_","","_","","_","","'-","","'-","G","'-","","","*_**_VH_KANTOPSLUITING_OPSLUITBAND_150X300","0.18","150","152","150","150","253","VH-OPSLUITBAND-SO","0.35","150","152","150","150","253","VH-OPSLUITBAND-SO","0.25","150","152","150","150","253","V-VH-OPSLUITBAND-SO","0.25","150","152","150","150","253","VH-OPSLUITBAND-SO","","","2406","2397","http://digitalbuildingdata.tech/nlcs/def/f4aa496e-f035-4209-9c08-a5502827f658","http://digitalbuildingdata.tech/nlcs/def/fb384bbc-bcc8-45cc-aef9-06f8d86b6fd0"
"KANTVERHARDING_TEGEL_HALF","*","_","**","_","VH","_","KANTVERHARDING","_","TEGEL","_","HALF","_","","_","","_","","'-","","'-","G","'-","","","*_**_VH_KANTVERHARDING_TEGEL_HALF","0.18","60","62","60","60","253","CONTINUOUS","0.35","60","62","60","60","253","CONTINUOUS","0.25","60","62","60","60","253","ZZ-HIDDEN-SO","0.25","60","62","60","60","253","CONTINUOUS","","","2459","2457","http://digitalbuildingdata.tech/nlcs/def/3f3f729e-45cb-4f1c-a853-944fcdf58f52","http://digitalbuildingdata.tech/nlcs/def/cdf28357-6bd3-4c4a-ae30-2266f79acd38"
"KANTOPSLUITING_OPSLUITBAND_120X250","*","_","**","_","VH","_","KANTOPSLUITING","_","OPSLUITBAND","_","120X250","_","","_","","_","","'-","","'-","G","'-","","","*_**_VH_KANTOPSLUITING_OPSLUITBAND_120X250","0.18","150","152","150","150","253","VH-OPSLUITBAND-SO","0.35","150","152","150","150","253","VH-OPSLUITBAND-SO","0.25","150","152","150","150","253","V-VH-OPSLUITBAND-SO","0.25","150","152","150","150","253","VH-OPSLUITBAND-SO","","","2404","2397","http://digitalbuildingdata.tech/nlcs/def/d0c25d92-f436-4d84-adf0-0cbb2e5988ff","http://digitalbuildingdata.tech/nlcs/def/fb384bbc-bcc8-45cc-aef9-06f8d86b6fd0"
"KANTOPSLUITING_ASFALTBAND_50X200X250","*","_","**","_","VH","_","KANTOPSLUITING","_","ASFALTBAND","_","50X200X250","_","","_","","_","","'-","","'-","G","'-","","","*_**_VH_KANTOPSLUITING_ASFALTBAND_50X200X250","0.18","240","242","240","240","253","VH-ASFALTBAND-SO","0.35","240","242","240","240","253","VH-ASFALTBAND-SO","0.25","240","242","240","240","253","V-VH-ASFALTBAND-SO","0.25","240","242","240","240","253","VH-ASFALTBAND-SO","","","4096","4092","http://digitalbuildingdata.tech/nlcs/def/f0b5b485-c53b-4fd9-927a-191563d51213","http://digitalbuildingdata.tech/nlcs/def/d43c6136-7fc1-4ad3-8a41-19d46c8b64b4"
"KANTOPSLUITING_SCHEIDINGSBAND_220X440","*","_","**","_","VH","_","KANTOPSLUITING","_","SCHEIDINGSBAND","_","220X440","_","","_","","_","","'-","","'-","G","'-","","","*_**_VH_KANTOPSLUITING_SCHEIDINGSBAND_220X440","0.18","190","192","190","190","253","VH-SCHEIDINGSBAND-SO","0.35","190","192","190","190","253","VH-SCHEIDINGSBAND-SO","0.25","190","192","190","190","253","V-VH-SCHEIDINGSBAND-SO","0.25","190","192","190","190","253","VH-SCHEIDINGSBAND-SO","","","2429","2422","http://digitalbuildingdata.tech/nlcs/def/1a64eff2-54e3-4826-a407-45419ea9e43c","http://digitalbuildingdata.tech/nlcs/def/36b236dc-9433-4982-8175-595fc772ca4d"
"KANTOPSLUITING_GELEIDEBAND_50X200","*","_","**","_","VH","_","KANTOPSLUITING","_","GELEIDEBAND","_","50X200","_","","_","","_","","'-","","'-","G","'-","","","*_**_VH_KANTOPSLUITING_GELEIDEBAND_50X200","0.18","20","22","20","20","253","VH-GELEIDEBAND-SO","0.35","20","22","20","20","253","VH-GELEIDEBAND-SO","0.25","20","22","20","20","253","V-VH-GELEIDEBAND-SO","0.25","20","22","20","20","253","VH-GELEIDEBAND-SO","","","2388","2386","http://digitalbuildingdata.tech/nlcs/def/82c95a16-2641-49b1-be68-f5e1ccef2eab","http://digitalbuildingdata.tech/nlcs/def/76f85557-f1e3-4ce5-a650-07bc9d5b05a8"
"GESLOTENVERHARDING_BETON_ONGEWAPEND","*","_","**","_","VH","_","GESLOTENVERHARDING","_","BETON","_","ONGEWAPEND","_","","_","","_","","'-","","'-","G","'-","","","*_**_VH_GESLOTENVERHARDING_BETON_ONGEWAPEND","0.18","10","12","10","10","254","CONTINUOUS","0.35","10","12","10","10","254","CONTINUOUS","0.25","10","12","10","10","254","ZZ-HIDDEN-SO","0.25","10","12","10","10","254","CONTINUOUS","","","2486","2484","http://digitalbuildingdata.tech/nlcs/def/bc5fc1f8-24f6-4073-baf2-9f3ec93c163c","http://digitalbuildingdata.tech/nlcs/def/4753bbb3-483d-483d-a3fa-e8d3f8eed16b"
"KANTOPSLUITING_OPSLUITBAND_100X200","*","_","**","_","VH","_","KANTOPSLUITING","_","OPSLUITBAND","_","100X200","_","","_","","_","","'-","","'-","G","'-","","","*_**_VH_KANTOPSLUITING_OPSLUITBAND_100X200","0.18","150","152","150","150","253","VH-OPSLUITBAND-SO","0.35","150","152","150","150","253","VH-OPSLUITBAND-SO","0.25","150","152","150","150","253","V-VH-OPSLUITBAND-SO","0.25","150","152","150","150","253","VH-OPSLUITBAND-SO","","","2401","2397","http://digitalbuildingdata.tech/nlcs/def/2a5e42b9-b493-4aff-bdef-06055010053e","http://digitalbuildingdata.tech/nlcs/def/fb384bbc-bcc8-45cc-aef9-06f8d86b6fd0"
"KANTOPSLUITING_TROTTOIRBAND_280X300","*","_","**","_","VH","_","KANTOPSLUITING","_","TROTTOIRBAND","_","280X300","_","","_","","_","","'-","","'-","G","'-","","","*_**_VH_KANTOPSLUITING_TROTTOIRBAND_280X300","0.18","210","212","210","210","253","VH-TROTTOIRBAND-SO","0.35","210","212","210","210","253","VH-TROTTOIRBAND-SO","0.25","210","212","210","210","253","V-VH-TROTTOIRBAND-SO","0.25","210","212","210","210","253","VH-TROTTOIRBAND-SO","","","2447","2439","http://digitalbuildingdata.tech/nlcs/def/5755be39-799c-4823-a022-ae2424239d09","http://digitalbuildingdata.tech/nlcs/def/71f1d393-0573-4b39-bc7d-bca6ee283d76"
"GESLOTENVERHARDING_ASFALT_COATING","*","_","**","_","VH","_","GESLOTENVERHARDING","_","ASFALT","_","COATING","_","","_","","_","","'-","","'-","G","'-","","","*_**_VH_GESLOTENVERHARDING_ASFALT_COATING","0.18","10","12","10","10","253","CONTINUOUS","0.35","10","12","10","10","253","CONTINUOUS","0.25","10","12","10","10","253","ZZ-HIDDEN-SO","0.25","10","12","10","10","253","CONTINUOUS","","","2941","2464","http://digitalbuildingdata.tech/nlcs/def/93dac544-3093-4602-8f27-37e6dd735e45","http://digitalbuildingdata.tech/nlcs/def/732a3652-299a-4442-8bc0-f2d2c144cade"
"KANTOPSLUITING_SCHEIDINGSBAND_360X400","*","_","**","_","VH","_","KANTOPSLUITING","_","SCHEIDINGSBAND","_","360X400","_","","_","","_","","'-","","'-","G","'-","","","*_**_VH_KANTOPSLUITING_SCHEIDINGSBAND_360X400","0.18","190","192","190","190","253","VH-SCHEIDINGSBAND-SO","0.35","190","192","190","190","253","VH-SCHEIDINGSBAND-SO","0.25","190","192","190","190","253","V-VH-SCHEIDINGSBAND-SO","0.25","190","192","190","190","253","VH-SCHEIDINGSBAND-SO","","","2430","2422","http://digitalbuildingdata.tech/nlcs/def/f8790cae-c62d-4280-975c-db1fb4915c75","http://digitalbuildingdata.tech/nlcs/def/36b236dc-9433-4982-8175-595fc772ca4d"
"KANTOPSLUITING_SCHEIDINGSBAND_120X350","*","_","**","_","VH","_","KANTOPSLUITING","_","SCHEIDINGSBAND","_","120X350","_","","_","","_","","'-","","'-","G","'-","","","*_**_VH_KANTOPSLUITING_SCHEIDINGSBAND_120X350","0.18","190","192","190","190","253","VH-SCHEIDINGSBAND-SO","0.35","190","192","190","190","253","VH-SCHEIDINGSBAND-SO","0.25","190","192","190","190","253","V-VH-SCHEIDINGSBAND-SO","0.25","190","192","190","190","253","VH-SCHEIDINGSBAND-SO","","","2425","2422","http://digitalbuildingdata.tech/nlcs/def/2aabe984-1508-40c7-96e9-129702cf27e2","http://digitalbuildingdata.tech/nlcs/def/36b236dc-9433-4982-8175-595fc772ca4d"
"GESLOTENVERHARDING_ASFALT_TUSSENLAAG","*","_","**","_","VH","_","GESLOTENVERHARDING","_","ASFALT","_","TUSSENLAAG","_","","_","","_","","'-","","'-","G","'-","","","*_**_VH_GESLOTENVERHARDING_ASFALT_TUSSENLAAG","0.18","10","12","10","10","253","CONTINUOUS","0.35","10","12","10","10","253","CONTINUOUS","0.25","10","12","10","10","253","ZZ-HIDDEN-SO","0.25","10","12","10","10","253","CONTINUOUS","","","3015","2464","http://digitalbuildingdata.tech/nlcs/def/c0aadd76-7659-4891-81c2-d044f03c019b","http://digitalbuildingdata.tech/nlcs/def/732a3652-299a-4442-8bc0-f2d2c144cade"
"KANTOPSLUITING_OPSLUITBAND_150X250","*","_","**","_","VH","_","KANTOPSLUITING","_","OPSLUITBAND","_","150X250","_","","_","","_","","'-","","'-","G","'-","","","*_**_VH_KANTOPSLUITING_OPSLUITBAND_150X250","0.18","150","152","150","150","253","VH-OPSLUITBAND-SO","0.35","150","152","150","150","253","VH-OPSLUITBAND-SO","0.25","150","152","150","150","253","V-VH-OPSLUITBAND-SO","0.25","150","152","150","150","253","VH-OPSLUITBAND-SO","","","2405","2397","http://digitalbuildingdata.tech/nlcs/def/3432f856-4149-4cf1-9f4c-9840b8ccf02e","http://digitalbuildingdata.tech/nlcs/def/fb384bbc-bcc8-45cc-aef9-06f8d86b6fd0"
"BEDRIJFSVLOERPLAAT_STAAL_RIJPLAAT","*","_","**","_","VH","_","BEDRIJFSVLOERPLAAT","_","STAAL","_","RIJPLAAT","_","","_","","_","","'-","","'-","G","'-","","","*_**_VH_BEDRIJFSVLOERPLAAT_STAAL_RIJPLAAT","0.18","170","172","170","170","254","CONTINUOUS","0.35","170","172","170","170","254","CONTINUOUS","0.25","170","172","170","170","254","ZZ-HIDDEN-SO","0.25","170","172","170","170","254","CONTINUOUS","","","2480","2479","http://digitalbuildingdata.tech/nlcs/def/fa5b7604-51be-45b2-98f9-fdf8da42168c","http://digitalbuildingdata.tech/nlcs/def/f85e87f1-a50b-420c-9083-bb39e10d2ed4"
"FUNDERING_GRANULAAT_MENG","*","_","**","_","VH","_","FUNDERING","_","GRANULAAT","_","MENG","_","","_","","_","","'-","","'-","G","'-","","","*_**_VH_FUNDERING_GRANULAAT_MENG","0.18","7","252","7","7","254","CONTINUOUS","0.35","7","252","7","7","254","CONTINUOUS","0.25","7","252","7","7","254","V-CONTINUOUS-SO","0.25","7","252","7","7","254","CONTINUOUS","","","2497","2495","http://digitalbuildingdata.tech/nlcs/def/bf482544-ee0a-488d-b6ad-0b42b0e4e884","http://digitalbuildingdata.tech/nlcs/def/b145b992-15ce-4333-8066-b825dae7da36"
"BEDRIJFSVLOERPLAAT_BETON_INDUSTRIE","*","_","**","_","VH","_","BEDRIJFSVLOERPLAAT","_","BETON","_","INDUSTRIE","_","","_","","_","","'-","","'-","G","'-","","","*_**_VH_BEDRIJFSVLOERPLAAT_BETON_INDUSTRIE","0.18","170","172","170","170","254","CONTINUOUS","0.35","170","172","170","170","254","CONTINUOUS","0.25","170","172","170","170","254","ZZ-HIDDEN-SO","0.25","170","172","170","170","254","CONTINUOUS","","","2476","2475","http://digitalbuildingdata.tech/nlcs/def/352160b5-e374-44ac-beb4-fcb9ce137bf8","http://digitalbuildingdata.tech/nlcs/def/71ae7206-1109-4def-a3ae-bcd44a6c61c2"
"KANTOPSLUITING_GAZONBAND_80X200","*","_","**","_","VH","_","KANTOPSLUITING","_","GAZONBAND","_","80X200","_","","_","","_","","'-","","'-","G","'-","","","*_**_VH_KANTOPSLUITING_GAZONBAND_80X200","0.18","90","92","90","90","253","VH-GAZONBAND-SO","0.35","90","92","90","90","253","VH-GAZONBAND-SO","0.25","90","92","90","90","253","V-VH-GAZONBAND-SO","0.25","90","92","90","90","253","VH-GAZONBAND-SO","","","2379","2377","http://digitalbuildingdata.tech/nlcs/def/89314b30-e6ad-4a27-bd3f-897ad3e06429","http://digitalbuildingdata.tech/nlcs/def/62dc28b8-5927-43c5-acf7-0029168b5b13"
"GESLOTENVERHARDING_ASFALT_WIT","*","_","**","_","VH","_","GESLOTENVERHARDING","_","ASFALT","_","WIT","_","","_","","_","","'-","","'-","G","'-","","","*_**_VH_GESLOTENVERHARDING_ASFALT_WIT","0.18","10","12","10","10","253","CONTINUOUS","0.35","10","12","10","10","253","CONTINUOUS","0.25","10","12","10","10","253","ZZ-HIDDEN-SO","0.25","10","12","10","10","253","CONTINUOUS","","","2469","2464","http://digitalbuildingdata.tech/nlcs/def/d0680d47-c5f6-41aa-ae94-3dfc2727fcc3","http://digitalbuildingdata.tech/nlcs/def/732a3652-299a-4442-8bc0-f2d2c144cade"
"KANTOPSLUITING_RIJWIELPADBAND_380X200","*","_","**","_","VH","_","KANTOPSLUITING","_","RIJWIELPADBAND","_","380X200","_","","_","","_","","'-","","'-","G","'-","","","*_**_VH_KANTOPSLUITING_RIJWIELPADBAND_380X200","0.18","10","12","10","10","253","VH-RIJWIELPADBAND-SO","0.35","10","12","10","10","253","VH-RIJWIELPADBAND-SO","0.25","10","12","10","10","253","V-VH-RIJWIELPADBAND-SO","0.25","10","12","10","10","253","VH-RIJWIELPADBAND-SO","","","2417","2416","http://digitalbuildingdata.tech/nlcs/def/997febfe-4249-404f-96aa-cc8be46a508b","http://digitalbuildingdata.tech/nlcs/def/e0526b10-bd33-4abe-bf9a-b6df28c83571"
"GESLOTENVERHARDING_ASFALT_FUNDERING","*","_","**","_","VH","_","GESLOTENVERHARDING","_","ASFALT","_","FUNDERING","_","","_","","_","","'-","","'-","G","'-","","","*_**_VH_GESLOTENVERHARDING_ASFALT_FUNDERING","0.18","10","12","10","10","253","CONTINUOUS","0.35","10","12","10","10","253","CONTINUOUS","0.25","10","12","10","10","253","ZZ-HIDDEN-SO","0.25","10","12","10","10","253","CONTINUOUS","","","3010","2464","http://digitalbuildingdata.tech/nlcs/def/bc4fc648-02df-4d73-9b4d-039587ad1450","http://digitalbuildingdata.tech/nlcs/def/732a3652-299a-4442-8bc0-f2d2c144cade"
"KANTOPSLUITING_OPSLUITBAND_100X300","*","_","**","_","VH","_","KANTOPSLUITING","_","OPSLUITBAND","_","100X300","_","","_","","_","","'-","","'-","G","'-","","","*_**_VH_KANTOPSLUITING_OPSLUITBAND_100X300","0.18","150","152","150","150","253","VH-OPSLUITBAND-SO","0.35","150","152","150","150","253","VH-OPSLUITBAND-SO","0.25","150","152","150","150","253","V-VH-OPSLUITBAND-SO","0.25","150","152","150","150","253","VH-OPSLUITBAND-SO","","","2402","2397","http://digitalbuildingdata.tech/nlcs/def/074420f4-e875-4aab-b86a-bfd5aabc3349","http://digitalbuildingdata.tech/nlcs/def/fb384bbc-bcc8-45cc-aef9-06f8d86b6fd0"
"FUNDERING_GRANULAAT_BETON","*","_","**","_","VH","_","FUNDERING","_","GRANULAAT","_","BETON","_","","_","","_","","'-","","'-","G","'-","","","*_**_VH_FUNDERING_GRANULAAT_BETON","0.18","7","252","7","7","254","CONTINUOUS","0.35","7","252","7","7","254","CONTINUOUS","0.25","7","252","7","7","254","V-CONTINUOUS-SO","0.25","7","252","7","7","254","CONTINUOUS","","","2496","2495","http://digitalbuildingdata.tech/nlcs/def/cfba6666-b9fb-45ef-8107-833732cd50cb","http://digitalbuildingdata.tech/nlcs/def/b145b992-15ce-4333-8066-b825dae7da36"
"KANTOPSLUITING_SCHEIDINGSBAND_100X300","*","_","**","_","VH","_","KANTOPSLUITING","_","SCHEIDINGSBAND","_","100X300","_","","_","","_","","'-","","'-","G","'-","","","*_**_VH_KANTOPSLUITING_SCHEIDINGSBAND_100X300","0.18","190","192","190","190","253","VH-SCHEIDINGSBAND-SO","0.35","190","192","190","190","253","VH-SCHEIDINGSBAND-SO","0.25","190","192","190","190","253","V-VH-SCHEIDINGSBAND-SO","0.25","190","192","190","190","253","VH-SCHEIDINGSBAND-SO","","","2423","2422","http://digitalbuildingdata.tech/nlcs/def/1135bb52-0cfd-4d98-b652-686d1aea4967","http://digitalbuildingdata.tech/nlcs/def/36b236dc-9433-4982-8175-595fc772ca4d"
"KANTOPSLUITING_OPSLUITBAND_100X400","*","_","**","_","VH","_","KANTOPSLUITING","_","OPSLUITBAND","_","100X400","_","","_","","_","","'-","","'-","G","'-","","","*_**_VH_KANTOPSLUITING_OPSLUITBAND_100X400","0.18","150","152","150","150","253","VH-OPSLUITBAND-SO","0.35","150","152","150","150","253","VH-OPSLUITBAND-SO","0.25","150","152","150","150","253","V-VH-OPSLUITBAND-SO","0.25","150","152","150","150","253","VH-OPSLUITBAND-SO","","","2403","2397","http://digitalbuildingdata.tech/nlcs/def/2cb5b037-1910-42b7-a6a3-a19ec9895ced","http://digitalbuildingdata.tech/nlcs/def/fb384bbc-bcc8-45cc-aef9-06f8d86b6fd0"
"KANTOPSLUITING_ROTONDEBLOK_500 200","*","_","**","_","VH","_","KANTOPSLUITING","_","ROTONDEBLOK","_","500 200","_","","_","","_","","'-","","'-","G","'-","","","*_**_VH_KANTOPSLUITING_ROTONDEBLOK_500 200","0.18","210","212","210","210","253","CONTINUOUS","0.35","210","212","210","210","253","CONTINUOUS","0.25","210","212","210","210","253","V-CONTINUOUS-SO","0.25","210","212","210","210","253","CONTINUOUS","","","2421","2420","http://digitalbuildingdata.tech/nlcs/def/7441b0e1-b00f-4bb5-b299-2c5810c53c15","http://digitalbuildingdata.tech/nlcs/def/68734533-4246-4592-a90d-706c9dcd32ef"
"KANTOPSLUITING_ELEMENT_VERLAAGDEBAND","*","_","**","_","VH","_","KANTOPSLUITING","_","ELEMENT","_","VERLAAGDEBAND","_","","_","","_","","'-","","'-","G","'-","","","*_**_VH_KANTOPSLUITING_ELEMENT_VERLAAGDEBAND","0.18","40","42","40","40","253","CONTINUOUS","0.35","40","42","40","40","253","CONTINUOUS","0.25","40","42","40","40","253","V-CONTINUOUS-SO","0.25","40","42","40","40","253","CONTINUOUS","","","3080","2366","http://digitalbuildingdata.tech/nlcs/def/e9ec08d9-5000-49de-b13f-212ef1124228","http://digitalbuildingdata.tech/nlcs/def/f0f8aea3-cb50-4a48-927d-82a4c7635b6a"
"KANTOPSLUITING_ASFALTBAND_50X200X200","*","_","**","_","VH","_","KANTOPSLUITING","_","ASFALTBAND","_","50X200X200","_","","_","","_","","'-","","'-","G","'-","","","*_**_VH_KANTOPSLUITING_ASFALTBAND_50X200X200","0.18","240","242","240","240","253","VH-ASFALTBAND-SO","0.35","240","242","240","240","253","VH-ASFALTBAND-SO","0.25","240","242","240","240","253","V-VH-ASFALTBAND-SO","0.25","240","242","240","240","253","VH-ASFALTBAND-SO","","","4095","4092","http://digitalbuildingdata.tech/nlcs/def/3cf2978d-6d48-464f-a621-bc616dd00249","http://digitalbuildingdata.tech/nlcs/def/d43c6136-7fc1-4ad3-8a41-19d46c8b64b4"
"GESLOTENVERHARDING_ASFALT_GROEN","*","_","**","_","VH","_","GESLOTENVERHARDING","_","ASFALT","_","GROEN","_","","_","","_","","'-","","'-","G","'-","","","*_**_VH_GESLOTENVERHARDING_ASFALT_GROEN","0.18","10","12","10","10","253","CONTINUOUS","0.35","10","12","10","10","253","CONTINUOUS","0.25","10","12","10","10","253","ZZ-HIDDEN-SO","0.25","10","12","10","10","253","CONTINUOUS","","","2467","2464","http://digitalbuildingdata.tech/nlcs/def/7f8c3d7a-f8bb-4635-981b-614757a231cf","http://digitalbuildingdata.tech/nlcs/def/732a3652-299a-4442-8bc0-f2d2c144cade"
"KANTOPSLUITING_SCHEIDINGSBAND_110X250","*","_","**","_","VH","_","KANTOPSLUITING","_","SCHEIDINGSBAND","_","110X250","_","","_","","_","","'-","","'-","G","'-","","","*_**_VH_KANTOPSLUITING_SCHEIDINGSBAND_110X250","0.18","190","192","190","190","253","VH-SCHEIDINGSBAND-SO","0.35","190","192","190","190","253","VH-SCHEIDINGSBAND-SO","0.25","190","192","190","190","253","V-VH-SCHEIDINGSBAND-SO","0.25","190","192","190","190","253","VH-SCHEIDINGSBAND-SO","","","2424","2422","http://digitalbuildingdata.tech/nlcs/def/fe96df4e-94de-4bb8-8d6d-a0157d74d62b","http://digitalbuildingdata.tech/nlcs/def/36b236dc-9433-4982-8175-595fc772ca4d"
"BEDRIJFSVLOERPLAAT_STAAL_SCHEEPSHUID","*","_","**","_","VH","_","BEDRIJFSVLOERPLAAT","_","STAAL","_","SCHEEPSHUID","_","","_","","_","","'-","","'-","G","'-","","","*_**_VH_BEDRIJFSVLOERPLAAT_STAAL_SCHEEPSHUID","0.18","170","172","170","170","254","CONTINUOUS","0.35","170","172","170","170","254","CONTINUOUS","0.25","170","172","170","170","254","ZZ-HIDDEN-SO","0.25","170","172","170","170","254","CONTINUOUS","","","2481","2479","http://digitalbuildingdata.tech/nlcs/def/4b10c8f9-62c1-4c36-84b4-8a476b811562","http://digitalbuildingdata.tech/nlcs/def/f85e87f1-a50b-420c-9083-bb39e10d2ed4"
"KANTOPSLUITING_GELEIDEBAND_70X150","*","_","**","_","VH","_","KANTOPSLUITING","_","GELEIDEBAND","_","70X150","_","","_","","_","","'-","","'-","G","'-","","","*_**_VH_KANTOPSLUITING_GELEIDEBAND_70X150","0.18","20","22","20","20","253","VH-GELEIDEBAND-SO","0.35","20","22","20","20","253","VH-GELEIDEBAND-SO","0.25","20","22","20","20","253","V-VH-GELEIDEBAND-SO","0.25","20","22","20","20","253","VH-GELEIDEBAND-SO","","","2390","2386","http://digitalbuildingdata.tech/nlcs/def/390f73dd-b9cb-466b-b320-02296de50e46","http://digitalbuildingdata.tech/nlcs/def/76f85557-f1e3-4ce5-a650-07bc9d5b05a8"
"KANTOPSLUITING_SIGNALERINGSBAND_LIJNREFLECTOR","*","_","**","_","VH","_","KANTOPSLUITING","_","SIGNALERINGSBAND","_","LIJNREFLECTOR","_","","_","","_","","'-","","'-","G","'-","","","*_**_VH_KANTOPSLUITING_SIGNALERINGSBAND_LIJNREFLECTOR","0.18","210","212","210","210","253","VH-SIGNALERINGSBAND-SO","0.35","210","212","210","210","253","VH-SIGNALERINGSBAND-SO","0.25","210","212","210","210","253","V-VH-SIGNALERINGSBAND-SO","0.25","210","212","210","210","253","VH-SIGNALERINGSBAND-SO","","","2435","2433","http://digitalbuildingdata.tech/nlcs/def/c0e15500-759d-472e-a548-eb8df1ba8e5f","http://digitalbuildingdata.tech/nlcs/def/d74cb816-969a-4789-b483-6b98893072b2"
"GESLOTENVERHARDING_ASFALT_ZOAB","*","_","**","_","VH","_","GESLOTENVERHARDING","_","ASFALT","_","ZOAB","_","","_","","_","","'-","","'-","G","'-","","","*_**_VH_GESLOTENVERHARDING_ASFALT_ZOAB","0.18","10","12","10","10","254","CONTINUOUS","0.35","10","12","10","10","254","CONTINUOUS","0.25","10","12","10","10","254","ZZ-HIDDEN-SO","0.25","10","12","10","10","254","CONTINUOUS","","","2471","2464","http://digitalbuildingdata.tech/nlcs/def/ad799544-dcc2-4f95-a72a-dae99142f219","http://digitalbuildingdata.tech/nlcs/def/732a3652-299a-4442-8bc0-f2d2c144cade"
"KANTOPSLUITING_GAZONBAND_60X200","*","_","**","_","VH","_","KANTOPSLUITING","_","GAZONBAND","_","60X200","_","","_","","_","","'-","","'-","G","'-","","","*_**_VH_KANTOPSLUITING_GAZONBAND_60X200","0.18","90","92","90","90","253","VH-GAZONBAND-SO","0.35","90","92","90","90","253","VH-GAZONBAND-SO","0.25","90","92","90","90","253","V-VH-GAZONBAND-SO","0.25","90","92","90","90","253","VH-GAZONBAND-SO","","","2378","2377","http://digitalbuildingdata.tech/nlcs/def/cbbe2854-f8a1-4761-8cda-18cb8979db7e","http://digitalbuildingdata.tech/nlcs/def/62dc28b8-5927-43c5-acf7-0029168b5b13"
"GOOT_STRAATBAKSTEEN_ACHTERKANT","*","_","**","_","VH","_","GOOT","_","STRAATBAKSTEEN","_","ACHTERKANT","_","","_","","_","","'-","","'-","G","'-","","","*_**_VH_GOOT_STRAATBAKSTEEN_ACHTERKANT","0.18","170","172","170","170","253","CONTINUOUS","0.35","170","172","170","170","253","CONTINUOUS","0.25","170","172","170","170","253","V-CONTINUOUS-SO","0.25","170","172","170","170","253","CONTINUOUS","","","2357","2356","http://digitalbuildingdata.tech/nlcs/def/fc9aacea-dea3-48c7-9bcb-d29816d1f8c8","http://digitalbuildingdata.tech/nlcs/def/011aadd8-5074-4700-96c6-eb6f9e21b6f7"
"KANTOPSLUITING_GAZONBAND_120X250","*","_","**","_","VH","_","KANTOPSLUITING","_","GAZONBAND","_","120X250","_","","_","","_","","'-","","'-","G","'-","","","*_**_VH_KANTOPSLUITING_GAZONBAND_120X250","0.18","90","92","90","90","253","VH-GAZONBAND-SO","0.35","90","92","90","90","253","VH-GAZONBAND-SO","0.25","90","92","90","90","253","V-VH-GAZONBAND-SO","0.25","90","92","90","90","253","VH-GAZONBAND-SO","","","2383","2377","http://digitalbuildingdata.tech/nlcs/def/de054900-1d94-4580-a8a3-20adc7e5e2bf","http://digitalbuildingdata.tech/nlcs/def/62dc28b8-5927-43c5-acf7-0029168b5b13"
"GOOT_BETON_GESTORT","*","_","**","_","VH","_","GOOT","_","BETON","_","GESTORT","_","","_","","_","","'-","","'-","G","'-","","","*_**_VH_GOOT_BETON_GESTORT","0.18","170","172","170","170","253","CONTINUOUS","0.35","170","172","170","170","253","CONTINUOUS","0.25","170","172","170","170","253","V-CONTINUOUS-SO","0.25","170","172","170","170","253","CONTINUOUS","","","2351","2350","http://digitalbuildingdata.tech/nlcs/def/963342b8-555b-43ab-a107-277769c32915","http://digitalbuildingdata.tech/nlcs/def/b733b6b4-773d-4f65-9645-615cd0fc28e1"
"SPECIAAL_SPORT_UNIVERSEELSPORTVELD","*","_","**","_","VH","_","SPECIAAL","_","SPORT","_","UNIVERSEELSPORTVELD","_","","_","","_","","'-","","'-","G","'-","","","*_**_VH_SPECIAAL_SPORT_UNIVERSEELSPORTVELD","0.18","90","92","90","90","254","CONTINUOUS","0.35","90","92","90","90","254","CONTINUOUS","0.25","90","92","90","90","254","V-CONTINUOUS-SO","0.25","90","92","90","90","254","CONTINUOUS","","","2528","2526","http://digitalbuildingdata.tech/nlcs/def/c5f95ec3-e993-4dce-b630-c59c28a287b4","http://digitalbuildingdata.tech/nlcs/def/636b0674-6570-4376-b975-dc53f9aee850"
"KANTOPSLUITING_GAZONBAND_100X300","*","_","**","_","VH","_","KANTOPSLUITING","_","GAZONBAND","_","100X300","_","","_","","_","","'-","","'-","G","'-","","","*_**_VH_KANTOPSLUITING_GAZONBAND_100X300","0.18","90","92","90","90","253","VH-GAZONBAND-SO","0.35","90","92","90","90","253","VH-GAZONBAND-SO","0.25","90","92","90","90","253","V-VH-GAZONBAND-SO","0.25","90","92","90","90","253","VH-GAZONBAND-SO","","","2381","2377","http://digitalbuildingdata.tech/nlcs/def/21c718cf-6ec2-4032-879f-5bf9c1e8e4c4","http://digitalbuildingdata.tech/nlcs/def/62dc28b8-5927-43c5-acf7-0029168b5b13"
"KANTOPSLUITING_SCHEIDINGSBAND_150X390","*","_","**","_","VH","_","KANTOPSLUITING","_","SCHEIDINGSBAND","_","150X390","_","","_","","_","","'-","","'-","G","'-","","","*_**_VH_KANTOPSLUITING_SCHEIDINGSBAND_150X390","0.18","190","192","190","190","253","VH-SCHEIDINGSBAND-SO","0.35","190","192","190","190","253","VH-SCHEIDINGSBAND-SO","0.25","190","192","190","190","253","V-VH-SCHEIDINGSBAND-SO","0.25","190","192","190","190","253","VH-SCHEIDINGSBAND-SO","","","2426","2422","http://digitalbuildingdata.tech/nlcs/def/a8e80f4c-e78b-4c09-ac19-95b726bdbe5e","http://digitalbuildingdata.tech/nlcs/def/36b236dc-9433-4982-8175-595fc772ca4d"
"KANTVERHARDING_TEGEL_PAS","*","_","**","_","VH","_","KANTVERHARDING","_","TEGEL","_","PAS","_","","_","","_","","'-","","'-","G","'-","","","*_**_VH_KANTVERHARDING_TEGEL_PAS","0.18","60","62","60","60","253","CONTINUOUS","0.35","60","62","60","60","253","CONTINUOUS","0.25","60","62","60","60","253","ZZ-HIDDEN-SO","0.25","60","62","60","60","253","CONTINUOUS","","","2458","2457","http://digitalbuildingdata.tech/nlcs/def/01751b1e-a9ab-49e7-9132-c1e0cbb1b478","http://digitalbuildingdata.tech/nlcs/def/cdf28357-6bd3-4c4a-ae30-2266f79acd38"
"KANTOPSLUITING_OPSLUITBAND_80X200","*","_","**","_","VH","_","KANTOPSLUITING","_","OPSLUITBAND","_","80X200","_","","_","","_","","'-","","'-","G","'-","","","*_**_VH_KANTOPSLUITING_OPSLUITBAND_80X200","0.18","150","152","150","150","253","VH-OPSLUITBAND-SO","0.35","150","152","150","150","253","VH-OPSLUITBAND-SO","0.25","150","152","150","150","253","V-VH-OPSLUITBAND-SO","0.25","150","152","150","150","253","VH-OPSLUITBAND-SO","","","2400","2397","http://digitalbuildingdata.tech/nlcs/def/43a6d875-2433-4381-8f52-ca7edb66d66a","http://digitalbuildingdata.tech/nlcs/def/fb384bbc-bcc8-45cc-aef9-06f8d86b6fd0"
"KANTOPSLUITING_SCHEIDINGSBAND_200X400","*","_","**","_","VH","_","KANTOPSLUITING","_","SCHEIDINGSBAND","_","200X400","_","","_","","_","","'-","","'-","G","'-","","","*_**_VH_KANTOPSLUITING_SCHEIDINGSBAND_200X400","0.18","190","192","190","190","253","VH-SCHEIDINGSBAND-SO","0.35","190","192","190","190","253","VH-SCHEIDINGSBAND-SO","0.25","190","192","190","190","253","V-VH-SCHEIDINGSBAND-SO","0.25","190","192","190","190","253","VH-SCHEIDINGSBAND-SO","","","2428","2422","http://digitalbuildingdata.tech/nlcs/def/ba1a6f60-7fdd-40dd-8fdb-6b409fd95be3","http://digitalbuildingdata.tech/nlcs/def/36b236dc-9433-4982-8175-595fc772ca4d"
"KANTOPSLUITING_SIGNALERINGSBAND_OOG","*","_","**","_","VH","_","KANTOPSLUITING","_","SIGNALERINGSBAND","_","OOG","_","","_","","_","","'-","","'-","G","'-","","","*_**_VH_KANTOPSLUITING_SIGNALERINGSBAND_OOG","0.18","210","212","210","210","253","VH-SIGNALERINGSBAND-SO","0.35","210","212","210","210","253","VH-SIGNALERINGSBAND-SO","0.25","210","212","210","210","253","V-VH-SIGNALERINGSBAND-SO","0.25","210","212","210","210","253","VH-SIGNALERINGSBAND-SO","","","2436","2433","http://digitalbuildingdata.tech/nlcs/def/6454680f-d6e6-4666-9714-f6e164e501bb","http://digitalbuildingdata.tech/nlcs/def/d74cb816-969a-4789-b483-6b98893072b2"
"KANTOPSLUITING_OPSLUITBAND_60X150","*","_","**","_","VH","_","KANTOPSLUITING","_","OPSLUITBAND","_","60X150","_","","_","","_","","'-","","'-","G","'-","","","*_**_VH_KANTOPSLUITING_OPSLUITBAND_60X150","0.18","150","152","150","150","253","VH-OPSLUITBAND-SO","0.35","150","152","150","150","253","VH-OPSLUITBAND-SO","0.25","150","152","150","150","253","V-VH-OPSLUITBAND-SO","0.25","150","152","150","150","253","VH-OPSLUITBAND-SO","","","2398","2397","http://digitalbuildingdata.tech/nlcs/def/127c61e0-f7da-42c5-8a9b-b24204c06496","http://digitalbuildingdata.tech/nlcs/def/fb384bbc-bcc8-45cc-aef9-06f8d86b6fd0"
"KANTOPSLUITING_ELEMENT_PARKEERBAND","*","_","**","_","VH","_","KANTOPSLUITING","_","ELEMENT","_","PARKEERBAND","_","","_","","_","","'-","","'-","G","'-","","","*_**_VH_KANTOPSLUITING_ELEMENT_PARKEERBAND","0.18","40","42","40","40","253","CONTINUOUS","0.35","40","42","40","40","253","CONTINUOUS","0.25","40","42","40","40","253","V-CONTINUOUS-SO","0.25","40","42","40","40","253","CONTINUOUS","","","2373","2366","http://digitalbuildingdata.tech/nlcs/def/83b5e0a1-1213-4b32-9d45-154ebc5e4440","http://digitalbuildingdata.tech/nlcs/def/f0f8aea3-cb50-4a48-927d-82a4c7635b6a"
"KANTOPSLUITING_GELEIDEBAND_50X150","*","_","**","_","VH","_","KANTOPSLUITING","_","GELEIDEBAND","_","50X150","_","","_","","_","","'-","","'-","G","'-","","","*_**_VH_KANTOPSLUITING_GELEIDEBAND_50X150","0.18","20","22","20","20","253","VH-GELEIDEBAND-SO","0.35","20","22","20","20","253","VH-GELEIDEBAND-SO","0.25","20","22","20","20","253","V-VH-GELEIDEBAND-SO","0.25","20","22","20","20","253","VH-GELEIDEBAND-SO","","","2387","2386","http://digitalbuildingdata.tech/nlcs/def/d4b6c3a4-a10f-4ce0-ae9d-178b68226c0d","http://digitalbuildingdata.tech/nlcs/def/76f85557-f1e3-4ce5-a650-07bc9d5b05a8"
"KANTOPSLUITING_GAZONBAND_150X400","*","_","**","_","VH","_","KANTOPSLUITING","_","GAZONBAND","_","150X400","_","","_","","_","","'-","","'-","G","'-","","","*_**_VH_KANTOPSLUITING_GAZONBAND_150X400","0.18","90","92","90","90","253","VH-GAZONBAND-SO","0.35","90","92","90","90","253","VH-GAZONBAND-SO","0.25","90","92","90","90","253","V-VH-GAZONBAND-SO","0.25","90","92","90","90","253","VH-GAZONBAND-SO","","","2384","2377","http://digitalbuildingdata.tech/nlcs/def/88f836aa-4748-4887-8714-45f940d91fa8","http://digitalbuildingdata.tech/nlcs/def/62dc28b8-5927-43c5-acf7-0029168b5b13"
"GESLOTENVERHARDING_BETON","*","_","**","_","VH","_","GESLOTENVERHARDING","_","BETON","_","","_","","_","","_","","'-","","'-","G/S/A","'-","AVH-BETON","SVH-BETON","*_**_VH_GESLOTENVERHARDING_BETON","0.18","10","12","10","10","file:///132,132,132","CONTINUOUS","0.35","10","12","10","10","254","CONTINUOUS","0.25","10","12","10","10","254","ZZ-HIDDEN-SO","0.25","10","12","10","10","254","CONTINUOUS","","","2484","3342","http://digitalbuildingdata.tech/nlcs/def/4753bbb3-483d-483d-a3fa-e8d3f8eed16b","http://digitalbuildingdata.tech/nlcs/def/f62a624f-5d4e-40a8-a5f7-d93881ba648a"
"KANTOPSLUITING_OPSLUITBAND","*","_","**","_","VH","_","KANTOPSLUITING","_","OPSLUITBAND","_","","_","","_","","_","","'-","","'-","G/S","'-","","B-SVH-KANTOPSLUITING_OPSLUITBAND_100X150-D; B-SVH-KANTOPSLUITING_OPSLUITBAND_100X200-D; B-SVH-KANTOPSLUITING_OPSLUITBAND_100X300-D; B-SVH-KANTOPSLUITING_OPSLUITBAND_100X400-D; B-SVH-KANTOPSLUITING_OPSLUITBAND_120X250-D; B-SVH-KANTOPSLUITING_OPSLUITBAND_150X250-D; B-SVH-KANTOPSLUITING_OPSLUITBAND_150X300-D; B-SVH-KANTOPSLUITING_OPSLUITBAND_150X400-D; B-SVH-KANTOPSLUITING_OPSLUITBAND_200X250-D; B-SVH-KANTOPSLUITING_OPSLUITBAND_200X300-D; B-SVH-KANTOPSLUITING_OPSLUITBAND_300X250-D; B-SVH-KANTOPSLUITING_OPSLUITBAND_50X150-D; B-SVH-KANTOPSLUITING_OPSLUITBAND_60X150-D; B-SVH-KANTOPSLUITING_OPSLUITBAND_60X200-D; B-SVH-KANTOPSLUITING_OPSLUITBAND_70 200-D; B-SVH-KANTOPSLUITING_OPSLUITBAND_80X200-D; SVH-KANTOPSLUITING_OPSLUITBAND_100X150-D; SVH-KANTOPSLUITING_OPSLUITBAND_100X200-D; SVH-KANTOPSLUITING_OPSLUITBAND_100X300-D; SVH-KANTOPSLUITING_OPSLUITBAND_100X400-D; SVH-KANTOPSLUITING_OPSLUITBAND_120X250-D; SVH-KANTOPSLUITING_OPSLUITBAND_150X250-D; SVH-KANTOPSLUITING_OPSLUITBAND_150X300-D; SVH-KANTOPSLUITING_OPSLUITBAND_150X400-D; SVH-KANTOPSLUITING_OPSLUITBAND_200X250-D; SVH-KANTOPSLUITING_OPSLUITBAND_200X300-D; SVH-KANTOPSLUITING_OPSLUITBAND_300X250-D; SVH-KANTOPSLUITING_OPSLUITBAND_50X150-D; SVH-KANTOPSLUITING_OPSLUITBAND_60X150-D; SVH-KANTOPSLUITING_OPSLUITBAND_60X200-D; SVH-KANTOPSLUITING_OPSLUITBAND_70 200-D; SVH-KANTOPSLUITING_OPSLUITBAND_80X200-D","*_**_VH_KANTOPSLUITING_OPSLUITBAND","0.18","150","152","150","150","253","VH-OPSLUITBAND-SO","0.35","150","152","150","150","253","VH-OPSLUITBAND-SO","0.25","150","152","150","150","253","V-VH-OPSLUITBAND-SO","0.25","150","152","150","150","253","VH-OPSLUITBAND-SO","","","2397","2360","http://digitalbuildingdata.tech/nlcs/def/fb384bbc-bcc8-45cc-aef9-06f8d86b6fd0","http://digitalbuildingdata.tech/nlcs/def/96d1a759-2387-4188-bc22-5fc00e8fedae"
"GESLOTENVERHARDING_ASFALT","*","_","**","_","VH","_","GESLOTENVERHARDING","_","ASFALT","_","","_","","_","","_","","'-","","'-","G/S/A","'-","AVH-ASFALT","SVH-ASFALT","*_**_VH_GESLOTENVERHARDING_ASFALT","0.18","10","12","10","10","file:///132,132,132","CONTINUOUS","0.35","10","12","10","10","253","CONTINUOUS","0.25","10","12","10","10","253","ZZ-HIDDEN-SO","0.25","10","12","10","10","253","CONTINUOUS","","","2464","3342","http://digitalbuildingdata.tech/nlcs/def/732a3652-299a-4442-8bc0-f2d2c144cade","http://digitalbuildingdata.tech/nlcs/def/f62a624f-5d4e-40a8-a5f7-d93881ba648a"
"KANTOPSLUITING_RIJWIELPADBAND","*","_","**","_","VH","_","KANTOPSLUITING","_","RIJWIELPADBAND","_","","_","","_","","_","","'-","","'-","G/S","'-","","B-SVH-KANTOPSLUITING_RIJWIELPADBAND_120X250-D; B-SVH-KANTOPSLUITING_RIJWIELPADBAND_80X200-D; SVH-KANTOPSLUITING_RIJWIELPADBAND_120X250-D; SVH-KANTOPSLUITING_RIJWIELPADBAND_80X200-D","*_**_VH_KANTOPSLUITING_RIJWIELPADBAND","0.18","10","12","10","10","253","VH-RIJWIELPADBAND-SO","0.35","10","12","10","10","253","VH-RIJWIELPADBAND-SO","0.25","10","12","10","10","253","V-VH-RIJWIELPADBAND-SO","0.25","10","12","10","10","253","VH-RIJWIELPADBAND-SO","","","2416","2360","http://digitalbuildingdata.tech/nlcs/def/e0526b10-bd33-4abe-bf9a-b6df28c83571","http://digitalbuildingdata.tech/nlcs/def/96d1a759-2387-4188-bc22-5fc00e8fedae"
"KANTOPSLUITING_BUSHALTEBAND","*","_","**","_","VH","_","KANTOPSLUITING","_","BUSHALTEBAND","_","","_","","_","","_","","'-","","'-","G/S","'-","","B-SVH-KANTOPSLUITING_BUSHALTEBAND-D; SVH-KANTOPSLUITING_BUSHALTEBAND-D","*_**_VH_KANTOPSLUITING_BUSHALTEBAND","0.18","30","32","30","30","253","VH-BUSHALTEBAND-SO","0.35","30","32","30","30","253","VH-BUSHALTEBAND-SO","0.25","30","32","30","30","253","V-VH-BUSHALTEBAND-SO","0.25","30","32","30","30","253","VH-BUSHALTEBAND-SO","","","2364","2360","http://digitalbuildingdata.tech/nlcs/def/03b9be9d-e6be-4836-a54c-5aea6d77c859","http://digitalbuildingdata.tech/nlcs/def/96d1a759-2387-4188-bc22-5fc00e8fedae"
"HALFVERHARDING_GRAVEL","*","_","**","_","VH","_","HALFVERHARDING","_","GRAVEL","_","","_","","_","","_","","'-","","'-","G/S/A","'-","AVH-GRAVEL","SVH-GRAVEL","*_**_VH_HALFVERHARDING_GRAVEL","0.18","130","132","130","130","file:///214,214,214","CONTINUOUS","0.35","130","132","130","130","254","CONTINUOUS","0.25","130","132","130","130","254","V-CONTINUOUS-SO","0.25","130","132","130","130","254","CONTINUOUS","","","3484","2511","http://digitalbuildingdata.tech/nlcs/def/459420bd-28e6-462a-a977-77b3a1a4a730","http://digitalbuildingdata.tech/nlcs/def/4b000dbc-68df-40ed-9bf5-8c0d5496bac2"
"GOOT_TEGEL","*","_","**","_","VH","_","GOOT","_","TEGEL","_","","_","","_","","_","","'-","","'-","G/S","'-","","SVH-GOOT_TEGEL-D","*_**_VH_GOOT_TEGEL","0.18","170","172","170","170","253","CONTINUOUS","0.35","170","172","170","170","253","CONTINUOUS","0.35","170","172","170","170","253","CONTINUOUS","0.35","170","172","170","170","253","CONTINUOUS","","","2940","2348","http://digitalbuildingdata.tech/nlcs/def/1c789900-e32e-467c-8516-4b28ab3f1d1a","http://digitalbuildingdata.tech/nlcs/def/dcae408a-6ce1-41f2-b6f4-d3bd355331c3"
"KANTOPSLUITING_SCHEIDINGSBAND","*","_","**","_","VH","_","KANTOPSLUITING","_","SCHEIDINGSBAND","_","","_","","_","","_","","'-","","'-","G/S","'-","","B-SVH-KANTOPSLUITING_SCHEIDINGSBAND_100 300X100-D; B-SVH-KANTOPSLUITING_SCHEIDINGSBAND_100 300X70-D; B-SVH-KANTOPSLUITING_SCHEIDINGSBAND_110 220-D; B-SVH-KANTOPSLUITING_SCHEIDINGSBAND_110 220X130 150-D; B-SVH-KANTOPSLUITING_SCHEIDINGSBAND_110 250-D; B-SVH-KANTOPSLUITING_SCHEIDINGSBAND_110 250X200-D; B-SVH-KANTOPSLUITING_SCHEIDINGSBAND_115 345X200-D; B-SVH-KANTOPSLUITING_SCHEIDINGSBAND_130 470X280-D; B-SVH-KANTOPSLUITING_SCHEIDINGSBAND_150 390X130-D; B-SVH-KANTOPSLUITING_SCHEIDINGSBAND_160 200X180-D; B-SVH-KANTOPSLUITING_SCHEIDINGSBAND_180 200-D; B-SVH-KANTOPSLUITING_SCHEIDINGSBAND_200 250X350-D; B-SVH-KANTOPSLUITING_SCHEIDINGSBAND_200 400X500-D; B-SVH-KANTOPSLUITING_SCHEIDINGSBAND_200 450X200-D; B-SVH-KANTOPSLUITING_SCHEIDINGSBAND_220 440X160-D; B-SVH-KANTOPSLUITING_SCHEIDINGSBAND_220 440X250-D; B-SVH-KANTOPSLUITING_SCHEIDINGSBAND_230 460X450-D; B-SVH-KANTOPSLUITING_SCHEIDINGSBAND_260 300X160-D; B-SVH-KANTOPSLUITING_SCHEIDINGSBAND_280 300-D; B-SVH-KANTOPSLUITING_SCHEIDINGSBAND_300X200-D; B-SVH-KANTOPSLUITING_SCHEIDINGSBAND_360 400X200-D; B-SVH-KANTOPSLUITING_SCHEIDINGSBAND_470 500X100-D; B-SVH-KANTOPSLUITING_SCHEIDINGSBAND_470 500X200-D; B-SVH-KANTOPSLUITING_SCHEIDINGSBAND_50 250X120-D; B-SVH-KANTOPSLUITING_SCHEIDINGSBAND_80 160X100-D; SVH-KANTOPSLUITING_SCHEIDINGSBAND_100 300X100-D; SVH-KANTOPSLUITING_SCHEIDINGSBAND_100 300X70-D; SVH-KANTOPSLUITING_SCHEIDINGSBAND_110 220-D; SVH-KANTOPSLUITING_SCHEIDINGSBAND_110 220X130 150-D; SVH-KANTOPSLUITING_SCHEIDINGSBAND_110 250-D; SVH-KANTOPSLUITING_SCHEIDINGSBAND_110 250X200-D; SVH-KANTOPSLUITING_SCHEIDINGSBAND_115 345X200-D; SVH-KANTOPSLUITING_SCHEIDINGSBAND_130 470X280-D; SVH-KANTOPSLUITING_SCHEIDINGSBAND_150 390X130-D; SVH-KANTOPSLUITING_SCHEIDINGSBAND_160 200X180-D; SVH-KANTOPSLUITING_SCHEIDINGSBAND_180 200-D; SVH-KANTOPSLUITING_SCHEIDINGSBAND_200 250X350-D; SVH-KANTOPSLUITING_SCHEIDINGSBAND_200 400X500-D; SVH-KANTOPSLUITING_SCHEIDINGSBAND_200 450X200-D; SVH-KANTOPSLUITING_SCHEIDINGSBAND_220 440X160-D; SVH-KANTOPSLUITING_SCHEIDINGSBAND_220 440X250-D; SVH-KANTOPSLUITING_SCHEIDINGSBAND_230 460X450-D; SVH-KANTOPSLUITING_SCHEIDINGSBAND_260 300X160-D; SVH-KANTOPSLUITING_SCHEIDINGSBAND_280 300-D; SVH-KANTOPSLUITING_SCHEIDINGSBAND_300X200-D; SVH-KANTOPSLUITING_SCHEIDINGSBAND_360 400X200-D; SVH-KANTOPSLUITING_SCHEIDINGSBAND_470 500X100-D; SVH-KANTOPSLUITING_SCHEIDINGSBAND_470 500X200-D; SVH-KANTOPSLUITING_SCHEIDINGSBAND_50 250X120-D; SVH-KANTOPSLUITING_SCHEIDINGSBAND_80 160X100-D","*_**_VH_KANTOPSLUITING_SCHEIDINGSBAND","0.18","190","192","190","190","253","VH-SCHEIDINGSBAND-SO","0.35","190","192","190","190","253","VH-SCHEIDINGSBAND-SO","0.25","190","192","190","190","253","V-VH-SCHEIDINGSBAND-SO","0.25","190","192","190","190","253","VH-SCHEIDINGSBAND-SO","","","2422","2360","http://digitalbuildingdata.tech/nlcs/def/36b236dc-9433-4982-8175-595fc772ca4d","http://digitalbuildingdata.tech/nlcs/def/96d1a759-2387-4188-bc22-5fc00e8fedae"
"KANTOPSLUITING_TALUDBAND","*","_","**","_","VH","_","KANTOPSLUITING","_","TALUDBAND","_","","_","","_","","_","","'-","","'-","G/S","'-","","B-SVH-KANTOPSLUITING_TALUDBAND_380X300-D; SVH-KANTOPSLUITING_TALUDBAND_380X300-D","*_**_VH_KANTOPSLUITING_TALUDBAND","0.18","60","62","60","60","253","VH-TALUDBAND-SO","0.35","60","62","60","60","253","VH-TALUDBAND-SO","0.25","60","62","60","60","253","V-VH-TALUDBAND-SO","0.25","60","62","60","60","253","VH-TALUDBAND-SO","","","2438","2360","http://digitalbuildingdata.tech/nlcs/def/e6b7aa6d-5824-40de-8611-1e242121d5f8","http://digitalbuildingdata.tech/nlcs/def/96d1a759-2387-4188-bc22-5fc00e8fedae"
"KANTOPSLUITING_LEICONBLOK","*","_","**","_","VH","_","KANTOPSLUITING","_","LEICONBLOK","_","","_","","_","","_","","'-","","'-","G/S","'-","","B-SVH-KANTOPSLUITING_LEICONBAND-D; SVH-KANTOPSLUITING_LEICONBAND-D","*_**_VH_KANTOPSLUITING_LEICONBLOK","0.18","7","252","7","7","253","VH-LEICON-SO","0.35","7","252","7","7","253","VH-LEICON-SO","0.25","7","252","7","7","253","V-VH-LEICON-SO","0.25","7","252","7","7","253","VH-LEICON-SO","","","2396","2360","http://digitalbuildingdata.tech/nlcs/def/897bb006-6bf7-43de-badf-3dfdcbb30dd1","http://digitalbuildingdata.tech/nlcs/def/96d1a759-2387-4188-bc22-5fc00e8fedae"
"OPENVERHARDING_STRAATBAKSTEEN","*","_","**","_","VH","_","OPENVERHARDING","_","STRAATBAKSTEEN","_","","_","","_","","_","","'-","","'-","G/S/A","'-","AVH-SBS","SVH-SBS","*_**_VH_OPENVERHARDING_STRAATBAKSTEEN","0.18","90","92","90","90","file:///173,173,173","CONTINUOUS","0.35","90","92","90","90","254","CONTINUOUS","0.25","90","92","90","90","254","ZZ-HIDDEN-SO","0.25","90","92","90","90","254","CONTINUOUS","","","2529","2519","http://digitalbuildingdata.tech/nlcs/def/1cc73567-2051-457d-abac-aae045f4fbd6","http://digitalbuildingdata.tech/nlcs/def/de78c8f7-6b19-4e31-a390-9cf87c386538"
"KANTOPSLUITING_HAVENBAND","*","_","**","_","VH","_","KANTOPSLUITING","_","HAVENBAND","_","","_","","_","","_","","'-","","'-","G/S","'-","","B-SVH-KANTOPSLUITING_HAVENBAND_400X400-D; SVH-KANTOPSLUITING_HAVENBAND_400X400-D","*_**_VH_KANTOPSLUITING_HAVENBAND","0.18","140","142","140","140","253","VH-HAVENBAND-SO","0.35","140","142","140","140","253","VH-HAVENBAND-SO","0.25","140","142","140","140","253","V-VH-HAVENBAND-SO","0.25","140","142","140","140","253","VH-HAVENBAND-SO","","","2394","2360","http://digitalbuildingdata.tech/nlcs/def/e7dd802e-2a45-4567-86fe-d4ebeb71ee01","http://digitalbuildingdata.tech/nlcs/def/96d1a759-2387-4188-bc22-5fc00e8fedae"
"KANTOPSLUITING_PLAKBAND","*","_","**","_","VH","_","KANTOPSLUITING","_","PLAKBAND","_","","_","","_","","_","","'-","","'-","G/S","'-","","B-SVH-KANTOPSLUITING_PLAKBAND_130 150X100-D; B-SVH-KANTOPSLUITING_PLAKBAND_130 150X110-D; B-SVH-KANTOPSLUITING_PLAKBAND_130 150X120-D; B-SVH-KANTOPSLUITING_PLAKBAND_130 150X140-D; B-SVH-KANTOPSLUITING_PLAKBAND_80 160X100-D; B-SVH-KANTOPSLUITING_PLAKBAND_80X150-D; SVH-KANTOPSLUITING_PLAKBAND_130 150X100-D; SVH-KANTOPSLUITING_PLAKBAND_130 150X110-D; SVH-KANTOPSLUITING_PLAKBAND_130 150X120-D; SVH-KANTOPSLUITING_PLAKBAND_130 150X140-D; SVH-KANTOPSLUITING_PLAKBAND_80 160X100-D; SVH-KANTOPSLUITING_PLAKBAND_80X150-D","*_**_VH_KANTOPSLUITING_PLAKBAND","0.18","210","212","210","210","253","CONTINUOUS","0.35","210","212","210","210","253","CONTINUOUS","0.25","210","212","210","210","253","V-CONTINUOUS-SO","0.25","210","212","210","210","253","CONTINUOUS","","","2409","2360","http://digitalbuildingdata.tech/nlcs/def/5a352d81-b6fd-4562-aee3-0210c72fe379","http://digitalbuildingdata.tech/nlcs/def/96d1a759-2387-4188-bc22-5fc00e8fedae"
"KANTOPSLUITING_ASFALTBAND","*","_","**","_","VH","_","KANTOPSLUITING","_","ASFALTBAND","_","","_","","_","","_","","'-","","'-","G/S","'-","","B-SVH-KANTOPSLUITING_ASFALTBAND_50X200X150-D; B-SVH-KANTOPSLUITING_ASFALTBAND_50X200X200-D; B-SVH-KANTOPSLUITING_ASFALTBAND_50X200X250-D; SVH-KANTOPSLUITING_ASFALTBAND_50X200X150-D; SVH-KANTOPSLUITING_ASFALTBAND_50X200X200-D; SVH-KANTOPSLUITING_ASFALTBAND_50X200X250-D","*_**_VH_KANTOPSLUITING_ASFALTBAND","0.18","240","242","240","240","253","VH-ASFALTBAND-SO","0.35","240","242","240","240","253","VH-ASFALTBAND-SO","0.25","240","242","240","240","253","V-VH-ASFALTBAND-SO","0.25","240","242","240","240","253","VH-ASFALTBAND-SO","","","4092","2360","http://digitalbuildingdata.tech/nlcs/def/d43c6136-7fc1-4ad3-8a41-19d46c8b64b4","http://digitalbuildingdata.tech/nlcs/def/96d1a759-2387-4188-bc22-5fc00e8fedae"
"KANTOPSLUITING_TROTTOIRBAND","*","_","**","_","VH","_","KANTOPSLUITING","_","TROTTOIRBAND","_","","_","","_","","_","","'-","","'-","G/S","'-","","B-SVH-KANTOPSLUITING_TROTTOIRBAND_130 150X160-D; B-SVH-KANTOPSLUITING_TROTTOIRBAND_130 150X200-D; B-SVH-KANTOPSLUITING_TROTTOIRBAND_130 150X250-D; B-SVH-KANTOPSLUITING_TROTTOIRBAND_130 150X300-D; B-SVH-KANTOPSLUITING_TROTTOIRBAND_130 250-D; B-SVH-KANTOPSLUITING_TROTTOIRBAND_180 200X160-D; B-SVH-KANTOPSLUITING_TROTTOIRBAND_180 200X200-D; B-SVH-KANTOPSLUITING_TROTTOIRBAND_180 200X250-D; B-SVH-KANTOPSLUITING_TROTTOIRBAND_190 220X160-D; B-SVH-KANTOPSLUITING_TROTTOIRBAND_70 150X250-D; B-SVH-KANTOPSLUITING_TROTTOIRBAND_75 150X200-D; B-SVH-KANTOPSLUITING_TROTTOIRBAND_ZOABBAND_180 200-D; SVH-KANTOPSLUITING_TROTTOIRBAND_130 150X160-D; SVH-KANTOPSLUITING_TROTTOIRBAND_130 150X200-D; SVH-KANTOPSLUITING_TROTTOIRBAND_130 150X250-D; SVH-KANTOPSLUITING_TROTTOIRBAND_130 150X300-D; SVH-KANTOPSLUITING_TROTTOIRBAND_130 250-D; SVH-KANTOPSLUITING_TROTTOIRBAND_180 200X160-D; SVH-KANTOPSLUITING_TROTTOIRBAND_180 200X200-D; SVH-KANTOPSLUITING_TROTTOIRBAND_180 200X250-D; SVH-KANTOPSLUITING_TROTTOIRBAND_190 220X160-D; SVH-KANTOPSLUITING_TROTTOIRBAND_70 150X250-D; SVH-KANTOPSLUITING_TROTTOIRBAND_75 150X200-D; SVH-KANTOPSLUITING_TROTTOIRBAND_ZOABBAND_180 200-D","*_**_VH_KANTOPSLUITING_TROTTOIRBAND","0.18","210","212","210","210","253","VH-TROTTOIRBAND-SO","0.35","210","212","210","210","253","VH-TROTTOIRBAND-SO","0.25","210","212","210","210","253","V-VH-TROTTOIRBAND-SO","0.25","210","212","210","210","253","VH-TROTTOIRBAND-SO","","","2439","2360","http://digitalbuildingdata.tech/nlcs/def/71f1d393-0573-4b39-bc7d-bca6ee283d76","http://digitalbuildingdata.tech/nlcs/def/96d1a759-2387-4188-bc22-5fc00e8fedae"
"KANTOPSLUITING_GAZONBAND","*","_","**","_","VH","_","KANTOPSLUITING","_","GAZONBAND","_","","_","","_","","_","","'-","","'-","G/S","'-","","B-SVH-KANTOPSLUITING_GAZONBAND_100X150-D; B-SVH-KANTOPSLUITING_GAZONBAND_100X200-D; B-SVH-KANTOPSLUITING_GAZONBAND_100X300-D; B-SVH-KANTOPSLUITING_GAZONBAND_120X200-D; B-SVH-KANTOPSLUITING_GAZONBAND_120X250-D; B-SVH-KANTOPSLUITING_GAZONBAND_150X400-D; B-SVH-KANTOPSLUITING_GAZONBAND_200X150-D; B-SVH-KANTOPSLUITING_GAZONBAND_200X200-D; B-SVH-KANTOPSLUITING_GAZONBAND_50 150X70X500-D; B-SVH-KANTOPSLUITING_GAZONBAND_60X200-D; B-SVH-KANTOPSLUITING_GAZONBAND_80X200-D; SVH-KANTOPSLUITING_GAZONBAND_100X150-D; SVH-KANTOPSLUITING_GAZONBAND_100X200-D; SVH-KANTOPSLUITING_GAZONBAND_100X300-D; SVH-KANTOPSLUITING_GAZONBAND_120X200-D; SVH-KANTOPSLUITING_GAZONBAND_120X250-D; SVH-KANTOPSLUITING_GAZONBAND_150X400-D; SVH-KANTOPSLUITING_GAZONBAND_200X150-D; SVH-KANTOPSLUITING_GAZONBAND_200X200-D; SVH-KANTOPSLUITING_GAZONBAND_50 150X70X500-D; SVH-KANTOPSLUITING_GAZONBAND_60X200-D; SVH-KANTOPSLUITING_GAZONBAND_80X200-D","*_**_VH_KANTOPSLUITING_GAZONBAND","0.18","90","92","90","90","253","VH-GAZONBAND-SO","0.35","90","92","90","90","253","VH-GAZONBAND-SO","0.25","90","92","90","90","253","V-VH-GAZONBAND-SO","0.25","90","92","90","90","253","VH-GAZONBAND-SO","","","2377","2360","http://digitalbuildingdata.tech/nlcs/def/62dc28b8-5927-43c5-acf7-0029168b5b13","http://digitalbuildingdata.tech/nlcs/def/96d1a759-2387-4188-bc22-5fc00e8fedae"
"KANTOPSLUITING_GELEIDEBAND","*","_","**","_","VH","_","KANTOPSLUITING","_","GELEIDEBAND","_","","_","","_","","_","","'-","","'-","G/S","'-","","B-SVH-KANTOPSLUITING_GELEIDEBAND_100_200X270-D; B-SVH-KANTOPSLUITING_GELEIDEBAND_100_250X170-D; B-SVH-KANTOPSLUITING_GELEIDEBAND_100_300X200-D; B-SVH-KANTOPSLUITING_GELEIDEBAND_190_200X160-D; B-SVH-KANTOPSLUITING_GELEIDEBAND_190_200X220-D; B-SVH-KANTOPSLUITING_GELEIDEBAND_250X200-D; B-SVH-KANTOPSLUITING_GELEIDEBAND_250X240-D; B-SVH-KANTOPSLUITING_GELEIDEBAND_30_80X200-D; B-SVH-KANTOPSLUITING_GELEIDEBAND_3740-D; B-SVH-KANTOPSLUITING_GELEIDEBAND_40_120X250-D; B-SVH-KANTOPSLUITING_GELEIDEBAND_50_200X150-D; B-SVH-KANTOPSLUITING_GELEIDEBAND_50_200X200-D; B-SVH-KANTOPSLUITING_GELEIDEBAND_60_120X100-D; B-SVH-KANTOPSLUITING_GELEIDEBAND_60_120X200-D; B-SVH-KANTOPSLUITING_GELEIDEBAND_60_130 150X250-D; B-SVH-KANTOPSLUITING_GELEIDEBAND_60_180 200X250-D; B-SVH-KANTOPSLUITING_GELEIDEBAND_70_150X250-D; B-SVH-KANTOPSLUITING_GELEIDEBAND_70_200X150-D; B-SVH-KANTOPSLUITING_GELEIDEBAND_70_200X200-D; B-SVH-KANTOPSLUITING_GELEIDEBAND_STADSBAND_180_330X400-D; B-SVH-KANTOPSLUITING_GELEIDEBAND_ZOABBAND_50_200X200-D; SVH-KANTOPSLUITING_GELEIDEBAND_100_200X270-D; SVH-KANTOPSLUITING_GELEIDEBAND_100_250X170-D; SVH-KANTOPSLUITING_GELEIDEBAND_100_300X200-D; SVH-KANTOPSLUITING_GELEIDEBAND_190_200X160-D; SVH-KANTOPSLUITING_GELEIDEBAND_190_200X220-D; SVH-KANTOPSLUITING_GELEIDEBAND_250X200-D; SVH-KANTOPSLUITING_GELEIDEBAND_250X240-D; SVH-KANTOPSLUITING_GELEIDEBAND_30_80X200-D; SVH-KANTOPSLUITING_GELEIDEBAND_3740-D; SVH-KANTOPSLUITING_GELEIDEBAND_40_120X250-D; SVH-KANTOPSLUITING_GELEIDEBAND_50_200X150-D; SVH-KANTOPSLUITING_GELEIDEBAND_50_200X200-D; SVH-KANTOPSLUITING_GELEIDEBAND_60_120X100-D; SVH-KANTOPSLUITING_GELEIDEBAND_60_120X200-D; SVH-KANTOPSLUITING_GELEIDEBAND_60_130 150X250-D; SVH-KANTOPSLUITING_GELEIDEBAND_60_180 200X250-D; SVH-KANTOPSLUITING_GELEIDEBAND_70_150X250-D; SVH-KANTOPSLUITING_GELEIDEBAND_70_200X150-D; SVH-KANTOPSLUITING_GELEIDEBAND_70_200X200-D; SVH-KANTOPSLUITING_GELEIDEBAND_STADSBAND_180_330X400-D; SVH-KANTOPSLUITING_GELEIDEBAND_ZOABBAND_50_200X200-D","*_**_VH_KANTOPSLUITING_GELEIDEBAND","0.18","20","22","20","20","253","VH-GELEIDEBAND-SO","0.35","20","22","20","20","253","VH-GELEIDEBAND-SO","0.25","20","22","20","20","253","V-VH-GELEIDEBAND-SO","0.25","20","22","20","20","253","VH-GELEIDEBAND-SO","","","2386","2360","http://digitalbuildingdata.tech/nlcs/def/76f85557-f1e3-4ce5-a650-07bc9d5b05a8","http://digitalbuildingdata.tech/nlcs/def/96d1a759-2387-4188-bc22-5fc00e8fedae"
"KANTOPSLUITING_ROTONDEBLOK","*","_","**","_","VH","_","KANTOPSLUITING","_","ROTONDEBLOK","_","","_","","_","","_","","'-","","'-","G/S","'-","","B-SVH-KANTOPSLUITING_ROTONDE-D; SVH-KANTOPSLUITING_ROTONDE-D","*_**_VH_KANTOPSLUITING_ROTONDEBLOK","0.18","210","212","210","210","253","CONTINUOUS","0.35","210","212","210","210","253","CONTINUOUS","0.25","210","212","210","210","253","V-CONTINUOUS-SO","0.25","210","212","210","210","253","CONTINUOUS","","","2420","2360","http://digitalbuildingdata.tech/nlcs/def/68734533-4246-4592-a90d-706c9dcd32ef","http://digitalbuildingdata.tech/nlcs/def/96d1a759-2387-4188-bc22-5fc00e8fedae"
"HALFVERHARDING_PUIN","*","_","**","_","VH","_","HALFVERHARDING","_","PUIN","_","","_","","_","","_","","'-","","'-","G/S/A","'-","AVH-PUINVERHARDING","SVH-PUINVERHARDING","*_**_VH_HALFVERHARDING_PUIN","0.18","130","132","130","130","file:///214,214,214","CONTINUOUS","0.35","130","132","130","130","254","CONTINUOUS","0.25","130","132","130","130","254","ZZ-HIDDEN-SO","0.25","130","132","130","130","254","CONTINUOUS","","","2522","2511","http://digitalbuildingdata.tech/nlcs/def/a4f0a932-4a7c-4c77-8936-783fb1281090","http://digitalbuildingdata.tech/nlcs/def/4b000dbc-68df-40ed-9bf5-8c0d5496bac2"
"HALFVERHARDING_GRASBETONSTEEN","*","_","**","_","VH","_","HALFVERHARDING","_","GRASBETONSTEEN","_","","_","","_","","_","","'-","","'-","G/S/A","'-","AVH-GRASBETONSTEEN","SVH-GRASBETONSTEEN","*_**_VH_HALFVERHARDING_GRASBETONSTEEN","0.18","130","132","130","130","file:///214,214,214","CONTINUOUS","0.35","130","132","130","130","254","CONTINUOUS","0.25","130","132","130","130","254","V-CONTINUOUS-SO","0.25","130","132","130","130","254","CONTINUOUS","","","2508","2511","http://digitalbuildingdata.tech/nlcs/def/c4917db1-2875-45b9-b5df-2435bd43f776","http://digitalbuildingdata.tech/nlcs/def/4b000dbc-68df-40ed-9bf5-8c0d5496bac2"
"KANTOPSLUITING_SIGNALERINGSBAND","*","_","**","_","VH","_","KANTOPSLUITING","_","SIGNALERINGSBAND","_","","_","","_","","_","","'-","","'-","G/S","'-","","B-SVH-KANTOPSLUITING_SIGNALERINGSBAND_OOG_110 220X160-D; B-SVH-KANTOPSLUITING_SIGNALERINGSBAND_OOG_110 220X250-D; B-SVH-KANTOPSLUITING_SIGNALERINGSBAND_OOG_130 150X160-D; B-SVH-KANTOPSLUITING_SIGNALERINGSBAND_OOG_130 150X250-D; B-SVH-KANTOPSLUITING_SIGNALERINGSBAND_OOG_180 200X160-D; B-SVH-KANTOPSLUITING_SIGNALERINGSBAND_OOG_180 200X250-D; SVH-KANTOPSLUITING_SIGNALERINGSBAND_OOG_110 220X160-D; SVH-KANTOPSLUITING_SIGNALERINGSBAND_OOG_110 220X250-D; SVH-KANTOPSLUITING_SIGNALERINGSBAND_OOG_130 150X160-D; SVH-KANTOPSLUITING_SIGNALERINGSBAND_OOG_130 150X250-D; SVH-KANTOPSLUITING_SIGNALERINGSBAND_OOG_180 200X160-D; SVH-KANTOPSLUITING_SIGNALERINGSBAND_OOG_180 200X250-D","*_**_VH_KANTOPSLUITING_SIGNALERINGSBAND","0.18","210","212","210","210","253","VH-SIGNALERINGSBAND-SO","0.35","210","212","210","210","253","VH-SIGNALERINGSBAND-SO","0.25","210","212","210","210","253","V-VH-SIGNALERINGSBAND-SO","0.25","210","212","210","210","253","VH-SIGNALERINGSBAND-SO","","","2433","2360","http://digitalbuildingdata.tech/nlcs/def/d74cb816-969a-4789-b483-6b98893072b2","http://digitalbuildingdata.tech/nlcs/def/96d1a759-2387-4188-bc22-5fc00e8fedae"
"OPENVERHARDING_TEGEL","*","_","**","_","VH","_","OPENVERHARDING","_","TEGEL","_","","_","","_","","_","","'-","","'-","G/S/A","'-","AVH-TEGEL","SVH-TEGEL","*_**_VH_OPENVERHARDING_TEGEL","0.18","90","92","90","90","file:///173,173,173","CONTINUOUS","0.35","90","92","90","90","254","CONTINUOUS","0.25","90","92","90","90","254","ZZ-HIDDEN-SO","0.25","90","92","90","90","254","CONTINUOUS","","","2531","2519","http://digitalbuildingdata.tech/nlcs/def/7d441944-02a8-4eb3-b411-b69b675ed931","http://digitalbuildingdata.tech/nlcs/def/de78c8f7-6b19-4e31-a390-9cf87c386538"
"OPENVERHARDING_SIERBESTRATING","*","_","**","_","VH","_","OPENVERHARDING","_","SIERBESTRATING","_","","_","","_","","_","","'-","","'-","G/S/A","'-","AVH-SIERBESTRATING","SVH-SIERBESTRATING","*_**_VH_OPENVERHARDING_SIERBESTRATING","0.18","90","92","90","90","file:///173,173,173","CONTINUOUS","0.35","90","92","90","90","254","CONTINUOUS","0.25","90","92","90","90","254","ZZ-HIDDEN-SO","0.25","90","92","90","90","254","CONTINUOUS","","","2524","2519","http://digitalbuildingdata.tech/nlcs/def/cdeee9d4-5dfc-485c-accc-570dab936109","http://digitalbuildingdata.tech/nlcs/def/de78c8f7-6b19-4e31-a390-9cf87c386538"
"KANTOPSLUITING_PWSBAND","*","_","**","_","VH","_","KANTOPSLUITING","_","PWSBAND","_","","_","","_","","_","","'-","","'-","G/S","'-","","B-SVH-KANTOPSLUITING_PWS_250 130X200-D; B-SVH-KANTOPSLUITING_PWS_250 130X250-D; SVH-KANTOPSLUITING_PWS_250 130X200-D; SVH-KANTOPSLUITING_PWS_250 130X250-D","*_**_VH_KANTOPSLUITING_PWSBAND","0.18","120","122","120","120","253","VH-PWSBAND-SO","0.35","120","122","120","120","253","VH-PWSBAND-SO","0.25","120","122","120","120","253","V-VH-PWSBAND-SO","0.25","120","122","120","120","253","VH-PWSBAND-SO","","","2413","2360","http://digitalbuildingdata.tech/nlcs/def/cc7d2428-9dfd-487e-9c80-428ecd06b365","http://digitalbuildingdata.tech/nlcs/def/96d1a759-2387-4188-bc22-5fc00e8fedae"
"GOOT_ZOAB","*","_","**","_","VH","_","GOOT","_","ZOAB","_","","_","","_","","_","","'-","","'-","G/S","'-","","B-SVH-GOOT_ZOAB_01-D; B-SVH-GOOT_ZOAB_02-D; B-SVH-GOOT_ZOAB_220X160-D; SVH-GOOT_ZOAB_01-D; SVH-GOOT_ZOAB_02-D; SVH-GOOT_ZOAB_220X160-D","*_**_VH_GOOT_ZOAB","0.18","170","172","170","170","253","CONTINUOUS","0.35","170","172","170","170","253","CONTINUOUS","0.25","170","172","170","170","253","V-CONTINUOUS-SO","0.25","170","172","170","170","253","CONTINUOUS","","","2359","2348","http://digitalbuildingdata.tech/nlcs/def/ec2cad39-78e6-4c8f-b22e-424f14ed3a8c","http://digitalbuildingdata.tech/nlcs/def/dcae408a-6ce1-41f2-b6f4-d3bd355331c3"
"OPENVERHARDING_BETONSTRAATSTEEN","*","_","**","_","VH","_","OPENVERHARDING","_","BETONSTRAATSTEEN","_","","_","","_","","_","","'-","","'-","G/S/A","'-","AVH-BSS","SVH-BSS","*_**_VH_OPENVERHARDING_BETONSTRAATSTEEN","0.18","90","92","90","90","file:///173,173,173","CONTINUOUS","0.35","90","92","90","90","254","CONTINUOUS","0.25","90","92","90","90","254","ZZ-HIDDEN-SO","0.25","90","92","90","90","254","CONTINUOUS","","","2488","2519","http://digitalbuildingdata.tech/nlcs/def/a809d8b3-6994-4428-b788-2823f756fa77","http://digitalbuildingdata.tech/nlcs/def/de78c8f7-6b19-4e31-a390-9cf87c386538"
"KANTOPSLUITING_STOOTBAND","*","_","**","_","VH","_","KANTOPSLUITING","_","STOOTBAND","_","","_","","_","","_","","'-","","'-","G/S","'-","","B-SVH-KANTOPSLUITING_STOOTBAND_100X250-D; B-SVH-KANTOPSLUITING_STOOTBAND_150X200-D; B-SVH-KANTOPSLUITING_STOOTBAND_200X200-D; B-SVH-KANTOPSLUITING_STOOTBAND_250X250-D; B-SVH-KANTOPSLUITING_STOOTBAND_300X300-D; SVH-KANTOPSLUITING_STOOTBAND_100X250-D; SVH-KANTOPSLUITING_STOOTBAND_150X200-D; SVH-KANTOPSLUITING_STOOTBAND_200X200-D; SVH-KANTOPSLUITING_STOOTBAND_250X250-D; SVH-KANTOPSLUITING_STOOTBAND_300X300-D","*_**_VH_KANTOPSLUITING_STOOTBAND","0.18","7","7","7","7","253","CONTINUOUS","0.35","7","7","7","7","253","CONTINUOUS","0.25","7","7","7","7","253","V-CONTINUOUS-SO","0.25","7","7","7","7","253","CONTINUOUS","","","2437","2360","http://digitalbuildingdata.tech/nlcs/def/54ce0ed3-3606-41eb-8935-e46e80299b34","http://digitalbuildingdata.tech/nlcs/def/96d1a759-2387-4188-bc22-5fc00e8fedae"
"OPENVERHARDING_BASALTON","*","_","**","_","VH","_","OPENVERHARDING","_","BASALTON","_","","_","","_","","_","","'-","","'-","G/S/A","'-","","SVH-BASALTONVERHARDING","*_**_VH_OPENVERHARDING_BASALTON","0.18","90","92","90","90","254","CONTINUOUS","0.35","90","92","90","90","254","CONTINUOUS","0.25","90","92","90","90","254","V-CONTINUOUS-SO","0.25","90","92","90","90","254","CONTINUOUS","","","2472","2519","http://digitalbuildingdata.tech/nlcs/def/05ae4f0f-7443-4a23-bd79-bd60d5cd9f21","http://digitalbuildingdata.tech/nlcs/def/de78c8f7-6b19-4e31-a390-9cf87c386538"
"HALFVERHARDING_FLOWBLOCK","*","_","**","_","VH","_","HALFVERHARDING","_","FLOWBLOCK","_","","_","","_","","_","","'-","","'-","G/A","'-","AVH-FLOWBLOCK","","*_**_VH_HALFVERHARDING_FLOWBLOCK","0.18","130","132","130","130","254","CONTINUOUS","0.35","130","132","130","130","254","CONTINUOUS","0.25","130","132","130","130","254","V-CONTINUOUS-SO","0.25","130","132","130","130","254","CONTINUOUS","","","3341","2511","http://digitalbuildingdata.tech/nlcs/def/dfbe9399-1830-41df-ac7c-337be9768eac","http://digitalbuildingdata.tech/nlcs/def/4b000dbc-68df-40ed-9bf5-8c0d5496bac2"
"DREMPEL_PREFAB","*","_","**","_","VH","_","DREMPEL","_","PREFAB","_","","_","","_","","_","","'-","","'-","G","'-","","","*_**_VH_DREMPEL_PREFAB","0.18","30","32","30","30","253","CONTINUOUS","0.35","30","32","30","30","253","CONTINUOUS","0.25","30","32","30","30","253","V-CONTINUOUS-SO","0.25","30","32","30","30","253","CONTINUOUS","","","2345","2342","http://digitalbuildingdata.tech/nlcs/def/5bdc7f26-1a64-4c60-b7a5-2af813f33289","http://digitalbuildingdata.tech/nlcs/def/a82b44bb-a877-490c-8e38-abc856085914"
"KANTVERHARDING_ROLLAAG","*","_","**","_","VH","_","KANTVERHARDING","_","ROLLAAG","_","","_","","_","","_","","'-","","'-","G","'-","","","*_**_VH_KANTVERHARDING_ROLLAAG","0.18","60","62","60","60","253","CONTINUOUS","0.18","60","62","60","60","253","CONTINUOUS","0.18","60","62","60","60","253","ZZ-HIDDEN-SO","0.18","60","62","60","60","253","CONTINUOUS","","","2460","2456","http://digitalbuildingdata.tech/nlcs/def/a047ec43-6752-41a8-8615-b7b5c8359cfb","http://digitalbuildingdata.tech/nlcs/def/58b0534c-9ad1-4127-a401-39157074bdf5"
"DREMPEL_ASFALT","*","_","**","_","VH","_","DREMPEL","_","ASFALT","_","","_","","_","","_","","'-","","'-","G","'-","","","*_**_VH_DREMPEL_ASFALT","0.18","30","32","30","30","253","CONTINUOUS","0.35","30","32","30","30","253","CONTINUOUS","0.25","30","32","30","30","253","V-CONTINUOUS-SO","0.25","30","32","30","30","253","CONTINUOUS","","","2343","2342","http://digitalbuildingdata.tech/nlcs/def/812c72dd-d7fc-445c-aea1-3add3492bbd7","http://digitalbuildingdata.tech/nlcs/def/a82b44bb-a877-490c-8e38-abc856085914"
"GOOT_BETON","*","_","**","_","VH","_","GOOT","_","BETON","_","","_","","_","","_","","'-","","'-","G","'-","","","*_**_VH_GOOT_BETON","0.18","170","172","170","170","253","CONTINUOUS","0.35","170","172","170","170","253","CONTINUOUS","0.25","170","172","170","170","253","V-CONTINUOUS-SO","0.25","170","172","170","170","253","CONTINUOUS","","","2350","2348","http://digitalbuildingdata.tech/nlcs/def/b733b6b4-773d-4f65-9645-615cd0fc28e1","http://digitalbuildingdata.tech/nlcs/def/dcae408a-6ce1-41f2-b6f4-d3bd355331c3"
"HALFVERHARDING_GRIND","*","_","**","_","VH","_","HALFVERHARDING","_","GRIND","_","","_","","_","","_","","'-","","'-","G/S","'-","","SVH-GRIND","*_**_VH_HALFVERHARDING_GRIND","0.18","130","132","130","130","file:///214,214,214","CONTINUOUS","0.35","130","132","130","130","254","CONTINUOUS","0.25","130","132","130","130","254","V-CONTINUOUS-SO","0.25","130","132","130","130","254","CONTINUOUS","","","2512","2511","http://digitalbuildingdata.tech/nlcs/def/5d997016-6181-418c-97d2-5476ab832a17","http://digitalbuildingdata.tech/nlcs/def/4b000dbc-68df-40ed-9bf5-8c0d5496bac2"
"KANTOPSLUITING_ELEMENT","*","_","**","_","VH","_","KANTOPSLUITING","_","ELEMENT","_","","_","","_","","_","","'-","","'-","G","'-","","","*_**_VH_KANTOPSLUITING_ELEMENT","0.18","40","42","40","40","253","CONTINUOUS","0.35","40","42","40","40","253","CONTINUOUS","0.25","40","42","40","40","253","V-CONTINUOUS-SO","0.25","40","42","40","40","253","CONTINUOUS","","","2366","2360","http://digitalbuildingdata.tech/nlcs/def/f0f8aea3-cb50-4a48-927d-82a4c7635b6a","http://digitalbuildingdata.tech/nlcs/def/96d1a759-2387-4188-bc22-5fc00e8fedae"
"SPECIAAL_SPORT","*","_","**","_","VH","_","SPECIAAL","_","SPORT","_","","_","","_","","_","","'-","","'-","G/S","'-","","","*_**_VH_SPECIAAL_SPORT","0.18","90","92","90","90","254","CONTINUOUS","0.35","90","92","90","90","254","CONTINUOUS","0.25","90","92","90","90","254","V-CONTINUOUS-SO","0.25","90","92","90","90","254","CONTINUOUS","","","2526","2525","http://digitalbuildingdata.tech/nlcs/def/636b0674-6570-4376-b975-dc53f9aee850","http://digitalbuildingdata.tech/nlcs/def/62aa6100-4ed8-4225-b1ed-228452544cf1"
"HALFVERHARDING_KOPERSLAK","*","_","**","_","VH","_","HALFVERHARDING","_","KOPERSLAK","_","","_","","_","","_","","'-","","'-","G","'-","","","*_**_VH_HALFVERHARDING_KOPERSLAK","0.18","130","132","130","130","254","CONTINUOUS","0.35","130","132","130","130","254","CONTINUOUS","0.35","130","132","130","130","254","V-CONTINUOUS-SO","0.35","130","132","130","130","254","CONTINUOUS","","","2939","2511","http://digitalbuildingdata.tech/nlcs/def/9d7fb07e-2b15-4ba1-8ed6-5a2999adfc7e","http://digitalbuildingdata.tech/nlcs/def/4b000dbc-68df-40ed-9bf5-8c0d5496bac2"
"FUNDERING_SLAKKEN","*","_","**","_","VH","_","FUNDERING","_","SLAKKEN","_","","_","","_","","_","","'-","","'-","G","'-","","","*_**_VH_FUNDERING_SLAKKEN","0.18","7","252","7","7","254","CONTINUOUS","0.35","7","252","7","7","254","CONTINUOUS","0.25","7","252","7","7","254","V-CONTINUOUS-SO","0.25","7","252","7","7","254","CONTINUOUS","","","2500","2492","http://digitalbuildingdata.tech/nlcs/def/ee2f9eac-a48f-4211-8735-3bedce538a13","http://digitalbuildingdata.tech/nlcs/def/283ae9af-836e-4bfd-9c81-11b667033421"
"KANTVERHARDING_TEGEL","*","_","**","_","VH","_","KANTVERHARDING","_","TEGEL","_","","_","","_","","_","","'-","","'-","G","'-","","","*_**_VH_KANTVERHARDING_TEGEL","0.18","60","62","60","60","253","CONTINUOUS","0.18","60","62","60","60","253","CONTINUOUS","0.18","60","62","60","60","253","ZZ-HIDDEN-SO","0.18","60","62","60","60","253","CONTINUOUS","","","2457","2456","http://digitalbuildingdata.tech/nlcs/def/cdf28357-6bd3-4c4a-ae30-2266f79acd38","http://digitalbuildingdata.tech/nlcs/def/58b0534c-9ad1-4127-a401-39157074bdf5"
"KANTOPSLUITING_PLATEAUBAND","*","_","**","_","VH","_","KANTOPSLUITING","_","PLATEAUBAND","_","","_","","_","","_","","'-","","'-","G","'-","","","*_**_VH_KANTOPSLUITING_PLATEAUBAND","0.18","30","32","30","30","253","VH-PLATEAUBAND-SO","0.35","30","32","30","30","253","VH-PLATEAUBAND-SO","0.25","30","32","30","30","253","V-VH-PLATEAUBAND-SO","0.25","30","32","30","30","253","VH-PLATEAUBAND-SO","","","2410","2360","http://digitalbuildingdata.tech/nlcs/def/ff273fe8-c0cf-49dc-bf2e-62976530d32f","http://digitalbuildingdata.tech/nlcs/def/96d1a759-2387-4188-bc22-5fc00e8fedae"
"BEDRIJFSVLOERPLAAT_HOUT","*","_","**","_","VH","_","BEDRIJFSVLOERPLAAT","_","HOUT","_","","_","","_","","_","","'-","","'-","G","'-","","","*_**_VH_BEDRIJFSVLOERPLAAT_HOUT","0.18","170","172","170","170","254","CONTINUOUS","0.35","170","172","170","170","254","CONTINUOUS","0.25","170","172","170","170","254","ZZ-HIDDEN-SO","0.25","170","172","170","170","254","CONTINUOUS","","","2477","2474","http://digitalbuildingdata.tech/nlcs/def/3b2683b5-73dc-4101-986b-e8299d763dbe","http://digitalbuildingdata.tech/nlcs/def/87161f62-307e-47d7-abc6-96df3a511eec"
"ONVERHARD_KLEI","*","_","**","_","VH","_","ONVERHARD","_","KLEI","_","","_","","_","","_","","'-","","'-","G","'-","","","*_**_VH_ONVERHARD_KLEI","0.18","210","212","210","210","254","CONTINUOUS","0.35","210","212","210","210","254","CONTINUOUS","0.35","210","212","210","210","254","V-CONTINUOUS-SO","0.35","210","212","210","210","254","CONTINUOUS","","","2938","2936","http://digitalbuildingdata.tech/nlcs/def/190e14db-deb8-4fb0-a58d-b7530e2bf7aa","http://digitalbuildingdata.tech/nlcs/def/f367c22c-9fea-4e08-b7f1-d889e5a02e71"
"GESLOTENVERHARDING_VLOEISTOFDICHT","*","_","**","_","VH","_","GESLOTENVERHARDING","_","VLOEISTOFDICHT","_","","_","","_","","_","","'-","","'-","G","'-","","","*_**_VH_GESLOTENVERHARDING_VLOEISTOFDICHT","0.18","10","12","10","10","254","CONTINUOUS","0.35","10","12","10","10","254","CONTINUOUS","0.35","10","12","10","10","254","V-CONTINUOUS-SO","0.35","10","12","10","10","254","CONTINUOUS","","","2937","3342","http://digitalbuildingdata.tech/nlcs/def/922f2d30-2bf5-4513-8a72-b44dce542229","http://digitalbuildingdata.tech/nlcs/def/f62a624f-5d4e-40a8-a5f7-d93881ba648a"
"GOOT_BSS","*","_","**","_","VH","_","GOOT","_","BSS","_","","_","","_","","_","","'-","","'-","G","'-","","","*_**_VH_GOOT_BSS","0.18","170","172","170","170","253","CONTINUOUS","0.35","170","172","170","170","253","CONTINUOUS","0.25","170","172","170","170","253","V-CONTINUOUS-SO","0.25","170","172","170","170","253","CONTINUOUS","","","2353","2348","http://digitalbuildingdata.tech/nlcs/def/f6d66d2e-6591-4fd9-8360-153ac214f9a1","http://digitalbuildingdata.tech/nlcs/def/dcae408a-6ce1-41f2-b6f4-d3bd355331c3"
"BEDRIJFSVLOERPLAAT_STAAL","*","_","**","_","VH","_","BEDRIJFSVLOERPLAAT","_","STAAL","_","","_","","_","","_","","'-","","'-","G","'-","","","*_**_VH_BEDRIJFSVLOERPLAAT_STAAL","0.18","170","172","170","170","254","CONTINUOUS","0.35","170","172","170","170","254","CONTINUOUS","0.25","170","172","170","170","254","ZZ-HIDDEN-SO","0.25","170","172","170","170","254","CONTINUOUS","","","2479","2474","http://digitalbuildingdata.tech/nlcs/def/f85e87f1-a50b-420c-9083-bb39e10d2ed4","http://digitalbuildingdata.tech/nlcs/def/87161f62-307e-47d7-abc6-96df3a511eec"
"KANTOPSLUITING_AMSTELBAND","*","_","**","_","VH","_","KANTOPSLUITING","_","AMSTELBAND","_","","_","","_","","_","","'-","","'-","G/S","'-","","","*_**_VH_KANTOPSLUITING_AMSTELBAND","0.18","60","62","60","60","253","VH-AMSTELBAND-SO","0.35","60","62","60","60","253","VH-AMSTELBAND-SO","0.25","60","62","60","60","253","V-VH-AMSTELBAND-SO","0.25","60","62","60","60","253","VH-AMSTELBAND-SO","","","2362","2360","http://digitalbuildingdata.tech/nlcs/def/10b7f712-5e2e-4814-9370-c70a08e79026","http://digitalbuildingdata.tech/nlcs/def/96d1a759-2387-4188-bc22-5fc00e8fedae"
"BEDRIJFSVLOERPLAAT_BETON","*","_","**","_","VH","_","BEDRIJFSVLOERPLAAT","_","BETON","_","","_","","_","","_","","'-","","'-","G","'-","","","*_**_VH_BEDRIJFSVLOERPLAAT_BETON","0.18","170","172","170","170","254","CONTINUOUS","0.35","170","172","170","170","254","CONTINUOUS","0.25","170","172","170","170","254","ZZ-HIDDEN-SO","0.25","170","172","170","170","254","CONTINUOUS","","","2475","2474","http://digitalbuildingdata.tech/nlcs/def/71ae7206-1109-4def-a3ae-bcd44a6c61c2","http://digitalbuildingdata.tech/nlcs/def/87161f62-307e-47d7-abc6-96df3a511eec"
"KANTOPSLUITING_VOORKANTBAND","*","_","**","_","VH","_","KANTOPSLUITING","_","VOORKANTBAND","_","","_","","_","","_","","'-","","'-","G","'-","","","*_**_VH_KANTOPSLUITING_VOORKANTBAND","0.18","50","52","50","50","50","CONTINUOUS","0.35","50","52","50","50","50","CONTINUOUS","0.25","50","52","50","50","50","V-CONTINUOUS-SO","0.25","50","52","50","50","50","CONTINUOUS","","","2455","2360","http://digitalbuildingdata.tech/nlcs/def/e8e9726b-6c25-48c8-bfbb-9b0d828ccca7","http://digitalbuildingdata.tech/nlcs/def/96d1a759-2387-4188-bc22-5fc00e8fedae"
"DREMPEL_BESTRAAT","*","_","**","_","VH","_","DREMPEL","_","BESTRAAT","_","","_","","_","","_","","'-","","'-","G","'-","","","*_**_VH_DREMPEL_BESTRAAT","0.18","30","32","30","30","253","CONTINUOUS","0.35","30","32","30","30","253","CONTINUOUS","0.25","30","32","30","30","253","V-CONTINUOUS-SO","0.25","30","32","30","30","253","CONTINUOUS","","","2344","2342","http://digitalbuildingdata.tech/nlcs/def/54797ca4-614e-4444-957a-27ba544d5772","http://digitalbuildingdata.tech/nlcs/def/a82b44bb-a877-490c-8e38-abc856085914"
"DREMPEL_TALUD","*","_","**","_","VH","_","DREMPEL","_","TALUD","_","","_","","_","","_","","'-","","'-","G","'-","","","*_**_VH_DREMPEL_TALUD","0.18","30","32","30","30","253","CONTINUOUS","0.35","30","32","30","30","253","CONTINUOUS","0.25","30","32","30","30","253","V-CONTINUOUS-SO","0.25","30","32","30","30","253","CONTINUOUS","","","2347","2342","http://digitalbuildingdata.tech/nlcs/def/ea65ecbf-5c83-4453-a136-03c76c0787fc","http://digitalbuildingdata.tech/nlcs/def/a82b44bb-a877-490c-8e38-abc856085914"
"GOOT_ASFALT","*","_","**","_","VH","_","GOOT","_","ASFALT","_","","_","","_","","_","","'-","","'-","G","'-","","","*_**_VH_GOOT_ASFALT","0.18","170","172","170","170","253","CONTINUOUS","0.35","170","172","170","170","253","CONTINUOUS","0.25","170","172","170","170","253","V-CONTINUOUS-SO","0.25","170","172","170","170","253","CONTINUOUS","","","2349","2348","http://digitalbuildingdata.tech/nlcs/def/37c059b2-f56f-4f6b-89e9-ec5e3c75875e","http://digitalbuildingdata.tech/nlcs/def/dcae408a-6ce1-41f2-b6f4-d3bd355331c3"
"KANTOPSLUITING_ACHTERKANTBAND","*","_","**","_","VH","_","KANTOPSLUITING","_","ACHTERKANTBAND","_","","_","","_","","_","","'-","","'-","G","'-","","","*_**_VH_KANTOPSLUITING_ACHTERKANTBAND","0.18","50","52","50","50","50","CONTINUOUS","0.35","50","52","50","50","50","CONTINUOUS","0.25","50","52","50","50","50","V-CONTINUOUS-SO","0.25","50","52","50","50","50","CONTINUOUS","","","2361","2360","http://digitalbuildingdata.tech/nlcs/def/4811294a-05e4-4ba9-8c40-8fc955d0d85a","http://digitalbuildingdata.tech/nlcs/def/96d1a759-2387-4188-bc22-5fc00e8fedae"
"BEDRIJFSVLOERPLAAT_KUNSTSTOF","*","_","**","_","VH","_","BEDRIJFSVLOERPLAAT","_","KUNSTSTOF","_","","_","","_","","_","","'-","","'-","G","'-","","","*_**_VH_BEDRIJFSVLOERPLAAT_KUNSTSTOF","0.18","170","172","170","170","254","CONTINUOUS","0.35","170","172","170","170","254","CONTINUOUS","0.25","170","172","170","170","254","ZZ-HIDDEN-SO","0.25","170","172","170","170","254","CONTINUOUS","","","2478","2474","http://digitalbuildingdata.tech/nlcs/def/7e358201-fdd6-41d1-a0da-e14fd0344c6c","http://digitalbuildingdata.tech/nlcs/def/87161f62-307e-47d7-abc6-96df3a511eec"
"GOOT_STRAATBAKSTEEN","*","_","**","_","VH","_","GOOT","_","STRAATBAKSTEEN","_","","_","","_","","_","","'-","","'-","G","'-","","","*_**_VH_GOOT_STRAATBAKSTEEN","0.18","170","172","170","170","253","CONTINUOUS","0.35","170","172","170","170","253","CONTINUOUS","0.35","170","172","170","170","253","CONTINUOUS","0.35","170","172","170","170","253","CONTINUOUS","","","2356","2348","http://digitalbuildingdata.tech/nlcs/def/011aadd8-5074-4700-96c6-eb6f9e21b6f7","http://digitalbuildingdata.tech/nlcs/def/dcae408a-6ce1-41f2-b6f4-d3bd355331c3"
"FUNDERING_GRANULAAT","*","_","**","_","VH","_","FUNDERING","_","GRANULAAT","_","","_","","_","","_","","'-","","'-","G","'-","","","*_**_VH_FUNDERING_GRANULAAT","0.18","7","252","7","7","254","CONTINUOUS","0.35","7","252","7","7","254","CONTINUOUS","0.25","7","252","7","7","254","V-CONTINUOUS-SO","0.25","7","252","7","7","254","CONTINUOUS","","","2495","2492","http://digitalbuildingdata.tech/nlcs/def/b145b992-15ce-4333-8066-b825dae7da36","http://digitalbuildingdata.tech/nlcs/def/283ae9af-836e-4bfd-9c81-11b667033421"
"FUNDERING_ZANDCEMENTSTABILISATIE","*","_","**","_","VH","_","FUNDERING","_","ZANDCEMENTSTABILISATIE","_","","_","","_","","_","","'-","","'-","G","'-","","","*_**_VH_FUNDERING_ZANDCEMENTSTABILISATIE","0.18","7","252","7","7","254","CONTINUOUS","0.35","7","252","7","7","254","CONTINUOUS","0.25","7","252","7","7","254","V-CONTINUOUS-SO","0.25","7","252","7","7","254","CONTINUOUS","","","2504","2492","http://digitalbuildingdata.tech/nlcs/def/68674d6f-2e9a-4e3d-a897-2cf486810a87","http://digitalbuildingdata.tech/nlcs/def/283ae9af-836e-4bfd-9c81-11b667033421"
"KANTOPSLUITING_INRITBAND","*","_","**","_","VH","_","KANTOPSLUITING","_","INRITBAND","_","","_","","_","","_","","'-","","'-","G","'-","","","*_**_VH_KANTOPSLUITING_INRITBAND","0.18","210","212","210","210","253","CONTINUOUS","0.35","210","212","210","210","253","CONTINUOUS","0.25","210","212","210","210","253","V-CONTINUOUS-SO","0.25","210","212","210","210","253","CONTINUOUS","","","2395","2360","http://digitalbuildingdata.tech/nlcs/def/fdd9d505-2965-4156-912b-21e4aa0de3fc","http://digitalbuildingdata.tech/nlcs/def/96d1a759-2387-4188-bc22-5fc00e8fedae"
"FUNDERING_EPS","*","_","**","_","VH","_","FUNDERING","_","EPS","_","","_","","_","","_","","'-","","'-","G","'-","","","*_**_VH_FUNDERING_EPS","0.18","7","252","7","7","254","CONTINUOUS","0.35","7","252","7","7","254","CONTINUOUS","0.25","7","252","7","7","254","V-CONTINUOUS-SO","0.25","7","252","7","7","254","CONTINUOUS","","","2494","2492","http://digitalbuildingdata.tech/nlcs/def/0e51362a-b62e-4240-b28a-108839310ed7","http://digitalbuildingdata.tech/nlcs/def/283ae9af-836e-4bfd-9c81-11b667033421"
"FUNDERING_SCHUIMBETON","*","_","**","_","VH","_","FUNDERING","_","SCHUIMBETON","_","","_","","_","","_","","'-","","'-","G","'-","","","*_**_VH_FUNDERING_SCHUIMBETON","0.18","7","252","7","7","254","CONTINUOUS","0.35","7","252","7","7","254","CONTINUOUS","0.25","7","252","7","7","254","V-CONTINUOUS-SO","0.25","7","252","7","7","254","CONTINUOUS","","","2499","2492","http://digitalbuildingdata.tech/nlcs/def/430e0916-71d4-4486-a392-ad0af4d3c016","http://digitalbuildingdata.tech/nlcs/def/283ae9af-836e-4bfd-9c81-11b667033421"
"FUNDERING_BIMS","*","_","**","_","VH","_","FUNDERING","_","BIMS","_","","_","","_","","_","","'-","","'-","G","'-","","","*_**_VH_FUNDERING_BIMS","0.18","7","252","7","7","254","CONTINUOUS","0.35","7","252","7","7","254","CONTINUOUS","0.25","7","252","7","7","254","V-CONTINUOUS-SO","0.25","7","252","7","7","254","CONTINUOUS","","","2493","2492","http://digitalbuildingdata.tech/nlcs/def/be29d9ef-884a-48b8-b0df-a8f5fecee14c","http://digitalbuildingdata.tech/nlcs/def/283ae9af-836e-4bfd-9c81-11b667033421"
"KANTVERHARDING_STREKLAAG","*","_","**","_","VH","_","KANTVERHARDING","_","STREKLAAG","_","","_","","_","","_","","'-","","'-","G","'-","","","*_**_VH_KANTVERHARDING_STREKLAAG","0.18","60","62","60","60","253","CONTINUOUS","0.18","60","62","60","60","253","CONTINUOUS","0.18","60","62","60","60","253","ZZ-HIDDEN-SO","0.18","60","62","60","60","253","CONTINUOUS","","","2461","2456","http://digitalbuildingdata.tech/nlcs/def/fd368fcd-c719-41ad-8093-7dcf2cfdd69c","http://digitalbuildingdata.tech/nlcs/def/58b0534c-9ad1-4127-a401-39157074bdf5"
"FUNDERING_ZAND","*","_","**","_","VH","_","FUNDERING","_","ZAND","_","","_","","_","","_","","'-","","'-","G","'-","","","*_**_VH_FUNDERING_ZAND","0.18","7","252","7","7","254","CONTINUOUS","0.35","7","252","7","7","254","CONTINUOUS","0.25","7","252","7","7","254","V-CONTINUOUS-SO","0.25","7","252","7","7","254","CONTINUOUS","","","2503","2492","http://digitalbuildingdata.tech/nlcs/def/c453f08a-8d71-4f61-a8a2-af386f9698d5","http://digitalbuildingdata.tech/nlcs/def/283ae9af-836e-4bfd-9c81-11b667033421"
"GESLOTENVERHARDING_ASFALT-TRAPSGEWIJSFREZEN","*","_","**","_","VH","_","GESLOTENVERHARDING","_","ASFALT","_","","_","","_","","_","","'-","","'-","G","'-","","","*_**_VH_GESLOTENVERHARDING_ASFALT","0.18","10","12","10","10","253","VH-TRAPSGEWIJSFREZEN-SO","0.25","10","12","10","10","253","VH-TRAPSGEWIJSFREZEN-SO","0.25","10","12","10","10","253","ZZ-HIDDEN-SO","0.25","10","12","10","10","253","VH-TRAPSGEWIJSFREZEN-SO","","","2944","2464","http://digitalbuildingdata.tech/nlcs/def/d01a2f21-a161-4df8-a997-4590899b1394","http://digitalbuildingdata.tech/nlcs/def/732a3652-299a-4442-8bc0-f2d2c144cade"
"GESLOTENVERHARDING_KUNSTSTOF","*","_","**","_","VH","_","GESLOTENVERHARDING","_","KUNSTSTOF","_","","_","","_","","_","","'-","","'-","G","'-","","","*_**_VH_GESLOTENVERHARDING_KUNSTSTOF","0.18","10","12","10","10","file:///132,132,132","CONTINUOUS","0.35","10","12","10","10","254","CONTINUOUS","0.25","10","12","10","10","254","V-CONTINUOUS-SO","0.25","10","12","10","10","254","CONTINUOUS","","","4032","3342","http://digitalbuildingdata.tech/nlcs/def/55160db0-f830-4e46-a026-048bdc89312a","http://digitalbuildingdata.tech/nlcs/def/f62a624f-5d4e-40a8-a5f7-d93881ba648a"
"ONVERHARD_BOOMSCHORS","*","_","**","_","VH","_","ONVERHARD","_","BOOMSCHORS","_","","_","","_","","_","","'-","","'-","G","'-","","","*_**_VH_ONVERHARD_BOOMSCHORS","0.18","210","210","210","210","file:///243,245,246","CONTINUOUS","0.35","210","210","210","210","254","CONTINUOUS","0.25","210","210","210","210","254","V-CONTINUOUS-SO","0.25","210","210","210","210","254","CONTINUOUS","","","3509","2936","http://digitalbuildingdata.tech/nlcs/def/3417b5ae-5418-421c-8a1f-2f6cceec675d","http://digitalbuildingdata.tech/nlcs/def/f367c22c-9fea-4e08-b7f1-d889e5a02e71"
"HALFVERHARDING_SCHELP","*","_","**","_","VH","_","HALFVERHARDING","_","SCHELP","_","","_","","_","","_","","'-","","'-","G","'-","","","*_**_VH_HALFVERHARDING_SCHELP","0.18","130","132","130","130","file:///214,214,214","CONTINUOUS","0.35","130","132","130","130","254","CONTINUOUS","0.25","130","132","130","130","254","V-CONTINUOUS-SO","0.25","130","132","130","130","254","CONTINUOUS","","","2513","2511","http://digitalbuildingdata.tech/nlcs/def/67340ffe-cf28-4054-a916-fd61594ac459","http://digitalbuildingdata.tech/nlcs/def/4b000dbc-68df-40ed-9bf5-8c0d5496bac2"
"ONVERHARD_ZAND","*","_","**","_","VH","_","ONVERHARD","_","ZAND","_","","_","","_","","_","","'-","","'-","G","'-","","","*_**_VH_ONVERHARD_ZAND","0.18","210","210","210","210","file:///255,255,153","CONTINUOUS","0.35","210","210","210","210","254","CONTINUOUS","0.35","210","210","210","210","254","V-CONTINUOUS-SO","0.35","210","210","210","210","254","CONTINUOUS","","","3510","2936","http://digitalbuildingdata.tech/nlcs/def/118df30d-8c8d-489b-beab-3a6d6bc9955a","http://digitalbuildingdata.tech/nlcs/def/f367c22c-9fea-4e08-b7f1-d889e5a02e71"
"OPENVERHARDING_BETONELEMENT","*","_","**","_","VH","_","OPENVERHARDING","_","BETONELEMENT","_","","_","","_","","_","","'-","","'-","G","'-","","","*_**_VH_OPENVERHARDING_BETONELEMENT","0.18","90","92","90","90","file:///173,173,173","CONTINUOUS","0.35","90","92","90","90","254","CONTINUOUS","0.25","90","92","90","90","254","V-CONTINUOUS-SO","0.25","90","92","90","90","254","CONTINUOUS","","","4031","2519","http://digitalbuildingdata.tech/nlcs/def/02ce9bd3-3196-46e2-8f6f-97d70d35bbed","http://digitalbuildingdata.tech/nlcs/def/de78c8f7-6b19-4e31-a390-9cf87c386538"
"GEOTEXTIEL","*","_","**","_","VH","_","GEOTEXTIEL","_","","_","","_","","_","","_","","'-","","'-","G/S/A","'-","AVH-GEOTEXTIEL","SVH-GEOTEXTIEL","*_**_VH_GEOTEXTIEL","0.18","60","62","60","60","254","CONTINUOUS","0.35","60","62","60","60","254","CONTINUOUS","0.25","60","62","60","60","254","ZZ-HIDDEN-SO","0.25","60","62","60","60","254","CONTINUOUS","","","2505","","http://digitalbuildingdata.tech/nlcs/def/225b36b3-62e8-445e-86a9-5991c3c31f8d",""
"SPECIAAL","*","_","**","_","VH","_","SPECIAAL","_","","_","","_","","_","","_","","'-","","'-","G/S/A","'-","AVH-SPECIAAL","SVH-SPECIAAL","*_**_VH_SPECIAAL","0.18","150","152","150","150","254","CONTINUOUS","0.35","150","152","150","150","254","CONTINUOUS","0.25","150","152","150","150","254","ZZ-HIDDEN-SO","0.25","150","152","150","150","254","CONTINUOUS","","","2525","","http://digitalbuildingdata.tech/nlcs/def/62aa6100-4ed8-4225-b1ed-228452544cf1",""
"ROOSTER","*","_","**","_","VH","_","ROOSTER","_","","_","","_","","_","","_","","'-","","'-","G/S/A","'-","AVH-ROOSTER","SVH-ROOSTER","*_**_VH_ROOSTER","0.18","150","152","150","150","254","CONTINUOUS","0.35","150","152","150","150","254","CONTINUOUS","0.25","150","152","150","150","254","ZZ-HIDDEN-SO","0.25","150","152","150","150","254","CONTINUOUS","","","2523","","http://digitalbuildingdata.tech/nlcs/def/b27b9f28-3c9e-46f1-b1af-f68d5270b909",""
"FUNDERING","*","_","**","_","VH","_","FUNDERING","_","","_","","_","","_","","_","","'-","","'-","G/S/A","'-","AVH-FUNDERING","SVH-FUNDERING","*_**_VH_FUNDERING","0.18","7","252","7","7","254","CONTINUOUS","0.35","7","252","7","7","254","CONTINUOUS","0.25","7","252","7","7","254","V-CONTINUOUS-SO","0.25","7","252","7","7","254","CONTINUOUS","","","2492","","http://digitalbuildingdata.tech/nlcs/def/283ae9af-836e-4bfd-9c81-11b667033421",""
"STOOTBAND","*","_","**","_","VH","_","STOOTBAND","_","","_","","_","","_","","_","","'-","","'-","G/S","'-","","SVH-STOOTBAND","*_**_VH_STOOTBAND","0.18","7","7","7","7","253","CONTINUOUS","0.35","7","7","7","7","253","CONTINUOUS","0.35","7","7","7","7","253","CONTINUOUS","0.35","7","7","7","7","253","CONTINUOUS","","","3050","","http://digitalbuildingdata.tech/nlcs/def/0eb0e879-fb8f-49ce-ad1c-7cfc5408c74b",""
"GESLOTENVERHARDING","*","_","**","_","VH","_","GESLOTENVERHARDING","_","","_","","_","","_","","_","","'-","","'-","G/S/A","'-","AVH-GESLOTEN","SVH-GESLOTEN","*_**_VH_GESLOTENVERHARDING","0.18","10","12","10","10","file:///132,132,132","CONTINUOUS","0.35","10","12","10","10","254","CONTINUOUS","0.25","10","12","10","10","254","V-CONTINUOUS-SO","0.25","10","12","10","10","254","CONTINUOUS","","","3342","","http://digitalbuildingdata.tech/nlcs/def/f62a624f-5d4e-40a8-a5f7-d93881ba648a",""
"HALFVERHARDING","*","_","**","_","VH","_","HALFVERHARDING","_","","_","","_","","_","","_","","'-","","'-","G/S/A","'-","AVH-HALFVERHARDING-SO; AVH-HALFVERHARDING-SOD; AVH-HALFVERHARDING_GRIND-SOD; AVH-HALFVERHARDING_GRIND_01-SO; AVH-HALFVERHARDING_GRIND_02-SO; AVH-HALFVERHARDING_GRIND_03-SO; AVH-HALFVERHARDING_SCHELPEN-SO; AVH-HALFVERHARDING_SCHELPEN-SOD","SVH-HALFVERHARDING","*_**_VH_HALFVERHARDING","0.18","130","132","130","130","file:///214,214,214","CONTINUOUS","0.35","130","132","130","130","254","CONTINUOUS","0.25","130","132","130","130","254","V-CONTINUOUS-SO","0.25","130","132","130","130","254","CONTINUOUS","","","2511","","http://digitalbuildingdata.tech/nlcs/def/4b000dbc-68df-40ed-9bf5-8c0d5496bac2",""
"GOOT","*","_","**","_","VH","_","GOOT","_","","_","","_","","_","","_","","'-","","'-","G/S","'-","","SVH-GOOT","*_**_VH_GOOT","0.18","170","172","170","170","253","CONTINUOUS","0.35","170","172","170","170","253","CONTINUOUS","0.25","170","172","170","170","253","V-CONTINUOUS-SO","0.25","170","172","170","170","253","CONTINUOUS","","","2348","","http://digitalbuildingdata.tech/nlcs/def/dcae408a-6ce1-41f2-b6f4-d3bd355331c3",""
"VERKEERSTEGEL","*","_","**","_","VH","_","VERKEERSTEGEL","_","","_","","_","","_","","_","","'-","","'-","G/S","'-","","SVH-VERKEERSTEGEL","*_**_VH_VERKEERSTEGEL","0.18","7","7","7","7","253","CONTINUOUS","0.35","7","7","7","7","253","CONTINUOUS","0.35","7","7","7","7","253","CONTINUOUS","0.35","7","7","7","7","253","CONTINUOUS","","","3051","","http://digitalbuildingdata.tech/nlcs/def/ea10c389-2ff9-4f83-aed7-832597d8c0e2",""
"HERSTRATEN","*","_","**","_","VH","_","HERSTRATEN","_","","_","","_","","_","","_","","'-","","'-","G/A","'-","AVH-HERSTRATEN","","*_**_VH_HERSTRATEN","0.18","7","252","7","7","254","CONTINUOUS","0.35","7","252","7","7","254","CONTINUOUS","0.25","7","252","7","7","254","V-CONTINUOUS-SO","0.25","7","252","7","7","254","CONTINUOUS","","","4091","","http://digitalbuildingdata.tech/nlcs/def/9ddd2f64-79e2-40f5-8ace-c830c2d4f423",""
"REPARATIES","*","_","**","_","VH","_","REPARATIES","_","","_","","_","","_","","_","","'-","","'-","G","'-","","","*_**_VH_REPARATIES","0.18","170","172","170","170","253","CONTINUOUS","0.35","170","172","170","170","253","CONTINUOUS","0.35","170","172","170","170","253","V-CONTINUOUS-SO","0.35","170","172","170","170","253","CONTINUOUS","","","2535","","http://digitalbuildingdata.tech/nlcs/def/7ea761c2-cd26-4fed-aa58-ce92ed20f000",""
"DREMPEL","*","_","**","_","VH","_","DREMPEL","_","","_","","_","","_","","_","","'-","","'-","G","'-","","","*_**_VH_DREMPEL","0.18","30","32","30","30","253","CONTINUOUS","0.35","30","32","30","30","253","CONTINUOUS","0.25","30","32","30","30","253","V-CONTINUOUS-SO","0.25","30","32","30","30","253","CONTINUOUS","","","2342","","http://digitalbuildingdata.tech/nlcs/def/a82b44bb-a877-490c-8e38-abc856085914",""
"KANTVERHARDING","*","_","**","_","VH","_","KANTVERHARDING","_","","_","","_","","_","","_","","'-","","'-","G","'-","","","*_**_VH_KANTVERHARDING","0.18","60","62","60","60","253","CONTINUOUS","0.35","210","210","210","210","253","CONTINUOUS","0.25","60","62","60","60","253","ZZ-HIDDEN-SO","0.25","60","62","60","60","253","CONTINUOUS","","","2456","","http://digitalbuildingdata.tech/nlcs/def/58b0534c-9ad1-4127-a401-39157074bdf5",""
"KANTOPSLUITING","*","_","**","_","VH","_","KANTOPSLUITING","_","","_","","_","","_","","_","","'-","","'-","G","'-","","","*_**_VH_KANTOPSLUITING","0.18","7","252","7","7","253","CONTINUOUS","0.35","7","252","7","7","253","CONTINUOUS","0.25","7","252","7","7","253","V-CONTINUOUS-SO","0.25","7","252","7","7","253","CONTINUOUS","","","2360","","http://digitalbuildingdata.tech/nlcs/def/96d1a759-2387-4188-bc22-5fc00e8fedae",""
"KNIPLIJN","*","_","**","_","VH","_","KNIPLIJN","_","","_","","_","","_","","_","","'-","","'-","G","'-","","","*_**_VH_KNIPLIJN","0.18","251","251","251","251","253","CONTINUOUS","0.35","251","251","251","251","253","CONTINUOUS","0.25","251","251","251","251","253","ZZ-HIDDEN-SO","0.25","251","251","251","251","253","CONTINUOUS","","","3343","","http://digitalbuildingdata.tech/nlcs/def/816f849d-77bd-4f7b-95f9-9feac101c13e",""
"BEDRIJFSVLOERPLAAT","*","_","**","_","VH","_","BEDRIJFSVLOERPLAAT","_","","_","","_","","_","","_","","'-","","'-","G/S/A","'-","","","*_**_VH_BEDRIJFSVLOERPLAAT","0.18","170","172","170","170","254","CONTINUOUS","0.35","170","172","170","170","254","CONTINUOUS","0.25","170","172","170","170","254","ZZ-HIDDEN-SO","0.25","170","172","170","170","254","CONTINUOUS","","","2474","","http://digitalbuildingdata.tech/nlcs/def/87161f62-307e-47d7-abc6-96df3a511eec",""
"VERKANTING","*","_","**","_","VH","_","VERKANTING","_","","_","","_","","_","","_","","'-","","'-","G","'-","","","*_**_VH_VERKANTING","0.18","7","7","7","7","253","CONTINUOUS","0.35","7","7","7","7","253","CONTINUOUS","0.35","7","7","7","7","253","V-CONTINUOUS-SO","0.35","7","7","7","7","253","CONTINUOUS","","","2537","","http://digitalbuildingdata.tech/nlcs/def/9981121d-72aa-4db9-be9e-7ace3ce5e312",""
"LEVENSDUURVERLENGENDE MAATREGEL","*","_","**","_","VH","_","LEVENSDUURVERLENGENDE MAATREGEL","_","","_","","_","","_","","_","","'-","","'-","G","'-","","","*_**_VH_LEVENSDUURVERLENGENDE MAATREGEL","0.18","170","172","170","170","253","CONTINUOUS","0.35","170","172","170","170","253","CONTINUOUS","0.35","170","172","170","170","253","V-CONTINUOUS-SO","0.35","170","172","170","170","253","CONTINUOUS","","","2536","","http://digitalbuildingdata.tech/nlcs/def/873ff899-ea52-4712-9467-2868ebce1e15",""
"MATERIAALGRENS","*","_","**","_","VH","_","MATERIAALGRENS","_","","_","","_","","_","","_","","'-","","'-","G","'-","","","*_**_VH_MATERIAALGRENS","0.18","7","7","7","7","253","ZZ-HIDDEN-SO","0.35","7","7","7","7","253","ZZ-HIDDEN-SO","0.25","7","7","7","7","253","V-CONTINUOUS-SO","0.25","7","7","7","7","253","CONTINUOUS","","","2462","","http://digitalbuildingdata.tech/nlcs/def/3abd9092-37c9-4edd-87eb-d719ba5b66e8",""
"OPENVERHARDING","*","_","**","_","VH","_","OPENVERHARDING","_","","_","","_","","_","","_","","'-","","'-","G","'-","","","*_**_VH_OPENVERHARDING","0.18","90","92","90","90","file:///173,173,173","CONTINUOUS","0.35","90","92","90","90","254","CONTINUOUS","0.25","90","92","90","90","254","ZZ-HIDDEN-SO","0.25","90","92","90","90","254","CONTINUOUS","","","2519","","http://digitalbuildingdata.tech/nlcs/def/de78c8f7-6b19-4e31-a390-9cf87c386538",""
"ONVERHARD","*","_","**","_","VH","_","ONVERHARD","_","","_","","_","","_","","_","","'-","","'-","G","'-","","","*_**_VH_ONVERHARD","0.18","210","212","210","210","file:///243,245,246","CONTINUOUS","0.35","210","212","210","210","254","CONTINUOUS","0.35","210","212","210","210","254","V-CONTINUOUS-SO","0.35","210","212","210","210","254","CONTINUOUS","","","2936","","http://digitalbuildingdata.tech/nlcs/def/f367c22c-9fea-4e08-b7f1-d889e5a02e71",""
"KANTOPSLUITING_TROTTOIRBAND_180X200-OP DE KOP","*","_","**","_","VH","_","KANTOPSLUITING","_","TROTTOIRBAND","_","180X200","_","","_","","_","","'-","","'-","G","'-","","","*_**_VH_KANTOPSLUITING_TROTTOIRBAND_180X200","0.18","210","212","210","210","253","VH-TROTTOIRBAND_OPKOP-SO","","","","","","","","0.25","210","212","210","210","","V-VH-TROTTOIRBAND_OPKOP-SO","0.35","210","212","210","210","","VH-TROTTOIRBAND_OPKOP-SO","","","2445","2443","http://digitalbuildingdata.tech/nlcs/def/c449e8f9-e45c-4d21-90a8-a103f672aff7","http://digitalbuildingdata.tech/nlcs/def/5cea3339-fbba-4bad-b5c2-5ed32a1d8e36"
"KANTOPSLUITING_TROTTOIRBAND_280X300-OP DE KOP","*","_","**","_","VH","_","KANTOPSLUITING","_","TROTTOIRBAND","_","280X300","_","","_","","_","","'-","","'-","G","'-","","","*_**_VH_KANTOPSLUITING_TROTTOIRBAND_280X300","0.18","210","212","210","210","253","VH-TROTTOIRBAND_OPKOP-SO","","","","","","","","0.25","210","212","210","210","","V-VH-TROTTOIRBAND_OPKOP-SO","0.35","210","212","210","210","","VH-TROTTOIRBAND_OPKOP-SO","","","2448","2447","http://digitalbuildingdata.tech/nlcs/def/d11112cb-b3af-4cd5-af72-47bf78313aba","http://digitalbuildingdata.tech/nlcs/def/5755be39-799c-4823-a022-ae2424239d09"
"KANTOPSLUITING_TROTTOIRBAND_130X150-OP DE KOP","*","_","**","_","VH","_","KANTOPSLUITING","_","TROTTOIRBAND","_","130X150","_","","_","","_","","'-","","'-","G","'-","","","*_**_VH_KANTOPSLUITING_TROTTOIRBAND_130X150","0.18","210","212","210","210","253","VH-TROTTOIRBAND_OPKOP-SO","","","","","","","","0.25","210","212","210","210","","V-VH-TROTTOIRBAND_OPKOP-SO","0.35","210","212","210","210","","VH-TROTTOIRBAND_OPKOP-SO","","","2441","2440","http://digitalbuildingdata.tech/nlcs/def/3d7fa12a-75e2-47bc-ba9b-4c5d1bba02db","http://digitalbuildingdata.tech/nlcs/def/f22dbe1f-ada1-4bc0-9c73-fa3002e235ef"
"GESLOTENVERHARDING_ASFALT_FREESVAK","*","_","**","_","VH","_","GESLOTENVERHARDING","_","ASFALT","_","FREESVAK","_","","_","","_","","'-","","'-","G","'-","","","*_**_VH_GESLOTENVERHARDING_ASFALT_FREESVAK","0.18","10","12","10","10","253","CONTINUOUS","0.35","10","12","10","10","253","CONTINUOUS","","","","","","253","","","","","","","253","","","","2465","2464","http://digitalbuildingdata.tech/nlcs/def/4b6c8c1a-1374-4317-959c-5f8125bc5e91","http://digitalbuildingdata.tech/nlcs/def/732a3652-299a-4442-8bc0-f2d2c144cade"
"OPENVERHARDING_STRAATBAKSTEEN-OP DE KOP","*","_","**","_","VH","_","OPENVERHARDING","_","STRAATBAKSTEEN","_","","_","","_","","_","","'-","","'-","G","'-","","","*_**_VH_OPENVERHARDING_STRAATBAKSTEEN","","","","","","","","","","","","","","","0.25","10","10","10","10","","V-CONTINUOUS-SO","0.25","10","10","10","10","","CONTINUOUS","","","2530","2529","http://digitalbuildingdata.tech/nlcs/def/8d9f4a02-754f-4523-b359-54a25ebd9414","http://digitalbuildingdata.tech/nlcs/def/1cc73567-2051-457d-abac-aae045f4fbd6"
"KANTOPSLUITING_TROTTOIRBAND_RWS_ZOAB-OPNIEUW STELLEN","*","_","**","_","VH","_","KANTOPSLUITING","_","TROTTOIRBAND","_","RWS","_","ZOAB","_","","_","","'-","","'-","G","'-","","","*_**_VH_KANTOPSLUITING_TROTTOIRBAND_RWS_ZOAB","","","","","","","","0.35","210","212","210","210","253","VH-RWSBAND_STELLEN-SO","","","","","","253","","","","","","","253","","","","2453","2452","http://digitalbuildingdata.tech/nlcs/def/7e553224-313a-47d6-a6a4-7f71bc3aa1cc","http://digitalbuildingdata.tech/nlcs/def/cea42e01-131b-4e60-995a-da85d6c4f382"
"GESLOTENVERHARDING_ASFALT_ZAAGSNEDE","*","_","**","_","VH","_","GESLOTENVERHARDING","_","ASFALT","_","ZAAGSNEDE","_","","_","","_","","'-","","'-","G","'-","","","*_**_VH_GESLOTENVERHARDING_ASFALT_ZAAGSNEDE","","","","","","","","0.25","7","7","7","7","253","VH-ZAAGSNEDE-SO","","","","","","253","","","","","","","253","","","","2470","2464","http://digitalbuildingdata.tech/nlcs/def/fff83fbf-fa6a-4b73-948b-980511d103b2","http://digitalbuildingdata.tech/nlcs/def/732a3652-299a-4442-8bc0-f2d2c144cade"
"KANTOPSLUITING_TROTTOIRBAND_130X150-OPNIEUW STELLEN","*","_","**","_","VH","_","KANTOPSLUITING","_","TROTTOIRBAND","_","130X150","_","","_","","_","","'-","","'-","G","'-","","","*_**_VH_KANTOPSLUITING_TROTTOIRBAND_130X150","","","","","","","","0.35","210","212","210","210","253","VH-TROTTOIRBAND_STELLEN-SO","","","","","","253","","","","","","","253","","","","2442","2440","http://digitalbuildingdata.tech/nlcs/def/6e5bc81d-e487-4f4f-98e6-4435be41a00d","http://digitalbuildingdata.tech/nlcs/def/f22dbe1f-ada1-4bc0-9c73-fa3002e235ef"
"KANTOPSLUITING_TROTTOIRBAND_RWS-OPNIEUW STELLEN","*","_","**","_","VH","_","KANTOPSLUITING","_","TROTTOIRBAND","_","RWS","_","","_","","_","","'-","","'-","G","'-","","","*_**_VH_KANTOPSLUITING_TROTTOIRBAND_RWS","","","","","","","","0.35","210","212","210","210","253","VH-RWSBAND_STELLEN-SO","","","","","","253","","","","","","","253","","","","2454","2450","http://digitalbuildingdata.tech/nlcs/def/f0fb478f-d28a-446a-bf8f-a6f50590fe10","http://digitalbuildingdata.tech/nlcs/def/91ab1c54-d745-4ff8-8376-85ebfaaf5c4a"
"KANTOPSLUITING_TROTTOIRBAND_180X200-OPNIEUW STELLEN","*","_","**","_","VH","_","KANTOPSLUITING","_","TROTTOIRBAND","_","180X200","_","","_","","_","","'-","","'-","G","'-","","","*_**_VH_KANTOPSLUITING_TROTTOIRBAND_180X200","","","","","","","","0.35","210","212","210","210","253","VH-TROTTOIRBAND_STELLEN-SO","","","","","","253","","","","","","","253","","","","2446","2443","http://digitalbuildingdata.tech/nlcs/def/adfc54c2-264a-4d86-9938-c0764bfe36c7","http://digitalbuildingdata.tech/nlcs/def/5cea3339-fbba-4bad-b5c2-5ed32a1d8e36"
"KANTOPSLUITING_TROTTOIRBAND_280X300-OPNIEUW STELLEN","*","_","**","_","VH","_","KANTOPSLUITING","_","TROTTOIRBAND","_","280X300","_","","_","","_","","'-","","'-","G","'-","","","*_**_VH_KANTOPSLUITING_TROTTOIRBAND_280X300","","","","","","","","0.35","210","212","210","210","253","VH-TROTTOIRBAND_STELLEN-SO","","","","","","253","","","","","","","253","","","","2449","2447","http://digitalbuildingdata.tech/nlcs/def/159dc667-eff1-466e-8fa8-ad40fd2628b8","http://digitalbuildingdata.tech/nlcs/def/5755be39-799c-4823-a022-ae2424239d09"
"KANTOPSLUITING_GELEIDEBAND-OPNIEUW STELLEN","*","_","**","_","VH","_","KANTOPSLUITING","_","GELEIDEBAND","_","","_","","_","","_","","'-","","'-","G/S","'-","","B-SVH-KANTOPSLUITING_GELEIDEBAND_100_200X270-D; B-SVH-KANTOPSLUITING_GELEIDEBAND_100_250X170-D; B-SVH-KANTOPSLUITING_GELEIDEBAND_100_300X200-D; B-SVH-KANTOPSLUITING_GELEIDEBAND_190_200X160-D; B-SVH-KANTOPSLUITING_GELEIDEBAND_190_200X220-D; B-SVH-KANTOPSLUITING_GELEIDEBAND_250X200-D; B-SVH-KANTOPSLUITING_GELEIDEBAND_250X240-D; B-SVH-KANTOPSLUITING_GELEIDEBAND_30_80X200-D; B-SVH-KANTOPSLUITING_GELEIDEBAND_3740-D; B-SVH-KANTOPSLUITING_GELEIDEBAND_40_120X250-D; B-SVH-KANTOPSLUITING_GELEIDEBAND_50_200X150-D; B-SVH-KANTOPSLUITING_GELEIDEBAND_50_200X200-D; B-SVH-KANTOPSLUITING_GELEIDEBAND_60_120X100-D; B-SVH-KANTOPSLUITING_GELEIDEBAND_60_120X200-D; B-SVH-KANTOPSLUITING_GELEIDEBAND_60_130 150X250-D; B-SVH-KANTOPSLUITING_GELEIDEBAND_60_180 200X250-D; B-SVH-KANTOPSLUITING_GELEIDEBAND_70_150X250-D; B-SVH-KANTOPSLUITING_GELEIDEBAND_70_200X150-D; B-SVH-KANTOPSLUITING_GELEIDEBAND_70_200X200-D; B-SVH-KANTOPSLUITING_GELEIDEBAND_STADSBAND_180_330X400-D; B-SVH-KANTOPSLUITING_GELEIDEBAND_ZOABBAND_50_200X200-D; SVH-KANTOPSLUITING_GELEIDEBAND_100_200X270-D; SVH-KANTOPSLUITING_GELEIDEBAND_100_250X170-D; SVH-KANTOPSLUITING_GELEIDEBAND_100_300X200-D; SVH-KANTOPSLUITING_GELEIDEBAND_190_200X160-D; SVH-KANTOPSLUITING_GELEIDEBAND_190_200X220-D; SVH-KANTOPSLUITING_GELEIDEBAND_250X200-D; SVH-KANTOPSLUITING_GELEIDEBAND_250X240-D; SVH-KANTOPSLUITING_GELEIDEBAND_30_80X200-D; SVH-KANTOPSLUITING_GELEIDEBAND_3740-D; SVH-KANTOPSLUITING_GELEIDEBAND_40_120X250-D; SVH-KANTOPSLUITING_GELEIDEBAND_50_200X150-D; SVH-KANTOPSLUITING_GELEIDEBAND_50_200X200-D; SVH-KANTOPSLUITING_GELEIDEBAND_60_120X100-D; SVH-KANTOPSLUITING_GELEIDEBAND_60_120X200-D; SVH-KANTOPSLUITING_GELEIDEBAND_60_130 150X250-D; SVH-KANTOPSLUITING_GELEIDEBAND_60_180 200X250-D; SVH-KANTOPSLUITING_GELEIDEBAND_70_150X250-D; SVH-KANTOPSLUITING_GELEIDEBAND_70_200X150-D; SVH-KANTOPSLUITING_GELEIDEBAND_70_200X200-D; SVH-KANTOPSLUITING_GELEIDEBAND_STADSBAND_180_330X400-D; SVH-KANTOPSLUITING_GELEIDEBAND_ZOABBAND_50_200X200-D","*_**_VH_KANTOPSLUITING_GELEIDEBAND","","","","","","","","0.35","20","22","20","20","253","VH-GELEIDEBAND_STELLEN-SO","","","","","","253","","","","","","","253","","","","2393","2386","http://digitalbuildingdata.tech/nlcs/def/e30d6cdb-646b-4b86-a392-aecc46cd5dc0","http://digitalbuildingdata.tech/nlcs/def/76f85557-f1e3-4ce5-a650-07bc9d5b05a8"
"KANTOPSLUITING_BETONRUG","*","_","**","_","VH","_","KANTOPSLUITING","_","BETONRUG","_","","_","","_","","_","","'-","","'-","G","'-","","","*_**_VH_KANTOPSLUITING_BETONRUG","","","","","","","","0.35","7","7","7","7","253","ZZ-HIDDEN-SO","","","","","","253","","","","","","","253","","","","2363","2360","http://digitalbuildingdata.tech/nlcs/def/3d51f71a-b7ec-4adb-a617-850eec90c667","http://digitalbuildingdata.tech/nlcs/def/96d1a759-2387-4188-bc22-5fc00e8fedae"
"KANTOPSLUITING_PLATEAUBAND-OPNIEUW STELLEN","*","_","**","_","VH","_","KANTOPSLUITING","_","PLATEAUBAND","_","","_","","_","","_","","'-","","'-","G","'-","","","*_**_VH_KANTOPSLUITING_PLATEAUBAND","","","","","","","","0.35","30","32","30","30","253","VH-PLATEAUBAND_STELLEN-SO","","","","","","253","","","","","","","253","","","","2412","2410","http://digitalbuildingdata.tech/nlcs/def/b8e0f808-b139-4684-8856-526b52b4f506","http://digitalbuildingdata.tech/nlcs/def/ff273fe8-c0cf-49dc-bf2e-62976530d32f"
"KANTOPSLUITING_OPSLUITBAND-OPNIEUW STELLEN","*","_","**","_","VH","_","KANTOPSLUITING","_","OPSLUITBAND","_","","_","","_","","_","","'-","","'-","G","'-","","","*_**_VH_KANTOPSLUITING_OPSLUITBAND","","","","","","","","0.35","150","152","150","150","253","VH-OPSLUITBAND_STELLEN-SO","","","","","","253","","","","","","","253","","","","2408","2397","http://digitalbuildingdata.tech/nlcs/def/712ebf5c-ba57-40ed-b064-14b41adfa62f","http://digitalbuildingdata.tech/nlcs/def/fb384bbc-bcc8-45cc-aef9-06f8d86b6fd0"
"KANTOPSLUITING_SCHEIDINGSBAND-OPNIEUW STELLEN","*","_","**","_","VH","_","KANTOPSLUITING","_","SCHEIDINGSBAND","_","","_","","_","","_","","'-","","'-","G","'-","","","*_**_VH_KANTOPSLUITING_SCHEIDINGSBAND","","","","","","","","0.35","190","192","190","190","253","VH-SCHEIDINGSBAND_STELLEN-SO","","","","","","253","","","","","","","253","","","","2432","2422","http://digitalbuildingdata.tech/nlcs/def/07f8ebae-2725-4df2-acab-471ca0d9d0aa","http://digitalbuildingdata.tech/nlcs/def/36b236dc-9433-4982-8175-595fc772ca4d"
"KANTOPSLUITING_BUSHALTEBAND-OPNIEUW STELLEN","*","_","**","_","VH","_","KANTOPSLUITING","_","BUSHALTEBAND","_","","_","","_","","_","","'-","","'-","G","'-","","","*_**_VH_KANTOPSLUITING_BUSHALTEBAND","","","","","","","","0.35","30","32","30","30","253","VH-BUSHALTEBAND_STELLEN-SO","","","","","","253","","","","","","","253","","","","2365","2364","http://digitalbuildingdata.tech/nlcs/def/e5f311cd-05de-43e4-a3a9-82f5cf98eb62","http://digitalbuildingdata.tech/nlcs/def/03b9be9d-e6be-4836-a54c-5aea6d77c859"
"KANTOPSLUITING_PWSBAND-OPNIEUW STELLEN","*","_","**","_","VH","_","KANTOPSLUITING","_","PWSBAND","_","","_","","_","","_","","'-","","'-","G","'-","","","*_**_VH_KANTOPSLUITING_PWSBAND","","","","","","","","0.35","120","122","120","120","253","VH-PWSBAND_STELLEN-SO","","","","","","253","","","","","","","253","","","","2415","2413","http://digitalbuildingdata.tech/nlcs/def/23b70692-1372-4cd7-8ce3-a8fb02bc1840","http://digitalbuildingdata.tech/nlcs/def/cc7d2428-9dfd-487e-9c80-428ecd06b365"
"KANTOPSLUITING_TROTTOIRBAND-OPNIEUW STELLEN","*","_","**","_","VH","_","KANTOPSLUITING","_","TROTTOIRBAND","_","","_","","_","","_","","'-","","'-","G","'-","","","*_**_VH_KANTOPSLUITING_TROTTOIRBAND","","","","","","","","0.35","210","212","210","210","253","VH-TROTTOIRBAND_STELLEN-SO","","","","","","253","","","","","","","253","","","","4030","2439","http://digitalbuildingdata.tech/nlcs/def/1b81d604-135f-4197-9477-338aa618c474","http://digitalbuildingdata.tech/nlcs/def/71f1d393-0573-4b39-bc7d-bca6ee283d76"
"KANTOPSLUITING_GAZONBAND-OPNIEUW STELLEN","*","_","**","_","VH","_","KANTOPSLUITING","_","GAZONBAND","_","","_","","_","","_","","'-","","'-","G","'-","","","*_**_VH_KANTOPSLUITING_GAZONBAND","","","","","","","","0.35","90","92","90","90","253","VH-GAZONBAND_STELLEN-SO","","","","","","253","","","","","","","253","","","","2385","2377","http://digitalbuildingdata.tech/nlcs/def/a0cf1e8a-97c8-4ae1-83d7-1d88fc8ea606","http://digitalbuildingdata.tech/nlcs/def/62dc28b8-5927-43c5-acf7-0029168b5b13"
"KANTOPSLUITING_RIJWIELPADBAND-OPNIEUW STELLEN","*","_","**","_","VH","_","KANTOPSLUITING","_","RIJWIELPADBAND","_","","_","","_","","_","","'-","","'-","G","'-","","","*_**_VH_KANTOPSLUITING_RIJWIELPADBAND","","","","","","","","0.35","10","12","10","10","253","VH-RIJWIELPADBAND_STELLEN-SO","","","","","","253","","","","","","","253","","","","2419","2416","http://digitalbuildingdata.tech/nlcs/def/4377521d-b6d2-4664-8563-7ed96ee604c1","http://digitalbuildingdata.tech/nlcs/def/e0526b10-bd33-4abe-bf9a-b6df28c83571"
"KANTOPSLUITING_ASFALTBAND-OPNIEUW STELLEN","*","_","**","_","VH","_","KANTOPSLUITING","_","ASFALTBAND","_","","_","","_","","_","","'-","","'-","G","'-","","","*_**_VH_KANTOPSLUITING_ASFALTBAND","","","","","","","","0.35","0","0","0","0","253","VH-ASFALTBAND_STELLEN-SO","","","","","","253","","","","","","","253","","","","4093","4092","http://digitalbuildingdata.tech/nlcs/def/49ca9769-2466-4c35-8058-f27fcb688cb8","http://digitalbuildingdata.tech/nlcs/def/d43c6136-7fc1-4ad3-8a41-19d46c8b64b4"