"symboolURI","searchterm","sbibliotheek","fase","id","symbool","finalCleanName","optie"
"http://digitalbuildingdata.tech/nlcs/def/07cc2606-8b67-46d0-9774-5f6bfb5f590d","ASFALT","SVH","","1081","SVH-ASFALT-SO","ASFALT","SO"
"http://digitalbuildingdata.tech/nlcs/def/eabdc62d-6447-4a4b-8303-3d792ec4248c","ASFALT","SVH","","1082","SVH-ASFALT_FREESVAK-SO","ASFALT_FREESVAK","SO"
"http://digitalbuildingdata.tech/nlcs/def/10664dbf-bffc-4ae6-a4a6-d7d883d3329e","BASALTONVERHARDING","SVH","","1083","SVH-BASALTONVERHARDING-SO","BASALTONVERHARDING","SO"
"http://digitalbuildingdata.tech/nlcs/def/0312315a-905a-472f-94ef-7ea13cb57e4d","BASALTVERHARDING","SVH","","1084","SVH-BASALTVERHARDING-SO","BASALTVERHARDING","SO"
"http://digitalbuildingdata.tech/nlcs/def/14fb46dd-fc37-40f6-9628-802a02e3f1f5","BENTONIET","SVH","","1085","SVH-BENTONIET-SO","BENTONIET","SO"
"http://digitalbuildingdata.tech/nlcs/def/d8945f62-e2c0-43e4-aa03-bd2989210f20","BESTORTING","SVH","","1086","SVH-BESTORTING_01-SO","BESTORTING_01","SO"
"http://digitalbuildingdata.tech/nlcs/def/23e9ec7e-e895-4069-b411-885c03a9a65b","BESTORTING","SVH","","1087","SVH-BESTORTING_02-SO","BESTORTING_02","SO"
"http://digitalbuildingdata.tech/nlcs/def/7ddb995d-0fdf-4bcc-ae27-5a3bbd644384","BETON","SVH","","1088","SVH-BETON_GEWAPEND_INSITU-SO","BETON_GEWAPEND_INSITU","SO"
"http://digitalbuildingdata.tech/nlcs/def/5523201a-54ad-4c40-ae5b-c9ca5e9c7489","BETON","SVH","","1089","SVH-BETON_ONGEWAPEND_INSITU_01-SO","BETON_ONGEWAPEND_INSITU_01","SO"
"http://digitalbuildingdata.tech/nlcs/def/c702ffde-6a43-4eae-95c0-422aa7ba6bd0","BETON","SVH","","1090","SVH-BETON_ONGEWAPEND_INSITU_02-SO","BETON_ONGEWAPEND_INSITU_02","SO"
"http://digitalbuildingdata.tech/nlcs/def/a8cf1988-c4b0-4e58-a9e6-6f8f35c1a9c5","BETON","SVH","","1091","SVH-BETON_SCHRAAL-SO","BETON_SCHRAAL","SO"
"http://digitalbuildingdata.tech/nlcs/def/76930d13-e53e-43ad-a975-ff1fcca2a87b","BETON","SVH","","1092","SVH-BETON-SO","BETON","SO"
"http://digitalbuildingdata.tech/nlcs/def/33fd96a4-9e44-4cbb-a72f-3b14cc068ad6","BETON","SVH","","1093","SVH-BETONPLAAT_BLOK-SO","BETONPLAAT_BLOK","SO"
"http://digitalbuildingdata.tech/nlcs/def/9d06f3f5-fb09-4184-b372-ecc54fc2950f","BETON","SVH","","1094","SVH-BETONPLAAT_BLOK_RAND-SO","BETONPLAAT_BLOK_RAND","SO"
"http://digitalbuildingdata.tech/nlcs/def/47c9cde8-b1bc-4369-b828-b829cc38092a","BETON","SVH","","1095","SVH-BETONPLAAT_HALFST-SO","BETONPLAAT_HALFST","SO"
"http://digitalbuildingdata.tech/nlcs/def/8973bcd6-2316-4e5f-8216-b3b983f2878d","BSS","SVH","","1096","SVH-BSS_OPENGESTRAAT-SO","BSS_OPENGESTRAAT","SO"
"http://digitalbuildingdata.tech/nlcs/def/7adb9472-39ca-4126-a9d5-6513af6c4567","BSS","SVH","","1097","SVH-BSS_DIKFORMAAT_BLOK-SO","BSS_DIKFORMAAT_BLOK","SO"
"http://digitalbuildingdata.tech/nlcs/def/9c9d249f-e39c-45ed-8ff0-e690e1dd7610","BSS","SVH","","1098","SVH-BSS_DIKFORMAAT_ELLEBOOG-SO","BSS_DIKFORMAAT_ELLEBOOG","SO"
"http://digitalbuildingdata.tech/nlcs/def/4228580b-4253-47c1-bdc5-10203c94ac49","BSS","SVH","","1099","SVH-BSS_DIKFORMAAT_HALFST-SO","BSS_DIKFORMAAT_HALFST","SO"
"http://digitalbuildingdata.tech/nlcs/def/f1c3c5c5-6aa0-42db-b5f9-0d1bd0137802","BSS","SVH","","1100","SVH-BSS_DIKFORMAAT_KEPER-SO","BSS_DIKFORMAAT_KEPER","SO"
"http://digitalbuildingdata.tech/nlcs/def/f88985ed-1f60-4e52-b4a1-837792537a34","BSS","SVH","","1101","SVH-BSS_KEIFORMAAT_BLOK_01-SO","BSS_KEIFORMAAT_BLOK_01","SO"
"http://digitalbuildingdata.tech/nlcs/def/887cb4cf-d258-497a-8a47-fb51dcbe1357","BSS","SVH","","1102","SVH-BSS_KEIFORMAAT_BLOK_02-SO","BSS_KEIFORMAAT_BLOK_02","SO"
"http://digitalbuildingdata.tech/nlcs/def/9807a3cb-207a-4092-8ea0-fbad3adeb95d","BSS","SVH","","1104","SVH-BSS_KEIFORMAAT_BLOK_STREEP-SO","BSS_KEIFORMAAT_BLOK_STREEP","SO"
"http://digitalbuildingdata.tech/nlcs/def/aa539467-f985-46f2-818d-356a2d9b7ab9","BSS","SVH","","1105","SVH-BSS_KEIFORMAAT_DUBBEL-SO","BSS_KEIFORMAAT_DUBBEL","SO"
"http://digitalbuildingdata.tech/nlcs/def/0ac0d616-3fd1-478b-af75-9aaeeae94510","BSS","SVH","","1106","SVH-BSS_KEIFORMAAT_DUBBEL_01-SO","BSS_KEIFORMAAT_DUBBEL_01","SO"
"http://digitalbuildingdata.tech/nlcs/def/38f53eef-a4fa-46e8-9a82-0a6db8cd7140","BSS","SVH","","1107","SVH-BSS_KEIFORMAAT_DUBBEL_02-SO","BSS_KEIFORMAAT_DUBBEL_02","SO"
"http://digitalbuildingdata.tech/nlcs/def/f5111637-5459-43fe-b2ac-d154f5d97e21","BSS","SVH","","1108","SVH-BSS_KEIFORMAAT_ELLEBOOG-SO","BSS_KEIFORMAAT_ELLEBOOG","SO"
"http://digitalbuildingdata.tech/nlcs/def/676ad829-1062-4d8e-a622-ac155b6faa97","BSS","SVH","","1109","SVH-BSS_KEIFORMAAT_HALFST-SO","BSS_KEIFORMAAT_HALFST","SO"
"http://digitalbuildingdata.tech/nlcs/def/88c9dd8f-e993-4a59-bd70-c841a4d86d20","BSS","SVH","","1110","SVH-BSS_KEIFORMAAT_KEPER-SO","BSS_KEIFORMAAT_KEPER","SO"
"http://digitalbuildingdata.tech/nlcs/def/4bf6f8ac-fc77-4dc3-adc8-53a7e9f3491b","BSS","SVH","","1111","SVH-BSS_LINGEFORMAAT_DRIEKWART-SO","BSS_LINGEFORMAAT_DRIEKWART","SO"
"http://digitalbuildingdata.tech/nlcs/def/694396a7-30f1-4b70-892d-cace2e388e2d","BSS","SVH","","1112","SVH-BSS_LINGEFORMAAT_ELLEBOOG-SO","BSS_LINGEFORMAAT_ELLEBOOG","SO"
"http://digitalbuildingdata.tech/nlcs/def/c79ec5cb-f5ed-4f61-99b4-563b1a9d30a8","BSS","SVH","","1113","SVH-BSS_LINGEFORMAAT_KLEZOOR-SO","BSS_LINGEFORMAAT_KLEZOOR","SO"
"http://digitalbuildingdata.tech/nlcs/def/559fa467-e4f8-4fee-b1dd-40f947006cf1","BSS","SVH","","1114","SVH-BSS_WAALFORMAAT_BLOK-SO","BSS_WAALFORMAAT_BLOK","SO"
"http://digitalbuildingdata.tech/nlcs/def/51d46e69-1afa-4fa0-bc86-e50bc496ef93","BSS","SVH","","1115","SVH-BSS_WAALFORMAAT_ELLEBOOG-SO","BSS_WAALFORMAAT_ELLEBOOG","SO"
"http://digitalbuildingdata.tech/nlcs/def/0b18b05d-6402-45c9-8cc9-5bc23ee9c80d","BSS","SVH","","1116","SVH-BSS_WAALFORMAAT_HALFST-SO","BSS_WAALFORMAAT_HALFST","SO"
"http://digitalbuildingdata.tech/nlcs/def/9b11923b-2ab6-48a3-af6e-5de5bc0b65c2","BSS","SVH","","1117","SVH-BSS_WAALFORMAAT_KEPER-SO","BSS_WAALFORMAAT_KEPER","SO"
"http://digitalbuildingdata.tech/nlcs/def/1947b39a-def8-4efa-9125-faad4705fc13","COBBLESTONE","SVH","","1119","SVH-COBBLESTONE-SO","COBBLESTONE","SO"
"http://digitalbuildingdata.tech/nlcs/def/41f9dd1c-96b8-4337-b80f-2f1df26f0d92","DELTA","SVH","","1120","SVH-DELTA-SO","DELTA","SO"
"http://digitalbuildingdata.tech/nlcs/def/982fda3f-4770-4103-b2b4-21e5e647205f","DREMPEL","SVH","B","1121","B-SVH-DREMPEL_PREFAB_1000X1200","DREMPEL_PREFAB_1000X1200",""
"http://digitalbuildingdata.tech/nlcs/def/35ce833d-bd5c-4306-ba04-80ba31dcfc07","DREMPEL","SVH","B","1122","B-SVH-DREMPEL_PREFAB_1000X1200_RUITPROFIEL","DREMPEL_PREFAB_1000X1200_RUITPROFIEL",""
"http://digitalbuildingdata.tech/nlcs/def/34dd954f-c32e-4804-a677-f5dd5e667a73","DREMPEL","SVH","B","1123","B-SVH-DREMPEL_PREFAB_1000X600","DREMPEL_PREFAB_1000X600",""
"http://digitalbuildingdata.tech/nlcs/def/8b9fb78b-c815-4fcd-bc37-b8b2d888e04d","DREMPEL","SVH","B","1124","B-SVH-DREMPEL_PREFAB_1000X600_RUITPROFIEL","DREMPEL_PREFAB_1000X600_RUITPROFIEL",""
"http://digitalbuildingdata.tech/nlcs/def/1cf63aa9-e034-4f1e-af44-7ceda2f7fbfb","DREMPEL","SVH","B","1125","B-SVH-DREMPEL_PREFAB_1200X1000","DREMPEL_PREFAB_1200X1000",""
"http://digitalbuildingdata.tech/nlcs/def/8f99c7aa-6c24-4c0e-b792-3339c14c3cc7","DREMPEL","SVH","B","1126","B-SVH-DREMPEL_PREFAB_1200X1000_RUITPROFIEL","DREMPEL_PREFAB_1200X1000_RUITPROFIEL",""
"http://digitalbuildingdata.tech/nlcs/def/63811fd0-a548-44d0-8079-0139779f255d","DREMPEL","SVH","B","1127","B-SVH-DREMPEL_PREFAB_1200X500","DREMPEL_PREFAB_1200X500",""
"http://digitalbuildingdata.tech/nlcs/def/8cd69b71-b4a7-4c91-9f48-eaaee0f237d3","DREMPEL","SVH","B","1128","B-SVH-DREMPEL_PREFAB_1200X500_RUITPROFIEL","DREMPEL_PREFAB_1200X500_RUITPROFIEL",""
"http://digitalbuildingdata.tech/nlcs/def/51477552-7e59-43ea-8502-a74bb4de79e3","DREMPEL","SVH","B","1129","B-SVH-DREMPEL_PREFAB_1500X1200","DREMPEL_PREFAB_1500X1200",""
"http://digitalbuildingdata.tech/nlcs/def/ae113d04-fad5-4a1b-ad03-f34b31cebcd9","DREMPEL","SVH","B","1130","B-SVH-DREMPEL_PREFAB_1500X1200_RUITPROFIEL","DREMPEL_PREFAB_1500X1200_RUITPROFIEL",""
"http://digitalbuildingdata.tech/nlcs/def/d146910d-d89b-46ab-9d3f-d4b1ae0f9f93","DREMPEL","SVH","B","1131","B-SVH-DREMPEL_PREFAB_1500X600","DREMPEL_PREFAB_1500X600",""
"http://digitalbuildingdata.tech/nlcs/def/3ddf49d0-ea1a-4433-82f8-6359df93bd01","DREMPEL","SVH","B","1132","B-SVH-DREMPEL_PREFAB_1500X600_RUITPROFIEL","DREMPEL_PREFAB_1500X600_RUITPROFIEL",""
"http://digitalbuildingdata.tech/nlcs/def/00e3cf8c-5dba-4217-b31a-4f1488d5a2b8","DREMPEL","SVH","B","1133","B-SVH-DREMPEL_PREFAB_1700X1000","DREMPEL_PREFAB_1700X1000",""
"http://digitalbuildingdata.tech/nlcs/def/d76a6358-24b4-47d5-a92d-6b1c3398e570","DREMPEL","SVH","B","1134","B-SVH-DREMPEL_PREFAB_1700X500","DREMPEL_PREFAB_1700X500",""
"http://digitalbuildingdata.tech/nlcs/def/b366df10-ad51-4c40-be52-77833fec02e8","DREMPEL","SVH","B","1135","B-SVH-DREMPEL_PREFAB_1750X1000","DREMPEL_PREFAB_1750X1000",""
"http://digitalbuildingdata.tech/nlcs/def/20a4246b-d95e-4624-a3b9-5e3ab2b52d59","DREMPEL","SVH","B","1136","B-SVH-DREMPEL_PREFAB_1750X1000_LINKS","DREMPEL_PREFAB_1750X1000_LINKS",""
"http://digitalbuildingdata.tech/nlcs/def/e16c5fad-a5f8-44dc-8d9b-d09b2aea14a2","DREMPEL","SVH","B","1137","B-SVH-DREMPEL_PREFAB_1750X1000_RECHTS","DREMPEL_PREFAB_1750X1000_RECHTS",""
"http://digitalbuildingdata.tech/nlcs/def/49590050-c3a3-4290-a37e-d8ae40ceaae8","DREMPEL","SVH","B","1138","B-SVH-DREMPEL_PREFAB_1750X1200","DREMPEL_PREFAB_1750X1200",""
"http://digitalbuildingdata.tech/nlcs/def/8941f8d4-0a9e-47c5-a09a-62753a3df83a","DREMPEL","SVH","B","1139","B-SVH-DREMPEL_PREFAB_1750X500","DREMPEL_PREFAB_1750X500",""
"http://digitalbuildingdata.tech/nlcs/def/9b56768d-8cb0-4128-817f-95c230a0e63f","DREMPEL","SVH","B","1140","B-SVH-DREMPEL_PREFAB_1750X600","DREMPEL_PREFAB_1750X600",""
"http://digitalbuildingdata.tech/nlcs/def/fd5431b0-8d85-439c-ad14-847ecb2ba2f4","DREMPEL","SVH","B","1141","B-SVH-DREMPEL_PREFAB_2400X1000","DREMPEL_PREFAB_2400X1000",""
"http://digitalbuildingdata.tech/nlcs/def/06cfac71-7be1-44b2-8c6a-c11d8f60d4fa","DREMPEL","SVH","B","1142","B-SVH-DREMPEL_PREFAB_2400X1000_RUITPROFIEL","DREMPEL_PREFAB_2400X1000_RUITPROFIEL",""
"http://digitalbuildingdata.tech/nlcs/def/e8b0a2ff-ba46-49c9-a969-25c1cc5c1adb","DREMPEL","SVH","B","1143","B-SVH-DREMPEL_PREFAB_2400X1200","DREMPEL_PREFAB_2400X1200",""
"http://digitalbuildingdata.tech/nlcs/def/caf5a8e3-847a-44cb-a704-a92e2b424737","DREMPEL","SVH","B","1144","B-SVH-DREMPEL_PREFAB_2400X1200_RUITPROFIEL","DREMPEL_PREFAB_2400X1200_RUITPROFIEL",""
"http://digitalbuildingdata.tech/nlcs/def/baa0c2fe-1246-452e-8cd4-a81f6a468725","DREMPEL","SVH","B","1145","B-SVH-DREMPEL_PREFAB_2400X500","DREMPEL_PREFAB_2400X500",""
"http://digitalbuildingdata.tech/nlcs/def/44e9eb41-d00b-4bf3-862c-6745a0202070","DREMPEL","SVH","B","1146","B-SVH-DREMPEL_PREFAB_2400X500_RUITPROFIEL","DREMPEL_PREFAB_2400X500_RUITPROFIEL",""
"http://digitalbuildingdata.tech/nlcs/def/aa3a24b7-9ca2-4207-b4d0-dc560ad953cb","DREMPEL","SVH","B","1147","B-SVH-DREMPEL_PREFAB_2400X600","DREMPEL_PREFAB_2400X600",""
"http://digitalbuildingdata.tech/nlcs/def/e2d40248-3c2e-4581-a86e-55882eed0a8c","DREMPEL","SVH","B","1148","B-SVH-DREMPEL_PREFAB_2400X600_RUITPROFIEL","DREMPEL_PREFAB_2400X600_RUITPROFIEL",""
"http://digitalbuildingdata.tech/nlcs/def/0a6d4895-4172-415d-9b6d-e490cb15394d","DREMPEL","SVH","B","1149","B-SVH-DREMPEL_PREFAB_2400X750_LINKS","DREMPEL_PREFAB_2400X750_LINKS",""
"http://digitalbuildingdata.tech/nlcs/def/107a212c-285c-494f-bb25-3c3bab7b52a3","DREMPEL","SVH","B","1150","B-SVH-DREMPEL_PREFAB_2400X750_RECHTS","DREMPEL_PREFAB_2400X750_RECHTS",""
"http://digitalbuildingdata.tech/nlcs/def/8c31d8d4-7675-4e80-8de0-18d872e351be","DREMPEL","SVH","B","1151","B-SVH-DREMPEL_PREFAB_2400X750_RUITPROFIEL_LINKS","DREMPEL_PREFAB_2400X750_RUITPROFIEL_LINKS",""
"http://digitalbuildingdata.tech/nlcs/def/79924a7c-6459-4bda-b681-068eb3d68ebb","DREMPEL","SVH","B","1152","B-SVH-DREMPEL_PREFAB_2400X750_RUITPROFIEL_RECHTS","DREMPEL_PREFAB_2400X750_RUITPROFIEL_RECHTS",""
"http://digitalbuildingdata.tech/nlcs/def/4f855254-5996-413e-b9bc-49a7a9105e47","DREMPEL","SVH","B","1153","B-SVH-DREMPEL_PREFAB_3000X1000","DREMPEL_PREFAB_3000X1000",""
"http://digitalbuildingdata.tech/nlcs/def/8f97799c-36d6-4b94-85f0-11b7aef8652d","DREMPEL","SVH","B","1154","B-SVH-DREMPEL_PREFAB_3000X500","DREMPEL_PREFAB_3000X500",""
"http://digitalbuildingdata.tech/nlcs/def/fd8ca32c-92fa-452b-a591-ec62a3dc33e0","DREMPEL","SVH","B","1155","B-SVH-DREMPEL_PREFAB_4000X1000","DREMPEL_PREFAB_4000X1000",""
"http://digitalbuildingdata.tech/nlcs/def/06a5fb7a-5f1c-456a-ba8a-1effa699ea43","DREMPEL","SVH","B","1156","B-SVH-DREMPEL_PREFAB_4000X500","DREMPEL_PREFAB_4000X500",""
"http://digitalbuildingdata.tech/nlcs/def/ff98f0cc-1d89-484f-8a3e-ebb3214ad55a","DREMPEL","SVH","B","1157","B-SVH-DREMPEL_PREFAB_4200X1000","DREMPEL_PREFAB_4200X1000",""
"http://digitalbuildingdata.tech/nlcs/def/623a3d0d-4a93-43ce-aa85-b19b0c88766a","DREMPEL","SVH","B","1158","B-SVH-DREMPEL_PREFAB_900X500","DREMPEL_PREFAB_900X500",""
"http://digitalbuildingdata.tech/nlcs/def/cc9c2006-b882-4ace-9989-c498fab50c04","DREMPEL","SVH","B","1159","B-SVH-DREMPEL_PREFAB_BUS","DREMPEL_PREFAB_BUS",""
"http://digitalbuildingdata.tech/nlcs/def/0cd55cd2-0387-444b-9f72-e62e8f1321e0","DREMPEL","SVH","B","1160","B-SVH-DREMPEL_PREFAB_BUS_LINKS","DREMPEL_PREFAB_BUS_LINKS",""
"http://digitalbuildingdata.tech/nlcs/def/6c7c5111-8d58-4d28-919d-cd47e00d02aa","DREMPEL","SVH","B","1161","B-SVH-DREMPEL_PREFAB_BUS_RECHTS","DREMPEL_PREFAB_BUS_RECHTS",""
"http://digitalbuildingdata.tech/nlcs/def/b6d626e4-0e5a-4aca-8bab-f8071f07a6c2","DREMPEL","SVH","","1162","SVH-DREMPEL_PREFAB_1000X1200","DREMPEL_PREFAB_1000X1200",""
"http://digitalbuildingdata.tech/nlcs/def/f2bea8d2-ecd2-49f3-bd8c-53c9d672b9d5","DREMPEL","SVH","","1163","SVH-DREMPEL_PREFAB_1000X1200_RUITPROFIEL","DREMPEL_PREFAB_1000X1200_RUITPROFIEL",""
"http://digitalbuildingdata.tech/nlcs/def/84f6bcb9-af26-4c87-9744-ac66c3000c1b","DREMPEL","SVH","","1164","SVH-DREMPEL_PREFAB_1000X600","DREMPEL_PREFAB_1000X600",""
"http://digitalbuildingdata.tech/nlcs/def/a41e90b4-65d0-4c68-9a4e-54c2cd8539cc","DREMPEL","SVH","","1165","SVH-DREMPEL_PREFAB_1000X600_RUITPROFIEL","DREMPEL_PREFAB_1000X600_RUITPROFIEL",""
"http://digitalbuildingdata.tech/nlcs/def/c3aaf13f-668e-4d4f-a69f-70f430f29022","DREMPEL","SVH","","1166","SVH-DREMPEL_PREFAB_1200X1000","DREMPEL_PREFAB_1200X1000",""
"http://digitalbuildingdata.tech/nlcs/def/8fb07812-873d-4f14-891b-30133809ba6a","DREMPEL","SVH","","1167","SVH-DREMPEL_PREFAB_1200X1000_RUITPROFIEL","DREMPEL_PREFAB_1200X1000_RUITPROFIEL",""
"http://digitalbuildingdata.tech/nlcs/def/b6c97fcb-9557-4f70-978d-d8d4a4ee335e","DREMPEL","SVH","","1168","SVH-DREMPEL_PREFAB_1200X500","DREMPEL_PREFAB_1200X500",""
"http://digitalbuildingdata.tech/nlcs/def/88f415e9-8f24-4e60-a8f2-925babea2010","DREMPEL","SVH","","1169","SVH-DREMPEL_PREFAB_1200X500_RUITPROFIEL","DREMPEL_PREFAB_1200X500_RUITPROFIEL",""
"http://digitalbuildingdata.tech/nlcs/def/cc364d4c-4539-405e-91d5-3871a507e3a3","DREMPEL","SVH","","1170","SVH-DREMPEL_PREFAB_1500X1200","DREMPEL_PREFAB_1500X1200",""
"http://digitalbuildingdata.tech/nlcs/def/e4dd5be9-2ef5-45df-a1fe-7728b7ba6e4f","DREMPEL","SVH","","1171","SVH-DREMPEL_PREFAB_1500X1200_RUITPROFIEL","DREMPEL_PREFAB_1500X1200_RUITPROFIEL",""
"http://digitalbuildingdata.tech/nlcs/def/b9d26000-35bd-4ec5-b173-5c7f5d3ce6b0","DREMPEL","SVH","","1172","SVH-DREMPEL_PREFAB_1500X600","DREMPEL_PREFAB_1500X600",""
"http://digitalbuildingdata.tech/nlcs/def/8ef669e5-c2b4-44b7-91d2-22a7256cd826","DREMPEL","SVH","","1173","SVH-DREMPEL_PREFAB_1500X600_RUITPROFIEL","DREMPEL_PREFAB_1500X600_RUITPROFIEL",""
"http://digitalbuildingdata.tech/nlcs/def/b7aa29e9-5f6b-4630-8155-5e0a6de60d05","DREMPEL","SVH","","1174","SVH-DREMPEL_PREFAB_1700X1000","DREMPEL_PREFAB_1700X1000",""
"http://digitalbuildingdata.tech/nlcs/def/173d3b84-dce3-4a84-b3a0-2bdeea9733e0","DREMPEL","SVH","","1175","SVH-DREMPEL_PREFAB_1700X500","DREMPEL_PREFAB_1700X500",""
"http://digitalbuildingdata.tech/nlcs/def/c79bc2ce-ffe1-4cd2-a94a-abbb5ea5bada","DREMPEL","SVH","","1176","SVH-DREMPEL_PREFAB_1750X1000","DREMPEL_PREFAB_1750X1000",""
"http://digitalbuildingdata.tech/nlcs/def/e5ea576b-38d5-4fee-bf7a-9111670fa143","DREMPEL","SVH","","1177","SVH-DREMPEL_PREFAB_1750X1000_LINKS","DREMPEL_PREFAB_1750X1000_LINKS",""
"http://digitalbuildingdata.tech/nlcs/def/78575384-69c0-474c-9220-986ba5d53167","DREMPEL","SVH","","1178","SVH-DREMPEL_PREFAB_1750X1000_RECHTS","DREMPEL_PREFAB_1750X1000_RECHTS",""
"http://digitalbuildingdata.tech/nlcs/def/fca28792-2631-431b-9710-1f5509a69bdc","DREMPEL","SVH","","1179","SVH-DREMPEL_PREFAB_1750X1200","DREMPEL_PREFAB_1750X1200",""
"http://digitalbuildingdata.tech/nlcs/def/7d336410-1fd0-4ee9-9876-84da302b0b3b","DREMPEL","SVH","","1180","SVH-DREMPEL_PREFAB_1750X500","DREMPEL_PREFAB_1750X500",""
"http://digitalbuildingdata.tech/nlcs/def/6092d4af-5361-47fe-a07e-64a00e787e41","DREMPEL","SVH","","1181","SVH-DREMPEL_PREFAB_1750X600","DREMPEL_PREFAB_1750X600",""
"http://digitalbuildingdata.tech/nlcs/def/a555de52-d7e3-4690-9745-25fb13e13129","DREMPEL","SVH","","1182","SVH-DREMPEL_PREFAB_2400X1000","DREMPEL_PREFAB_2400X1000",""
"http://digitalbuildingdata.tech/nlcs/def/b6c7ffd5-4504-4aed-9925-b28f4b1f10dd","DREMPEL","SVH","","1183","SVH-DREMPEL_PREFAB_2400X1000_RUITPROFIEL","DREMPEL_PREFAB_2400X1000_RUITPROFIEL",""
"http://digitalbuildingdata.tech/nlcs/def/5944ce76-cf4f-45b5-9367-3234abac4f85","DREMPEL","SVH","","1184","SVH-DREMPEL_PREFAB_2400X1200","DREMPEL_PREFAB_2400X1200",""
"http://digitalbuildingdata.tech/nlcs/def/2c0e4e2d-7dad-4987-bbda-08b7bc0f06b5","DREMPEL","SVH","","1185","SVH-DREMPEL_PREFAB_2400X1200_RUITPROFIEL","DREMPEL_PREFAB_2400X1200_RUITPROFIEL",""
"http://digitalbuildingdata.tech/nlcs/def/6d2b4f56-b893-4207-bdde-81a3643c8f33","DREMPEL","SVH","","1186","SVH-DREMPEL_PREFAB_2400X500","DREMPEL_PREFAB_2400X500",""
"http://digitalbuildingdata.tech/nlcs/def/350d274b-f699-4a04-a793-583c0c7bd2a2","DREMPEL","SVH","","1187","SVH-DREMPEL_PREFAB_2400X500_RUITPROFIEL","DREMPEL_PREFAB_2400X500_RUITPROFIEL",""
"http://digitalbuildingdata.tech/nlcs/def/1af8bfcc-87ff-4969-bb80-3b2bd2d9df1c","DREMPEL","SVH","","1188","SVH-DREMPEL_PREFAB_2400X600","DREMPEL_PREFAB_2400X600",""
"http://digitalbuildingdata.tech/nlcs/def/d1299e05-4de6-4019-bda4-29e2b6b29859","DREMPEL","SVH","","1189","SVH-DREMPEL_PREFAB_2400X600_RUITPROFIEL","DREMPEL_PREFAB_2400X600_RUITPROFIEL",""
"http://digitalbuildingdata.tech/nlcs/def/906a5e20-0e81-4d71-b506-19635d30cef6","DREMPEL","SVH","","1190","SVH-DREMPEL_PREFAB_2400X750_LINKS","DREMPEL_PREFAB_2400X750_LINKS",""
"http://digitalbuildingdata.tech/nlcs/def/8f9a45d9-788e-4d2d-97cf-8ec7791c77f2","DREMPEL","SVH","","1191","SVH-DREMPEL_PREFAB_2400X750_RECHTS","DREMPEL_PREFAB_2400X750_RECHTS",""
"http://digitalbuildingdata.tech/nlcs/def/924e57d8-f6d0-411b-90b3-032a7a2e5469","DREMPEL","SVH","","1192","SVH-DREMPEL_PREFAB_2400X750_RUITPROFIEL_LINKS","DREMPEL_PREFAB_2400X750_RUITPROFIEL_LINKS",""
"http://digitalbuildingdata.tech/nlcs/def/d6443431-0a56-4c72-816d-213600515c2e","DREMPEL","SVH","","1193","SVH-DREMPEL_PREFAB_2400X750_RUITPROFIEL_RECHTS","DREMPEL_PREFAB_2400X750_RUITPROFIEL_RECHTS",""
"http://digitalbuildingdata.tech/nlcs/def/a7b9d190-06c6-44da-813a-bd1eb3e3d70e","DREMPEL","SVH","","1194","SVH-DREMPEL_PREFAB_3000X1000","DREMPEL_PREFAB_3000X1000",""
"http://digitalbuildingdata.tech/nlcs/def/a005499b-c616-49f3-8b9b-b45b8aa95564","DREMPEL","SVH","","1195","SVH-DREMPEL_PREFAB_3000X500","DREMPEL_PREFAB_3000X500",""
"http://digitalbuildingdata.tech/nlcs/def/2cfa35ae-5d8a-4f45-90a4-afab9eb2bf49","DREMPEL","SVH","","1196","SVH-DREMPEL_PREFAB_4000X1000","DREMPEL_PREFAB_4000X1000",""
"http://digitalbuildingdata.tech/nlcs/def/81010297-e070-4211-9162-6804238ebcc1","DREMPEL","SVH","","1197","SVH-DREMPEL_PREFAB_4000X500","DREMPEL_PREFAB_4000X500",""
"http://digitalbuildingdata.tech/nlcs/def/0cbcae9f-3381-4e9d-a464-65e3dbb621c1","DREMPEL","SVH","","1198","SVH-DREMPEL_PREFAB_4200X1000","DREMPEL_PREFAB_4200X1000",""
"http://digitalbuildingdata.tech/nlcs/def/a44ffe57-2c6d-4f81-b3e2-73cc06402c57","DREMPEL","SVH","","1199","SVH-DREMPEL_PREFAB_900X500","DREMPEL_PREFAB_900X500",""
"http://digitalbuildingdata.tech/nlcs/def/17cd76fa-0bec-4734-a3b5-1e18e158791d","DREMPEL","SVH","","1200","SVH-DREMPEL_PREFAB_BUS","DREMPEL_PREFAB_BUS",""
"http://digitalbuildingdata.tech/nlcs/def/7c2b2757-e9b0-470a-a032-482bad56a1bd","DREMPEL","SVH","","1201","SVH-DREMPEL_PREFAB_BUS_LINKS","DREMPEL_PREFAB_BUS_LINKS",""
"http://digitalbuildingdata.tech/nlcs/def/d4455111-470b-4ea6-9a8a-40190cae4e00","DREMPEL","SVH","","1202","SVH-DREMPEL_PREFAB_BUS_RECHTS","DREMPEL_PREFAB_BUS_RECHTS",""
"http://digitalbuildingdata.tech/nlcs/def/3de9768d-9024-45c7-b36e-ee7ee4ebb49d","FUNDERING","SVH","","1203","SVH-FUNDERING_01-SO","FUNDERING_01","SO"
"http://digitalbuildingdata.tech/nlcs/def/cff78333-c968-4ab2-9fc4-fedacfc64675","FUNDERING","SVH","","1204","SVH-FUNDERING_02-SO","FUNDERING_02","SO"
"http://digitalbuildingdata.tech/nlcs/def/9e18d61f-391e-490c-b082-5e191cf59b2d","FUNDERING","SVH","","1205","SVH-FUNDERING_BIMS-SO","FUNDERING_BIMS","SO"
"http://digitalbuildingdata.tech/nlcs/def/03bee49a-f690-4af4-8d9e-91727e7288e7","FUNDERING","SVH","","1206","SVH-FUNDERING_EPS-SO","FUNDERING_EPS","SO"
"http://digitalbuildingdata.tech/nlcs/def/948d1e5f-787b-4172-bade-500a9735ab77","FUNDERING","SVH","","1207","SVH-FUNDERING_OVERIG-SO","FUNDERING_OVERIG","SO"
"http://digitalbuildingdata.tech/nlcs/def/138d1be3-b1f9-4ea0-9133-2b3f76191c7d","FUNDERING","SVH","","1208","SVH-FUNDERING_ZAND-SO","FUNDERING_ZAND","SO"
"http://digitalbuildingdata.tech/nlcs/def/7388b2ef-9590-48f0-b202-258cf214b5c9","FUNDERING","SVH","","1209","SVH-FUNDERING_ZANDCEMENTSTAB-SO","FUNDERING_ZANDCEMENTSTAB","SO"
"http://digitalbuildingdata.tech/nlcs/def/b49b75b1-af06-4da9-a297-edfe29fc3a31","FUNDERING","SVH","","1210","SVH-FUNDERING_GRANULAAT-SO","FUNDERING_GRANULAAT","SO"
"http://digitalbuildingdata.tech/nlcs/def/3eb83fa0-e6f4-48ab-8800-f2999ceb6808","FUNDERING","SVH","","1211","SVH-FUNDERING_GRANULAAT_BETON-SO","FUNDERING_GRANULAAT_BETON","SO"
"http://digitalbuildingdata.tech/nlcs/def/e1bbd7a2-c78e-4b5e-8031-d0a225750fe0","FUNDERING","SVH","","1212","SVH-FUNDERING_GRANULAAT_KLEIKORR-SO","FUNDERING_GRANULAAT_KLEIKORR","SO"
"http://digitalbuildingdata.tech/nlcs/def/a514f15c-6726-49ea-84ef-f2c4681e4e70","FUNDERING","SVH","","1213","SVH-FUNDERING_GRANULAAT_LAVA-SO","FUNDERING_GRANULAAT_LAVA","SO"
"http://digitalbuildingdata.tech/nlcs/def/98bd1bc8-75d5-4ce0-8b76-fbff2c4ba2b9","FUNDERING","SVH","","1214","SVH-FUNDERING_GRANULAAT_MENG_01-SO","FUNDERING_GRANULAAT_MENG_01","SO"
"http://digitalbuildingdata.tech/nlcs/def/f1049c35-6dfa-4300-81c2-657989bbde31","FUNDERING","SVH","","1215","SVH-FUNDERING_GRANULAAT_MENG_02-SO","FUNDERING_GRANULAAT_MENG_02","SO"
"http://digitalbuildingdata.tech/nlcs/def/b5abd366-caae-4f5d-9b04-7e5f30fd57e8","FUNDERING","SVH","","1216","SVH-FUNDERING_GRANULAAT_PUIN-SO","FUNDERING_GRANULAAT_PUIN","SO"
"http://digitalbuildingdata.tech/nlcs/def/6d333f3b-805b-4b3c-9d81-a22da41282fd","FUNDERING","SVH","","1217","SVH-FUNDERING_GRANULAAT_SINTELS-SO","FUNDERING_GRANULAAT_SINTELS","SO"
"http://digitalbuildingdata.tech/nlcs/def/f14ac47e-06a6-4d07-a9e8-2425d0a5cc62","GEOTEXTIEL","SVH","","1218","SVH-GEOTEXTIEL-SO","GEOTEXTIEL","SO"
"http://digitalbuildingdata.tech/nlcs/def/6a4c2d0a-7dfe-4b96-a3a8-e83fb06cf4c8","GLAS","SVH","","1219","SVH-GLAS-SO","GLAS","SO"
"http://digitalbuildingdata.tech/nlcs/def/cb147b2d-9135-4a9d-af23-6795cf07896d","GRAS","SVH","","1220","SVH-GRAS_GESTABILISEERD-SO","GRAS_GESTABILISEERD","SO"
"http://digitalbuildingdata.tech/nlcs/def/4072d51a-7a14-4623-84ac-b5a989ff8946","GRASBETONSTEEN","SVH","","1221","SVH-GRASBETONSTEEN_01-SO","GRASBETONSTEEN_01","SO"
"http://digitalbuildingdata.tech/nlcs/def/30448aa2-d101-402c-9d5d-26cd0e7e294d","GRASBETONSTEEN","SVH","","1222","SVH-GRASBETONSTEEN_02-SO","GRASBETONSTEEN_02","SO"
"http://digitalbuildingdata.tech/nlcs/def/6b6c811b-055a-4506-aa72-11e48c833263","GRASPLAAT","SVH","","1223","SVH-GRASPLAAT-SO","GRASPLAAT","SO"
"http://digitalbuildingdata.tech/nlcs/def/960883cc-6b95-493e-9995-b9c7e3ebc36d","GRASTEGEL","SVH","","1224","SVH-GRASTEGEL_01-SO","GRASTEGEL_01","SO"
"http://digitalbuildingdata.tech/nlcs/def/1ccd0af8-9060-47fd-ad35-36990c7b2761","GRASTEGEL","SVH","","1225","SVH-GRASTEGEL_02-SO","GRASTEGEL_02","SO"
"http://digitalbuildingdata.tech/nlcs/def/ce92f101-4306-42e2-9c58-7e7efdb22057","GRASTEGEL","SVH","","1226","SVH-GRASTEGEL_STIP-SO","GRASTEGEL_STIP","SO"
"http://digitalbuildingdata.tech/nlcs/def/36929a17-fef9-497d-b120-7f87c0a31658","GRIND","SVH","","1227","SVH-GRIND-SO","GRIND","SO"
"http://digitalbuildingdata.tech/nlcs/def/c27ce470-1eff-4f8e-bf43-f4ae8e3ce6b6","HALFVERHARDING","SVH","","1228","SVH-HALFVERHARDING_01-SO","HALFVERHARDING_01","SO"
"http://digitalbuildingdata.tech/nlcs/def/c719abd4-4667-4fc6-81d3-d75a83f6cc5f","HALFVERHARDING","SVH","","1229","SVH-HALFVERHARDING_02-SO","HALFVERHARDING_02","SO"
"http://digitalbuildingdata.tech/nlcs/def/55f4cad5-3780-40fc-bed3-406135c98cb1","HALFVERHARDING","SVH","","1230","SVH-HALFVERHARDING_GRIND_01-SO","HALFVERHARDING_GRIND_01","SO"
"http://digitalbuildingdata.tech/nlcs/def/a2617ad6-1411-4ad0-b78b-6c9938cd53cf","HALFVERHARDING","SVH","","1231","SVH-HALFVERHARDING_GRIND_02-SO","HALFVERHARDING_GRIND_02","SO"
"http://digitalbuildingdata.tech/nlcs/def/b5696314-b777-46e5-b97c-aa0718302e98","HALFVERHARDING","SVH","","1233","SVH-HALFVERHARDING_SCHELPEN-SO","HALFVERHARDING_SCHELPEN","SO"
"http://digitalbuildingdata.tech/nlcs/def/eec9ed2a-5b48-487b-95e1-459c4c7c699d","HOUTSNIPPERS","SVH","","1234","SVH-HOUTSNIPPERS-SO","HOUTSNIPPERS","SO"
"http://digitalbuildingdata.tech/nlcs/def/45f79a87-4161-483e-b1f9-ad58669a2a7a","HSTEEN","SVH","","1235","SVH-HSTEEN-SO","HSTEEN","SO"
"http://digitalbuildingdata.tech/nlcs/def/bbe90093-12cd-49be-b705-d94e3e1b5056","KANTOPSLUITING","SVH","","1266","SVH-KANTOPSLUITING_HOEKBLOK_180 200_R50","KANTOPSLUITING_HOEKBLOK_180 200_R50",""
"http://digitalbuildingdata.tech/nlcs/def/0117808f-f233-4c6c-9913-9796160d1ca4","KANTOPSLUITING","SVH","","1267","SVH-KANTOPSLUITING_HOEKSTUK_INWENDIG_100X200","KANTOPSLUITING_HOEKSTUK_INWENDIG_100X200",""
"http://digitalbuildingdata.tech/nlcs/def/da3a639d-5dbc-469b-83b3-2288ed6d6f09","KANTOPSLUITING","SVH","","1268","SVH-KANTOPSLUITING_HOEKSTUK_INWENDIG_130 150","KANTOPSLUITING_HOEKSTUK_INWENDIG_130 150",""
"http://digitalbuildingdata.tech/nlcs/def/eed7a5ca-5eb1-467c-8a51-a6e1193f9cc2","KANTOPSLUITING","SVH","","1269","SVH-KANTOPSLUITING_HOEKSTUK_INWENDIG_130 150_SCHUIN","KANTOPSLUITING_HOEKSTUK_INWENDIG_130 150_SCHUIN",""
"http://digitalbuildingdata.tech/nlcs/def/15b7c6bd-344f-4659-b56f-1b402dd12465","KANTOPSLUITING","SVH","","1270","SVH-KANTOPSLUITING_HOEKSTUK_INWENDIG_180 200","KANTOPSLUITING_HOEKSTUK_INWENDIG_180 200",""
"http://digitalbuildingdata.tech/nlcs/def/5ec4379e-9a51-4f35-bb07-c810e11eecfd","KANTOPSLUITING","SVH","","1271","SVH-KANTOPSLUITING_HOEKSTUK_INWENDIG_180 200X40","KANTOPSLUITING_HOEKSTUK_INWENDIG_180 200X40",""
"http://digitalbuildingdata.tech/nlcs/def/1f1d375f-1098-479f-a14d-5031b0db4c13","KANTOPSLUITING","SVH","","1272","SVH-KANTOPSLUITING_HOEKSTUK_INWENDIG_180 200_SCHUIN","KANTOPSLUITING_HOEKSTUK_INWENDIG_180 200_SCHUIN",""
"http://digitalbuildingdata.tech/nlcs/def/4dc76d11-1a0b-4173-a99f-1af584f615a8","KANTOPSLUITING","SVH","","1273","SVH-KANTOPSLUITING_HOEKSTUK_INWENDIG_70X200","KANTOPSLUITING_HOEKSTUK_INWENDIG_70X200",""
"http://digitalbuildingdata.tech/nlcs/def/4b02b612-0aef-4c63-9ab2-e8f5fca4038a","KANTOPSLUITING","SVH","","1274","SVH-KANTOPSLUITING_HOEKSTUK_INWENDIG_70X200_SCHUIN","KANTOPSLUITING_HOEKSTUK_INWENDIG_70X200_SCHUIN",""
"http://digitalbuildingdata.tech/nlcs/def/274c62be-64ee-4afc-a3fa-6fc64215e3a9","KANTOPSLUITING","SVH","","1275","SVH-KANTOPSLUITING_HOEKSTUK_UITWENDIG_100X200","KANTOPSLUITING_HOEKSTUK_UITWENDIG_100X200",""
"http://digitalbuildingdata.tech/nlcs/def/4f10f4ab-b71c-4bcf-8c98-1525924ec03e","KANTOPSLUITING","SVH","","1276","SVH-KANTOPSLUITING_HOEKSTUK_UITWENDIG_130 150","KANTOPSLUITING_HOEKSTUK_UITWENDIG_130 150",""
"http://digitalbuildingdata.tech/nlcs/def/26c4ba5d-c8db-497d-9665-c59cd0d0f502","KANTOPSLUITING","SVH","","1277","SVH-KANTOPSLUITING_HOEKSTUK_UITWENDIG_130 150_SCHUIN","KANTOPSLUITING_HOEKSTUK_UITWENDIG_130 150_SCHUIN",""
"http://digitalbuildingdata.tech/nlcs/def/09dcff41-f5ba-48fb-9e8e-b88e2a40054a","KANTOPSLUITING","SVH","","1278","SVH-KANTOPSLUITING_HOEKSTUK_UITWENDIG_180 200","KANTOPSLUITING_HOEKSTUK_UITWENDIG_180 200",""
"http://digitalbuildingdata.tech/nlcs/def/bd20ac84-de92-4cd6-a950-13dd8eeae214","KANTOPSLUITING","SVH","","1279","SVH-KANTOPSLUITING_HOEKSTUK_UITWENDIG_180 200X400","KANTOPSLUITING_HOEKSTUK_UITWENDIG_180 200X400",""
"http://digitalbuildingdata.tech/nlcs/def/ea411bd4-30ae-4f05-b603-489f48101157","KANTOPSLUITING","SVH","","1280","SVH-KANTOPSLUITING_HOEKSTUK_UITWENDIG_180 200_SCHUIN","KANTOPSLUITING_HOEKSTUK_UITWENDIG_180 200_SCHUIN",""
"http://digitalbuildingdata.tech/nlcs/def/2c287a03-e74a-446f-94d5-195be201fb33","KANTOPSLUITING","SVH","","1281","SVH-KANTOPSLUITING_HOEKSTUK_UITWENDIG_70X200","KANTOPSLUITING_HOEKSTUK_UITWENDIG_70X200",""
"http://digitalbuildingdata.tech/nlcs/def/212cf196-7940-44e5-ac58-af563ab55e58","KANTOPSLUITING","SVH","","1282","SVH-KANTOPSLUITING_HOEKSTUK_UITWENDIG_70X200_SCHUIN","KANTOPSLUITING_HOEKSTUK_UITWENDIG_70X200_SCHUIN",""
"http://digitalbuildingdata.tech/nlcs/def/06450822-912e-4c93-b241-a2ab0740edbb","KANTOPSLUITING","SVH","","1283","SVH-KANTOPSLUITING_VERLOOP_100X200_130 150X250_LINKS","KANTOPSLUITING_VERLOOP_100X200_130 150X250_LINKS",""
"http://digitalbuildingdata.tech/nlcs/def/8613b64b-bc83-4b1f-875b-d962833fea7e","KANTOPSLUITING","SVH","","1284","SVH-KANTOPSLUITING_VERLOOP_100X200_130 150X250_RECHTS","KANTOPSLUITING_VERLOOP_100X200_130 150X250_RECHTS",""
"http://digitalbuildingdata.tech/nlcs/def/07f974a5-999a-45b5-938d-c694b7dd4169","KANTOPSLUITING","SVH","","1285","SVH-KANTOPSLUITING_VERLOOP_100X200_180 200X250_LINKS","KANTOPSLUITING_VERLOOP_100X200_180 200X250_LINKS",""
"http://digitalbuildingdata.tech/nlcs/def/37bd39a2-8592-443c-a6e3-c7a6c32761ac","KANTOPSLUITING","SVH","","1286","SVH-KANTOPSLUITING_VERLOOP_100X200_180 200X250_RECHTS","KANTOPSLUITING_VERLOOP_100X200_180 200X250_RECHTS",""
"http://digitalbuildingdata.tech/nlcs/def/e332eb03-750e-4ea8-9337-46a539dd0263","KANTOPSLUITING","SVH","","1287","SVH-KANTOPSLUITING_VERLOOP_120X250_130 150X250_LINKS","KANTOPSLUITING_VERLOOP_120X250_130 150X250_LINKS",""
"http://digitalbuildingdata.tech/nlcs/def/727d5254-a4fe-4924-ac26-07e2318a9caa","KANTOPSLUITING","SVH","","1288","SVH-KANTOPSLUITING_VERLOOP_120X250_130 150X250_RECHTS","KANTOPSLUITING_VERLOOP_120X250_130 150X250_RECHTS",""
"http://digitalbuildingdata.tech/nlcs/def/8ac52be6-8535-41b6-82f4-d18de568b4c7","KANTOPSLUITING","SVH","","1289","SVH-KANTOPSLUITING_VERLOOP_130 150X250_110 220X250_LINKS","KANTOPSLUITING_VERLOOP_130 150X250_110 220X250_LINKS",""
"http://digitalbuildingdata.tech/nlcs/def/9750629f-a5f9-418a-8c2d-8fd59639458f","KANTOPSLUITING","SVH","","1290","SVH-KANTOPSLUITING_VERLOOP_130 150X250_110 220X250_RECHTS","KANTOPSLUITING_VERLOOP_130 150X250_110 220X250_RECHTS",""
"http://digitalbuildingdata.tech/nlcs/def/f01fd796-ae69-4591-8a2d-460df2afe3f2","KANTOPSLUITING","SVH","","1291","SVH-KANTOPSLUITING_VERLOOP_130 150X250_120X250_LINKS","KANTOPSLUITING_VERLOOP_130 150X250_120X250_LINKS",""
"http://digitalbuildingdata.tech/nlcs/def/bcfb0130-2045-4e3e-b730-fa80b8ab1cf9","KANTOPSLUITING","SVH","","1292","SVH-KANTOPSLUITING_VERLOOP_130 150X250_120X250_RECHTS","KANTOPSLUITING_VERLOOP_130 150X250_120X250_RECHTS",""
"http://digitalbuildingdata.tech/nlcs/def/b702ae7a-29c0-4dc1-aa0f-b768855e0c6f","KANTOPSLUITING","SVH","","1293","SVH-KANTOPSLUITING_VERLOOP_130 150X250_180 200X250_LINKS","KANTOPSLUITING_VERLOOP_130 150X250_180 200X250_LINKS",""
"http://digitalbuildingdata.tech/nlcs/def/959ad962-3d1f-4667-b252-ccc50d43312e","KANTOPSLUITING","SVH","","1294","SVH-KANTOPSLUITING_VERLOOP_130 150X250_180 200X250_RECHTS","KANTOPSLUITING_VERLOOP_130 150X250_180 200X250_RECHTS",""
"http://digitalbuildingdata.tech/nlcs/def/6e29bb7e-bedc-4629-a634-e48fa399e429","KANTOPSLUITING","SVH","","1295","SVH-KANTOPSLUITING_VERLOOP_130 150X250_50 200X200_LINKS","KANTOPSLUITING_VERLOOP_130 150X250_50 200X200_LINKS",""
"http://digitalbuildingdata.tech/nlcs/def/ada9aff3-5bce-4a0c-8d79-de6a145813c8","KANTOPSLUITING","SVH","","1296","SVH-KANTOPSLUITING_VERLOOP_130 150X250_50 200X200_RECHTS","KANTOPSLUITING_VERLOOP_130 150X250_50 200X200_RECHTS",""
"http://digitalbuildingdata.tech/nlcs/def/7b0487b4-17b5-4002-a5b2-685ef7ffc94b","KANTOPSLUITING","SVH","","1297","SVH-KANTOPSLUITING_VERLOOP_180 200X250_110 220X250_LINKS","KANTOPSLUITING_VERLOOP_180 200X250_110 220X250_LINKS",""
"http://digitalbuildingdata.tech/nlcs/def/e4f59d4a-9f43-44ed-9fed-ef01b4925be7","KANTOPSLUITING","SVH","","1298","SVH-KANTOPSLUITING_VERLOOP_180 200X250_110 220X250_RECHTS","KANTOPSLUITING_VERLOOP_180 200X250_110 220X250_RECHTS",""
"http://digitalbuildingdata.tech/nlcs/def/f69fe261-2fc1-41ae-be2d-0ea4bdb6ea5c","KANTOPSLUITING","SVH","","1299","SVH-KANTOPSLUITING_VERLOOP_180 200X250_40 120X250_LINKS","KANTOPSLUITING_VERLOOP_180 200X250_40 120X250_LINKS",""
"http://digitalbuildingdata.tech/nlcs/def/9cc64d16-b754-4e73-9a2b-ad351b90ac58","KANTOPSLUITING","SVH","","1300","SVH-KANTOPSLUITING_VERLOOP_180 200X250_40 120X250_RECHTS","KANTOPSLUITING_VERLOOP_180 200X250_40 120X250_RECHTS",""
"http://digitalbuildingdata.tech/nlcs/def/d656c530-78fb-4651-b49a-0281d3cc8f18","KANTOPSLUITING","SVH","","1301","SVH-KANTOPSLUITING_VERLOOP_180 200X250_50 200X200_LINKS","KANTOPSLUITING_VERLOOP_180 200X250_50 200X200_LINKS",""
"http://digitalbuildingdata.tech/nlcs/def/87c4c54a-31cd-420e-9649-47371b51e52e","KANTOPSLUITING","SVH","","1302","SVH-KANTOPSLUITING_VERLOOP_180 200X250_50 200X200_RECHTS","KANTOPSLUITING_VERLOOP_180 200X250_50 200X200_RECHTS",""
"http://digitalbuildingdata.tech/nlcs/def/46ade4fc-635f-4579-9155-851432087556","KANTOPSLUITING","SVH","","1303","SVH-KANTOPSLUITING_VERLOOP_40 120X250_120X250_LINKS","KANTOPSLUITING_VERLOOP_40 120X250_120X250_LINKS",""
"http://digitalbuildingdata.tech/nlcs/def/5d4562af-f576-4e97-9cf9-84b1992bbe17","KANTOPSLUITING","SVH","","1304","SVH-KANTOPSLUITING_VERLOOP_40 120X250_120X250_RECHTS","KANTOPSLUITING_VERLOOP_40 120X250_120X250_RECHTS",""
"http://digitalbuildingdata.tech/nlcs/def/601187ac-40c6-43ca-a15a-e4d6f24ff4d0","KANTOPSLUITING","SVH","","1305","SVH-KANTOPSLUITING_VERLOOP_40 120X250_130 150X250_LINKS","KANTOPSLUITING_VERLOOP_40 120X250_130 150X250_LINKS",""
"http://digitalbuildingdata.tech/nlcs/def/8a476ec2-fab9-42a2-97fb-0d3a2ea7a5d2","KANTOPSLUITING","SVH","","1306","SVH-KANTOPSLUITING_VERLOOP_40 120X250_130 150X250_RECHTS","KANTOPSLUITING_VERLOOP_40 120X250_130 150X250_RECHTS",""
"http://digitalbuildingdata.tech/nlcs/def/4f2772ad-c554-4b15-b870-c327abd1326a","KANTOPSLUITING","SVH","","1307","SVH-KANTOPSLUITING_VERLOOP_70 120X200_130 150X250_LINKS","KANTOPSLUITING_VERLOOP_70 120X200_130 150X250_LINKS",""
"http://digitalbuildingdata.tech/nlcs/def/4e4d7020-4773-4e78-b607-116d04f3ca78","KANTOPSLUITING","SVH","","1308","SVH-KANTOPSLUITING_VERLOOP_70 120X200_130 150X250_RECHTS","KANTOPSLUITING_VERLOOP_70 120X200_130 150X250_RECHTS",""
"http://digitalbuildingdata.tech/nlcs/def/a6df7bc9-3599-4ba0-9772-5523941a1add","METSELWERK","SVH","","1309","SVH-METSELWERK-SO","METSELWERK","SO"
"http://digitalbuildingdata.tech/nlcs/def/290f0de4-40a1-4ef9-a26c-42eca8126332","NATUURSTEEN","SVH","","1310","SVH-NATUURSTEEN_01-SO","NATUURSTEEN_01","SO"
"http://digitalbuildingdata.tech/nlcs/def/98ac8850-a93a-4be3-91f8-cbcb34ee89fa","NATUURSTEEN","SVH","","1311","SVH-NATUURSTEEN_02-SO","NATUURSTEEN_02","SO"
"http://digitalbuildingdata.tech/nlcs/def/268e77bb-2ba2-45dd-9bba-8ff3fb6c6999","NATUURSTEEN","SVH","","1312","SVH-NATUURSTEEN-SO","NATUURSTEEN","SO"
"http://digitalbuildingdata.tech/nlcs/def/8c2bd831-5604-4af5-8e4b-e0c2b66882ce","NATUURSTEEN","SVH","","1315","SVH-NATUURSTEEN_KINDERKOP_HALFST-SO","NATUURSTEEN_KINDERKOP_HALFST","SO"
"http://digitalbuildingdata.tech/nlcs/def/4b4e145a-2daf-4464-9ad1-1e4f5ef4722d","NATUURSTEEN","SVH","","1316","SVH-NATUURSTEEN_LOSVERBAND_01-SO","NATUURSTEEN_LOSVERBAND_01","SO"
"http://digitalbuildingdata.tech/nlcs/def/bf168578-6811-48ba-be27-c75c5eabf687","NATUURSTEEN","SVH","","1317","SVH-NATUURSTEEN_LOSVERBAND_02-SO","NATUURSTEEN_LOSVERBAND_02","SO"
"http://digitalbuildingdata.tech/nlcs/def/5b72013d-2328-4aba-8049-9a7708340202","SPECIAAL","SVH","","1318","SVH-SPECIAAL_OVERIG_01-SO","SPECIAAL_OVERIG_01","SO"
"http://digitalbuildingdata.tech/nlcs/def/225fbe1f-7fd6-4e13-b6b7-d1b46e0421c8","SPECIAAL","SVH","","1319","SVH-SPECIAAL_OVERIG_02-SO","SPECIAAL_OVERIG_02","SO"
"http://digitalbuildingdata.tech/nlcs/def/1b371746-c3bd-4dee-8174-096125bf5145","SPECIAAL","SVH","","1323","SVH-SPECIAAL_OVERIG_KOPSHOUT-SO","SPECIAAL_OVERIG_KOPSHOUT","SO"
"http://digitalbuildingdata.tech/nlcs/def/8d73c7f2-81e2-4004-9521-62170f6eb643","SPECIAAL","SVH","","1324","SVH-SPECIAAL_OVERIG_LANGSHOUT-SO","SPECIAAL_OVERIG_LANGSHOUT","SO"
"http://digitalbuildingdata.tech/nlcs/def/7512a104-7f58-467a-8ada-9f81f7691424","SPECIAAL","SVH","","1325","SVH-SPECIAAL_OVERIG_TRANENPLAAT_01-SO","SPECIAAL_OVERIG_TRANENPLAAT_01","SO"
"http://digitalbuildingdata.tech/nlcs/def/e89449d2-96ba-4775-8757-fe1d50b9b486","SPECIAAL","SVH","","1326","SVH-SPECIAAL_OVERIG_TRANENPLAAT_02-SO","SPECIAAL_OVERIG_TRANENPLAAT_02","SO"
"http://digitalbuildingdata.tech/nlcs/def/6b5b8ad4-9e4a-4799-b9e8-6525a1acf73b","PLANKEN","SVH","","1327","SVH-PLANKEN_01-SO","PLANKEN_01","SO"
"http://digitalbuildingdata.tech/nlcs/def/62d50997-7867-4477-b32c-1d99ac396bc5","PLANKEN","SVH","","1328","SVH-PLANKEN_02-SO","PLANKEN_02","SO"
"http://digitalbuildingdata.tech/nlcs/def/52265950-2e6e-4b51-85fe-c39e4f1595e0","PUINVERHARDING","SVH","","1330","SVH-PUINVERHARDING-SO","PUINVERHARDING","SO"
"http://digitalbuildingdata.tech/nlcs/def/bfb6b9af-7746-4cfe-aeea-d355a57b277a","ROOSTER","SVH","","1331","SVH-ROOSTER-SO","ROOSTER","SO"
"http://digitalbuildingdata.tech/nlcs/def/9f2be416-80f2-4041-ac16-c12a011c7aa2","RUBBERTEGEL","SVH","","1332","SVH-RUBBERTEGEL_500X500_HALFST-SO","RUBBERTEGEL_500X500_HALFST","SO"
"http://digitalbuildingdata.tech/nlcs/def/c8126731-6739-4977-bf21-092ce6b12274","SIERBESTRATING","SVH","","1333","SVH-SIERBESTRATING_01-SO","SIERBESTRATING_01","SO"
"http://digitalbuildingdata.tech/nlcs/def/0740c8b9-cfa2-49fd-94e0-b80063896148","SIERBESTRATING","SVH","","1334","SVH-SIERBESTRATING_02-SO","SIERBESTRATING_02","SO"
"http://digitalbuildingdata.tech/nlcs/def/a82ea9bd-d862-4843-81d4-5761e39c6f5c","SPECIAAL","SVH","","1335","SVH-SPECIAAL_01-SO","SPECIAAL_01","SO"
"http://digitalbuildingdata.tech/nlcs/def/16c144ec-dd0a-45af-ad0e-4c2845eb2e98","SPECIAAL","SVH","","1336","SVH-SPECIAAL_02-SO","SPECIAAL_02","SO"
"http://digitalbuildingdata.tech/nlcs/def/fd34b140-279b-4246-aadc-a55fdd740a98","SBS","SVH","","1337","SVH-SBS_DIKFORMAAT_ELLEBOOG-SO","SBS_DIKFORMAAT_ELLEBOOG","SO"
"http://digitalbuildingdata.tech/nlcs/def/263818c0-f3d5-4720-9f85-25d4f5fa2b8d","SBS","SVH","","1338","SVH-SBS_DIKFORMAAT_HALFST-SO","SBS_DIKFORMAAT_HALFST","SO"
"http://digitalbuildingdata.tech/nlcs/def/7e660625-813e-48be-9627-ee6221a37e42","SBS","SVH","","1339","SVH-SBS_DIKFORMAAT_KEPER-SO","SBS_DIKFORMAAT_KEPER","SO"
"http://digitalbuildingdata.tech/nlcs/def/ef49089b-ae0f-4ef3-ae55-401b8ceb2949","SBS","SVH","","1340","SVH-SBS_KEIFORMAAT_BLOK-SO","SBS_KEIFORMAAT_BLOK","SO"
"http://digitalbuildingdata.tech/nlcs/def/0ba4ab19-cbfe-4e1e-bbcd-37910bea7156","SBS","SVH","","1341","SVH-SBS_KEIFORMAAT_DUBBEL-SO","SBS_KEIFORMAAT_DUBBEL","SO"
"http://digitalbuildingdata.tech/nlcs/def/1531efc3-a396-48ff-9f28-c9147726b546","SBS","SVH","","1342","SVH-SBS_KEIFORMAAT_ELLEBOOG-SO","SBS_KEIFORMAAT_ELLEBOOG","SO"
"http://digitalbuildingdata.tech/nlcs/def/6a12d1db-a777-4c0a-bbb5-6f18eb062297","SBS","SVH","","1343","SVH-SBS_KEIFORMAAT_HALFST-SO","SBS_KEIFORMAAT_HALFST","SO"
"http://digitalbuildingdata.tech/nlcs/def/5dc3333c-2279-4f28-a4b1-5a9d05723599","SBS","SVH","","1344","SVH-SBS_KEIFORMAAT_KEPER-SO","SBS_KEIFORMAAT_KEPER","SO"
"http://digitalbuildingdata.tech/nlcs/def/2d8b6381-9708-41a3-b8c2-5c14d79b6e73","SBS","SVH","","1345","SVH-SBS_WAALFORMAAT_BLOK-SO","SBS_WAALFORMAAT_BLOK","SO"
"http://digitalbuildingdata.tech/nlcs/def/23433a5e-51fd-4b91-add3-95a2e1cb6899","SBS","SVH","","1346","SVH-SBS_WAALFORMAAT_ELLEBOOG-SO","SBS_WAALFORMAAT_ELLEBOOG","SO"
"http://digitalbuildingdata.tech/nlcs/def/27108954-6889-4d1e-b97c-640d815c73c1","SBS","SVH","","1347","SVH-SBS_WAALFORMAAT_HALFST-SO","SBS_WAALFORMAAT_HALFST","SO"
"http://digitalbuildingdata.tech/nlcs/def/26441d46-7101-4f3f-b50b-924054832772","SBS","SVH","","1348","SVH-SBS_WAALFORMAAT_KEPER-SO","SBS_WAALFORMAAT_KEPER","SO"
"http://digitalbuildingdata.tech/nlcs/def/0b0ed54d-6406-4123-b845-f29df2723d18","TEGEL","SVH","","1349","SVH-TEGEL_1000X1000_BLOK-SO","TEGEL_1000X1000_BLOK","SO"
"http://digitalbuildingdata.tech/nlcs/def/fe418062-7b46-43c7-84cc-c40b93d58ba1","TEGEL","SVH","","1350","SVH-TEGEL_1000X1000_HALFST-SO","TEGEL_1000X1000_HALFST","SO"
"http://digitalbuildingdata.tech/nlcs/def/12fbfbed-971c-483b-98c8-ed06e67d07fc","TEGEL","SVH","","1351","SVH-TEGEL_2000X2000_BLOK-SO","TEGEL_2000X2000_BLOK","SO"
"http://digitalbuildingdata.tech/nlcs/def/11802e62-83ab-4be9-bd3a-636786a1a9ea","TEGEL","SVH","","1352","SVH-TEGEL_2000X2000_HALFST-SO","TEGEL_2000X2000_HALFST","SO"
"http://digitalbuildingdata.tech/nlcs/def/b64b73fc-b17f-48b0-b88e-21d76c685013","TEGEL","SVH","","1353","SVH-TEGEL_200X200_BLOK-SO","TEGEL_200X200_BLOK","SO"
"http://digitalbuildingdata.tech/nlcs/def/d8e94381-70ca-4b76-8a48-b0c662d1de69","TEGEL","SVH","","1354","SVH-TEGEL_200X200_HALFST-SO","TEGEL_200X200_HALFST","SO"
"http://digitalbuildingdata.tech/nlcs/def/822b1861-5b74-44c8-9857-11e03d86d55c","TEGEL","SVH","","1355","SVH-TEGEL_200X200_LINT-SO","TEGEL_200X200_LINT","SO"
"http://digitalbuildingdata.tech/nlcs/def/8c294183-6adf-41cb-8251-e475abda49c6","TEGEL","SVH","","1359","SVH-TEGEL_400X400_BLOK-SO","TEGEL_400X400_BLOK","SO"
"http://digitalbuildingdata.tech/nlcs/def/34741370-0ced-4545-8876-1caa35137246","TEGEL","SVH","","1360","SVH-TEGEL_400X400_HALFST-SO","TEGEL_400X400_HALFST","SO"
"http://digitalbuildingdata.tech/nlcs/def/984ceb0d-415b-49fe-b373-28fbbfbf80d3","TEGEL","SVH","","1361","SVH-TEGEL_400X400_HALFST_STIP-SO","TEGEL_400X400_HALFST_STIP","SO"
"http://digitalbuildingdata.tech/nlcs/def/84a1accd-271c-4f2c-aaeb-0640991b52fa","TEGEL","SVH","","1362","SVH-TEGEL_400X400_HALFST_STREEP-SO","TEGEL_400X400_HALFST_STREEP","SO"
"http://digitalbuildingdata.tech/nlcs/def/5b340566-b826-48e6-836d-9ce98068be0a","TEGEL","SVH","","1363","SVH-TEGEL_400X400_LINT-SO","TEGEL_400X400_LINT","SO"
"http://digitalbuildingdata.tech/nlcs/def/939d6c09-4bd4-4356-97f8-1e6c2a0c779a","TEGEL","SVH","","1364","SVH-TEGEL_400X400_LINT_STIP-SO","TEGEL_400X400_LINT_STIP","SO"
"http://digitalbuildingdata.tech/nlcs/def/1f0bf6a7-b719-4bbb-a3fa-f052d5351d12","TEGEL","SVH","","1368","SVH-TEGEL_500X500_BLOK-SO","TEGEL_500X500_BLOK","SO"
"http://digitalbuildingdata.tech/nlcs/def/b9ff5058-cc08-4589-96ca-a9294996e9b6","TEGEL","SVH","","1369","SVH-TEGEL_500X500_HALFST-SO","TEGEL_500X500_HALFST","SO"
"http://digitalbuildingdata.tech/nlcs/def/62f580b2-7cd3-4e0b-ac2e-2e54c8037e87","TEGEL","SVH","","1370","SVH-TEGEL_500X500_LINT-SO","TEGEL_500X500_LINT","SO"
"http://digitalbuildingdata.tech/nlcs/def/3587e268-b3c2-4716-b220-91eaf9cd1e42","TEGEL","SVH","","1371","SVH-TEGEL_600X600_BLOK-SO","TEGEL_600X600_BLOK","SO"
"http://digitalbuildingdata.tech/nlcs/def/3f6a5601-32f1-40e6-b532-0e8e7d8ce16d","TEGEL","SVH","","1372","SVH-TEGEL_600X600_HALFST-SO","TEGEL_600X600_HALFST","SO"
"http://digitalbuildingdata.tech/nlcs/def/12ec17c9-0051-487e-a141-ae29ebd1d05a","TEGEL","SVH","","1373","SVH-TEGEL_600X600_HALFST_STIP-SO","TEGEL_600X600_HALFST_STIP","SO"
"http://digitalbuildingdata.tech/nlcs/def/a27cfb2d-20ae-4b08-9a69-65381238357c","TEGEL","SVH","","1374","SVH-TEGEL_600X600_LINT-SO","TEGEL_600X600_LINT","SO"
"http://digitalbuildingdata.tech/nlcs/def/f0f646cd-0354-45ac-9649-11c046754c7f","TEGEL","SVH","","1375","SVH-TEGEL_600X600_LINT_STIP-SO","TEGEL_600X600_LINT_STIP","SO"
"http://digitalbuildingdata.tech/nlcs/def/ddd35a1d-b453-4d50-af74-e3649f38de70","TEGEL","SVH","","1376","SVH-TEGEL_100X300_HALFST-SO","TEGEL_100X300_HALFST","SO"
"http://digitalbuildingdata.tech/nlcs/def/d20f1af3-825a-4499-adad-0b8b8e6f1a47","TEGEL","SVH","","1377","SVH-TEGEL_100X300_LINT-SO","TEGEL_100X300_LINT","SO"
"http://digitalbuildingdata.tech/nlcs/def/cb28daa8-ab3b-4738-a9b7-cf6b5b1b654e","TEGEL","SVH","","1380","SVH-TEGEL_200X300_HALFST-SO","TEGEL_200X300_HALFST","SO"
"http://digitalbuildingdata.tech/nlcs/def/e52b53e8-1193-4274-9b54-920137773928","TEGEL","SVH","","1381","SVH-TEGEL_200X300_LINT-SO","TEGEL_200X300_LINT","SO"
"http://digitalbuildingdata.tech/nlcs/def/b57621fc-e8d0-4eab-91c9-c62b893c30f5","TEGEL","SVH","","1382","SVH-TEGEL_200X600_HALFST-SO","TEGEL_200X600_HALFST","SO"
"http://digitalbuildingdata.tech/nlcs/def/54d2c395-d39b-4d51-822d-8e88cbbb5102","TEGEL","SVH","","1383","SVH-TEGEL_200X600_LINT-SO","TEGEL_200X600_LINT","SO"
"http://digitalbuildingdata.tech/nlcs/def/5b79641e-5341-45b0-8c1b-5457c0c36023","TEGEL","SVH","","1386","SVH-TEGEL_300X200_HALFST-SO","TEGEL_300X200_HALFST","SO"
"http://digitalbuildingdata.tech/nlcs/def/afa963d8-0e48-41ab-aeff-f06296981daa","TEGEL","SVH","","1387","SVH-TEGEL_300X200_LINT-SO","TEGEL_300X200_LINT","SO"
"http://digitalbuildingdata.tech/nlcs/def/72ca6f60-b1fc-47ab-9a1e-d3d7c38a1bdf","TEGEL","SVH","","1388","SVH-TEGEL_600X200_HALFST-SO","TEGEL_600X200_HALFST","SO"
"http://digitalbuildingdata.tech/nlcs/def/db398bba-eeb2-4870-b805-d62b3070daab","TEGEL","SVH","","1389","SVH-TEGEL_600X200_LINT-SO","TEGEL_600X200_LINT","SO"
"http://digitalbuildingdata.tech/nlcs/def/577c5679-4a2c-4f35-a1c7-baa8d4dba6ea","TEGEL","SVH","","1390","SVH-TEGEL_VARIABEL_BLOK-SO","TEGEL_VARIABEL_BLOK","SO"
"http://digitalbuildingdata.tech/nlcs/def/142b91f3-ba1d-4116-8ea2-30f9dc0a7ecf","TEGEL","SVH","","1391","SVH-TEGEL_VARIABEL_HALFST-SO","TEGEL_VARIABEL_HALFST","SO"
"http://digitalbuildingdata.tech/nlcs/def/7e17434e-fdd0-4b72-b145-26bb4fe49b03","TEGEL","SVH","","1392","SVH-TEGEL_BLOK_STIP_01-SO","TEGEL_BLOK_STIP_01","SO"
"http://digitalbuildingdata.tech/nlcs/def/29293d20-d23d-492e-8324-3bf033cc09ca","TEGEL","SVH","","1393","SVH-TEGEL_BLOK_STIP_02-SO","TEGEL_BLOK_STIP_02","SO"
"http://digitalbuildingdata.tech/nlcs/def/f6e7c259-c3b0-458f-8501-487da2f3abbf","SIERTEGEL","SVH","","1394","SVH-SIERTEGEL-SO","SIERTEGEL","SO"
"http://digitalbuildingdata.tech/nlcs/def/c88d65fd-39a1-453e-9735-d3af168589c0","TEGEL","SVH","","1395","SVH-TEGEL_ZESKANT-SO","TEGEL_ZESKANT","SO"
"http://digitalbuildingdata.tech/nlcs/def/635c4c4e-4e9f-47a9-9a39-20aecd11ea35","ASFALT","SVH","V","1396","V-SVH-ASFALT-SO","ASFALT","SO"
"http://digitalbuildingdata.tech/nlcs/def/16c0c613-cd47-4d3b-8b30-221869a05a4b","BASALTONVERHARDING","SVH","V","1397","V-SVH-BASALTONVERHARDING-SO","BASALTONVERHARDING","SO"
"http://digitalbuildingdata.tech/nlcs/def/d137c089-10b2-446b-9b3b-73d889ad236a","BASALTVERHARDING","SVH","V","1398","V-SVH-BASALTVERHARDING-SO","BASALTVERHARDING","SO"
"http://digitalbuildingdata.tech/nlcs/def/254519db-f140-4165-877f-a065c1fd1720","BENTONIET","SVH","V","1399","V-SVH-BENTONIET-SO","BENTONIET","SO"
"http://digitalbuildingdata.tech/nlcs/def/c3abbd20-cdfa-41e6-b318-46056969120d","BESTORTING","SVH","V","1400","V-SVH-BESTORTING_01-SO","BESTORTING_01","SO"
"http://digitalbuildingdata.tech/nlcs/def/cbf0f8e3-7808-4979-8d3d-a60d1cea35b2","BESTORTING","SVH","V","1401","V-SVH-BESTORTING_02-SO","BESTORTING_02","SO"
"http://digitalbuildingdata.tech/nlcs/def/8eb174a1-2236-4d6c-9d81-630700e44302","BETON","SVH","V","1402","V-SVH-BETON_GEWAPEND_INSITU-SO","BETON_GEWAPEND_INSITU","SO"
"http://digitalbuildingdata.tech/nlcs/def/81b9f6ce-f717-48ea-bca0-a716f01ef178","BETON","SVH","V","1403","V-SVH-BETON_ONGEWAPEND_INSITU_01-SO","BETON_ONGEWAPEND_INSITU_01","SO"
"http://digitalbuildingdata.tech/nlcs/def/52be23a1-255f-43bc-91e4-5809e8e7210d","BETON","SVH","V","1404","V-SVH-BETON_ONGEWAPEND_INSITU_02-SO","BETON_ONGEWAPEND_INSITU_02","SO"
"http://digitalbuildingdata.tech/nlcs/def/d29ddfe9-c44f-41d9-8f2b-4413820d382c","BETON","SVH","V","1405","V-SVH-BETON_SCHRAAL-SO","BETON_SCHRAAL","SO"
"http://digitalbuildingdata.tech/nlcs/def/85a49856-1d5d-46b4-a7d2-9e47530029b0","BETON","SVH","V","1406","V-SVH-BETON-SO","BETON","SO"
"http://digitalbuildingdata.tech/nlcs/def/01ee1b56-6d51-4be1-b841-1e57c4aa19eb","BETON","SVH","V","1407","V-SVH-BETONPLAAT_BLOK-SO","BETONPLAAT_BLOK","SO"
"http://digitalbuildingdata.tech/nlcs/def/f33c187a-dfd8-4d56-a124-c243abea931d","BETON","SVH","V","1408","V-SVH-BETONPLAAT_BLOK_RAND-SO","BETONPLAAT_BLOK_RAND","SO"
"http://digitalbuildingdata.tech/nlcs/def/f858545a-8f25-4be1-9192-caee041b8732","BETON","SVH","V","1409","V-SVH-BETONPLAAT_HALFST-SO","BETONPLAAT_HALFST","SO"
"http://digitalbuildingdata.tech/nlcs/def/1b67f544-7892-46e6-9497-7a21f4d01941","BSS","SVH","V","1410","V-SVH-BSS_DIKFORMAAT_ELLEBOOG-SO","BSS_DIKFORMAAT_ELLEBOOG","SO"
"http://digitalbuildingdata.tech/nlcs/def/953e413e-62e2-45ea-acfb-758ec6e21cb4","BSS","SVH","V","1411","V-SVH-BSS_DIKFORMAAT_HALFST-SO","BSS_DIKFORMAAT_HALFST","SO"
"http://digitalbuildingdata.tech/nlcs/def/6f04ff3a-005c-40b3-b2d2-603e13c8fd3a","BSS","SVH","V","1412","V-SVH-BSS_DIKFORMAAT_KEPER-SO","BSS_DIKFORMAAT_KEPER","SO"
"http://digitalbuildingdata.tech/nlcs/def/fbfcb557-01b6-462a-b0b7-7bd94e175906","BSS","SVH","V","1413","V-SVH-BSS_KEIFORMAAT_BLOK_01-SO","BSS_KEIFORMAAT_BLOK_01","SO"
"http://digitalbuildingdata.tech/nlcs/def/d62f9cc3-ec23-4d4e-8710-30bc15cb2e08","BSS","SVH","V","1414","V-SVH-BSS_KEIFORMAAT_BLOK_02-SO","BSS_KEIFORMAAT_BLOK_02","SO"
"http://digitalbuildingdata.tech/nlcs/def/85206cc5-33f2-49de-b856-f750976736c6","BSS","SVH","V","1416","V-SVH-BSS_KEIFORMAAT_DUBBEL_01-SO","BSS_KEIFORMAAT_DUBBEL_01","SO"
"http://digitalbuildingdata.tech/nlcs/def/e1fc3064-9558-48bb-a879-5b83ac233b0e","BSS","SVH","V","1417","V-SVH-BSS_KEIFORMAAT_DUBBEL_02-SO","BSS_KEIFORMAAT_DUBBEL_02","SO"
"http://digitalbuildingdata.tech/nlcs/def/060fc3e8-0278-4e3a-ace7-8651dcc032f6","BSS","SVH","V","1418","V-SVH-BSS_KEIFORMAAT_ELLEBOOG-SO","BSS_KEIFORMAAT_ELLEBOOG","SO"
"http://digitalbuildingdata.tech/nlcs/def/87355165-252b-4325-93f8-4b5772683c71","BSS","SVH","V","1419","V-SVH-BSS_KEIFORMAAT_HALFST-SO","BSS_KEIFORMAAT_HALFST","SO"
"http://digitalbuildingdata.tech/nlcs/def/64376de7-2f89-4114-9304-1f4e68a99e88","BSS","SVH","V","1420","V-SVH-BSS_KEIFORMAAT_KEPER-SO","BSS_KEIFORMAAT_KEPER","SO"
"http://digitalbuildingdata.tech/nlcs/def/b2afc775-7c80-4e6e-83ba-ce2c48d2d9b4","BSS","SVH","V","1421","V-SVH-BSS_WAALFORMAAT_BLOK-SO","BSS_WAALFORMAAT_BLOK","SO"
"http://digitalbuildingdata.tech/nlcs/def/bd1e5b61-4d31-4694-8ef1-3a699c20c6fc","BSS","SVH","V","1422","V-SVH-BSS_WAALFORMAAT_ELLEBOOG-SO","BSS_WAALFORMAAT_ELLEBOOG","SO"
"http://digitalbuildingdata.tech/nlcs/def/b1d19e7c-559f-4bc5-bc9c-b683784c1184","BSS","SVH","V","1423","V-SVH-BSS_WAALFORMAAT_HALFST-SO","BSS_WAALFORMAAT_HALFST","SO"
"http://digitalbuildingdata.tech/nlcs/def/7d458d56-d1dc-4a9c-a2f3-f503d5b8845b","BSS","SVH","V","1424","V-SVH-BSS_WAALFORMAAT_KEPER-SO","BSS_WAALFORMAAT_KEPER","SO"
"http://digitalbuildingdata.tech/nlcs/def/58627edb-6ba2-403f-82e5-78339e3f1590","BSS","SVH","V","1425","V-SVH-BSS_DIKFORMAAT_BLOK-SO","BSS_DIKFORMAAT_BLOK","SO"
"http://digitalbuildingdata.tech/nlcs/def/dd0a98b0-07c6-431a-9b35-ee9db308a921","BSS","SVH","V","1426","V-SVH-BSS_KEIFORMAAT_BLOK_STREEP-SO","BSS_KEIFORMAAT_BLOK_STREEP","SO"
"http://digitalbuildingdata.tech/nlcs/def/39422f96-eb39-415a-b673-0fefb76f872b","BSS","SVH","V","1427","V-SVH-BSS_KEIFORMAAT_DUBBEL-SO","BSS_KEIFORMAAT_DUBBEL","SO"
"http://digitalbuildingdata.tech/nlcs/def/51900b7e-d484-4e7e-817c-b54aeb47f724","BSS","SVH","V","1428","V-SVH-BSS_LINGEFORMAAT_DRIEKWART-SO","BSS_LINGEFORMAAT_DRIEKWART","SO"
"http://digitalbuildingdata.tech/nlcs/def/04966017-9898-4b15-91f3-8fac6847182a","BSS","SVH","V","1429","V-SVH-BSS_LINGEFORMAAT_ELLEBOOG-SO","BSS_LINGEFORMAAT_ELLEBOOG","SO"
"http://digitalbuildingdata.tech/nlcs/def/51d2251b-4d0c-4ee9-9987-b03dc8c65862","BSS","SVH","V","1430","V-SVH-BSS_LINGEFORMAAT_KLEZOOR-SO","BSS_LINGEFORMAAT_KLEZOOR","SO"
"http://digitalbuildingdata.tech/nlcs/def/7481a6a6-0eb6-4b2d-96ea-b2739b0067e5","BSS","SVH","V","1431","V-SVH-BSS_OPENGESTRAAT-SO","BSS_OPENGESTRAAT","SO"
"http://digitalbuildingdata.tech/nlcs/def/01c2c999-a617-4116-9768-80eddae83785","COBBLESTONE","SVH","V","1433","V-SVH-COBBLESTONE-SO","COBBLESTONE","SO"
"http://digitalbuildingdata.tech/nlcs/def/ab8eb2e2-b8d4-449a-bef2-d27aaf2b110f","DELTA","SVH","V","1434","V-SVH-DELTA-SO","DELTA","SO"
"http://digitalbuildingdata.tech/nlcs/def/6575ee3e-64b9-4a22-a7a8-f3a97bc580c9","FUNDERING","SVH","V","1435","V-SVH-FUNDERING_01-SO","FUNDERING_01","SO"
"http://digitalbuildingdata.tech/nlcs/def/449d96a5-6f99-42a6-9a63-d59182ba3ec3","FUNDERING","SVH","V","1436","V-SVH-FUNDERING_02-SO","FUNDERING_02","SO"
"http://digitalbuildingdata.tech/nlcs/def/72d276cc-c8de-428c-b251-79d6d28bc554","FUNDERING","SVH","V","1437","V-SVH-FUNDERING_BIMS-SO","FUNDERING_BIMS","SO"
"http://digitalbuildingdata.tech/nlcs/def/064a8759-e5a7-47c0-8ed6-a3ff9dee555d","FUNDERING","SVH","V","1438","V-SVH-FUNDERING_EPS-SO","FUNDERING_EPS","SO"
"http://digitalbuildingdata.tech/nlcs/def/e715a0e5-a1e9-4300-b6e4-2748a5dd6fb0","FUNDERING","SVH","V","1439","V-SVH-FUNDERING_OVERIG-SO","FUNDERING_OVERIG","SO"
"http://digitalbuildingdata.tech/nlcs/def/c86f1e29-a91a-4b36-893d-ea2a70f1eaa1","FUNDERING","SVH","V","1440","V-SVH-FUNDERING_GRANULAAT-SO","FUNDERING_GRANULAAT","SO"
"http://digitalbuildingdata.tech/nlcs/def/87c4c424-824c-49f6-8abc-628b30460d64","FUNDERING","SVH","V","1441","V-SVH-FUNDERING_GRANULAAT_BETON-SO","FUNDERING_GRANULAAT_BETON","SO"
"http://digitalbuildingdata.tech/nlcs/def/7220dc4d-b5c9-4a39-9a53-42d76b947698","FUNDERING","SVH","V","1442","V-SVH-FUNDERING_GRANULAAT_KLEIKORR-SO","FUNDERING_GRANULAAT_KLEIKORR","SO"
"http://digitalbuildingdata.tech/nlcs/def/5bfa0411-eaa7-473c-baf2-419ddf8d75f6","FUNDERING","SVH","V","1443","V-SVH-FUNDERING_GRANULAAT_LAVA-SO","FUNDERING_GRANULAAT_LAVA","SO"
"http://digitalbuildingdata.tech/nlcs/def/a9592a42-e824-4059-8081-988ce03034cc","FUNDERING","SVH","V","1444","V-SVH-FUNDERING_GRANULAAT_MENG_01-SO","FUNDERING_GRANULAAT_MENG_01","SO"
"http://digitalbuildingdata.tech/nlcs/def/dc866dbe-a7f0-4347-9e11-569542f5e2c2","FUNDERING","SVH","V","1445","V-SVH-FUNDERING_GRANULAAT_MENG_02-SO","FUNDERING_GRANULAAT_MENG_02","SO"
"http://digitalbuildingdata.tech/nlcs/def/c1fefb69-e527-4cd6-bcdd-e508ad63006f","FUNDERING","SVH","V","1446","V-SVH-FUNDERING_GRANULAAT_PUIN-SO","FUNDERING_GRANULAAT_PUIN","SO"
"http://digitalbuildingdata.tech/nlcs/def/3c70e7c0-2ff2-4c4b-b2e8-2c1cb535fc8c","FUNDERING","SVH","V","1447","V-SVH-FUNDERING_GRANULAAT_SINTELS-SO","FUNDERING_GRANULAAT_SINTELS","SO"
"http://digitalbuildingdata.tech/nlcs/def/24e0e4d3-366f-48b5-a595-8eaf1d26dafb","FUNDERING","SVH","V","1448","V-SVH-FUNDERING_ZAND-SO","FUNDERING_ZAND","SO"
"http://digitalbuildingdata.tech/nlcs/def/d5921aeb-fe1f-4a93-b5d7-0b421b6cce9d","FUNDERING","SVH","V","1449","V-SVH-FUNDERING_ZANDCEMENTSTAB-SO","FUNDERING_ZANDCEMENTSTAB","SO"
"http://digitalbuildingdata.tech/nlcs/def/79e2617e-1b48-47f3-9fc2-d0def69ac806","GEOTEXTIEL","SVH","V","1450","V-SVH-GEOTEXTIEL-SO","GEOTEXTIEL","SO"
"http://digitalbuildingdata.tech/nlcs/def/d23b3008-6a80-40d3-a7e1-077ca32664bc","GLAS","SVH","V","1451","V-SVH-GLAS-SO","GLAS","SO"
"http://digitalbuildingdata.tech/nlcs/def/f2e1799d-8ec2-40e5-af02-bc7e90d22f27","GRAS","SVH","V","1452","V-SVH-GRAS_GESTABILISEERD-SO","GRAS_GESTABILISEERD","SO"
"http://digitalbuildingdata.tech/nlcs/def/d5b48539-087a-4d4e-8e28-fa31733e2272","GRASBETONSTEEN","SVH","V","1453","V-SVH-GRASBETONSTEEN_01-SO","GRASBETONSTEEN_01","SO"
"http://digitalbuildingdata.tech/nlcs/def/3edb01fa-fa3a-4cc6-a31a-6d924f156555","GRASBETONSTEEN","SVH","V","1454","V-SVH-GRASBETONSTEEN_02-SO","GRASBETONSTEEN_02","SO"
"http://digitalbuildingdata.tech/nlcs/def/9a1e22f9-4bf6-4461-b0f3-a309e5c6835e","GRASPLAAT","SVH","V","1455","V-SVH-GRASPLAAT-SO","GRASPLAAT","SO"
"http://digitalbuildingdata.tech/nlcs/def/02ca2ba8-7173-48b4-8d79-36f7fcf9c832","GRASTEGEL","SVH","V","1456","V-SVH-GRASTEGEL_01-SO","GRASTEGEL_01","SO"
"http://digitalbuildingdata.tech/nlcs/def/aad3defc-135e-44d8-92db-f106e2f00375","GRASTEGEL","SVH","V","1457","V-SVH-GRASTEGEL_02-SO","GRASTEGEL_02","SO"
"http://digitalbuildingdata.tech/nlcs/def/f9a6cf28-b3c2-42dc-be30-0680cd1b9568","GRASTEGEL","SVH","V","1458","V-SVH-GRASTEGEL_STIP-SO","GRASTEGEL_STIP","SO"
"http://digitalbuildingdata.tech/nlcs/def/acf74dca-7091-459b-ba69-8efb18decb32","GRIND","SVH","V","1459","V-SVH-GRIND-SO","GRIND","SO"
"http://digitalbuildingdata.tech/nlcs/def/7349ec4a-818b-4bb4-8315-0e4953115a44","HALFVERHARDING","SVH","V","1460","V-SVH-HALFVERHARDING_01-SO","HALFVERHARDING_01","SO"
"http://digitalbuildingdata.tech/nlcs/def/c39d5a59-d794-46e3-9918-612e63a1c38c","HALFVERHARDING","SVH","V","1461","V-SVH-HALFVERHARDING_02-SO","HALFVERHARDING_02","SO"
"http://digitalbuildingdata.tech/nlcs/def/5a96923e-9fed-4e44-a629-8da539b78612","HALFVERHARDING","SVH","V","1462","V-SVH-HALFVERHARDING_GRIND_01-SO","HALFVERHARDING_GRIND_01","SO"
"http://digitalbuildingdata.tech/nlcs/def/7d94861a-2ae1-47f3-a103-2f837c39f33a","HALFVERHARDING","SVH","V","1463","V-SVH-HALFVERHARDING_GRIND_02-SO","HALFVERHARDING_GRIND_02","SO"
"http://digitalbuildingdata.tech/nlcs/def/18b292ed-b01c-49db-969e-d6c97c24be89","HALFVERHARDING","SVH","V","1465","V-SVH-HALFVERHARDING_SCHELPEN-SO","HALFVERHARDING_SCHELPEN","SO"
"http://digitalbuildingdata.tech/nlcs/def/094a774e-7d1e-4241-b34b-2497e507e8b7","HOUTSNIPPERS","SVH","V","1466","V-SVH-HOUTSNIPPERS-SO","HOUTSNIPPERS","SO"
"http://digitalbuildingdata.tech/nlcs/def/a5fa04fc-c2a5-4cc7-aecc-9ce8429f0267","HSTEEN","SVH","V","1467","V-SVH-HSTEEN-SO","HSTEEN","SO"
"http://digitalbuildingdata.tech/nlcs/def/0221d20b-3f49-429d-8cef-6ab3e9ee7675","METSELWERK","SVH","V","1469","V-SVH-METSELWERK-SO","METSELWERK","SO"
"http://digitalbuildingdata.tech/nlcs/def/856d8e19-9443-4091-bc21-bf85b3f2aa34","NATUURSTEEN","SVH","V","1470","V-SVH-NATUURSTEEN_01-SO","NATUURSTEEN_01","SO"
"http://digitalbuildingdata.tech/nlcs/def/ccf88590-801e-48d0-a7fc-6f85dff1ec56","NATUURSTEEN","SVH","V","1471","V-SVH-NATUURSTEEN_02-SO","NATUURSTEEN_02","SO"
"http://digitalbuildingdata.tech/nlcs/def/32eeef3c-5f7e-4230-b90e-8838c9d23064","NATUURSTEEN","SVH","V","1472","V-SVH-NATUURSTEEN-SO","NATUURSTEEN","SO"
"http://digitalbuildingdata.tech/nlcs/def/47e0207c-cebc-488e-83af-fa81aa88219b","NATUURSTEEN","SVH","V","1475","V-SVH-NATUURSTEEN_KINDERKOP_HALFST-SO","NATUURSTEEN_KINDERKOP_HALFST","SO"
"http://digitalbuildingdata.tech/nlcs/def/dcc4b452-fe53-46a5-8f12-7088da675e17","NATUURSTEEN","SVH","V","1476","V-SVH-NATUURSTEEN_LOSVERBAND_01-SO","NATUURSTEEN_LOSVERBAND_01","SO"
"http://digitalbuildingdata.tech/nlcs/def/f246a9e1-b4b8-4332-962d-65ab063099ea","NATUURSTEEN","SVH","V","1477","V-SVH-NATUURSTEEN_LOSVERBAND_02-SO","NATUURSTEEN_LOSVERBAND_02","SO"
"http://digitalbuildingdata.tech/nlcs/def/9d5e9335-a8e0-4594-b6c9-a9718de545d7","SPECIAAL","SVH","V","1478","V-SVH-SPECIAAL_OVERIG_01-SO","SPECIAAL_OVERIG_01","SO"
"http://digitalbuildingdata.tech/nlcs/def/cf6beb38-39ca-4f28-a688-8a04838184bb","SPECIAAL","SVH","V","1479","V-SVH-SPECIAAL_OVERIG_02-SO","SPECIAAL_OVERIG_02","SO"
"http://digitalbuildingdata.tech/nlcs/def/bb4c0091-9e23-46c7-9ee0-f9d41d8f208e","SPECIAAL","SVH","V","1483","V-SVH-SPECIAAL_OVERIG_KOPSHOUT-SO","SPECIAAL_OVERIG_KOPSHOUT","SO"
"http://digitalbuildingdata.tech/nlcs/def/3b37d4f0-80c2-43a8-92eb-6ba2f5cc6734","SPECIAAL","SVH","V","1484","V-SVH-SPECIAAL_OVERIG_LANGSHOUT-SO","SPECIAAL_OVERIG_LANGSHOUT","SO"
"http://digitalbuildingdata.tech/nlcs/def/f11fce00-d40d-4bd5-9426-ddf3b5dca6d4","SPECIAAL","SVH","V","1485","V-SVH-SPECIAAL_OVERIG_TRANENPLAAT_01-SO","SPECIAAL_OVERIG_TRANENPLAAT_01","SO"
"http://digitalbuildingdata.tech/nlcs/def/b9be5151-12ab-420a-b856-caa1c0c14520","SPECIAAL","SVH","V","1486","V-SVH-SPECIAAL_OVERIG_TRANENPLAAT_02-SO","SPECIAAL_OVERIG_TRANENPLAAT_02","SO"
"http://digitalbuildingdata.tech/nlcs/def/c081d4bc-89d4-4a24-b0ae-584be790ca76","PLANKEN","SVH","V","1487","V-SVH-PLANKEN_01-SO","PLANKEN_01","SO"
"http://digitalbuildingdata.tech/nlcs/def/85dde93d-3782-4ca0-aaa7-d5d1793ffbd9","PLANKEN","SVH","V","1488","V-SVH-PLANKEN_02-SO","PLANKEN_02","SO"
"http://digitalbuildingdata.tech/nlcs/def/0288bb64-aa9f-48c5-8c8c-6cd7efeaf7e4","PUINVERHARDING","SVH","V","1490","V-SVH-PUINVERHARDING-SO","PUINVERHARDING","SO"
"http://digitalbuildingdata.tech/nlcs/def/c579a219-8803-481d-ac70-a5b107891cb6","ROOSTER","SVH","V","1491","V-SVH-ROOSTER-SO","ROOSTER","SO"
"http://digitalbuildingdata.tech/nlcs/def/75a6a648-b35c-4082-90ae-bd8d3dfe62fd","RUBBERTEGEL","SVH","V","1492","V-SVH-RUBBERTEGEL_500X500_HALFST-SO","RUBBERTEGEL_500X500_HALFST","SO"
"http://digitalbuildingdata.tech/nlcs/def/15c4cb84-a488-48a6-bc84-f642379c7770","SIERBESTRATING","SVH","V","1493","V-SVH-SIERBESTRATING_01-SO","SIERBESTRATING_01","SO"
"http://digitalbuildingdata.tech/nlcs/def/59dd31da-6693-4f81-a6cf-34d7af28fb61","SIERBESTRATING","SVH","V","1494","V-SVH-SIERBESTRATING_02-SO","SIERBESTRATING_02","SO"
"http://digitalbuildingdata.tech/nlcs/def/5de16e2f-12b8-440c-80df-cac76124b9a3","SPECIAAL","SVH","V","1495","V-SVH-SPECIAAL_01-SO","SPECIAAL_01","SO"
"http://digitalbuildingdata.tech/nlcs/def/72aca3d9-f484-4881-bfb0-9507658b36ab","SPECIAAL","SVH","V","1496","V-SVH-SPECIAAL_02-SO","SPECIAAL_02","SO"
"http://digitalbuildingdata.tech/nlcs/def/1f72252e-df0f-4e3d-9374-e832e95283af","SBS","SVH","V","1497","V-SVH-SBS_DIKFORMAAT_ELLEBOOG-SO","SBS_DIKFORMAAT_ELLEBOOG","SO"
"http://digitalbuildingdata.tech/nlcs/def/f13e1026-23de-4f7c-94d6-3292b6fc63d4","SBS","SVH","V","1498","V-SVH-SBS_DIKFORMAAT_HALFST-SO","SBS_DIKFORMAAT_HALFST","SO"
"http://digitalbuildingdata.tech/nlcs/def/650adf4f-588a-4c7e-be1a-ff21419b162d","SBS","SVH","V","1499","V-SVH-SBS_DIKFORMAAT_KEPER-SO","SBS_DIKFORMAAT_KEPER","SO"
"http://digitalbuildingdata.tech/nlcs/def/96237eb3-24d0-46ca-9a7e-3101a3b62c9a","SBS","SVH","V","1500","V-SVH-SBS_KEIFORMAAT_BLOK-SO","SBS_KEIFORMAAT_BLOK","SO"
"http://digitalbuildingdata.tech/nlcs/def/33c3c202-e724-4e70-9393-224b21509bca","SBS","SVH","V","1501","V-SVH-SBS_KEIFORMAAT_DUBBEL-SO","SBS_KEIFORMAAT_DUBBEL","SO"
"http://digitalbuildingdata.tech/nlcs/def/bbdf7b4b-dab5-4c65-8815-2f7f21d174dd","SBS","SVH","V","1502","V-SVH-SBS_KEIFORMAAT_ELLEBOOG-SO","SBS_KEIFORMAAT_ELLEBOOG","SO"
"http://digitalbuildingdata.tech/nlcs/def/31594d39-e996-4697-b284-78d714c55a3a","SBS","SVH","V","1503","V-SVH-SBS_KEIFORMAAT_HALFST-SO","SBS_KEIFORMAAT_HALFST","SO"
"http://digitalbuildingdata.tech/nlcs/def/615f2aa7-5bfb-4eca-847b-a2f97f882a5d","SBS","SVH","V","1504","V-SVH-SBS_KEIFORMAAT_KEPER-SO","SBS_KEIFORMAAT_KEPER","SO"
"http://digitalbuildingdata.tech/nlcs/def/7156b141-25de-40a2-9d59-346311e80379","SBS","SVH","V","1505","V-SVH-SBS_WAALFORMAAT_BLOK-SO","SBS_WAALFORMAAT_BLOK","SO"
"http://digitalbuildingdata.tech/nlcs/def/57082d73-eac3-47ce-bf51-876c3d4532fd","SBS","SVH","V","1506","V-SVH-SBS_WAALFORMAAT_ELLEBOOG-SO","SBS_WAALFORMAAT_ELLEBOOG","SO"
"http://digitalbuildingdata.tech/nlcs/def/12d0f794-e58b-402b-958a-90cbdba25b70","SBS","SVH","V","1507","V-SVH-SBS_WAALFORMAAT_HALFST-SO","SBS_WAALFORMAAT_HALFST","SO"
"http://digitalbuildingdata.tech/nlcs/def/462aa267-49f6-4299-8d93-2df451341dd0","SBS","SVH","V","1508","V-SVH-SBS_WAALFORMAAT_KEPER-SO","SBS_WAALFORMAAT_KEPER","SO"
"http://digitalbuildingdata.tech/nlcs/def/da5de062-d9e7-4d9c-85df-5556624e8ca8","TEGEL","SVH","V","1509","V-SVH-TEGEL_1000X1000_BLOK-SO","TEGEL_1000X1000_BLOK","SO"
"http://digitalbuildingdata.tech/nlcs/def/f23ca220-1077-43b9-8733-61e681c2dd1b","TEGEL","SVH","V","1510","V-SVH-TEGEL_1000X1000_HALFST-SO","TEGEL_1000X1000_HALFST","SO"
"http://digitalbuildingdata.tech/nlcs/def/c49a9717-2e60-4ffd-9165-a65dbe181a48","TEGEL","SVH","V","1511","V-SVH-TEGEL_2000X2000_BLOK-SO","TEGEL_2000X2000_BLOK","SO"
"http://digitalbuildingdata.tech/nlcs/def/815e00b7-52b5-49a6-9f36-9734d2d2e4ae","TEGEL","SVH","V","1512","V-SVH-TEGEL_2000X2000_HALFST-SO","TEGEL_2000X2000_HALFST","SO"
"http://digitalbuildingdata.tech/nlcs/def/c333fb7e-b602-4c18-b1d1-52c27eb29972","TEGEL","SVH","V","1513","V-SVH-TEGEL_200X200_BLOK-SO","TEGEL_200X200_BLOK","SO"
"http://digitalbuildingdata.tech/nlcs/def/354e3acd-abd5-4f7a-9335-80ba35348405","TEGEL","SVH","V","1514","V-SVH-TEGEL_200X200_HALFST-SO","TEGEL_200X200_HALFST","SO"
"http://digitalbuildingdata.tech/nlcs/def/861a4232-fec6-43db-aa74-2163f519f998","TEGEL","SVH","V","1515","V-SVH-TEGEL_200X200_LINT-SO","TEGEL_200X200_LINT","SO"
"http://digitalbuildingdata.tech/nlcs/def/a9535805-5b96-4291-9357-82408cdcb1f8","TEGEL","SVH","V","1519","V-SVH-TEGEL_400X400_BLOK-SO","TEGEL_400X400_BLOK","SO"
"http://digitalbuildingdata.tech/nlcs/def/efd7a2e6-824a-46e3-b86d-adbabd865490","TEGEL","SVH","V","1520","V-SVH-TEGEL_400X400_HALFST-SO","TEGEL_400X400_HALFST","SO"
"http://digitalbuildingdata.tech/nlcs/def/27a322c5-3118-439f-9c1d-68f2bdbcd3b5","TEGEL","SVH","V","1521","V-SVH-TEGEL_400X400_HALFST_STIP-SO","TEGEL_400X400_HALFST_STIP","SO"
"http://digitalbuildingdata.tech/nlcs/def/c327d7be-cd87-4bdd-8af8-278d335205ec","TEGEL","SVH","V","1522","V-SVH-TEGEL_400X400_HALFST_STREEP-SO","TEGEL_400X400_HALFST_STREEP","SO"
"http://digitalbuildingdata.tech/nlcs/def/e033dd71-af98-476b-9e4d-ee4e054114cb","TEGEL","SVH","V","1523","V-SVH-TEGEL_400X400_LINT-SO","TEGEL_400X400_LINT","SO"
"http://digitalbuildingdata.tech/nlcs/def/b8ea0be4-4296-4534-bccf-01969d95e69c","TEGEL","SVH","V","1524","V-SVH-TEGEL_400X400_LINT_STIP-SO","TEGEL_400X400_LINT_STIP","SO"
"http://digitalbuildingdata.tech/nlcs/def/1a1b6e70-0076-48e4-a091-e6f50d445c23","TEGEL","SVH","V","1528","V-SVH-TEGEL_500X500_BLOK-SO","TEGEL_500X500_BLOK","SO"
"http://digitalbuildingdata.tech/nlcs/def/45c62965-9c19-4904-b4ed-c830176f5a2c","TEGEL","SVH","V","1529","V-SVH-TEGEL_500X500_HALFST-SO","TEGEL_500X500_HALFST","SO"
"http://digitalbuildingdata.tech/nlcs/def/6ce0a06b-befc-42cb-990d-16f4526e310f","TEGEL","SVH","V","1530","V-SVH-TEGEL_500X500_LINT-SO","TEGEL_500X500_LINT","SO"
"http://digitalbuildingdata.tech/nlcs/def/68c9dd15-c956-4f96-ba45-b932cc6b2c29","TEGEL","SVH","V","1531","V-SVH-TEGEL_600X600_BLOK-SO","TEGEL_600X600_BLOK","SO"
"http://digitalbuildingdata.tech/nlcs/def/c77de231-3df3-4cd5-b024-b6f0748271a1","TEGEL","SVH","V","1532","V-SVH-TEGEL_600X600_HALFST-SO","TEGEL_600X600_HALFST","SO"
"http://digitalbuildingdata.tech/nlcs/def/1ea9f258-1822-4b87-b034-95459b194c52","TEGEL","SVH","V","1533","V-SVH-TEGEL_600X600_HALFST_STIP-SO","TEGEL_600X600_HALFST_STIP","SO"
"http://digitalbuildingdata.tech/nlcs/def/1d18bda7-a8ea-4ee4-b494-6395c12f6f02","TEGEL","SVH","V","1534","V-SVH-TEGEL_600X600_LINT-SO","TEGEL_600X600_LINT","SO"
"http://digitalbuildingdata.tech/nlcs/def/4eb2ad1c-8130-44c8-86f9-5637efc131d5","TEGEL","SVH","V","1535","V-SVH-TEGEL_600X600_LINT_STIP-SO","TEGEL_600X600_LINT_STIP","SO"
"http://digitalbuildingdata.tech/nlcs/def/983095fb-f988-4046-80b8-105bfd15708d","TEGEL","SVH","V","1536","V-SVH-TEGEL_100X300_HALFST-SO","TEGEL_100X300_HALFST","SO"
"http://digitalbuildingdata.tech/nlcs/def/a5553f5f-2638-464f-bcbc-d83a2ea3e12f","TEGEL","SVH","V","1537","V-SVH-TEGEL_100X300_LINT-SO","TEGEL_100X300_LINT","SO"
"http://digitalbuildingdata.tech/nlcs/def/767b1b5b-6c19-43af-9ce1-abc87dc9cee6","TEGEL","SVH","V","1540","V-SVH-TEGEL_200X300_HALFST-SO","TEGEL_200X300_HALFST","SO"
"http://digitalbuildingdata.tech/nlcs/def/a233b567-3108-4cf3-a149-4f7b9ebfa38c","TEGEL","SVH","V","1541","V-SVH-TEGEL_200X300_LINT-SO","TEGEL_200X300_LINT","SO"
"http://digitalbuildingdata.tech/nlcs/def/be73f7e0-c339-42f9-a203-52d78e501632","TEGEL","SVH","V","1542","V-SVH-TEGEL_200X600_HALFST-SO","TEGEL_200X600_HALFST","SO"
"http://digitalbuildingdata.tech/nlcs/def/42b9260b-848f-4a6e-bdde-98eb542b8603","TEGEL","SVH","V","1543","V-SVH-TEGEL_200X600_LINT-SO","TEGEL_200X600_LINT","SO"
"http://digitalbuildingdata.tech/nlcs/def/d5e9596c-314a-4960-90c3-2e6a38eab929","TEGEL","SVH","V","1546","V-SVH-TEGEL_300X200_HALFST-SO","TEGEL_300X200_HALFST","SO"
"http://digitalbuildingdata.tech/nlcs/def/0d38558d-68f8-4f1d-bc85-4803c0e37db1","TEGEL","SVH","V","1547","V-SVH-TEGEL_300X200_LINT-SO","TEGEL_300X200_LINT","SO"
"http://digitalbuildingdata.tech/nlcs/def/a72775b0-d5bf-44ad-aea4-2e67f46ad376","TEGEL","SVH","V","1548","V-SVH-TEGEL_600X200_HALFST-SO","TEGEL_600X200_HALFST","SO"
"http://digitalbuildingdata.tech/nlcs/def/ae84865a-981b-4f3a-af5f-0c34aa444342","TEGEL","SVH","V","1549","V-SVH-TEGEL_600X200_LINT-SO","TEGEL_600X200_LINT","SO"
"http://digitalbuildingdata.tech/nlcs/def/30b657db-dd06-4a3c-874e-8ea2983b43da","TEGEL","SVH","V","1550","V-SVH-TEGEL_VARIABEL_BLOK-SO","TEGEL_VARIABEL_BLOK","SO"
"http://digitalbuildingdata.tech/nlcs/def/5b1e75ff-02a2-48c6-b571-3dd67025775d","TEGEL","SVH","V","1551","V-SVH-TEGEL_VARIABEL_HALFST-SO","TEGEL_VARIABEL_HALFST","SO"
"http://digitalbuildingdata.tech/nlcs/def/92786bb4-5984-46fd-8a06-2b5e57825368","TEGEL","SVH","V","1552","V-SVH-TEGEL_BLOK_STIP_01-SO","TEGEL_BLOK_STIP_01","SO"
"http://digitalbuildingdata.tech/nlcs/def/bf0da8a2-19be-46b1-8474-22c7887bc772","TEGEL","SVH","V","1553","V-SVH-TEGEL_BLOK_STIP_02-SO","TEGEL_BLOK_STIP_02","SO"
"http://digitalbuildingdata.tech/nlcs/def/d804ee1a-fd55-425f-8c40-bd9bac86cfdc","SIERTEGEL","SVH","V","1554","V-SVH-SIERTEGEL-SO","SIERTEGEL","SO"
"http://digitalbuildingdata.tech/nlcs/def/ff42492a-69e7-441e-8612-1d208acbb57b","TEGEL","SVH","V","1555","V-SVH-TEGEL_ZESKANT-SO","TEGEL_ZESKANT","SO"
"http://digitalbuildingdata.tech/nlcs/def/07ffa8e0-fa8f-40ac-90bc-78b8ab81dfb1","BOOMKRANSBAND","SVH","","1556","SVH-BOOMKRANSBAND_1200X1200","BOOMKRANSBAND_1200X1200",""
"http://digitalbuildingdata.tech/nlcs/def/baa15bb1-4331-4619-b248-1c78be1acd06","DREMPEL","SVH","T","2158","T-SVH-DREMPEL_PREFAB_1000X1200","DREMPEL_PREFAB_1000X1200",""
"http://digitalbuildingdata.tech/nlcs/def/13560322-7b71-4885-88e9-f3e3cdb1c82d","DREMPEL","SVH","T","2159","T-SVH-DREMPEL_PREFAB_1000X1200_RUITPROFIEL","DREMPEL_PREFAB_1000X1200_RUITPROFIEL",""
"http://digitalbuildingdata.tech/nlcs/def/0aa97490-8719-4234-acbc-9e8dbf4cf419","DREMPEL","SVH","T","2160","T-SVH-DREMPEL_PREFAB_1000X600","DREMPEL_PREFAB_1000X600",""
"http://digitalbuildingdata.tech/nlcs/def/1412cd3c-2acf-4cf3-bb7f-da4f7711d1a5","DREMPEL","SVH","T","2161","T-SVH-DREMPEL_PREFAB_1000X600_RUITPROFIEL","DREMPEL_PREFAB_1000X600_RUITPROFIEL",""
"http://digitalbuildingdata.tech/nlcs/def/9364c03e-7352-43d0-9097-018ce403537a","DREMPEL","SVH","T","2162","T-SVH-DREMPEL_PREFAB_1200X1000","DREMPEL_PREFAB_1200X1000",""
"http://digitalbuildingdata.tech/nlcs/def/c57e3dfb-5b48-4411-b2e9-d3ad4f178611","DREMPEL","SVH","T","2163","T-SVH-DREMPEL_PREFAB_1200X1000_RUITPROFIEL","DREMPEL_PREFAB_1200X1000_RUITPROFIEL",""
"http://digitalbuildingdata.tech/nlcs/def/36f418ac-7fbb-4738-bfe7-9be8ff602011","DREMPEL","SVH","T","2164","T-SVH-DREMPEL_PREFAB_1200X500","DREMPEL_PREFAB_1200X500",""
"http://digitalbuildingdata.tech/nlcs/def/9d0729c5-3b8a-4c8a-8ec4-0101941a6c19","DREMPEL","SVH","T","2165","T-SVH-DREMPEL_PREFAB_1200X500_RUITPROFIEL","DREMPEL_PREFAB_1200X500_RUITPROFIEL",""
"http://digitalbuildingdata.tech/nlcs/def/ecfbd008-087c-4a58-8cba-64fca46b0e97","DREMPEL","SVH","T","2166","T-SVH-DREMPEL_PREFAB_1500X1200","DREMPEL_PREFAB_1500X1200",""
"http://digitalbuildingdata.tech/nlcs/def/059edbf9-f4a1-437a-99cb-763eb3b8449a","DREMPEL","SVH","T","2167","T-SVH-DREMPEL_PREFAB_1500X1200_RUITPROFIEL","DREMPEL_PREFAB_1500X1200_RUITPROFIEL",""
"http://digitalbuildingdata.tech/nlcs/def/82a730b9-96c9-4ce1-8b19-5f800d35bbf4","DREMPEL","SVH","T","2168","T-SVH-DREMPEL_PREFAB_1500X600","DREMPEL_PREFAB_1500X600",""
"http://digitalbuildingdata.tech/nlcs/def/bbefad1d-586d-4935-b593-33f784297522","DREMPEL","SVH","T","2169","T-SVH-DREMPEL_PREFAB_1500X600_RUITPROFIEL","DREMPEL_PREFAB_1500X600_RUITPROFIEL",""
"http://digitalbuildingdata.tech/nlcs/def/7160df34-045c-4c2e-9925-c35455729242","DREMPEL","SVH","T","2170","T-SVH-DREMPEL_PREFAB_1700X1000","DREMPEL_PREFAB_1700X1000",""
"http://digitalbuildingdata.tech/nlcs/def/293ca50e-07d1-437b-9790-235f9a4d81e4","DREMPEL","SVH","T","2171","T-SVH-DREMPEL_PREFAB_1700X500","DREMPEL_PREFAB_1700X500",""
"http://digitalbuildingdata.tech/nlcs/def/b7859b26-ac1f-4427-ac90-1301406b2a38","DREMPEL","SVH","T","2172","T-SVH-DREMPEL_PREFAB_1750X1000","DREMPEL_PREFAB_1750X1000",""
"http://digitalbuildingdata.tech/nlcs/def/296f6015-50b2-49e8-9781-d29ee1e85dcc","DREMPEL","SVH","T","2173","T-SVH-DREMPEL_PREFAB_1750X1000_LINKS","DREMPEL_PREFAB_1750X1000_LINKS",""
"http://digitalbuildingdata.tech/nlcs/def/bb444b63-a57f-480b-a476-d3d7402f964f","DREMPEL","SVH","T","2174","T-SVH-DREMPEL_PREFAB_1750X1000_RECHTS","DREMPEL_PREFAB_1750X1000_RECHTS",""
"http://digitalbuildingdata.tech/nlcs/def/b2f45eb9-d82e-4f02-abad-c8f94d304bb5","DREMPEL","SVH","T","2175","T-SVH-DREMPEL_PREFAB_1750X1200","DREMPEL_PREFAB_1750X1200",""
"http://digitalbuildingdata.tech/nlcs/def/8e42daae-fe2d-4759-b0b5-3c8f62fc88a9","DREMPEL","SVH","T","2176","T-SVH-DREMPEL_PREFAB_1750X500","DREMPEL_PREFAB_1750X500",""
"http://digitalbuildingdata.tech/nlcs/def/3e2319ad-c231-4918-b9e3-2a0ab976951d","DREMPEL","SVH","T","2177","T-SVH-DREMPEL_PREFAB_1750X600","DREMPEL_PREFAB_1750X600",""
"http://digitalbuildingdata.tech/nlcs/def/e3c22f3e-3e94-499f-b39e-b9ac3fe8ad7f","DREMPEL","SVH","T","2178","T-SVH-DREMPEL_PREFAB_2400X1000","DREMPEL_PREFAB_2400X1000",""
"http://digitalbuildingdata.tech/nlcs/def/c154aa40-1cf2-4271-934f-a35b5494ac81","DREMPEL","SVH","T","2179","T-SVH-DREMPEL_PREFAB_2400X1000_RUITPROFIEL","DREMPEL_PREFAB_2400X1000_RUITPROFIEL",""
"http://digitalbuildingdata.tech/nlcs/def/69e7ccdf-67d4-4a76-b132-54445bcc5945","DREMPEL","SVH","T","2180","T-SVH-DREMPEL_PREFAB_2400X1200","DREMPEL_PREFAB_2400X1200",""
"http://digitalbuildingdata.tech/nlcs/def/2f59b46c-d25b-479e-9d79-1efdb36a2594","DREMPEL","SVH","T","2181","T-SVH-DREMPEL_PREFAB_2400X1200_RUITPROFIEL","DREMPEL_PREFAB_2400X1200_RUITPROFIEL",""
"http://digitalbuildingdata.tech/nlcs/def/32bd23be-268a-4ae1-bf92-606d1cc9c50c","DREMPEL","SVH","T","2182","T-SVH-DREMPEL_PREFAB_2400X500","DREMPEL_PREFAB_2400X500",""
"http://digitalbuildingdata.tech/nlcs/def/6c31a77c-7436-418e-b478-24f41530a417","DREMPEL","SVH","T","2183","T-SVH-DREMPEL_PREFAB_2400X500_RUITPROFIEL","DREMPEL_PREFAB_2400X500_RUITPROFIEL",""
"http://digitalbuildingdata.tech/nlcs/def/4c89021d-bda6-4c1a-9cc9-f1ee0501a19a","DREMPEL","SVH","T","2184","T-SVH-DREMPEL_PREFAB_2400X600","DREMPEL_PREFAB_2400X600",""
"http://digitalbuildingdata.tech/nlcs/def/fc7c53bc-86f8-408a-93fd-a72e1b43cd33","DREMPEL","SVH","T","2185","T-SVH-DREMPEL_PREFAB_2400X600_RUITPROFIEL","DREMPEL_PREFAB_2400X600_RUITPROFIEL",""
"http://digitalbuildingdata.tech/nlcs/def/91e06aaa-72bd-4e37-b692-84355f0e88a2","DREMPEL","SVH","T","2186","T-SVH-DREMPEL_PREFAB_2400X750_LINKS","DREMPEL_PREFAB_2400X750_LINKS",""
"http://digitalbuildingdata.tech/nlcs/def/ed56282d-7dbe-49f7-876f-8e8f32a46744","DREMPEL","SVH","T","2187","T-SVH-DREMPEL_PREFAB_2400X750_RECHTS","DREMPEL_PREFAB_2400X750_RECHTS",""
"http://digitalbuildingdata.tech/nlcs/def/d9e7194f-65f9-49c5-9a67-f3efcb9e34cf","DREMPEL","SVH","T","2188","T-SVH-DREMPEL_PREFAB_2400X750_RUITPROFIEL_LINKS","DREMPEL_PREFAB_2400X750_RUITPROFIEL_LINKS",""
"http://digitalbuildingdata.tech/nlcs/def/18591c55-723b-4c4e-9d5b-7ae34e681252","DREMPEL","SVH","T","2189","T-SVH-DREMPEL_PREFAB_2400X750_RUITPROFIEL_RECHTS","DREMPEL_PREFAB_2400X750_RUITPROFIEL_RECHTS",""
"http://digitalbuildingdata.tech/nlcs/def/e79b75b6-e561-4784-86a6-41e11a221ba5","DREMPEL","SVH","T","2190","T-SVH-DREMPEL_PREFAB_3000X1000","DREMPEL_PREFAB_3000X1000",""
"http://digitalbuildingdata.tech/nlcs/def/bc588f43-9b2d-4ae9-af0e-c03a738e7d23","DREMPEL","SVH","T","2191","T-SVH-DREMPEL_PREFAB_3000X500","DREMPEL_PREFAB_3000X500",""
"http://digitalbuildingdata.tech/nlcs/def/7dfeafc3-3698-4f87-9a39-adfe03d5b693","DREMPEL","SVH","T","2192","T-SVH-DREMPEL_PREFAB_4000X1000","DREMPEL_PREFAB_4000X1000",""
"http://digitalbuildingdata.tech/nlcs/def/011a8800-b474-42d0-9109-0f22b72f8833","DREMPEL","SVH","T","2193","T-SVH-DREMPEL_PREFAB_4000X500","DREMPEL_PREFAB_4000X500",""
"http://digitalbuildingdata.tech/nlcs/def/21e36cc2-a20f-47eb-8a7d-d0ef889f5d20","DREMPEL","SVH","T","2194","T-SVH-DREMPEL_PREFAB_4200X1000","DREMPEL_PREFAB_4200X1000",""
"http://digitalbuildingdata.tech/nlcs/def/4dba1a16-7450-4565-be88-7bee71c1bd59","DREMPEL","SVH","T","2195","T-SVH-DREMPEL_PREFAB_900X500","DREMPEL_PREFAB_900X500",""
"http://digitalbuildingdata.tech/nlcs/def/93490774-5d44-40f5-9b02-56874e27fa70","DREMPEL","SVH","T","2196","T-SVH-DREMPEL_PREFAB_BUS","DREMPEL_PREFAB_BUS",""
"http://digitalbuildingdata.tech/nlcs/def/52f698ed-38f8-4535-937b-1087bdd7a751","DREMPEL","SVH","T","2197","T-SVH-DREMPEL_PREFAB_BUS_LINKS","DREMPEL_PREFAB_BUS_LINKS",""
"http://digitalbuildingdata.tech/nlcs/def/e0f7cc8b-bd9d-4ec6-830f-37f89042c25b","DREMPEL","SVH","T","2198","T-SVH-DREMPEL_PREFAB_BUS_RECHTS","DREMPEL_PREFAB_BUS_RECHTS",""
"http://digitalbuildingdata.tech/nlcs/def/4722661e-3e70-46b4-98bb-8e22f7006aec","DREMPEL","SVH","V","2199","V-SVH-DREMPEL_PREFAB_1000X1200","DREMPEL_PREFAB_1000X1200",""
"http://digitalbuildingdata.tech/nlcs/def/c275c3e2-966e-4445-a1f3-f5cbe6cfbc69","DREMPEL","SVH","V","2200","V-SVH-DREMPEL_PREFAB_1000X1200_RUITPROFIEL","DREMPEL_PREFAB_1000X1200_RUITPROFIEL",""
"http://digitalbuildingdata.tech/nlcs/def/f2441adb-8d73-4a92-8eeb-2b65ca7a865e","DREMPEL","SVH","V","2201","V-SVH-DREMPEL_PREFAB_1000X600","DREMPEL_PREFAB_1000X600",""
"http://digitalbuildingdata.tech/nlcs/def/b417b12f-1366-4ee8-b944-595764a25973","DREMPEL","SVH","V","2202","V-SVH-DREMPEL_PREFAB_1000X600_RUITPROFIEL","DREMPEL_PREFAB_1000X600_RUITPROFIEL",""
"http://digitalbuildingdata.tech/nlcs/def/c3753c86-3a4e-4c73-8538-dfc8a9b83cb2","DREMPEL","SVH","V","2203","V-SVH-DREMPEL_PREFAB_1200X1000","DREMPEL_PREFAB_1200X1000",""
"http://digitalbuildingdata.tech/nlcs/def/674eb1d0-8ec7-43bb-bc94-b3d718a1fa63","DREMPEL","SVH","V","2204","V-SVH-DREMPEL_PREFAB_1200X1000_RUITPROFIEL","DREMPEL_PREFAB_1200X1000_RUITPROFIEL",""
"http://digitalbuildingdata.tech/nlcs/def/adfa3859-fe7b-4f85-b401-0371c9aa6e18","DREMPEL","SVH","V","2205","V-SVH-DREMPEL_PREFAB_1200X500","DREMPEL_PREFAB_1200X500",""
"http://digitalbuildingdata.tech/nlcs/def/85804789-073a-4bda-8057-d91bb688cbf3","DREMPEL","SVH","V","2206","V-SVH-DREMPEL_PREFAB_1200X500_RUITPROFIEL","DREMPEL_PREFAB_1200X500_RUITPROFIEL",""
"http://digitalbuildingdata.tech/nlcs/def/ed53e9ff-bb21-442d-b8ea-0f47baa84bc2","DREMPEL","SVH","V","2207","V-SVH-DREMPEL_PREFAB_1500X1200","DREMPEL_PREFAB_1500X1200",""
"http://digitalbuildingdata.tech/nlcs/def/b36cba42-9818-497d-a4f2-9953ba682e37","DREMPEL","SVH","V","2208","V-SVH-DREMPEL_PREFAB_1500X1200_RUITPROFIEL","DREMPEL_PREFAB_1500X1200_RUITPROFIEL",""
"http://digitalbuildingdata.tech/nlcs/def/3be363dd-f633-4a71-abfb-c32e84298e4f","DREMPEL","SVH","V","2209","V-SVH-DREMPEL_PREFAB_1500X600","DREMPEL_PREFAB_1500X600",""
"http://digitalbuildingdata.tech/nlcs/def/b3086380-f7cd-4b08-ac39-edbdf2ce7d33","DREMPEL","SVH","V","2210","V-SVH-DREMPEL_PREFAB_1500X600_RUITPROFIEL","DREMPEL_PREFAB_1500X600_RUITPROFIEL",""
"http://digitalbuildingdata.tech/nlcs/def/ffff4b8e-f284-49aa-baf4-7c408861cb4c","DREMPEL","SVH","V","2211","V-SVH-DREMPEL_PREFAB_1700X1000","DREMPEL_PREFAB_1700X1000",""
"http://digitalbuildingdata.tech/nlcs/def/af3bed51-9a23-4085-b1a4-5de3abe4e348","DREMPEL","SVH","V","2212","V-SVH-DREMPEL_PREFAB_1700X500","DREMPEL_PREFAB_1700X500",""
"http://digitalbuildingdata.tech/nlcs/def/6a1492ca-a6c9-44a9-aa85-f186160d8f96","DREMPEL","SVH","V","2213","V-SVH-DREMPEL_PREFAB_1750X1000","DREMPEL_PREFAB_1750X1000",""
"http://digitalbuildingdata.tech/nlcs/def/38b480f7-bbd3-48d5-af81-5d91b2540e0b","DREMPEL","SVH","V","2214","V-SVH-DREMPEL_PREFAB_1750X1000_LINKS","DREMPEL_PREFAB_1750X1000_LINKS",""
"http://digitalbuildingdata.tech/nlcs/def/54e3ed56-ee49-4500-bfe0-39912af966ff","DREMPEL","SVH","V","2215","V-SVH-DREMPEL_PREFAB_1750X1000_RECHTS","DREMPEL_PREFAB_1750X1000_RECHTS",""
"http://digitalbuildingdata.tech/nlcs/def/c945ffec-e5a6-4dfd-acda-3e69b292f8be","DREMPEL","SVH","V","2216","V-SVH-DREMPEL_PREFAB_1750X1200","DREMPEL_PREFAB_1750X1200",""
"http://digitalbuildingdata.tech/nlcs/def/9868be82-4f7e-4271-a6aa-28c389d9faa5","DREMPEL","SVH","V","2217","V-SVH-DREMPEL_PREFAB_1750X500","DREMPEL_PREFAB_1750X500",""
"http://digitalbuildingdata.tech/nlcs/def/54637ea1-982d-4056-af82-9c27266f3297","DREMPEL","SVH","V","2218","V-SVH-DREMPEL_PREFAB_1750X600","DREMPEL_PREFAB_1750X600",""
"http://digitalbuildingdata.tech/nlcs/def/2e13e097-8409-4197-b733-c21e228916ce","DREMPEL","SVH","V","2219","V-SVH-DREMPEL_PREFAB_2400X1000","DREMPEL_PREFAB_2400X1000",""
"http://digitalbuildingdata.tech/nlcs/def/b33f7b90-1f0f-433c-b2bd-3e81290b66d8","DREMPEL","SVH","V","2220","V-SVH-DREMPEL_PREFAB_2400X1000_RUITPROFIEL","DREMPEL_PREFAB_2400X1000_RUITPROFIEL",""
"http://digitalbuildingdata.tech/nlcs/def/63f5be69-1303-4e15-a9f5-96027bc7c762","DREMPEL","SVH","V","2221","V-SVH-DREMPEL_PREFAB_2400X1200","DREMPEL_PREFAB_2400X1200",""
"http://digitalbuildingdata.tech/nlcs/def/7309a41c-da2d-4ed6-9d8e-c2d8360729ae","DREMPEL","SVH","V","2222","V-SVH-DREMPEL_PREFAB_2400X1200_RUITPROFIEL","DREMPEL_PREFAB_2400X1200_RUITPROFIEL",""
"http://digitalbuildingdata.tech/nlcs/def/5ac496df-ebd8-42e2-b2bf-d3617cffd93f","DREMPEL","SVH","V","2223","V-SVH-DREMPEL_PREFAB_2400X500","DREMPEL_PREFAB_2400X500",""
"http://digitalbuildingdata.tech/nlcs/def/57370907-bc34-49f4-a883-eec1dc2f2afb","DREMPEL","SVH","V","2224","V-SVH-DREMPEL_PREFAB_2400X500_RUITPROFIEL","DREMPEL_PREFAB_2400X500_RUITPROFIEL",""
"http://digitalbuildingdata.tech/nlcs/def/86b15dc7-0fc6-47d5-b622-451792b404bd","DREMPEL","SVH","V","2225","V-SVH-DREMPEL_PREFAB_2400X600","DREMPEL_PREFAB_2400X600",""
"http://digitalbuildingdata.tech/nlcs/def/fcbe3b17-d5fe-497c-8941-8b48e8a39a4e","DREMPEL","SVH","V","2226","V-SVH-DREMPEL_PREFAB_2400X600_RUITPROFIEL","DREMPEL_PREFAB_2400X600_RUITPROFIEL",""
"http://digitalbuildingdata.tech/nlcs/def/3d1c9497-56bb-4ca3-b0f3-bc454fc934e4","DREMPEL","SVH","V","2227","V-SVH-DREMPEL_PREFAB_2400X750_LINKS","DREMPEL_PREFAB_2400X750_LINKS",""
"http://digitalbuildingdata.tech/nlcs/def/6b91f83d-310e-4592-9fb6-45a7ecbf522a","DREMPEL","SVH","V","2228","V-SVH-DREMPEL_PREFAB_2400X750_RECHTS","DREMPEL_PREFAB_2400X750_RECHTS",""
"http://digitalbuildingdata.tech/nlcs/def/05d96d13-44f4-4871-aa09-06d9c83816e4","DREMPEL","SVH","V","2229","V-SVH-DREMPEL_PREFAB_2400X750_RUITPROFIEL_LINKS","DREMPEL_PREFAB_2400X750_RUITPROFIEL_LINKS",""
"http://digitalbuildingdata.tech/nlcs/def/104d6483-24aa-4082-ae5c-7d77afd6e125","DREMPEL","SVH","V","2230","V-SVH-DREMPEL_PREFAB_2400X750_RUITPROFIEL_RECHTS","DREMPEL_PREFAB_2400X750_RUITPROFIEL_RECHTS",""
"http://digitalbuildingdata.tech/nlcs/def/3550cc86-6d48-48c8-bc73-96bba22bb649","DREMPEL","SVH","V","2231","V-SVH-DREMPEL_PREFAB_3000X1000","DREMPEL_PREFAB_3000X1000",""
"http://digitalbuildingdata.tech/nlcs/def/bb71b13a-0727-4859-be80-6accbb67cc61","DREMPEL","SVH","V","2232","V-SVH-DREMPEL_PREFAB_3000X500","DREMPEL_PREFAB_3000X500",""
"http://digitalbuildingdata.tech/nlcs/def/041208c6-2d90-4795-955c-be8dd1e62d1f","DREMPEL","SVH","V","2233","V-SVH-DREMPEL_PREFAB_4000X1000","DREMPEL_PREFAB_4000X1000",""
"http://digitalbuildingdata.tech/nlcs/def/1adf9d46-09e7-4dab-b15a-9e72185654ea","DREMPEL","SVH","V","2234","V-SVH-DREMPEL_PREFAB_4000X500","DREMPEL_PREFAB_4000X500",""
"http://digitalbuildingdata.tech/nlcs/def/cbf9330f-30d2-4a3b-a245-23e0dd56f694","DREMPEL","SVH","V","2235","V-SVH-DREMPEL_PREFAB_4200X1000","DREMPEL_PREFAB_4200X1000",""
"http://digitalbuildingdata.tech/nlcs/def/83db1478-6de5-4417-8390-eceab9fb539c","DREMPEL","SVH","V","2236","V-SVH-DREMPEL_PREFAB_900X500","DREMPEL_PREFAB_900X500",""
"http://digitalbuildingdata.tech/nlcs/def/4d48e9de-d298-4c1c-8551-e67ad49de876","DREMPEL","SVH","V","2237","V-SVH-DREMPEL_PREFAB_BUS","DREMPEL_PREFAB_BUS",""
"http://digitalbuildingdata.tech/nlcs/def/0c64d9e4-267c-481d-80dc-0d92ab40361a","DREMPEL","SVH","V","2238","V-SVH-DREMPEL_PREFAB_BUS_LINKS","DREMPEL_PREFAB_BUS_LINKS",""
"http://digitalbuildingdata.tech/nlcs/def/cd719169-d54f-4a3b-abb5-f272440b426d","DREMPEL","SVH","V","2239","V-SVH-DREMPEL_PREFAB_BUS_RECHTS","DREMPEL_PREFAB_BUS_RECHTS",""
"http://digitalbuildingdata.tech/nlcs/def/511108fa-74a1-4fda-86e0-db7ab9234a4c","KANTOPSLUITING","SVH","","2241","SVH-KANTOPSLUITING_STOOTBAND_ROND_ROND_1000X200","KANTOPSLUITING_STOOTBAND_ROND_ROND_1000X200",""
"http://digitalbuildingdata.tech/nlcs/def/39a12407-cc42-4ac9-b348-5f0eb180e868","KANTOPSLUITING","SVH","","2242","SVH-KANTOPSLUITING_STOOTBAND_VLAK_ROND_1000X200","KANTOPSLUITING_STOOTBAND_VLAK_ROND_1000X200",""
"http://digitalbuildingdata.tech/nlcs/def/ee747954-00d5-466f-b315-6b7adf12bc35","KANTOPSLUITING","SVH","","2243","SVH-KANTOPSLUITING_STOOTBAND_VLAK_VLAK_1000X200","KANTOPSLUITING_STOOTBAND_VLAK_VLAK_1000X200",""
"http://digitalbuildingdata.tech/nlcs/def/7b42a2b4-aafd-4961-aee0-88f1d4aa3f75","VERKEERSTEGEL","SVH","","2244","SVH-VERKEERSTEGEL_300X150_TUSSENTEGEL","VERKEERSTEGEL_300X150_TUSSENTEGEL",""
"http://digitalbuildingdata.tech/nlcs/def/125bcfe2-88b7-4604-a5bd-9b472020129e","VERKEERSTEGEL","SVH","","2245","SVH-VERKEERSTEGEL_300X300_GELEIDETEGEL","VERKEERSTEGEL_300X300_GELEIDETEGEL",""
"http://digitalbuildingdata.tech/nlcs/def/8114f352-65f6-448b-a054-d6147cb5e61c","VERKEERSTEGEL","SVH","","2246","SVH-VERKEERSTEGEL_300X300_GITRUITTEGEL","VERKEERSTEGEL_300X300_GITRUITTEGEL",""
"http://digitalbuildingdata.tech/nlcs/def/071043da-2950-4a12-abb9-6f1a454e96bd","VERKEERSTEGEL","SVH","","2247","SVH-VERKEERSTEGEL_300X300_HAAIENTAND","VERKEERSTEGEL_300X300_HAAIENTAND",""
"http://digitalbuildingdata.tech/nlcs/def/d57befd3-39a7-4ece-b7dc-347ee42e2127","VERKEERSTEGEL","SVH","","2248","SVH-VERKEERSTEGEL_300X300_ROLSTOELTEGEL","VERKEERSTEGEL_300X300_ROLSTOELTEGEL",""
"http://digitalbuildingdata.tech/nlcs/def/2afa2e0f-2e30-4309-9546-d85d8a67a207","VERKEERSTEGEL","SVH","","2249","SVH-VERKEERSTEGEL_300X300_TUSSENTEGEL","VERKEERSTEGEL_300X300_TUSSENTEGEL",""
"http://digitalbuildingdata.tech/nlcs/def/790a564b-e7c4-4c09-8bf4-5bc3c406d0d6","VERKEERSTEGEL","SVH","","2250","SVH-VERKEERSTEGEL_500X250_TUSSENTEGEL","VERKEERSTEGEL_500X250_TUSSENTEGEL",""
"http://digitalbuildingdata.tech/nlcs/def/4e1d35f6-79e3-4e63-8f0b-290326f276e8","VERKEERSTEGEL","SVH","","2251","SVH-VERKEERSTEGEL_500X500_HAAIENTAND","VERKEERSTEGEL_500X500_HAAIENTAND",""
"http://digitalbuildingdata.tech/nlcs/def/86155aaf-9f5e-4245-a0ad-67631842d269","VERKEERSTEGEL","SVH","","2252","SVH-VERKEERSTEGEL_500X500_TUSSENTEGEL","VERKEERSTEGEL_500X500_TUSSENTEGEL",""
"http://digitalbuildingdata.tech/nlcs/def/8ed494b1-0a68-4d5f-898a-a821e5488cf0","TEGEL","SVH","","2254","SVH-TEGEL_100X300_HALFST_KL-SO","TEGEL_100X300_HALFST_KL","SO"
"http://digitalbuildingdata.tech/nlcs/def/97e571e3-187f-4e48-bbee-3fed1265f2c1","TEGEL","SVH","","2255","SVH-TEGEL_100X300_LINT_KL-SO","TEGEL_100X300_LINT_KL","SO"
"http://digitalbuildingdata.tech/nlcs/def/586ea901-76ff-4d1e-8062-a160a27cdc04","TEGEL","SVH","","2258","SVH-TEGEL_2000X2000_LINT_KL-SO","TEGEL_2000X2000_LINT_KL","SO"
"http://digitalbuildingdata.tech/nlcs/def/3f2e3fc0-ed8c-4ae6-b82a-87f78bbbfa67","TEGEL","SVH","","2259","SVH-TEGEL_200X200_HALFST_KL-SO","TEGEL_200X200_HALFST_KL","SO"
"http://digitalbuildingdata.tech/nlcs/def/7c78ee6f-dc10-45de-8116-2bde381d5edf","TEGEL","SVH","","2260","SVH-TEGEL_200X200_LINT_KL-SO","TEGEL_200X200_LINT_KL","SO"
"http://digitalbuildingdata.tech/nlcs/def/07152622-05a2-4fa0-948e-cd5fcc554139","TEGEL","SVH","","2261","SVH-TEGEL_200X300_HALFST_KL-SO","TEGEL_200X300_HALFST_KL","SO"
"http://digitalbuildingdata.tech/nlcs/def/cc2bc5b0-a971-4c7f-ba00-ddcda96d2ec7","TEGEL","SVH","","2262","SVH-TEGEL_200X300_LINT_KL-SO","TEGEL_200X300_LINT_KL","SO"
"http://digitalbuildingdata.tech/nlcs/def/5024625b-3550-4667-bc84-163f399f718a","TEGEL","SVH","","2263","SVH-TEGEL_200X600_HALFST_KL-SO","TEGEL_200X600_HALFST_KL","SO"
"http://digitalbuildingdata.tech/nlcs/def/c61d6e6a-9e9b-4d85-8cd0-c2095efa7d24","TEGEL","SVH","","2264","SVH-TEGEL_200X600_LINT_KL-SO","TEGEL_200X600_LINT_KL","SO"
"http://digitalbuildingdata.tech/nlcs/def/eaa10f5d-22ef-426a-8e64-32eb6c337a04","TEGEL","SVH","","2267","SVH-TEGEL_300X200_HALFST_KL-SO","TEGEL_300X200_HALFST_KL","SO"
"http://digitalbuildingdata.tech/nlcs/def/83b5cdcf-344f-4018-af29-e1633b53da89","TEGEL","SVH","","2268","SVH-TEGEL_300X200_LINT_KL-SO","TEGEL_300X200_LINT_KL","SO"
"http://digitalbuildingdata.tech/nlcs/def/8facf649-b9f1-4c18-950a-3346f8a8911f","TEGEL","SVH","","2271","SVH-TEGEL_400X400_HALFST_KL-SO","TEGEL_400X400_HALFST_KL","SO"
"http://digitalbuildingdata.tech/nlcs/def/b366a8f2-4bd4-4ba6-8131-6f30cc471b34","TEGEL","SVH","","2272","SVH-TEGEL_400X400_HALFST_STIP_KL-SO","TEGEL_400X400_HALFST_STIP_KL","SO"
"http://digitalbuildingdata.tech/nlcs/def/82ca686b-aab7-44ca-b483-93ec14fefb37","TEGEL","SVH","","2273","SVH-TEGEL_400X400_LINT_KL-SO","TEGEL_400X400_LINT_KL","SO"
"http://digitalbuildingdata.tech/nlcs/def/53b66705-4ca0-4bcd-a1c2-953f772da78d","TEGEL","SVH","","2274","SVH-TEGEL_400X400_LINT_STIP_KL-SO","TEGEL_400X400_LINT_STIP_KL","SO"
"http://digitalbuildingdata.tech/nlcs/def/00c21dbb-b943-41ba-ab57-f5aae9829697","TEGEL","SVH","","2275","SVH-TEGEL_400X400_LINT_STREEP_KL-SO","TEGEL_400X400_LINT_STREEP_KL","SO"
"http://digitalbuildingdata.tech/nlcs/def/9f3572a3-6956-41cb-919f-8a5254744d00","TEGEL","SVH","","2278","SVH-TEGEL_500X500_HALFST_KL-SO","TEGEL_500X500_HALFST_KL","SO"
"http://digitalbuildingdata.tech/nlcs/def/00c8ad62-45e7-469d-ab4d-60769808668a","TEGEL","SVH","","2279","SVH-TEGEL_500X500_LINT_KL-SO","TEGEL_500X500_LINT_KL","SO"
"http://digitalbuildingdata.tech/nlcs/def/285eddc7-34b3-4287-ae68-d0ea8caff73f","TEGEL","SVH","","2280","SVH-TEGEL_600X200_HALFST_KL-SO","TEGEL_600X200_HALFST_KL","SO"
"http://digitalbuildingdata.tech/nlcs/def/03ef8c9e-bd98-42ff-a273-d8d836aa4341","TEGEL","SVH","","2281","SVH-TEGEL_600X200_LINT_KL-SO","TEGEL_600X200_LINT_KL","SO"
"http://digitalbuildingdata.tech/nlcs/def/e12dbd78-b163-4e79-801d-cf28267fa70f","TEGEL","SVH","","2282","SVH-TEGEL_600X600_HALFST_KL-SO","TEGEL_600X600_HALFST_KL","SO"
"http://digitalbuildingdata.tech/nlcs/def/8073e12e-426e-4065-bf9f-11749362d9d9","TEGEL","SVH","","2283","SVH-TEGEL_600X600_HALFST_STIP_KL-SO","TEGEL_600X600_HALFST_STIP_KL","SO"
"http://digitalbuildingdata.tech/nlcs/def/d7a56be9-36f6-489e-bc91-2d0f0010ac4b","TEGEL","SVH","","2284","SVH-TEGEL_600X600_LINT_KL-SO","TEGEL_600X600_LINT_KL","SO"
"http://digitalbuildingdata.tech/nlcs/def/7c5342c2-6224-4b8a-8d54-d195fd3c9fdf","TEGEL","SVH","","2285","SVH-TEGEL_600X600_LINT_STIP_KL-SO","TEGEL_600X600_LINT_STIP_KL","SO"
"http://digitalbuildingdata.tech/nlcs/def/31628ac2-9295-4c69-afa4-e84a641af512","TEGEL","SVH","V","2286","V-SVH-TEGEL_100X300_HALFST_KL-SO","TEGEL_100X300_HALFST_KL","SO"
"http://digitalbuildingdata.tech/nlcs/def/d8fcd8c6-1a07-41cf-acb5-769a5657f48b","TEGEL","SVH","V","2287","V-SVH-TEGEL_100X300_LINT_KL-SO","TEGEL_100X300_LINT_KL","SO"
"http://digitalbuildingdata.tech/nlcs/def/b9a833be-e8eb-41e1-8300-f9b4f22a8e0a","TEGEL","SVH","V","2290","V-SVH-TEGEL_2000X2000_LINT_KL-SO","TEGEL_2000X2000_LINT_KL","SO"
"http://digitalbuildingdata.tech/nlcs/def/8f6bd568-0e90-49bd-a792-c20ba8001d6f","TEGEL","SVH","V","2291","V-SVH-TEGEL_200X200_HALFST_KL-SO","TEGEL_200X200_HALFST_KL","SO"
"http://digitalbuildingdata.tech/nlcs/def/a713cddb-a328-4769-b4fa-09fcced28c68","TEGEL","SVH","V","2292","V-SVH-TEGEL_200X200_LINT_KL-SO","TEGEL_200X200_LINT_KL","SO"
"http://digitalbuildingdata.tech/nlcs/def/1c407380-df48-4378-a6d8-46473ba984f7","TEGEL","SVH","V","2293","V-SVH-TEGEL_200X300_HALFST_KL-SO","TEGEL_200X300_HALFST_KL","SO"
"http://digitalbuildingdata.tech/nlcs/def/f23bc056-ff0a-4a11-af13-06252cb82c16","TEGEL","SVH","V","2294","V-SVH-TEGEL_200X300_LINT_KL-SO","TEGEL_200X300_LINT_KL","SO"
"http://digitalbuildingdata.tech/nlcs/def/8e2a15dd-76a3-4fcb-ba82-86be0f14c814","TEGEL","SVH","V","2295","V-SVH-TEGEL_200X600_HALFST_KL-SO","TEGEL_200X600_HALFST_KL","SO"
"http://digitalbuildingdata.tech/nlcs/def/14b58f63-d1b3-4187-81c9-365fa97d2456","TEGEL","SVH","V","2296","V-SVH-TEGEL_200X600_LINT_KL-SO","TEGEL_200X600_LINT_KL","SO"
"http://digitalbuildingdata.tech/nlcs/def/d281752e-a411-4475-bf4c-66b4fe6868af","TEGEL","SVH","V","2299","V-SVH-TEGEL_300X200_HALFST_KL-SO","TEGEL_300X200_HALFST_KL","SO"
"http://digitalbuildingdata.tech/nlcs/def/f687186f-5222-480a-a01c-e089d299e241","TEGEL","SVH","V","2300","V-SVH-TEGEL_300X200_LINT_KL-SO","TEGEL_300X200_LINT_KL","SO"
"http://digitalbuildingdata.tech/nlcs/def/0e57641b-34da-42a4-a55d-db56b540e0e2","TEGEL","SVH","V","2303","V-SVH-TEGEL_400X400_HALFST_KL-SO","TEGEL_400X400_HALFST_KL","SO"
"http://digitalbuildingdata.tech/nlcs/def/98cac1e9-6690-4158-ab6b-2d2f707fd0ec","TEGEL","SVH","V","2304","V-SVH-TEGEL_400X400_HALFST_STIP_KL-SO","TEGEL_400X400_HALFST_STIP_KL","SO"
"http://digitalbuildingdata.tech/nlcs/def/a360c008-ce85-4f98-8d17-348690ce5fb1","TEGEL","SVH","V","2305","V-SVH-TEGEL_400X400_LINT_KL-SO","TEGEL_400X400_LINT_KL","SO"
"http://digitalbuildingdata.tech/nlcs/def/20de0056-5443-4e0a-8545-1818bdd07ba7","TEGEL","SVH","V","2306","V-SVH-TEGEL_400X400_LINT_STIP_KL-SO","TEGEL_400X400_LINT_STIP_KL","SO"
"http://digitalbuildingdata.tech/nlcs/def/c0d95854-a992-4a8f-8038-0211583baa9c","TEGEL","SVH","V","2307","V-SVH-TEGEL_400X400_LINT_STREEP_KL-SO","TEGEL_400X400_LINT_STREEP_KL","SO"
"http://digitalbuildingdata.tech/nlcs/def/2f1d2cfb-fe67-460c-a975-9f9a5d29ffd5","TEGEL","SVH","V","2310","V-SVH-TEGEL_500X500_HALFST_KL-SO","TEGEL_500X500_HALFST_KL","SO"
"http://digitalbuildingdata.tech/nlcs/def/6eec83c1-3b40-4f33-8f21-0006a23b8cd6","TEGEL","SVH","V","2311","V-SVH-TEGEL_500X500_LINT_KL-SO","TEGEL_500X500_LINT_KL","SO"
"http://digitalbuildingdata.tech/nlcs/def/03366c9b-e856-4f8f-8ce4-ac49f6b5d108","TEGEL","SVH","V","2312","V-SVH-TEGEL_600X200_HALFST_KL-SO","TEGEL_600X200_HALFST_KL","SO"
"http://digitalbuildingdata.tech/nlcs/def/5dcb94aa-cde3-40fa-a386-81a15498910c","TEGEL","SVH","V","2313","V-SVH-TEGEL_600X200_LINT_KL-SO","TEGEL_600X200_LINT_KL","SO"
"http://digitalbuildingdata.tech/nlcs/def/45eb5730-74a9-405d-9665-9207a3b3c244","TEGEL","SVH","V","2314","V-SVH-TEGEL_600X600_HALFST_KL-SO","TEGEL_600X600_HALFST_KL","SO"
"http://digitalbuildingdata.tech/nlcs/def/391e1b23-0014-431d-b8f5-8b4c38b130c2","TEGEL","SVH","V","2315","V-SVH-TEGEL_600X600_HALFST_STIP_KL-SO","TEGEL_600X600_HALFST_STIP_KL","SO"
"http://digitalbuildingdata.tech/nlcs/def/5b5392f7-b453-40c8-acc8-55784411dfc5","TEGEL","SVH","V","2316","V-SVH-TEGEL_600X600_LINT_KL-SO","TEGEL_600X600_LINT_KL","SO"
"http://digitalbuildingdata.tech/nlcs/def/c47b7a99-bc31-4046-86ce-8fed9db7d3a5","TEGEL","SVH","V","2317","V-SVH-TEGEL_600X600_LINT_STIP_KL-SO","TEGEL_600X600_LINT_STIP_KL","SO"
"http://digitalbuildingdata.tech/nlcs/def/361fcc3e-ebf8-4899-b913-9e6019235b68","TEGEL","SVH","","2318","SVH-TEGEL_400X600_DUN_BLOK-SO","TEGEL_400X600_DUN_BLOK","SO"
"http://digitalbuildingdata.tech/nlcs/def/16b618fb-2900-4ad3-b7bd-b65df4f2874f","TEGEL","SVH","","2319","SVH-TEGEL_400X600_DUN_HALFST-SO","TEGEL_400X600_DUN_HALFST","SO"
"http://digitalbuildingdata.tech/nlcs/def/8b7b880f-713e-4515-95b9-5ac57bbc8b66","TEGEL","SVH","","2320","SVH-TEGEL_400X600_DUN_LINT-SO","TEGEL_400X600_DUN_LINT","SO"
"http://digitalbuildingdata.tech/nlcs/def/5abb2828-696f-44ff-9c4b-49604b7ea48e","TEGEL","SVH","","2321","SVH-TEGEL_400X600_DIK_BLOK-SO","TEGEL_400X600_DIK_BLOK","SO"
"http://digitalbuildingdata.tech/nlcs/def/26ddcb9c-1600-4e9e-89da-b838103230be","TEGEL","SVH","","2322","SVH-TEGEL_400X600_DIK_HALFST-SO","TEGEL_400X600_DIK_HALFST","SO"
"http://digitalbuildingdata.tech/nlcs/def/af8133fe-a7a6-41a3-ab3a-14a127b31ae3","TEGEL","SVH","","2323","SVH-TEGEL_400X600_DIK_LINT-SO","TEGEL_400X600_DIK_LINT","SO"
"http://digitalbuildingdata.tech/nlcs/def/227ed0e0-2c9e-4e8e-8d1f-eef1e3a0df84","TEGEL","SVH","","2324","SVH-TEGEL_300X300_DUN_BLOK-SO","TEGEL_300X300_DUN_BLOK","SO"
"http://digitalbuildingdata.tech/nlcs/def/0b8eadbf-6364-46c0-828a-e3041203aeea","TEGEL","SVH","","2325","SVH-TEGEL_300X300_DUN_HALFST-SO","TEGEL_300X300_DUN_HALFST","SO"
"http://digitalbuildingdata.tech/nlcs/def/d9731209-683b-4c83-b96c-f3607b03c502","TEGEL","SVH","","2326","SVH-TEGEL_300X300_DUN_LINT-SO","TEGEL_300X300_DUN_LINT","SO"
"http://digitalbuildingdata.tech/nlcs/def/5afe11f0-df1e-45af-8398-fab51de1fe22","TEGEL","SVH","","2327","SVH-TEGEL_300X300_DIK_BLOK-SO","TEGEL_300X300_DIK_BLOK","SO"
"http://digitalbuildingdata.tech/nlcs/def/da468e4d-3908-46cb-a286-7f2443b1e986","TEGEL","SVH","","2328","SVH-TEGEL_300X300_DIK_HALFST-SO","TEGEL_300X300_DIK_HALFST","SO"
"http://digitalbuildingdata.tech/nlcs/def/85941987-3ae9-4c3c-b37a-a50599ece9ef","TEGEL","SVH","","2329","SVH-TEGEL_300X300_DIK_LINT-SO","TEGEL_300X300_DIK_LINT","SO"
"http://digitalbuildingdata.tech/nlcs/def/3df55518-2783-4753-adc3-c4abba2ebea4","TEGEL","SVH","V","2330","V-SVH-TEGEL_400X600_DUN_BLOK-SO","TEGEL_400X600_DUN_BLOK","SO"
"http://digitalbuildingdata.tech/nlcs/def/0a7f4e31-ae19-41cf-ba68-07c49903a39d","TEGEL","SVH","V","2331","V-SVH-TEGEL_400X600_DUN_HALFST-SO","TEGEL_400X600_DUN_HALFST","SO"
"http://digitalbuildingdata.tech/nlcs/def/e1ea6d2e-adff-41f3-9b0c-fa60060acf95","TEGEL","SVH","V","2332","V-SVH-TEGEL_400X600_DUN_LINT-SO","TEGEL_400X600_DUN_LINT","SO"
"http://digitalbuildingdata.tech/nlcs/def/17bd9de3-9d59-46bd-ac98-b05e51074766","TEGEL","SVH","V","2333","V-SVH-TEGEL_400X600_DIK_BLOK-SO","TEGEL_400X600_DIK_BLOK","SO"
"http://digitalbuildingdata.tech/nlcs/def/607e4d2d-0e88-415a-b913-668d102704c0","TEGEL","SVH","V","2334","V-SVH-TEGEL_400X600_DIK_HALFST-SO","TEGEL_400X600_DIK_HALFST","SO"
"http://digitalbuildingdata.tech/nlcs/def/cf551bbd-405d-4101-9bf4-f2695e561a14","TEGEL","SVH","V","2335","V-SVH-TEGEL_400X600_DIK_LINT-SO","TEGEL_400X600_DIK_LINT","SO"
"http://digitalbuildingdata.tech/nlcs/def/d90530ef-0acf-4591-a311-6c0e2d2451e2","TEGEL","SVH","V","2336","V-SVH-TEGEL_300X300_DUN_BLOK-SO","TEGEL_300X300_DUN_BLOK","SO"
"http://digitalbuildingdata.tech/nlcs/def/75b93ca4-0293-40ea-9ae7-ab6b72dc58a0","TEGEL","SVH","V","2337","V-SVH-TEGEL_300X300_DUN_HALFST-SO","TEGEL_300X300_DUN_HALFST","SO"
"http://digitalbuildingdata.tech/nlcs/def/9d5e302d-fdc7-4e6a-9425-fad85f275715","TEGEL","SVH","V","2338","V-SVH-TEGEL_300X300_DUN_LINT-SO","TEGEL_300X300_DUN_LINT","SO"
"http://digitalbuildingdata.tech/nlcs/def/bf9a8e01-369f-4ce5-ac9a-4317fc3b0eb7","TEGEL","SVH","V","2339","V-SVH-TEGEL_300X300_DIK_BLOK-SO","TEGEL_300X300_DIK_BLOK","SO"
"http://digitalbuildingdata.tech/nlcs/def/6c05830e-7ab9-4d4f-89d8-e0ea645a379d","TEGEL","SVH","V","2340","V-SVH-TEGEL_300X300_DIK_HALFST-SO","TEGEL_300X300_DIK_HALFST","SO"
"http://digitalbuildingdata.tech/nlcs/def/b5d59cf5-4d2d-446b-8aa8-328ec3bec8d8","TEGEL","SVH","V","2341","V-SVH-TEGEL_300X300_DIK_LINT-SO","TEGEL_300X300_DIK_LINT","SO"
"http://digitalbuildingdata.tech/nlcs/def/02f188d0-e058-4088-a021-0b60fc14dcab","KANTOPSLUITING","SVH","","2342","SVH-KANTOPSLUITING_ASFALTBAND_50X200X150-D","KANTOPSLUITING_ASFALTBAND_50X200X150","D"
"http://digitalbuildingdata.tech/nlcs/def/e2ba3aca-9890-418e-8f22-ee1285219cf8","KANTOPSLUITING","SVH","","2343","SVH-KANTOPSLUITING_ASFALTBAND_50X200X200-D","KANTOPSLUITING_ASFALTBAND_50X200X200","D"
"http://digitalbuildingdata.tech/nlcs/def/cb86c8e1-95c7-45ab-85ad-e27310250a80","KANTOPSLUITING","SVH","","2344","SVH-KANTOPSLUITING_ASFALTBAND_50X200X250-D","KANTOPSLUITING_ASFALTBAND_50X200X250","D"
"http://digitalbuildingdata.tech/nlcs/def/8a684ec5-ca5f-48ef-9db3-7cdc870c3d1c","KANTOPSLUITING","SVH","","2345","SVH-KANTOPSLUITING_GAZONBAND_100X150-D","KANTOPSLUITING_GAZONBAND_100X150","D"
"http://digitalbuildingdata.tech/nlcs/def/df06f0e9-abbc-4acb-959b-874040333e4c","KANTOPSLUITING","SVH","","2346","SVH-KANTOPSLUITING_GAZONBAND_100X200-D","KANTOPSLUITING_GAZONBAND_100X200","D"
"http://digitalbuildingdata.tech/nlcs/def/3f825673-e90c-42dc-8c90-e9e8cf016969","KANTOPSLUITING","SVH","","2347","SVH-KANTOPSLUITING_GAZONBAND_100X300-D","KANTOPSLUITING_GAZONBAND_100X300","D"
"http://digitalbuildingdata.tech/nlcs/def/9e4a486e-dc70-4499-9761-2609cc6494ea","KANTOPSLUITING","SVH","","2348","SVH-KANTOPSLUITING_GAZONBAND_120X200-D","KANTOPSLUITING_GAZONBAND_120X200","D"
"http://digitalbuildingdata.tech/nlcs/def/318f70e8-033d-4bca-8bf9-01522bbf34b9","KANTOPSLUITING","SVH","","2349","SVH-KANTOPSLUITING_GAZONBAND_120X250-D","KANTOPSLUITING_GAZONBAND_120X250","D"
"http://digitalbuildingdata.tech/nlcs/def/b85b0582-8afa-4310-bd86-52da7453383b","KANTOPSLUITING","SVH","","2350","SVH-KANTOPSLUITING_GAZONBAND_150X400-D","KANTOPSLUITING_GAZONBAND_150X400","D"
"http://digitalbuildingdata.tech/nlcs/def/f04cd3f4-92db-4ba3-8d53-57d7b2680aa8","KANTOPSLUITING","SVH","","2351","SVH-KANTOPSLUITING_GAZONBAND_200X150-D","KANTOPSLUITING_GAZONBAND_200X150","D"
"http://digitalbuildingdata.tech/nlcs/def/212a3532-3abb-424c-9cd9-102bb6de2180","KANTOPSLUITING","SVH","","2352","SVH-KANTOPSLUITING_GAZONBAND_200X200-D","KANTOPSLUITING_GAZONBAND_200X200","D"
"http://digitalbuildingdata.tech/nlcs/def/1e0fce90-dbbb-49d2-9319-6d1b7c306ab0","KANTOPSLUITING","SVH","","2353","SVH-KANTOPSLUITING_GAZONBAND_60X200-D","KANTOPSLUITING_GAZONBAND_60X200","D"
"http://digitalbuildingdata.tech/nlcs/def/e0cf0d39-5824-4052-93e0-a1441b680cb3","KANTOPSLUITING","SVH","","2354","SVH-KANTOPSLUITING_GAZONBAND_80X200-D","KANTOPSLUITING_GAZONBAND_80X200","D"
"http://digitalbuildingdata.tech/nlcs/def/0ff22af6-d79b-424c-8cde-3755759a4cac","KANTOPSLUITING","SVH","","2355","SVH-KANTOPSLUITING_GELEIDEBAND_3740-D","KANTOPSLUITING_GELEIDEBAND_3740","D"
"http://digitalbuildingdata.tech/nlcs/def/703e17a8-8245-4e4f-864a-c1bb6e67de79","KANTOPSLUITING","SVH","","2356","SVH-KANTOPSLUITING_INRITBAND_160X450-D","KANTOPSLUITING_INRITBAND_160X450","D"
"http://digitalbuildingdata.tech/nlcs/def/e5f7a676-fa95-4317-a5b1-c8e5bedddc69","KANTOPSLUITING","SVH","","2357","SVH-KANTOPSLUITING_INRITBAND_160X450X500-D","KANTOPSLUITING_INRITBAND_160X450X500","D"
"http://digitalbuildingdata.tech/nlcs/def/0f44b2af-3239-4f0e-bf7a-1872beacc575","KANTOPSLUITING","SVH","","2358","SVH-KANTOPSLUITING_INRITBAND_160X500X500-D","KANTOPSLUITING_INRITBAND_160X500X500","D"
"http://digitalbuildingdata.tech/nlcs/def/354278ab-e75c-42f1-a75e-900dafae3cc7","KANTOPSLUITING","SVH","","2359","SVH-KANTOPSLUITING_INRITBAND_160X600X500-D","KANTOPSLUITING_INRITBAND_160X600X500","D"
"http://digitalbuildingdata.tech/nlcs/def/66d86a1b-200f-4287-8e9b-6ba61149c629","KANTOPSLUITING","SVH","","2360","SVH-KANTOPSLUITING_INRITBAND_170X520-D","KANTOPSLUITING_INRITBAND_170X520","D"
"http://digitalbuildingdata.tech/nlcs/def/7efadc4f-efe6-4afb-ae2b-d04ee1075d1a","KANTOPSLUITING","SVH","","2361","SVH-KANTOPSLUITING_INRITBAND_200X600X300-D","KANTOPSLUITING_INRITBAND_200X600X300","D"
"http://digitalbuildingdata.tech/nlcs/def/75af735b-e79a-4e7b-840d-b5c163022068","KANTOPSLUITING","SVH","","2362","SVH-KANTOPSLUITING_INRITBAND_200X650X300-D","KANTOPSLUITING_INRITBAND_200X650X300","D"
"http://digitalbuildingdata.tech/nlcs/def/e402bea4-1219-45c0-b3ed-be0377e8b487","KANTOPSLUITING","SVH","","2363","SVH-KANTOPSLUITING_LEICONBAND_100X250-D","KANTOPSLUITING_LEICONBAND_100X250","D"
"http://digitalbuildingdata.tech/nlcs/def/2280ca10-0d9a-4f77-8b8b-25cc5d75d837","KANTOPSLUITING","SVH","","2364","SVH-KANTOPSLUITING_LEICONBAND_100X300-D","KANTOPSLUITING_LEICONBAND_100X300","D"
"http://digitalbuildingdata.tech/nlcs/def/a43e0efc-faf0-41ba-a59a-48eddd1d2ad8","KANTOPSLUITING","SVH","","2365","SVH-KANTOPSLUITING_LEICONBAND_B_4-D","KANTOPSLUITING_LEICONBAND_B_4","D"
"http://digitalbuildingdata.tech/nlcs/def/eb03cc2a-3d54-4aba-b86b-a5f036d30ed0","KANTOPSLUITING","SVH","","2366","SVH-KANTOPSLUITING_LEICONBAND_F25_4-D","KANTOPSLUITING_LEICONBAND_F25_4","D"
"http://digitalbuildingdata.tech/nlcs/def/558c72c5-9893-472a-9ad5-6dd378e6dc91","KANTOPSLUITING","SVH","","2367","SVH-KANTOPSLUITING_LEICONBAND_F25_8-D","KANTOPSLUITING_LEICONBAND_F25_8","D"
"http://digitalbuildingdata.tech/nlcs/def/3200ef24-6f0b-41be-9bbc-c4dc4ae970ef","KANTOPSLUITING","SVH","","2368","SVH-KANTOPSLUITING_LEICONBAND_F40_6-D","KANTOPSLUITING_LEICONBAND_F40_6","D"
"http://digitalbuildingdata.tech/nlcs/def/871b57a5-95d6-48a7-80f3-01a8b566d7fc","KANTOPSLUITING","SVH","","2369","SVH-KANTOPSLUITING_OPSLUITBAND_100X150-D","KANTOPSLUITING_OPSLUITBAND_100X150","D"
"http://digitalbuildingdata.tech/nlcs/def/c40dd8ef-8afd-42dd-8f65-27b0134b2964","KANTOPSLUITING","SVH","","2370","SVH-KANTOPSLUITING_OPSLUITBAND_100X200-D","KANTOPSLUITING_OPSLUITBAND_100X200","D"
"http://digitalbuildingdata.tech/nlcs/def/1edb98c3-1139-4d33-bab3-c5124c4dd3ee","KANTOPSLUITING","SVH","","2371","SVH-KANTOPSLUITING_OPSLUITBAND_100X300-D","KANTOPSLUITING_OPSLUITBAND_100X300","D"
"http://digitalbuildingdata.tech/nlcs/def/a100b2bb-51ec-4e2b-a99e-f5bddebb15a6","KANTOPSLUITING","SVH","","2372","SVH-KANTOPSLUITING_OPSLUITBAND_100X400-D","KANTOPSLUITING_OPSLUITBAND_100X400","D"
"http://digitalbuildingdata.tech/nlcs/def/dfd2cf9a-6fed-4124-9675-1939251742f0","KANTOPSLUITING","SVH","","2373","SVH-KANTOPSLUITING_OPSLUITBAND_120X250-D","KANTOPSLUITING_OPSLUITBAND_120X250","D"
"http://digitalbuildingdata.tech/nlcs/def/0d5c16f5-b2b2-42e7-bfc1-1659bd4885d5","KANTOPSLUITING","SVH","","2374","SVH-KANTOPSLUITING_OPSLUITBAND_150X250-D","KANTOPSLUITING_OPSLUITBAND_150X250","D"
"http://digitalbuildingdata.tech/nlcs/def/1302897a-3990-4e93-ba9f-3f3c9b3c0a42","KANTOPSLUITING","SVH","","2375","SVH-KANTOPSLUITING_OPSLUITBAND_150X300-D","KANTOPSLUITING_OPSLUITBAND_150X300","D"
"http://digitalbuildingdata.tech/nlcs/def/d98ce915-829b-4ecd-aa6c-68c9edfc7c8b","KANTOPSLUITING","SVH","","2376","SVH-KANTOPSLUITING_OPSLUITBAND_150X400-D","KANTOPSLUITING_OPSLUITBAND_150X400","D"
"http://digitalbuildingdata.tech/nlcs/def/67808fc3-7027-436e-9c4d-a54e99e84df3","KANTOPSLUITING","SVH","","2377","SVH-KANTOPSLUITING_OPSLUITBAND_200X250-D","KANTOPSLUITING_OPSLUITBAND_200X250","D"
"http://digitalbuildingdata.tech/nlcs/def/ebc4077d-e830-42d5-b943-46c812574bfb","KANTOPSLUITING","SVH","","2378","SVH-KANTOPSLUITING_OPSLUITBAND_200X300-D","KANTOPSLUITING_OPSLUITBAND_200X300","D"
"http://digitalbuildingdata.tech/nlcs/def/d7f8900c-7e22-4cde-b44e-fa935b0071c3","KANTOPSLUITING","SVH","","2379","SVH-KANTOPSLUITING_OPSLUITBAND_300X250-D","KANTOPSLUITING_OPSLUITBAND_300X250","D"
"http://digitalbuildingdata.tech/nlcs/def/26245d22-4c49-42a5-adb5-962e57bcb1c0","KANTOPSLUITING","SVH","","2380","SVH-KANTOPSLUITING_OPSLUITBAND_50X150-D","KANTOPSLUITING_OPSLUITBAND_50X150","D"
"http://digitalbuildingdata.tech/nlcs/def/4b4e79aa-56af-476c-90c5-89d9a64ea10c","KANTOPSLUITING","SVH","","2381","SVH-KANTOPSLUITING_OPSLUITBAND_60X150-D","KANTOPSLUITING_OPSLUITBAND_60X150","D"
"http://digitalbuildingdata.tech/nlcs/def/d2f426df-d788-4a33-8a58-d2a4b93296fd","KANTOPSLUITING","SVH","","2382","SVH-KANTOPSLUITING_OPSLUITBAND_60X200-D","KANTOPSLUITING_OPSLUITBAND_60X200","D"
"http://digitalbuildingdata.tech/nlcs/def/b8255506-b6e4-4b8c-a3a5-00408436f50d","KANTOPSLUITING","SVH","","2383","SVH-KANTOPSLUITING_OPSLUITBAND_80X200-D","KANTOPSLUITING_OPSLUITBAND_80X200","D"
"http://digitalbuildingdata.tech/nlcs/def/97b73926-064e-4791-8f87-32e31ae8c46b","KANTOPSLUITING","SVH","","2384","SVH-KANTOPSLUITING_SIGNALERINGSBAND_OOG_110 220X160-D","KANTOPSLUITING_SIGNALERINGSBAND_OOG_110 220X160","D"
"http://digitalbuildingdata.tech/nlcs/def/1af3fc39-3290-4972-b1ce-810bd9f23869","KANTOPSLUITING","SVH","","2385","SVH-KANTOPSLUITING_SIGNALERINGSBAND_OOG_110 220X250-D","KANTOPSLUITING_SIGNALERINGSBAND_OOG_110 220X250","D"
"http://digitalbuildingdata.tech/nlcs/def/a1e9d263-f470-42ac-9cb1-4da85c7c9818","KANTOPSLUITING","SVH","","2386","SVH-KANTOPSLUITING_SIGNALERINGSBAND_OOG_130 150X160-D","KANTOPSLUITING_SIGNALERINGSBAND_OOG_130 150X160","D"
"http://digitalbuildingdata.tech/nlcs/def/ac4eea35-e05c-438d-b654-4f0f9cfb2c4a","KANTOPSLUITING","SVH","","2387","SVH-KANTOPSLUITING_SIGNALERINGSBAND_OOG_130 150X250-D","KANTOPSLUITING_SIGNALERINGSBAND_OOG_130 150X250","D"
"http://digitalbuildingdata.tech/nlcs/def/f65e39f6-336f-4e83-9b50-abaefd9fa349","KANTOPSLUITING","SVH","","2388","SVH-KANTOPSLUITING_SIGNALERINGSBAND_OOG_180 200X160-D","KANTOPSLUITING_SIGNALERINGSBAND_OOG_180 200X160","D"
"http://digitalbuildingdata.tech/nlcs/def/2d682805-c432-45e6-9095-1ca58bc1b17c","KANTOPSLUITING","SVH","","2389","SVH-KANTOPSLUITING_SIGNALERINGSBAND_OOG_180 200X250-D","KANTOPSLUITING_SIGNALERINGSBAND_OOG_180 200X250","D"
"http://digitalbuildingdata.tech/nlcs/def/dcc48c65-1938-44e8-a281-2e135b111028","KANTOPSLUITING","SVH","","2390","SVH-KANTOPSLUITING_PLAKBAND_130 150X100-D","KANTOPSLUITING_PLAKBAND_130 150X100","D"
"http://digitalbuildingdata.tech/nlcs/def/7f3e51c2-c459-417a-a9a5-0eaf07eaf627","KANTOPSLUITING","SVH","","2391","SVH-KANTOPSLUITING_PLAKBAND_130 150X110-D","KANTOPSLUITING_PLAKBAND_130 150X110","D"
"http://digitalbuildingdata.tech/nlcs/def/46c956a9-faa3-4934-a4ed-d768e4f07f57","KANTOPSLUITING","SVH","","2392","SVH-KANTOPSLUITING_PLAKBAND_130 150X120-D","KANTOPSLUITING_PLAKBAND_130 150X120","D"
"http://digitalbuildingdata.tech/nlcs/def/fe497ed1-8de8-41a8-8bcb-2ea34314af1a","KANTOPSLUITING","SVH","","2393","SVH-KANTOPSLUITING_PLAKBAND_130 150X140-D","KANTOPSLUITING_PLAKBAND_130 150X140","D"
"http://digitalbuildingdata.tech/nlcs/def/66a73b96-42a0-4d99-91ac-62def571d6c0","KANTOPSLUITING","SVH","","2394","SVH-KANTOPSLUITING_PLAKBAND_80 160X100-D","KANTOPSLUITING_PLAKBAND_80 160X100","D"
"http://digitalbuildingdata.tech/nlcs/def/d187d9b2-4f0b-4f26-a8b3-0bd52bc35730","KANTOPSLUITING","SVH","","2395","SVH-KANTOPSLUITING_PLAKBAND_80X150-D","KANTOPSLUITING_PLAKBAND_80X150","D"
"http://digitalbuildingdata.tech/nlcs/def/e8029596-1096-4a74-a956-f3b7e0b5d896","KANTOPSLUITING","SVH","","2396","SVH-KANTOPSLUITING_PWS_250 130X200-D","KANTOPSLUITING_PWS_250 130X200","D"
"http://digitalbuildingdata.tech/nlcs/def/22fbc8c4-30e4-4b78-9d03-736358ff0401","KANTOPSLUITING","SVH","","2397","SVH-KANTOPSLUITING_PWS_250 130X250-D","KANTOPSLUITING_PWS_250 130X250","D"
"http://digitalbuildingdata.tech/nlcs/def/26006fed-d98b-4479-ab29-596b03b6fe99","KANTOPSLUITING","SVH","","2398","SVH-KANTOPSLUITING_ROTONDE-D","KANTOPSLUITING_ROTONDE","D"
"http://digitalbuildingdata.tech/nlcs/def/ee2af2e2-1c46-4d54-9795-0be972521445","KANTOPSLUITING","SVH","","2399","SVH-KANTOPSLUITING_RIJWIELPADBAND_120X250-D","KANTOPSLUITING_RIJWIELPADBAND_120X250","D"
"http://digitalbuildingdata.tech/nlcs/def/99af5c4f-7d7d-4c5e-99ca-0d56fcc92468","KANTOPSLUITING","SVH","","2400","SVH-KANTOPSLUITING_RIJWIELPADBAND_80X200-D","KANTOPSLUITING_RIJWIELPADBAND_80X200","D"
"http://digitalbuildingdata.tech/nlcs/def/c183a29e-09d2-48ba-a0fa-5d24e5827715","KANTOPSLUITING","SVH","","2401","SVH-KANTOPSLUITING_RWS_110 220X160-D","KANTOPSLUITING_RWS_110 220X160","D"
"http://digitalbuildingdata.tech/nlcs/def/f22c04ff-d8da-4e6f-a334-12ddd3c989ef","KANTOPSLUITING","SVH","","2402","SVH-KANTOPSLUITING_RWS_110 220X200-D","KANTOPSLUITING_RWS_110 220X200","D"
"http://digitalbuildingdata.tech/nlcs/def/54b346eb-d58a-4b32-b7b0-c2a06c7883e7","KANTOPSLUITING","SVH","","2403","SVH-KANTOPSLUITING_RWS_110 220X250-D","KANTOPSLUITING_RWS_110 220X250","D"
"http://digitalbuildingdata.tech/nlcs/def/b29a78a1-d341-44c0-8636-5c33811b31b3","KANTOPSLUITING","SVH","","2404","SVH-KANTOPSLUITING_SCHEIDINGSBAND_110 220X130 150-D","KANTOPSLUITING_SCHEIDINGSBAND_110 220X130 150","D"
"http://digitalbuildingdata.tech/nlcs/def/63fd3351-2710-4f8a-84e1-b9ebbf89ecef","KANTOPSLUITING","SVH","","2405","SVH-KANTOPSLUITING_SCHEIDINGSBAND_180 200-D","KANTOPSLUITING_SCHEIDINGSBAND_180 200","D"
"http://digitalbuildingdata.tech/nlcs/def/3f1bb759-db78-462e-ac88-441e8cfe4caa","KANTOPSLUITING","SVH","","2406","SVH-KANTOPSLUITING_STOOTBAND_100X250-D","KANTOPSLUITING_STOOTBAND_100X250","D"
"http://digitalbuildingdata.tech/nlcs/def/40d943e9-72b3-41b1-93ed-df5069597340","KANTOPSLUITING","SVH","","2407","SVH-KANTOPSLUITING_STOOTBAND_150X200-D","KANTOPSLUITING_STOOTBAND_150X200","D"
"http://digitalbuildingdata.tech/nlcs/def/f6c6ce43-603f-4e0e-8dd1-42f396166653","KANTOPSLUITING","SVH","","2408","SVH-KANTOPSLUITING_STOOTBAND_200X200-D","KANTOPSLUITING_STOOTBAND_200X200","D"
"http://digitalbuildingdata.tech/nlcs/def/6df765f3-c240-4545-93dc-cdd77bda9f28","KANTOPSLUITING","SVH","","2409","SVH-KANTOPSLUITING_STOOTBAND_250X250-D","KANTOPSLUITING_STOOTBAND_250X250","D"
"http://digitalbuildingdata.tech/nlcs/def/51cb72e2-9211-481c-88ac-9df149af3fa6","KANTOPSLUITING","SVH","","2410","SVH-KANTOPSLUITING_STOOTBAND_300X300-D","KANTOPSLUITING_STOOTBAND_300X300","D"
"http://digitalbuildingdata.tech/nlcs/def/313ed674-997b-4341-9724-ec097bb2a474","KANTOPSLUITING","SVH","","2411","SVH-KANTOPSLUITING_TROTTOIRBAND_130 150X160-D","KANTOPSLUITING_TROTTOIRBAND_130 150X160","D"
"http://digitalbuildingdata.tech/nlcs/def/886f3821-594f-4f1d-9901-434aa04ec23d","KANTOPSLUITING","SVH","","2412","SVH-KANTOPSLUITING_TROTTOIRBAND_130 150X200-D","KANTOPSLUITING_TROTTOIRBAND_130 150X200","D"
"http://digitalbuildingdata.tech/nlcs/def/5205c141-1d10-4484-b974-8f86ca2eb2ac","KANTOPSLUITING","SVH","","2413","SVH-KANTOPSLUITING_TROTTOIRBAND_130 150X250-D","KANTOPSLUITING_TROTTOIRBAND_130 150X250","D"
"http://digitalbuildingdata.tech/nlcs/def/4a137fed-01cb-4837-974f-bd06871f9ed6","KANTOPSLUITING","SVH","","2414","SVH-KANTOPSLUITING_TROTTOIRBAND_130 150X300-D","KANTOPSLUITING_TROTTOIRBAND_130 150X300","D"
"http://digitalbuildingdata.tech/nlcs/def/8fde84e5-3b14-489a-8683-067b32530e67","KANTOPSLUITING","SVH","","2415","SVH-KANTOPSLUITING_TROTTOIRBAND_180 200X160-D","KANTOPSLUITING_TROTTOIRBAND_180 200X160","D"
"http://digitalbuildingdata.tech/nlcs/def/1c72fb61-f61d-4d0c-90c2-2e2a876a3c65","KANTOPSLUITING","SVH","","2416","SVH-KANTOPSLUITING_TROTTOIRBAND_180 200X200-D","KANTOPSLUITING_TROTTOIRBAND_180 200X200","D"
"http://digitalbuildingdata.tech/nlcs/def/74e9ea6a-baed-463e-a246-7a4859e37401","KANTOPSLUITING","SVH","","2417","SVH-KANTOPSLUITING_TROTTOIRBAND_180 200X250-D","KANTOPSLUITING_TROTTOIRBAND_180 200X250","D"
"http://digitalbuildingdata.tech/nlcs/def/c4c74c9b-9465-4083-bd5c-74f93561b12c","KANTOPSLUITING","SVH","","2418","SVH-KANTOPSLUITING_TROTTOIRBAND_190 220X160-D","KANTOPSLUITING_TROTTOIRBAND_190 220X160","D"
"http://digitalbuildingdata.tech/nlcs/def/e10fef6f-b1a7-4742-a07f-ec69d6f120fe","KANTOPSLUITING","SVH","","2419","SVH-KANTOPSLUITING_TROTTOIRBAND_70 150X250-D","KANTOPSLUITING_TROTTOIRBAND_70 150X250","D"
"http://digitalbuildingdata.tech/nlcs/def/7b98c486-a5f6-4e97-a10e-ecb9b1562fb2","KANTOPSLUITING","SVH","","2420","SVH-KANTOPSLUITING_TROTTOIRBAND_75 150X200-D","KANTOPSLUITING_TROTTOIRBAND_75 150X200","D"
"http://digitalbuildingdata.tech/nlcs/def/4988e8cb-1fdd-44bb-a6f7-a43700576aa3","KANTOPSLUITING","SVH","","2423","SVH-KANTOPSLUITING_GELEIDEBAND_ZOABBAND_50_200X200-D","KANTOPSLUITING_GELEIDEBAND_ZOABBAND_50_200X200","D"
"http://digitalbuildingdata.tech/nlcs/def/7f728393-9355-41ff-9690-9cb9e4718dc3","GOOT","SVH","","2424","SVH-GOOT_ZOAB_01-D","GOOT_ZOAB_01","D"
"http://digitalbuildingdata.tech/nlcs/def/a0e7adfc-4438-4b1b-9462-e3c14d773a40","GOOT","SVH","","2425","SVH-GOOT_ZOAB_02-D","GOOT_ZOAB_02","D"
"http://digitalbuildingdata.tech/nlcs/def/4a0f4acb-5cd8-4c3d-b4de-be34d9c4ae6c","KANTOPSLUITING","SVH","","2426","SVH-KANTOPSLUITING_AMSTELBAND_200X360-D","KANTOPSLUITING_AMSTELBAND_200X360","D"
"http://digitalbuildingdata.tech/nlcs/def/cb4dc34d-97f9-4182-aaa9-6a2258801d69","KANTOPSLUITING","SVH","","2427","SVH-KANTOPSLUITING_HAVENBAND_400X400-D","KANTOPSLUITING_HAVENBAND_400X400","D"
"http://digitalbuildingdata.tech/nlcs/def/c5ef3750-f64c-44b6-9e3d-fcfdd155e1df","KANTOPSLUITING","SVH","","2428","SVH-KANTOPSLUITING_TALUDBAND_380X300-D","KANTOPSLUITING_TALUDBAND_380X300","D"
"http://digitalbuildingdata.tech/nlcs/def/20bffe5d-2a09-47d2-84f0-d2518d64c36d","KANTOPSLUITING","SVH","","2429","SVH-KANTOPSLUITING_TROTTOIRBAND_ZOABBAND_180 200-D","KANTOPSLUITING_TROTTOIRBAND_ZOABBAND_180 200","D"
"http://digitalbuildingdata.tech/nlcs/def/08daceaf-a499-404e-a513-2c63014ca6f8","GOOT","SVH","","2430","SVH-GOOT_ZOAB_220X160-D","GOOT_ZOAB_220X160","D"
"http://digitalbuildingdata.tech/nlcs/def/0f8867c6-0e16-4f55-9ae2-30912ea1510c","KANTOPSLUITING","SVH","B","2431","B-SVH-KANTOPSLUITING_ASFALTBAND_50X200X150-D","KANTOPSLUITING_ASFALTBAND_50X200X150","D"
"http://digitalbuildingdata.tech/nlcs/def/834c32f8-6d0e-4a8f-96b5-097eaa5c40fa","KANTOPSLUITING","SVH","B","2432","B-SVH-KANTOPSLUITING_ASFALTBAND_50X200X200-D","KANTOPSLUITING_ASFALTBAND_50X200X200","D"
"http://digitalbuildingdata.tech/nlcs/def/b2a18c50-07de-4cb7-80cb-a9f443b46748","KANTOPSLUITING","SVH","B","2433","B-SVH-KANTOPSLUITING_ASFALTBAND_50X200X250-D","KANTOPSLUITING_ASFALTBAND_50X200X250","D"
"http://digitalbuildingdata.tech/nlcs/def/377862ef-29c2-49dc-9962-6be92b55ad30","KANTOPSLUITING","SVH","B","2434","B-SVH-KANTOPSLUITING_GAZONBAND_100X150-D","KANTOPSLUITING_GAZONBAND_100X150","D"
"http://digitalbuildingdata.tech/nlcs/def/edf2b299-9cb6-4ded-8ab3-a128edacc5cd","KANTOPSLUITING","SVH","B","2435","B-SVH-KANTOPSLUITING_GAZONBAND_100X200-D","KANTOPSLUITING_GAZONBAND_100X200","D"
"http://digitalbuildingdata.tech/nlcs/def/09e7da29-0760-4b6e-9463-eba3b76332a2","KANTOPSLUITING","SVH","B","2436","B-SVH-KANTOPSLUITING_GAZONBAND_100X300-D","KANTOPSLUITING_GAZONBAND_100X300","D"
"http://digitalbuildingdata.tech/nlcs/def/715b0095-6120-4331-94e7-b693a3e7318a","KANTOPSLUITING","SVH","B","2437","B-SVH-KANTOPSLUITING_GAZONBAND_120X200-D","KANTOPSLUITING_GAZONBAND_120X200","D"
"http://digitalbuildingdata.tech/nlcs/def/8ea0a82b-a526-4ba3-94d8-6933b1f8fec4","KANTOPSLUITING","SVH","B","2438","B-SVH-KANTOPSLUITING_GAZONBAND_120X250-D","KANTOPSLUITING_GAZONBAND_120X250","D"
"http://digitalbuildingdata.tech/nlcs/def/0155e542-5424-4ac5-abe7-d45b9e8b18fa","KANTOPSLUITING","SVH","B","2439","B-SVH-KANTOPSLUITING_GAZONBAND_150X400-D","KANTOPSLUITING_GAZONBAND_150X400","D"
"http://digitalbuildingdata.tech/nlcs/def/ffb15a55-ba87-484e-b95b-3b1d7847e585","KANTOPSLUITING","SVH","B","2440","B-SVH-KANTOPSLUITING_GAZONBAND_200X150-D","KANTOPSLUITING_GAZONBAND_200X150","D"
"http://digitalbuildingdata.tech/nlcs/def/4894be17-dee4-41a2-8170-1dad5cb6ab5c","KANTOPSLUITING","SVH","B","2441","B-SVH-KANTOPSLUITING_GAZONBAND_200X200-D","KANTOPSLUITING_GAZONBAND_200X200","D"
"http://digitalbuildingdata.tech/nlcs/def/ab1bf5a5-d30b-4748-bfdf-4e06a543ec1f","KANTOPSLUITING","SVH","B","2442","B-SVH-KANTOPSLUITING_GAZONBAND_60X200-D","KANTOPSLUITING_GAZONBAND_60X200","D"
"http://digitalbuildingdata.tech/nlcs/def/d93a6f27-54b0-4b6c-a8eb-1b014476eec4","KANTOPSLUITING","SVH","B","2443","B-SVH-KANTOPSLUITING_GAZONBAND_80X200-D","KANTOPSLUITING_GAZONBAND_80X200","D"
"http://digitalbuildingdata.tech/nlcs/def/74484312-ce30-4a2b-8d03-990f62cd9c38","KANTOPSLUITING","SVH","B","2444","B-SVH-KANTOPSLUITING_GELEIDEBAND_3740-D","KANTOPSLUITING_GELEIDEBAND_3740","D"
"http://digitalbuildingdata.tech/nlcs/def/fe34b8ac-d6fd-4e62-b3ce-de976e446484","KANTOPSLUITING","SVH","B","2445","B-SVH-KANTOPSLUITING_INRITBAND_160X450-D","KANTOPSLUITING_INRITBAND_160X450","D"
"http://digitalbuildingdata.tech/nlcs/def/37b9590b-4a5a-4488-8c3e-164133aa4183","KANTOPSLUITING","SVH","B","2446","B-SVH-KANTOPSLUITING_INRITBAND_160X450X500-D","KANTOPSLUITING_INRITBAND_160X450X500","D"
"http://digitalbuildingdata.tech/nlcs/def/e2157fff-5b5e-416f-b8a9-855f517f5cbf","KANTOPSLUITING","SVH","B","2447","B-SVH-KANTOPSLUITING_INRITBAND_160X500X500-D","KANTOPSLUITING_INRITBAND_160X500X500","D"
"http://digitalbuildingdata.tech/nlcs/def/9687899d-4324-46e2-93bb-20b927a5e95b","KANTOPSLUITING","SVH","B","2448","B-SVH-KANTOPSLUITING_INRITBAND_160X600X500-D","KANTOPSLUITING_INRITBAND_160X600X500","D"
"http://digitalbuildingdata.tech/nlcs/def/231121eb-55ea-449d-a3eb-a51e3ea25fa2","KANTOPSLUITING","SVH","B","2449","B-SVH-KANTOPSLUITING_INRITBAND_170X520-D","KANTOPSLUITING_INRITBAND_170X520","D"
"http://digitalbuildingdata.tech/nlcs/def/03d8ca09-da56-4b35-ae53-6628c8c01886","KANTOPSLUITING","SVH","B","2450","B-SVH-KANTOPSLUITING_INRITBAND_200X600X300-D","KANTOPSLUITING_INRITBAND_200X600X300","D"
"http://digitalbuildingdata.tech/nlcs/def/a0f6de77-1620-4cae-8ad3-9d6e8ef6de84","KANTOPSLUITING","SVH","B","2451","B-SVH-KANTOPSLUITING_INRITBAND_200X650X300-D","KANTOPSLUITING_INRITBAND_200X650X300","D"
"http://digitalbuildingdata.tech/nlcs/def/c5ebe091-1f20-415d-aaae-162683849ba5","KANTOPSLUITING","SVH","B","2452","B-SVH-KANTOPSLUITING_LEICONBAND_100X250-D","KANTOPSLUITING_LEICONBAND_100X250","D"
"http://digitalbuildingdata.tech/nlcs/def/b14d997d-e0bf-4afa-bc5e-a7d36d33c172","KANTOPSLUITING","SVH","B","2453","B-SVH-KANTOPSLUITING_LEICONBAND_100X300-D","KANTOPSLUITING_LEICONBAND_100X300","D"
"http://digitalbuildingdata.tech/nlcs/def/8fe0d881-b31d-41d3-8da6-56f50a18a41e","KANTOPSLUITING","SVH","B","2454","B-SVH-KANTOPSLUITING_LEICONBAND_B_4-D","KANTOPSLUITING_LEICONBAND_B_4","D"
"http://digitalbuildingdata.tech/nlcs/def/785ed365-78f5-4ac1-8c4c-86bb5d3d2355","KANTOPSLUITING","SVH","B","2455","B-SVH-KANTOPSLUITING_LEICONBAND_F25_4-D","KANTOPSLUITING_LEICONBAND_F25_4","D"
"http://digitalbuildingdata.tech/nlcs/def/0f94bfb6-5614-46c4-9c12-9ad1a1416195","KANTOPSLUITING","SVH","B","2456","B-SVH-KANTOPSLUITING_LEICONBAND_F25_8-D","KANTOPSLUITING_LEICONBAND_F25_8","D"
"http://digitalbuildingdata.tech/nlcs/def/862c7eed-40c6-4aec-89bf-67ba7fe78532","KANTOPSLUITING","SVH","B","2457","B-SVH-KANTOPSLUITING_LEICONBAND_F40_6-D","KANTOPSLUITING_LEICONBAND_F40_6","D"
"http://digitalbuildingdata.tech/nlcs/def/2b59c2d6-b6cc-4f77-abb8-8cb057a242e2","KANTOPSLUITING","SVH","B","2458","B-SVH-KANTOPSLUITING_OPSLUITBAND_100X150-D","KANTOPSLUITING_OPSLUITBAND_100X150","D"
"http://digitalbuildingdata.tech/nlcs/def/98881d54-407c-4e7b-b11e-2144ef6353af","KANTOPSLUITING","SVH","B","2459","B-SVH-KANTOPSLUITING_OPSLUITBAND_100X200-D","KANTOPSLUITING_OPSLUITBAND_100X200","D"
"http://digitalbuildingdata.tech/nlcs/def/793ab91e-7afc-44bf-abc7-cf5c528a7e85","KANTOPSLUITING","SVH","B","2460","B-SVH-KANTOPSLUITING_OPSLUITBAND_100X300-D","KANTOPSLUITING_OPSLUITBAND_100X300","D"
"http://digitalbuildingdata.tech/nlcs/def/b12fe769-9fa0-4077-99b2-965bca6717ad","KANTOPSLUITING","SVH","B","2461","B-SVH-KANTOPSLUITING_OPSLUITBAND_100X400-D","KANTOPSLUITING_OPSLUITBAND_100X400","D"
"http://digitalbuildingdata.tech/nlcs/def/45da4454-059d-4dda-adb7-fcff0b3906d4","KANTOPSLUITING","SVH","B","2462","B-SVH-KANTOPSLUITING_OPSLUITBAND_120X250-D","KANTOPSLUITING_OPSLUITBAND_120X250","D"
"http://digitalbuildingdata.tech/nlcs/def/7fa7a3d2-b56a-4cce-ba96-2d7e18666c19","KANTOPSLUITING","SVH","B","2463","B-SVH-KANTOPSLUITING_OPSLUITBAND_150X250-D","KANTOPSLUITING_OPSLUITBAND_150X250","D"
"http://digitalbuildingdata.tech/nlcs/def/ff223382-1b3e-461f-8884-9a95ddc5bd5f","KANTOPSLUITING","SVH","B","2464","B-SVH-KANTOPSLUITING_OPSLUITBAND_150X300-D","KANTOPSLUITING_OPSLUITBAND_150X300","D"
"http://digitalbuildingdata.tech/nlcs/def/96947f4c-23d1-467d-8b4c-adfc17645db3","KANTOPSLUITING","SVH","B","2465","B-SVH-KANTOPSLUITING_OPSLUITBAND_150X400-D","KANTOPSLUITING_OPSLUITBAND_150X400","D"
"http://digitalbuildingdata.tech/nlcs/def/94e267af-8ded-4a8f-8bb7-3184337a1740","KANTOPSLUITING","SVH","B","2466","B-SVH-KANTOPSLUITING_OPSLUITBAND_200X250-D","KANTOPSLUITING_OPSLUITBAND_200X250","D"
"http://digitalbuildingdata.tech/nlcs/def/67e0f78d-c2a5-4a2d-addf-2db2b2d90c77","KANTOPSLUITING","SVH","B","2467","B-SVH-KANTOPSLUITING_OPSLUITBAND_200X300-D","KANTOPSLUITING_OPSLUITBAND_200X300","D"
"http://digitalbuildingdata.tech/nlcs/def/9c3d0bc2-ef49-4b37-9ee2-63cad4623709","KANTOPSLUITING","SVH","B","2468","B-SVH-KANTOPSLUITING_OPSLUITBAND_300X250-D","KANTOPSLUITING_OPSLUITBAND_300X250","D"
"http://digitalbuildingdata.tech/nlcs/def/8aa12ab9-9f74-4c6d-b5d5-c618b9d8dded","KANTOPSLUITING","SVH","B","2469","B-SVH-KANTOPSLUITING_OPSLUITBAND_50X150-D","KANTOPSLUITING_OPSLUITBAND_50X150","D"
"http://digitalbuildingdata.tech/nlcs/def/a628fc1b-8956-4687-9bdd-33310a558cbd","KANTOPSLUITING","SVH","B","2470","B-SVH-KANTOPSLUITING_OPSLUITBAND_60X150-D","KANTOPSLUITING_OPSLUITBAND_60X150","D"
"http://digitalbuildingdata.tech/nlcs/def/1e7ecd01-b994-4da4-b643-c972baa5c947","KANTOPSLUITING","SVH","B","2471","B-SVH-KANTOPSLUITING_OPSLUITBAND_60X200-D","KANTOPSLUITING_OPSLUITBAND_60X200","D"
"http://digitalbuildingdata.tech/nlcs/def/c6e96f15-8be1-4dfa-81b5-52bd2e16a752","KANTOPSLUITING","SVH","B","2472","B-SVH-KANTOPSLUITING_OPSLUITBAND_80X200-D","KANTOPSLUITING_OPSLUITBAND_80X200","D"
"http://digitalbuildingdata.tech/nlcs/def/0a988dfd-9efe-4cd6-9ebb-43ee5f3024a7","KANTOPSLUITING","SVH","B","2473","B-SVH-KANTOPSLUITING_SIGNALERINGSBAND_OOG_110 220X160-D","KANTOPSLUITING_SIGNALERINGSBAND_OOG_110 220X160","D"
"http://digitalbuildingdata.tech/nlcs/def/01a8ce50-2b20-4379-9cac-f308f897a4a2","KANTOPSLUITING","SVH","B","2474","B-SVH-KANTOPSLUITING_SIGNALERINGSBAND_OOG_110 220X250-D","KANTOPSLUITING_SIGNALERINGSBAND_OOG_110 220X250","D"
"http://digitalbuildingdata.tech/nlcs/def/e2367e90-60f0-4d2b-91c3-25365cef2f19","KANTOPSLUITING","SVH","B","2475","B-SVH-KANTOPSLUITING_SIGNALERINGSBAND_OOG_130 150X160-D","KANTOPSLUITING_SIGNALERINGSBAND_OOG_130 150X160","D"
"http://digitalbuildingdata.tech/nlcs/def/2add0abc-ea8d-4755-ab5c-d2d6bea2df59","KANTOPSLUITING","SVH","B","2476","B-SVH-KANTOPSLUITING_SIGNALERINGSBAND_OOG_130 150X250-D","KANTOPSLUITING_SIGNALERINGSBAND_OOG_130 150X250","D"
"http://digitalbuildingdata.tech/nlcs/def/107062c5-4bb0-4d37-9723-cfb065349982","KANTOPSLUITING","SVH","B","2477","B-SVH-KANTOPSLUITING_SIGNALERINGSBAND_OOG_180 200X160-D","KANTOPSLUITING_SIGNALERINGSBAND_OOG_180 200X160","D"
"http://digitalbuildingdata.tech/nlcs/def/80e548ae-0391-421e-aec2-89855fdebc86","KANTOPSLUITING","SVH","B","2478","B-SVH-KANTOPSLUITING_SIGNALERINGSBAND_OOG_180 200X250-D","KANTOPSLUITING_SIGNALERINGSBAND_OOG_180 200X250","D"
"http://digitalbuildingdata.tech/nlcs/def/f881ae35-bba3-4b2e-af84-f0f2c6cfe8e3","KANTOPSLUITING","SVH","B","2479","B-SVH-KANTOPSLUITING_PLAKBAND_130 150X100-D","KANTOPSLUITING_PLAKBAND_130 150X100","D"
"http://digitalbuildingdata.tech/nlcs/def/74b4fdf7-bae1-4c5a-a28e-78988a470d1a","KANTOPSLUITING","SVH","B","2480","B-SVH-KANTOPSLUITING_PLAKBAND_130 150X110-D","KANTOPSLUITING_PLAKBAND_130 150X110","D"
"http://digitalbuildingdata.tech/nlcs/def/9670e83e-d7c5-4779-a342-1252877ccd7f","KANTOPSLUITING","SVH","B","2481","B-SVH-KANTOPSLUITING_PLAKBAND_130 150X120-D","KANTOPSLUITING_PLAKBAND_130 150X120","D"
"http://digitalbuildingdata.tech/nlcs/def/98cf58ba-8187-4ea2-a864-2a037ff0e545","KANTOPSLUITING","SVH","B","2482","B-SVH-KANTOPSLUITING_PLAKBAND_130 150X140-D","KANTOPSLUITING_PLAKBAND_130 150X140","D"
"http://digitalbuildingdata.tech/nlcs/def/7fbf818f-85a9-4774-983f-5489a8ad6ba8","KANTOPSLUITING","SVH","B","2483","B-SVH-KANTOPSLUITING_PLAKBAND_80 160X100-D","KANTOPSLUITING_PLAKBAND_80 160X100","D"
"http://digitalbuildingdata.tech/nlcs/def/8e151a5d-2028-4ec1-80c7-a49f46c4d706","KANTOPSLUITING","SVH","B","2484","B-SVH-KANTOPSLUITING_PLAKBAND_80X150-D","KANTOPSLUITING_PLAKBAND_80X150","D"
"http://digitalbuildingdata.tech/nlcs/def/d22be285-6970-4936-a87a-cff545cb4f8b","KANTOPSLUITING","SVH","B","2485","B-SVH-KANTOPSLUITING_PWS_250 130X200-D","KANTOPSLUITING_PWS_250 130X200","D"
"http://digitalbuildingdata.tech/nlcs/def/ea0ccd0d-ea27-4fd0-85e9-262e53b97bc5","KANTOPSLUITING","SVH","B","2486","B-SVH-KANTOPSLUITING_PWS_250 130X250-D","KANTOPSLUITING_PWS_250 130X250","D"
"http://digitalbuildingdata.tech/nlcs/def/83226e2e-fae8-4f72-93cd-c848111ce685","KANTOPSLUITING","SVH","B","2487","B-SVH-KANTOPSLUITING_ROTONDE-D","KANTOPSLUITING_ROTONDE","D"
"http://digitalbuildingdata.tech/nlcs/def/a52684fd-36bb-4532-a81a-92fc9542e103","KANTOPSLUITING","SVH","B","2488","B-SVH-KANTOPSLUITING_RIJWIELPADBAND_120X250-D","KANTOPSLUITING_RIJWIELPADBAND_120X250","D"
"http://digitalbuildingdata.tech/nlcs/def/67698254-0625-4c67-b5b9-29fe74c3462e","KANTOPSLUITING","SVH","B","2489","B-SVH-KANTOPSLUITING_RIJWIELPADBAND_80X200-D","KANTOPSLUITING_RIJWIELPADBAND_80X200","D"
"http://digitalbuildingdata.tech/nlcs/def/a39c1883-58e3-4700-8737-7d1a5d6d895d","KANTOPSLUITING","SVH","B","2490","B-SVH-KANTOPSLUITING_RWS_110 220X160-D","KANTOPSLUITING_RWS_110 220X160","D"
"http://digitalbuildingdata.tech/nlcs/def/4ae3d0b6-38cf-4961-aa69-6c7be27f089a","KANTOPSLUITING","SVH","B","2491","B-SVH-KANTOPSLUITING_RWS_110 220X200-D","KANTOPSLUITING_RWS_110 220X200","D"
"http://digitalbuildingdata.tech/nlcs/def/f787413a-f7cb-4dc7-88e3-93d54ff4fcb3","KANTOPSLUITING","SVH","B","2492","B-SVH-KANTOPSLUITING_RWS_110 220X250-D","KANTOPSLUITING_RWS_110 220X250","D"
"http://digitalbuildingdata.tech/nlcs/def/dba0a369-d488-4de7-b49a-bab53fff6c14","KANTOPSLUITING","SVH","B","2493","B-SVH-KANTOPSLUITING_SCHEIDINGSBAND_110 220X130 150-D","KANTOPSLUITING_SCHEIDINGSBAND_110 220X130 150","D"
"http://digitalbuildingdata.tech/nlcs/def/2f458388-bdcf-4045-8cde-c0b1f2c47281","KANTOPSLUITING","SVH","B","2494","B-SVH-KANTOPSLUITING_SCHEIDINGSBAND_180 200-D","KANTOPSLUITING_SCHEIDINGSBAND_180 200","D"
"http://digitalbuildingdata.tech/nlcs/def/dfa343c8-3247-4351-a981-f090160815bf","KANTOPSLUITING","SVH","B","2495","B-SVH-KANTOPSLUITING_STOOTBAND_100X250-D","KANTOPSLUITING_STOOTBAND_100X250","D"
"http://digitalbuildingdata.tech/nlcs/def/68396839-fd41-4fb8-9a2e-e5a7d67eb016","KANTOPSLUITING","SVH","B","2496","B-SVH-KANTOPSLUITING_STOOTBAND_150X200-D","KANTOPSLUITING_STOOTBAND_150X200","D"
"http://digitalbuildingdata.tech/nlcs/def/0f08e6c7-8998-4ff7-969c-3d0b92c1da46","KANTOPSLUITING","SVH","B","2497","B-SVH-KANTOPSLUITING_STOOTBAND_200X200-D","KANTOPSLUITING_STOOTBAND_200X200","D"
"http://digitalbuildingdata.tech/nlcs/def/89c1caec-d8e5-4e80-bfe6-42f0bb4eafc0","KANTOPSLUITING","SVH","B","2498","B-SVH-KANTOPSLUITING_STOOTBAND_250X250-D","KANTOPSLUITING_STOOTBAND_250X250","D"
"http://digitalbuildingdata.tech/nlcs/def/1623c827-c2c7-4e9b-8bc8-9cfe19724bc4","KANTOPSLUITING","SVH","B","2499","B-SVH-KANTOPSLUITING_STOOTBAND_300X300-D","KANTOPSLUITING_STOOTBAND_300X300","D"
"http://digitalbuildingdata.tech/nlcs/def/bd896609-7959-4039-a274-9aacd43c9908","KANTOPSLUITING","SVH","B","2500","B-SVH-KANTOPSLUITING_TROTTOIRBAND_130 150X160-D","KANTOPSLUITING_TROTTOIRBAND_130 150X160","D"
"http://digitalbuildingdata.tech/nlcs/def/8d2f643d-8146-4353-b1f9-b6585fab2855","KANTOPSLUITING","SVH","B","2501","B-SVH-KANTOPSLUITING_TROTTOIRBAND_130 150X200-D","KANTOPSLUITING_TROTTOIRBAND_130 150X200","D"
"http://digitalbuildingdata.tech/nlcs/def/35f166a6-17ea-49d6-9c6e-2ca6ac1d3572","KANTOPSLUITING","SVH","B","2502","B-SVH-KANTOPSLUITING_TROTTOIRBAND_130 150X250-D","KANTOPSLUITING_TROTTOIRBAND_130 150X250","D"
"http://digitalbuildingdata.tech/nlcs/def/b8cc1ded-9ca9-4829-b8da-7ab5d8a3318b","KANTOPSLUITING","SVH","B","2503","B-SVH-KANTOPSLUITING_TROTTOIRBAND_130 150X300-D","KANTOPSLUITING_TROTTOIRBAND_130 150X300","D"
"http://digitalbuildingdata.tech/nlcs/def/6b26ae06-c33c-41a8-85a5-391166ed71b0","KANTOPSLUITING","SVH","B","2504","B-SVH-KANTOPSLUITING_TROTTOIRBAND_180 200X160-D","KANTOPSLUITING_TROTTOIRBAND_180 200X160","D"
"http://digitalbuildingdata.tech/nlcs/def/30f4af39-17d8-4e0a-9285-7cef726859e7","KANTOPSLUITING","SVH","B","2505","B-SVH-KANTOPSLUITING_TROTTOIRBAND_180 200X200-D","KANTOPSLUITING_TROTTOIRBAND_180 200X200","D"
"http://digitalbuildingdata.tech/nlcs/def/d150bdb5-b92f-46d4-87f5-39da0d9cc3f9","KANTOPSLUITING","SVH","B","2506","B-SVH-KANTOPSLUITING_TROTTOIRBAND_180 200X250-D","KANTOPSLUITING_TROTTOIRBAND_180 200X250","D"
"http://digitalbuildingdata.tech/nlcs/def/022ed2ca-40a8-41eb-8899-c6b1b5004dca","KANTOPSLUITING","SVH","B","2507","B-SVH-KANTOPSLUITING_TROTTOIRBAND_190 220X160-D","KANTOPSLUITING_TROTTOIRBAND_190 220X160","D"
"http://digitalbuildingdata.tech/nlcs/def/3eb5109e-4d84-4eb6-be6f-f73e9c56dd2f","KANTOPSLUITING","SVH","B","2508","B-SVH-KANTOPSLUITING_TROTTOIRBAND_70 150X250-D","KANTOPSLUITING_TROTTOIRBAND_70 150X250","D"
"http://digitalbuildingdata.tech/nlcs/def/fd9fc0ad-ffc3-42b2-8097-f9fdc45eb9b9","KANTOPSLUITING","SVH","B","2509","B-SVH-KANTOPSLUITING_TROTTOIRBAND_75 150X200-D","KANTOPSLUITING_TROTTOIRBAND_75 150X200","D"
"http://digitalbuildingdata.tech/nlcs/def/d618eeea-cc56-4ca0-a9db-d5d0175f0534","KANTOPSLUITING","SVH","B","2512","B-SVH-KANTOPSLUITING_GELEIDEBAND_ZOABBAND_50_200X200-D","KANTOPSLUITING_GELEIDEBAND_ZOABBAND_50_200X200","D"
"http://digitalbuildingdata.tech/nlcs/def/8ddfd66b-c386-4bb2-bafc-64be828a77af","GOOT","SVH","B","2513","B-SVH-GOOT_ZOAB_01-D","GOOT_ZOAB_01","D"
"http://digitalbuildingdata.tech/nlcs/def/7b6fab7d-899b-4c87-a726-27676cd1d19e","GOOT","SVH","B","2514","B-SVH-GOOT_ZOAB_02-D","GOOT_ZOAB_02","D"
"http://digitalbuildingdata.tech/nlcs/def/b6529f63-36d4-4865-9040-01459e8adf54","KANTOPSLUITING","SVH","B","2515","B-SVH-KANTOPSLUITING_AMSTELBAND_200X360-D","KANTOPSLUITING_AMSTELBAND_200X360","D"
"http://digitalbuildingdata.tech/nlcs/def/12ffff4d-adc6-4f6d-a3e1-1ded750e05df","KANTOPSLUITING","SVH","B","2516","B-SVH-KANTOPSLUITING_HAVENBAND_400X400-D","KANTOPSLUITING_HAVENBAND_400X400","D"
"http://digitalbuildingdata.tech/nlcs/def/e635f0dd-3643-4e26-97eb-65aa30318695","KANTOPSLUITING","SVH","B","2517","B-SVH-KANTOPSLUITING_TALUDBAND_380X300-D","KANTOPSLUITING_TALUDBAND_380X300","D"
"http://digitalbuildingdata.tech/nlcs/def/6fa52114-3730-442e-94b8-75e77fd037e6","KANTOPSLUITING","SVH","B","2518","B-SVH-KANTOPSLUITING_TROTTOIRBAND_ZOABBAND_180 200-D","KANTOPSLUITING_TROTTOIRBAND_ZOABBAND_180 200","D"
"http://digitalbuildingdata.tech/nlcs/def/a1cdd91b-e624-4548-82a5-ad1256cfc84e","GOOT","SVH","B","2519","B-SVH-GOOT_ZOAB_220X160-D","GOOT_ZOAB_220X160","D"
"http://digitalbuildingdata.tech/nlcs/def/5eb423ce-d6ea-4533-a94b-a5f5294057de","TEGEL","SVH","","2526","SVH-TEGEL_300X300_DUN_BLOK_STIP-SO","TEGEL_300X300_DUN_BLOK_STIP","SO"
"http://digitalbuildingdata.tech/nlcs/def/af157f56-44a0-418b-9d81-f0972398f476","TEGEL","SVH","","2527","SVH-TEGEL_300X300_DUN_HALFST_KL-SO","TEGEL_300X300_DUN_HALFST_KL","SO"
"http://digitalbuildingdata.tech/nlcs/def/4cb349c8-b9f9-4c40-9364-862393fe3977","TEGEL","SVH","","2528","SVH-TEGEL_300X300_DUN_HALFST_STIP-SO","TEGEL_300X300_DUN_HALFST_STIP","SO"
"http://digitalbuildingdata.tech/nlcs/def/534113b1-ba8b-41b7-8fac-5b308e1a60b1","TEGEL","SVH","","2529","SVH-TEGEL_300X300_DUN_LINT_KL-SO","TEGEL_300X300_DUN_LINT_KL","SO"
"http://digitalbuildingdata.tech/nlcs/def/b0e368e7-ec7f-4a11-9321-08643334d215","TEGEL","SVH","","2530","SVH-TEGEL_300X300_DUN_LINT_STIP-SO","TEGEL_300X300_DUN_LINT_STIP","SO"
"http://digitalbuildingdata.tech/nlcs/def/2dc8804f-9fa3-4fdd-878f-8277f81f3a66","TEGEL","SVH","","2531","SVH-TEGEL_300X300_DIK_BLOK_STIP-SO","TEGEL_300X300_DIK_BLOK_STIP","SO"
"http://digitalbuildingdata.tech/nlcs/def/a263bb5b-c1ed-4d76-b290-667d79475349","TEGEL","SVH","","2532","SVH-TEGEL_300X300_DIK_HALFST_KL-SO","TEGEL_300X300_DIK_HALFST_KL","SO"
"http://digitalbuildingdata.tech/nlcs/def/4199a73b-9fdf-4186-bd54-31552c4cc1fc","TEGEL","SVH","","2533","SVH-TEGEL_300X300_DIK_HALFST_STIP-SO","TEGEL_300X300_DIK_HALFST_STIP","SO"
"http://digitalbuildingdata.tech/nlcs/def/a19c6352-11f4-4fbf-a4cc-a8cdc9cd4b1b","TEGEL","SVH","","2534","SVH-TEGEL_300X300_DIK_LINT_KL-SO","TEGEL_300X300_DIK_LINT_KL","SO"
"http://digitalbuildingdata.tech/nlcs/def/9fddde76-0f07-41c4-8102-c93e332024f1","TEGEL","SVH","","2535","SVH-TEGEL_300X300_DIK_LINT_STIP-SO","TEGEL_300X300_DIK_LINT_STIP","SO"
"http://digitalbuildingdata.tech/nlcs/def/7b369ee6-b240-4a14-8ea9-30cefd379474","TEGEL","SVH","","2536","SVH-TEGEL_400X600_DUN_HALFST_KL-SO","TEGEL_400X600_DUN_HALFST_KL","SO"
"http://digitalbuildingdata.tech/nlcs/def/417bebb3-ce77-4a59-b297-6e87fed9ba16","TEGEL","SVH","","2537","SVH-TEGEL_400X600_DUN_LINT_KL-SO","TEGEL_400X600_DUN_LINT_KL","SO"
"http://digitalbuildingdata.tech/nlcs/def/3094db47-8a1f-4db4-8a9d-c9367a4d1051","TEGEL","SVH","","2538","SVH-TEGEL_400X600_DIK_HALFST_KL-SO","TEGEL_400X600_DIK_HALFST_KL","SO"
"http://digitalbuildingdata.tech/nlcs/def/a8081826-c2aa-43bd-9d8e-acd0f8f02d82","TEGEL","SVH","","2539","SVH-TEGEL_400X600_DIK_LINT_KL-SO","TEGEL_400X600_DIK_LINT_KL","SO"
"http://digitalbuildingdata.tech/nlcs/def/15d31a94-b43b-4970-b4f9-0d8655ae0371","TEGEL","SVH","V","2546","V-SVH-TEGEL_300X300_DUN_BLOK_STIP-SO","TEGEL_300X300_DUN_BLOK_STIP","SO"
"http://digitalbuildingdata.tech/nlcs/def/cd00e5de-1049-4c0c-b733-634f6f11cb1a","TEGEL","SVH","V","2547","V-SVH-TEGEL_300X300_DUN_HALFST_KL-SO","TEGEL_300X300_DUN_HALFST_KL","SO"
"http://digitalbuildingdata.tech/nlcs/def/432537a2-26bd-41ad-9810-d8833ea92e9e","TEGEL","SVH","V","2548","V-SVH-TEGEL_300X300_DUN_HALFST_STIP-SO","TEGEL_300X300_DUN_HALFST_STIP","SO"
"http://digitalbuildingdata.tech/nlcs/def/812e6b64-cfcb-4a51-aef3-42ee81351f50","TEGEL","SVH","V","2549","V-SVH-TEGEL_300X300_DUN_LINT_KL-SO","TEGEL_300X300_DUN_LINT_KL","SO"
"http://digitalbuildingdata.tech/nlcs/def/60658989-da7e-4a61-aa88-e8b731cba286","TEGEL","SVH","V","2550","V-SVH-TEGEL_300X300_DUN_LINT_STIP-SO","TEGEL_300X300_DUN_LINT_STIP","SO"
"http://digitalbuildingdata.tech/nlcs/def/d9687eed-49b9-40c5-b6cf-007689955ff3","TEGEL","SVH","V","2551","V-SVH-TEGEL_300X300_DIK_BLOK_STIP-SO","TEGEL_300X300_DIK_BLOK_STIP","SO"
"http://digitalbuildingdata.tech/nlcs/def/0a1c718f-24ed-4315-bd7f-8dc29aa86aad","TEGEL","SVH","V","2552","V-SVH-TEGEL_300X300_DIK_HALFST_KL-SO","TEGEL_300X300_DIK_HALFST_KL","SO"
"http://digitalbuildingdata.tech/nlcs/def/49397774-b367-4343-9d78-3f9977e52356","TEGEL","SVH","V","2553","V-SVH-TEGEL_300X300_DIK_HALFST_STIP-SO","TEGEL_300X300_DIK_HALFST_STIP","SO"
"http://digitalbuildingdata.tech/nlcs/def/79fe3b55-b4b1-4acb-8666-13804f051e03","TEGEL","SVH","V","2554","V-SVH-TEGEL_300X300_DIK_LINT_KL-SO","TEGEL_300X300_DIK_LINT_KL","SO"
"http://digitalbuildingdata.tech/nlcs/def/8762f92a-d83d-4316-a098-1884689bba37","TEGEL","SVH","V","2555","V-SVH-TEGEL_300X300_DIK_LINT_STIP-SO","TEGEL_300X300_DIK_LINT_STIP","SO"
"http://digitalbuildingdata.tech/nlcs/def/2819ad58-6f8b-4731-ac26-625ef6b1151a","TEGEL","SVH","V","2556","V-SVH-TEGEL_400X600_DUN_HALFST_KL-SO","TEGEL_400X600_DUN_HALFST_KL","SO"
"http://digitalbuildingdata.tech/nlcs/def/8390957a-49f4-4520-92cb-ce9b92c13f34","TEGEL","SVH","V","2557","V-SVH-TEGEL_400X600_DUN_LINT_KL-SO","TEGEL_400X600_DUN_LINT_KL","SO"
"http://digitalbuildingdata.tech/nlcs/def/9894a8ce-b30e-4b60-8bfa-a7e2f5492c9f","TEGEL","SVH","V","2558","V-SVH-TEGEL_400X600_DIK_HALFST_KL-SO","TEGEL_400X600_DIK_HALFST_KL","SO"
"http://digitalbuildingdata.tech/nlcs/def/3d0ab6f0-bcc3-405a-aa3f-961243f548ae","TEGEL","SVH","V","2559","V-SVH-TEGEL_400X600_DIK_LINT_KL-SO","TEGEL_400X600_DIK_LINT_KL","SO"
"http://digitalbuildingdata.tech/nlcs/def/e92f4ed5-a52b-489b-94a7-1e9545fc40c6","ASFALT","SVH","V","2616","V-SVH-ASFALT_FREESVAK-SO","ASFALT_FREESVAK","SO"
"http://digitalbuildingdata.tech/nlcs/def/5fecd589-7ac5-497c-bf2f-ff040a34f55d","BOOMKRANSBAND","SVH","","2617","SVH-BOOMKRANSBAND_1200X1200_180 200","BOOMKRANSBAND_1200X1200_180 200",""
"http://digitalbuildingdata.tech/nlcs/def/b56c191c-4100-48de-9c06-917d4c694a6f","BOOMKRANSBAND","SVH","V","2618","V-SVH-BOOMKRANSBAND_1200X1200_180 200","BOOMKRANSBAND_1200X1200_180 200",""
"http://digitalbuildingdata.tech/nlcs/def/4f40f4ec-fd4a-43d8-ab4d-e51bd1ad7b3b","VERKEERSTEGEL","SVH","","2620","SVH-VERKEERSTEGEL_NOPPENTEGEL_300X300","VERKEERSTEGEL_NOPPENTEGEL_300X300",""
"http://digitalbuildingdata.tech/nlcs/def/7fa44476-f2a1-4c0d-9750-33e371ce7277","BSS","SVH","","2621","SVH-BSS_DIKFORMAAT_BLOK_KL-SO","BSS_DIKFORMAAT_BLOK_KL","SO"
"http://digitalbuildingdata.tech/nlcs/def/b0152870-ebb9-4af4-8b3e-4e95e8365f62","BSS","SVH","","2622","SVH-BSS_DIKFORMAAT_ELLEBOOG_KL-SO","BSS_DIKFORMAAT_ELLEBOOG_KL","SO"
"http://digitalbuildingdata.tech/nlcs/def/b4cc0bc7-5c5e-48c6-bb97-75fdd9829366","BSS","SVH","","2623","SVH-BSS_DIKFORMAAT_HALFST_KL-SO","BSS_DIKFORMAAT_HALFST_KL","SO"
"http://digitalbuildingdata.tech/nlcs/def/0fde02e3-9071-4ce7-bd7c-072ba55471ee","BSS","SVH","","2624","SVH-BSS_DIKFORMAAT_KEPER_KL-SO","BSS_DIKFORMAAT_KEPER_KL","SO"
"http://digitalbuildingdata.tech/nlcs/def/935d5628-543b-4e13-8546-faeed3c422ec","BSS","SVH","","2625","SVH-BSS_KEIFORMAAT_BLOK_01_KL-SO","BSS_KEIFORMAAT_BLOK_01_KL","SO"
"http://digitalbuildingdata.tech/nlcs/def/affee4e7-cf35-406f-902a-f1207bb220bc","BSS","SVH","","2626","SVH-BSS_KEIFORMAAT_BLOK_02_KL-SO","BSS_KEIFORMAAT_BLOK_02_KL","SO"
"http://digitalbuildingdata.tech/nlcs/def/4c0452d4-5f00-4c00-9974-00c32ebb9c57","BSS","SVH","","2628","SVH-BSS_KEIFORMAAT_BLOK_STREEP_KL-SO","BSS_KEIFORMAAT_BLOK_STREEP_KL","SO"
"http://digitalbuildingdata.tech/nlcs/def/017e6212-91ad-4482-9e7e-ec8e81fa4e09","BSS","SVH","","2629","SVH-BSS_KEIFORMAAT_DUBBEL_01_KL-SO","BSS_KEIFORMAAT_DUBBEL_01_KL","SO"
"http://digitalbuildingdata.tech/nlcs/def/25f92274-f814-4a12-a0c7-fc3857de468c","BSS","SVH","","2630","SVH-BSS_KEIFORMAAT_DUBBEL_02_KL-SO","BSS_KEIFORMAAT_DUBBEL_02_KL","SO"
"http://digitalbuildingdata.tech/nlcs/def/aced10f3-542e-4cca-95fe-b53f2e7a6084","BSS","SVH","","2631","SVH-BSS_KEIFORMAAT_DUBBEL_KL-SO","BSS_KEIFORMAAT_DUBBEL_KL","SO"
"http://digitalbuildingdata.tech/nlcs/def/a6e674ff-57ac-493c-bf13-29bb793b15ca","BSS","SVH","","2632","SVH-BSS_KEIFORMAAT_ELLEBOOG_KL-SO","BSS_KEIFORMAAT_ELLEBOOG_KL","SO"
"http://digitalbuildingdata.tech/nlcs/def/e14869ce-7d76-4dd8-8aa5-c63c0a88615f","BSS","SVH","","2633","SVH-BSS_KEIFORMAAT_HALFST_KL-SO","BSS_KEIFORMAAT_HALFST_KL","SO"
"http://digitalbuildingdata.tech/nlcs/def/dd7bf843-1a4a-4e85-8b20-daeb99f21705","BSS","SVH","","2634","SVH-BSS_KEIFORMAAT_KEPER_KL-SO","BSS_KEIFORMAAT_KEPER_KL","SO"
"http://digitalbuildingdata.tech/nlcs/def/a15eebd7-7e29-4ae1-8f8a-a970cb623754","BSS","SVH","","2635","SVH-BSS_LINGEFORMAAT_DRIEKWART_KL-SO","BSS_LINGEFORMAAT_DRIEKWART_KL","SO"
"http://digitalbuildingdata.tech/nlcs/def/79c3c144-7b55-4432-aa64-8b3d7cd9ac29","BSS","SVH","","2636","SVH-BSS_LINGEFORMAAT_ELLEBOOG_KL-SO","BSS_LINGEFORMAAT_ELLEBOOG_KL","SO"
"http://digitalbuildingdata.tech/nlcs/def/70d78a56-a5ef-4698-bb5c-6fa193d79e63","BSS","SVH","","2637","SVH-BSS_LINGEFORMAAT_KLEZOOR_KL-SO","BSS_LINGEFORMAAT_KLEZOOR_KL","SO"
"http://digitalbuildingdata.tech/nlcs/def/7faee600-3737-43d9-bc69-e5d5b3baa1be","BSS","SVH","","2638","SVH-BSS_OPENGESTRAAT_KL-SO","BSS_OPENGESTRAAT_KL","SO"
"http://digitalbuildingdata.tech/nlcs/def/ec576719-596e-4612-83f1-570b5b420517","BSS","SVH","","2639","SVH-BSS_WAALFORMAAT_BLOK_KL-SO","BSS_WAALFORMAAT_BLOK_KL","SO"
"http://digitalbuildingdata.tech/nlcs/def/cf9b336e-d38e-4515-8b0e-497774b5df91","BSS","SVH","","2640","SVH-BSS_WAALFORMAAT_ELLEBOOG_KL-SO","BSS_WAALFORMAAT_ELLEBOOG_KL","SO"
"http://digitalbuildingdata.tech/nlcs/def/8d46edd5-4922-4b42-95bd-e9cadcc20e4f","BSS","SVH","","2641","SVH-BSS_WAALFORMAAT_HALFST_KL-SO","BSS_WAALFORMAAT_HALFST_KL","SO"
"http://digitalbuildingdata.tech/nlcs/def/94023c76-0696-44cb-a981-4a5a8b1f757d","BSS","SVH","","2642","SVH-BSS_WAALFORMAAT_KEPER_KL-SO","BSS_WAALFORMAAT_KEPER_KL","SO"
"http://digitalbuildingdata.tech/nlcs/def/172b4c25-2264-465a-8946-aac99c3cd213","SBS","SVH","","2643","SVH-SBS_DIKFORMAAT_ELLEBOOG_KL-SO","SBS_DIKFORMAAT_ELLEBOOG_KL","SO"
"http://digitalbuildingdata.tech/nlcs/def/564d14e3-3582-478e-b57e-d6259545b725","SBS","SVH","","2644","SVH-SBS_DIKFORMAAT_HALFST_KL-SO","SBS_DIKFORMAAT_HALFST_KL","SO"
"http://digitalbuildingdata.tech/nlcs/def/f8c596de-81dd-4869-accd-54c6084e19bb","SBS","SVH","","2645","SVH-SBS_DIKFORMAAT_KEPER_KL-SO","SBS_DIKFORMAAT_KEPER_KL","SO"
"http://digitalbuildingdata.tech/nlcs/def/c987a501-f0fc-473a-a1f4-db0f2fcec674","SBS","SVH","","2646","SVH-SBS_KEIFORMAAT_BLOK_KL-SO","SBS_KEIFORMAAT_BLOK_KL","SO"
"http://digitalbuildingdata.tech/nlcs/def/9a9a4056-6a0a-4858-89d4-b8ae44ba13fc","SBS","SVH","","2647","SVH-SBS_KEIFORMAAT_DUBBEL_KL-SO","SBS_KEIFORMAAT_DUBBEL_KL","SO"
"http://digitalbuildingdata.tech/nlcs/def/944d775f-82ff-47a8-9d18-b824bb24b06c","SBS","SVH","","2648","SVH-SBS_KEIFORMAAT_ELLEBOOG_KL-SO","SBS_KEIFORMAAT_ELLEBOOG_KL","SO"
"http://digitalbuildingdata.tech/nlcs/def/b090430f-a5e1-45f8-aad3-076bfbdeb327","SBS","SVH","","2649","SVH-SBS_KEIFORMAAT_HALFST_KL-SO","SBS_KEIFORMAAT_HALFST_KL","SO"
"http://digitalbuildingdata.tech/nlcs/def/bf34f2cc-dedd-4c47-8c10-d79891e3f9e7","SBS","SVH","","2650","SVH-SBS_KEIFORMAAT_KEPER_KL-SO","SBS_KEIFORMAAT_KEPER_KL","SO"
"http://digitalbuildingdata.tech/nlcs/def/cb0472ce-82e7-4bba-8e38-861fbe5644c7","SBS","SVH","","2651","SVH-SBS_WAALFORMAAT_BLOK_KL-SO","SBS_WAALFORMAAT_BLOK_KL","SO"
"http://digitalbuildingdata.tech/nlcs/def/756d8eb5-4063-4427-bc54-83d3adba37c5","SBS","SVH","","2652","SVH-SBS_WAALFORMAAT_ELLEBOOG_KL-SO","SBS_WAALFORMAAT_ELLEBOOG_KL","SO"
"http://digitalbuildingdata.tech/nlcs/def/b5112e38-03cb-472f-ae2f-538ccadac271","SBS","SVH","","2653","SVH-SBS_WAALFORMAAT_HALFST_KL-SO","SBS_WAALFORMAAT_HALFST_KL","SO"
"http://digitalbuildingdata.tech/nlcs/def/f4802913-5964-49fb-a097-23d9f94c66b7","SBS","SVH","","2654","SVH-SBS_WAALFORMAAT_KEPER_KL-SO","SBS_WAALFORMAAT_KEPER_KL","SO"
"http://digitalbuildingdata.tech/nlcs/def/b39e9335-87ab-4eda-bc1f-2c3b2cca8d87","BSS","SVH","V","2655","V-SVH-BSS_DIKFORMAAT_BLOK_KL-SO","BSS_DIKFORMAAT_BLOK_KL","SO"
"http://digitalbuildingdata.tech/nlcs/def/0ddcbb0e-f024-4ec5-b9d1-7899ef2a6556","BSS","SVH","V","2657","V-SVH-BSS_DIKFORMAAT_HALFST_KL-SO","BSS_DIKFORMAAT_HALFST_KL","SO"
"http://digitalbuildingdata.tech/nlcs/def/71a6ebde-4c3b-4c8d-a5c1-26909e8d06ea","BSS","SVH","V","2659","V-SVH-BSS_KEIFORMAAT_BLOK_01_KL-SO","BSS_KEIFORMAAT_BLOK_01_KL","SO"
"http://digitalbuildingdata.tech/nlcs/def/8f29abb3-626b-4a02-a205-375c20c5c98a","BSS","SVH","V","2660","V-SVH-BSS_KEIFORMAAT_BLOK_02_KL-SO","BSS_KEIFORMAAT_BLOK_02_KL","SO"
"http://digitalbuildingdata.tech/nlcs/def/478b11ff-f984-4a0e-a765-63749a677657","BSS","SVH","V","2662","V-SVH-BSS_KEIFORMAAT_BLOK_STREEP_KL-SO","BSS_KEIFORMAAT_BLOK_STREEP_KL","SO"
"http://digitalbuildingdata.tech/nlcs/def/a0215f04-fdc9-449e-bab9-3abbca2e2b1f","BSS","SVH","V","2663","V-SVH-BSS_KEIFORMAAT_DUBBEL_01_KL-SO","BSS_KEIFORMAAT_DUBBEL_01_KL","SO"
"http://digitalbuildingdata.tech/nlcs/def/b4357a08-8c9e-434a-90fe-c9d806da54a9","BSS","SVH","V","2664","V-SVH-BSS_KEIFORMAAT_DUBBEL_02_KL-SO","BSS_KEIFORMAAT_DUBBEL_02_KL","SO"
"http://digitalbuildingdata.tech/nlcs/def/606ec23c-29d1-4e91-9704-215fdac8a459","BSS","SVH","V","2665","V-SVH-BSS_KEIFORMAAT_DUBBEL_KL-SO","BSS_KEIFORMAAT_DUBBEL_KL","SO"
"http://digitalbuildingdata.tech/nlcs/def/8b916dc5-c04d-434a-b5e1-6e56b15ff3b6","BSS","SVH","V","2666","V-SVH-BSS_KEIFORMAAT_ELLEBOOG_KL-SO","BSS_KEIFORMAAT_ELLEBOOG_KL","SO"
"http://digitalbuildingdata.tech/nlcs/def/d4e041eb-bee6-404f-ac9a-e8e06367c478","BSS","SVH","V","2667","V-SVH-BSS_KEIFORMAAT_HALFST_KL-SO","BSS_KEIFORMAAT_HALFST_KL","SO"
"http://digitalbuildingdata.tech/nlcs/def/13dd79d3-83f0-4e0b-a3ee-279619ca1b86","BSS","SVH","V","2668","V-SVH-BSS_KEIFORMAAT_KEPER_KL-SO","BSS_KEIFORMAAT_KEPER_KL","SO"
"http://digitalbuildingdata.tech/nlcs/def/d7ca8212-be87-46fc-b1ee-c58dd65ea7df","BSS","SVH","V","2669","V-SVH-BSS_LINGEFORMAAT_DRIEKWART_KL-SO","BSS_LINGEFORMAAT_DRIEKWART_KL","SO"
"http://digitalbuildingdata.tech/nlcs/def/0bdadb95-f7bb-4794-96b3-1cccd65a18c6","BSS","SVH","V","2670","V-SVH-BSS_LINGEFORMAAT_ELLEBOOG_KL-SO","BSS_LINGEFORMAAT_ELLEBOOG_KL","SO"
"http://digitalbuildingdata.tech/nlcs/def/a82e44bf-4d6a-40de-af0a-27474268c0e3","BSS","SVH","V","2671","V-SVH-BSS_LINGEFORMAAT_KLEZOOR_KL-SO","BSS_LINGEFORMAAT_KLEZOOR_KL","SO"
"http://digitalbuildingdata.tech/nlcs/def/2aaace44-9a3f-488f-a876-9f44c32e0a9b","BSS","SVH","V","2672","V-SVH-BSS_OPENGESTRAAT_KL-SO","BSS_OPENGESTRAAT_KL","SO"
"http://digitalbuildingdata.tech/nlcs/def/049db9a9-212b-4c5b-8646-aedcf81ad71f","BSS","SVH","V","2673","V-SVH-BSS_WAALFORMAAT_BLOK_KL-SO","BSS_WAALFORMAAT_BLOK_KL","SO"
"http://digitalbuildingdata.tech/nlcs/def/3191a6d9-19d8-4bb7-a066-2f5fbc90e7f7","BSS","SVH","V","2674","V-SVH-BSS_WAALFORMAAT_ELLEBOOG_KL-SO","BSS_WAALFORMAAT_ELLEBOOG_KL","SO"
"http://digitalbuildingdata.tech/nlcs/def/1f2e71db-d075-4712-9442-581c37289bfc","BSS","SVH","V","2675","V-SVH-BSS_WAALFORMAAT_HALFST_KL-SO","BSS_WAALFORMAAT_HALFST_KL","SO"
"http://digitalbuildingdata.tech/nlcs/def/c5d3181f-546a-4366-8703-05d165832511","BSS","SVH","V","2676","V-SVH-BSS_WAALFORMAAT_KEPER_KL-SO","BSS_WAALFORMAAT_KEPER_KL","SO"
"http://digitalbuildingdata.tech/nlcs/def/83a63222-7706-405c-8cbd-4d538ae544a2","SBS","SVH","V","2677","V-SVH-SBS_DIKFORMAAT_ELLEBOOG_KL-SO","SBS_DIKFORMAAT_ELLEBOOG_KL","SO"
"http://digitalbuildingdata.tech/nlcs/def/4fb213d8-299c-405c-9ad2-2336a747b8f7","SBS","SVH","V","2679","V-SVH-SBS_DIKFORMAAT_KEPER_KL-SO","SBS_DIKFORMAAT_KEPER_KL","SO"
"http://digitalbuildingdata.tech/nlcs/def/ffd01a5a-1717-431f-8f66-97aa18979e8a","SBS","SVH","V","2680","V-SVH-SBS_KEIFORMAAT_BLOK_KL-SO","SBS_KEIFORMAAT_BLOK_KL","SO"
"http://digitalbuildingdata.tech/nlcs/def/241d633e-66ec-4ae8-855c-c798103fb870","SBS","SVH","V","2681","V-SVH-SBS_KEIFORMAAT_DUBBEL_KL-SO","SBS_KEIFORMAAT_DUBBEL_KL","SO"
"http://digitalbuildingdata.tech/nlcs/def/c3e2fab9-3d1e-4977-a2d4-e03185a74d31","SBS","SVH","V","2682","V-SVH-SBS_KEIFORMAAT_ELLEBOOG_KL-SO","SBS_KEIFORMAAT_ELLEBOOG_KL","SO"
"http://digitalbuildingdata.tech/nlcs/def/1c306092-8529-4b48-bacd-7049c20651e8","SBS","SVH","V","2683","V-SVH-SBS_KEIFORMAAT_HALFST_KL-SO","SBS_KEIFORMAAT_HALFST_KL","SO"
"http://digitalbuildingdata.tech/nlcs/def/784e4dcd-3cc2-4520-ae7a-e59c1d62ff09","SBS","SVH","V","2684","V-SVH-SBS_KEIFORMAAT_KEPER_KL-SO","SBS_KEIFORMAAT_KEPER_KL","SO"
"http://digitalbuildingdata.tech/nlcs/def/d3243454-2194-4970-b9ba-8be40c446e31","SBS","SVH","V","2685","V-SVH-SBS_WAALFORMAAT_BLOK_KL-SO","SBS_WAALFORMAAT_BLOK_KL","SO"
"http://digitalbuildingdata.tech/nlcs/def/2ffda813-cab6-4506-87a5-ed6db82039d6","SBS","SVH","V","2686","V-SVH-SBS_WAALFORMAAT_ELLEBOOG_KL-SO","SBS_WAALFORMAAT_ELLEBOOG_KL","SO"
"http://digitalbuildingdata.tech/nlcs/def/ed7d4d35-f84a-4291-8fc6-3067f577d472","SBS","SVH","V","2687","V-SVH-SBS_WAALFORMAAT_HALFST_KL-SO","SBS_WAALFORMAAT_HALFST_KL","SO"
"http://digitalbuildingdata.tech/nlcs/def/539e3439-80df-446c-9f71-2b301e1d49e2","SBS","SVH","V","2688","V-SVH-SBS_WAALFORMAAT_KEPER_KL-SO","SBS_WAALFORMAAT_KEPER_KL","SO"
"http://digitalbuildingdata.tech/nlcs/def/fccfb888-18f1-4b7c-98fd-3dc5c862a101","VERKEERSTEGEL","SVH","V","2689","V-SVH-VERKEERSTEGEL_300X150_TUSSENTEGEL","VERKEERSTEGEL_300X150_TUSSENTEGEL",""
"http://digitalbuildingdata.tech/nlcs/def/0e3b6ff7-1f2b-4556-96e0-4402c1161292","VERKEERSTEGEL","SVH","V","2690","V-SVH-VERKEERSTEGEL_300X300_GELEIDETEGEL","VERKEERSTEGEL_300X300_GELEIDETEGEL",""
"http://digitalbuildingdata.tech/nlcs/def/f50b1105-1260-411d-afd9-a6064749cc88","VERKEERSTEGEL","SVH","V","2691","V-SVH-VERKEERSTEGEL_300X300_GITRUITTEGEL","VERKEERSTEGEL_300X300_GITRUITTEGEL",""
"http://digitalbuildingdata.tech/nlcs/def/4d25fbbc-ec57-4614-ad36-c148f9d53269","VERKEERSTEGEL","SVH","V","2692","V-SVH-VERKEERSTEGEL_300X300_HAAIENTAND","VERKEERSTEGEL_300X300_HAAIENTAND",""
"http://digitalbuildingdata.tech/nlcs/def/7eba72ef-deec-4fc3-9a85-dd5cc37349b8","VERKEERSTEGEL","SVH","V","2693","V-SVH-VERKEERSTEGEL_NOPPENTEGEL_300X300","VERKEERSTEGEL_NOPPENTEGEL_300X300",""
"http://digitalbuildingdata.tech/nlcs/def/a60bbe59-bb4f-4d72-b8af-7c34098ec67a","VERKEERSTEGEL","SVH","V","2694","V-SVH-VERKEERSTEGEL_300X300_ROLSTOELTEGEL","VERKEERSTEGEL_300X300_ROLSTOELTEGEL",""
"http://digitalbuildingdata.tech/nlcs/def/7df7dbbd-e954-47eb-9212-e579c811b711","VERKEERSTEGEL","SVH","V","2695","V-SVH-VERKEERSTEGEL_300X300_TUSSENTEGEL","VERKEERSTEGEL_300X300_TUSSENTEGEL",""
"http://digitalbuildingdata.tech/nlcs/def/f3b0cc46-0023-49a2-91b0-cb71521ca4b9","VERKEERSTEGEL","SVH","V","2696","V-SVH-VERKEERSTEGEL_500X250_TUSSENTEGEL","VERKEERSTEGEL_500X250_TUSSENTEGEL",""
"http://digitalbuildingdata.tech/nlcs/def/0918a6e3-d7b0-4f6d-a276-afb12d2b47d0","VERKEERSTEGEL","SVH","V","2697","V-SVH-VERKEERSTEGEL_500X500_HAAIENTAND","VERKEERSTEGEL_500X500_HAAIENTAND",""
"http://digitalbuildingdata.tech/nlcs/def/40231b48-dbe0-4fa0-8040-c1b25c562143","VERKEERSTEGEL","SVH","V","2698","V-SVH-VERKEERSTEGEL_500X500_TUSSENTEGEL","VERKEERSTEGEL_500X500_TUSSENTEGEL",""
"http://digitalbuildingdata.tech/nlcs/def/e942b348-9e1e-4df7-8592-08bd6a9ee718","TEGEL","SVH","","2700","SVH-TEGEL_400X400_LINT_STREEP-SO","TEGEL_400X400_LINT_STREEP","SO"
"http://digitalbuildingdata.tech/nlcs/def/bf1dde12-a3f5-484e-854f-2f6bf0b78035","TEGEL","SVH","V","2701","V-SVH-TEGEL_400X400_LINT_STREEP-SO","TEGEL_400X400_LINT_STREEP","SO"
"http://digitalbuildingdata.tech/nlcs/def/8474e8d7-4b82-451f-a6cc-7cef880ed547","TEGEL","SVH","V","2702","V-SVH-TEGEL_2000X2000_LINT-SO","TEGEL_2000X2000_LINT","SO"
"http://digitalbuildingdata.tech/nlcs/def/9ee8e485-4992-4dbd-bc0e-408492b0ee33","TEGEL","SVH","","2703","SVH-TEGEL_2000X2000_LINT-SO","TEGEL_2000X2000_LINT","SO"
"http://digitalbuildingdata.tech/nlcs/def/59ee9e92-7225-47d8-bed0-789422ea93e7","KANTOPSLUITING","SVH","B","2704","B-SVH-KANTOPSLUITING_INRITPERRONBAND_200X250-D","KANTOPSLUITING_INRITPERRONBAND_200X250","D"
"http://digitalbuildingdata.tech/nlcs/def/1899b947-58b2-4ff4-905a-66e7a6a0f416","KANTOPSLUITING","SVH","","2705","SVH-KANTOPSLUITING_INRITPERRONBAND_200X250-D","KANTOPSLUITING_INRITPERRONBAND_200X250","D"
"http://digitalbuildingdata.tech/nlcs/def/d27c1090-06ba-4dd0-9461-a72adb0c1fd2","KANTOPSLUITING","SVH","","2706","SVH-KANTOPSLUITING_RWS_ZOABBAND_110 220X250-D","KANTOPSLUITING_RWS_ZOABBAND_110 220X250","D"
"http://digitalbuildingdata.tech/nlcs/def/22a9d1fe-0ad6-4456-9843-cb85ca90dfc3","KANTOPSLUITING","SVH","B","2707","B-SVH-KANTOPSLUITING_RWS_ZOABBAND_110 220X250-D","KANTOPSLUITING_RWS_ZOABBAND_110 220X250","D"
"http://digitalbuildingdata.tech/nlcs/def/974da52b-f567-4107-abef-75ecd0d27bcf","KANTOPSLUITING","SVH","","2753","SVH-KANTOPSLUITING_HOEKBLOK_INWENDIG_180 200X45_ROND","KANTOPSLUITING_HOEKBLOK_INWENDIG_180 200X45_ROND",""
"http://digitalbuildingdata.tech/nlcs/def/ef354fd0-4f73-4ac5-a9d5-53be1e64c97b","NATUURSTEEN","SVH","","2756","SVH-NATUURSTEEN_KL-SO","NATUURSTEEN_KL","SO"
"http://digitalbuildingdata.tech/nlcs/def/2188975f-4baa-447e-b973-f5758e425696","TEGEL","SVH","","2757","SVH-TEGEL_1000X1000_BLOK_KL-SO","TEGEL_1000X1000_BLOK_KL","SO"
"http://digitalbuildingdata.tech/nlcs/def/5f64c69f-5b41-4bb1-96c3-e135a491f314","TEGEL","SVH","","2758","SVH-TEGEL_150X300_DIK_ELLEBOOG-SO","TEGEL_150X300_DIK_ELLEBOOG","SO"
"http://digitalbuildingdata.tech/nlcs/def/00bd06c3-20ba-4870-8878-a2a3f9322fdd","TEGEL","SVH","","2759","SVH-TEGEL_150X300_DIK_ELLEBOOG_STIP-SO","TEGEL_150X300_DIK_ELLEBOOG_STIP","SO"
"http://digitalbuildingdata.tech/nlcs/def/0348d520-b087-4798-8e25-eb714ba04742","TEGEL","SVH","","2760","SVH-TEGEL_150X300_DIK_HALFST-SO","TEGEL_150X300_DIK_HALFST","SO"
"http://digitalbuildingdata.tech/nlcs/def/92a104f4-efc9-4213-a054-9124872ec8a7","TEGEL","SVH","","2761","SVH-TEGEL_150X300_DIK_HALFST_KL-SO","TEGEL_150X300_DIK_HALFST_KL","SO"
"http://digitalbuildingdata.tech/nlcs/def/a4fa52f4-f129-4a31-b672-6fe997929e88","TEGEL","SVH","","2762","SVH-TEGEL_150X300_DIK_LINT-SO","TEGEL_150X300_DIK_LINT","SO"
"http://digitalbuildingdata.tech/nlcs/def/6ee4dba1-80e0-4a3d-ac48-70afee7fd9ac","TEGEL","SVH","","2763","SVH-TEGEL_150X300_DIK_LINT_KL-SO","TEGEL_150X300_DIK_LINT_KL","SO"
"http://digitalbuildingdata.tech/nlcs/def/3c9cc718-5f22-4035-b453-06777298a5d4","TEGEL","SVH","","2764","SVH-TEGEL_150X300_DUN_ELLEBOOG-SO","TEGEL_150X300_DUN_ELLEBOOG","SO"
"http://digitalbuildingdata.tech/nlcs/def/7696d7b5-ec3e-4585-bbf7-4b6e1276c5d5","TEGEL","SVH","","2765","SVH-TEGEL_150X300_DUN_ELLEBOOG_STIP-SO","TEGEL_150X300_DUN_ELLEBOOG_STIP","SO"
"http://digitalbuildingdata.tech/nlcs/def/70bc625d-6b1e-4a08-83b6-a579a5c69190","TEGEL","SVH","","2766","SVH-TEGEL_150X300_DUN_HALFST-SO","TEGEL_150X300_DUN_HALFST","SO"
"http://digitalbuildingdata.tech/nlcs/def/bac776e3-eafa-4741-acb4-062ea2293065","TEGEL","SVH","","2767","SVH-TEGEL_150X300_DUN_HALFST_KL-SO","TEGEL_150X300_DUN_HALFST_KL","SO"
"http://digitalbuildingdata.tech/nlcs/def/3ae56936-ecaa-4e46-99da-87437791e033","TEGEL","SVH","","2768","SVH-TEGEL_150X300_DUN_LINT-SO","TEGEL_150X300_DUN_LINT","SO"
"http://digitalbuildingdata.tech/nlcs/def/174cbca5-5394-40c2-b536-bbf825463420","TEGEL","SVH","","2769","SVH-TEGEL_150X300_DUN_LINT_KL-SO","TEGEL_150X300_DUN_LINT_KL","SO"
"http://digitalbuildingdata.tech/nlcs/def/5596d6dc-85ee-481b-9ad7-7b668c503aa9","TEGEL","SVH","","2770","SVH-TEGEL_200X200_BLOK_KL-SO","TEGEL_200X200_BLOK_KL","SO"
"http://digitalbuildingdata.tech/nlcs/def/3d9db16a-18f0-4a07-b123-1f259409bbab","TEGEL","SVH","","2771","SVH-TEGEL_300X150_DIK_ELLEBOOG-SO","TEGEL_300X150_DIK_ELLEBOOG","SO"
"http://digitalbuildingdata.tech/nlcs/def/dd993607-0cc1-49a1-b240-8fe9776ad215","TEGEL","SVH","","2772","SVH-TEGEL_300X150_DIK_ELLEBOOG_STIP-SO","TEGEL_300X150_DIK_ELLEBOOG_STIP","SO"
"http://digitalbuildingdata.tech/nlcs/def/e7b66735-6a85-44fd-84b1-28ce003351db","TEGEL","SVH","","2773","SVH-TEGEL_300X150_DIK_HALFST-SO","TEGEL_300X150_DIK_HALFST","SO"
"http://digitalbuildingdata.tech/nlcs/def/83227cb7-8486-45ee-8626-b04a8189298e","TEGEL","SVH","","2774","SVH-TEGEL_300X150_DIK_HALFST_KL-SO","TEGEL_300X150_DIK_HALFST_KL","SO"
"http://digitalbuildingdata.tech/nlcs/def/adf1990f-9a58-4c1d-a1bb-e8435061ba4e","TEGEL","SVH","","2775","SVH-TEGEL_300X150_DIK_HALFST_STIP-SO","TEGEL_300X150_DIK_HALFST_STIP","SO"
"http://digitalbuildingdata.tech/nlcs/def/50be045a-a565-4700-b7f0-9170cefd1243","TEGEL","SVH","","2776","SVH-TEGEL_300X150_DIK_HALFST_STIP_KL-SO","TEGEL_300X150_DIK_HALFST_STIP_KL","SO"
"http://digitalbuildingdata.tech/nlcs/def/eafc9e35-39ca-46a6-9eac-90d67a77b01d","TEGEL","SVH","","2777","SVH-TEGEL_300X150_DIK_LINT-SO","TEGEL_300X150_DIK_LINT","SO"
"http://digitalbuildingdata.tech/nlcs/def/4e0e16e1-a745-4ee3-984b-152e69c2e38b","TEGEL","SVH","","2778","SVH-TEGEL_300X150_DIK_LINT_KL-SO","TEGEL_300X150_DIK_LINT_KL","SO"
"http://digitalbuildingdata.tech/nlcs/def/9c68bc12-c0cc-4cb7-8551-569e44ca7563","TEGEL","SVH","","2779","SVH-TEGEL_300X150_DIK_LINT_STIP-SO","TEGEL_300X150_DIK_LINT_STIP","SO"
"http://digitalbuildingdata.tech/nlcs/def/5879e27b-d250-4397-8ddc-25d47f088518","TEGEL","SVH","","2780","SVH-TEGEL_300X150_DIK_LINT_STIP_KL-SO","TEGEL_300X150_DIK_LINT_STIP_KL","SO"
"http://digitalbuildingdata.tech/nlcs/def/1d458977-a285-4fd6-ad89-b05c7c8acc1e","TEGEL","SVH","","2781","SVH-TEGEL_300X150_DUN_ELLEBOOG-SO","TEGEL_300X150_DUN_ELLEBOOG","SO"
"http://digitalbuildingdata.tech/nlcs/def/1e36d93f-95f1-49f6-849d-d5c0d392737e","TEGEL","SVH","","2782","SVH-TEGEL_300X150_DUN_ELLEBOOG_STIP-SO","TEGEL_300X150_DUN_ELLEBOOG_STIP","SO"
"http://digitalbuildingdata.tech/nlcs/def/7734132b-2adc-422b-b401-f2dad3da2bb8","TEGEL","SVH","","2783","SVH-TEGEL_300X150_DUN_HALFST-SO","TEGEL_300X150_DUN_HALFST","SO"
"http://digitalbuildingdata.tech/nlcs/def/96834e46-361f-41fb-bff6-b5b5ec323b24","TEGEL","SVH","","2784","SVH-TEGEL_300X150_DUN_HALFST_KL-SO","TEGEL_300X150_DUN_HALFST_KL","SO"
"http://digitalbuildingdata.tech/nlcs/def/8a257286-dc89-4ae5-805d-183c024c9e4d","TEGEL","SVH","","2785","SVH-TEGEL_300X150_DUN_HALFST_STIP-SO","TEGEL_300X150_DUN_HALFST_STIP","SO"
"http://digitalbuildingdata.tech/nlcs/def/20d3c2df-5365-44ab-92e3-379e7f6421a3","TEGEL","SVH","","2786","SVH-TEGEL_300X150_DUN_HALFST_STIP_KL-SO","TEGEL_300X150_DUN_HALFST_STIP_KL","SO"
"http://digitalbuildingdata.tech/nlcs/def/16502e36-9756-4953-9acd-9735d04eef01","TEGEL","SVH","","2787","SVH-TEGEL_300X150_DUN_LINT-SO","TEGEL_300X150_DUN_LINT","SO"
"http://digitalbuildingdata.tech/nlcs/def/66db1bb3-ffbf-42d6-a12d-a22219c3fe0f","TEGEL","SVH","","2788","SVH-TEGEL_300X150_DUN_LINT_KL-SO","TEGEL_300X150_DUN_LINT_KL","SO"
"http://digitalbuildingdata.tech/nlcs/def/a15ac609-ba2d-46be-82dc-7321fcd240e9","TEGEL","SVH","","2789","SVH-TEGEL_300X150_DUN_LINT_STIP-SO","TEGEL_300X150_DUN_LINT_STIP","SO"
"http://digitalbuildingdata.tech/nlcs/def/34d9a947-22ae-4205-af1a-453d413fdc35","TEGEL","SVH","","2790","SVH-TEGEL_300X150_DUN_LINT_STIP_KL-SO","TEGEL_300X150_DUN_LINT_STIP_KL","SO"
"http://digitalbuildingdata.tech/nlcs/def/4440eb35-79ca-4ead-9e5b-b323deced537","TEGEL","SVH","","2791","SVH-TEGEL_300X300_DIK_BLOK_KL-SO","TEGEL_300X300_DIK_BLOK_KL","SO"
"http://digitalbuildingdata.tech/nlcs/def/01140fbd-1aac-4d99-a586-67c1d5f185ce","TEGEL","SVH","","2792","SVH-TEGEL_300X300_DIK_BLOK_STIP_KL-SO","TEGEL_300X300_DIK_BLOK_STIP_KL","SO"
"http://digitalbuildingdata.tech/nlcs/def/15347cdd-4ea3-416d-9718-6a3729c88057","TEGEL","SVH","","2793","SVH-TEGEL_300X300_DUN_BLOK_KL-SO","TEGEL_300X300_DUN_BLOK_KL","SO"
"http://digitalbuildingdata.tech/nlcs/def/5a758deb-ace8-43c4-b401-b416237a109b","TEGEL","SVH","","2794","SVH-TEGEL_300X300_DUN_BLOK_STIP_KL-SO","TEGEL_300X300_DUN_BLOK_STIP_KL","SO"
"http://digitalbuildingdata.tech/nlcs/def/6088c5a7-5b51-4ad8-83f7-8cb6c87ce9b8","TEGEL","SVH","","2795","SVH-TEGEL_400X400_BLOK_KL-SO","TEGEL_400X400_BLOK_KL","SO"
"http://digitalbuildingdata.tech/nlcs/def/96ed607c-33db-428a-891e-bb10f3752b86","TEGEL","SVH","","2796","SVH-TEGEL_400X600_DIK_BLOK_KL-SO","TEGEL_400X600_DIK_BLOK_KL","SO"
"http://digitalbuildingdata.tech/nlcs/def/8fa9db51-e16f-46e7-9d78-32bce2f7068a","TEGEL","SVH","","2797","SVH-TEGEL_400X600_DUN_BLOK_KL-SO","TEGEL_400X600_DUN_BLOK_KL","SO"
"http://digitalbuildingdata.tech/nlcs/def/2f2d8df4-6a3c-4676-a5ca-7492f021f15b","TEGEL","SVH","","2798","SVH-TEGEL_600X600_BLOK_KL-SO","TEGEL_600X600_BLOK_KL","SO"
"http://digitalbuildingdata.tech/nlcs/def/fe1420a1-6a1a-46fa-bc60-1fe323906bfb","TEGEL","SVH","","2799","SVH-TEGEL_VARIABEL_BLOK_KL-SO","TEGEL_VARIABEL_BLOK_KL","SO"
"http://digitalbuildingdata.tech/nlcs/def/20fb851d-4152-46bf-87a8-24b6f6a6e35f","BSS","SVH","V","2801","V-SVH-BSS_DIKFORMAAT_ELLEBOOG_KL-SO","BSS_DIKFORMAAT_ELLEBOOG_KL","SO"
"http://digitalbuildingdata.tech/nlcs/def/d3e19330-0bd8-4003-b331-6198b1cd42fd","BSS","SVH","V","2802","V-SVH-BSS_DIKFORMAAT_KEPER_KL-SO","BSS_DIKFORMAAT_KEPER_KL","SO"
"http://digitalbuildingdata.tech/nlcs/def/b8dd36ed-3d3e-4ddd-90be-126a0b6a56ef","NATUURSTEEN","SVH","V","2803","V-SVH-NATUURSTEEN_KL-SO","NATUURSTEEN_KL","SO"
"http://digitalbuildingdata.tech/nlcs/def/e4935ba6-5ad6-4674-b6dd-88aa21b608a5","SBS","SVH","V","2804","V-SVH-SBS_DIKFORMAAT_HALFST_KL-SO","SBS_DIKFORMAAT_HALFST_KL","SO"
"http://digitalbuildingdata.tech/nlcs/def/ba1a59d9-8d2b-472b-8c42-aa3ca7aea17d","TEGEL","SVH","V","2805","V-SVH-TEGEL_1000X1000_BLOK_KL-SO","TEGEL_1000X1000_BLOK_KL","SO"
"http://digitalbuildingdata.tech/nlcs/def/98a878f2-65d2-4cc7-a50a-5a4872d9331f","TEGEL","SVH","V","2806","V-SVH-TEGEL_150X300_DIK_ELLEBOOG-SO","TEGEL_150X300_DIK_ELLEBOOG","SO"
"http://digitalbuildingdata.tech/nlcs/def/1959034c-ec0b-4ab1-852b-861874178f5e","TEGEL","SVH","V","2807","V-SVH-TEGEL_150X300_DIK_ELLEBOOG_STIP-SO","TEGEL_150X300_DIK_ELLEBOOG_STIP","SO"
"http://digitalbuildingdata.tech/nlcs/def/b250680f-4bad-4d3b-b302-cf492b456abe","TEGEL","SVH","V","2808","V-SVH-TEGEL_150X300_DIK_HALFST-SO","TEGEL_150X300_DIK_HALFST","SO"
"http://digitalbuildingdata.tech/nlcs/def/2414dffe-a814-48a7-ae74-15a231b1dd83","TEGEL","SVH","V","2809","V-SVH-TEGEL_150X300_DIK_HALFST_KL-SO","TEGEL_150X300_DIK_HALFST_KL","SO"
"http://digitalbuildingdata.tech/nlcs/def/92f6defe-8559-4cd8-ade0-de26b285bb45","TEGEL","SVH","V","2810","V-SVH-TEGEL_150X300_DIK_LINT-SO","TEGEL_150X300_DIK_LINT","SO"
"http://digitalbuildingdata.tech/nlcs/def/522af42f-dbf2-4883-80c6-d47218815eb7","TEGEL","SVH","V","2811","V-SVH-TEGEL_150X300_DIK_LINT_KL-SO","TEGEL_150X300_DIK_LINT_KL","SO"
"http://digitalbuildingdata.tech/nlcs/def/5bc199a4-38eb-47d0-8a3e-5c21d4c0f9c5","TEGEL","SVH","V","2812","V-SVH-TEGEL_150X300_DUN_ELLEBOOG-SO","TEGEL_150X300_DUN_ELLEBOOG","SO"
"http://digitalbuildingdata.tech/nlcs/def/f03da820-d6c2-4506-8eec-e5833e9f4194","TEGEL","SVH","V","2813","V-SVH-TEGEL_150X300_DUN_ELLEBOOG_STIP-SO","TEGEL_150X300_DUN_ELLEBOOG_STIP","SO"
"http://digitalbuildingdata.tech/nlcs/def/9e1b0edc-a670-4886-8098-13e4f03a319c","TEGEL","SVH","V","2814","V-SVH-TEGEL_150X300_DUN_HALFST-SO","TEGEL_150X300_DUN_HALFST","SO"
"http://digitalbuildingdata.tech/nlcs/def/6d291e52-831f-4f4a-bd93-5741ddee6086","TEGEL","SVH","V","2815","V-SVH-TEGEL_150X300_DUN_HALFST_KL-SO","TEGEL_150X300_DUN_HALFST_KL","SO"
"http://digitalbuildingdata.tech/nlcs/def/56a3f594-bc06-4fc1-acce-689862778db2","TEGEL","SVH","V","2816","V-SVH-TEGEL_150X300_DUN_LINT-SO","TEGEL_150X300_DUN_LINT","SO"
"http://digitalbuildingdata.tech/nlcs/def/0428b1b0-2bab-4ac8-8b0d-9cf41fe32622","TEGEL","SVH","V","2817","V-SVH-TEGEL_150X300_DUN_LINT_KL-SO","TEGEL_150X300_DUN_LINT_KL","SO"
"http://digitalbuildingdata.tech/nlcs/def/4f0ea722-cdd9-4681-8668-d8d69e09ff03","TEGEL","SVH","V","2818","V-SVH-TEGEL_200X200_BLOK_KL-SO","TEGEL_200X200_BLOK_KL","SO"
"http://digitalbuildingdata.tech/nlcs/def/6b48d889-0d1b-43e5-8852-1dcb13ec2ae2","TEGEL","SVH","V","2819","V-SVH-TEGEL_300X150_DIK_ELLEBOOG-SO","TEGEL_300X150_DIK_ELLEBOOG","SO"
"http://digitalbuildingdata.tech/nlcs/def/0f009efd-ff50-4560-aa78-f1611ef3ea7b","TEGEL","SVH","V","2820","V-SVH-TEGEL_300X150_DIK_ELLEBOOG_STIP-SO","TEGEL_300X150_DIK_ELLEBOOG_STIP","SO"
"http://digitalbuildingdata.tech/nlcs/def/40b1671b-7b98-42fb-a6c2-5dc1eb4248ba","TEGEL","SVH","V","2821","V-SVH-TEGEL_300X150_DIK_HALFST-SO","TEGEL_300X150_DIK_HALFST","SO"
"http://digitalbuildingdata.tech/nlcs/def/2c8ef418-9bb3-4981-9c01-7014fdf867b6","TEGEL","SVH","V","2822","V-SVH-TEGEL_300X150_DIK_HALFST_KL-SO","TEGEL_300X150_DIK_HALFST_KL","SO"
"http://digitalbuildingdata.tech/nlcs/def/f92930cc-bcdc-4539-95a7-368067ad30f6","TEGEL","SVH","V","2823","V-SVH-TEGEL_300X150_DIK_HALFST_STIP-SO","TEGEL_300X150_DIK_HALFST_STIP","SO"
"http://digitalbuildingdata.tech/nlcs/def/ac270561-b0c4-4e92-acba-4411dcc3997f","TEGEL","SVH","V","2824","V-SVH-TEGEL_300X150_DIK_HALFST_STIP_KL-SO","TEGEL_300X150_DIK_HALFST_STIP_KL","SO"
"http://digitalbuildingdata.tech/nlcs/def/b3255918-b04d-42d4-9f06-0d850123c9fb","TEGEL","SVH","V","2825","V-SVH-TEGEL_300X150_DIK_LINT-SO","TEGEL_300X150_DIK_LINT","SO"
"http://digitalbuildingdata.tech/nlcs/def/c2a026b4-56d0-4977-8f34-70d4915604db","TEGEL","SVH","V","2826","V-SVH-TEGEL_300X150_DIK_LINT_KL-SO","TEGEL_300X150_DIK_LINT_KL","SO"
"http://digitalbuildingdata.tech/nlcs/def/f7285d26-d410-4f0f-a81a-b042eb3dd561","TEGEL","SVH","V","2827","V-SVH-TEGEL_300X150_DIK_LINT_STIP-SO","TEGEL_300X150_DIK_LINT_STIP","SO"
"http://digitalbuildingdata.tech/nlcs/def/c7525a4e-16a4-4517-94e4-30b2b3131d21","TEGEL","SVH","V","2828","V-SVH-TEGEL_300X150_DIK_LINT_STIP_KL-SO","TEGEL_300X150_DIK_LINT_STIP_KL","SO"
"http://digitalbuildingdata.tech/nlcs/def/8a25641d-23c3-4bb1-a795-4a114ff68afc","TEGEL","SVH","V","2829","V-SVH-TEGEL_300X150_DUN_ELLEBOOG-SO","TEGEL_300X150_DUN_ELLEBOOG","SO"
"http://digitalbuildingdata.tech/nlcs/def/bc84c7fc-6b6e-44ca-8f26-e6c35a7eaed0","TEGEL","SVH","V","2830","V-SVH-TEGEL_300X150_DUN_ELLEBOOG_STIP-SO","TEGEL_300X150_DUN_ELLEBOOG_STIP","SO"
"http://digitalbuildingdata.tech/nlcs/def/b35fc369-f744-43ac-b7d5-8c9663238638","TEGEL","SVH","V","2831","V-SVH-TEGEL_300X150_DUN_HALFST-SO","TEGEL_300X150_DUN_HALFST","SO"
"http://digitalbuildingdata.tech/nlcs/def/25ed387c-96d6-41a5-904b-17c524838a20","TEGEL","SVH","V","2832","V-SVH-TEGEL_300X150_DUN_HALFST_KL-SO","TEGEL_300X150_DUN_HALFST_KL","SO"
"http://digitalbuildingdata.tech/nlcs/def/2f943fe5-af35-42cb-8ec7-273d8d12f562","TEGEL","SVH","V","2833","V-SVH-TEGEL_300X150_DUN_HALFST_STIP-SO","TEGEL_300X150_DUN_HALFST_STIP","SO"
"http://digitalbuildingdata.tech/nlcs/def/22eb2666-f42c-4701-80d1-3f87a659e5f6","TEGEL","SVH","V","2834","V-SVH-TEGEL_300X150_DUN_HALFST_STIP_KL-SO","TEGEL_300X150_DUN_HALFST_STIP_KL","SO"
"http://digitalbuildingdata.tech/nlcs/def/95d736df-8604-4232-9eba-510807af975c","TEGEL","SVH","V","2835","V-SVH-TEGEL_300X150_DUN_LINT-SO","TEGEL_300X150_DUN_LINT","SO"
"http://digitalbuildingdata.tech/nlcs/def/1bdf4124-f218-422e-aab6-b2b200e4ac1e","TEGEL","SVH","V","2836","V-SVH-TEGEL_300X150_DUN_LINT_KL-SO","TEGEL_300X150_DUN_LINT_KL","SO"
"http://digitalbuildingdata.tech/nlcs/def/7a17dec4-c272-47fd-964d-3d4d0423ed8e","TEGEL","SVH","V","2837","V-SVH-TEGEL_300X150_DUN_LINT_STIP-SO","TEGEL_300X150_DUN_LINT_STIP","SO"
"http://digitalbuildingdata.tech/nlcs/def/e49dde43-48c9-452a-8905-d31200d12a4b","TEGEL","SVH","V","2838","V-SVH-TEGEL_300X150_DUN_LINT_STIP_KL-SO","TEGEL_300X150_DUN_LINT_STIP_KL","SO"
"http://digitalbuildingdata.tech/nlcs/def/c9d31a26-c8fb-4e6e-9561-472c03a109f8","TEGEL","SVH","V","2839","V-SVH-TEGEL_300X300_DIK_BLOK_KL-SO","TEGEL_300X300_DIK_BLOK_KL","SO"
"http://digitalbuildingdata.tech/nlcs/def/c3eea029-0377-4d39-b3b8-8c88476b708a","TEGEL","SVH","V","2840","V-SVH-TEGEL_300X300_DIK_BLOK_STIP_KL-SO","TEGEL_300X300_DIK_BLOK_STIP_KL","SO"
"http://digitalbuildingdata.tech/nlcs/def/e1cd9113-3bbb-43c0-bdc3-0c12bebbdf70","TEGEL","SVH","V","2841","V-SVH-TEGEL_300X300_DUN_BLOK_KL-SO","TEGEL_300X300_DUN_BLOK_KL","SO"
"http://digitalbuildingdata.tech/nlcs/def/763269ab-e020-4ad4-9c60-54e0bbedefc7","TEGEL","SVH","V","2842","V-SVH-TEGEL_300X300_DUN_BLOK_STIP_KL-SO","TEGEL_300X300_DUN_BLOK_STIP_KL","SO"
"http://digitalbuildingdata.tech/nlcs/def/82ada6b3-88e1-474b-ad25-711213dc2ae4","TEGEL","SVH","V","2843","V-SVH-TEGEL_400X400_BLOK_KL-SO","TEGEL_400X400_BLOK_KL","SO"
"http://digitalbuildingdata.tech/nlcs/def/5a0e865a-c30a-425b-8457-5d83a5712b90","TEGEL","SVH","V","2844","V-SVH-TEGEL_400X600_DIK_BLOK_KL-SO","TEGEL_400X600_DIK_BLOK_KL","SO"
"http://digitalbuildingdata.tech/nlcs/def/cf80ddaf-9323-4c07-adaa-be7810c3d397","TEGEL","SVH","V","2845","V-SVH-TEGEL_400X600_DUN_BLOK_KL-SO","TEGEL_400X600_DUN_BLOK_KL","SO"
"http://digitalbuildingdata.tech/nlcs/def/203669b3-5668-4b39-bfa0-8afa8bf2d96a","TEGEL","SVH","V","2846","V-SVH-TEGEL_600X600_BLOK_KL-SO","TEGEL_600X600_BLOK_KL","SO"
"http://digitalbuildingdata.tech/nlcs/def/82544fad-47fe-4f8f-a110-c7ea772a9110","TEGEL","SVH","V","2847","V-SVH-TEGEL_VARIABEL_BLOK_KL-SO","TEGEL_VARIABEL_BLOK_KL","SO"
"http://digitalbuildingdata.tech/nlcs/def/d277a12c-f725-4bb9-8950-361ce1712d41","KANTOPSLUITING","SVH","V","2865","V-SVH-KANTOPSLUITING_STOOTBAND_ROND_ROND_1000X200","KANTOPSLUITING_STOOTBAND_ROND_ROND_1000X200",""
"http://digitalbuildingdata.tech/nlcs/def/18834b1f-89ba-4817-a275-f77d6dc4e873","KANTOPSLUITING","SVH","V","2866","V-SVH-KANTOPSLUITING_STOOTBAND_VLAK_ROND_1000X200","KANTOPSLUITING_STOOTBAND_VLAK_ROND_1000X200",""
"http://digitalbuildingdata.tech/nlcs/def/71cc7e23-fe91-44cc-b1cd-2a1716cfe46f","KANTOPSLUITING","SVH","V","2867","V-SVH-KANTOPSLUITING_STOOTBAND_VLAK_VLAK_1000X200","KANTOPSLUITING_STOOTBAND_VLAK_VLAK_1000X200",""
"http://digitalbuildingdata.tech/nlcs/def/a51b6f01-dc32-4739-9849-0cdaa2a9c19a","KANTOPSLUITING","SVH","B","2892","B-SVH-KANTOPSLUITING_ROTONDE_425 500X500-D","KANTOPSLUITING_ROTONDE_425 500X500","D"
"http://digitalbuildingdata.tech/nlcs/def/1699748a-2846-4a63-bb36-1fc70deebd18","KANTOPSLUITING","SVH","","2893","SVH-KANTOPSLUITING_ROTONDE_425 500X500-D","KANTOPSLUITING_ROTONDE_425 500X500","D"
"http://digitalbuildingdata.tech/nlcs/def/e2a2de7d-4b3c-4c67-8367-399f9f08de35","KANTOPSLUITING","SVH","B","2894","B-SVH-KANTOPSLUITING_ROTONDE_500 570X425 500-D","KANTOPSLUITING_ROTONDE_500 570X425 500","D"
"http://digitalbuildingdata.tech/nlcs/def/d92259c5-1ecf-40fb-b6a0-8a22a72c317e","KANTOPSLUITING","SVH","","2895","SVH-KANTOPSLUITING_ROTONDE_500 570X425 500-D","KANTOPSLUITING_ROTONDE_500 570X425 500","D"
"http://digitalbuildingdata.tech/nlcs/def/c10d1a41-fced-4098-bf47-43ab3879534b","VERKEERSTEGEL","SVH","B","2924","B-SVH-VERKEERSTEGEL_600X600_BERMKANTTEGEL","VERKEERSTEGEL_600X600_BERMKANTTEGEL",""
"http://digitalbuildingdata.tech/nlcs/def/6a2f8f09-a800-4258-926b-cb8a480dbf4e","VERKEERSTEGEL","SVH","B","2925","B-SVH-VERKEERSTEGEL_1200X600_BERMKANTTEGEL","VERKEERSTEGEL_1200X600_BERMKANTTEGEL",""
"http://digitalbuildingdata.tech/nlcs/def/f738bcf2-1983-4ad5-af19-a24528ff8563","VERKEERSTEGEL","SVH","B","2926","B-SVH-VERKEERSTEGEL_1200X600_BERMKANTTEGEL_RELIEF","VERKEERSTEGEL_1200X600_BERMKANTTEGEL_RELIEF",""
"http://digitalbuildingdata.tech/nlcs/def/c7405f28-2c76-4dd0-825e-bb83567e29d0","VERKEERSTEGEL","SVH","","2927","SVH-VERKEERSTEGEL_600X600_BERMKANTTEGEL","VERKEERSTEGEL_600X600_BERMKANTTEGEL",""
"http://digitalbuildingdata.tech/nlcs/def/9655c12b-97b8-4781-813f-8f9d2625a9ef","VERKEERSTEGEL","SVH","","2928","SVH-VERKEERSTEGEL_1200X600_BERMKANTTEGEL","VERKEERSTEGEL_1200X600_BERMKANTTEGEL",""
"http://digitalbuildingdata.tech/nlcs/def/e5121cdc-cc18-4064-819d-2012cc60159b","VERKEERSTEGEL","SVH","","2929","SVH-VERKEERSTEGEL_1200X600_BERMKANTTEGEL_RELIEF","VERKEERSTEGEL_1200X600_BERMKANTTEGEL_RELIEF",""
"http://digitalbuildingdata.tech/nlcs/def/89867ab2-9b85-4b1b-9140-9f021625b06e","VERKEERSTEGEL","SVH","V","2930","V-SVH-VERKEERSTEGEL_600X600_BERMKANTTEGEL","VERKEERSTEGEL_600X600_BERMKANTTEGEL",""
"http://digitalbuildingdata.tech/nlcs/def/ff301f59-b10d-428f-b702-a610f874d041","VERKEERSTEGEL","SVH","V","2931","V-SVH-VERKEERSTEGEL_1200X600_BERMKANTTEGEL","VERKEERSTEGEL_1200X600_BERMKANTTEGEL",""
"http://digitalbuildingdata.tech/nlcs/def/2aa287a4-e3c5-452a-8473-937e72d2a151","VERKEERSTEGEL","SVH","V","2932","V-SVH-VERKEERSTEGEL_1200X600_BERMKANTTEGEL_RELIEF","VERKEERSTEGEL_1200X600_BERMKANTTEGEL_RELIEF",""
"http://digitalbuildingdata.tech/nlcs/def/8e0b4161-0553-469e-b8fd-7fb67935b8ac","SBS","SVH","","2933","SVH-SBS_DIKFORMAAT_BLOK-SO","SBS_DIKFORMAAT_BLOK","SO"
"http://digitalbuildingdata.tech/nlcs/def/61e673e7-c1ea-46e4-9a48-a64ae7f8c022","SBS","SVH","","2934","SVH-SBS_DIKFORMAAT_BLOK_KL-SO","SBS_DIKFORMAAT_BLOK_KL","SO"
"http://digitalbuildingdata.tech/nlcs/def/8ce2420b-de48-41f0-8a49-d8b2a5d4ccbc","GESLOTEN","SVH","","2966","SVH-GESLOTEN-SO","GESLOTEN","SO"
"http://digitalbuildingdata.tech/nlcs/def/2a38c648-cdd2-412a-8a8e-3892f18084b4","GESLOTEN","SVH","V","2967","V-SVH-GESLOTEN-SO","GESLOTEN","SO"
"http://digitalbuildingdata.tech/nlcs/def/b48ce4b9-4564-447c-b769-1f003a31a0c7","BOOMKRANSBAND","SVH","","3084","SVH-BOOMKRANSBAND_1500X1500","BOOMKRANSBAND_1500X1500",""
"http://digitalbuildingdata.tech/nlcs/def/5647db17-6046-4f06-911c-e5b9b50848dd","BOOMKRANSBAND","SVH","","3085","SVH-BOOMKRANSBAND_1800X1800","BOOMKRANSBAND_1800X1800",""
"http://digitalbuildingdata.tech/nlcs/def/667c576e-80c6-4b6e-91f5-1d4d02d8226b","BOOMKRANSBAND","SVH","V","3117","V-SVH-BOOMKRANSBAND_1500X1500","BOOMKRANSBAND_1500X1500",""
"http://digitalbuildingdata.tech/nlcs/def/2a188b1a-0c8f-4463-b2f4-593a122bc14a","BOOMKRANSBAND","SVH","V","3118","V-SVH-BOOMKRANSBAND_1800X1800","BOOMKRANSBAND_1800X1800",""
"http://digitalbuildingdata.tech/nlcs/def/da3ca123-5011-4143-90b6-25bd2e1e87fb","BETON","SVH","B","3154","B-SVH-BETONPLAAT_2X1","BETONPLAAT_2X1",""
"http://digitalbuildingdata.tech/nlcs/def/a23ea126-f34e-43b3-b4af-873243de3461","BETON","SVH","B","3155","B-SVH-BETONPLAAT_2X2","BETONPLAAT_2X2",""
"http://digitalbuildingdata.tech/nlcs/def/7b5739f3-bb46-41bd-81b0-697efceeb6d0","DREMPEL","SVH","B","3156","B-SVH-DREMPEL_PREFAB_GUMACON","DREMPEL_PREFAB_GUMACON",""
"http://digitalbuildingdata.tech/nlcs/def/99c84f19-bc59-4156-92a1-53918502e051","INRITELEMENT","SVH","B","3157","B-SVH-INRITELEMENT_130 150_180X450X1000_LINKS","INRITELEMENT_130 150_180X450X1000_LINKS",""
"http://digitalbuildingdata.tech/nlcs/def/075b6886-ed6c-4875-869e-d6f4a7671582","INRITELEMENT","SVH","B","3158","B-SVH-INRITELEMENT_130 150_180X450X1000_MIDDEN","INRITELEMENT_130 150_180X450X1000_MIDDEN",""
"http://digitalbuildingdata.tech/nlcs/def/0b616a40-c7ba-42fb-948a-34d9fb74aa92","INRITELEMENT","SVH","B","3159","B-SVH-INRITELEMENT_130 150_180X450X1000_RECHTS","INRITELEMENT_130 150_180X450X1000_RECHTS",""
"http://digitalbuildingdata.tech/nlcs/def/773de201-fd04-472f-92f2-f8a68be0bae5","INRITELEMENT","SVH","B","3160","B-SVH-INRITELEMENT_130 150_180X450X500_LINKS","INRITELEMENT_130 150_180X450X500_LINKS",""
"http://digitalbuildingdata.tech/nlcs/def/9e73035a-32f0-44aa-a100-744b89b31f6a","INRITELEMENT","SVH","B","3161","B-SVH-INRITELEMENT_130 150_180X450X500_MIDDEN","INRITELEMENT_130 150_180X450X500_MIDDEN",""
"http://digitalbuildingdata.tech/nlcs/def/c3641db3-4329-4d16-9660-08d2ca0358a9","INRITELEMENT","SVH","B","3162","B-SVH-INRITELEMENT_130 150_180X450X500_RECHTS","INRITELEMENT_130 150_180X450X500_RECHTS",""
"http://digitalbuildingdata.tech/nlcs/def/aa031bcb-d96b-4a6c-87cc-d895c0e2a786","INRITELEMENT","SVH","B","3163","B-SVH-INRITELEMENT_130 150_180X750X500_LINKS","INRITELEMENT_130 150_180X750X500_LINKS",""
"http://digitalbuildingdata.tech/nlcs/def/0f0f0c4e-08bd-4beb-8692-398017cfb7c8","INRITELEMENT","SVH","B","3164","B-SVH-INRITELEMENT_130 150_180X750X500_MIDDEN","INRITELEMENT_130 150_180X750X500_MIDDEN",""
"http://digitalbuildingdata.tech/nlcs/def/a0374a3e-05c7-420d-8ddf-ce59eb4fd9f9","INRITELEMENT","SVH","B","3165","B-SVH-INRITELEMENT_130 150_180X750X500_RECHTS","INRITELEMENT_130 150_180X750X500_RECHTS",""
"http://digitalbuildingdata.tech/nlcs/def/6fe37ed9-1fe1-486f-8a25-009c29eef1de","INRITELEMENT","SVH","B","3166","B-SVH-INRITELEMENT_130 150_200X450X500_LINKS","INRITELEMENT_130 150_200X450X500_LINKS",""
"http://digitalbuildingdata.tech/nlcs/def/a973a63c-c412-440a-840c-8efd3c543af2","INRITELEMENT","SVH","B","3167","B-SVH-INRITELEMENT_130 150_200X450X500_MIDDEN","INRITELEMENT_130 150_200X450X500_MIDDEN",""
"http://digitalbuildingdata.tech/nlcs/def/53a78cb4-2aeb-4b1e-87dc-2b562ed77fa8","INRITELEMENT","SVH","B","3168","B-SVH-INRITELEMENT_130 150_200X450X500_RECHTS","INRITELEMENT_130 150_200X450X500_RECHTS",""
"http://digitalbuildingdata.tech/nlcs/def/f0a86757-b7f5-4ed2-bc81-46eee944881b","INRITELEMENT","SVH","B","3169","B-SVH-INRITELEMENT_130 150_600X200X300_LINKS","INRITELEMENT_130 150_600X200X300_LINKS",""
"http://digitalbuildingdata.tech/nlcs/def/e0b375ea-fd21-4650-8092-b9ac0dee9636","INRITELEMENT","SVH","B","3170","B-SVH-INRITELEMENT_130 150_600X200X300_MIDDEN","INRITELEMENT_130 150_600X200X300_MIDDEN",""
"http://digitalbuildingdata.tech/nlcs/def/cf0dd622-0bdc-438a-b3c4-0df5b6a9eece","INRITELEMENT","SVH","B","3171","B-SVH-INRITELEMENT_130 150_600X200X300_RECHTS","INRITELEMENT_130 150_600X200X300_RECHTS",""
"http://digitalbuildingdata.tech/nlcs/def/1eab414b-34c3-40ea-8b9d-33caa5995191","INRITELEMENT","SVH","B","3172","B-SVH-INRITELEMENT_180 200_160X500X1000_HIJSOOG_LINKS","INRITELEMENT_180 200_160X500X1000_HIJSOOG_LINKS",""
"http://digitalbuildingdata.tech/nlcs/def/f323249c-5089-4d66-b8a7-d02c0939e084","INRITELEMENT","SVH","B","3173","B-SVH-INRITELEMENT_180 200_160X500X1000_HIJSOOG_MIDDEN","INRITELEMENT_180 200_160X500X1000_HIJSOOG_MIDDEN",""
"http://digitalbuildingdata.tech/nlcs/def/2a779d64-76f6-4d09-a67a-db555b03bf80","INRITELEMENT","SVH","B","3174","B-SVH-INRITELEMENT_180 200_160X500X1000_HIJSOOG_RECHTS","INRITELEMENT_180 200_160X500X1000_HIJSOOG_RECHTS",""
"http://digitalbuildingdata.tech/nlcs/def/5b79141a-36b8-4c72-bfd9-dd0bff31830a","INRITELEMENT","SVH","B","3175","B-SVH-INRITELEMENT_180 200_160X500X1000_LINKS","INRITELEMENT_180 200_160X500X1000_LINKS",""
"http://digitalbuildingdata.tech/nlcs/def/38cbbd78-a3b6-4029-9f42-35aaf3aac7c9","INRITELEMENT","SVH","B","3176","B-SVH-INRITELEMENT_180 200_160X500X1000_MIDDEN","INRITELEMENT_180 200_160X500X1000_MIDDEN",""
"http://digitalbuildingdata.tech/nlcs/def/3516ea06-4dff-4616-ba50-fe9ea2acc08a","INRITELEMENT","SVH","B","3177","B-SVH-INRITELEMENT_180 200_160X500X1000_RECHTS","INRITELEMENT_180 200_160X500X1000_RECHTS",""
"http://digitalbuildingdata.tech/nlcs/def/75797def-cb8b-4bcf-a71f-53d4f0b9fcbe","INRITELEMENT","SVH","B","3178","B-SVH-INRITELEMENT_180 200_160X500X500_LINKS","INRITELEMENT_180 200_160X500X500_LINKS",""
"http://digitalbuildingdata.tech/nlcs/def/092c458d-4476-4feb-9749-5cd55aee2f34","INRITELEMENT","SVH","B","3179","B-SVH-INRITELEMENT_180 200_160X500X500_MIDDEN","INRITELEMENT_180 200_160X500X500_MIDDEN",""
"http://digitalbuildingdata.tech/nlcs/def/caadfdeb-df09-4b42-9f17-9079cbaf1cf5","INRITELEMENT","SVH","B","3180","B-SVH-INRITELEMENT_180 200_160X500X500_RECHTS","INRITELEMENT_180 200_160X500X500_RECHTS",""
"http://digitalbuildingdata.tech/nlcs/def/93554488-4f86-4960-a0ad-de2fd5187757","INRITELEMENT","SVH","B","3181","B-SVH-INRITELEMENT_180 200_180X800X500_LINKS","INRITELEMENT_180 200_180X800X500_LINKS",""
"http://digitalbuildingdata.tech/nlcs/def/39eb49b9-cddd-40b7-9bd2-61379233b8d1","INRITELEMENT","SVH","B","3182","B-SVH-INRITELEMENT_180 200_180X800X500_MIDDEN","INRITELEMENT_180 200_180X800X500_MIDDEN",""
"http://digitalbuildingdata.tech/nlcs/def/325eb2a8-a000-4ba5-a0d7-72d4d789c8f6","INRITELEMENT","SVH","B","3183","B-SVH-INRITELEMENT_180 200_180X800X500_RECHTS","INRITELEMENT_180 200_180X800X500_RECHTS",""
"http://digitalbuildingdata.tech/nlcs/def/76b68f4d-2dcb-4773-b972-3cfeca80bcc7","INRITELEMENT","SVH","B","3184","B-SVH-INRITELEMENT_180 200_200X650X500_LINKS","INRITELEMENT_180 200_200X650X500_LINKS",""
"http://digitalbuildingdata.tech/nlcs/def/c9795742-c510-477b-b648-1c1eb35ef9a7","INRITELEMENT","SVH","B","3185","B-SVH-INRITELEMENT_180 200_200X650X500_MIDDEN","INRITELEMENT_180 200_200X650X500_MIDDEN",""
"http://digitalbuildingdata.tech/nlcs/def/b4022c4c-3987-4a61-9494-67dbbe6d370a","INRITELEMENT","SVH","B","3186","B-SVH-INRITELEMENT_180 200_200X650X500_RECHTS","INRITELEMENT_180 200_200X650X500_RECHTS",""
"http://digitalbuildingdata.tech/nlcs/def/a6cb18c0-bc01-4bce-b9e4-c13a328ac505","INRITELEMENT","SVH","B","3187","B-SVH-INRITELEMENT_280 300_280X800X800_LINKS","INRITELEMENT_280 300_280X800X800_LINKS",""
"http://digitalbuildingdata.tech/nlcs/def/569f0b33-de81-419d-af8a-b2eba8fc39ed","INRITELEMENT","SVH","B","3188","B-SVH-INRITELEMENT_280 300_280X800X800_MIDDEN","INRITELEMENT_280 300_280X800X800_MIDDEN",""
"http://digitalbuildingdata.tech/nlcs/def/b4f0e70a-3b8d-4ad7-8e33-7bac8e7e7300","INRITELEMENT","SVH","B","3189","B-SVH-INRITELEMENT_280 300_280X800X800_RECHTS","INRITELEMENT_280 300_280X800X800_RECHTS",""
"http://digitalbuildingdata.tech/nlcs/def/8cf898eb-18dc-456c-9a60-b98db32057a5","BETON","SVH","","3190","SVH-BETONPLAAT_2X1","BETONPLAAT_2X1",""
"http://digitalbuildingdata.tech/nlcs/def/c6a671f2-41db-4c9a-945b-8b8f2bc5e4e3","BETON","SVH","","3191","SVH-BETONPLAAT_2X2","BETONPLAAT_2X2",""
"http://digitalbuildingdata.tech/nlcs/def/2fdf7a6c-c9ac-44dc-b8d1-df6d0f142066","DREMPEL","SVH","","3192","SVH-DREMPEL_PREFAB_GUMACON","DREMPEL_PREFAB_GUMACON",""
"http://digitalbuildingdata.tech/nlcs/def/67424372-7f91-4b6e-81fe-4c2e4179b3f1","INRITELEMENT","SVH","","3193","SVH-INRITELEMENT_130 150_180X450X1000_LINKS","INRITELEMENT_130 150_180X450X1000_LINKS",""
"http://digitalbuildingdata.tech/nlcs/def/ae5f03bc-77c0-4b91-8675-e437f3210ffe","INRITELEMENT","SVH","","3194","SVH-INRITELEMENT_130 150_180X450X1000_MIDDEN","INRITELEMENT_130 150_180X450X1000_MIDDEN",""
"http://digitalbuildingdata.tech/nlcs/def/5ca08384-b85a-4673-8a9e-9a13c2fa4ead","INRITELEMENT","SVH","","3195","SVH-INRITELEMENT_130 150_180X450X1000_RECHTS","INRITELEMENT_130 150_180X450X1000_RECHTS",""
"http://digitalbuildingdata.tech/nlcs/def/50b59c98-9d18-4a29-bcc4-19523b0a8172","INRITELEMENT","SVH","","3196","SVH-INRITELEMENT_130 150_180X450X500_LINKS","INRITELEMENT_130 150_180X450X500_LINKS",""
"http://digitalbuildingdata.tech/nlcs/def/f32d69a4-b651-48ea-ac08-ea959a3e08ab","INRITELEMENT","SVH","","3197","SVH-INRITELEMENT_130 150_180X450X500_MIDDEN","INRITELEMENT_130 150_180X450X500_MIDDEN",""
"http://digitalbuildingdata.tech/nlcs/def/4013dd07-e494-498e-b12b-4f75e55a66ec","INRITELEMENT","SVH","","3198","SVH-INRITELEMENT_130 150_180X450X500_RECHTS","INRITELEMENT_130 150_180X450X500_RECHTS",""
"http://digitalbuildingdata.tech/nlcs/def/88ebabb2-31f3-4755-ab51-82554fcae4fb","INRITELEMENT","SVH","","3199","SVH-INRITELEMENT_130 150_180X750X500_LINKS","INRITELEMENT_130 150_180X750X500_LINKS",""
"http://digitalbuildingdata.tech/nlcs/def/30cbabe1-1c79-4a3f-a806-f88fcdfd985b","INRITELEMENT","SVH","","3200","SVH-INRITELEMENT_130 150_180X750X500_MIDDEN","INRITELEMENT_130 150_180X750X500_MIDDEN",""
"http://digitalbuildingdata.tech/nlcs/def/d60e6bb2-b32d-4c98-9ef0-db794ace4900","INRITELEMENT","SVH","","3201","SVH-INRITELEMENT_130 150_180X750X500_RECHTS","INRITELEMENT_130 150_180X750X500_RECHTS",""
"http://digitalbuildingdata.tech/nlcs/def/163e9c1d-848d-4e88-88b9-ed4aeb07f34c","INRITELEMENT","SVH","","3202","SVH-INRITELEMENT_130 150_200X450X500_LINKS","INRITELEMENT_130 150_200X450X500_LINKS",""
"http://digitalbuildingdata.tech/nlcs/def/4d7da5d3-fa26-4452-8843-59e5af79281a","INRITELEMENT","SVH","","3203","SVH-INRITELEMENT_130 150_200X450X500_MIDDEN","INRITELEMENT_130 150_200X450X500_MIDDEN",""
"http://digitalbuildingdata.tech/nlcs/def/4f2f4728-5f3c-48da-8fb8-2e5dc1c03a7b","INRITELEMENT","SVH","","3204","SVH-INRITELEMENT_130 150_200X450X500_RECHTS","INRITELEMENT_130 150_200X450X500_RECHTS",""
"http://digitalbuildingdata.tech/nlcs/def/c22e7cf7-c5d4-4274-93e4-15674e522213","INRITELEMENT","SVH","","3205","SVH-INRITELEMENT_130 150_600X200X300_LINKS","INRITELEMENT_130 150_600X200X300_LINKS",""
"http://digitalbuildingdata.tech/nlcs/def/105c6fc5-dafa-4f40-bf91-4c394aebb5d5","INRITELEMENT","SVH","","3206","SVH-INRITELEMENT_130 150_600X200X300_MIDDEN","INRITELEMENT_130 150_600X200X300_MIDDEN",""
"http://digitalbuildingdata.tech/nlcs/def/d0858cad-4488-467a-8bbb-904a51464d2a","INRITELEMENT","SVH","","3207","SVH-INRITELEMENT_130 150_600X200X300_RECHTS","INRITELEMENT_130 150_600X200X300_RECHTS",""
"http://digitalbuildingdata.tech/nlcs/def/3335f17e-d7c2-4bde-a195-cc1563d96b0b","INRITELEMENT","SVH","","3208","SVH-INRITELEMENT_180 200_160X500X1000_HIJSOOG_LINKS","INRITELEMENT_180 200_160X500X1000_HIJSOOG_LINKS",""
"http://digitalbuildingdata.tech/nlcs/def/9852b70a-d864-46b1-bb6e-08c6a5b1ea04","INRITELEMENT","SVH","","3209","SVH-INRITELEMENT_180 200_160X500X1000_HIJSOOG_MIDDEN","INRITELEMENT_180 200_160X500X1000_HIJSOOG_MIDDEN",""
"http://digitalbuildingdata.tech/nlcs/def/07804db2-6685-4d9c-95a5-b9cb4e8f56b7","INRITELEMENT","SVH","","3210","SVH-INRITELEMENT_180 200_160X500X1000_HIJSOOG_RECHTS","INRITELEMENT_180 200_160X500X1000_HIJSOOG_RECHTS",""
"http://digitalbuildingdata.tech/nlcs/def/2d1f97bc-f01d-4783-9694-1b119e9f4b01","INRITELEMENT","SVH","","3211","SVH-INRITELEMENT_180 200_160X500X1000_LINKS","INRITELEMENT_180 200_160X500X1000_LINKS",""
"http://digitalbuildingdata.tech/nlcs/def/d84a6427-d960-4fb9-9658-d7fe047b502d","INRITELEMENT","SVH","","3212","SVH-INRITELEMENT_180 200_160X500X1000_MIDDEN","INRITELEMENT_180 200_160X500X1000_MIDDEN",""
"http://digitalbuildingdata.tech/nlcs/def/9dc3a8da-65e9-4751-9d83-9c68e4f47d0e","INRITELEMENT","SVH","","3213","SVH-INRITELEMENT_180 200_160X500X1000_RECHTS","INRITELEMENT_180 200_160X500X1000_RECHTS",""
"http://digitalbuildingdata.tech/nlcs/def/fb0267e1-5513-4ebe-8511-74603cdd504c","INRITELEMENT","SVH","","3214","SVH-INRITELEMENT_180 200_160X500X500_LINKS","INRITELEMENT_180 200_160X500X500_LINKS",""
"http://digitalbuildingdata.tech/nlcs/def/4054fec7-e0aa-4ec7-9fc0-5683ec2fbf23","INRITELEMENT","SVH","","3215","SVH-INRITELEMENT_180 200_160X500X500_MIDDEN","INRITELEMENT_180 200_160X500X500_MIDDEN",""
"http://digitalbuildingdata.tech/nlcs/def/ab251414-b7ba-498e-b33c-9f332ca9ca4c","INRITELEMENT","SVH","","3216","SVH-INRITELEMENT_180 200_160X500X500_RECHTS","INRITELEMENT_180 200_160X500X500_RECHTS",""
"http://digitalbuildingdata.tech/nlcs/def/ef6e1680-70b9-495d-a3c1-cdf76a8ec2fa","INRITELEMENT","SVH","","3217","SVH-INRITELEMENT_180 200_180X800X500_LINKS","INRITELEMENT_180 200_180X800X500_LINKS",""
"http://digitalbuildingdata.tech/nlcs/def/fa10afc1-6c1e-4e22-a70d-e18fdad90715","INRITELEMENT","SVH","","3218","SVH-INRITELEMENT_180 200_180X800X500_MIDDEN","INRITELEMENT_180 200_180X800X500_MIDDEN",""
"http://digitalbuildingdata.tech/nlcs/def/dedff036-b338-47b0-a557-e0f23fb44f7d","INRITELEMENT","SVH","","3219","SVH-INRITELEMENT_180 200_180X800X500_RECHTS","INRITELEMENT_180 200_180X800X500_RECHTS",""
"http://digitalbuildingdata.tech/nlcs/def/963c8955-969b-4b11-9332-05dfc8d246bc","INRITELEMENT","SVH","","3220","SVH-INRITELEMENT_180 200_200X650X500_LINKS","INRITELEMENT_180 200_200X650X500_LINKS",""
"http://digitalbuildingdata.tech/nlcs/def/0afa5766-c879-4785-abce-acc3cf37ab97","INRITELEMENT","SVH","","3221","SVH-INRITELEMENT_180 200_200X650X500_MIDDEN","INRITELEMENT_180 200_200X650X500_MIDDEN",""
"http://digitalbuildingdata.tech/nlcs/def/55065a3e-f7af-4b39-b1b3-4dfb8e816fb8","INRITELEMENT","SVH","","3222","SVH-INRITELEMENT_180 200_200X650X500_RECHTS","INRITELEMENT_180 200_200X650X500_RECHTS",""
"http://digitalbuildingdata.tech/nlcs/def/9d4d9e24-198f-4075-a4fe-d63b61faf5cd","INRITELEMENT","SVH","","3223","SVH-INRITELEMENT_280 300_280X800X800_LINKS","INRITELEMENT_280 300_280X800X800_LINKS",""
"http://digitalbuildingdata.tech/nlcs/def/b9d34502-768b-403b-9c0c-11ae9bc54a9c","INRITELEMENT","SVH","","3224","SVH-INRITELEMENT_280 300_280X800X800_MIDDEN","INRITELEMENT_280 300_280X800X800_MIDDEN",""
"http://digitalbuildingdata.tech/nlcs/def/a59a67c2-7585-4379-b047-4b34d7f7e56f","INRITELEMENT","SVH","","3225","SVH-INRITELEMENT_280 300_280X800X800_RECHTS","INRITELEMENT_280 300_280X800X800_RECHTS",""
"http://digitalbuildingdata.tech/nlcs/def/2d9d0818-1788-44ca-88d9-c5656dc432ef","GOOT","SVH","","3226","SVH-GOOT_LIJNGOOT-D","GOOT_LIJNGOOT","D"
"http://digitalbuildingdata.tech/nlcs/def/1ec84cd5-c53d-46a0-8508-16abae2d50eb","GOOT","SVH","","3227","SVH-GOOT_MOLGOOT-D","GOOT_MOLGOOT","D"
"http://digitalbuildingdata.tech/nlcs/def/0c69827a-d743-4190-88fd-c4d248e4e8af","GOOT","SVH","","3228","SVH-GOOT_OPEN GOOT-D","GOOT_OPEN GOOT","D"
"http://digitalbuildingdata.tech/nlcs/def/d1931b19-18ca-40ae-a327-2e7ee85decc2","GOOT","SVH","","3229","SVH-GOOT_POLYDRAIN-D","GOOT_POLYDRAIN","D"
"http://digitalbuildingdata.tech/nlcs/def/69bb5bcc-db07-4859-9b49-0a889a1c95a1","GOOT","SVH","","3230","SVH-GOOT_TEGEL-D","GOOT_TEGEL","D"
"http://digitalbuildingdata.tech/nlcs/def/99e80ab4-5fd3-4dd1-9888-5e3511c2d076","KANTOPSLUITING","SVH","B","3233","B-SVH-KANTOPSLUITING_GAZONBAND_50 150X70X500-D","KANTOPSLUITING_GAZONBAND_50 150X70X500","D"
"http://digitalbuildingdata.tech/nlcs/def/480f0773-9348-41f6-9e19-479a6c6fbcf5","KANTOPSLUITING","SVH","B","3237","B-SVH-KANTOPSLUITING_OPSLUITBAND_70 200-D","KANTOPSLUITING_OPSLUITBAND_70 200","D"
"http://digitalbuildingdata.tech/nlcs/def/0e4ddca4-8cdb-48f2-a065-265b7cb0943d","KANTOPSLUITING","SVH","B","3238","B-SVH-KANTOPSLUITING_SCHEIDINGSBAND_110 220-D","KANTOPSLUITING_SCHEIDINGSBAND_110 220","D"
"http://digitalbuildingdata.tech/nlcs/def/9f9b3d2b-1890-447a-8930-04a4473085cb","KANTOPSLUITING","SVH","B","3239","B-SVH-KANTOPSLUITING_SCHEIDINGSBAND_110 250-D","KANTOPSLUITING_SCHEIDINGSBAND_110 250","D"
"http://digitalbuildingdata.tech/nlcs/def/ca36e790-4d79-4a30-b984-fe8a702e69e2","KANTOPSLUITING","SVH","B","3240","B-SVH-KANTOPSLUITING_SCHEIDINGSBAND_280 300-D","KANTOPSLUITING_SCHEIDINGSBAND_280 300","D"
"http://digitalbuildingdata.tech/nlcs/def/a34d69dc-41e6-4642-b4ff-0c112b6a9267","KANTOPSLUITING","SVH","B","3241","B-SVH-KANTOPSLUITING_SCHEIDINGSBAND_300X200-D","KANTOPSLUITING_SCHEIDINGSBAND_300X200","D"
"http://digitalbuildingdata.tech/nlcs/def/c6523632-261b-4d30-a0c8-202f17771bc1","KANTOPSLUITING","SVH","B","3243","B-SVH-KANTOPSLUITING_TROTTOIRBAND_130 250-D","KANTOPSLUITING_TROTTOIRBAND_130 250","D"
"http://digitalbuildingdata.tech/nlcs/def/1b41e734-0ad2-4763-be6f-df8fe247734a","TEGEL","SVH","","3254","SVH-TEGEL_FLOWBLOCK","TEGEL_FLOWBLOCK",""
"http://digitalbuildingdata.tech/nlcs/def/d6e47459-b89d-4c3e-bc89-55fb5271cb54","TEGEL","SVH","","3255","SVH-TEGEL_ZINLOOSGEWELD","TEGEL_ZINLOOSGEWELD",""
"http://digitalbuildingdata.tech/nlcs/def/d9ff17d9-1316-49df-b808-f5d9575e324a","GRAVEL","SVH","","3256","SVH-GRAVEL-SO","GRAVEL","SO"
"http://digitalbuildingdata.tech/nlcs/def/c003d926-3181-4977-a669-e660b036feef","GRAVEL","SVH","V","3257","V-SVH-GRAVEL-SO","GRAVEL","SO"
"http://digitalbuildingdata.tech/nlcs/def/8c4c327c-8b01-4df3-ab0c-ad1a27cfb0f4","BETON","SVH","V","3258","V-SVH-BETONPLAAT_2X1","BETONPLAAT_2X1",""
"http://digitalbuildingdata.tech/nlcs/def/b10972d0-87c7-45de-a825-68a972b83e10","BETON","SVH","V","3259","V-SVH-BETONPLAAT_2X2","BETONPLAAT_2X2",""
"http://digitalbuildingdata.tech/nlcs/def/9920d685-da6b-4c67-a919-8f028a497e7d","DREMPEL","SVH","V","3260","V-SVH-DREMPEL_PREFAB_GUMACON","DREMPEL_PREFAB_GUMACON",""
"http://digitalbuildingdata.tech/nlcs/def/56ee21d4-641a-45f0-aa08-4859cc5d93db","INRITELEMENT","SVH","V","3261","V-SVH-INRITELEMENT_130 150_180X450X1000_LINKS","INRITELEMENT_130 150_180X450X1000_LINKS",""
"http://digitalbuildingdata.tech/nlcs/def/b156248d-13a2-4e89-aa8c-a17a4186270e","INRITELEMENT","SVH","V","3262","V-SVH-INRITELEMENT_130 150_180X450X1000_MIDDEN","INRITELEMENT_130 150_180X450X1000_MIDDEN",""
"http://digitalbuildingdata.tech/nlcs/def/60e2adb7-a4c2-48f7-b40a-3f717420255b","INRITELEMENT","SVH","V","3263","V-SVH-INRITELEMENT_130 150_180X450X1000_RECHTS","INRITELEMENT_130 150_180X450X1000_RECHTS",""
"http://digitalbuildingdata.tech/nlcs/def/b0969393-00bb-43fb-99a7-9b7fd084727c","INRITELEMENT","SVH","V","3264","V-SVH-INRITELEMENT_130 150_180X450X500_LINKS","INRITELEMENT_130 150_180X450X500_LINKS",""
"http://digitalbuildingdata.tech/nlcs/def/8c0e1584-c9ba-49e3-9be7-66b20aeb5d50","INRITELEMENT","SVH","V","3265","V-SVH-INRITELEMENT_130 150_180X450X500_MIDDEN","INRITELEMENT_130 150_180X450X500_MIDDEN",""
"http://digitalbuildingdata.tech/nlcs/def/ad56d1f9-b293-4663-90ba-b020b3c8be1b","INRITELEMENT","SVH","V","3266","V-SVH-INRITELEMENT_130 150_180X450X500_RECHTS","INRITELEMENT_130 150_180X450X500_RECHTS",""
"http://digitalbuildingdata.tech/nlcs/def/26fab702-d7a9-4327-b3be-ac9a3cda7f64","INRITELEMENT","SVH","V","3267","V-SVH-INRITELEMENT_130 150_180X750X500_LINKS","INRITELEMENT_130 150_180X750X500_LINKS",""
"http://digitalbuildingdata.tech/nlcs/def/f95e120e-04b1-4ad2-8116-bcb25310d6b5","INRITELEMENT","SVH","V","3268","V-SVH-INRITELEMENT_130 150_180X750X500_MIDDEN","INRITELEMENT_130 150_180X750X500_MIDDEN",""
"http://digitalbuildingdata.tech/nlcs/def/d4353597-860c-4b93-a04e-c83b3f6560fc","INRITELEMENT","SVH","V","3269","V-SVH-INRITELEMENT_130 150_180X750X500_RECHTS","INRITELEMENT_130 150_180X750X500_RECHTS",""
"http://digitalbuildingdata.tech/nlcs/def/b434e8e0-557c-4ae2-8f77-1b0460fbc887","INRITELEMENT","SVH","V","3270","V-SVH-INRITELEMENT_130 150_200X450X500_LINKS","INRITELEMENT_130 150_200X450X500_LINKS",""
"http://digitalbuildingdata.tech/nlcs/def/9841d76d-1694-41d0-9163-99530c8c57c9","INRITELEMENT","SVH","V","3271","V-SVH-INRITELEMENT_130 150_200X450X500_MIDDEN","INRITELEMENT_130 150_200X450X500_MIDDEN",""
"http://digitalbuildingdata.tech/nlcs/def/8ceb91a3-362d-40d5-a50e-23780576b88c","INRITELEMENT","SVH","V","3272","V-SVH-INRITELEMENT_130 150_200X450X500_RECHTS","INRITELEMENT_130 150_200X450X500_RECHTS",""
"http://digitalbuildingdata.tech/nlcs/def/9f0c5390-ca63-441e-947a-0a517adc21b9","INRITELEMENT","SVH","V","3273","V-SVH-INRITELEMENT_130 150_600X200X300_LINKS","INRITELEMENT_130 150_600X200X300_LINKS",""
"http://digitalbuildingdata.tech/nlcs/def/bc345722-8068-421a-be37-a0b796c47ce9","INRITELEMENT","SVH","V","3274","V-SVH-INRITELEMENT_130 150_600X200X300_MIDDEN","INRITELEMENT_130 150_600X200X300_MIDDEN",""
"http://digitalbuildingdata.tech/nlcs/def/04e46276-331b-475a-b84d-b6510bc399c6","INRITELEMENT","SVH","V","3275","V-SVH-INRITELEMENT_130 150_600X200X300_RECHTS","INRITELEMENT_130 150_600X200X300_RECHTS",""
"http://digitalbuildingdata.tech/nlcs/def/dfed4e06-62a0-44a7-8560-e1eaa2621976","INRITELEMENT","SVH","V","3276","V-SVH-INRITELEMENT_180 200_160X500X1000_HIJSOOG_LINKS","INRITELEMENT_180 200_160X500X1000_HIJSOOG_LINKS",""
"http://digitalbuildingdata.tech/nlcs/def/6b6bcc17-fc63-41ca-8ce9-e04bc29cf259","INRITELEMENT","SVH","V","3277","V-SVH-INRITELEMENT_180 200_160X500X1000_HIJSOOG_MIDDEN","INRITELEMENT_180 200_160X500X1000_HIJSOOG_MIDDEN",""
"http://digitalbuildingdata.tech/nlcs/def/d2c2f0ee-664a-40f2-bc0f-29c61c023c5b","INRITELEMENT","SVH","V","3278","V-SVH-INRITELEMENT_180 200_160X500X1000_HIJSOOG_RECHTS","INRITELEMENT_180 200_160X500X1000_HIJSOOG_RECHTS",""
"http://digitalbuildingdata.tech/nlcs/def/674dd3e5-c28e-4a6d-b9d4-9de9be40e08a","INRITELEMENT","SVH","V","3279","V-SVH-INRITELEMENT_180 200_160X500X1000_LINKS","INRITELEMENT_180 200_160X500X1000_LINKS",""
"http://digitalbuildingdata.tech/nlcs/def/e6cd10fd-14c1-42e9-8dd5-f89db3e495bf","INRITELEMENT","SVH","V","3280","V-SVH-INRITELEMENT_180 200_160X500X1000_MIDDEN","INRITELEMENT_180 200_160X500X1000_MIDDEN",""
"http://digitalbuildingdata.tech/nlcs/def/4b8c8b0f-daef-4c93-bffb-52faab0c82b8","INRITELEMENT","SVH","V","3281","V-SVH-INRITELEMENT_180 200_160X500X1000_RECHTS","INRITELEMENT_180 200_160X500X1000_RECHTS",""
"http://digitalbuildingdata.tech/nlcs/def/39fbba04-2fc0-430a-853b-9dc7fe865f25","INRITELEMENT","SVH","V","3282","V-SVH-INRITELEMENT_180 200_160X500X500_LINKS","INRITELEMENT_180 200_160X500X500_LINKS",""
"http://digitalbuildingdata.tech/nlcs/def/29b57d25-39e2-4c6c-97e0-6c402112eca1","INRITELEMENT","SVH","V","3283","V-SVH-INRITELEMENT_180 200_160X500X500_MIDDEN","INRITELEMENT_180 200_160X500X500_MIDDEN",""
"http://digitalbuildingdata.tech/nlcs/def/a6a5a21e-74d3-4909-bb63-10c0a02d2d4d","INRITELEMENT","SVH","V","3284","V-SVH-INRITELEMENT_180 200_160X500X500_RECHTS","INRITELEMENT_180 200_160X500X500_RECHTS",""
"http://digitalbuildingdata.tech/nlcs/def/c581396c-7ee3-4a01-b0a7-60f32c39b13b","INRITELEMENT","SVH","V","3285","V-SVH-INRITELEMENT_180 200_180X800X500_LINKS","INRITELEMENT_180 200_180X800X500_LINKS",""
"http://digitalbuildingdata.tech/nlcs/def/fc64e3eb-f5e6-466e-9170-85e7f4a2661d","INRITELEMENT","SVH","V","3286","V-SVH-INRITELEMENT_180 200_180X800X500_MIDDEN","INRITELEMENT_180 200_180X800X500_MIDDEN",""
"http://digitalbuildingdata.tech/nlcs/def/74428aaa-1518-498f-9f7f-c8345bd8cef2","INRITELEMENT","SVH","V","3287","V-SVH-INRITELEMENT_180 200_180X800X500_RECHTS","INRITELEMENT_180 200_180X800X500_RECHTS",""
"http://digitalbuildingdata.tech/nlcs/def/d663fedc-21fb-43bd-89e7-146725c5a3c6","INRITELEMENT","SVH","V","3288","V-SVH-INRITELEMENT_180 200_200X650X500_LINKS","INRITELEMENT_180 200_200X650X500_LINKS",""
"http://digitalbuildingdata.tech/nlcs/def/0fc06ad5-2722-4383-b277-8a2e5e78e6cf","INRITELEMENT","SVH","V","3289","V-SVH-INRITELEMENT_180 200_200X650X500_MIDDEN","INRITELEMENT_180 200_200X650X500_MIDDEN",""
"http://digitalbuildingdata.tech/nlcs/def/4acd06fa-4767-40bc-adc2-d0d551b6dd5d","INRITELEMENT","SVH","V","3290","V-SVH-INRITELEMENT_180 200_200X650X500_RECHTS","INRITELEMENT_180 200_200X650X500_RECHTS",""
"http://digitalbuildingdata.tech/nlcs/def/1a143024-ed25-4902-b356-d469c5589500","INRITELEMENT","SVH","V","3291","V-SVH-INRITELEMENT_280 300_280X800X800_LINKS","INRITELEMENT_280 300_280X800X800_LINKS",""
"http://digitalbuildingdata.tech/nlcs/def/5237fe71-2f69-4fa6-ad0e-2f3ce567a1e0","INRITELEMENT","SVH","V","3292","V-SVH-INRITELEMENT_280 300_280X800X800_MIDDEN","INRITELEMENT_280 300_280X800X800_MIDDEN",""
"http://digitalbuildingdata.tech/nlcs/def/621513f5-913f-4cd8-b296-5f39982786c0","INRITELEMENT","SVH","V","3293","V-SVH-INRITELEMENT_280 300_280X800X800_RECHTS","INRITELEMENT_280 300_280X800X800_RECHTS",""
"http://digitalbuildingdata.tech/nlcs/def/75816b6f-c20c-44fc-a772-330011aa7f2a","KANTOPSLUITING","SVH","B","3341","B-SVH-KANTOPSLUITING_LEICONBAND-D","KANTOPSLUITING_LEICONBAND","D"
"http://digitalbuildingdata.tech/nlcs/def/9ac9a4a6-2b0c-4d24-9f3c-3e776b46cc5f","KANTOPSLUITING","SVH","","3342","SVH-KANTOPSLUITING_LEICONBAND-D","KANTOPSLUITING_LEICONBAND","D"
"http://digitalbuildingdata.tech/nlcs/def/592af0d8-951f-4844-82c0-f8316e4384e8","KANTOPSLUITING","SVH","B","3343","B-SVH-KANTOPSLUITING_BUSHALTEBAND-D","KANTOPSLUITING_BUSHALTEBAND","D"
"http://digitalbuildingdata.tech/nlcs/def/d400d56b-4378-4655-846c-59e5de011030","KANTOPSLUITING","SVH","","3344","SVH-KANTOPSLUITING_BUSHALTEBAND-D","KANTOPSLUITING_BUSHALTEBAND","D"
"http://digitalbuildingdata.tech/nlcs/def/cbace80e-7eb1-48b9-a802-48df2554bef3","KANTOPSLUITING","SVH","","3346","SVH-KANTOPSLUITING_GAZONBAND_50 150X70X500-D","KANTOPSLUITING_GAZONBAND_50 150X70X500","D"
"http://digitalbuildingdata.tech/nlcs/def/2419c651-f16c-4a04-9778-f885ff95d38e","KANTOPSLUITING","SVH","","3347","SVH-KANTOPSLUITING_OPSLUITBAND_70 200-D","KANTOPSLUITING_OPSLUITBAND_70 200","D"
"http://digitalbuildingdata.tech/nlcs/def/63aa9c79-cb41-4fc7-81f2-20c8ebc5b89c","KANTOPSLUITING","SVH","","3348","SVH-KANTOPSLUITING_TROTTOIRBAND_130 250-D","KANTOPSLUITING_TROTTOIRBAND_130 250","D"
"http://digitalbuildingdata.tech/nlcs/def/9e47df80-8dcd-45a0-99da-bba6cd77ccff","KANTOPSLUITING","SVH","","3349","SVH-KANTOPSLUITING_SCHEIDINGSBAND_110 220-D","KANTOPSLUITING_SCHEIDINGSBAND_110 220","D"
"http://digitalbuildingdata.tech/nlcs/def/30322488-deb7-4c81-8dde-31b00b51ef3b","KANTOPSLUITING","SVH","","3350","SVH-KANTOPSLUITING_SCHEIDINGSBAND_110 250-D","KANTOPSLUITING_SCHEIDINGSBAND_110 250","D"
"http://digitalbuildingdata.tech/nlcs/def/e60fdf27-825f-46e9-9d8f-2e4991cb41af","KANTOPSLUITING","SVH","","3351","SVH-KANTOPSLUITING_SCHEIDINGSBAND_280 300-D","KANTOPSLUITING_SCHEIDINGSBAND_280 300","D"
"http://digitalbuildingdata.tech/nlcs/def/99cfdd7a-3b74-4035-9f3e-a566dfeeb3cb","KANTOPSLUITING","SVH","","3352","SVH-KANTOPSLUITING_SCHEIDINGSBAND_300X200-D","KANTOPSLUITING_SCHEIDINGSBAND_300X200","D"
"http://digitalbuildingdata.tech/nlcs/def/740fa81d-136b-4cb0-bd35-a6f9fad11933","DREMPEL","SVH","T","3353","T-SVH-DREMPEL_PREFAB_GUMACON","DREMPEL_PREFAB_GUMACON",""
"http://digitalbuildingdata.tech/nlcs/def/e44dc560-f87a-42d2-832f-51ec8e61eea4","KANTOPSLUITING","SVH","","3369","SVH-KANTOPSLUITING_GELEIDEBAND_50_200X150-D","KANTOPSLUITING_GELEIDEBAND_50_200X150","D"
"http://digitalbuildingdata.tech/nlcs/def/290a708d-a130-4c1c-984a-f54f6c4166ea","KANTOPSLUITING","SVH","B","3370","B-SVH-KANTOPSLUITING_GELEIDEBAND_50_200X150-D","KANTOPSLUITING_GELEIDEBAND_50_200X150","D"
"http://digitalbuildingdata.tech/nlcs/def/e0577bed-38af-47c2-b194-97f5cd972cdd","KANTOPSLUITING","SVH","","3371","SVH-KANTOPSLUITING_GELEIDEBAND_50_200X200-D","KANTOPSLUITING_GELEIDEBAND_50_200X200","D"
"http://digitalbuildingdata.tech/nlcs/def/70c529d5-e5a7-4ddc-a092-1b641480b0d2","KANTOPSLUITING","SVH","B","3372","B-SVH-KANTOPSLUITING_GELEIDEBAND_50_200X200-D","KANTOPSLUITING_GELEIDEBAND_50_200X200","D"
"http://digitalbuildingdata.tech/nlcs/def/ea8caa0e-75da-406a-b26b-9a72a1e62b80","KANTOPSLUITING","SVH","","3373","SVH-KANTOPSLUITING_GELEIDEBAND_60_120X100-D","KANTOPSLUITING_GELEIDEBAND_60_120X100","D"
"http://digitalbuildingdata.tech/nlcs/def/253bf28a-7f33-4c1c-ad30-214a05ad7faf","KANTOPSLUITING","SVH","B","3374","B-SVH-KANTOPSLUITING_GELEIDEBAND_60_120X100-D","KANTOPSLUITING_GELEIDEBAND_60_120X100","D"
"http://digitalbuildingdata.tech/nlcs/def/4cc8d227-3458-4fc1-9ab0-d3b3148260ac","KANTOPSLUITING","SVH","","3375","SVH-KANTOPSLUITING_GELEIDEBAND_60_120X200-D","KANTOPSLUITING_GELEIDEBAND_60_120X200","D"
"http://digitalbuildingdata.tech/nlcs/def/7446bc4e-9b81-4a41-bc44-332302be0ac8","KANTOPSLUITING","SVH","B","3376","B-SVH-KANTOPSLUITING_GELEIDEBAND_60_120X200-D","KANTOPSLUITING_GELEIDEBAND_60_120X200","D"
"http://digitalbuildingdata.tech/nlcs/def/1aa64ad6-8114-4e50-b25a-5825e8cd1066","KANTOPSLUITING","SVH","","3377","SVH-KANTOPSLUITING_GELEIDEBAND_60_130 150X250-D","KANTOPSLUITING_GELEIDEBAND_60_130 150X250","D"
"http://digitalbuildingdata.tech/nlcs/def/fa7fe7a0-659b-4b8e-8eca-7ab78e9d85a0","KANTOPSLUITING","SVH","B","3378","B-SVH-KANTOPSLUITING_GELEIDEBAND_60_130 150X250-D","KANTOPSLUITING_GELEIDEBAND_60_130 150X250","D"
"http://digitalbuildingdata.tech/nlcs/def/72f5b664-00fe-44ce-9329-ed6d6fdc6b97","KANTOPSLUITING","SVH","","3379","SVH-KANTOPSLUITING_GELEIDEBAND_60_180 200X250-D","KANTOPSLUITING_GELEIDEBAND_60_180 200X250","D"
"http://digitalbuildingdata.tech/nlcs/def/e6a29bcc-422f-4df5-8e4d-239bf05375fa","KANTOPSLUITING","SVH","B","3380","B-SVH-KANTOPSLUITING_GELEIDEBAND_60_180 200X250-D","KANTOPSLUITING_GELEIDEBAND_60_180 200X250","D"
"http://digitalbuildingdata.tech/nlcs/def/004980f2-0446-444c-8b01-3bd159060484","KANTOPSLUITING","SVH","","3381","SVH-KANTOPSLUITING_GELEIDEBAND_70_150X250-D","KANTOPSLUITING_GELEIDEBAND_70_150X250","D"
"http://digitalbuildingdata.tech/nlcs/def/5a39ea23-f8b6-4ebd-b7f1-1221f4b05936","KANTOPSLUITING","SVH","B","3382","B-SVH-KANTOPSLUITING_GELEIDEBAND_70_150X250-D","KANTOPSLUITING_GELEIDEBAND_70_150X250","D"
"http://digitalbuildingdata.tech/nlcs/def/e82b950b-3624-4800-8b55-9af33768b8f0","KANTOPSLUITING","SVH","","3383","SVH-KANTOPSLUITING_GELEIDEBAND_70_200X150-D","KANTOPSLUITING_GELEIDEBAND_70_200X150","D"
"http://digitalbuildingdata.tech/nlcs/def/a6b5f500-870b-482a-978b-a587dc2b94f7","KANTOPSLUITING","SVH","B","3384","B-SVH-KANTOPSLUITING_GELEIDEBAND_70_200X150-D","KANTOPSLUITING_GELEIDEBAND_70_200X150","D"
"http://digitalbuildingdata.tech/nlcs/def/c5335ab2-d61f-4bfd-97d2-aba21f7ffac6","KANTOPSLUITING","SVH","","3385","SVH-KANTOPSLUITING_GELEIDEBAND_70_200X200-D","KANTOPSLUITING_GELEIDEBAND_70_200X200","D"
"http://digitalbuildingdata.tech/nlcs/def/0b0f01d0-69cf-420d-8ab9-d72d7a9fada4","KANTOPSLUITING","SVH","B","3386","B-SVH-KANTOPSLUITING_GELEIDEBAND_70_200X200-D","KANTOPSLUITING_GELEIDEBAND_70_200X200","D"
"http://digitalbuildingdata.tech/nlcs/def/fda2c080-ccb6-4a1f-b680-b513781ccf6b","KANTOPSLUITING","SVH","","3387","SVH-KANTOPSLUITING_GELEIDEBAND_STADSBAND_180_330X400-D","KANTOPSLUITING_GELEIDEBAND_STADSBAND_180_330X400","D"
"http://digitalbuildingdata.tech/nlcs/def/01e3b9fc-9e96-4f5a-8b85-7dd5fde1123a","KANTOPSLUITING","SVH","B","3388","B-SVH-KANTOPSLUITING_GELEIDEBAND_STADSBAND_180_330X400-D","KANTOPSLUITING_GELEIDEBAND_STADSBAND_180_330X400","D"
"http://digitalbuildingdata.tech/nlcs/def/17c22744-6336-4676-abda-e0ed7fecdb49","KANTOPSLUITING","SVH","","3389","SVH-KANTOPSLUITING_SCHEIDINGSBAND_100 300X100-D","KANTOPSLUITING_SCHEIDINGSBAND_100 300X100","D"
"http://digitalbuildingdata.tech/nlcs/def/57a2f70e-8595-47bd-b57f-6f58efc28554","KANTOPSLUITING","SVH","B","3390","B-SVH-KANTOPSLUITING_SCHEIDINGSBAND_100 300X100-D","KANTOPSLUITING_SCHEIDINGSBAND_100 300X100","D"
"http://digitalbuildingdata.tech/nlcs/def/8f850c9d-791b-4a8b-886d-bc687e4b12e2","KANTOPSLUITING","SVH","","3391","SVH-KANTOPSLUITING_SCHEIDINGSBAND_100 300X70-D","KANTOPSLUITING_SCHEIDINGSBAND_100 300X70","D"
"http://digitalbuildingdata.tech/nlcs/def/98e0d7b1-c82c-4ac4-91e7-59c0c4fc708a","KANTOPSLUITING","SVH","B","3392","B-SVH-KANTOPSLUITING_SCHEIDINGSBAND_100 300X70-D","KANTOPSLUITING_SCHEIDINGSBAND_100 300X70","D"
"http://digitalbuildingdata.tech/nlcs/def/51a716f5-52bb-4a03-9868-c5eaee53c40f","KANTOPSLUITING","SVH","","3393","SVH-KANTOPSLUITING_SCHEIDINGSBAND_110 250X200-D","KANTOPSLUITING_SCHEIDINGSBAND_110 250X200","D"
"http://digitalbuildingdata.tech/nlcs/def/c79ba373-3c4c-49c3-b844-1f8b1a2744ae","KANTOPSLUITING","SVH","B","3394","B-SVH-KANTOPSLUITING_SCHEIDINGSBAND_110 250X200-D","KANTOPSLUITING_SCHEIDINGSBAND_110 250X200","D"
"http://digitalbuildingdata.tech/nlcs/def/ff6c40b5-cc72-40b3-b461-c36f129c8ed2","KANTOPSLUITING","SVH","","3395","SVH-KANTOPSLUITING_SCHEIDINGSBAND_115 345X200-D","KANTOPSLUITING_SCHEIDINGSBAND_115 345X200","D"
"http://digitalbuildingdata.tech/nlcs/def/e512eb68-d8e5-4328-94b4-4232256e1d08","KANTOPSLUITING","SVH","B","3396","B-SVH-KANTOPSLUITING_SCHEIDINGSBAND_115 345X200-D","KANTOPSLUITING_SCHEIDINGSBAND_115 345X200","D"
"http://digitalbuildingdata.tech/nlcs/def/477777c9-fae7-4206-8b52-a9d45e435b3e","KANTOPSLUITING","SVH","","3397","SVH-KANTOPSLUITING_SCHEIDINGSBAND_130 470X280-D","KANTOPSLUITING_SCHEIDINGSBAND_130 470X280","D"
"http://digitalbuildingdata.tech/nlcs/def/12596617-1bb2-4c47-946a-b9f72c594b07","KANTOPSLUITING","SVH","B","3398","B-SVH-KANTOPSLUITING_SCHEIDINGSBAND_130 470X280-D","KANTOPSLUITING_SCHEIDINGSBAND_130 470X280","D"
"http://digitalbuildingdata.tech/nlcs/def/2f547d20-8ae0-449f-8cc3-416458fa970e","KANTOPSLUITING","SVH","","3399","SVH-KANTOPSLUITING_SCHEIDINGSBAND_150 390X130-D","KANTOPSLUITING_SCHEIDINGSBAND_150 390X130","D"
"http://digitalbuildingdata.tech/nlcs/def/dd6f6eb8-bc23-4450-a9cd-58ec5484a860","KANTOPSLUITING","SVH","B","3400","B-SVH-KANTOPSLUITING_SCHEIDINGSBAND_150 390X130-D","KANTOPSLUITING_SCHEIDINGSBAND_150 390X130","D"
"http://digitalbuildingdata.tech/nlcs/def/66a5a62a-1a49-4e95-baee-58ed227e696a","KANTOPSLUITING","SVH","","3401","SVH-KANTOPSLUITING_SCHEIDINGSBAND_160 200X180-D","KANTOPSLUITING_SCHEIDINGSBAND_160 200X180","D"
"http://digitalbuildingdata.tech/nlcs/def/7cec94bc-0bea-4acd-a3e0-c585458ba0a4","KANTOPSLUITING","SVH","B","3402","B-SVH-KANTOPSLUITING_SCHEIDINGSBAND_160 200X180-D","KANTOPSLUITING_SCHEIDINGSBAND_160 200X180","D"
"http://digitalbuildingdata.tech/nlcs/def/463d0e19-27d8-413d-82fb-9057fd1a7f92","KANTOPSLUITING","SVH","","3403","SVH-KANTOPSLUITING_SCHEIDINGSBAND_200 250X350-D","KANTOPSLUITING_SCHEIDINGSBAND_200 250X350","D"
"http://digitalbuildingdata.tech/nlcs/def/91200655-2777-4551-ac32-b725eb977346","KANTOPSLUITING","SVH","B","3404","B-SVH-KANTOPSLUITING_SCHEIDINGSBAND_200 250X350-D","KANTOPSLUITING_SCHEIDINGSBAND_200 250X350","D"
"http://digitalbuildingdata.tech/nlcs/def/e6e7aaeb-4067-4500-9758-e16f37d4035c","KANTOPSLUITING","SVH","","3405","SVH-KANTOPSLUITING_SCHEIDINGSBAND_200 400X500-D","KANTOPSLUITING_SCHEIDINGSBAND_200 400X500","D"
"http://digitalbuildingdata.tech/nlcs/def/d20b0c00-3a4e-41b6-9da8-6d64994f4125","KANTOPSLUITING","SVH","B","3406","B-SVH-KANTOPSLUITING_SCHEIDINGSBAND_200 400X500-D","KANTOPSLUITING_SCHEIDINGSBAND_200 400X500","D"
"http://digitalbuildingdata.tech/nlcs/def/c5cb1ca1-a108-41fd-9127-be23680265a0","KANTOPSLUITING","SVH","","3407","SVH-KANTOPSLUITING_SCHEIDINGSBAND_200 450X200-D","KANTOPSLUITING_SCHEIDINGSBAND_200 450X200","D"
"http://digitalbuildingdata.tech/nlcs/def/3901a363-cb34-4d9e-af12-09afa91e81ee","KANTOPSLUITING","SVH","B","3408","B-SVH-KANTOPSLUITING_SCHEIDINGSBAND_200 450X200-D","KANTOPSLUITING_SCHEIDINGSBAND_200 450X200","D"
"http://digitalbuildingdata.tech/nlcs/def/6b0877e2-6d57-4678-9164-dd2e8d1f0b0d","KANTOPSLUITING","SVH","","3409","SVH-KANTOPSLUITING_SCHEIDINGSBAND_220 440X160-D","KANTOPSLUITING_SCHEIDINGSBAND_220 440X160","D"
"http://digitalbuildingdata.tech/nlcs/def/d74c83eb-5c68-426b-954c-76d318c2a81b","KANTOPSLUITING","SVH","B","3410","B-SVH-KANTOPSLUITING_SCHEIDINGSBAND_220 440X160-D","KANTOPSLUITING_SCHEIDINGSBAND_220 440X160","D"
"http://digitalbuildingdata.tech/nlcs/def/39de15ed-8d2e-4e16-98bc-b28ccfab0ad8","KANTOPSLUITING","SVH","","3411","SVH-KANTOPSLUITING_SCHEIDINGSBAND_220 440X250-D","KANTOPSLUITING_SCHEIDINGSBAND_220 440X250","D"
"http://digitalbuildingdata.tech/nlcs/def/87757ca3-8bbb-4270-a53b-aa5fd477ac83","KANTOPSLUITING","SVH","B","3412","B-SVH-KANTOPSLUITING_SCHEIDINGSBAND_220 440X250-D","KANTOPSLUITING_SCHEIDINGSBAND_220 440X250","D"
"http://digitalbuildingdata.tech/nlcs/def/e2c69391-76e9-4530-8698-003de7c6cc8c","KANTOPSLUITING","SVH","","3413","SVH-KANTOPSLUITING_SCHEIDINGSBAND_230 460X450-D","KANTOPSLUITING_SCHEIDINGSBAND_230 460X450","D"
"http://digitalbuildingdata.tech/nlcs/def/1c1f1b5f-8a54-482c-ac8f-dbbc9a2b73bf","KANTOPSLUITING","SVH","B","3414","B-SVH-KANTOPSLUITING_SCHEIDINGSBAND_230 460X450-D","KANTOPSLUITING_SCHEIDINGSBAND_230 460X450","D"
"http://digitalbuildingdata.tech/nlcs/def/dba43d45-a388-491c-ad19-d97d71df3c14","KANTOPSLUITING","SVH","","3415","SVH-KANTOPSLUITING_SCHEIDINGSBAND_260 300X160-D","KANTOPSLUITING_SCHEIDINGSBAND_260 300X160","D"
"http://digitalbuildingdata.tech/nlcs/def/0acb5449-326f-4b4d-aacc-677767307dc9","KANTOPSLUITING","SVH","B","3416","B-SVH-KANTOPSLUITING_SCHEIDINGSBAND_260 300X160-D","KANTOPSLUITING_SCHEIDINGSBAND_260 300X160","D"
"http://digitalbuildingdata.tech/nlcs/def/a82ddbfd-0a10-401c-8033-d34fb74ac586","KANTOPSLUITING","SVH","","3417","SVH-KANTOPSLUITING_SCHEIDINGSBAND_360 400X200-D","KANTOPSLUITING_SCHEIDINGSBAND_360 400X200","D"
"http://digitalbuildingdata.tech/nlcs/def/503510c3-0f07-4be9-8933-b82b8e7d0c22","KANTOPSLUITING","SVH","B","3418","B-SVH-KANTOPSLUITING_SCHEIDINGSBAND_360 400X200-D","KANTOPSLUITING_SCHEIDINGSBAND_360 400X200","D"
"http://digitalbuildingdata.tech/nlcs/def/3219fd3e-941b-4191-91d2-ee05f42751bd","KANTOPSLUITING","SVH","","3419","SVH-KANTOPSLUITING_SCHEIDINGSBAND_470 500X100-D","KANTOPSLUITING_SCHEIDINGSBAND_470 500X100","D"
"http://digitalbuildingdata.tech/nlcs/def/d4b6347e-acb7-49eb-af75-f83396ecc9d5","KANTOPSLUITING","SVH","B","3420","B-SVH-KANTOPSLUITING_SCHEIDINGSBAND_470 500X100-D","KANTOPSLUITING_SCHEIDINGSBAND_470 500X100","D"
"http://digitalbuildingdata.tech/nlcs/def/19466893-70eb-415e-b341-659cb59078ce","KANTOPSLUITING","SVH","","3421","SVH-KANTOPSLUITING_SCHEIDINGSBAND_470 500X200-D","KANTOPSLUITING_SCHEIDINGSBAND_470 500X200","D"
"http://digitalbuildingdata.tech/nlcs/def/4da09d64-1db4-4a72-9733-454b879fead3","KANTOPSLUITING","SVH","B","3422","B-SVH-KANTOPSLUITING_SCHEIDINGSBAND_470 500X200-D","KANTOPSLUITING_SCHEIDINGSBAND_470 500X200","D"
"http://digitalbuildingdata.tech/nlcs/def/ae0e1755-feae-4166-bf93-09441513aa2e","KANTOPSLUITING","SVH","","3423","SVH-KANTOPSLUITING_SCHEIDINGSBAND_50 250X120-D","KANTOPSLUITING_SCHEIDINGSBAND_50 250X120","D"
"http://digitalbuildingdata.tech/nlcs/def/c5a94a31-446f-4082-a5a6-0cd40a0c0c0d","KANTOPSLUITING","SVH","B","3424","B-SVH-KANTOPSLUITING_SCHEIDINGSBAND_50 250X120-D","KANTOPSLUITING_SCHEIDINGSBAND_50 250X120","D"
"http://digitalbuildingdata.tech/nlcs/def/2c35d939-e3fc-4681-90cd-9f1773de56fd","KANTOPSLUITING","SVH","","3425","SVH-KANTOPSLUITING_SCHEIDINGSBAND_80 160X100-D","KANTOPSLUITING_SCHEIDINGSBAND_80 160X100","D"
"http://digitalbuildingdata.tech/nlcs/def/88a4e2e7-d7dd-430a-8fa6-d198b04e6853","KANTOPSLUITING","SVH","B","3426","B-SVH-KANTOPSLUITING_SCHEIDINGSBAND_80 160X100-D","KANTOPSLUITING_SCHEIDINGSBAND_80 160X100","D"
"http://digitalbuildingdata.tech/nlcs/def/ca4f1808-4173-4fe4-843f-44d1b74f4a84","KANTOPSLUITING","SVH","","3439","SVH-KANTOPSLUITING_GELEIDEBAND_100_200X270-D","KANTOPSLUITING_GELEIDEBAND_100_200X270","D"
"http://digitalbuildingdata.tech/nlcs/def/1fe3fca5-0904-44b3-a371-039f8bf8de1a","KANTOPSLUITING","SVH","B","3440","B-SVH-KANTOPSLUITING_GELEIDEBAND_100_200X270-D","KANTOPSLUITING_GELEIDEBAND_100_200X270","D"
"http://digitalbuildingdata.tech/nlcs/def/ea609988-2377-4765-bd47-657e047e1ab0","KANTOPSLUITING","SVH","","3441","SVH-KANTOPSLUITING_GELEIDEBAND_100_250X170-D","KANTOPSLUITING_GELEIDEBAND_100_250X170","D"
"http://digitalbuildingdata.tech/nlcs/def/8ab16207-0aaa-4c0d-9899-9b0b57139631","KANTOPSLUITING","SVH","B","3442","B-SVH-KANTOPSLUITING_GELEIDEBAND_100_250X170-D","KANTOPSLUITING_GELEIDEBAND_100_250X170","D"
"http://digitalbuildingdata.tech/nlcs/def/6849163b-2244-4d97-94d4-d1edccdbe93a","KANTOPSLUITING","SVH","","3443","SVH-KANTOPSLUITING_GELEIDEBAND_100_300X200-D","KANTOPSLUITING_GELEIDEBAND_100_300X200","D"
"http://digitalbuildingdata.tech/nlcs/def/026e0bb0-ab52-4cdc-971b-97200dbec04f","KANTOPSLUITING","SVH","B","3444","B-SVH-KANTOPSLUITING_GELEIDEBAND_100_300X200-D","KANTOPSLUITING_GELEIDEBAND_100_300X200","D"
"http://digitalbuildingdata.tech/nlcs/def/ea820bed-94e9-42ec-b4f2-265a17d542f0","KANTOPSLUITING","SVH","","3445","SVH-KANTOPSLUITING_GELEIDEBAND_190_200X160-D","KANTOPSLUITING_GELEIDEBAND_190_200X160","D"
"http://digitalbuildingdata.tech/nlcs/def/0ac3feee-c233-46a1-8a4b-b0ef00802d4d","KANTOPSLUITING","SVH","B","3446","B-SVH-KANTOPSLUITING_GELEIDEBAND_190_200X160-D","KANTOPSLUITING_GELEIDEBAND_190_200X160","D"
"http://digitalbuildingdata.tech/nlcs/def/ac8a0da5-75ad-495d-b5d7-2b3aaf548e22","KANTOPSLUITING","SVH","","3447","SVH-KANTOPSLUITING_GELEIDEBAND_190_200X220-D","KANTOPSLUITING_GELEIDEBAND_190_200X220","D"
"http://digitalbuildingdata.tech/nlcs/def/66cff1d3-2d7e-4675-94ea-2a89703a31a0","KANTOPSLUITING","SVH","B","3448","B-SVH-KANTOPSLUITING_GELEIDEBAND_190_200X220-D","KANTOPSLUITING_GELEIDEBAND_190_200X220","D"
"http://digitalbuildingdata.tech/nlcs/def/4994eb44-c37e-47c3-9218-6c8954ab402a","KANTOPSLUITING","SVH","","3449","SVH-KANTOPSLUITING_GELEIDEBAND_250X200-D","KANTOPSLUITING_GELEIDEBAND_250X200","D"
"http://digitalbuildingdata.tech/nlcs/def/42e6fd0a-369e-43d4-8ea9-c35caff36d2e","KANTOPSLUITING","SVH","B","3450","B-SVH-KANTOPSLUITING_GELEIDEBAND_250X200-D","KANTOPSLUITING_GELEIDEBAND_250X200","D"
"http://digitalbuildingdata.tech/nlcs/def/f04ede56-17f3-48fa-90f2-fa7d4c2a6dde","KANTOPSLUITING","SVH","","3451","SVH-KANTOPSLUITING_GELEIDEBAND_250X240-D","KANTOPSLUITING_GELEIDEBAND_250X240","D"
"http://digitalbuildingdata.tech/nlcs/def/3812de12-b59b-43f2-ada0-a9e04af561db","KANTOPSLUITING","SVH","B","3452","B-SVH-KANTOPSLUITING_GELEIDEBAND_250X240-D","KANTOPSLUITING_GELEIDEBAND_250X240","D"
"http://digitalbuildingdata.tech/nlcs/def/39eadf68-5aa6-4038-8ddc-ca4b6ad7f23e","KANTOPSLUITING","SVH","","3453","SVH-KANTOPSLUITING_GELEIDEBAND_30_80X200-D","KANTOPSLUITING_GELEIDEBAND_30_80X200","D"
"http://digitalbuildingdata.tech/nlcs/def/7c9495fb-4f95-4a06-ace1-3db2fc53d01f","KANTOPSLUITING","SVH","B","3454","B-SVH-KANTOPSLUITING_GELEIDEBAND_30_80X200-D","KANTOPSLUITING_GELEIDEBAND_30_80X200","D"
"http://digitalbuildingdata.tech/nlcs/def/5db206d8-6b42-47cd-8f35-9e7989b91966","KANTOPSLUITING","SVH","","3455","SVH-KANTOPSLUITING_GELEIDEBAND_40_120X250-D","KANTOPSLUITING_GELEIDEBAND_40_120X250","D"
"http://digitalbuildingdata.tech/nlcs/def/112ac75e-483c-450d-8281-f90079604e41","KANTOPSLUITING","SVH","B","3456","B-SVH-KANTOPSLUITING_GELEIDEBAND_40_120X250-D","KANTOPSLUITING_GELEIDEBAND_40_120X250","D"
"http://digitalbuildingdata.tech/nlcs/def/be5b067b-64cf-4967-81cb-6f125618b8f5","ASFALT","SVH","","3871","SVH-ASFALT_KL-SO","ASFALT_KL","SO"
"http://digitalbuildingdata.tech/nlcs/def/a407c7de-0ae2-4ed7-832a-a80a95591896","ASFALT","SVH","","3872","SVH-ASFALT_FREESVAK_KL-SO","ASFALT_FREESVAK_KL","SO"
"http://digitalbuildingdata.tech/nlcs/def/e08bd1d5-57f8-4254-8893-237fd7e8981f","BASALTONVERHARDING","SVH","","3873","SVH-BASALTONVERHARDING_KL-SO","BASALTONVERHARDING_KL","SO"
"http://digitalbuildingdata.tech/nlcs/def/0ea23755-284c-4383-84d4-4fcddb398d37","BASALTVERHARDING","SVH","","3874","SVH-BASALTVERHARDING_KL-SO","BASALTVERHARDING_KL","SO"
"http://digitalbuildingdata.tech/nlcs/def/30954cd3-27f0-4c2b-91ed-d6b2f3581ee5","BENTONIET","SVH","","3875","SVH-BENTONIET_KL-SO","BENTONIET_KL","SO"
"http://digitalbuildingdata.tech/nlcs/def/6afcc24c-aa5b-49a5-a5fb-1318b5e4adf9","BESTORTING","SVH","","3876","SVH-BESTORTING_01_KL-SO","BESTORTING_01_KL","SO"
"http://digitalbuildingdata.tech/nlcs/def/8f07c071-0a70-4412-adfd-e9369e9831d5","BESTORTING","SVH","","3877","SVH-BESTORTING_02_KL-SO","BESTORTING_02_KL","SO"
"http://digitalbuildingdata.tech/nlcs/def/aa316e6f-86a9-4b95-945d-9ae0c637f987","BETON","SVH","","3878","SVH-BETON_KL-SO","BETON_KL","SO"
"http://digitalbuildingdata.tech/nlcs/def/abb8cfe0-9dd9-481d-9784-8a5a3b854943","BETON","SVH","","3879","SVH-BETON_GEWAPEND_INSITU_KL-SO","BETON_GEWAPEND_INSITU_KL","SO"
"http://digitalbuildingdata.tech/nlcs/def/2f7a3389-e36c-463b-9f27-730f64597543","BETON","SVH","","3880","SVH-BETON_ONGEWAPEND_INSITU_01_KL-SO","BETON_ONGEWAPEND_INSITU_01_KL","SO"
"http://digitalbuildingdata.tech/nlcs/def/e98e4679-cdf7-4c3c-921c-6e90eb09e298","BETON","SVH","","3881","SVH-BETON_ONGEWAPEND_INSITU_02_KL-SO","BETON_ONGEWAPEND_INSITU_02_KL","SO"
"http://digitalbuildingdata.tech/nlcs/def/9e51c460-6d4e-4a91-8bfe-ddcddb4bb22a","BETON","SVH","","3882","SVH-BETON_SCHRAAL_KL-SO","BETON_SCHRAAL_KL","SO"
"http://digitalbuildingdata.tech/nlcs/def/7d85417f-c29e-423b-8c64-6b6834b9cd6f","BETON","SVH","","3883","SVH-BETONPLAAT_BLOK_KL-SO","BETONPLAAT_BLOK_KL","SO"
"http://digitalbuildingdata.tech/nlcs/def/084fe3b6-208e-4ff7-9878-32f0180d4a07","BETON","SVH","","3884","SVH-BETONPLAAT_BLOK_RAND_KL-SO","BETONPLAAT_BLOK_RAND_KL","SO"
"http://digitalbuildingdata.tech/nlcs/def/d9377de2-9579-48a5-81ed-e48294dab28d","BETON","SVH","","3885","SVH-BETONPLAAT_HALFST_KL-SO","BETONPLAAT_HALFST_KL","SO"
"http://digitalbuildingdata.tech/nlcs/def/661603f5-92f2-4299-95df-a5a597d78c4c","COBBLESTONE","SVH","","3887","SVH-COBBLESTONE_KL-SO","COBBLESTONE_KL","SO"
"http://digitalbuildingdata.tech/nlcs/def/fb769465-479a-4a88-be04-6d3d5ea6e9d4","DELTA","SVH","","3888","SVH-DELTA_KL-SO","DELTA_KL","SO"
"http://digitalbuildingdata.tech/nlcs/def/14892992-2ae7-4be4-ae84-cacc4a81054c","FUNDERING","SVH","","3889","SVH-FUNDERING_01_KL-SO","FUNDERING_01_KL","SO"
"http://digitalbuildingdata.tech/nlcs/def/00b7ea94-c7e0-4ce5-9454-470817f368ac","FUNDERING","SVH","","3890","SVH-FUNDERING_02_KL-SO","FUNDERING_02_KL","SO"
"http://digitalbuildingdata.tech/nlcs/def/a0635415-527e-4f65-9cf6-8c67754ca8b5","FUNDERING","SVH","","3891","SVH-FUNDERING_BIMS_KL-SO","FUNDERING_BIMS_KL","SO"
"http://digitalbuildingdata.tech/nlcs/def/6fe477f6-e9db-466e-9af2-8bff0c1404fc","FUNDERING","SVH","","3892","SVH-FUNDERING_EPS_KL-SO","FUNDERING_EPS_KL","SO"
"http://digitalbuildingdata.tech/nlcs/def/a61e5717-cd7a-41f5-adef-1b17f6a575a9","FUNDERING","SVH","","3893","SVH-FUNDERING_GRANULAAT_KL-SO","FUNDERING_GRANULAAT_KL","SO"
"http://digitalbuildingdata.tech/nlcs/def/8cfd5078-8e7d-4553-a704-d46c8ce34344","FUNDERING","SVH","","3894","SVH-FUNDERING_GRANULAAT_BETON_KL-SO","FUNDERING_GRANULAAT_BETON_KL","SO"
"http://digitalbuildingdata.tech/nlcs/def/b609433e-ed14-46e1-9add-7427e972d0a0","FUNDERING","SVH","","3895","SVH-FUNDERING_GRANULAAT_KLEIKORR_KL-SO","FUNDERING_GRANULAAT_KLEIKORR_KL","SO"
"http://digitalbuildingdata.tech/nlcs/def/5320b245-5aee-40a7-8c3f-a25317472b2f","FUNDERING","SVH","","3896","SVH-FUNDERING_GRANULAAT_LAVA_KL-SO","FUNDERING_GRANULAAT_LAVA_KL","SO"
"http://digitalbuildingdata.tech/nlcs/def/abb05caa-1851-44fc-b7eb-668ef11d2792","FUNDERING","SVH","","3897","SVH-FUNDERING_GRANULAAT_MENG_01_KL-SO","FUNDERING_GRANULAAT_MENG_01_KL","SO"
"http://digitalbuildingdata.tech/nlcs/def/009964d8-d041-4a89-bde8-1b419a0f7c33","FUNDERING","SVH","","3898","SVH-FUNDERING_GRANULAAT_MENG_02_KL-SO","FUNDERING_GRANULAAT_MENG_02_KL","SO"
"http://digitalbuildingdata.tech/nlcs/def/c67b0bb5-1ba7-4482-9f25-7c3adc4623f5","FUNDERING","SVH","","3899","SVH-FUNDERING_GRANULAAT_PUIN_KL-SO","FUNDERING_GRANULAAT_PUIN_KL","SO"
"http://digitalbuildingdata.tech/nlcs/def/4337cc78-e76f-46cd-a04f-e82be169622d","FUNDERING","SVH","","3900","SVH-FUNDERING_GRANULAAT_SINTELS_KL-SO","FUNDERING_GRANULAAT_SINTELS_KL","SO"
"http://digitalbuildingdata.tech/nlcs/def/21a7c455-e725-463d-87a5-bfe924dc8f3e","FUNDERING","SVH","","3901","SVH-FUNDERING_OVERIG_KL-SO","FUNDERING_OVERIG_KL","SO"
"http://digitalbuildingdata.tech/nlcs/def/cdb97b4a-1ec5-444a-acae-3062f6634c63","FUNDERING","SVH","","3902","SVH-FUNDERING_ZAND_KL-SO","FUNDERING_ZAND_KL","SO"
"http://digitalbuildingdata.tech/nlcs/def/916818e1-666b-4e65-9393-373d5d4b35f9","FUNDERING","SVH","","3903","SVH-FUNDERING_ZANDCEMENTSTAB_KL-SO","FUNDERING_ZANDCEMENTSTAB_KL","SO"
"http://digitalbuildingdata.tech/nlcs/def/d8ae9bc2-7996-4948-bbbc-750f7556b272","GEOTEXTIEL","SVH","","3904","SVH-GEOTEXTIEL_KL-SO","GEOTEXTIEL_KL","SO"
"http://digitalbuildingdata.tech/nlcs/def/4722325e-a754-4a5d-9966-73aadf1fb03b","GESLOTEN","SVH","","3905","SVH-GESLOTEN_KL-SO","GESLOTEN_KL","SO"
"http://digitalbuildingdata.tech/nlcs/def/1f1f6385-9d8d-4f58-a25b-3ca3bdcd5c9d","GLAS","SVH","","3906","SVH-GLAS_KL-SO","GLAS_KL","SO"
"http://digitalbuildingdata.tech/nlcs/def/35be3813-11cb-4616-8c27-fa7090bd9f31","GRAS","SVH","","3908","SVH-GRAS_GESTABILISEERD_KL-SO","GRAS_GESTABILISEERD_KL","SO"
"http://digitalbuildingdata.tech/nlcs/def/0918b7b8-9961-4e45-91a1-564bbede36ab","GRASBETONSTEEN","SVH","","3909","SVH-GRASBETONSTEEN_01_KL-SO","GRASBETONSTEEN_01_KL","SO"
"http://digitalbuildingdata.tech/nlcs/def/92a74c34-4f2a-4250-b66e-401fef3804c5","GRASBETONSTEEN","SVH","","3910","SVH-GRASBETONSTEEN_02_KL-SO","GRASBETONSTEEN_02_KL","SO"
"http://digitalbuildingdata.tech/nlcs/def/bd0c8f76-7a35-4fc6-9efb-7d391c73bcba","GRASPLAAT","SVH","","3911","SVH-GRASPLAAT_KL-SO","GRASPLAAT_KL","SO"
"http://digitalbuildingdata.tech/nlcs/def/c15f32d4-96fc-498e-8b53-0567ef968f28","GRASTEGEL","SVH","","3912","SVH-GRASTEGEL_01_KL-SO","GRASTEGEL_01_KL","SO"
"http://digitalbuildingdata.tech/nlcs/def/b098a6cd-83a7-4e19-b411-e666688a4fa6","GRASTEGEL","SVH","","3913","SVH-GRASTEGEL_02_KL-SO","GRASTEGEL_02_KL","SO"
"http://digitalbuildingdata.tech/nlcs/def/8702c8c7-0c5f-45d5-8d65-9495885f6b02","GRASTEGEL","SVH","","3914","SVH-GRASTEGEL_STIP_KL-SO","GRASTEGEL_STIP_KL","SO"
"http://digitalbuildingdata.tech/nlcs/def/dcf217a8-f9d5-4c66-9280-dc49363a8d78","GRAVEL","SVH","","3915","SVH-GRAVEL_KL-SO","GRAVEL_KL","SO"
"http://digitalbuildingdata.tech/nlcs/def/208dc921-3159-465a-b44c-a52010975cc1","GRIND","SVH","","3916","SVH-GRIND_KL-SO","GRIND_KL","SO"
"http://digitalbuildingdata.tech/nlcs/def/978fce3e-8fdc-4dec-98f1-e728cffa3d59","HALFVERHARDING","SVH","","3917","SVH-HALFVERHARDING_01_KL-SO","HALFVERHARDING_01_KL","SO"
"http://digitalbuildingdata.tech/nlcs/def/eac8b9e6-0d08-407e-b5c6-465d7ee4b286","HALFVERHARDING","SVH","","3918","SVH-HALFVERHARDING_02_KL-SO","HALFVERHARDING_02_KL","SO"
"http://digitalbuildingdata.tech/nlcs/def/02643915-7397-434c-9b5b-252a20841d6e","HALFVERHARDING","SVH","","3919","SVH-HALFVERHARDING_GRIND_01_KL-SO","HALFVERHARDING_GRIND_01_KL","SO"
"http://digitalbuildingdata.tech/nlcs/def/ad00ec17-9d1f-4925-9d9f-842f832113fd","HALFVERHARDING","SVH","","3920","SVH-HALFVERHARDING_GRIND_02_KL-SO","HALFVERHARDING_GRIND_02_KL","SO"
"http://digitalbuildingdata.tech/nlcs/def/a86f1ca6-90d6-49aa-ab63-03cca8ec5291","HALFVERHARDING","SVH","","3921","SVH-HALFVERHARDING_SCHELPEN_KL-SO","HALFVERHARDING_SCHELPEN_KL","SO"
"http://digitalbuildingdata.tech/nlcs/def/a3d47b1b-4dd8-4a4c-b4dc-b6d1f910abb8","HOUTSNIPPERS","SVH","","3922","SVH-HOUTSNIPPERS_KL-SO","HOUTSNIPPERS_KL","SO"
"http://digitalbuildingdata.tech/nlcs/def/bf425425-b8a7-408a-baaa-47406ad8e320","HSTEEN","SVH","","3923","SVH-HSTEEN_KL-SO","HSTEEN_KL","SO"
"http://digitalbuildingdata.tech/nlcs/def/0a8ff6f6-11b2-4928-93bb-5497cc4b9c48","KALKZANDSTEEN","SVH","","3924","SVH-KALKZANDSTEEN-SO","KALKZANDSTEEN","SO"
"http://digitalbuildingdata.tech/nlcs/def/295e1b3e-4085-48d0-9ab9-801c13168fe2","KALKZANDSTEEN","SVH","","3925","SVH-KALKZANDSTEEN_KL-SO","KALKZANDSTEEN_KL","SO"
"http://digitalbuildingdata.tech/nlcs/def/e14cfb12-ebba-4a33-9279-1a2c0a40203a","METSELWERK","SVH","","3926","SVH-METSELWERK_KL-SO","METSELWERK_KL","SO"
"http://digitalbuildingdata.tech/nlcs/def/329857d5-39be-49f2-9ead-12947a9b167d","NATUURSTEEN","SVH","","3927","SVH-NATUURSTEEN_01_KL-SO","NATUURSTEEN_01_KL","SO"
"http://digitalbuildingdata.tech/nlcs/def/09998341-b4c1-4b8d-9701-81d336859126","NATUURSTEEN","SVH","","3928","SVH-NATUURSTEEN_02_KL-SO","NATUURSTEEN_02_KL","SO"
"http://digitalbuildingdata.tech/nlcs/def/71e33e69-c9a9-41e0-818e-1a8bd488a723","NATUURSTEEN","SVH","","3929","SVH-NATUURSTEEN_KINDERKOP_HALFST_KL-SO","NATUURSTEEN_KINDERKOP_HALFST_KL","SO"
"http://digitalbuildingdata.tech/nlcs/def/cb4ce360-a612-4b4e-bd8e-99d9eddeec8c","NATUURSTEEN","SVH","","3930","SVH-NATUURSTEEN_LOSVERBAND_01_KL-SO","NATUURSTEEN_LOSVERBAND_01_KL","SO"
"http://digitalbuildingdata.tech/nlcs/def/f76dfc56-7ac4-4d87-a972-4f46c91b163f","NATUURSTEEN","SVH","","3931","SVH-NATUURSTEEN_LOSVERBAND_02_KL-SO","NATUURSTEEN_LOSVERBAND_02_KL","SO"
"http://digitalbuildingdata.tech/nlcs/def/1c552b0d-8511-4fd0-8463-52791055f345","PLANKEN","SVH","","3932","SVH-PLANKEN_01_KL-SO","PLANKEN_01_KL","SO"
"http://digitalbuildingdata.tech/nlcs/def/c09d30e7-ed19-4b8b-8c1d-4c2b4d4c712d","PLANKEN","SVH","","3933","SVH-PLANKEN_02_KL-SO","PLANKEN_02_KL","SO"
"http://digitalbuildingdata.tech/nlcs/def/9b0d601e-3b49-4634-af13-22f2cccfd657","PUINVERHARDING","SVH","","3934","SVH-PUINVERHARDING_KL-SO","PUINVERHARDING_KL","SO"
"http://digitalbuildingdata.tech/nlcs/def/6d73fa56-36d1-4e0b-98ca-5034042db9ab","ROOSTER","SVH","","3935","SVH-ROOSTER_KL-SO","ROOSTER_KL","SO"
"http://digitalbuildingdata.tech/nlcs/def/6f004f61-d91d-47c9-9089-dd0bae304e9f","RUBBERTEGEL","SVH","","3936","SVH-RUBBERTEGEL_500X500_HALFST_KL-SO","RUBBERTEGEL_500X500_HALFST_KL","SO"
"http://digitalbuildingdata.tech/nlcs/def/34efa82e-7d94-448f-b4a7-b29af6862bc4","SIERBESTRATING","SVH","","3937","SVH-SIERBESTRATING_01_KL-SO","SIERBESTRATING_01_KL","SO"
"http://digitalbuildingdata.tech/nlcs/def/5e91ca34-14ef-4378-bf2b-7ececaeab40d","SIERBESTRATING","SVH","","3938","SVH-SIERBESTRATING_02_KL-SO","SIERBESTRATING_02_KL","SO"
"http://digitalbuildingdata.tech/nlcs/def/ae970c0d-452d-434a-9a72-d6fb12ca28f7","SIERTEGEL","SVH","","3939","SVH-SIERTEGEL_KL-SO","SIERTEGEL_KL","SO"
"http://digitalbuildingdata.tech/nlcs/def/4c9382fa-3f4c-4baa-bb62-8d8b4678ac23","SPECIAAL","SVH","","3940","SVH-SPECIAAL_01_KL-SO","SPECIAAL_01_KL","SO"
"http://digitalbuildingdata.tech/nlcs/def/45deb205-fbde-4a2c-b4ef-3c948c1eb055","SPECIAAL","SVH","","3941","SVH-SPECIAAL_02_KL-SO","SPECIAAL_02_KL","SO"
"http://digitalbuildingdata.tech/nlcs/def/4d6ba7c2-f316-4adc-b5ad-fa0590da00c8","SPECIAAL","SVH","","3942","SVH-SPECIAAL_OVERIG_01_KL-SO","SPECIAAL_OVERIG_01_KL","SO"
"http://digitalbuildingdata.tech/nlcs/def/988fb0be-1b2c-4480-95f6-5a89a5299cde","SPECIAAL","SVH","","3943","SVH-SPECIAAL_OVERIG_02_KL-SO","SPECIAAL_OVERIG_02_KL","SO"
"http://digitalbuildingdata.tech/nlcs/def/c61effcf-ff87-426b-be61-3b92c7824039","SPECIAAL","SVH","","3944","SVH-SPECIAAL_OVERIG_KOPSHOUT_KL-SO","SPECIAAL_OVERIG_KOPSHOUT_KL","SO"
"http://digitalbuildingdata.tech/nlcs/def/bffeccc1-378d-478d-ac71-5e35e8ab0f96","SPECIAAL","SVH","","3945","SVH-SPECIAAL_OVERIG_LANGSHOUT_KL-SO","SPECIAAL_OVERIG_LANGSHOUT_KL","SO"
"http://digitalbuildingdata.tech/nlcs/def/85fd73ee-35f8-43c2-96dc-200349349368","SPECIAAL","SVH","","3946","SVH-SPECIAAL_OVERIG_TRANENPLAAT_01_KL-SO","SPECIAAL_OVERIG_TRANENPLAAT_01_KL","SO"
"http://digitalbuildingdata.tech/nlcs/def/cf8d66ae-987f-429a-8482-cc9563ffd9ef","SPECIAAL","SVH","","3947","SVH-SPECIAAL_OVERIG_TRANENPLAAT_02_KL-SO","SPECIAAL_OVERIG_TRANENPLAAT_02_KL","SO"
"http://digitalbuildingdata.tech/nlcs/def/b06a4b4c-6315-49e1-846c-975b7ee93053","TEGEL","SVH","","3948","SVH-TEGEL_150X300_DIK_ELLEBOOG_KL-SO","TEGEL_150X300_DIK_ELLEBOOG_KL","SO"
"http://digitalbuildingdata.tech/nlcs/def/c374d3c0-315d-40ad-8739-a0a8b229211b","TEGEL","SVH","","3949","SVH-TEGEL_150X300_DIK_ELLEBOOG_STIP_KL-SO","TEGEL_150X300_DIK_ELLEBOOG_STIP_KL","SO"
"http://digitalbuildingdata.tech/nlcs/def/a4eccfac-efb0-4fc2-bb46-6b05c8f2ffa9","TEGEL","SVH","","3950","SVH-TEGEL_150X300_DUN_ELLEBOOG_KL-SO","TEGEL_150X300_DUN_ELLEBOOG_KL","SO"
"http://digitalbuildingdata.tech/nlcs/def/9a437463-e20e-43db-9456-23d74068ee2b","TEGEL","SVH","","3951","SVH-TEGEL_150X300_DUN_ELLEBOOG_STIP_KL-SO","TEGEL_150X300_DUN_ELLEBOOG_STIP_KL","SO"
"http://digitalbuildingdata.tech/nlcs/def/7b290d6c-157b-4a59-bf99-b9514b210c93","TEGEL","SVH","","3952","SVH-TEGEL_300X150_DIK_ELLEBOOG_KL-SO","TEGEL_300X150_DIK_ELLEBOOG_KL","SO"
"http://digitalbuildingdata.tech/nlcs/def/af1c510d-4371-4d59-a03e-b53c7edc80e3","TEGEL","SVH","","3953","SVH-TEGEL_300X150_DIK_ELLEBOOG_STIP_KL-SO","TEGEL_300X150_DIK_ELLEBOOG_STIP_KL","SO"
"http://digitalbuildingdata.tech/nlcs/def/f16bf6ab-402a-4814-9b63-d2aad2176ec3","TEGEL","SVH","","3954","SVH-TEGEL_300X150_DUN_ELLEBOOG_KL-SO","TEGEL_300X150_DUN_ELLEBOOG_KL","SO"
"http://digitalbuildingdata.tech/nlcs/def/7799b437-c206-4fb6-9f4d-5a4fb4648d14","TEGEL","SVH","","3955","SVH-TEGEL_300X150_DUN_ELLEBOOG_STIP_KL-SO","TEGEL_300X150_DUN_ELLEBOOG_STIP_KL","SO"
"http://digitalbuildingdata.tech/nlcs/def/90c16431-b425-467e-8902-cd1ea169ce09","TEGEL","SVH","","3956","SVH-TEGEL_300X300_DIK_HALFST_STIP_KL-SO","TEGEL_300X300_DIK_HALFST_STIP_KL","SO"
"http://digitalbuildingdata.tech/nlcs/def/731f065c-17dc-4ac5-9cdb-e9c3a56c9389","TEGEL","SVH","","3957","SVH-TEGEL_300X300_DIK_LINT_STIP_KL-SO","TEGEL_300X300_DIK_LINT_STIP_KL","SO"
"http://digitalbuildingdata.tech/nlcs/def/fd22b462-8a8c-477e-946f-d9855d5a2e72","TEGEL","SVH","","3958","SVH-TEGEL_300X300_DUN_HALFST_STIP_KL-SO","TEGEL_300X300_DUN_HALFST_STIP_KL","SO"
"http://digitalbuildingdata.tech/nlcs/def/bfcf51fd-f4bc-4e9c-9ab6-2a124b93ede1","TEGEL","SVH","","3959","SVH-TEGEL_300X300_DUN_LINT_STIP_KL-SO","TEGEL_300X300_DUN_LINT_STIP_KL","SO"
"http://digitalbuildingdata.tech/nlcs/def/6c8aa774-8988-40f8-ad81-c60d6eca146c","TEGEL","SVH","","3960","SVH-TEGEL_400X400_HALFST_STREEP_KL-SO","TEGEL_400X400_HALFST_STREEP_KL","SO"
"http://digitalbuildingdata.tech/nlcs/def/abdd7af5-f75c-4c66-a32a-b77c243e5b94","TEGEL","SVH","","3961","SVH-TEGEL_500X500_BLOK_KL-SO","TEGEL_500X500_BLOK_KL","SO"
"http://digitalbuildingdata.tech/nlcs/def/9998719c-78e0-4957-a37b-a57d53b09cad","TEGEL","SVH","","3962","SVH-TEGEL_1000X1000_HALFST_KL-SO","TEGEL_1000X1000_HALFST_KL","SO"
"http://digitalbuildingdata.tech/nlcs/def/71023d72-0b89-42b3-8d16-0355cf57dd45","TEGEL","SVH","","3963","SVH-TEGEL_2000X2000_BLOK_KL-SO","TEGEL_2000X2000_BLOK_KL","SO"
"http://digitalbuildingdata.tech/nlcs/def/80787ea0-fbea-4e12-a646-4b3893bfb826","TEGEL","SVH","","3964","SVH-TEGEL_2000X2000_HALFST_KL-SO","TEGEL_2000X2000_HALFST_KL","SO"
"http://digitalbuildingdata.tech/nlcs/def/2af0d8c0-3a8a-4f6c-b357-ee14b35233f4","TEGEL","SVH","","3965","SVH-TEGEL_BLOK_STIP_01_KL-SO","TEGEL_BLOK_STIP_01_KL","SO"
"http://digitalbuildingdata.tech/nlcs/def/6d0c089d-3ce2-4068-a87f-a09fd753d649","TEGEL","SVH","","3966","SVH-TEGEL_BLOK_STIP_02_KL-SO","TEGEL_BLOK_STIP_02_KL","SO"
"http://digitalbuildingdata.tech/nlcs/def/79b5a8c5-6b48-4a93-be90-30c34a21b60b","TEGEL","SVH","","3967","SVH-TEGEL_VARIABEL_HALFST_KL-SO","TEGEL_VARIABEL_HALFST_KL","SO"
"http://digitalbuildingdata.tech/nlcs/def/71590956-5246-45e1-b771-a4b4181283d6","TEGEL","SVH","","3968","SVH-TEGEL_ZESKANT_KL-SO","TEGEL_ZESKANT_KL","SO"
"http://digitalbuildingdata.tech/nlcs/def/c4788b33-aefb-4945-bb1a-567dd140ac4f","ASFALT","SVH","V","3969","V-SVH-ASFALT_KL-SO","ASFALT_KL","SO"
"http://digitalbuildingdata.tech/nlcs/def/95c37b1b-31c6-47ba-95b8-67eb16d24e15","ASFALT","SVH","V","3970","V-SVH-ASFALT_FREESVAK_KL-SO","ASFALT_FREESVAK_KL","SO"
"http://digitalbuildingdata.tech/nlcs/def/b4c0456b-b466-4ada-b6cb-e07223a67e99","BASALTONVERHARDING","SVH","V","3971","V-SVH-BASALTONVERHARDING_KL-SO","BASALTONVERHARDING_KL","SO"
"http://digitalbuildingdata.tech/nlcs/def/71e6baaf-40bc-4808-8645-5dfe154e387b","BASALTVERHARDING","SVH","V","3972","V-SVH-BASALTVERHARDING_KL-SO","BASALTVERHARDING_KL","SO"
"http://digitalbuildingdata.tech/nlcs/def/98206f00-d260-41d8-a14d-bfa83639a4ae","BENTONIET","SVH","V","3973","V-SVH-BENTONIET_KL-SO","BENTONIET_KL","SO"
"http://digitalbuildingdata.tech/nlcs/def/784f4694-7fbd-4656-a35d-a2eca3091ff0","BESTORTING","SVH","V","3974","V-SVH-BESTORTING_01_KL-SO","BESTORTING_01_KL","SO"
"http://digitalbuildingdata.tech/nlcs/def/eb095cb0-5944-4f76-bc14-62e2da13166b","BESTORTING","SVH","V","3975","V-SVH-BESTORTING_02_KL-SO","BESTORTING_02_KL","SO"
"http://digitalbuildingdata.tech/nlcs/def/cf37ae39-1082-47c5-ad69-fefd364915ac","BETON","SVH","V","3976","V-SVH-BETON_KL-SO","BETON_KL","SO"
"http://digitalbuildingdata.tech/nlcs/def/ae4a1a2b-b20f-47a1-ad46-f5dbaea1936a","BETON","SVH","V","3977","V-SVH-BETON_GEWAPEND_INSITU_KL-SO","BETON_GEWAPEND_INSITU_KL","SO"
"http://digitalbuildingdata.tech/nlcs/def/2bb4531e-9f41-4ebb-8ea3-d614ab0e7f07","BETON","SVH","V","3978","V-SVH-BETON_ONGEWAPEND_INSITU_01_KL-SO","BETON_ONGEWAPEND_INSITU_01_KL","SO"
"http://digitalbuildingdata.tech/nlcs/def/3017eb3c-a493-4129-8454-88a8dda588b5","BETON","SVH","V","3979","V-SVH-BETON_ONGEWAPEND_INSITU_02_KL-SO","BETON_ONGEWAPEND_INSITU_02_KL","SO"
"http://digitalbuildingdata.tech/nlcs/def/d889bd1d-6af5-4dd6-bc61-39d0ab6f4ef3","BETON","SVH","V","3980","V-SVH-BETON_SCHRAAL_KL-SO","BETON_SCHRAAL_KL","SO"
"http://digitalbuildingdata.tech/nlcs/def/f03677bb-0f5d-4de3-9768-0d2f0ed03f35","BETON","SVH","V","3981","V-SVH-BETONPLAAT_BLOK_KL-SO","BETONPLAAT_BLOK_KL","SO"
"http://digitalbuildingdata.tech/nlcs/def/381d1da2-9768-4291-be80-c79ddb46f4ce","BETON","SVH","V","3982","V-SVH-BETONPLAAT_BLOK_RAND_KL-SO","BETONPLAAT_BLOK_RAND_KL","SO"
"http://digitalbuildingdata.tech/nlcs/def/0ecf8b5a-c4a8-4fc2-bae1-8b58344bb455","BETON","SVH","V","3983","V-SVH-BETONPLAAT_HALFST_KL-SO","BETONPLAAT_HALFST_KL","SO"
"http://digitalbuildingdata.tech/nlcs/def/22b587ed-8f17-4bc6-8681-c5eb50856e6e","COBBLESTONE","SVH","V","3985","V-SVH-COBBLESTONE_KL-SO","COBBLESTONE_KL","SO"
"http://digitalbuildingdata.tech/nlcs/def/c1fe3915-e41f-4307-9031-847a3aba9609","DELTA","SVH","V","3986","V-SVH-DELTA_KL-SO","DELTA_KL","SO"
"http://digitalbuildingdata.tech/nlcs/def/540a84ea-8471-4ccc-b2cd-bbe20a389cd5","FUNDERING","SVH","V","3987","V-SVH-FUNDERING_01_KL-SO","FUNDERING_01_KL","SO"
"http://digitalbuildingdata.tech/nlcs/def/4d245a3d-5bcf-4703-88e3-a6ded60a3c4f","FUNDERING","SVH","V","3988","V-SVH-FUNDERING_02_KL-SO","FUNDERING_02_KL","SO"
"http://digitalbuildingdata.tech/nlcs/def/28ea9bf6-9ce0-451e-960c-22a3c525b103","FUNDERING","SVH","V","3989","V-SVH-FUNDERING_BIMS_KL-SO","FUNDERING_BIMS_KL","SO"
"http://digitalbuildingdata.tech/nlcs/def/4bfb6410-fefa-45ee-9538-787115f25b11","FUNDERING","SVH","V","3990","V-SVH-FUNDERING_EPS_KL-SO","FUNDERING_EPS_KL","SO"
"http://digitalbuildingdata.tech/nlcs/def/6a94c49c-1441-404f-b6d2-239ad5bf888d","FUNDERING","SVH","V","3991","V-SVH-FUNDERING_GRANULAAT_KL-SO","FUNDERING_GRANULAAT_KL","SO"
"http://digitalbuildingdata.tech/nlcs/def/647fde31-a2db-41a7-b679-095dbfd01bce","FUNDERING","SVH","V","3992","V-SVH-FUNDERING_GRANULAAT_BETON_KL-SO","FUNDERING_GRANULAAT_BETON_KL","SO"
"http://digitalbuildingdata.tech/nlcs/def/dbf02d82-8afb-4bd6-9371-fdfcadeb6fdb","FUNDERING","SVH","V","3993","V-SVH-FUNDERING_GRANULAAT_KLEIKORR_KL-SO","FUNDERING_GRANULAAT_KLEIKORR_KL","SO"
"http://digitalbuildingdata.tech/nlcs/def/916e8d0a-b6f3-489b-b423-8fb87685497b","FUNDERING","SVH","V","3994","V-SVH-FUNDERING_GRANULAAT_LAVA_KL-SO","FUNDERING_GRANULAAT_LAVA_KL","SO"
"http://digitalbuildingdata.tech/nlcs/def/c6bae531-c3ab-4a2a-8521-7aa4d97d5fb4","FUNDERING","SVH","V","3995","V-SVH-FUNDERING_GRANULAAT_MENG_01_KL-SO","FUNDERING_GRANULAAT_MENG_01_KL","SO"
"http://digitalbuildingdata.tech/nlcs/def/2f97c9b7-8e17-4b45-8e6b-4897ed07b8b5","FUNDERING","SVH","V","3996","V-SVH-FUNDERING_GRANULAAT_MENG_02_KL-SO","FUNDERING_GRANULAAT_MENG_02_KL","SO"
"http://digitalbuildingdata.tech/nlcs/def/55674233-42d0-47eb-8520-22b85bce0a88","FUNDERING","SVH","V","3997","V-SVH-FUNDERING_GRANULAAT_PUIN_KL-SO","FUNDERING_GRANULAAT_PUIN_KL","SO"
"http://digitalbuildingdata.tech/nlcs/def/e9457237-c5d0-474a-b727-25b658da4588","FUNDERING","SVH","V","3998","V-SVH-FUNDERING_GRANULAAT_SINTELS_KL-SO","FUNDERING_GRANULAAT_SINTELS_KL","SO"
"http://digitalbuildingdata.tech/nlcs/def/0c29fbff-6a72-4071-bcad-5b368c5edf8c","FUNDERING","SVH","V","3999","V-SVH-FUNDERING_OVERIG_KL-SO","FUNDERING_OVERIG_KL","SO"
"http://digitalbuildingdata.tech/nlcs/def/1fbce807-11e5-4bd2-b1ba-8e5e4b4d8f42","FUNDERING","SVH","V","4000","V-SVH-FUNDERING_ZAND_KL-SO","FUNDERING_ZAND_KL","SO"
"http://digitalbuildingdata.tech/nlcs/def/46d22235-ad01-4eba-8e02-3abaf11696d3","FUNDERING","SVH","V","4001","V-SVH-FUNDERING_ZANDCEMENTSTAB_KL-SO","FUNDERING_ZANDCEMENTSTAB_KL","SO"
"http://digitalbuildingdata.tech/nlcs/def/63e9ddf2-35e2-4238-af4b-3334b4ae28c3","GEOTEXTIEL","SVH","V","4002","V-SVH-GEOTEXTIEL_KL-SO","GEOTEXTIEL_KL","SO"
"http://digitalbuildingdata.tech/nlcs/def/1e57a41e-8afa-48ab-98ff-697b0cc01ad0","GESLOTEN","SVH","V","4003","V-SVH-GESLOTEN_KL-SO","GESLOTEN_KL","SO"
"http://digitalbuildingdata.tech/nlcs/def/2acf2bd4-7a0f-4780-a94b-7dd275087835","GLAS","SVH","V","4004","V-SVH-GLAS_KL-SO","GLAS_KL","SO"
"http://digitalbuildingdata.tech/nlcs/def/3cd7c9ac-2638-4cca-b3fd-d6a9572150ff","GRAS","SVH","V","4006","V-SVH-GRAS_GESTABILISEERD_KL-SO","GRAS_GESTABILISEERD_KL","SO"
"http://digitalbuildingdata.tech/nlcs/def/38d51ce6-f31a-40a5-9961-35520e87654c","GRASBETONSTEEN","SVH","V","4007","V-SVH-GRASBETONSTEEN_01_KL-SO","GRASBETONSTEEN_01_KL","SO"
"http://digitalbuildingdata.tech/nlcs/def/2c0bcda9-e6df-48f4-ad80-295a7473de1b","GRASBETONSTEEN","SVH","V","4008","V-SVH-GRASBETONSTEEN_02_KL-SO","GRASBETONSTEEN_02_KL","SO"
"http://digitalbuildingdata.tech/nlcs/def/e420d761-bcef-436a-80da-7203d5108147","GRASPLAAT","SVH","V","4009","V-SVH-GRASPLAAT_KL-SO","GRASPLAAT_KL","SO"
"http://digitalbuildingdata.tech/nlcs/def/427981e1-a84f-4527-a84d-daf47aaa1c48","GRASTEGEL","SVH","V","4010","V-SVH-GRASTEGEL_01_KL-SO","GRASTEGEL_01_KL","SO"
"http://digitalbuildingdata.tech/nlcs/def/239de6c5-ff15-40a1-914f-4635f36fb640","GRASTEGEL","SVH","V","4011","V-SVH-GRASTEGEL_02_KL-SO","GRASTEGEL_02_KL","SO"
"http://digitalbuildingdata.tech/nlcs/def/ade903f5-7778-4a84-8f8c-303e19483e55","GRASTEGEL","SVH","V","4012","V-SVH-GRASTEGEL_STIP_KL-SO","GRASTEGEL_STIP_KL","SO"
"http://digitalbuildingdata.tech/nlcs/def/1a640e59-2500-4db4-90aa-96d596924eb0","GRAVEL","SVH","V","4013","V-SVH-GRAVEL_KL-SO","GRAVEL_KL","SO"
"http://digitalbuildingdata.tech/nlcs/def/2657f8fc-aae8-441b-a13c-ded8a1d9a88d","GRIND","SVH","V","4014","V-SVH-GRIND_KL-SO","GRIND_KL","SO"
"http://digitalbuildingdata.tech/nlcs/def/1b928947-2b0a-448c-8a13-d6775e57185b","HALFVERHARDING","SVH","V","4015","V-SVH-HALFVERHARDING_01_KL-SO","HALFVERHARDING_01_KL","SO"
"http://digitalbuildingdata.tech/nlcs/def/48e7286d-3f80-418b-8959-08359b518c31","HALFVERHARDING","SVH","V","4016","V-SVH-HALFVERHARDING_02_KL-SO","HALFVERHARDING_02_KL","SO"
"http://digitalbuildingdata.tech/nlcs/def/4d440f22-390f-4f04-aedf-45fbeb0caff1","HALFVERHARDING","SVH","V","4017","V-SVH-HALFVERHARDING_GRIND_01_KL-SO","HALFVERHARDING_GRIND_01_KL","SO"
"http://digitalbuildingdata.tech/nlcs/def/d7e4893c-2a21-44e9-b61e-6177a2c68701","HALFVERHARDING","SVH","V","4018","V-SVH-HALFVERHARDING_GRIND_02_KL-SO","HALFVERHARDING_GRIND_02_KL","SO"
"http://digitalbuildingdata.tech/nlcs/def/9cf2ab7d-b70b-4d02-9abe-53511fd9e940","HALFVERHARDING","SVH","V","4019","V-SVH-HALFVERHARDING_SCHELPEN_KL-SO","HALFVERHARDING_SCHELPEN_KL","SO"
"http://digitalbuildingdata.tech/nlcs/def/1cf8a7c4-792c-41e1-a760-55f724f74273","HOUTSNIPPERS","SVH","V","4020","V-SVH-HOUTSNIPPERS_KL-SO","HOUTSNIPPERS_KL","SO"
"http://digitalbuildingdata.tech/nlcs/def/a648e47e-43ac-4d1f-a880-96c5938a00fc","HSTEEN","SVH","V","4021","V-SVH-HSTEEN_KL-SO","HSTEEN_KL","SO"
"http://digitalbuildingdata.tech/nlcs/def/a067e5fd-45f4-498d-bdcc-e162fa21d768","KALKZANDSTEEN","SVH","V","4022","V-SVH-KALKZANDSTEEN-SO","KALKZANDSTEEN","SO"
"http://digitalbuildingdata.tech/nlcs/def/74a0909b-0c72-43c8-bec6-36fea52f1597","KALKZANDSTEEN","SVH","V","4023","V-SVH-KALKZANDSTEEN_KL-SO","KALKZANDSTEEN_KL","SO"
"http://digitalbuildingdata.tech/nlcs/def/6bcbd521-19bd-4f2c-97fa-3414f3211fce","METSELWERK","SVH","V","4024","V-SVH-METSELWERK_KL-SO","METSELWERK_KL","SO"
"http://digitalbuildingdata.tech/nlcs/def/028746b0-1979-47fd-9e8c-b016450e51ae","NATUURSTEEN","SVH","V","4025","V-SVH-NATUURSTEEN_01_KL-SO","NATUURSTEEN_01_KL","SO"
"http://digitalbuildingdata.tech/nlcs/def/fdfe232f-116c-4818-b4e0-2c84e7618297","NATUURSTEEN","SVH","V","4026","V-SVH-NATUURSTEEN_02_KL-SO","NATUURSTEEN_02_KL","SO"
"http://digitalbuildingdata.tech/nlcs/def/3f821434-8acc-4adb-b2fb-b8133171d477","NATUURSTEEN","SVH","V","4027","V-SVH-NATUURSTEEN_KINDERKOP_HALFST_KL-SO","NATUURSTEEN_KINDERKOP_HALFST_KL","SO"
"http://digitalbuildingdata.tech/nlcs/def/fc642cfa-77c6-49d3-b100-a3f789afa385","NATUURSTEEN","SVH","V","4028","V-SVH-NATUURSTEEN_LOSVERBAND_01_KL-SO","NATUURSTEEN_LOSVERBAND_01_KL","SO"
"http://digitalbuildingdata.tech/nlcs/def/abdc9a2f-804c-440f-86f8-1383294b456b","NATUURSTEEN","SVH","V","4029","V-SVH-NATUURSTEEN_LOSVERBAND_02_KL-SO","NATUURSTEEN_LOSVERBAND_02_KL","SO"
"http://digitalbuildingdata.tech/nlcs/def/b2869891-b42c-43bd-9e15-f908a80e371b","PLANKEN","SVH","V","4030","V-SVH-PLANKEN_01_KL-SO","PLANKEN_01_KL","SO"
"http://digitalbuildingdata.tech/nlcs/def/6601a870-bb9f-4784-965a-5e8d463de788","PLANKEN","SVH","V","4031","V-SVH-PLANKEN_02_KL-SO","PLANKEN_02_KL","SO"
"http://digitalbuildingdata.tech/nlcs/def/6926ced1-57e0-4b60-b812-b114ce7c585b","PUINVERHARDING","SVH","V","4032","V-SVH-PUINVERHARDING_KL-SO","PUINVERHARDING_KL","SO"
"http://digitalbuildingdata.tech/nlcs/def/b6f2d4dd-4fb9-4022-80f7-7d3a55b61071","ROOSTER","SVH","V","4033","V-SVH-ROOSTER_KL-SO","ROOSTER_KL","SO"
"http://digitalbuildingdata.tech/nlcs/def/ae44a249-19b1-41b6-96e0-fea85da80972","RUBBERTEGEL","SVH","V","4034","V-SVH-RUBBERTEGEL_500X500_HALFST_KL-SO","RUBBERTEGEL_500X500_HALFST_KL","SO"
"http://digitalbuildingdata.tech/nlcs/def/2e3bf258-17fb-41ce-8412-8557f460426c","SBS","SVH","V","4035","V-SVH-SBS_DIKFORMAAT_BLOK-SO","SBS_DIKFORMAAT_BLOK","SO"
"http://digitalbuildingdata.tech/nlcs/def/e123f33c-8cd7-406c-a27a-b876a6742140","SBS","SVH","V","4036","V-SVH-SBS_DIKFORMAAT_BLOK_KL-SO","SBS_DIKFORMAAT_BLOK_KL","SO"
"http://digitalbuildingdata.tech/nlcs/def/51337539-97ad-43bb-8262-a037652f400c","SIERBESTRATING","SVH","V","4037","V-SVH-SIERBESTRATING_01_KL-SO","SIERBESTRATING_01_KL","SO"
"http://digitalbuildingdata.tech/nlcs/def/8e25e624-16ef-48ee-a268-b696d9eadf78","SIERBESTRATING","SVH","V","4038","V-SVH-SIERBESTRATING_02_KL-SO","SIERBESTRATING_02_KL","SO"
"http://digitalbuildingdata.tech/nlcs/def/9b12095a-ae79-49ba-9cb6-eced177b6993","SIERTEGEL","SVH","V","4039","V-SVH-SIERTEGEL_KL-SO","SIERTEGEL_KL","SO"
"http://digitalbuildingdata.tech/nlcs/def/a170ca94-4258-4bb6-889e-05c0331b11a0","SPECIAAL","SVH","V","4040","V-SVH-SPECIAAL_01_KL-SO","SPECIAAL_01_KL","SO"
"http://digitalbuildingdata.tech/nlcs/def/1502d808-9f75-415c-8f64-3a3afb3989a4","SPECIAAL","SVH","V","4041","V-SVH-SPECIAAL_02_KL-SO","SPECIAAL_02_KL","SO"
"http://digitalbuildingdata.tech/nlcs/def/e6cdecd6-7636-4ba3-98b6-7b74e8142b9a","SPECIAAL","SVH","V","4042","V-SVH-SPECIAAL_OVERIG_01_KL-SO","SPECIAAL_OVERIG_01_KL","SO"
"http://digitalbuildingdata.tech/nlcs/def/6a010aa2-7fa1-48cf-b593-916dfbfb692a","SPECIAAL","SVH","V","4043","V-SVH-SPECIAAL_OVERIG_02_KL-SO","SPECIAAL_OVERIG_02_KL","SO"
"http://digitalbuildingdata.tech/nlcs/def/ff8d5dc7-613f-4931-90ff-8041f9a57b2b","SPECIAAL","SVH","V","4044","V-SVH-SPECIAAL_OVERIG_KOPSHOUT_KL-SO","SPECIAAL_OVERIG_KOPSHOUT_KL","SO"
"http://digitalbuildingdata.tech/nlcs/def/57c72f17-2948-4939-ab28-8521cdf26494","SPECIAAL","SVH","V","4045","V-SVH-SPECIAAL_OVERIG_LANGSHOUT_KL-SO","SPECIAAL_OVERIG_LANGSHOUT_KL","SO"
"http://digitalbuildingdata.tech/nlcs/def/9d7261ee-f03d-4aa4-9f27-4e172bd8a4e5","SPECIAAL","SVH","V","4046","V-SVH-SPECIAAL_OVERIG_TRANENPLAAT_01_KL-SO","SPECIAAL_OVERIG_TRANENPLAAT_01_KL","SO"
"http://digitalbuildingdata.tech/nlcs/def/5efc86b1-be4d-46a2-a9f9-e470275effaf","SPECIAAL","SVH","V","4047","V-SVH-SPECIAAL_OVERIG_TRANENPLAAT_02_KL-SO","SPECIAAL_OVERIG_TRANENPLAAT_02_KL","SO"
"http://digitalbuildingdata.tech/nlcs/def/96d28e74-478f-4c46-83f7-98d75014b1ea","TEGEL","SVH","V","4048","V-SVH-TEGEL_150X300_DIK_ELLEBOOG_KL-SO","TEGEL_150X300_DIK_ELLEBOOG_KL","SO"
"http://digitalbuildingdata.tech/nlcs/def/d2ec215a-8295-42cb-b37c-64338cff8fce","TEGEL","SVH","V","4049","V-SVH-TEGEL_150X300_DIK_ELLEBOOG_STIP_KL-SO","TEGEL_150X300_DIK_ELLEBOOG_STIP_KL","SO"
"http://digitalbuildingdata.tech/nlcs/def/b6434a4d-a9aa-47fd-920b-50f4811bf7fc","TEGEL","SVH","V","4050","V-SVH-TEGEL_150X300_DUN_ELLEBOOG_KL-SO","TEGEL_150X300_DUN_ELLEBOOG_KL","SO"
"http://digitalbuildingdata.tech/nlcs/def/eec03fdb-c0dc-42ac-962c-970eaafb163d","TEGEL","SVH","V","4051","V-SVH-TEGEL_150X300_DUN_ELLEBOOG_STIP_KL-SO","TEGEL_150X300_DUN_ELLEBOOG_STIP_KL","SO"
"http://digitalbuildingdata.tech/nlcs/def/2fa0687c-070d-4791-9cf6-bd957c31071b","TEGEL","SVH","V","4052","V-SVH-TEGEL_300X150_DIK_ELLEBOOG_KL-SO","TEGEL_300X150_DIK_ELLEBOOG_KL","SO"
"http://digitalbuildingdata.tech/nlcs/def/3750064f-e71f-4571-a35b-d6badf061256","TEGEL","SVH","V","4053","V-SVH-TEGEL_300X150_DIK_ELLEBOOG_STIP_KL-SO","TEGEL_300X150_DIK_ELLEBOOG_STIP_KL","SO"
"http://digitalbuildingdata.tech/nlcs/def/a872c01f-af56-4ca0-8400-010b026b5133","TEGEL","SVH","V","4054","V-SVH-TEGEL_300X150_DUN_ELLEBOOG_KL-SO","TEGEL_300X150_DUN_ELLEBOOG_KL","SO"
"http://digitalbuildingdata.tech/nlcs/def/5f5a6a01-aad7-4d29-a9d6-69723b523b49","TEGEL","SVH","V","4055","V-SVH-TEGEL_300X150_DUN_ELLEBOOG_STIP_KL-SO","TEGEL_300X150_DUN_ELLEBOOG_STIP_KL","SO"
"http://digitalbuildingdata.tech/nlcs/def/98c9dda8-312d-48f3-bb57-d02e79a0c141","TEGEL","SVH","V","4056","V-SVH-TEGEL_300X300_DIK_HALFST_STIP_KL-SO","TEGEL_300X300_DIK_HALFST_STIP_KL","SO"
"http://digitalbuildingdata.tech/nlcs/def/24ee1a12-7f2e-4237-9904-3bf2b7bb9cee","TEGEL","SVH","V","4057","V-SVH-TEGEL_300X300_DIK_LINT_STIP_KL-SO","TEGEL_300X300_DIK_LINT_STIP_KL","SO"
"http://digitalbuildingdata.tech/nlcs/def/ca9b6ac6-b8e2-41c2-8a8e-fb104e45087c","TEGEL","SVH","V","4058","V-SVH-TEGEL_300X300_DUN_HALFST_STIP_KL-SO","TEGEL_300X300_DUN_HALFST_STIP_KL","SO"
"http://digitalbuildingdata.tech/nlcs/def/e09d54f3-9bde-4e2a-9630-aded65545158","TEGEL","SVH","V","4059","V-SVH-TEGEL_300X300_DUN_LINT_STIP_KL-SO","TEGEL_300X300_DUN_LINT_STIP_KL","SO"
"http://digitalbuildingdata.tech/nlcs/def/035145b2-87c2-4dd5-a7e6-136402a97d9d","TEGEL","SVH","V","4060","V-SVH-TEGEL_400X400_HALFST_STREEP_KL-SO","TEGEL_400X400_HALFST_STREEP_KL","SO"
"http://digitalbuildingdata.tech/nlcs/def/417c058e-7c4a-4978-96dc-d6ac02643912","TEGEL","SVH","V","4061","V-SVH-TEGEL_500X500_BLOK_KL-SO","TEGEL_500X500_BLOK_KL","SO"
"http://digitalbuildingdata.tech/nlcs/def/1cb6ff8b-bdac-4266-8089-ae06715a827d","TEGEL","SVH","V","4062","V-SVH-TEGEL_1000X1000_HALFST_KL-SO","TEGEL_1000X1000_HALFST_KL","SO"
"http://digitalbuildingdata.tech/nlcs/def/f69a06f7-4089-4331-be0a-91605edacc55","TEGEL","SVH","V","4063","V-SVH-TEGEL_2000X2000_BLOK_KL-SO","TEGEL_2000X2000_BLOK_KL","SO"
"http://digitalbuildingdata.tech/nlcs/def/dcd9490e-07b4-450a-818e-e7fc2bed06f1","TEGEL","SVH","V","4064","V-SVH-TEGEL_2000X2000_HALFST_KL-SO","TEGEL_2000X2000_HALFST_KL","SO"
"http://digitalbuildingdata.tech/nlcs/def/704186f7-165f-419e-a6a3-24e58f0bc00b","TEGEL","SVH","V","4065","V-SVH-TEGEL_BLOK_STIP_01_KL-SO","TEGEL_BLOK_STIP_01_KL","SO"
"http://digitalbuildingdata.tech/nlcs/def/150b528c-eb8c-4240-b4f4-474a4b67b228","TEGEL","SVH","V","4066","V-SVH-TEGEL_BLOK_STIP_02_KL-SO","TEGEL_BLOK_STIP_02_KL","SO"
"http://digitalbuildingdata.tech/nlcs/def/5a9a6051-e0a8-4094-afb7-80651dbf9b15","TEGEL","SVH","V","4067","V-SVH-TEGEL_VARIABEL_HALFST_KL-SO","TEGEL_VARIABEL_HALFST_KL","SO"
"http://digitalbuildingdata.tech/nlcs/def/ac6d2102-c202-4a40-b0d3-9dffefcccb6b","TEGEL","SVH","V","4068","V-SVH-TEGEL_ZESKANT_KL-SO","TEGEL_ZESKANT_KL","SO"
"http://digitalbuildingdata.tech/nlcs/def/dc2fda9f-dd95-4c79-b962-d7924aa8503a","BOOMKRANS","SVH","","636","SVH-BOOMKRANS_ELEMENT_LATERAAL_1200X1200","BOOMKRANS_ELEMENT_LATERAAL_1200X1200",""
"http://digitalbuildingdata.tech/nlcs/def/233afa6c-5fa8-45d9-ad0e-06f149f0a34b","BOOMKRANS","SVH","","637","SVH-BOOMKRANS_ELEMENT_LATERAAL_1500X1500","BOOMKRANS_ELEMENT_LATERAAL_1500X1500",""
"http://digitalbuildingdata.tech/nlcs/def/60a8e1cf-e073-4913-bcb1-4b8b3be0ef7f","BOOMKRANS","SVH","","638","SVH-BOOMKRANS_ELEMENT_WEGA_1500X1500","BOOMKRANS_ELEMENT_WEGA_1500X1500",""
"http://digitalbuildingdata.tech/nlcs/def/4e657071-8d8f-4140-ab39-766bc9b5a5b7","BOOMKRANS","SVH","","639","SVH-BOOMKRANS_ELEMENT_WEGA_2250X2250","BOOMKRANS_ELEMENT_WEGA_2250X2250",""
"http://digitalbuildingdata.tech/nlcs/def/ebecb9dc-cd79-449f-b300-c4939319856a","TEGEL","SVH","","651","SVH-TEGEL_CONTAINERTEGEL","TEGEL_CONTAINERTEGEL",""
"http://digitalbuildingdata.tech/nlcs/def/e5e9a87c-bb6a-4913-b55a-e6326d91ff85","KANTOPSLUITING","SVH","","697","SVH-KANTOPSLUITING_STOOTBAND_ROND_VLAK_1000X200_DUBBEL","KANTOPSLUITING_STOOTBAND_ROND_VLAK_1000X200_DUBBEL",""
"http://digitalbuildingdata.tech/nlcs/def/c6c3a93d-255c-4224-8bd0-7504e394eef1","KANTOPSLUITING","SVH","","699","SVH-KANTOPSLUITING_STOOTBAND_ROND_VLAK_750X200_DUBBEL","KANTOPSLUITING_STOOTBAND_ROND_VLAK_750X200_DUBBEL",""
"http://digitalbuildingdata.tech/nlcs/def/f97214e8-9923-4ca6-8e1e-954b58ac2617","KANTOPSLUITING","SVH","","700","SVH-KANTOPSLUITING_STOOTBAND_ROND_VLAK_900X200_DUBBEL","KANTOPSLUITING_STOOTBAND_ROND_VLAK_900X200_DUBBEL",""
"http://digitalbuildingdata.tech/nlcs/def/359a6158-b6b8-485f-9699-b98311c1c286","TEGEL","SVH","","701","SVH-TEGEL_PARKEERTEGEL","TEGEL_PARKEERTEGEL",""
"http://digitalbuildingdata.tech/nlcs/def/e267c579-41a6-4d96-9ada-a7343a3a071a","BOOMKRANSBAND","SVH","V","734","V-SVH-BOOMKRANSBAND_1200X1200","BOOMKRANSBAND_1200X1200",""
"http://digitalbuildingdata.tech/nlcs/def/560fd7e3-be4d-4698-ad2a-145b42088b61","BOOMKRANS","SVH","V","735","V-SVH-BOOMKRANS_ELEMENT_LATERAAL_1200X1200","BOOMKRANS_ELEMENT_LATERAAL_1200X1200",""
"http://digitalbuildingdata.tech/nlcs/def/e84dae24-a72e-46ea-8b58-1dcd9ce55106","BOOMKRANS","SVH","V","736","V-SVH-BOOMKRANS_ELEMENT_LATERAAL_1500X1500","BOOMKRANS_ELEMENT_LATERAAL_1500X1500",""
"http://digitalbuildingdata.tech/nlcs/def/8ff2778c-572d-4b0a-88e1-a78bd1cd37e3","BOOMKRANS","SVH","V","737","V-SVH-BOOMKRANS_ELEMENT_WEGA_1500X1500","BOOMKRANS_ELEMENT_WEGA_1500X1500",""
"http://digitalbuildingdata.tech/nlcs/def/268703dd-e7e9-4640-96ae-d84df8a67367","BOOMKRANS","SVH","V","738","V-SVH-BOOMKRANS_ELEMENT_WEGA_2250X2250","BOOMKRANS_ELEMENT_WEGA_2250X2250",""
"http://digitalbuildingdata.tech/nlcs/def/1a17d876-4ed6-4ab5-a09b-656855d70b73","TEGEL","SVH","V","750","V-SVH-TEGEL_CONTAINERTEGEL","TEGEL_CONTAINERTEGEL",""
"http://digitalbuildingdata.tech/nlcs/def/00352018-2944-4ffc-bade-ec01197637ff","KANTOPSLUITING","SVH","V","796","V-SVH-KANTOPSLUITING_STOOTBAND_ROND_VLAK_1000X200_DUBBEL","KANTOPSLUITING_STOOTBAND_ROND_VLAK_1000X200_DUBBEL",""
"http://digitalbuildingdata.tech/nlcs/def/278bc972-b5c2-4c91-98ec-58bf48aba945","KANTOPSLUITING","SVH","V","798","V-SVH-KANTOPSLUITING_STOOTBAND_ROND_VLAK_750X200_DUBBEL","KANTOPSLUITING_STOOTBAND_ROND_VLAK_750X200_DUBBEL",""
"http://digitalbuildingdata.tech/nlcs/def/e706dd3d-6f03-4eca-89d8-f76e0f6e001d","KANTOPSLUITING","SVH","V","799","V-SVH-KANTOPSLUITING_STOOTBAND_ROND_VLAK_900X200_DUBBEL","KANTOPSLUITING_STOOTBAND_ROND_VLAK_900X200_DUBBEL",""
"http://digitalbuildingdata.tech/nlcs/def/223dac07-6c48-4a45-b569-3ac86c2d6e3b","TEGEL","SVH","V","800","V-SVH-TEGEL_PARKEERTEGEL","TEGEL_PARKEERTEGEL",""
"http://digitalbuildingdata.tech/nlcs/def/22a04c81-24cb-4f63-9a86-6f46525b07df","GELEIDELIJNTEGEL","SVH","V","9054","V-SVH-GELEIDELIJNTEGEL","GELEIDELIJNTEGEL",""
"http://digitalbuildingdata.tech/nlcs/def/bd169be9-b557-4e5e-a035-483937194192","GELEIDELIJNTEGEL","SVH","","9055","SVH-GELEIDELIJNTEGEL","GELEIDELIJNTEGEL",""
"http://digitalbuildingdata.tech/nlcs/def/dcbc24bd-3d4d-49a9-9f50-a8bfdecd2245","INFORMATIETEGEL","SVH","","9057","SVH-INFORMATIETEGEL","INFORMATIETEGEL",""
"http://digitalbuildingdata.tech/nlcs/def/f127a9ce-83a5-48c5-bee5-ffcaa894f718","INFORMATIETEGEL","SVH","V","9229","V-SVH-INFORMATIETEGEL","INFORMATIETEGEL",""