"symboolURI","searchterm","sbibliotheek","fase","id","symbool","finalCleanName","optie"
"http://digitalbuildingdata.tech/nlcs/def/74ff6f24-4a17-49ac-adb8-5a9f42d8a287","VRI","SIW","","10336","SIW-VRI_LANTAARN_200MM_2LICHT_HEMEL-SO","VRI_LANTAARN_200MM_2LICHT_HEMEL","SO"
"http://digitalbuildingdata.tech/nlcs/def/2870b943-d16a-4d53-9f54-b9aab77f4ab1","VRI","SIW","V","10337","V-SIW-VRI_LANTAARN_80MM_ONDERLICHT-SO","VRI_LANTAARN_80MM_ONDERLICHT","SO"
"http://digitalbuildingdata.tech/nlcs/def/0439d504-d60d-4055-90bf-cb9a5d379921","TDI","SIW","","2568","SIW-TDI_DETECTIELUS-SO","TDI_DETECTIELUS","SO"
"http://digitalbuildingdata.tech/nlcs/def/208e94ba-33a1-4f49-8ae4-6429ceecec64","TDI","SIW","","2569","SIW-TDI_DRAAGCONSTRUCTIE_PORTAAL-SO","TDI_DRAAGCONSTRUCTIE_PORTAAL","SO"
"http://digitalbuildingdata.tech/nlcs/def/b55b15f5-3102-4034-b81b-bbc0f6d7b6cd","TDI","SIW","","2570","SIW-TDI_DRAAGCONSTRUCTIE_UITHOUDER-SO","TDI_DRAAGCONSTRUCTIE_UITHOUDER","SO"
"http://digitalbuildingdata.tech/nlcs/def/4694c890-64a6-477f-b87c-272c210aa821","TDI","SIW","","2571","SIW-TDI_LANTAARN_DOSEERLICHT-SO","TDI_LANTAARN_DOSEERLICHT","SO"
"http://digitalbuildingdata.tech/nlcs/def/9fcdb568-3112-405a-b570-602771410a05","TDI","SIW","","2572","SIW-TDI_PUTSARMATUUR-SO","TDI_PUTSARMATUUR","SO"
"http://digitalbuildingdata.tech/nlcs/def/3f8195d0-50e0-48e5-80ec-957b16b0e8cd","TDI","SIW","","2573","SIW-TDI_ROODLICHTCAMERA-SO","TDI_ROODLICHTCAMERA","SO"
"http://digitalbuildingdata.tech/nlcs/def/b1843850-73fc-4a3d-af17-cf1d4bd63636","TDI","SIW","","2574","SIW-TDI_SELECTIEVE DETECTIELUS-SO","TDI_SELECTIEVE DETECTIELUS","SO"
"http://digitalbuildingdata.tech/nlcs/def/e8e4f092-97d0-482d-8717-382cb6252b33","TDI","SIW","","2575","SIW-TDI_VERKEERSREGELTOESTEL-SO","TDI_VERKEERSREGELTOESTEL","SO"
"http://digitalbuildingdata.tech/nlcs/def/7f993f48-8860-487b-8e03-fed2973950b2","TDI","SIW","","2576","SIW-TDI_VOORSEIN_BUS-SO","TDI_VOORSEIN_BUS","SO"
"http://digitalbuildingdata.tech/nlcs/def/b5dd3ce6-4d7f-494d-969e-5458f9e7972b","TDI","SIW","","2577","SIW-TDI_VOORSEIN_BUS_9OOG-SO","TDI_VOORSEIN_BUS_9OOG","SO"
"http://digitalbuildingdata.tech/nlcs/def/b9831b95-c502-4d69-b911-a29eee3b1cf8","TDI","SIW","","2578","SIW-TDI_VOORWAARSCHUWINGSSEIN-SO","TDI_VOORWAARSCHUWINGSSEIN","SO"
"http://digitalbuildingdata.tech/nlcs/def/9344b4d6-2d8f-41f6-95a8-a7e38adbf076","VRI","SIW","","2589","SIW-VRI_MOTORFIETSGEVOELIGEDETECTIELUS-SO","VRI_MOTORFIETSGEVOELIGEDETECTIELUS","SO"
"http://digitalbuildingdata.tech/nlcs/def/d400d92e-a333-4425-a9bb-f4c6989305b6","VRI","SIW","","2590","SIW-VRI_2LICHTVERKEERSLANTAARN_ROND_2X200mm-SO","VRI_2LICHTVERKEERSLANTAARN_ROND_2X200mm","SO"
"http://digitalbuildingdata.tech/nlcs/def/47dc9300-4fe6-4bfc-b723-511333aa3ca8","VRI","SIW","","2591","SIW-VRI_3LICHTVERKEERSLANTAARN_ROND_3X200mm-SO","VRI_3LICHTVERKEERSLANTAARN_ROND_3X200mm","SO"
"http://digitalbuildingdata.tech/nlcs/def/767bf645-28f0-4894-8208-7b452f52a1cd","VRI","SIW","","2592","SIW-VRI_3LICHTVERKEERSLANTAARN_ROND_3X300mm-SO","VRI_3LICHTVERKEERSLANTAARN_ROND_3X300mm","SO"
"http://digitalbuildingdata.tech/nlcs/def/b281f8e6-666c-4a15-bbf6-0a8fbd076290","VRI","SIW","","2593","SIW-VRI_3LICHTVERKEERSLANTAARN_ROND_3X80mm-SO","VRI_3LICHTVERKEERSLANTAARN_ROND_3X80mm","SO"
"http://digitalbuildingdata.tech/nlcs/def/2d39b1e9-4db6-4839-ac29-b227f52024f9","VRI","SIW","","2594","SIW-VRI_AUTOMAAT-SO","VRI_AUTOMAAT","SO"
"http://digitalbuildingdata.tech/nlcs/def/720b89d5-8596-4fe1-8094-4a7262e2f34a","VS","SIW","","2604","SIW-VS_KAST_BERMKAST-SO","VS_KAST_BERMKAST","SO"
"http://digitalbuildingdata.tech/nlcs/def/6ca97e53-394e-41fc-bf63-f267bf3d7273","VS","SIW","","2605","SIW-VS_KAST_DS-SO","VS_KAST_DS","SO"
"http://digitalbuildingdata.tech/nlcs/def/a0ec1866-a08c-44c4-b868-87e062dbdbec","VS","SIW","","2606","SIW-VS_KAST_LUSKOPPELKAST-SO","VS_KAST_LUSKOPPELKAST","SO"
"http://digitalbuildingdata.tech/nlcs/def/0a0f9677-57e1-4737-a4f3-d8f490483465","VS","SIW","","2607","SIW-VS_KAST_OS DS_LOSSEFUNDATIE-SO","VS_KAST_OS DS_LOSSEFUNDATIE","SO"
"http://digitalbuildingdata.tech/nlcs/def/29205b94-8cdf-435e-b08d-6b727c4d4c92","VS","SIW","","2608","SIW-VS_KAST_OS DS_TUSSEN A POOT PORTAAL-SO","VS_KAST_OS DS_TUSSEN A POOT PORTAAL","SO"
"http://digitalbuildingdata.tech/nlcs/def/e9ed046c-fe09-4d9d-9a4b-4226182fcf7c","VS","SIW","","2609","SIW-VS_KAST_OS_LOSSEFUNDATIE-SO","VS_KAST_OS_LOSSEFUNDATIE","SO"
"http://digitalbuildingdata.tech/nlcs/def/8bcbbf75-22b7-4387-9830-f79c565d65f5","TRAMSIGNALERING","SIW","","3299","SIW-TRAMSIGNALERING-SO","TRAMSIGNALERING","SO"
"http://digitalbuildingdata.tech/nlcs/def/88eab05f-0566-4d6b-b13d-7491e22acbae","TRAMSIGNALERING","SIW","","3300","SIW-TRAMSIGNALERING_DRAAGCONSTRUCTIE_PORTAAL-SO","TRAMSIGNALERING_DRAAGCONSTRUCTIE_PORTAAL","SO"
"http://digitalbuildingdata.tech/nlcs/def/dfbead4d-8a40-476a-a64a-f16abd55023a","TRAMSIGNALERING","SIW","","3301","SIW-TRAMSIGNALERING_PAAL-SO","TRAMSIGNALERING_PAAL","SO"
"http://digitalbuildingdata.tech/nlcs/def/44108e32-0d5f-4171-b12d-bddb9d980d05","TDI","SIW","V","3557","V-SIW-TDI_DETECTIELUS-SO","TDI_DETECTIELUS","SO"
"http://digitalbuildingdata.tech/nlcs/def/d6962afd-8f1d-43ac-bb6b-726bb51b3131","TDI","SIW","V","3558","V-SIW-TDI_DRAAGCONSTRUCTIE_PORTAAL-SO","TDI_DRAAGCONSTRUCTIE_PORTAAL","SO"
"http://digitalbuildingdata.tech/nlcs/def/a9f9d0ad-408e-4b9e-808e-c5bbbd11b31b","TDI","SIW","V","3559","V-SIW-TDI_DRAAGCONSTRUCTIE_UITHOUDER-SO","TDI_DRAAGCONSTRUCTIE_UITHOUDER","SO"
"http://digitalbuildingdata.tech/nlcs/def/a608f94e-06e4-4233-9d8a-33e6393f7305","TDI","SIW","V","3560","V-SIW-TDI_LANTAARN_DOSEERLICHT-SO","TDI_LANTAARN_DOSEERLICHT","SO"
"http://digitalbuildingdata.tech/nlcs/def/1b74d7fc-4117-45ba-a902-0e5129543b26","TDI","SIW","V","3561","V-SIW-TDI_PUTSARMATUUR-SO","TDI_PUTSARMATUUR","SO"
"http://digitalbuildingdata.tech/nlcs/def/d13e1488-59e1-4477-89a2-d50a96dd600f","TDI","SIW","V","3562","V-SIW-TDI_ROODLICHTCAMERA-SO","TDI_ROODLICHTCAMERA","SO"
"http://digitalbuildingdata.tech/nlcs/def/dcf30c59-e101-43f5-a24b-be72b1bc0e3c","TDI","SIW","V","3563","V-SIW-TDI_SELECTIEVE DETECTIELUS-SO","TDI_SELECTIEVE DETECTIELUS","SO"
"http://digitalbuildingdata.tech/nlcs/def/01c64aba-8137-4980-8be2-7188e28f2ea3","TDI","SIW","V","3564","V-SIW-TDI_VERKEERSREGELTOESTEL-SO","TDI_VERKEERSREGELTOESTEL","SO"
"http://digitalbuildingdata.tech/nlcs/def/a00162f0-4dfb-43f4-b8b6-f9750aecdc24","TDI","SIW","V","3565","V-SIW-TDI_VOORSEIN_BUS-SO","TDI_VOORSEIN_BUS","SO"
"http://digitalbuildingdata.tech/nlcs/def/6f925c7c-61e2-4c64-9a5e-6402ea7a56a9","TDI","SIW","V","3566","V-SIW-TDI_VOORSEIN_BUS_9OOG-SO","TDI_VOORSEIN_BUS_9OOG","SO"
"http://digitalbuildingdata.tech/nlcs/def/2a871ef9-38fe-417f-8d0a-c284950e9ff2","TDI","SIW","V","3567","V-SIW-TDI_VOORWAARSCHUWINGSSEIN-SO","TDI_VOORWAARSCHUWINGSSEIN","SO"
"http://digitalbuildingdata.tech/nlcs/def/1157d020-c1bc-4e0a-9a8f-f0e53be38db1","TRAMSIGNALERING","SIW","V","3568","V-SIW-TRAMSIGNALERING-SO","TRAMSIGNALERING","SO"
"http://digitalbuildingdata.tech/nlcs/def/465e9085-a536-4f72-b78d-c0d692d12dcd","TRAMSIGNALERING","SIW","V","3569","V-SIW-TRAMSIGNALERING_DRAAGCONSTRUCTIE_PORTAAL-SO","TRAMSIGNALERING_DRAAGCONSTRUCTIE_PORTAAL","SO"
"http://digitalbuildingdata.tech/nlcs/def/067869df-e96c-4bb8-9c6a-137577ee0a83","TRAMSIGNALERING","SIW","V","3570","V-SIW-TRAMSIGNALERING_PAAL-SO","TRAMSIGNALERING_PAAL","SO"
"http://digitalbuildingdata.tech/nlcs/def/dd6b5f20-b8e2-42a2-bde5-1f31530ea520","VS","SIW","V","3586","V-SIW-VS_KAST_BERMKAST-SO","VS_KAST_BERMKAST","SO"
"http://digitalbuildingdata.tech/nlcs/def/36420ee4-270c-42d8-bf66-ece7e0e6a2c9","VS","SIW","V","3587","V-SIW-VS_KAST_DS-SO","VS_KAST_DS","SO"
"http://digitalbuildingdata.tech/nlcs/def/2d159436-a4e0-4690-b5de-2a793152a2df","VS","SIW","V","3588","V-SIW-VS_KAST_LUSKOPPELKAST-SO","VS_KAST_LUSKOPPELKAST","SO"
"http://digitalbuildingdata.tech/nlcs/def/083b3786-90d2-4607-b388-eace970a68f7","VS","SIW","V","3589","V-SIW-VS_KAST_OS DS_LOSSEFUNDATIE-SO","VS_KAST_OS DS_LOSSEFUNDATIE","SO"
"http://digitalbuildingdata.tech/nlcs/def/14ef5d2e-cd6d-48a5-981a-3698a37efe99","VS","SIW","V","3590","V-SIW-VS_KAST_OS DS_TUSSEN A POOT PORTAAL-SO","VS_KAST_OS DS_TUSSEN A POOT PORTAAL","SO"
"http://digitalbuildingdata.tech/nlcs/def/75c9fb1d-0800-499f-9eb6-f3dae16638ce","VS","SIW","V","3591","V-SIW-VS_KAST_OS_LOSSEFUNDATIE-SO","VS_KAST_OS_LOSSEFUNDATIE","SO"
"http://digitalbuildingdata.tech/nlcs/def/e6db1510-2902-48ca-9d74-196b4c09f33c","VRI","SIW","","4171","SIW-VRI_POLLER-SO","VRI_POLLER","SO"
"http://digitalbuildingdata.tech/nlcs/def/c49a8d09-c247-4061-81f1-2805a5fc22b1","VRI","SIW","","4172","SIW-VRI_POLLER_BEWEEGBAAR-SO","VRI_POLLER_BEWEEGBAAR","SO"
"http://digitalbuildingdata.tech/nlcs/def/b911d0cb-3586-48ad-8955-c7b00523582a","VRI","SIW","","4173","SIW-VRI_POLLER_SCANPAAL-SO","VRI_POLLER_SCANPAAL","SO"
"http://digitalbuildingdata.tech/nlcs/def/6d49a078-13c8-4370-add4-e1e951d237cd","VRI","SIW","","4174","SIW-VRI_POLLER_VAST-SO","VRI_POLLER_VAST","SO"
"http://digitalbuildingdata.tech/nlcs/def/916ca4da-67e5-4013-91ab-9dc202d26e54","VRI","SIW","B","7513","B-SIW-VRI_AUTOMAAT_HOOFD-SO","VRI_AUTOMAAT_HOOFD","SO"
"http://digitalbuildingdata.tech/nlcs/def/987e3b9d-89a5-4c87-b5c0-984db1d48450","VRI","SIW","B","7514","B-SIW-VRI_AUTOMAAT_SECTIEKAST-SO","VRI_AUTOMAAT_SECTIEKAST","SO"
"http://digitalbuildingdata.tech/nlcs/def/93bd5e98-5a2c-438b-b6fc-f4ca9a5eeda3","VRI","SIW","B","7515","B-SIW-VRI_BEKABELING_LOOPBUFFER-SO","VRI_BEKABELING_LOOPBUFFER","SO"
"http://digitalbuildingdata.tech/nlcs/def/dee655ae-a84c-439d-a2fd-35b253da931b","VRI","SIW","B","7516","B-SIW-VRI_BEKABELING_MOF-SO","VRI_BEKABELING_MOF","SO"
"http://digitalbuildingdata.tech/nlcs/def/78b5ca30-54f0-4080-aed8-67c70d03fa12","VRI","SIW","B","7517","B-SIW-VRI_BEKABELING_VERBINDINGSPUT-SO","VRI_BEKABELING_VERBINDINGSPUT","SO"
"http://digitalbuildingdata.tech/nlcs/def/5dd65ce6-1a0d-4037-a03c-2b12cae95615","VRI","SIW","B","7518","B-SIW-VRI_CAMERA_DOME-SO","VRI_CAMERA_DOME","SO"
"http://digitalbuildingdata.tech/nlcs/def/f8fe6088-e82a-4b49-8c0d-948437577634","VRI","SIW","B","7519","B-SIW-VRI_CAMERA_INFRAROOD-SO","VRI_CAMERA_INFRAROOD","SO"
"http://digitalbuildingdata.tech/nlcs/def/51c960cd-0100-4c7f-9515-1a79286a4f36","VRI","SIW","B","7520","B-SIW-VRI_CAMERA_KENTEKEN-SO","VRI_CAMERA_KENTEKEN","SO"
"http://digitalbuildingdata.tech/nlcs/def/39567a7a-e34c-43aa-857b-5f3422700e2c","VRI","SIW","B","7521","B-SIW-VRI_CAMERA_OBSERVATIE-SO","VRI_CAMERA_OBSERVATIE","SO"
"http://digitalbuildingdata.tech/nlcs/def/6673fb2f-b190-49d5-a0d3-a3f1b97856c1","VRI","SIW","B","7522","B-SIW-VRI_CAMERA_ROODLICHT-SO","VRI_CAMERA_ROODLICHT","SO"
"http://digitalbuildingdata.tech/nlcs/def/c3c5b70e-02bb-4844-b206-2d45e2f9ffcc","VRI","SIW","B","7523","B-SIW-VRI_CAMERA_THERMISCH-SO","VRI_CAMERA_THERMISCH","SO"
"http://digitalbuildingdata.tech/nlcs/def/29a50828-a1b4-4227-a15e-a5b1950f6747","VRI","SIW","B","7524","B-SIW-VRI_CAMERA_VIDEO-SO","VRI_CAMERA_VIDEO","SO"
"http://digitalbuildingdata.tech/nlcs/def/d9996c97-73e2-41be-8ea5-5ee7e45c7aa2","VRI","SIW","B","7525","B-SIW-VRI_DETECTIE_DRUKKNOP_WACHTSIGNAAL-SO","VRI_DETECTIE_DRUKKNOP_WACHTSIGNAAL","SO"
"http://digitalbuildingdata.tech/nlcs/def/99c28ee4-64d1-4db4-bd04-4e890d7da68e","VRI","SIW","B","7526","B-SIW-VRI_DETECTIE_DRUKKNOP_WACHTSIGNAAL_VISUEEL-SO","VRI_DETECTIE_DRUKKNOP_WACHTSIGNAAL_VISUEEL","SO"
"http://digitalbuildingdata.tech/nlcs/def/13c120a3-2168-491d-b4e0-e272dbc12af2","VRI","SIW","B","7527","B-SIW-VRI_DETECTIE_KARANTENNE-SO","VRI_DETECTIE_KARANTENNE","SO"
"http://digitalbuildingdata.tech/nlcs/def/60e82522-4220-4148-9c08-bde1d11b446b","VRI","SIW","B","7528","B-SIW-VRI_DETECTIE_OPTICOM-SO","VRI_DETECTIE_OPTICOM","SO"
"http://digitalbuildingdata.tech/nlcs/def/2470c3b0-9bbc-4f5f-81cb-c1475c7c7b4b","VRI","SIW","B","7529","B-SIW-VRI_DETECTIE_RADARDETECTOR-SO","VRI_DETECTIE_RADARDETECTOR","SO"
"http://digitalbuildingdata.tech/nlcs/def/9640e81a-3f5c-480f-a19d-7b66e2808513","VRI","SIW","B","7530","B-SIW-VRI_DETECTIE_WIFIPANTENNE-SO","VRI_DETECTIE_WIFIPANTENNE","SO"
"http://digitalbuildingdata.tech/nlcs/def/9386a46f-13ae-4e41-bf8a-04a3669c13a8","VRI","SIW","B","7531","B-SIW-VRI_DRAAGCONSTRUCTIE_BEVESTIGING_KNIEOPZETSTUK_TYPE1-SO","VRI_DRAAGCONSTRUCTIE_BEVESTIGING_KNIEOPZETSTUK_TYPE1","SO"
"http://digitalbuildingdata.tech/nlcs/def/ea3ac8f1-0ab9-4959-b341-54e2d1804dee","VRI","SIW","B","7532","B-SIW-VRI_DRAAGCONSTRUCTIE_BEVESTIGING_KNIEOPZETSTUK_TYPE2-SO","VRI_DRAAGCONSTRUCTIE_BEVESTIGING_KNIEOPZETSTUK_TYPE2","SO"
"http://digitalbuildingdata.tech/nlcs/def/583f93b5-4e40-41c7-ab50-5e6027449f76","VRI","SIW","B","7533","B-SIW-VRI_DRAAGCONSTRUCTIE_BEVESTIGING_NEIGINRICHTING-SO","VRI_DRAAGCONSTRUCTIE_BEVESTIGING_NEIGINRICHTING","SO"
"http://digitalbuildingdata.tech/nlcs/def/d8ebb6fe-4615-4c74-be47-42037c2da312","VRI","SIW","B","7534","B-SIW-VRI_DRAAGCONSTRUCTIE_DRUKKNOPMAST-SO","VRI_DRAAGCONSTRUCTIE_DRUKKNOPMAST","SO"
"http://digitalbuildingdata.tech/nlcs/def/8b87adc9-79eb-4314-84d9-632e28a760b4","VRI","SIW","B","7535","B-SIW-VRI_DRAAGCONSTRUCTIE_MAST-SO","VRI_DRAAGCONSTRUCTIE_MAST","SO"
"http://digitalbuildingdata.tech/nlcs/def/01d60de7-f14e-4635-9f18-6068d4c92f90","VRI","SIW","B","7536","B-SIW-VRI_DRAAGCONSTRUCTIE_STAANDER-SO","VRI_DRAAGCONSTRUCTIE_STAANDER","SO"
"http://digitalbuildingdata.tech/nlcs/def/8dbfbf6f-e554-48dc-a8b3-86a3eb68464c","VRI","SIW","B","7537","B-SIW-VRI_LANTAARN_200MM_1LICHT_DEELCONFLICTLINKS-SO","VRI_LANTAARN_200MM_1LICHT_DEELCONFLICTLINKS","SO"
"http://digitalbuildingdata.tech/nlcs/def/fb78472c-ebd4-41f4-a5cf-9e3ef1132ffa","VRI","SIW","B","7538","B-SIW-VRI_LANTAARN_200MM_1LICHT_DEELCONFLICTLINKS_SCHILD-SO","VRI_LANTAARN_200MM_1LICHT_DEELCONFLICTLINKS_SCHILD","SO"
"http://digitalbuildingdata.tech/nlcs/def/92f863e1-090c-491a-af16-33637f6b5446","VRI","SIW","B","7539","B-SIW-VRI_LANTAARN_200MM_1LICHT_DEELCONFLICTRECHTS-SO","VRI_LANTAARN_200MM_1LICHT_DEELCONFLICTRECHTS","SO"
"http://digitalbuildingdata.tech/nlcs/def/a79cf09a-2749-4041-9a12-e08d3106943e","VRI","SIW","B","7540","B-SIW-VRI_LANTAARN_200MM_1LICHT_DEELCONFLICTRECHTS_SCHILD-SO","VRI_LANTAARN_200MM_1LICHT_DEELCONFLICTRECHTS_SCHILD","SO"
"http://digitalbuildingdata.tech/nlcs/def/ac58c147-492d-4cde-9836-82a19ce923ce","VRI","SIW","B","7541","B-SIW-VRI_LANTAARN_200MM_1LICHT_FIETSLINKS-SO","VRI_LANTAARN_200MM_1LICHT_FIETSLINKS","SO"
"http://digitalbuildingdata.tech/nlcs/def/453a10fc-3756-4f10-af7e-8dbe6cec4bc7","VRI","SIW","B","7542","B-SIW-VRI_LANTAARN_200MM_1LICHT_FIETSLINKS_SCHILD-SO","VRI_LANTAARN_200MM_1LICHT_FIETSLINKS_SCHILD","SO"
"http://digitalbuildingdata.tech/nlcs/def/bb3c7cca-b19f-4661-b184-fe3320bd762c","VRI","SIW","B","7543","B-SIW-VRI_LANTAARN_200MM_1LICHT_FIETSRECHTS-SO","VRI_LANTAARN_200MM_1LICHT_FIETSRECHTS","SO"
"http://digitalbuildingdata.tech/nlcs/def/53d79c21-3143-4c5f-ab84-707e20fbe0a0","VRI","SIW","B","7544","B-SIW-VRI_LANTAARN_200MM_1LICHT_FIETSRECHTS_SCHILD-SO","VRI_LANTAARN_200MM_1LICHT_FIETSRECHTS_SCHILD","SO"
"http://digitalbuildingdata.tech/nlcs/def/0c34b347-612c-498c-b6ad-ee04a57ec3ee","VRI","SIW","B","7545","B-SIW-VRI_LANTAARN_200MM_1LICHT_HEMEL-SO","VRI_LANTAARN_200MM_1LICHT_HEMEL","SO"
"http://digitalbuildingdata.tech/nlcs/def/177aa143-eec1-4c62-86df-14d5fdbd7f9e","VRI","SIW","B","7546","B-SIW-VRI_LANTAARN_200MM_1LICHT_HEMELLINKS-SO","VRI_LANTAARN_200MM_1LICHT_HEMELLINKS","SO"
"http://digitalbuildingdata.tech/nlcs/def/be522a7a-2af7-40a9-96c0-238cd0ba01ad","VRI","SIW","B","7547","B-SIW-VRI_LANTAARN_200MM_1LICHT_HEMELLINKS_SCHILD-SO","VRI_LANTAARN_200MM_1LICHT_HEMELLINKS_SCHILD","SO"
"http://digitalbuildingdata.tech/nlcs/def/61798807-8a88-4e76-8fee-12758408118e","VRI","SIW","B","7548","B-SIW-VRI_LANTAARN_200MM_1LICHT_HEMELRECHTS-SO","VRI_LANTAARN_200MM_1LICHT_HEMELRECHTS","SO"
"http://digitalbuildingdata.tech/nlcs/def/94673f6e-a468-4187-9a6f-f42d093e409e","VRI","SIW","B","7549","B-SIW-VRI_LANTAARN_200MM_1LICHT_HEMELRECHTS_SCHILD-SO","VRI_LANTAARN_200MM_1LICHT_HEMELRECHTS_SCHILD","SO"
"http://digitalbuildingdata.tech/nlcs/def/f18ac86b-a95b-45e2-b14e-68a68a294bb4","VRI","SIW","B","7550","B-SIW-VRI_LANTAARN_200MM_1LICHT_HEMEL_SCHILD-SO","VRI_LANTAARN_200MM_1LICHT_HEMEL_SCHILD","SO"
"http://digitalbuildingdata.tech/nlcs/def/a6917ccf-3522-40ee-9fc5-c83e2ffbe067","VRI","SIW","B","7551","B-SIW-VRI_LANTAARN_200MM_1LICHT_HORBALK-SO","VRI_LANTAARN_200MM_1LICHT_HORBALK","SO"
"http://digitalbuildingdata.tech/nlcs/def/6263e51f-9e6f-41fd-82b6-4b2372720db7","VRI","SIW","B","7552","B-SIW-VRI_LANTAARN_200MM_1LICHT_HORBALK_SCHILD-SO","VRI_LANTAARN_200MM_1LICHT_HORBALK_SCHILD","SO"
"http://digitalbuildingdata.tech/nlcs/def/b00597ed-4954-497e-8582-c0e29bcee7b3","VRI","SIW","B","7553","B-SIW-VRI_LANTAARN_200MM_1LICHT_J37-SO","VRI_LANTAARN_200MM_1LICHT_J37","SO"
"http://digitalbuildingdata.tech/nlcs/def/84929174-5ad0-4242-ad57-a6cc3de26a32","VRI","SIW","B","7554","B-SIW-VRI_LANTAARN_200MM_1LICHT_J37BUS-SO","VRI_LANTAARN_200MM_1LICHT_J37BUS","SO"
"http://digitalbuildingdata.tech/nlcs/def/23ff9afa-a668-4f08-a397-af8716337d82","VRI","SIW","B","7555","B-SIW-VRI_LANTAARN_200MM_1LICHT_J37BUS_SCHILD-SO","VRI_LANTAARN_200MM_1LICHT_J37BUS_SCHILD","SO"
"http://digitalbuildingdata.tech/nlcs/def/29250b61-6007-4b84-8f2a-24d777fefded","VRI","SIW","B","7556","B-SIW-VRI_LANTAARN_200MM_1LICHT_J37TRAM-SO","VRI_LANTAARN_200MM_1LICHT_J37TRAM","SO"
"http://digitalbuildingdata.tech/nlcs/def/7de1d682-a075-430a-ae84-5e11c0b601ec","VRI","SIW","B","7557","B-SIW-VRI_LANTAARN_200MM_1LICHT_J37TRAM_SCHILD-SO","VRI_LANTAARN_200MM_1LICHT_J37TRAM_SCHILD","SO"
"http://digitalbuildingdata.tech/nlcs/def/42adcae1-8276-4498-802f-a691e0bc4b71","VRI","SIW","B","7558","B-SIW-VRI_LANTAARN_200MM_1LICHT_J37_SCHILD-SO","VRI_LANTAARN_200MM_1LICHT_J37_SCHILD","SO"
"http://digitalbuildingdata.tech/nlcs/def/4de9a8a8-2da0-4b5f-94c0-8862a76b2c4a","VRI","SIW","B","7559","B-SIW-VRI_LANTAARN_200MM_1LICHT_KRUIS-SO","VRI_LANTAARN_200MM_1LICHT_KRUIS","SO"
"http://digitalbuildingdata.tech/nlcs/def/4d963c41-2738-43a0-8115-92ebaac66ada","VRI","SIW","B","7560","B-SIW-VRI_LANTAARN_200MM_1LICHT_KRUIS_SCHILD-SO","VRI_LANTAARN_200MM_1LICHT_KRUIS_SCHILD","SO"
"http://digitalbuildingdata.tech/nlcs/def/e5209258-d651-4ad5-862e-222377c83281","VRI","SIW","B","7561","B-SIW-VRI_LANTAARN_200MM_1LICHT_LINKS-SO","VRI_LANTAARN_200MM_1LICHT_LINKS","SO"
"http://digitalbuildingdata.tech/nlcs/def/81a45514-d149-4f1f-8618-5c3ff4195104","VRI","SIW","B","7562","B-SIW-VRI_LANTAARN_200MM_1LICHT_LINKS_SCHILD-SO","VRI_LANTAARN_200MM_1LICHT_LINKS_SCHILD","SO"
"http://digitalbuildingdata.tech/nlcs/def/8cb91469-1131-4ef6-873a-dd5841276358","VRI","SIW","B","7563","B-SIW-VRI_LANTAARN_200MM_1LICHT_RECHTS-SO","VRI_LANTAARN_200MM_1LICHT_RECHTS","SO"
"http://digitalbuildingdata.tech/nlcs/def/e230514d-ce59-4f8d-9cfc-0b72c6652976","VRI","SIW","B","7564","B-SIW-VRI_LANTAARN_200MM_1LICHT_RECHTS_SCHILD-SO","VRI_LANTAARN_200MM_1LICHT_RECHTS_SCHILD","SO"
"http://digitalbuildingdata.tech/nlcs/def/e5071383-10fa-48db-9110-796b40589dc5","VRI","SIW","B","7565","B-SIW-VRI_LANTAARN_200MM_1LICHT_TRAM-SO","VRI_LANTAARN_200MM_1LICHT_TRAM","SO"
"http://digitalbuildingdata.tech/nlcs/def/d95b2216-5c3d-4d30-9c28-c68c92ae9694","VRI","SIW","B","7566","B-SIW-VRI_LANTAARN_200MM_1LICHT_TRAM_SCHILD-SO","VRI_LANTAARN_200MM_1LICHT_TRAM_SCHILD","SO"
"http://digitalbuildingdata.tech/nlcs/def/8a672804-17ab-4d34-afb8-8a5752d22bf0","VRI","SIW","B","7567","B-SIW-VRI_LANTAARN_200MM_1LICHT_VERTBALK-SO","VRI_LANTAARN_200MM_1LICHT_VERTBALK","SO"
"http://digitalbuildingdata.tech/nlcs/def/d63e4777-94b4-4c15-8be2-27b03d459933","VRI","SIW","B","7568","B-SIW-VRI_LANTAARN_200MM_1LICHT_VERTBALK_SCHILD-SO","VRI_LANTAARN_200MM_1LICHT_VERTBALK_SCHILD","SO"
"http://digitalbuildingdata.tech/nlcs/def/228e9058-fca5-468d-ba73-8c95ebbcc789","VRI","SIW","B","7569","B-SIW-VRI_LANTAARN_200MM_1LICHT_VOETGLINKS-SO","VRI_LANTAARN_200MM_1LICHT_VOETGLINKS","SO"
"http://digitalbuildingdata.tech/nlcs/def/2e2505ca-ddeb-4b01-b075-67217d7e5320","VRI","SIW","B","7570","B-SIW-VRI_LANTAARN_200MM_1LICHT_VOETGLINKS_SCHILD-SO","VRI_LANTAARN_200MM_1LICHT_VOETGLINKS_SCHILD","SO"
"http://digitalbuildingdata.tech/nlcs/def/5ef08910-e586-4b72-9e40-ba1ee08410ae","VRI","SIW","B","7571","B-SIW-VRI_LANTAARN_200MM_1LICHT_VOETGRECHTS-SO","VRI_LANTAARN_200MM_1LICHT_VOETGRECHTS","SO"
"http://digitalbuildingdata.tech/nlcs/def/837ff9d8-0bde-493d-b595-00b0776bc2bd","VRI","SIW","B","7572","B-SIW-VRI_LANTAARN_200MM_1LICHT_VOETGRECHTS_SCHILD-SO","VRI_LANTAARN_200MM_1LICHT_VOETGRECHTS_SCHILD","SO"
"http://digitalbuildingdata.tech/nlcs/def/dfb95fc9-b72b-496d-980b-cd07b6b52b1e","VRI","SIW","B","7573","B-SIW-VRI_LANTAARN_200MM_1LICHT_VOL-SO","VRI_LANTAARN_200MM_1LICHT_VOL","SO"
"http://digitalbuildingdata.tech/nlcs/def/cfe9c1d7-4098-4edd-8c2a-2106d8762333","VRI","SIW","B","7574","B-SIW-VRI_LANTAARN_200MM_1LICHT_VOL_SCHILD-SO","VRI_LANTAARN_200MM_1LICHT_VOL_SCHILD","SO"
"http://digitalbuildingdata.tech/nlcs/def/dc02b233-eb86-49bc-a147-1ff5648faa42","VRI","SIW","B","7575","B-SIW-VRI_LANTAARN_200MM_1LICHT_VRIJ-SO","VRI_LANTAARN_200MM_1LICHT_VRIJ","SO"
"http://digitalbuildingdata.tech/nlcs/def/ed6d0961-d798-4f4d-8a38-64939f7af485","VRI","SIW","B","7576","B-SIW-VRI_LANTAARN_200MM_1LICHT_VRIJ_SCHILD-SO","VRI_LANTAARN_200MM_1LICHT_VRIJ_SCHILD","SO"
"http://digitalbuildingdata.tech/nlcs/def/90c71933-2518-4cfe-865e-f85121949bf7","VRI","SIW","B","7577","B-SIW-VRI_LANTAARN_200MM_1LICHT_WTV-SO","VRI_LANTAARN_200MM_1LICHT_WTV","SO"
"http://digitalbuildingdata.tech/nlcs/def/435c68db-b517-460c-88a4-b7dce75b1835","VRI","SIW","B","7578","B-SIW-VRI_LANTAARN_200MM_1LICHT_WTV_SCHILD-SO","VRI_LANTAARN_200MM_1LICHT_WTV_SCHILD","SO"
"http://digitalbuildingdata.tech/nlcs/def/cf2294d5-ca02-434c-a4f8-746988a9bfdc","VRI","SIW","B","7579","B-SIW-VRI_LANTAARN_200MM_2LICHT_HEMEL-SO","VRI_LANTAARN_200MM_2LICHT_HEMEL","SO"
"http://digitalbuildingdata.tech/nlcs/def/42865cfd-f4bf-4b0a-8a97-2b429710a426","VRI","SIW","B","7580","B-SIW-VRI_LANTAARN_200MM_2LICHT_HEMELLINKS-SO","VRI_LANTAARN_200MM_2LICHT_HEMELLINKS","SO"
"http://digitalbuildingdata.tech/nlcs/def/7c8a37d1-5e71-41e4-b858-f69c28a12447","VRI","SIW","B","7581","B-SIW-VRI_LANTAARN_200MM_2LICHT_HEMELLINKS_SCHILD-SO","VRI_LANTAARN_200MM_2LICHT_HEMELLINKS_SCHILD","SO"
"http://digitalbuildingdata.tech/nlcs/def/f64af10f-b6fa-4c79-9171-4b3741c8dda1","VRI","SIW","B","7582","B-SIW-VRI_LANTAARN_200MM_2LICHT_HEMELRECHTS-SO","VRI_LANTAARN_200MM_2LICHT_HEMELRECHTS","SO"
"http://digitalbuildingdata.tech/nlcs/def/de8f3457-a448-4e51-aefd-76bd397dcdd8","VRI","SIW","B","7583","B-SIW-VRI_LANTAARN_200MM_2LICHT_HEMELRECHTS_SCHILD-SO","VRI_LANTAARN_200MM_2LICHT_HEMELRECHTS_SCHILD","SO"
"http://digitalbuildingdata.tech/nlcs/def/89fd3a29-ef20-4ea0-8ef7-3c2ddd53b109","VRI","SIW","B","7584","B-SIW-VRI_LANTAARN_200MM_2LICHT_HEMEL_SCHILD-SO","VRI_LANTAARN_200MM_2LICHT_HEMEL_SCHILD","SO"
"http://digitalbuildingdata.tech/nlcs/def/53e61262-ba48-485a-a39d-b8b75f99750f","VRI","SIW","B","7585","B-SIW-VRI_LANTAARN_200MM_2LICHT_LINKS-SO","VRI_LANTAARN_200MM_2LICHT_LINKS","SO"
"http://digitalbuildingdata.tech/nlcs/def/7f1da982-a17d-47f3-9a9a-7bc10a5fcf30","VRI","SIW","B","7586","B-SIW-VRI_LANTAARN_200MM_2LICHT_LINKS_SCHILD-SO","VRI_LANTAARN_200MM_2LICHT_LINKS_SCHILD","SO"
"http://digitalbuildingdata.tech/nlcs/def/6e70d6f7-b73d-460c-a6c3-f4fc8c8898f6","VRI","SIW","B","7587","B-SIW-VRI_LANTAARN_200MM_2LICHT_RECHTS-SO","VRI_LANTAARN_200MM_2LICHT_RECHTS","SO"
"http://digitalbuildingdata.tech/nlcs/def/8998cb5a-e2ca-4ee6-ae02-5fb9a63c7332","VRI","SIW","B","7588","B-SIW-VRI_LANTAARN_200MM_2LICHT_RECHTS_SCHILD-SO","VRI_LANTAARN_200MM_2LICHT_RECHTS_SCHILD","SO"
"http://digitalbuildingdata.tech/nlcs/def/e4bcf109-1da8-41fe-ad01-e9ee6b94624a","VRI","SIW","B","7589","B-SIW-VRI_LANTAARN_200MM_2LICHT_VOL-SO","VRI_LANTAARN_200MM_2LICHT_VOL","SO"
"http://digitalbuildingdata.tech/nlcs/def/af891f12-ac52-4a66-8ac6-aeb0a31404f3","VRI","SIW","B","7590","B-SIW-VRI_LANTAARN_200MM_2LICHT_VOL_SCHILD-SO","VRI_LANTAARN_200MM_2LICHT_VOL_SCHILD","SO"
"http://digitalbuildingdata.tech/nlcs/def/8ffee4bd-d01c-449a-a5ff-2a8fdcf9f030","VRI","SIW","B","7591","B-SIW-VRI_LANTAARN_200MM_3LICHT_HEMEL-SO","VRI_LANTAARN_200MM_3LICHT_HEMEL","SO"
"http://digitalbuildingdata.tech/nlcs/def/30b6871f-4e60-4499-9845-022667952e58","VRI","SIW","B","7592","B-SIW-VRI_LANTAARN_200MM_3LICHT_HEMELLINKS-SO","VRI_LANTAARN_200MM_3LICHT_HEMELLINKS","SO"
"http://digitalbuildingdata.tech/nlcs/def/1a8db91c-b533-4136-94e9-9211ab6a0cd0","VRI","SIW","B","7593","B-SIW-VRI_LANTAARN_200MM_3LICHT_HEMELLINKS_AFTELLER-SO","VRI_LANTAARN_200MM_3LICHT_HEMELLINKS_AFTELLER","SO"
"http://digitalbuildingdata.tech/nlcs/def/c62acee2-cc69-4561-96f1-d1888925f301","VRI","SIW","B","7594","B-SIW-VRI_LANTAARN_200MM_3LICHT_HEMELLINKS_AFTELLER_SCHILD-SO","VRI_LANTAARN_200MM_3LICHT_HEMELLINKS_AFTELLER_SCHILD","SO"
"http://digitalbuildingdata.tech/nlcs/def/a3a4420f-471c-4974-8cd1-640c52a2c67f","VRI","SIW","B","7595","B-SIW-VRI_LANTAARN_200MM_3LICHT_HEMELLINKS_SCHILD-SO","VRI_LANTAARN_200MM_3LICHT_HEMELLINKS_SCHILD","SO"
"http://digitalbuildingdata.tech/nlcs/def/ff2cf9ae-ef7c-4e30-a9c0-a81d2e3b5d4e","VRI","SIW","B","7596","B-SIW-VRI_LANTAARN_200MM_3LICHT_HEMELRECHTS-SO","VRI_LANTAARN_200MM_3LICHT_HEMELRECHTS","SO"
"http://digitalbuildingdata.tech/nlcs/def/32502888-19eb-4215-9bb4-ab2f643011c6","VRI","SIW","B","7597","B-SIW-VRI_LANTAARN_200MM_3LICHT_HEMELRECHTS_AFTELLER-SO","VRI_LANTAARN_200MM_3LICHT_HEMELRECHTS_AFTELLER","SO"
"http://digitalbuildingdata.tech/nlcs/def/2dd126c4-4f9c-49e7-8bcc-f08eb9f2f18a","VRI","SIW","B","7598","B-SIW-VRI_LANTAARN_200MM_3LICHT_HEMELRECHTS_AFTELLER_SCHILD-SO","VRI_LANTAARN_200MM_3LICHT_HEMELRECHTS_AFTELLER_SCHILD","SO"
"http://digitalbuildingdata.tech/nlcs/def/ce6ed627-1901-406d-80e3-bd0073e70d79","VRI","SIW","B","7599","B-SIW-VRI_LANTAARN_200MM_3LICHT_HEMELRECHTS_SCHILD-SO","VRI_LANTAARN_200MM_3LICHT_HEMELRECHTS_SCHILD","SO"
"http://digitalbuildingdata.tech/nlcs/def/3a041144-43fa-4314-bb1a-c4941d95c5f9","VRI","SIW","B","7600","B-SIW-VRI_LANTAARN_200MM_3LICHT_HEMEL_AFTELLER-SO","VRI_LANTAARN_200MM_3LICHT_HEMEL_AFTELLER","SO"
"http://digitalbuildingdata.tech/nlcs/def/52d1e70d-39aa-440f-9327-ec6c03187495","VRI","SIW","B","7601","B-SIW-VRI_LANTAARN_200MM_3LICHT_HEMEL_AFTELLER_SCHILD-SO","VRI_LANTAARN_200MM_3LICHT_HEMEL_AFTELLER_SCHILD","SO"
"http://digitalbuildingdata.tech/nlcs/def/60793756-48cd-4e06-81e2-5f4798c99a9b","VRI","SIW","B","7602","B-SIW-VRI_LANTAARN_200MM_3LICHT_HEMEL_FIETS-SO","VRI_LANTAARN_200MM_3LICHT_HEMEL_FIETS","SO"
"http://digitalbuildingdata.tech/nlcs/def/985ddf83-9b18-498c-ba1a-6a95e2b5c5fa","VRI","SIW","B","7603","B-SIW-VRI_LANTAARN_200MM_3LICHT_HEMEL_FIETS_SCHILD-SO","VRI_LANTAARN_200MM_3LICHT_HEMEL_FIETS_SCHILD","SO"
"http://digitalbuildingdata.tech/nlcs/def/06400bd1-22a3-4ac2-9739-2d9e9034dfc9","VRI","SIW","B","7604","B-SIW-VRI_LANTAARN_200MM_3LICHT_HEMEL_SCHILD-SO","VRI_LANTAARN_200MM_3LICHT_HEMEL_SCHILD","SO"
"http://digitalbuildingdata.tech/nlcs/def/f44f8e19-8f23-466e-b25b-1ee86c7c5e1a","VRI","SIW","B","7605","B-SIW-VRI_LANTAARN_200MM_3LICHT_LINKS-SO","VRI_LANTAARN_200MM_3LICHT_LINKS","SO"
"http://digitalbuildingdata.tech/nlcs/def/0edd7977-3d98-4a73-83b4-1a2743163dba","VRI","SIW","B","7606","B-SIW-VRI_LANTAARN_200MM_3LICHT_LINKS_AFTELLER-SO","VRI_LANTAARN_200MM_3LICHT_LINKS_AFTELLER","SO"
"http://digitalbuildingdata.tech/nlcs/def/b61d0163-b03a-4452-9190-d2ce9e869d95","VRI","SIW","B","7607","B-SIW-VRI_LANTAARN_200MM_3LICHT_LINKS_AFTELLER_SCHILD-SO","VRI_LANTAARN_200MM_3LICHT_LINKS_AFTELLER_SCHILD","SO"
"http://digitalbuildingdata.tech/nlcs/def/3efd87ab-c700-46d9-a5b7-1b19766f14af","VRI","SIW","B","7608","B-SIW-VRI_LANTAARN_200MM_3LICHT_LINKS_FIETS-SO","VRI_LANTAARN_200MM_3LICHT_LINKS_FIETS","SO"
"http://digitalbuildingdata.tech/nlcs/def/8de012e6-f618-40de-be5c-08baf80a04ac","VRI","SIW","B","7609","B-SIW-VRI_LANTAARN_200MM_3LICHT_LINKS_FIETS_SCHILD-SO","VRI_LANTAARN_200MM_3LICHT_LINKS_FIETS_SCHILD","SO"
"http://digitalbuildingdata.tech/nlcs/def/97a8f128-7418-4b06-bfed-4606f24660aa","VRI","SIW","B","7610","B-SIW-VRI_LANTAARN_200MM_3LICHT_LINKS_SCHILD-SO","VRI_LANTAARN_200MM_3LICHT_LINKS_SCHILD","SO"
"http://digitalbuildingdata.tech/nlcs/def/dcddd57e-cf59-4c1a-a6ee-0b5e70c6bbc3","VRI","SIW","B","7611","B-SIW-VRI_LANTAARN_200MM_3LICHT_RECHTS-SO","VRI_LANTAARN_200MM_3LICHT_RECHTS","SO"
"http://digitalbuildingdata.tech/nlcs/def/9828281e-6c77-4e63-8612-b0e376c28500","VRI","SIW","B","7612","B-SIW-VRI_LANTAARN_200MM_3LICHT_RECHTS_AFTELLER-SO","VRI_LANTAARN_200MM_3LICHT_RECHTS_AFTELLER","SO"
"http://digitalbuildingdata.tech/nlcs/def/6f3f72a5-368d-4b73-9b16-1dafe1b7f228","VRI","SIW","B","7613","B-SIW-VRI_LANTAARN_200MM_3LICHT_RECHTS_AFTELLER_SCHILD-SO","VRI_LANTAARN_200MM_3LICHT_RECHTS_AFTELLER_SCHILD","SO"
"http://digitalbuildingdata.tech/nlcs/def/a3022976-11ff-4784-8769-bc0ad574f4ef","VRI","SIW","B","7614","B-SIW-VRI_LANTAARN_200MM_3LICHT_RECHTS_FIETS-SO","VRI_LANTAARN_200MM_3LICHT_RECHTS_FIETS","SO"
"http://digitalbuildingdata.tech/nlcs/def/3a711b95-786d-4e25-a015-f4a8b3949ed9","VRI","SIW","B","7615","B-SIW-VRI_LANTAARN_200MM_3LICHT_RECHTS_FIETS_SCHILD-SO","VRI_LANTAARN_200MM_3LICHT_RECHTS_FIETS_SCHILD","SO"
"http://digitalbuildingdata.tech/nlcs/def/c4805d6b-440d-4697-b9c9-9b360414aef1","VRI","SIW","B","7616","B-SIW-VRI_LANTAARN_200MM_3LICHT_RECHTS_SCHILD-SO","VRI_LANTAARN_200MM_3LICHT_RECHTS_SCHILD","SO"
"http://digitalbuildingdata.tech/nlcs/def/1f0e9b64-6660-43d5-b9aa-f64c955e511f","VRI","SIW","B","7617","B-SIW-VRI_LANTAARN_200MM_3LICHT_VOL-SO","VRI_LANTAARN_200MM_3LICHT_VOL","SO"
"http://digitalbuildingdata.tech/nlcs/def/4a0afe2c-a62b-4071-a984-f44c25b10518","VRI","SIW","B","7618","B-SIW-VRI_LANTAARN_200MM_3LICHT_VOL_AFTELLER-SO","VRI_LANTAARN_200MM_3LICHT_VOL_AFTELLER","SO"
"http://digitalbuildingdata.tech/nlcs/def/f9079eb6-3977-478d-a549-2a77a63cf231","VRI","SIW","B","7619","B-SIW-VRI_LANTAARN_200MM_3LICHT_VOL_AFTELLER_SCHILD-SO","VRI_LANTAARN_200MM_3LICHT_VOL_AFTELLER_SCHILD","SO"
"http://digitalbuildingdata.tech/nlcs/def/d6e307ef-e178-4f79-a5af-09b88f99d75b","VRI","SIW","B","7620","B-SIW-VRI_LANTAARN_200MM_3LICHT_VOL_FIETS-SO","VRI_LANTAARN_200MM_3LICHT_VOL_FIETS","SO"
"http://digitalbuildingdata.tech/nlcs/def/067025a1-2630-4909-97d5-afec936ba776","VRI","SIW","B","7621","B-SIW-VRI_LANTAARN_200MM_3LICHT_VOL_FIETS_SCHILD-SO","VRI_LANTAARN_200MM_3LICHT_VOL_FIETS_SCHILD","SO"
"http://digitalbuildingdata.tech/nlcs/def/a0977dc3-36b5-49b5-825f-4015913a8339","VRI","SIW","B","7622","B-SIW-VRI_LANTAARN_200MM_3LICHT_VOL_SCHILD-SO","VRI_LANTAARN_200MM_3LICHT_VOL_SCHILD","SO"
"http://digitalbuildingdata.tech/nlcs/def/4b512265-4e74-4223-a0d1-30f4a2acf112","VRI","SIW","B","7623","B-SIW-VRI_LANTAARN_200MM_BOA-SO","VRI_LANTAARN_200MM_BOA","SO"
"http://digitalbuildingdata.tech/nlcs/def/b0101691-3d7a-427f-999d-1587a01c859f","VRI","SIW","B","7624","B-SIW-VRI_LANTAARN_200MM_NEGENOOG-SO","VRI_LANTAARN_200MM_NEGENOOG","SO"
"http://digitalbuildingdata.tech/nlcs/def/63cef70d-e2dd-41dc-9433-06e3cb17e3f2","VRI","SIW","B","7625","B-SIW-VRI_LANTAARN_200MM_NEGENOOG_LINKS-SO","VRI_LANTAARN_200MM_NEGENOOG_LINKS","SO"
"http://digitalbuildingdata.tech/nlcs/def/8825d066-e790-416b-8105-ba85d42147f2","VRI","SIW","B","7626","B-SIW-VRI_LANTAARN_200MM_NEGENOOG_LINKS_SCHILD-SO","VRI_LANTAARN_200MM_NEGENOOG_LINKS_SCHILD","SO"
"http://digitalbuildingdata.tech/nlcs/def/af91d181-5fe9-471f-a361-de0973830ee8","VRI","SIW","B","7627","B-SIW-VRI_LANTAARN_200MM_NEGENOOG_RECHTDOOR-SO","VRI_LANTAARN_200MM_NEGENOOG_RECHTDOOR","SO"
"http://digitalbuildingdata.tech/nlcs/def/ee23e4fb-81fa-4aba-a590-34e4bc6e44f5","VRI","SIW","B","7628","B-SIW-VRI_LANTAARN_200MM_NEGENOOG_RECHTDOOR_SCHILD-SO","VRI_LANTAARN_200MM_NEGENOOG_RECHTDOOR_SCHILD","SO"
"http://digitalbuildingdata.tech/nlcs/def/9ab1e046-e9a4-4665-9ffc-cd2a278a3542","VRI","SIW","B","7629","B-SIW-VRI_LANTAARN_200MM_NEGENOOG_RECHTS-SO","VRI_LANTAARN_200MM_NEGENOOG_RECHTS","SO"
"http://digitalbuildingdata.tech/nlcs/def/5ec55ae4-14b4-4a4a-947b-571d0b3d79bc","VRI","SIW","B","7630","B-SIW-VRI_LANTAARN_200MM_NEGENOOG_RECHTS_SCHILD-SO","VRI_LANTAARN_200MM_NEGENOOG_RECHTS_SCHILD","SO"
"http://digitalbuildingdata.tech/nlcs/def/2bf8071b-31c6-4a84-a921-f53a44a8d6d9","VRI","SIW","B","7631","B-SIW-VRI_LANTAARN_200MM_NEGENOOG_SCHILD-SO","VRI_LANTAARN_200MM_NEGENOOG_SCHILD","SO"
"http://digitalbuildingdata.tech/nlcs/def/e577adc2-39c6-4a8a-8dfa-046c5b562c6a","VRI","SIW","B","7632","B-SIW-VRI_LANTAARN_200MM_VOETGANGER-SO","VRI_LANTAARN_200MM_VOETGANGER","SO"
"http://digitalbuildingdata.tech/nlcs/def/4cd746f0-c96f-4c2c-b485-8192732a96d1","VRI","SIW","B","7633","B-SIW-VRI_LANTAARN_200MM_VOETGANGER_INFORMATIEF-SO","VRI_LANTAARN_200MM_VOETGANGER_INFORMATIEF","SO"
"http://digitalbuildingdata.tech/nlcs/def/0f6e94cf-9876-495f-bf66-0ab0d0479a8e","VRI","SIW","B","7634","B-SIW-VRI_LANTAARN_300MM_1LICHT_DEELCONFLICTLINKS-SO","VRI_LANTAARN_300MM_1LICHT_DEELCONFLICTLINKS","SO"
"http://digitalbuildingdata.tech/nlcs/def/602c9798-7f73-4c39-ba81-a466cffad872","VRI","SIW","B","7635","B-SIW-VRI_LANTAARN_300MM_1LICHT_DEELCONFLICTLINKS_SCHILD-SO","VRI_LANTAARN_300MM_1LICHT_DEELCONFLICTLINKS_SCHILD","SO"
"http://digitalbuildingdata.tech/nlcs/def/707d3e36-5558-4e1e-91ee-21f70fda8678","VRI","SIW","B","7636","B-SIW-VRI_LANTAARN_300MM_1LICHT_DEELCONFLICTRECHTS-SO","VRI_LANTAARN_300MM_1LICHT_DEELCONFLICTRECHTS","SO"
"http://digitalbuildingdata.tech/nlcs/def/5590459a-7372-4c87-bae0-6463d9cf8061","VRI","SIW","B","7637","B-SIW-VRI_LANTAARN_300MM_1LICHT_DEELCONFLICTRECHTS_SCHILD-SO","VRI_LANTAARN_300MM_1LICHT_DEELCONFLICTRECHTS_SCHILD","SO"
"http://digitalbuildingdata.tech/nlcs/def/53408368-1524-4853-95b3-c9e46f21f475","VRI","SIW","B","7638","B-SIW-VRI_LANTAARN_300MM_1LICHT_FIETSLINKS-SO","VRI_LANTAARN_300MM_1LICHT_FIETSLINKS","SO"
"http://digitalbuildingdata.tech/nlcs/def/fb1e38b1-b2bb-4c3b-ad38-0813b6971200","VRI","SIW","B","7639","B-SIW-VRI_LANTAARN_300MM_1LICHT_FIETSLINKS_SCHILD-SO","VRI_LANTAARN_300MM_1LICHT_FIETSLINKS_SCHILD","SO"
"http://digitalbuildingdata.tech/nlcs/def/703a6ddf-40f9-4d7d-b588-969017a4a474","VRI","SIW","B","7640","B-SIW-VRI_LANTAARN_300MM_1LICHT_FIETSRECHTS-SO","VRI_LANTAARN_300MM_1LICHT_FIETSRECHTS","SO"
"http://digitalbuildingdata.tech/nlcs/def/233888f8-ab2d-4064-bd19-becae3ae5f32","VRI","SIW","B","7641","B-SIW-VRI_LANTAARN_300MM_1LICHT_FIETSRECHTS_SCHILD-SO","VRI_LANTAARN_300MM_1LICHT_FIETSRECHTS_SCHILD","SO"
"http://digitalbuildingdata.tech/nlcs/def/1a325290-66eb-46e5-b4da-51a733d496a7","VRI","SIW","B","7642","B-SIW-VRI_LANTAARN_300MM_1LICHT_HEMEL-SO","VRI_LANTAARN_300MM_1LICHT_HEMEL","SO"
"http://digitalbuildingdata.tech/nlcs/def/d3174f7b-4251-4bf7-b97b-d09ebab94987","VRI","SIW","B","7643","B-SIW-VRI_LANTAARN_300MM_1LICHT_HEMELLINKS-SO","VRI_LANTAARN_300MM_1LICHT_HEMELLINKS","SO"
"http://digitalbuildingdata.tech/nlcs/def/1323a41e-3fe1-48d9-8854-960c7e4f0095","VRI","SIW","B","7644","B-SIW-VRI_LANTAARN_300MM_1LICHT_HEMELLINKS_SCHILD-SO","VRI_LANTAARN_300MM_1LICHT_HEMELLINKS_SCHILD","SO"
"http://digitalbuildingdata.tech/nlcs/def/9b5e6590-ebc3-46f9-9c96-09190fc1a4e1","VRI","SIW","B","7645","B-SIW-VRI_LANTAARN_300MM_1LICHT_HEMELRECHTS-SO","VRI_LANTAARN_300MM_1LICHT_HEMELRECHTS","SO"
"http://digitalbuildingdata.tech/nlcs/def/570dc8c2-0d8c-4e2a-89e1-824c0b408274","VRI","SIW","B","7646","B-SIW-VRI_LANTAARN_300MM_1LICHT_HEMELRECHTS_SCHILD-SO","VRI_LANTAARN_300MM_1LICHT_HEMELRECHTS_SCHILD","SO"
"http://digitalbuildingdata.tech/nlcs/def/80e23a8f-e110-4d32-a519-7060d4a75d5e","VRI","SIW","B","7647","B-SIW-VRI_LANTAARN_300MM_1LICHT_HEMEL_SCHILD-SO","VRI_LANTAARN_300MM_1LICHT_HEMEL_SCHILD","SO"
"http://digitalbuildingdata.tech/nlcs/def/9b7ecd0f-dcd1-4e9e-9e9a-306a18329eb6","VRI","SIW","B","7648","B-SIW-VRI_LANTAARN_300MM_1LICHT_HORBALK-SO","VRI_LANTAARN_300MM_1LICHT_HORBALK","SO"
"http://digitalbuildingdata.tech/nlcs/def/b7f7de22-2ff0-4589-ba8d-6e99012f216e","VRI","SIW","B","7649","B-SIW-VRI_LANTAARN_300MM_1LICHT_HORBALK_SCHILD-SO","VRI_LANTAARN_300MM_1LICHT_HORBALK_SCHILD","SO"
"http://digitalbuildingdata.tech/nlcs/def/105d8b74-4a66-467f-b64f-6368d9567135","VRI","SIW","B","7650","B-SIW-VRI_LANTAARN_300MM_1LICHT_J37-SO","VRI_LANTAARN_300MM_1LICHT_J37","SO"
"http://digitalbuildingdata.tech/nlcs/def/38072474-3f69-4bd8-b4a1-481c2248dfa0","VRI","SIW","B","7651","B-SIW-VRI_LANTAARN_300MM_1LICHT_J37BUS-SO","VRI_LANTAARN_300MM_1LICHT_J37BUS","SO"
"http://digitalbuildingdata.tech/nlcs/def/1040b0f5-9955-4b64-89c7-91fe92167575","VRI","SIW","B","7652","B-SIW-VRI_LANTAARN_300MM_1LICHT_J37BUS_SCHILD-SO","VRI_LANTAARN_300MM_1LICHT_J37BUS_SCHILD","SO"
"http://digitalbuildingdata.tech/nlcs/def/e257124a-493c-4eb3-8cd2-01406134e48b","VRI","SIW","B","7653","B-SIW-VRI_LANTAARN_300MM_1LICHT_J37TRAM-SO","VRI_LANTAARN_300MM_1LICHT_J37TRAM","SO"
"http://digitalbuildingdata.tech/nlcs/def/632bb9e5-7770-459d-9ca2-52ab5f0d3b6b","VRI","SIW","B","7654","B-SIW-VRI_LANTAARN_300MM_1LICHT_J37TRAM_SCHILD-SO","VRI_LANTAARN_300MM_1LICHT_J37TRAM_SCHILD","SO"
"http://digitalbuildingdata.tech/nlcs/def/ca979b65-30df-48a0-85c0-c97e91537637","VRI","SIW","B","7655","B-SIW-VRI_LANTAARN_300MM_1LICHT_J37_SCHILD-SO","VRI_LANTAARN_300MM_1LICHT_J37_SCHILD","SO"
"http://digitalbuildingdata.tech/nlcs/def/3f333c4f-f303-4548-bebb-1b489634f8bb","VRI","SIW","B","7656","B-SIW-VRI_LANTAARN_300MM_1LICHT_KRUIS-SO","VRI_LANTAARN_300MM_1LICHT_KRUIS","SO"
"http://digitalbuildingdata.tech/nlcs/def/1be783eb-db7d-4f02-8905-739b376a4605","VRI","SIW","B","7657","B-SIW-VRI_LANTAARN_300MM_1LICHT_KRUIS_SCHILD-SO","VRI_LANTAARN_300MM_1LICHT_KRUIS_SCHILD","SO"
"http://digitalbuildingdata.tech/nlcs/def/85d4929d-8e38-4a24-8006-f43f52c2cd6d","VRI","SIW","B","7658","B-SIW-VRI_LANTAARN_300MM_1LICHT_LINKS-SO","VRI_LANTAARN_300MM_1LICHT_LINKS","SO"
"http://digitalbuildingdata.tech/nlcs/def/2d1dfae0-216b-4468-b58d-1165df1b093b","VRI","SIW","B","7659","B-SIW-VRI_LANTAARN_300MM_1LICHT_LINKS_SCHILD-SO","VRI_LANTAARN_300MM_1LICHT_LINKS_SCHILD","SO"
"http://digitalbuildingdata.tech/nlcs/def/9cded664-cba2-4c27-9f2d-7791ee5276d9","VRI","SIW","B","7660","B-SIW-VRI_LANTAARN_300MM_1LICHT_RECHTS-SO","VRI_LANTAARN_300MM_1LICHT_RECHTS","SO"
"http://digitalbuildingdata.tech/nlcs/def/bbd582b4-db85-450a-899c-438cd1232800","VRI","SIW","B","7661","B-SIW-VRI_LANTAARN_300MM_1LICHT_RECHTS_SCHILD-SO","VRI_LANTAARN_300MM_1LICHT_RECHTS_SCHILD","SO"
"http://digitalbuildingdata.tech/nlcs/def/28c7c20f-cc1b-4a2a-8684-0ad8a4f0c2c8","VRI","SIW","B","7662","B-SIW-VRI_LANTAARN_300MM_1LICHT_TRAM-SO","VRI_LANTAARN_300MM_1LICHT_TRAM","SO"
"http://digitalbuildingdata.tech/nlcs/def/d20fbaee-f4a5-425a-a225-7bef90e22872","VRI","SIW","B","7663","B-SIW-VRI_LANTAARN_300MM_1LICHT_TRAM_SCHILD-SO","VRI_LANTAARN_300MM_1LICHT_TRAM_SCHILD","SO"
"http://digitalbuildingdata.tech/nlcs/def/e3c82e57-b5a7-4e29-9590-07a7dcfcd4db","VRI","SIW","B","7664","B-SIW-VRI_LANTAARN_300MM_1LICHT_VERTBALK-SO","VRI_LANTAARN_300MM_1LICHT_VERTBALK","SO"
"http://digitalbuildingdata.tech/nlcs/def/1d018c0e-73b4-4ec3-b573-967bbc7e3d90","VRI","SIW","B","7665","B-SIW-VRI_LANTAARN_300MM_1LICHT_VERTBALK_SCHILD-SO","VRI_LANTAARN_300MM_1LICHT_VERTBALK_SCHILD","SO"
"http://digitalbuildingdata.tech/nlcs/def/ad79a4f9-e509-433c-88e3-d462d0cd2920","VRI","SIW","B","7666","B-SIW-VRI_LANTAARN_300MM_1LICHT_VOETGLINKS-SO","VRI_LANTAARN_300MM_1LICHT_VOETGLINKS","SO"
"http://digitalbuildingdata.tech/nlcs/def/6719e4c8-2282-44b6-a58b-7ee7bf0353a5","VRI","SIW","B","7667","B-SIW-VRI_LANTAARN_300MM_1LICHT_VOETGLINKS_SCHILD-SO","VRI_LANTAARN_300MM_1LICHT_VOETGLINKS_SCHILD","SO"
"http://digitalbuildingdata.tech/nlcs/def/7f35085e-d231-4ceb-bceb-22851647d082","VRI","SIW","B","7668","B-SIW-VRI_LANTAARN_300MM_1LICHT_VOETGRECHTS-SO","VRI_LANTAARN_300MM_1LICHT_VOETGRECHTS","SO"
"http://digitalbuildingdata.tech/nlcs/def/6b0a13ab-e12a-4535-8e5e-36721ac5beb0","VRI","SIW","B","7669","B-SIW-VRI_LANTAARN_300MM_1LICHT_VOETGRECHTS_SCHILD-SO","VRI_LANTAARN_300MM_1LICHT_VOETGRECHTS_SCHILD","SO"
"http://digitalbuildingdata.tech/nlcs/def/40fa49ab-4332-4dd1-a569-f1590c5aec60","VRI","SIW","B","7670","B-SIW-VRI_LANTAARN_300MM_1LICHT_VOL-SO","VRI_LANTAARN_300MM_1LICHT_VOL","SO"
"http://digitalbuildingdata.tech/nlcs/def/d1b59120-7740-467b-8878-7a3709512752","VRI","SIW","B","7671","B-SIW-VRI_LANTAARN_300MM_1LICHT_VOL_SCHILD-SO","VRI_LANTAARN_300MM_1LICHT_VOL_SCHILD","SO"
"http://digitalbuildingdata.tech/nlcs/def/f2e77bdd-fec3-4911-b244-63d3aa579bf0","VRI","SIW","B","7672","B-SIW-VRI_LANTAARN_300MM_1LICHT_VRIJ-SO","VRI_LANTAARN_300MM_1LICHT_VRIJ","SO"
"http://digitalbuildingdata.tech/nlcs/def/e0c0943a-9f4c-4abb-9653-db4e73f1cccb","VRI","SIW","B","7673","B-SIW-VRI_LANTAARN_300MM_1LICHT_VRIJ_SCHILD-SO","VRI_LANTAARN_300MM_1LICHT_VRIJ_SCHILD","SO"
"http://digitalbuildingdata.tech/nlcs/def/540c8396-2d09-4c0b-8164-3e39dc54c5c5","VRI","SIW","B","7674","B-SIW-VRI_LANTAARN_300MM_1LICHT_VWS-SO","VRI_LANTAARN_300MM_1LICHT_VWS","SO"
"http://digitalbuildingdata.tech/nlcs/def/1a7de8d9-5354-432e-8106-579f8b2622e0","VRI","SIW","B","7675","B-SIW-VRI_LANTAARN_300MM_2LICHT_HEMEL-SO","VRI_LANTAARN_300MM_2LICHT_HEMEL","SO"
"http://digitalbuildingdata.tech/nlcs/def/de570152-bd16-41ae-8695-d1daf5bb53bb","VRI","SIW","B","7676","B-SIW-VRI_LANTAARN_300MM_2LICHT_HEMELLINKS-SO","VRI_LANTAARN_300MM_2LICHT_HEMELLINKS","SO"
"http://digitalbuildingdata.tech/nlcs/def/7bb2e9a7-97e7-4ab5-9ea6-a7f5273feb12","VRI","SIW","B","7677","B-SIW-VRI_LANTAARN_300MM_2LICHT_HEMELLINKS_SCHILD-SO","VRI_LANTAARN_300MM_2LICHT_HEMELLINKS_SCHILD","SO"
"http://digitalbuildingdata.tech/nlcs/def/fad7090a-b2f3-4441-9f1d-c2fd7285c120","VRI","SIW","B","7678","B-SIW-VRI_LANTAARN_300MM_2LICHT_HEMELRECHTS-SO","VRI_LANTAARN_300MM_2LICHT_HEMELRECHTS","SO"
"http://digitalbuildingdata.tech/nlcs/def/db454e78-982a-4979-bdd6-b90aa33cf5d7","VRI","SIW","B","7679","B-SIW-VRI_LANTAARN_300MM_2LICHT_HEMELRECHTS_SCHILD-SO","VRI_LANTAARN_300MM_2LICHT_HEMELRECHTS_SCHILD","SO"
"http://digitalbuildingdata.tech/nlcs/def/6dfcd46d-7a14-429d-873c-266614003c44","VRI","SIW","B","7680","B-SIW-VRI_LANTAARN_300MM_2LICHT_HEMEL_SCHILD-SO","VRI_LANTAARN_300MM_2LICHT_HEMEL_SCHILD","SO"
"http://digitalbuildingdata.tech/nlcs/def/b55468b4-fea2-4159-a606-5b1cedab3fef","VRI","SIW","B","7681","B-SIW-VRI_LANTAARN_300MM_2LICHT_LINKS-SO","VRI_LANTAARN_300MM_2LICHT_LINKS","SO"
"http://digitalbuildingdata.tech/nlcs/def/b5b9a0c2-fb02-4257-84c2-1a4b412081f5","VRI","SIW","B","7682","B-SIW-VRI_LANTAARN_300MM_2LICHT_LINKS_SCHILD-SO","VRI_LANTAARN_300MM_2LICHT_LINKS_SCHILD","SO"
"http://digitalbuildingdata.tech/nlcs/def/e5134313-e678-4c8a-b234-9bc74afbff39","VRI","SIW","B","7683","B-SIW-VRI_LANTAARN_300MM_2LICHT_RECHTS-SO","VRI_LANTAARN_300MM_2LICHT_RECHTS","SO"
"http://digitalbuildingdata.tech/nlcs/def/999f245c-2927-4ebe-a626-556f49177e0b","VRI","SIW","B","7684","B-SIW-VRI_LANTAARN_300MM_2LICHT_RECHTS_SCHILD-SO","VRI_LANTAARN_300MM_2LICHT_RECHTS_SCHILD","SO"
"http://digitalbuildingdata.tech/nlcs/def/b0a211af-a2be-40fe-b126-6ca49e1aef8e","VRI","SIW","B","7685","B-SIW-VRI_LANTAARN_300MM_2LICHT_VOL-SO","VRI_LANTAARN_300MM_2LICHT_VOL","SO"
"http://digitalbuildingdata.tech/nlcs/def/e8c8e60c-e394-4f49-ba18-5be5d7b7900d","VRI","SIW","B","7686","B-SIW-VRI_LANTAARN_300MM_2LICHT_VOL_SCHILD-SO","VRI_LANTAARN_300MM_2LICHT_VOL_SCHILD","SO"
"http://digitalbuildingdata.tech/nlcs/def/66314406-446e-4a04-a05f-355ca1478bd9","VRI","SIW","B","7687","B-SIW-VRI_LANTAARN_300MM_2LICHT_VWS-SO","VRI_LANTAARN_300MM_2LICHT_VWS","SO"
"http://digitalbuildingdata.tech/nlcs/def/26b01122-833d-407d-b680-5915243d545a","VRI","SIW","B","7688","B-SIW-VRI_LANTAARN_300MM_3LICHT_HEMEL-SO","VRI_LANTAARN_300MM_3LICHT_HEMEL","SO"
"http://digitalbuildingdata.tech/nlcs/def/837817f9-96b9-41d1-8f04-6afbc1942f1b","VRI","SIW","B","7689","B-SIW-VRI_LANTAARN_300MM_3LICHT_HEMELLINKS-SO","VRI_LANTAARN_300MM_3LICHT_HEMELLINKS","SO"
"http://digitalbuildingdata.tech/nlcs/def/6ee13a05-31a0-4e4b-a54a-03da3b5c079e","VRI","SIW","B","7690","B-SIW-VRI_LANTAARN_300MM_3LICHT_HEMELLINKS_AFTELLER-SO","VRI_LANTAARN_300MM_3LICHT_HEMELLINKS_AFTELLER","SO"
"http://digitalbuildingdata.tech/nlcs/def/e8cd6248-2226-4bb9-8a4d-0ce500e03c62","VRI","SIW","B","7691","B-SIW-VRI_LANTAARN_300MM_3LICHT_HEMELLINKS_AFTELLER_SCHILD-SO","VRI_LANTAARN_300MM_3LICHT_HEMELLINKS_AFTELLER_SCHILD","SO"
"http://digitalbuildingdata.tech/nlcs/def/49ed0ad4-8406-4eaf-98b1-4370b96c8bf6","VRI","SIW","B","7692","B-SIW-VRI_LANTAARN_300MM_3LICHT_HEMELLINKS_SCHILD-SO","VRI_LANTAARN_300MM_3LICHT_HEMELLINKS_SCHILD","SO"
"http://digitalbuildingdata.tech/nlcs/def/14bdbd26-a882-46c6-bb7c-1d34a477845d","VRI","SIW","B","7693","B-SIW-VRI_LANTAARN_300MM_3LICHT_HEMELRECHTS-SO","VRI_LANTAARN_300MM_3LICHT_HEMELRECHTS","SO"
"http://digitalbuildingdata.tech/nlcs/def/7e07b846-f8f1-4639-861c-06a3eef65587","VRI","SIW","B","7694","B-SIW-VRI_LANTAARN_300MM_3LICHT_HEMELRECHTS_AFTELLER-SO","VRI_LANTAARN_300MM_3LICHT_HEMELRECHTS_AFTELLER","SO"
"http://digitalbuildingdata.tech/nlcs/def/1fa488b1-f611-42fa-a8a6-2c05df44cbd0","VRI","SIW","B","7695","B-SIW-VRI_LANTAARN_300MM_3LICHT_HEMELRECHTS_AFTELLER_SCHILD-SO","VRI_LANTAARN_300MM_3LICHT_HEMELRECHTS_AFTELLER_SCHILD","SO"
"http://digitalbuildingdata.tech/nlcs/def/c61d9e42-934c-4535-9fe7-133430a570d0","VRI","SIW","B","7696","B-SIW-VRI_LANTAARN_300MM_3LICHT_HEMELRECHTS_SCHILD-SO","VRI_LANTAARN_300MM_3LICHT_HEMELRECHTS_SCHILD","SO"
"http://digitalbuildingdata.tech/nlcs/def/93590f23-a774-44fb-97cc-5e5edab348d1","VRI","SIW","B","7697","B-SIW-VRI_LANTAARN_300MM_3LICHT_HEMEL_AFTELLER-SO","VRI_LANTAARN_300MM_3LICHT_HEMEL_AFTELLER","SO"
"http://digitalbuildingdata.tech/nlcs/def/404fc016-f9b7-49aa-bacc-fd79729027f5","VRI","SIW","B","7698","B-SIW-VRI_LANTAARN_300MM_3LICHT_HEMEL_AFTELLER_SCHILD-SO","VRI_LANTAARN_300MM_3LICHT_HEMEL_AFTELLER_SCHILD","SO"
"http://digitalbuildingdata.tech/nlcs/def/ff43438b-355f-4fe6-99f2-55d96c4b2097","VRI","SIW","B","7699","B-SIW-VRI_LANTAARN_300MM_3LICHT_HEMEL_SCHILD-SO","VRI_LANTAARN_300MM_3LICHT_HEMEL_SCHILD","SO"
"http://digitalbuildingdata.tech/nlcs/def/b05e7675-8fe3-4b8a-ae2c-5982c61324a9","VRI","SIW","B","7700","B-SIW-VRI_LANTAARN_300MM_3LICHT_LINKS-SO","VRI_LANTAARN_300MM_3LICHT_LINKS","SO"
"http://digitalbuildingdata.tech/nlcs/def/e2be59bb-ad98-4798-a993-cd7f868c84d2","VRI","SIW","B","7701","B-SIW-VRI_LANTAARN_300MM_3LICHT_LINKS_AFTELLER-SO","VRI_LANTAARN_300MM_3LICHT_LINKS_AFTELLER","SO"
"http://digitalbuildingdata.tech/nlcs/def/e9c69969-5576-4795-a8af-b0bece42789e","VRI","SIW","B","7702","B-SIW-VRI_LANTAARN_300MM_3LICHT_LINKS_AFTELLER_SCHILD-SO","VRI_LANTAARN_300MM_3LICHT_LINKS_AFTELLER_SCHILD","SO"
"http://digitalbuildingdata.tech/nlcs/def/03388765-8867-4a46-a6dd-db27f4804ebf","VRI","SIW","B","7703","B-SIW-VRI_LANTAARN_300MM_3LICHT_LINKS_SCHILD-SO","VRI_LANTAARN_300MM_3LICHT_LINKS_SCHILD","SO"
"http://digitalbuildingdata.tech/nlcs/def/204ca6fd-d2f2-4b6b-a5a4-d8b7891b0582","VRI","SIW","B","7704","B-SIW-VRI_LANTAARN_300MM_3LICHT_RECHTS-SO","VRI_LANTAARN_300MM_3LICHT_RECHTS","SO"
"http://digitalbuildingdata.tech/nlcs/def/f0e2a91a-0108-4f36-98b1-3d7887d22578","VRI","SIW","B","7705","B-SIW-VRI_LANTAARN_300MM_3LICHT_RECHTS_AFTELLER-SO","VRI_LANTAARN_300MM_3LICHT_RECHTS_AFTELLER","SO"
"http://digitalbuildingdata.tech/nlcs/def/3caad264-c297-4de3-95f7-899cc7b7a4df","VRI","SIW","B","7706","B-SIW-VRI_LANTAARN_300MM_3LICHT_RECHTS_AFTELLER_SCHILD-SO","VRI_LANTAARN_300MM_3LICHT_RECHTS_AFTELLER_SCHILD","SO"
"http://digitalbuildingdata.tech/nlcs/def/a1d93410-28c2-4fc8-9237-726d3292105d","VRI","SIW","B","7707","B-SIW-VRI_LANTAARN_300MM_3LICHT_RECHTS_SCHILD-SO","VRI_LANTAARN_300MM_3LICHT_RECHTS_SCHILD","SO"
"http://digitalbuildingdata.tech/nlcs/def/adb2c475-2287-4804-b4df-0cfc42686e66","VRI","SIW","B","7708","B-SIW-VRI_LANTAARN_300MM_3LICHT_VOL-SO","VRI_LANTAARN_300MM_3LICHT_VOL","SO"
"http://digitalbuildingdata.tech/nlcs/def/6a76bde4-ba4b-4bda-9639-41ae976e4512","VRI","SIW","B","7709","B-SIW-VRI_LANTAARN_300MM_3LICHT_VOL_AFTELLER-SO","VRI_LANTAARN_300MM_3LICHT_VOL_AFTELLER","SO"
"http://digitalbuildingdata.tech/nlcs/def/96f73e64-1abf-45dd-8a5b-bbc476b9613a","VRI","SIW","B","7710","B-SIW-VRI_LANTAARN_300MM_3LICHT_VOL_AFTELLER_SCHILD-SO","VRI_LANTAARN_300MM_3LICHT_VOL_AFTELLER_SCHILD","SO"
"http://digitalbuildingdata.tech/nlcs/def/5b5f11e6-f2ab-4c34-98eb-7ae49900631c","VRI","SIW","B","7711","B-SIW-VRI_LANTAARN_300MM_3LICHT_VOL_SCHILD-SO","VRI_LANTAARN_300MM_3LICHT_VOL_SCHILD","SO"
"http://digitalbuildingdata.tech/nlcs/def/f15949a7-c9e2-4157-8a56-2ddeba639c20","VRI","SIW","B","7712","B-SIW-VRI_LANTAARN_300MM_NEGENOOG-SO","VRI_LANTAARN_300MM_NEGENOOG","SO"
"http://digitalbuildingdata.tech/nlcs/def/6ee77443-91bc-4f65-a512-4f0102afca35","VRI","SIW","B","7713","B-SIW-VRI_LANTAARN_300MM_NEGENOOG_LINKS-SO","VRI_LANTAARN_300MM_NEGENOOG_LINKS","SO"
"http://digitalbuildingdata.tech/nlcs/def/b7cee264-25cc-408c-b89d-ab00dd8d7dfe","VRI","SIW","B","7714","B-SIW-VRI_LANTAARN_300MM_NEGENOOG_LINKS_SCHILD-SO","VRI_LANTAARN_300MM_NEGENOOG_LINKS_SCHILD","SO"
"http://digitalbuildingdata.tech/nlcs/def/1cb228cb-df23-4369-8e03-a293d5d4658b","VRI","SIW","B","7715","B-SIW-VRI_LANTAARN_300MM_NEGENOOG_RECHTDOOR-SO","VRI_LANTAARN_300MM_NEGENOOG_RECHTDOOR","SO"
"http://digitalbuildingdata.tech/nlcs/def/571c86f0-ae59-47be-bf2e-6f2bd2691e7e","VRI","SIW","B","7716","B-SIW-VRI_LANTAARN_300MM_NEGENOOG_RECHTDOOR_SCHILD-SO","VRI_LANTAARN_300MM_NEGENOOG_RECHTDOOR_SCHILD","SO"
"http://digitalbuildingdata.tech/nlcs/def/76e3bd7b-c6ee-402e-bb45-829769fb309e","VRI","SIW","B","7717","B-SIW-VRI_LANTAARN_300MM_NEGENOOG_RECHTS-SO","VRI_LANTAARN_300MM_NEGENOOG_RECHTS","SO"
"http://digitalbuildingdata.tech/nlcs/def/c597bf85-1337-4231-a47c-7f944ad01469","VRI","SIW","B","7718","B-SIW-VRI_LANTAARN_300MM_NEGENOOG_RECHTS_SCHILD-SO","VRI_LANTAARN_300MM_NEGENOOG_RECHTS_SCHILD","SO"
"http://digitalbuildingdata.tech/nlcs/def/2eb06453-24a6-411f-aceb-4a53095ef9a3","VRI","SIW","B","7719","B-SIW-VRI_LANTAARN_300MM_NEGENOOG_SCHILD-SO","VRI_LANTAARN_300MM_NEGENOOG_SCHILD","SO"
"http://digitalbuildingdata.tech/nlcs/def/82301012-3bfa-4ccc-a830-5a8195d2f142","VRI","SIW","B","7720","B-SIW-VRI_LANTAARN_80MM_ONDERLICHT-SO","VRI_LANTAARN_80MM_ONDERLICHT","SO"
"http://digitalbuildingdata.tech/nlcs/def/de6c5e34-d4dd-41e3-a48a-b3f3c55f79fa","VRI","SIW","B","7721","B-SIW-VRI_LANTAARN_80MM_ONDERLICHT_WTV-SO","VRI_LANTAARN_80MM_ONDERLICHT_WTV","SO"
"http://digitalbuildingdata.tech/nlcs/def/923d3f9a-7f21-429e-bf88-06feba940fed","VRI","SIW","B","7722","B-SIW-VRI_OVERIG_DCFONTVANGER-SO","VRI_OVERIG_DCFONTVANGER","SO"
"http://digitalbuildingdata.tech/nlcs/def/a712ea44-d6aa-4c45-a0a8-e13937568eac","VRI","SIW","B","7723","B-SIW-VRI_OVERIG_GEELKNIPPEREN-SO","VRI_OVERIG_GEELKNIPPEREN","SO"
"http://digitalbuildingdata.tech/nlcs/def/0ee25edb-acae-4986-9994-c2c1db559530","VRI","SIW","B","7724","B-SIW-VRI_OVERIG_MATRIXBORD-SO","VRI_OVERIG_MATRIXBORD","SO"
"http://digitalbuildingdata.tech/nlcs/def/858d8fd1-40fa-47e6-9db3-b13d7d0d4ba8","VRI","SIW","B","7725","B-SIW-VRI_OVERIG_RATELTIKKER-SO","VRI_OVERIG_RATELTIKKER","SO"
"http://digitalbuildingdata.tech/nlcs/def/55446c8c-21c8-4ddc-974c-d6f3381d0094","VRI","SIW","B","7726","B-SIW-VRI_OVERIG_TRAMBEL-SO","VRI_OVERIG_TRAMBEL","SO"
"http://digitalbuildingdata.tech/nlcs/def/d92331db-e537-4c0d-a916-8ecc914e5980","VRI","SIW","B","7727","B-SIW-VRI_OVERIG_WITKNIPPEREN-SO","VRI_OVERIG_WITKNIPPEREN","SO"
"http://digitalbuildingdata.tech/nlcs/def/62fb02db-809f-4029-8ef8-4c13ab763c6e","VRI","SIW","","7728","SIW-VRI_AUTOMAAT_HOOFD-SO","VRI_AUTOMAAT_HOOFD","SO"
"http://digitalbuildingdata.tech/nlcs/def/cbaf6930-f171-4836-ae70-af7ead4fe089","VRI","SIW","","7729","SIW-VRI_AUTOMAAT_SECTIEKAST-SO","VRI_AUTOMAAT_SECTIEKAST","SO"
"http://digitalbuildingdata.tech/nlcs/def/30ba3304-cfa1-48a0-a837-a0bd311c45eb","VRI","SIW","","7730","SIW-VRI_BEKABELING_LOOPBUFFER-SO","VRI_BEKABELING_LOOPBUFFER","SO"
"http://digitalbuildingdata.tech/nlcs/def/c5e7c188-493a-40d5-a60a-6fdea5e4f286","VRI","SIW","","7731","SIW-VRI_BEKABELING_MOF-SO","VRI_BEKABELING_MOF","SO"
"http://digitalbuildingdata.tech/nlcs/def/432cfd90-1903-45c9-8d5a-183aa07a45f0","VRI","SIW","","7732","SIW-VRI_BEKABELING_ROL-SO","VRI_BEKABELING_ROL","SO"
"http://digitalbuildingdata.tech/nlcs/def/a578423c-d838-4378-bd41-5c21ed5c9783","VRI","SIW","","7733","SIW-VRI_BEKABELING_VERBINDINGSPUT-SO","VRI_BEKABELING_VERBINDINGSPUT","SO"
"http://digitalbuildingdata.tech/nlcs/def/f82225a8-1114-4b2f-928a-34ff9fdebf3c","VRI","SIW","","7734","SIW-VRI_CAMERA_DOME-SO","VRI_CAMERA_DOME","SO"
"http://digitalbuildingdata.tech/nlcs/def/08329ff8-0f7b-4f33-8883-4ab181ee4d1a","VRI","SIW","","7735","SIW-VRI_CAMERA_INFRAROOD-SO","VRI_CAMERA_INFRAROOD","SO"
"http://digitalbuildingdata.tech/nlcs/def/81b3406f-bc99-489f-b3cd-698a530b4c85","VRI","SIW","","7736","SIW-VRI_CAMERA_KENTEKEN-SO","VRI_CAMERA_KENTEKEN","SO"
"http://digitalbuildingdata.tech/nlcs/def/e4baa43e-919e-4991-a90e-66acf38b6767","VRI","SIW","","7737","SIW-VRI_CAMERA_OBSERVATIE-SO","VRI_CAMERA_OBSERVATIE","SO"
"http://digitalbuildingdata.tech/nlcs/def/9465f133-c077-46eb-bd28-5ef1eb4bfb9f","VRI","SIW","","7738","SIW-VRI_CAMERA_ROODLICHT-SO","VRI_CAMERA_ROODLICHT","SO"
"http://digitalbuildingdata.tech/nlcs/def/610377ed-ef77-4467-a67a-69857d6519f1","VRI","SIW","","7739","SIW-VRI_CAMERA_THERMISCH-SO","VRI_CAMERA_THERMISCH","SO"
"http://digitalbuildingdata.tech/nlcs/def/23e5a555-b1e3-4c6e-af8b-6f358b123089","VRI","SIW","","7740","SIW-VRI_CAMERA_VIDEO-SO","VRI_CAMERA_VIDEO","SO"
"http://digitalbuildingdata.tech/nlcs/def/60cd5fa7-28ed-4c4c-b567-1998a48f13fe","VRI","SIW","","7741","SIW-VRI_DETECTIE_DRUKKNOP-SO","VRI_DETECTIE_DRUKKNOP","SO"
"http://digitalbuildingdata.tech/nlcs/def/f6d58458-f3f9-46d7-9d8d-2a3182548347","VRI","SIW","","7743","SIW-VRI_DETECTIE_DRUKKNOP_WACHTSIGNAAL-SO","VRI_DETECTIE_DRUKKNOP_WACHTSIGNAAL","SO"
"http://digitalbuildingdata.tech/nlcs/def/2c4f9e59-154e-49f3-9ec6-a9f214428cf2","VRI","SIW","","7745","SIW-VRI_DETECTIE_KARANTENNE-SO","VRI_DETECTIE_KARANTENNE","SO"
"http://digitalbuildingdata.tech/nlcs/def/c684ba48-1fe5-426e-8c26-b038fdbcb383","VRI","SIW","","7747","SIW-VRI_DETECTIE_LUS_10X1-S","VRI_DETECTIE_LUS_10X1","S"
"http://digitalbuildingdata.tech/nlcs/def/5568cac7-ca2b-4192-9eef-050f52738b63","VRI","SIW","","7748","SIW-VRI_DETECTIE_LUS_15X1-S","VRI_DETECTIE_LUS_15X1","S"
"http://digitalbuildingdata.tech/nlcs/def/996adc0b-1671-426f-b58f-87b94e00aeda","VRI","SIW","","7749","SIW-VRI_DETECTIE_LUS_1X2-S","VRI_DETECTIE_LUS_1X2","S"
"http://digitalbuildingdata.tech/nlcs/def/8dd97f59-738d-4a5f-b4bd-e1adcec5c538","VRI","SIW","","7750","SIW-VRI_DETECTIE_LUS_1X2_SCHUIN-S","VRI_DETECTIE_LUS_1X2_SCHUIN","S"
"http://digitalbuildingdata.tech/nlcs/def/5c9eb3f6-bfe7-49f6-99e7-c762bc345f05","VRI","SIW","","7751","SIW-VRI_DETECTIE_LUS_20X1-S","VRI_DETECTIE_LUS_20X1","S"
"http://digitalbuildingdata.tech/nlcs/def/3d0b9a31-f8fe-46aa-85fe-c10480a05fcb","VRI","SIW","","7752","SIW-VRI_DETECTIE_LUS_5X1-S","VRI_DETECTIE_LUS_5X1","S"
"http://digitalbuildingdata.tech/nlcs/def/a1854a89-345b-412f-9d4c-a367a3c49458","VRI","SIW","","7753","SIW-VRI_DETECTIE_LUS_7X1-S","VRI_DETECTIE_LUS_7X1","S"
"http://digitalbuildingdata.tech/nlcs/def/65bd2746-3aa5-41db-8802-300b32a4787d","VRI","SIW","","7754","SIW-VRI_DETECTIE_LUS_FIETS-S","VRI_DETECTIE_LUS_FIETS","S"
"http://digitalbuildingdata.tech/nlcs/def/e0a11401-7e1c-4606-a1fe-9e3a510384c8","VRI","SIW","","7755","SIW-VRI_DETECTIE_OPTICOM-SO","VRI_DETECTIE_OPTICOM","SO"
"http://digitalbuildingdata.tech/nlcs/def/d52790c2-0619-4356-b923-f63e5987d52d","VRI","SIW","","7756","SIW-VRI_DETECTIE_RADARDETECTOR-SO","VRI_DETECTIE_RADARDETECTOR","SO"
"http://digitalbuildingdata.tech/nlcs/def/dc61804c-1a2d-4719-9e89-39dbf9c0c8e5","VRI","SIW","","7757","SIW-VRI_DETECTIE_WIFIPANTENNE-SO","VRI_DETECTIE_WIFIPANTENNE","SO"
"http://digitalbuildingdata.tech/nlcs/def/d05b9d11-ad4e-489e-ab34-30446475a62f","VRI","SIW","","7758","SIW-VRI_DRAAGCONSTRUCTIE_BEVESTIGING_KNIEOPZETSTUK_TYPE1-SO","VRI_DRAAGCONSTRUCTIE_BEVESTIGING_KNIEOPZETSTUK_TYPE1","SO"
"http://digitalbuildingdata.tech/nlcs/def/9d67c86e-7ec3-48ca-8a68-042882b87dab","VRI","SIW","","7759","SIW-VRI_DRAAGCONSTRUCTIE_BEVESTIGING_KNIEOPZETSTUK_TYPE2-SO","VRI_DRAAGCONSTRUCTIE_BEVESTIGING_KNIEOPZETSTUK_TYPE2","SO"
"http://digitalbuildingdata.tech/nlcs/def/78431bba-ca65-402c-a4fa-a259902c4b33","VRI","SIW","","7760","SIW-VRI_DRAAGCONSTRUCTIE_BEVESTIGING_NEIGINRICHTING-SO","VRI_DRAAGCONSTRUCTIE_BEVESTIGING_NEIGINRICHTING","SO"
"http://digitalbuildingdata.tech/nlcs/def/c120e3c6-9b53-4d3c-8f1a-94b54b27a0a2","VRI","SIW","","7761","SIW-VRI_DRAAGCONSTRUCTIE_BEVESTIGING_OPZETSTUK_TYPE1-SO","VRI_DRAAGCONSTRUCTIE_BEVESTIGING_OPZETSTUK_TYPE1","SO"
"http://digitalbuildingdata.tech/nlcs/def/122667a5-1a8a-412b-a23e-fa275df8c5ef","VRI","SIW","","7762","SIW-VRI_DRAAGCONSTRUCTIE_BEVESTIGING_OPZETSTUK_TYPE2-SO","VRI_DRAAGCONSTRUCTIE_BEVESTIGING_OPZETSTUK_TYPE2","SO"
"http://digitalbuildingdata.tech/nlcs/def/6daeda6e-23a9-40ff-be7e-e28d9639c95d","VRI","SIW","","7763","SIW-VRI_DRAAGCONSTRUCTIE_BEVESTIGING_OPZETSTUK_TYPE3RIJ-SO","VRI_DRAAGCONSTRUCTIE_BEVESTIGING_OPZETSTUK_TYPE3RIJ","SO"
"http://digitalbuildingdata.tech/nlcs/def/de89f3fa-d352-4cd3-8c24-80def14fe959","VRI","SIW","","7764","SIW-VRI_DRAAGCONSTRUCTIE_BEVESTIGING_OPZETSTUK_TYPE3T-SO","VRI_DRAAGCONSTRUCTIE_BEVESTIGING_OPZETSTUK_TYPE3T","SO"
"http://digitalbuildingdata.tech/nlcs/def/0033451f-a5ba-49f6-8f0a-0351fba4561f","VRI","SIW","","7765","SIW-VRI_DRAAGCONSTRUCTIE_BEVESTIGING_OPZETSTUK_TYPE4-SO","VRI_DRAAGCONSTRUCTIE_BEVESTIGING_OPZETSTUK_TYPE4","SO"
"http://digitalbuildingdata.tech/nlcs/def/c8736fb2-ecbf-4021-84e4-5e4bf479ed76","VRI","SIW","","7766","SIW-VRI_DRAAGCONSTRUCTIE_DRUKKNOPMAST-SO","VRI_DRAAGCONSTRUCTIE_DRUKKNOPMAST","SO"
"http://digitalbuildingdata.tech/nlcs/def/f15494df-85f1-4fc3-9987-d7d92fc41b61","VRI","SIW","","7767","SIW-VRI_DRAAGCONSTRUCTIE_MAST-SO","VRI_DRAAGCONSTRUCTIE_MAST","SO"
"http://digitalbuildingdata.tech/nlcs/def/24118478-df6a-4cfc-a930-06c0a74ad3de","VRI","SIW","","7768","SIW-VRI_DRAAGCONSTRUCTIE_MASTNUMMER-SO","VRI_DRAAGCONSTRUCTIE_MASTNUMMER","SO"
"http://digitalbuildingdata.tech/nlcs/def/cb644f5c-d4f0-4071-bf81-720f5fcc6db1","VRI","SIW","","7769","SIW-VRI_DRAAGCONSTRUCTIE_STAANDER-SO","VRI_DRAAGCONSTRUCTIE_STAANDER","SO"
"http://digitalbuildingdata.tech/nlcs/def/2c3c15f4-befe-436a-acfb-7bccf10416e5","VRI","SIW","","7770","SIW-VRI_LANTAARN_200MM_1LICHT_DEELCONFLICTLINKS-SO","VRI_LANTAARN_200MM_1LICHT_DEELCONFLICTLINKS","SO"
"http://digitalbuildingdata.tech/nlcs/def/50b31995-6068-4644-bb64-177de1c0a3f7","VRI","SIW","","7771","SIW-VRI_LANTAARN_200MM_1LICHT_DEELCONFLICTLINKS_SCHILD-SO","VRI_LANTAARN_200MM_1LICHT_DEELCONFLICTLINKS_SCHILD","SO"
"http://digitalbuildingdata.tech/nlcs/def/990bdc3c-d34c-4fd1-9680-728002d0f00b","VRI","SIW","","7772","SIW-VRI_LANTAARN_200MM_1LICHT_DEELCONFLICTRECHTS-SO","VRI_LANTAARN_200MM_1LICHT_DEELCONFLICTRECHTS","SO"
"http://digitalbuildingdata.tech/nlcs/def/1e69bbb5-2d43-4266-94d6-3d8e3836a4c7","VRI","SIW","","7773","SIW-VRI_LANTAARN_200MM_1LICHT_DEELCONFLICTRECHTS_SCHILD-SO","VRI_LANTAARN_200MM_1LICHT_DEELCONFLICTRECHTS_SCHILD","SO"
"http://digitalbuildingdata.tech/nlcs/def/a49ffef6-18a1-4da7-97e4-ff35c4ad10da","VRI","SIW","","7774","SIW-VRI_LANTAARN_200MM_1LICHT_FIETSLINKS-SO","VRI_LANTAARN_200MM_1LICHT_FIETSLINKS","SO"
"http://digitalbuildingdata.tech/nlcs/def/a027891d-f501-4954-b0f2-489bebf61f0c","VRI","SIW","","7775","SIW-VRI_LANTAARN_200MM_1LICHT_FIETSLINKS_SCHILD-SO","VRI_LANTAARN_200MM_1LICHT_FIETSLINKS_SCHILD","SO"
"http://digitalbuildingdata.tech/nlcs/def/59fbe17a-30ae-484a-9eb5-ea2010bff6b9","VRI","SIW","","7776","SIW-VRI_LANTAARN_200MM_1LICHT_FIETSRECHTS-SO","VRI_LANTAARN_200MM_1LICHT_FIETSRECHTS","SO"
"http://digitalbuildingdata.tech/nlcs/def/8837841a-1afc-45bd-b25b-5ada15ba5c45","VRI","SIW","","7777","SIW-VRI_LANTAARN_200MM_1LICHT_FIETSRECHTS_SCHILD-SO","VRI_LANTAARN_200MM_1LICHT_FIETSRECHTS_SCHILD","SO"
"http://digitalbuildingdata.tech/nlcs/def/9edbaa8e-264f-4a16-8f84-1e84edcc5ede","VRI","SIW","","7778","SIW-VRI_LANTAARN_200MM_1LICHT_HEMEL-SO","VRI_LANTAARN_200MM_1LICHT_HEMEL","SO"
"http://digitalbuildingdata.tech/nlcs/def/611c5972-526a-47da-8401-212bbfea6395","VRI","SIW","","7779","SIW-VRI_LANTAARN_200MM_1LICHT_HEMELLINKS-SO","VRI_LANTAARN_200MM_1LICHT_HEMELLINKS","SO"
"http://digitalbuildingdata.tech/nlcs/def/22f7e717-d5b6-4775-8a8e-a795fa63210c","VRI","SIW","","7780","SIW-VRI_LANTAARN_200MM_1LICHT_HEMELLINKS_SCHILD-SO","VRI_LANTAARN_200MM_1LICHT_HEMELLINKS_SCHILD","SO"
"http://digitalbuildingdata.tech/nlcs/def/cb7c2155-14b4-493e-b4cb-d7d395066b6f","VRI","SIW","","7781","SIW-VRI_LANTAARN_200MM_1LICHT_HEMELRECHTS-SO","VRI_LANTAARN_200MM_1LICHT_HEMELRECHTS","SO"
"http://digitalbuildingdata.tech/nlcs/def/22327321-9f5d-40d9-b826-3d5e38ea86c8","VRI","SIW","","7782","SIW-VRI_LANTAARN_200MM_1LICHT_HEMELRECHTS_SCHILD-SO","VRI_LANTAARN_200MM_1LICHT_HEMELRECHTS_SCHILD","SO"
"http://digitalbuildingdata.tech/nlcs/def/8ca174ed-d003-43ad-9e1d-3fb5390dc26f","VRI","SIW","","7783","SIW-VRI_LANTAARN_200MM_1LICHT_HEMEL_SCHILD-SO","VRI_LANTAARN_200MM_1LICHT_HEMEL_SCHILD","SO"
"http://digitalbuildingdata.tech/nlcs/def/120ee0a1-06d5-4e18-9200-0847e74e8552","VRI","SIW","","7784","SIW-VRI_LANTAARN_200MM_1LICHT_HORBALK-SO","VRI_LANTAARN_200MM_1LICHT_HORBALK","SO"
"http://digitalbuildingdata.tech/nlcs/def/d85647e7-c3a4-4f0a-b139-83af980a3ccd","VRI","SIW","","7785","SIW-VRI_LANTAARN_200MM_1LICHT_HORBALK_SCHILD-SO","VRI_LANTAARN_200MM_1LICHT_HORBALK_SCHILD","SO"
"http://digitalbuildingdata.tech/nlcs/def/5d7d3c2c-f881-485e-b8b8-2a1b0e30b39c","VRI","SIW","","7786","SIW-VRI_LANTAARN_200MM_1LICHT_J37-SO","VRI_LANTAARN_200MM_1LICHT_J37","SO"
"http://digitalbuildingdata.tech/nlcs/def/3bf63218-a883-4653-bcc8-67e3fb46fd99","VRI","SIW","","7787","SIW-VRI_LANTAARN_200MM_1LICHT_J37BUS-SO","VRI_LANTAARN_200MM_1LICHT_J37BUS","SO"
"http://digitalbuildingdata.tech/nlcs/def/b824e06e-2a08-4622-a3a6-a194e599cff1","VRI","SIW","","7788","SIW-VRI_LANTAARN_200MM_1LICHT_J37BUS_SCHILD-SO","VRI_LANTAARN_200MM_1LICHT_J37BUS_SCHILD","SO"
"http://digitalbuildingdata.tech/nlcs/def/06e1ba1d-6ef9-4883-96bb-a5ecd10df1a6","VRI","SIW","","7789","SIW-VRI_LANTAARN_200MM_1LICHT_J37TRAM-SO","VRI_LANTAARN_200MM_1LICHT_J37TRAM","SO"
"http://digitalbuildingdata.tech/nlcs/def/d0fe3fa2-e49a-4ba4-9387-6d01be6db37e","VRI","SIW","","7790","SIW-VRI_LANTAARN_200MM_1LICHT_J37TRAM_SCHILD-SO","VRI_LANTAARN_200MM_1LICHT_J37TRAM_SCHILD","SO"
"http://digitalbuildingdata.tech/nlcs/def/704a8444-45b5-424b-ae89-86e0aca4be8e","VRI","SIW","","7791","SIW-VRI_LANTAARN_200MM_1LICHT_J37_SCHILD-SO","VRI_LANTAARN_200MM_1LICHT_J37_SCHILD","SO"
"http://digitalbuildingdata.tech/nlcs/def/0de6c801-c025-482f-8ad0-e096bcc6f050","VRI","SIW","","7792","SIW-VRI_LANTAARN_200MM_1LICHT_KRUIS-SO","VRI_LANTAARN_200MM_1LICHT_KRUIS","SO"
"http://digitalbuildingdata.tech/nlcs/def/6b488bd4-2adf-4b52-a5e0-261842dded1f","VRI","SIW","","7793","SIW-VRI_LANTAARN_200MM_1LICHT_KRUIS_SCHILD-SO","VRI_LANTAARN_200MM_1LICHT_KRUIS_SCHILD","SO"
"http://digitalbuildingdata.tech/nlcs/def/9b24e5a2-54d1-4785-b386-75920010d65e","VRI","SIW","","7794","SIW-VRI_LANTAARN_200MM_1LICHT_LINKS-SO","VRI_LANTAARN_200MM_1LICHT_LINKS","SO"
"http://digitalbuildingdata.tech/nlcs/def/724a7958-da9a-44dd-a2ca-af81181dfb08","VRI","SIW","","7795","SIW-VRI_LANTAARN_200MM_1LICHT_LINKS_SCHILD-SO","VRI_LANTAARN_200MM_1LICHT_LINKS_SCHILD","SO"
"http://digitalbuildingdata.tech/nlcs/def/918219d2-bbd9-4e23-bf76-221fb6fcf8cb","VRI","SIW","","7796","SIW-VRI_LANTAARN_200MM_1LICHT_RECHTS-SO","VRI_LANTAARN_200MM_1LICHT_RECHTS","SO"
"http://digitalbuildingdata.tech/nlcs/def/83b43c3d-69d4-4123-8086-a7e0d6139bf5","VRI","SIW","","7797","SIW-VRI_LANTAARN_200MM_1LICHT_RECHTS_SCHILD-SO","VRI_LANTAARN_200MM_1LICHT_RECHTS_SCHILD","SO"
"http://digitalbuildingdata.tech/nlcs/def/1b55e869-d714-4010-9414-a9741ce098c9","VRI","SIW","","7798","SIW-VRI_LANTAARN_200MM_1LICHT_TRAM-SO","VRI_LANTAARN_200MM_1LICHT_TRAM","SO"
"http://digitalbuildingdata.tech/nlcs/def/824a88b5-7757-4d3d-965d-34e8c75c3b23","VRI","SIW","","7799","SIW-VRI_LANTAARN_200MM_1LICHT_TRAM_SCHILD-SO","VRI_LANTAARN_200MM_1LICHT_TRAM_SCHILD","SO"
"http://digitalbuildingdata.tech/nlcs/def/f2b55a14-11f6-473f-a3d9-21db009169f5","VRI","SIW","","7800","SIW-VRI_LANTAARN_200MM_1LICHT_VERTBALK-SO","VRI_LANTAARN_200MM_1LICHT_VERTBALK","SO"
"http://digitalbuildingdata.tech/nlcs/def/e3e23177-6f2e-43f6-bd8c-0b141edac178","VRI","SIW","","7801","SIW-VRI_LANTAARN_200MM_1LICHT_VERTBALK_SCHILD-SO","VRI_LANTAARN_200MM_1LICHT_VERTBALK_SCHILD","SO"
"http://digitalbuildingdata.tech/nlcs/def/1a0472b1-7dc5-4f38-9fb8-85a34331cb3e","VRI","SIW","","7802","SIW-VRI_LANTAARN_200MM_1LICHT_VOETGLINKS-SO","VRI_LANTAARN_200MM_1LICHT_VOETGLINKS","SO"
"http://digitalbuildingdata.tech/nlcs/def/8e4b25e9-8a77-40e2-977c-f549de3060d9","VRI","SIW","","7803","SIW-VRI_LANTAARN_200MM_1LICHT_VOETGLINKS_SCHILD-SO","VRI_LANTAARN_200MM_1LICHT_VOETGLINKS_SCHILD","SO"
"http://digitalbuildingdata.tech/nlcs/def/38cc915d-b136-4297-b1e9-01cafa42be4a","VRI","SIW","","7804","SIW-VRI_LANTAARN_200MM_1LICHT_VOETGRECHTS-SO","VRI_LANTAARN_200MM_1LICHT_VOETGRECHTS","SO"
"http://digitalbuildingdata.tech/nlcs/def/30e0247a-21e0-45a8-b8b1-9dbbbab31124","VRI","SIW","","7805","SIW-VRI_LANTAARN_200MM_1LICHT_VOETGRECHTS_SCHILD-SO","VRI_LANTAARN_200MM_1LICHT_VOETGRECHTS_SCHILD","SO"
"http://digitalbuildingdata.tech/nlcs/def/6c775dd7-8def-44ea-95d9-6a6f4a3dc270","VRI","SIW","","7806","SIW-VRI_LANTAARN_200MM_1LICHT_VOL-SO","VRI_LANTAARN_200MM_1LICHT_VOL","SO"
"http://digitalbuildingdata.tech/nlcs/def/cb3a4583-4888-4928-ad99-c229a9a35bd4","VRI","SIW","","7807","SIW-VRI_LANTAARN_200MM_1LICHT_VOL_SCHILD-SO","VRI_LANTAARN_200MM_1LICHT_VOL_SCHILD","SO"
"http://digitalbuildingdata.tech/nlcs/def/f08025c7-c95d-4f3d-9f62-ec18e3343bf7","VRI","SIW","","7808","SIW-VRI_LANTAARN_200MM_1LICHT_VRIJ-SO","VRI_LANTAARN_200MM_1LICHT_VRIJ","SO"
"http://digitalbuildingdata.tech/nlcs/def/5b81d890-3303-475a-98bd-6e20948e905a","VRI","SIW","","7809","SIW-VRI_LANTAARN_200MM_1LICHT_VRIJ_SCHILD-SO","VRI_LANTAARN_200MM_1LICHT_VRIJ_SCHILD","SO"
"http://digitalbuildingdata.tech/nlcs/def/353c8300-83e8-4a9c-a515-5bfd963ca370","VRI","SIW","","7810","SIW-VRI_LANTAARN_200MM_1LICHT_WTV-SO","VRI_LANTAARN_200MM_1LICHT_WTV","SO"
"http://digitalbuildingdata.tech/nlcs/def/95c0f354-4038-48d7-927d-2ab7fb418bf3","VRI","SIW","","7811","SIW-VRI_LANTAARN_200MM_1LICHT_WTV_SCHILD-SO","VRI_LANTAARN_200MM_1LICHT_WTV_SCHILD","SO"
"http://digitalbuildingdata.tech/nlcs/def/cf9278d1-3e5d-448f-a05f-4d3283566e88","VRI","SIW","","7812","SIW-VRI_LANTAARN_200MM_2LICHT_HEMELLINKS-SO","VRI_LANTAARN_200MM_2LICHT_HEMELLINKS","SO"
"http://digitalbuildingdata.tech/nlcs/def/8c34cd87-8fd6-4fd4-adfa-6fb44fd48e12","VRI","SIW","","7813","SIW-VRI_LANTAARN_200MM_2LICHT_HEMELLINKS_SCHILD-SO","VRI_LANTAARN_200MM_2LICHT_HEMELLINKS_SCHILD","SO"
"http://digitalbuildingdata.tech/nlcs/def/b4aca9fa-eade-4301-8fa0-d68fc0ee820e","VRI","SIW","","7814","SIW-VRI_LANTAARN_200MM_2LICHT_HEMELRECHTS-SO","VRI_LANTAARN_200MM_2LICHT_HEMELRECHTS","SO"
"http://digitalbuildingdata.tech/nlcs/def/567d914f-d77f-4673-8b5e-3f651b4f6043","VRI","SIW","","7815","SIW-VRI_LANTAARN_200MM_2LICHT_HEMELRECHTS_SCHILD-SO","VRI_LANTAARN_200MM_2LICHT_HEMELRECHTS_SCHILD","SO"
"http://digitalbuildingdata.tech/nlcs/def/b38277d0-2b1c-4ede-b057-608c326c3c47","VRI","SIW","","7816","SIW-VRI_LANTAARN_200MM_2LICHT_HEMEL_SCHILD-SO","VRI_LANTAARN_200MM_2LICHT_HEMEL_SCHILD","SO"
"http://digitalbuildingdata.tech/nlcs/def/23c126cc-5324-4ab7-b913-48abfc683e8f","VRI","SIW","","7817","SIW-VRI_LANTAARN_200MM_2LICHT_LINKS-SO","VRI_LANTAARN_200MM_2LICHT_LINKS","SO"
"http://digitalbuildingdata.tech/nlcs/def/7aafd319-ced8-468e-bec7-ae3879f01f87","VRI","SIW","","7818","SIW-VRI_LANTAARN_200MM_2LICHT_LINKS_SCHILD-SO","VRI_LANTAARN_200MM_2LICHT_LINKS_SCHILD","SO"
"http://digitalbuildingdata.tech/nlcs/def/c2becd03-1a53-4378-8634-08e6c47b874c","VRI","SIW","","7819","SIW-VRI_LANTAARN_200MM_2LICHT_RECHTS-SO","VRI_LANTAARN_200MM_2LICHT_RECHTS","SO"
"http://digitalbuildingdata.tech/nlcs/def/303bb185-dbea-492d-81e7-e3d79e347586","VRI","SIW","","7820","SIW-VRI_LANTAARN_200MM_2LICHT_RECHTS_SCHILD-SO","VRI_LANTAARN_200MM_2LICHT_RECHTS_SCHILD","SO"
"http://digitalbuildingdata.tech/nlcs/def/e0519774-568a-4314-8444-a9314afa5e1f","VRI","SIW","","7821","SIW-VRI_LANTAARN_200MM_2LICHT_VOL-SO","VRI_LANTAARN_200MM_2LICHT_VOL","SO"
"http://digitalbuildingdata.tech/nlcs/def/99e51e91-5f6e-441d-838b-b29e0b5b1f7a","VRI","SIW","","7822","SIW-VRI_LANTAARN_200MM_2LICHT_VOL_SCHILD-SO","VRI_LANTAARN_200MM_2LICHT_VOL_SCHILD","SO"
"http://digitalbuildingdata.tech/nlcs/def/94ddaac6-9a5f-4e5c-aae1-79c92429244a","VRI","SIW","","7823","SIW-VRI_LANTAARN_200MM_3LICHT_HEMEL-SO","VRI_LANTAARN_200MM_3LICHT_HEMEL","SO"
"http://digitalbuildingdata.tech/nlcs/def/ad479e49-4a2c-4d02-8e77-a5dbae7d20fc","VRI","SIW","","7824","SIW-VRI_LANTAARN_200MM_3LICHT_HEMELLINKS-SO","VRI_LANTAARN_200MM_3LICHT_HEMELLINKS","SO"
"http://digitalbuildingdata.tech/nlcs/def/86f29175-95c4-47f9-b319-7866343b4a9b","VRI","SIW","","7825","SIW-VRI_LANTAARN_200MM_3LICHT_HEMELLINKS_AFTELLER-SO","VRI_LANTAARN_200MM_3LICHT_HEMELLINKS_AFTELLER","SO"
"http://digitalbuildingdata.tech/nlcs/def/403d3806-3dec-4537-90b0-f660e3976281","VRI","SIW","","7826","SIW-VRI_LANTAARN_200MM_3LICHT_HEMELLINKS_AFTELLER_SCHILD-SO","VRI_LANTAARN_200MM_3LICHT_HEMELLINKS_AFTELLER_SCHILD","SO"
"http://digitalbuildingdata.tech/nlcs/def/8e97289b-6de1-4a1c-b7d2-b046d5444323","VRI","SIW","","7827","SIW-VRI_LANTAARN_200MM_3LICHT_HEMELLINKS_SCHILD-SO","VRI_LANTAARN_200MM_3LICHT_HEMELLINKS_SCHILD","SO"
"http://digitalbuildingdata.tech/nlcs/def/91a1a452-dac0-4b73-b102-12ec0ee7858a","VRI","SIW","","7828","SIW-VRI_LANTAARN_200MM_3LICHT_HEMELRECHTS-SO","VRI_LANTAARN_200MM_3LICHT_HEMELRECHTS","SO"
"http://digitalbuildingdata.tech/nlcs/def/3f1b63d1-d146-4ab2-8d9e-a358fd19d098","VRI","SIW","","7829","SIW-VRI_LANTAARN_200MM_3LICHT_HEMELRECHTS_AFTELLER-SO","VRI_LANTAARN_200MM_3LICHT_HEMELRECHTS_AFTELLER","SO"
"http://digitalbuildingdata.tech/nlcs/def/7e420880-171a-42e3-a27c-56d3f88e8b6b","VRI","SIW","","7830","SIW-VRI_LANTAARN_200MM_3LICHT_HEMELRECHTS_AFTELLER_SCHILD-SO","VRI_LANTAARN_200MM_3LICHT_HEMELRECHTS_AFTELLER_SCHILD","SO"
"http://digitalbuildingdata.tech/nlcs/def/0407ad38-1c72-41d8-9af4-caa6d8b33e1d","VRI","SIW","","7831","SIW-VRI_LANTAARN_200MM_3LICHT_HEMELRECHTS_SCHILD-SO","VRI_LANTAARN_200MM_3LICHT_HEMELRECHTS_SCHILD","SO"
"http://digitalbuildingdata.tech/nlcs/def/bf6f45c9-02eb-428a-8a61-813d3c867488","VRI","SIW","","7832","SIW-VRI_LANTAARN_200MM_3LICHT_HEMEL_AFTELLER-SO","VRI_LANTAARN_200MM_3LICHT_HEMEL_AFTELLER","SO"
"http://digitalbuildingdata.tech/nlcs/def/07d0157d-b08f-413f-aafd-aad166d59885","VRI","SIW","","7833","SIW-VRI_LANTAARN_200MM_3LICHT_HEMEL_AFTELLER_SCHILD-SO","VRI_LANTAARN_200MM_3LICHT_HEMEL_AFTELLER_SCHILD","SO"
"http://digitalbuildingdata.tech/nlcs/def/118e35b2-7a94-4e45-8cad-3f5816e4f6b3","VRI","SIW","","7834","SIW-VRI_LANTAARN_200MM_3LICHT_HEMEL_FIETS-SO","VRI_LANTAARN_200MM_3LICHT_HEMEL_FIETS","SO"
"http://digitalbuildingdata.tech/nlcs/def/bbf5067f-bab0-441e-9323-3ce345809267","VRI","SIW","","7835","SIW-VRI_LANTAARN_200MM_3LICHT_HEMEL_FIETS_SCHILD-SO","VRI_LANTAARN_200MM_3LICHT_HEMEL_FIETS_SCHILD","SO"
"http://digitalbuildingdata.tech/nlcs/def/f47460f9-5884-402e-86f2-f3abe7efb675","VRI","SIW","","7836","SIW-VRI_LANTAARN_200MM_3LICHT_HEMEL_SCHILD-SO","VRI_LANTAARN_200MM_3LICHT_HEMEL_SCHILD","SO"
"http://digitalbuildingdata.tech/nlcs/def/c230bb71-5bc3-400a-b991-04bcc9e888fe","VRI","SIW","","7837","SIW-VRI_LANTAARN_200MM_3LICHT_LINKS-SO","VRI_LANTAARN_200MM_3LICHT_LINKS","SO"
"http://digitalbuildingdata.tech/nlcs/def/9d84682a-dd78-4382-ab08-cc8b7b292f04","VRI","SIW","","7838","SIW-VRI_LANTAARN_200MM_3LICHT_LINKS_AFTELLER-SO","VRI_LANTAARN_200MM_3LICHT_LINKS_AFTELLER","SO"
"http://digitalbuildingdata.tech/nlcs/def/e88dc9c1-f660-4f99-9677-44a22721659c","VRI","SIW","","7839","SIW-VRI_LANTAARN_200MM_3LICHT_LINKS_AFTELLER_SCHILD-SO","VRI_LANTAARN_200MM_3LICHT_LINKS_AFTELLER_SCHILD","SO"
"http://digitalbuildingdata.tech/nlcs/def/888ea6ac-ecba-4d31-846e-893d1d0dd614","VRI","SIW","","7840","SIW-VRI_LANTAARN_200MM_3LICHT_LINKS_FIETS-SO","VRI_LANTAARN_200MM_3LICHT_LINKS_FIETS","SO"
"http://digitalbuildingdata.tech/nlcs/def/d9bb6e54-97e1-40f2-be6f-e32b853ef2c6","VRI","SIW","","7841","SIW-VRI_LANTAARN_200MM_3LICHT_LINKS_FIETS_SCHILD-SO","VRI_LANTAARN_200MM_3LICHT_LINKS_FIETS_SCHILD","SO"
"http://digitalbuildingdata.tech/nlcs/def/9b7b1e5c-0c92-445b-8696-579aebfc70a9","VRI","SIW","","7842","SIW-VRI_LANTAARN_200MM_3LICHT_LINKS_SCHILD-SO","VRI_LANTAARN_200MM_3LICHT_LINKS_SCHILD","SO"
"http://digitalbuildingdata.tech/nlcs/def/d16a5010-5d7d-4c80-8bd9-ea70c2bafd25","VRI","SIW","","7843","SIW-VRI_LANTAARN_200MM_3LICHT_RECHTS-SO","VRI_LANTAARN_200MM_3LICHT_RECHTS","SO"
"http://digitalbuildingdata.tech/nlcs/def/d9e6e2b9-06c8-4691-99f0-ec4fae33b360","VRI","SIW","","7844","SIW-VRI_LANTAARN_200MM_3LICHT_RECHTS_AFTELLER-SO","VRI_LANTAARN_200MM_3LICHT_RECHTS_AFTELLER","SO"
"http://digitalbuildingdata.tech/nlcs/def/a1004b85-9b76-4839-842e-d47e4e4eda69","VRI","SIW","","7845","SIW-VRI_LANTAARN_200MM_3LICHT_RECHTS_AFTELLER_SCHILD-SO","VRI_LANTAARN_200MM_3LICHT_RECHTS_AFTELLER_SCHILD","SO"
"http://digitalbuildingdata.tech/nlcs/def/3a328d6d-2fdb-4d19-b46a-24270533869b","VRI","SIW","","7846","SIW-VRI_LANTAARN_200MM_3LICHT_RECHTS_FIETS-SO","VRI_LANTAARN_200MM_3LICHT_RECHTS_FIETS","SO"
"http://digitalbuildingdata.tech/nlcs/def/5ce17ad1-2e98-455a-b7a5-d13808e753b3","VRI","SIW","","7847","SIW-VRI_LANTAARN_200MM_3LICHT_RECHTS_FIETS_SCHILD-SO","VRI_LANTAARN_200MM_3LICHT_RECHTS_FIETS_SCHILD","SO"
"http://digitalbuildingdata.tech/nlcs/def/d7c0137a-8d20-4210-a4ec-9421169c3452","VRI","SIW","","7848","SIW-VRI_LANTAARN_200MM_3LICHT_RECHTS_SCHILD-SO","VRI_LANTAARN_200MM_3LICHT_RECHTS_SCHILD","SO"
"http://digitalbuildingdata.tech/nlcs/def/491dd663-8cb6-4374-aa68-9a47c320f61e","VRI","SIW","","7849","SIW-VRI_LANTAARN_200MM_3LICHT_VOL-SO","VRI_LANTAARN_200MM_3LICHT_VOL","SO"
"http://digitalbuildingdata.tech/nlcs/def/555a5f79-ebfa-4fc7-9aeb-418a1c777213","VRI","SIW","","7850","SIW-VRI_LANTAARN_200MM_3LICHT_VOL_AFTELLER-SO","VRI_LANTAARN_200MM_3LICHT_VOL_AFTELLER","SO"
"http://digitalbuildingdata.tech/nlcs/def/126ab02b-a2ad-429d-8167-1a0e03411470","VRI","SIW","","7851","SIW-VRI_LANTAARN_200MM_3LICHT_VOL_AFTELLER_SCHILD-SO","VRI_LANTAARN_200MM_3LICHT_VOL_AFTELLER_SCHILD","SO"
"http://digitalbuildingdata.tech/nlcs/def/67ee0be2-0214-4208-945f-7c65e74db220","VRI","SIW","","7852","SIW-VRI_LANTAARN_200MM_3LICHT_VOL_FIETS-SO","VRI_LANTAARN_200MM_3LICHT_VOL_FIETS","SO"
"http://digitalbuildingdata.tech/nlcs/def/2cf7c1c6-4660-4cea-955b-a1a5ee96a5bc","VRI","SIW","","7853","SIW-VRI_LANTAARN_200MM_3LICHT_VOL_FIETS_SCHILD-SO","VRI_LANTAARN_200MM_3LICHT_VOL_FIETS_SCHILD","SO"
"http://digitalbuildingdata.tech/nlcs/def/5195ae3d-a3b2-4431-b34d-117df8ea4214","VRI","SIW","","7854","SIW-VRI_LANTAARN_200MM_3LICHT_VOL_SCHILD-SO","VRI_LANTAARN_200MM_3LICHT_VOL_SCHILD","SO"
"http://digitalbuildingdata.tech/nlcs/def/4ac3de48-eb87-47eb-a7b3-ff6896cf1bfa","VRI","SIW","","7855","SIW-VRI_LANTAARN_200MM_BOA-SO","VRI_LANTAARN_200MM_BOA","SO"
"http://digitalbuildingdata.tech/nlcs/def/60726611-8190-4726-9903-5730873d5f07","VRI","SIW","","7856","SIW-VRI_LANTAARN_200MM_NEGENOOG-SO","VRI_LANTAARN_200MM_NEGENOOG","SO"
"http://digitalbuildingdata.tech/nlcs/def/5e316138-dc5a-4feb-89c7-de66b48e9058","VRI","SIW","","7857","SIW-VRI_LANTAARN_200MM_NEGENOOG_LINKS-SO","VRI_LANTAARN_200MM_NEGENOOG_LINKS","SO"
"http://digitalbuildingdata.tech/nlcs/def/325ebf77-11eb-4f90-bbba-61bace811dff","VRI","SIW","","7858","SIW-VRI_LANTAARN_200MM_NEGENOOG_LINKS_SCHILD-SO","VRI_LANTAARN_200MM_NEGENOOG_LINKS_SCHILD","SO"
"http://digitalbuildingdata.tech/nlcs/def/37a6cb74-9941-456c-baf5-fbf2d441818f","VRI","SIW","","7859","SIW-VRI_LANTAARN_200MM_NEGENOOG_RECHTDOOR-SO","VRI_LANTAARN_200MM_NEGENOOG_RECHTDOOR","SO"
"http://digitalbuildingdata.tech/nlcs/def/3a557112-e17c-4744-8469-733d03377162","VRI","SIW","","7860","SIW-VRI_LANTAARN_200MM_NEGENOOG_RECHTDOOR_SCHILD-SO","VRI_LANTAARN_200MM_NEGENOOG_RECHTDOOR_SCHILD","SO"
"http://digitalbuildingdata.tech/nlcs/def/fc48a7f2-66f3-409c-bdd9-5bd41a290084","VRI","SIW","","7861","SIW-VRI_LANTAARN_200MM_NEGENOOG_RECHTS-SO","VRI_LANTAARN_200MM_NEGENOOG_RECHTS","SO"
"http://digitalbuildingdata.tech/nlcs/def/f4cd5d3c-c97b-4ad5-8a1f-1f54ece984da","VRI","SIW","","7862","SIW-VRI_LANTAARN_200MM_NEGENOOG_RECHTS_SCHILD-SO","VRI_LANTAARN_200MM_NEGENOOG_RECHTS_SCHILD","SO"
"http://digitalbuildingdata.tech/nlcs/def/4efbc2cb-db00-470b-a219-100e1991aac1","VRI","SIW","","7863","SIW-VRI_LANTAARN_200MM_NEGENOOG_SCHILD-SO","VRI_LANTAARN_200MM_NEGENOOG_SCHILD","SO"
"http://digitalbuildingdata.tech/nlcs/def/6120d1f4-92a6-4d56-9e00-40a7a7332eba","VRI","SIW","","7864","SIW-VRI_LANTAARN_200MM_VOETGANGER-SO","VRI_LANTAARN_200MM_VOETGANGER","SO"
"http://digitalbuildingdata.tech/nlcs/def/15e5363b-e2c4-4ddd-9e5a-c5ae78093f8e","VRI","SIW","","7865","SIW-VRI_LANTAARN_200MM_VOETGANGER_INFORMATIEF-SO","VRI_LANTAARN_200MM_VOETGANGER_INFORMATIEF","SO"
"http://digitalbuildingdata.tech/nlcs/def/d334c554-14ff-4ef0-b88b-a5c39e268aee","VRI","SIW","","7866","SIW-VRI_LANTAARN_300MM_1LICHT_DEELCONFLICTLINKS-SO","VRI_LANTAARN_300MM_1LICHT_DEELCONFLICTLINKS","SO"
"http://digitalbuildingdata.tech/nlcs/def/a38b2707-3942-42d5-b288-bbcba44abc82","VRI","SIW","","7867","SIW-VRI_LANTAARN_300MM_1LICHT_DEELCONFLICTLINKS_SCHILD-SO","VRI_LANTAARN_300MM_1LICHT_DEELCONFLICTLINKS_SCHILD","SO"
"http://digitalbuildingdata.tech/nlcs/def/f898ee8f-85e5-4ef3-bfe9-0493cb2846d2","VRI","SIW","","7868","SIW-VRI_LANTAARN_300MM_1LICHT_DEELCONFLICTRECHTS-SO","VRI_LANTAARN_300MM_1LICHT_DEELCONFLICTRECHTS","SO"
"http://digitalbuildingdata.tech/nlcs/def/e296e12b-fe13-4cd4-8bf1-40c07daea0d3","VRI","SIW","","7869","SIW-VRI_LANTAARN_300MM_1LICHT_DEELCONFLICTRECHTS_SCHILD-SO","VRI_LANTAARN_300MM_1LICHT_DEELCONFLICTRECHTS_SCHILD","SO"
"http://digitalbuildingdata.tech/nlcs/def/2d2b20cb-14a7-49fa-9479-ced683a26b63","VRI","SIW","","7870","SIW-VRI_LANTAARN_300MM_1LICHT_FIETSLINKS-SO","VRI_LANTAARN_300MM_1LICHT_FIETSLINKS","SO"
"http://digitalbuildingdata.tech/nlcs/def/aaa1e8ac-62d4-4201-a3e6-8edb3016f5a3","VRI","SIW","","7871","SIW-VRI_LANTAARN_300MM_1LICHT_FIETSLINKS_SCHILD-SO","VRI_LANTAARN_300MM_1LICHT_FIETSLINKS_SCHILD","SO"
"http://digitalbuildingdata.tech/nlcs/def/efa1d480-3f41-43d7-b243-c2fcf8df990c","VRI","SIW","","7872","SIW-VRI_LANTAARN_300MM_1LICHT_FIETSRECHTS-SO","VRI_LANTAARN_300MM_1LICHT_FIETSRECHTS","SO"
"http://digitalbuildingdata.tech/nlcs/def/9705e928-62d8-4ea9-8f11-cc73b616cdc7","VRI","SIW","","7873","SIW-VRI_LANTAARN_300MM_1LICHT_FIETSRECHTS_SCHILD-SO","VRI_LANTAARN_300MM_1LICHT_FIETSRECHTS_SCHILD","SO"
"http://digitalbuildingdata.tech/nlcs/def/0342ffd3-2e2e-4dea-a6fd-80ad91d080a5","VRI","SIW","","7874","SIW-VRI_LANTAARN_300MM_1LICHT_HEMEL-SO","VRI_LANTAARN_300MM_1LICHT_HEMEL","SO"
"http://digitalbuildingdata.tech/nlcs/def/238e0582-7641-4a08-ac83-5bb5c7b3a48d","VRI","SIW","","7875","SIW-VRI_LANTAARN_300MM_1LICHT_HEMELLINKS-SO","VRI_LANTAARN_300MM_1LICHT_HEMELLINKS","SO"
"http://digitalbuildingdata.tech/nlcs/def/6f2ac73d-df46-4dd7-8c1f-5136b5811d68","VRI","SIW","","7876","SIW-VRI_LANTAARN_300MM_1LICHT_HEMELLINKS_SCHILD-SO","VRI_LANTAARN_300MM_1LICHT_HEMELLINKS_SCHILD","SO"
"http://digitalbuildingdata.tech/nlcs/def/8ad66a29-d466-4a29-a394-64b6563d16e2","VRI","SIW","","7877","SIW-VRI_LANTAARN_300MM_1LICHT_HEMELRECHTS-SO","VRI_LANTAARN_300MM_1LICHT_HEMELRECHTS","SO"
"http://digitalbuildingdata.tech/nlcs/def/38a63274-010e-4fb1-a0b5-65980d90d099","VRI","SIW","","7878","SIW-VRI_LANTAARN_300MM_1LICHT_HEMELRECHTS_SCHILD-SO","VRI_LANTAARN_300MM_1LICHT_HEMELRECHTS_SCHILD","SO"
"http://digitalbuildingdata.tech/nlcs/def/5bc560ff-9bb8-4765-87f5-c9d79dbf1070","VRI","SIW","","7879","SIW-VRI_LANTAARN_300MM_1LICHT_HEMEL_SCHILD-SO","VRI_LANTAARN_300MM_1LICHT_HEMEL_SCHILD","SO"
"http://digitalbuildingdata.tech/nlcs/def/3c422918-391b-4f32-b22c-9e3885da7687","VRI","SIW","","7880","SIW-VRI_LANTAARN_300MM_1LICHT_HORBALK-SO","VRI_LANTAARN_300MM_1LICHT_HORBALK","SO"
"http://digitalbuildingdata.tech/nlcs/def/b6ab25ee-389d-468a-993f-208bbe44ec0a","VRI","SIW","","7881","SIW-VRI_LANTAARN_300MM_1LICHT_HORBALK_SCHILD-SO","VRI_LANTAARN_300MM_1LICHT_HORBALK_SCHILD","SO"
"http://digitalbuildingdata.tech/nlcs/def/d299c57c-f1ac-46c6-a561-30a530e4f079","VRI","SIW","","7882","SIW-VRI_LANTAARN_300MM_1LICHT_J37-SO","VRI_LANTAARN_300MM_1LICHT_J37","SO"
"http://digitalbuildingdata.tech/nlcs/def/6fbccb14-254d-4b51-a98f-bf4555d19e2e","VRI","SIW","","7883","SIW-VRI_LANTAARN_300MM_1LICHT_J37BUS-SO","VRI_LANTAARN_300MM_1LICHT_J37BUS","SO"
"http://digitalbuildingdata.tech/nlcs/def/3ca09174-2bb7-4090-92e3-09aea93ebbe2","VRI","SIW","","7884","SIW-VRI_LANTAARN_300MM_1LICHT_J37BUS_SCHILD-SO","VRI_LANTAARN_300MM_1LICHT_J37BUS_SCHILD","SO"
"http://digitalbuildingdata.tech/nlcs/def/167a9bd2-2a21-4b62-ab2e-955f31af445e","VRI","SIW","","7885","SIW-VRI_LANTAARN_300MM_1LICHT_J37TRAM-SO","VRI_LANTAARN_300MM_1LICHT_J37TRAM","SO"
"http://digitalbuildingdata.tech/nlcs/def/7bdffba4-29fb-402f-a554-0d87d7a31207","VRI","SIW","","7886","SIW-VRI_LANTAARN_300MM_1LICHT_J37TRAM_SCHILD-SO","VRI_LANTAARN_300MM_1LICHT_J37TRAM_SCHILD","SO"
"http://digitalbuildingdata.tech/nlcs/def/4615f71a-c334-4935-9332-268455eaf25a","VRI","SIW","","7887","SIW-VRI_LANTAARN_300MM_1LICHT_J37_SCHILD-SO","VRI_LANTAARN_300MM_1LICHT_J37_SCHILD","SO"
"http://digitalbuildingdata.tech/nlcs/def/f365fcc6-70f0-4d45-8f6f-66229cc749e7","VRI","SIW","","7888","SIW-VRI_LANTAARN_300MM_1LICHT_KRUIS-SO","VRI_LANTAARN_300MM_1LICHT_KRUIS","SO"
"http://digitalbuildingdata.tech/nlcs/def/991cc071-8391-46b5-934b-155a2e09521e","VRI","SIW","","7889","SIW-VRI_LANTAARN_300MM_1LICHT_KRUIS_SCHILD-SO","VRI_LANTAARN_300MM_1LICHT_KRUIS_SCHILD","SO"
"http://digitalbuildingdata.tech/nlcs/def/e7aa341e-c4f7-495e-8bfa-320284e20b65","VRI","SIW","","7890","SIW-VRI_LANTAARN_300MM_1LICHT_LINKS-SO","VRI_LANTAARN_300MM_1LICHT_LINKS","SO"
"http://digitalbuildingdata.tech/nlcs/def/974bcd0a-1bc9-4fac-81c7-4a5f8ff96348","VRI","SIW","","7891","SIW-VRI_LANTAARN_300MM_1LICHT_LINKS_SCHILD-SO","VRI_LANTAARN_300MM_1LICHT_LINKS_SCHILD","SO"
"http://digitalbuildingdata.tech/nlcs/def/c9bdc3b8-f0c1-428a-923e-c2731f14a40a","VRI","SIW","","7892","SIW-VRI_LANTAARN_300MM_1LICHT_RECHTS-SO","VRI_LANTAARN_300MM_1LICHT_RECHTS","SO"
"http://digitalbuildingdata.tech/nlcs/def/c45ae66a-fb84-4a4f-8d34-4775fc960cc1","VRI","SIW","","7893","SIW-VRI_LANTAARN_300MM_1LICHT_RECHTS_SCHILD-SO","VRI_LANTAARN_300MM_1LICHT_RECHTS_SCHILD","SO"
"http://digitalbuildingdata.tech/nlcs/def/e80cb813-1ff3-48f9-a88e-8e806dcfa993","VRI","SIW","","7894","SIW-VRI_LANTAARN_300MM_1LICHT_TRAM-SO","VRI_LANTAARN_300MM_1LICHT_TRAM","SO"
"http://digitalbuildingdata.tech/nlcs/def/0f9a1c34-4cc2-4070-8cfb-662d6dbea74b","VRI","SIW","","7895","SIW-VRI_LANTAARN_300MM_1LICHT_TRAM_SCHILD-SO","VRI_LANTAARN_300MM_1LICHT_TRAM_SCHILD","SO"
"http://digitalbuildingdata.tech/nlcs/def/51fb5e35-cc19-4258-90b8-024799ec474f","VRI","SIW","","7896","SIW-VRI_LANTAARN_300MM_1LICHT_VERTBALK-SO","VRI_LANTAARN_300MM_1LICHT_VERTBALK","SO"
"http://digitalbuildingdata.tech/nlcs/def/534cf186-8289-4f72-88a1-dcd005214938","VRI","SIW","","7897","SIW-VRI_LANTAARN_300MM_1LICHT_VERTBALK_SCHILD-SO","VRI_LANTAARN_300MM_1LICHT_VERTBALK_SCHILD","SO"
"http://digitalbuildingdata.tech/nlcs/def/a0f09b05-a9a0-403c-bad5-e3fa6b7805af","VRI","SIW","","7898","SIW-VRI_LANTAARN_300MM_1LICHT_VOETGLINKS-SO","VRI_LANTAARN_300MM_1LICHT_VOETGLINKS","SO"
"http://digitalbuildingdata.tech/nlcs/def/7b0cd37a-498e-49d9-958f-ffce5162259a","VRI","SIW","","7899","SIW-VRI_LANTAARN_300MM_1LICHT_VOETGLINKS_SCHILD-SO","VRI_LANTAARN_300MM_1LICHT_VOETGLINKS_SCHILD","SO"
"http://digitalbuildingdata.tech/nlcs/def/58e2f046-a4e5-4c6b-9b1d-26f007debb4f","VRI","SIW","","7900","SIW-VRI_LANTAARN_300MM_1LICHT_VOETGRECHTS-SO","VRI_LANTAARN_300MM_1LICHT_VOETGRECHTS","SO"
"http://digitalbuildingdata.tech/nlcs/def/ba56fcb2-b33e-434f-8712-f874cc7b57ae","VRI","SIW","","7901","SIW-VRI_LANTAARN_300MM_1LICHT_VOETGRECHTS_SCHILD-SO","VRI_LANTAARN_300MM_1LICHT_VOETGRECHTS_SCHILD","SO"
"http://digitalbuildingdata.tech/nlcs/def/92370b4d-8f96-4757-8037-97485cbba174","VRI","SIW","","7902","SIW-VRI_LANTAARN_300MM_1LICHT_VOL-SO","VRI_LANTAARN_300MM_1LICHT_VOL","SO"
"http://digitalbuildingdata.tech/nlcs/def/b514677f-a728-449d-b5be-2cae17e349e6","VRI","SIW","","7903","SIW-VRI_LANTAARN_300MM_1LICHT_VOL_SCHILD-SO","VRI_LANTAARN_300MM_1LICHT_VOL_SCHILD","SO"
"http://digitalbuildingdata.tech/nlcs/def/4901d70a-a0a7-48ba-a92b-442259adaa67","VRI","SIW","","7904","SIW-VRI_LANTAARN_300MM_1LICHT_VRIJ-SO","VRI_LANTAARN_300MM_1LICHT_VRIJ","SO"
"http://digitalbuildingdata.tech/nlcs/def/258bb2fc-bea8-4433-a0d5-2a026aeeabf6","VRI","SIW","","7905","SIW-VRI_LANTAARN_300MM_1LICHT_VRIJ_SCHILD-SO","VRI_LANTAARN_300MM_1LICHT_VRIJ_SCHILD","SO"
"http://digitalbuildingdata.tech/nlcs/def/86460f70-4f23-40a1-8c18-331deb91f3af","VRI","SIW","","7906","SIW-VRI_LANTAARN_300MM_1LICHT_VWS-SO","VRI_LANTAARN_300MM_1LICHT_VWS","SO"
"http://digitalbuildingdata.tech/nlcs/def/ca3cbb70-3f67-45e9-8b30-0199f7345986","VRI","SIW","","7907","SIW-VRI_LANTAARN_300MM_2LICHT_HEMEL-SO","VRI_LANTAARN_300MM_2LICHT_HEMEL","SO"
"http://digitalbuildingdata.tech/nlcs/def/0b8b32ac-9292-424a-baa9-f316d8570d62","VRI","SIW","","7908","SIW-VRI_LANTAARN_300MM_2LICHT_HEMELLINKS-SO","VRI_LANTAARN_300MM_2LICHT_HEMELLINKS","SO"
"http://digitalbuildingdata.tech/nlcs/def/341d990a-dd3c-4734-bdcc-c0b21f214eec","VRI","SIW","","7909","SIW-VRI_LANTAARN_300MM_2LICHT_HEMELLINKS_SCHILD-SO","VRI_LANTAARN_300MM_2LICHT_HEMELLINKS_SCHILD","SO"
"http://digitalbuildingdata.tech/nlcs/def/e18e6ab4-2ac9-45c4-bc8e-774b83aa26c1","VRI","SIW","","7910","SIW-VRI_LANTAARN_300MM_2LICHT_HEMELRECHTS-SO","VRI_LANTAARN_300MM_2LICHT_HEMELRECHTS","SO"
"http://digitalbuildingdata.tech/nlcs/def/c13b8760-f754-4bea-a898-210b1bb970ef","VRI","SIW","","7911","SIW-VRI_LANTAARN_300MM_2LICHT_HEMELRECHTS_SCHILD-SO","VRI_LANTAARN_300MM_2LICHT_HEMELRECHTS_SCHILD","SO"
"http://digitalbuildingdata.tech/nlcs/def/dbe5c30b-5e15-46ff-ac6f-40b8c366b766","VRI","SIW","","7912","SIW-VRI_LANTAARN_300MM_2LICHT_HEMEL_SCHILD-SO","VRI_LANTAARN_300MM_2LICHT_HEMEL_SCHILD","SO"
"http://digitalbuildingdata.tech/nlcs/def/3f2025ff-2631-401e-9617-1007ef4d9e49","VRI","SIW","","7913","SIW-VRI_LANTAARN_300MM_2LICHT_LINKS-SO","VRI_LANTAARN_300MM_2LICHT_LINKS","SO"
"http://digitalbuildingdata.tech/nlcs/def/1fe03452-481d-49d8-80ac-c7de922d6b77","VRI","SIW","","7914","SIW-VRI_LANTAARN_300MM_2LICHT_LINKS_SCHILD-SO","VRI_LANTAARN_300MM_2LICHT_LINKS_SCHILD","SO"
"http://digitalbuildingdata.tech/nlcs/def/b86ab233-adec-4e3b-8444-e2705bf3bf1b","VRI","SIW","","7915","SIW-VRI_LANTAARN_300MM_2LICHT_RECHTS-SO","VRI_LANTAARN_300MM_2LICHT_RECHTS","SO"
"http://digitalbuildingdata.tech/nlcs/def/bbf83b5d-a02c-4850-ac7c-2d76e249b6e8","VRI","SIW","","7916","SIW-VRI_LANTAARN_300MM_2LICHT_RECHTS_SCHILD-SO","VRI_LANTAARN_300MM_2LICHT_RECHTS_SCHILD","SO"
"http://digitalbuildingdata.tech/nlcs/def/8360a72d-d96b-42ac-9c9f-1d042e729548","VRI","SIW","","7917","SIW-VRI_LANTAARN_300MM_2LICHT_VOL-SO","VRI_LANTAARN_300MM_2LICHT_VOL","SO"
"http://digitalbuildingdata.tech/nlcs/def/0549a851-ba17-47cb-8a2d-c8a6119e9a65","VRI","SIW","","7918","SIW-VRI_LANTAARN_300MM_2LICHT_VOL_SCHILD-SO","VRI_LANTAARN_300MM_2LICHT_VOL_SCHILD","SO"
"http://digitalbuildingdata.tech/nlcs/def/23672478-710d-4f3a-b6c8-f54cf0919df5","VRI","SIW","","7919","SIW-VRI_LANTAARN_300MM_2LICHT_VWS-SO","VRI_LANTAARN_300MM_2LICHT_VWS","SO"
"http://digitalbuildingdata.tech/nlcs/def/37844b79-73a7-4a91-a931-3579991dacc7","VRI","SIW","","7920","SIW-VRI_LANTAARN_300MM_3LICHT_HEMEL-SO","VRI_LANTAARN_300MM_3LICHT_HEMEL","SO"
"http://digitalbuildingdata.tech/nlcs/def/7e16467c-fe55-4bc6-9609-2b4c0a308f31","VRI","SIW","","7921","SIW-VRI_LANTAARN_300MM_3LICHT_HEMELLINKS-SO","VRI_LANTAARN_300MM_3LICHT_HEMELLINKS","SO"
"http://digitalbuildingdata.tech/nlcs/def/98e77efd-3aaa-4fdc-9667-fce75f8e4bfc","VRI","SIW","","7922","SIW-VRI_LANTAARN_300MM_3LICHT_HEMELLINKS_AFTELLER-SO","VRI_LANTAARN_300MM_3LICHT_HEMELLINKS_AFTELLER","SO"
"http://digitalbuildingdata.tech/nlcs/def/18baaae9-9715-4867-920d-da9274b80627","VRI","SIW","","7923","SIW-VRI_LANTAARN_300MM_3LICHT_HEMELLINKS_AFTELLER_SCHILD-SO","VRI_LANTAARN_300MM_3LICHT_HEMELLINKS_AFTELLER_SCHILD","SO"
"http://digitalbuildingdata.tech/nlcs/def/4c236493-9a5e-40e4-b881-51b6003f6a09","VRI","SIW","","7924","SIW-VRI_LANTAARN_300MM_3LICHT_HEMELLINKS_SCHILD-SO","VRI_LANTAARN_300MM_3LICHT_HEMELLINKS_SCHILD","SO"
"http://digitalbuildingdata.tech/nlcs/def/48800f9f-cdb7-47ba-b511-216972cf9599","VRI","SIW","","7925","SIW-VRI_LANTAARN_300MM_3LICHT_HEMELRECHTS-SO","VRI_LANTAARN_300MM_3LICHT_HEMELRECHTS","SO"
"http://digitalbuildingdata.tech/nlcs/def/2ce2a140-2686-4b30-ab71-29d5a45d598a","VRI","SIW","","7926","SIW-VRI_LANTAARN_300MM_3LICHT_HEMELRECHTS_AFTELLER-SO","VRI_LANTAARN_300MM_3LICHT_HEMELRECHTS_AFTELLER","SO"
"http://digitalbuildingdata.tech/nlcs/def/5d9670b1-82e2-4e6c-9a7d-e84e6989aded","VRI","SIW","","7927","SIW-VRI_LANTAARN_300MM_3LICHT_HEMELRECHTS_AFTELLER_SCHILD-SO","VRI_LANTAARN_300MM_3LICHT_HEMELRECHTS_AFTELLER_SCHILD","SO"
"http://digitalbuildingdata.tech/nlcs/def/4e3da93f-bcf2-4148-8501-009cb788f91e","VRI","SIW","","7928","SIW-VRI_LANTAARN_300MM_3LICHT_HEMELRECHTS_SCHILD-SO","VRI_LANTAARN_300MM_3LICHT_HEMELRECHTS_SCHILD","SO"
"http://digitalbuildingdata.tech/nlcs/def/33c585c5-bb52-476f-9c22-5972ece967be","VRI","SIW","","7929","SIW-VRI_LANTAARN_300MM_3LICHT_HEMEL_AFTELLER-SO","VRI_LANTAARN_300MM_3LICHT_HEMEL_AFTELLER","SO"
"http://digitalbuildingdata.tech/nlcs/def/8c1d34ff-a91c-43a0-8658-a2786cfdbcf8","VRI","SIW","","7930","SIW-VRI_LANTAARN_300MM_3LICHT_HEMEL_AFTELLER_SCHILD-SO","VRI_LANTAARN_300MM_3LICHT_HEMEL_AFTELLER_SCHILD","SO"
"http://digitalbuildingdata.tech/nlcs/def/8966f3f6-35bf-4031-b293-330c9439cccf","VRI","SIW","","7931","SIW-VRI_LANTAARN_300MM_3LICHT_HEMEL_SCHILD-SO","VRI_LANTAARN_300MM_3LICHT_HEMEL_SCHILD","SO"
"http://digitalbuildingdata.tech/nlcs/def/99bd628e-c8f3-4ae5-9490-9c64d1983df3","VRI","SIW","","7932","SIW-VRI_LANTAARN_300MM_3LICHT_LINKS-SO","VRI_LANTAARN_300MM_3LICHT_LINKS","SO"
"http://digitalbuildingdata.tech/nlcs/def/fd96d57d-e4dc-42c1-b571-3bac73c2f465","VRI","SIW","","7933","SIW-VRI_LANTAARN_300MM_3LICHT_LINKS_AFTELLER-SO","VRI_LANTAARN_300MM_3LICHT_LINKS_AFTELLER","SO"
"http://digitalbuildingdata.tech/nlcs/def/6c1bb37b-b896-4a8b-b0a3-7f222a510578","VRI","SIW","","7934","SIW-VRI_LANTAARN_300MM_3LICHT_LINKS_AFTELLER_SCHILD-SO","VRI_LANTAARN_300MM_3LICHT_LINKS_AFTELLER_SCHILD","SO"
"http://digitalbuildingdata.tech/nlcs/def/abc73df0-5bd5-47f5-8463-56f791b83560","VRI","SIW","","7935","SIW-VRI_LANTAARN_300MM_3LICHT_LINKS_SCHILD-SO","VRI_LANTAARN_300MM_3LICHT_LINKS_SCHILD","SO"
"http://digitalbuildingdata.tech/nlcs/def/dc7808be-81e5-4636-87fd-4e7206a99461","VRI","SIW","","7936","SIW-VRI_LANTAARN_300MM_3LICHT_RECHTS-SO","VRI_LANTAARN_300MM_3LICHT_RECHTS","SO"
"http://digitalbuildingdata.tech/nlcs/def/4e6c2a4a-7e45-4e70-acd4-7b0fa4f040c4","VRI","SIW","","7937","SIW-VRI_LANTAARN_300MM_3LICHT_RECHTS_AFTELLER-SO","VRI_LANTAARN_300MM_3LICHT_RECHTS_AFTELLER","SO"
"http://digitalbuildingdata.tech/nlcs/def/e7cc06b3-05ec-4556-a0cb-bd1f47c8e0c4","VRI","SIW","","7938","SIW-VRI_LANTAARN_300MM_3LICHT_RECHTS_AFTELLER_SCHILD-SO","VRI_LANTAARN_300MM_3LICHT_RECHTS_AFTELLER_SCHILD","SO"
"http://digitalbuildingdata.tech/nlcs/def/749d29a5-8361-476c-a203-5702f689cf2f","VRI","SIW","","7939","SIW-VRI_LANTAARN_300MM_3LICHT_RECHTS_SCHILD-SO","VRI_LANTAARN_300MM_3LICHT_RECHTS_SCHILD","SO"
"http://digitalbuildingdata.tech/nlcs/def/0a9c6852-7ef0-4cf9-812d-bf72efcc10da","VRI","SIW","","7940","SIW-VRI_LANTAARN_300MM_3LICHT_VOL-SO","VRI_LANTAARN_300MM_3LICHT_VOL","SO"
"http://digitalbuildingdata.tech/nlcs/def/dc73ff9f-88f2-4bd6-8889-7a59f88e8ed7","VRI","SIW","","7941","SIW-VRI_LANTAARN_300MM_3LICHT_VOL_AFTELLER-SO","VRI_LANTAARN_300MM_3LICHT_VOL_AFTELLER","SO"
"http://digitalbuildingdata.tech/nlcs/def/a5961169-02ab-4526-89d2-ba5ee695b441","VRI","SIW","","7942","SIW-VRI_LANTAARN_300MM_3LICHT_VOL_AFTELLER_SCHILD-SO","VRI_LANTAARN_300MM_3LICHT_VOL_AFTELLER_SCHILD","SO"
"http://digitalbuildingdata.tech/nlcs/def/f3cca4ec-0a53-4f85-af2f-0ead3d071af1","VRI","SIW","","7943","SIW-VRI_LANTAARN_300MM_3LICHT_VOL_SCHILD-SO","VRI_LANTAARN_300MM_3LICHT_VOL_SCHILD","SO"
"http://digitalbuildingdata.tech/nlcs/def/61d3cd47-3890-4534-9e2d-8eb092671dbf","VRI","SIW","","7944","SIW-VRI_LANTAARN_300MM_NEGENOOG-SO","VRI_LANTAARN_300MM_NEGENOOG","SO"
"http://digitalbuildingdata.tech/nlcs/def/54c0ffad-548a-415b-927c-18320bfa1d5b","VRI","SIW","","7945","SIW-VRI_LANTAARN_300MM_NEGENOOG_LINKS-SO","VRI_LANTAARN_300MM_NEGENOOG_LINKS","SO"
"http://digitalbuildingdata.tech/nlcs/def/723d57a4-ae0a-412c-9532-f3081d641a27","VRI","SIW","","7946","SIW-VRI_LANTAARN_300MM_NEGENOOG_LINKS_SCHILD-SO","VRI_LANTAARN_300MM_NEGENOOG_LINKS_SCHILD","SO"
"http://digitalbuildingdata.tech/nlcs/def/dbfdf2d1-de74-4f72-a7d9-c83964f91c31","VRI","SIW","","7947","SIW-VRI_LANTAARN_300MM_NEGENOOG_RECHTDOOR-SO","VRI_LANTAARN_300MM_NEGENOOG_RECHTDOOR","SO"
"http://digitalbuildingdata.tech/nlcs/def/88751a65-6f4d-4759-9736-7f992db9cf08","VRI","SIW","","7948","SIW-VRI_LANTAARN_300MM_NEGENOOG_RECHTDOOR_SCHILD-SO","VRI_LANTAARN_300MM_NEGENOOG_RECHTDOOR_SCHILD","SO"
"http://digitalbuildingdata.tech/nlcs/def/edb1e764-6b3d-45e5-88b7-24da99b9bf08","VRI","SIW","","7949","SIW-VRI_LANTAARN_300MM_NEGENOOG_RECHTS-SO","VRI_LANTAARN_300MM_NEGENOOG_RECHTS","SO"
"http://digitalbuildingdata.tech/nlcs/def/7ebb5b3a-1838-4736-89f2-bf0d5ad60b6e","VRI","SIW","","7950","SIW-VRI_LANTAARN_300MM_NEGENOOG_RECHTS_SCHILD-SO","VRI_LANTAARN_300MM_NEGENOOG_RECHTS_SCHILD","SO"
"http://digitalbuildingdata.tech/nlcs/def/da97f60e-ba21-44e4-b396-ae7313a2d141","VRI","SIW","","7951","SIW-VRI_LANTAARN_300MM_NEGENOOG_SCHILD-SO","VRI_LANTAARN_300MM_NEGENOOG_SCHILD","SO"
"http://digitalbuildingdata.tech/nlcs/def/f0e2ae8f-46cd-4a7f-8c39-280a090da1f4","VRI","SIW","","7952","SIW-VRI_LANTAARN_300MM_VOORSEIN-SO","VRI_LANTAARN_300MM_VOORSEIN","SO"
"http://digitalbuildingdata.tech/nlcs/def/d82d21bc-ea95-41f8-98b8-eb22c071fe1d","VRI","SIW","","7953","SIW-VRI_LANTAARN_80MM_ONDERLICHT-SO","VRI_LANTAARN_80MM_ONDERLICHT","SO"
"http://digitalbuildingdata.tech/nlcs/def/12f6761b-67a6-47be-9743-7ed2a6324193","VRI","SIW","","7954","SIW-VRI_LANTAARN_80MM_ONDERLICHT_WTV-SO","VRI_LANTAARN_80MM_ONDERLICHT_WTV","SO"
"http://digitalbuildingdata.tech/nlcs/def/94deb93e-fb18-4ae8-b753-88f6b8b17374","VRI","SIW","","7955","SIW-VRI_OVERIG_DCFONTVANGER-SO","VRI_OVERIG_DCFONTVANGER","SO"
"http://digitalbuildingdata.tech/nlcs/def/e6cc5ef7-117e-449e-9dc1-ffe440242046","VRI","SIW","","7956","SIW-VRI_OVERIG_GEELKNIPPEREN-SO","VRI_OVERIG_GEELKNIPPEREN","SO"
"http://digitalbuildingdata.tech/nlcs/def/debd02ff-9516-4b59-a66e-348e2f12ea6c","VRI","SIW","","7957","SIW-VRI_OVERIG_MATRIXBORD-SO","VRI_OVERIG_MATRIXBORD","SO"
"http://digitalbuildingdata.tech/nlcs/def/5c8dc98d-3874-4389-a9e8-3f2d427a628c","VRI","SIW","","7958","SIW-VRI_OVERIG_RATELTIKKER-SO","VRI_OVERIG_RATELTIKKER","SO"
"http://digitalbuildingdata.tech/nlcs/def/d0e91b39-e820-4c0c-9ff7-24efb9366c4d","VRI","SIW","","7959","SIW-VRI_OVERIG_TRAMBEL-SO","VRI_OVERIG_TRAMBEL","SO"
"http://digitalbuildingdata.tech/nlcs/def/99a07d86-f9eb-4e51-8433-ad8c269faeae","VRI","SIW","","7960","SIW-VRI_OVERIG_WITKNIPPEREN-SO","VRI_OVERIG_WITKNIPPEREN","SO"
"http://digitalbuildingdata.tech/nlcs/def/4e3bd6f5-a4b0-4570-a745-cfa239d8dbe1","VRI","SIW","V","7961","V-SIW-VRI_AUTOMAAT_HOOFD-SO","VRI_AUTOMAAT_HOOFD","SO"
"http://digitalbuildingdata.tech/nlcs/def/2ec5827d-71e6-4653-b98d-b3673d352995","VRI","SIW","V","7962","V-SIW-VRI_AUTOMAAT_SECTIEKAST-SO","VRI_AUTOMAAT_SECTIEKAST","SO"
"http://digitalbuildingdata.tech/nlcs/def/7431d681-c4fb-41b9-8f16-bd799030e476","VRI","SIW","V","7963","V-SIW-VRI_BEKABELING_LOOPBUFFER-SO","VRI_BEKABELING_LOOPBUFFER","SO"
"http://digitalbuildingdata.tech/nlcs/def/6580c2bb-8220-4738-bb56-7ecfc4a55ac2","VRI","SIW","V","7964","V-SIW-VRI_BEKABELING_MOF-SO","VRI_BEKABELING_MOF","SO"
"http://digitalbuildingdata.tech/nlcs/def/e8fc7d0d-31ee-468b-b932-574b7fb50cf0","VRI","SIW","V","7965","V-SIW-VRI_BEKABELING_ROL-SO","VRI_BEKABELING_ROL","SO"
"http://digitalbuildingdata.tech/nlcs/def/04beac92-b5c3-4c4e-a219-1e8e64fdf490","VRI","SIW","V","7966","V-SIW-VRI_BEKABELING_VERBINDINGSPUT-SO","VRI_BEKABELING_VERBINDINGSPUT","SO"
"http://digitalbuildingdata.tech/nlcs/def/79eb9e4f-0832-4353-9c34-aeba0b3e1f1f","VRI","SIW","V","7967","V-SIW-VRI_CAMERA_DOME-SO","VRI_CAMERA_DOME","SO"
"http://digitalbuildingdata.tech/nlcs/def/22bec615-82b7-4b1a-8519-f3fa77cf7fc4","VRI","SIW","V","7968","V-SIW-VRI_CAMERA_INFRAROOD-SO","VRI_CAMERA_INFRAROOD","SO"
"http://digitalbuildingdata.tech/nlcs/def/6cb89572-c5e6-4635-a201-ca9a7c2a9c34","VRI","SIW","V","7969","V-SIW-VRI_CAMERA_KENTEKEN-SO","VRI_CAMERA_KENTEKEN","SO"
"http://digitalbuildingdata.tech/nlcs/def/310a9061-57cf-4d4c-8e98-54ad148bf07c","VRI","SIW","V","7970","V-SIW-VRI_CAMERA_OBSERVATIE-SO","VRI_CAMERA_OBSERVATIE","SO"
"http://digitalbuildingdata.tech/nlcs/def/c932f123-ac13-40bf-8bee-083b383bfb57","VRI","SIW","V","7971","V-SIW-VRI_CAMERA_ROODLICHT-SO","VRI_CAMERA_ROODLICHT","SO"
"http://digitalbuildingdata.tech/nlcs/def/d2f9cd27-3a44-4dbb-bc1f-18b194146e65","VRI","SIW","V","7972","V-SIW-VRI_CAMERA_THERMISCH-SO","VRI_CAMERA_THERMISCH","SO"
"http://digitalbuildingdata.tech/nlcs/def/e50dc232-1d6f-4cd0-9a02-e681e90b9b10","VRI","SIW","V","7973","V-SIW-VRI_CAMERA_VIDEO-SO","VRI_CAMERA_VIDEO","SO"
"http://digitalbuildingdata.tech/nlcs/def/5a95ebb4-d399-4a2c-877c-d501e7fc6028","VRI","SIW","V","7974","V-SIW-VRI_DETECTIE_DRUKKNOP-SO","VRI_DETECTIE_DRUKKNOP","SO"
"http://digitalbuildingdata.tech/nlcs/def/c59ffdd5-8367-41bf-a9a8-7d11e7f2f51d","VRI","SIW","V","7976","V-SIW-VRI_DETECTIE_DRUKKNOP_WACHTSIGNAAL-SO","VRI_DETECTIE_DRUKKNOP_WACHTSIGNAAL","SO"
"http://digitalbuildingdata.tech/nlcs/def/8738bfcc-0f35-411b-ba78-82d392ab764f","VRI","SIW","V","7978","V-SIW-VRI_DETECTIE_KARANTENNE-SO","VRI_DETECTIE_KARANTENNE","SO"
"http://digitalbuildingdata.tech/nlcs/def/8d6f42ee-dae4-4994-bcd5-c37fcd4550e0","VRI","SIW","V","7979","V-SIW-VRI_DETECTIE_OPTICOM-SO","VRI_DETECTIE_OPTICOM","SO"
"http://digitalbuildingdata.tech/nlcs/def/c5b4ec9f-e387-4982-8d37-968b53f0450a","VRI","SIW","V","7980","V-SIW-VRI_DETECTIE_RADARDETECTOR-SO","VRI_DETECTIE_RADARDETECTOR","SO"
"http://digitalbuildingdata.tech/nlcs/def/ad49d47f-55bb-4d86-86ba-714207d89621","VRI","SIW","V","7981","V-SIW-VRI_DETECTIE_WIFIPANTENNE-SO","VRI_DETECTIE_WIFIPANTENNE","SO"
"http://digitalbuildingdata.tech/nlcs/def/326d8edc-1236-45df-b85e-de2418420040","VRI","SIW","V","7982","V-SIW-VRI_DRAAGCONSTRUCTIE_BEVESTIGING_KNIEOPZETSTUK_TYPE1-SO","VRI_DRAAGCONSTRUCTIE_BEVESTIGING_KNIEOPZETSTUK_TYPE1","SO"
"http://digitalbuildingdata.tech/nlcs/def/561c2a3b-e194-4fef-8904-47084b5d9b11","VRI","SIW","V","7983","V-SIW-VRI_DRAAGCONSTRUCTIE_BEVESTIGING_KNIEOPZETSTUK_TYPE2-SO","VRI_DRAAGCONSTRUCTIE_BEVESTIGING_KNIEOPZETSTUK_TYPE2","SO"
"http://digitalbuildingdata.tech/nlcs/def/052bf92b-2161-4f4b-991e-f53710f9d945","VRI","SIW","V","7984","V-SIW-VRI_DRAAGCONSTRUCTIE_BEVESTIGING_NEIGINRICHTING-SO","VRI_DRAAGCONSTRUCTIE_BEVESTIGING_NEIGINRICHTING","SO"
"http://digitalbuildingdata.tech/nlcs/def/d47dda78-6a04-4417-8ec0-48c0e672e158","VRI","SIW","V","7985","V-SIW-VRI_DRAAGCONSTRUCTIE_BEVESTIGING_OPZETSTUK_TYPE1-SO","VRI_DRAAGCONSTRUCTIE_BEVESTIGING_OPZETSTUK_TYPE1","SO"
"http://digitalbuildingdata.tech/nlcs/def/0da717aa-a9f8-4310-b5e9-a7cacd559c2c","VRI","SIW","V","7986","V-SIW-VRI_DRAAGCONSTRUCTIE_BEVESTIGING_OPZETSTUK_TYPE2-SO","VRI_DRAAGCONSTRUCTIE_BEVESTIGING_OPZETSTUK_TYPE2","SO"
"http://digitalbuildingdata.tech/nlcs/def/6dd94dfe-e95a-4d0d-9e58-ed9e0bb309fa","VRI","SIW","V","7987","V-SIW-VRI_DRAAGCONSTRUCTIE_BEVESTIGING_OPZETSTUK_TYPE3RIJ-SO","VRI_DRAAGCONSTRUCTIE_BEVESTIGING_OPZETSTUK_TYPE3RIJ","SO"
"http://digitalbuildingdata.tech/nlcs/def/cd98c7a9-ad8f-4185-ba1f-7f71396c1f71","VRI","SIW","V","7988","V-SIW-VRI_DRAAGCONSTRUCTIE_BEVESTIGING_OPZETSTUK_TYPE3T-SO","VRI_DRAAGCONSTRUCTIE_BEVESTIGING_OPZETSTUK_TYPE3T","SO"
"http://digitalbuildingdata.tech/nlcs/def/12d61f37-3667-487e-8b0c-688b08d32638","VRI","SIW","V","7989","V-SIW-VRI_DRAAGCONSTRUCTIE_BEVESTIGING_OPZETSTUK_TYPE4-SO","VRI_DRAAGCONSTRUCTIE_BEVESTIGING_OPZETSTUK_TYPE4","SO"
"http://digitalbuildingdata.tech/nlcs/def/d5a10fdf-54db-491f-b12d-cfd69862603d","VRI","SIW","V","7990","V-SIW-VRI_DRAAGCONSTRUCTIE_DRUKKNOPMAST-SO","VRI_DRAAGCONSTRUCTIE_DRUKKNOPMAST","SO"
"http://digitalbuildingdata.tech/nlcs/def/877082a0-c84d-4a5b-b0ac-1025bc03ef0c","VRI","SIW","V","7991","V-SIW-VRI_DRAAGCONSTRUCTIE_MAST-SO","VRI_DRAAGCONSTRUCTIE_MAST","SO"
"http://digitalbuildingdata.tech/nlcs/def/120b7029-d3e7-4af1-8f73-0340ffd41e7b","VRI","SIW","V","7992","V-SIW-VRI_DRAAGCONSTRUCTIE_STAANDER-SO","VRI_DRAAGCONSTRUCTIE_STAANDER","SO"
"http://digitalbuildingdata.tech/nlcs/def/990908d2-ce0f-4933-b7e0-dd30eea872ff","VRI","SIW","V","7993","V-SIW-VRI_LANTAARN_200MM_1LICHT_DEELCONFLICTLINKS-SO","VRI_LANTAARN_200MM_1LICHT_DEELCONFLICTLINKS","SO"
"http://digitalbuildingdata.tech/nlcs/def/5f23aefa-19c7-466a-a704-0d39069a0501","VRI","SIW","V","7994","V-SIW-VRI_LANTAARN_200MM_1LICHT_DEELCONFLICTLINKS_SCHILD-SO","VRI_LANTAARN_200MM_1LICHT_DEELCONFLICTLINKS_SCHILD","SO"
"http://digitalbuildingdata.tech/nlcs/def/aaad359b-f619-4cbd-a157-ea3b4fc36525","VRI","SIW","V","7995","V-SIW-VRI_LANTAARN_200MM_1LICHT_DEELCONFLICTRECHTS-SO","VRI_LANTAARN_200MM_1LICHT_DEELCONFLICTRECHTS","SO"
"http://digitalbuildingdata.tech/nlcs/def/193ef5dd-a3f7-4f1f-8bc4-0dec43bdb6b4","VRI","SIW","V","7996","V-SIW-VRI_LANTAARN_200MM_1LICHT_DEELCONFLICTRECHTS_SCHILD-SO","VRI_LANTAARN_200MM_1LICHT_DEELCONFLICTRECHTS_SCHILD","SO"
"http://digitalbuildingdata.tech/nlcs/def/83051661-1eda-49a4-a353-e2280b2bbefe","VRI","SIW","V","7997","V-SIW-VRI_LANTAARN_200MM_1LICHT_FIETSLINKS-SO","VRI_LANTAARN_200MM_1LICHT_FIETSLINKS","SO"
"http://digitalbuildingdata.tech/nlcs/def/d97d155a-4923-424b-a73a-874dcf548f3d","VRI","SIW","V","7998","V-SIW-VRI_LANTAARN_200MM_1LICHT_FIETSLINKS_SCHILD-SO","VRI_LANTAARN_200MM_1LICHT_FIETSLINKS_SCHILD","SO"
"http://digitalbuildingdata.tech/nlcs/def/59460818-0148-490d-b27b-a7a3f127aa04","VRI","SIW","V","7999","V-SIW-VRI_LANTAARN_200MM_1LICHT_FIETSRECHTS-SO","VRI_LANTAARN_200MM_1LICHT_FIETSRECHTS","SO"
"http://digitalbuildingdata.tech/nlcs/def/1b798087-9e30-4016-badc-ff5882aef8b7","VRI","SIW","V","8000","V-SIW-VRI_LANTAARN_200MM_1LICHT_FIETSRECHTS_SCHILD-SO","VRI_LANTAARN_200MM_1LICHT_FIETSRECHTS_SCHILD","SO"
"http://digitalbuildingdata.tech/nlcs/def/0ee2661f-406c-4dcb-8902-69916ef89915","VRI","SIW","V","8001","V-SIW-VRI_LANTAARN_200MM_1LICHT_HEMEL-SO","VRI_LANTAARN_200MM_1LICHT_HEMEL","SO"
"http://digitalbuildingdata.tech/nlcs/def/4c91b08f-4ecc-4041-8e6a-321620a0eab0","VRI","SIW","V","8002","V-SIW-VRI_LANTAARN_200MM_1LICHT_HEMELLINKS-SO","VRI_LANTAARN_200MM_1LICHT_HEMELLINKS","SO"
"http://digitalbuildingdata.tech/nlcs/def/4433b494-0d6e-4887-9f34-aa20cb3b763a","VRI","SIW","V","8003","V-SIW-VRI_LANTAARN_200MM_1LICHT_HEMELLINKS_SCHILD-SO","VRI_LANTAARN_200MM_1LICHT_HEMELLINKS_SCHILD","SO"
"http://digitalbuildingdata.tech/nlcs/def/113d9ee0-cce5-4839-8e5d-6709a59df1b7","VRI","SIW","V","8004","V-SIW-VRI_LANTAARN_200MM_1LICHT_HEMELRECHTS-SO","VRI_LANTAARN_200MM_1LICHT_HEMELRECHTS","SO"
"http://digitalbuildingdata.tech/nlcs/def/53084f09-9870-4604-8299-89db53252db0","VRI","SIW","V","8005","V-SIW-VRI_LANTAARN_200MM_1LICHT_HEMELRECHTS_SCHILD-SO","VRI_LANTAARN_200MM_1LICHT_HEMELRECHTS_SCHILD","SO"
"http://digitalbuildingdata.tech/nlcs/def/69abde64-b253-460b-aa9e-e5ca11d83232","VRI","SIW","V","8006","V-SIW-VRI_LANTAARN_200MM_1LICHT_HEMEL_SCHILD-SO","VRI_LANTAARN_200MM_1LICHT_HEMEL_SCHILD","SO"
"http://digitalbuildingdata.tech/nlcs/def/c6c55978-7f58-4218-ae50-ed4c8a1f921f","VRI","SIW","V","8007","V-SIW-VRI_LANTAARN_200MM_1LICHT_HORBALK-SO","VRI_LANTAARN_200MM_1LICHT_HORBALK","SO"
"http://digitalbuildingdata.tech/nlcs/def/069f028b-3519-4dd0-8fe9-0b65c089d65b","VRI","SIW","V","8008","V-SIW-VRI_LANTAARN_200MM_1LICHT_HORBALK_SCHILD-SO","VRI_LANTAARN_200MM_1LICHT_HORBALK_SCHILD","SO"
"http://digitalbuildingdata.tech/nlcs/def/1ad219de-baae-4cc4-b9a5-cf836236c509","VRI","SIW","V","8009","V-SIW-VRI_LANTAARN_200MM_1LICHT_J37-SO","VRI_LANTAARN_200MM_1LICHT_J37","SO"
"http://digitalbuildingdata.tech/nlcs/def/7220f111-c241-4b6b-9167-26e0fcee61e4","VRI","SIW","V","8010","V-SIW-VRI_LANTAARN_200MM_1LICHT_J37BUS-SO","VRI_LANTAARN_200MM_1LICHT_J37BUS","SO"
"http://digitalbuildingdata.tech/nlcs/def/dc55bda1-b0ce-4f28-aafd-e02f43c19003","VRI","SIW","V","8011","V-SIW-VRI_LANTAARN_200MM_1LICHT_J37BUS_SCHILD-SO","VRI_LANTAARN_200MM_1LICHT_J37BUS_SCHILD","SO"
"http://digitalbuildingdata.tech/nlcs/def/aae0f487-d554-42b2-a67a-3aa92bb4f885","VRI","SIW","V","8012","V-SIW-VRI_LANTAARN_200MM_1LICHT_J37TRAM-SO","VRI_LANTAARN_200MM_1LICHT_J37TRAM","SO"
"http://digitalbuildingdata.tech/nlcs/def/41cdaa18-3a55-489f-a42a-18ad772119b0","VRI","SIW","V","8013","V-SIW-VRI_LANTAARN_200MM_1LICHT_J37TRAM_SCHILD-SO","VRI_LANTAARN_200MM_1LICHT_J37TRAM_SCHILD","SO"
"http://digitalbuildingdata.tech/nlcs/def/21d86416-ac53-4341-aa97-761ddf92d4c4","VRI","SIW","V","8014","V-SIW-VRI_LANTAARN_200MM_1LICHT_J37_SCHILD-SO","VRI_LANTAARN_200MM_1LICHT_J37_SCHILD","SO"
"http://digitalbuildingdata.tech/nlcs/def/4e4a994d-5849-4f2e-8121-4620a6882dee","VRI","SIW","V","8015","V-SIW-VRI_LANTAARN_200MM_1LICHT_KRUIS-SO","VRI_LANTAARN_200MM_1LICHT_KRUIS","SO"
"http://digitalbuildingdata.tech/nlcs/def/df4ec761-f036-4241-8bec-3cb9b2397576","VRI","SIW","V","8016","V-SIW-VRI_LANTAARN_200MM_1LICHT_KRUIS_SCHILD-SO","VRI_LANTAARN_200MM_1LICHT_KRUIS_SCHILD","SO"
"http://digitalbuildingdata.tech/nlcs/def/46fe90fe-04a4-44aa-bb43-9cfcff62c73e","VRI","SIW","V","8017","V-SIW-VRI_LANTAARN_200MM_1LICHT_LINKS-SO","VRI_LANTAARN_200MM_1LICHT_LINKS","SO"
"http://digitalbuildingdata.tech/nlcs/def/769cd39d-e335-4884-aeb0-daa4476f4bd8","VRI","SIW","V","8018","V-SIW-VRI_LANTAARN_200MM_1LICHT_LINKS_SCHILD-SO","VRI_LANTAARN_200MM_1LICHT_LINKS_SCHILD","SO"
"http://digitalbuildingdata.tech/nlcs/def/7778e6ef-edd0-4fbc-89d8-2df6a6268b93","VRI","SIW","V","8019","V-SIW-VRI_LANTAARN_200MM_1LICHT_RECHTS-SO","VRI_LANTAARN_200MM_1LICHT_RECHTS","SO"
"http://digitalbuildingdata.tech/nlcs/def/6ffa825b-b052-4eec-91ff-5d5c09e407ff","VRI","SIW","V","8020","V-SIW-VRI_LANTAARN_200MM_1LICHT_RECHTS_SCHILD-SO","VRI_LANTAARN_200MM_1LICHT_RECHTS_SCHILD","SO"
"http://digitalbuildingdata.tech/nlcs/def/e349ccc2-e107-4b8d-971e-56aa6f6f8a2a","VRI","SIW","V","8021","V-SIW-VRI_LANTAARN_200MM_1LICHT_TRAM-SO","VRI_LANTAARN_200MM_1LICHT_TRAM","SO"
"http://digitalbuildingdata.tech/nlcs/def/ab56125b-cc16-4410-8fc1-651d0fa29355","VRI","SIW","V","8022","V-SIW-VRI_LANTAARN_200MM_1LICHT_TRAM_SCHILD-SO","VRI_LANTAARN_200MM_1LICHT_TRAM_SCHILD","SO"
"http://digitalbuildingdata.tech/nlcs/def/66cde15a-0a17-4dd0-849f-4d9fcf9642f1","VRI","SIW","V","8023","V-SIW-VRI_LANTAARN_200MM_1LICHT_VERTBALK-SO","VRI_LANTAARN_200MM_1LICHT_VERTBALK","SO"
"http://digitalbuildingdata.tech/nlcs/def/5eac39fb-6ce3-478d-a1f0-cc6e07e0065a","VRI","SIW","V","8024","V-SIW-VRI_LANTAARN_200MM_1LICHT_VERTBALK_SCHILD-SO","VRI_LANTAARN_200MM_1LICHT_VERTBALK_SCHILD","SO"
"http://digitalbuildingdata.tech/nlcs/def/29917a46-af5e-4f0d-bd8b-10e659e4736f","VRI","SIW","V","8025","V-SIW-VRI_LANTAARN_200MM_1LICHT_VOETGLINKS-SO","VRI_LANTAARN_200MM_1LICHT_VOETGLINKS","SO"
"http://digitalbuildingdata.tech/nlcs/def/68e83c46-403b-45ad-ad2b-50c762d9e665","VRI","SIW","V","8026","V-SIW-VRI_LANTAARN_200MM_1LICHT_VOETGLINKS_SCHILD-SO","VRI_LANTAARN_200MM_1LICHT_VOETGLINKS_SCHILD","SO"
"http://digitalbuildingdata.tech/nlcs/def/7e19c0b3-e059-4847-be5b-3a44e7a1f5a9","VRI","SIW","V","8027","V-SIW-VRI_LANTAARN_200MM_1LICHT_VOETGRECHTS-SO","VRI_LANTAARN_200MM_1LICHT_VOETGRECHTS","SO"
"http://digitalbuildingdata.tech/nlcs/def/729069dd-da3c-46ab-9b33-2fb22abbee98","VRI","SIW","V","8028","V-SIW-VRI_LANTAARN_200MM_1LICHT_VOETGRECHTS_SCHILD-SO","VRI_LANTAARN_200MM_1LICHT_VOETGRECHTS_SCHILD","SO"
"http://digitalbuildingdata.tech/nlcs/def/caec7d9a-fff8-4704-a39d-76bd5bdde861","VRI","SIW","V","8029","V-SIW-VRI_LANTAARN_200MM_1LICHT_VOL-SO","VRI_LANTAARN_200MM_1LICHT_VOL","SO"
"http://digitalbuildingdata.tech/nlcs/def/37bbdb3a-9963-4793-bed2-6d6c7423efb1","VRI","SIW","V","8030","V-SIW-VRI_LANTAARN_200MM_1LICHT_VOL_SCHILD-SO","VRI_LANTAARN_200MM_1LICHT_VOL_SCHILD","SO"
"http://digitalbuildingdata.tech/nlcs/def/1e934bea-f677-43ad-ba74-aeb11dd4faff","VRI","SIW","V","8031","V-SIW-VRI_LANTAARN_200MM_1LICHT_VRIJ-SO","VRI_LANTAARN_200MM_1LICHT_VRIJ","SO"
"http://digitalbuildingdata.tech/nlcs/def/ae9f2949-ee01-4f41-a028-7ea8680bff57","VRI","SIW","V","8032","V-SIW-VRI_LANTAARN_200MM_1LICHT_VRIJ_SCHILD-SO","VRI_LANTAARN_200MM_1LICHT_VRIJ_SCHILD","SO"
"http://digitalbuildingdata.tech/nlcs/def/edd06ab8-f703-4c13-89d8-a2590d6b5f90","VRI","SIW","V","8033","V-SIW-VRI_LANTAARN_200MM_1LICHT_WTV-SO","VRI_LANTAARN_200MM_1LICHT_WTSO","SO"
"http://digitalbuildingdata.tech/nlcs/def/3bfdcc56-aaee-4698-957e-42d02a2b72b8","VRI","SIW","V","8034","V-SIW-VRI_LANTAARN_200MM_1LICHT_WTV_SCHILD-SO","VRI_LANTAARN_200MM_1LICHT_WTV_SCHILD","SO"
"http://digitalbuildingdata.tech/nlcs/def/2cc3cde4-eee7-43ab-8a40-1a994adcfd66","VRI","SIW","V","8035","V-SIW-VRI_LANTAARN_200MM_2LICHT_HEMEL-SO","VRI_LANTAARN_200MM_2LICHT_HEMEL","SO"
"http://digitalbuildingdata.tech/nlcs/def/0a6983d8-1591-4027-8cae-e1ca328c9081","VRI","SIW","V","8036","V-SIW-VRI_LANTAARN_200MM_2LICHT_HEMELLINKS-SO","VRI_LANTAARN_200MM_2LICHT_HEMELLINKS","SO"
"http://digitalbuildingdata.tech/nlcs/def/08057899-e0cc-4c81-a72d-b64769369a4d","VRI","SIW","V","8037","V-SIW-VRI_LANTAARN_200MM_2LICHT_HEMELLINKS_SCHILD-SO","VRI_LANTAARN_200MM_2LICHT_HEMELLINKS_SCHILD","SO"
"http://digitalbuildingdata.tech/nlcs/def/69693026-d59d-4bea-b1d9-d4fb6a607074","VRI","SIW","V","8038","V-SIW-VRI_LANTAARN_200MM_2LICHT_HEMELRECHTS-SO","VRI_LANTAARN_200MM_2LICHT_HEMELRECHTS","SO"
"http://digitalbuildingdata.tech/nlcs/def/d9922ea1-17fb-44e0-a5b2-fbf182e7215d","VRI","SIW","V","8039","V-SIW-VRI_LANTAARN_200MM_2LICHT_HEMELRECHTS_SCHILD-SO","VRI_LANTAARN_200MM_2LICHT_HEMELRECHTS_SCHILD","SO"
"http://digitalbuildingdata.tech/nlcs/def/a178c983-b186-4b78-938f-ea46e7a766ff","VRI","SIW","V","8040","V-SIW-VRI_LANTAARN_200MM_2LICHT_HEMEL_SCHILD-SO","VRI_LANTAARN_200MM_2LICHT_HEMEL_SCHILD","SO"
"http://digitalbuildingdata.tech/nlcs/def/4ab38383-a684-4239-b1d0-aa3d802ce383","VRI","SIW","V","8041","V-SIW-VRI_LANTAARN_200MM_2LICHT_LINKS-SO","VRI_LANTAARN_200MM_2LICHT_LINKS","SO"
"http://digitalbuildingdata.tech/nlcs/def/3463c9db-764c-4ed6-a8e1-55c5dd67f2fd","VRI","SIW","V","8042","V-SIW-VRI_LANTAARN_200MM_2LICHT_LINKS_SCHILD-SO","VRI_LANTAARN_200MM_2LICHT_LINKS_SCHILD","SO"
"http://digitalbuildingdata.tech/nlcs/def/26510232-35fd-41b2-9e5f-343c7c820e29","VRI","SIW","V","8043","V-SIW-VRI_LANTAARN_200MM_2LICHT_RECHTS-SO","VRI_LANTAARN_200MM_2LICHT_RECHTS","SO"
"http://digitalbuildingdata.tech/nlcs/def/7973815d-3f2f-4246-8203-587d8c3cd12c","VRI","SIW","V","8044","V-SIW-VRI_LANTAARN_200MM_2LICHT_RECHTS_SCHILD-SO","VRI_LANTAARN_200MM_2LICHT_RECHTS_SCHILD","SO"
"http://digitalbuildingdata.tech/nlcs/def/8412d7cc-b50f-495d-ae2d-f789745fbe00","VRI","SIW","V","8045","V-SIW-VRI_LANTAARN_200MM_2LICHT_VOL-SO","VRI_LANTAARN_200MM_2LICHT_VOL","SO"
"http://digitalbuildingdata.tech/nlcs/def/44bd4dbb-6919-44ab-a594-68b97c2e59f0","VRI","SIW","V","8046","V-SIW-VRI_LANTAARN_200MM_2LICHT_VOL_SCHILD-SO","VRI_LANTAARN_200MM_2LICHT_VOL_SCHILD","SO"
"http://digitalbuildingdata.tech/nlcs/def/b7b313d4-61d6-4bdb-8662-16dad0ac7dde","VRI","SIW","V","8047","V-SIW-VRI_LANTAARN_200MM_3LICHT_HEMEL-SO","VRI_LANTAARN_200MM_3LICHT_HEMEL","SO"
"http://digitalbuildingdata.tech/nlcs/def/fc2a4173-cb19-40c5-ba3f-7fdb57e16fd2","VRI","SIW","V","8048","V-SIW-VRI_LANTAARN_200MM_3LICHT_HEMELLINKS-SO","VRI_LANTAARN_200MM_3LICHT_HEMELLINKS","SO"
"http://digitalbuildingdata.tech/nlcs/def/4a428140-b522-481d-8b5b-d9d5541cc3d1","VRI","SIW","V","8049","V-SIW-VRI_LANTAARN_200MM_3LICHT_HEMELLINKS_AFTELLER-SO","VRI_LANTAARN_200MM_3LICHT_HEMELLINKS_AFTELLER","SO"
"http://digitalbuildingdata.tech/nlcs/def/6b646360-69bf-47bb-bf3d-b867092e93b7","VRI","SIW","V","8050","V-SIW-VRI_LANTAARN_200MM_3LICHT_HEMELLINKS_AFTELLER_SCHILD-SO","VRI_LANTAARN_200MM_3LICHT_HEMELLINKS_AFTELLER_SCHILD","SO"
"http://digitalbuildingdata.tech/nlcs/def/b40fe833-0d11-4993-9cca-80c1364335b2","VRI","SIW","V","8051","V-SIW-VRI_LANTAARN_200MM_3LICHT_HEMELLINKS_SCHILD-SO","VRI_LANTAARN_200MM_3LICHT_HEMELLINKS_SCHILD","SO"
"http://digitalbuildingdata.tech/nlcs/def/45f84601-a956-4e94-9282-2f7989efebb5","VRI","SIW","V","8052","V-SIW-VRI_LANTAARN_200MM_3LICHT_HEMELRECHTS-SO","VRI_LANTAARN_200MM_3LICHT_HEMELRECHTS","SO"
"http://digitalbuildingdata.tech/nlcs/def/c46eb7c8-3eb1-46a6-9a73-236c9c6278d9","VRI","SIW","V","8053","V-SIW-VRI_LANTAARN_200MM_3LICHT_HEMELRECHTS_AFTELLER-SO","VRI_LANTAARN_200MM_3LICHT_HEMELRECHTS_AFTELLER","SO"
"http://digitalbuildingdata.tech/nlcs/def/9a38c5fd-f693-4b3e-8b87-4d30d3bf49df","VRI","SIW","V","8054","V-SIW-VRI_LANTAARN_200MM_3LICHT_HEMELRECHTS_AFTELLER_SCHILD-SO","VRI_LANTAARN_200MM_3LICHT_HEMELRECHTS_AFTELLER_SCHILD","SO"
"http://digitalbuildingdata.tech/nlcs/def/19f7ee1e-03d9-4b01-87d0-ee26645a0d91","VRI","SIW","V","8055","V-SIW-VRI_LANTAARN_200MM_3LICHT_HEMELRECHTS_SCHILD-SO","VRI_LANTAARN_200MM_3LICHT_HEMELRECHTS_SCHILD","SO"
"http://digitalbuildingdata.tech/nlcs/def/808de9da-a735-4181-82c9-a1074d3c8fcd","VRI","SIW","V","8056","V-SIW-VRI_LANTAARN_200MM_3LICHT_HEMEL_AFTELLER-SO","VRI_LANTAARN_200MM_3LICHT_HEMEL_AFTELLER","SO"
"http://digitalbuildingdata.tech/nlcs/def/92bc69cd-960f-4c7c-984d-e0acebf54f8e","VRI","SIW","V","8057","V-SIW-VRI_LANTAARN_200MM_3LICHT_HEMEL_AFTELLER_SCHILD-SO","VRI_LANTAARN_200MM_3LICHT_HEMEL_AFTELLER_SCHILD","SO"
"http://digitalbuildingdata.tech/nlcs/def/497a5cdd-e570-4c13-80c5-233fd1245bb1","VRI","SIW","V","8058","V-SIW-VRI_LANTAARN_200MM_3LICHT_HEMEL_FIETS-SO","VRI_LANTAARN_200MM_3LICHT_HEMEL_FIETS","SO"
"http://digitalbuildingdata.tech/nlcs/def/0db8970b-7e31-4913-af44-3ee83e18ab6b","VRI","SIW","V","8059","V-SIW-VRI_LANTAARN_200MM_3LICHT_HEMEL_FIETS_SCHILD-SO","VRI_LANTAARN_200MM_3LICHT_HEMEL_FIETS_SCHILD","SO"
"http://digitalbuildingdata.tech/nlcs/def/3fe7bac2-5145-4cb2-820e-779407aedc28","VRI","SIW","V","8060","V-SIW-VRI_LANTAARN_200MM_3LICHT_HEMEL_SCHILD-SO","VRI_LANTAARN_200MM_3LICHT_HEMEL_SCHILD","SO"
"http://digitalbuildingdata.tech/nlcs/def/754ca783-82b0-465b-86dc-7856ad35eedf","VRI","SIW","V","8061","V-SIW-VRI_LANTAARN_200MM_3LICHT_LINKS-SO","VRI_LANTAARN_200MM_3LICHT_LINKS","SO"
"http://digitalbuildingdata.tech/nlcs/def/d24b84ab-4882-49fe-9c2a-7cb4a8818ad9","VRI","SIW","V","8062","V-SIW-VRI_LANTAARN_200MM_3LICHT_LINKS_AFTELLER-SO","VRI_LANTAARN_200MM_3LICHT_LINKS_AFTELLER","SO"
"http://digitalbuildingdata.tech/nlcs/def/c76b5e6b-ffda-4a98-a4e2-b194338b27d9","VRI","SIW","V","8063","V-SIW-VRI_LANTAARN_200MM_3LICHT_LINKS_AFTELLER_SCHILD-SO","VRI_LANTAARN_200MM_3LICHT_LINKS_AFTELLER_SCHILD","SO"
"http://digitalbuildingdata.tech/nlcs/def/220827db-a900-4c81-9e6b-76b9e5bc22cd","VRI","SIW","V","8064","V-SIW-VRI_LANTAARN_200MM_3LICHT_LINKS_FIETS-SO","VRI_LANTAARN_200MM_3LICHT_LINKS_FIETS","SO"
"http://digitalbuildingdata.tech/nlcs/def/af3c0d62-ca16-4c39-95a7-e3570ced2f1f","VRI","SIW","V","8065","V-SIW-VRI_LANTAARN_200MM_3LICHT_LINKS_FIETS_SCHILD-SO","VRI_LANTAARN_200MM_3LICHT_LINKS_FIETS_SCHILD","SO"
"http://digitalbuildingdata.tech/nlcs/def/9feddd38-c33c-4c0f-b9d4-378f2970078c","VRI","SIW","V","8066","V-SIW-VRI_LANTAARN_200MM_3LICHT_LINKS_SCHILD-SO","VRI_LANTAARN_200MM_3LICHT_LINKS_SCHILD","SO"
"http://digitalbuildingdata.tech/nlcs/def/fc7b927c-d88c-4ef6-95c6-94ab5c116ce4","VRI","SIW","V","8067","V-SIW-VRI_LANTAARN_200MM_3LICHT_RECHTS-SO","VRI_LANTAARN_200MM_3LICHT_RECHTS","SO"
"http://digitalbuildingdata.tech/nlcs/def/2384ef94-9d80-4eac-ba87-36a3d8f40e9d","VRI","SIW","V","8068","V-SIW-VRI_LANTAARN_200MM_3LICHT_RECHTS_AFTELLER-SO","VRI_LANTAARN_200MM_3LICHT_RECHTS_AFTELLER","SO"
"http://digitalbuildingdata.tech/nlcs/def/38d4db48-4895-479e-9d0f-713cd3a32d73","VRI","SIW","V","8069","V-SIW-VRI_LANTAARN_200MM_3LICHT_RECHTS_AFTELLER_SCHILD-SO","VRI_LANTAARN_200MM_3LICHT_RECHTS_AFTELLER_SCHILD","SO"
"http://digitalbuildingdata.tech/nlcs/def/620eeae6-72ac-4cd4-8757-99e10c286e4c","VRI","SIW","V","8070","V-SIW-VRI_LANTAARN_200MM_3LICHT_RECHTS_FIETS-SO","VRI_LANTAARN_200MM_3LICHT_RECHTS_FIETS","SO"
"http://digitalbuildingdata.tech/nlcs/def/bad0d512-46d4-46e2-89dc-5c055264d980","VRI","SIW","V","8071","V-SIW-VRI_LANTAARN_200MM_3LICHT_RECHTS_FIETS_SCHILD-SO","VRI_LANTAARN_200MM_3LICHT_RECHTS_FIETS_SCHILD","SO"
"http://digitalbuildingdata.tech/nlcs/def/b85d2f35-6ccb-4aa9-92cd-332b356bed48","VRI","SIW","V","8072","V-SIW-VRI_LANTAARN_200MM_3LICHT_RECHTS_SCHILD-SO","VRI_LANTAARN_200MM_3LICHT_RECHTS_SCHILD","SO"
"http://digitalbuildingdata.tech/nlcs/def/82c9f564-1fed-4e9a-bf98-f1999fa8e67f","VRI","SIW","V","8073","V-SIW-VRI_LANTAARN_200MM_3LICHT_VOL-SO","VRI_LANTAARN_200MM_3LICHT_VOL","SO"
"http://digitalbuildingdata.tech/nlcs/def/57f81fa2-607f-4b76-9742-49b066349e61","VRI","SIW","V","8074","V-SIW-VRI_LANTAARN_200MM_3LICHT_VOL_AFTELLER-SO","VRI_LANTAARN_200MM_3LICHT_VOL_AFTELLER","SO"
"http://digitalbuildingdata.tech/nlcs/def/c08880a1-f437-4189-8751-754cee2194bd","VRI","SIW","V","8075","V-SIW-VRI_LANTAARN_200MM_3LICHT_VOL_AFTELLER_SCHILD-SO","VRI_LANTAARN_200MM_3LICHT_VOL_AFTELLER_SCHILD","SO"
"http://digitalbuildingdata.tech/nlcs/def/1d655071-e3b5-4a04-9661-7acad4d54f28","VRI","SIW","V","8076","V-SIW-VRI_LANTAARN_200MM_3LICHT_VOL_FIETS-SO","VRI_LANTAARN_200MM_3LICHT_VOL_FIETS","SO"
"http://digitalbuildingdata.tech/nlcs/def/ca625e37-f2ca-40ed-b218-5732f6e42f7b","VRI","SIW","V","8077","V-SIW-VRI_LANTAARN_200MM_3LICHT_VOL_FIETS_SCHILD-SO","VRI_LANTAARN_200MM_3LICHT_VOL_FIETS_SCHILD","SO"
"http://digitalbuildingdata.tech/nlcs/def/3f84f7b3-52c3-43d3-8021-e082fc0a6c54","VRI","SIW","V","8078","V-SIW-VRI_LANTAARN_200MM_3LICHT_VOL_SCHILD-SO","VRI_LANTAARN_200MM_3LICHT_VOL_SCHILD","SO"
"http://digitalbuildingdata.tech/nlcs/def/f0be57bf-39d8-4c82-8e13-798c669f9d01","VRI","SIW","V","8079","V-SIW-VRI_LANTAARN_200MM_BOA-SO","VRI_LANTAARN_200MM_BOA","SO"
"http://digitalbuildingdata.tech/nlcs/def/a0d5b5ae-67ce-495d-ada4-08c499e501d7","VRI","SIW","V","8080","V-SIW-VRI_LANTAARN_200MM_NEGENOOG-SO","VRI_LANTAARN_200MM_NEGENOOG","SO"
"http://digitalbuildingdata.tech/nlcs/def/11fc77e4-16fa-4554-ba19-0a5a30e4acb6","VRI","SIW","V","8081","V-SIW-VRI_LANTAARN_200MM_NEGENOOG_LINKS-SO","VRI_LANTAARN_200MM_NEGENOOG_LINKS","SO"
"http://digitalbuildingdata.tech/nlcs/def/4086a360-ce2e-4f7b-bed1-8b7c999fe875","VRI","SIW","V","8082","V-SIW-VRI_LANTAARN_200MM_NEGENOOG_LINKS_SCHILD-SO","VRI_LANTAARN_200MM_NEGENOOG_LINKS_SCHILD","SO"
"http://digitalbuildingdata.tech/nlcs/def/674f6d4c-deac-4689-92c9-0c2a46d3ffb5","VRI","SIW","V","8083","V-SIW-VRI_LANTAARN_200MM_NEGENOOG_RECHTDOOR-SO","VRI_LANTAARN_200MM_NEGENOOG_RECHTDOOR","SO"
"http://digitalbuildingdata.tech/nlcs/def/c4016564-8d13-450d-87ec-eff335b2b76f","VRI","SIW","V","8084","V-SIW-VRI_LANTAARN_200MM_NEGENOOG_RECHTDOOR_SCHILD-SO","VRI_LANTAARN_200MM_NEGENOOG_RECHTDOOR_SCHILD","SO"
"http://digitalbuildingdata.tech/nlcs/def/79b6e146-6337-43e2-979c-abc3587d2f88","VRI","SIW","V","8085","V-SIW-VRI_LANTAARN_200MM_NEGENOOG_RECHTS-SO","VRI_LANTAARN_200MM_NEGENOOG_RECHTS","SO"
"http://digitalbuildingdata.tech/nlcs/def/6e6b820e-b019-4969-af68-3c1760bf8a19","VRI","SIW","V","8086","V-SIW-VRI_LANTAARN_200MM_NEGENOOG_RECHTS_SCHILD-SO","VRI_LANTAARN_200MM_NEGENOOG_RECHTS_SCHILD","SO"
"http://digitalbuildingdata.tech/nlcs/def/548e77cf-0e9d-4270-86fd-1eea509a2e00","VRI","SIW","V","8087","V-SIW-VRI_LANTAARN_200MM_NEGENOOG_SCHILD-SO","VRI_LANTAARN_200MM_NEGENOOG_SCHILD","SO"
"http://digitalbuildingdata.tech/nlcs/def/07bfef6f-3243-4cfc-998f-aa92ab96718a","VRI","SIW","V","8088","V-SIW-VRI_LANTAARN_200MM_VOETGANGER-SO","VRI_LANTAARN_200MM_VOETGANGER","SO"
"http://digitalbuildingdata.tech/nlcs/def/bfcc0d2d-f830-4613-984c-13e4a0744603","VRI","SIW","V","8089","V-SIW-VRI_LANTAARN_200MM_VOETGANGER_INFORMATIEF-SO","VRI_LANTAARN_200MM_VOETGANGER_INFORMATIEF","SO"
"http://digitalbuildingdata.tech/nlcs/def/7b08a036-44db-402b-bde6-be791272b785","VRI","SIW","V","8090","V-SIW-VRI_LANTAARN_300MM_1LICHT_DEELCONFLICTLINKS-SO","VRI_LANTAARN_300MM_1LICHT_DEELCONFLICTLINKS","SO"
"http://digitalbuildingdata.tech/nlcs/def/847f2fe2-f68d-404d-ae1e-23975afaddfb","VRI","SIW","V","8091","V-SIW-VRI_LANTAARN_300MM_1LICHT_DEELCONFLICTLINKS_SCHILD-SO","VRI_LANTAARN_300MM_1LICHT_DEELCONFLICTLINKS_SCHILD","SO"
"http://digitalbuildingdata.tech/nlcs/def/9994e266-4234-405b-94e5-89ae3be47abc","VRI","SIW","V","8092","V-SIW-VRI_LANTAARN_300MM_1LICHT_DEELCONFLICTRECHTS-SO","VRI_LANTAARN_300MM_1LICHT_DEELCONFLICTRECHTS","SO"
"http://digitalbuildingdata.tech/nlcs/def/79c0efa0-c7ad-4dc9-89c2-8bb87db40c81","VRI","SIW","V","8093","V-SIW-VRI_LANTAARN_300MM_1LICHT_DEELCONFLICTRECHTS_SCHILD-SO","VRI_LANTAARN_300MM_1LICHT_DEELCONFLICTRECHTS_SCHILD","SO"
"http://digitalbuildingdata.tech/nlcs/def/cc7581ed-c05d-4ba1-9ce3-9e0782e4de8c","VRI","SIW","V","8094","V-SIW-VRI_LANTAARN_300MM_1LICHT_FIETSLINKS-SO","VRI_LANTAARN_300MM_1LICHT_FIETSLINKS","SO"
"http://digitalbuildingdata.tech/nlcs/def/b569c990-6cf3-49c2-83bd-a408cf3cde70","VRI","SIW","V","8095","V-SIW-VRI_LANTAARN_300MM_1LICHT_FIETSLINKS_SCHILD-SO","VRI_LANTAARN_300MM_1LICHT_FIETSLINKS_SCHILD","SO"
"http://digitalbuildingdata.tech/nlcs/def/8c1b071d-f13a-47d9-abf7-16642b037a6d","VRI","SIW","V","8096","V-SIW-VRI_LANTAARN_300MM_1LICHT_FIETSRECHTS-SO","VRI_LANTAARN_300MM_1LICHT_FIETSRECHTS","SO"
"http://digitalbuildingdata.tech/nlcs/def/d48144c2-32fa-44bf-a081-8b7c5d376ae8","VRI","SIW","V","8097","V-SIW-VRI_LANTAARN_300MM_1LICHT_FIETSRECHTS_SCHILD-SO","VRI_LANTAARN_300MM_1LICHT_FIETSRECHTS_SCHILD","SO"
"http://digitalbuildingdata.tech/nlcs/def/fe19cb0a-0855-4564-ba07-4abd8f547650","VRI","SIW","V","8098","V-SIW-VRI_LANTAARN_300MM_1LICHT_HEMEL-SO","VRI_LANTAARN_300MM_1LICHT_HEMEL","SO"
"http://digitalbuildingdata.tech/nlcs/def/9cbb8c31-f80d-442e-970a-8f052ade2c33","VRI","SIW","V","8099","V-SIW-VRI_LANTAARN_300MM_1LICHT_HEMELLINKS-SO","VRI_LANTAARN_300MM_1LICHT_HEMELLINKS","SO"
"http://digitalbuildingdata.tech/nlcs/def/cceb1e25-a465-47de-a328-1199e4edecc9","VRI","SIW","V","8100","V-SIW-VRI_LANTAARN_300MM_1LICHT_HEMELLINKS_SCHILD-SO","VRI_LANTAARN_300MM_1LICHT_HEMELLINKS_SCHILD","SO"
"http://digitalbuildingdata.tech/nlcs/def/88f0eff4-f0f1-454e-a78b-b6bbfed41650","VRI","SIW","V","8101","V-SIW-VRI_LANTAARN_300MM_1LICHT_HEMELRECHTS-SO","VRI_LANTAARN_300MM_1LICHT_HEMELRECHTS","SO"
"http://digitalbuildingdata.tech/nlcs/def/e4ee7cba-4518-41bd-8305-a0f281a9b97d","VRI","SIW","V","8102","V-SIW-VRI_LANTAARN_300MM_1LICHT_HEMELRECHTS_SCHILD-SO","VRI_LANTAARN_300MM_1LICHT_HEMELRECHTS_SCHILD","SO"
"http://digitalbuildingdata.tech/nlcs/def/713e921e-f3f2-492d-bc92-b71d8b8525e9","VRI","SIW","V","8103","V-SIW-VRI_LANTAARN_300MM_1LICHT_HEMEL_SCHILD-SO","VRI_LANTAARN_300MM_1LICHT_HEMEL_SCHILD","SO"
"http://digitalbuildingdata.tech/nlcs/def/fafde007-329e-4665-9a31-8796995dd0d6","VRI","SIW","V","8104","V-SIW-VRI_LANTAARN_300MM_1LICHT_HORBALK-SO","VRI_LANTAARN_300MM_1LICHT_HORBALK","SO"
"http://digitalbuildingdata.tech/nlcs/def/d56612c0-8f98-4e0b-b134-e09791bc3fdf","VRI","SIW","V","8105","V-SIW-VRI_LANTAARN_300MM_1LICHT_HORBALK_SCHILD-SO","VRI_LANTAARN_300MM_1LICHT_HORBALK_SCHILD","SO"
"http://digitalbuildingdata.tech/nlcs/def/7585c631-e512-4846-a166-e957576a2f81","VRI","SIW","V","8106","V-SIW-VRI_LANTAARN_300MM_1LICHT_J37-SO","VRI_LANTAARN_300MM_1LICHT_J37","SO"
"http://digitalbuildingdata.tech/nlcs/def/5f155908-1fbd-4ee5-bfce-bbb42e96c82c","VRI","SIW","V","8107","V-SIW-VRI_LANTAARN_300MM_1LICHT_J37BUS-SO","VRI_LANTAARN_300MM_1LICHT_J37BUS","SO"
"http://digitalbuildingdata.tech/nlcs/def/128ace17-ecf3-48c5-9d80-276f10cd8645","VRI","SIW","V","8108","V-SIW-VRI_LANTAARN_300MM_1LICHT_J37BUS_SCHILD-SO","VRI_LANTAARN_300MM_1LICHT_J37BUS_SCHILD","SO"
"http://digitalbuildingdata.tech/nlcs/def/a6a7ead7-704b-47e4-bc9e-0907dea62200","VRI","SIW","V","8109","V-SIW-VRI_LANTAARN_300MM_1LICHT_J37TRAM-SO","VRI_LANTAARN_300MM_1LICHT_J37TRAM","SO"
"http://digitalbuildingdata.tech/nlcs/def/da488cce-2d4f-4703-82f6-94843fd8887b","VRI","SIW","V","8110","V-SIW-VRI_LANTAARN_300MM_1LICHT_J37TRAM_SCHILD-SO","VRI_LANTAARN_300MM_1LICHT_J37TRAM_SCHILD","SO"
"http://digitalbuildingdata.tech/nlcs/def/690d4e0b-583e-4384-865e-49a447187bb5","VRI","SIW","V","8111","V-SIW-VRI_LANTAARN_300MM_1LICHT_J37_SCHILD-SO","VRI_LANTAARN_300MM_1LICHT_J37_SCHILD","SO"
"http://digitalbuildingdata.tech/nlcs/def/46f6e1fd-4573-436d-bc9e-2193a985517d","VRI","SIW","V","8112","V-SIW-VRI_LANTAARN_300MM_1LICHT_KRUIS-SO","VRI_LANTAARN_300MM_1LICHT_KRUIS","SO"
"http://digitalbuildingdata.tech/nlcs/def/8ea2b4eb-b8b7-4c19-9f8a-51454d82b380","VRI","SIW","V","8113","V-SIW-VRI_LANTAARN_300MM_1LICHT_KRUIS_SCHILD-SO","VRI_LANTAARN_300MM_1LICHT_KRUIS_SCHILD","SO"
"http://digitalbuildingdata.tech/nlcs/def/5ec68e7f-6752-4c94-ad0d-2105455942a7","VRI","SIW","V","8114","V-SIW-VRI_LANTAARN_300MM_1LICHT_LINKS-SO","VRI_LANTAARN_300MM_1LICHT_LINKS","SO"
"http://digitalbuildingdata.tech/nlcs/def/71aaaef2-e850-4482-810b-0012a803b00c","VRI","SIW","V","8115","V-SIW-VRI_LANTAARN_300MM_1LICHT_LINKS_SCHILD-SO","VRI_LANTAARN_300MM_1LICHT_LINKS_SCHILD","SO"
"http://digitalbuildingdata.tech/nlcs/def/2a2f4ccd-5378-456e-b0af-df349c3d261e","VRI","SIW","V","8116","V-SIW-VRI_LANTAARN_300MM_1LICHT_RECHTS-SO","VRI_LANTAARN_300MM_1LICHT_RECHTS","SO"
"http://digitalbuildingdata.tech/nlcs/def/80057ded-7420-41fa-b673-3e9623eba31a","VRI","SIW","V","8117","V-SIW-VRI_LANTAARN_300MM_1LICHT_RECHTS_SCHILD-SO","VRI_LANTAARN_300MM_1LICHT_RECHTS_SCHILD","SO"
"http://digitalbuildingdata.tech/nlcs/def/f07fdf04-5831-4b2a-befb-0f9e0940d92c","VRI","SIW","V","8118","V-SIW-VRI_LANTAARN_300MM_1LICHT_TRAM-SO","VRI_LANTAARN_300MM_1LICHT_TRAM","SO"
"http://digitalbuildingdata.tech/nlcs/def/141cef80-fe97-4444-8c62-6d078304b0b5","VRI","SIW","V","8119","V-SIW-VRI_LANTAARN_300MM_1LICHT_TRAM_SCHILD-SO","VRI_LANTAARN_300MM_1LICHT_TRAM_SCHILD","SO"
"http://digitalbuildingdata.tech/nlcs/def/625e547f-a44f-4f6c-90e7-7e6283009a81","VRI","SIW","V","8120","V-SIW-VRI_LANTAARN_300MM_1LICHT_VERTBALK-SO","VRI_LANTAARN_300MM_1LICHT_VERTBALK","SO"
"http://digitalbuildingdata.tech/nlcs/def/065a7aa7-607f-4d83-8d27-6735b0072130","VRI","SIW","V","8121","V-SIW-VRI_LANTAARN_300MM_1LICHT_VERTBALK_SCHILD-SO","VRI_LANTAARN_300MM_1LICHT_VERTBALK_SCHILD","SO"
"http://digitalbuildingdata.tech/nlcs/def/55bfc2db-7d3b-4a5d-9bbf-7a604c630d0d","VRI","SIW","V","8122","V-SIW-VRI_LANTAARN_300MM_1LICHT_VOETGLINKS-SO","VRI_LANTAARN_300MM_1LICHT_VOETGLINKS","SO"
"http://digitalbuildingdata.tech/nlcs/def/4050ed1e-65a5-4c7c-8659-e5c4ca8ca873","VRI","SIW","V","8123","V-SIW-VRI_LANTAARN_300MM_1LICHT_VOETGLINKS_SCHILD-SO","VRI_LANTAARN_300MM_1LICHT_VOETGLINKS_SCHILD","SO"
"http://digitalbuildingdata.tech/nlcs/def/a48d75b5-e22e-4e89-b81d-744bdc0f3ad6","VRI","SIW","V","8124","V-SIW-VRI_LANTAARN_300MM_1LICHT_VOETGRECHTS-SO","VRI_LANTAARN_300MM_1LICHT_VOETGRECHTS","SO"
"http://digitalbuildingdata.tech/nlcs/def/0f951b91-3b33-4810-bbfb-74089a470b64","VRI","SIW","V","8125","V-SIW-VRI_LANTAARN_300MM_1LICHT_VOETGRECHTS_SCHILD-SO","VRI_LANTAARN_300MM_1LICHT_VOETGRECHTS_SCHILD","SO"
"http://digitalbuildingdata.tech/nlcs/def/92f12b83-7955-4e85-9b65-e62ae17f9827","VRI","SIW","V","8126","V-SIW-VRI_LANTAARN_300MM_1LICHT_VOL-SO","VRI_LANTAARN_300MM_1LICHT_VOL","SO"
"http://digitalbuildingdata.tech/nlcs/def/115c9407-ff63-4722-a455-8eaa2e1453da","VRI","SIW","V","8127","V-SIW-VRI_LANTAARN_300MM_1LICHT_VOL_SCHILD-SO","VRI_LANTAARN_300MM_1LICHT_VOL_SCHILD","SO"
"http://digitalbuildingdata.tech/nlcs/def/22f40d77-a0ed-430f-aaf4-e1067ff48351","VRI","SIW","V","8128","V-SIW-VRI_LANTAARN_300MM_1LICHT_VRIJ-SO","VRI_LANTAARN_300MM_1LICHT_VRIJ","SO"
"http://digitalbuildingdata.tech/nlcs/def/0ed123e9-1dfd-4bc8-9241-b64320873d4c","VRI","SIW","V","8129","V-SIW-VRI_LANTAARN_300MM_1LICHT_VRIJ_SCHILD-SO","VRI_LANTAARN_300MM_1LICHT_VRIJ_SCHILD","SO"
"http://digitalbuildingdata.tech/nlcs/def/df316334-6aac-4fa5-ac52-0d243b05ecd5","VRI","SIW","V","8130","V-SIW-VRI_LANTAARN_300MM_1LICHT_VWS-SO","VRI_LANTAARN_300MM_1LICHT_VWS","SO"
"http://digitalbuildingdata.tech/nlcs/def/d372c203-cafd-4cfe-b868-c4e72b98b758","VRI","SIW","V","8131","V-SIW-VRI_LANTAARN_300MM_2LICHT_HEMEL-SO","VRI_LANTAARN_300MM_2LICHT_HEMEL","SO"
"http://digitalbuildingdata.tech/nlcs/def/79115c1e-9b45-4a51-a1ba-6f88c5487791","VRI","SIW","V","8132","V-SIW-VRI_LANTAARN_300MM_2LICHT_HEMELLINKS-SO","VRI_LANTAARN_300MM_2LICHT_HEMELLINKS","SO"
"http://digitalbuildingdata.tech/nlcs/def/5890eec0-6c62-4e13-b298-a64baf47cd8c","VRI","SIW","V","8133","V-SIW-VRI_LANTAARN_300MM_2LICHT_HEMELLINKS_SCHILD-SO","VRI_LANTAARN_300MM_2LICHT_HEMELLINKS_SCHILD","SO"
"http://digitalbuildingdata.tech/nlcs/def/df14ed8d-5528-4795-83c4-16baf5eef31a","VRI","SIW","V","8134","V-SIW-VRI_LANTAARN_300MM_2LICHT_HEMELRECHTS-SO","VRI_LANTAARN_300MM_2LICHT_HEMELRECHTS","SO"
"http://digitalbuildingdata.tech/nlcs/def/52b879a7-c5ca-42f8-8dc8-dccf0df1760d","VRI","SIW","V","8135","V-SIW-VRI_LANTAARN_300MM_2LICHT_HEMELRECHTS_SCHILD-SO","VRI_LANTAARN_300MM_2LICHT_HEMELRECHTS_SCHILD","SO"
"http://digitalbuildingdata.tech/nlcs/def/7bd67db0-9305-4959-8c37-f73549b0683f","VRI","SIW","V","8136","V-SIW-VRI_LANTAARN_300MM_2LICHT_HEMEL_SCHILD-SO","VRI_LANTAARN_300MM_2LICHT_HEMEL_SCHILD","SO"
"http://digitalbuildingdata.tech/nlcs/def/3e253375-de7d-4eba-a802-e1f880daa80b","VRI","SIW","V","8137","V-SIW-VRI_LANTAARN_300MM_2LICHT_LINKS-SO","VRI_LANTAARN_300MM_2LICHT_LINKS","SO"
"http://digitalbuildingdata.tech/nlcs/def/eb814acd-8f50-4048-b73e-4f5309c3cf7e","VRI","SIW","V","8138","V-SIW-VRI_LANTAARN_300MM_2LICHT_LINKS_SCHILD-SO","VRI_LANTAARN_300MM_2LICHT_LINKS_SCHILD","SO"
"http://digitalbuildingdata.tech/nlcs/def/df2e4dcb-30c9-47f0-ac16-5cd4d66f3ce4","VRI","SIW","V","8139","V-SIW-VRI_LANTAARN_300MM_2LICHT_RECHTS-SO","VRI_LANTAARN_300MM_2LICHT_RECHTS","SO"
"http://digitalbuildingdata.tech/nlcs/def/eee196d8-270d-4b4b-924f-dca93c07e750","VRI","SIW","V","8140","V-SIW-VRI_LANTAARN_300MM_2LICHT_RECHTS_SCHILD-SO","VRI_LANTAARN_300MM_2LICHT_RECHTS_SCHILD","SO"
"http://digitalbuildingdata.tech/nlcs/def/bdd84161-4634-4431-abe8-599a03fb4d6f","VRI","SIW","V","8141","V-SIW-VRI_LANTAARN_300MM_2LICHT_VOL-SO","VRI_LANTAARN_300MM_2LICHT_VOL","SO"
"http://digitalbuildingdata.tech/nlcs/def/21b59e17-1e45-428c-91aa-3ac930c951db","VRI","SIW","V","8142","V-SIW-VRI_LANTAARN_300MM_2LICHT_VOL_SCHILD-SO","VRI_LANTAARN_300MM_2LICHT_VOL_SCHILD","SO"
"http://digitalbuildingdata.tech/nlcs/def/5a5857f2-4c1e-45cb-ada7-4a453769e411","VRI","SIW","V","8143","V-SIW-VRI_LANTAARN_300MM_2LICHT_VWS-SO","VRI_LANTAARN_300MM_2LICHT_VWS","SO"
"http://digitalbuildingdata.tech/nlcs/def/0dea7960-4d2d-455b-9fdc-e128da8979f1","VRI","SIW","V","8144","V-SIW-VRI_LANTAARN_300MM_3LICHT_HEMEL-SO","VRI_LANTAARN_300MM_3LICHT_HEMEL","SO"
"http://digitalbuildingdata.tech/nlcs/def/d1531330-553f-47e3-ab3d-b066a7858b60","VRI","SIW","V","8145","V-SIW-VRI_LANTAARN_300MM_3LICHT_HEMELLINKS-SO","VRI_LANTAARN_300MM_3LICHT_HEMELLINKS","SO"
"http://digitalbuildingdata.tech/nlcs/def/5a24ffa7-e4c3-43f6-b42e-850851be8d00","VRI","SIW","V","8146","V-SIW-VRI_LANTAARN_300MM_3LICHT_HEMELLINKS_AFTELLER-SO","VRI_LANTAARN_300MM_3LICHT_HEMELLINKS_AFTELLER","SO"
"http://digitalbuildingdata.tech/nlcs/def/a5b7d04c-159e-42b1-b5d9-eb15ea660ef3","VRI","SIW","V","8147","V-SIW-VRI_LANTAARN_300MM_3LICHT_HEMELLINKS_AFTELLER_SCHILD-SO","VRI_LANTAARN_300MM_3LICHT_HEMELLINKS_AFTELLER_SCHILD","SO"
"http://digitalbuildingdata.tech/nlcs/def/b4b4047a-559f-41a1-9840-3e841379794e","VRI","SIW","V","8148","V-SIW-VRI_LANTAARN_300MM_3LICHT_HEMELLINKS_SCHILD-SO","VRI_LANTAARN_300MM_3LICHT_HEMELLINKS_SCHILD","SO"
"http://digitalbuildingdata.tech/nlcs/def/36eb6408-2287-47f5-8b29-800d8cb4b3ae","VRI","SIW","V","8149","V-SIW-VRI_LANTAARN_300MM_3LICHT_HEMELRECHTS-SO","VRI_LANTAARN_300MM_3LICHT_HEMELRECHTS","SO"
"http://digitalbuildingdata.tech/nlcs/def/e92a7782-80ec-46c0-a4a9-e7595673b9b8","VRI","SIW","V","8150","V-SIW-VRI_LANTAARN_300MM_3LICHT_HEMELRECHTS_AFTELLER-SO","VRI_LANTAARN_300MM_3LICHT_HEMELRECHTS_AFTELLER","SO"
"http://digitalbuildingdata.tech/nlcs/def/b5460a97-baa6-4832-8321-d1244d903bc7","VRI","SIW","V","8151","V-SIW-VRI_LANTAARN_300MM_3LICHT_HEMELRECHTS_AFTELLER_SCHILD-SO","VRI_LANTAARN_300MM_3LICHT_HEMELRECHTS_AFTELLER_SCHILD","SO"
"http://digitalbuildingdata.tech/nlcs/def/da986a4e-6a93-4010-a1fb-c3172b7dcb59","VRI","SIW","V","8152","V-SIW-VRI_LANTAARN_300MM_3LICHT_HEMELRECHTS_SCHILD-SO","VRI_LANTAARN_300MM_3LICHT_HEMELRECHTS_SCHILD","SO"
"http://digitalbuildingdata.tech/nlcs/def/4c840608-f252-4d62-88ae-2569e9fc70aa","VRI","SIW","V","8153","V-SIW-VRI_LANTAARN_300MM_3LICHT_HEMEL_AFTELLER-SO","VRI_LANTAARN_300MM_3LICHT_HEMEL_AFTELLER","SO"
"http://digitalbuildingdata.tech/nlcs/def/9ad55f1a-52c0-49a3-9fb4-e50f412c0d0a","VRI","SIW","V","8154","V-SIW-VRI_LANTAARN_300MM_3LICHT_HEMEL_AFTELLER_SCHILD-SO","VRI_LANTAARN_300MM_3LICHT_HEMEL_AFTELLER_SCHILD","SO"
"http://digitalbuildingdata.tech/nlcs/def/da08006a-0618-4b7d-ba9d-a2d36ff16532","VRI","SIW","V","8155","V-SIW-VRI_LANTAARN_300MM_3LICHT_HEMEL_SCHILD-SO","VRI_LANTAARN_300MM_3LICHT_HEMEL_SCHILD","SO"
"http://digitalbuildingdata.tech/nlcs/def/8c6ee946-0377-4bdf-942a-52fd3886b2fb","VRI","SIW","V","8156","V-SIW-VRI_LANTAARN_300MM_3LICHT_LINKS-SO","VRI_LANTAARN_300MM_3LICHT_LINKS","SO"
"http://digitalbuildingdata.tech/nlcs/def/afec9633-7f50-4228-a0f3-260becfef362","VRI","SIW","V","8157","V-SIW-VRI_LANTAARN_300MM_3LICHT_LINKS_AFTELLER-SO","VRI_LANTAARN_300MM_3LICHT_LINKS_AFTELLER","SO"
"http://digitalbuildingdata.tech/nlcs/def/174514fb-bd63-40b8-9090-7b1292bbcd15","VRI","SIW","V","8158","V-SIW-VRI_LANTAARN_300MM_3LICHT_LINKS_AFTELLER_SCHILD-SO","VRI_LANTAARN_300MM_3LICHT_LINKS_AFTELLER_SCHILD","SO"
"http://digitalbuildingdata.tech/nlcs/def/de934f6f-5bb7-4c47-ae1b-4bf771224a64","VRI","SIW","V","8159","V-SIW-VRI_LANTAARN_300MM_3LICHT_LINKS_SCHILD-SO","VRI_LANTAARN_300MM_3LICHT_LINKS_SCHILD","SO"
"http://digitalbuildingdata.tech/nlcs/def/c74171a0-60b0-47c6-8347-a0ac3e011d70","VRI","SIW","V","8160","V-SIW-VRI_LANTAARN_300MM_3LICHT_RECHTS-SO","VRI_LANTAARN_300MM_3LICHT_RECHTS","SO"
"http://digitalbuildingdata.tech/nlcs/def/1cee1851-16c0-4e5a-8b49-093773cc078a","VRI","SIW","V","8161","V-SIW-VRI_LANTAARN_300MM_3LICHT_RECHTS_AFTELLER-SO","VRI_LANTAARN_300MM_3LICHT_RECHTS_AFTELLER","SO"
"http://digitalbuildingdata.tech/nlcs/def/1f773353-4154-4137-be01-1e1e1a0b51a4","VRI","SIW","V","8162","V-SIW-VRI_LANTAARN_300MM_3LICHT_RECHTS_AFTELLER_SCHILD-SO","VRI_LANTAARN_300MM_3LICHT_RECHTS_AFTELLER_SCHILD","SO"
"http://digitalbuildingdata.tech/nlcs/def/440e6868-560e-4909-9d85-eaa3695cd2ee","VRI","SIW","V","8163","V-SIW-VRI_LANTAARN_300MM_3LICHT_RECHTS_SCHILD-SO","VRI_LANTAARN_300MM_3LICHT_RECHTS_SCHILD","SO"
"http://digitalbuildingdata.tech/nlcs/def/ab2e01ac-b8e4-49f4-abb7-1c06936c1f15","VRI","SIW","V","8164","V-SIW-VRI_LANTAARN_300MM_3LICHT_VOL-SO","VRI_LANTAARN_300MM_3LICHT_VOL","SO"
"http://digitalbuildingdata.tech/nlcs/def/cdcb5a5e-5084-448d-adcb-db95e73a0f1b","VRI","SIW","V","8165","V-SIW-VRI_LANTAARN_300MM_3LICHT_VOL_AFTELLER-SO","VRI_LANTAARN_300MM_3LICHT_VOL_AFTELLER","SO"
"http://digitalbuildingdata.tech/nlcs/def/5b3ff1f2-3a11-4a01-90be-fe707d94cfbe","VRI","SIW","V","8166","V-SIW-VRI_LANTAARN_300MM_3LICHT_VOL_AFTELLER_SCHILD-SO","VRI_LANTAARN_300MM_3LICHT_VOL_AFTELLER_SCHILD","SO"
"http://digitalbuildingdata.tech/nlcs/def/6ae6f899-be0f-4089-992b-1cd916818c23","VRI","SIW","V","8167","V-SIW-VRI_LANTAARN_300MM_3LICHT_VOL_SCHILD-SO","VRI_LANTAARN_300MM_3LICHT_VOL_SCHILD","SO"
"http://digitalbuildingdata.tech/nlcs/def/0113c2d8-d05a-4fe8-8e82-c5f7e6f00ec7","VRI","SIW","V","8168","V-SIW-VRI_LANTAARN_300MM_NEGENOOG-SO","VRI_LANTAARN_300MM_NEGENOOG","SO"
"http://digitalbuildingdata.tech/nlcs/def/e5649e5d-d941-487b-8101-846be1acce42","VRI","SIW","V","8169","V-SIW-VRI_LANTAARN_300MM_NEGENOOG_LINKS-SO","VRI_LANTAARN_300MM_NEGENOOG_LINKS","SO"
"http://digitalbuildingdata.tech/nlcs/def/243335c9-13d1-415f-a9bc-904886166ec7","VRI","SIW","V","8170","V-SIW-VRI_LANTAARN_300MM_NEGENOOG_LINKS_SCHILD-SO","VRI_LANTAARN_300MM_NEGENOOG_LINKS_SCHILD","SO"
"http://digitalbuildingdata.tech/nlcs/def/1a738137-6752-43c2-a631-b6742c29d20e","VRI","SIW","V","8171","V-SIW-VRI_LANTAARN_300MM_NEGENOOG_RECHTDOOR-SO","VRI_LANTAARN_300MM_NEGENOOG_RECHTDOOR","SO"
"http://digitalbuildingdata.tech/nlcs/def/f7f20857-6139-4420-bab5-5b3b33dad5fa","VRI","SIW","V","8172","V-SIW-VRI_LANTAARN_300MM_NEGENOOG_RECHTDOOR_SCHILD-SO","VRI_LANTAARN_300MM_NEGENOOG_RECHTDOOR_SCHILD","SO"
"http://digitalbuildingdata.tech/nlcs/def/382af853-02c4-4f58-a576-4a852e25206f","VRI","SIW","V","8173","V-SIW-VRI_LANTAARN_300MM_NEGENOOG_RECHTS-SO","VRI_LANTAARN_300MM_NEGENOOG_RECHTS","SO"
"http://digitalbuildingdata.tech/nlcs/def/b031456d-248f-45f7-b1dd-3f5ce761aab3","VRI","SIW","V","8174","V-SIW-VRI_LANTAARN_300MM_NEGENOOG_RECHTS_SCHILD-SO","VRI_LANTAARN_300MM_NEGENOOG_RECHTS_SCHILD","SO"
"http://digitalbuildingdata.tech/nlcs/def/44619724-3958-48d4-be5b-0397a3f6da5d","VRI","SIW","V","8175","V-SIW-VRI_LANTAARN_300MM_NEGENOOG_SCHILD-SO","VRI_LANTAARN_300MM_NEGENOOG_SCHILD","SO"
"http://digitalbuildingdata.tech/nlcs/def/f5a0d410-4675-482f-adbc-16921e4e7334","VRI","SIW","V","8176","V-SIW-VRI_LANTAARN_300MM_VOORSEIN-SO","VRI_LANTAARN_300MM_VOORSEIN","SO"
"http://digitalbuildingdata.tech/nlcs/def/4bf7f38b-3ebb-4d5d-9128-5d3fd5024584","VRI","SIW","V","8177","V-SIW-VRI_LANTAARN_80MM_ONDERLICHT_WTV-SO","VRI_LANTAARN_80MM_ONDERLICHT_WTSO","SO"
"http://digitalbuildingdata.tech/nlcs/def/8b7b7051-b227-456b-a66d-7cc07ee06768","VRI","SIW","V","8178","V-SIW-VRI_OVERIG_DCFONTVANGER-SO","VRI_OVERIG_DCFONTVANGER","SO"
"http://digitalbuildingdata.tech/nlcs/def/99858fcb-fbd3-4047-a853-d01d46870ed8","VRI","SIW","V","8179","V-SIW-VRI_OVERIG_GEELKNIPPEREN-SO","VRI_OVERIG_GEELKNIPPEREN","SO"
"http://digitalbuildingdata.tech/nlcs/def/f06be640-56a1-4df9-a585-33c1c8ac9996","VRI","SIW","V","8180","V-SIW-VRI_OVERIG_MATRIXBORD-SO","VRI_OVERIG_MATRIXBORD","SO"
"http://digitalbuildingdata.tech/nlcs/def/74610115-bd06-471e-a5c7-6f3c7771cf82","VRI","SIW","V","8181","V-SIW-VRI_OVERIG_RATELTIKKER-SO","VRI_OVERIG_RATELTIKKER","SO"
"http://digitalbuildingdata.tech/nlcs/def/2aff7d9b-b6ef-4b05-879c-864a3661bd92","VRI","SIW","V","8182","V-SIW-VRI_OVERIG_TRAMBEL-SO","VRI_OVERIG_TRAMBEL","SO"
"http://digitalbuildingdata.tech/nlcs/def/c4149fa9-a265-4957-9cab-eedf55a2f101","VRI","SIW","V","8183","V-SIW-VRI_OVERIG_WITKNIPPEREN-SO","VRI_OVERIG_WITKNIPPEREN","SO"