"symboolURI","searchterm","sbibliotheek","fase","id","symbool","finalCleanName","optie"
"http://digitalbuildingdata.tech/nlcs/def/82b54bad-b3b2-4249-b23d-f4187a4dd925","VERKEERSTEKEN","SVW","V","10000","V-SVW-VERKEERSTEKEN_BORD_A01_130_S_TIJD-SO","VERKEERSTEKEN_BORD_A01_130_S_TIJD","SO"
"http://digitalbuildingdata.tech/nlcs/def/35cdf584-5998-4ee9-aebb-da2c51384698","VERKEERSTEKEN","SVW","V","10001","V-SVW-VERKEERSTEKEN_BORD_A02_015-SO","VERKEERSTEKEN_BORD_A02_015","SO"
"http://digitalbuildingdata.tech/nlcs/def/b729d4c7-f1a6-4ae6-9efc-be2372ec3f7b","VERKEERSTEKEN","SVW","V","10002","V-SVW-VERKEERSTEKEN_BORD_A02_030-SO","VERKEERSTEKEN_BORD_A02_030","SO"
"http://digitalbuildingdata.tech/nlcs/def/b38d440c-a1a9-46fe-9507-3c43dffdea31","VERKEERSTEKEN","SVW","V","10003","V-SVW-VERKEERSTEKEN_BORD_A02_030_ZE-SO","VERKEERSTEKEN_BORD_A02_030_ZE","SO"
"http://digitalbuildingdata.tech/nlcs/def/72f2c35f-16ca-4146-8fc0-c67883c3d31f","VERKEERSTEKEN","SVW","V","10004","V-SVW-VERKEERSTEKEN_BORD_A02_050-SO","VERKEERSTEKEN_BORD_A02_050","SO"
"http://digitalbuildingdata.tech/nlcs/def/57d7754d-651b-4c99-9221-ea33e5ec119f","VERKEERSTEKEN","SVW","V","10005","V-SVW-VERKEERSTEKEN_BORD_A02_050_ZE-SO","VERKEERSTEKEN_BORD_A02_050_ZE","SO"
"http://digitalbuildingdata.tech/nlcs/def/4e8f8c6b-208f-4c6f-a7ea-bdff6ca1e4af","VERKEERSTEKEN","SVW","V","10006","V-SVW-VERKEERSTEKEN_BORD_A02_060-SO","VERKEERSTEKEN_BORD_A02_060","SO"
"http://digitalbuildingdata.tech/nlcs/def/3bbb3357-c281-4daf-ba54-2f8112d2bb74","VERKEERSTEKEN","SVW","V","10007","V-SVW-VERKEERSTEKEN_BORD_A02_060_ZE-SO","VERKEERSTEKEN_BORD_A02_060_ZE","SO"
"http://digitalbuildingdata.tech/nlcs/def/0a38a62d-5b9c-4aaf-acd9-d66044c89225","VERKEERSTEKEN","SVW","V","10008","V-SVW-VERKEERSTEKEN_BORD_A02_070-SO","VERKEERSTEKEN_BORD_A02_070","SO"
"http://digitalbuildingdata.tech/nlcs/def/31494077-cb10-450a-a539-402187dd1594","VERKEERSTEKEN","SVW","V","10009","V-SVW-VERKEERSTEKEN_BORD_A02_080-SO","VERKEERSTEKEN_BORD_A02_080","SO"
"http://digitalbuildingdata.tech/nlcs/def/fe6faf9d-792b-4d5a-bc03-3f63322a8d8d","VERKEERSTEKEN","SVW","V","10010","V-SVW-VERKEERSTEKEN_BORD_A02_090-SO","VERKEERSTEKEN_BORD_A02_090","SO"
"http://digitalbuildingdata.tech/nlcs/def/3fddeeac-854f-4a18-9417-4c3ab1168ba1","VERKEERSTEKEN","SVW","V","10011","V-SVW-VERKEERSTEKEN_BORD_A02_100-SO","VERKEERSTEKEN_BORD_A02_100","SO"
"http://digitalbuildingdata.tech/nlcs/def/f38a43d6-d2e8-4a6d-ba59-c955aa90b0b0","VERKEERSTEKEN","SVW","V","10012","V-SVW-VERKEERSTEKEN_BORD_A02_120-SO","VERKEERSTEKEN_BORD_A02_120","SO"
"http://digitalbuildingdata.tech/nlcs/def/b1a1a3c6-54e4-4b44-8961-41d719f97af3","VERKEERSTEKEN","SVW","V","10013","V-SVW-VERKEERSTEKEN_BORD_A02_130-SO","VERKEERSTEKEN_BORD_A02_130","SO"
"http://digitalbuildingdata.tech/nlcs/def/082e9bd3-7661-4445-8fda-04fe685a060d","VERKEERSTEKEN","SVW","V","10014","V-SVW-VERKEERSTEKEN_BORD_A03_030-SO","VERKEERSTEKEN_BORD_A03_030","SO"
"http://digitalbuildingdata.tech/nlcs/def/cf83d910-91c4-49e9-a399-27130d854084","VERKEERSTEKEN","SVW","V","10015","V-SVW-VERKEERSTEKEN_BORD_A03_050-SO","VERKEERSTEKEN_BORD_A03_050","SO"
"http://digitalbuildingdata.tech/nlcs/def/6c6be088-c6e0-4be1-a972-c847a73a99b3","VERKEERSTEKEN","SVW","V","10016","V-SVW-VERKEERSTEKEN_BORD_A03_070-SO","VERKEERSTEKEN_BORD_A03_070","SO"
"http://digitalbuildingdata.tech/nlcs/def/38ed9ebd-e12c-4203-9fb4-eb1d4e6b866b","VERKEERSTEKEN","SVW","V","10017","V-SVW-VERKEERSTEKEN_BORD_A03_080-SO","VERKEERSTEKEN_BORD_A03_080","SO"
"http://digitalbuildingdata.tech/nlcs/def/bd19cc5e-d108-406d-a6dc-9baf285238e8","VERKEERSTEKEN","SVW","V","10018","V-SVW-VERKEERSTEKEN_BORD_A03_090-SO","VERKEERSTEKEN_BORD_A03_090","SO"
"http://digitalbuildingdata.tech/nlcs/def/df36ac6d-327c-4664-ab6f-8a1fff2e8215","VERKEERSTEKEN","SVW","V","10019","V-SVW-VERKEERSTEKEN_BORD_A04_030-SO","VERKEERSTEKEN_BORD_A04_030","SO"
"http://digitalbuildingdata.tech/nlcs/def/9e0daec3-8186-47ad-98a7-28a07907a684","VERKEERSTEKEN","SVW","V","10020","V-SVW-VERKEERSTEKEN_BORD_A04_030_F-SO","VERKEERSTEKEN_BORD_A04_030_F","SO"
"http://digitalbuildingdata.tech/nlcs/def/5d02630a-bd8e-4776-98d1-781f57fc8e3a","VERKEERSTEKEN","SVW","V","10021","V-SVW-VERKEERSTEKEN_BORD_A04_040-SO","VERKEERSTEKEN_BORD_A04_040","SO"
"http://digitalbuildingdata.tech/nlcs/def/6262cb7c-e62d-4569-867b-8965258e0269","VERKEERSTEKEN","SVW","V","10022","V-SVW-VERKEERSTEKEN_BORD_A04_040_F-SO","VERKEERSTEKEN_BORD_A04_040_F","SO"
"http://digitalbuildingdata.tech/nlcs/def/1fb5206c-5f03-45e2-a460-737534daeaf6","VERKEERSTEKEN","SVW","V","10023","V-SVW-VERKEERSTEKEN_BORD_A04_050-SO","VERKEERSTEKEN_BORD_A04_050","SO"
"http://digitalbuildingdata.tech/nlcs/def/d55da8cd-60ae-4c5c-b4b7-d12c3dcf7ab8","VERKEERSTEKEN","SVW","V","10024","V-SVW-VERKEERSTEKEN_BORD_A04_050_F-SO","VERKEERSTEKEN_BORD_A04_050_F","SO"
"http://digitalbuildingdata.tech/nlcs/def/6d008045-3bd0-4360-9b4b-42500e211f40","VERKEERSTEKEN","SVW","V","10025","V-SVW-VERKEERSTEKEN_BORD_A04_060-SO","VERKEERSTEKEN_BORD_A04_060","SO"
"http://digitalbuildingdata.tech/nlcs/def/1907e862-1cac-4a22-8f24-d47e85d03af1","VERKEERSTEKEN","SVW","V","10026","V-SVW-VERKEERSTEKEN_BORD_A04_060_F-SO","VERKEERSTEKEN_BORD_A04_060_F","SO"
"http://digitalbuildingdata.tech/nlcs/def/d215ead8-4351-4398-9497-a04cefa1c8e1","VERKEERSTEKEN","SVW","V","10027","V-SVW-VERKEERSTEKEN_BORD_A04_070-SO","VERKEERSTEKEN_BORD_A04_070","SO"
"http://digitalbuildingdata.tech/nlcs/def/9c1285bd-d14d-4d8f-a96f-0e6b68885ec3","VERKEERSTEKEN","SVW","V","10028","V-SVW-VERKEERSTEKEN_BORD_A04_070_F-SO","VERKEERSTEKEN_BORD_A04_070_F","SO"
"http://digitalbuildingdata.tech/nlcs/def/1bf169cd-2731-4665-8724-b0bedac84299","VERKEERSTEKEN","SVW","V","10029","V-SVW-VERKEERSTEKEN_BORD_A04_080-SO","VERKEERSTEKEN_BORD_A04_080","SO"
"http://digitalbuildingdata.tech/nlcs/def/f0d1fe2a-9c9c-43a0-b1fe-fd94e3d48b27","VERKEERSTEKEN","SVW","V","10030","V-SVW-VERKEERSTEKEN_BORD_A04_080_F-SO","VERKEERSTEKEN_BORD_A04_080_F","SO"
"http://digitalbuildingdata.tech/nlcs/def/3474fd6c-67b0-4e6f-8971-6966f979e4ad","VERKEERSTEKEN","SVW","V","10031","V-SVW-VERKEERSTEKEN_BORD_A04_090-SO","VERKEERSTEKEN_BORD_A04_090","SO"
"http://digitalbuildingdata.tech/nlcs/def/fe7ca15f-b770-4f83-90a6-ee8c5f75f847","VERKEERSTEKEN","SVW","V","10032","V-SVW-VERKEERSTEKEN_BORD_A04_090_F-SO","VERKEERSTEKEN_BORD_A04_090_F","SO"
"http://digitalbuildingdata.tech/nlcs/def/807d07c4-02d9-4cfa-8527-6e0a173d1a8d","VERKEERSTEKEN","SVW","V","10033","V-SVW-VERKEERSTEKEN_BORD_A05_030-SO","VERKEERSTEKEN_BORD_A05_030","SO"
"http://digitalbuildingdata.tech/nlcs/def/7eb0669e-5940-478a-a3e0-4ca77218c117","VERKEERSTEKEN","SVW","V","10034","V-SVW-VERKEERSTEKEN_BORD_A05_040-SO","VERKEERSTEKEN_BORD_A05_040","SO"
"http://digitalbuildingdata.tech/nlcs/def/57cfc710-ccbd-4458-a07c-3a0d6e36538e","VERKEERSTEKEN","SVW","V","10035","V-SVW-VERKEERSTEKEN_BORD_A05_050-SO","VERKEERSTEKEN_BORD_A05_050","SO"
"http://digitalbuildingdata.tech/nlcs/def/04891d95-d201-4098-b7af-57830c97593e","VERKEERSTEKEN","SVW","V","10036","V-SVW-VERKEERSTEKEN_BORD_A05_060-SO","VERKEERSTEKEN_BORD_A05_060","SO"
"http://digitalbuildingdata.tech/nlcs/def/b4b20b0d-77df-4abd-8163-87c6b8e6ba4d","VERKEERSTEKEN","SVW","V","10037","V-SVW-VERKEERSTEKEN_BORD_A05_070-SO","VERKEERSTEKEN_BORD_A05_070","SO"
"http://digitalbuildingdata.tech/nlcs/def/318548a7-774f-44fa-9909-999c84f9478f","VERKEERSTEKEN","SVW","V","10038","V-SVW-VERKEERSTEKEN_BORD_A05_080-SO","VERKEERSTEKEN_BORD_A05_080","SO"
"http://digitalbuildingdata.tech/nlcs/def/bdb1cad5-e21b-4882-9ce4-4013078363f1","VERKEERSTEKEN","SVW","V","10039","V-SVW-VERKEERSTEKEN_BORD_A05_090-SO","VERKEERSTEKEN_BORD_A05_090","SO"
"http://digitalbuildingdata.tech/nlcs/def/a7e871aa-b72b-40d5-9d8a-931c758870d9","VERKEERSTEKEN","SVW","V","10040","V-SVW-VERKEERSTEKEN_BORD_B01-SO","VERKEERSTEKEN_BORD_B01","SO"
"http://digitalbuildingdata.tech/nlcs/def/a6d02c5a-5bf4-4e52-96b8-983f6806649e","VERKEERSTEKEN","SVW","V","10041","V-SVW-VERKEERSTEKEN_BORD_B02-SO","VERKEERSTEKEN_BORD_B02","SO"
"http://digitalbuildingdata.tech/nlcs/def/2846fd2f-e315-4f20-a2e9-1ed8a0547dbc","VERKEERSTEKEN","SVW","V","10042","V-SVW-VERKEERSTEKEN_BORD_B03-SO","VERKEERSTEKEN_BORD_B03","SO"
"http://digitalbuildingdata.tech/nlcs/def/728b0ffe-8fa6-40d5-8676-d0de2f96f983","VERKEERSTEKEN","SVW","V","10043","V-SVW-VERKEERSTEKEN_BORD_B04-SO","VERKEERSTEKEN_BORD_B04","SO"
"http://digitalbuildingdata.tech/nlcs/def/da60c56b-778d-4bfc-a084-77bbce9f97a5","VERKEERSTEKEN","SVW","V","10044","V-SVW-VERKEERSTEKEN_BORD_B05-SO","VERKEERSTEKEN_BORD_B05","SO"
"http://digitalbuildingdata.tech/nlcs/def/476e8893-2f2c-480b-bfc8-f39e4ffc2497","VERKEERSTEKEN","SVW","V","10045","V-SVW-VERKEERSTEKEN_BORD_B06-SO","VERKEERSTEKEN_BORD_B06","SO"
"http://digitalbuildingdata.tech/nlcs/def/0275357c-9e66-48c4-b6bf-10ce700e2ac0","VERKEERSTEKEN","SVW","V","10046","V-SVW-VERKEERSTEKEN_BORD_B06_F-SO","VERKEERSTEKEN_BORD_B06_F","SO"
"http://digitalbuildingdata.tech/nlcs/def/cf6b9ca5-17c1-48b0-b447-e0a63ae7fba8","VERKEERSTEKEN","SVW","V","10047","V-SVW-VERKEERSTEKEN_BORD_B06_F_OB02_OB503-SO","VERKEERSTEKEN_BORD_B06_F_OB02_OB503","SO"
"http://digitalbuildingdata.tech/nlcs/def/fcc2cef0-5422-4822-9c06-a2457bad5b56","VERKEERSTEKEN","SVW","V","10048","V-SVW-VERKEERSTEKEN_BORD_B06_F_OB401-SO","VERKEERSTEKEN_BORD_B06_F_OB401","SO"
"http://digitalbuildingdata.tech/nlcs/def/cc074e88-0c46-4171-aff5-7c0f53dda24d","VERKEERSTEKEN","SVW","V","10049","V-SVW-VERKEERSTEKEN_BORD_B07-SO","VERKEERSTEKEN_BORD_B07","SO"
"http://digitalbuildingdata.tech/nlcs/def/e8c08fb6-fb4b-4ff0-909e-117367e3bce7","VERKEERSTEKEN","SVW","V","10050","V-SVW-VERKEERSTEKEN_BORD_B07_F-SO","VERKEERSTEKEN_BORD_B07_F","SO"
"http://digitalbuildingdata.tech/nlcs/def/b435bc6f-4ab3-4e5e-a54b-d15deee573d1","VERKEERSTEKEN","SVW","V","10051","V-SVW-VERKEERSTEKEN_BORD_B07_F_OB401-SO","VERKEERSTEKEN_BORD_B07_F_OB401","SO"
"http://digitalbuildingdata.tech/nlcs/def/1aacf1b8-a628-4063-9f60-6841ac49689a","VERKEERSTEKEN","SVW","V","10052","V-SVW-VERKEERSTEKEN_BORD_C01-SO","VERKEERSTEKEN_BORD_C01","SO"
"http://digitalbuildingdata.tech/nlcs/def/5e54ce47-0b4c-47f5-a6ea-a43d0ad1cc30","VERKEERSTEKEN","SVW","V","10053","V-SVW-VERKEERSTEKEN_BORD_C02-SO","VERKEERSTEKEN_BORD_C02","SO"
"http://digitalbuildingdata.tech/nlcs/def/d0f678f1-3953-4646-8533-1a50c021d0d1","VERKEERSTEKEN","SVW","V","10054","V-SVW-VERKEERSTEKEN_BORD_C02_F_OB705-SO","VERKEERSTEKEN_BORD_C02_F_OB705","SO"
"http://digitalbuildingdata.tech/nlcs/def/1bb6bad0-b3ca-4b88-8dcd-c07830bc368d","VERKEERSTEKEN","SVW","V","10055","V-SVW-VERKEERSTEKEN_BORD_C03-SO","VERKEERSTEKEN_BORD_C03","SO"
"http://digitalbuildingdata.tech/nlcs/def/0aa16d95-968b-42d6-a316-39c186412065","VERKEERSTEKEN","SVW","V","10056","V-SVW-VERKEERSTEKEN_BORD_C04_L-SO","VERKEERSTEKEN_BORD_C04_L","SO"
"http://digitalbuildingdata.tech/nlcs/def/cabcfbbc-74ec-468d-929f-38d17451d002","VERKEERSTEKEN","SVW","V","10057","V-SVW-VERKEERSTEKEN_BORD_C04_R-SO","VERKEERSTEKEN_BORD_C04_R","SO"
"http://digitalbuildingdata.tech/nlcs/def/c23f839a-9bed-443b-aab3-0c510f53dfa6","VERKEERSTEKEN","SVW","V","10058","V-SVW-VERKEERSTEKEN_BORD_C05-SO","VERKEERSTEKEN_BORD_C05","SO"
"http://digitalbuildingdata.tech/nlcs/def/0e1ae063-bc00-45ca-a92b-c0f5c51a22e0","VERKEERSTEKEN","SVW","V","10059","V-SVW-VERKEERSTEKEN_BORD_C06-SO","VERKEERSTEKEN_BORD_C06","SO"
"http://digitalbuildingdata.tech/nlcs/def/aaa9fbe1-5179-4aad-a36e-00fcfe47fb0d","VERKEERSTEKEN","SVW","V","10060","V-SVW-VERKEERSTEKEN_BORD_C06_ZB-SO","VERKEERSTEKEN_BORD_C06_ZB","SO"
"http://digitalbuildingdata.tech/nlcs/def/eb7a5bc8-942a-4c6e-a38d-907b73310776","VERKEERSTEKEN","SVW","V","10061","V-SVW-VERKEERSTEKEN_BORD_C06_ZE-SO","VERKEERSTEKEN_BORD_C06_ZE","SO"
"http://digitalbuildingdata.tech/nlcs/def/93189f7d-5a53-42e2-bbcc-1a7338316f63","VERKEERSTEKEN","SVW","V","10062","V-SVW-VERKEERSTEKEN_BORD_C06_ZH-SO","VERKEERSTEKEN_BORD_C06_ZH","SO"
"http://digitalbuildingdata.tech/nlcs/def/78cc93c6-b99c-41f0-b1ba-82faa9ec16d0","VERKEERSTEKEN","SVW","V","10063","V-SVW-VERKEERSTEKEN_BORD_C07-SO","VERKEERSTEKEN_BORD_C07","SO"
"http://digitalbuildingdata.tech/nlcs/def/939b6ab7-3956-4bb8-b110-22cdff872496","VERKEERSTEKEN","SVW","V","10064","V-SVW-VERKEERSTEKEN_BORD_C07_A-SO","VERKEERSTEKEN_BORD_C07_A","SO"
"http://digitalbuildingdata.tech/nlcs/def/db7e50a2-c295-46b2-be5a-8e3f330d2afd","VERKEERSTEKEN","SVW","V","10065","V-SVW-VERKEERSTEKEN_BORD_C07_B-SO","VERKEERSTEKEN_BORD_C07_B","SO"
"http://digitalbuildingdata.tech/nlcs/def/1b34b5b6-025b-4eee-ac9f-c0e1a9b4383a","VERKEERSTEKEN","SVW","V","10066","V-SVW-VERKEERSTEKEN_BORD_C07_C-SO","VERKEERSTEKEN_BORD_C07_C","SO"
"http://digitalbuildingdata.tech/nlcs/def/2ac4ac09-9ceb-4960-9373-efa1cb6d66ed","VERKEERSTEKEN","SVW","V","10067","V-SVW-VERKEERSTEKEN_BORD_C07_ZB-SO","VERKEERSTEKEN_BORD_C07_ZB","SO"
"http://digitalbuildingdata.tech/nlcs/def/fa97dd46-5c5d-4216-840b-6a0b086cbe4b","VERKEERSTEKEN","SVW","V","10068","V-SVW-VERKEERSTEKEN_BORD_C07_ZE-SO","VERKEERSTEKEN_BORD_C07_ZE","SO"
"http://digitalbuildingdata.tech/nlcs/def/70354481-fd1a-40f9-8346-15bbde8bea9c","VERKEERSTEKEN","SVW","V","10069","V-SVW-VERKEERSTEKEN_BORD_C07_ZH-SO","VERKEERSTEKEN_BORD_C07_ZH","SO"
"http://digitalbuildingdata.tech/nlcs/def/a08bd560-cf0c-4ca5-9ae9-f8f4b2d99165","VERKEERSTEKEN","SVW","V","10070","V-SVW-VERKEERSTEKEN_BORD_C08-SO","VERKEERSTEKEN_BORD_C08","SO"
"http://digitalbuildingdata.tech/nlcs/def/3dc3eb71-a9bd-4f6b-b5e1-a8c9e5afb639","VERKEERSTEKEN","SVW","V","10071","V-SVW-VERKEERSTEKEN_BORD_C09-SO","VERKEERSTEKEN_BORD_C09","SO"
"http://digitalbuildingdata.tech/nlcs/def/7000f665-4399-4c93-9ac2-cb9870dff639","VERKEERSTEKEN","SVW","V","10072","V-SVW-VERKEERSTEKEN_BORD_C10-SO","VERKEERSTEKEN_BORD_C10","SO"
"http://digitalbuildingdata.tech/nlcs/def/1dba326e-8120-46f5-88ab-301e0d4b7ed4","VERKEERSTEKEN","SVW","V","10073","V-SVW-VERKEERSTEKEN_BORD_C11-SO","VERKEERSTEKEN_BORD_C11","SO"
"http://digitalbuildingdata.tech/nlcs/def/00d9c94e-6d10-4dd7-9787-ba1319070251","VERKEERSTEKEN","SVW","V","10074","V-SVW-VERKEERSTEKEN_BORD_C12-SO","VERKEERSTEKEN_BORD_C12","SO"
"http://digitalbuildingdata.tech/nlcs/def/4adfc5eb-7850-4980-94cd-f89b83b35d07","VERKEERSTEKEN","SVW","V","10075","V-SVW-VERKEERSTEKEN_BORD_C12_ZB-SO","VERKEERSTEKEN_BORD_C12_ZB","SO"
"http://digitalbuildingdata.tech/nlcs/def/e164b302-3e09-40da-b944-8e995f42514b","VERKEERSTEKEN","SVW","V","10076","V-SVW-VERKEERSTEKEN_BORD_C12_ZE-SO","VERKEERSTEKEN_BORD_C12_ZE","SO"
"http://digitalbuildingdata.tech/nlcs/def/592492ac-909b-447f-b426-c48fd01e35d8","VERKEERSTEKEN","SVW","V","10077","V-SVW-VERKEERSTEKEN_BORD_C12_ZH-SO","VERKEERSTEKEN_BORD_C12_ZH","SO"
"http://digitalbuildingdata.tech/nlcs/def/7864451b-9797-4dc4-9eab-2f67a2fb1091","VERKEERSTEKEN","SVW","V","10078","V-SVW-VERKEERSTEKEN_BORD_C13-SO","VERKEERSTEKEN_BORD_C13","SO"
"http://digitalbuildingdata.tech/nlcs/def/b51bbb05-ed53-4b27-b2a1-b00749ae5c19","VERKEERSTEKEN","SVW","V","10079","V-SVW-VERKEERSTEKEN_BORD_C14-SO","VERKEERSTEKEN_BORD_C14","SO"
"http://digitalbuildingdata.tech/nlcs/def/2681aa55-9606-4633-93dd-46b6be4406de","VERKEERSTEKEN","SVW","V","10080","V-SVW-VERKEERSTEKEN_BORD_C15-SO","VERKEERSTEKEN_BORD_C15","SO"
"http://digitalbuildingdata.tech/nlcs/def/b3c0cfdc-30e4-404d-bbca-6ec041a1a1a7","VERKEERSTEKEN","SVW","V","10081","V-SVW-VERKEERSTEKEN_BORD_C16-SO","VERKEERSTEKEN_BORD_C16","SO"
"http://digitalbuildingdata.tech/nlcs/def/449f24d7-a7f9-4dc9-a0ff-5ba93875e205","VERKEERSTEKEN","SVW","V","10082","V-SVW-VERKEERSTEKEN_BORD_C17-SO","VERKEERSTEKEN_BORD_C17","SO"
"http://digitalbuildingdata.tech/nlcs/def/a8016bbb-845a-4e34-bcf8-733b6a6bcda5","VERKEERSTEKEN","SVW","V","10083","V-SVW-VERKEERSTEKEN_BORD_C18-SO","VERKEERSTEKEN_BORD_C18","SO"
"http://digitalbuildingdata.tech/nlcs/def/b359874b-355f-4230-8ba4-6ac3d666bf8c","VERKEERSTEKEN","SVW","V","10084","V-SVW-VERKEERSTEKEN_BORD_C19-SO","VERKEERSTEKEN_BORD_C19","SO"
"http://digitalbuildingdata.tech/nlcs/def/94c0b086-f3b5-4253-ae85-6548d64cf0f8","VERKEERSTEKEN","SVW","V","10085","V-SVW-VERKEERSTEKEN_BORD_C20-SO","VERKEERSTEKEN_BORD_C20","SO"
"http://digitalbuildingdata.tech/nlcs/def/85a6a461-0d3d-4e5f-905f-47933579a3ab","VERKEERSTEKEN","SVW","V","10086","V-SVW-VERKEERSTEKEN_BORD_C21-SO","VERKEERSTEKEN_BORD_C21","SO"
"http://digitalbuildingdata.tech/nlcs/def/5b25ad80-7763-4744-aba8-403ff34930a3","VERKEERSTEKEN","SVW","V","10087","V-SVW-VERKEERSTEKEN_BORD_C22-SO","VERKEERSTEKEN_BORD_C22","SO"
"http://digitalbuildingdata.tech/nlcs/def/970ca27c-9612-4dbb-9ba2-65e6e44ba9ff","VERKEERSTEKEN","SVW","V","10088","V-SVW-VERKEERSTEKEN_BORD_C22_A-SO","VERKEERSTEKEN_BORD_C22_A","SO"
"http://digitalbuildingdata.tech/nlcs/def/dd571315-2616-4754-a87b-86da3dc9a1df","VERKEERSTEKEN","SVW","V","10089","V-SVW-VERKEERSTEKEN_BORD_C22_A1-SO","VERKEERSTEKEN_BORD_C22_A1","SO"
"http://digitalbuildingdata.tech/nlcs/def/270413a6-f3bd-4a74-bb76-f3edf303a4dc","VERKEERSTEKEN","SVW","V","10090","V-SVW-VERKEERSTEKEN_BORD_C22_A2-SO","VERKEERSTEKEN_BORD_C22_A2","SO"
"http://digitalbuildingdata.tech/nlcs/def/304c4d87-cb17-4e3e-8440-16b5f1df4a83","VERKEERSTEKEN","SVW","V","10091","V-SVW-VERKEERSTEKEN_BORD_C22_A3-SO","VERKEERSTEKEN_BORD_C22_A3","SO"
"http://digitalbuildingdata.tech/nlcs/def/db1027ee-67f9-42fa-9957-13696bb4b277","VERKEERSTEKEN","SVW","V","10092","V-SVW-VERKEERSTEKEN_BORD_C22_A4-SO","VERKEERSTEKEN_BORD_C22_A4","SO"
"http://digitalbuildingdata.tech/nlcs/def/05f3efc1-eead-4f61-90f6-2f4666395518","VERKEERSTEKEN","SVW","V","10093","V-SVW-VERKEERSTEKEN_BORD_C22_A5-SO","VERKEERSTEKEN_BORD_C22_A5","SO"
"http://digitalbuildingdata.tech/nlcs/def/28108fa6-caf4-4721-98a4-73e2338d0c06","VERKEERSTEKEN","SVW","V","10094","V-SVW-VERKEERSTEKEN_BORD_C22_A6-SO","VERKEERSTEKEN_BORD_C22_A6","SO"
"http://digitalbuildingdata.tech/nlcs/def/53b0c481-8dc7-4ce7-9236-96799e333e58","VERKEERSTEKEN","SVW","V","10095","V-SVW-VERKEERSTEKEN_BORD_C22_A7-SO","VERKEERSTEKEN_BORD_C22_A7","SO"
"http://digitalbuildingdata.tech/nlcs/def/ca3feaaa-8b1c-4e83-b6a3-f18fd1c46c06","VERKEERSTEKEN","SVW","V","10096","V-SVW-VERKEERSTEKEN_BORD_C22_A8-SO","VERKEERSTEKEN_BORD_C22_A8","SO"
"http://digitalbuildingdata.tech/nlcs/def/d324bbf9-1b6a-4ab2-9228-20828080d9fd","VERKEERSTEKEN","SVW","V","10097","V-SVW-VERKEERSTEKEN_BORD_C22_A9-SO","VERKEERSTEKEN_BORD_C22_A9","SO"
"http://digitalbuildingdata.tech/nlcs/def/5fef038a-8cc9-463b-9bb3-793f7c04599e","VERKEERSTEKEN","SVW","V","10098","V-SVW-VERKEERSTEKEN_BORD_C22_B-SO","VERKEERSTEKEN_BORD_C22_B","SO"
"http://digitalbuildingdata.tech/nlcs/def/aeb4a01d-3c92-4f8e-8fac-8c2a80d3d6dd","VERKEERSTEKEN","SVW","V","10099","V-SVW-VERKEERSTEKEN_BORD_C22_C-SO","VERKEERSTEKEN_BORD_C22_C","SO"
"http://digitalbuildingdata.tech/nlcs/def/fb941f35-45ee-437f-a052-eb77026b8965","VERKEERSTEKEN","SVW","V","10100","V-SVW-VERKEERSTEKEN_BORD_C22_C1-SO","VERKEERSTEKEN_BORD_C22_C1","SO"
"http://digitalbuildingdata.tech/nlcs/def/0cf56c2a-f419-4651-8629-1c31c052c7b0","VERKEERSTEKEN","SVW","V","10101","V-SVW-VERKEERSTEKEN_BORD_C22_D-SO","VERKEERSTEKEN_BORD_C22_D","SO"
"http://digitalbuildingdata.tech/nlcs/def/ba67a979-15af-4345-ba1b-7529ea07513e","VERKEERSTEKEN","SVW","V","10102","V-SVW-VERKEERSTEKEN_BORD_C23-SO","VERKEERSTEKEN_BORD_C23","SO"
"http://digitalbuildingdata.tech/nlcs/def/9784d04b-055b-43a2-a33c-da4e3e636d97","VERKEERSTEKEN","SVW","V","10103","V-SVW-VERKEERSTEKEN_BORD_C23_01-SO","VERKEERSTEKEN_BORD_C23_01","SO"
"http://digitalbuildingdata.tech/nlcs/def/746336dd-61c7-4d78-a1ce-c5e976496bcb","VERKEERSTEKEN","SVW","V","10104","V-SVW-VERKEERSTEKEN_BORD_C23_02-SO","VERKEERSTEKEN_BORD_C23_02","SO"
"http://digitalbuildingdata.tech/nlcs/def/af6eace6-3582-4ed6-bf42-ea3aedfad0f0","VERKEERSTEKEN","SVW","V","10105","V-SVW-VERKEERSTEKEN_BORD_C23_03-SO","VERKEERSTEKEN_BORD_C23_03","SO"
"http://digitalbuildingdata.tech/nlcs/def/2e7322c8-3161-4a4d-9945-8186b3969994","VERKEERSTEKEN","SVW","V","10106","V-SVW-VERKEERSTEKEN_BORD_D01-SO","VERKEERSTEKEN_BORD_D01","SO"
"http://digitalbuildingdata.tech/nlcs/def/9f56caed-7fd4-4a6e-88b0-2f33b87c8a22","VERKEERSTEKEN","SVW","V","10107","V-SVW-VERKEERSTEKEN_BORD_D01_F-SO","VERKEERSTEKEN_BORD_D01_F","SO"
"http://digitalbuildingdata.tech/nlcs/def/a60efcfe-3166-4187-b3bb-33b6c717ae5f","VERKEERSTEKEN","SVW","V","10108","V-SVW-VERKEERSTEKEN_BORD_D02_LB-SO","VERKEERSTEKEN_BORD_D02_LB","SO"
"http://digitalbuildingdata.tech/nlcs/def/714595c4-c6c8-48a8-8eb7-7bd4c3a38011","VERKEERSTEKEN","SVW","V","10109","V-SVW-VERKEERSTEKEN_BORD_D02_LO-SO","VERKEERSTEKEN_BORD_D02_LO","SO"
"http://digitalbuildingdata.tech/nlcs/def/e3b8e8a4-d585-4e41-80ea-bc01372cb8a6","VERKEERSTEKEN","SVW","V","10110","V-SVW-VERKEERSTEKEN_BORD_D02_RB-SO","VERKEERSTEKEN_BORD_D02_RB","SO"
"http://digitalbuildingdata.tech/nlcs/def/56278155-e570-4480-91aa-3507ba5e49dd","VERKEERSTEKEN","SVW","V","10111","V-SVW-VERKEERSTEKEN_BORD_D02_RO-SO","VERKEERSTEKEN_BORD_D02_RO","SO"
"http://digitalbuildingdata.tech/nlcs/def/1c583354-8c4b-4320-9747-2aabd664520c","VERKEERSTEKEN","SVW","V","10112","V-SVW-VERKEERSTEKEN_BORD_D03-SO","VERKEERSTEKEN_BORD_D03","SO"
"http://digitalbuildingdata.tech/nlcs/def/857f974c-05b8-419d-b01b-b79555c91af1","VERKEERSTEKEN","SVW","V","10113","V-SVW-VERKEERSTEKEN_BORD_D04-SO","VERKEERSTEKEN_BORD_D04","SO"
"http://digitalbuildingdata.tech/nlcs/def/f7f73750-03cb-4043-b704-da7af2bdd865","VERKEERSTEKEN","SVW","V","10114","V-SVW-VERKEERSTEKEN_BORD_D05_L-SO","VERKEERSTEKEN_BORD_D05_L","SO"
"http://digitalbuildingdata.tech/nlcs/def/0598bbb8-f517-483f-b269-d8e18f8a460f","VERKEERSTEKEN","SVW","V","10115","V-SVW-VERKEERSTEKEN_BORD_D05_R-SO","VERKEERSTEKEN_BORD_D05_R","SO"
"http://digitalbuildingdata.tech/nlcs/def/7b38506c-f9c5-4f74-9a85-c6b5c4f25258","VERKEERSTEKEN","SVW","V","10116","V-SVW-VERKEERSTEKEN_BORD_D06_L-SO","VERKEERSTEKEN_BORD_D06_L","SO"
"http://digitalbuildingdata.tech/nlcs/def/bac5c65c-f53f-48e5-af06-e4e32ea392df","VERKEERSTEKEN","SVW","V","10117","V-SVW-VERKEERSTEKEN_BORD_D06_R-SO","VERKEERSTEKEN_BORD_D06_R","SO"
"http://digitalbuildingdata.tech/nlcs/def/1e3b593e-73e1-4cb7-90ba-a80745624795","VERKEERSTEKEN","SVW","V","10118","V-SVW-VERKEERSTEKEN_BORD_D07-SO","VERKEERSTEKEN_BORD_D07","SO"
"http://digitalbuildingdata.tech/nlcs/def/5b9ebd4a-c12b-4f00-8b31-0be74e887efa","VERKEERSTEKEN","SVW","V","10119","V-SVW-VERKEERSTEKEN_BORD_D08-SO","VERKEERSTEKEN_BORD_D08","SO"
"http://digitalbuildingdata.tech/nlcs/def/832decf0-d3ba-4a2a-933d-2452c8f0f8fa","VERKEERSTEKEN","SVW","V","10120","V-SVW-VERKEERSTEKEN_BORD_E01-SO","VERKEERSTEKEN_BORD_E01","SO"
"http://digitalbuildingdata.tech/nlcs/def/c8dfff57-195d-48dc-975b-251dd2845972","VERKEERSTEKEN","SVW","V","10121","V-SVW-VERKEERSTEKEN_BORD_E01_ZB-SO","VERKEERSTEKEN_BORD_E01_ZB","SO"
"http://digitalbuildingdata.tech/nlcs/def/96663a60-d9f2-46c2-9663-0b4e2dee42dd","VERKEERSTEKEN","SVW","V","10122","V-SVW-VERKEERSTEKEN_BORD_E01_ZB_TIJD-SO","VERKEERSTEKEN_BORD_E01_ZB_TIJD","SO"
"http://digitalbuildingdata.tech/nlcs/def/7adb96e0-0a3c-47d3-951e-bb42bc1db045","VERKEERSTEKEN","SVW","V","10123","V-SVW-VERKEERSTEKEN_BORD_E01_ZE-SO","VERKEERSTEKEN_BORD_E01_ZE","SO"
"http://digitalbuildingdata.tech/nlcs/def/11f0f5b9-e3a2-43ca-9a3a-485338502572","VERKEERSTEKEN","SVW","V","10124","V-SVW-VERKEERSTEKEN_BORD_E01_ZE_TIJD-SO","VERKEERSTEKEN_BORD_E01_ZE_TIJD","SO"
"http://digitalbuildingdata.tech/nlcs/def/eaf4b8a3-13d4-444c-8593-c0f1db7194fe","VERKEERSTEKEN","SVW","V","10125","V-SVW-VERKEERSTEKEN_BORD_E01_ZH-SO","VERKEERSTEKEN_BORD_E01_ZH","SO"
"http://digitalbuildingdata.tech/nlcs/def/c7787192-b4f8-40cd-b773-d3312c4a0617","VERKEERSTEKEN","SVW","V","10126","V-SVW-VERKEERSTEKEN_BORD_E01_ZH_TIJD-SO","VERKEERSTEKEN_BORD_E01_ZH_TIJD","SO"
"http://digitalbuildingdata.tech/nlcs/def/a732423a-dd74-4a27-806e-44a24014d947","VERKEERSTEKEN","SVW","V","10127","V-SVW-VERKEERSTEKEN_BORD_E02-SO","VERKEERSTEKEN_BORD_E02","SO"
"http://digitalbuildingdata.tech/nlcs/def/a03b8ddd-af83-4657-be7b-2c35d2be1fdc","VERKEERSTEKEN","SVW","V","10128","V-SVW-VERKEERSTEKEN_BORD_E02_ZB-SO","VERKEERSTEKEN_BORD_E02_ZB","SO"
"http://digitalbuildingdata.tech/nlcs/def/4437e1da-7e14-4520-86cf-727e58d53731","VERKEERSTEKEN","SVW","V","10129","V-SVW-VERKEERSTEKEN_BORD_E02_ZE-SO","VERKEERSTEKEN_BORD_E02_ZE","SO"
"http://digitalbuildingdata.tech/nlcs/def/9f0aba78-25e5-4335-a1a6-73b1f524c181","VERKEERSTEKEN","SVW","V","10130","V-SVW-VERKEERSTEKEN_BORD_E02_ZH-SO","VERKEERSTEKEN_BORD_E02_ZH","SO"
"http://digitalbuildingdata.tech/nlcs/def/30f30603-0aff-4c69-acb0-06c558062005","VERKEERSTEKEN","SVW","V","10131","V-SVW-VERKEERSTEKEN_BORD_E03-SO","VERKEERSTEKEN_BORD_E03","SO"
"http://digitalbuildingdata.tech/nlcs/def/1947b3d7-d3e8-470e-9c12-ca286adba39c","VERKEERSTEKEN","SVW","V","10132","V-SVW-VERKEERSTEKEN_BORD_E03_ZB-SO","VERKEERSTEKEN_BORD_E03_ZB","SO"
"http://digitalbuildingdata.tech/nlcs/def/89707708-838b-4223-bbbf-5674a10c9438","VERKEERSTEKEN","SVW","V","10133","V-SVW-VERKEERSTEKEN_BORD_E03_ZE-SO","VERKEERSTEKEN_BORD_E03_ZE","SO"
"http://digitalbuildingdata.tech/nlcs/def/d526f377-e091-4352-af71-69913fa91747","VERKEERSTEKEN","SVW","V","10134","V-SVW-VERKEERSTEKEN_BORD_E03_ZH-SO","VERKEERSTEKEN_BORD_E03_ZH","SO"
"http://digitalbuildingdata.tech/nlcs/def/57eb0aad-2c83-428e-aa53-3d2148a0c34e","VERKEERSTEKEN","SVW","V","10135","V-SVW-VERKEERSTEKEN_BORD_E04-SO","VERKEERSTEKEN_BORD_E04","SO"
"http://digitalbuildingdata.tech/nlcs/def/3017f9a7-3fa0-4c96-9664-db30a7591b10","VERKEERSTEKEN","SVW","V","10136","V-SVW-VERKEERSTEKEN_BORD_E05-SO","VERKEERSTEKEN_BORD_E05","SO"
"http://digitalbuildingdata.tech/nlcs/def/9df61bd1-5076-4b61-8774-c16b20a5961b","VERKEERSTEKEN","SVW","V","10137","V-SVW-VERKEERSTEKEN_BORD_E06-SO","VERKEERSTEKEN_BORD_E06","SO"
"http://digitalbuildingdata.tech/nlcs/def/72ea775d-00f9-452a-bed4-274c0d07d559","VERKEERSTEKEN","SVW","V","10138","V-SVW-VERKEERSTEKEN_BORD_E07-SO","VERKEERSTEKEN_BORD_E07","SO"
"http://digitalbuildingdata.tech/nlcs/def/c215d3a4-8cc3-474c-a6d0-6e46eaa82c71","VERKEERSTEKEN","SVW","V","10139","V-SVW-VERKEERSTEKEN_BORD_E08-SO","VERKEERSTEKEN_BORD_E08","SO"
"http://digitalbuildingdata.tech/nlcs/def/1d18e76c-2c9c-43fc-a00d-59039216a231","VERKEERSTEKEN","SVW","V","10140","V-SVW-VERKEERSTEKEN_BORD_E08A-SO","VERKEERSTEKEN_BORD_E08A","SO"
"http://digitalbuildingdata.tech/nlcs/def/9f9c3b18-20f7-48db-a605-5dac33d3d85f","VERKEERSTEKEN","SVW","V","10141","V-SVW-VERKEERSTEKEN_BORD_E08B-SO","VERKEERSTEKEN_BORD_E08B","SO"
"http://digitalbuildingdata.tech/nlcs/def/d21ed2ec-7c59-4510-8d4c-b1dae80ce8c3","VERKEERSTEKEN","SVW","V","10142","V-SVW-VERKEERSTEKEN_BORD_E08C-SO","VERKEERSTEKEN_BORD_E08C","SO"
"http://digitalbuildingdata.tech/nlcs/def/11599449-8549-433b-90f4-b3b83e215c5c","VERKEERSTEKEN","SVW","V","10143","V-SVW-VERKEERSTEKEN_BORD_E08D-SO","VERKEERSTEKEN_BORD_E08D","SO"
"http://digitalbuildingdata.tech/nlcs/def/2b78bbb5-455f-41c0-aa80-e6148d62febe","VERKEERSTEKEN","SVW","V","10144","V-SVW-VERKEERSTEKEN_BORD_E08E-SO","VERKEERSTEKEN_BORD_E08E","SO"
"http://digitalbuildingdata.tech/nlcs/def/ea9281ef-c93e-42bb-9d38-a2d18fc124dd","VERKEERSTEKEN","SVW","V","10145","V-SVW-VERKEERSTEKEN_BORD_E08F-SO","VERKEERSTEKEN_BORD_E08F","SO"
"http://digitalbuildingdata.tech/nlcs/def/fc7ed1fd-37a4-4a71-a6cd-1d06e245d671","VERKEERSTEKEN","SVW","V","10146","V-SVW-VERKEERSTEKEN_BORD_E08G-SO","VERKEERSTEKEN_BORD_E08G","SO"
"http://digitalbuildingdata.tech/nlcs/def/32f9114e-f670-4cf0-8444-a3d4fdad1c72","VERKEERSTEKEN","SVW","V","10147","V-SVW-VERKEERSTEKEN_BORD_E08H-SO","VERKEERSTEKEN_BORD_E08H","SO"
"http://digitalbuildingdata.tech/nlcs/def/174ba800-71fa-4a4a-ad90-98a0700a6521","VERKEERSTEKEN","SVW","V","10148","V-SVW-VERKEERSTEKEN_BORD_E08I-SO","VERKEERSTEKEN_BORD_E08I","SO"
"http://digitalbuildingdata.tech/nlcs/def/6c8870b3-bbf0-4699-9fd4-0f1a6aca3d78","VERKEERSTEKEN","SVW","V","10149","V-SVW-VERKEERSTEKEN_BORD_E08J-SO","VERKEERSTEKEN_BORD_E08J","SO"
"http://digitalbuildingdata.tech/nlcs/def/53657b37-04fb-4019-bcc1-3996a987f66e","VERKEERSTEKEN","SVW","V","10150","V-SVW-VERKEERSTEKEN_BORD_E08K-SO","VERKEERSTEKEN_BORD_E08K","SO"
"http://digitalbuildingdata.tech/nlcs/def/5cdb521a-6370-48e5-940c-4f7894c4f00d","VERKEERSTEKEN","SVW","V","10151","V-SVW-VERKEERSTEKEN_BORD_E08L-SO","VERKEERSTEKEN_BORD_E08L","SO"
"http://digitalbuildingdata.tech/nlcs/def/cfacb248-8de0-4144-9ac3-5cdd5ecb0432","VERKEERSTEKEN","SVW","V","10152","V-SVW-VERKEERSTEKEN_BORD_E08M-SO","VERKEERSTEKEN_BORD_E08M","SO"
"http://digitalbuildingdata.tech/nlcs/def/3de0e6b5-ac0b-4f69-90e0-3e814ca212c1","VERKEERSTEKEN","SVW","V","10153","V-SVW-VERKEERSTEKEN_BORD_E08N-SO","VERKEERSTEKEN_BORD_E08N","SO"
"http://digitalbuildingdata.tech/nlcs/def/ea1fb5a5-d0d7-4c31-9cce-f6a6c16d36a5","VERKEERSTEKEN","SVW","V","10154","V-SVW-VERKEERSTEKEN_BORD_E08O-SO","VERKEERSTEKEN_BORD_E08O","SO"
"http://digitalbuildingdata.tech/nlcs/def/859154b7-e874-4349-ba33-76553be99067","VERKEERSTEKEN","SVW","V","10155","V-SVW-VERKEERSTEKEN_BORD_E08P-SO","VERKEERSTEKEN_BORD_E08P","SO"
"http://digitalbuildingdata.tech/nlcs/def/026e0c89-90f5-4e6b-aa7f-07e489347f18","VERKEERSTEKEN","SVW","V","10156","V-SVW-VERKEERSTEKEN_BORD_E08Q-SO","VERKEERSTEKEN_BORD_E08Q","SO"
"http://digitalbuildingdata.tech/nlcs/def/2d0b432d-60ed-4bc9-b205-f0138adac66f","VERKEERSTEKEN","SVW","V","10157","V-SVW-VERKEERSTEKEN_BORD_E08R-SO","VERKEERSTEKEN_BORD_E08R","SO"
"http://digitalbuildingdata.tech/nlcs/def/b46d7008-4017-4072-aa03-f3fea198d970","VERKEERSTEKEN","SVW","V","10158","V-SVW-VERKEERSTEKEN_BORD_E09-SO","VERKEERSTEKEN_BORD_E09","SO"
"http://digitalbuildingdata.tech/nlcs/def/596ae8a0-5fe2-4960-ba54-fe6e6c0f9d52","VERKEERSTEKEN","SVW","V","10159","V-SVW-VERKEERSTEKEN_BORD_E09_ZB-SO","VERKEERSTEKEN_BORD_E09_ZB","SO"
"http://digitalbuildingdata.tech/nlcs/def/2a535ae2-e4c6-425a-b28a-5d5fab4b11d9","VERKEERSTEKEN","SVW","V","10160","V-SVW-VERKEERSTEKEN_BORD_E09_ZB_KLEM-SO","VERKEERSTEKEN_BORD_E09_ZB_KLEM","SO"
"http://digitalbuildingdata.tech/nlcs/def/38722fbf-c238-4df0-8264-d9202caadfb2","VERKEERSTEKEN","SVW","V","10161","V-SVW-VERKEERSTEKEN_BORD_E09_ZB_SLEEP-SO","VERKEERSTEKEN_BORD_E09_ZB_SLEEP","SO"
"http://digitalbuildingdata.tech/nlcs/def/89ccc199-d780-44ba-94a6-024eb6550fcf","VERKEERSTEKEN","SVW","V","10162","V-SVW-VERKEERSTEKEN_BORD_E09_ZE-SO","VERKEERSTEKEN_BORD_E09_ZE","SO"
"http://digitalbuildingdata.tech/nlcs/def/4d7f36cc-ae34-4c93-96e2-0cc112a83540","VERKEERSTEKEN","SVW","V","10163","V-SVW-VERKEERSTEKEN_BORD_E09_ZE_KLEM-SO","VERKEERSTEKEN_BORD_E09_ZE_KLEM","SO"
"http://digitalbuildingdata.tech/nlcs/def/8ac6aae1-8905-44a4-b136-5d1096944b3d","VERKEERSTEKEN","SVW","V","10164","V-SVW-VERKEERSTEKEN_BORD_E09_ZE_SLEEP-SO","VERKEERSTEKEN_BORD_E09_ZE_SLEEP","SO"
"http://digitalbuildingdata.tech/nlcs/def/78cc2dbc-48ae-4b35-9582-ddaf76dcc7ba","VERKEERSTEKEN","SVW","V","10165","V-SVW-VERKEERSTEKEN_BORD_E09_ZH-SO","VERKEERSTEKEN_BORD_E09_ZH","SO"
"http://digitalbuildingdata.tech/nlcs/def/413aa085-b1c9-49a4-b166-63a35831c51d","VERKEERSTEKEN","SVW","V","10166","V-SVW-VERKEERSTEKEN_BORD_E09_ZH_KLEM-SO","VERKEERSTEKEN_BORD_E09_ZH_KLEM","SO"
"http://digitalbuildingdata.tech/nlcs/def/0db1d095-81a0-40bf-b5a0-f180f34468d1","VERKEERSTEKEN","SVW","V","10167","V-SVW-VERKEERSTEKEN_BORD_E09_ZH_SLEEP-SO","VERKEERSTEKEN_BORD_E09_ZH_SLEEP","SO"
"http://digitalbuildingdata.tech/nlcs/def/fc9a3ad7-f382-4a8d-9d92-05e760e6ec11","VERKEERSTEKEN","SVW","V","10168","V-SVW-VERKEERSTEKEN_BORD_E10-SO","VERKEERSTEKEN_BORD_E10","SO"
"http://digitalbuildingdata.tech/nlcs/def/31a244bc-d8ba-4516-9ced-7769d85456ad","VERKEERSTEKEN","SVW","V","10169","V-SVW-VERKEERSTEKEN_BORD_E10_ZB-SO","VERKEERSTEKEN_BORD_E10_ZB","SO"
"http://digitalbuildingdata.tech/nlcs/def/31ee8d14-add4-4c05-8ea5-01debc16437f","VERKEERSTEKEN","SVW","V","10170","V-SVW-VERKEERSTEKEN_BORD_E10_ZB_KLEM-SO","VERKEERSTEKEN_BORD_E10_ZB_KLEM","SO"
"http://digitalbuildingdata.tech/nlcs/def/da206aa3-c0e6-4dc9-9bb2-be89b9b8fd39","VERKEERSTEKEN","SVW","V","10171","V-SVW-VERKEERSTEKEN_BORD_E10_ZB_SLEEP-SO","VERKEERSTEKEN_BORD_E10_ZB_SLEEP","SO"
"http://digitalbuildingdata.tech/nlcs/def/9b2170ee-2c34-4fd5-b5ba-2b8fb883b7bc","VERKEERSTEKEN","SVW","V","10172","V-SVW-VERKEERSTEKEN_BORD_E10_ZE_KLEM-SO","VERKEERSTEKEN_BORD_E10_ZE_KLEM","SO"
"http://digitalbuildingdata.tech/nlcs/def/9deb8cce-2231-4996-8c26-12b240570556","VERKEERSTEKEN","SVW","V","10173","V-SVW-VERKEERSTEKEN_BORD_E10_ZE_SLEEP-SO","VERKEERSTEKEN_BORD_E10_ZE_SLEEP","SO"
"http://digitalbuildingdata.tech/nlcs/def/86c4d538-65be-4de0-8e5d-4aa7d63d45a0","VERKEERSTEKEN","SVW","V","10174","V-SVW-VERKEERSTEKEN_BORD_E10_ZH-SO","VERKEERSTEKEN_BORD_E10_ZH","SO"
"http://digitalbuildingdata.tech/nlcs/def/044ef8cb-5ef0-4abb-a74f-f7e46e3d314b","VERKEERSTEKEN","SVW","V","10175","V-SVW-VERKEERSTEKEN_BORD_E10_ZH_KLEM-SO","VERKEERSTEKEN_BORD_E10_ZH_KLEM","SO"
"http://digitalbuildingdata.tech/nlcs/def/abaf19b3-d495-48ed-b06e-7bce645c76cd","VERKEERSTEKEN","SVW","V","10176","V-SVW-VERKEERSTEKEN_BORD_E10_ZH_SLEEP-SO","VERKEERSTEKEN_BORD_E10_ZH_SLEEP","SO"
"http://digitalbuildingdata.tech/nlcs/def/ddf8ce1b-2323-46d0-95e3-94ebbe3ab7e1","VERKEERSTEKEN","SVW","V","10177","V-SVW-VERKEERSTEKEN_BORD_E11-SO","VERKEERSTEKEN_BORD_E11","SO"
"http://digitalbuildingdata.tech/nlcs/def/031a86d6-666e-44fb-8380-dd4e58481132","VERKEERSTEKEN","SVW","V","10178","V-SVW-VERKEERSTEKEN_BORD_E11_ZE-SO","VERKEERSTEKEN_BORD_E11_ZE","SO"
"http://digitalbuildingdata.tech/nlcs/def/c402477a-b7c0-4654-8872-5e83c34eb150","VERKEERSTEKEN","SVW","V","10179","V-SVW-VERKEERSTEKEN_BORD_E12-SO","VERKEERSTEKEN_BORD_E12","SO"
"http://digitalbuildingdata.tech/nlcs/def/3060f782-d641-4e1d-9b66-60c0cb8e4a64","VERKEERSTEKEN","SVW","V","10180","V-SVW-VERKEERSTEKEN_BORD_E13-SO","VERKEERSTEKEN_BORD_E13","SO"
"http://digitalbuildingdata.tech/nlcs/def/fcf72555-22ed-4385-911c-c0a663998dec","VERKEERSTEKEN","SVW","V","10181","V-SVW-VERKEERSTEKEN_BORD_F01-SO","VERKEERSTEKEN_BORD_F01","SO"
"http://digitalbuildingdata.tech/nlcs/def/de184412-b51f-4db3-a45c-ffcbab059fcb","VERKEERSTEKEN","SVW","V","10182","V-SVW-VERKEERSTEKEN_BORD_F02-SO","VERKEERSTEKEN_BORD_F02","SO"
"http://digitalbuildingdata.tech/nlcs/def/e14a0f23-a4f4-43d0-a5d5-2201a4bfb56a","VERKEERSTEKEN","SVW","V","10183","V-SVW-VERKEERSTEKEN_BORD_F03-SO","VERKEERSTEKEN_BORD_F03","SO"
"http://digitalbuildingdata.tech/nlcs/def/3250dbce-f19c-4c6a-b4d5-c2d57ce5e9fa","VERKEERSTEKEN","SVW","V","10184","V-SVW-VERKEERSTEKEN_BORD_F04-SO","VERKEERSTEKEN_BORD_F04","SO"
"http://digitalbuildingdata.tech/nlcs/def/fbeed258-4af5-46a0-8ffe-15c27f9339d4","VERKEERSTEKEN","SVW","V","10185","V-SVW-VERKEERSTEKEN_BORD_F05-SO","VERKEERSTEKEN_BORD_F05","SO"
"http://digitalbuildingdata.tech/nlcs/def/715fda9a-dc06-4534-bea0-859791447ab1","VERKEERSTEKEN","SVW","V","10186","V-SVW-VERKEERSTEKEN_BORD_F06-SO","VERKEERSTEKEN_BORD_F06","SO"
"http://digitalbuildingdata.tech/nlcs/def/618b0976-d81c-4c7c-a874-327fed7783f1","VERKEERSTEKEN","SVW","V","10187","V-SVW-VERKEERSTEKEN_BORD_F07-SO","VERKEERSTEKEN_BORD_F07","SO"
"http://digitalbuildingdata.tech/nlcs/def/7dd2a3a6-d681-4b44-90b4-6edaac33dd70","VERKEERSTEKEN","SVW","V","10188","V-SVW-VERKEERSTEKEN_BORD_F08-SO","VERKEERSTEKEN_BORD_F08","SO"
"http://digitalbuildingdata.tech/nlcs/def/520d586a-f2d4-4c4f-a717-47bdcd397fcc","VERKEERSTEKEN","SVW","V","10189","V-SVW-VERKEERSTEKEN_BORD_F09-SO","VERKEERSTEKEN_BORD_F09","SO"
"http://digitalbuildingdata.tech/nlcs/def/708e6f8d-f92f-4f9d-8f1b-04f4a9df800d","VERKEERSTEKEN","SVW","V","10190","V-SVW-VERKEERSTEKEN_BORD_F10-SO","VERKEERSTEKEN_BORD_F10","SO"
"http://digitalbuildingdata.tech/nlcs/def/466e895e-1732-4e6c-9801-2274d9d6c9d9","VERKEERSTEKEN","SVW","V","10191","V-SVW-VERKEERSTEKEN_BORD_F10_BRIGADIER-SO","VERKEERSTEKEN_BORD_F10_BRIGADIER","SO"
"http://digitalbuildingdata.tech/nlcs/def/ab86c057-a7e4-44c4-a52f-334c51e75d14","VERKEERSTEKEN","SVW","V","10192","V-SVW-VERKEERSTEKEN_BORD_F11-SO","VERKEERSTEKEN_BORD_F11","SO"
"http://digitalbuildingdata.tech/nlcs/def/8ef6a926-c028-46ea-9a24-6c3b41c3b6d8","VERKEERSTEKEN","SVW","V","10193","V-SVW-VERKEERSTEKEN_BORD_F12-SO","VERKEERSTEKEN_BORD_F12","SO"
"http://digitalbuildingdata.tech/nlcs/def/367c3f4b-4316-46e8-941d-9a2144d987f1","VERKEERSTEKEN","SVW","V","10194","V-SVW-VERKEERSTEKEN_BORD_F13-SO","VERKEERSTEKEN_BORD_F13","SO"
"http://digitalbuildingdata.tech/nlcs/def/ab33471a-b219-47b1-9c15-a96fcf704f09","VERKEERSTEKEN","SVW","V","10195","V-SVW-VERKEERSTEKEN_BORD_F14-SO","VERKEERSTEKEN_BORD_F14","SO"
"http://digitalbuildingdata.tech/nlcs/def/6c038094-7fd2-4f96-b909-178ea53194ea","VERKEERSTEKEN","SVW","V","10196","V-SVW-VERKEERSTEKEN_BORD_F15-SO","VERKEERSTEKEN_BORD_F15","SO"
"http://digitalbuildingdata.tech/nlcs/def/b17bc6ca-364c-4b58-a054-395a832a58ed","VERKEERSTEKEN","SVW","V","10197","V-SVW-VERKEERSTEKEN_BORD_F16-SO","VERKEERSTEKEN_BORD_F16","SO"
"http://digitalbuildingdata.tech/nlcs/def/daac8e73-3d29-4446-af30-1174cf6baced","VERKEERSTEKEN","SVW","V","10198","V-SVW-VERKEERSTEKEN_BORD_F17-SO","VERKEERSTEKEN_BORD_F17","SO"
"http://digitalbuildingdata.tech/nlcs/def/6b51186d-ff3a-4e85-8a39-87f3a3b1ccc6","VERKEERSTEKEN","SVW","V","10199","V-SVW-VERKEERSTEKEN_BORD_F18-SO","VERKEERSTEKEN_BORD_F18","SO"
"http://digitalbuildingdata.tech/nlcs/def/3884e1d2-d421-4761-be8d-002e7c024364","VERKEERSTEKEN","SVW","V","10200","V-SVW-VERKEERSTEKEN_BORD_F19-SO","VERKEERSTEKEN_BORD_F19","SO"
"http://digitalbuildingdata.tech/nlcs/def/3cabe835-dcb0-4724-8c3e-aa37a1695cbb","VERKEERSTEKEN","SVW","V","10201","V-SVW-VERKEERSTEKEN_BORD_F20-SO","VERKEERSTEKEN_BORD_F20","SO"
"http://digitalbuildingdata.tech/nlcs/def/97698f5b-d15d-4d89-b232-837b934eebe3","VERKEERSTEKEN","SVW","V","10202","V-SVW-VERKEERSTEKEN_BORD_F21-SO","VERKEERSTEKEN_BORD_F21","SO"
"http://digitalbuildingdata.tech/nlcs/def/53749b12-43fc-4a79-a750-43595c385407","VERKEERSTEKEN","SVW","V","10203","V-SVW-VERKEERSTEKEN_BORD_F22-SO","VERKEERSTEKEN_BORD_F22","SO"
"http://digitalbuildingdata.tech/nlcs/def/2c2b8c89-8594-4d9d-81a8-2eb05f2aa7c9","VERKEERSTEKEN","SVW","V","10204","V-SVW-VERKEERSTEKEN_BORD_G01-SO","VERKEERSTEKEN_BORD_G01","SO"
"http://digitalbuildingdata.tech/nlcs/def/66e2dab5-cbfd-456f-8cb9-f804fa06122f","VERKEERSTEKEN","SVW","V","10205","V-SVW-VERKEERSTEKEN_BORD_G02-SO","VERKEERSTEKEN_BORD_G02","SO"
"http://digitalbuildingdata.tech/nlcs/def/ad9237e0-b896-4ef4-959b-9f2974b9eff5","VERKEERSTEKEN","SVW","V","10206","V-SVW-VERKEERSTEKEN_BORD_G03-SO","VERKEERSTEKEN_BORD_G03","SO"
"http://digitalbuildingdata.tech/nlcs/def/1c204a0a-886a-4d1e-bd60-42550c47df41","VERKEERSTEKEN","SVW","V","10207","V-SVW-VERKEERSTEKEN_BORD_G04-SO","VERKEERSTEKEN_BORD_G04","SO"
"http://digitalbuildingdata.tech/nlcs/def/2cad92af-4c24-4548-bcd8-96671ca15836","VERKEERSTEKEN","SVW","V","10208","V-SVW-VERKEERSTEKEN_BORD_G05-SO","VERKEERSTEKEN_BORD_G05","SO"
"http://digitalbuildingdata.tech/nlcs/def/e47814c4-33a7-4d5c-bb4e-e915ba3a0a81","VERKEERSTEKEN","SVW","V","10209","V-SVW-VERKEERSTEKEN_BORD_G05_ZB-SO","VERKEERSTEKEN_BORD_G05_ZB","SO"
"http://digitalbuildingdata.tech/nlcs/def/dbd01dd4-c9e2-4235-a55a-b177fe6a63b2","VERKEERSTEKEN","SVW","V","10210","V-SVW-VERKEERSTEKEN_BORD_G05_ZB_015-SO","VERKEERSTEKEN_BORD_G05_ZB_015","SO"
"http://digitalbuildingdata.tech/nlcs/def/eb438752-ddc3-4e84-bd96-17c0059c4b1e","VERKEERSTEKEN","SVW","V","10211","V-SVW-VERKEERSTEKEN_BORD_G05_ZE-SO","VERKEERSTEKEN_BORD_G05_ZE","SO"
"http://digitalbuildingdata.tech/nlcs/def/f980ed0c-7f16-470a-8871-2ef8ef10443a","VERKEERSTEKEN","SVW","V","10212","V-SVW-VERKEERSTEKEN_BORD_G05_ZE_015-SO","VERKEERSTEKEN_BORD_G05_ZE_015","SO"
"http://digitalbuildingdata.tech/nlcs/def/f289faaf-ddcd-44d5-92b4-6307e6b8b311","VERKEERSTEKEN","SVW","V","10213","V-SVW-VERKEERSTEKEN_BORD_G05_ZH-SO","VERKEERSTEKEN_BORD_G05_ZH","SO"
"http://digitalbuildingdata.tech/nlcs/def/d022e91e-0c41-478f-aa94-e42304062984","VERKEERSTEKEN","SVW","V","10214","V-SVW-VERKEERSTEKEN_BORD_G05_ZH_015-SO","VERKEERSTEKEN_BORD_G05_ZH_015","SO"
"http://digitalbuildingdata.tech/nlcs/def/9b2bbeb7-8eee-4b0e-918f-357b77d91933","VERKEERSTEKEN","SVW","V","10215","V-SVW-VERKEERSTEKEN_BORD_G06-SO","VERKEERSTEKEN_BORD_G06","SO"
"http://digitalbuildingdata.tech/nlcs/def/cf734127-f7fb-4e5c-8625-d4d78f4fa61f","VERKEERSTEKEN","SVW","V","10216","V-SVW-VERKEERSTEKEN_BORD_G07-SO","VERKEERSTEKEN_BORD_G07","SO"
"http://digitalbuildingdata.tech/nlcs/def/6128125b-5322-4e63-bd63-3ade6f29228f","VERKEERSTEKEN","SVW","V","10217","V-SVW-VERKEERSTEKEN_BORD_G07_ZB-SO","VERKEERSTEKEN_BORD_G07_ZB","SO"
"http://digitalbuildingdata.tech/nlcs/def/d1b1f3fa-48a4-4953-812c-3f252fbaf3be","VERKEERSTEKEN","SVW","V","10218","V-SVW-VERKEERSTEKEN_BORD_G07_ZE-SO","VERKEERSTEKEN_BORD_G07_ZE","SO"
"http://digitalbuildingdata.tech/nlcs/def/f4f0b7d7-ac21-42c8-b7b3-7dfe73da6577","VERKEERSTEKEN","SVW","V","10219","V-SVW-VERKEERSTEKEN_BORD_G07_ZH-SO","VERKEERSTEKEN_BORD_G07_ZH","SO"
"http://digitalbuildingdata.tech/nlcs/def/cdb87a04-0515-41e9-aec5-7660054dfea7","VERKEERSTEKEN","SVW","V","10220","V-SVW-VERKEERSTEKEN_BORD_G08-SO","VERKEERSTEKEN_BORD_G08","SO"
"http://digitalbuildingdata.tech/nlcs/def/cd639bd7-475a-44ec-8128-f39570de3e16","VERKEERSTEKEN","SVW","V","10221","V-SVW-VERKEERSTEKEN_BORD_G09-SO","VERKEERSTEKEN_BORD_G09","SO"
"http://digitalbuildingdata.tech/nlcs/def/40a64430-6bcf-4c02-a8c2-04dfa0c75a28","VERKEERSTEKEN","SVW","V","10222","V-SVW-VERKEERSTEKEN_BORD_G10-SO","VERKEERSTEKEN_BORD_G10","SO"
"http://digitalbuildingdata.tech/nlcs/def/aadb1457-c11b-4e9a-8654-a873ed6e25e8","VERKEERSTEKEN","SVW","V","10223","V-SVW-VERKEERSTEKEN_BORD_G11-SO","VERKEERSTEKEN_BORD_G11","SO"
"http://digitalbuildingdata.tech/nlcs/def/2414eab4-d544-4a5e-90f9-14dade6b69f9","VERKEERSTEKEN","SVW","V","10224","V-SVW-VERKEERSTEKEN_BORD_G12-SO","VERKEERSTEKEN_BORD_G12","SO"
"http://digitalbuildingdata.tech/nlcs/def/0924fb55-6be9-48b3-838b-7898653bc6b9","VERKEERSTEKEN","SVW","V","10225","V-SVW-VERKEERSTEKEN_BORD_G12_A-SO","VERKEERSTEKEN_BORD_G12_A","SO"
"http://digitalbuildingdata.tech/nlcs/def/4696c5fc-d305-4d1b-a869-66397d807bbf","VERKEERSTEKEN","SVW","V","10226","V-SVW-VERKEERSTEKEN_BORD_G12_B-SO","VERKEERSTEKEN_BORD_G12_B","SO"
"http://digitalbuildingdata.tech/nlcs/def/c4b5c7e4-a15a-4ffa-bb79-661def0f67b1","VERKEERSTEKEN","SVW","V","10227","V-SVW-VERKEERSTEKEN_BORD_G13-SO","VERKEERSTEKEN_BORD_G13","SO"
"http://digitalbuildingdata.tech/nlcs/def/a47a0d56-06a8-4a38-85fb-1230adf6574c","VERKEERSTEKEN","SVW","V","10228","V-SVW-VERKEERSTEKEN_BORD_G14-SO","VERKEERSTEKEN_BORD_G14","SO"
"http://digitalbuildingdata.tech/nlcs/def/7ddb45ff-7f5f-4af3-8903-6886267171ea","VERKEERSTEKEN","SVW","V","10229","V-SVW-VERKEERSTEKEN_BORD_H01-SO","VERKEERSTEKEN_BORD_H01","SO"
"http://digitalbuildingdata.tech/nlcs/def/7a07de62-b18b-4be9-b514-8a3cc9c6aa51","VERKEERSTEKEN","SVW","V","10230","V-SVW-VERKEERSTEKEN_BORD_H01_A-SO","VERKEERSTEKEN_BORD_H01_A","SO"
"http://digitalbuildingdata.tech/nlcs/def/98278d0d-94fc-4a73-916a-5196d09c2aa5","VERKEERSTEKEN","SVW","V","10231","V-SVW-VERKEERSTEKEN_BORD_H01_B-SO","VERKEERSTEKEN_BORD_H01_B","SO"
"http://digitalbuildingdata.tech/nlcs/def/8952cd47-56ac-4235-a535-68a92b168983","VERKEERSTEKEN","SVW","V","10232","V-SVW-VERKEERSTEKEN_BORD_H01_C-SO","VERKEERSTEKEN_BORD_H01_C","SO"
"http://digitalbuildingdata.tech/nlcs/def/97ef1a57-ce60-4f04-a641-bbbdcc9c6dbb","VERKEERSTEKEN","SVW","V","10233","V-SVW-VERKEERSTEKEN_BORD_H02_A-SO","VERKEERSTEKEN_BORD_H02_A","SO"
"http://digitalbuildingdata.tech/nlcs/def/12fe2b38-7100-4051-885e-5a232db95735","VERKEERSTEKEN","SVW","V","10234","V-SVW-VERKEERSTEKEN_BORD_H02_B-SO","VERKEERSTEKEN_BORD_H02_B","SO"
"http://digitalbuildingdata.tech/nlcs/def/62707a7d-76a9-496a-a1ef-92fb33673428","VERKEERSTEKEN","SVW","V","10235","V-SVW-VERKEERSTEKEN_BORD_H02_C-SO","VERKEERSTEKEN_BORD_H02_C","SO"
"http://digitalbuildingdata.tech/nlcs/def/39d33540-4661-44c4-b3a8-2e9a7f22f890","VERKEERSTEKEN","SVW","V","10236","V-SVW-VERKEERSTEKEN_BORD_H03_A-SO","VERKEERSTEKEN_BORD_H03_A","SO"
"http://digitalbuildingdata.tech/nlcs/def/0e5caef3-e573-4eb7-bd50-61798c415a0d","VERKEERSTEKEN","SVW","V","10237","V-SVW-VERKEERSTEKEN_BORD_H03_B-SO","VERKEERSTEKEN_BORD_H03_B","SO"
"http://digitalbuildingdata.tech/nlcs/def/54ed9614-fb6d-4737-8b63-b88d75b83a2e","VERKEERSTEKEN","SVW","V","10238","V-SVW-VERKEERSTEKEN_BORD_H03_C-SO","VERKEERSTEKEN_BORD_H03_C","SO"
"http://digitalbuildingdata.tech/nlcs/def/8a343096-4ef7-48cd-af48-bf48cf9d8de0","VERKEERSTEKEN","SVW","V","10239","V-SVW-VERKEERSTEKEN_BORD_J01-SO","VERKEERSTEKEN_BORD_J01","SO"
"http://digitalbuildingdata.tech/nlcs/def/ffc85dfc-3dda-451e-84bb-6bae9f534c61","VERKEERSTEKEN","SVW","V","10240","V-SVW-VERKEERSTEKEN_BORD_J02-SO","VERKEERSTEKEN_BORD_J02","SO"
"http://digitalbuildingdata.tech/nlcs/def/2841bea5-d69a-44c7-984c-8eef61a49450","VERKEERSTEKEN","SVW","V","10241","V-SVW-VERKEERSTEKEN_BORD_J03-SO","VERKEERSTEKEN_BORD_J03","SO"
"http://digitalbuildingdata.tech/nlcs/def/08c8a058-296e-4618-8372-738e3d114850","VERKEERSTEKEN","SVW","V","10242","V-SVW-VERKEERSTEKEN_BORD_J04-SO","VERKEERSTEKEN_BORD_J04","SO"
"http://digitalbuildingdata.tech/nlcs/def/1290c15b-f281-40cc-9828-9e6d143b54e7","VERKEERSTEKEN","SVW","V","10243","V-SVW-VERKEERSTEKEN_BORD_J05-SO","VERKEERSTEKEN_BORD_J05","SO"
"http://digitalbuildingdata.tech/nlcs/def/d66f11a0-cacf-41b8-9b17-eba759220565","VERKEERSTEKEN","SVW","V","10244","V-SVW-VERKEERSTEKEN_BORD_J06-SO","VERKEERSTEKEN_BORD_J06","SO"
"http://digitalbuildingdata.tech/nlcs/def/e0f8bf4b-6b4b-4008-991b-08ce4f48f7a8","VERKEERSTEKEN","SVW","V","10245","V-SVW-VERKEERSTEKEN_BORD_J07-SO","VERKEERSTEKEN_BORD_J07","SO"
"http://digitalbuildingdata.tech/nlcs/def/3acb36b5-0c64-47d2-ab42-4e6a70b812cc","VERKEERSTEKEN","SVW","V","10246","V-SVW-VERKEERSTEKEN_BORD_J08-SO","VERKEERSTEKEN_BORD_J08","SO"
"http://digitalbuildingdata.tech/nlcs/def/47632b1e-50d6-42e3-af2d-154a9a7a6e27","VERKEERSTEKEN","SVW","V","10247","V-SVW-VERKEERSTEKEN_BORD_J09-SO","VERKEERSTEKEN_BORD_J09","SO"
"http://digitalbuildingdata.tech/nlcs/def/153f199e-a971-4f69-909e-0ebef59c1ba0","VERKEERSTEKEN","SVW","V","10248","V-SVW-VERKEERSTEKEN_BORD_J10-SO","VERKEERSTEKEN_BORD_J10","SO"
"http://digitalbuildingdata.tech/nlcs/def/976499a9-ad3a-44b7-97e7-9f51e04890ed","VERKEERSTEKEN","SVW","V","10249","V-SVW-VERKEERSTEKEN_BORD_J11-SO","VERKEERSTEKEN_BORD_J11","SO"
"http://digitalbuildingdata.tech/nlcs/def/7ab6b166-423a-45e1-8f14-54e004bd7a83","VERKEERSTEKEN","SVW","V","10250","V-SVW-VERKEERSTEKEN_BORD_J12-SO","VERKEERSTEKEN_BORD_J12","SO"
"http://digitalbuildingdata.tech/nlcs/def/21b9eaf5-c926-4213-8044-3d0a52eed9b0","VERKEERSTEKEN","SVW","V","10251","V-SVW-VERKEERSTEKEN_BORD_J13-SO","VERKEERSTEKEN_BORD_J13","SO"
"http://digitalbuildingdata.tech/nlcs/def/c06c3350-0cb7-4add-ab37-73bd46509fca","VERKEERSTEKEN","SVW","V","10252","V-SVW-VERKEERSTEKEN_BORD_J14-SO","VERKEERSTEKEN_BORD_J14","SO"
"http://digitalbuildingdata.tech/nlcs/def/e1099685-6b2b-4b31-95f9-e5458896646e","VERKEERSTEKEN","SVW","V","10253","V-SVW-VERKEERSTEKEN_BORD_J15-SO","VERKEERSTEKEN_BORD_J15","SO"
"http://digitalbuildingdata.tech/nlcs/def/f2e095b8-c68d-42f1-9929-331731b76048","VERKEERSTEKEN","SVW","V","10254","V-SVW-VERKEERSTEKEN_BORD_J16-SO","VERKEERSTEKEN_BORD_J16","SO"
"http://digitalbuildingdata.tech/nlcs/def/83ada858-62f0-4ca4-a9b1-27f2dfe6f865","VERKEERSTEKEN","SVW","V","10255","V-SVW-VERKEERSTEKEN_BORD_J17-SO","VERKEERSTEKEN_BORD_J17","SO"
"http://digitalbuildingdata.tech/nlcs/def/92f35bb7-2f88-484f-9f1c-d2e492075281","VERKEERSTEKEN","SVW","V","10256","V-SVW-VERKEERSTEKEN_BORD_J18-SO","VERKEERSTEKEN_BORD_J18","SO"
"http://digitalbuildingdata.tech/nlcs/def/d8b5180b-c4bc-43c2-bfeb-0b425f07c775","VERKEERSTEKEN","SVW","V","10257","V-SVW-VERKEERSTEKEN_BORD_J19-SO","VERKEERSTEKEN_BORD_J19","SO"
"http://digitalbuildingdata.tech/nlcs/def/96915ddd-9168-4816-85a2-dccfc5e1b7c6","VERKEERSTEKEN","SVW","V","10258","V-SVW-VERKEERSTEKEN_BORD_J20-SO","VERKEERSTEKEN_BORD_J20","SO"
"http://digitalbuildingdata.tech/nlcs/def/4bc9b35d-9eb7-44cb-85ca-24c41c5d6da3","VERKEERSTEKEN","SVW","V","10259","V-SVW-VERKEERSTEKEN_BORD_J20_F-SO","VERKEERSTEKEN_BORD_J20_F","SO"
"http://digitalbuildingdata.tech/nlcs/def/98fb07f4-ffd2-4433-9382-32da57f96c4c","VERKEERSTEKEN","SVW","V","10260","V-SVW-VERKEERSTEKEN_BORD_J21-SO","VERKEERSTEKEN_BORD_J21","SO"
"http://digitalbuildingdata.tech/nlcs/def/eac8130f-82bc-40df-861d-9c2e44cfb062","VERKEERSTEKEN","SVW","V","10261","V-SVW-VERKEERSTEKEN_BORD_J21_F-SO","VERKEERSTEKEN_BORD_J21_F","SO"
"http://digitalbuildingdata.tech/nlcs/def/476feeac-c3f1-4eb5-915e-ab8d523d8fb2","VERKEERSTEKEN","SVW","V","10262","V-SVW-VERKEERSTEKEN_BORD_J21_F_OB1004-SO","VERKEERSTEKEN_BORD_J21_F_OB1004","SO"
"http://digitalbuildingdata.tech/nlcs/def/66084c26-9638-4a3a-b237-d158a697649f","VERKEERSTEKEN","SVW","V","10263","V-SVW-VERKEERSTEKEN_BORD_J21_F_OB1004_A01_030-SO","VERKEERSTEKEN_BORD_J21_F_OB1004_A01_030","SO"
"http://digitalbuildingdata.tech/nlcs/def/9d357d67-cfaa-4f2b-8314-6764703ddc39","VERKEERSTEKEN","SVW","V","10264","V-SVW-VERKEERSTEKEN_BORD_J22-SO","VERKEERSTEKEN_BORD_J22","SO"
"http://digitalbuildingdata.tech/nlcs/def/283417bf-d3db-4aa1-a27c-eeae2a6f5c80","VERKEERSTEKEN","SVW","V","10265","V-SVW-VERKEERSTEKEN_BORD_J22_F-SO","VERKEERSTEKEN_BORD_J22_F","SO"
"http://digitalbuildingdata.tech/nlcs/def/fd26e6db-3c30-4657-bced-6b4378fb3868","VERKEERSTEKEN","SVW","V","10266","V-SVW-VERKEERSTEKEN_BORD_J23-SO","VERKEERSTEKEN_BORD_J23","SO"
"http://digitalbuildingdata.tech/nlcs/def/4382cf66-2e8c-49a1-9949-f85af43723bc","VERKEERSTEKEN","SVW","V","10267","V-SVW-VERKEERSTEKEN_BORD_J24-SO","VERKEERSTEKEN_BORD_J24","SO"
"http://digitalbuildingdata.tech/nlcs/def/524bad92-3e92-4481-9e27-40ec39ed6521","VERKEERSTEKEN","SVW","V","10268","V-SVW-VERKEERSTEKEN_BORD_J24F-SO","VERKEERSTEKEN_BORD_J24F","SO"
"http://digitalbuildingdata.tech/nlcs/def/481a05f3-6904-45a8-8fda-ff825dc2ef09","VERKEERSTEKEN","SVW","V","10269","V-SVW-VERKEERSTEKEN_BORD_J25-SO","VERKEERSTEKEN_BORD_J25","SO"
"http://digitalbuildingdata.tech/nlcs/def/8827b6da-8fef-4fad-b97e-f45294ea2b7f","VERKEERSTEKEN","SVW","V","10270","V-SVW-VERKEERSTEKEN_BORD_J26-SO","VERKEERSTEKEN_BORD_J26","SO"
"http://digitalbuildingdata.tech/nlcs/def/71be39a0-6630-4613-9b2d-e16f47280067","VERKEERSTEKEN","SVW","V","10271","V-SVW-VERKEERSTEKEN_BORD_J27-SO","VERKEERSTEKEN_BORD_J27","SO"
"http://digitalbuildingdata.tech/nlcs/def/4696794b-d787-44bb-80f6-4be47a626402","VERKEERSTEKEN","SVW","V","10272","V-SVW-VERKEERSTEKEN_BORD_J28-SO","VERKEERSTEKEN_BORD_J28","SO"
"http://digitalbuildingdata.tech/nlcs/def/fc12d63c-ecd0-4c3e-ae38-ab76088f6b89","VERKEERSTEKEN","SVW","V","10273","V-SVW-VERKEERSTEKEN_BORD_J29-SO","VERKEERSTEKEN_BORD_J29","SO"
"http://digitalbuildingdata.tech/nlcs/def/77d2bb40-031a-4b08-b90e-7774e248a080","VERKEERSTEKEN","SVW","V","10274","V-SVW-VERKEERSTEKEN_BORD_J30-SO","VERKEERSTEKEN_BORD_J30","SO"
"http://digitalbuildingdata.tech/nlcs/def/2c2408c1-6302-4741-9d6f-ab96ade1e60e","VERKEERSTEKEN","SVW","V","10275","V-SVW-VERKEERSTEKEN_BORD_J31-SO","VERKEERSTEKEN_BORD_J31","SO"
"http://digitalbuildingdata.tech/nlcs/def/7c2d739c-a3aa-4d4c-bc8d-0e4089d2534e","VERKEERSTEKEN","SVW","V","10276","V-SVW-VERKEERSTEKEN_BORD_J32-SO","VERKEERSTEKEN_BORD_J32","SO"
"http://digitalbuildingdata.tech/nlcs/def/2c9b910d-4ec0-41b3-a7b5-2e6ef1470ec4","VERKEERSTEKEN","SVW","V","10277","V-SVW-VERKEERSTEKEN_BORD_J33-SO","VERKEERSTEKEN_BORD_J33","SO"
"http://digitalbuildingdata.tech/nlcs/def/929657fb-aacd-4fc3-a5e8-ea4d005432c7","VERKEERSTEKEN","SVW","V","10278","V-SVW-VERKEERSTEKEN_BORD_J34-SO","VERKEERSTEKEN_BORD_J34","SO"
"http://digitalbuildingdata.tech/nlcs/def/e05256b0-3426-478e-8d2a-536cf0328f34","VERKEERSTEKEN","SVW","V","10279","V-SVW-VERKEERSTEKEN_BORD_J35-SO","VERKEERSTEKEN_BORD_J35","SO"
"http://digitalbuildingdata.tech/nlcs/def/e7d03e9a-d183-4413-a697-9154d58c428b","VERKEERSTEKEN","SVW","V","10280","V-SVW-VERKEERSTEKEN_BORD_J36-SO","VERKEERSTEKEN_BORD_J36","SO"
"http://digitalbuildingdata.tech/nlcs/def/211c70ba-f5a5-4321-ba3e-ee0bd5e7bb53","VERKEERSTEKEN","SVW","V","10281","V-SVW-VERKEERSTEKEN_BORD_J37-SO","VERKEERSTEKEN_BORD_J37","SO"
"http://digitalbuildingdata.tech/nlcs/def/b5c168dc-10ce-4a81-ae45-8dd4876bdd2c","VERKEERSTEKEN","SVW","V","10282","V-SVW-VERKEERSTEKEN_BORD_J38-SO","VERKEERSTEKEN_BORD_J38","SO"
"http://digitalbuildingdata.tech/nlcs/def/22efe31e-6c8e-4e85-9f9e-2f0d5fd692ac","VERKEERSTEKEN","SVW","V","10283","V-SVW-VERKEERSTEKEN_BORD_J39-SO","VERKEERSTEKEN_BORD_J39","SO"
"http://digitalbuildingdata.tech/nlcs/def/07323014-b5e9-4661-ac99-55c1d6a74c40","VERKEERSTEKEN","SVW","V","10284","V-SVW-VERKEERSTEKEN_BORD_K14-SO","VERKEERSTEKEN_BORD_K14","SO"
"http://digitalbuildingdata.tech/nlcs/def/def56f09-0f9c-4dbd-939f-0b7647b16eb9","VERKEERSTEKEN","SVW","V","10285","V-SVW-VERKEERSTEKEN_BORD_L01-SO","VERKEERSTEKEN_BORD_L01","SO"
"http://digitalbuildingdata.tech/nlcs/def/4e5dae2c-972f-4aee-a722-1c70df408330","VERKEERSTEKEN","SVW","V","10286","V-SVW-VERKEERSTEKEN_BORD_L02-SO","VERKEERSTEKEN_BORD_L02","SO"
"http://digitalbuildingdata.tech/nlcs/def/bff4e16f-679a-472f-8c30-64c3e5ca532b","VERKEERSTEKEN","SVW","V","10287","V-SVW-VERKEERSTEKEN_BORD_L02_F-SO","VERKEERSTEKEN_BORD_L02_F","SO"
"http://digitalbuildingdata.tech/nlcs/def/4186eb95-efd0-41dc-952f-4b70d43cfd3b","VERKEERSTEKEN","SVW","V","10288","V-SVW-VERKEERSTEKEN_BORD_L02_F_OB1003-SO","VERKEERSTEKEN_BORD_L02_F_OB1003","SO"
"http://digitalbuildingdata.tech/nlcs/def/7e5faec4-ee18-4e83-b410-a1b8fe90d25d","VERKEERSTEKEN","SVW","V","10289","V-SVW-VERKEERSTEKEN_BORD_L03-SO","VERKEERSTEKEN_BORD_L03","SO"
"http://digitalbuildingdata.tech/nlcs/def/15655093-ece6-401f-ac4f-1a205b80d5ea","VERKEERSTEKEN","SVW","V","10290","V-SVW-VERKEERSTEKEN_BORD_L03_A-SO","VERKEERSTEKEN_BORD_L03_A","SO"
"http://digitalbuildingdata.tech/nlcs/def/d8945db7-930b-4fda-bf48-c38adfd91241","VERKEERSTEKEN","SVW","V","10291","V-SVW-VERKEERSTEKEN_BORD_L03_B-SO","VERKEERSTEKEN_BORD_L03_B","SO"
"http://digitalbuildingdata.tech/nlcs/def/c7697c27-fdb5-499a-8254-8351be84b922","VERKEERSTEKEN","SVW","V","10292","V-SVW-VERKEERSTEKEN_BORD_L03_C-SO","VERKEERSTEKEN_BORD_L03_C","SO"
"http://digitalbuildingdata.tech/nlcs/def/77ecb9ab-1062-41e5-b8f7-3af8fa6c1ba0","VERKEERSTEKEN","SVW","V","10293","V-SVW-VERKEERSTEKEN_BORD_L04-SO","VERKEERSTEKEN_BORD_L04","SO"
"http://digitalbuildingdata.tech/nlcs/def/b2631b08-364d-4081-a96c-feda4df83a2b","VERKEERSTEKEN","SVW","V","10294","V-SVW-VERKEERSTEKEN_BORD_L05-SO","VERKEERSTEKEN_BORD_L05","SO"
"http://digitalbuildingdata.tech/nlcs/def/7aad1038-1ee9-4e59-9c77-ec89146927fe","VERKEERSTEKEN","SVW","V","10295","V-SVW-VERKEERSTEKEN_BORD_L06-SO","VERKEERSTEKEN_BORD_L06","SO"
"http://digitalbuildingdata.tech/nlcs/def/da805e1d-fcb8-4db1-972f-88b6e8b17074","VERKEERSTEKEN","SVW","V","10296","V-SVW-VERKEERSTEKEN_BORD_L07-SO","VERKEERSTEKEN_BORD_L07","SO"
"http://digitalbuildingdata.tech/nlcs/def/06b742bf-fce5-4eb6-9de9-251174afd011","VERKEERSTEKEN","SVW","V","10297","V-SVW-VERKEERSTEKEN_BORD_L08-SO","VERKEERSTEKEN_BORD_L08","SO"
"http://digitalbuildingdata.tech/nlcs/def/bad3dc3f-9298-42cf-8ca3-608e7da527c0","VERKEERSTEKEN","SVW","V","10298","V-SVW-VERKEERSTEKEN_BORD_L09L-SO","VERKEERSTEKEN_BORD_L09L","SO"
"http://digitalbuildingdata.tech/nlcs/def/f780a4d3-6a87-4326-ab84-984117fe77c6","VERKEERSTEKEN","SVW","V","10299","V-SVW-VERKEERSTEKEN_BORD_L09R-SO","VERKEERSTEKEN_BORD_L09R","SO"
"http://digitalbuildingdata.tech/nlcs/def/e78eccd9-bea8-4470-b589-d22c2edb7b24","VERKEERSTEKEN","SVW","V","10300","V-SVW-VERKEERSTEKEN_BORD_L09_1L-SO","VERKEERSTEKEN_BORD_L09_1L","SO"
"http://digitalbuildingdata.tech/nlcs/def/3306ffbf-1517-430f-b67b-f67c27ddd354","VERKEERSTEKEN","SVW","V","10301","V-SVW-VERKEERSTEKEN_BORD_L09_1R-SO","VERKEERSTEKEN_BORD_L09_1R","SO"
"http://digitalbuildingdata.tech/nlcs/def/af949edd-0cf3-41b7-8376-cbede22ca714","VERKEERSTEKEN","SVW","V","10302","V-SVW-VERKEERSTEKEN_BORD_L09_2L-SO","VERKEERSTEKEN_BORD_L09_2L","SO"
"http://digitalbuildingdata.tech/nlcs/def/02198fb4-d370-45be-8057-6a8475aec8cb","VERKEERSTEKEN","SVW","V","10303","V-SVW-VERKEERSTEKEN_BORD_L09_2R-SO","VERKEERSTEKEN_BORD_L09_2R","SO"
"http://digitalbuildingdata.tech/nlcs/def/dd29a385-d083-4afe-8e25-25f0d4c6c66c","VERKEERSTEKEN","SVW","V","10304","V-SVW-VERKEERSTEKEN_BORD_L09_3L-SO","VERKEERSTEKEN_BORD_L09_3L","SO"
"http://digitalbuildingdata.tech/nlcs/def/385a0dc1-de4b-4cc5-a73f-52ab0fd9d48d","VERKEERSTEKEN","SVW","V","10305","V-SVW-VERKEERSTEKEN_BORD_L09_3R-SO","VERKEERSTEKEN_BORD_L09_3R","SO"
"http://digitalbuildingdata.tech/nlcs/def/7a72b575-103e-42bd-a513-61b8910d2f41","VERKEERSTEKEN","SVW","V","10306","V-SVW-VERKEERSTEKEN_BORD_L09_4L-SO","VERKEERSTEKEN_BORD_L09_4L","SO"
"http://digitalbuildingdata.tech/nlcs/def/a623b7fb-1e71-4498-b888-fa587dcfe405","VERKEERSTEKEN","SVW","V","10307","V-SVW-VERKEERSTEKEN_BORD_L09_4R-SO","VERKEERSTEKEN_BORD_L09_4R","SO"
"http://digitalbuildingdata.tech/nlcs/def/9b060997-0cbd-481a-bca6-3ba47c1c9f70","VERKEERSTEKEN","SVW","V","10308","V-SVW-VERKEERSTEKEN_BORD_L09_5L-SO","VERKEERSTEKEN_BORD_L09_5L","SO"
"http://digitalbuildingdata.tech/nlcs/def/66c823f1-0bb4-480a-abf3-951e5fdcea2b","VERKEERSTEKEN","SVW","V","10309","V-SVW-VERKEERSTEKEN_BORD_L09_5R-SO","VERKEERSTEKEN_BORD_L09_5R","SO"
"http://digitalbuildingdata.tech/nlcs/def/f31b2ea2-01d2-49a8-8697-75e2bcbd6c07","VERKEERSTEKEN","SVW","V","10310","V-SVW-VERKEERSTEKEN_BORD_L09_6L-SO","VERKEERSTEKEN_BORD_L09_6L","SO"
"http://digitalbuildingdata.tech/nlcs/def/9c0f93b8-ef86-4ae9-b460-0b7bc52b25d3","VERKEERSTEKEN","SVW","V","10311","V-SVW-VERKEERSTEKEN_BORD_L09_6R-SO","VERKEERSTEKEN_BORD_L09_6R","SO"
"http://digitalbuildingdata.tech/nlcs/def/a64e12c5-9b80-498c-852b-5795419c5dd7","VERKEERSTEKEN","SVW","V","10312","V-SVW-VERKEERSTEKEN_BORD_L09_7-SO","VERKEERSTEKEN_BORD_L09_7","SO"
"http://digitalbuildingdata.tech/nlcs/def/f1c2f529-c659-40c2-845c-a370d998ef14","VERKEERSTEKEN","SVW","V","10313","V-SVW-VERKEERSTEKEN_BORD_L09_8-SO","VERKEERSTEKEN_BORD_L09_8","SO"
"http://digitalbuildingdata.tech/nlcs/def/00180985-814b-4971-b7b4-b13baed297ca","VERKEERSTEKEN","SVW","V","10314","V-SVW-VERKEERSTEKEN_BORD_L10-SO","VERKEERSTEKEN_BORD_L10","SO"
"http://digitalbuildingdata.tech/nlcs/def/f0c1c02d-ef17-44a1-9a4d-41462c47c18b","VERKEERSTEKEN","SVW","V","10315","V-SVW-VERKEERSTEKEN_BORD_L11-SO","VERKEERSTEKEN_BORD_L11","SO"
"http://digitalbuildingdata.tech/nlcs/def/1b987623-9ff8-4cf7-bc53-99e482af887d","VERKEERSTEKEN","SVW","V","10316","V-SVW-VERKEERSTEKEN_BORD_L12-SO","VERKEERSTEKEN_BORD_L12","SO"
"http://digitalbuildingdata.tech/nlcs/def/6d7a33c1-2767-4fe5-bccb-babb26e5deae","VERKEERSTEKEN","SVW","V","10317","V-SVW-VERKEERSTEKEN_BORD_L13-SO","VERKEERSTEKEN_BORD_L13","SO"
"http://digitalbuildingdata.tech/nlcs/def/ffe7ad9f-7c0b-490f-a610-59e61473014d","VERKEERSTEKEN","SVW","V","10318","V-SVW-VERKEERSTEKEN_BORD_L14-SO","VERKEERSTEKEN_BORD_L14","SO"
"http://digitalbuildingdata.tech/nlcs/def/0fd35a2a-b45e-466a-8db9-1a70ff78fde3","VERKEERSTEKEN","SVW","V","10319","V-SVW-VERKEERSTEKEN_BORD_L15-SO","VERKEERSTEKEN_BORD_L15","SO"
"http://digitalbuildingdata.tech/nlcs/def/0b7912c5-a61a-4ff2-806a-e4a5d7aca875","VERKEERSTEKEN","SVW","V","10320","V-SVW-VERKEERSTEKEN_BORD_L16-SO","VERKEERSTEKEN_BORD_L16","SO"
"http://digitalbuildingdata.tech/nlcs/def/b5c7129e-4b7e-48a5-9c7f-17c8b0fb7377","VERKEERSTEKEN","SVW","V","10321","V-SVW-VERKEERSTEKEN_BORD_L17-SO","VERKEERSTEKEN_BORD_L17","SO"
"http://digitalbuildingdata.tech/nlcs/def/13fbc574-8fc7-438e-8a04-477353337bf2","VERKEERSTEKEN","SVW","V","10322","V-SVW-VERKEERSTEKEN_BORD_L18-SO","VERKEERSTEKEN_BORD_L18","SO"
"http://digitalbuildingdata.tech/nlcs/def/486e1a5e-9c35-4c4c-94a3-c03907749ca7","VERKEERSTEKEN","SVW","V","10323","V-SVW-VERKEERSTEKEN_BORD_L19_L-SO","VERKEERSTEKEN_BORD_L19_L","SO"
"http://digitalbuildingdata.tech/nlcs/def/4e9fb386-097d-48f9-86d5-d725fd99cb8b","VERKEERSTEKEN","SVW","V","10324","V-SVW-VERKEERSTEKEN_BORD_L19_R-SO","VERKEERSTEKEN_BORD_L19_R","SO"
"http://digitalbuildingdata.tech/nlcs/def/fb5253ce-ce1a-4a7c-9b22-fe25179d6db6","VERKEERSTEKEN","SVW","V","10325","V-SVW-VERKEERSTEKEN_BORD_L20-SO","VERKEERSTEKEN_BORD_L20","SO"
"http://digitalbuildingdata.tech/nlcs/def/4b3e46f2-0e2d-4833-8a80-c99f7db6234b","VERKEERSTEKEN","SVW","V","10326","V-SVW-VERKEERSTEKEN_BORD_L21-SO","VERKEERSTEKEN_BORD_L21","SO"
"http://digitalbuildingdata.tech/nlcs/def/09c640df-5d2d-4467-bad1-a282fc72e60f","VERKEERSTEKEN","SVW","B","10327","B-SVW-VERKEERSTEKEN_BORD_A01_005-SO","VERKEERSTEKEN_BORD_A01_005","SO"
"http://digitalbuildingdata.tech/nlcs/def/6c9a7bc8-df49-44fc-b399-023230485660","VERKEERSTEKEN","SVW","B","10328","B-SVW-VERKEERSTEKEN_BORD_A01_010-SO","VERKEERSTEKEN_BORD_A01_010","SO"
"http://digitalbuildingdata.tech/nlcs/def/fa2b17bb-10ff-4b77-b68b-33e207e3f591","VERKEERSTEKEN","SVW","B","10329","B-SVW-VERKEERSTEKEN_BORD_A01_030-SO","VERKEERSTEKEN_BORD_A01_030","SO"
"http://digitalbuildingdata.tech/nlcs/def/976d689c-a869-4c3b-9f79-c0a671f135da","VERKEERSTEKEN","SVW","B","10330","B-SVW-VERKEERSTEKEN_BORD_A01_030_S-SO","VERKEERSTEKEN_BORD_A01_030_S","SO"
"http://digitalbuildingdata.tech/nlcs/def/737dbfa4-60ba-4f38-82e9-a7bf8185b200","VERKEERSTEKEN","SVW","B","10331","B-SVW-VERKEERSTEKEN_BORD_A01_030_ZB-SO","VERKEERSTEKEN_BORD_A01_030_ZSO","SO"
"http://digitalbuildingdata.tech/nlcs/def/4d8090db-0dfe-451c-8b3f-1c7a67790428","VERKEERSTEKEN","SVW","B","10332","B-SVW-VERKEERSTEKEN_BORD_A01_030_ZH-SO","VERKEERSTEKEN_BORD_A01_030_ZH","SO"
"http://digitalbuildingdata.tech/nlcs/def/f434fe43-e0b8-4b95-88f4-a6ebec61ec11","MARKERING","SVW","","1737","SVW-MARKERING_PIJL_RD_7.5","MARKERING_PIJL_RD_7.5",""
"http://digitalbuildingdata.tech/nlcs/def/61e6a512-c96d-4f41-9ce4-ae04b7afbfdc","MARKERING","SVW","","1738","SVW-MARKERING_PIJL_RD_5.0","MARKERING_PIJL_RD_5.0",""
"http://digitalbuildingdata.tech/nlcs/def/215af382-2665-4fa1-ad3f-bfa744dc6f64","MARKERING","SVW","","1739","SVW-MARKERING_PIJL_RD_2.5","MARKERING_PIJL_RD_2.5",""
"http://digitalbuildingdata.tech/nlcs/def/11924f5a-2607-401d-8488-ce6a341e413d","MARKERING","SVW","","1740","SVW-MARKERING_PIJL_RA_7.5","MARKERING_PIJL_RA_7.5",""
"http://digitalbuildingdata.tech/nlcs/def/68b6b610-648a-44fc-94e6-a0f51e5ae8bd","MARKERING","SVW","","1741","SVW-MARKERING_PIJL_RA_5.0","MARKERING_PIJL_RA_5.0",""
"http://digitalbuildingdata.tech/nlcs/def/76d92c9e-ff99-48ae-8e4b-8757a451d226","MARKERING","SVW","","1742","SVW-MARKERING_PIJL_RA_2.5","MARKERING_PIJL_RA_2.5",""
"http://digitalbuildingdata.tech/nlcs/def/906f1d95-faf2-498c-ac69-4cfe5a5548ea","MARKERING","SVW","","1743","SVW-MARKERING_PIJL_LA_7.5","MARKERING_PIJL_LA_7.5",""
"http://digitalbuildingdata.tech/nlcs/def/9ff0cd1e-4c2c-42c5-9c4f-b3342cda8f96","MARKERING","SVW","","1744","SVW-MARKERING_PIJL_LA_5.0","MARKERING_PIJL_LA_5.0",""
"http://digitalbuildingdata.tech/nlcs/def/18c87c22-b626-497c-a8f2-a6f74ac00876","MARKERING","SVW","","1745","SVW-MARKERING_PIJL_LA_2.5","MARKERING_PIJL_LA_2.5",""
"http://digitalbuildingdata.tech/nlcs/def/c0f6e8da-2793-488c-a2c6-9c48d14492c9","MARKERING","SVW","","1746","SVW-MARKERING_PIJL_COMBI_RD_RA_7.5","MARKERING_PIJL_COMBI_RD_RA_7.5",""
"http://digitalbuildingdata.tech/nlcs/def/3c34e221-7b0a-4899-894f-876a4b62d7b2","MARKERING","SVW","","1747","SVW-MARKERING_PIJL_COMBI_RD_RA_5.0","MARKERING_PIJL_COMBI_RD_RA_5.0",""
"http://digitalbuildingdata.tech/nlcs/def/90fde73a-223e-406b-a3c4-02d46ff8c56b","MARKERING","SVW","","1748","SVW-MARKERING_PIJL_COMBI_RD_RA_2.5","MARKERING_PIJL_COMBI_RD_RA_2.5",""
"http://digitalbuildingdata.tech/nlcs/def/ae4ef418-53d4-4615-bd51-7a9d0ea46fad","MARKERING","SVW","","1749","SVW-MARKERING_PIJL_COMBI_RD_LA_7.5","MARKERING_PIJL_COMBI_RD_LA_7.5",""
"http://digitalbuildingdata.tech/nlcs/def/d396ecf3-293a-4380-bb4f-60fea3d05aa7","MARKERING","SVW","","1750","SVW-MARKERING_PIJL_COMBI_RD_LA_5.0","MARKERING_PIJL_COMBI_RD_LA_5.0",""
"http://digitalbuildingdata.tech/nlcs/def/4eb1e25b-085e-4ceb-adf6-59aa527677a5","MARKERING","SVW","","1751","SVW-MARKERING_PIJL_COMBI_RD_LA_2.5","MARKERING_PIJL_COMBI_RD_LA_2.5",""
"http://digitalbuildingdata.tech/nlcs/def/ba80a485-1043-4a80-b7c9-5dfe62bf0a27","MARKERING","SVW","","1752","SVW-MARKERING_PIJL_COMBI_RA_RA_7.5","MARKERING_PIJL_COMBI_RA_RA_7.5",""
"http://digitalbuildingdata.tech/nlcs/def/27e21a32-8a95-4753-90db-024ed1f5caa8","MARKERING","SVW","","1753","SVW-MARKERING_PIJL_COMBI_LA_LA_7.5","MARKERING_PIJL_COMBI_LA_LA_7.5",""
"http://digitalbuildingdata.tech/nlcs/def/e86d8490-29f0-4570-90a3-43ac81246b5d","MARKERING","SVW","","1754","SVW-MARKERING_PIJL_COMBI_RA_HAMERKOP_7.5","MARKERING_PIJL_COMBI_RA_HAMERKOP_7.5",""
"http://digitalbuildingdata.tech/nlcs/def/3f3c9f54-f1cf-4b99-878f-516406cb310e","MARKERING","SVW","","1755","SVW-MARKERING_PIJL_COMBI_RA_HAMERKOP_5.0","MARKERING_PIJL_COMBI_RA_HAMERKOP_5.0",""
"http://digitalbuildingdata.tech/nlcs/def/cb1dcb41-2a58-48cf-9a9c-74d2a6b8338e","MARKERING","SVW","","1756","SVW-MARKERING_PIJL_COMBI_LA_HAMERKOP_7.5","MARKERING_PIJL_COMBI_LA_HAMERKOP_7.5",""
"http://digitalbuildingdata.tech/nlcs/def/ae3441ce-4df1-47ad-9e03-db9fa486fc03","MARKERING","SVW","","1757","SVW-MARKERING_PIJL_COMBI_LA_HAMERKOP_5.0","MARKERING_PIJL_COMBI_LA_HAMERKOP_5.0",""
"http://digitalbuildingdata.tech/nlcs/def/1d64e938-a198-4248-85b1-472cae700173","MARKERING","SVW","","1758","SVW-MARKERING_PIJL_COMBI_RA_BRUG_7.5","MARKERING_PIJL_COMBI_RA_BRUG_7.5",""
"http://digitalbuildingdata.tech/nlcs/def/84149d47-0d35-4150-837d-e41550f48f34","MARKERING","SVW","","1759","SVW-MARKERING_PIJL_COMBI_RA_BRUG_5.0","MARKERING_PIJL_COMBI_RA_BRUG_5.0",""
"http://digitalbuildingdata.tech/nlcs/def/1eb8cdd3-eef6-4942-9969-0f0ff8c0e012","MARKERING","SVW","","1760","SVW-MARKERING_PIJL_COMBI_LA_BRUG_7.5","MARKERING_PIJL_COMBI_LA_BRUG_7.5",""
"http://digitalbuildingdata.tech/nlcs/def/196aefb3-3fa1-4b1b-a30b-494cf391e707","MARKERING","SVW","","1761","SVW-MARKERING_PIJL_COMBI_LA_BRUG_5.0","MARKERING_PIJL_COMBI_LA_BRUG_5.0",""
"http://digitalbuildingdata.tech/nlcs/def/dc1a0f48-50ad-4092-8b4f-5ea021fc0e67","MARKERING","SVW","","1762","SVW-MARKERING_PIJL_COMBI_RA_RA_BRUG_7.5","MARKERING_PIJL_COMBI_RA_RA_BRUG_7.5",""
"http://digitalbuildingdata.tech/nlcs/def/69afa08e-3788-4651-beb8-f5511eb2ab56","MARKERING","SVW","","1763","SVW-MARKERING_PIJL_COMBI_LA_LA_BRUG_7.5","MARKERING_PIJL_COMBI_LA_LA_BRUG_7.5",""
"http://digitalbuildingdata.tech/nlcs/def/14e43ff3-6d3e-4a16-8822-3bbf2e009038","MARKERING","SVW","","1764","SVW-MARKERING_PIJL_COMBI_RA_TUNNEL_7.5","MARKERING_PIJL_COMBI_RA_TUNNEL_7.5",""
"http://digitalbuildingdata.tech/nlcs/def/7cf45c11-33fa-45da-b194-0057455b849c","MARKERING","SVW","","1765","SVW-MARKERING_PIJL_COMBI_RA_TUNNEL_5.0","MARKERING_PIJL_COMBI_RA_TUNNEL_5.0",""
"http://digitalbuildingdata.tech/nlcs/def/ff3a8eac-63d0-4014-b9c1-1302d9281eb8","MARKERING","SVW","","1766","SVW-MARKERING_PIJL_COMBI_LA_TUNNEL_7.5","MARKERING_PIJL_COMBI_LA_TUNNEL_7.5",""
"http://digitalbuildingdata.tech/nlcs/def/c54dd636-8661-4758-ae45-0249e076274c","MARKERING","SVW","","1767","SVW-MARKERING_PIJL_COMBI_LA_TUNNEL_5.0","MARKERING_PIJL_COMBI_LA_TUNNEL_5.0",""
"http://digitalbuildingdata.tech/nlcs/def/7581a1ec-7ebf-428e-9990-2cdd7785a630","MARKERING","SVW","","1768","SVW-MARKERING_PIJL_COMBI_RA_RA_TUNNEL_7.5","MARKERING_PIJL_COMBI_RA_RA_TUNNEL_7.5",""
"http://digitalbuildingdata.tech/nlcs/def/c3640ad2-547f-472b-87ad-a7ccca9f120a","MARKERING","SVW","","1769","SVW-MARKERING_PIJL_COMBI_LA_LA_TUNNEL_7.5","MARKERING_PIJL_COMBI_LA_LA_TUNNEL_7.5",""
"http://digitalbuildingdata.tech/nlcs/def/07124ba3-42d9-4e38-a3c6-948ba10fd6ea","MARKERING","SVW","","1770","SVW-MARKERING_PIJL_COMBI_RD_RA_LA_7.5","MARKERING_PIJL_COMBI_RD_RA_LA_7.5",""
"http://digitalbuildingdata.tech/nlcs/def/22de3305-ab96-4e5e-8512-edba55c7a2a0","MARKERING","SVW","","1771","SVW-MARKERING_PIJL_COMBI_RD_RA_LA_5.0","MARKERING_PIJL_COMBI_RD_RA_LA_5.0",""
"http://digitalbuildingdata.tech/nlcs/def/ecb65346-0781-4e37-9a2b-c40c9af9eb7c","MARKERING","SVW","","1772","SVW-MARKERING_PIJL_COMBI_LA_RA_7.5","MARKERING_PIJL_COMBI_LA_RA_7.5",""
"http://digitalbuildingdata.tech/nlcs/def/49022156-a296-4338-bd5f-354fb927243d","MARKERING","SVW","","1773","SVW-MARKERING_PIJL_COMBI_LA_RA_5.0","MARKERING_PIJL_COMBI_LA_RA_5.0",""
"http://digitalbuildingdata.tech/nlcs/def/3549b4ae-ffbe-4faf-9e79-41ef1c1cf994","MARKERING","SVW","","1774","SVW-MARKERING_PIJL_GEBOGEN_7.5","MARKERING_PIJL_GEBOGEN_7.5",""
"http://digitalbuildingdata.tech/nlcs/def/93bb1d53-18ed-4eb0-a53c-e17cd59fdf52","MARKERING","SVW","","1775","SVW-MARKERING_PIJL_GEBOGEN_5.0","MARKERING_PIJL_GEBOGEN_5.0",""
"http://digitalbuildingdata.tech/nlcs/def/7d27a560-806e-469f-8586-9904ae229a50","MARKERING","SVW","","1776","SVW-MARKERING_PIJL_VERDRIJF_LI_7.5","MARKERING_PIJL_VERDRIJF_LI_7.5",""
"http://digitalbuildingdata.tech/nlcs/def/894c359f-5ac8-4cd5-8e0e-3e222c2cb5c4","MARKERING","SVW","","1777","SVW-MARKERING_PIJL_VERDRIJF_LI_5.0","MARKERING_PIJL_VERDRIJF_LI_5.0",""
"http://digitalbuildingdata.tech/nlcs/def/686f4f8e-ca10-4b2f-8894-e683f5aebd85","MARKERING","SVW","","1778","SVW-MARKERING_PIJL_VERDRIJF_RE_7.5","MARKERING_PIJL_VERDRIJF_RE_7.5",""
"http://digitalbuildingdata.tech/nlcs/def/272b97ec-0db1-43c0-97ed-89f795f6d5f5","MARKERING","SVW","","1779","SVW-MARKERING_PIJL_VERDRIJF_RE_5.0","MARKERING_PIJL_VERDRIJF_RE_5.0",""
"http://digitalbuildingdata.tech/nlcs/def/b7c0719b-46e6-4a27-a066-ff016bc522fa","MARKERING","SVW","","1780","SVW-MARKERING_PIJL_BAJONET_7.5","MARKERING_PIJL_BAJONET_7.5",""
"http://digitalbuildingdata.tech/nlcs/def/eb558315-2f13-4d25-b9f7-ccbd21659195","MARKERING","SVW","","1781","SVW-MARKERING_PIJL_BAJONET_5.0","MARKERING_PIJL_BAJONET_5.0",""
"http://digitalbuildingdata.tech/nlcs/def/7613b384-623b-4089-83d2-2b1cbb686dc4","MARKERING","SVW","","1782","SVW-MARKERING_PIJL_VISHAAK_7.5","MARKERING_PIJL_VISHAAK_7.5",""
"http://digitalbuildingdata.tech/nlcs/def/494b941b-7c65-46c3-b8bc-15e1ccff0b2c","MARKERING","SVW","","1783","SVW-MARKERING_PIJL_VISHAAK_5.0","MARKERING_PIJL_VISHAAK_5.0",""
"http://digitalbuildingdata.tech/nlcs/def/f73c8fc1-2944-4ec3-b722-4cf14506141e","MARKERING","SVW","","1784","SVW-MARKERING_PIJL_ANTISPOOK_7.5","MARKERING_PIJL_ANTISPOOK_7.5",""
"http://digitalbuildingdata.tech/nlcs/def/1fb5c893-fe9c-47f3-b7f7-ab446b409515","MARKERING","SVW","","1785","SVW-MARKERING_SYMBOOL_VOORWAARSCHUWINGSDRIEHOEK_8.0","MARKERING_SYMBOOL_VOORWAARSCHUWINGSDRIEHOEK_8.0",""
"http://digitalbuildingdata.tech/nlcs/def/c181665b-cc83-487e-a01c-95990186c3ba","MARKERING","SVW","","1786","SVW-MARKERING_SYMBOOL_VOORWAARSCHUWINGSDRIEHOEK_4.0","MARKERING_SYMBOOL_VOORWAARSCHUWINGSDRIEHOEK_4.0",""
"http://digitalbuildingdata.tech/nlcs/def/7d6ea19d-7e12-4cdf-8008-ced5986827e6","MARKERING","SVW","","1787","SVW-MARKERING_SYMBOOL_VOORWAARSCHUWINGSDRIEHOEK_2.0","MARKERING_SYMBOOL_VOORWAARSCHUWINGSDRIEHOEK_2.0",""
"http://digitalbuildingdata.tech/nlcs/def/8687e97a-d6f0-4668-aec8-6140983f6f07","MARKERING","SVW","","1788","SVW-MARKERING_SYMBOOL_FIETS_2.75","MARKERING_SYMBOOL_FIETS_2.75",""
"http://digitalbuildingdata.tech/nlcs/def/4ac8fefd-e728-4a78-bca5-d002e2f80413","MARKERING","SVW","","1789","SVW-MARKERING_SYMBOOL_FIETS_2.0","MARKERING_SYMBOOL_FIETS_2.0",""
"http://digitalbuildingdata.tech/nlcs/def/2fa81cbb-5bb4-4803-b7ae-02f0a8566cee","MARKERING","SVW","","1790","SVW-MARKERING_SYMBOOL_FIETS_1.35","MARKERING_SYMBOOL_FIETS_1.35",""
"http://digitalbuildingdata.tech/nlcs/def/082bb83d-3bc0-4e31-9d9a-e7b79ce7023c","MARKERING","SVW","","1791","SVW-MARKERING_SYMBOOL_STOP_4.0","MARKERING_SYMBOOL_STOP_4.0",""
"http://digitalbuildingdata.tech/nlcs/def/b4518a4d-5644-46e1-a28c-d07339bd1d26","MARKERING","SVW","","1792","SVW-MARKERING_SYMBOOL_STOP_1.6","MARKERING_SYMBOOL_STOP_1.6",""
"http://digitalbuildingdata.tech/nlcs/def/81d0e52e-4f88-4622-890e-cc26fbe2b6ae","MARKERING","SVW","","1793","SVW-MARKERING_SYMBOOL_LIJNBUS_4.0","MARKERING_SYMBOOL_LIJNBUS_4.0",""
"http://digitalbuildingdata.tech/nlcs/def/685e7979-daac-4fbc-aefd-14353c5061b1","MARKERING","SVW","","1794","SVW-MARKERING_SYMBOOL_LIJNBUS_1.6","MARKERING_SYMBOOL_LIJNBUS_1.6",""
"http://digitalbuildingdata.tech/nlcs/def/2d5d899c-dc42-4077-b266-4ba5d93b5a20","MARKERING","SVW","","1795","SVW-MARKERING_SYMBOOL_BUS_4.0","MARKERING_SYMBOOL_BUS_4.0",""
"http://digitalbuildingdata.tech/nlcs/def/1b28a575-82ce-4c20-ab12-982f188b3310","MARKERING","SVW","","1796","SVW-MARKERING_SYMBOOL_BUS_1.6","MARKERING_SYMBOOL_BUS_1.6",""
"http://digitalbuildingdata.tech/nlcs/def/a04260a4-c568-4e96-9c4f-61bb125951d8","MARKERING","SVW","","1797","SVW-MARKERING_SYMBOOL_TAXI_4.0","MARKERING_SYMBOOL_TAXI_4.0",""
"http://digitalbuildingdata.tech/nlcs/def/4e9e8658-3fa7-4ef6-8e7d-d6e0c2b5a87f","MARKERING","SVW","","1798","SVW-MARKERING_SYMBOOL_TAXI_1.6","MARKERING_SYMBOOL_TAXI_1.6",""
"http://digitalbuildingdata.tech/nlcs/def/a2b24579-3a2b-4f08-a6c8-e9b4bc5b0906","MARKERING","SVW","","1799","SVW-MARKERING_SYMBOOL_50_4.0","MARKERING_SYMBOOL_50_4.0",""
"http://digitalbuildingdata.tech/nlcs/def/40d0689f-7c8c-4c53-baf4-4e8cc00c27f9","MARKERING","SVW","","1800","SVW-MARKERING_SYMBOOL_50_1.6","MARKERING_SYMBOOL_50_1.6",""
"http://digitalbuildingdata.tech/nlcs/def/9aebe0ec-3926-43cc-9782-67765bccba43","MARKERING","SVW","","1801","SVW-MARKERING_SYMBOOL_70_4.0","MARKERING_SYMBOOL_70_4.0",""
"http://digitalbuildingdata.tech/nlcs/def/057c4f11-4f69-4ed8-a136-be62209afac0","MARKERING","SVW","","1802","SVW-MARKERING_SYMBOOL_70_1.6","MARKERING_SYMBOOL_70_1.6",""
"http://digitalbuildingdata.tech/nlcs/def/4cfa474e-03fa-4c45-802b-0e4cc9fb66c5","MARKERING","SVW","","1803","SVW-MARKERING_SYMBOOL_ZONE_4.0","MARKERING_SYMBOOL_ZONE_4.0",""
"http://digitalbuildingdata.tech/nlcs/def/67323a19-f221-40c4-9841-131ba8cddda3","MARKERING","SVW","","1804","SVW-MARKERING_SYMBOOL_ZONE_1.6","MARKERING_SYMBOOL_ZONE_1.6",""
"http://digitalbuildingdata.tech/nlcs/def/3057911d-ba4c-4438-96bf-4ba10c2d9250","MARKERING","SVW","","1805","SVW-MARKERING_SYMBOOL_30_1.6","MARKERING_SYMBOOL_30_1.6",""
"http://digitalbuildingdata.tech/nlcs/def/be400551-0de1-4620-b3fa-e1d7a06973ba","MARKERING","SVW","","1806","SVW-MARKERING_SYMBOOL_60_1.6","MARKERING_SYMBOOL_60_1.6",""
"http://digitalbuildingdata.tech/nlcs/def/da2b67da-d901-4ec2-808a-a5799c7f77e0","MARKERING","SVW","","1807","SVW-MARKERING_STREEP_DRIEHOEK_050_050","MARKERING_STREEP_DRIEHOEK_050_050",""
"http://digitalbuildingdata.tech/nlcs/def/f25d5fac-497e-4090-b108-23d32fee2d40","MARKERING","SVW","","1808","SVW-MARKERING_STREEP_DRIEHOEK_050_070","MARKERING_STREEP_DRIEHOEK_050_070",""
"http://digitalbuildingdata.tech/nlcs/def/0f0a3aa3-d917-436d-9f68-85780a783726","MARKERING","SVW","","1809","SVW-MARKERING_STREEP_BLOK_050_050","MARKERING_STREEP_BLOK_050_050",""
"http://digitalbuildingdata.tech/nlcs/def/5c2f7da8-c00f-4236-bcfb-a7fce7d8b230","MARKERING","SVW","","1810","SVW-MARKERING_STREEP_BLOK_060_060","MARKERING_STREEP_BLOK_060_060",""
"http://digitalbuildingdata.tech/nlcs/def/bccac8ee-76bc-4aae-8dcb-0fd52d359522","MARKERING","SVW","V","1827","V-SVW-MARKERING_PIJL_RD_7.5","MARKERING_PIJL_RD_7.5",""
"http://digitalbuildingdata.tech/nlcs/def/ad9b265e-09a4-46f1-a997-2c40639f9220","MARKERING","SVW","V","1828","V-SVW-MARKERING_PIJL_RD_5.0","MARKERING_PIJL_RD_5.0",""
"http://digitalbuildingdata.tech/nlcs/def/59bbdc65-5299-4c9a-a1f4-6adaf0407259","MARKERING","SVW","V","1829","V-SVW-MARKERING_PIJL_RD_2.5","MARKERING_PIJL_RD_2.5",""
"http://digitalbuildingdata.tech/nlcs/def/9dd31d12-0d50-4f10-9022-388089df5dd8","MARKERING","SVW","V","1830","V-SVW-MARKERING_PIJL_RA_7.5","MARKERING_PIJL_RA_7.5",""
"http://digitalbuildingdata.tech/nlcs/def/ef51a33c-9105-4f1b-b07a-a2be91503984","MARKERING","SVW","V","1831","V-SVW-MARKERING_PIJL_RA_5.0","MARKERING_PIJL_RA_5.0",""
"http://digitalbuildingdata.tech/nlcs/def/0583fb87-88ef-444d-b4fc-c72223e1e142","MARKERING","SVW","V","1832","V-SVW-MARKERING_PIJL_RA_2.5","MARKERING_PIJL_RA_2.5",""
"http://digitalbuildingdata.tech/nlcs/def/f5958106-9a27-4ac9-a71a-d56016b05321","MARKERING","SVW","V","1833","V-SVW-MARKERING_PIJL_LA_7.5","MARKERING_PIJL_LA_7.5",""
"http://digitalbuildingdata.tech/nlcs/def/bc3c6c62-6759-4a8d-8e08-6782ce363fa6","MARKERING","SVW","V","1834","V-SVW-MARKERING_PIJL_LA_5.0","MARKERING_PIJL_LA_5.0",""
"http://digitalbuildingdata.tech/nlcs/def/2c2f4129-eae8-447b-9898-93cba8e10361","MARKERING","SVW","V","1835","V-SVW-MARKERING_PIJL_LA_2.5","MARKERING_PIJL_LA_2.5",""
"http://digitalbuildingdata.tech/nlcs/def/a4e3eafe-1fb6-41a8-a0a5-b85ac56139b6","MARKERING","SVW","V","1836","V-SVW-MARKERING_PIJL_COMBI_RD_RA_7.5","MARKERING_PIJL_COMBI_RD_RA_7.5",""
"http://digitalbuildingdata.tech/nlcs/def/338f75ae-e79a-47f4-bea4-d77cc3facc1f","MARKERING","SVW","V","1837","V-SVW-MARKERING_PIJL_COMBI_RD_RA_5.0","MARKERING_PIJL_COMBI_RD_RA_5.0",""
"http://digitalbuildingdata.tech/nlcs/def/a2e0a356-38d7-45cf-aa8d-324deb1cd1d2","MARKERING","SVW","V","1838","V-SVW-MARKERING_PIJL_COMBI_RD_RA_2.5","MARKERING_PIJL_COMBI_RD_RA_2.5",""
"http://digitalbuildingdata.tech/nlcs/def/e6decb9a-c5d5-43e5-ae70-1f3c67b6b0ea","MARKERING","SVW","V","1839","V-SVW-MARKERING_PIJL_COMBI_RD_LA_7.5","MARKERING_PIJL_COMBI_RD_LA_7.5",""
"http://digitalbuildingdata.tech/nlcs/def/7ae30063-14ce-4c3e-8690-5993b164cb8d","MARKERING","SVW","V","1840","V-SVW-MARKERING_PIJL_COMBI_RD_LA_5.0","MARKERING_PIJL_COMBI_RD_LA_5.0",""
"http://digitalbuildingdata.tech/nlcs/def/80009a0c-6103-4019-a6ec-ee858401f3e0","MARKERING","SVW","V","1841","V-SVW-MARKERING_PIJL_COMBI_RD_LA_2.5","MARKERING_PIJL_COMBI_RD_LA_2.5",""
"http://digitalbuildingdata.tech/nlcs/def/94ddc8aa-6d41-44da-8a8c-a374be639593","MARKERING","SVW","V","1842","V-SVW-MARKERING_PIJL_COMBI_RA_RA_7.5","MARKERING_PIJL_COMBI_RA_RA_7.5",""
"http://digitalbuildingdata.tech/nlcs/def/457bf1dd-e070-4fd3-9038-72923d553852","MARKERING","SVW","V","1843","V-SVW-MARKERING_PIJL_COMBI_LA_LA_7.5","MARKERING_PIJL_COMBI_LA_LA_7.5",""
"http://digitalbuildingdata.tech/nlcs/def/8b89ad75-5099-4f08-aa86-5c1ffba5a19e","MARKERING","SVW","V","1844","V-SVW-MARKERING_PIJL_COMBI_RA_HAMERKOP_7.5","MARKERING_PIJL_COMBI_RA_HAMERKOP_7.5",""
"http://digitalbuildingdata.tech/nlcs/def/86e26925-d6d5-43e0-8303-495aecf66269","MARKERING","SVW","V","1845","V-SVW-MARKERING_PIJL_COMBI_RA_HAMERKOP_5.0","MARKERING_PIJL_COMBI_RA_HAMERKOP_5.0",""
"http://digitalbuildingdata.tech/nlcs/def/9ef56723-e1f1-4d9d-9a24-a6882d50c30c","MARKERING","SVW","V","1846","V-SVW-MARKERING_PIJL_COMBI_LA_HAMERKOP_7.5","MARKERING_PIJL_COMBI_LA_HAMERKOP_7.5",""
"http://digitalbuildingdata.tech/nlcs/def/30e27db8-a2ce-4ac5-8d97-6f7278663222","MARKERING","SVW","V","1847","V-SVW-MARKERING_PIJL_COMBI_LA_HAMERKOP_5.0","MARKERING_PIJL_COMBI_LA_HAMERKOP_5.0",""
"http://digitalbuildingdata.tech/nlcs/def/ceed1894-09c3-45f9-9f92-7c3bb826dc8f","MARKERING","SVW","V","1848","V-SVW-MARKERING_PIJL_COMBI_RA_BRUG_7.5","MARKERING_PIJL_COMBI_RA_BRUG_7.5",""
"http://digitalbuildingdata.tech/nlcs/def/4ee0d587-b180-4c2f-b699-642061f39591","MARKERING","SVW","V","1849","V-SVW-MARKERING_PIJL_COMBI_RA_BRUG_5.0","MARKERING_PIJL_COMBI_RA_BRUG_5.0",""
"http://digitalbuildingdata.tech/nlcs/def/6465b6d3-cd5b-485f-9893-b5c2673646ef","MARKERING","SVW","V","1850","V-SVW-MARKERING_PIJL_COMBI_LA_BRUG_7.5","MARKERING_PIJL_COMBI_LA_BRUG_7.5",""
"http://digitalbuildingdata.tech/nlcs/def/4b075114-c556-40fc-81e7-9fa8bbabb808","MARKERING","SVW","V","1851","V-SVW-MARKERING_PIJL_COMBI_LA_BRUG_5.0","MARKERING_PIJL_COMBI_LA_BRUG_5.0",""
"http://digitalbuildingdata.tech/nlcs/def/c09085d3-ae72-46be-a77d-07b7f0a80caf","MARKERING","SVW","V","1852","V-SVW-MARKERING_PIJL_COMBI_RA_RA_BRUG_7.5","MARKERING_PIJL_COMBI_RA_RA_BRUG_7.5",""
"http://digitalbuildingdata.tech/nlcs/def/3ad0a75e-e263-40f1-a7a8-bc82b2ddc990","MARKERING","SVW","V","1853","V-SVW-MARKERING_PIJL_COMBI_LA_LA_BRUG_7.5","MARKERING_PIJL_COMBI_LA_LA_BRUG_7.5",""
"http://digitalbuildingdata.tech/nlcs/def/91e42fa9-0daa-4f50-994d-833c90c7cce7","MARKERING","SVW","V","1854","V-SVW-MARKERING_PIJL_COMBI_RA_TUNNEL_7.5","MARKERING_PIJL_COMBI_RA_TUNNEL_7.5",""
"http://digitalbuildingdata.tech/nlcs/def/e80e6c02-41e4-4654-ad95-2442aa43b075","MARKERING","SVW","V","1855","V-SVW-MARKERING_PIJL_COMBI_RA_TUNNEL_5.0","MARKERING_PIJL_COMBI_RA_TUNNEL_5.0",""
"http://digitalbuildingdata.tech/nlcs/def/f50d1a90-f0b4-44a1-acf7-c07342cb5ad6","MARKERING","SVW","V","1856","V-SVW-MARKERING_PIJL_COMBI_LA_TUNNEL_7.5","MARKERING_PIJL_COMBI_LA_TUNNEL_7.5",""
"http://digitalbuildingdata.tech/nlcs/def/b9092d63-0801-4600-aa11-1e562eb6a7a1","MARKERING","SVW","V","1857","V-SVW-MARKERING_PIJL_COMBI_LA_TUNNEL_5.0","MARKERING_PIJL_COMBI_LA_TUNNEL_5.0",""
"http://digitalbuildingdata.tech/nlcs/def/6d936689-79cb-4536-b408-60a4f478e7f7","MARKERING","SVW","V","1858","V-SVW-MARKERING_PIJL_COMBI_RA_RA_TUNNEL_7.5","MARKERING_PIJL_COMBI_RA_RA_TUNNEL_7.5",""
"http://digitalbuildingdata.tech/nlcs/def/442214c9-498b-4823-8fbf-4b798d207145","MARKERING","SVW","V","1859","V-SVW-MARKERING_PIJL_COMBI_LA_LA_TUNNEL_7.5","MARKERING_PIJL_COMBI_LA_LA_TUNNEL_7.5",""
"http://digitalbuildingdata.tech/nlcs/def/298d7b05-e2b3-4946-862f-99c94dea9e8e","MARKERING","SVW","V","1860","V-SVW-MARKERING_PIJL_COMBI_RD_RA_LA_7.5","MARKERING_PIJL_COMBI_RD_RA_LA_7.5",""
"http://digitalbuildingdata.tech/nlcs/def/1502e2ab-23ec-4ee5-9a66-b6ccc6de33c1","MARKERING","SVW","V","1861","V-SVW-MARKERING_PIJL_COMBI_RD_RA_LA_5.0","MARKERING_PIJL_COMBI_RD_RA_LA_5.0",""
"http://digitalbuildingdata.tech/nlcs/def/2ebe5514-edf4-467b-85ba-f346e1795957","MARKERING","SVW","V","1862","V-SVW-MARKERING_PIJL_COMBI_LA_RA_7.5","MARKERING_PIJL_COMBI_LA_RA_7.5",""
"http://digitalbuildingdata.tech/nlcs/def/ad59ce26-08cd-417f-8d9c-3986a31356bf","MARKERING","SVW","V","1863","V-SVW-MARKERING_PIJL_COMBI_LA_RA_5.0","MARKERING_PIJL_COMBI_LA_RA_5.0",""
"http://digitalbuildingdata.tech/nlcs/def/6b171ae6-21d5-4c1b-a1c6-62b3661cd0e4","MARKERING","SVW","V","1864","V-SVW-MARKERING_PIJL_GEBOGEN_7.5","MARKERING_PIJL_GEBOGEN_7.5",""
"http://digitalbuildingdata.tech/nlcs/def/c1d9df20-ed65-47a0-8c8c-68b94d7427b1","MARKERING","SVW","V","1865","V-SVW-MARKERING_PIJL_GEBOGEN_5.0","MARKERING_PIJL_GEBOGEN_5.0",""
"http://digitalbuildingdata.tech/nlcs/def/1d896562-e2e6-40c4-85a2-4732bd0b3601","MARKERING","SVW","V","1866","V-SVW-MARKERING_PIJL_VERDRIJF_LI_7.5","MARKERING_PIJL_VERDRIJF_LI_7.5",""
"http://digitalbuildingdata.tech/nlcs/def/f0ee638b-5b20-4af0-ba5f-a7da30d9d3b7","MARKERING","SVW","V","1867","V-SVW-MARKERING_PIJL_VERDRIJF_LI_5.0","MARKERING_PIJL_VERDRIJF_LI_5.0",""
"http://digitalbuildingdata.tech/nlcs/def/7c2d5847-f6ce-4efa-925e-d46f168212d7","MARKERING","SVW","V","1868","V-SVW-MARKERING_PIJL_VERDRIJF_RE_7.5","MARKERING_PIJL_VERDRIJF_RE_7.5",""
"http://digitalbuildingdata.tech/nlcs/def/5ac535e7-6566-419e-8cd2-110791bd82f3","MARKERING","SVW","V","1869","V-SVW-MARKERING_PIJL_VERDRIJF_RE_5.0","MARKERING_PIJL_VERDRIJF_RE_5.0",""
"http://digitalbuildingdata.tech/nlcs/def/438d8027-36fd-4410-bf03-1121a1beed2f","MARKERING","SVW","V","1870","V-SVW-MARKERING_PIJL_BAJONET_7.5","MARKERING_PIJL_BAJONET_7.5",""
"http://digitalbuildingdata.tech/nlcs/def/11e71a3f-cf09-451e-935b-0efd6c1be21f","MARKERING","SVW","V","1871","V-SVW-MARKERING_PIJL_BAJONET_5.0","MARKERING_PIJL_BAJONET_5.0",""
"http://digitalbuildingdata.tech/nlcs/def/0a146301-a560-464d-a841-db6b672656df","MARKERING","SVW","V","1872","V-SVW-MARKERING_PIJL_VISHAAK_7.5","MARKERING_PIJL_VISHAAK_7.5",""
"http://digitalbuildingdata.tech/nlcs/def/ba071763-ef14-4435-a2bb-f2567d063ed6","MARKERING","SVW","V","1873","V-SVW-MARKERING_PIJL_VISHAAK_5.0","MARKERING_PIJL_VISHAAK_5.0",""
"http://digitalbuildingdata.tech/nlcs/def/fc15847a-c5c1-40ec-8fd4-b0e3189f61a6","MARKERING","SVW","V","1874","V-SVW-MARKERING_PIJL_ANTISPOOK_7.5","MARKERING_PIJL_ANTISPOOK_7.5",""
"http://digitalbuildingdata.tech/nlcs/def/931017de-153e-4a62-af18-f6578ed43d87","MARKERING","SVW","V","1875","V-SVW-MARKERING_SYMBOOL_VOORWAARSCHUWINGSDRIEHOEK_8.0","MARKERING_SYMBOOL_VOORWAARSCHUWINGSDRIEHOEK_8.0",""
"http://digitalbuildingdata.tech/nlcs/def/c13eb1de-5463-4416-bb26-d9ea1076a188","MARKERING","SVW","V","1876","V-SVW-MARKERING_SYMBOOL_VOORWAARSCHUWINGSDRIEHOEK_4.0","MARKERING_SYMBOOL_VOORWAARSCHUWINGSDRIEHOEK_4.0",""
"http://digitalbuildingdata.tech/nlcs/def/fa3e1906-443e-42c3-b146-9db18ce68600","MARKERING","SVW","V","1877","V-SVW-MARKERING_SYMBOOL_VOORWAARSCHUWINGSDRIEHOEK_2.0","MARKERING_SYMBOOL_VOORWAARSCHUWINGSDRIEHOEK_2.0",""
"http://digitalbuildingdata.tech/nlcs/def/3a3bfff6-f18a-40bd-b789-e2de6bb58546","MARKERING","SVW","V","1878","V-SVW-MARKERING_SYMBOOL_FIETS_2.75","MARKERING_SYMBOOL_FIETS_2.75",""
"http://digitalbuildingdata.tech/nlcs/def/d53130ce-651d-4959-a2bc-a3c5e34885bf","MARKERING","SVW","V","1879","V-SVW-MARKERING_SYMBOOL_FIETS_2.0","MARKERING_SYMBOOL_FIETS_2.0",""
"http://digitalbuildingdata.tech/nlcs/def/68c732ec-16f9-44c9-8dee-d64aad1859cb","MARKERING","SVW","V","1880","V-SVW-MARKERING_SYMBOOL_FIETS_1.35","MARKERING_SYMBOOL_FIETS_1.35",""
"http://digitalbuildingdata.tech/nlcs/def/45c2dfa2-2d4c-4802-836b-bd16aac0d758","MARKERING","SVW","V","1881","V-SVW-MARKERING_SYMBOOL_STOP_4.0","MARKERING_SYMBOOL_STOP_4.0",""
"http://digitalbuildingdata.tech/nlcs/def/58180f7e-ebd6-4738-b2ad-bd2c85806f84","MARKERING","SVW","V","1882","V-SVW-MARKERING_SYMBOOL_STOP_1.6","MARKERING_SYMBOOL_STOP_1.6",""
"http://digitalbuildingdata.tech/nlcs/def/18bcdccc-49de-49b3-8efd-3930cbcacecd","MARKERING","SVW","V","1883","V-SVW-MARKERING_SYMBOOL_LIJNBUS_4.0","MARKERING_SYMBOOL_LIJNBUS_4.0",""
"http://digitalbuildingdata.tech/nlcs/def/d52a1df3-44c8-42a0-98b1-700ef0a9ac79","MARKERING","SVW","V","1884","V-SVW-MARKERING_SYMBOOL_LIJNBUS_1.6","MARKERING_SYMBOOL_LIJNBUS_1.6",""
"http://digitalbuildingdata.tech/nlcs/def/85aac093-891a-4969-a622-b2fbf38492ce","MARKERING","SVW","V","1885","V-SVW-MARKERING_SYMBOOL_BUS_4.0","MARKERING_SYMBOOL_BUS_4.0",""
"http://digitalbuildingdata.tech/nlcs/def/04ff06d6-c312-4baf-8e5d-dd82478297e6","MARKERING","SVW","V","1886","V-SVW-MARKERING_SYMBOOL_BUS_1.6","MARKERING_SYMBOOL_BUS_1.6",""
"http://digitalbuildingdata.tech/nlcs/def/62b17d29-69c4-471a-aec3-def7e04c7951","MARKERING","SVW","V","1887","V-SVW-MARKERING_SYMBOOL_TAXI_4.0","MARKERING_SYMBOOL_TAXI_4.0",""
"http://digitalbuildingdata.tech/nlcs/def/77012178-9679-4e48-9003-9677ad7dce3a","MARKERING","SVW","V","1888","V-SVW-MARKERING_SYMBOOL_TAXI_1.6","MARKERING_SYMBOOL_TAXI_1.6",""
"http://digitalbuildingdata.tech/nlcs/def/ce1d6e0c-b8d4-43b4-b654-344a68a93107","MARKERING","SVW","V","1889","V-SVW-MARKERING_SYMBOOL_50_4.0","MARKERING_SYMBOOL_50_4.0",""
"http://digitalbuildingdata.tech/nlcs/def/6e368176-9833-4482-8beb-9154d27b4e8e","MARKERING","SVW","V","1890","V-SVW-MARKERING_SYMBOOL_50_1.6","MARKERING_SYMBOOL_50_1.6",""
"http://digitalbuildingdata.tech/nlcs/def/fbe6c601-dd41-4ab4-8714-33c2d5cb2b11","MARKERING","SVW","V","1891","V-SVW-MARKERING_SYMBOOL_70_4.0","MARKERING_SYMBOOL_70_4.0",""
"http://digitalbuildingdata.tech/nlcs/def/0efe9641-3d21-492e-8ec9-51936a32dc23","MARKERING","SVW","V","1892","V-SVW-MARKERING_SYMBOOL_70_1.6","MARKERING_SYMBOOL_70_1.6",""
"http://digitalbuildingdata.tech/nlcs/def/ba8b04a8-1f61-4ef1-a979-36de0d00742e","MARKERING","SVW","V","1893","V-SVW-MARKERING_SYMBOOL_ZONE_4.0","MARKERING_SYMBOOL_ZONE_4.0",""
"http://digitalbuildingdata.tech/nlcs/def/ede77633-9793-45a1-8494-025ed04c5283","MARKERING","SVW","V","1894","V-SVW-MARKERING_SYMBOOL_ZONE_1.6","MARKERING_SYMBOOL_ZONE_1.6",""
"http://digitalbuildingdata.tech/nlcs/def/21284fa4-73d4-4622-87ce-5ff7613dbd07","MARKERING","SVW","V","1895","V-SVW-MARKERING_SYMBOOL_30_1.6","MARKERING_SYMBOOL_30_1.6",""
"http://digitalbuildingdata.tech/nlcs/def/b3ce23f2-0b39-4f79-bab0-a35369c256d0","MARKERING","SVW","V","1896","V-SVW-MARKERING_SYMBOOL_60_1.6","MARKERING_SYMBOOL_60_1.6",""
"http://digitalbuildingdata.tech/nlcs/def/aa7d3a0a-88ed-4a0f-9b01-e7d9e12d7864","MARKERING","SVW","V","1897","V-SVW-MARKERING_STREEP_DRIEHOEK_030_030","MARKERING_STREEP_DRIEHOEK_030_030",""
"http://digitalbuildingdata.tech/nlcs/def/1da7cd2d-1099-4c2f-8997-eb236e74efcc","MARKERING","SVW","V","1898","V-SVW-MARKERING_STREEP_DRIEHOEK_050_050","MARKERING_STREEP_DRIEHOEK_050_050",""
"http://digitalbuildingdata.tech/nlcs/def/28feeaca-72da-428b-9857-125239f02c99","MARKERING","SVW","V","1899","V-SVW-MARKERING_STREEP_DRIEHOEK_050_070","MARKERING_STREEP_DRIEHOEK_050_070",""
"http://digitalbuildingdata.tech/nlcs/def/7887b9f7-e6d7-49ee-a48d-478445b84f78","MARKERING","SVW","V","1900","V-SVW-MARKERING_STREEP_BLOK_050_050","MARKERING_STREEP_BLOK_050_050",""
"http://digitalbuildingdata.tech/nlcs/def/51b93ca5-3229-41ea-9c3b-ce61631a1d0f","MARKERING","SVW","V","1901","V-SVW-MARKERING_STREEP_BLOK_060_060","MARKERING_STREEP_BLOK_060_060",""
"http://digitalbuildingdata.tech/nlcs/def/55f46555-c888-408e-bdd0-8a93dfcc3016","MARKERING","SVW","","2562","SVW-MARKERING_STREEP_DRIEHOEK_030_030","MARKERING_STREEP_DRIEHOEK_030_030",""
"http://digitalbuildingdata.tech/nlcs/def/699e039d-30d4-4ef9-bf7d-2407eb392f66","BEWEGWIJZERING","SVW","","2564","SVW-BEWEGWIJZERING_DRAAGCONSTRUCTIE_PORTAAL_ANWB","BEWEGWIJZERING_DRAAGCONSTRUCTIE_PORTAAL_ANWB",""
"http://digitalbuildingdata.tech/nlcs/def/457a234a-3530-4900-8503-efe904cd6efb","BEWEGWIJZERING","SVW","","2565","SVW-BEWEGWIJZERING_DRAAGCONSTRUCTIE_PORTAAL_COMBI","BEWEGWIJZERING_DRAAGCONSTRUCTIE_PORTAAL_COMBI",""
"http://digitalbuildingdata.tech/nlcs/def/28d03157-19b2-4ce0-a323-6367271082a6","BEWEGWIJZERING","SVW","","2566","SVW-BEWEGWIJZERING_DRAAGCONSTRUCTIE_PORTAAL_HULP","BEWEGWIJZERING_DRAAGCONSTRUCTIE_PORTAAL_HULP",""
"http://digitalbuildingdata.tech/nlcs/def/bfbe1beb-5742-46ae-a1af-fdf96ff8375e","BEWEGWIJZERING","SVW","","2567","SVW-BEWEGWIJZERING_DRAAGCONSTRUCTIE_PORTAAL_SIGNALERING","BEWEGWIJZERING_DRAAGCONSTRUCTIE_PORTAAL_SIGNALERING",""
"http://digitalbuildingdata.tech/nlcs/def/220fcf3d-49b9-4e15-9442-84c74207b467","VERKEERSTEKEN","SVW","","2579","SVW-VERKEERSTEKEN_BORD_ANWB-SO","VERKEERSTEKEN_BORD_ANWB","SO"
"http://digitalbuildingdata.tech/nlcs/def/23282a86-cd85-4f9b-8d20-d92a0c603561","VERKEERSTEKEN","SVW","","2580","SVW-VERKEERSTEKEN_BORD_ANWB_ENKEL-SO","VERKEERSTEKEN_BORD_ANWB_ENKEL","SO"
"http://digitalbuildingdata.tech/nlcs/def/4ada2950-b433-4ce2-9582-1cb1fe723bc0","VERKEERSTEKEN","SVW","","2581","SVW-VERKEERSTEKEN_BORD_PIJLBAK-SO","VERKEERSTEKEN_BORD_PIJLBAK","SO"
"http://digitalbuildingdata.tech/nlcs/def/f0eeb827-bb2e-4b1e-bb1c-991aea276631","VERKEERSTEKEN","SVW","","2582","SVW-VERKEERSTEKEN_DRAAGCONSTRUCTIE_MAST-SO","VERKEERSTEKEN_DRAAGCONSTRUCTIE_MAST","SO"
"http://digitalbuildingdata.tech/nlcs/def/2f355d6e-37c0-487e-9249-a50441aedd79","VERKEERSTEKEN","SVW","","2583","SVW-VERKEERSTEKEN_DRAAGCONSTRUCTIE_MAST_COMBI-SO","VERKEERSTEKEN_DRAAGCONSTRUCTIE_MAST_COMBI","SO"
"http://digitalbuildingdata.tech/nlcs/def/4a0da51e-d797-4e97-870a-8b7141de45d1","VERKEERSTEKEN","SVW","","2584","SVW-VERKEERSTEKEN_DRAAGCONSTRUCTIE_PORTAAL_PANEELDUBBELERICHTING-SO","VERKEERSTEKEN_DRAAGCONSTRUCTIE_PORTAAL_PANEELDUBBELERICHTING","SO"
"http://digitalbuildingdata.tech/nlcs/def/db9413a0-0605-478c-8164-4145b305afd4","VERKEERSTEKEN","SVW","","2585","SVW-VERKEERSTEKEN_DRAAGCONSTRUCTIE_PORTAAL_PANEELENKELERICHTING-SO","VERKEERSTEKEN_DRAAGCONSTRUCTIE_PORTAAL_PANEELENKELERICHTING","SO"
"http://digitalbuildingdata.tech/nlcs/def/2c61d232-8702-419f-b417-cdd30e7be86a","VERKEERSTEKEN","SVW","","2586","SVW-VERKEERSTEKEN_DRAAGCONSTRUCTIE_UITHOUDER_TWEEZIJDIG-SO","VERKEERSTEKEN_DRAAGCONSTRUCTIE_UITHOUDER_TWEEZIJDIG","SO"
"http://digitalbuildingdata.tech/nlcs/def/6d99e9dc-abaa-4b5a-92b6-5c4dc6a27e83","VERKEERSTEKEN","SVW","","2587","SVW-VERKEERSTEKEN_DRAAGCONSTRUCTIE_VERKEERSBORD_VERLICHTING-SO","VERKEERSTEKEN_DRAAGCONSTRUCTIE_VERKEERSBORD_VERLICHTING","SO"
"http://digitalbuildingdata.tech/nlcs/def/e01cc381-ef28-47e3-a3d3-044d18f5d8f7","VERKEERSTEKEN","SVW","","2588","SVW-VERKEERSTEKEN_VERKEERSZUIL-SO","VERKEERSTEKEN_VERKEERSZUIL","SO"
"http://digitalbuildingdata.tech/nlcs/def/e5c45522-90ea-456f-88c1-57cac33a7bc4","MARKERING","SVW","","2729","SVW-MARKERING_SYMBOOL_SCHOOLZONE_0.8","MARKERING_SYMBOOL_SCHOOLZONE_0.8",""
"http://digitalbuildingdata.tech/nlcs/def/c8b31b09-bdcf-487d-a3cb-fcff3c031b0c","MARKERING","SVW","","2730","SVW-MARKERING_SYMBOOL_SCHOOLZONE_1.6","MARKERING_SYMBOOL_SCHOOLZONE_1.6",""
"http://digitalbuildingdata.tech/nlcs/def/47ce3cb7-5e6b-4627-aade-d87164bf66ff","MARKERING","SVW","","2731","SVW-MARKERING_SYMBOOL_SCHOOLZONE_EINDE_0.8","MARKERING_SYMBOOL_SCHOOLZONE_EINDE_0.8",""
"http://digitalbuildingdata.tech/nlcs/def/59d38947-8ff6-4019-855a-84712c506b78","MARKERING","SVW","V","2741","V-SVW-MARKERING_SYMBOOL_SCHOOLZONE_0.8","MARKERING_SYMBOOL_SCHOOLZONE_0.8",""
"http://digitalbuildingdata.tech/nlcs/def/8a6059ac-e9c5-4b93-b2b9-15ebf0d90075","MARKERING","SVW","V","2742","V-SVW-MARKERING_SYMBOOL_SCHOOLZONE_1.6","MARKERING_SYMBOOL_SCHOOLZONE_1.6",""
"http://digitalbuildingdata.tech/nlcs/def/a5926a42-5e60-40ab-9293-db78a6da5ded","MARKERING","SVW","V","2743","V-SVW-MARKERING_SYMBOOL_SCHOOLZONE_EINDE_0.8","MARKERING_SYMBOOL_SCHOOLZONE_EINDE_0.8",""
"http://digitalbuildingdata.tech/nlcs/def/98357561-a4cc-4903-b9ad-fd7468d4e2c8","MARKERING","SVW","","2903","SVW-MARKERING_PIJL_ROTONDE_LA_6.80","MARKERING_PIJL_ROTONDE_LA_6.80",""
"http://digitalbuildingdata.tech/nlcs/def/a7a4e0c8-4807-4765-af74-038688de8de4","MARKERING","SVW","","2904","SVW-MARKERING_PIJL_ROTONDE_RA_6.80","MARKERING_PIJL_ROTONDE_RA_6.80",""
"http://digitalbuildingdata.tech/nlcs/def/50484139-99cb-482e-be1c-b621527fd4f6","MARKERING","SVW","","2905","SVW-MARKERING_PIJL_ROTONDE_RD_6.80","MARKERING_PIJL_ROTONDE_RD_6.80",""
"http://digitalbuildingdata.tech/nlcs/def/a0cc2268-e261-4d68-bd5d-a5310b85cc00","MARKERING","SVW","","2906","SVW-MARKERING_PIJL_ROTONDE_RD_BP_6.80","MARKERING_PIJL_ROTONDE_RD_BP_6.80",""
"http://digitalbuildingdata.tech/nlcs/def/31705524-005e-403d-a9b7-e920d060ff36","MARKERING","SVW","","2907","SVW-MARKERING_PIJL_ROTONDE_RD_LA_6.80","MARKERING_PIJL_ROTONDE_RD_LA_6.80",""
"http://digitalbuildingdata.tech/nlcs/def/6920aca5-5978-4ccd-bc35-098a02bff670","MARKERING","SVW","","2908","SVW-MARKERING_PIJL_ROTONDE_RD_RA_6.80","MARKERING_PIJL_ROTONDE_RD_RA_6.80",""
"http://digitalbuildingdata.tech/nlcs/def/9c37a2b0-fe22-471c-ba59-a72b85698db0","MARKERING","SVW","","2909","SVW-MARKERING_PIJL_ROTONDE_RD_RA_LA_6.80","MARKERING_PIJL_ROTONDE_RD_RA_LA_6.80",""
"http://digitalbuildingdata.tech/nlcs/def/0e4395cd-4925-4944-9b4f-8e5c4f0d7075","MARKERING","SVW","V","2917","V-SVW-MARKERING_PIJL_ROTONDE_LA_6.80","MARKERING_PIJL_ROTONDE_LA_6.80",""
"http://digitalbuildingdata.tech/nlcs/def/95a16d2e-ea66-4b55-9b00-a89f8c1635b7","MARKERING","SVW","V","2918","V-SVW-MARKERING_PIJL_ROTONDE_RA_6.80","MARKERING_PIJL_ROTONDE_RA_6.80",""
"http://digitalbuildingdata.tech/nlcs/def/ea415e16-11dd-426b-9406-b552ae26e1e8","MARKERING","SVW","V","2919","V-SVW-MARKERING_PIJL_ROTONDE_RD_6.80","MARKERING_PIJL_ROTONDE_RD_6.80",""
"http://digitalbuildingdata.tech/nlcs/def/573a2474-49d3-4642-aa96-53acaf58a277","MARKERING","SVW","V","2920","V-SVW-MARKERING_PIJL_ROTONDE_RD_BP_6.80","MARKERING_PIJL_ROTONDE_RD_BP_6.80",""
"http://digitalbuildingdata.tech/nlcs/def/7ef0c678-f6da-48de-a640-c24a3372c6dc","MARKERING","SVW","V","2921","V-SVW-MARKERING_PIJL_ROTONDE_RD_LA_6.80","MARKERING_PIJL_ROTONDE_RD_LA_6.80",""
"http://digitalbuildingdata.tech/nlcs/def/40c2f98d-7f4b-455e-bdbe-92b296185048","MARKERING","SVW","V","2922","V-SVW-MARKERING_PIJL_ROTONDE_RD_RA_6.80","MARKERING_PIJL_ROTONDE_RD_RA_6.80",""
"http://digitalbuildingdata.tech/nlcs/def/6ad7ce3b-4ee3-4f88-8a71-3097d271b2cb","MARKERING","SVW","V","2923","V-SVW-MARKERING_PIJL_ROTONDE_RD_RA_LA_6.80","MARKERING_PIJL_ROTONDE_RD_RA_LA_6.80",""
"http://digitalbuildingdata.tech/nlcs/def/cc0a709a-d09e-4054-833f-7a1313563316","POLLER","SVW","","2968","SVW-POLLER-SO","POLLER","SO"
"http://digitalbuildingdata.tech/nlcs/def/95953a67-d3c9-4345-b58d-8e098e861e34","POLLER","SVW","","2969","SVW-POLLER_BEWEEGBAAR-SO","POLLER_BEWEEGBAAR","SO"
"http://digitalbuildingdata.tech/nlcs/def/f89a26df-48c5-4e40-bb27-ffbe9fbb5c60","POLLER","SVW","","2970","SVW-POLLER_SCANPAAL-SO","POLLER_SCANPAAL","SO"
"http://digitalbuildingdata.tech/nlcs/def/55332697-8ad6-4f4b-aec7-7a19587152b6","POLLER","SVW","","2971","SVW-POLLER_VAST-SO","POLLER_VAST","SO"
"http://digitalbuildingdata.tech/nlcs/def/d2aa32eb-7f3e-449b-a0f9-9170a79b6b23","VERKEERSTEKEN","SVW","","2972","SVW-VERKEERSTEKEN_TRAMSIGNALERING-SO","VERKEERSTEKEN_TRAMSIGNALERING","SO"
"http://digitalbuildingdata.tech/nlcs/def/3b29602d-23d8-4fff-be88-cdaae79934cc","VERKEERSTEKEN","SVW","V","2976","V-SVW-VERKEERSTEKEN_TRAMSIGNALERING-SO","VERKEERSTEKEN_TRAMSIGNALERING","SO"
"http://digitalbuildingdata.tech/nlcs/def/bb01c71d-12b2-462a-9b76-403eeab909b7","AFSLUITPAAL","SVW","","3294","SVW-AFSLUITPAAL-SO","AFSLUITPAAL","SO"
"http://digitalbuildingdata.tech/nlcs/def/4024efa0-74a7-4bd6-983b-150d7f66d8d5","BEWEGWIJZERING","SVW","","3295","SVW-BEWEGWIJZERING-SO","BEWEGWIJZERING","SO"
"http://digitalbuildingdata.tech/nlcs/def/68d29f07-da9d-4013-9a4a-de7f7d515cc9","HALTEPAAL","SVW","","3296","SVW-HALTEPAAL-SO","HALTEPAAL","SO"
"http://digitalbuildingdata.tech/nlcs/def/f85cf884-6929-4e52-a1dd-af7face65e4a","HECTOMETERPAAL","SVW","","3297","SVW-HECTOMETERPAAL-SO","HECTOMETERPAAL","SO"
"http://digitalbuildingdata.tech/nlcs/def/859c71ee-5234-4a5f-b853-63efdc952ad3","VERKEERSSPIEGEL","SVW","","3302","SVW-VERKEERSSPIEGEL-SO","VERKEERSSPIEGEL","SO"
"http://digitalbuildingdata.tech/nlcs/def/698f4854-ffe9-458f-9a72-7755927857ae","VERKEERSSPIEGEL","SVW","","3303","SVW-VERKEERSSPIEGEL_DRAAGCONSTRUCTIE-SO","VERKEERSSPIEGEL_DRAAGCONSTRUCTIE","SO"
"http://digitalbuildingdata.tech/nlcs/def/e33d222d-70bb-492a-abb1-abfd734b3237","VERKEERSTEKEN","SVW","","3304","SVW-VERKEERSTEKEN_BORD_INFORMATIE-SO","VERKEERSTEKEN_BORD_INFORMATIE","SO"
"http://digitalbuildingdata.tech/nlcs/def/3c1989e5-33a6-4aaa-bb8b-fdd3fd99859c","VERKEERSTEKEN","SVW","","3306","SVW-VERKEERSTEKEN_BORD_STRAATNAAM-SO","VERKEERSTEKEN_BORD_STRAATNAAM","SO"
"http://digitalbuildingdata.tech/nlcs/def/2bf24aa5-5f47-48dc-9b18-61c23d26d78f","MARKERING","SVW","","4069","SVW-MARKERING_SYMBOOL_60_4.0","MARKERING_SYMBOOL_60_4.0",""
"http://digitalbuildingdata.tech/nlcs/def/8bda0e05-1020-4581-a598-f3fc85ce7217","MARKERING","SVW","V","4070","V-SVW-MARKERING_SYMBOOL_60_4.0","MARKERING_SYMBOOL_60_4.0",""
"http://digitalbuildingdata.tech/nlcs/def/107f76e0-0781-4f02-bfb2-4cb06b7ec35a","MARKERING","SVW","","4071","SVW-MARKERING_SYMBOOL_SCHOOLZONE_EINDE_1.6","MARKERING_SYMBOOL_SCHOOLZONE_EINDE_1.6",""
"http://digitalbuildingdata.tech/nlcs/def/fc70686c-3b82-42b6-8342-931365b60ffb","MARKERING","SVW","V","4072","V-SVW-MARKERING_SYMBOOL_SCHOOLZONE_EINDE_1.6","MARKERING_SYMBOOL_SCHOOLZONE_EINDE_1.6",""
"http://digitalbuildingdata.tech/nlcs/def/bdddad35-fb62-49d1-8f42-40e267cd52e0","VERKEERSSPIEGEL","SVW","V","4085","V-SVW-VERKEERSSPIEGEL-SO","VERKEERSSPIEGEL","SO"
"http://digitalbuildingdata.tech/nlcs/def/94750920-be8f-4f7c-8cd1-298d52ed05b3","VERKEERSSPIEGEL","SVW","V","4086","V-SVW-VERKEERSSPIEGEL_DRAAGCONSTRUCTIE-SO","VERKEERSSPIEGEL_DRAAGCONSTRUCTIE","SO"
"http://digitalbuildingdata.tech/nlcs/def/cb2f53a7-2748-4f0c-9a13-32aa3a81b53d","VERKEERSTEKEN","SVW","V","4087","V-SVW-VERKEERSTEKEN_BORD_ANWB-SO","VERKEERSTEKEN_BORD_ANWB","SO"
"http://digitalbuildingdata.tech/nlcs/def/55d3a28d-fba4-4d09-b2d3-f0e36e76668c","VERKEERSTEKEN","SVW","V","4088","V-SVW-VERKEERSTEKEN_BORD_ANWB_ENKEL-SO","VERKEERSTEKEN_BORD_ANWB_ENKEL","SO"
"http://digitalbuildingdata.tech/nlcs/def/7f1c3a99-364e-4184-8406-c0d1e443d5a3","VERKEERSTEKEN","SVW","V","4089","V-SVW-VERKEERSTEKEN_BORD_INFORMATIE-SO","VERKEERSTEKEN_BORD_INFORMATIE","SO"
"http://digitalbuildingdata.tech/nlcs/def/6055e50f-6ac1-43e0-a350-a0b7842516a7","VERKEERSTEKEN","SVW","V","4090","V-SVW-VERKEERSTEKEN_BORD_PIJLBAK-SO","VERKEERSTEKEN_BORD_PIJLBAK","SO"
"http://digitalbuildingdata.tech/nlcs/def/c683ea6b-5428-4dbe-a3cf-daf055475980","VERKEERSTEKEN","SVW","V","4092","V-SVW-VERKEERSTEKEN_BORD_STRAATNAAM-SO","VERKEERSTEKEN_BORD_STRAATNAAM","SO"
"http://digitalbuildingdata.tech/nlcs/def/3dd51305-af70-481c-900a-3a6e0537a1ef","VERKEERSTEKEN","SVW","V","4093","V-SVW-VERKEERSTEKEN_DRAAGCONSTRUCTIE_MAST-SO","VERKEERSTEKEN_DRAAGCONSTRUCTIE_MAST","SO"
"http://digitalbuildingdata.tech/nlcs/def/e0ac7256-97f7-423f-bceb-c6a3bbdbc124","VERKEERSTEKEN","SVW","V","4094","V-SVW-VERKEERSTEKEN_DRAAGCONSTRUCTIE_MAST_COMBI-SO","VERKEERSTEKEN_DRAAGCONSTRUCTIE_MAST_COMBI","SO"
"http://digitalbuildingdata.tech/nlcs/def/2c21a475-eec4-4267-abd3-7fe7c58ebf42","VERKEERSTEKEN","SVW","V","4095","V-SVW-VERKEERSTEKEN_DRAAGCONSTRUCTIE_PORTAAL_PANEELDUBBELERICHTING-SO","VERKEERSTEKEN_DRAAGCONSTRUCTIE_PORTAAL_PANEELDUBBELERICHTING","SO"
"http://digitalbuildingdata.tech/nlcs/def/2951d754-6620-4fa5-8a83-b9cfdd9bb829","VERKEERSTEKEN","SVW","V","4096","V-SVW-VERKEERSTEKEN_DRAAGCONSTRUCTIE_PORTAAL_PANEELENKELERICHTING-SO","VERKEERSTEKEN_DRAAGCONSTRUCTIE_PORTAAL_PANEELENKELERICHTING","SO"
"http://digitalbuildingdata.tech/nlcs/def/527f39d1-0c47-4992-bc02-4a9611c55d69","VERKEERSTEKEN","SVW","V","4097","V-SVW-VERKEERSTEKEN_DRAAGCONSTRUCTIE_UITHOUDER_TWEEZIJDIG-SO","VERKEERSTEKEN_DRAAGCONSTRUCTIE_UITHOUDER_TWEEZIJDIG","SO"
"http://digitalbuildingdata.tech/nlcs/def/4fa57880-5642-470f-baf1-360a54e50d79","VERKEERSTEKEN","SVW","V","4098","V-SVW-VERKEERSTEKEN_DRAAGCONSTRUCTIE_VERKEERSBORD_VERLICHTING-SO","VERKEERSTEKEN_DRAAGCONSTRUCTIE_VERKEERSBORD_VERLICHTING","SO"
"http://digitalbuildingdata.tech/nlcs/def/cd8ee22e-49ad-44c2-a620-9ba54d008f00","VERKEERSTEKEN","SVW","V","4099","V-SVW-VERKEERSTEKEN_VERKEERSZUIL-SO","VERKEERSTEKEN_VERKEERSZUIL","SO"
"http://digitalbuildingdata.tech/nlcs/def/a8680a10-1064-4229-bf6d-1e5fbb10e785","VERKEERSTEKEN","SVW","B","9231","B-SVW-VERKEERSTEKEN_BORD_A01_015-SO","VERKEERSTEKEN_BORD_A01_015","SO"
"http://digitalbuildingdata.tech/nlcs/def/eb933833-d115-4edc-aad0-d16cc2883f05","VERKEERSTEKEN","SVW","B","9233","B-SVW-VERKEERSTEKEN_BORD_A01_030_F-SO","VERKEERSTEKEN_BORD_A01_030_F","SO"
"http://digitalbuildingdata.tech/nlcs/def/3cbef3c4-fabf-49ad-a3b8-7fb95794458f","VERKEERSTEKEN","SVW","B","9237","B-SVW-VERKEERSTEKEN_BORD_A01_050-SO","VERKEERSTEKEN_BORD_A01_050","SO"
"http://digitalbuildingdata.tech/nlcs/def/91a13a0b-aeb7-4c34-8ec7-8f7ff1db328d","VERKEERSTEKEN","SVW","B","9238","B-SVW-VERKEERSTEKEN_BORD_A01_050_F-SO","VERKEERSTEKEN_BORD_A01_050_F","SO"
"http://digitalbuildingdata.tech/nlcs/def/328c65fc-1f52-4fff-a083-195e3f5874af","VERKEERSTEKEN","SVW","B","9239","B-SVW-VERKEERSTEKEN_BORD_A01_050_S-SO","VERKEERSTEKEN_BORD_A01_050_S","SO"
"http://digitalbuildingdata.tech/nlcs/def/fea2be1c-c343-46f6-b90c-5b1abaa2b28d","VERKEERSTEKEN","SVW","B","9240","B-SVW-VERKEERSTEKEN_BORD_A01_050_ZB-SO","VERKEERSTEKEN_BORD_A01_050_ZSO","SO"
"http://digitalbuildingdata.tech/nlcs/def/1f221c0d-d16e-4abe-a4bb-e651b93314ab","VERKEERSTEKEN","SVW","B","9241","B-SVW-VERKEERSTEKEN_BORD_A01_050_ZH-SO","VERKEERSTEKEN_BORD_A01_050_ZH","SO"
"http://digitalbuildingdata.tech/nlcs/def/ccedc2bf-00d5-42ac-9b2d-75f891b0dbed","VERKEERSTEKEN","SVW","B","9242","B-SVW-VERKEERSTEKEN_BORD_A01_060-SO","VERKEERSTEKEN_BORD_A01_060","SO"
"http://digitalbuildingdata.tech/nlcs/def/a7b2a53e-fb57-4fb7-881a-d39657f65490","VERKEERSTEKEN","SVW","B","9243","B-SVW-VERKEERSTEKEN_BORD_A01_060_F-SO","VERKEERSTEKEN_BORD_A01_060_F","SO"
"http://digitalbuildingdata.tech/nlcs/def/ed484a81-481a-4560-8db5-6e34d12f1b3c","VERKEERSTEKEN","SVW","B","9244","B-SVW-VERKEERSTEKEN_BORD_A01_060_S-SO","VERKEERSTEKEN_BORD_A01_060_S","SO"
"http://digitalbuildingdata.tech/nlcs/def/ca4fdb47-d6fc-4c72-aee8-9b8f0845c1cd","VERKEERSTEKEN","SVW","B","9245","B-SVW-VERKEERSTEKEN_BORD_A01_060_ZB-SO","VERKEERSTEKEN_BORD_A01_060_ZSO","SO"
"http://digitalbuildingdata.tech/nlcs/def/b6e4dd79-daac-4c03-adbb-2c629bb38679","VERKEERSTEKEN","SVW","B","9246","B-SVW-VERKEERSTEKEN_BORD_A01_060_ZH-SO","VERKEERSTEKEN_BORD_A01_060_ZH","SO"
"http://digitalbuildingdata.tech/nlcs/def/e4f63f99-bbeb-4508-962e-0b9ee433f9eb","VERKEERSTEKEN","SVW","B","9247","B-SVW-VERKEERSTEKEN_BORD_A01_070-SO","VERKEERSTEKEN_BORD_A01_070","SO"
"http://digitalbuildingdata.tech/nlcs/def/89d518be-65ea-4542-920f-0b96b2084a25","VERKEERSTEKEN","SVW","B","9248","B-SVW-VERKEERSTEKEN_BORD_A01_070_F-SO","VERKEERSTEKEN_BORD_A01_070_F","SO"
"http://digitalbuildingdata.tech/nlcs/def/f5ad366d-aab0-49c3-8280-e81fe4f7cc6b","VERKEERSTEKEN","SVW","B","9249","B-SVW-VERKEERSTEKEN_BORD_A01_070_S-SO","VERKEERSTEKEN_BORD_A01_070_S","SO"
"http://digitalbuildingdata.tech/nlcs/def/4a3254dc-e73a-43bd-a9d9-9d41b1ea5e2f","VERKEERSTEKEN","SVW","B","9250","B-SVW-VERKEERSTEKEN_BORD_A01_080-SO","VERKEERSTEKEN_BORD_A01_080","SO"
"http://digitalbuildingdata.tech/nlcs/def/98490206-34d1-47ba-a9da-7c057036881a","VERKEERSTEKEN","SVW","B","9251","B-SVW-VERKEERSTEKEN_BORD_A01_080_F-SO","VERKEERSTEKEN_BORD_A01_080_F","SO"
"http://digitalbuildingdata.tech/nlcs/def/a3cb3eb2-c74b-43e2-b70b-67e109408080","VERKEERSTEKEN","SVW","B","9252","B-SVW-VERKEERSTEKEN_BORD_A01_080_S-SO","VERKEERSTEKEN_BORD_A01_080_S","SO"
"http://digitalbuildingdata.tech/nlcs/def/9d22f1be-10f7-4748-84cb-e2fbfa677a7a","VERKEERSTEKEN","SVW","B","9253","B-SVW-VERKEERSTEKEN_BORD_A01_090-SO","VERKEERSTEKEN_BORD_A01_090","SO"
"http://digitalbuildingdata.tech/nlcs/def/f8eca12c-8b32-4da1-8258-07a05866a93d","VERKEERSTEKEN","SVW","B","9254","B-SVW-VERKEERSTEKEN_BORD_A01_090_F-SO","VERKEERSTEKEN_BORD_A01_090_F","SO"
"http://digitalbuildingdata.tech/nlcs/def/653d71b2-ebb5-45ff-9755-f954e8db077c","VERKEERSTEKEN","SVW","B","9255","B-SVW-VERKEERSTEKEN_BORD_A01_090_S-SO","VERKEERSTEKEN_BORD_A01_090_S","SO"
"http://digitalbuildingdata.tech/nlcs/def/31232079-981c-490b-b9c9-de6bcbd1a4c2","VERKEERSTEKEN","SVW","B","9256","B-SVW-VERKEERSTEKEN_BORD_A01_100-SO","VERKEERSTEKEN_BORD_A01_100","SO"
"http://digitalbuildingdata.tech/nlcs/def/25aa0b9d-0a3f-43b5-ac15-d6ac4c44c9ff","VERKEERSTEKEN","SVW","B","9257","B-SVW-VERKEERSTEKEN_BORD_A01_100_F-SO","VERKEERSTEKEN_BORD_A01_100_F","SO"
"http://digitalbuildingdata.tech/nlcs/def/3221a99f-110b-4775-8b7b-92efa1f90927","VERKEERSTEKEN","SVW","B","9258","B-SVW-VERKEERSTEKEN_BORD_A01_100_S-SO","VERKEERSTEKEN_BORD_A01_100_S","SO"
"http://digitalbuildingdata.tech/nlcs/def/16b2a985-4885-495a-af07-9837ce4429aa","VERKEERSTEKEN","SVW","B","9259","B-SVW-VERKEERSTEKEN_BORD_A01_100_S_TIJD-SO","VERKEERSTEKEN_BORD_A01_100_S_TIJD","SO"
"http://digitalbuildingdata.tech/nlcs/def/f0697613-871f-457e-8089-05268460a0cd","VERKEERSTEKEN","SVW","B","9260","B-SVW-VERKEERSTEKEN_BORD_A01_120-SO","VERKEERSTEKEN_BORD_A01_120","SO"
"http://digitalbuildingdata.tech/nlcs/def/390d19e4-d39a-410f-bbd4-70b8b386badd","VERKEERSTEKEN","SVW","B","9261","B-SVW-VERKEERSTEKEN_BORD_A01_120_F-SO","VERKEERSTEKEN_BORD_A01_120_F","SO"
"http://digitalbuildingdata.tech/nlcs/def/4d674a17-6981-4a27-8243-6920337f6f70","VERKEERSTEKEN","SVW","B","9262","B-SVW-VERKEERSTEKEN_BORD_A01_120_S-SO","VERKEERSTEKEN_BORD_A01_120_S","SO"
"http://digitalbuildingdata.tech/nlcs/def/fdc255c2-bce3-4dbe-b564-0a3dbd73f0c4","VERKEERSTEKEN","SVW","B","9263","B-SVW-VERKEERSTEKEN_BORD_A01_120_S_TIJD-SO","VERKEERSTEKEN_BORD_A01_120_S_TIJD","SO"
"http://digitalbuildingdata.tech/nlcs/def/50c526ed-4fde-4692-b4ed-22cab5049736","VERKEERSTEKEN","SVW","B","9264","B-SVW-VERKEERSTEKEN_BORD_A01_130-SO","VERKEERSTEKEN_BORD_A01_130","SO"
"http://digitalbuildingdata.tech/nlcs/def/e9c73794-2186-4cdd-aac5-7c369e19f385","VERKEERSTEKEN","SVW","B","9265","B-SVW-VERKEERSTEKEN_BORD_A01_130_F-SO","VERKEERSTEKEN_BORD_A01_130_F","SO"
"http://digitalbuildingdata.tech/nlcs/def/c19a7392-8b73-42fd-9101-a09d9404d3da","VERKEERSTEKEN","SVW","B","9266","B-SVW-VERKEERSTEKEN_BORD_A01_130_S-SO","VERKEERSTEKEN_BORD_A01_130_S","SO"
"http://digitalbuildingdata.tech/nlcs/def/06bb2b00-4276-4d6c-9135-abdc7cec81b1","VERKEERSTEKEN","SVW","B","9267","B-SVW-VERKEERSTEKEN_BORD_A01_130_S_TIJD-SO","VERKEERSTEKEN_BORD_A01_130_S_TIJD","SO"
"http://digitalbuildingdata.tech/nlcs/def/b74e1c5d-4efc-479f-b285-e0eed034ed98","VERKEERSTEKEN","SVW","B","9268","B-SVW-VERKEERSTEKEN_BORD_A02_015-SO","VERKEERSTEKEN_BORD_A02_015","SO"
"http://digitalbuildingdata.tech/nlcs/def/fbef089a-40f4-4cf4-9656-793ef52b27a8","VERKEERSTEKEN","SVW","B","9269","B-SVW-VERKEERSTEKEN_BORD_A02_030-SO","VERKEERSTEKEN_BORD_A02_030","SO"
"http://digitalbuildingdata.tech/nlcs/def/09cd1543-b3c9-4730-b77e-adb40b51dc5c","VERKEERSTEKEN","SVW","B","9270","B-SVW-VERKEERSTEKEN_BORD_A02_030_ZE-SO","VERKEERSTEKEN_BORD_A02_030_ZE","SO"
"http://digitalbuildingdata.tech/nlcs/def/96e84058-855a-4e90-985d-4fa5f0f22688","VERKEERSTEKEN","SVW","B","9271","B-SVW-VERKEERSTEKEN_BORD_A02_050-SO","VERKEERSTEKEN_BORD_A02_050","SO"
"http://digitalbuildingdata.tech/nlcs/def/3bb00864-df5d-49f8-b70b-1954ca22a5f9","VERKEERSTEKEN","SVW","B","9272","B-SVW-VERKEERSTEKEN_BORD_A02_050_ZE-SO","VERKEERSTEKEN_BORD_A02_050_ZE","SO"
"http://digitalbuildingdata.tech/nlcs/def/2782d7af-256e-4e30-87a4-ca558f4e15a5","VERKEERSTEKEN","SVW","B","9273","B-SVW-VERKEERSTEKEN_BORD_A02_060-SO","VERKEERSTEKEN_BORD_A02_060","SO"
"http://digitalbuildingdata.tech/nlcs/def/184b23c7-2ec9-4dae-8b86-508f614c5e36","VERKEERSTEKEN","SVW","B","9274","B-SVW-VERKEERSTEKEN_BORD_A02_060_ZE-SO","VERKEERSTEKEN_BORD_A02_060_ZE","SO"
"http://digitalbuildingdata.tech/nlcs/def/f5918f0d-e696-44a9-9c4c-0ed4049a530b","VERKEERSTEKEN","SVW","B","9275","B-SVW-VERKEERSTEKEN_BORD_A02_070-SO","VERKEERSTEKEN_BORD_A02_070","SO"
"http://digitalbuildingdata.tech/nlcs/def/c65ce7e3-5ae7-4bbe-8caf-b00894296841","VERKEERSTEKEN","SVW","B","9276","B-SVW-VERKEERSTEKEN_BORD_A02_080-SO","VERKEERSTEKEN_BORD_A02_080","SO"
"http://digitalbuildingdata.tech/nlcs/def/1e369bfd-5129-4f46-905d-1688375dfd0a","VERKEERSTEKEN","SVW","B","9277","B-SVW-VERKEERSTEKEN_BORD_A02_090-SO","VERKEERSTEKEN_BORD_A02_090","SO"
"http://digitalbuildingdata.tech/nlcs/def/0e265ed5-e945-4066-8d2d-f79925e3400c","VERKEERSTEKEN","SVW","B","9278","B-SVW-VERKEERSTEKEN_BORD_A02_100-SO","VERKEERSTEKEN_BORD_A02_100","SO"
"http://digitalbuildingdata.tech/nlcs/def/c7e33998-eb75-4d6b-9a30-95ee3a49c807","VERKEERSTEKEN","SVW","B","9279","B-SVW-VERKEERSTEKEN_BORD_A02_120-SO","VERKEERSTEKEN_BORD_A02_120","SO"
"http://digitalbuildingdata.tech/nlcs/def/08568692-61b7-4483-936b-029cd78313a6","VERKEERSTEKEN","SVW","B","9280","B-SVW-VERKEERSTEKEN_BORD_A02_130-SO","VERKEERSTEKEN_BORD_A02_130","SO"
"http://digitalbuildingdata.tech/nlcs/def/35935139-8c69-4677-a25c-2df04a390fa5","VERKEERSTEKEN","SVW","B","9281","B-SVW-VERKEERSTEKEN_BORD_A03_030-SO","VERKEERSTEKEN_BORD_A03_030","SO"
"http://digitalbuildingdata.tech/nlcs/def/c208ecf1-ecba-4e8b-bad0-b039486b059d","VERKEERSTEKEN","SVW","B","9282","B-SVW-VERKEERSTEKEN_BORD_A03_050-SO","VERKEERSTEKEN_BORD_A03_050","SO"
"http://digitalbuildingdata.tech/nlcs/def/5a400d23-ec54-4c30-a603-804ac11bfa40","VERKEERSTEKEN","SVW","B","9283","B-SVW-VERKEERSTEKEN_BORD_A03_070-SO","VERKEERSTEKEN_BORD_A03_070","SO"
"http://digitalbuildingdata.tech/nlcs/def/cca4e8a9-0191-4b5d-9e68-6c62767b0fb1","VERKEERSTEKEN","SVW","B","9284","B-SVW-VERKEERSTEKEN_BORD_A03_080-SO","VERKEERSTEKEN_BORD_A03_080","SO"
"http://digitalbuildingdata.tech/nlcs/def/6475e049-b286-45ad-a560-a71f6c279350","VERKEERSTEKEN","SVW","B","9285","B-SVW-VERKEERSTEKEN_BORD_A03_090-SO","VERKEERSTEKEN_BORD_A03_090","SO"
"http://digitalbuildingdata.tech/nlcs/def/c70cd0f7-e771-4396-b125-58a2ac162186","VERKEERSTEKEN","SVW","B","9286","B-SVW-VERKEERSTEKEN_BORD_A04_030-SO","VERKEERSTEKEN_BORD_A04_030","SO"
"http://digitalbuildingdata.tech/nlcs/def/3f26bbee-9363-4e38-8884-79d7f83aef53","VERKEERSTEKEN","SVW","B","9287","B-SVW-VERKEERSTEKEN_BORD_A04_030_F-SO","VERKEERSTEKEN_BORD_A04_030_F","SO"
"http://digitalbuildingdata.tech/nlcs/def/b7fa45d2-1520-4f2a-a20f-1eeceb419841","VERKEERSTEKEN","SVW","B","9288","B-SVW-VERKEERSTEKEN_BORD_A04_040-SO","VERKEERSTEKEN_BORD_A04_040","SO"
"http://digitalbuildingdata.tech/nlcs/def/2c89e791-67f4-4476-83e8-929e50e4c57a","VERKEERSTEKEN","SVW","B","9289","B-SVW-VERKEERSTEKEN_BORD_A04_040_F-SO","VERKEERSTEKEN_BORD_A04_040_F","SO"
"http://digitalbuildingdata.tech/nlcs/def/6230bf2e-3b1b-436e-9fe5-33a1c75a5d47","VERKEERSTEKEN","SVW","B","9290","B-SVW-VERKEERSTEKEN_BORD_A04_050-SO","VERKEERSTEKEN_BORD_A04_050","SO"
"http://digitalbuildingdata.tech/nlcs/def/ebb9777d-4103-4531-9bcf-75cb06afd723","VERKEERSTEKEN","SVW","B","9291","B-SVW-VERKEERSTEKEN_BORD_A04_050_F-SO","VERKEERSTEKEN_BORD_A04_050_F","SO"
"http://digitalbuildingdata.tech/nlcs/def/a96c590c-4c05-4448-8d35-b453ffcde8f2","VERKEERSTEKEN","SVW","B","9292","B-SVW-VERKEERSTEKEN_BORD_A04_060-SO","VERKEERSTEKEN_BORD_A04_060","SO"
"http://digitalbuildingdata.tech/nlcs/def/7ad0e2f8-474e-43d4-8564-1c4fd698adea","VERKEERSTEKEN","SVW","B","9293","B-SVW-VERKEERSTEKEN_BORD_A04_060_F-SO","VERKEERSTEKEN_BORD_A04_060_F","SO"
"http://digitalbuildingdata.tech/nlcs/def/76c15e0e-0a54-4b21-8e35-9764ae9dc5e3","VERKEERSTEKEN","SVW","B","9294","B-SVW-VERKEERSTEKEN_BORD_A04_070-SO","VERKEERSTEKEN_BORD_A04_070","SO"
"http://digitalbuildingdata.tech/nlcs/def/742cac81-4738-4935-8cf4-06396fef3d48","VERKEERSTEKEN","SVW","B","9295","B-SVW-VERKEERSTEKEN_BORD_A04_070_F-SO","VERKEERSTEKEN_BORD_A04_070_F","SO"
"http://digitalbuildingdata.tech/nlcs/def/dec24046-5b2f-4419-a938-6ca4c591327d","VERKEERSTEKEN","SVW","B","9296","B-SVW-VERKEERSTEKEN_BORD_A04_080-SO","VERKEERSTEKEN_BORD_A04_080","SO"
"http://digitalbuildingdata.tech/nlcs/def/eb2f18d2-8faa-4a66-a696-a8536d59f24e","VERKEERSTEKEN","SVW","B","9297","B-SVW-VERKEERSTEKEN_BORD_A04_080_F-SO","VERKEERSTEKEN_BORD_A04_080_F","SO"
"http://digitalbuildingdata.tech/nlcs/def/d7c950f4-4060-4101-be22-d3dc2f024f95","VERKEERSTEKEN","SVW","B","9298","B-SVW-VERKEERSTEKEN_BORD_A04_090-SO","VERKEERSTEKEN_BORD_A04_090","SO"
"http://digitalbuildingdata.tech/nlcs/def/ede905a8-f41e-4644-b8db-4ed6319465b7","VERKEERSTEKEN","SVW","B","9299","B-SVW-VERKEERSTEKEN_BORD_A04_090_F-SO","VERKEERSTEKEN_BORD_A04_090_F","SO"
"http://digitalbuildingdata.tech/nlcs/def/165b8eb3-523d-4072-ac97-86d9a2ad6f51","VERKEERSTEKEN","SVW","B","9300","B-SVW-VERKEERSTEKEN_BORD_A05_030-SO","VERKEERSTEKEN_BORD_A05_030","SO"
"http://digitalbuildingdata.tech/nlcs/def/692a65c0-caa3-4690-a318-6385fc1b69d9","VERKEERSTEKEN","SVW","B","9301","B-SVW-VERKEERSTEKEN_BORD_A05_040-SO","VERKEERSTEKEN_BORD_A05_040","SO"
"http://digitalbuildingdata.tech/nlcs/def/ae0faa57-55b5-49c5-b7fc-72d471f8bab8","VERKEERSTEKEN","SVW","B","9302","B-SVW-VERKEERSTEKEN_BORD_A05_050-SO","VERKEERSTEKEN_BORD_A05_050","SO"
"http://digitalbuildingdata.tech/nlcs/def/ab3ad4b0-f1ef-4131-95b4-c79ead4e078e","VERKEERSTEKEN","SVW","B","9303","B-SVW-VERKEERSTEKEN_BORD_A05_060-SO","VERKEERSTEKEN_BORD_A05_060","SO"
"http://digitalbuildingdata.tech/nlcs/def/2614bef0-430e-4e2b-aa32-ed75c2b71182","VERKEERSTEKEN","SVW","B","9304","B-SVW-VERKEERSTEKEN_BORD_A05_070-SO","VERKEERSTEKEN_BORD_A05_070","SO"
"http://digitalbuildingdata.tech/nlcs/def/a4f3e12b-ba9c-4431-8029-403d4010d77f","VERKEERSTEKEN","SVW","B","9305","B-SVW-VERKEERSTEKEN_BORD_A05_080-SO","VERKEERSTEKEN_BORD_A05_080","SO"
"http://digitalbuildingdata.tech/nlcs/def/372f9474-ed16-4d9f-871e-b3841ae2daf7","VERKEERSTEKEN","SVW","B","9306","B-SVW-VERKEERSTEKEN_BORD_A05_090-SO","VERKEERSTEKEN_BORD_A05_090","SO"
"http://digitalbuildingdata.tech/nlcs/def/8a053aae-93ae-420e-a4f2-5012aed98cb8","VERKEERSTEKEN","SVW","B","9307","B-SVW-VERKEERSTEKEN_BORD_B01-SO","VERKEERSTEKEN_BORD_B01","SO"
"http://digitalbuildingdata.tech/nlcs/def/eeb3bfe6-6e0a-463d-8854-4f880c106ce4","VERKEERSTEKEN","SVW","B","9308","B-SVW-VERKEERSTEKEN_BORD_B02-SO","VERKEERSTEKEN_BORD_B02","SO"
"http://digitalbuildingdata.tech/nlcs/def/9e2a9001-8f9d-4ac0-8225-f038fdd604e8","VERKEERSTEKEN","SVW","B","9309","B-SVW-VERKEERSTEKEN_BORD_B03-SO","VERKEERSTEKEN_BORD_B03","SO"
"http://digitalbuildingdata.tech/nlcs/def/5afbc8f7-ac87-4eb2-8818-7b9dfe065960","VERKEERSTEKEN","SVW","B","9310","B-SVW-VERKEERSTEKEN_BORD_B04-SO","VERKEERSTEKEN_BORD_B04","SO"
"http://digitalbuildingdata.tech/nlcs/def/b63c3159-e32e-488b-8399-74b8621e1cd6","VERKEERSTEKEN","SVW","B","9311","B-SVW-VERKEERSTEKEN_BORD_B05-SO","VERKEERSTEKEN_BORD_B05","SO"
"http://digitalbuildingdata.tech/nlcs/def/e3ecb1e0-9b48-4f1b-839a-68f27ebabb9d","VERKEERSTEKEN","SVW","B","9312","B-SVW-VERKEERSTEKEN_BORD_B06-SO","VERKEERSTEKEN_BORD_B06","SO"
"http://digitalbuildingdata.tech/nlcs/def/23490853-ede2-4aa2-974b-00dc68c5741b","VERKEERSTEKEN","SVW","B","9313","B-SVW-VERKEERSTEKEN_BORD_B06_F-SO","VERKEERSTEKEN_BORD_B06_F","SO"
"http://digitalbuildingdata.tech/nlcs/def/6edc3395-5aed-4ab6-bcc4-d53b9d115da7","VERKEERSTEKEN","SVW","B","9314","B-SVW-VERKEERSTEKEN_BORD_B06_F_OB02_OB503-SO","VERKEERSTEKEN_BORD_B06_F_OB02_OB503","SO"
"http://digitalbuildingdata.tech/nlcs/def/2602fbf5-d59a-4f5d-a486-4f825bace742","VERKEERSTEKEN","SVW","B","9315","B-SVW-VERKEERSTEKEN_BORD_B06_F_OB401-SO","VERKEERSTEKEN_BORD_B06_F_OB401","SO"
"http://digitalbuildingdata.tech/nlcs/def/9c365eb3-f89a-471b-bb17-e70e413477e6","VERKEERSTEKEN","SVW","B","9316","B-SVW-VERKEERSTEKEN_BORD_B07-SO","VERKEERSTEKEN_BORD_B07","SO"
"http://digitalbuildingdata.tech/nlcs/def/b5a257e6-20fc-4a50-9543-4e4259c40b43","VERKEERSTEKEN","SVW","B","9317","B-SVW-VERKEERSTEKEN_BORD_B07_F-SO","VERKEERSTEKEN_BORD_B07_F","SO"
"http://digitalbuildingdata.tech/nlcs/def/f686a2d5-e6c9-4f59-9184-aa37b5af1b78","VERKEERSTEKEN","SVW","B","9318","B-SVW-VERKEERSTEKEN_BORD_B07_F_OB401-SO","VERKEERSTEKEN_BORD_B07_F_OB401","SO"
"http://digitalbuildingdata.tech/nlcs/def/d6a0db1a-816e-4db7-a559-b3bccafc701c","VERKEERSTEKEN","SVW","B","9319","B-SVW-VERKEERSTEKEN_BORD_C01-SO","VERKEERSTEKEN_BORD_C01","SO"
"http://digitalbuildingdata.tech/nlcs/def/b94c8ff8-3f23-46e2-9ffd-ac6353df8ba2","VERKEERSTEKEN","SVW","B","9320","B-SVW-VERKEERSTEKEN_BORD_C02-SO","VERKEERSTEKEN_BORD_C02","SO"
"http://digitalbuildingdata.tech/nlcs/def/f20a592f-0ff1-4c2d-a0aa-040e0a30a838","VERKEERSTEKEN","SVW","B","9321","B-SVW-VERKEERSTEKEN_BORD_C02_F_OB705-SO","VERKEERSTEKEN_BORD_C02_F_OB705","SO"
"http://digitalbuildingdata.tech/nlcs/def/b74cbd0c-a828-4ea7-adbf-0a8bdfee6acc","VERKEERSTEKEN","SVW","B","9322","B-SVW-VERKEERSTEKEN_BORD_C03-SO","VERKEERSTEKEN_BORD_C03","SO"
"http://digitalbuildingdata.tech/nlcs/def/302e2864-9116-4b2b-9575-66c03c27442c","VERKEERSTEKEN","SVW","B","9323","B-SVW-VERKEERSTEKEN_BORD_C04_L-SO","VERKEERSTEKEN_BORD_C04_L","SO"
"http://digitalbuildingdata.tech/nlcs/def/6c2b4bd7-ea11-43bc-ae68-8aaf8acd2c89","VERKEERSTEKEN","SVW","B","9324","B-SVW-VERKEERSTEKEN_BORD_C04_R-SO","VERKEERSTEKEN_BORD_C04_R","SO"
"http://digitalbuildingdata.tech/nlcs/def/c4a76b5c-9458-4b29-a59b-5514e024558f","VERKEERSTEKEN","SVW","B","9325","B-SVW-VERKEERSTEKEN_BORD_C05-SO","VERKEERSTEKEN_BORD_C05","SO"
"http://digitalbuildingdata.tech/nlcs/def/36d8749d-a848-42e5-8780-b1e21edfa48d","VERKEERSTEKEN","SVW","B","9326","B-SVW-VERKEERSTEKEN_BORD_C06-SO","VERKEERSTEKEN_BORD_C06","SO"
"http://digitalbuildingdata.tech/nlcs/def/0bddf47b-cb4d-4ba0-bfbb-f0ec6262cd88","VERKEERSTEKEN","SVW","B","9327","B-SVW-VERKEERSTEKEN_BORD_C06_ZB-SO","VERKEERSTEKEN_BORD_C06_ZSO","SO"
"http://digitalbuildingdata.tech/nlcs/def/015c695b-6f9f-48b0-a3e9-0f92e6bccd26","VERKEERSTEKEN","SVW","B","9328","B-SVW-VERKEERSTEKEN_BORD_C06_ZE-SO","VERKEERSTEKEN_BORD_C06_ZE","SO"
"http://digitalbuildingdata.tech/nlcs/def/046a3111-033f-4601-8e3e-eba3e7d0ab64","VERKEERSTEKEN","SVW","B","9329","B-SVW-VERKEERSTEKEN_BORD_C06_ZH-SO","VERKEERSTEKEN_BORD_C06_ZH","SO"
"http://digitalbuildingdata.tech/nlcs/def/eacc276e-ab4b-4855-96bc-11fba5627aba","VERKEERSTEKEN","SVW","B","9330","B-SVW-VERKEERSTEKEN_BORD_C07-SO","VERKEERSTEKEN_BORD_C07","SO"
"http://digitalbuildingdata.tech/nlcs/def/cc1d01e3-8470-4753-a00f-90ad77bf7928","VERKEERSTEKEN","SVW","B","9331","B-SVW-VERKEERSTEKEN_BORD_C07_A-SO","VERKEERSTEKEN_BORD_C07_A","SO"
"http://digitalbuildingdata.tech/nlcs/def/023cfc97-a516-4f60-9abc-cc1e7d25414a","VERKEERSTEKEN","SVW","B","9332","B-SVW-VERKEERSTEKEN_BORD_C07_B-SO","VERKEERSTEKEN_BORD_C07_SO","SO"
"http://digitalbuildingdata.tech/nlcs/def/7aa48bd3-f058-43c2-8b33-16af1cd65eca","VERKEERSTEKEN","SVW","B","9333","B-SVW-VERKEERSTEKEN_BORD_C07_C-SO","VERKEERSTEKEN_BORD_C07_C","SO"
"http://digitalbuildingdata.tech/nlcs/def/da975d21-ab71-461c-aad9-f91f63b10fbb","VERKEERSTEKEN","SVW","B","9334","B-SVW-VERKEERSTEKEN_BORD_C07_ZB-SO","VERKEERSTEKEN_BORD_C07_ZSO","SO"
"http://digitalbuildingdata.tech/nlcs/def/057b9759-1717-4109-b700-11e8b202ac1f","VERKEERSTEKEN","SVW","B","9335","B-SVW-VERKEERSTEKEN_BORD_C07_ZE-SO","VERKEERSTEKEN_BORD_C07_ZE","SO"
"http://digitalbuildingdata.tech/nlcs/def/049fbf99-1b32-4b65-ba04-05aef1b01021","VERKEERSTEKEN","SVW","B","9336","B-SVW-VERKEERSTEKEN_BORD_C07_ZH-SO","VERKEERSTEKEN_BORD_C07_ZH","SO"
"http://digitalbuildingdata.tech/nlcs/def/353a60d4-e661-4e81-ae2e-dad7daf30e2c","VERKEERSTEKEN","SVW","B","9337","B-SVW-VERKEERSTEKEN_BORD_C08-SO","VERKEERSTEKEN_BORD_C08","SO"
"http://digitalbuildingdata.tech/nlcs/def/3bad9f30-720c-452f-8c31-eccbb547e9b7","VERKEERSTEKEN","SVW","B","9338","B-SVW-VERKEERSTEKEN_BORD_C09-SO","VERKEERSTEKEN_BORD_C09","SO"
"http://digitalbuildingdata.tech/nlcs/def/ede9893e-97b7-4bc6-8ea6-caa9c3ca245e","VERKEERSTEKEN","SVW","B","9339","B-SVW-VERKEERSTEKEN_BORD_C10-SO","VERKEERSTEKEN_BORD_C10","SO"
"http://digitalbuildingdata.tech/nlcs/def/821867ec-9051-41cd-b837-57d411b7e123","VERKEERSTEKEN","SVW","B","9340","B-SVW-VERKEERSTEKEN_BORD_C11-SO","VERKEERSTEKEN_BORD_C11","SO"
"http://digitalbuildingdata.tech/nlcs/def/1c90127b-cc82-426f-bcd4-d96ff8a2af40","VERKEERSTEKEN","SVW","B","9341","B-SVW-VERKEERSTEKEN_BORD_C12-SO","VERKEERSTEKEN_BORD_C12","SO"
"http://digitalbuildingdata.tech/nlcs/def/e6049714-bc5d-4e87-9f48-e9d68d13189b","VERKEERSTEKEN","SVW","B","9342","B-SVW-VERKEERSTEKEN_BORD_C12_ZB-SO","VERKEERSTEKEN_BORD_C12_ZSO","SO"
"http://digitalbuildingdata.tech/nlcs/def/9d1eae7b-9e8f-4d36-9809-05437ce77aeb","VERKEERSTEKEN","SVW","B","9343","B-SVW-VERKEERSTEKEN_BORD_C12_ZE-SO","VERKEERSTEKEN_BORD_C12_ZE","SO"
"http://digitalbuildingdata.tech/nlcs/def/29028dcc-d2f3-481b-b9aa-5b59b6f58099","VERKEERSTEKEN","SVW","B","9344","B-SVW-VERKEERSTEKEN_BORD_C12_ZH-SO","VERKEERSTEKEN_BORD_C12_ZH","SO"
"http://digitalbuildingdata.tech/nlcs/def/ec601179-cf92-4094-a96b-0b13282947a0","VERKEERSTEKEN","SVW","B","9345","B-SVW-VERKEERSTEKEN_BORD_C13-SO","VERKEERSTEKEN_BORD_C13","SO"
"http://digitalbuildingdata.tech/nlcs/def/d0c459c3-044c-4388-820e-d1cb77cf58f2","VERKEERSTEKEN","SVW","B","9346","B-SVW-VERKEERSTEKEN_BORD_C14-SO","VERKEERSTEKEN_BORD_C14","SO"
"http://digitalbuildingdata.tech/nlcs/def/721462d2-15a8-4370-8d5d-210e8922b25b","VERKEERSTEKEN","SVW","B","9347","B-SVW-VERKEERSTEKEN_BORD_C15-SO","VERKEERSTEKEN_BORD_C15","SO"
"http://digitalbuildingdata.tech/nlcs/def/c43044b1-17aa-4462-aae4-35b4dba4dbbd","VERKEERSTEKEN","SVW","B","9348","B-SVW-VERKEERSTEKEN_BORD_C16-SO","VERKEERSTEKEN_BORD_C16","SO"
"http://digitalbuildingdata.tech/nlcs/def/01fbae5b-9331-4d47-919a-9b3ae97a643e","VERKEERSTEKEN","SVW","B","9349","B-SVW-VERKEERSTEKEN_BORD_C17-SO","VERKEERSTEKEN_BORD_C17","SO"
"http://digitalbuildingdata.tech/nlcs/def/0f450a64-b075-494c-9bc0-cbca407ae1a5","VERKEERSTEKEN","SVW","B","9350","B-SVW-VERKEERSTEKEN_BORD_C18-SO","VERKEERSTEKEN_BORD_C18","SO"
"http://digitalbuildingdata.tech/nlcs/def/1f1e3fae-cdbe-4828-b521-a5a8d8b10a69","VERKEERSTEKEN","SVW","B","9351","B-SVW-VERKEERSTEKEN_BORD_C19-SO","VERKEERSTEKEN_BORD_C19","SO"
"http://digitalbuildingdata.tech/nlcs/def/d36b7694-80ab-4fa5-8c0f-175be47bf2a9","VERKEERSTEKEN","SVW","B","9352","B-SVW-VERKEERSTEKEN_BORD_C20-SO","VERKEERSTEKEN_BORD_C20","SO"
"http://digitalbuildingdata.tech/nlcs/def/ca1d9c93-e1ca-43f4-82bf-9cd8d34b3dcb","VERKEERSTEKEN","SVW","B","9353","B-SVW-VERKEERSTEKEN_BORD_C21-SO","VERKEERSTEKEN_BORD_C21","SO"
"http://digitalbuildingdata.tech/nlcs/def/2e5aa2a9-4283-4289-98a8-0f307af07553","VERKEERSTEKEN","SVW","B","9354","B-SVW-VERKEERSTEKEN_BORD_C22-SO","VERKEERSTEKEN_BORD_C22","SO"
"http://digitalbuildingdata.tech/nlcs/def/ef2d8aaa-ce2a-448d-aa15-219e576980be","VERKEERSTEKEN","SVW","B","9355","B-SVW-VERKEERSTEKEN_BORD_C22_A-SO","VERKEERSTEKEN_BORD_C22_A","SO"
"http://digitalbuildingdata.tech/nlcs/def/abedafc4-6fcb-4529-a0b1-bb9e87639806","VERKEERSTEKEN","SVW","B","9356","B-SVW-VERKEERSTEKEN_BORD_C22_A1-SO","VERKEERSTEKEN_BORD_C22_A1","SO"
"http://digitalbuildingdata.tech/nlcs/def/b83721c7-3955-4a28-9af9-3d18b1513b4b","VERKEERSTEKEN","SVW","B","9357","B-SVW-VERKEERSTEKEN_BORD_C22_A2-SO","VERKEERSTEKEN_BORD_C22_A2","SO"
"http://digitalbuildingdata.tech/nlcs/def/29488532-6aed-4561-8011-0004dc816f96","VERKEERSTEKEN","SVW","B","9358","B-SVW-VERKEERSTEKEN_BORD_C22_A3-SO","VERKEERSTEKEN_BORD_C22_A3","SO"
"http://digitalbuildingdata.tech/nlcs/def/226b9f27-049d-4f96-bdf9-ed4fa7b2b62c","VERKEERSTEKEN","SVW","B","9359","B-SVW-VERKEERSTEKEN_BORD_C22_A4-SO","VERKEERSTEKEN_BORD_C22_A4","SO"
"http://digitalbuildingdata.tech/nlcs/def/f8e779cb-3a37-4392-9f86-10b3fcc99f28","VERKEERSTEKEN","SVW","B","9360","B-SVW-VERKEERSTEKEN_BORD_C22_A5-SO","VERKEERSTEKEN_BORD_C22_A5","SO"
"http://digitalbuildingdata.tech/nlcs/def/30fd2271-e29b-4374-b1b3-64b4e65f8329","VERKEERSTEKEN","SVW","B","9361","B-SVW-VERKEERSTEKEN_BORD_C22_A6-SO","VERKEERSTEKEN_BORD_C22_A6","SO"
"http://digitalbuildingdata.tech/nlcs/def/9cd2e447-7fd4-4fdb-8d4d-5308a5fa51fe","VERKEERSTEKEN","SVW","B","9362","B-SVW-VERKEERSTEKEN_BORD_C22_A7-SO","VERKEERSTEKEN_BORD_C22_A7","SO"
"http://digitalbuildingdata.tech/nlcs/def/15a05cd2-424d-4a54-9dbc-e5e0d38d53ee","VERKEERSTEKEN","SVW","B","9363","B-SVW-VERKEERSTEKEN_BORD_C22_A8-SO","VERKEERSTEKEN_BORD_C22_A8","SO"
"http://digitalbuildingdata.tech/nlcs/def/4e3ac21c-fe79-4523-a26a-e248adb29641","VERKEERSTEKEN","SVW","B","9364","B-SVW-VERKEERSTEKEN_BORD_C22_A9-SO","VERKEERSTEKEN_BORD_C22_A9","SO"
"http://digitalbuildingdata.tech/nlcs/def/32f3c713-0b8a-4605-8d9a-62377dc7530d","VERKEERSTEKEN","SVW","B","9365","B-SVW-VERKEERSTEKEN_BORD_C22_B-SO","VERKEERSTEKEN_BORD_C22_SO","SO"
"http://digitalbuildingdata.tech/nlcs/def/5ac7bcdc-0f8e-4980-ba96-5782c9ffe80a","VERKEERSTEKEN","SVW","B","9366","B-SVW-VERKEERSTEKEN_BORD_C22_C-SO","VERKEERSTEKEN_BORD_C22_C","SO"
"http://digitalbuildingdata.tech/nlcs/def/10ff6214-0ec4-4dec-9fa0-555a4edd0ae0","VERKEERSTEKEN","SVW","B","9367","B-SVW-VERKEERSTEKEN_BORD_C22_C1-SO","VERKEERSTEKEN_BORD_C22_C1","SO"
"http://digitalbuildingdata.tech/nlcs/def/95ddcbfc-7dda-48ef-97bb-8e4e29133a56","VERKEERSTEKEN","SVW","B","9368","B-SVW-VERKEERSTEKEN_BORD_C22_D-SO","VERKEERSTEKEN_BORD_C22_D","SO"
"http://digitalbuildingdata.tech/nlcs/def/e3e5f458-63d0-46d2-b252-9dd8ea926ca0","VERKEERSTEKEN","SVW","B","9369","B-SVW-VERKEERSTEKEN_BORD_C23-SO","VERKEERSTEKEN_BORD_C23","SO"
"http://digitalbuildingdata.tech/nlcs/def/b86368f2-afea-4a4b-b140-a454dcbcf6d7","VERKEERSTEKEN","SVW","B","9370","B-SVW-VERKEERSTEKEN_BORD_C23_01-SO","VERKEERSTEKEN_BORD_C23_01","SO"
"http://digitalbuildingdata.tech/nlcs/def/db8f821b-00d7-4842-a675-6afb680d5aff","VERKEERSTEKEN","SVW","B","9371","B-SVW-VERKEERSTEKEN_BORD_C23_02-SO","VERKEERSTEKEN_BORD_C23_02","SO"
"http://digitalbuildingdata.tech/nlcs/def/40ca24c7-8c84-4366-bfba-c7ede698aa9e","VERKEERSTEKEN","SVW","B","9372","B-SVW-VERKEERSTEKEN_BORD_C23_03-SO","VERKEERSTEKEN_BORD_C23_03","SO"
"http://digitalbuildingdata.tech/nlcs/def/2d4f04ea-aab2-4226-8273-8a3bcc792f2c","VERKEERSTEKEN","SVW","B","9373","B-SVW-VERKEERSTEKEN_BORD_D01-SO","VERKEERSTEKEN_BORD_D01","SO"
"http://digitalbuildingdata.tech/nlcs/def/8e58e109-3d23-4ad7-8d8f-98189381f0c2","VERKEERSTEKEN","SVW","B","9374","B-SVW-VERKEERSTEKEN_BORD_D01_F-SO","VERKEERSTEKEN_BORD_D01_F","SO"
"http://digitalbuildingdata.tech/nlcs/def/dd8fe6ee-dd18-46b8-bdfb-f75da6724017","VERKEERSTEKEN","SVW","B","9375","B-SVW-VERKEERSTEKEN_BORD_D02_LB-SO","VERKEERSTEKEN_BORD_D02_LSO","SO"
"http://digitalbuildingdata.tech/nlcs/def/cc23e1f7-51e0-45bc-a54e-38162bd09be3","VERKEERSTEKEN","SVW","B","9376","B-SVW-VERKEERSTEKEN_BORD_D02_LO-SO","VERKEERSTEKEN_BORD_D02_LO","SO"
"http://digitalbuildingdata.tech/nlcs/def/874b82d9-3320-405a-a31b-2ad6ad69e1a4","VERKEERSTEKEN","SVW","B","9377","B-SVW-VERKEERSTEKEN_BORD_D02_RB-SO","VERKEERSTEKEN_BORD_D02_RSO","SO"
"http://digitalbuildingdata.tech/nlcs/def/1a949844-0b0d-4592-9c9d-1fc59cf43dd0","VERKEERSTEKEN","SVW","B","9378","B-SVW-VERKEERSTEKEN_BORD_D02_RO-SO","VERKEERSTEKEN_BORD_D02_RO","SO"
"http://digitalbuildingdata.tech/nlcs/def/5d72a876-57b7-4f5e-a9be-ade5b35f5be4","VERKEERSTEKEN","SVW","B","9379","B-SVW-VERKEERSTEKEN_BORD_D03-SO","VERKEERSTEKEN_BORD_D03","SO"
"http://digitalbuildingdata.tech/nlcs/def/0a359136-595f-4cfb-bbfa-395c7eb0137f","VERKEERSTEKEN","SVW","B","9380","B-SVW-VERKEERSTEKEN_BORD_D04-SO","VERKEERSTEKEN_BORD_D04","SO"
"http://digitalbuildingdata.tech/nlcs/def/9dad0b7b-752d-419b-ab98-11e6dfd15f50","VERKEERSTEKEN","SVW","B","9381","B-SVW-VERKEERSTEKEN_BORD_D05_L-SO","VERKEERSTEKEN_BORD_D05_L","SO"
"http://digitalbuildingdata.tech/nlcs/def/c1257232-1793-4064-8f71-828d51f15079","VERKEERSTEKEN","SVW","B","9382","B-SVW-VERKEERSTEKEN_BORD_D05_R-SO","VERKEERSTEKEN_BORD_D05_R","SO"
"http://digitalbuildingdata.tech/nlcs/def/4c9eb944-94bb-4cdb-afb6-da81cb73284e","VERKEERSTEKEN","SVW","B","9383","B-SVW-VERKEERSTEKEN_BORD_D06_L-SO","VERKEERSTEKEN_BORD_D06_L","SO"
"http://digitalbuildingdata.tech/nlcs/def/83881c95-143e-42e3-9404-f95c2829e558","VERKEERSTEKEN","SVW","B","9384","B-SVW-VERKEERSTEKEN_BORD_D06_R-SO","VERKEERSTEKEN_BORD_D06_R","SO"
"http://digitalbuildingdata.tech/nlcs/def/087c759c-4efe-4421-be03-0c3a979bc241","VERKEERSTEKEN","SVW","B","9385","B-SVW-VERKEERSTEKEN_BORD_D07-SO","VERKEERSTEKEN_BORD_D07","SO"
"http://digitalbuildingdata.tech/nlcs/def/3b05425a-a35a-4f6c-ae21-6adfd511de54","VERKEERSTEKEN","SVW","B","9386","B-SVW-VERKEERSTEKEN_BORD_D08-SO","VERKEERSTEKEN_BORD_D08","SO"
"http://digitalbuildingdata.tech/nlcs/def/088f7607-be74-4937-b4b4-df09f24368fd","VERKEERSTEKEN","SVW","B","9387","B-SVW-VERKEERSTEKEN_BORD_E01-SO","VERKEERSTEKEN_BORD_E01","SO"
"http://digitalbuildingdata.tech/nlcs/def/57a1e45b-a39d-422d-bdd4-123c5bafe520","VERKEERSTEKEN","SVW","B","9388","B-SVW-VERKEERSTEKEN_BORD_E01_ZB-SO","VERKEERSTEKEN_BORD_E01_ZSO","SO"
"http://digitalbuildingdata.tech/nlcs/def/475119a6-1562-48f4-812f-fcb23d0a4680","VERKEERSTEKEN","SVW","B","9389","B-SVW-VERKEERSTEKEN_BORD_E01_ZB_TIJD-SO","VERKEERSTEKEN_BORD_E01_ZB_TIJD","SO"
"http://digitalbuildingdata.tech/nlcs/def/de64535d-e04f-42bb-a4e3-9605c91a5f1f","VERKEERSTEKEN","SVW","B","9390","B-SVW-VERKEERSTEKEN_BORD_E01_ZE-SO","VERKEERSTEKEN_BORD_E01_ZE","SO"
"http://digitalbuildingdata.tech/nlcs/def/ab9121b6-9cb2-4d73-9557-665ad99d62c1","VERKEERSTEKEN","SVW","B","9391","B-SVW-VERKEERSTEKEN_BORD_E01_ZE_TIJD-SO","VERKEERSTEKEN_BORD_E01_ZE_TIJD","SO"
"http://digitalbuildingdata.tech/nlcs/def/d14bad0c-30d0-4ae1-b903-3dce3a0b7531","VERKEERSTEKEN","SVW","B","9392","B-SVW-VERKEERSTEKEN_BORD_E01_ZH-SO","VERKEERSTEKEN_BORD_E01_ZH","SO"
"http://digitalbuildingdata.tech/nlcs/def/d8aad701-8b94-4854-9b05-869602c7f44f","VERKEERSTEKEN","SVW","B","9393","B-SVW-VERKEERSTEKEN_BORD_E01_ZH_TIJD-SO","VERKEERSTEKEN_BORD_E01_ZH_TIJD","SO"
"http://digitalbuildingdata.tech/nlcs/def/09eacea8-33c1-493f-b835-b313df238e6a","VERKEERSTEKEN","SVW","B","9394","B-SVW-VERKEERSTEKEN_BORD_E02-SO","VERKEERSTEKEN_BORD_E02","SO"
"http://digitalbuildingdata.tech/nlcs/def/6d728908-8366-4de3-81cb-3e03b6776989","VERKEERSTEKEN","SVW","B","9395","B-SVW-VERKEERSTEKEN_BORD_E02_ZB-SO","VERKEERSTEKEN_BORD_E02_ZSO","SO"
"http://digitalbuildingdata.tech/nlcs/def/2032fbe9-7f58-45a9-a5d6-74a34993ac74","VERKEERSTEKEN","SVW","B","9396","B-SVW-VERKEERSTEKEN_BORD_E02_ZE-SO","VERKEERSTEKEN_BORD_E02_ZE","SO"
"http://digitalbuildingdata.tech/nlcs/def/a4785c39-2342-4979-9916-862613458ad1","VERKEERSTEKEN","SVW","B","9397","B-SVW-VERKEERSTEKEN_BORD_E02_ZH-SO","VERKEERSTEKEN_BORD_E02_ZH","SO"
"http://digitalbuildingdata.tech/nlcs/def/4b971b42-e3fc-4ae9-86d0-9df4060082df","VERKEERSTEKEN","SVW","B","9398","B-SVW-VERKEERSTEKEN_BORD_E03-SO","VERKEERSTEKEN_BORD_E03","SO"
"http://digitalbuildingdata.tech/nlcs/def/e5857fa5-383e-468c-9592-e97fbdd1974b","VERKEERSTEKEN","SVW","B","9399","B-SVW-VERKEERSTEKEN_BORD_E03_ZB-SO","VERKEERSTEKEN_BORD_E03_ZSO","SO"
"http://digitalbuildingdata.tech/nlcs/def/08725e63-870c-4e70-a440-64f99a5df2f9","VERKEERSTEKEN","SVW","B","9400","B-SVW-VERKEERSTEKEN_BORD_E03_ZE-SO","VERKEERSTEKEN_BORD_E03_ZE","SO"
"http://digitalbuildingdata.tech/nlcs/def/89420d54-72bd-41b0-846c-7fff81e68a60","VERKEERSTEKEN","SVW","B","9401","B-SVW-VERKEERSTEKEN_BORD_E03_ZH-SO","VERKEERSTEKEN_BORD_E03_ZH","SO"
"http://digitalbuildingdata.tech/nlcs/def/5e4c1e3c-ec90-4561-bc3a-3273796141bc","VERKEERSTEKEN","SVW","B","9402","B-SVW-VERKEERSTEKEN_BORD_E04-SO","VERKEERSTEKEN_BORD_E04","SO"
"http://digitalbuildingdata.tech/nlcs/def/f80b6358-976a-4797-80d7-36299c2c9fb4","VERKEERSTEKEN","SVW","B","9403","B-SVW-VERKEERSTEKEN_BORD_E05-SO","VERKEERSTEKEN_BORD_E05","SO"
"http://digitalbuildingdata.tech/nlcs/def/d3c1175a-38de-4a94-aff1-c81b10a4a466","VERKEERSTEKEN","SVW","B","9404","B-SVW-VERKEERSTEKEN_BORD_E06-SO","VERKEERSTEKEN_BORD_E06","SO"
"http://digitalbuildingdata.tech/nlcs/def/41391f5c-56a2-4854-91db-b18ef0521e08","VERKEERSTEKEN","SVW","B","9405","B-SVW-VERKEERSTEKEN_BORD_E07-SO","VERKEERSTEKEN_BORD_E07","SO"
"http://digitalbuildingdata.tech/nlcs/def/10448576-2095-4a39-bfd9-085de7973144","VERKEERSTEKEN","SVW","B","9406","B-SVW-VERKEERSTEKEN_BORD_E08-SO","VERKEERSTEKEN_BORD_E08","SO"
"http://digitalbuildingdata.tech/nlcs/def/85564a55-c174-4fce-a4bc-77d8b72f358d","VERKEERSTEKEN","SVW","B","9407","B-SVW-VERKEERSTEKEN_BORD_E08A-SO","VERKEERSTEKEN_BORD_E08A","SO"
"http://digitalbuildingdata.tech/nlcs/def/3c4be0e7-19eb-495a-9aaa-01a37031775d","VERKEERSTEKEN","SVW","B","9408","B-SVW-VERKEERSTEKEN_BORD_E08B-SO","VERKEERSTEKEN_BORD_E08SO","SO"
"http://digitalbuildingdata.tech/nlcs/def/2ae28564-92e8-401f-a6e9-c40ba3085c7f","VERKEERSTEKEN","SVW","B","9409","B-SVW-VERKEERSTEKEN_BORD_E08C-SO","VERKEERSTEKEN_BORD_E08C","SO"
"http://digitalbuildingdata.tech/nlcs/def/782d9a87-5d49-4bc6-b2fe-d9dc9bc7cf25","VERKEERSTEKEN","SVW","B","9410","B-SVW-VERKEERSTEKEN_BORD_E08D-SO","VERKEERSTEKEN_BORD_E08D","SO"
"http://digitalbuildingdata.tech/nlcs/def/3a1e2928-0f0a-4c21-b104-91ec7bf901f3","VERKEERSTEKEN","SVW","B","9411","B-SVW-VERKEERSTEKEN_BORD_E08E-SO","VERKEERSTEKEN_BORD_E08E","SO"
"http://digitalbuildingdata.tech/nlcs/def/7ea19b64-b652-4d6c-959c-67b2c179a6b7","VERKEERSTEKEN","SVW","B","9412","B-SVW-VERKEERSTEKEN_BORD_E08F-SO","VERKEERSTEKEN_BORD_E08F","SO"
"http://digitalbuildingdata.tech/nlcs/def/1fb52093-3abf-4915-b6ee-8d59103786df","VERKEERSTEKEN","SVW","B","9413","B-SVW-VERKEERSTEKEN_BORD_E08G-SO","VERKEERSTEKEN_BORD_E08G","SO"
"http://digitalbuildingdata.tech/nlcs/def/6047a865-6390-4cda-9fdb-f208d0e7bd14","VERKEERSTEKEN","SVW","B","9414","B-SVW-VERKEERSTEKEN_BORD_E08H-SO","VERKEERSTEKEN_BORD_E08H","SO"
"http://digitalbuildingdata.tech/nlcs/def/b1d8e975-2bef-4a37-b5e1-1ca4f8593b2b","VERKEERSTEKEN","SVW","B","9415","B-SVW-VERKEERSTEKEN_BORD_E08I-SO","VERKEERSTEKEN_BORD_E08I","SO"
"http://digitalbuildingdata.tech/nlcs/def/e7ce3f5b-8ea7-4859-b3e4-f923d5735562","VERKEERSTEKEN","SVW","B","9416","B-SVW-VERKEERSTEKEN_BORD_E08J-SO","VERKEERSTEKEN_BORD_E08J","SO"
"http://digitalbuildingdata.tech/nlcs/def/aa162f06-bcb1-4699-acf0-da3326ee761b","VERKEERSTEKEN","SVW","B","9417","B-SVW-VERKEERSTEKEN_BORD_E08K-SO","VERKEERSTEKEN_BORD_E08K","SO"
"http://digitalbuildingdata.tech/nlcs/def/657e60a2-ec04-4056-b101-1c11c7bc2e81","VERKEERSTEKEN","SVW","B","9418","B-SVW-VERKEERSTEKEN_BORD_E08L-SO","VERKEERSTEKEN_BORD_E08L","SO"
"http://digitalbuildingdata.tech/nlcs/def/8e3c79eb-7534-4887-a89a-c3098606848e","VERKEERSTEKEN","SVW","B","9419","B-SVW-VERKEERSTEKEN_BORD_E08M-SO","VERKEERSTEKEN_BORD_E08M","SO"
"http://digitalbuildingdata.tech/nlcs/def/bc545c24-ad4a-41f4-a527-57deb4173db6","VERKEERSTEKEN","SVW","B","9420","B-SVW-VERKEERSTEKEN_BORD_E08N-SO","VERKEERSTEKEN_BORD_E08N","SO"
"http://digitalbuildingdata.tech/nlcs/def/6b2190df-056a-4e97-b147-94ca1d942ff3","VERKEERSTEKEN","SVW","B","9421","B-SVW-VERKEERSTEKEN_BORD_E08O-SO","VERKEERSTEKEN_BORD_E08O","SO"
"http://digitalbuildingdata.tech/nlcs/def/fb8cf21b-cfd3-4cf4-b60a-61790acd52d1","VERKEERSTEKEN","SVW","B","9422","B-SVW-VERKEERSTEKEN_BORD_E08P-SO","VERKEERSTEKEN_BORD_E08P","SO"
"http://digitalbuildingdata.tech/nlcs/def/83656298-24cf-452b-b25c-9b61a4a40f29","VERKEERSTEKEN","SVW","B","9423","B-SVW-VERKEERSTEKEN_BORD_E08Q-SO","VERKEERSTEKEN_BORD_E08Q","SO"
"http://digitalbuildingdata.tech/nlcs/def/5d0775e2-75fb-49ff-a0f1-6d5d95775c1d","VERKEERSTEKEN","SVW","B","9424","B-SVW-VERKEERSTEKEN_BORD_E08R-SO","VERKEERSTEKEN_BORD_E08R","SO"
"http://digitalbuildingdata.tech/nlcs/def/b71cc73c-9820-418d-ad4a-39fee0b6c11f","VERKEERSTEKEN","SVW","B","9425","B-SVW-VERKEERSTEKEN_BORD_E09-SO","VERKEERSTEKEN_BORD_E09","SO"
"http://digitalbuildingdata.tech/nlcs/def/e8d8fbb9-d246-4ff6-b90b-114668db4213","VERKEERSTEKEN","SVW","B","9426","B-SVW-VERKEERSTEKEN_BORD_E09_ZB-SO","VERKEERSTEKEN_BORD_E09_ZSO","SO"
"http://digitalbuildingdata.tech/nlcs/def/8d20b3a2-ee08-41f5-b884-08745bfed955","VERKEERSTEKEN","SVW","B","9427","B-SVW-VERKEERSTEKEN_BORD_E09_ZB_KLEM-SO","VERKEERSTEKEN_BORD_E09_ZB_KLEM","SO"
"http://digitalbuildingdata.tech/nlcs/def/7981c15d-4040-4ec1-8627-a7ca409648ad","VERKEERSTEKEN","SVW","B","9428","B-SVW-VERKEERSTEKEN_BORD_E09_ZB_SLEEP-SO","VERKEERSTEKEN_BORD_E09_ZB_SLEEP","SO"
"http://digitalbuildingdata.tech/nlcs/def/38da83f2-6ea4-4585-bb6a-c21ce2a41c51","VERKEERSTEKEN","SVW","B","9429","B-SVW-VERKEERSTEKEN_BORD_E09_ZE-SO","VERKEERSTEKEN_BORD_E09_ZE","SO"
"http://digitalbuildingdata.tech/nlcs/def/b3053d2f-5a51-4748-b8e7-52eec32fef89","VERKEERSTEKEN","SVW","B","9430","B-SVW-VERKEERSTEKEN_BORD_E09_ZE_KLEM-SO","VERKEERSTEKEN_BORD_E09_ZE_KLEM","SO"
"http://digitalbuildingdata.tech/nlcs/def/e962b42f-141a-411e-950c-e24ba655fca8","VERKEERSTEKEN","SVW","B","9431","B-SVW-VERKEERSTEKEN_BORD_E09_ZE_SLEEP-SO","VERKEERSTEKEN_BORD_E09_ZE_SLEEP","SO"
"http://digitalbuildingdata.tech/nlcs/def/ce63c2b5-488d-47d3-8c93-150818239f14","VERKEERSTEKEN","SVW","B","9432","B-SVW-VERKEERSTEKEN_BORD_E09_ZH-SO","VERKEERSTEKEN_BORD_E09_ZH","SO"
"http://digitalbuildingdata.tech/nlcs/def/6ab5a48f-81b9-4242-afbe-58fe6482740d","VERKEERSTEKEN","SVW","B","9433","B-SVW-VERKEERSTEKEN_BORD_E09_ZH_KLEM-SO","VERKEERSTEKEN_BORD_E09_ZH_KLEM","SO"
"http://digitalbuildingdata.tech/nlcs/def/570e135e-be07-4636-89d2-7e41bda028b4","VERKEERSTEKEN","SVW","B","9434","B-SVW-VERKEERSTEKEN_BORD_E09_ZH_SLEEP-SO","VERKEERSTEKEN_BORD_E09_ZH_SLEEP","SO"
"http://digitalbuildingdata.tech/nlcs/def/cc0ff165-9406-41b9-b66e-8d5b16ad43c4","VERKEERSTEKEN","SVW","B","9435","B-SVW-VERKEERSTEKEN_BORD_E10-SO","VERKEERSTEKEN_BORD_E10","SO"
"http://digitalbuildingdata.tech/nlcs/def/b20a910e-2fa2-436a-9b64-055083ed85bb","VERKEERSTEKEN","SVW","B","9436","B-SVW-VERKEERSTEKEN_BORD_E10_ZB-SO","VERKEERSTEKEN_BORD_E10_ZSO","SO"
"http://digitalbuildingdata.tech/nlcs/def/8e2cd3b4-39c8-44e3-bc4e-6b1648c55564","VERKEERSTEKEN","SVW","B","9437","B-SVW-VERKEERSTEKEN_BORD_E10_ZB_KLEM-SO","VERKEERSTEKEN_BORD_E10_ZB_KLEM","SO"
"http://digitalbuildingdata.tech/nlcs/def/8e108c94-ace3-4fda-bc18-fa85d682ef4f","VERKEERSTEKEN","SVW","B","9438","B-SVW-VERKEERSTEKEN_BORD_E10_ZB_SLEEP-SO","VERKEERSTEKEN_BORD_E10_ZB_SLEEP","SO"
"http://digitalbuildingdata.tech/nlcs/def/d1c4b4e2-a5e9-42d3-a1c6-0de10d974524","VERKEERSTEKEN","SVW","B","9439","B-SVW-VERKEERSTEKEN_BORD_E10_ZE_KLEM-SO","VERKEERSTEKEN_BORD_E10_ZE_KLEM","SO"
"http://digitalbuildingdata.tech/nlcs/def/3241b577-d62d-4b63-869c-ba61f8d57bce","VERKEERSTEKEN","SVW","B","9440","B-SVW-VERKEERSTEKEN_BORD_E10_ZE_SLEEP-SO","VERKEERSTEKEN_BORD_E10_ZE_SLEEP","SO"
"http://digitalbuildingdata.tech/nlcs/def/c28ce8dc-6033-43d9-8ad3-f79d11faa35a","VERKEERSTEKEN","SVW","B","9441","B-SVW-VERKEERSTEKEN_BORD_E10_ZH-SO","VERKEERSTEKEN_BORD_E10_ZH","SO"
"http://digitalbuildingdata.tech/nlcs/def/8f0afc92-f476-44e7-9d76-849c9c614d99","VERKEERSTEKEN","SVW","B","9442","B-SVW-VERKEERSTEKEN_BORD_E10_ZH_KLEM-SO","VERKEERSTEKEN_BORD_E10_ZH_KLEM","SO"
"http://digitalbuildingdata.tech/nlcs/def/d852bf18-fe24-4bb2-bf36-81ec16d4e6a2","VERKEERSTEKEN","SVW","B","9443","B-SVW-VERKEERSTEKEN_BORD_E10_ZH_SLEEP-SO","VERKEERSTEKEN_BORD_E10_ZH_SLEEP","SO"
"http://digitalbuildingdata.tech/nlcs/def/94a8b201-805d-4944-808e-484c4ef1f106","VERKEERSTEKEN","SVW","B","9444","B-SVW-VERKEERSTEKEN_BORD_E11-SO","VERKEERSTEKEN_BORD_E11","SO"
"http://digitalbuildingdata.tech/nlcs/def/4f415aa0-b965-42a4-a09d-83d560a1414e","VERKEERSTEKEN","SVW","B","9445","B-SVW-VERKEERSTEKEN_BORD_E11_ZE-SO","VERKEERSTEKEN_BORD_E11_ZE","SO"
"http://digitalbuildingdata.tech/nlcs/def/7272acc3-89d8-4f2a-aec0-56ff51f151ba","VERKEERSTEKEN","SVW","B","9446","B-SVW-VERKEERSTEKEN_BORD_E12-SO","VERKEERSTEKEN_BORD_E12","SO"
"http://digitalbuildingdata.tech/nlcs/def/957db8f3-2da8-4240-bc8d-0a34074278e8","VERKEERSTEKEN","SVW","B","9447","B-SVW-VERKEERSTEKEN_BORD_E13-SO","VERKEERSTEKEN_BORD_E13","SO"
"http://digitalbuildingdata.tech/nlcs/def/af8eeaf3-7b40-4d57-a4ca-95b198b542c3","VERKEERSTEKEN","SVW","B","9448","B-SVW-VERKEERSTEKEN_BORD_F01-SO","VERKEERSTEKEN_BORD_F01","SO"
"http://digitalbuildingdata.tech/nlcs/def/527e8642-8b4a-4501-9d7f-de842f011541","VERKEERSTEKEN","SVW","B","9449","B-SVW-VERKEERSTEKEN_BORD_F02-SO","VERKEERSTEKEN_BORD_F02","SO"
"http://digitalbuildingdata.tech/nlcs/def/1c06e840-b272-48df-be56-6877ff5b66bb","VERKEERSTEKEN","SVW","B","9450","B-SVW-VERKEERSTEKEN_BORD_F03-SO","VERKEERSTEKEN_BORD_F03","SO"
"http://digitalbuildingdata.tech/nlcs/def/50ca88e8-9601-44fe-b2dd-e9b5c29ecbcb","VERKEERSTEKEN","SVW","B","9451","B-SVW-VERKEERSTEKEN_BORD_F04-SO","VERKEERSTEKEN_BORD_F04","SO"
"http://digitalbuildingdata.tech/nlcs/def/2dfca47a-ce8d-4a89-a033-94a55c7ff863","VERKEERSTEKEN","SVW","B","9452","B-SVW-VERKEERSTEKEN_BORD_F05-SO","VERKEERSTEKEN_BORD_F05","SO"
"http://digitalbuildingdata.tech/nlcs/def/b88b5df1-64b0-4efd-b804-ace2dee578b3","VERKEERSTEKEN","SVW","B","9453","B-SVW-VERKEERSTEKEN_BORD_F06-SO","VERKEERSTEKEN_BORD_F06","SO"
"http://digitalbuildingdata.tech/nlcs/def/398572c8-4799-4058-be7d-dfc57d7333f6","VERKEERSTEKEN","SVW","B","9454","B-SVW-VERKEERSTEKEN_BORD_F07-SO","VERKEERSTEKEN_BORD_F07","SO"
"http://digitalbuildingdata.tech/nlcs/def/cbc1e3a0-8791-48eb-bba7-ee594ef1601d","VERKEERSTEKEN","SVW","B","9455","B-SVW-VERKEERSTEKEN_BORD_F08-SO","VERKEERSTEKEN_BORD_F08","SO"
"http://digitalbuildingdata.tech/nlcs/def/89f2063b-67da-46aa-84bb-b696696c707a","VERKEERSTEKEN","SVW","B","9456","B-SVW-VERKEERSTEKEN_BORD_F09-SO","VERKEERSTEKEN_BORD_F09","SO"
"http://digitalbuildingdata.tech/nlcs/def/dddc866b-28a5-4102-9e77-bf5b496da40f","VERKEERSTEKEN","SVW","B","9457","B-SVW-VERKEERSTEKEN_BORD_F10-SO","VERKEERSTEKEN_BORD_F10","SO"
"http://digitalbuildingdata.tech/nlcs/def/1d03934b-02ab-4c3b-ad6c-7299d07eb3aa","VERKEERSTEKEN","SVW","B","9458","B-SVW-VERKEERSTEKEN_BORD_F10_BRIGADIER-SO","VERKEERSTEKEN_BORD_F10_BRIGADIER","SO"
"http://digitalbuildingdata.tech/nlcs/def/d204244b-7eb0-4f45-8690-b17ee68618ac","VERKEERSTEKEN","SVW","B","9459","B-SVW-VERKEERSTEKEN_BORD_F11-SO","VERKEERSTEKEN_BORD_F11","SO"
"http://digitalbuildingdata.tech/nlcs/def/4fcf83e3-cdd2-4cdb-84b0-bdb12cbe3dab","VERKEERSTEKEN","SVW","B","9460","B-SVW-VERKEERSTEKEN_BORD_F12-SO","VERKEERSTEKEN_BORD_F12","SO"
"http://digitalbuildingdata.tech/nlcs/def/c1379cb1-c2a5-4bdb-bb6c-776130330e8d","VERKEERSTEKEN","SVW","B","9461","B-SVW-VERKEERSTEKEN_BORD_F13-SO","VERKEERSTEKEN_BORD_F13","SO"
"http://digitalbuildingdata.tech/nlcs/def/2838a3da-27fe-4377-8358-16301dec3dba","VERKEERSTEKEN","SVW","B","9462","B-SVW-VERKEERSTEKEN_BORD_F14-SO","VERKEERSTEKEN_BORD_F14","SO"
"http://digitalbuildingdata.tech/nlcs/def/680696eb-7f8d-452a-b26c-8b89cc4f32ac","VERKEERSTEKEN","SVW","B","9463","B-SVW-VERKEERSTEKEN_BORD_F15-SO","VERKEERSTEKEN_BORD_F15","SO"
"http://digitalbuildingdata.tech/nlcs/def/8d8f6274-c356-456d-b6a8-bc956d98862f","VERKEERSTEKEN","SVW","B","9464","B-SVW-VERKEERSTEKEN_BORD_F16-SO","VERKEERSTEKEN_BORD_F16","SO"
"http://digitalbuildingdata.tech/nlcs/def/cb05a449-88f1-4efe-b912-717599160bfb","VERKEERSTEKEN","SVW","B","9465","B-SVW-VERKEERSTEKEN_BORD_F17-SO","VERKEERSTEKEN_BORD_F17","SO"
"http://digitalbuildingdata.tech/nlcs/def/166bafca-279d-459a-8089-a5cfd72a064a","VERKEERSTEKEN","SVW","B","9466","B-SVW-VERKEERSTEKEN_BORD_F18-SO","VERKEERSTEKEN_BORD_F18","SO"
"http://digitalbuildingdata.tech/nlcs/def/ff784737-2a51-4acf-9c7d-ad4ff6abe226","VERKEERSTEKEN","SVW","B","9467","B-SVW-VERKEERSTEKEN_BORD_F19-SO","VERKEERSTEKEN_BORD_F19","SO"
"http://digitalbuildingdata.tech/nlcs/def/e37485f6-a35d-418b-a658-39ee322d3c95","VERKEERSTEKEN","SVW","B","9468","B-SVW-VERKEERSTEKEN_BORD_F20-SO","VERKEERSTEKEN_BORD_F20","SO"
"http://digitalbuildingdata.tech/nlcs/def/2a82ed70-4253-468f-92d1-7324efb91d79","VERKEERSTEKEN","SVW","B","9469","B-SVW-VERKEERSTEKEN_BORD_F21-SO","VERKEERSTEKEN_BORD_F21","SO"
"http://digitalbuildingdata.tech/nlcs/def/7fdfbf26-ff98-4597-a43f-b181e5f6d306","VERKEERSTEKEN","SVW","B","9470","B-SVW-VERKEERSTEKEN_BORD_F22-SO","VERKEERSTEKEN_BORD_F22","SO"
"http://digitalbuildingdata.tech/nlcs/def/36d07489-0be2-42aa-aee3-da9879a93410","VERKEERSTEKEN","SVW","B","9471","B-SVW-VERKEERSTEKEN_BORD_G01-SO","VERKEERSTEKEN_BORD_G01","SO"
"http://digitalbuildingdata.tech/nlcs/def/2df24c24-f5f9-4361-90eb-e6b7790834b2","VERKEERSTEKEN","SVW","B","9472","B-SVW-VERKEERSTEKEN_BORD_G02-SO","VERKEERSTEKEN_BORD_G02","SO"
"http://digitalbuildingdata.tech/nlcs/def/57019600-6248-4184-98cc-ce33115126dc","VERKEERSTEKEN","SVW","B","9473","B-SVW-VERKEERSTEKEN_BORD_G03-SO","VERKEERSTEKEN_BORD_G03","SO"
"http://digitalbuildingdata.tech/nlcs/def/db39b586-f368-43ba-a5be-aa24099ff0c8","VERKEERSTEKEN","SVW","B","9474","B-SVW-VERKEERSTEKEN_BORD_G04-SO","VERKEERSTEKEN_BORD_G04","SO"
"http://digitalbuildingdata.tech/nlcs/def/da3d7c0f-2983-47bf-85d1-e692bb0b7383","VERKEERSTEKEN","SVW","B","9475","B-SVW-VERKEERSTEKEN_BORD_G05-SO","VERKEERSTEKEN_BORD_G05","SO"
"http://digitalbuildingdata.tech/nlcs/def/232dd797-0c22-42aa-9dff-871f4e71a9d0","VERKEERSTEKEN","SVW","B","9476","B-SVW-VERKEERSTEKEN_BORD_G05_ZB-SO","VERKEERSTEKEN_BORD_G05_ZSO","SO"
"http://digitalbuildingdata.tech/nlcs/def/73bb7e98-472a-4bbd-899e-b71839baf323","VERKEERSTEKEN","SVW","B","9477","B-SVW-VERKEERSTEKEN_BORD_G05_ZB_015-SO","VERKEERSTEKEN_BORD_G05_ZB_015","SO"
"http://digitalbuildingdata.tech/nlcs/def/60382cba-be9c-4577-b25e-4bd1fa3a0572","VERKEERSTEKEN","SVW","B","9478","B-SVW-VERKEERSTEKEN_BORD_G05_ZE-SO","VERKEERSTEKEN_BORD_G05_ZE","SO"
"http://digitalbuildingdata.tech/nlcs/def/33f2eb69-0339-4cce-a3e8-948b2d875119","VERKEERSTEKEN","SVW","B","9479","B-SVW-VERKEERSTEKEN_BORD_G05_ZE_015-SO","VERKEERSTEKEN_BORD_G05_ZE_015","SO"
"http://digitalbuildingdata.tech/nlcs/def/39d5f66a-2df1-497b-9acb-e16c4330ab97","VERKEERSTEKEN","SVW","B","9480","B-SVW-VERKEERSTEKEN_BORD_G05_ZH-SO","VERKEERSTEKEN_BORD_G05_ZH","SO"
"http://digitalbuildingdata.tech/nlcs/def/08f1b253-c515-4ac8-a15e-3e7cf1e3f42f","VERKEERSTEKEN","SVW","B","9481","B-SVW-VERKEERSTEKEN_BORD_G05_ZH_015-SO","VERKEERSTEKEN_BORD_G05_ZH_015","SO"
"http://digitalbuildingdata.tech/nlcs/def/a6cdb445-7c6c-48ab-9a9a-1bb1de259579","VERKEERSTEKEN","SVW","B","9482","B-SVW-VERKEERSTEKEN_BORD_G06-SO","VERKEERSTEKEN_BORD_G06","SO"
"http://digitalbuildingdata.tech/nlcs/def/fcc251c6-cdec-41ee-abef-5c9bc3665e51","VERKEERSTEKEN","SVW","B","9483","B-SVW-VERKEERSTEKEN_BORD_G07-SO","VERKEERSTEKEN_BORD_G07","SO"
"http://digitalbuildingdata.tech/nlcs/def/ce698d0f-ca96-449f-9c8e-e8113c1662c4","VERKEERSTEKEN","SVW","B","9484","B-SVW-VERKEERSTEKEN_BORD_G07_ZB-SO","VERKEERSTEKEN_BORD_G07_ZSO","SO"
"http://digitalbuildingdata.tech/nlcs/def/d537f235-7bea-473e-911e-baa383a7e41d","VERKEERSTEKEN","SVW","B","9485","B-SVW-VERKEERSTEKEN_BORD_G07_ZE-SO","VERKEERSTEKEN_BORD_G07_ZE","SO"
"http://digitalbuildingdata.tech/nlcs/def/0b599ca6-85d2-4853-ad9c-377d68521791","VERKEERSTEKEN","SVW","B","9486","B-SVW-VERKEERSTEKEN_BORD_G07_ZH-SO","VERKEERSTEKEN_BORD_G07_ZH","SO"
"http://digitalbuildingdata.tech/nlcs/def/df6c2e26-caf4-45c9-8f52-f26226cc417b","VERKEERSTEKEN","SVW","B","9487","B-SVW-VERKEERSTEKEN_BORD_G08-SO","VERKEERSTEKEN_BORD_G08","SO"
"http://digitalbuildingdata.tech/nlcs/def/74d638d9-4807-4cc1-a6d4-2d34b63a8c2a","VERKEERSTEKEN","SVW","B","9488","B-SVW-VERKEERSTEKEN_BORD_G09-SO","VERKEERSTEKEN_BORD_G09","SO"
"http://digitalbuildingdata.tech/nlcs/def/863c8314-9e72-47c6-8934-87d76d861e2c","VERKEERSTEKEN","SVW","B","9489","B-SVW-VERKEERSTEKEN_BORD_G10-SO","VERKEERSTEKEN_BORD_G10","SO"
"http://digitalbuildingdata.tech/nlcs/def/e149bd75-83d2-4234-84ed-4cfabea22fca","VERKEERSTEKEN","SVW","B","9490","B-SVW-VERKEERSTEKEN_BORD_G11-SO","VERKEERSTEKEN_BORD_G11","SO"
"http://digitalbuildingdata.tech/nlcs/def/c7e6e6ad-d6c2-4429-96d6-a2a64c4955fe","VERKEERSTEKEN","SVW","B","9491","B-SVW-VERKEERSTEKEN_BORD_G12-SO","VERKEERSTEKEN_BORD_G12","SO"
"http://digitalbuildingdata.tech/nlcs/def/8c00b2c7-2966-40f2-a157-770ccfabae54","VERKEERSTEKEN","SVW","B","9492","B-SVW-VERKEERSTEKEN_BORD_G12_A-SO","VERKEERSTEKEN_BORD_G12_A","SO"
"http://digitalbuildingdata.tech/nlcs/def/c559d1cc-f8c7-4bdf-a55d-75c13a57c0ea","VERKEERSTEKEN","SVW","B","9493","B-SVW-VERKEERSTEKEN_BORD_G12_B-SO","VERKEERSTEKEN_BORD_G12_SO","SO"
"http://digitalbuildingdata.tech/nlcs/def/8056337e-ae12-45f4-97d5-50f6da4c149f","VERKEERSTEKEN","SVW","B","9494","B-SVW-VERKEERSTEKEN_BORD_G13-SO","VERKEERSTEKEN_BORD_G13","SO"
"http://digitalbuildingdata.tech/nlcs/def/41bda373-4a73-4c23-bd38-154dee2cecf2","VERKEERSTEKEN","SVW","B","9495","B-SVW-VERKEERSTEKEN_BORD_G14-SO","VERKEERSTEKEN_BORD_G14","SO"
"http://digitalbuildingdata.tech/nlcs/def/067b44d5-c796-4939-ace3-ce6fc2580fd4","VERKEERSTEKEN","SVW","B","9496","B-SVW-VERKEERSTEKEN_BORD_H01-SO","VERKEERSTEKEN_BORD_H01","SO"
"http://digitalbuildingdata.tech/nlcs/def/86ce511c-aa13-4cdf-a234-f092abf97a91","VERKEERSTEKEN","SVW","B","9497","B-SVW-VERKEERSTEKEN_BORD_H01_A-SO","VERKEERSTEKEN_BORD_H01_A","SO"
"http://digitalbuildingdata.tech/nlcs/def/7068922b-e3fc-48b2-99d9-f8c616215e94","VERKEERSTEKEN","SVW","B","9498","B-SVW-VERKEERSTEKEN_BORD_H01_B-SO","VERKEERSTEKEN_BORD_H01_SO","SO"
"http://digitalbuildingdata.tech/nlcs/def/015ca64f-312f-49f7-a58d-cfd2b85eef5e","VERKEERSTEKEN","SVW","B","9499","B-SVW-VERKEERSTEKEN_BORD_H01_C-SO","VERKEERSTEKEN_BORD_H01_C","SO"
"http://digitalbuildingdata.tech/nlcs/def/44fc7902-7a8d-4f32-9b83-243f22071950","VERKEERSTEKEN","SVW","B","9500","B-SVW-VERKEERSTEKEN_BORD_H02_A-SO","VERKEERSTEKEN_BORD_H02_A","SO"
"http://digitalbuildingdata.tech/nlcs/def/10ea7526-17bc-4aa8-ba79-545dee883577","VERKEERSTEKEN","SVW","B","9501","B-SVW-VERKEERSTEKEN_BORD_H02_B-SO","VERKEERSTEKEN_BORD_H02_SO","SO"
"http://digitalbuildingdata.tech/nlcs/def/bbcecb90-7b62-43f9-9354-11f0cabb5208","VERKEERSTEKEN","SVW","B","9502","B-SVW-VERKEERSTEKEN_BORD_H02_C-SO","VERKEERSTEKEN_BORD_H02_C","SO"
"http://digitalbuildingdata.tech/nlcs/def/479aff03-e027-4c05-a1f1-23d1e38d7bb6","VERKEERSTEKEN","SVW","B","9503","B-SVW-VERKEERSTEKEN_BORD_H03_A-SO","VERKEERSTEKEN_BORD_H03_A","SO"
"http://digitalbuildingdata.tech/nlcs/def/472fdcf0-1321-4237-a8c7-7b2d2ebcfb6c","VERKEERSTEKEN","SVW","B","9504","B-SVW-VERKEERSTEKEN_BORD_H03_B-SO","VERKEERSTEKEN_BORD_H03_SO","SO"
"http://digitalbuildingdata.tech/nlcs/def/2a614707-0bd5-4936-a213-d87d8bfbd4b8","VERKEERSTEKEN","SVW","B","9505","B-SVW-VERKEERSTEKEN_BORD_H03_C-SO","VERKEERSTEKEN_BORD_H03_C","SO"
"http://digitalbuildingdata.tech/nlcs/def/f2c50945-3a75-4823-a008-2f77f0f87664","VERKEERSTEKEN","SVW","B","9506","B-SVW-VERKEERSTEKEN_BORD_J01-SO","VERKEERSTEKEN_BORD_J01","SO"
"http://digitalbuildingdata.tech/nlcs/def/1c6ac654-b361-40f0-bfe7-9ad0bf1b4655","VERKEERSTEKEN","SVW","B","9507","B-SVW-VERKEERSTEKEN_BORD_J02-SO","VERKEERSTEKEN_BORD_J02","SO"
"http://digitalbuildingdata.tech/nlcs/def/b5f8945c-b9f1-4b66-ae89-b3800e1d0bba","VERKEERSTEKEN","SVW","B","9508","B-SVW-VERKEERSTEKEN_BORD_J03-SO","VERKEERSTEKEN_BORD_J03","SO"
"http://digitalbuildingdata.tech/nlcs/def/ee210d9b-247d-467b-94f7-916cea3dc4e4","VERKEERSTEKEN","SVW","B","9509","B-SVW-VERKEERSTEKEN_BORD_J04-SO","VERKEERSTEKEN_BORD_J04","SO"
"http://digitalbuildingdata.tech/nlcs/def/b5d4dbb0-486e-4cf6-8b3d-695ef9d8cdf7","VERKEERSTEKEN","SVW","B","9510","B-SVW-VERKEERSTEKEN_BORD_J05-SO","VERKEERSTEKEN_BORD_J05","SO"
"http://digitalbuildingdata.tech/nlcs/def/fb8e5d9a-aa1b-442c-b2bc-bc3f87148ead","VERKEERSTEKEN","SVW","B","9511","B-SVW-VERKEERSTEKEN_BORD_J06-SO","VERKEERSTEKEN_BORD_J06","SO"
"http://digitalbuildingdata.tech/nlcs/def/e6455c6c-0710-4c76-aae7-81b73e3df4e5","VERKEERSTEKEN","SVW","B","9512","B-SVW-VERKEERSTEKEN_BORD_J07-SO","VERKEERSTEKEN_BORD_J07","SO"
"http://digitalbuildingdata.tech/nlcs/def/fd176bfe-49b0-4267-adea-694db8b5c244","VERKEERSTEKEN","SVW","B","9513","B-SVW-VERKEERSTEKEN_BORD_J08-SO","VERKEERSTEKEN_BORD_J08","SO"
"http://digitalbuildingdata.tech/nlcs/def/89c640d4-08eb-414a-bf93-6a585598469c","VERKEERSTEKEN","SVW","B","9514","B-SVW-VERKEERSTEKEN_BORD_J09-SO","VERKEERSTEKEN_BORD_J09","SO"
"http://digitalbuildingdata.tech/nlcs/def/fbeddefa-2c70-46c0-a0f2-54dcf9abfabd","VERKEERSTEKEN","SVW","B","9515","B-SVW-VERKEERSTEKEN_BORD_J10-SO","VERKEERSTEKEN_BORD_J10","SO"
"http://digitalbuildingdata.tech/nlcs/def/b465b4da-0dad-4ae2-ab2a-dfbdae783c4e","VERKEERSTEKEN","SVW","B","9516","B-SVW-VERKEERSTEKEN_BORD_J11-SO","VERKEERSTEKEN_BORD_J11","SO"
"http://digitalbuildingdata.tech/nlcs/def/e3cbba39-8960-4c5f-a2a1-08bda0985435","VERKEERSTEKEN","SVW","B","9517","B-SVW-VERKEERSTEKEN_BORD_J12-SO","VERKEERSTEKEN_BORD_J12","SO"
"http://digitalbuildingdata.tech/nlcs/def/6af2eb03-3f4f-4c09-9f56-67acc1ec320e","VERKEERSTEKEN","SVW","B","9518","B-SVW-VERKEERSTEKEN_BORD_J13-SO","VERKEERSTEKEN_BORD_J13","SO"
"http://digitalbuildingdata.tech/nlcs/def/901d5133-27ea-428d-9791-2a98087e3e0b","VERKEERSTEKEN","SVW","B","9519","B-SVW-VERKEERSTEKEN_BORD_J14-SO","VERKEERSTEKEN_BORD_J14","SO"
"http://digitalbuildingdata.tech/nlcs/def/0cbb4550-31e5-4340-8811-fa9a00c4fa61","VERKEERSTEKEN","SVW","B","9520","B-SVW-VERKEERSTEKEN_BORD_J15-SO","VERKEERSTEKEN_BORD_J15","SO"
"http://digitalbuildingdata.tech/nlcs/def/c47ede00-0e42-4540-b114-699bc76ef7f3","VERKEERSTEKEN","SVW","B","9521","B-SVW-VERKEERSTEKEN_BORD_J16-SO","VERKEERSTEKEN_BORD_J16","SO"
"http://digitalbuildingdata.tech/nlcs/def/91d6d339-7500-4404-a709-499ae64ad071","VERKEERSTEKEN","SVW","B","9522","B-SVW-VERKEERSTEKEN_BORD_J17-SO","VERKEERSTEKEN_BORD_J17","SO"
"http://digitalbuildingdata.tech/nlcs/def/993116bc-f28f-4136-9c2c-d7f7017064c9","VERKEERSTEKEN","SVW","B","9523","B-SVW-VERKEERSTEKEN_BORD_J18-SO","VERKEERSTEKEN_BORD_J18","SO"
"http://digitalbuildingdata.tech/nlcs/def/762368ea-7872-4c92-9fb6-0f35e0b3b18b","VERKEERSTEKEN","SVW","B","9524","B-SVW-VERKEERSTEKEN_BORD_J19-SO","VERKEERSTEKEN_BORD_J19","SO"
"http://digitalbuildingdata.tech/nlcs/def/96a7acc3-d7dc-4777-b7dc-1e8af0ae8af6","VERKEERSTEKEN","SVW","B","9525","B-SVW-VERKEERSTEKEN_BORD_J20-SO","VERKEERSTEKEN_BORD_J20","SO"
"http://digitalbuildingdata.tech/nlcs/def/7efc1d5a-bb02-4f5c-8713-0755f9105881","VERKEERSTEKEN","SVW","B","9526","B-SVW-VERKEERSTEKEN_BORD_J20_F-SO","VERKEERSTEKEN_BORD_J20_F","SO"
"http://digitalbuildingdata.tech/nlcs/def/6f6d26ef-c18a-4ef3-b27a-99cd62577a2a","VERKEERSTEKEN","SVW","B","9527","B-SVW-VERKEERSTEKEN_BORD_J21-SO","VERKEERSTEKEN_BORD_J21","SO"
"http://digitalbuildingdata.tech/nlcs/def/d0ee6c09-6dc1-4f89-9d7b-6c02623f43e9","VERKEERSTEKEN","SVW","B","9528","B-SVW-VERKEERSTEKEN_BORD_J21_F-SO","VERKEERSTEKEN_BORD_J21_F","SO"
"http://digitalbuildingdata.tech/nlcs/def/f8be4127-6d77-4be9-aec7-1d9bc6de81ac","VERKEERSTEKEN","SVW","B","9529","B-SVW-VERKEERSTEKEN_BORD_J21_F_OB1004-SO","VERKEERSTEKEN_BORD_J21_F_OB1004","SO"
"http://digitalbuildingdata.tech/nlcs/def/a31534aa-ef18-4c11-bb55-10148c092c6f","VERKEERSTEKEN","SVW","B","9530","B-SVW-VERKEERSTEKEN_BORD_J21_F_OB1004_A01_030-SO","VERKEERSTEKEN_BORD_J21_F_OB1004_A01_030","SO"
"http://digitalbuildingdata.tech/nlcs/def/26058870-49ed-468b-a6a0-de7a3d24eac9","VERKEERSTEKEN","SVW","B","9531","B-SVW-VERKEERSTEKEN_BORD_J22-SO","VERKEERSTEKEN_BORD_J22","SO"
"http://digitalbuildingdata.tech/nlcs/def/2bbd2596-79c8-49ec-904e-b00e391f0342","VERKEERSTEKEN","SVW","B","9532","B-SVW-VERKEERSTEKEN_BORD_J22_F-SO","VERKEERSTEKEN_BORD_J22_F","SO"
"http://digitalbuildingdata.tech/nlcs/def/361f6a04-b0ff-477e-be30-c767925c3527","VERKEERSTEKEN","SVW","B","9533","B-SVW-VERKEERSTEKEN_BORD_J23-SO","VERKEERSTEKEN_BORD_J23","SO"
"http://digitalbuildingdata.tech/nlcs/def/3d13cba9-6c66-4436-801d-eb6f9ce95639","VERKEERSTEKEN","SVW","B","9534","B-SVW-VERKEERSTEKEN_BORD_J24-SO","VERKEERSTEKEN_BORD_J24","SO"
"http://digitalbuildingdata.tech/nlcs/def/090e4480-d48c-4c96-8eba-8c44d28de4b8","VERKEERSTEKEN","SVW","B","9535","B-SVW-VERKEERSTEKEN_BORD_J24F-SO","VERKEERSTEKEN_BORD_J24F","SO"
"http://digitalbuildingdata.tech/nlcs/def/dd8b89c6-0f72-4151-9c48-34467c47c227","VERKEERSTEKEN","SVW","B","9536","B-SVW-VERKEERSTEKEN_BORD_J25-SO","VERKEERSTEKEN_BORD_J25","SO"
"http://digitalbuildingdata.tech/nlcs/def/166ad830-e218-49e1-a608-dca3af3274ec","VERKEERSTEKEN","SVW","B","9537","B-SVW-VERKEERSTEKEN_BORD_J26-SO","VERKEERSTEKEN_BORD_J26","SO"
"http://digitalbuildingdata.tech/nlcs/def/4c12e84b-3410-45e1-964c-fffd64a29249","VERKEERSTEKEN","SVW","B","9538","B-SVW-VERKEERSTEKEN_BORD_J27-SO","VERKEERSTEKEN_BORD_J27","SO"
"http://digitalbuildingdata.tech/nlcs/def/d04cf9b4-5fe5-453e-9506-49a580e50ed7","VERKEERSTEKEN","SVW","B","9539","B-SVW-VERKEERSTEKEN_BORD_J28-SO","VERKEERSTEKEN_BORD_J28","SO"
"http://digitalbuildingdata.tech/nlcs/def/555c4ff0-7756-48f5-bd7d-1ace1f1ee5f9","VERKEERSTEKEN","SVW","B","9540","B-SVW-VERKEERSTEKEN_BORD_J29-SO","VERKEERSTEKEN_BORD_J29","SO"
"http://digitalbuildingdata.tech/nlcs/def/9b5120ff-3f4a-450e-b024-cbb60dd34fcc","VERKEERSTEKEN","SVW","B","9541","B-SVW-VERKEERSTEKEN_BORD_J30-SO","VERKEERSTEKEN_BORD_J30","SO"
"http://digitalbuildingdata.tech/nlcs/def/60abdfae-6da6-43f8-9329-1021bb308def","VERKEERSTEKEN","SVW","B","9542","B-SVW-VERKEERSTEKEN_BORD_J31-SO","VERKEERSTEKEN_BORD_J31","SO"
"http://digitalbuildingdata.tech/nlcs/def/4cb0de7c-8823-4054-bf6f-ecfc02f9d897","VERKEERSTEKEN","SVW","B","9543","B-SVW-VERKEERSTEKEN_BORD_J32-SO","VERKEERSTEKEN_BORD_J32","SO"
"http://digitalbuildingdata.tech/nlcs/def/ef0474db-d418-47d3-b93d-539e3dcc6d61","VERKEERSTEKEN","SVW","B","9544","B-SVW-VERKEERSTEKEN_BORD_J33-SO","VERKEERSTEKEN_BORD_J33","SO"
"http://digitalbuildingdata.tech/nlcs/def/c8e89b32-a6b1-4e29-95d7-30efa358c5bc","VERKEERSTEKEN","SVW","B","9545","B-SVW-VERKEERSTEKEN_BORD_J34-SO","VERKEERSTEKEN_BORD_J34","SO"
"http://digitalbuildingdata.tech/nlcs/def/1163a789-7ffe-479c-9588-899661e9bbd5","VERKEERSTEKEN","SVW","B","9546","B-SVW-VERKEERSTEKEN_BORD_J35-SO","VERKEERSTEKEN_BORD_J35","SO"
"http://digitalbuildingdata.tech/nlcs/def/d7bd6d10-9da3-4876-ac81-98f81c705f06","VERKEERSTEKEN","SVW","B","9547","B-SVW-VERKEERSTEKEN_BORD_J36-SO","VERKEERSTEKEN_BORD_J36","SO"
"http://digitalbuildingdata.tech/nlcs/def/8cd5b609-5611-40af-bfe5-bede91370ea2","VERKEERSTEKEN","SVW","B","9548","B-SVW-VERKEERSTEKEN_BORD_J37-SO","VERKEERSTEKEN_BORD_J37","SO"
"http://digitalbuildingdata.tech/nlcs/def/38ccb05c-a930-46c9-a23e-4114ab5f8ca7","VERKEERSTEKEN","SVW","B","9549","B-SVW-VERKEERSTEKEN_BORD_J38-SO","VERKEERSTEKEN_BORD_J38","SO"
"http://digitalbuildingdata.tech/nlcs/def/ee8dd6fc-44a3-4aac-bc4b-17017401e929","VERKEERSTEKEN","SVW","B","9550","B-SVW-VERKEERSTEKEN_BORD_J39-SO","VERKEERSTEKEN_BORD_J39","SO"
"http://digitalbuildingdata.tech/nlcs/def/06d1a3c7-2de2-4e5c-9075-5b30a4519ee5","VERKEERSTEKEN","SVW","B","9551","B-SVW-VERKEERSTEKEN_BORD_K14-SO","VERKEERSTEKEN_BORD_K14","SO"
"http://digitalbuildingdata.tech/nlcs/def/749a1fdd-1a47-41a4-ab75-9fe3f1742d44","VERKEERSTEKEN","SVW","B","9552","B-SVW-VERKEERSTEKEN_BORD_L01-SO","VERKEERSTEKEN_BORD_L01","SO"
"http://digitalbuildingdata.tech/nlcs/def/5f6d2d23-c28c-4336-a3bb-23bf5fea54b5","VERKEERSTEKEN","SVW","B","9553","B-SVW-VERKEERSTEKEN_BORD_L02-SO","VERKEERSTEKEN_BORD_L02","SO"
"http://digitalbuildingdata.tech/nlcs/def/39e72e57-936f-49cb-97c6-69cbdffa1ed5","VERKEERSTEKEN","SVW","B","9554","B-SVW-VERKEERSTEKEN_BORD_L02_F-SO","VERKEERSTEKEN_BORD_L02_F","SO"
"http://digitalbuildingdata.tech/nlcs/def/58dffd23-30a6-40c0-b0ce-329cde38b6b7","VERKEERSTEKEN","SVW","B","9555","B-SVW-VERKEERSTEKEN_BORD_L02_F_OB1003-SO","VERKEERSTEKEN_BORD_L02_F_OB1003","SO"
"http://digitalbuildingdata.tech/nlcs/def/d368eca0-1171-402b-a9bc-d6d31f6df3e0","VERKEERSTEKEN","SVW","B","9556","B-SVW-VERKEERSTEKEN_BORD_L03-SO","VERKEERSTEKEN_BORD_L03","SO"
"http://digitalbuildingdata.tech/nlcs/def/3c0b937b-05f3-42b8-808e-3969c44433dc","VERKEERSTEKEN","SVW","B","9557","B-SVW-VERKEERSTEKEN_BORD_L03_A-SO","VERKEERSTEKEN_BORD_L03_A","SO"
"http://digitalbuildingdata.tech/nlcs/def/c280b492-397f-4367-a856-11a0adbf95a5","VERKEERSTEKEN","SVW","B","9558","B-SVW-VERKEERSTEKEN_BORD_L03_B-SO","VERKEERSTEKEN_BORD_L03_SO","SO"
"http://digitalbuildingdata.tech/nlcs/def/21aca13a-9bac-4faa-8699-2e8ffe667008","VERKEERSTEKEN","SVW","B","9559","B-SVW-VERKEERSTEKEN_BORD_L03_C-SO","VERKEERSTEKEN_BORD_L03_C","SO"
"http://digitalbuildingdata.tech/nlcs/def/cc795b6b-e77a-41b6-b6bf-6fff4a01f731","VERKEERSTEKEN","SVW","B","9560","B-SVW-VERKEERSTEKEN_BORD_L04-SO","VERKEERSTEKEN_BORD_L04","SO"
"http://digitalbuildingdata.tech/nlcs/def/8e93913b-93e7-4501-b95a-2fe0a05f7a15","VERKEERSTEKEN","SVW","B","9561","B-SVW-VERKEERSTEKEN_BORD_L05-SO","VERKEERSTEKEN_BORD_L05","SO"
"http://digitalbuildingdata.tech/nlcs/def/80554e90-db5d-4c17-a7ff-c596802fd67a","VERKEERSTEKEN","SVW","B","9562","B-SVW-VERKEERSTEKEN_BORD_L06-SO","VERKEERSTEKEN_BORD_L06","SO"
"http://digitalbuildingdata.tech/nlcs/def/c6074a3b-5962-4669-a178-b7f61f4005c4","VERKEERSTEKEN","SVW","B","9563","B-SVW-VERKEERSTEKEN_BORD_L07-SO","VERKEERSTEKEN_BORD_L07","SO"
"http://digitalbuildingdata.tech/nlcs/def/0c012e90-c24e-4de6-8fb8-75b2ccfd59c7","VERKEERSTEKEN","SVW","B","9564","B-SVW-VERKEERSTEKEN_BORD_L08-SO","VERKEERSTEKEN_BORD_L08","SO"
"http://digitalbuildingdata.tech/nlcs/def/19b5502d-53ea-40c4-a7e5-acd77248cf20","VERKEERSTEKEN","SVW","B","9565","B-SVW-VERKEERSTEKEN_BORD_L09L-SO","VERKEERSTEKEN_BORD_L09L","SO"
"http://digitalbuildingdata.tech/nlcs/def/9cc2904a-5225-46e7-bdcd-503d07f29f18","VERKEERSTEKEN","SVW","B","9566","B-SVW-VERKEERSTEKEN_BORD_L09R-SO","VERKEERSTEKEN_BORD_L09R","SO"
"http://digitalbuildingdata.tech/nlcs/def/0e40a3d9-cec7-4623-8192-98101f3bb41f","VERKEERSTEKEN","SVW","B","9567","B-SVW-VERKEERSTEKEN_BORD_L09_1L-SO","VERKEERSTEKEN_BORD_L09_1L","SO"
"http://digitalbuildingdata.tech/nlcs/def/c7cff06a-efc8-46be-9e16-d9329ce61fcc","VERKEERSTEKEN","SVW","B","9568","B-SVW-VERKEERSTEKEN_BORD_L09_1R-SO","VERKEERSTEKEN_BORD_L09_1R","SO"
"http://digitalbuildingdata.tech/nlcs/def/f9e77ace-a7d4-40e0-807e-3627bacb1748","VERKEERSTEKEN","SVW","B","9569","B-SVW-VERKEERSTEKEN_BORD_L09_2L-SO","VERKEERSTEKEN_BORD_L09_2L","SO"
"http://digitalbuildingdata.tech/nlcs/def/2b1a104d-29f7-4ecf-bd97-217f0dcc5061","VERKEERSTEKEN","SVW","B","9570","B-SVW-VERKEERSTEKEN_BORD_L09_2R-SO","VERKEERSTEKEN_BORD_L09_2R","SO"
"http://digitalbuildingdata.tech/nlcs/def/ad9f381a-eb5b-4a95-9bf3-eeb6bb378f9f","VERKEERSTEKEN","SVW","B","9571","B-SVW-VERKEERSTEKEN_BORD_L09_3L-SO","VERKEERSTEKEN_BORD_L09_3L","SO"
"http://digitalbuildingdata.tech/nlcs/def/b32d3f38-50ba-4241-81d9-788dd3f8e10a","VERKEERSTEKEN","SVW","B","9572","B-SVW-VERKEERSTEKEN_BORD_L09_3R-SO","VERKEERSTEKEN_BORD_L09_3R","SO"
"http://digitalbuildingdata.tech/nlcs/def/89e9f59b-8231-4f9c-a24b-d6adcd64154d","VERKEERSTEKEN","SVW","B","9573","B-SVW-VERKEERSTEKEN_BORD_L09_4L-SO","VERKEERSTEKEN_BORD_L09_4L","SO"
"http://digitalbuildingdata.tech/nlcs/def/4f87ec3d-b475-46bb-8ac7-f72c12977ca0","VERKEERSTEKEN","SVW","B","9574","B-SVW-VERKEERSTEKEN_BORD_L09_4R-SO","VERKEERSTEKEN_BORD_L09_4R","SO"
"http://digitalbuildingdata.tech/nlcs/def/6b78e3a7-fc2f-4933-9f13-f9f569519d29","VERKEERSTEKEN","SVW","B","9575","B-SVW-VERKEERSTEKEN_BORD_L09_5L-SO","VERKEERSTEKEN_BORD_L09_5L","SO"
"http://digitalbuildingdata.tech/nlcs/def/f009ebe0-b6b1-41a8-891e-addef8d5b2b7","VERKEERSTEKEN","SVW","B","9576","B-SVW-VERKEERSTEKEN_BORD_L09_5R-SO","VERKEERSTEKEN_BORD_L09_5R","SO"
"http://digitalbuildingdata.tech/nlcs/def/ae65a6f7-f452-4ceb-89c6-e3ee694a837a","VERKEERSTEKEN","SVW","B","9577","B-SVW-VERKEERSTEKEN_BORD_L09_6L-SO","VERKEERSTEKEN_BORD_L09_6L","SO"
"http://digitalbuildingdata.tech/nlcs/def/b3d11ad3-53b4-4203-bf80-82c04150e72b","VERKEERSTEKEN","SVW","B","9578","B-SVW-VERKEERSTEKEN_BORD_L09_6R-SO","VERKEERSTEKEN_BORD_L09_6R","SO"
"http://digitalbuildingdata.tech/nlcs/def/fd4f2f05-0ecb-46fd-823f-7c11baecc916","VERKEERSTEKEN","SVW","B","9579","B-SVW-VERKEERSTEKEN_BORD_L09_7-SO","VERKEERSTEKEN_BORD_L09_7","SO"
"http://digitalbuildingdata.tech/nlcs/def/28f786b8-52af-442c-8232-23648248d731","VERKEERSTEKEN","SVW","B","9580","B-SVW-VERKEERSTEKEN_BORD_L09_8-SO","VERKEERSTEKEN_BORD_L09_8","SO"
"http://digitalbuildingdata.tech/nlcs/def/240a1da9-99aa-4354-ae1e-ad61bad690ca","VERKEERSTEKEN","SVW","B","9581","B-SVW-VERKEERSTEKEN_BORD_L10-SO","VERKEERSTEKEN_BORD_L10","SO"
"http://digitalbuildingdata.tech/nlcs/def/d030ca5e-eb46-4ba4-ba29-2388c3fccac3","VERKEERSTEKEN","SVW","B","9582","B-SVW-VERKEERSTEKEN_BORD_L11-SO","VERKEERSTEKEN_BORD_L11","SO"
"http://digitalbuildingdata.tech/nlcs/def/8869aa23-b3b1-4e32-9758-85e90133279a","VERKEERSTEKEN","SVW","B","9583","B-SVW-VERKEERSTEKEN_BORD_L12-SO","VERKEERSTEKEN_BORD_L12","SO"
"http://digitalbuildingdata.tech/nlcs/def/09c14d54-e433-4846-8915-f2dd7deb2d79","VERKEERSTEKEN","SVW","B","9584","B-SVW-VERKEERSTEKEN_BORD_L13-SO","VERKEERSTEKEN_BORD_L13","SO"
"http://digitalbuildingdata.tech/nlcs/def/66e52fed-4730-45fe-9352-b03e332ad1c1","VERKEERSTEKEN","SVW","B","9585","B-SVW-VERKEERSTEKEN_BORD_L14-SO","VERKEERSTEKEN_BORD_L14","SO"
"http://digitalbuildingdata.tech/nlcs/def/7ffd36af-7ef8-4d5e-8418-59771a1b8fcd","VERKEERSTEKEN","SVW","B","9586","B-SVW-VERKEERSTEKEN_BORD_L15-SO","VERKEERSTEKEN_BORD_L15","SO"
"http://digitalbuildingdata.tech/nlcs/def/ff01cab8-9911-4862-aff7-c7b2c6bbca87","VERKEERSTEKEN","SVW","B","9587","B-SVW-VERKEERSTEKEN_BORD_L16-SO","VERKEERSTEKEN_BORD_L16","SO"
"http://digitalbuildingdata.tech/nlcs/def/217a3834-163c-418d-a413-9174ac0b7516","VERKEERSTEKEN","SVW","B","9588","B-SVW-VERKEERSTEKEN_BORD_L17-SO","VERKEERSTEKEN_BORD_L17","SO"
"http://digitalbuildingdata.tech/nlcs/def/78161729-f210-4088-8d03-4f033a59b2d6","VERKEERSTEKEN","SVW","B","9589","B-SVW-VERKEERSTEKEN_BORD_L18-SO","VERKEERSTEKEN_BORD_L18","SO"
"http://digitalbuildingdata.tech/nlcs/def/e96c2ae8-7119-453c-96b8-0dccf09182ae","VERKEERSTEKEN","SVW","B","9590","B-SVW-VERKEERSTEKEN_BORD_L19_L-SO","VERKEERSTEKEN_BORD_L19_L","SO"
"http://digitalbuildingdata.tech/nlcs/def/8b8d4603-5a6f-491b-8623-34e529d093b1","VERKEERSTEKEN","SVW","B","9591","B-SVW-VERKEERSTEKEN_BORD_L19_R-SO","VERKEERSTEKEN_BORD_L19_R","SO"
"http://digitalbuildingdata.tech/nlcs/def/edd47f57-fc78-4d46-8e81-3f44761e170c","VERKEERSTEKEN","SVW","B","9592","B-SVW-VERKEERSTEKEN_BORD_L20-SO","VERKEERSTEKEN_BORD_L20","SO"
"http://digitalbuildingdata.tech/nlcs/def/2c309490-6f6d-4175-b4f5-d746fcddbb9d","VERKEERSTEKEN","SVW","B","9593","B-SVW-VERKEERSTEKEN_BORD_L21-SO","VERKEERSTEKEN_BORD_L21","SO"
"http://digitalbuildingdata.tech/nlcs/def/fc31be00-c574-4afd-83c1-3918d2c6dca3","POLLER","SVW","","9594","SVW-POLLER_KAST-SO","POLLER_KAST","SO"
"http://digitalbuildingdata.tech/nlcs/def/f8937dee-1b97-41e1-b859-6d78a7679bf1","VERKEERSTEKEN","SVW","","9595","SVW-VERKEERSTEKEN_BORD_A01_005-SO","VERKEERSTEKEN_BORD_A01_005","SO"
"http://digitalbuildingdata.tech/nlcs/def/2e739424-951c-41c7-8196-6740452e8ab0","VERKEERSTEKEN","SVW","","9596","SVW-VERKEERSTEKEN_BORD_A01_010-SO","VERKEERSTEKEN_BORD_A01_010","SO"
"http://digitalbuildingdata.tech/nlcs/def/e22310de-1c2c-4199-af99-fa66f0a90167","VERKEERSTEKEN","SVW","","9597","SVW-VERKEERSTEKEN_BORD_A01_015-SO","VERKEERSTEKEN_BORD_A01_015","SO"
"http://digitalbuildingdata.tech/nlcs/def/5fbd60c5-54ad-45d7-acc6-6b15f4e0edfa","VERKEERSTEKEN","SVW","","9598","SVW-VERKEERSTEKEN_BORD_A01_030-SO","VERKEERSTEKEN_BORD_A01_030","SO"
"http://digitalbuildingdata.tech/nlcs/def/76330a86-d65c-48ab-b361-0f4588fbb05e","VERKEERSTEKEN","SVW","","9599","SVW-VERKEERSTEKEN_BORD_A01_030_F-SO","VERKEERSTEKEN_BORD_A01_030_F","SO"
"http://digitalbuildingdata.tech/nlcs/def/1891b22d-fde1-4494-9f77-b8cd31756857","VERKEERSTEKEN","SVW","","9600","SVW-VERKEERSTEKEN_BORD_A01_030_S-SO","VERKEERSTEKEN_BORD_A01_030_S","SO"
"http://digitalbuildingdata.tech/nlcs/def/4501c394-cd33-4cb5-bf69-b5abed61a9ac","VERKEERSTEKEN","SVW","","9601","SVW-VERKEERSTEKEN_BORD_A01_030_ZB-SO","VERKEERSTEKEN_BORD_A01_030_ZB","SO"
"http://digitalbuildingdata.tech/nlcs/def/72ca0788-3d00-4e16-8562-862847e8b274","VERKEERSTEKEN","SVW","","9602","SVW-VERKEERSTEKEN_BORD_A01_030_ZH-SO","VERKEERSTEKEN_BORD_A01_030_ZH","SO"
"http://digitalbuildingdata.tech/nlcs/def/d66226d6-8de4-47b5-892e-58e082444878","VERKEERSTEKEN","SVW","","9603","SVW-VERKEERSTEKEN_BORD_A01_050-SO","VERKEERSTEKEN_BORD_A01_050","SO"
"http://digitalbuildingdata.tech/nlcs/def/73f89d57-5bb9-41d2-b51e-afa9113f21bc","VERKEERSTEKEN","SVW","","9604","SVW-VERKEERSTEKEN_BORD_A01_050_F-SO","VERKEERSTEKEN_BORD_A01_050_F","SO"
"http://digitalbuildingdata.tech/nlcs/def/3c86035b-4158-433b-94c3-873784a45547","VERKEERSTEKEN","SVW","","9605","SVW-VERKEERSTEKEN_BORD_A01_050_S-SO","VERKEERSTEKEN_BORD_A01_050_S","SO"
"http://digitalbuildingdata.tech/nlcs/def/6cad9c1b-3dae-4376-bcde-c85efa299a70","VERKEERSTEKEN","SVW","","9606","SVW-VERKEERSTEKEN_BORD_A01_050_ZB-SO","VERKEERSTEKEN_BORD_A01_050_ZB","SO"
"http://digitalbuildingdata.tech/nlcs/def/38cc3d63-32a1-4ad1-9561-5f3a29059de1","VERKEERSTEKEN","SVW","","9607","SVW-VERKEERSTEKEN_BORD_A01_050_ZH-SO","VERKEERSTEKEN_BORD_A01_050_ZH","SO"
"http://digitalbuildingdata.tech/nlcs/def/29920452-651c-4cd8-a1f3-fc71971bbe53","VERKEERSTEKEN","SVW","","9608","SVW-VERKEERSTEKEN_BORD_A01_060-SO","VERKEERSTEKEN_BORD_A01_060","SO"
"http://digitalbuildingdata.tech/nlcs/def/3e58954b-3afb-44e5-82be-dfee159de288","VERKEERSTEKEN","SVW","","9609","SVW-VERKEERSTEKEN_BORD_A01_060_F-SO","VERKEERSTEKEN_BORD_A01_060_F","SO"
"http://digitalbuildingdata.tech/nlcs/def/dafbc3df-d6b3-4f5b-ad41-4db1fb29d1f2","VERKEERSTEKEN","SVW","","9610","SVW-VERKEERSTEKEN_BORD_A01_060_S-SO","VERKEERSTEKEN_BORD_A01_060_S","SO"
"http://digitalbuildingdata.tech/nlcs/def/5235f011-e8c9-45b1-9d70-69d785a66ff5","VERKEERSTEKEN","SVW","","9611","SVW-VERKEERSTEKEN_BORD_A01_060_ZB-SO","VERKEERSTEKEN_BORD_A01_060_ZB","SO"
"http://digitalbuildingdata.tech/nlcs/def/9cec9077-c274-4083-ab38-f5d70efa5f9c","VERKEERSTEKEN","SVW","","9612","SVW-VERKEERSTEKEN_BORD_A01_060_ZH-SO","VERKEERSTEKEN_BORD_A01_060_ZH","SO"
"http://digitalbuildingdata.tech/nlcs/def/71d3c40b-2401-4d34-b2f1-0df1f5140499","VERKEERSTEKEN","SVW","","9613","SVW-VERKEERSTEKEN_BORD_A01_070-SO","VERKEERSTEKEN_BORD_A01_070","SO"
"http://digitalbuildingdata.tech/nlcs/def/67d88202-19ef-4370-8ef6-8eea803cbe2d","VERKEERSTEKEN","SVW","","9614","SVW-VERKEERSTEKEN_BORD_A01_070_F-SO","VERKEERSTEKEN_BORD_A01_070_F","SO"
"http://digitalbuildingdata.tech/nlcs/def/818e519e-5b71-47e0-b04c-12c4ff954feb","VERKEERSTEKEN","SVW","","9615","SVW-VERKEERSTEKEN_BORD_A01_070_S-SO","VERKEERSTEKEN_BORD_A01_070_S","SO"
"http://digitalbuildingdata.tech/nlcs/def/b9d53e91-d097-4a58-a248-8f3af3a29223","VERKEERSTEKEN","SVW","","9616","SVW-VERKEERSTEKEN_BORD_A01_080-SO","VERKEERSTEKEN_BORD_A01_080","SO"
"http://digitalbuildingdata.tech/nlcs/def/bd22c710-1d5a-433d-a325-122df2bec71e","VERKEERSTEKEN","SVW","","9617","SVW-VERKEERSTEKEN_BORD_A01_080_F-SO","VERKEERSTEKEN_BORD_A01_080_F","SO"
"http://digitalbuildingdata.tech/nlcs/def/7960e3fe-cdbe-4675-aa95-084c6448d449","VERKEERSTEKEN","SVW","","9618","SVW-VERKEERSTEKEN_BORD_A01_080_S-SO","VERKEERSTEKEN_BORD_A01_080_S","SO"
"http://digitalbuildingdata.tech/nlcs/def/a854bea0-45a5-4dd8-b2f3-358c9ce70573","VERKEERSTEKEN","SVW","","9619","SVW-VERKEERSTEKEN_BORD_A01_090-SO","VERKEERSTEKEN_BORD_A01_090","SO"
"http://digitalbuildingdata.tech/nlcs/def/d895f134-f99b-4c3e-a4ce-a41bd15ed1dd","VERKEERSTEKEN","SVW","","9620","SVW-VERKEERSTEKEN_BORD_A01_090_F-SO","VERKEERSTEKEN_BORD_A01_090_F","SO"
"http://digitalbuildingdata.tech/nlcs/def/0d017f3d-84e4-4c48-9e7d-83e4c92dafd4","VERKEERSTEKEN","SVW","","9621","SVW-VERKEERSTEKEN_BORD_A01_090_S-SO","VERKEERSTEKEN_BORD_A01_090_S","SO"
"http://digitalbuildingdata.tech/nlcs/def/f9d1dd5b-4cf3-4b64-903f-091151c1ccd7","VERKEERSTEKEN","SVW","","9622","SVW-VERKEERSTEKEN_BORD_A01_100-SO","VERKEERSTEKEN_BORD_A01_100","SO"
"http://digitalbuildingdata.tech/nlcs/def/b0b1b966-072b-4c77-b33d-21a5007f51e9","VERKEERSTEKEN","SVW","","9623","SVW-VERKEERSTEKEN_BORD_A01_100_F-SO","VERKEERSTEKEN_BORD_A01_100_F","SO"
"http://digitalbuildingdata.tech/nlcs/def/dc8fcfc7-7288-453b-a45c-21bf1c4e5f32","VERKEERSTEKEN","SVW","","9624","SVW-VERKEERSTEKEN_BORD_A01_100_S-SO","VERKEERSTEKEN_BORD_A01_100_S","SO"
"http://digitalbuildingdata.tech/nlcs/def/9a23bdd3-1a25-43cf-a254-7d2c22129dd3","VERKEERSTEKEN","SVW","","9625","SVW-VERKEERSTEKEN_BORD_A01_100_S_TIJD-SO","VERKEERSTEKEN_BORD_A01_100_S_TIJD","SO"
"http://digitalbuildingdata.tech/nlcs/def/c954196f-1005-43fb-8654-af5d85217b21","VERKEERSTEKEN","SVW","","9626","SVW-VERKEERSTEKEN_BORD_A01_120-SO","VERKEERSTEKEN_BORD_A01_120","SO"
"http://digitalbuildingdata.tech/nlcs/def/121398e6-e651-4768-afa4-bdfe25da5725","VERKEERSTEKEN","SVW","","9627","SVW-VERKEERSTEKEN_BORD_A01_120_F-SO","VERKEERSTEKEN_BORD_A01_120_F","SO"
"http://digitalbuildingdata.tech/nlcs/def/b20b1d03-af9e-4549-adae-cce924ddf099","VERKEERSTEKEN","SVW","","9628","SVW-VERKEERSTEKEN_BORD_A01_120_S-SO","VERKEERSTEKEN_BORD_A01_120_S","SO"
"http://digitalbuildingdata.tech/nlcs/def/213db5e5-d19f-4455-8419-d7b7f556bac2","VERKEERSTEKEN","SVW","","9629","SVW-VERKEERSTEKEN_BORD_A01_120_S_TIJD-SO","VERKEERSTEKEN_BORD_A01_120_S_TIJD","SO"
"http://digitalbuildingdata.tech/nlcs/def/5eae776a-84e1-4ed9-9ff9-e06da1fb9cce","VERKEERSTEKEN","SVW","","9630","SVW-VERKEERSTEKEN_BORD_A01_130-SO","VERKEERSTEKEN_BORD_A01_130","SO"
"http://digitalbuildingdata.tech/nlcs/def/5b1cadc5-70b4-4d48-aea6-08a53af3bf5a","VERKEERSTEKEN","SVW","","9631","SVW-VERKEERSTEKEN_BORD_A01_130_F-SO","VERKEERSTEKEN_BORD_A01_130_F","SO"
"http://digitalbuildingdata.tech/nlcs/def/a11417d8-3f25-4264-a598-cdbd3bfa0b14","VERKEERSTEKEN","SVW","","9632","SVW-VERKEERSTEKEN_BORD_A01_130_S-SO","VERKEERSTEKEN_BORD_A01_130_S","SO"
"http://digitalbuildingdata.tech/nlcs/def/ce462aba-f98a-407a-9e3a-30fab2e5ffc2","VERKEERSTEKEN","SVW","","9633","SVW-VERKEERSTEKEN_BORD_A01_130_S_TIJD-SO","VERKEERSTEKEN_BORD_A01_130_S_TIJD","SO"
"http://digitalbuildingdata.tech/nlcs/def/8aa2b2c8-b9ac-4ead-bf7f-368b03eb22c1","VERKEERSTEKEN","SVW","","9634","SVW-VERKEERSTEKEN_BORD_A02_015-SO","VERKEERSTEKEN_BORD_A02_015","SO"
"http://digitalbuildingdata.tech/nlcs/def/c395644c-b763-4425-8f30-58b661357a4a","VERKEERSTEKEN","SVW","","9635","SVW-VERKEERSTEKEN_BORD_A02_030-SO","VERKEERSTEKEN_BORD_A02_030","SO"
"http://digitalbuildingdata.tech/nlcs/def/6102f062-6f34-49cf-a287-693190518c7a","VERKEERSTEKEN","SVW","","9636","SVW-VERKEERSTEKEN_BORD_A02_030_ZE-SO","VERKEERSTEKEN_BORD_A02_030_ZE","SO"
"http://digitalbuildingdata.tech/nlcs/def/6095d786-7c33-47db-a046-b7f82a53cd6b","VERKEERSTEKEN","SVW","","9637","SVW-VERKEERSTEKEN_BORD_A02_050-SO","VERKEERSTEKEN_BORD_A02_050","SO"
"http://digitalbuildingdata.tech/nlcs/def/c325fc1f-c1b0-422e-a718-daad384073cb","VERKEERSTEKEN","SVW","","9638","SVW-VERKEERSTEKEN_BORD_A02_050_ZE-SO","VERKEERSTEKEN_BORD_A02_050_ZE","SO"
"http://digitalbuildingdata.tech/nlcs/def/f1093bab-5309-4b53-a305-27dc3a73eed6","VERKEERSTEKEN","SVW","","9639","SVW-VERKEERSTEKEN_BORD_A02_060-SO","VERKEERSTEKEN_BORD_A02_060","SO"
"http://digitalbuildingdata.tech/nlcs/def/054d5c04-b7bc-4b2d-87ae-bb593d04563f","VERKEERSTEKEN","SVW","","9640","SVW-VERKEERSTEKEN_BORD_A02_060_ZE-SO","VERKEERSTEKEN_BORD_A02_060_ZE","SO"
"http://digitalbuildingdata.tech/nlcs/def/8598d0d7-8746-4a29-b393-064b3254965b","VERKEERSTEKEN","SVW","","9641","SVW-VERKEERSTEKEN_BORD_A02_070-SO","VERKEERSTEKEN_BORD_A02_070","SO"
"http://digitalbuildingdata.tech/nlcs/def/c7ae06d0-20cb-4591-b76c-84de62c3af39","VERKEERSTEKEN","SVW","","9642","SVW-VERKEERSTEKEN_BORD_A02_080-SO","VERKEERSTEKEN_BORD_A02_080","SO"
"http://digitalbuildingdata.tech/nlcs/def/dc3c7cf0-385d-4c2a-9cc8-2444941c1f2f","VERKEERSTEKEN","SVW","","9643","SVW-VERKEERSTEKEN_BORD_A02_090-SO","VERKEERSTEKEN_BORD_A02_090","SO"
"http://digitalbuildingdata.tech/nlcs/def/1e64a2e3-3dc7-49ff-aec9-19074ce209d1","VERKEERSTEKEN","SVW","","9644","SVW-VERKEERSTEKEN_BORD_A02_100-SO","VERKEERSTEKEN_BORD_A02_100","SO"
"http://digitalbuildingdata.tech/nlcs/def/a2972285-3708-41ac-9967-9e8c168a5aad","VERKEERSTEKEN","SVW","","9645","SVW-VERKEERSTEKEN_BORD_A02_120-SO","VERKEERSTEKEN_BORD_A02_120","SO"
"http://digitalbuildingdata.tech/nlcs/def/5ee74756-8a48-4397-9127-0ef5d4aa4bfc","VERKEERSTEKEN","SVW","","9646","SVW-VERKEERSTEKEN_BORD_A02_130-SO","VERKEERSTEKEN_BORD_A02_130","SO"
"http://digitalbuildingdata.tech/nlcs/def/9c1c918b-9db6-42cf-b662-d1d884e415a0","VERKEERSTEKEN","SVW","","9647","SVW-VERKEERSTEKEN_BORD_A03_030-SO","VERKEERSTEKEN_BORD_A03_030","SO"
"http://digitalbuildingdata.tech/nlcs/def/573a14a1-ff93-4623-8724-3253458fd3b1","VERKEERSTEKEN","SVW","","9648","SVW-VERKEERSTEKEN_BORD_A03_050-SO","VERKEERSTEKEN_BORD_A03_050","SO"
"http://digitalbuildingdata.tech/nlcs/def/cd144ffc-9e66-4609-96fa-ed9e7d2dd75c","VERKEERSTEKEN","SVW","","9649","SVW-VERKEERSTEKEN_BORD_A03_070-SO","VERKEERSTEKEN_BORD_A03_070","SO"
"http://digitalbuildingdata.tech/nlcs/def/cbce1170-dfea-49ff-bbdc-aa3eac811f19","VERKEERSTEKEN","SVW","","9650","SVW-VERKEERSTEKEN_BORD_A03_080-SO","VERKEERSTEKEN_BORD_A03_080","SO"
"http://digitalbuildingdata.tech/nlcs/def/36c2c966-7490-45f7-aa4e-0d79968b4a33","VERKEERSTEKEN","SVW","","9651","SVW-VERKEERSTEKEN_BORD_A03_090-SO","VERKEERSTEKEN_BORD_A03_090","SO"
"http://digitalbuildingdata.tech/nlcs/def/c13de810-7338-4567-85ac-90d61b17fd58","VERKEERSTEKEN","SVW","","9652","SVW-VERKEERSTEKEN_BORD_A04_030-SO","VERKEERSTEKEN_BORD_A04_030","SO"
"http://digitalbuildingdata.tech/nlcs/def/696c3119-8186-47c3-8473-36aedd2ce4b4","VERKEERSTEKEN","SVW","","9653","SVW-VERKEERSTEKEN_BORD_A04_030_F-SO","VERKEERSTEKEN_BORD_A04_030_F","SO"
"http://digitalbuildingdata.tech/nlcs/def/ebca3ad6-8e21-40a1-8616-42f11cf71428","VERKEERSTEKEN","SVW","","9654","SVW-VERKEERSTEKEN_BORD_A04_040-SO","VERKEERSTEKEN_BORD_A04_040","SO"
"http://digitalbuildingdata.tech/nlcs/def/2aa45826-8913-4bb3-a2fa-499355fd571e","VERKEERSTEKEN","SVW","","9655","SVW-VERKEERSTEKEN_BORD_A04_040_F-SO","VERKEERSTEKEN_BORD_A04_040_F","SO"
"http://digitalbuildingdata.tech/nlcs/def/0a9bfcec-620e-4167-8986-7feb4e7addb5","VERKEERSTEKEN","SVW","","9656","SVW-VERKEERSTEKEN_BORD_A04_050-SO","VERKEERSTEKEN_BORD_A04_050","SO"
"http://digitalbuildingdata.tech/nlcs/def/300264db-05e6-4cc8-a909-ec93563fd5a5","VERKEERSTEKEN","SVW","","9657","SVW-VERKEERSTEKEN_BORD_A04_050_F-SO","VERKEERSTEKEN_BORD_A04_050_F","SO"
"http://digitalbuildingdata.tech/nlcs/def/41382ce5-18ea-46fb-aa97-108cf48b3f75","VERKEERSTEKEN","SVW","","9658","SVW-VERKEERSTEKEN_BORD_A04_060-SO","VERKEERSTEKEN_BORD_A04_060","SO"
"http://digitalbuildingdata.tech/nlcs/def/2342a18c-0c4b-455c-8189-02980e1074de","VERKEERSTEKEN","SVW","","9659","SVW-VERKEERSTEKEN_BORD_A04_060_F-SO","VERKEERSTEKEN_BORD_A04_060_F","SO"
"http://digitalbuildingdata.tech/nlcs/def/adc05546-c8f2-4c8f-9f17-ffe38c79a517","VERKEERSTEKEN","SVW","","9660","SVW-VERKEERSTEKEN_BORD_A04_070-SO","VERKEERSTEKEN_BORD_A04_070","SO"
"http://digitalbuildingdata.tech/nlcs/def/47807da3-34dc-4edc-838a-b26279dcf6fb","VERKEERSTEKEN","SVW","","9661","SVW-VERKEERSTEKEN_BORD_A04_070_F-SO","VERKEERSTEKEN_BORD_A04_070_F","SO"
"http://digitalbuildingdata.tech/nlcs/def/81a0fe17-2fae-422d-b953-a11c097c6a4f","VERKEERSTEKEN","SVW","","9662","SVW-VERKEERSTEKEN_BORD_A04_080-SO","VERKEERSTEKEN_BORD_A04_080","SO"
"http://digitalbuildingdata.tech/nlcs/def/53bebff5-fb2e-45b3-b000-29800806c5d3","VERKEERSTEKEN","SVW","","9663","SVW-VERKEERSTEKEN_BORD_A04_080_F-SO","VERKEERSTEKEN_BORD_A04_080_F","SO"
"http://digitalbuildingdata.tech/nlcs/def/2fcb1f52-a227-49c8-90b3-8d1f018abaca","VERKEERSTEKEN","SVW","","9664","SVW-VERKEERSTEKEN_BORD_A04_090-SO","VERKEERSTEKEN_BORD_A04_090","SO"
"http://digitalbuildingdata.tech/nlcs/def/b757d384-c896-4a17-b58a-6e84fc93921d","VERKEERSTEKEN","SVW","","9665","SVW-VERKEERSTEKEN_BORD_A04_090_F-SO","VERKEERSTEKEN_BORD_A04_090_F","SO"
"http://digitalbuildingdata.tech/nlcs/def/3f3a453a-7f80-413c-bb99-5af699f1f005","VERKEERSTEKEN","SVW","","9666","SVW-VERKEERSTEKEN_BORD_A05_030-SO","VERKEERSTEKEN_BORD_A05_030","SO"
"http://digitalbuildingdata.tech/nlcs/def/13b3465a-84f1-4b99-9d9c-d84071f0c000","VERKEERSTEKEN","SVW","","9667","SVW-VERKEERSTEKEN_BORD_A05_040-SO","VERKEERSTEKEN_BORD_A05_040","SO"
"http://digitalbuildingdata.tech/nlcs/def/93627a19-95c8-485d-b6b4-6cf139fe3741","VERKEERSTEKEN","SVW","","9668","SVW-VERKEERSTEKEN_BORD_A05_050-SO","VERKEERSTEKEN_BORD_A05_050","SO"
"http://digitalbuildingdata.tech/nlcs/def/052ec648-16ac-4448-a01e-7e87de598e2b","VERKEERSTEKEN","SVW","","9669","SVW-VERKEERSTEKEN_BORD_A05_060-SO","VERKEERSTEKEN_BORD_A05_060","SO"
"http://digitalbuildingdata.tech/nlcs/def/1b27b97d-225e-4072-823b-067a0870df8f","VERKEERSTEKEN","SVW","","9670","SVW-VERKEERSTEKEN_BORD_A05_070-SO","VERKEERSTEKEN_BORD_A05_070","SO"
"http://digitalbuildingdata.tech/nlcs/def/0113aa88-3126-460a-a455-2903824ceccb","VERKEERSTEKEN","SVW","","9671","SVW-VERKEERSTEKEN_BORD_A05_080-SO","VERKEERSTEKEN_BORD_A05_080","SO"
"http://digitalbuildingdata.tech/nlcs/def/4bde3f94-2e76-4114-bd60-7f9d23c8fb5a","VERKEERSTEKEN","SVW","","9672","SVW-VERKEERSTEKEN_BORD_A05_090-SO","VERKEERSTEKEN_BORD_A05_090","SO"
"http://digitalbuildingdata.tech/nlcs/def/624bc4f2-27d8-4480-97b4-d6ce480d0e3b","VERKEERSTEKEN","SVW","","9673","SVW-VERKEERSTEKEN_BORD_B01-SO","VERKEERSTEKEN_BORD_B01","SO"
"http://digitalbuildingdata.tech/nlcs/def/ef3f12c9-8119-4a32-9dc4-9ce3b7f0c2dc","VERKEERSTEKEN","SVW","","9674","SVW-VERKEERSTEKEN_BORD_B02-SO","VERKEERSTEKEN_BORD_B02","SO"
"http://digitalbuildingdata.tech/nlcs/def/7962d81d-c2f2-4575-8ed1-a8d2b983cce3","VERKEERSTEKEN","SVW","","9675","SVW-VERKEERSTEKEN_BORD_B03-SO","VERKEERSTEKEN_BORD_B03","SO"
"http://digitalbuildingdata.tech/nlcs/def/c07e9fb8-19e3-454e-8a44-8d3d070bf982","VERKEERSTEKEN","SVW","","9676","SVW-VERKEERSTEKEN_BORD_B04-SO","VERKEERSTEKEN_BORD_B04","SO"
"http://digitalbuildingdata.tech/nlcs/def/16dd5f8e-5ec5-48e5-9589-c4519fcb0880","VERKEERSTEKEN","SVW","","9677","SVW-VERKEERSTEKEN_BORD_B05-SO","VERKEERSTEKEN_BORD_B05","SO"
"http://digitalbuildingdata.tech/nlcs/def/62a0a6ca-8e9a-4fb3-83a0-77f44942942d","VERKEERSTEKEN","SVW","","9678","SVW-VERKEERSTEKEN_BORD_B06-SO","VERKEERSTEKEN_BORD_B06","SO"
"http://digitalbuildingdata.tech/nlcs/def/4c43159f-ab15-43f7-87b3-c78fe431d036","VERKEERSTEKEN","SVW","","9679","SVW-VERKEERSTEKEN_BORD_B06_F-SO","VERKEERSTEKEN_BORD_B06_F","SO"
"http://digitalbuildingdata.tech/nlcs/def/2a837dca-bf5e-49d4-be01-f87b4ca63bde","VERKEERSTEKEN","SVW","","9680","SVW-VERKEERSTEKEN_BORD_B06_F_OB02_OB503-SO","VERKEERSTEKEN_BORD_B06_F_OB02_OB503","SO"
"http://digitalbuildingdata.tech/nlcs/def/10f945c1-46fe-464e-bd71-1c7e194c2518","VERKEERSTEKEN","SVW","","9681","SVW-VERKEERSTEKEN_BORD_B06_F_OB401-SO","VERKEERSTEKEN_BORD_B06_F_OB401","SO"
"http://digitalbuildingdata.tech/nlcs/def/6b49956e-9229-4c9d-b78a-dc4ae724b03b","VERKEERSTEKEN","SVW","","9682","SVW-VERKEERSTEKEN_BORD_B07-SO","VERKEERSTEKEN_BORD_B07","SO"
"http://digitalbuildingdata.tech/nlcs/def/76cce470-6484-4bfb-9231-647ee9fd9bc8","VERKEERSTEKEN","SVW","","9683","SVW-VERKEERSTEKEN_BORD_B07_F-SO","VERKEERSTEKEN_BORD_B07_F","SO"
"http://digitalbuildingdata.tech/nlcs/def/d26ef69c-1dff-4be0-85c0-e19e7659dc08","VERKEERSTEKEN","SVW","","9684","SVW-VERKEERSTEKEN_BORD_B07_F_OB401-SO","VERKEERSTEKEN_BORD_B07_F_OB401","SO"
"http://digitalbuildingdata.tech/nlcs/def/2fbf44af-99f9-421b-b3b4-2753dfcd4b23","VERKEERSTEKEN","SVW","","9685","SVW-VERKEERSTEKEN_BORD_C01-SO","VERKEERSTEKEN_BORD_C01","SO"
"http://digitalbuildingdata.tech/nlcs/def/7bbc22b9-b773-4aeb-a74e-65e9927d589f","VERKEERSTEKEN","SVW","","9686","SVW-VERKEERSTEKEN_BORD_C02-SO","VERKEERSTEKEN_BORD_C02","SO"
"http://digitalbuildingdata.tech/nlcs/def/ca0ddbca-e06b-4f86-9a75-f6d5e39a3621","VERKEERSTEKEN","SVW","","9687","SVW-VERKEERSTEKEN_BORD_C02_F_OB705-SO","VERKEERSTEKEN_BORD_C02_F_OB705","SO"
"http://digitalbuildingdata.tech/nlcs/def/dfe2c836-6ad4-48f5-8ece-f61b0e611826","VERKEERSTEKEN","SVW","","9688","SVW-VERKEERSTEKEN_BORD_C03-SO","VERKEERSTEKEN_BORD_C03","SO"
"http://digitalbuildingdata.tech/nlcs/def/93527d87-22c1-4548-90ba-2b20df20922d","VERKEERSTEKEN","SVW","","9689","SVW-VERKEERSTEKEN_BORD_C04_L-SO","VERKEERSTEKEN_BORD_C04_L","SO"
"http://digitalbuildingdata.tech/nlcs/def/1ba535de-7218-4f3e-99a1-25ddaf6c68b6","VERKEERSTEKEN","SVW","","9690","SVW-VERKEERSTEKEN_BORD_C04_R-SO","VERKEERSTEKEN_BORD_C04_R","SO"
"http://digitalbuildingdata.tech/nlcs/def/c998ee4c-455d-4da8-b5a1-395f67cd956b","VERKEERSTEKEN","SVW","","9691","SVW-VERKEERSTEKEN_BORD_C05-SO","VERKEERSTEKEN_BORD_C05","SO"
"http://digitalbuildingdata.tech/nlcs/def/099aa6dd-a314-4868-8560-e8f0809d3ae0","VERKEERSTEKEN","SVW","","9692","SVW-VERKEERSTEKEN_BORD_C06-SO","VERKEERSTEKEN_BORD_C06","SO"
"http://digitalbuildingdata.tech/nlcs/def/71efc763-6c88-45cb-b048-707a5bffa0e4","VERKEERSTEKEN","SVW","","9693","SVW-VERKEERSTEKEN_BORD_C06_ZB-SO","VERKEERSTEKEN_BORD_C06_ZB","SO"
"http://digitalbuildingdata.tech/nlcs/def/2a24159e-50d6-4c7f-b58b-c37fd28542a4","VERKEERSTEKEN","SVW","","9694","SVW-VERKEERSTEKEN_BORD_C06_ZE-SO","VERKEERSTEKEN_BORD_C06_ZE","SO"
"http://digitalbuildingdata.tech/nlcs/def/c045c669-1fbc-4e6c-afa3-ab128096c9d2","VERKEERSTEKEN","SVW","","9695","SVW-VERKEERSTEKEN_BORD_C06_ZH-SO","VERKEERSTEKEN_BORD_C06_ZH","SO"
"http://digitalbuildingdata.tech/nlcs/def/33bde461-366e-4cfd-a833-e6983e50cb29","VERKEERSTEKEN","SVW","","9696","SVW-VERKEERSTEKEN_BORD_C07-SO","VERKEERSTEKEN_BORD_C07","SO"
"http://digitalbuildingdata.tech/nlcs/def/04a4f7eb-1d36-473d-8f0b-14c447a20d7d","VERKEERSTEKEN","SVW","","9697","SVW-VERKEERSTEKEN_BORD_C07_A-SO","VERKEERSTEKEN_BORD_C07_A","SO"
"http://digitalbuildingdata.tech/nlcs/def/5c537297-2354-47ee-9e75-bfbc70c1f236","VERKEERSTEKEN","SVW","","9698","SVW-VERKEERSTEKEN_BORD_C07_B-SO","VERKEERSTEKEN_BORD_C07_B","SO"
"http://digitalbuildingdata.tech/nlcs/def/e1929269-4cbb-4806-8903-a407a90eba19","VERKEERSTEKEN","SVW","","9699","SVW-VERKEERSTEKEN_BORD_C07_C-SO","VERKEERSTEKEN_BORD_C07_C","SO"
"http://digitalbuildingdata.tech/nlcs/def/b49e9ba8-bc67-4aa0-9895-b343dbb9d3f3","VERKEERSTEKEN","SVW","","9700","SVW-VERKEERSTEKEN_BORD_C07_ZB-SO","VERKEERSTEKEN_BORD_C07_ZB","SO"
"http://digitalbuildingdata.tech/nlcs/def/035b47a6-eb7f-4a21-a827-bfa8301cf4f6","VERKEERSTEKEN","SVW","","9701","SVW-VERKEERSTEKEN_BORD_C07_ZE-SO","VERKEERSTEKEN_BORD_C07_ZE","SO"
"http://digitalbuildingdata.tech/nlcs/def/a8d44d0f-3f11-4e76-987a-8c1535025501","VERKEERSTEKEN","SVW","","9702","SVW-VERKEERSTEKEN_BORD_C07_ZH-SO","VERKEERSTEKEN_BORD_C07_ZH","SO"
"http://digitalbuildingdata.tech/nlcs/def/e2ee1260-d414-4cda-913b-b42f3b24af6c","VERKEERSTEKEN","SVW","","9703","SVW-VERKEERSTEKEN_BORD_C08-SO","VERKEERSTEKEN_BORD_C08","SO"
"http://digitalbuildingdata.tech/nlcs/def/57a518ad-5e3a-4a73-8603-7479905319bc","VERKEERSTEKEN","SVW","","9704","SVW-VERKEERSTEKEN_BORD_C09-SO","VERKEERSTEKEN_BORD_C09","SO"
"http://digitalbuildingdata.tech/nlcs/def/ddc9ac65-1a5d-402f-86c6-a79a6055acba","VERKEERSTEKEN","SVW","","9705","SVW-VERKEERSTEKEN_BORD_C10-SO","VERKEERSTEKEN_BORD_C10","SO"
"http://digitalbuildingdata.tech/nlcs/def/58b982c2-f612-46a0-aa0f-8d1f83cc9463","VERKEERSTEKEN","SVW","","9706","SVW-VERKEERSTEKEN_BORD_C11-SO","VERKEERSTEKEN_BORD_C11","SO"
"http://digitalbuildingdata.tech/nlcs/def/c1ad08d6-6c83-42ec-9270-225db29a6078","VERKEERSTEKEN","SVW","","9707","SVW-VERKEERSTEKEN_BORD_C12-SO","VERKEERSTEKEN_BORD_C12","SO"
"http://digitalbuildingdata.tech/nlcs/def/f537024c-c191-4db4-b708-0afdcd3b2b2b","VERKEERSTEKEN","SVW","","9708","SVW-VERKEERSTEKEN_BORD_C12_ZB-SO","VERKEERSTEKEN_BORD_C12_ZB","SO"
"http://digitalbuildingdata.tech/nlcs/def/45d76e08-f1a1-4b34-a3a9-b540dd9d1402","VERKEERSTEKEN","SVW","","9709","SVW-VERKEERSTEKEN_BORD_C12_ZE-SO","VERKEERSTEKEN_BORD_C12_ZE","SO"
"http://digitalbuildingdata.tech/nlcs/def/e0f754a1-8130-4ddf-85de-295369c147dc","VERKEERSTEKEN","SVW","","9710","SVW-VERKEERSTEKEN_BORD_C12_ZH-SO","VERKEERSTEKEN_BORD_C12_ZH","SO"
"http://digitalbuildingdata.tech/nlcs/def/46ad878d-0767-447a-8186-74db006b2b5f","VERKEERSTEKEN","SVW","","9711","SVW-VERKEERSTEKEN_BORD_C13-SO","VERKEERSTEKEN_BORD_C13","SO"
"http://digitalbuildingdata.tech/nlcs/def/17915b7a-1f6d-4886-9d2b-22f9531cd001","VERKEERSTEKEN","SVW","","9712","SVW-VERKEERSTEKEN_BORD_C14-SO","VERKEERSTEKEN_BORD_C14","SO"
"http://digitalbuildingdata.tech/nlcs/def/2c1b6e69-6e33-449a-b158-613c68c185a2","VERKEERSTEKEN","SVW","","9713","SVW-VERKEERSTEKEN_BORD_C15-SO","VERKEERSTEKEN_BORD_C15","SO"
"http://digitalbuildingdata.tech/nlcs/def/85ffb9d4-df3b-4816-a644-48a5a6e7e9f1","VERKEERSTEKEN","SVW","","9714","SVW-VERKEERSTEKEN_BORD_C16-SO","VERKEERSTEKEN_BORD_C16","SO"
"http://digitalbuildingdata.tech/nlcs/def/cf56e18d-bd21-4a7b-ba5c-826be2fce24a","VERKEERSTEKEN","SVW","","9715","SVW-VERKEERSTEKEN_BORD_C17-SO","VERKEERSTEKEN_BORD_C17","SO"
"http://digitalbuildingdata.tech/nlcs/def/fa44e792-590a-49f6-af1d-c1a07376fb6e","VERKEERSTEKEN","SVW","","9716","SVW-VERKEERSTEKEN_BORD_C18-SO","VERKEERSTEKEN_BORD_C18","SO"
"http://digitalbuildingdata.tech/nlcs/def/24afeaea-0ce5-4954-9fc3-8b6be7ccfb3c","VERKEERSTEKEN","SVW","","9717","SVW-VERKEERSTEKEN_BORD_C19-SO","VERKEERSTEKEN_BORD_C19","SO"
"http://digitalbuildingdata.tech/nlcs/def/d0d411a0-cfbf-4792-9edc-97e88258db63","VERKEERSTEKEN","SVW","","9718","SVW-VERKEERSTEKEN_BORD_C20-SO","VERKEERSTEKEN_BORD_C20","SO"
"http://digitalbuildingdata.tech/nlcs/def/38414f9b-90e0-4492-818d-e7a5aa60871e","VERKEERSTEKEN","SVW","","9719","SVW-VERKEERSTEKEN_BORD_C21-SO","VERKEERSTEKEN_BORD_C21","SO"
"http://digitalbuildingdata.tech/nlcs/def/31e0407f-ce69-406f-aeb0-bf34c1fc6487","VERKEERSTEKEN","SVW","","9720","SVW-VERKEERSTEKEN_BORD_C22-SO","VERKEERSTEKEN_BORD_C22","SO"
"http://digitalbuildingdata.tech/nlcs/def/25612b51-45ea-40e1-ab44-f07df7f11c76","VERKEERSTEKEN","SVW","","9721","SVW-VERKEERSTEKEN_BORD_C22_A-SO","VERKEERSTEKEN_BORD_C22_A","SO"
"http://digitalbuildingdata.tech/nlcs/def/91518f34-31b7-4740-b16d-772b7b82249c","VERKEERSTEKEN","SVW","","9722","SVW-VERKEERSTEKEN_BORD_C22_A1-SO","VERKEERSTEKEN_BORD_C22_A1","SO"
"http://digitalbuildingdata.tech/nlcs/def/81e8732e-6350-4524-8f0f-1a5e548f9933","VERKEERSTEKEN","SVW","","9723","SVW-VERKEERSTEKEN_BORD_C22_A2-SO","VERKEERSTEKEN_BORD_C22_A2","SO"
"http://digitalbuildingdata.tech/nlcs/def/d4443bd3-0b04-4038-94f0-d36ba7a34a37","VERKEERSTEKEN","SVW","","9724","SVW-VERKEERSTEKEN_BORD_C22_A3-SO","VERKEERSTEKEN_BORD_C22_A3","SO"
"http://digitalbuildingdata.tech/nlcs/def/b15faa17-d7f8-40b3-a5b4-c878f66d10d6","VERKEERSTEKEN","SVW","","9725","SVW-VERKEERSTEKEN_BORD_C22_A4-SO","VERKEERSTEKEN_BORD_C22_A4","SO"
"http://digitalbuildingdata.tech/nlcs/def/38eeb819-15a5-45b6-8c62-544e9ba05fad","VERKEERSTEKEN","SVW","","9726","SVW-VERKEERSTEKEN_BORD_C22_A5-SO","VERKEERSTEKEN_BORD_C22_A5","SO"
"http://digitalbuildingdata.tech/nlcs/def/d579e3a5-0c4f-42a8-89ae-34eed20d020d","VERKEERSTEKEN","SVW","","9727","SVW-VERKEERSTEKEN_BORD_C22_A6-SO","VERKEERSTEKEN_BORD_C22_A6","SO"
"http://digitalbuildingdata.tech/nlcs/def/29527860-1d4e-4635-a8d4-d8e9e4ed672d","VERKEERSTEKEN","SVW","","9728","SVW-VERKEERSTEKEN_BORD_C22_A7-SO","VERKEERSTEKEN_BORD_C22_A7","SO"
"http://digitalbuildingdata.tech/nlcs/def/45876335-4963-4df7-ba33-42a30ae7f251","VERKEERSTEKEN","SVW","","9729","SVW-VERKEERSTEKEN_BORD_C22_A8-SO","VERKEERSTEKEN_BORD_C22_A8","SO"
"http://digitalbuildingdata.tech/nlcs/def/6b3bf4bb-5b7a-40c0-8d56-499ff993196a","VERKEERSTEKEN","SVW","","9730","SVW-VERKEERSTEKEN_BORD_C22_A9-SO","VERKEERSTEKEN_BORD_C22_A9","SO"
"http://digitalbuildingdata.tech/nlcs/def/e8e5debb-5c19-45cb-9801-3ed1d39f564f","VERKEERSTEKEN","SVW","","9731","SVW-VERKEERSTEKEN_BORD_C22_B-SO","VERKEERSTEKEN_BORD_C22_B","SO"
"http://digitalbuildingdata.tech/nlcs/def/1713d4da-ea53-467e-a313-263940f72d5b","VERKEERSTEKEN","SVW","","9732","SVW-VERKEERSTEKEN_BORD_C22_C-SO","VERKEERSTEKEN_BORD_C22_C","SO"
"http://digitalbuildingdata.tech/nlcs/def/d0f3eb9c-91b9-411b-bf6d-4d9abb1a800d","VERKEERSTEKEN","SVW","","9733","SVW-VERKEERSTEKEN_BORD_C22_C1-SO","VERKEERSTEKEN_BORD_C22_C1","SO"
"http://digitalbuildingdata.tech/nlcs/def/c3fa4fc9-1b3e-4afb-880c-5f165178431e","VERKEERSTEKEN","SVW","","9734","SVW-VERKEERSTEKEN_BORD_C22_D-SO","VERKEERSTEKEN_BORD_C22_D","SO"
"http://digitalbuildingdata.tech/nlcs/def/acc772c5-b5b8-4d5a-8323-cc5be2eee0d6","VERKEERSTEKEN","SVW","","9735","SVW-VERKEERSTEKEN_BORD_C23-SO","VERKEERSTEKEN_BORD_C23","SO"
"http://digitalbuildingdata.tech/nlcs/def/887ad49c-d8ff-45db-aae7-feb7d203121d","VERKEERSTEKEN","SVW","","9736","SVW-VERKEERSTEKEN_BORD_C23_01-SO","VERKEERSTEKEN_BORD_C23_01","SO"
"http://digitalbuildingdata.tech/nlcs/def/cad3fa41-fd5a-41b7-be9f-e20054d37740","VERKEERSTEKEN","SVW","","9737","SVW-VERKEERSTEKEN_BORD_C23_02-SO","VERKEERSTEKEN_BORD_C23_02","SO"
"http://digitalbuildingdata.tech/nlcs/def/4f271634-9b5e-4c3e-912b-8cd21630e7bf","VERKEERSTEKEN","SVW","","9738","SVW-VERKEERSTEKEN_BORD_C23_03-SO","VERKEERSTEKEN_BORD_C23_03","SO"
"http://digitalbuildingdata.tech/nlcs/def/594c910b-683f-40c8-b0e2-f1d485348506","VERKEERSTEKEN","SVW","","9739","SVW-VERKEERSTEKEN_BORD_D01-SO","VERKEERSTEKEN_BORD_D01","SO"
"http://digitalbuildingdata.tech/nlcs/def/1605759d-0fea-49de-bee5-f02c81e5f72a","VERKEERSTEKEN","SVW","","9740","SVW-VERKEERSTEKEN_BORD_D01_F-SO","VERKEERSTEKEN_BORD_D01_F","SO"
"http://digitalbuildingdata.tech/nlcs/def/f8b74163-2b78-4706-93af-7f648cb5199e","VERKEERSTEKEN","SVW","","9741","SVW-VERKEERSTEKEN_BORD_D02_LB-SO","VERKEERSTEKEN_BORD_D02_LB","SO"
"http://digitalbuildingdata.tech/nlcs/def/8e1dea77-9609-495d-b1a7-baff54dd89ef","VERKEERSTEKEN","SVW","","9742","SVW-VERKEERSTEKEN_BORD_D02_LO-SO","VERKEERSTEKEN_BORD_D02_LO","SO"
"http://digitalbuildingdata.tech/nlcs/def/c08ab0d7-22c7-47d2-937a-4fcdb3521ed6","VERKEERSTEKEN","SVW","","9743","SVW-VERKEERSTEKEN_BORD_D02_RB-SO","VERKEERSTEKEN_BORD_D02_RB","SO"
"http://digitalbuildingdata.tech/nlcs/def/7cc3498d-b366-46d8-8371-f85be7884930","VERKEERSTEKEN","SVW","","9744","SVW-VERKEERSTEKEN_BORD_D02_RO-SO","VERKEERSTEKEN_BORD_D02_RO","SO"
"http://digitalbuildingdata.tech/nlcs/def/ac7491e6-f8b7-4f92-a66f-da314b3fd701","VERKEERSTEKEN","SVW","","9745","SVW-VERKEERSTEKEN_BORD_D03-SO","VERKEERSTEKEN_BORD_D03","SO"
"http://digitalbuildingdata.tech/nlcs/def/51cd4d84-c58e-4b89-8760-70522bee1865","VERKEERSTEKEN","SVW","","9746","SVW-VERKEERSTEKEN_BORD_D04-SO","VERKEERSTEKEN_BORD_D04","SO"
"http://digitalbuildingdata.tech/nlcs/def/7f4d8127-5848-4e5c-99e2-a23d21712c4d","VERKEERSTEKEN","SVW","","9747","SVW-VERKEERSTEKEN_BORD_D05_L-SO","VERKEERSTEKEN_BORD_D05_L","SO"
"http://digitalbuildingdata.tech/nlcs/def/546d0029-01b4-4998-8dba-5920a6e74c96","VERKEERSTEKEN","SVW","","9748","SVW-VERKEERSTEKEN_BORD_D05_R-SO","VERKEERSTEKEN_BORD_D05_R","SO"
"http://digitalbuildingdata.tech/nlcs/def/4299f641-a644-43ae-ac2b-130aca770362","VERKEERSTEKEN","SVW","","9749","SVW-VERKEERSTEKEN_BORD_D06_L-SO","VERKEERSTEKEN_BORD_D06_L","SO"
"http://digitalbuildingdata.tech/nlcs/def/37b9d23d-f5eb-4057-ac9d-975ecc469fd3","VERKEERSTEKEN","SVW","","9750","SVW-VERKEERSTEKEN_BORD_D06_R-SO","VERKEERSTEKEN_BORD_D06_R","SO"
"http://digitalbuildingdata.tech/nlcs/def/5eab166e-a6bc-4234-8cdd-9d7049057498","VERKEERSTEKEN","SVW","","9751","SVW-VERKEERSTEKEN_BORD_D07-SO","VERKEERSTEKEN_BORD_D07","SO"
"http://digitalbuildingdata.tech/nlcs/def/122101e8-040d-409e-accc-bb1a00bb59cb","VERKEERSTEKEN","SVW","","9752","SVW-VERKEERSTEKEN_BORD_D08-SO","VERKEERSTEKEN_BORD_D08","SO"
"http://digitalbuildingdata.tech/nlcs/def/bea9f42c-defb-408b-8048-1e78487aa9fb","VERKEERSTEKEN","SVW","","9753","SVW-VERKEERSTEKEN_BORD_E01-SO","VERKEERSTEKEN_BORD_E01","SO"
"http://digitalbuildingdata.tech/nlcs/def/eef6873c-8f7c-43d1-91d9-6a479e8c3387","VERKEERSTEKEN","SVW","","9754","SVW-VERKEERSTEKEN_BORD_E01_ZB-SO","VERKEERSTEKEN_BORD_E01_ZB","SO"
"http://digitalbuildingdata.tech/nlcs/def/e2a455bf-262a-4bd1-91bf-7df6e8c618be","VERKEERSTEKEN","SVW","","9755","SVW-VERKEERSTEKEN_BORD_E01_ZB_TIJD-SO","VERKEERSTEKEN_BORD_E01_ZB_TIJD","SO"
"http://digitalbuildingdata.tech/nlcs/def/df3007e1-9c1f-46ad-8d2b-37427ee9ac10","VERKEERSTEKEN","SVW","","9756","SVW-VERKEERSTEKEN_BORD_E01_ZE-SO","VERKEERSTEKEN_BORD_E01_ZE","SO"
"http://digitalbuildingdata.tech/nlcs/def/17786c0d-e0e7-4a46-896e-1ae5296b4403","VERKEERSTEKEN","SVW","","9757","SVW-VERKEERSTEKEN_BORD_E01_ZE_TIJD-SO","VERKEERSTEKEN_BORD_E01_ZE_TIJD","SO"
"http://digitalbuildingdata.tech/nlcs/def/5d51a345-1e72-42e8-849a-e7585dc95386","VERKEERSTEKEN","SVW","","9758","SVW-VERKEERSTEKEN_BORD_E01_ZH-SO","VERKEERSTEKEN_BORD_E01_ZH","SO"
"http://digitalbuildingdata.tech/nlcs/def/9f0fb83a-d41c-4d8e-9e39-7964933eb8da","VERKEERSTEKEN","SVW","","9759","SVW-VERKEERSTEKEN_BORD_E01_ZH_TIJD-SO","VERKEERSTEKEN_BORD_E01_ZH_TIJD","SO"
"http://digitalbuildingdata.tech/nlcs/def/ef2cd204-943b-4902-ae57-013a8f55137c","VERKEERSTEKEN","SVW","","9760","SVW-VERKEERSTEKEN_BORD_E02-SO","VERKEERSTEKEN_BORD_E02","SO"
"http://digitalbuildingdata.tech/nlcs/def/23f363c1-996a-45e9-8eeb-4902e581f664","VERKEERSTEKEN","SVW","","9761","SVW-VERKEERSTEKEN_BORD_E02_ZB-SO","VERKEERSTEKEN_BORD_E02_ZB","SO"
"http://digitalbuildingdata.tech/nlcs/def/dfd13b52-2454-4314-b174-db49528859dc","VERKEERSTEKEN","SVW","","9762","SVW-VERKEERSTEKEN_BORD_E02_ZE-SO","VERKEERSTEKEN_BORD_E02_ZE","SO"
"http://digitalbuildingdata.tech/nlcs/def/703d07cb-89f7-4595-8b82-027af6fc81e1","VERKEERSTEKEN","SVW","","9763","SVW-VERKEERSTEKEN_BORD_E02_ZH-SO","VERKEERSTEKEN_BORD_E02_ZH","SO"
"http://digitalbuildingdata.tech/nlcs/def/5b9724b8-a623-42c7-b591-78e00560646f","VERKEERSTEKEN","SVW","","9764","SVW-VERKEERSTEKEN_BORD_E03-SO","VERKEERSTEKEN_BORD_E03","SO"
"http://digitalbuildingdata.tech/nlcs/def/0a69e027-6234-43fc-8286-c9ad687c699e","VERKEERSTEKEN","SVW","","9765","SVW-VERKEERSTEKEN_BORD_E03_ZB-SO","VERKEERSTEKEN_BORD_E03_ZB","SO"
"http://digitalbuildingdata.tech/nlcs/def/90c34024-793b-48a0-beb7-59f9a63ec836","VERKEERSTEKEN","SVW","","9766","SVW-VERKEERSTEKEN_BORD_E03_ZE-SO","VERKEERSTEKEN_BORD_E03_ZE","SO"
"http://digitalbuildingdata.tech/nlcs/def/7b4d8217-dd65-4674-bfab-cfe74d525f52","VERKEERSTEKEN","SVW","","9767","SVW-VERKEERSTEKEN_BORD_E03_ZH-SO","VERKEERSTEKEN_BORD_E03_ZH","SO"
"http://digitalbuildingdata.tech/nlcs/def/98c22625-5b4f-4b36-9f20-f139175fad55","VERKEERSTEKEN","SVW","","9768","SVW-VERKEERSTEKEN_BORD_E04-SO","VERKEERSTEKEN_BORD_E04","SO"
"http://digitalbuildingdata.tech/nlcs/def/19cf2444-ed14-4eb1-9f51-f11c6d1ae4b5","VERKEERSTEKEN","SVW","","9769","SVW-VERKEERSTEKEN_BORD_E05-SO","VERKEERSTEKEN_BORD_E05","SO"
"http://digitalbuildingdata.tech/nlcs/def/82dd7d6d-ff6a-45d6-abb6-d9e4966fbbf8","VERKEERSTEKEN","SVW","","9770","SVW-VERKEERSTEKEN_BORD_E06-SO","VERKEERSTEKEN_BORD_E06","SO"
"http://digitalbuildingdata.tech/nlcs/def/23495996-c0c4-4c6a-8677-29f67c324fa7","VERKEERSTEKEN","SVW","","9771","SVW-VERKEERSTEKEN_BORD_E07-SO","VERKEERSTEKEN_BORD_E07","SO"
"http://digitalbuildingdata.tech/nlcs/def/4e6c2806-1e92-4b5b-9ee4-2f022c162715","VERKEERSTEKEN","SVW","","9772","SVW-VERKEERSTEKEN_BORD_E08-SO","VERKEERSTEKEN_BORD_E08","SO"
"http://digitalbuildingdata.tech/nlcs/def/e0a33fff-35d3-455a-9351-0acc47b11b1d","VERKEERSTEKEN","SVW","","9773","SVW-VERKEERSTEKEN_BORD_E08A-SO","VERKEERSTEKEN_BORD_E08A","SO"
"http://digitalbuildingdata.tech/nlcs/def/438c8803-6c26-4dbe-a52a-fbff71faddb2","VERKEERSTEKEN","SVW","","9774","SVW-VERKEERSTEKEN_BORD_E08B-SO","VERKEERSTEKEN_BORD_E08B","SO"
"http://digitalbuildingdata.tech/nlcs/def/8fe3489a-519c-4e84-a110-3100d43c78bf","VERKEERSTEKEN","SVW","","9775","SVW-VERKEERSTEKEN_BORD_E08C-SO","VERKEERSTEKEN_BORD_E08C","SO"
"http://digitalbuildingdata.tech/nlcs/def/4f02d113-2312-4c55-a8f1-6c5d09143fa6","VERKEERSTEKEN","SVW","","9776","SVW-VERKEERSTEKEN_BORD_E08D-SO","VERKEERSTEKEN_BORD_E08D","SO"
"http://digitalbuildingdata.tech/nlcs/def/a9a5f752-45fe-40b3-99d9-0060a7e86eed","VERKEERSTEKEN","SVW","","9777","SVW-VERKEERSTEKEN_BORD_E08E-SO","VERKEERSTEKEN_BORD_E08E","SO"
"http://digitalbuildingdata.tech/nlcs/def/61590b87-dc11-44b9-bc96-068f77c8a9b0","VERKEERSTEKEN","SVW","","9778","SVW-VERKEERSTEKEN_BORD_E08F-SO","VERKEERSTEKEN_BORD_E08F","SO"
"http://digitalbuildingdata.tech/nlcs/def/443b1489-f69a-4e4d-8b88-2ef63ede1660","VERKEERSTEKEN","SVW","","9779","SVW-VERKEERSTEKEN_BORD_E08G-SO","VERKEERSTEKEN_BORD_E08G","SO"
"http://digitalbuildingdata.tech/nlcs/def/958e52b0-3e80-4061-9639-4b41c0963ad8","VERKEERSTEKEN","SVW","","9780","SVW-VERKEERSTEKEN_BORD_E08H-SO","VERKEERSTEKEN_BORD_E08H","SO"
"http://digitalbuildingdata.tech/nlcs/def/4fa762ab-9751-4bcd-913c-1024b1956350","VERKEERSTEKEN","SVW","","9781","SVW-VERKEERSTEKEN_BORD_E08I-SO","VERKEERSTEKEN_BORD_E08I","SO"
"http://digitalbuildingdata.tech/nlcs/def/585e7630-057a-4196-9dff-9e4996b10d95","VERKEERSTEKEN","SVW","","9782","SVW-VERKEERSTEKEN_BORD_E08J-SO","VERKEERSTEKEN_BORD_E08J","SO"
"http://digitalbuildingdata.tech/nlcs/def/1d2307be-278c-41fd-b1d6-81a779cf1cce","VERKEERSTEKEN","SVW","","9783","SVW-VERKEERSTEKEN_BORD_E08K-SO","VERKEERSTEKEN_BORD_E08K","SO"
"http://digitalbuildingdata.tech/nlcs/def/67a231b7-39d0-40a0-8904-6370d3860add","VERKEERSTEKEN","SVW","","9784","SVW-VERKEERSTEKEN_BORD_E08L-SO","VERKEERSTEKEN_BORD_E08L","SO"
"http://digitalbuildingdata.tech/nlcs/def/8e602d09-e1ab-4b4a-9022-24366f3a0683","VERKEERSTEKEN","SVW","","9785","SVW-VERKEERSTEKEN_BORD_E08M-SO","VERKEERSTEKEN_BORD_E08M","SO"
"http://digitalbuildingdata.tech/nlcs/def/ed2df3ad-144b-4e88-97c3-4867f30b13f0","VERKEERSTEKEN","SVW","","9786","SVW-VERKEERSTEKEN_BORD_E08N-SO","VERKEERSTEKEN_BORD_E08N","SO"
"http://digitalbuildingdata.tech/nlcs/def/74777f5a-412c-4261-8636-f2396ab1c08e","VERKEERSTEKEN","SVW","","9787","SVW-VERKEERSTEKEN_BORD_E08O-SO","VERKEERSTEKEN_BORD_E08O","SO"
"http://digitalbuildingdata.tech/nlcs/def/22d9cecc-fdd9-4d3c-b38d-f8996e1b39fa","VERKEERSTEKEN","SVW","","9788","SVW-VERKEERSTEKEN_BORD_E08P-SO","VERKEERSTEKEN_BORD_E08P","SO"
"http://digitalbuildingdata.tech/nlcs/def/d23f49c5-9140-4633-9129-db07f23f168d","VERKEERSTEKEN","SVW","","9789","SVW-VERKEERSTEKEN_BORD_E08Q-SO","VERKEERSTEKEN_BORD_E08Q","SO"
"http://digitalbuildingdata.tech/nlcs/def/092356f7-6635-4e06-b9f9-ad55b98d2083","VERKEERSTEKEN","SVW","","9790","SVW-VERKEERSTEKEN_BORD_E08R-SO","VERKEERSTEKEN_BORD_E08R","SO"
"http://digitalbuildingdata.tech/nlcs/def/d190ebed-6af6-4f2a-b6a3-307add0f8463","VERKEERSTEKEN","SVW","","9791","SVW-VERKEERSTEKEN_BORD_E09-SO","VERKEERSTEKEN_BORD_E09","SO"
"http://digitalbuildingdata.tech/nlcs/def/bba7a289-65f8-42dd-aae1-de9e40e24f12","VERKEERSTEKEN","SVW","","9792","SVW-VERKEERSTEKEN_BORD_E09_ZB-SO","VERKEERSTEKEN_BORD_E09_ZB","SO"
"http://digitalbuildingdata.tech/nlcs/def/ea652fdc-e145-435e-8cf9-26603d7ecdbf","VERKEERSTEKEN","SVW","","9793","SVW-VERKEERSTEKEN_BORD_E09_ZB_KLEM-SO","VERKEERSTEKEN_BORD_E09_ZB_KLEM","SO"
"http://digitalbuildingdata.tech/nlcs/def/8e1ba779-2c8a-4a9a-afda-4ff40b637aff","VERKEERSTEKEN","SVW","","9794","SVW-VERKEERSTEKEN_BORD_E09_ZB_SLEEP-SO","VERKEERSTEKEN_BORD_E09_ZB_SLEEP","SO"
"http://digitalbuildingdata.tech/nlcs/def/7fd4fc02-9c16-4ee1-939b-09c44a2ad0ea","VERKEERSTEKEN","SVW","","9795","SVW-VERKEERSTEKEN_BORD_E09_ZE-SO","VERKEERSTEKEN_BORD_E09_ZE","SO"
"http://digitalbuildingdata.tech/nlcs/def/16b8bc25-9f05-4347-8a06-96f5cd54b9b6","VERKEERSTEKEN","SVW","","9796","SVW-VERKEERSTEKEN_BORD_E09_ZE_KLEM-SO","VERKEERSTEKEN_BORD_E09_ZE_KLEM","SO"
"http://digitalbuildingdata.tech/nlcs/def/c1319f48-268f-4658-9362-b4de47548201","VERKEERSTEKEN","SVW","","9797","SVW-VERKEERSTEKEN_BORD_E09_ZE_SLEEP-SO","VERKEERSTEKEN_BORD_E09_ZE_SLEEP","SO"
"http://digitalbuildingdata.tech/nlcs/def/fbb4092f-a954-4818-bd6f-471a67e2611c","VERKEERSTEKEN","SVW","","9798","SVW-VERKEERSTEKEN_BORD_E09_ZH-SO","VERKEERSTEKEN_BORD_E09_ZH","SO"
"http://digitalbuildingdata.tech/nlcs/def/5c50379c-e73c-4707-8b5d-c0219c0f94aa","VERKEERSTEKEN","SVW","","9799","SVW-VERKEERSTEKEN_BORD_E09_ZH_KLEM-SO","VERKEERSTEKEN_BORD_E09_ZH_KLEM","SO"
"http://digitalbuildingdata.tech/nlcs/def/6f859acd-7cfa-4912-8484-05655c5f9005","VERKEERSTEKEN","SVW","","9800","SVW-VERKEERSTEKEN_BORD_E09_ZH_SLEEP-SO","VERKEERSTEKEN_BORD_E09_ZH_SLEEP","SO"
"http://digitalbuildingdata.tech/nlcs/def/5752e70b-51a3-4d8d-ac69-4487527fead0","VERKEERSTEKEN","SVW","","9801","SVW-VERKEERSTEKEN_BORD_E10-SO","VERKEERSTEKEN_BORD_E10","SO"
"http://digitalbuildingdata.tech/nlcs/def/da1efb8f-7ba7-454b-bcc4-51156a6b3053","VERKEERSTEKEN","SVW","","9802","SVW-VERKEERSTEKEN_BORD_E10_ZB-SO","VERKEERSTEKEN_BORD_E10_ZB","SO"
"http://digitalbuildingdata.tech/nlcs/def/11d22573-4655-4e8f-80a5-1c42e8437ed7","VERKEERSTEKEN","SVW","","9803","SVW-VERKEERSTEKEN_BORD_E10_ZB_KLEM-SO","VERKEERSTEKEN_BORD_E10_ZB_KLEM","SO"
"http://digitalbuildingdata.tech/nlcs/def/921e7b62-5af0-4de3-9edb-e3d9bb6349d4","VERKEERSTEKEN","SVW","","9804","SVW-VERKEERSTEKEN_BORD_E10_ZB_SLEEP-SO","VERKEERSTEKEN_BORD_E10_ZB_SLEEP","SO"
"http://digitalbuildingdata.tech/nlcs/def/f4816af6-b5dd-4901-9bc8-b7819f2fceee","VERKEERSTEKEN","SVW","","9805","SVW-VERKEERSTEKEN_BORD_E10_ZE_KLEM-SO","VERKEERSTEKEN_BORD_E10_ZE_KLEM","SO"
"http://digitalbuildingdata.tech/nlcs/def/4abc1f00-d041-48a0-b30c-1c39b2053c0e","VERKEERSTEKEN","SVW","","9806","SVW-VERKEERSTEKEN_BORD_E10_ZE_SLEEP-SO","VERKEERSTEKEN_BORD_E10_ZE_SLEEP","SO"
"http://digitalbuildingdata.tech/nlcs/def/271cc6b5-2d56-4a81-b42f-d3e0f57ef9f1","VERKEERSTEKEN","SVW","","9807","SVW-VERKEERSTEKEN_BORD_E10_ZH-SO","VERKEERSTEKEN_BORD_E10_ZH","SO"
"http://digitalbuildingdata.tech/nlcs/def/7f9faa57-fb0f-4950-a373-a54e9ad7f9f0","VERKEERSTEKEN","SVW","","9808","SVW-VERKEERSTEKEN_BORD_E10_ZH_KLEM-SO","VERKEERSTEKEN_BORD_E10_ZH_KLEM","SO"
"http://digitalbuildingdata.tech/nlcs/def/e63ad0c3-4b0d-4e40-9f09-895bc07ee10f","VERKEERSTEKEN","SVW","","9809","SVW-VERKEERSTEKEN_BORD_E10_ZH_SLEEP-SO","VERKEERSTEKEN_BORD_E10_ZH_SLEEP","SO"
"http://digitalbuildingdata.tech/nlcs/def/e095ae7b-f432-43b1-a2d6-cf1362452443","VERKEERSTEKEN","SVW","","9810","SVW-VERKEERSTEKEN_BORD_E11-SO","VERKEERSTEKEN_BORD_E11","SO"
"http://digitalbuildingdata.tech/nlcs/def/8f2ba182-0692-46e2-9055-0da7235b7788","VERKEERSTEKEN","SVW","","9811","SVW-VERKEERSTEKEN_BORD_E11_ZE-SO","VERKEERSTEKEN_BORD_E11_ZE","SO"
"http://digitalbuildingdata.tech/nlcs/def/6d7360eb-5aff-4773-a8bb-1d7842467d6c","VERKEERSTEKEN","SVW","","9812","SVW-VERKEERSTEKEN_BORD_E12-SO","VERKEERSTEKEN_BORD_E12","SO"
"http://digitalbuildingdata.tech/nlcs/def/ec8a9849-7d12-43ab-a951-61ab1b36af20","VERKEERSTEKEN","SVW","","9813","SVW-VERKEERSTEKEN_BORD_E13-SO","VERKEERSTEKEN_BORD_E13","SO"
"http://digitalbuildingdata.tech/nlcs/def/eceb32e9-cdf3-4bb4-a079-da4b578fab9b","VERKEERSTEKEN","SVW","","9814","SVW-VERKEERSTEKEN_BORD_F01-SO","VERKEERSTEKEN_BORD_F01","SO"
"http://digitalbuildingdata.tech/nlcs/def/5c2b5c75-166b-4dd0-bb99-91ca5630aba7","VERKEERSTEKEN","SVW","","9815","SVW-VERKEERSTEKEN_BORD_F02-SO","VERKEERSTEKEN_BORD_F02","SO"
"http://digitalbuildingdata.tech/nlcs/def/593e07f2-9bbe-48fc-96a7-8f43e4409ec7","VERKEERSTEKEN","SVW","","9816","SVW-VERKEERSTEKEN_BORD_F03-SO","VERKEERSTEKEN_BORD_F03","SO"
"http://digitalbuildingdata.tech/nlcs/def/53746a9c-b880-480a-aef3-43a35567557a","VERKEERSTEKEN","SVW","","9817","SVW-VERKEERSTEKEN_BORD_F04-SO","VERKEERSTEKEN_BORD_F04","SO"
"http://digitalbuildingdata.tech/nlcs/def/26a6b061-2240-4aae-8323-76e1051da93f","VERKEERSTEKEN","SVW","","9818","SVW-VERKEERSTEKEN_BORD_F05-SO","VERKEERSTEKEN_BORD_F05","SO"
"http://digitalbuildingdata.tech/nlcs/def/8486bc37-4515-45c8-aafd-1bbde13d589e","VERKEERSTEKEN","SVW","","9819","SVW-VERKEERSTEKEN_BORD_F06-SO","VERKEERSTEKEN_BORD_F06","SO"
"http://digitalbuildingdata.tech/nlcs/def/5773bace-eadd-4362-a1f0-29089aeb1a60","VERKEERSTEKEN","SVW","","9820","SVW-VERKEERSTEKEN_BORD_F07-SO","VERKEERSTEKEN_BORD_F07","SO"
"http://digitalbuildingdata.tech/nlcs/def/c6843b30-b2f6-4c90-867a-fd63294fdab6","VERKEERSTEKEN","SVW","","9821","SVW-VERKEERSTEKEN_BORD_F08-SO","VERKEERSTEKEN_BORD_F08","SO"
"http://digitalbuildingdata.tech/nlcs/def/ced5e6e8-c2eb-4fb2-95e8-f6a109fd9205","VERKEERSTEKEN","SVW","","9822","SVW-VERKEERSTEKEN_BORD_F09-SO","VERKEERSTEKEN_BORD_F09","SO"
"http://digitalbuildingdata.tech/nlcs/def/a4c754e4-8fea-437e-86a1-297a2a897b32","VERKEERSTEKEN","SVW","","9823","SVW-VERKEERSTEKEN_BORD_F10-SO","VERKEERSTEKEN_BORD_F10","SO"
"http://digitalbuildingdata.tech/nlcs/def/43f9edbc-9d43-493c-8207-03d9f5233e0f","VERKEERSTEKEN","SVW","","9824","SVW-VERKEERSTEKEN_BORD_F10_BRIGADIER-SO","VERKEERSTEKEN_BORD_F10_BRIGADIER","SO"
"http://digitalbuildingdata.tech/nlcs/def/f505c720-d254-4a89-b38f-a77489322900","VERKEERSTEKEN","SVW","","9825","SVW-VERKEERSTEKEN_BORD_F11-SO","VERKEERSTEKEN_BORD_F11","SO"
"http://digitalbuildingdata.tech/nlcs/def/8d7965d3-3ea4-4d11-8443-5ee87d6a8fa6","VERKEERSTEKEN","SVW","","9826","SVW-VERKEERSTEKEN_BORD_F12-SO","VERKEERSTEKEN_BORD_F12","SO"
"http://digitalbuildingdata.tech/nlcs/def/1a92cc85-d2e7-4141-b786-f75e463a5422","VERKEERSTEKEN","SVW","","9827","SVW-VERKEERSTEKEN_BORD_F13-SO","VERKEERSTEKEN_BORD_F13","SO"
"http://digitalbuildingdata.tech/nlcs/def/1309c8fb-231a-44ce-b3b6-c4eb1279e379","VERKEERSTEKEN","SVW","","9828","SVW-VERKEERSTEKEN_BORD_F14-SO","VERKEERSTEKEN_BORD_F14","SO"
"http://digitalbuildingdata.tech/nlcs/def/4550c492-acb4-43da-9e74-3848887fd161","VERKEERSTEKEN","SVW","","9829","SVW-VERKEERSTEKEN_BORD_F15-SO","VERKEERSTEKEN_BORD_F15","SO"
"http://digitalbuildingdata.tech/nlcs/def/a1124596-9ab8-4fe4-ac38-e8335206f005","VERKEERSTEKEN","SVW","","9830","SVW-VERKEERSTEKEN_BORD_F16-SO","VERKEERSTEKEN_BORD_F16","SO"
"http://digitalbuildingdata.tech/nlcs/def/5b6d77aa-11fb-4d85-9c44-deef2eeb420e","VERKEERSTEKEN","SVW","","9831","SVW-VERKEERSTEKEN_BORD_F17-SO","VERKEERSTEKEN_BORD_F17","SO"
"http://digitalbuildingdata.tech/nlcs/def/28dd6c19-5fc3-41bd-9ad1-ca8bf6171b9d","VERKEERSTEKEN","SVW","","9832","SVW-VERKEERSTEKEN_BORD_F18-SO","VERKEERSTEKEN_BORD_F18","SO"
"http://digitalbuildingdata.tech/nlcs/def/10dd9f42-ce4b-4fa9-b8a1-dc062282e8ab","VERKEERSTEKEN","SVW","","9833","SVW-VERKEERSTEKEN_BORD_F19-SO","VERKEERSTEKEN_BORD_F19","SO"
"http://digitalbuildingdata.tech/nlcs/def/43eb3f30-bc87-4e81-9a8e-c8831c45148d","VERKEERSTEKEN","SVW","","9834","SVW-VERKEERSTEKEN_BORD_F20-SO","VERKEERSTEKEN_BORD_F20","SO"
"http://digitalbuildingdata.tech/nlcs/def/c19af042-6bf8-4e03-9472-ccf004fcf129","VERKEERSTEKEN","SVW","","9835","SVW-VERKEERSTEKEN_BORD_F21-SO","VERKEERSTEKEN_BORD_F21","SO"
"http://digitalbuildingdata.tech/nlcs/def/8639999e-65de-48df-8841-359d56c524d5","VERKEERSTEKEN","SVW","","9836","SVW-VERKEERSTEKEN_BORD_F22-SO","VERKEERSTEKEN_BORD_F22","SO"
"http://digitalbuildingdata.tech/nlcs/def/0e126926-de0e-484b-ba1b-49794f0fe6c4","VERKEERSTEKEN","SVW","","9837","SVW-VERKEERSTEKEN_BORD_G01-SO","VERKEERSTEKEN_BORD_G01","SO"
"http://digitalbuildingdata.tech/nlcs/def/a6e734db-a06d-4e0c-83ea-0051d7b2f161","VERKEERSTEKEN","SVW","","9838","SVW-VERKEERSTEKEN_BORD_G02-SO","VERKEERSTEKEN_BORD_G02","SO"
"http://digitalbuildingdata.tech/nlcs/def/92043b02-5c09-4474-98b7-5dd8de824ca8","VERKEERSTEKEN","SVW","","9839","SVW-VERKEERSTEKEN_BORD_G03-SO","VERKEERSTEKEN_BORD_G03","SO"
"http://digitalbuildingdata.tech/nlcs/def/56e6b951-aa30-410c-806c-201056247ccc","VERKEERSTEKEN","SVW","","9840","SVW-VERKEERSTEKEN_BORD_G04-SO","VERKEERSTEKEN_BORD_G04","SO"
"http://digitalbuildingdata.tech/nlcs/def/f5f1ce30-e031-470d-8196-da60ea9d399f","VERKEERSTEKEN","SVW","","9841","SVW-VERKEERSTEKEN_BORD_G05-SO","VERKEERSTEKEN_BORD_G05","SO"
"http://digitalbuildingdata.tech/nlcs/def/fba149a4-caad-4310-a778-c4b3b2cdaaec","VERKEERSTEKEN","SVW","","9842","SVW-VERKEERSTEKEN_BORD_G05_ZB-SO","VERKEERSTEKEN_BORD_G05_ZB","SO"
"http://digitalbuildingdata.tech/nlcs/def/0ac280cb-955d-40a4-b8b7-b2ca033273ea","VERKEERSTEKEN","SVW","","9843","SVW-VERKEERSTEKEN_BORD_G05_ZB_015-SO","VERKEERSTEKEN_BORD_G05_ZB_015","SO"
"http://digitalbuildingdata.tech/nlcs/def/d09e64d7-4a94-44a5-86af-a6c6d0f64a2a","VERKEERSTEKEN","SVW","","9844","SVW-VERKEERSTEKEN_BORD_G05_ZE-SO","VERKEERSTEKEN_BORD_G05_ZE","SO"
"http://digitalbuildingdata.tech/nlcs/def/ad9f159d-24a2-42c6-a188-6f6f078f3fb2","VERKEERSTEKEN","SVW","","9845","SVW-VERKEERSTEKEN_BORD_G05_ZE_015-SO","VERKEERSTEKEN_BORD_G05_ZE_015","SO"
"http://digitalbuildingdata.tech/nlcs/def/51e54411-9ad8-4fcc-875b-a22799c568e9","VERKEERSTEKEN","SVW","","9846","SVW-VERKEERSTEKEN_BORD_G05_ZH-SO","VERKEERSTEKEN_BORD_G05_ZH","SO"
"http://digitalbuildingdata.tech/nlcs/def/ed3caa6b-9894-4c54-8d1b-f6ae02a63af9","VERKEERSTEKEN","SVW","","9847","SVW-VERKEERSTEKEN_BORD_G05_ZH_015-SO","VERKEERSTEKEN_BORD_G05_ZH_015","SO"
"http://digitalbuildingdata.tech/nlcs/def/b5af30b9-04e9-49e3-ad4b-3ad1cc01fccf","VERKEERSTEKEN","SVW","","9848","SVW-VERKEERSTEKEN_BORD_G06-SO","VERKEERSTEKEN_BORD_G06","SO"
"http://digitalbuildingdata.tech/nlcs/def/97ff34dd-749c-409d-ad49-551d85cceb95","VERKEERSTEKEN","SVW","","9849","SVW-VERKEERSTEKEN_BORD_G07-SO","VERKEERSTEKEN_BORD_G07","SO"
"http://digitalbuildingdata.tech/nlcs/def/5fef7dd1-8c43-42db-b407-daf1d0c0148a","VERKEERSTEKEN","SVW","","9850","SVW-VERKEERSTEKEN_BORD_G07_ZB-SO","VERKEERSTEKEN_BORD_G07_ZB","SO"
"http://digitalbuildingdata.tech/nlcs/def/0d3b17d7-4a2a-4540-baa2-64e06c0c18a0","VERKEERSTEKEN","SVW","","9851","SVW-VERKEERSTEKEN_BORD_G07_ZE-SO","VERKEERSTEKEN_BORD_G07_ZE","SO"
"http://digitalbuildingdata.tech/nlcs/def/6f1a10e0-5819-495e-b914-7c3e93a2b77c","VERKEERSTEKEN","SVW","","9852","SVW-VERKEERSTEKEN_BORD_G07_ZH-SO","VERKEERSTEKEN_BORD_G07_ZH","SO"
"http://digitalbuildingdata.tech/nlcs/def/0c188bf0-0472-4f5e-931c-c67c5abf1628","VERKEERSTEKEN","SVW","","9853","SVW-VERKEERSTEKEN_BORD_G08-SO","VERKEERSTEKEN_BORD_G08","SO"
"http://digitalbuildingdata.tech/nlcs/def/4c67ad1d-0073-4bc7-9500-3d1170a1b9c3","VERKEERSTEKEN","SVW","","9854","SVW-VERKEERSTEKEN_BORD_G09-SO","VERKEERSTEKEN_BORD_G09","SO"
"http://digitalbuildingdata.tech/nlcs/def/8bbd2017-3100-4a7f-806c-0d8dfdfea260","VERKEERSTEKEN","SVW","","9855","SVW-VERKEERSTEKEN_BORD_G10-SO","VERKEERSTEKEN_BORD_G10","SO"
"http://digitalbuildingdata.tech/nlcs/def/f81bce92-0336-4375-a86e-700c3e71b322","VERKEERSTEKEN","SVW","","9856","SVW-VERKEERSTEKEN_BORD_G11-SO","VERKEERSTEKEN_BORD_G11","SO"
"http://digitalbuildingdata.tech/nlcs/def/5a525fa6-671c-4784-b1d8-2aff30d7c0dc","VERKEERSTEKEN","SVW","","9857","SVW-VERKEERSTEKEN_BORD_G12-SO","VERKEERSTEKEN_BORD_G12","SO"
"http://digitalbuildingdata.tech/nlcs/def/16572e6e-7e86-4a9b-896f-d195e5fa6e77","VERKEERSTEKEN","SVW","","9858","SVW-VERKEERSTEKEN_BORD_G12_A-SO","VERKEERSTEKEN_BORD_G12_A","SO"
"http://digitalbuildingdata.tech/nlcs/def/0c1faf13-a780-4c11-bc43-577acdcacd35","VERKEERSTEKEN","SVW","","9859","SVW-VERKEERSTEKEN_BORD_G12_B-SO","VERKEERSTEKEN_BORD_G12_B","SO"
"http://digitalbuildingdata.tech/nlcs/def/54d9b544-7570-4d8d-95ba-72252c9405ac","VERKEERSTEKEN","SVW","","9860","SVW-VERKEERSTEKEN_BORD_G13-SO","VERKEERSTEKEN_BORD_G13","SO"
"http://digitalbuildingdata.tech/nlcs/def/9cb1c24d-e0b6-4c83-b7b3-bdd04dfb4f3f","VERKEERSTEKEN","SVW","","9861","SVW-VERKEERSTEKEN_BORD_G14-SO","VERKEERSTEKEN_BORD_G14","SO"
"http://digitalbuildingdata.tech/nlcs/def/a244568b-eb12-43d1-9556-0a1a9827bf36","VERKEERSTEKEN","SVW","","9862","SVW-VERKEERSTEKEN_BORD_H01-SO","VERKEERSTEKEN_BORD_H01","SO"
"http://digitalbuildingdata.tech/nlcs/def/e9ed25c7-2a84-4705-bc9f-70cc2760cd37","VERKEERSTEKEN","SVW","","9863","SVW-VERKEERSTEKEN_BORD_H01_A-SO","VERKEERSTEKEN_BORD_H01_A","SO"
"http://digitalbuildingdata.tech/nlcs/def/9ca55900-9c2a-48b7-a3e4-9552fc5bf387","VERKEERSTEKEN","SVW","","9864","SVW-VERKEERSTEKEN_BORD_H01_B-SO","VERKEERSTEKEN_BORD_H01_B","SO"
"http://digitalbuildingdata.tech/nlcs/def/4c90fde4-d471-4750-89d5-862d9cab4e54","VERKEERSTEKEN","SVW","","9865","SVW-VERKEERSTEKEN_BORD_H01_C-SO","VERKEERSTEKEN_BORD_H01_C","SO"
"http://digitalbuildingdata.tech/nlcs/def/84fec81b-3816-4311-8606-e14e470bfb80","VERKEERSTEKEN","SVW","","9866","SVW-VERKEERSTEKEN_BORD_H02_A-SO","VERKEERSTEKEN_BORD_H02_A","SO"
"http://digitalbuildingdata.tech/nlcs/def/f494152c-6d3a-4958-8443-e23cf894de8d","VERKEERSTEKEN","SVW","","9867","SVW-VERKEERSTEKEN_BORD_H02_B-SO","VERKEERSTEKEN_BORD_H02_B","SO"
"http://digitalbuildingdata.tech/nlcs/def/7ae8b788-d096-4d50-9311-8016e1c212e0","VERKEERSTEKEN","SVW","","9868","SVW-VERKEERSTEKEN_BORD_H02_C-SO","VERKEERSTEKEN_BORD_H02_C","SO"
"http://digitalbuildingdata.tech/nlcs/def/ccf55ed3-b928-47c2-9807-d93e07aac088","VERKEERSTEKEN","SVW","","9869","SVW-VERKEERSTEKEN_BORD_H03_A-SO","VERKEERSTEKEN_BORD_H03_A","SO"
"http://digitalbuildingdata.tech/nlcs/def/a1eeb7f9-9fd2-40d5-87f1-56c854546871","VERKEERSTEKEN","SVW","","9870","SVW-VERKEERSTEKEN_BORD_H03_B-SO","VERKEERSTEKEN_BORD_H03_B","SO"
"http://digitalbuildingdata.tech/nlcs/def/e96c4705-1a17-4897-94c2-923ce6620456","VERKEERSTEKEN","SVW","","9871","SVW-VERKEERSTEKEN_BORD_H03_C-SO","VERKEERSTEKEN_BORD_H03_C","SO"
"http://digitalbuildingdata.tech/nlcs/def/43d24eb1-7d41-41b0-bcee-6f0d7a231c03","VERKEERSTEKEN","SVW","","9872","SVW-VERKEERSTEKEN_BORD_J01-SO","VERKEERSTEKEN_BORD_J01","SO"
"http://digitalbuildingdata.tech/nlcs/def/b78c3dd6-2b0e-4db4-b05d-adeddc8e8afe","VERKEERSTEKEN","SVW","","9873","SVW-VERKEERSTEKEN_BORD_J02-SO","VERKEERSTEKEN_BORD_J02","SO"
"http://digitalbuildingdata.tech/nlcs/def/2df979ee-8d9c-413a-88e7-1c27e1b67d62","VERKEERSTEKEN","SVW","","9874","SVW-VERKEERSTEKEN_BORD_J03-SO","VERKEERSTEKEN_BORD_J03","SO"
"http://digitalbuildingdata.tech/nlcs/def/13bb0742-c671-4fa9-b211-abccf33a756b","VERKEERSTEKEN","SVW","","9875","SVW-VERKEERSTEKEN_BORD_J04-SO","VERKEERSTEKEN_BORD_J04","SO"
"http://digitalbuildingdata.tech/nlcs/def/5e1df65f-6b6c-451d-9705-b841e9cebbe7","VERKEERSTEKEN","SVW","","9876","SVW-VERKEERSTEKEN_BORD_J05-SO","VERKEERSTEKEN_BORD_J05","SO"
"http://digitalbuildingdata.tech/nlcs/def/d6103a59-b2d4-4941-99ae-7b4676fc1e4f","VERKEERSTEKEN","SVW","","9877","SVW-VERKEERSTEKEN_BORD_J06-SO","VERKEERSTEKEN_BORD_J06","SO"
"http://digitalbuildingdata.tech/nlcs/def/36ab6564-72f7-4fde-bded-4b50e3bf7489","VERKEERSTEKEN","SVW","","9878","SVW-VERKEERSTEKEN_BORD_J07-SO","VERKEERSTEKEN_BORD_J07","SO"
"http://digitalbuildingdata.tech/nlcs/def/6e240c96-f713-4205-9e9c-de2af63158be","VERKEERSTEKEN","SVW","","9879","SVW-VERKEERSTEKEN_BORD_J08-SO","VERKEERSTEKEN_BORD_J08","SO"
"http://digitalbuildingdata.tech/nlcs/def/b076f8fb-d644-41aa-aa45-def603ab8587","VERKEERSTEKEN","SVW","","9880","SVW-VERKEERSTEKEN_BORD_J09-SO","VERKEERSTEKEN_BORD_J09","SO"
"http://digitalbuildingdata.tech/nlcs/def/be193b89-8604-48e3-8220-ccee0ad11fb5","VERKEERSTEKEN","SVW","","9881","SVW-VERKEERSTEKEN_BORD_J10-SO","VERKEERSTEKEN_BORD_J10","SO"
"http://digitalbuildingdata.tech/nlcs/def/256b5393-7f57-4384-b69d-169b0b6becaa","VERKEERSTEKEN","SVW","","9882","SVW-VERKEERSTEKEN_BORD_J11-SO","VERKEERSTEKEN_BORD_J11","SO"
"http://digitalbuildingdata.tech/nlcs/def/b103e19b-9fbb-414d-acb3-4f1dc3c40815","VERKEERSTEKEN","SVW","","9883","SVW-VERKEERSTEKEN_BORD_J12-SO","VERKEERSTEKEN_BORD_J12","SO"
"http://digitalbuildingdata.tech/nlcs/def/24204fb7-024c-41a7-8760-1395dd73a156","VERKEERSTEKEN","SVW","","9884","SVW-VERKEERSTEKEN_BORD_J13-SO","VERKEERSTEKEN_BORD_J13","SO"
"http://digitalbuildingdata.tech/nlcs/def/9c62db48-3a2f-4883-acc1-8f7c2e7705f0","VERKEERSTEKEN","SVW","","9885","SVW-VERKEERSTEKEN_BORD_J14-SO","VERKEERSTEKEN_BORD_J14","SO"
"http://digitalbuildingdata.tech/nlcs/def/da1b493a-0d72-4bf2-8583-266db7e26ca1","VERKEERSTEKEN","SVW","","9886","SVW-VERKEERSTEKEN_BORD_J15-SO","VERKEERSTEKEN_BORD_J15","SO"
"http://digitalbuildingdata.tech/nlcs/def/0e9b3b29-dffb-4a9f-b954-e16046f01489","VERKEERSTEKEN","SVW","","9887","SVW-VERKEERSTEKEN_BORD_J16-SO","VERKEERSTEKEN_BORD_J16","SO"
"http://digitalbuildingdata.tech/nlcs/def/127072a3-3386-4319-b85c-8dc8caaacca1","VERKEERSTEKEN","SVW","","9888","SVW-VERKEERSTEKEN_BORD_J17-SO","VERKEERSTEKEN_BORD_J17","SO"
"http://digitalbuildingdata.tech/nlcs/def/5ae2d472-cb4e-456d-ab7e-46fa93315093","VERKEERSTEKEN","SVW","","9889","SVW-VERKEERSTEKEN_BORD_J18-SO","VERKEERSTEKEN_BORD_J18","SO"
"http://digitalbuildingdata.tech/nlcs/def/5d9850f1-548a-49c5-8bcf-57c885483f13","VERKEERSTEKEN","SVW","","9890","SVW-VERKEERSTEKEN_BORD_J19-SO","VERKEERSTEKEN_BORD_J19","SO"
"http://digitalbuildingdata.tech/nlcs/def/06e628fd-2b06-40fe-96e7-9db9cc5e14d0","VERKEERSTEKEN","SVW","","9891","SVW-VERKEERSTEKEN_BORD_J20-SO","VERKEERSTEKEN_BORD_J20","SO"
"http://digitalbuildingdata.tech/nlcs/def/94779e3d-c5fd-4fa5-af3b-81626edda0b3","VERKEERSTEKEN","SVW","","9892","SVW-VERKEERSTEKEN_BORD_J20_F-SO","VERKEERSTEKEN_BORD_J20_F","SO"
"http://digitalbuildingdata.tech/nlcs/def/1dd68c3c-2487-47e5-aeb8-ab4c19ce8aea","VERKEERSTEKEN","SVW","","9893","SVW-VERKEERSTEKEN_BORD_J21-SO","VERKEERSTEKEN_BORD_J21","SO"
"http://digitalbuildingdata.tech/nlcs/def/59b003b9-e281-4607-8a8f-d75d0ed7d563","VERKEERSTEKEN","SVW","","9894","SVW-VERKEERSTEKEN_BORD_J21_F-SO","VERKEERSTEKEN_BORD_J21_F","SO"
"http://digitalbuildingdata.tech/nlcs/def/36813807-064b-444c-a34d-ad0fc43516a3","VERKEERSTEKEN","SVW","","9895","SVW-VERKEERSTEKEN_BORD_J21_F_OB1004-SO","VERKEERSTEKEN_BORD_J21_F_OB1004","SO"
"http://digitalbuildingdata.tech/nlcs/def/14e15451-1254-421c-a1e8-ec431f5ecd36","VERKEERSTEKEN","SVW","","9896","SVW-VERKEERSTEKEN_BORD_J21_F_OB1004_A01_030-SO","VERKEERSTEKEN_BORD_J21_F_OB1004_A01_030","SO"
"http://digitalbuildingdata.tech/nlcs/def/73a1c809-3dd0-4518-ab97-1d974cd062d8","VERKEERSTEKEN","SVW","","9897","SVW-VERKEERSTEKEN_BORD_J22-SO","VERKEERSTEKEN_BORD_J22","SO"
"http://digitalbuildingdata.tech/nlcs/def/e51661d8-8b16-4aef-a336-8fb9ce156da8","VERKEERSTEKEN","SVW","","9898","SVW-VERKEERSTEKEN_BORD_J22_F-SO","VERKEERSTEKEN_BORD_J22_F","SO"
"http://digitalbuildingdata.tech/nlcs/def/b2cc27e8-8879-43f0-817c-6ff986c451e9","VERKEERSTEKEN","SVW","","9899","SVW-VERKEERSTEKEN_BORD_J23-SO","VERKEERSTEKEN_BORD_J23","SO"
"http://digitalbuildingdata.tech/nlcs/def/f58b14a0-d318-482c-8c5d-57db81eab4cf","VERKEERSTEKEN","SVW","","9900","SVW-VERKEERSTEKEN_BORD_J24-SO","VERKEERSTEKEN_BORD_J24","SO"
"http://digitalbuildingdata.tech/nlcs/def/febea191-b401-4ceb-9e69-b3bc5e59430e","VERKEERSTEKEN","SVW","","9901","SVW-VERKEERSTEKEN_BORD_J24F-SO","VERKEERSTEKEN_BORD_J24F","SO"
"http://digitalbuildingdata.tech/nlcs/def/82d7d077-636a-43a3-88f1-8c3485ad2719","VERKEERSTEKEN","SVW","","9902","SVW-VERKEERSTEKEN_BORD_J25-SO","VERKEERSTEKEN_BORD_J25","SO"
"http://digitalbuildingdata.tech/nlcs/def/19167e20-9a83-4b78-8fbf-e16c72d9be28","VERKEERSTEKEN","SVW","","9903","SVW-VERKEERSTEKEN_BORD_J26-SO","VERKEERSTEKEN_BORD_J26","SO"
"http://digitalbuildingdata.tech/nlcs/def/f11a1914-2776-428d-ac65-ca4fd6b98330","VERKEERSTEKEN","SVW","","9904","SVW-VERKEERSTEKEN_BORD_J27-SO","VERKEERSTEKEN_BORD_J27","SO"
"http://digitalbuildingdata.tech/nlcs/def/3d0f327c-7571-4720-9dec-441e4693fe08","VERKEERSTEKEN","SVW","","9905","SVW-VERKEERSTEKEN_BORD_J28-SO","VERKEERSTEKEN_BORD_J28","SO"
"http://digitalbuildingdata.tech/nlcs/def/a6d098bf-9e6a-46e5-8577-0ab3128f1170","VERKEERSTEKEN","SVW","","9906","SVW-VERKEERSTEKEN_BORD_J29-SO","VERKEERSTEKEN_BORD_J29","SO"
"http://digitalbuildingdata.tech/nlcs/def/227012ea-aac6-4585-a877-fdb19c0c7686","VERKEERSTEKEN","SVW","","9907","SVW-VERKEERSTEKEN_BORD_J30-SO","VERKEERSTEKEN_BORD_J30","SO"
"http://digitalbuildingdata.tech/nlcs/def/2f4cbe9b-e677-4cec-9259-538620b9640c","VERKEERSTEKEN","SVW","","9908","SVW-VERKEERSTEKEN_BORD_J31-SO","VERKEERSTEKEN_BORD_J31","SO"
"http://digitalbuildingdata.tech/nlcs/def/01d73639-86cd-40cd-a310-c4b94cb9611d","VERKEERSTEKEN","SVW","","9909","SVW-VERKEERSTEKEN_BORD_J32-SO","VERKEERSTEKEN_BORD_J32","SO"
"http://digitalbuildingdata.tech/nlcs/def/06b6fcf0-1e2b-4d50-9867-a687c6c74c44","VERKEERSTEKEN","SVW","","9910","SVW-VERKEERSTEKEN_BORD_J33-SO","VERKEERSTEKEN_BORD_J33","SO"
"http://digitalbuildingdata.tech/nlcs/def/937035c8-b751-4e6d-9dff-96b2ee367c02","VERKEERSTEKEN","SVW","","9911","SVW-VERKEERSTEKEN_BORD_J34-SO","VERKEERSTEKEN_BORD_J34","SO"
"http://digitalbuildingdata.tech/nlcs/def/a1bd04e3-0710-4b03-8fcb-ee377b1ace37","VERKEERSTEKEN","SVW","","9912","SVW-VERKEERSTEKEN_BORD_J35-SO","VERKEERSTEKEN_BORD_J35","SO"
"http://digitalbuildingdata.tech/nlcs/def/2a5eab7d-e132-421b-81f5-8cf4c7cd2bb0","VERKEERSTEKEN","SVW","","9913","SVW-VERKEERSTEKEN_BORD_J36-SO","VERKEERSTEKEN_BORD_J36","SO"
"http://digitalbuildingdata.tech/nlcs/def/2cba223f-1a4c-401c-a27a-a165323ceb6c","VERKEERSTEKEN","SVW","","9914","SVW-VERKEERSTEKEN_BORD_J37-SO","VERKEERSTEKEN_BORD_J37","SO"
"http://digitalbuildingdata.tech/nlcs/def/f492a95d-9664-4136-91a9-279b27c39e68","VERKEERSTEKEN","SVW","","9915","SVW-VERKEERSTEKEN_BORD_J38-SO","VERKEERSTEKEN_BORD_J38","SO"
"http://digitalbuildingdata.tech/nlcs/def/7ccdae41-c55a-49fd-bfbc-b6ab9b5d504d","VERKEERSTEKEN","SVW","","9916","SVW-VERKEERSTEKEN_BORD_J39-SO","VERKEERSTEKEN_BORD_J39","SO"
"http://digitalbuildingdata.tech/nlcs/def/182bdf56-e247-4fde-b729-52cb12d9df0a","VERKEERSTEKEN","SVW","","9917","SVW-VERKEERSTEKEN_BORD_K14-SO","VERKEERSTEKEN_BORD_K14","SO"
"http://digitalbuildingdata.tech/nlcs/def/de3c6fd3-1740-49f7-b725-2be316695c55","VERKEERSTEKEN","SVW","","9918","SVW-VERKEERSTEKEN_BORD_L01-SO","VERKEERSTEKEN_BORD_L01","SO"
"http://digitalbuildingdata.tech/nlcs/def/4608eba3-f442-4e9d-bb6b-786e0be3b40c","VERKEERSTEKEN","SVW","","9919","SVW-VERKEERSTEKEN_BORD_L02-SO","VERKEERSTEKEN_BORD_L02","SO"
"http://digitalbuildingdata.tech/nlcs/def/829047db-4cfc-410e-87e3-d84910dc028f","VERKEERSTEKEN","SVW","","9920","SVW-VERKEERSTEKEN_BORD_L02_F-SO","VERKEERSTEKEN_BORD_L02_F","SO"
"http://digitalbuildingdata.tech/nlcs/def/28a61443-f2d1-4770-ad4c-c7947c63e064","VERKEERSTEKEN","SVW","","9921","SVW-VERKEERSTEKEN_BORD_L02_F_OB1003-SO","VERKEERSTEKEN_BORD_L02_F_OB1003","SO"
"http://digitalbuildingdata.tech/nlcs/def/00a0760b-d5eb-4f62-8f2f-d92840f012c8","VERKEERSTEKEN","SVW","","9922","SVW-VERKEERSTEKEN_BORD_L03-SO","VERKEERSTEKEN_BORD_L03","SO"
"http://digitalbuildingdata.tech/nlcs/def/fc8b3c0e-5845-494e-81cf-7278f4e54ae6","VERKEERSTEKEN","SVW","","9923","SVW-VERKEERSTEKEN_BORD_L03_A-SO","VERKEERSTEKEN_BORD_L03_A","SO"
"http://digitalbuildingdata.tech/nlcs/def/1b79652b-aa77-4892-9638-f78789b6dda4","VERKEERSTEKEN","SVW","","9924","SVW-VERKEERSTEKEN_BORD_L03_B-SO","VERKEERSTEKEN_BORD_L03_B","SO"
"http://digitalbuildingdata.tech/nlcs/def/6c7832d1-a889-4f73-875d-740f83d56563","VERKEERSTEKEN","SVW","","9925","SVW-VERKEERSTEKEN_BORD_L03_C-SO","VERKEERSTEKEN_BORD_L03_C","SO"
"http://digitalbuildingdata.tech/nlcs/def/2325f84f-b893-48bd-bd51-0c50507512d2","VERKEERSTEKEN","SVW","","9926","SVW-VERKEERSTEKEN_BORD_L04-SO","VERKEERSTEKEN_BORD_L04","SO"
"http://digitalbuildingdata.tech/nlcs/def/f0c66126-5d02-484f-a831-de86ef50faa1","VERKEERSTEKEN","SVW","","9927","SVW-VERKEERSTEKEN_BORD_L05-SO","VERKEERSTEKEN_BORD_L05","SO"
"http://digitalbuildingdata.tech/nlcs/def/04c94eaf-d7ee-4f30-80c5-2d4e88ad8923","VERKEERSTEKEN","SVW","","9928","SVW-VERKEERSTEKEN_BORD_L06-SO","VERKEERSTEKEN_BORD_L06","SO"
"http://digitalbuildingdata.tech/nlcs/def/46229ce1-f8bc-4475-9eaa-22cff45783c9","VERKEERSTEKEN","SVW","","9929","SVW-VERKEERSTEKEN_BORD_L07-SO","VERKEERSTEKEN_BORD_L07","SO"
"http://digitalbuildingdata.tech/nlcs/def/5ac3d774-0857-4221-9451-60b6b9af8e36","VERKEERSTEKEN","SVW","","9930","SVW-VERKEERSTEKEN_BORD_L08-SO","VERKEERSTEKEN_BORD_L08","SO"
"http://digitalbuildingdata.tech/nlcs/def/46251ff6-de87-4af7-9b29-03eb60587d75","VERKEERSTEKEN","SVW","","9931","SVW-VERKEERSTEKEN_BORD_L09L-SO","VERKEERSTEKEN_BORD_L09L","SO"
"http://digitalbuildingdata.tech/nlcs/def/92153a90-8d89-4233-bf9a-4b8b34451b23","VERKEERSTEKEN","SVW","","9932","SVW-VERKEERSTEKEN_BORD_L09R-SO","VERKEERSTEKEN_BORD_L09R","SO"
"http://digitalbuildingdata.tech/nlcs/def/c03c73f1-9549-4ce0-9d53-5ec388eef022","VERKEERSTEKEN","SVW","","9933","SVW-VERKEERSTEKEN_BORD_L09_1L-SO","VERKEERSTEKEN_BORD_L09_1L","SO"
"http://digitalbuildingdata.tech/nlcs/def/4ad10e58-ab5e-4e86-bbf1-99ebcc3c64ac","VERKEERSTEKEN","SVW","","9934","SVW-VERKEERSTEKEN_BORD_L09_1R-SO","VERKEERSTEKEN_BORD_L09_1R","SO"
"http://digitalbuildingdata.tech/nlcs/def/422f4087-4f18-45a0-bbd4-773a3784d592","VERKEERSTEKEN","SVW","","9935","SVW-VERKEERSTEKEN_BORD_L09_2L-SO","VERKEERSTEKEN_BORD_L09_2L","SO"
"http://digitalbuildingdata.tech/nlcs/def/1865860d-aa11-45a5-9040-b18a38a6dd6a","VERKEERSTEKEN","SVW","","9936","SVW-VERKEERSTEKEN_BORD_L09_2R-SO","VERKEERSTEKEN_BORD_L09_2R","SO"
"http://digitalbuildingdata.tech/nlcs/def/f8e0b1a4-18b7-4439-84c2-00a7a33818c9","VERKEERSTEKEN","SVW","","9937","SVW-VERKEERSTEKEN_BORD_L09_3L-SO","VERKEERSTEKEN_BORD_L09_3L","SO"
"http://digitalbuildingdata.tech/nlcs/def/202bf2bd-59ca-4445-8570-65dce7eab719","VERKEERSTEKEN","SVW","","9938","SVW-VERKEERSTEKEN_BORD_L09_3R-SO","VERKEERSTEKEN_BORD_L09_3R","SO"
"http://digitalbuildingdata.tech/nlcs/def/03f04e8d-3da6-4812-a6dc-92331269a134","VERKEERSTEKEN","SVW","","9939","SVW-VERKEERSTEKEN_BORD_L09_4L-SO","VERKEERSTEKEN_BORD_L09_4L","SO"
"http://digitalbuildingdata.tech/nlcs/def/80cb1bdc-3c8e-42aa-a981-0b90676e0742","VERKEERSTEKEN","SVW","","9940","SVW-VERKEERSTEKEN_BORD_L09_4R-SO","VERKEERSTEKEN_BORD_L09_4R","SO"
"http://digitalbuildingdata.tech/nlcs/def/814c29f4-5f7c-4915-9d2b-7314366c44fa","VERKEERSTEKEN","SVW","","9941","SVW-VERKEERSTEKEN_BORD_L09_5L-SO","VERKEERSTEKEN_BORD_L09_5L","SO"
"http://digitalbuildingdata.tech/nlcs/def/e8854755-6ebc-4c89-9e13-8b0a44878c8c","VERKEERSTEKEN","SVW","","9942","SVW-VERKEERSTEKEN_BORD_L09_5R-SO","VERKEERSTEKEN_BORD_L09_5R","SO"
"http://digitalbuildingdata.tech/nlcs/def/a093f5e3-23df-4a9f-a90c-a6d626341ab6","VERKEERSTEKEN","SVW","","9943","SVW-VERKEERSTEKEN_BORD_L09_6L-SO","VERKEERSTEKEN_BORD_L09_6L","SO"
"http://digitalbuildingdata.tech/nlcs/def/e9d72e95-3eae-4898-98eb-376a69e80f87","VERKEERSTEKEN","SVW","","9944","SVW-VERKEERSTEKEN_BORD_L09_6R-SO","VERKEERSTEKEN_BORD_L09_6R","SO"
"http://digitalbuildingdata.tech/nlcs/def/d69983d4-18ec-4944-95f9-d64f5f8ae66a","VERKEERSTEKEN","SVW","","9945","SVW-VERKEERSTEKEN_BORD_L09_7-SO","VERKEERSTEKEN_BORD_L09_7","SO"
"http://digitalbuildingdata.tech/nlcs/def/9a222acf-0da1-49f2-9693-91d019aab7b8","VERKEERSTEKEN","SVW","","9946","SVW-VERKEERSTEKEN_BORD_L09_8-SO","VERKEERSTEKEN_BORD_L09_8","SO"
"http://digitalbuildingdata.tech/nlcs/def/bc5e0202-cca8-4864-8da9-889129bd555c","VERKEERSTEKEN","SVW","","9947","SVW-VERKEERSTEKEN_BORD_L10-SO","VERKEERSTEKEN_BORD_L10","SO"
"http://digitalbuildingdata.tech/nlcs/def/18e49655-b466-4f01-b0d7-509c19afdc9f","VERKEERSTEKEN","SVW","","9948","SVW-VERKEERSTEKEN_BORD_L11-SO","VERKEERSTEKEN_BORD_L11","SO"
"http://digitalbuildingdata.tech/nlcs/def/b85db6e1-288f-4a41-af28-63464838a4a7","VERKEERSTEKEN","SVW","","9949","SVW-VERKEERSTEKEN_BORD_L12-SO","VERKEERSTEKEN_BORD_L12","SO"
"http://digitalbuildingdata.tech/nlcs/def/d2107954-086c-4b1f-b9bd-1fa22de0b61a","VERKEERSTEKEN","SVW","","9950","SVW-VERKEERSTEKEN_BORD_L13-SO","VERKEERSTEKEN_BORD_L13","SO"
"http://digitalbuildingdata.tech/nlcs/def/d97c1ea1-105d-4e3c-a11e-1bef4c703956","VERKEERSTEKEN","SVW","","9951","SVW-VERKEERSTEKEN_BORD_L14-SO","VERKEERSTEKEN_BORD_L14","SO"
"http://digitalbuildingdata.tech/nlcs/def/35959a17-5c56-4346-998d-336d4432a41a","VERKEERSTEKEN","SVW","","9952","SVW-VERKEERSTEKEN_BORD_L15-SO","VERKEERSTEKEN_BORD_L15","SO"
"http://digitalbuildingdata.tech/nlcs/def/80087bd5-ca22-42ba-b0f5-444789a67c5b","VERKEERSTEKEN","SVW","","9953","SVW-VERKEERSTEKEN_BORD_L16-SO","VERKEERSTEKEN_BORD_L16","SO"
"http://digitalbuildingdata.tech/nlcs/def/4229a815-8aaf-4862-aa2e-ef3b4f4669d7","VERKEERSTEKEN","SVW","","9954","SVW-VERKEERSTEKEN_BORD_L17-SO","VERKEERSTEKEN_BORD_L17","SO"
"http://digitalbuildingdata.tech/nlcs/def/9d27a1a8-cd90-4304-81a7-100c192b4e65","VERKEERSTEKEN","SVW","","9955","SVW-VERKEERSTEKEN_BORD_L18-SO","VERKEERSTEKEN_BORD_L18","SO"
"http://digitalbuildingdata.tech/nlcs/def/4b8eaff0-e10c-4b82-9dff-77b9d9223027","VERKEERSTEKEN","SVW","","9956","SVW-VERKEERSTEKEN_BORD_L19_L-SO","VERKEERSTEKEN_BORD_L19_L","SO"
"http://digitalbuildingdata.tech/nlcs/def/08ae93c8-7140-4315-ab4b-4570dc1d9dfc","VERKEERSTEKEN","SVW","","9957","SVW-VERKEERSTEKEN_BORD_L19_R-SO","VERKEERSTEKEN_BORD_L19_R","SO"
"http://digitalbuildingdata.tech/nlcs/def/70323a2e-03f9-44f5-a089-be308dd0b827","VERKEERSTEKEN","SVW","","9958","SVW-VERKEERSTEKEN_BORD_L20-SO","VERKEERSTEKEN_BORD_L20","SO"
"http://digitalbuildingdata.tech/nlcs/def/66d3bcfb-47b3-4752-9884-9dae042c0459","VERKEERSTEKEN","SVW","","9959","SVW-VERKEERSTEKEN_BORD_L21-SO","VERKEERSTEKEN_BORD_L21","SO"
"http://digitalbuildingdata.tech/nlcs/def/f0cf0e2a-1d16-43aa-ab09-1764b5e7077d","POLLER","SVW","V","9960","V-SVW-POLLER-SO","POLLER","SO"
"http://digitalbuildingdata.tech/nlcs/def/a2e96ac0-b280-4b5d-8258-6ec8edf0b4f8","POLLER","SVW","V","9961","V-SVW-POLLER_KAST-SO","POLLER_KAST","SO"
"http://digitalbuildingdata.tech/nlcs/def/72a12e0e-1507-4c60-8a5e-bdbaa90fc419","VERKEERSTEKEN","SVW","V","9962","V-SVW-VERKEERSTEKEN_BORD_A01_005-SO","VERKEERSTEKEN_BORD_A01_005","SO"
"http://digitalbuildingdata.tech/nlcs/def/b8826121-6ff6-47e1-ad8a-de8dbe171f61","VERKEERSTEKEN","SVW","V","9963","V-SVW-VERKEERSTEKEN_BORD_A01_010-SO","VERKEERSTEKEN_BORD_A01_010","SO"
"http://digitalbuildingdata.tech/nlcs/def/c65eed12-e16d-46ac-a75d-9d81c6b98a0d","VERKEERSTEKEN","SVW","V","9964","V-SVW-VERKEERSTEKEN_BORD_A01_015-SO","VERKEERSTEKEN_BORD_A01_015","SO"
"http://digitalbuildingdata.tech/nlcs/def/0d650825-7245-492d-a47b-77d8d545ee5d","VERKEERSTEKEN","SVW","V","9965","V-SVW-VERKEERSTEKEN_BORD_A01_030-SO","VERKEERSTEKEN_BORD_A01_030","SO"
"http://digitalbuildingdata.tech/nlcs/def/87e37478-1ead-4e0b-bace-11359924a967","VERKEERSTEKEN","SVW","V","9966","V-SVW-VERKEERSTEKEN_BORD_A01_030_F-SO","VERKEERSTEKEN_BORD_A01_030_F","SO"
"http://digitalbuildingdata.tech/nlcs/def/95a17152-5811-4211-b55b-cbdf2fa64360","VERKEERSTEKEN","SVW","V","9967","V-SVW-VERKEERSTEKEN_BORD_A01_030_S-SO","VERKEERSTEKEN_BORD_A01_030_S","SO"
"http://digitalbuildingdata.tech/nlcs/def/3b4bcf3f-050e-4f8d-93e1-7e5b993d8cd8","VERKEERSTEKEN","SVW","V","9968","V-SVW-VERKEERSTEKEN_BORD_A01_030_ZB-SO","VERKEERSTEKEN_BORD_A01_030_ZB","SO"
"http://digitalbuildingdata.tech/nlcs/def/7fcf81a1-6f9d-45d4-bcab-20ad13374a8b","VERKEERSTEKEN","SVW","V","9969","V-SVW-VERKEERSTEKEN_BORD_A01_030_ZH-SO","VERKEERSTEKEN_BORD_A01_030_ZH","SO"
"http://digitalbuildingdata.tech/nlcs/def/8430805c-daeb-492a-9d84-b7b9300ca3b7","VERKEERSTEKEN","SVW","V","9970","V-SVW-VERKEERSTEKEN_BORD_A01_050-SO","VERKEERSTEKEN_BORD_A01_050","SO"
"http://digitalbuildingdata.tech/nlcs/def/e885b1cb-7bc6-4234-b53b-1bf9b663fc09","VERKEERSTEKEN","SVW","V","9971","V-SVW-VERKEERSTEKEN_BORD_A01_050_F-SO","VERKEERSTEKEN_BORD_A01_050_F","SO"
"http://digitalbuildingdata.tech/nlcs/def/950cb387-3de1-44b1-8f7b-75898eca0d2b","VERKEERSTEKEN","SVW","V","9972","V-SVW-VERKEERSTEKEN_BORD_A01_050_S-SO","VERKEERSTEKEN_BORD_A01_050_S","SO"
"http://digitalbuildingdata.tech/nlcs/def/fd0ba871-d909-4742-9d4e-c03e1ab4ec68","VERKEERSTEKEN","SVW","V","9973","V-SVW-VERKEERSTEKEN_BORD_A01_050_ZB-SO","VERKEERSTEKEN_BORD_A01_050_ZB","SO"
"http://digitalbuildingdata.tech/nlcs/def/5d6dead1-7e60-411d-ab9c-d87264b4f5f2","VERKEERSTEKEN","SVW","V","9974","V-SVW-VERKEERSTEKEN_BORD_A01_050_ZH-SO","VERKEERSTEKEN_BORD_A01_050_ZH","SO"
"http://digitalbuildingdata.tech/nlcs/def/42c6f195-70df-473c-a8f0-d63c98983dd6","VERKEERSTEKEN","SVW","V","9975","V-SVW-VERKEERSTEKEN_BORD_A01_060-SO","VERKEERSTEKEN_BORD_A01_060","SO"
"http://digitalbuildingdata.tech/nlcs/def/c8b6c4c9-12b4-4796-87fe-48fcd239d595","VERKEERSTEKEN","SVW","V","9976","V-SVW-VERKEERSTEKEN_BORD_A01_060_F-SO","VERKEERSTEKEN_BORD_A01_060_F","SO"
"http://digitalbuildingdata.tech/nlcs/def/a47fb706-a338-4794-a310-1b1bbbdf56a3","VERKEERSTEKEN","SVW","V","9977","V-SVW-VERKEERSTEKEN_BORD_A01_060_S-SO","VERKEERSTEKEN_BORD_A01_060_S","SO"
"http://digitalbuildingdata.tech/nlcs/def/a472d3a6-dc3b-4641-8e0d-47ad3bae8c89","VERKEERSTEKEN","SVW","V","9978","V-SVW-VERKEERSTEKEN_BORD_A01_060_ZB-SO","VERKEERSTEKEN_BORD_A01_060_ZB","SO"
"http://digitalbuildingdata.tech/nlcs/def/aa26e65a-6360-44dc-ac93-cb19acc4f1c6","VERKEERSTEKEN","SVW","V","9979","V-SVW-VERKEERSTEKEN_BORD_A01_060_ZH-SO","VERKEERSTEKEN_BORD_A01_060_ZH","SO"
"http://digitalbuildingdata.tech/nlcs/def/043bc597-d3a9-4bc6-bb70-2a839bd4ff5e","VERKEERSTEKEN","SVW","V","9980","V-SVW-VERKEERSTEKEN_BORD_A01_070-SO","VERKEERSTEKEN_BORD_A01_070","SO"
"http://digitalbuildingdata.tech/nlcs/def/00c48ea3-d4da-4ec0-b5a7-5de8cdde093c","VERKEERSTEKEN","SVW","V","9981","V-SVW-VERKEERSTEKEN_BORD_A01_070_F-SO","VERKEERSTEKEN_BORD_A01_070_F","SO"
"http://digitalbuildingdata.tech/nlcs/def/058a02b2-791f-40ec-8159-5941af5d0fe0","VERKEERSTEKEN","SVW","V","9982","V-SVW-VERKEERSTEKEN_BORD_A01_070_S-SO","VERKEERSTEKEN_BORD_A01_070_S","SO"
"http://digitalbuildingdata.tech/nlcs/def/fc616fa9-be15-481a-8e00-c91350266bb2","VERKEERSTEKEN","SVW","V","9983","V-SVW-VERKEERSTEKEN_BORD_A01_080-SO","VERKEERSTEKEN_BORD_A01_080","SO"
"http://digitalbuildingdata.tech/nlcs/def/49a121f2-e992-49c0-978e-34b957a004ca","VERKEERSTEKEN","SVW","V","9984","V-SVW-VERKEERSTEKEN_BORD_A01_080_F-SO","VERKEERSTEKEN_BORD_A01_080_F","SO"
"http://digitalbuildingdata.tech/nlcs/def/524a3540-0fdd-491e-9a0d-e0406e461d1b","VERKEERSTEKEN","SVW","V","9985","V-SVW-VERKEERSTEKEN_BORD_A01_080_S-SO","VERKEERSTEKEN_BORD_A01_080_S","SO"
"http://digitalbuildingdata.tech/nlcs/def/bffe78ea-c85a-40d5-b420-617b8181a226","VERKEERSTEKEN","SVW","V","9986","V-SVW-VERKEERSTEKEN_BORD_A01_090-SO","VERKEERSTEKEN_BORD_A01_090","SO"
"http://digitalbuildingdata.tech/nlcs/def/6035a63f-4a37-4f25-80ed-a0e9593eeff9","VERKEERSTEKEN","SVW","V","9987","V-SVW-VERKEERSTEKEN_BORD_A01_090_F-SO","VERKEERSTEKEN_BORD_A01_090_F","SO"
"http://digitalbuildingdata.tech/nlcs/def/7a6ea36f-48b8-475b-9ba4-a4baf9fdd9aa","VERKEERSTEKEN","SVW","V","9988","V-SVW-VERKEERSTEKEN_BORD_A01_090_S-SO","VERKEERSTEKEN_BORD_A01_090_S","SO"
"http://digitalbuildingdata.tech/nlcs/def/a9c6417c-5919-4618-a2c3-1c3e8718fe3f","VERKEERSTEKEN","SVW","V","9989","V-SVW-VERKEERSTEKEN_BORD_A01_100-SO","VERKEERSTEKEN_BORD_A01_100","SO"
"http://digitalbuildingdata.tech/nlcs/def/8e8fd727-be97-4282-9c9a-542fdbd3af1a","VERKEERSTEKEN","SVW","V","9990","V-SVW-VERKEERSTEKEN_BORD_A01_100_F-SO","VERKEERSTEKEN_BORD_A01_100_F","SO"
"http://digitalbuildingdata.tech/nlcs/def/c7a7eae9-568d-49fa-82aa-5ac7739196b9","VERKEERSTEKEN","SVW","V","9991","V-SVW-VERKEERSTEKEN_BORD_A01_100_S-SO","VERKEERSTEKEN_BORD_A01_100_S","SO"
"http://digitalbuildingdata.tech/nlcs/def/695065f4-f8e2-41a7-a95c-9551a7c6ee49","VERKEERSTEKEN","SVW","V","9992","V-SVW-VERKEERSTEKEN_BORD_A01_100_S_TIJD-SO","VERKEERSTEKEN_BORD_A01_100_S_TIJD","SO"
"http://digitalbuildingdata.tech/nlcs/def/920b0543-ae20-4d53-ae80-43128168c687","VERKEERSTEKEN","SVW","V","9993","V-SVW-VERKEERSTEKEN_BORD_A01_120-SO","VERKEERSTEKEN_BORD_A01_120","SO"
"http://digitalbuildingdata.tech/nlcs/def/ae7c3e6f-624a-414a-a950-cf9c3587e7bc","VERKEERSTEKEN","SVW","V","9994","V-SVW-VERKEERSTEKEN_BORD_A01_120_F-SO","VERKEERSTEKEN_BORD_A01_120_F","SO"
"http://digitalbuildingdata.tech/nlcs/def/3045f44e-b132-4cf5-a872-46ea5e0191aa","VERKEERSTEKEN","SVW","V","9995","V-SVW-VERKEERSTEKEN_BORD_A01_120_S-SO","VERKEERSTEKEN_BORD_A01_120_S","SO"
"http://digitalbuildingdata.tech/nlcs/def/20a6bd61-007e-44b4-bd6e-18e74555e7b6","VERKEERSTEKEN","SVW","V","9996","V-SVW-VERKEERSTEKEN_BORD_A01_120_S_TIJD-SO","VERKEERSTEKEN_BORD_A01_120_S_TIJD","SO"
"http://digitalbuildingdata.tech/nlcs/def/8c21b212-ef68-4cec-8c90-b950c83c5c67","VERKEERSTEKEN","SVW","V","9997","V-SVW-VERKEERSTEKEN_BORD_A01_130-SO","VERKEERSTEKEN_BORD_A01_130","SO"
"http://digitalbuildingdata.tech/nlcs/def/e5dd79c2-9e94-4cfe-9b95-3cf08d27301f","VERKEERSTEKEN","SVW","V","9998","V-SVW-VERKEERSTEKEN_BORD_A01_130_F-SO","VERKEERSTEKEN_BORD_A01_130_F","SO"
"http://digitalbuildingdata.tech/nlcs/def/a5a458b6-161b-4eca-ae74-567f2839c775","VERKEERSTEKEN","SVW","V","9999","V-SVW-VERKEERSTEKEN_BORD_A01_130_S-SO","VERKEERSTEKEN_BORD_A01_130_S","SO"