"symboolURI","searchterm","sbibliotheek","fase","id","symbool","finalCleanName","optie"
"http://digitalbuildingdata.tech/nlcs/def/a4b7a2b0-2cd5-4d84-b93c-ecf62b110aa3","TEKENBLAD","SAL","","1","SAL-TEKENBLAD_A0-SO","TEKENBLAD_A0","SO"
"http://digitalbuildingdata.tech/nlcs/def/67cee92d-f900-49f7-8c5b-e64c3ed47ccd","TEKENBLAD","SAL","","10","SAL-TEKENBLAD_A1-SO","TEKENBLAD_A1","SO"
"http://digitalbuildingdata.tech/nlcs/def/ee739255-509b-428e-880c-c5ab2f1f5c1e","HOOGTELABEL","SZZ","","100","SZZ-HOOGTELABEL_02-SO","HOOGTELABEL_02","SO"
"http://digitalbuildingdata.tech/nlcs/def/8f4c6948-8e4c-411f-9b57-e876107bd19f","PUT","SRI","","1002","SRI-PUT_BLINDEPUT-SO","PUT_BLINDEPUT","SO"
"http://digitalbuildingdata.tech/nlcs/def/96ffa0e7-6aaf-46de-89f4-035ef56fd9a0","PUT","SRI","","1004","SRI-PUT_HONDEHOKPUT-SO","PUT_HONDEHOKPUT","SO"
"http://digitalbuildingdata.tech/nlcs/def/8700046c-7523-445e-b0a5-6463fe00a1cc","PUT","SRI","","1008","SRI-PUT_MONSTERNAME-SO","PUT_MONSTERNAME","SO"
"http://digitalbuildingdata.tech/nlcs/def/cb5ac8bb-b508-40d6-a39b-909c3c4485b1","PUT","SRI","","1009","SRI-PUT_ONTSTOPPINGSPUT-SO","PUT_ONTSTOPPINGSPUT","SO"
"http://digitalbuildingdata.tech/nlcs/def/3b8c9717-53b9-4e09-84ed-9635d3706d6d","HOOGTELABEL","SZZ","","101","SZZ-HOOGTELABEL_03-SO","HOOGTELABEL_03","SO"
"http://digitalbuildingdata.tech/nlcs/def/74d1ec48-8e3b-4e05-a85d-7566c4aa1564","PUT","SRI","","1011","SRI-PUT_PERS-SO","PUT_PERS","SO"
"http://digitalbuildingdata.tech/nlcs/def/ae5035f6-fb2f-4099-9609-668726bd3d81","PUT","SRI","","1013","SRI-PUT_STUWPUT-SO","PUT_STUWPUT","SO"
"http://digitalbuildingdata.tech/nlcs/def/c73ada3f-4188-4292-b508-fdcc7411aa9f","PUT","SRI","","1015","SRI-PUT_VACUUM-SO","PUT_VACUUM","SO"
"http://digitalbuildingdata.tech/nlcs/def/514c2ebe-9a0a-4f41-8abd-7c2ddb5c422b","PUT","SRI","","1016","SRI-PUT_VALPUT-SO","PUT_VALPUT","SO"
"http://digitalbuildingdata.tech/nlcs/def/456bf034-05a5-49e0-ba66-ef5995e4d941","PUTDEKSELHOOGTE","SRI","","1018","SRI-PUTDEKSELHOOGTE-SO","PUTDEKSELHOOGTE","SO"
"http://digitalbuildingdata.tech/nlcs/def/0a1c68a1-7f51-4cfc-90b6-1f3d8816070c","PUTNUMMER","SRI","","1019","SRI-PUTNUMMER-SO","PUTNUMMER","SO"
"http://digitalbuildingdata.tech/nlcs/def/84eb6533-6054-43ac-9c8b-30b552279ac8","HOOGTELABEL","SZZ","","102","SZZ-HOOGTELABEL_04-SO","HOOGTELABEL_04","SO"
"http://digitalbuildingdata.tech/nlcs/def/8589c8b0-f7b5-411f-811d-96b2c456809f","STROOMRICHTING","SRI","","1020","SRI-STROOMRICHTING-SO","STROOMRICHTING","SO"
"http://digitalbuildingdata.tech/nlcs/def/da1e212d-d9f4-46d7-b58e-317cdba2051a","TANK","SRI","","1021","SRI-TANK_SEPTIC-SO","TANK_SEPTIC","SO"
"http://digitalbuildingdata.tech/nlcs/def/07853449-5e75-4e35-b2e3-3ca80834e7bd","UITSTROOMBAK","SRI","","1022","SRI-UITSTROOMBAK-SO","UITSTROOMBAK","SO"
"http://digitalbuildingdata.tech/nlcs/def/301bea76-f7ac-4d3c-9b3f-1dd69e0d42a1","AFSCHEIDER","SRI","V","1023","V-SRI-AFSCHEIDER_IBA-SO","AFSCHEIDER_IBA","SO"
"http://digitalbuildingdata.tech/nlcs/def/b698657d-eb5b-4ee4-9b7a-33a9909e05db","AFSCHEIDER","SRI","V","1024","V-SRI-AFSCHEIDER_OLIE_BENZINE-SO","AFSCHEIDER_OLIE_BENZINE","SO"
"http://digitalbuildingdata.tech/nlcs/def/9316e758-81d9-423b-ad0c-e6cfe96027c3","AFSCHEIDER","SRI","V","1025","V-SRI-AFSCHEIDER_SLIBVANGPUT-SO","AFSCHEIDER_SLIBVANGPUT","SO"
"http://digitalbuildingdata.tech/nlcs/def/ea9f0ffe-ee32-46c0-b488-6f9068ee79d4","AFSCHEIDER","SRI","V","1026","V-SRI-AFSCHEIDER_VET-SO","AFSCHEIDER_VET","SO"
"http://digitalbuildingdata.tech/nlcs/def/ee3d0817-3803-4830-abbd-58bcb5cb8d6f","AFSCHEIDER","SRI","V","1027","V-SRI-AFSCHEIDER_ZETMEEL-SO","AFSCHEIDER_ZETMEEL","SO"
"http://digitalbuildingdata.tech/nlcs/def/ade70bc3-efe2-41cf-87f9-a5570f530d9d","AFSCHEIDER","SRI","V","1028","V-SRI-AFSCHEIDER-SO","AFSCHEIDER","SO"
"http://digitalbuildingdata.tech/nlcs/def/ab0b7331-3d58-477d-bd90-0fef1de05531","HOOGTELABEL","SZZ","","103","SZZ-HOOGTELABEL_KANTOPSLUITING_01-SO","HOOGTELABEL_KANTOPSLUITING_01","SO"
"http://digitalbuildingdata.tech/nlcs/def/547d7338-39dc-443b-a715-d43801c77b8f","PUT","SRI","V","1031","V-SRI-PUT_DRAIN_DOORSPUIT-SO","PUT_DRAIN_DOORSPUIT","SO"
"http://digitalbuildingdata.tech/nlcs/def/9c6987c3-f023-48e1-9e5a-90682f8b00be","PUT","SRI","V","1032","V-SRI-PUT_DRAIN-SO","PUT_DRAIN","SO"
"http://digitalbuildingdata.tech/nlcs/def/7ec5faad-1dfe-4453-abaa-fe6859722950","DRAIN","SRI","V","1033","V-SRI-DRAIN_TALUDGOOT-SO","DRAIN_TALUDGOOT","SO"
"http://digitalbuildingdata.tech/nlcs/def/f91ffb72-f7e0-4f42-8a70-293c4c7891d6","GEMAAL","SRI","V","1034","V-SRI-GEMAAL-SO","GEMAAL","SO"
"http://digitalbuildingdata.tech/nlcs/def/77e715c7-760b-4dbc-a006-b87d578ea7ac","HULP","SRI","V","1035","V-SRI-HULP_AFSLUITER-SO","HULP_AFSLUITER","SO"
"http://digitalbuildingdata.tech/nlcs/def/81a14103-777d-4aca-bcb6-27aef53b237a","HULP","SRI","V","1036","V-SRI-HULP_AFSLUITER_DRIEWEG-SO","HULP_AFSLUITER_DRIEWEG","SO"
"http://digitalbuildingdata.tech/nlcs/def/80ce667e-8835-40af-9ae4-9e0b8eaebeb2","HULP","SRI","V","1037","V-SRI-HULP_AFSLUITER_HAAKS-SO","HULP_AFSLUITER_HAAKS","SO"
"http://digitalbuildingdata.tech/nlcs/def/60855409-269d-486a-88cd-f14c1ce6367b","HULP","SRI","V","1038","V-SRI-HULP_AFSLUITER_HANDB-SO","HULP_AFSLUITER_HANDB","SO"
"http://digitalbuildingdata.tech/nlcs/def/f4c51b43-4a44-4272-84a1-9f37f6204b20","HULP","SRI","V","1039","V-SRI-HULP_AFSLUITER_KLEP-SO","HULP_AFSLUITER_KLEP","SO"
"http://digitalbuildingdata.tech/nlcs/def/faabf3b4-ba72-431b-bce5-59e6aef3e541","HOOGTELABEL","SZZ","","104","SZZ-HOOGTELABEL_KANTOPSLUITING_02-SO","HOOGTELABEL_KANTOPSLUITING_02","SO"
"http://digitalbuildingdata.tech/nlcs/def/a5474c5a-8dde-4548-a066-5dfa2fb49905","HULP","SRI","V","1040","V-SRI-HULP_AFSLUITER_KOGEL-SO","HULP_AFSLUITER_KOGEL","SO"
"http://digitalbuildingdata.tech/nlcs/def/be2ca684-5d24-4e0e-9af9-d7ee6c5879b7","HULP","SRI","V","1041","V-SRI-HULP_AFSLUITER_SPINDEL-SO","HULP_AFSLUITER_SPINDEL","SO"
"http://digitalbuildingdata.tech/nlcs/def/7e2ab0f7-0e05-4659-8373-4a5fc8a99945","HULP","SRI","V","1042","V-SRI-HULP_BELUCHTING-SO","HULP_BELUCHTING","SO"
"http://digitalbuildingdata.tech/nlcs/def/f8628201-4114-41ec-abc6-905268db293e","HULP","SRI","V","1043","V-SRI-HULP_BELUCHTING_ONTLUCHTING-SO","HULP_BELUCHTING_ONTLUCHTING","SO"
"http://digitalbuildingdata.tech/nlcs/def/c42aeb18-db2f-4579-860d-c8b796fb3850","HULP","SRI","V","1044","V-SRI-HULP_EINDKAP-SO","HULP_EINDKAP","SO"
"http://digitalbuildingdata.tech/nlcs/def/54bfb799-abe6-46a0-bc32-910b13b0c720","HULP","SRI","V","1045","V-SRI-HULP_INLAAT-SO","HULP_INLAAT","SO"
"http://digitalbuildingdata.tech/nlcs/def/48af6d0e-2df1-45b4-bd8e-f5231a50dfb1","HULP","SRI","V","1046","V-SRI-HULP_KEERKLEP-SO","HULP_KEERKLEP","SO"
"http://digitalbuildingdata.tech/nlcs/def/341ae7df-399a-4878-9b31-14b10172c886","HULP","SRI","V","1047","V-SRI-HULP_ONTLUCHTING-SO","HULP_ONTLUCHTING","SO"
"http://digitalbuildingdata.tech/nlcs/def/d17c815b-14b2-4d40-b332-0e1086e6a1d0","HULP","SRI","V","1048","V-SRI-HULP_ONTSTOP-SO","HULP_ONTSTOP","SO"
"http://digitalbuildingdata.tech/nlcs/def/8a96d2ff-bac2-4ceb-9411-88253c5c3bef","HULP","SRI","V","1049","V-SRI-HULP_SCHOONMAAKSTUK-SO","HULP_SCHOONMAAKSTUK","SO"
"http://digitalbuildingdata.tech/nlcs/def/f72bd23b-b1c5-4b35-a9b6-d118c5b364c5","HOOGTELABEL","SZZ","","105","SZZ-HOOGTELABEL_KANTOPSLUITING_03-SO","HOOGTELABEL_KANTOPSLUITING_03","SO"
"http://digitalbuildingdata.tech/nlcs/def/6d4b947c-a374-4fe7-aced-090f64e36016","HULP","SRI","V","1050","V-SRI-HULP_SPUIKRAAN-SO","HULP_SPUIKRAAN","SO"
"http://digitalbuildingdata.tech/nlcs/def/3d5f549b-d3cd-447e-a6fc-22c066929cb5","HULP","SRI","V","1051","V-SRI-HULP_VERLOOPSTUK-SO","HULP_VERLOOPSTUK","SO"
"http://digitalbuildingdata.tech/nlcs/def/57533c81-81e8-4d53-8477-384192741154","HULP","SRI","V","1052","V-SRI-HULP_VLINDERKLEP-SO","HULP_VLINDERKLEP","SO"
"http://digitalbuildingdata.tech/nlcs/def/18f651a4-635e-4628-8877-75febb4d0b8b","KOLK","SRI","V","1053","V-SRI-KOLK_COMBINATIE-SO","KOLK_COMBINATIE","SO"
"http://digitalbuildingdata.tech/nlcs/def/3b7fd904-5234-437a-aa90-04241a022a27","KOLK","SRI","V","1054","V-SRI-KOLK_IFILTR-SO","KOLK_IFILTR","SO"
"http://digitalbuildingdata.tech/nlcs/def/14c791f3-073f-40cc-a25d-45ca99f238bd","KOLK","SRI","V","1055","V-SRI-KOLK_RWS-SO","KOLK_RWS","SO"
"http://digitalbuildingdata.tech/nlcs/def/04bef47d-9af7-4109-b43b-f2f28b4eeb21","KOLK","SRI","V","1058","V-SRI-KOLK_TROTTOIR-SO","KOLK_TROTTOIR","SO"
"http://digitalbuildingdata.tech/nlcs/def/2b7a8b56-9b7f-41e7-ba80-695ab0d699bf","KOLK","SRI","V","1059","V-SRI-KOLK_ZANDVANG-SO","KOLK_ZANDVANG","SO"
"http://digitalbuildingdata.tech/nlcs/def/d11fe325-3ed2-4102-b667-4b9c58e22423","HOOGTELABEL","SZZ","","106","SZZ-HOOGTELABEL_KANTOPSLUITING_04-SO","HOOGTELABEL_KANTOPSLUITING_04","SO"
"http://digitalbuildingdata.tech/nlcs/def/54840831-040b-4ffd-8fcb-34180e154e4b","PUT","SRI","V","1061","V-SRI-PUT_BLINDEPUT-SO","PUT_BLINDEPUT","SO"
"http://digitalbuildingdata.tech/nlcs/def/37cfea16-fe3b-4090-8d73-c0a9b14472df","PUT","SRI","V","1062","V-SRI-PUT_GWA-SO","PUT_GWA","SO"
"http://digitalbuildingdata.tech/nlcs/def/a59bfd00-3de9-4bf8-977e-60c2a6ec6ad0","PUT","SRI","V","1063","V-SRI-PUT_HONDEHOKPUT-SO","PUT_HONDEHOKPUT","SO"
"http://digitalbuildingdata.tech/nlcs/def/6cfcdcf2-2649-4312-ac88-c64f0b150ef9","PUT","SRI","V","1064","V-SRI-PUT_HWA-SO","PUT_HWA","SO"
"http://digitalbuildingdata.tech/nlcs/def/ef0e8450-e70e-4582-9bee-b36d45cb49ff","PUT","SRI","V","1065","V-SRI-PUT_ITR-SO","PUT_ITR","SO"
"http://digitalbuildingdata.tech/nlcs/def/6063d24d-e37b-4dec-956f-06cab3d16479","PUT","SRI","V","1066","V-SRI-PUT_MONSTERNAME-SO","PUT_MONSTERNAME","SO"
"http://digitalbuildingdata.tech/nlcs/def/4745e266-1b63-47e3-808f-5bc74debe023","PUT","SRI","V","1067","V-SRI-PUT_ONTSTOPPINGSPUT-SO","PUT_ONTSTOPPINGSPUT","SO"
"http://digitalbuildingdata.tech/nlcs/def/244c1e70-0d9d-4705-aa3a-ca10ab1d5f76","PUT","SRI","V","1068","V-SRI-PUT_OVERSTORT-SO","PUT_OVERSTORT","SO"
"http://digitalbuildingdata.tech/nlcs/def/c943bb22-71bf-4789-a782-cc10cfb48c8c","PUT","SRI","V","1069","V-SRI-PUT_PERS-SO","PUT_PERS","SO"
"http://digitalbuildingdata.tech/nlcs/def/f5d62fd3-6281-4dd6-aa93-a08a2dc554a3","SCHAALBALK","SAL","","107","SAL-SCHAALBALK_M10","SCHAALBALK_M10",""
"http://digitalbuildingdata.tech/nlcs/def/c99bd34d-a217-48f1-9e18-d2dc709bbc7a","PUT","SRI","V","1070","V-SRI-PUT_POMPPUT-SO","PUT_POMPPUT","SO"
"http://digitalbuildingdata.tech/nlcs/def/9845325b-ed8c-41e7-8c2c-f84aaae93b94","PUT","SRI","V","1071","V-SRI-PUT_STUWPUT-SO","PUT_STUWPUT","SO"
"http://digitalbuildingdata.tech/nlcs/def/893a75e7-d17a-4673-91cf-1ff29d4c3acf","PUT","SRI","V","1072","V-SRI-PUT_SWA-SO","PUT_SWA","SO"
"http://digitalbuildingdata.tech/nlcs/def/5bf6c0dd-640b-4945-9b7c-dffb748e7e7c","PUT","SRI","V","1073","V-SRI-PUT_VACUUM-SO","PUT_VACUUM","SO"
"http://digitalbuildingdata.tech/nlcs/def/7131b27e-14b5-4a9d-87b2-6470439e8f4d","PUT","SRI","V","1074","V-SRI-PUT_VALPUT-SO","PUT_VALPUT","SO"
"http://digitalbuildingdata.tech/nlcs/def/3f3ad104-6e8e-4b47-b71a-cccdcfea60c2","PUT","SRI","V","1075","V-SRI-PUT_VWA-SO","PUT_VWA","SO"
"http://digitalbuildingdata.tech/nlcs/def/edf9159c-0d5b-4d58-a96b-8645d00ae237","TANK","SRI","V","1079","V-SRI-TANK_SEPTIC-SO","TANK_SEPTIC","SO"
"http://digitalbuildingdata.tech/nlcs/def/9dd03b22-a18e-4334-b7a9-092d528483c6","SCHAALBALK","SAL","","108","SAL-SCHAALBALK_M100","SCHAALBALK_M100",""
"http://digitalbuildingdata.tech/nlcs/def/3ef9d2f2-66bb-43ab-9351-327b76151de3","UITSTROOMBAK","SRI","V","1080","V-SRI-UITSTROOMBAK-SO","UITSTROOMBAK","SO"
"http://digitalbuildingdata.tech/nlcs/def/07cc2606-8b67-46d0-9774-5f6bfb5f590d","ASFALT","SVH","","1081","SVH-ASFALT-SO","ASFALT","SO"
"http://digitalbuildingdata.tech/nlcs/def/eabdc62d-6447-4a4b-8303-3d792ec4248c","ASFALT","SVH","","1082","SVH-ASFALT_FREESVAK-SO","ASFALT_FREESVAK","SO"
"http://digitalbuildingdata.tech/nlcs/def/10664dbf-bffc-4ae6-a4a6-d7d883d3329e","BASALTONVERHARDING","SVH","","1083","SVH-BASALTONVERHARDING-SO","BASALTONVERHARDING","SO"
"http://digitalbuildingdata.tech/nlcs/def/0312315a-905a-472f-94ef-7ea13cb57e4d","BASALTVERHARDING","SVH","","1084","SVH-BASALTVERHARDING-SO","BASALTVERHARDING","SO"
"http://digitalbuildingdata.tech/nlcs/def/14fb46dd-fc37-40f6-9628-802a02e3f1f5","BENTONIET","SVH","","1085","SVH-BENTONIET-SO","BENTONIET","SO"
"http://digitalbuildingdata.tech/nlcs/def/d8945f62-e2c0-43e4-aa03-bd2989210f20","BESTORTING","SVH","","1086","SVH-BESTORTING_01-SO","BESTORTING_01","SO"
"http://digitalbuildingdata.tech/nlcs/def/23e9ec7e-e895-4069-b411-885c03a9a65b","BESTORTING","SVH","","1087","SVH-BESTORTING_02-SO","BESTORTING_02","SO"
"http://digitalbuildingdata.tech/nlcs/def/7ddb995d-0fdf-4bcc-ae27-5a3bbd644384","BETON","SVH","","1088","SVH-BETON_GEWAPEND_INSITU-SO","BETON_GEWAPEND_INSITU","SO"
"http://digitalbuildingdata.tech/nlcs/def/5523201a-54ad-4c40-ae5b-c9ca5e9c7489","BETON","SVH","","1089","SVH-BETON_ONGEWAPEND_INSITU_01-SO","BETON_ONGEWAPEND_INSITU_01","SO"
"http://digitalbuildingdata.tech/nlcs/def/42f044f1-d98c-4e86-b42d-aa8f282378e8","SCHAALBALK","SAL","","109","SAL-SCHAALBALK_M1000","SCHAALBALK_M1000",""
"http://digitalbuildingdata.tech/nlcs/def/c702ffde-6a43-4eae-95c0-422aa7ba6bd0","BETON","SVH","","1090","SVH-BETON_ONGEWAPEND_INSITU_02-SO","BETON_ONGEWAPEND_INSITU_02","SO"
"http://digitalbuildingdata.tech/nlcs/def/a8cf1988-c4b0-4e58-a9e6-6f8f35c1a9c5","BETON","SVH","","1091","SVH-BETON_SCHRAAL-SO","BETON_SCHRAAL","SO"
"http://digitalbuildingdata.tech/nlcs/def/76930d13-e53e-43ad-a975-ff1fcca2a87b","BETON","SVH","","1092","SVH-BETON-SO","BETON","SO"
"http://digitalbuildingdata.tech/nlcs/def/33fd96a4-9e44-4cbb-a72f-3b14cc068ad6","BETON","SVH","","1093","SVH-BETONPLAAT_BLOK-SO","BETONPLAAT_BLOK","SO"
"http://digitalbuildingdata.tech/nlcs/def/9d06f3f5-fb09-4184-b372-ecc54fc2950f","BETON","SVH","","1094","SVH-BETONPLAAT_BLOK_RAND-SO","BETONPLAAT_BLOK_RAND","SO"
"http://digitalbuildingdata.tech/nlcs/def/47c9cde8-b1bc-4369-b828-b829cc38092a","BETON","SVH","","1095","SVH-BETONPLAAT_HALFST-SO","BETONPLAAT_HALFST","SO"
"http://digitalbuildingdata.tech/nlcs/def/8973bcd6-2316-4e5f-8216-b3b983f2878d","BSS","SVH","","1096","SVH-BSS_OPENGESTRAAT-SO","BSS_OPENGESTRAAT","SO"
"http://digitalbuildingdata.tech/nlcs/def/7adb9472-39ca-4126-a9d5-6513af6c4567","BSS","SVH","","1097","SVH-BSS_DIKFORMAAT_BLOK-SO","BSS_DIKFORMAAT_BLOK","SO"
"http://digitalbuildingdata.tech/nlcs/def/9c9d249f-e39c-45ed-8ff0-e690e1dd7610","BSS","SVH","","1098","SVH-BSS_DIKFORMAAT_ELLEBOOG-SO","BSS_DIKFORMAAT_ELLEBOOG","SO"
"http://digitalbuildingdata.tech/nlcs/def/4228580b-4253-47c1-bdc5-10203c94ac49","BSS","SVH","","1099","SVH-BSS_DIKFORMAAT_HALFST-SO","BSS_DIKFORMAAT_HALFST","SO"
"http://digitalbuildingdata.tech/nlcs/def/92404df4-6148-4b23-84f5-65f211763742","TEKENBLAD","SAL","","11","SAL-TEKENBLAD_A1_594X1050-SO","TEKENBLAD_A1_594X1050","SO"
"http://digitalbuildingdata.tech/nlcs/def/0d5c264c-9ba7-44f9-b783-b4a4cf10e6ae","SCHAALBALK","SAL","","110","SAL-SCHAALBALK_M10000","SCHAALBALK_M10000",""
"http://digitalbuildingdata.tech/nlcs/def/f1c3c5c5-6aa0-42db-b5f9-0d1bd0137802","BSS","SVH","","1100","SVH-BSS_DIKFORMAAT_KEPER-SO","BSS_DIKFORMAAT_KEPER","SO"
"http://digitalbuildingdata.tech/nlcs/def/f88985ed-1f60-4e52-b4a1-837792537a34","BSS","SVH","","1101","SVH-BSS_KEIFORMAAT_BLOK_01-SO","BSS_KEIFORMAAT_BLOK_01","SO"
"http://digitalbuildingdata.tech/nlcs/def/887cb4cf-d258-497a-8a47-fb51dcbe1357","BSS","SVH","","1102","SVH-BSS_KEIFORMAAT_BLOK_02-SO","BSS_KEIFORMAAT_BLOK_02","SO"
"http://digitalbuildingdata.tech/nlcs/def/9807a3cb-207a-4092-8ea0-fbad3adeb95d","BSS","SVH","","1104","SVH-BSS_KEIFORMAAT_BLOK_STREEP-SO","BSS_KEIFORMAAT_BLOK_STREEP","SO"
"http://digitalbuildingdata.tech/nlcs/def/aa539467-f985-46f2-818d-356a2d9b7ab9","BSS","SVH","","1105","SVH-BSS_KEIFORMAAT_DUBBEL-SO","BSS_KEIFORMAAT_DUBBEL","SO"
"http://digitalbuildingdata.tech/nlcs/def/0ac0d616-3fd1-478b-af75-9aaeeae94510","BSS","SVH","","1106","SVH-BSS_KEIFORMAAT_DUBBEL_01-SO","BSS_KEIFORMAAT_DUBBEL_01","SO"
"http://digitalbuildingdata.tech/nlcs/def/38f53eef-a4fa-46e8-9a82-0a6db8cd7140","BSS","SVH","","1107","SVH-BSS_KEIFORMAAT_DUBBEL_02-SO","BSS_KEIFORMAAT_DUBBEL_02","SO"
"http://digitalbuildingdata.tech/nlcs/def/f5111637-5459-43fe-b2ac-d154f5d97e21","BSS","SVH","","1108","SVH-BSS_KEIFORMAAT_ELLEBOOG-SO","BSS_KEIFORMAAT_ELLEBOOG","SO"
"http://digitalbuildingdata.tech/nlcs/def/676ad829-1062-4d8e-a622-ac155b6faa97","BSS","SVH","","1109","SVH-BSS_KEIFORMAAT_HALFST-SO","BSS_KEIFORMAAT_HALFST","SO"
"http://digitalbuildingdata.tech/nlcs/def/435595b2-b321-4fa6-9f2f-b8a6af1441fb","SCHAALBALK","SAL","","111","SAL-SCHAALBALK_M1250","SCHAALBALK_M1250",""
"http://digitalbuildingdata.tech/nlcs/def/88c9dd8f-e993-4a59-bd70-c841a4d86d20","BSS","SVH","","1110","SVH-BSS_KEIFORMAAT_KEPER-SO","BSS_KEIFORMAAT_KEPER","SO"
"http://digitalbuildingdata.tech/nlcs/def/4bf6f8ac-fc77-4dc3-adc8-53a7e9f3491b","BSS","SVH","","1111","SVH-BSS_LINGEFORMAAT_DRIEKWART-SO","BSS_LINGEFORMAAT_DRIEKWART","SO"
"http://digitalbuildingdata.tech/nlcs/def/694396a7-30f1-4b70-892d-cace2e388e2d","BSS","SVH","","1112","SVH-BSS_LINGEFORMAAT_ELLEBOOG-SO","BSS_LINGEFORMAAT_ELLEBOOG","SO"
"http://digitalbuildingdata.tech/nlcs/def/c79ec5cb-f5ed-4f61-99b4-563b1a9d30a8","BSS","SVH","","1113","SVH-BSS_LINGEFORMAAT_KLEZOOR-SO","BSS_LINGEFORMAAT_KLEZOOR","SO"
"http://digitalbuildingdata.tech/nlcs/def/559fa467-e4f8-4fee-b1dd-40f947006cf1","BSS","SVH","","1114","SVH-BSS_WAALFORMAAT_BLOK-SO","BSS_WAALFORMAAT_BLOK","SO"
"http://digitalbuildingdata.tech/nlcs/def/51d46e69-1afa-4fa0-bc86-e50bc496ef93","BSS","SVH","","1115","SVH-BSS_WAALFORMAAT_ELLEBOOG-SO","BSS_WAALFORMAAT_ELLEBOOG","SO"
"http://digitalbuildingdata.tech/nlcs/def/0b18b05d-6402-45c9-8cc9-5bc23ee9c80d","BSS","SVH","","1116","SVH-BSS_WAALFORMAAT_HALFST-SO","BSS_WAALFORMAAT_HALFST","SO"
"http://digitalbuildingdata.tech/nlcs/def/9b11923b-2ab6-48a3-af6e-5de5bc0b65c2","BSS","SVH","","1117","SVH-BSS_WAALFORMAAT_KEPER-SO","BSS_WAALFORMAAT_KEPER","SO"
"http://digitalbuildingdata.tech/nlcs/def/e3bdf1ef-3527-4c3e-acd0-17098be7e5c1","BOUWWEG","SVH","","1118","SVH-BOUWWEG-SO","BOUWWEG","SO"
"http://digitalbuildingdata.tech/nlcs/def/1947b39a-def8-4efa-9125-faad4705fc13","COBBLESTONE","SVH","","1119","SVH-COBBLESTONE-SO","COBBLESTONE","SO"
"http://digitalbuildingdata.tech/nlcs/def/c6e4253b-58d0-4ac9-93bf-012404955b98","SCHAALBALK","SAL","","112","SAL-SCHAALBALK_M1500","SCHAALBALK_M1500",""
"http://digitalbuildingdata.tech/nlcs/def/41f9dd1c-96b8-4337-b80f-2f1df26f0d92","DELTA","SVH","","1120","SVH-DELTA-SO","DELTA","SO"
"http://digitalbuildingdata.tech/nlcs/def/982fda3f-4770-4103-b2b4-21e5e647205f","DREMPEL","SVH","B","1121","B-SVH-DREMPEL_PREFAB_1000X1200","DREMPEL_PREFAB_1000X1200",""
"http://digitalbuildingdata.tech/nlcs/def/35ce833d-bd5c-4306-ba04-80ba31dcfc07","DREMPEL","SVH","B","1122","B-SVH-DREMPEL_PREFAB_1000X1200_RUITPROFIEL","DREMPEL_PREFAB_1000X1200_RUITPROFIEL",""
"http://digitalbuildingdata.tech/nlcs/def/34dd954f-c32e-4804-a677-f5dd5e667a73","DREMPEL","SVH","B","1123","B-SVH-DREMPEL_PREFAB_1000X600","DREMPEL_PREFAB_1000X600",""
"http://digitalbuildingdata.tech/nlcs/def/8b9fb78b-c815-4fcd-bc37-b8b2d888e04d","DREMPEL","SVH","B","1124","B-SVH-DREMPEL_PREFAB_1000X600_RUITPROFIEL","DREMPEL_PREFAB_1000X600_RUITPROFIEL",""
"http://digitalbuildingdata.tech/nlcs/def/1cf63aa9-e034-4f1e-af44-7ceda2f7fbfb","DREMPEL","SVH","B","1125","B-SVH-DREMPEL_PREFAB_1200X1000","DREMPEL_PREFAB_1200X1000",""
"http://digitalbuildingdata.tech/nlcs/def/8f99c7aa-6c24-4c0e-b792-3339c14c3cc7","DREMPEL","SVH","B","1126","B-SVH-DREMPEL_PREFAB_1200X1000_RUITPROFIEL","DREMPEL_PREFAB_1200X1000_RUITPROFIEL",""
"http://digitalbuildingdata.tech/nlcs/def/63811fd0-a548-44d0-8079-0139779f255d","DREMPEL","SVH","B","1127","B-SVH-DREMPEL_PREFAB_1200X500","DREMPEL_PREFAB_1200X500",""
"http://digitalbuildingdata.tech/nlcs/def/8cd69b71-b4a7-4c91-9f48-eaaee0f237d3","DREMPEL","SVH","B","1128","B-SVH-DREMPEL_PREFAB_1200X500_RUITPROFIEL","DREMPEL_PREFAB_1200X500_RUITPROFIEL",""
"http://digitalbuildingdata.tech/nlcs/def/51477552-7e59-43ea-8502-a74bb4de79e3","DREMPEL","SVH","B","1129","B-SVH-DREMPEL_PREFAB_1500X1200","DREMPEL_PREFAB_1500X1200",""
"http://digitalbuildingdata.tech/nlcs/def/472cd12e-06e5-47bd-b362-c20450c9f8bb","SCHAALBALK","SAL","","113","SAL-SCHAALBALK_M15000","SCHAALBALK_M15000",""
"http://digitalbuildingdata.tech/nlcs/def/ae113d04-fad5-4a1b-ad03-f34b31cebcd9","DREMPEL","SVH","B","1130","B-SVH-DREMPEL_PREFAB_1500X1200_RUITPROFIEL","DREMPEL_PREFAB_1500X1200_RUITPROFIEL",""
"http://digitalbuildingdata.tech/nlcs/def/d146910d-d89b-46ab-9d3f-d4b1ae0f9f93","DREMPEL","SVH","B","1131","B-SVH-DREMPEL_PREFAB_1500X600","DREMPEL_PREFAB_1500X600",""
"http://digitalbuildingdata.tech/nlcs/def/3ddf49d0-ea1a-4433-82f8-6359df93bd01","DREMPEL","SVH","B","1132","B-SVH-DREMPEL_PREFAB_1500X600_RUITPROFIEL","DREMPEL_PREFAB_1500X600_RUITPROFIEL",""
"http://digitalbuildingdata.tech/nlcs/def/00e3cf8c-5dba-4217-b31a-4f1488d5a2b8","DREMPEL","SVH","B","1133","B-SVH-DREMPEL_PREFAB_1700X1000","DREMPEL_PREFAB_1700X1000",""
"http://digitalbuildingdata.tech/nlcs/def/d76a6358-24b4-47d5-a92d-6b1c3398e570","DREMPEL","SVH","B","1134","B-SVH-DREMPEL_PREFAB_1700X500","DREMPEL_PREFAB_1700X500",""
"http://digitalbuildingdata.tech/nlcs/def/b366df10-ad51-4c40-be52-77833fec02e8","DREMPEL","SVH","B","1135","B-SVH-DREMPEL_PREFAB_1750X1000","DREMPEL_PREFAB_1750X1000",""
"http://digitalbuildingdata.tech/nlcs/def/20a4246b-d95e-4624-a3b9-5e3ab2b52d59","DREMPEL","SVH","B","1136","B-SVH-DREMPEL_PREFAB_1750X1000_LINKS","DREMPEL_PREFAB_1750X1000_LINKS",""
"http://digitalbuildingdata.tech/nlcs/def/e16c5fad-a5f8-44dc-8d9b-d09b2aea14a2","DREMPEL","SVH","B","1137","B-SVH-DREMPEL_PREFAB_1750X1000_RECHTS","DREMPEL_PREFAB_1750X1000_RECHTS",""
"http://digitalbuildingdata.tech/nlcs/def/49590050-c3a3-4290-a37e-d8ae40ceaae8","DREMPEL","SVH","B","1138","B-SVH-DREMPEL_PREFAB_1750X1200","DREMPEL_PREFAB_1750X1200",""
"http://digitalbuildingdata.tech/nlcs/def/8941f8d4-0a9e-47c5-a09a-62753a3df83a","DREMPEL","SVH","B","1139","B-SVH-DREMPEL_PREFAB_1750X500","DREMPEL_PREFAB_1750X500",""
"http://digitalbuildingdata.tech/nlcs/def/239ecaac-db05-49e6-9c56-a32f786ba39c","SCHAALBALK","SAL","","114","SAL-SCHAALBALK_M20","SCHAALBALK_M20",""
"http://digitalbuildingdata.tech/nlcs/def/9b56768d-8cb0-4128-817f-95c230a0e63f","DREMPEL","SVH","B","1140","B-SVH-DREMPEL_PREFAB_1750X600","DREMPEL_PREFAB_1750X600",""
"http://digitalbuildingdata.tech/nlcs/def/fd5431b0-8d85-439c-ad14-847ecb2ba2f4","DREMPEL","SVH","B","1141","B-SVH-DREMPEL_PREFAB_2400X1000","DREMPEL_PREFAB_2400X1000",""
"http://digitalbuildingdata.tech/nlcs/def/06cfac71-7be1-44b2-8c6a-c11d8f60d4fa","DREMPEL","SVH","B","1142","B-SVH-DREMPEL_PREFAB_2400X1000_RUITPROFIEL","DREMPEL_PREFAB_2400X1000_RUITPROFIEL",""
"http://digitalbuildingdata.tech/nlcs/def/e8b0a2ff-ba46-49c9-a969-25c1cc5c1adb","DREMPEL","SVH","B","1143","B-SVH-DREMPEL_PREFAB_2400X1200","DREMPEL_PREFAB_2400X1200",""
"http://digitalbuildingdata.tech/nlcs/def/caf5a8e3-847a-44cb-a704-a92e2b424737","DREMPEL","SVH","B","1144","B-SVH-DREMPEL_PREFAB_2400X1200_RUITPROFIEL","DREMPEL_PREFAB_2400X1200_RUITPROFIEL",""
"http://digitalbuildingdata.tech/nlcs/def/baa0c2fe-1246-452e-8cd4-a81f6a468725","DREMPEL","SVH","B","1145","B-SVH-DREMPEL_PREFAB_2400X500","DREMPEL_PREFAB_2400X500",""
"http://digitalbuildingdata.tech/nlcs/def/44e9eb41-d00b-4bf3-862c-6745a0202070","DREMPEL","SVH","B","1146","B-SVH-DREMPEL_PREFAB_2400X500_RUITPROFIEL","DREMPEL_PREFAB_2400X500_RUITPROFIEL",""
"http://digitalbuildingdata.tech/nlcs/def/aa3a24b7-9ca2-4207-b4d0-dc560ad953cb","DREMPEL","SVH","B","1147","B-SVH-DREMPEL_PREFAB_2400X600","DREMPEL_PREFAB_2400X600",""
"http://digitalbuildingdata.tech/nlcs/def/e2d40248-3c2e-4581-a86e-55882eed0a8c","DREMPEL","SVH","B","1148","B-SVH-DREMPEL_PREFAB_2400X600_RUITPROFIEL","DREMPEL_PREFAB_2400X600_RUITPROFIEL",""
"http://digitalbuildingdata.tech/nlcs/def/0a6d4895-4172-415d-9b6d-e490cb15394d","DREMPEL","SVH","B","1149","B-SVH-DREMPEL_PREFAB_2400X750_LINKS","DREMPEL_PREFAB_2400X750_LINKS",""
"http://digitalbuildingdata.tech/nlcs/def/107a212c-285c-494f-bb25-3c3bab7b52a3","DREMPEL","SVH","B","1150","B-SVH-DREMPEL_PREFAB_2400X750_RECHTS","DREMPEL_PREFAB_2400X750_RECHTS",""
"http://digitalbuildingdata.tech/nlcs/def/8c31d8d4-7675-4e80-8de0-18d872e351be","DREMPEL","SVH","B","1151","B-SVH-DREMPEL_PREFAB_2400X750_RUITPROFIEL_LINKS","DREMPEL_PREFAB_2400X750_RUITPROFIEL_LINKS",""
"http://digitalbuildingdata.tech/nlcs/def/79924a7c-6459-4bda-b681-068eb3d68ebb","DREMPEL","SVH","B","1152","B-SVH-DREMPEL_PREFAB_2400X750_RUITPROFIEL_RECHTS","DREMPEL_PREFAB_2400X750_RUITPROFIEL_RECHTS",""
"http://digitalbuildingdata.tech/nlcs/def/4f855254-5996-413e-b9bc-49a7a9105e47","DREMPEL","SVH","B","1153","B-SVH-DREMPEL_PREFAB_3000X1000","DREMPEL_PREFAB_3000X1000",""
"http://digitalbuildingdata.tech/nlcs/def/8f97799c-36d6-4b94-85f0-11b7aef8652d","DREMPEL","SVH","B","1154","B-SVH-DREMPEL_PREFAB_3000X500","DREMPEL_PREFAB_3000X500",""
"http://digitalbuildingdata.tech/nlcs/def/fd8ca32c-92fa-452b-a591-ec62a3dc33e0","DREMPEL","SVH","B","1155","B-SVH-DREMPEL_PREFAB_4000X1000","DREMPEL_PREFAB_4000X1000",""
"http://digitalbuildingdata.tech/nlcs/def/06a5fb7a-5f1c-456a-ba8a-1effa699ea43","DREMPEL","SVH","B","1156","B-SVH-DREMPEL_PREFAB_4000X500","DREMPEL_PREFAB_4000X500",""
"http://digitalbuildingdata.tech/nlcs/def/ff98f0cc-1d89-484f-8a3e-ebb3214ad55a","DREMPEL","SVH","B","1157","B-SVH-DREMPEL_PREFAB_4200X1000","DREMPEL_PREFAB_4200X1000",""
"http://digitalbuildingdata.tech/nlcs/def/623a3d0d-4a93-43ce-aa85-b19b0c88766a","DREMPEL","SVH","B","1158","B-SVH-DREMPEL_PREFAB_900X500","DREMPEL_PREFAB_900X500",""
"http://digitalbuildingdata.tech/nlcs/def/cc9c2006-b882-4ace-9989-c498fab50c04","DREMPEL","SVH","B","1159","B-SVH-DREMPEL_PREFAB_BUS","DREMPEL_PREFAB_BUS",""
"http://digitalbuildingdata.tech/nlcs/def/b078bd47-4307-4d52-a27e-541d67a2aec8","SCHAALBALK","SAL","","116","SAL-SCHAALBALK_M200","SCHAALBALK_M200",""
"http://digitalbuildingdata.tech/nlcs/def/0cd55cd2-0387-444b-9f72-e62e8f1321e0","DREMPEL","SVH","B","1160","B-SVH-DREMPEL_PREFAB_BUS_LINKS","DREMPEL_PREFAB_BUS_LINKS",""
"http://digitalbuildingdata.tech/nlcs/def/6c7c5111-8d58-4d28-919d-cd47e00d02aa","DREMPEL","SVH","B","1161","B-SVH-DREMPEL_PREFAB_BUS_RECHTS","DREMPEL_PREFAB_BUS_RECHTS",""
"http://digitalbuildingdata.tech/nlcs/def/b6d626e4-0e5a-4aca-8bab-f8071f07a6c2","DREMPEL","SVH","","1162","SVH-DREMPEL_PREFAB_1000X1200","DREMPEL_PREFAB_1000X1200",""
"http://digitalbuildingdata.tech/nlcs/def/f2bea8d2-ecd2-49f3-bd8c-53c9d672b9d5","DREMPEL","SVH","","1163","SVH-DREMPEL_PREFAB_1000X1200_RUITPROFIEL","DREMPEL_PREFAB_1000X1200_RUITPROFIEL",""
"http://digitalbuildingdata.tech/nlcs/def/84f6bcb9-af26-4c87-9744-ac66c3000c1b","DREMPEL","SVH","","1164","SVH-DREMPEL_PREFAB_1000X600","DREMPEL_PREFAB_1000X600",""
"http://digitalbuildingdata.tech/nlcs/def/a41e90b4-65d0-4c68-9a4e-54c2cd8539cc","DREMPEL","SVH","","1165","SVH-DREMPEL_PREFAB_1000X600_RUITPROFIEL","DREMPEL_PREFAB_1000X600_RUITPROFIEL",""
"http://digitalbuildingdata.tech/nlcs/def/c3aaf13f-668e-4d4f-a69f-70f430f29022","DREMPEL","SVH","","1166","SVH-DREMPEL_PREFAB_1200X1000","DREMPEL_PREFAB_1200X1000",""
"http://digitalbuildingdata.tech/nlcs/def/8fb07812-873d-4f14-891b-30133809ba6a","DREMPEL","SVH","","1167","SVH-DREMPEL_PREFAB_1200X1000_RUITPROFIEL","DREMPEL_PREFAB_1200X1000_RUITPROFIEL",""
"http://digitalbuildingdata.tech/nlcs/def/b6c97fcb-9557-4f70-978d-d8d4a4ee335e","DREMPEL","SVH","","1168","SVH-DREMPEL_PREFAB_1200X500","DREMPEL_PREFAB_1200X500",""
"http://digitalbuildingdata.tech/nlcs/def/88f415e9-8f24-4e60-a8f2-925babea2010","DREMPEL","SVH","","1169","SVH-DREMPEL_PREFAB_1200X500_RUITPROFIEL","DREMPEL_PREFAB_1200X500_RUITPROFIEL",""
"http://digitalbuildingdata.tech/nlcs/def/09292303-99e1-46e5-a824-c9ace34a7031","SCHAALBALK","SAL","","117","SAL-SCHAALBALK_M2000","SCHAALBALK_M2000",""
"http://digitalbuildingdata.tech/nlcs/def/cc364d4c-4539-405e-91d5-3871a507e3a3","DREMPEL","SVH","","1170","SVH-DREMPEL_PREFAB_1500X1200","DREMPEL_PREFAB_1500X1200",""
"http://digitalbuildingdata.tech/nlcs/def/e4dd5be9-2ef5-45df-a1fe-7728b7ba6e4f","DREMPEL","SVH","","1171","SVH-DREMPEL_PREFAB_1500X1200_RUITPROFIEL","DREMPEL_PREFAB_1500X1200_RUITPROFIEL",""
"http://digitalbuildingdata.tech/nlcs/def/b9d26000-35bd-4ec5-b173-5c7f5d3ce6b0","DREMPEL","SVH","","1172","SVH-DREMPEL_PREFAB_1500X600","DREMPEL_PREFAB_1500X600",""
"http://digitalbuildingdata.tech/nlcs/def/8ef669e5-c2b4-44b7-91d2-22a7256cd826","DREMPEL","SVH","","1173","SVH-DREMPEL_PREFAB_1500X600_RUITPROFIEL","DREMPEL_PREFAB_1500X600_RUITPROFIEL",""
"http://digitalbuildingdata.tech/nlcs/def/b7aa29e9-5f6b-4630-8155-5e0a6de60d05","DREMPEL","SVH","","1174","SVH-DREMPEL_PREFAB_1700X1000","DREMPEL_PREFAB_1700X1000",""
"http://digitalbuildingdata.tech/nlcs/def/173d3b84-dce3-4a84-b3a0-2bdeea9733e0","DREMPEL","SVH","","1175","SVH-DREMPEL_PREFAB_1700X500","DREMPEL_PREFAB_1700X500",""
"http://digitalbuildingdata.tech/nlcs/def/c79bc2ce-ffe1-4cd2-a94a-abbb5ea5bada","DREMPEL","SVH","","1176","SVH-DREMPEL_PREFAB_1750X1000","DREMPEL_PREFAB_1750X1000",""
"http://digitalbuildingdata.tech/nlcs/def/e5ea576b-38d5-4fee-bf7a-9111670fa143","DREMPEL","SVH","","1177","SVH-DREMPEL_PREFAB_1750X1000_LINKS","DREMPEL_PREFAB_1750X1000_LINKS",""
"http://digitalbuildingdata.tech/nlcs/def/78575384-69c0-474c-9220-986ba5d53167","DREMPEL","SVH","","1178","SVH-DREMPEL_PREFAB_1750X1000_RECHTS","DREMPEL_PREFAB_1750X1000_RECHTS",""
"http://digitalbuildingdata.tech/nlcs/def/fca28792-2631-431b-9710-1f5509a69bdc","DREMPEL","SVH","","1179","SVH-DREMPEL_PREFAB_1750X1200","DREMPEL_PREFAB_1750X1200",""
"http://digitalbuildingdata.tech/nlcs/def/af164ec9-34aa-4aac-98c5-127e912bcf27","SCHAALBALK","SAL","","118","SAL-SCHAALBALK_M250","SCHAALBALK_M250",""
"http://digitalbuildingdata.tech/nlcs/def/7d336410-1fd0-4ee9-9876-84da302b0b3b","DREMPEL","SVH","","1180","SVH-DREMPEL_PREFAB_1750X500","DREMPEL_PREFAB_1750X500",""
"http://digitalbuildingdata.tech/nlcs/def/6092d4af-5361-47fe-a07e-64a00e787e41","DREMPEL","SVH","","1181","SVH-DREMPEL_PREFAB_1750X600","DREMPEL_PREFAB_1750X600",""
"http://digitalbuildingdata.tech/nlcs/def/a555de52-d7e3-4690-9745-25fb13e13129","DREMPEL","SVH","","1182","SVH-DREMPEL_PREFAB_2400X1000","DREMPEL_PREFAB_2400X1000",""
"http://digitalbuildingdata.tech/nlcs/def/b6c7ffd5-4504-4aed-9925-b28f4b1f10dd","DREMPEL","SVH","","1183","SVH-DREMPEL_PREFAB_2400X1000_RUITPROFIEL","DREMPEL_PREFAB_2400X1000_RUITPROFIEL",""
"http://digitalbuildingdata.tech/nlcs/def/5944ce76-cf4f-45b5-9367-3234abac4f85","DREMPEL","SVH","","1184","SVH-DREMPEL_PREFAB_2400X1200","DREMPEL_PREFAB_2400X1200",""
"http://digitalbuildingdata.tech/nlcs/def/2c0e4e2d-7dad-4987-bbda-08b7bc0f06b5","DREMPEL","SVH","","1185","SVH-DREMPEL_PREFAB_2400X1200_RUITPROFIEL","DREMPEL_PREFAB_2400X1200_RUITPROFIEL",""
"http://digitalbuildingdata.tech/nlcs/def/6d2b4f56-b893-4207-bdde-81a3643c8f33","DREMPEL","SVH","","1186","SVH-DREMPEL_PREFAB_2400X500","DREMPEL_PREFAB_2400X500",""
"http://digitalbuildingdata.tech/nlcs/def/350d274b-f699-4a04-a793-583c0c7bd2a2","DREMPEL","SVH","","1187","SVH-DREMPEL_PREFAB_2400X500_RUITPROFIEL","DREMPEL_PREFAB_2400X500_RUITPROFIEL",""
"http://digitalbuildingdata.tech/nlcs/def/1af8bfcc-87ff-4969-bb80-3b2bd2d9df1c","DREMPEL","SVH","","1188","SVH-DREMPEL_PREFAB_2400X600","DREMPEL_PREFAB_2400X600",""
"http://digitalbuildingdata.tech/nlcs/def/d1299e05-4de6-4019-bda4-29e2b6b29859","DREMPEL","SVH","","1189","SVH-DREMPEL_PREFAB_2400X600_RUITPROFIEL","DREMPEL_PREFAB_2400X600_RUITPROFIEL",""
"http://digitalbuildingdata.tech/nlcs/def/c4a0bfde-55e6-4e57-b451-7715d38ddbc8","SCHAALBALK","SAL","","119","SAL-SCHAALBALK_M2500","SCHAALBALK_M2500",""
"http://digitalbuildingdata.tech/nlcs/def/906a5e20-0e81-4d71-b506-19635d30cef6","DREMPEL","SVH","","1190","SVH-DREMPEL_PREFAB_2400X750_LINKS","DREMPEL_PREFAB_2400X750_LINKS",""
"http://digitalbuildingdata.tech/nlcs/def/8f9a45d9-788e-4d2d-97cf-8ec7791c77f2","DREMPEL","SVH","","1191","SVH-DREMPEL_PREFAB_2400X750_RECHTS","DREMPEL_PREFAB_2400X750_RECHTS",""
"http://digitalbuildingdata.tech/nlcs/def/924e57d8-f6d0-411b-90b3-032a7a2e5469","DREMPEL","SVH","","1192","SVH-DREMPEL_PREFAB_2400X750_RUITPROFIEL_LINKS","DREMPEL_PREFAB_2400X750_RUITPROFIEL_LINKS",""
"http://digitalbuildingdata.tech/nlcs/def/d6443431-0a56-4c72-816d-213600515c2e","DREMPEL","SVH","","1193","SVH-DREMPEL_PREFAB_2400X750_RUITPROFIEL_RECHTS","DREMPEL_PREFAB_2400X750_RUITPROFIEL_RECHTS",""
"http://digitalbuildingdata.tech/nlcs/def/a7b9d190-06c6-44da-813a-bd1eb3e3d70e","DREMPEL","SVH","","1194","SVH-DREMPEL_PREFAB_3000X1000","DREMPEL_PREFAB_3000X1000",""
"http://digitalbuildingdata.tech/nlcs/def/a005499b-c616-49f3-8b9b-b45b8aa95564","DREMPEL","SVH","","1195","SVH-DREMPEL_PREFAB_3000X500","DREMPEL_PREFAB_3000X500",""
"http://digitalbuildingdata.tech/nlcs/def/2cfa35ae-5d8a-4f45-90a4-afab9eb2bf49","DREMPEL","SVH","","1196","SVH-DREMPEL_PREFAB_4000X1000","DREMPEL_PREFAB_4000X1000",""
"http://digitalbuildingdata.tech/nlcs/def/81010297-e070-4211-9162-6804238ebcc1","DREMPEL","SVH","","1197","SVH-DREMPEL_PREFAB_4000X500","DREMPEL_PREFAB_4000X500",""
"http://digitalbuildingdata.tech/nlcs/def/0cbcae9f-3381-4e9d-a464-65e3dbb621c1","DREMPEL","SVH","","1198","SVH-DREMPEL_PREFAB_4200X1000","DREMPEL_PREFAB_4200X1000",""
"http://digitalbuildingdata.tech/nlcs/def/a44ffe57-2c6d-4f81-b3e2-73cc06402c57","DREMPEL","SVH","","1199","SVH-DREMPEL_PREFAB_900X500","DREMPEL_PREFAB_900X500",""
"http://digitalbuildingdata.tech/nlcs/def/b5499fe5-35d3-4c8e-ac35-ded2aa88b0e7","TEKENBLAD","SAL","","12","SAL-TEKENBLAD_A1_594X1260-SO","TEKENBLAD_A1_594X1260","SO"
"http://digitalbuildingdata.tech/nlcs/def/4b29b850-584c-40fe-81bf-a6bf4ce9e420","SCHAALBALK","SAL","","120","SAL-SCHAALBALK_M50","SCHAALBALK_M50",""
"http://digitalbuildingdata.tech/nlcs/def/17cd76fa-0bec-4734-a3b5-1e18e158791d","DREMPEL","SVH","","1200","SVH-DREMPEL_PREFAB_BUS","DREMPEL_PREFAB_BUS",""
"http://digitalbuildingdata.tech/nlcs/def/7c2b2757-e9b0-470a-a032-482bad56a1bd","DREMPEL","SVH","","1201","SVH-DREMPEL_PREFAB_BUS_LINKS","DREMPEL_PREFAB_BUS_LINKS",""
"http://digitalbuildingdata.tech/nlcs/def/d4455111-470b-4ea6-9a8a-40190cae4e00","DREMPEL","SVH","","1202","SVH-DREMPEL_PREFAB_BUS_RECHTS","DREMPEL_PREFAB_BUS_RECHTS",""
"http://digitalbuildingdata.tech/nlcs/def/3de9768d-9024-45c7-b36e-ee7ee4ebb49d","FUNDERING","SVH","","1203","SVH-FUNDERING_01-SO","FUNDERING_01","SO"
"http://digitalbuildingdata.tech/nlcs/def/cff78333-c968-4ab2-9fc4-fedacfc64675","FUNDERING","SVH","","1204","SVH-FUNDERING_02-SO","FUNDERING_02","SO"
"http://digitalbuildingdata.tech/nlcs/def/9e18d61f-391e-490c-b082-5e191cf59b2d","FUNDERING","SVH","","1205","SVH-FUNDERING_BIMS-SO","FUNDERING_BIMS","SO"
"http://digitalbuildingdata.tech/nlcs/def/03bee49a-f690-4af4-8d9e-91727e7288e7","FUNDERING","SVH","","1206","SVH-FUNDERING_EPS-SO","FUNDERING_EPS","SO"
"http://digitalbuildingdata.tech/nlcs/def/948d1e5f-787b-4172-bade-500a9735ab77","FUNDERING","SVH","","1207","SVH-FUNDERING_OVERIG-SO","FUNDERING_OVERIG","SO"
"http://digitalbuildingdata.tech/nlcs/def/138d1be3-b1f9-4ea0-9133-2b3f76191c7d","FUNDERING","SVH","","1208","SVH-FUNDERING_ZAND-SO","FUNDERING_ZAND","SO"
"http://digitalbuildingdata.tech/nlcs/def/7388b2ef-9590-48f0-b202-258cf214b5c9","FUNDERING","SVH","","1209","SVH-FUNDERING_ZANDCEMENTSTAB-SO","FUNDERING_ZANDCEMENTSTAB","SO"
"http://digitalbuildingdata.tech/nlcs/def/deb64a9c-8556-497f-8864-73623cbe853c","SCHAALBALK","SAL","","121","SAL-SCHAALBALK_M500","SCHAALBALK_M500",""
"http://digitalbuildingdata.tech/nlcs/def/b49b75b1-af06-4da9-a297-edfe29fc3a31","FUNDERING","SVH","","1210","SVH-FUNDERING_GRANULAAT-SO","FUNDERING_GRANULAAT","SO"
"http://digitalbuildingdata.tech/nlcs/def/3eb83fa0-e6f4-48ab-8800-f2999ceb6808","FUNDERING","SVH","","1211","SVH-FUNDERING_GRANULAAT_BETON-SO","FUNDERING_GRANULAAT_BETON","SO"
"http://digitalbuildingdata.tech/nlcs/def/e1bbd7a2-c78e-4b5e-8031-d0a225750fe0","FUNDERING","SVH","","1212","SVH-FUNDERING_GRANULAAT_KLEIKORR-SO","FUNDERING_GRANULAAT_KLEIKORR","SO"
"http://digitalbuildingdata.tech/nlcs/def/a514f15c-6726-49ea-84ef-f2c4681e4e70","FUNDERING","SVH","","1213","SVH-FUNDERING_GRANULAAT_LAVA-SO","FUNDERING_GRANULAAT_LAVA","SO"
"http://digitalbuildingdata.tech/nlcs/def/98bd1bc8-75d5-4ce0-8b76-fbff2c4ba2b9","FUNDERING","SVH","","1214","SVH-FUNDERING_GRANULAAT_MENG_01-SO","FUNDERING_GRANULAAT_MENG_01","SO"
"http://digitalbuildingdata.tech/nlcs/def/f1049c35-6dfa-4300-81c2-657989bbde31","FUNDERING","SVH","","1215","SVH-FUNDERING_GRANULAAT_MENG_02-SO","FUNDERING_GRANULAAT_MENG_02","SO"
"http://digitalbuildingdata.tech/nlcs/def/b5abd366-caae-4f5d-9b04-7e5f30fd57e8","FUNDERING","SVH","","1216","SVH-FUNDERING_GRANULAAT_PUIN-SO","FUNDERING_GRANULAAT_PUIN","SO"
"http://digitalbuildingdata.tech/nlcs/def/6d333f3b-805b-4b3c-9d81-a22da41282fd","FUNDERING","SVH","","1217","SVH-FUNDERING_GRANULAAT_SINTELS-SO","FUNDERING_GRANULAAT_SINTELS","SO"
"http://digitalbuildingdata.tech/nlcs/def/f14ac47e-06a6-4d07-a9e8-2425d0a5cc62","GEOTEXTIEL","SVH","","1218","SVH-GEOTEXTIEL-SO","GEOTEXTIEL","SO"
"http://digitalbuildingdata.tech/nlcs/def/6a4c2d0a-7dfe-4b96-a3a8-e83fb06cf4c8","GLAS","SVH","","1219","SVH-GLAS-SO","GLAS","SO"
"http://digitalbuildingdata.tech/nlcs/def/bab20177-17e4-4c0d-a5c8-11f5e4f782e3","SCHAALBALK","SAL","","122","SAL-SCHAALBALK_M5000","SCHAALBALK_M5000",""
"http://digitalbuildingdata.tech/nlcs/def/cb147b2d-9135-4a9d-af23-6795cf07896d","GRAS","SVH","","1220","SVH-GRAS_GESTABILISEERD-SO","GRAS_GESTABILISEERD","SO"
"http://digitalbuildingdata.tech/nlcs/def/4072d51a-7a14-4623-84ac-b5a989ff8946","GRASBETONSTEEN","SVH","","1221","SVH-GRASBETONSTEEN_01-SO","GRASBETONSTEEN_01","SO"
"http://digitalbuildingdata.tech/nlcs/def/30448aa2-d101-402c-9d5d-26cd0e7e294d","GRASBETONSTEEN","SVH","","1222","SVH-GRASBETONSTEEN_02-SO","GRASBETONSTEEN_02","SO"
"http://digitalbuildingdata.tech/nlcs/def/6b6c811b-055a-4506-aa72-11e48c833263","GRASPLAAT","SVH","","1223","SVH-GRASPLAAT-SO","GRASPLAAT","SO"
"http://digitalbuildingdata.tech/nlcs/def/960883cc-6b95-493e-9995-b9c7e3ebc36d","GRASTEGEL","SVH","","1224","SVH-GRASTEGEL_01-SO","GRASTEGEL_01","SO"
"http://digitalbuildingdata.tech/nlcs/def/1ccd0af8-9060-47fd-ad35-36990c7b2761","GRASTEGEL","SVH","","1225","SVH-GRASTEGEL_02-SO","GRASTEGEL_02","SO"
"http://digitalbuildingdata.tech/nlcs/def/ce92f101-4306-42e2-9c58-7e7efdb22057","GRASTEGEL","SVH","","1226","SVH-GRASTEGEL_STIP-SO","GRASTEGEL_STIP","SO"
"http://digitalbuildingdata.tech/nlcs/def/36929a17-fef9-497d-b120-7f87c0a31658","GRIND","SVH","","1227","SVH-GRIND-SO","GRIND","SO"
"http://digitalbuildingdata.tech/nlcs/def/c27ce470-1eff-4f8e-bf43-f4ae8e3ce6b6","HALFVERHARDING","SVH","","1228","SVH-HALFVERHARDING_01-SO","HALFVERHARDING_01","SO"
"http://digitalbuildingdata.tech/nlcs/def/c719abd4-4667-4fc6-81d3-d75a83f6cc5f","HALFVERHARDING","SVH","","1229","SVH-HALFVERHARDING_02-SO","HALFVERHARDING_02","SO"
"http://digitalbuildingdata.tech/nlcs/def/55f4cad5-3780-40fc-bed3-406135c98cb1","HALFVERHARDING","SVH","","1230","SVH-HALFVERHARDING_GRIND_01-SO","HALFVERHARDING_GRIND_01","SO"
"http://digitalbuildingdata.tech/nlcs/def/a2617ad6-1411-4ad0-b78b-6c9938cd53cf","HALFVERHARDING","SVH","","1231","SVH-HALFVERHARDING_GRIND_02-SO","HALFVERHARDING_GRIND_02","SO"
"http://digitalbuildingdata.tech/nlcs/def/b5696314-b777-46e5-b97c-aa0718302e98","HALFVERHARDING","SVH","","1233","SVH-HALFVERHARDING_SCHELPEN-SO","HALFVERHARDING_SCHELPEN","SO"
"http://digitalbuildingdata.tech/nlcs/def/eec9ed2a-5b48-487b-95e1-459c4c7c699d","HOUTSNIPPERS","SVH","","1234","SVH-HOUTSNIPPERS-SO","HOUTSNIPPERS","SO"
"http://digitalbuildingdata.tech/nlcs/def/45f79a87-4161-483e-b1f9-ad58669a2a7a","HSTEEN","SVH","","1235","SVH-HSTEEN-SO","HSTEEN","SO"
"http://digitalbuildingdata.tech/nlcs/def/1a2f7c14-73cc-4e77-ae87-14a2cb5ec088","SCHAALBALK","SAL","","124","SAL-SCHAALBALK_MM10","SCHAALBALK_MM10",""
"http://digitalbuildingdata.tech/nlcs/def/bb3e5f0e-f765-4b9b-92a8-3f7d357b2b73","SCHAALBALK","SAL","","125","SAL-SCHAALBALK_MM100","SCHAALBALK_MM100",""
"http://digitalbuildingdata.tech/nlcs/def/58438989-85e7-4c1d-b5e5-436fe347f938","SCHAALBALK","SAL","","126","SAL-SCHAALBALK_MM1000","SCHAALBALK_MM1000",""
"http://digitalbuildingdata.tech/nlcs/def/bbe90093-12cd-49be-b705-d94e3e1b5056","KANTOPSLUITING","SVH","","1266","SVH-KANTOPSLUITING_HOEKBLOK_180 200_R50","KANTOPSLUITING_HOEKBLOK_180 200_R50",""
"http://digitalbuildingdata.tech/nlcs/def/0117808f-f233-4c6c-9913-9796160d1ca4","KANTOPSLUITING","SVH","","1267","SVH-KANTOPSLUITING_HOEKSTUK_INWENDIG_100X200","KANTOPSLUITING_HOEKSTUK_INWENDIG_100X200",""
"http://digitalbuildingdata.tech/nlcs/def/da3a639d-5dbc-469b-83b3-2288ed6d6f09","KANTOPSLUITING","SVH","","1268","SVH-KANTOPSLUITING_HOEKSTUK_INWENDIG_130 150","KANTOPSLUITING_HOEKSTUK_INWENDIG_130 150",""
"http://digitalbuildingdata.tech/nlcs/def/eed7a5ca-5eb1-467c-8a51-a6e1193f9cc2","KANTOPSLUITING","SVH","","1269","SVH-KANTOPSLUITING_HOEKSTUK_INWENDIG_130 150_SCHUIN","KANTOPSLUITING_HOEKSTUK_INWENDIG_130 150_SCHUIN",""
"http://digitalbuildingdata.tech/nlcs/def/2d3763d6-3457-42ae-ab0e-63b99b40c8ad","SCHAALBALK","SAL","","127","SAL-SCHAALBALK_MM1250","SCHAALBALK_MM1250",""
"http://digitalbuildingdata.tech/nlcs/def/15b7c6bd-344f-4659-b56f-1b402dd12465","KANTOPSLUITING","SVH","","1270","SVH-KANTOPSLUITING_HOEKSTUK_INWENDIG_180 200","KANTOPSLUITING_HOEKSTUK_INWENDIG_180 200",""
"http://digitalbuildingdata.tech/nlcs/def/5ec4379e-9a51-4f35-bb07-c810e11eecfd","KANTOPSLUITING","SVH","","1271","SVH-KANTOPSLUITING_HOEKSTUK_INWENDIG_180 200X40","KANTOPSLUITING_HOEKSTUK_INWENDIG_180 200X40",""
"http://digitalbuildingdata.tech/nlcs/def/1f1d375f-1098-479f-a14d-5031b0db4c13","KANTOPSLUITING","SVH","","1272","SVH-KANTOPSLUITING_HOEKSTUK_INWENDIG_180 200_SCHUIN","KANTOPSLUITING_HOEKSTUK_INWENDIG_180 200_SCHUIN",""
"http://digitalbuildingdata.tech/nlcs/def/4dc76d11-1a0b-4173-a99f-1af584f615a8","KANTOPSLUITING","SVH","","1273","SVH-KANTOPSLUITING_HOEKSTUK_INWENDIG_70X200","KANTOPSLUITING_HOEKSTUK_INWENDIG_70X200",""
"http://digitalbuildingdata.tech/nlcs/def/4b02b612-0aef-4c63-9ab2-e8f5fca4038a","KANTOPSLUITING","SVH","","1274","SVH-KANTOPSLUITING_HOEKSTUK_INWENDIG_70X200_SCHUIN","KANTOPSLUITING_HOEKSTUK_INWENDIG_70X200_SCHUIN",""
"http://digitalbuildingdata.tech/nlcs/def/274c62be-64ee-4afc-a3fa-6fc64215e3a9","KANTOPSLUITING","SVH","","1275","SVH-KANTOPSLUITING_HOEKSTUK_UITWENDIG_100X200","KANTOPSLUITING_HOEKSTUK_UITWENDIG_100X200",""
"http://digitalbuildingdata.tech/nlcs/def/4f10f4ab-b71c-4bcf-8c98-1525924ec03e","KANTOPSLUITING","SVH","","1276","SVH-KANTOPSLUITING_HOEKSTUK_UITWENDIG_130 150","KANTOPSLUITING_HOEKSTUK_UITWENDIG_130 150",""
"http://digitalbuildingdata.tech/nlcs/def/26c4ba5d-c8db-497d-9665-c59cd0d0f502","KANTOPSLUITING","SVH","","1277","SVH-KANTOPSLUITING_HOEKSTUK_UITWENDIG_130 150_SCHUIN","KANTOPSLUITING_HOEKSTUK_UITWENDIG_130 150_SCHUIN",""
"http://digitalbuildingdata.tech/nlcs/def/09dcff41-f5ba-48fb-9e8e-b88e2a40054a","KANTOPSLUITING","SVH","","1278","SVH-KANTOPSLUITING_HOEKSTUK_UITWENDIG_180 200","KANTOPSLUITING_HOEKSTUK_UITWENDIG_180 200",""
"http://digitalbuildingdata.tech/nlcs/def/bd20ac84-de92-4cd6-a950-13dd8eeae214","KANTOPSLUITING","SVH","","1279","SVH-KANTOPSLUITING_HOEKSTUK_UITWENDIG_180 200X400","KANTOPSLUITING_HOEKSTUK_UITWENDIG_180 200X400",""
"http://digitalbuildingdata.tech/nlcs/def/c1c4a14a-def6-41b2-a63d-c4e1a8d7c68c","SCHAALBALK","SAL","","128","SAL-SCHAALBALK_MM1500","SCHAALBALK_MM1500",""
"http://digitalbuildingdata.tech/nlcs/def/ea411bd4-30ae-4f05-b603-489f48101157","KANTOPSLUITING","SVH","","1280","SVH-KANTOPSLUITING_HOEKSTUK_UITWENDIG_180 200_SCHUIN","KANTOPSLUITING_HOEKSTUK_UITWENDIG_180 200_SCHUIN",""
"http://digitalbuildingdata.tech/nlcs/def/2c287a03-e74a-446f-94d5-195be201fb33","KANTOPSLUITING","SVH","","1281","SVH-KANTOPSLUITING_HOEKSTUK_UITWENDIG_70X200","KANTOPSLUITING_HOEKSTUK_UITWENDIG_70X200",""
"http://digitalbuildingdata.tech/nlcs/def/212cf196-7940-44e5-ac58-af563ab55e58","KANTOPSLUITING","SVH","","1282","SVH-KANTOPSLUITING_HOEKSTUK_UITWENDIG_70X200_SCHUIN","KANTOPSLUITING_HOEKSTUK_UITWENDIG_70X200_SCHUIN",""
"http://digitalbuildingdata.tech/nlcs/def/06450822-912e-4c93-b241-a2ab0740edbb","KANTOPSLUITING","SVH","","1283","SVH-KANTOPSLUITING_VERLOOP_100X200_130 150X250_LINKS","KANTOPSLUITING_VERLOOP_100X200_130 150X250_LINKS",""
"http://digitalbuildingdata.tech/nlcs/def/8613b64b-bc83-4b1f-875b-d962833fea7e","KANTOPSLUITING","SVH","","1284","SVH-KANTOPSLUITING_VERLOOP_100X200_130 150X250_RECHTS","KANTOPSLUITING_VERLOOP_100X200_130 150X250_RECHTS",""
"http://digitalbuildingdata.tech/nlcs/def/07f974a5-999a-45b5-938d-c694b7dd4169","KANTOPSLUITING","SVH","","1285","SVH-KANTOPSLUITING_VERLOOP_100X200_180 200X250_LINKS","KANTOPSLUITING_VERLOOP_100X200_180 200X250_LINKS",""
"http://digitalbuildingdata.tech/nlcs/def/37bd39a2-8592-443c-a6e3-c7a6c32761ac","KANTOPSLUITING","SVH","","1286","SVH-KANTOPSLUITING_VERLOOP_100X200_180 200X250_RECHTS","KANTOPSLUITING_VERLOOP_100X200_180 200X250_RECHTS",""
"http://digitalbuildingdata.tech/nlcs/def/e332eb03-750e-4ea8-9337-46a539dd0263","KANTOPSLUITING","SVH","","1287","SVH-KANTOPSLUITING_VERLOOP_120X250_130 150X250_LINKS","KANTOPSLUITING_VERLOOP_120X250_130 150X250_LINKS",""
"http://digitalbuildingdata.tech/nlcs/def/727d5254-a4fe-4924-ac26-07e2318a9caa","KANTOPSLUITING","SVH","","1288","SVH-KANTOPSLUITING_VERLOOP_120X250_130 150X250_RECHTS","KANTOPSLUITING_VERLOOP_120X250_130 150X250_RECHTS",""
"http://digitalbuildingdata.tech/nlcs/def/8ac52be6-8535-41b6-82f4-d18de568b4c7","KANTOPSLUITING","SVH","","1289","SVH-KANTOPSLUITING_VERLOOP_130 150X250_110 220X250_LINKS","KANTOPSLUITING_VERLOOP_130 150X250_110 220X250_LINKS",""
"http://digitalbuildingdata.tech/nlcs/def/50f4c2c8-cfeb-49db-91de-52a199daf73f","SCHAALBALK","SAL","","129","SAL-SCHAALBALK_MM20","SCHAALBALK_MM20",""
"http://digitalbuildingdata.tech/nlcs/def/9750629f-a5f9-418a-8c2d-8fd59639458f","KANTOPSLUITING","SVH","","1290","SVH-KANTOPSLUITING_VERLOOP_130 150X250_110 220X250_RECHTS","KANTOPSLUITING_VERLOOP_130 150X250_110 220X250_RECHTS",""
"http://digitalbuildingdata.tech/nlcs/def/f01fd796-ae69-4591-8a2d-460df2afe3f2","KANTOPSLUITING","SVH","","1291","SVH-KANTOPSLUITING_VERLOOP_130 150X250_120X250_LINKS","KANTOPSLUITING_VERLOOP_130 150X250_120X250_LINKS",""
"http://digitalbuildingdata.tech/nlcs/def/bcfb0130-2045-4e3e-b730-fa80b8ab1cf9","KANTOPSLUITING","SVH","","1292","SVH-KANTOPSLUITING_VERLOOP_130 150X250_120X250_RECHTS","KANTOPSLUITING_VERLOOP_130 150X250_120X250_RECHTS",""
"http://digitalbuildingdata.tech/nlcs/def/b702ae7a-29c0-4dc1-aa0f-b768855e0c6f","KANTOPSLUITING","SVH","","1293","SVH-KANTOPSLUITING_VERLOOP_130 150X250_180 200X250_LINKS","KANTOPSLUITING_VERLOOP_130 150X250_180 200X250_LINKS",""
"http://digitalbuildingdata.tech/nlcs/def/959ad962-3d1f-4667-b252-ccc50d43312e","KANTOPSLUITING","SVH","","1294","SVH-KANTOPSLUITING_VERLOOP_130 150X250_180 200X250_RECHTS","KANTOPSLUITING_VERLOOP_130 150X250_180 200X250_RECHTS",""
"http://digitalbuildingdata.tech/nlcs/def/6e29bb7e-bedc-4629-a634-e48fa399e429","KANTOPSLUITING","SVH","","1295","SVH-KANTOPSLUITING_VERLOOP_130 150X250_50 200X200_LINKS","KANTOPSLUITING_VERLOOP_130 150X250_50 200X200_LINKS",""
"http://digitalbuildingdata.tech/nlcs/def/ada9aff3-5bce-4a0c-8d79-de6a145813c8","KANTOPSLUITING","SVH","","1296","SVH-KANTOPSLUITING_VERLOOP_130 150X250_50 200X200_RECHTS","KANTOPSLUITING_VERLOOP_130 150X250_50 200X200_RECHTS",""
"http://digitalbuildingdata.tech/nlcs/def/7b0487b4-17b5-4002-a5b2-685ef7ffc94b","KANTOPSLUITING","SVH","","1297","SVH-KANTOPSLUITING_VERLOOP_180 200X250_110 220X250_LINKS","KANTOPSLUITING_VERLOOP_180 200X250_110 220X250_LINKS",""
"http://digitalbuildingdata.tech/nlcs/def/e4f59d4a-9f43-44ed-9fed-ef01b4925be7","KANTOPSLUITING","SVH","","1298","SVH-KANTOPSLUITING_VERLOOP_180 200X250_110 220X250_RECHTS","KANTOPSLUITING_VERLOOP_180 200X250_110 220X250_RECHTS",""
"http://digitalbuildingdata.tech/nlcs/def/f69fe261-2fc1-41ae-be2d-0ea4bdb6ea5c","KANTOPSLUITING","SVH","","1299","SVH-KANTOPSLUITING_VERLOOP_180 200X250_40 120X250_LINKS","KANTOPSLUITING_VERLOOP_180 200X250_40 120X250_LINKS",""
"http://digitalbuildingdata.tech/nlcs/def/ba0c35d2-0159-4ee9-a31b-36790ec04bd2","TEKENBLAD","SAL","","13","SAL-TEKENBLAD_A1_594X1470-SO","TEKENBLAD_A1_594X1470","SO"
"http://digitalbuildingdata.tech/nlcs/def/70df98a6-e6b7-4555-a4d7-8b17052580e4","SCHAALBALK","SAL","","130","SAL-SCHAALBALK_MM200","SCHAALBALK_MM200",""
"http://digitalbuildingdata.tech/nlcs/def/9cc64d16-b754-4e73-9a2b-ad351b90ac58","KANTOPSLUITING","SVH","","1300","SVH-KANTOPSLUITING_VERLOOP_180 200X250_40 120X250_RECHTS","KANTOPSLUITING_VERLOOP_180 200X250_40 120X250_RECHTS",""
"http://digitalbuildingdata.tech/nlcs/def/d656c530-78fb-4651-b49a-0281d3cc8f18","KANTOPSLUITING","SVH","","1301","SVH-KANTOPSLUITING_VERLOOP_180 200X250_50 200X200_LINKS","KANTOPSLUITING_VERLOOP_180 200X250_50 200X200_LINKS",""
"http://digitalbuildingdata.tech/nlcs/def/87c4c54a-31cd-420e-9649-47371b51e52e","KANTOPSLUITING","SVH","","1302","SVH-KANTOPSLUITING_VERLOOP_180 200X250_50 200X200_RECHTS","KANTOPSLUITING_VERLOOP_180 200X250_50 200X200_RECHTS",""
"http://digitalbuildingdata.tech/nlcs/def/46ade4fc-635f-4579-9155-851432087556","KANTOPSLUITING","SVH","","1303","SVH-KANTOPSLUITING_VERLOOP_40 120X250_120X250_LINKS","KANTOPSLUITING_VERLOOP_40 120X250_120X250_LINKS",""
"http://digitalbuildingdata.tech/nlcs/def/5d4562af-f576-4e97-9cf9-84b1992bbe17","KANTOPSLUITING","SVH","","1304","SVH-KANTOPSLUITING_VERLOOP_40 120X250_120X250_RECHTS","KANTOPSLUITING_VERLOOP_40 120X250_120X250_RECHTS",""
"http://digitalbuildingdata.tech/nlcs/def/601187ac-40c6-43ca-a15a-e4d6f24ff4d0","KANTOPSLUITING","SVH","","1305","SVH-KANTOPSLUITING_VERLOOP_40 120X250_130 150X250_LINKS","KANTOPSLUITING_VERLOOP_40 120X250_130 150X250_LINKS",""
"http://digitalbuildingdata.tech/nlcs/def/8a476ec2-fab9-42a2-97fb-0d3a2ea7a5d2","KANTOPSLUITING","SVH","","1306","SVH-KANTOPSLUITING_VERLOOP_40 120X250_130 150X250_RECHTS","KANTOPSLUITING_VERLOOP_40 120X250_130 150X250_RECHTS",""
"http://digitalbuildingdata.tech/nlcs/def/4f2772ad-c554-4b15-b870-c327abd1326a","KANTOPSLUITING","SVH","","1307","SVH-KANTOPSLUITING_VERLOOP_70 120X200_130 150X250_LINKS","KANTOPSLUITING_VERLOOP_70 120X200_130 150X250_LINKS",""
"http://digitalbuildingdata.tech/nlcs/def/4e4d7020-4773-4e78-b607-116d04f3ca78","KANTOPSLUITING","SVH","","1308","SVH-KANTOPSLUITING_VERLOOP_70 120X200_130 150X250_RECHTS","KANTOPSLUITING_VERLOOP_70 120X200_130 150X250_RECHTS",""
"http://digitalbuildingdata.tech/nlcs/def/a6df7bc9-3599-4ba0-9772-5523941a1add","METSELWERK","SVH","","1309","SVH-METSELWERK-SO","METSELWERK","SO"
"http://digitalbuildingdata.tech/nlcs/def/96a1ec9e-1b5b-477e-959c-272d9cdd3983","SCHAALBALK","SAL","","131","SAL-SCHAALBALK_MM2000","SCHAALBALK_MM2000",""
"http://digitalbuildingdata.tech/nlcs/def/290f0de4-40a1-4ef9-a26c-42eca8126332","NATUURSTEEN","SVH","","1310","SVH-NATUURSTEEN_01-SO","NATUURSTEEN_01","SO"
"http://digitalbuildingdata.tech/nlcs/def/98ac8850-a93a-4be3-91f8-cbcb34ee89fa","NATUURSTEEN","SVH","","1311","SVH-NATUURSTEEN_02-SO","NATUURSTEEN_02","SO"
"http://digitalbuildingdata.tech/nlcs/def/268e77bb-2ba2-45dd-9bba-8ff3fb6c6999","NATUURSTEEN","SVH","","1312","SVH-NATUURSTEEN-SO","NATUURSTEEN","SO"
"http://digitalbuildingdata.tech/nlcs/def/8c2bd831-5604-4af5-8e4b-e0c2b66882ce","NATUURSTEEN","SVH","","1315","SVH-NATUURSTEEN_KINDERKOP_HALFST-SO","NATUURSTEEN_KINDERKOP_HALFST","SO"
"http://digitalbuildingdata.tech/nlcs/def/4b4e145a-2daf-4464-9ad1-1e4f5ef4722d","NATUURSTEEN","SVH","","1316","SVH-NATUURSTEEN_LOSVERBAND_01-SO","NATUURSTEEN_LOSVERBAND_01","SO"
"http://digitalbuildingdata.tech/nlcs/def/bf168578-6811-48ba-be27-c75c5eabf687","NATUURSTEEN","SVH","","1317","SVH-NATUURSTEEN_LOSVERBAND_02-SO","NATUURSTEEN_LOSVERBAND_02","SO"
"http://digitalbuildingdata.tech/nlcs/def/5b72013d-2328-4aba-8049-9a7708340202","SPECIAAL","SVH","","1318","SVH-SPECIAAL_OVERIG_01-SO","SPECIAAL_OVERIG_01","SO"
"http://digitalbuildingdata.tech/nlcs/def/225fbe1f-7fd6-4e13-b6b7-d1b46e0421c8","SPECIAAL","SVH","","1319","SVH-SPECIAAL_OVERIG_02-SO","SPECIAAL_OVERIG_02","SO"
"http://digitalbuildingdata.tech/nlcs/def/c6554a9c-ed5f-42b9-8267-f036b59b55c5","SCHAALBALK","SAL","","132","SAL-SCHAALBALK_MM250","SCHAALBALK_MM250",""
"http://digitalbuildingdata.tech/nlcs/def/1b371746-c3bd-4dee-8174-096125bf5145","SPECIAAL","SVH","","1323","SVH-SPECIAAL_OVERIG_KOPSHOUT-SO","SPECIAAL_OVERIG_KOPSHOUT","SO"
"http://digitalbuildingdata.tech/nlcs/def/8d73c7f2-81e2-4004-9521-62170f6eb643","SPECIAAL","SVH","","1324","SVH-SPECIAAL_OVERIG_LANGSHOUT-SO","SPECIAAL_OVERIG_LANGSHOUT","SO"
"http://digitalbuildingdata.tech/nlcs/def/7512a104-7f58-467a-8ada-9f81f7691424","SPECIAAL","SVH","","1325","SVH-SPECIAAL_OVERIG_TRANENPLAAT_01-SO","SPECIAAL_OVERIG_TRANENPLAAT_01","SO"
"http://digitalbuildingdata.tech/nlcs/def/e89449d2-96ba-4775-8757-fe1d50b9b486","SPECIAAL","SVH","","1326","SVH-SPECIAAL_OVERIG_TRANENPLAAT_02-SO","SPECIAAL_OVERIG_TRANENPLAAT_02","SO"
"http://digitalbuildingdata.tech/nlcs/def/6b5b8ad4-9e4a-4799-b9e8-6525a1acf73b","PLANKEN","SVH","","1327","SVH-PLANKEN_01-SO","PLANKEN_01","SO"
"http://digitalbuildingdata.tech/nlcs/def/62d50997-7867-4477-b32c-1d99ac396bc5","PLANKEN","SVH","","1328","SVH-PLANKEN_02-SO","PLANKEN_02","SO"
"http://digitalbuildingdata.tech/nlcs/def/9faa0001-2212-44e8-b997-25bafb03609a","SCHAALBALK","SAL","","133","SAL-SCHAALBALK_MM50","SCHAALBALK_MM50",""
"http://digitalbuildingdata.tech/nlcs/def/52265950-2e6e-4b51-85fe-c39e4f1595e0","PUINVERHARDING","SVH","","1330","SVH-PUINVERHARDING-SO","PUINVERHARDING","SO"
"http://digitalbuildingdata.tech/nlcs/def/bfb6b9af-7746-4cfe-aeea-d355a57b277a","ROOSTER","SVH","","1331","SVH-ROOSTER-SO","ROOSTER","SO"
"http://digitalbuildingdata.tech/nlcs/def/9f2be416-80f2-4041-ac16-c12a011c7aa2","RUBBERTEGEL","SVH","","1332","SVH-RUBBERTEGEL_500X500_HALFST-SO","RUBBERTEGEL_500X500_HALFST","SO"
"http://digitalbuildingdata.tech/nlcs/def/c8126731-6739-4977-bf21-092ce6b12274","SIERBESTRATING","SVH","","1333","SVH-SIERBESTRATING_01-SO","SIERBESTRATING_01","SO"
"http://digitalbuildingdata.tech/nlcs/def/0740c8b9-cfa2-49fd-94e0-b80063896148","SIERBESTRATING","SVH","","1334","SVH-SIERBESTRATING_02-SO","SIERBESTRATING_02","SO"
"http://digitalbuildingdata.tech/nlcs/def/a82ea9bd-d862-4843-81d4-5761e39c6f5c","SPECIAAL","SVH","","1335","SVH-SPECIAAL_01-SO","SPECIAAL_01","SO"
"http://digitalbuildingdata.tech/nlcs/def/16c144ec-dd0a-45af-ad0e-4c2845eb2e98","SPECIAAL","SVH","","1336","SVH-SPECIAAL_02-SO","SPECIAAL_02","SO"
"http://digitalbuildingdata.tech/nlcs/def/fd34b140-279b-4246-aadc-a55fdd740a98","SBS","SVH","","1337","SVH-SBS_DIKFORMAAT_ELLEBOOG-SO","SBS_DIKFORMAAT_ELLEBOOG","SO"
"http://digitalbuildingdata.tech/nlcs/def/263818c0-f3d5-4720-9f85-25d4f5fa2b8d","SBS","SVH","","1338","SVH-SBS_DIKFORMAAT_HALFST-SO","SBS_DIKFORMAAT_HALFST","SO"
"http://digitalbuildingdata.tech/nlcs/def/7e660625-813e-48be-9627-ee6221a37e42","SBS","SVH","","1339","SVH-SBS_DIKFORMAAT_KEPER-SO","SBS_DIKFORMAAT_KEPER","SO"
"http://digitalbuildingdata.tech/nlcs/def/fd4c95fa-668b-4b2e-9123-2c06efc0b761","SCHAALBALK","SAL","","134","SAL-SCHAALBALK_MM500","SCHAALBALK_MM500",""
"http://digitalbuildingdata.tech/nlcs/def/ef49089b-ae0f-4ef3-ae55-401b8ceb2949","SBS","SVH","","1340","SVH-SBS_KEIFORMAAT_BLOK-SO","SBS_KEIFORMAAT_BLOK","SO"
"http://digitalbuildingdata.tech/nlcs/def/0ba4ab19-cbfe-4e1e-bbcd-37910bea7156","SBS","SVH","","1341","SVH-SBS_KEIFORMAAT_DUBBEL-SO","SBS_KEIFORMAAT_DUBBEL","SO"
"http://digitalbuildingdata.tech/nlcs/def/1531efc3-a396-48ff-9f28-c9147726b546","SBS","SVH","","1342","SVH-SBS_KEIFORMAAT_ELLEBOOG-SO","SBS_KEIFORMAAT_ELLEBOOG","SO"
"http://digitalbuildingdata.tech/nlcs/def/6a12d1db-a777-4c0a-bbb5-6f18eb062297","SBS","SVH","","1343","SVH-SBS_KEIFORMAAT_HALFST-SO","SBS_KEIFORMAAT_HALFST","SO"
"http://digitalbuildingdata.tech/nlcs/def/5dc3333c-2279-4f28-a4b1-5a9d05723599","SBS","SVH","","1344","SVH-SBS_KEIFORMAAT_KEPER-SO","SBS_KEIFORMAAT_KEPER","SO"
"http://digitalbuildingdata.tech/nlcs/def/2d8b6381-9708-41a3-b8c2-5c14d79b6e73","SBS","SVH","","1345","SVH-SBS_WAALFORMAAT_BLOK-SO","SBS_WAALFORMAAT_BLOK","SO"
"http://digitalbuildingdata.tech/nlcs/def/23433a5e-51fd-4b91-add3-95a2e1cb6899","SBS","SVH","","1346","SVH-SBS_WAALFORMAAT_ELLEBOOG-SO","SBS_WAALFORMAAT_ELLEBOOG","SO"
"http://digitalbuildingdata.tech/nlcs/def/27108954-6889-4d1e-b97c-640d815c73c1","SBS","SVH","","1347","SVH-SBS_WAALFORMAAT_HALFST-SO","SBS_WAALFORMAAT_HALFST","SO"
"http://digitalbuildingdata.tech/nlcs/def/26441d46-7101-4f3f-b50b-924054832772","SBS","SVH","","1348","SVH-SBS_WAALFORMAAT_KEPER-SO","SBS_WAALFORMAAT_KEPER","SO"
"http://digitalbuildingdata.tech/nlcs/def/0b0ed54d-6406-4123-b845-f29df2723d18","TEGEL","SVH","","1349","SVH-TEGEL_1000X1000_BLOK-SO","TEGEL_1000X1000_BLOK","SO"
"http://digitalbuildingdata.tech/nlcs/def/73fb4392-9f4f-4377-a17a-71e8d64f544b","AS","SAM","","135","SAM-ASPUNTNUMMER-SO","ASPUNTNUMMER","SO"
"http://digitalbuildingdata.tech/nlcs/def/fe418062-7b46-43c7-84cc-c40b93d58ba1","TEGEL","SVH","","1350","SVH-TEGEL_1000X1000_HALFST-SO","TEGEL_1000X1000_HALFST","SO"
"http://digitalbuildingdata.tech/nlcs/def/12fbfbed-971c-483b-98c8-ed06e67d07fc","TEGEL","SVH","","1351","SVH-TEGEL_2000X2000_BLOK-SO","TEGEL_2000X2000_BLOK","SO"
"http://digitalbuildingdata.tech/nlcs/def/11802e62-83ab-4be9-bd3a-636786a1a9ea","TEGEL","SVH","","1352","SVH-TEGEL_2000X2000_HALFST-SO","TEGEL_2000X2000_HALFST","SO"
"http://digitalbuildingdata.tech/nlcs/def/b64b73fc-b17f-48b0-b88e-21d76c685013","TEGEL","SVH","","1353","SVH-TEGEL_200X200_BLOK-SO","TEGEL_200X200_BLOK","SO"
"http://digitalbuildingdata.tech/nlcs/def/d8e94381-70ca-4b76-8a48-b0c662d1de69","TEGEL","SVH","","1354","SVH-TEGEL_200X200_HALFST-SO","TEGEL_200X200_HALFST","SO"
"http://digitalbuildingdata.tech/nlcs/def/822b1861-5b74-44c8-9857-11e03d86d55c","TEGEL","SVH","","1355","SVH-TEGEL_200X200_LINT-SO","TEGEL_200X200_LINT","SO"
"http://digitalbuildingdata.tech/nlcs/def/8c294183-6adf-41cb-8251-e475abda49c6","TEGEL","SVH","","1359","SVH-TEGEL_400X400_BLOK-SO","TEGEL_400X400_BLOK","SO"
"http://digitalbuildingdata.tech/nlcs/def/74c63676-f42d-40e3-9f6c-9e3a3e3bd972","AS","SAM","","136","SAM-AS-D","AS","D"
"http://digitalbuildingdata.tech/nlcs/def/34741370-0ced-4545-8876-1caa35137246","TEGEL","SVH","","1360","SVH-TEGEL_400X400_HALFST-SO","TEGEL_400X400_HALFST","SO"
"http://digitalbuildingdata.tech/nlcs/def/984ceb0d-415b-49fe-b373-28fbbfbf80d3","TEGEL","SVH","","1361","SVH-TEGEL_400X400_HALFST_STIP-SO","TEGEL_400X400_HALFST_STIP","SO"
"http://digitalbuildingdata.tech/nlcs/def/84a1accd-271c-4f2c-aaeb-0640991b52fa","TEGEL","SVH","","1362","SVH-TEGEL_400X400_HALFST_STREEP-SO","TEGEL_400X400_HALFST_STREEP","SO"
"http://digitalbuildingdata.tech/nlcs/def/5b340566-b826-48e6-836d-9ce98068be0a","TEGEL","SVH","","1363","SVH-TEGEL_400X400_LINT-SO","TEGEL_400X400_LINT","SO"
"http://digitalbuildingdata.tech/nlcs/def/939d6c09-4bd4-4356-97f8-1e6c2a0c779a","TEGEL","SVH","","1364","SVH-TEGEL_400X400_LINT_STIP-SO","TEGEL_400X400_LINT_STIP","SO"
"http://digitalbuildingdata.tech/nlcs/def/1f0bf6a7-b719-4bbb-a3fa-f052d5351d12","TEGEL","SVH","","1368","SVH-TEGEL_500X500_BLOK-SO","TEGEL_500X500_BLOK","SO"
"http://digitalbuildingdata.tech/nlcs/def/b9ff5058-cc08-4589-96ca-a9294996e9b6","TEGEL","SVH","","1369","SVH-TEGEL_500X500_HALFST-SO","TEGEL_500X500_HALFST","SO"
"http://digitalbuildingdata.tech/nlcs/def/0fe467bb-86f8-4db8-bd87-3fd24b463eee","WAPENING","SBC","","137","SBC-WAPENING_AFBREEK-SO","WAPENING_AFBREEK","SO"
"http://digitalbuildingdata.tech/nlcs/def/62f580b2-7cd3-4e0b-ac2e-2e54c8037e87","TEGEL","SVH","","1370","SVH-TEGEL_500X500_LINT-SO","TEGEL_500X500_LINT","SO"
"http://digitalbuildingdata.tech/nlcs/def/3587e268-b3c2-4716-b220-91eaf9cd1e42","TEGEL","SVH","","1371","SVH-TEGEL_600X600_BLOK-SO","TEGEL_600X600_BLOK","SO"
"http://digitalbuildingdata.tech/nlcs/def/3f6a5601-32f1-40e6-b532-0e8e7d8ce16d","TEGEL","SVH","","1372","SVH-TEGEL_600X600_HALFST-SO","TEGEL_600X600_HALFST","SO"
"http://digitalbuildingdata.tech/nlcs/def/12ec17c9-0051-487e-a141-ae29ebd1d05a","TEGEL","SVH","","1373","SVH-TEGEL_600X600_HALFST_STIP-SO","TEGEL_600X600_HALFST_STIP","SO"
"http://digitalbuildingdata.tech/nlcs/def/a27cfb2d-20ae-4b08-9a69-65381238357c","TEGEL","SVH","","1374","SVH-TEGEL_600X600_LINT-SO","TEGEL_600X600_LINT","SO"
"http://digitalbuildingdata.tech/nlcs/def/f0f646cd-0354-45ac-9649-11c046754c7f","TEGEL","SVH","","1375","SVH-TEGEL_600X600_LINT_STIP-SO","TEGEL_600X600_LINT_STIP","SO"
"http://digitalbuildingdata.tech/nlcs/def/ddd35a1d-b453-4d50-af74-e3649f38de70","TEGEL","SVH","","1376","SVH-TEGEL_100X300_HALFST-SO","TEGEL_100X300_HALFST","SO"
"http://digitalbuildingdata.tech/nlcs/def/d20f1af3-825a-4499-adad-0b8b8e6f1a47","TEGEL","SVH","","1377","SVH-TEGEL_100X300_LINT-SO","TEGEL_100X300_LINT","SO"
"http://digitalbuildingdata.tech/nlcs/def/e0265753-fe3c-4981-a8a4-816aeed3723b","WAPENING","SBC","","138","SBC-WAPENING_DEELEINDE-SO","WAPENING_DEELEINDE","SO"
"http://digitalbuildingdata.tech/nlcs/def/cb28daa8-ab3b-4738-a9b7-cf6b5b1b654e","TEGEL","SVH","","1380","SVH-TEGEL_200X300_HALFST-SO","TEGEL_200X300_HALFST","SO"
"http://digitalbuildingdata.tech/nlcs/def/e52b53e8-1193-4274-9b54-920137773928","TEGEL","SVH","","1381","SVH-TEGEL_200X300_LINT-SO","TEGEL_200X300_LINT","SO"
"http://digitalbuildingdata.tech/nlcs/def/b57621fc-e8d0-4eab-91c9-c62b893c30f5","TEGEL","SVH","","1382","SVH-TEGEL_200X600_HALFST-SO","TEGEL_200X600_HALFST","SO"
"http://digitalbuildingdata.tech/nlcs/def/54d2c395-d39b-4d51-822d-8e88cbbb5102","TEGEL","SVH","","1383","SVH-TEGEL_200X600_LINT-SO","TEGEL_200X600_LINT","SO"
"http://digitalbuildingdata.tech/nlcs/def/5b79641e-5341-45b0-8c1b-5457c0c36023","TEGEL","SVH","","1386","SVH-TEGEL_300X200_HALFST-SO","TEGEL_300X200_HALFST","SO"
"http://digitalbuildingdata.tech/nlcs/def/afa963d8-0e48-41ab-aeff-f06296981daa","TEGEL","SVH","","1387","SVH-TEGEL_300X200_LINT-SO","TEGEL_300X200_LINT","SO"
"http://digitalbuildingdata.tech/nlcs/def/72ca6f60-b1fc-47ab-9a1e-d3d7c38a1bdf","TEGEL","SVH","","1388","SVH-TEGEL_600X200_HALFST-SO","TEGEL_600X200_HALFST","SO"
"http://digitalbuildingdata.tech/nlcs/def/db398bba-eeb2-4870-b805-d62b3070daab","TEGEL","SVH","","1389","SVH-TEGEL_600X200_LINT-SO","TEGEL_600X200_LINT","SO"
"http://digitalbuildingdata.tech/nlcs/def/c5f192af-8594-48ae-9ac1-0c105c81eca6","WAPENING","SBC","","139","SBC-WAPENING_LAAG_01-SO","WAPENING_LAAG_01","SO"
"http://digitalbuildingdata.tech/nlcs/def/577c5679-4a2c-4f35-a1c7-baa8d4dba6ea","TEGEL","SVH","","1390","SVH-TEGEL_VARIABEL_BLOK-SO","TEGEL_VARIABEL_BLOK","SO"
"http://digitalbuildingdata.tech/nlcs/def/142b91f3-ba1d-4116-8ea2-30f9dc0a7ecf","TEGEL","SVH","","1391","SVH-TEGEL_VARIABEL_HALFST-SO","TEGEL_VARIABEL_HALFST","SO"
"http://digitalbuildingdata.tech/nlcs/def/7e17434e-fdd0-4b72-b145-26bb4fe49b03","TEGEL","SVH","","1392","SVH-TEGEL_BLOK_STIP_01-SO","TEGEL_BLOK_STIP_01","SO"
"http://digitalbuildingdata.tech/nlcs/def/29293d20-d23d-492e-8324-3bf033cc09ca","TEGEL","SVH","","1393","SVH-TEGEL_BLOK_STIP_02-SO","TEGEL_BLOK_STIP_02","SO"
"http://digitalbuildingdata.tech/nlcs/def/f6e7c259-c3b0-458f-8501-487da2f3abbf","SIERTEGEL","SVH","","1394","SVH-SIERTEGEL-SO","SIERTEGEL","SO"
"http://digitalbuildingdata.tech/nlcs/def/c88d65fd-39a1-453e-9735-d3af168589c0","TEGEL","SVH","","1395","SVH-TEGEL_ZESKANT-SO","TEGEL_ZESKANT","SO"
"http://digitalbuildingdata.tech/nlcs/def/635c4c4e-4e9f-47a9-9a39-20aecd11ea35","ASFALT","SVH","V","1396","V-SVH-ASFALT-SO","ASFALT","SO"
"http://digitalbuildingdata.tech/nlcs/def/16c0c613-cd47-4d3b-8b30-221869a05a4b","BASALTONVERHARDING","SVH","V","1397","V-SVH-BASALTONVERHARDING-SO","BASALTONVERHARDING","SO"
"http://digitalbuildingdata.tech/nlcs/def/d137c089-10b2-446b-9b3b-73d889ad236a","BASALTVERHARDING","SVH","V","1398","V-SVH-BASALTVERHARDING-SO","BASALTVERHARDING","SO"
"http://digitalbuildingdata.tech/nlcs/def/254519db-f140-4165-877f-a065c1fd1720","BENTONIET","SVH","V","1399","V-SVH-BENTONIET-SO","BENTONIET","SO"
"http://digitalbuildingdata.tech/nlcs/def/534e4b5b-206b-463d-bed9-25a9b46e58a3","TEKENBLAD","SAL","","14","SAL-TEKENBLAD_A1_594X1680-SO","TEKENBLAD_A1_594X1680","SO"
"http://digitalbuildingdata.tech/nlcs/def/d8174cc1-cd65-4fcf-99f6-5c4d11db92aa","WAPENING","SBC","","140","SBC-WAPENING_LAAG_02-SO","WAPENING_LAAG_02","SO"
"http://digitalbuildingdata.tech/nlcs/def/c3abbd20-cdfa-41e6-b318-46056969120d","BESTORTING","SVH","V","1400","V-SVH-BESTORTING_01-SO","BESTORTING_01","SO"
"http://digitalbuildingdata.tech/nlcs/def/cbf0f8e3-7808-4979-8d3d-a60d1cea35b2","BESTORTING","SVH","V","1401","V-SVH-BESTORTING_02-SO","BESTORTING_02","SO"
"http://digitalbuildingdata.tech/nlcs/def/8eb174a1-2236-4d6c-9d81-630700e44302","BETON","SVH","V","1402","V-SVH-BETON_GEWAPEND_INSITU-SO","BETON_GEWAPEND_INSITU","SO"
"http://digitalbuildingdata.tech/nlcs/def/81b9f6ce-f717-48ea-bca0-a716f01ef178","BETON","SVH","V","1403","V-SVH-BETON_ONGEWAPEND_INSITU_01-SO","BETON_ONGEWAPEND_INSITU_01","SO"
"http://digitalbuildingdata.tech/nlcs/def/52be23a1-255f-43bc-91e4-5809e8e7210d","BETON","SVH","V","1404","V-SVH-BETON_ONGEWAPEND_INSITU_02-SO","BETON_ONGEWAPEND_INSITU_02","SO"
"http://digitalbuildingdata.tech/nlcs/def/d29ddfe9-c44f-41d9-8f2b-4413820d382c","BETON","SVH","V","1405","V-SVH-BETON_SCHRAAL-SO","BETON_SCHRAAL","SO"
"http://digitalbuildingdata.tech/nlcs/def/85a49856-1d5d-46b4-a7d2-9e47530029b0","BETON","SVH","V","1406","V-SVH-BETON-SO","BETON","SO"
"http://digitalbuildingdata.tech/nlcs/def/01ee1b56-6d51-4be1-b841-1e57c4aa19eb","BETON","SVH","V","1407","V-SVH-BETONPLAAT_BLOK-SO","BETONPLAAT_BLOK","SO"
"http://digitalbuildingdata.tech/nlcs/def/f33c187a-dfd8-4d56-a124-c243abea931d","BETON","SVH","V","1408","V-SVH-BETONPLAAT_BLOK_RAND-SO","BETONPLAAT_BLOK_RAND","SO"
"http://digitalbuildingdata.tech/nlcs/def/f858545a-8f25-4be1-9192-caee041b8732","BETON","SVH","V","1409","V-SVH-BETONPLAAT_HALFST-SO","BETONPLAAT_HALFST","SO"
"http://digitalbuildingdata.tech/nlcs/def/4f9b26f9-ddf4-4e32-b1f2-1f813095bd63","WAPENING","SBC","","141","SBC-WAPENING_LAAG_03-SO","WAPENING_LAAG_03","SO"
"http://digitalbuildingdata.tech/nlcs/def/1b67f544-7892-46e6-9497-7a21f4d01941","BSS","SVH","V","1410","V-SVH-BSS_DIKFORMAAT_ELLEBOOG-SO","BSS_DIKFORMAAT_ELLEBOOG","SO"
"http://digitalbuildingdata.tech/nlcs/def/953e413e-62e2-45ea-acfb-758ec6e21cb4","BSS","SVH","V","1411","V-SVH-BSS_DIKFORMAAT_HALFST-SO","BSS_DIKFORMAAT_HALFST","SO"
"http://digitalbuildingdata.tech/nlcs/def/6f04ff3a-005c-40b3-b2d2-603e13c8fd3a","BSS","SVH","V","1412","V-SVH-BSS_DIKFORMAAT_KEPER-SO","BSS_DIKFORMAAT_KEPER","SO"
"http://digitalbuildingdata.tech/nlcs/def/fbfcb557-01b6-462a-b0b7-7bd94e175906","BSS","SVH","V","1413","V-SVH-BSS_KEIFORMAAT_BLOK_01-SO","BSS_KEIFORMAAT_BLOK_01","SO"
"http://digitalbuildingdata.tech/nlcs/def/d62f9cc3-ec23-4d4e-8710-30bc15cb2e08","BSS","SVH","V","1414","V-SVH-BSS_KEIFORMAAT_BLOK_02-SO","BSS_KEIFORMAAT_BLOK_02","SO"
"http://digitalbuildingdata.tech/nlcs/def/85206cc5-33f2-49de-b856-f750976736c6","BSS","SVH","V","1416","V-SVH-BSS_KEIFORMAAT_DUBBEL_01-SO","BSS_KEIFORMAAT_DUBBEL_01","SO"
"http://digitalbuildingdata.tech/nlcs/def/e1fc3064-9558-48bb-a879-5b83ac233b0e","BSS","SVH","V","1417","V-SVH-BSS_KEIFORMAAT_DUBBEL_02-SO","BSS_KEIFORMAAT_DUBBEL_02","SO"
"http://digitalbuildingdata.tech/nlcs/def/060fc3e8-0278-4e3a-ace7-8651dcc032f6","BSS","SVH","V","1418","V-SVH-BSS_KEIFORMAAT_ELLEBOOG-SO","BSS_KEIFORMAAT_ELLEBOOG","SO"
"http://digitalbuildingdata.tech/nlcs/def/87355165-252b-4325-93f8-4b5772683c71","BSS","SVH","V","1419","V-SVH-BSS_KEIFORMAAT_HALFST-SO","BSS_KEIFORMAAT_HALFST","SO"
"http://digitalbuildingdata.tech/nlcs/def/fb997d22-8a25-48f3-8bf8-0aeeb6b83d6c","VOORSPANNING","SBC","","142","SBC-VOORSPANNING_METAANHECHTING_KANAAL-SOD","VOORSPANNING_METAANHECHTING_KANAAL","SOD"
"http://digitalbuildingdata.tech/nlcs/def/64376de7-2f89-4114-9304-1f4e68a99e88","BSS","SVH","V","1420","V-SVH-BSS_KEIFORMAAT_KEPER-SO","BSS_KEIFORMAAT_KEPER","SO"
"http://digitalbuildingdata.tech/nlcs/def/b2afc775-7c80-4e6e-83ba-ce2c48d2d9b4","BSS","SVH","V","1421","V-SVH-BSS_WAALFORMAAT_BLOK-SO","BSS_WAALFORMAAT_BLOK","SO"
"http://digitalbuildingdata.tech/nlcs/def/bd1e5b61-4d31-4694-8ef1-3a699c20c6fc","BSS","SVH","V","1422","V-SVH-BSS_WAALFORMAAT_ELLEBOOG-SO","BSS_WAALFORMAAT_ELLEBOOG","SO"
"http://digitalbuildingdata.tech/nlcs/def/b1d19e7c-559f-4bc5-bc9c-b683784c1184","BSS","SVH","V","1423","V-SVH-BSS_WAALFORMAAT_HALFST-SO","BSS_WAALFORMAAT_HALFST","SO"
"http://digitalbuildingdata.tech/nlcs/def/7d458d56-d1dc-4a9c-a2f3-f503d5b8845b","BSS","SVH","V","1424","V-SVH-BSS_WAALFORMAAT_KEPER-SO","BSS_WAALFORMAAT_KEPER","SO"
"http://digitalbuildingdata.tech/nlcs/def/58627edb-6ba2-403f-82e5-78339e3f1590","BSS","SVH","V","1425","V-SVH-BSS_DIKFORMAAT_BLOK-SO","BSS_DIKFORMAAT_BLOK","SO"
"http://digitalbuildingdata.tech/nlcs/def/dd0a98b0-07c6-431a-9b35-ee9db308a921","BSS","SVH","V","1426","V-SVH-BSS_KEIFORMAAT_BLOK_STREEP-SO","BSS_KEIFORMAAT_BLOK_STREEP","SO"
"http://digitalbuildingdata.tech/nlcs/def/39422f96-eb39-415a-b673-0fefb76f872b","BSS","SVH","V","1427","V-SVH-BSS_KEIFORMAAT_DUBBEL-SO","BSS_KEIFORMAAT_DUBBEL","SO"
"http://digitalbuildingdata.tech/nlcs/def/51900b7e-d484-4e7e-817c-b54aeb47f724","BSS","SVH","V","1428","V-SVH-BSS_LINGEFORMAAT_DRIEKWART-SO","BSS_LINGEFORMAAT_DRIEKWART","SO"
"http://digitalbuildingdata.tech/nlcs/def/04966017-9898-4b15-91f3-8fac6847182a","BSS","SVH","V","1429","V-SVH-BSS_LINGEFORMAAT_ELLEBOOG-SO","BSS_LINGEFORMAAT_ELLEBOOG","SO"
"http://digitalbuildingdata.tech/nlcs/def/f85d5673-8c36-4f5b-9e9f-00f3e3eb1c82","VOORSPANNING","SBC","","143","SBC-VOORSPANNING_METAANHECHTING_KOPPELING-SO","VOORSPANNING_METAANHECHTING_KOPPELING","SO"
"http://digitalbuildingdata.tech/nlcs/def/51d2251b-4d0c-4ee9-9987-b03dc8c65862","BSS","SVH","V","1430","V-SVH-BSS_LINGEFORMAAT_KLEZOOR-SO","BSS_LINGEFORMAAT_KLEZOOR","SO"
"http://digitalbuildingdata.tech/nlcs/def/7481a6a6-0eb6-4b2d-96ea-b2739b0067e5","BSS","SVH","V","1431","V-SVH-BSS_OPENGESTRAAT-SO","BSS_OPENGESTRAAT","SO"
"http://digitalbuildingdata.tech/nlcs/def/537204e7-2445-4e44-a5f6-7021830e1b77","BOUWWEG","SVH","V","1432","V-SVH-BOUWWEG-SO","BOUWWEG","SO"
"http://digitalbuildingdata.tech/nlcs/def/01c2c999-a617-4116-9768-80eddae83785","COBBLESTONE","SVH","V","1433","V-SVH-COBBLESTONE-SO","COBBLESTONE","SO"
"http://digitalbuildingdata.tech/nlcs/def/ab8eb2e2-b8d4-449a-bef2-d27aaf2b110f","DELTA","SVH","V","1434","V-SVH-DELTA-SO","DELTA","SO"
"http://digitalbuildingdata.tech/nlcs/def/6575ee3e-64b9-4a22-a7a8-f3a97bc580c9","FUNDERING","SVH","V","1435","V-SVH-FUNDERING_01-SO","FUNDERING_01","SO"
"http://digitalbuildingdata.tech/nlcs/def/449d96a5-6f99-42a6-9a63-d59182ba3ec3","FUNDERING","SVH","V","1436","V-SVH-FUNDERING_02-SO","FUNDERING_02","SO"
"http://digitalbuildingdata.tech/nlcs/def/72d276cc-c8de-428c-b251-79d6d28bc554","FUNDERING","SVH","V","1437","V-SVH-FUNDERING_BIMS-SO","FUNDERING_BIMS","SO"
"http://digitalbuildingdata.tech/nlcs/def/064a8759-e5a7-47c0-8ed6-a3ff9dee555d","FUNDERING","SVH","V","1438","V-SVH-FUNDERING_EPS-SO","FUNDERING_EPS","SO"
"http://digitalbuildingdata.tech/nlcs/def/e715a0e5-a1e9-4300-b6e4-2748a5dd6fb0","FUNDERING","SVH","V","1439","V-SVH-FUNDERING_OVERIG-SO","FUNDERING_OVERIG","SO"
"http://digitalbuildingdata.tech/nlcs/def/b6ceca99-c058-4503-b73b-c77529499ce0","VOORSPANNING","SBC","","144","SBC-VOORSPANNING_METAANHECHTING_ONTLUCHTINGINJECTIE-SO","VOORSPANNING_METAANHECHTING_ONTLUCHTINGINJECTIE","SO"
"http://digitalbuildingdata.tech/nlcs/def/c86f1e29-a91a-4b36-893d-ea2a70f1eaa1","FUNDERING","SVH","V","1440","V-SVH-FUNDERING_GRANULAAT-SO","FUNDERING_GRANULAAT","SO"
"http://digitalbuildingdata.tech/nlcs/def/87c4c424-824c-49f6-8abc-628b30460d64","FUNDERING","SVH","V","1441","V-SVH-FUNDERING_GRANULAAT_BETON-SO","FUNDERING_GRANULAAT_BETON","SO"
"http://digitalbuildingdata.tech/nlcs/def/7220dc4d-b5c9-4a39-9a53-42d76b947698","FUNDERING","SVH","V","1442","V-SVH-FUNDERING_GRANULAAT_KLEIKORR-SO","FUNDERING_GRANULAAT_KLEIKORR","SO"
"http://digitalbuildingdata.tech/nlcs/def/5bfa0411-eaa7-473c-baf2-419ddf8d75f6","FUNDERING","SVH","V","1443","V-SVH-FUNDERING_GRANULAAT_LAVA-SO","FUNDERING_GRANULAAT_LAVA","SO"
"http://digitalbuildingdata.tech/nlcs/def/a9592a42-e824-4059-8081-988ce03034cc","FUNDERING","SVH","V","1444","V-SVH-FUNDERING_GRANULAAT_MENG_01-SO","FUNDERING_GRANULAAT_MENG_01","SO"
"http://digitalbuildingdata.tech/nlcs/def/dc866dbe-a7f0-4347-9e11-569542f5e2c2","FUNDERING","SVH","V","1445","V-SVH-FUNDERING_GRANULAAT_MENG_02-SO","FUNDERING_GRANULAAT_MENG_02","SO"
"http://digitalbuildingdata.tech/nlcs/def/c1fefb69-e527-4cd6-bcdd-e508ad63006f","FUNDERING","SVH","V","1446","V-SVH-FUNDERING_GRANULAAT_PUIN-SO","FUNDERING_GRANULAAT_PUIN","SO"
"http://digitalbuildingdata.tech/nlcs/def/3c70e7c0-2ff2-4c4b-b2e8-2c1cb535fc8c","FUNDERING","SVH","V","1447","V-SVH-FUNDERING_GRANULAAT_SINTELS-SO","FUNDERING_GRANULAAT_SINTELS","SO"
"http://digitalbuildingdata.tech/nlcs/def/24e0e4d3-366f-48b5-a595-8eaf1d26dafb","FUNDERING","SVH","V","1448","V-SVH-FUNDERING_ZAND-SO","FUNDERING_ZAND","SO"
"http://digitalbuildingdata.tech/nlcs/def/d5921aeb-fe1f-4a93-b5d7-0b421b6cce9d","FUNDERING","SVH","V","1449","V-SVH-FUNDERING_ZANDCEMENTSTAB-SO","FUNDERING_ZANDCEMENTSTAB","SO"
"http://digitalbuildingdata.tech/nlcs/def/1b2c4a80-2705-42ee-bdb7-dc09ce1fb222","VOORSPANNING","SBC","","145","SBC-VOORSPANNING_METAANHECHTING_VERANKERING_BLINDANKER-SO","VOORSPANNING_METAANHECHTING_VERANKERING_BLINDANKER","SO"
"http://digitalbuildingdata.tech/nlcs/def/79e2617e-1b48-47f3-9fc2-d0def69ac806","GEOTEXTIEL","SVH","V","1450","V-SVH-GEOTEXTIEL-SO","GEOTEXTIEL","SO"
"http://digitalbuildingdata.tech/nlcs/def/d23b3008-6a80-40d3-a7e1-077ca32664bc","GLAS","SVH","V","1451","V-SVH-GLAS-SO","GLAS","SO"
"http://digitalbuildingdata.tech/nlcs/def/f2e1799d-8ec2-40e5-af02-bc7e90d22f27","GRAS","SVH","V","1452","V-SVH-GRAS_GESTABILISEERD-SO","GRAS_GESTABILISEERD","SO"
"http://digitalbuildingdata.tech/nlcs/def/d5b48539-087a-4d4e-8e28-fa31733e2272","GRASBETONSTEEN","SVH","V","1453","V-SVH-GRASBETONSTEEN_01-SO","GRASBETONSTEEN_01","SO"
"http://digitalbuildingdata.tech/nlcs/def/3edb01fa-fa3a-4cc6-a31a-6d924f156555","GRASBETONSTEEN","SVH","V","1454","V-SVH-GRASBETONSTEEN_02-SO","GRASBETONSTEEN_02","SO"
"http://digitalbuildingdata.tech/nlcs/def/9a1e22f9-4bf6-4461-b0f3-a309e5c6835e","GRASPLAAT","SVH","V","1455","V-SVH-GRASPLAAT-SO","GRASPLAAT","SO"
"http://digitalbuildingdata.tech/nlcs/def/02ca2ba8-7173-48b4-8d79-36f7fcf9c832","GRASTEGEL","SVH","V","1456","V-SVH-GRASTEGEL_01-SO","GRASTEGEL_01","SO"
"http://digitalbuildingdata.tech/nlcs/def/aad3defc-135e-44d8-92db-f106e2f00375","GRASTEGEL","SVH","V","1457","V-SVH-GRASTEGEL_02-SO","GRASTEGEL_02","SO"
"http://digitalbuildingdata.tech/nlcs/def/f9a6cf28-b3c2-42dc-be30-0680cd1b9568","GRASTEGEL","SVH","V","1458","V-SVH-GRASTEGEL_STIP-SO","GRASTEGEL_STIP","SO"
"http://digitalbuildingdata.tech/nlcs/def/acf74dca-7091-459b-ba69-8efb18decb32","GRIND","SVH","V","1459","V-SVH-GRIND-SO","GRIND","SO"
"http://digitalbuildingdata.tech/nlcs/def/0dfa83a8-f714-4fde-b50d-6d4e459e65df","VOORSPANNING","SBC","","146","SBC-VOORSPANNING_METAANHECHTING_VERANKERING_INTREKKINGSVRIJANKER-SO","VOORSPANNING_METAANHECHTING_VERANKERING_INTREKKINGSVRIJANKER","SO"
"http://digitalbuildingdata.tech/nlcs/def/7349ec4a-818b-4bb4-8315-0e4953115a44","HALFVERHARDING","SVH","V","1460","V-SVH-HALFVERHARDING_01-SO","HALFVERHARDING_01","SO"
"http://digitalbuildingdata.tech/nlcs/def/c39d5a59-d794-46e3-9918-612e63a1c38c","HALFVERHARDING","SVH","V","1461","V-SVH-HALFVERHARDING_02-SO","HALFVERHARDING_02","SO"
"http://digitalbuildingdata.tech/nlcs/def/5a96923e-9fed-4e44-a629-8da539b78612","HALFVERHARDING","SVH","V","1462","V-SVH-HALFVERHARDING_GRIND_01-SO","HALFVERHARDING_GRIND_01","SO"
"http://digitalbuildingdata.tech/nlcs/def/7d94861a-2ae1-47f3-a103-2f837c39f33a","HALFVERHARDING","SVH","V","1463","V-SVH-HALFVERHARDING_GRIND_02-SO","HALFVERHARDING_GRIND_02","SO"
"http://digitalbuildingdata.tech/nlcs/def/18b292ed-b01c-49db-969e-d6c97c24be89","HALFVERHARDING","SVH","V","1465","V-SVH-HALFVERHARDING_SCHELPEN-SO","HALFVERHARDING_SCHELPEN","SO"
"http://digitalbuildingdata.tech/nlcs/def/094a774e-7d1e-4241-b34b-2497e507e8b7","HOUTSNIPPERS","SVH","V","1466","V-SVH-HOUTSNIPPERS-SO","HOUTSNIPPERS","SO"
"http://digitalbuildingdata.tech/nlcs/def/a5fa04fc-c2a5-4cc7-aecc-9ce8429f0267","HSTEEN","SVH","V","1467","V-SVH-HSTEEN-SO","HSTEEN","SO"
"http://digitalbuildingdata.tech/nlcs/def/0221d20b-3f49-429d-8cef-6ab3e9ee7675","METSELWERK","SVH","V","1469","V-SVH-METSELWERK-SO","METSELWERK","SO"
"http://digitalbuildingdata.tech/nlcs/def/dede594d-f994-418a-acfa-93b2de974643","VOORSPANNING","SBC","","147","SBC-VOORSPANNING_METAANHECHTING_VERANKERING_NIETSPANANKER-SO","VOORSPANNING_METAANHECHTING_VERANKERING_NIETSPANANKER","SO"
"http://digitalbuildingdata.tech/nlcs/def/856d8e19-9443-4091-bc21-bf85b3f2aa34","NATUURSTEEN","SVH","V","1470","V-SVH-NATUURSTEEN_01-SO","NATUURSTEEN_01","SO"
"http://digitalbuildingdata.tech/nlcs/def/ccf88590-801e-48d0-a7fc-6f85dff1ec56","NATUURSTEEN","SVH","V","1471","V-SVH-NATUURSTEEN_02-SO","NATUURSTEEN_02","SO"
"http://digitalbuildingdata.tech/nlcs/def/32eeef3c-5f7e-4230-b90e-8838c9d23064","NATUURSTEEN","SVH","V","1472","V-SVH-NATUURSTEEN-SO","NATUURSTEEN","SO"
"http://digitalbuildingdata.tech/nlcs/def/47e0207c-cebc-488e-83af-fa81aa88219b","NATUURSTEEN","SVH","V","1475","V-SVH-NATUURSTEEN_KINDERKOP_HALFST-SO","NATUURSTEEN_KINDERKOP_HALFST","SO"
"http://digitalbuildingdata.tech/nlcs/def/dcc4b452-fe53-46a5-8f12-7088da675e17","NATUURSTEEN","SVH","V","1476","V-SVH-NATUURSTEEN_LOSVERBAND_01-SO","NATUURSTEEN_LOSVERBAND_01","SO"
"http://digitalbuildingdata.tech/nlcs/def/f246a9e1-b4b8-4332-962d-65ab063099ea","NATUURSTEEN","SVH","V","1477","V-SVH-NATUURSTEEN_LOSVERBAND_02-SO","NATUURSTEEN_LOSVERBAND_02","SO"
"http://digitalbuildingdata.tech/nlcs/def/9d5e9335-a8e0-4594-b6c9-a9718de545d7","SPECIAAL","SVH","V","1478","V-SVH-SPECIAAL_OVERIG_01-SO","SPECIAAL_OVERIG_01","SO"
"http://digitalbuildingdata.tech/nlcs/def/cf6beb38-39ca-4f28-a688-8a04838184bb","SPECIAAL","SVH","V","1479","V-SVH-SPECIAAL_OVERIG_02-SO","SPECIAAL_OVERIG_02","SO"
"http://digitalbuildingdata.tech/nlcs/def/289c003e-e0bf-47ae-aa01-8b1d56e50e71","VOORSPANNING","SBC","","148","SBC-VOORSPANNING_METAANHECHTING_VERANKERING_SPANANKERMETKOPPELING-SO","VOORSPANNING_METAANHECHTING_VERANKERING_SPANANKERMETKOPPELING","SO"
"http://digitalbuildingdata.tech/nlcs/def/bb4c0091-9e23-46c7-9ee0-f9d41d8f208e","SPECIAAL","SVH","V","1483","V-SVH-SPECIAAL_OVERIG_KOPSHOUT-SO","SPECIAAL_OVERIG_KOPSHOUT","SO"
"http://digitalbuildingdata.tech/nlcs/def/3b37d4f0-80c2-43a8-92eb-6ba2f5cc6734","SPECIAAL","SVH","V","1484","V-SVH-SPECIAAL_OVERIG_LANGSHOUT-SO","SPECIAAL_OVERIG_LANGSHOUT","SO"
"http://digitalbuildingdata.tech/nlcs/def/f11fce00-d40d-4bd5-9426-ddf3b5dca6d4","SPECIAAL","SVH","V","1485","V-SVH-SPECIAAL_OVERIG_TRANENPLAAT_01-SO","SPECIAAL_OVERIG_TRANENPLAAT_01","SO"
"http://digitalbuildingdata.tech/nlcs/def/b9be5151-12ab-420a-b856-caa1c0c14520","SPECIAAL","SVH","V","1486","V-SVH-SPECIAAL_OVERIG_TRANENPLAAT_02-SO","SPECIAAL_OVERIG_TRANENPLAAT_02","SO"
"http://digitalbuildingdata.tech/nlcs/def/c081d4bc-89d4-4a24-b0ae-584be790ca76","PLANKEN","SVH","V","1487","V-SVH-PLANKEN_01-SO","PLANKEN_01","SO"
"http://digitalbuildingdata.tech/nlcs/def/85dde93d-3782-4ca0-aaa7-d5d1793ffbd9","PLANKEN","SVH","V","1488","V-SVH-PLANKEN_02-SO","PLANKEN_02","SO"
"http://digitalbuildingdata.tech/nlcs/def/c13bcd66-c50f-4680-a4a1-e09cf39b4994","VOORSPANNING","SBC","","149","SBC-VOORSPANNING_METAANHECHTING_VERANKERING_SPANANKER-SO","VOORSPANNING_METAANHECHTING_VERANKERING_SPANANKER","SO"
"http://digitalbuildingdata.tech/nlcs/def/0288bb64-aa9f-48c5-8c8c-6cd7efeaf7e4","PUINVERHARDING","SVH","V","1490","V-SVH-PUINVERHARDING-SO","PUINVERHARDING","SO"
"http://digitalbuildingdata.tech/nlcs/def/c579a219-8803-481d-ac70-a5b107891cb6","ROOSTER","SVH","V","1491","V-SVH-ROOSTER-SO","ROOSTER","SO"
"http://digitalbuildingdata.tech/nlcs/def/75a6a648-b35c-4082-90ae-bd8d3dfe62fd","RUBBERTEGEL","SVH","V","1492","V-SVH-RUBBERTEGEL_500X500_HALFST-SO","RUBBERTEGEL_500X500_HALFST","SO"
"http://digitalbuildingdata.tech/nlcs/def/15c4cb84-a488-48a6-bc84-f642379c7770","SIERBESTRATING","SVH","V","1493","V-SVH-SIERBESTRATING_01-SO","SIERBESTRATING_01","SO"
"http://digitalbuildingdata.tech/nlcs/def/59dd31da-6693-4f81-a6cf-34d7af28fb61","SIERBESTRATING","SVH","V","1494","V-SVH-SIERBESTRATING_02-SO","SIERBESTRATING_02","SO"
"http://digitalbuildingdata.tech/nlcs/def/5de16e2f-12b8-440c-80df-cac76124b9a3","SPECIAAL","SVH","V","1495","V-SVH-SPECIAAL_01-SO","SPECIAAL_01","SO"
"http://digitalbuildingdata.tech/nlcs/def/72aca3d9-f484-4881-bfb0-9507658b36ab","SPECIAAL","SVH","V","1496","V-SVH-SPECIAAL_02-SO","SPECIAAL_02","SO"
"http://digitalbuildingdata.tech/nlcs/def/1f72252e-df0f-4e3d-9374-e832e95283af","SBS","SVH","V","1497","V-SVH-SBS_DIKFORMAAT_ELLEBOOG-SO","SBS_DIKFORMAAT_ELLEBOOG","SO"
"http://digitalbuildingdata.tech/nlcs/def/f13e1026-23de-4f7c-94d6-3292b6fc63d4","SBS","SVH","V","1498","V-SVH-SBS_DIKFORMAAT_HALFST-SO","SBS_DIKFORMAAT_HALFST","SO"
"http://digitalbuildingdata.tech/nlcs/def/650adf4f-588a-4c7e-be1a-ff21419b162d","SBS","SVH","V","1499","V-SVH-SBS_DIKFORMAAT_KEPER-SO","SBS_DIKFORMAAT_KEPER","SO"
"http://digitalbuildingdata.tech/nlcs/def/b5666c9b-a8da-4994-9521-e3c1ae838448","TEKENBLAD","SAL","","15","SAL-TEKENBLAD_A1_594X1890-SO","TEKENBLAD_A1_594X1890","SO"
"http://digitalbuildingdata.tech/nlcs/def/0277fb16-fda9-4c72-be63-67478e442c25","VOORSPANNING","SBC","","150","SBC-VOORSPANNING_METAANHECHTING_VERANKERING-SO","VOORSPANNING_METAANHECHTING_VERANKERING","SO"
"http://digitalbuildingdata.tech/nlcs/def/96237eb3-24d0-46ca-9a7e-3101a3b62c9a","SBS","SVH","V","1500","V-SVH-SBS_KEIFORMAAT_BLOK-SO","SBS_KEIFORMAAT_BLOK","SO"
"http://digitalbuildingdata.tech/nlcs/def/33c3c202-e724-4e70-9393-224b21509bca","SBS","SVH","V","1501","V-SVH-SBS_KEIFORMAAT_DUBBEL-SO","SBS_KEIFORMAAT_DUBBEL","SO"
"http://digitalbuildingdata.tech/nlcs/def/bbdf7b4b-dab5-4c65-8815-2f7f21d174dd","SBS","SVH","V","1502","V-SVH-SBS_KEIFORMAAT_ELLEBOOG-SO","SBS_KEIFORMAAT_ELLEBOOG","SO"
"http://digitalbuildingdata.tech/nlcs/def/31594d39-e996-4697-b284-78d714c55a3a","SBS","SVH","V","1503","V-SVH-SBS_KEIFORMAAT_HALFST-SO","SBS_KEIFORMAAT_HALFST","SO"
"http://digitalbuildingdata.tech/nlcs/def/615f2aa7-5bfb-4eca-847b-a2f97f882a5d","SBS","SVH","V","1504","V-SVH-SBS_KEIFORMAAT_KEPER-SO","SBS_KEIFORMAAT_KEPER","SO"
"http://digitalbuildingdata.tech/nlcs/def/7156b141-25de-40a2-9d59-346311e80379","SBS","SVH","V","1505","V-SVH-SBS_WAALFORMAAT_BLOK-SO","SBS_WAALFORMAAT_BLOK","SO"
"http://digitalbuildingdata.tech/nlcs/def/57082d73-eac3-47ce-bf51-876c3d4532fd","SBS","SVH","V","1506","V-SVH-SBS_WAALFORMAAT_ELLEBOOG-SO","SBS_WAALFORMAAT_ELLEBOOG","SO"
"http://digitalbuildingdata.tech/nlcs/def/12d0f794-e58b-402b-958a-90cbdba25b70","SBS","SVH","V","1507","V-SVH-SBS_WAALFORMAAT_HALFST-SO","SBS_WAALFORMAAT_HALFST","SO"
"http://digitalbuildingdata.tech/nlcs/def/462aa267-49f6-4299-8d93-2df451341dd0","SBS","SVH","V","1508","V-SVH-SBS_WAALFORMAAT_KEPER-SO","SBS_WAALFORMAAT_KEPER","SO"
"http://digitalbuildingdata.tech/nlcs/def/da5de062-d9e7-4d9c-85df-5556624e8ca8","TEGEL","SVH","V","1509","V-SVH-TEGEL_1000X1000_BLOK-SO","TEGEL_1000X1000_BLOK","SO"
"http://digitalbuildingdata.tech/nlcs/def/22d76dd4-5bbe-4261-87f3-3c8e25d02443","VOORSPANNING","SBC","","151","SBC-VOORSPANNING_METAANHECHTING_VOORSPANELEMENT-SOD","VOORSPANNING_METAANHECHTING_VOORSPANELEMENT","SOD"
"http://digitalbuildingdata.tech/nlcs/def/f23ca220-1077-43b9-8733-61e681c2dd1b","TEGEL","SVH","V","1510","V-SVH-TEGEL_1000X1000_HALFST-SO","TEGEL_1000X1000_HALFST","SO"
"http://digitalbuildingdata.tech/nlcs/def/c49a9717-2e60-4ffd-9165-a65dbe181a48","TEGEL","SVH","V","1511","V-SVH-TEGEL_2000X2000_BLOK-SO","TEGEL_2000X2000_BLOK","SO"
"http://digitalbuildingdata.tech/nlcs/def/815e00b7-52b5-49a6-9f36-9734d2d2e4ae","TEGEL","SVH","V","1512","V-SVH-TEGEL_2000X2000_HALFST-SO","TEGEL_2000X2000_HALFST","SO"
"http://digitalbuildingdata.tech/nlcs/def/c333fb7e-b602-4c18-b1d1-52c27eb29972","TEGEL","SVH","V","1513","V-SVH-TEGEL_200X200_BLOK-SO","TEGEL_200X200_BLOK","SO"
"http://digitalbuildingdata.tech/nlcs/def/354e3acd-abd5-4f7a-9335-80ba35348405","TEGEL","SVH","V","1514","V-SVH-TEGEL_200X200_HALFST-SO","TEGEL_200X200_HALFST","SO"
"http://digitalbuildingdata.tech/nlcs/def/861a4232-fec6-43db-aa74-2163f519f998","TEGEL","SVH","V","1515","V-SVH-TEGEL_200X200_LINT-SO","TEGEL_200X200_LINT","SO"
"http://digitalbuildingdata.tech/nlcs/def/a9535805-5b96-4291-9357-82408cdcb1f8","TEGEL","SVH","V","1519","V-SVH-TEGEL_400X400_BLOK-SO","TEGEL_400X400_BLOK","SO"
"http://digitalbuildingdata.tech/nlcs/def/fd7e06d7-4b04-4b07-90bf-fe8f25bd2154","VOORSPANNING","SBC","","152","SBC-VOORSPANNING_ZONDERAANHECHTING_1VOORSPANELEMENT-SO","VOORSPANNING_ZONDERAANHECHTING_1VOORSPANELEMENT","SO"
"http://digitalbuildingdata.tech/nlcs/def/efd7a2e6-824a-46e3-b86d-adbabd865490","TEGEL","SVH","V","1520","V-SVH-TEGEL_400X400_HALFST-SO","TEGEL_400X400_HALFST","SO"
"http://digitalbuildingdata.tech/nlcs/def/27a322c5-3118-439f-9c1d-68f2bdbcd3b5","TEGEL","SVH","V","1521","V-SVH-TEGEL_400X400_HALFST_STIP-SO","TEGEL_400X400_HALFST_STIP","SO"
"http://digitalbuildingdata.tech/nlcs/def/c327d7be-cd87-4bdd-8af8-278d335205ec","TEGEL","SVH","V","1522","V-SVH-TEGEL_400X400_HALFST_STREEP-SO","TEGEL_400X400_HALFST_STREEP","SO"
"http://digitalbuildingdata.tech/nlcs/def/e033dd71-af98-476b-9e4d-ee4e054114cb","TEGEL","SVH","V","1523","V-SVH-TEGEL_400X400_LINT-SO","TEGEL_400X400_LINT","SO"
"http://digitalbuildingdata.tech/nlcs/def/b8ea0be4-4296-4534-bccf-01969d95e69c","TEGEL","SVH","V","1524","V-SVH-TEGEL_400X400_LINT_STIP-SO","TEGEL_400X400_LINT_STIP","SO"
"http://digitalbuildingdata.tech/nlcs/def/1a1b6e70-0076-48e4-a091-e6f50d445c23","TEGEL","SVH","V","1528","V-SVH-TEGEL_500X500_BLOK-SO","TEGEL_500X500_BLOK","SO"
"http://digitalbuildingdata.tech/nlcs/def/45c62965-9c19-4904-b4ed-c830176f5a2c","TEGEL","SVH","V","1529","V-SVH-TEGEL_500X500_HALFST-SO","TEGEL_500X500_HALFST","SO"
"http://digitalbuildingdata.tech/nlcs/def/3bb8123b-f894-49fb-a288-13eed038af53","VOORSPANNING","SBC","","153","SBC-VOORSPANNING_ZONDERAANHECHTING_2VOORSPANELEMENT-SO","VOORSPANNING_ZONDERAANHECHTING_2VOORSPANELEMENT","SO"
"http://digitalbuildingdata.tech/nlcs/def/6ce0a06b-befc-42cb-990d-16f4526e310f","TEGEL","SVH","V","1530","V-SVH-TEGEL_500X500_LINT-SO","TEGEL_500X500_LINT","SO"
"http://digitalbuildingdata.tech/nlcs/def/68c9dd15-c956-4f96-ba45-b932cc6b2c29","TEGEL","SVH","V","1531","V-SVH-TEGEL_600X600_BLOK-SO","TEGEL_600X600_BLOK","SO"
"http://digitalbuildingdata.tech/nlcs/def/c77de231-3df3-4cd5-b024-b6f0748271a1","TEGEL","SVH","V","1532","V-SVH-TEGEL_600X600_HALFST-SO","TEGEL_600X600_HALFST","SO"
"http://digitalbuildingdata.tech/nlcs/def/1ea9f258-1822-4b87-b034-95459b194c52","TEGEL","SVH","V","1533","V-SVH-TEGEL_600X600_HALFST_STIP-SO","TEGEL_600X600_HALFST_STIP","SO"
"http://digitalbuildingdata.tech/nlcs/def/1d18bda7-a8ea-4ee4-b494-6395c12f6f02","TEGEL","SVH","V","1534","V-SVH-TEGEL_600X600_LINT-SO","TEGEL_600X600_LINT","SO"
"http://digitalbuildingdata.tech/nlcs/def/4eb2ad1c-8130-44c8-86f9-5637efc131d5","TEGEL","SVH","V","1535","V-SVH-TEGEL_600X600_LINT_STIP-SO","TEGEL_600X600_LINT_STIP","SO"
"http://digitalbuildingdata.tech/nlcs/def/983095fb-f988-4046-80b8-105bfd15708d","TEGEL","SVH","V","1536","V-SVH-TEGEL_100X300_HALFST-SO","TEGEL_100X300_HALFST","SO"
"http://digitalbuildingdata.tech/nlcs/def/a5553f5f-2638-464f-bcbc-d83a2ea3e12f","TEGEL","SVH","V","1537","V-SVH-TEGEL_100X300_LINT-SO","TEGEL_100X300_LINT","SO"
"http://digitalbuildingdata.tech/nlcs/def/1c8f0176-5065-461b-85fd-9c169500ea17","VOORSPANNING","SBC","","154","SBC-VOORSPANNING_ZONDERAANHECHTING_3VOORSPANELEMENT-SO","VOORSPANNING_ZONDERAANHECHTING_3VOORSPANELEMENT","SO"
"http://digitalbuildingdata.tech/nlcs/def/767b1b5b-6c19-43af-9ce1-abc87dc9cee6","TEGEL","SVH","V","1540","V-SVH-TEGEL_200X300_HALFST-SO","TEGEL_200X300_HALFST","SO"
"http://digitalbuildingdata.tech/nlcs/def/a233b567-3108-4cf3-a149-4f7b9ebfa38c","TEGEL","SVH","V","1541","V-SVH-TEGEL_200X300_LINT-SO","TEGEL_200X300_LINT","SO"
"http://digitalbuildingdata.tech/nlcs/def/be73f7e0-c339-42f9-a203-52d78e501632","TEGEL","SVH","V","1542","V-SVH-TEGEL_200X600_HALFST-SO","TEGEL_200X600_HALFST","SO"
"http://digitalbuildingdata.tech/nlcs/def/42b9260b-848f-4a6e-bdde-98eb542b8603","TEGEL","SVH","V","1543","V-SVH-TEGEL_200X600_LINT-SO","TEGEL_200X600_LINT","SO"
"http://digitalbuildingdata.tech/nlcs/def/d5e9596c-314a-4960-90c3-2e6a38eab929","TEGEL","SVH","V","1546","V-SVH-TEGEL_300X200_HALFST-SO","TEGEL_300X200_HALFST","SO"
"http://digitalbuildingdata.tech/nlcs/def/0d38558d-68f8-4f1d-bc85-4803c0e37db1","TEGEL","SVH","V","1547","V-SVH-TEGEL_300X200_LINT-SO","TEGEL_300X200_LINT","SO"
"http://digitalbuildingdata.tech/nlcs/def/a72775b0-d5bf-44ad-aea4-2e67f46ad376","TEGEL","SVH","V","1548","V-SVH-TEGEL_600X200_HALFST-SO","TEGEL_600X200_HALFST","SO"
"http://digitalbuildingdata.tech/nlcs/def/ae84865a-981b-4f3a-af5f-0c34aa444342","TEGEL","SVH","V","1549","V-SVH-TEGEL_600X200_LINT-SO","TEGEL_600X200_LINT","SO"
"http://digitalbuildingdata.tech/nlcs/def/9824d069-a760-4ffd-817f-bda2990de394","VOORSPANNING","SBC","","155","SBC-VOORSPANNING_ZONDERAANHECHTING_4VOORSPANELEMENT-SO","VOORSPANNING_ZONDERAANHECHTING_4VOORSPANELEMENT","SO"
"http://digitalbuildingdata.tech/nlcs/def/30b657db-dd06-4a3c-874e-8ea2983b43da","TEGEL","SVH","V","1550","V-SVH-TEGEL_VARIABEL_BLOK-SO","TEGEL_VARIABEL_BLOK","SO"
"http://digitalbuildingdata.tech/nlcs/def/5b1e75ff-02a2-48c6-b571-3dd67025775d","TEGEL","SVH","V","1551","V-SVH-TEGEL_VARIABEL_HALFST-SO","TEGEL_VARIABEL_HALFST","SO"
"http://digitalbuildingdata.tech/nlcs/def/92786bb4-5984-46fd-8a06-2b5e57825368","TEGEL","SVH","V","1552","V-SVH-TEGEL_BLOK_STIP_01-SO","TEGEL_BLOK_STIP_01","SO"
"http://digitalbuildingdata.tech/nlcs/def/bf0da8a2-19be-46b1-8474-22c7887bc772","TEGEL","SVH","V","1553","V-SVH-TEGEL_BLOK_STIP_02-SO","TEGEL_BLOK_STIP_02","SO"
"http://digitalbuildingdata.tech/nlcs/def/d804ee1a-fd55-425f-8c40-bd9bac86cfdc","SIERTEGEL","SVH","V","1554","V-SVH-SIERTEGEL-SO","SIERTEGEL","SO"
"http://digitalbuildingdata.tech/nlcs/def/ff42492a-69e7-441e-8612-1d208acbb57b","TEGEL","SVH","V","1555","V-SVH-TEGEL_ZESKANT-SO","TEGEL_ZESKANT","SO"
"http://digitalbuildingdata.tech/nlcs/def/07ffa8e0-fa8f-40ac-90bc-78b8ab81dfb1","BOOMKRANSBAND","SVH","","1556","SVH-BOOMKRANSBAND_1200X1200","BOOMKRANSBAND_1200X1200",""
"http://digitalbuildingdata.tech/nlcs/def/0e9d8019-b09a-4cd9-88e4-1da34b0acab6","VOORSPANNING","SBC","","156","SBC-VOORSPANNING_ZONDERAANHECHTING_5VOORSPANELEMENT-SO","VOORSPANNING_ZONDERAANHECHTING_5VOORSPANELEMENT","SO"
"http://digitalbuildingdata.tech/nlcs/def/345a5b80-0e5a-42a0-b5d7-0497ab6ed1c3","VOORSPANNING","SBC","","157","SBC-VOORSPANNING_ZONDERAANHECHTING_KRUISING-SO","VOORSPANNING_ZONDERAANHECHTING_KRUISING","SO"
"http://digitalbuildingdata.tech/nlcs/def/ec78bbba-b910-4738-ba0d-47f6e14ca5c2","VOORSPANNING","SBC","","158","SBC-VOORSPANNING_ZONDERAANHECHTING_TUSSENSPANPUNT-SO","VOORSPANNING_ZONDERAANHECHTING_TUSSENSPANPUNT","SO"
"http://digitalbuildingdata.tech/nlcs/def/be83a857-ed62-4fe5-8c39-c134ae97fe5b","VOORSPANNING","SBC","","159","SBC-VOORSPANNING_ZONDERAANHECHTING_VERANKERING_BLINDEVERANKERING-SO","VOORSPANNING_ZONDERAANHECHTING_VERANKERING_BLINDEVERANKERING","SO"
"http://digitalbuildingdata.tech/nlcs/def/58497b3b-2f4c-4d81-8609-7855c8a640d5","TEKENBLAD","SAL","","16","SAL-TEKENBLAD_A1_594X2100-SO","TEKENBLAD_A1_594X2100","SO"
"http://digitalbuildingdata.tech/nlcs/def/953ec44e-6b3a-43d4-8fea-2d997c48678e","VOORSPANNING","SBC","","160","SBC-VOORSPANNING_ZONDERAANHECHTING_VERANKERING_KOPAANZICHT-SO","VOORSPANNING_ZONDERAANHECHTING_VERANKERING_KOPAANZICHT","SO"
"http://digitalbuildingdata.tech/nlcs/def/9aeefed6-a696-4793-b5e1-fd3290ae7bd2","VOORSPANNING","SBC","","161","SBC-VOORSPANNING_ZONDERAANHECHTING_VERANKERING_SPANVERANKERINGSCHUIN-SO","VOORSPANNING_ZONDERAANHECHTING_VERANKERING_SPANVERANKERINGSCHUIN","SO"
"http://digitalbuildingdata.tech/nlcs/def/dab84c57-10b1-4f0c-b88b-dc8238acb729","VOORSPANNING","SBC","","162","SBC-VOORSPANNING_ZONDERAANHECHTING_VERANKERING-SO","VOORSPANNING_ZONDERAANHECHTING_VERANKERING","SO"
"http://digitalbuildingdata.tech/nlcs/def/6cb98340-1f2e-4d68-8f55-12a953fa06f5","VOORSPANNING","SBC","","163","SBC-VOORSPANNING_ZONDERAANHECHTING_VOLGORDE-SO","VOORSPANNING_ZONDERAANHECHTING_VOLGORDE","SO"
"http://digitalbuildingdata.tech/nlcs/def/f434c40c-d9ab-4583-8ce0-6f108b944344","VOORSPANNING","SBC","","164","SBC-VOORSPANNING_ZONDERAANHECHTING_WAPSTAAF_VOORSPANELEMENT-SO","VOORSPANNING_ZONDERAANHECHTING_WAPSTAAF_VOORSPANELEMENT","SO"
"http://digitalbuildingdata.tech/nlcs/def/43094938-5ba0-4164-b1df-ebca81df555f","VOORSPANNING","SBC","","165","SBC-VOORSPANNING_ZONDERAANHECHTING_WAPVORM-SO","VOORSPANNING_ZONDERAANHECHTING_WAPVORM","SO"
"http://digitalbuildingdata.tech/nlcs/def/481ec7cf-3bcd-4d54-96d8-4a22fa70e61b","PAAL","SFC","","166","SFC-PAAL_BETON_PREFAB_01-SO","PAAL_BETON_PREFAB_01","SO"
"http://digitalbuildingdata.tech/nlcs/def/d8d623cf-b680-4606-9d5c-44301cd0ca82","PAAL","SFC","","167","SFC-PAAL_BETON_PREFAB_02-SO","PAAL_BETON_PREFAB_02","SO"
"http://digitalbuildingdata.tech/nlcs/def/abbee38d-c1ff-4b9a-9d49-5d6cd781bbd2","PAAL","SFC","","168","SFC-PAAL_BETON_PREFAB_03-SO","PAAL_BETON_PREFAB_03","SO"
"http://digitalbuildingdata.tech/nlcs/def/a8be0896-e5eb-41cd-b9fe-35cd9a1164f7","PAAL","SFC","","169","SFC-PAAL_BETON_PREFAB_04-SO","PAAL_BETON_PREFAB_04","SO"
"http://digitalbuildingdata.tech/nlcs/def/3873d25b-3cc6-4f6f-a248-8dce4820e541","TEKENBLAD","SAL","","17","SAL-TEKENBLAD_A1_841X594-SO","TEKENBLAD_A1_841X594","SO"
"http://digitalbuildingdata.tech/nlcs/def/b3c04ab5-f961-43ef-bcff-f7e122d89e05","PAAL","SFC","","170","SFC-PAAL_BETON_PREFAB_05-SO","PAAL_BETON_PREFAB_05","SO"
"http://digitalbuildingdata.tech/nlcs/def/ed57aeb1-7e62-48cd-b12a-4c3af42af96d","PAAL","SFC","","171","SFC-PAAL_BETON_PREFAB_06-SO","PAAL_BETON_PREFAB_06","SO"
"http://digitalbuildingdata.tech/nlcs/def/54b78323-9d0c-4dc3-a391-2e9c51bdd245","PAAL","SFC","","172","SFC-PAAL_BETON_PREFAB_07-SO","PAAL_BETON_PREFAB_07","SO"
"http://digitalbuildingdata.tech/nlcs/def/a5ed8d0d-e02a-49b9-af7c-1d61d2162c70","PAAL","SFC","","173","SFC-PAAL_BETON_PREFAB_08-SO","PAAL_BETON_PREFAB_08","SO"
"http://digitalbuildingdata.tech/nlcs/def/f434fe43-e0b8-4b95-88f4-a6ebec61ec11","MARKERING","SVW","","1737","SVW-MARKERING_PIJL_RD_7.5","MARKERING_PIJL_RD_7.5",""
"http://digitalbuildingdata.tech/nlcs/def/61e6a512-c96d-4f41-9ce4-ae04b7afbfdc","MARKERING","SVW","","1738","SVW-MARKERING_PIJL_RD_5.0","MARKERING_PIJL_RD_5.0",""
"http://digitalbuildingdata.tech/nlcs/def/215af382-2665-4fa1-ad3f-bfa744dc6f64","MARKERING","SVW","","1739","SVW-MARKERING_PIJL_RD_2.5","MARKERING_PIJL_RD_2.5",""
"http://digitalbuildingdata.tech/nlcs/def/e6f196d0-a9c2-4676-b3f8-5ae55d498545","PAAL","SFC","","174","SFC-PAAL_BETON_PREFAB_09-SO","PAAL_BETON_PREFAB_09","SO"
"http://digitalbuildingdata.tech/nlcs/def/11924f5a-2607-401d-8488-ce6a341e413d","MARKERING","SVW","","1740","SVW-MARKERING_PIJL_RA_7.5","MARKERING_PIJL_RA_7.5",""
"http://digitalbuildingdata.tech/nlcs/def/68b6b610-648a-44fc-94e6-a0f51e5ae8bd","MARKERING","SVW","","1741","SVW-MARKERING_PIJL_RA_5.0","MARKERING_PIJL_RA_5.0",""
"http://digitalbuildingdata.tech/nlcs/def/76d92c9e-ff99-48ae-8e4b-8757a451d226","MARKERING","SVW","","1742","SVW-MARKERING_PIJL_RA_2.5","MARKERING_PIJL_RA_2.5",""
"http://digitalbuildingdata.tech/nlcs/def/906f1d95-faf2-498c-ac69-4cfe5a5548ea","MARKERING","SVW","","1743","SVW-MARKERING_PIJL_LA_7.5","MARKERING_PIJL_LA_7.5",""
"http://digitalbuildingdata.tech/nlcs/def/9ff0cd1e-4c2c-42c5-9c4f-b3342cda8f96","MARKERING","SVW","","1744","SVW-MARKERING_PIJL_LA_5.0","MARKERING_PIJL_LA_5.0",""
"http://digitalbuildingdata.tech/nlcs/def/18c87c22-b626-497c-a8f2-a6f74ac00876","MARKERING","SVW","","1745","SVW-MARKERING_PIJL_LA_2.5","MARKERING_PIJL_LA_2.5",""
"http://digitalbuildingdata.tech/nlcs/def/c0f6e8da-2793-488c-a2c6-9c48d14492c9","MARKERING","SVW","","1746","SVW-MARKERING_PIJL_COMBI_RD_RA_7.5","MARKERING_PIJL_COMBI_RD_RA_7.5",""
"http://digitalbuildingdata.tech/nlcs/def/3c34e221-7b0a-4899-894f-876a4b62d7b2","MARKERING","SVW","","1747","SVW-MARKERING_PIJL_COMBI_RD_RA_5.0","MARKERING_PIJL_COMBI_RD_RA_5.0",""
"http://digitalbuildingdata.tech/nlcs/def/90fde73a-223e-406b-a3c4-02d46ff8c56b","MARKERING","SVW","","1748","SVW-MARKERING_PIJL_COMBI_RD_RA_2.5","MARKERING_PIJL_COMBI_RD_RA_2.5",""
"http://digitalbuildingdata.tech/nlcs/def/ae4ef418-53d4-4615-bd51-7a9d0ea46fad","MARKERING","SVW","","1749","SVW-MARKERING_PIJL_COMBI_RD_LA_7.5","MARKERING_PIJL_COMBI_RD_LA_7.5",""
"http://digitalbuildingdata.tech/nlcs/def/4198487b-a02c-4452-ad8c-659833539783","PAAL","SFC","","175","SFC-PAAL_BETON_PREFAB_10-SO","PAAL_BETON_PREFAB_10","SO"
"http://digitalbuildingdata.tech/nlcs/def/d396ecf3-293a-4380-bb4f-60fea3d05aa7","MARKERING","SVW","","1750","SVW-MARKERING_PIJL_COMBI_RD_LA_5.0","MARKERING_PIJL_COMBI_RD_LA_5.0",""
"http://digitalbuildingdata.tech/nlcs/def/4eb1e25b-085e-4ceb-adf6-59aa527677a5","MARKERING","SVW","","1751","SVW-MARKERING_PIJL_COMBI_RD_LA_2.5","MARKERING_PIJL_COMBI_RD_LA_2.5",""
"http://digitalbuildingdata.tech/nlcs/def/ba80a485-1043-4a80-b7c9-5dfe62bf0a27","MARKERING","SVW","","1752","SVW-MARKERING_PIJL_COMBI_RA_RA_7.5","MARKERING_PIJL_COMBI_RA_RA_7.5",""
"http://digitalbuildingdata.tech/nlcs/def/27e21a32-8a95-4753-90db-024ed1f5caa8","MARKERING","SVW","","1753","SVW-MARKERING_PIJL_COMBI_LA_LA_7.5","MARKERING_PIJL_COMBI_LA_LA_7.5",""
"http://digitalbuildingdata.tech/nlcs/def/e86d8490-29f0-4570-90a3-43ac81246b5d","MARKERING","SVW","","1754","SVW-MARKERING_PIJL_COMBI_RA_HAMERKOP_7.5","MARKERING_PIJL_COMBI_RA_HAMERKOP_7.5",""
"http://digitalbuildingdata.tech/nlcs/def/3f3c9f54-f1cf-4b99-878f-516406cb310e","MARKERING","SVW","","1755","SVW-MARKERING_PIJL_COMBI_RA_HAMERKOP_5.0","MARKERING_PIJL_COMBI_RA_HAMERKOP_5.0",""
"http://digitalbuildingdata.tech/nlcs/def/cb1dcb41-2a58-48cf-9a9c-74d2a6b8338e","MARKERING","SVW","","1756","SVW-MARKERING_PIJL_COMBI_LA_HAMERKOP_7.5","MARKERING_PIJL_COMBI_LA_HAMERKOP_7.5",""
"http://digitalbuildingdata.tech/nlcs/def/ae3441ce-4df1-47ad-9e03-db9fa486fc03","MARKERING","SVW","","1757","SVW-MARKERING_PIJL_COMBI_LA_HAMERKOP_5.0","MARKERING_PIJL_COMBI_LA_HAMERKOP_5.0",""
"http://digitalbuildingdata.tech/nlcs/def/1d64e938-a198-4248-85b1-472cae700173","MARKERING","SVW","","1758","SVW-MARKERING_PIJL_COMBI_RA_BRUG_7.5","MARKERING_PIJL_COMBI_RA_BRUG_7.5",""
"http://digitalbuildingdata.tech/nlcs/def/84149d47-0d35-4150-837d-e41550f48f34","MARKERING","SVW","","1759","SVW-MARKERING_PIJL_COMBI_RA_BRUG_5.0","MARKERING_PIJL_COMBI_RA_BRUG_5.0",""
"http://digitalbuildingdata.tech/nlcs/def/1d375d4a-311c-475b-83a5-a50945e27fa1","PAAL","SFC","","176","SFC-PAAL_HOUT_01-SO","PAAL_HOUT_01","SO"
"http://digitalbuildingdata.tech/nlcs/def/1eb8cdd3-eef6-4942-9969-0f0ff8c0e012","MARKERING","SVW","","1760","SVW-MARKERING_PIJL_COMBI_LA_BRUG_7.5","MARKERING_PIJL_COMBI_LA_BRUG_7.5",""
"http://digitalbuildingdata.tech/nlcs/def/196aefb3-3fa1-4b1b-a30b-494cf391e707","MARKERING","SVW","","1761","SVW-MARKERING_PIJL_COMBI_LA_BRUG_5.0","MARKERING_PIJL_COMBI_LA_BRUG_5.0",""
"http://digitalbuildingdata.tech/nlcs/def/dc1a0f48-50ad-4092-8b4f-5ea021fc0e67","MARKERING","SVW","","1762","SVW-MARKERING_PIJL_COMBI_RA_RA_BRUG_7.5","MARKERING_PIJL_COMBI_RA_RA_BRUG_7.5",""
"http://digitalbuildingdata.tech/nlcs/def/69afa08e-3788-4651-beb8-f5511eb2ab56","MARKERING","SVW","","1763","SVW-MARKERING_PIJL_COMBI_LA_LA_BRUG_7.5","MARKERING_PIJL_COMBI_LA_LA_BRUG_7.5",""
"http://digitalbuildingdata.tech/nlcs/def/14e43ff3-6d3e-4a16-8822-3bbf2e009038","MARKERING","SVW","","1764","SVW-MARKERING_PIJL_COMBI_RA_TUNNEL_7.5","MARKERING_PIJL_COMBI_RA_TUNNEL_7.5",""
"http://digitalbuildingdata.tech/nlcs/def/7cf45c11-33fa-45da-b194-0057455b849c","MARKERING","SVW","","1765","SVW-MARKERING_PIJL_COMBI_RA_TUNNEL_5.0","MARKERING_PIJL_COMBI_RA_TUNNEL_5.0",""
"http://digitalbuildingdata.tech/nlcs/def/ff3a8eac-63d0-4014-b9c1-1302d9281eb8","MARKERING","SVW","","1766","SVW-MARKERING_PIJL_COMBI_LA_TUNNEL_7.5","MARKERING_PIJL_COMBI_LA_TUNNEL_7.5",""
"http://digitalbuildingdata.tech/nlcs/def/c54dd636-8661-4758-ae45-0249e076274c","MARKERING","SVW","","1767","SVW-MARKERING_PIJL_COMBI_LA_TUNNEL_5.0","MARKERING_PIJL_COMBI_LA_TUNNEL_5.0",""
"http://digitalbuildingdata.tech/nlcs/def/7581a1ec-7ebf-428e-9990-2cdd7785a630","MARKERING","SVW","","1768","SVW-MARKERING_PIJL_COMBI_RA_RA_TUNNEL_7.5","MARKERING_PIJL_COMBI_RA_RA_TUNNEL_7.5",""
"http://digitalbuildingdata.tech/nlcs/def/c3640ad2-547f-472b-87ad-a7ccca9f120a","MARKERING","SVW","","1769","SVW-MARKERING_PIJL_COMBI_LA_LA_TUNNEL_7.5","MARKERING_PIJL_COMBI_LA_LA_TUNNEL_7.5",""
"http://digitalbuildingdata.tech/nlcs/def/e830a7a6-cf34-4996-abea-38faacf65e08","PAAL","SFC","","177","SFC-PAAL_HOUT_02-SO","PAAL_HOUT_02","SO"
"http://digitalbuildingdata.tech/nlcs/def/07124ba3-42d9-4e38-a3c6-948ba10fd6ea","MARKERING","SVW","","1770","SVW-MARKERING_PIJL_COMBI_RD_RA_LA_7.5","MARKERING_PIJL_COMBI_RD_RA_LA_7.5",""
"http://digitalbuildingdata.tech/nlcs/def/22de3305-ab96-4e5e-8512-edba55c7a2a0","MARKERING","SVW","","1771","SVW-MARKERING_PIJL_COMBI_RD_RA_LA_5.0","MARKERING_PIJL_COMBI_RD_RA_LA_5.0",""
"http://digitalbuildingdata.tech/nlcs/def/ecb65346-0781-4e37-9a2b-c40c9af9eb7c","MARKERING","SVW","","1772","SVW-MARKERING_PIJL_COMBI_LA_RA_7.5","MARKERING_PIJL_COMBI_LA_RA_7.5",""
"http://digitalbuildingdata.tech/nlcs/def/49022156-a296-4338-bd5f-354fb927243d","MARKERING","SVW","","1773","SVW-MARKERING_PIJL_COMBI_LA_RA_5.0","MARKERING_PIJL_COMBI_LA_RA_5.0",""
"http://digitalbuildingdata.tech/nlcs/def/3549b4ae-ffbe-4faf-9e79-41ef1c1cf994","MARKERING","SVW","","1774","SVW-MARKERING_PIJL_GEBOGEN_7.5","MARKERING_PIJL_GEBOGEN_7.5",""
"http://digitalbuildingdata.tech/nlcs/def/93bb1d53-18ed-4eb0-a53c-e17cd59fdf52","MARKERING","SVW","","1775","SVW-MARKERING_PIJL_GEBOGEN_5.0","MARKERING_PIJL_GEBOGEN_5.0",""
"http://digitalbuildingdata.tech/nlcs/def/7d27a560-806e-469f-8586-9904ae229a50","MARKERING","SVW","","1776","SVW-MARKERING_PIJL_VERDRIJF_LI_7.5","MARKERING_PIJL_VERDRIJF_LI_7.5",""
"http://digitalbuildingdata.tech/nlcs/def/894c359f-5ac8-4cd5-8e0e-3e222c2cb5c4","MARKERING","SVW","","1777","SVW-MARKERING_PIJL_VERDRIJF_LI_5.0","MARKERING_PIJL_VERDRIJF_LI_5.0",""
"http://digitalbuildingdata.tech/nlcs/def/686f4f8e-ca10-4b2f-8894-e683f5aebd85","MARKERING","SVW","","1778","SVW-MARKERING_PIJL_VERDRIJF_RE_7.5","MARKERING_PIJL_VERDRIJF_RE_7.5",""
"http://digitalbuildingdata.tech/nlcs/def/272b97ec-0db1-43c0-97ed-89f795f6d5f5","MARKERING","SVW","","1779","SVW-MARKERING_PIJL_VERDRIJF_RE_5.0","MARKERING_PIJL_VERDRIJF_RE_5.0",""
"http://digitalbuildingdata.tech/nlcs/def/cc5744f8-a111-4e39-bf66-931e308afd2c","PAAL","SFC","","178","SFC-PAAL_HOUT_03-SO","PAAL_HOUT_03","SO"
"http://digitalbuildingdata.tech/nlcs/def/b7c0719b-46e6-4a27-a066-ff016bc522fa","MARKERING","SVW","","1780","SVW-MARKERING_PIJL_BAJONET_7.5","MARKERING_PIJL_BAJONET_7.5",""
"http://digitalbuildingdata.tech/nlcs/def/eb558315-2f13-4d25-b9f7-ccbd21659195","MARKERING","SVW","","1781","SVW-MARKERING_PIJL_BAJONET_5.0","MARKERING_PIJL_BAJONET_5.0",""
"http://digitalbuildingdata.tech/nlcs/def/7613b384-623b-4089-83d2-2b1cbb686dc4","MARKERING","SVW","","1782","SVW-MARKERING_PIJL_VISHAAK_7.5","MARKERING_PIJL_VISHAAK_7.5",""
"http://digitalbuildingdata.tech/nlcs/def/494b941b-7c65-46c3-b8bc-15e1ccff0b2c","MARKERING","SVW","","1783","SVW-MARKERING_PIJL_VISHAAK_5.0","MARKERING_PIJL_VISHAAK_5.0",""
"http://digitalbuildingdata.tech/nlcs/def/f73c8fc1-2944-4ec3-b722-4cf14506141e","MARKERING","SVW","","1784","SVW-MARKERING_PIJL_ANTISPOOK_7.5","MARKERING_PIJL_ANTISPOOK_7.5",""
"http://digitalbuildingdata.tech/nlcs/def/1fb5c893-fe9c-47f3-b7f7-ab446b409515","MARKERING","SVW","","1785","SVW-MARKERING_SYMBOOL_VOORWAARSCHUWINGSDRIEHOEK_8.0","MARKERING_SYMBOOL_VOORWAARSCHUWINGSDRIEHOEK_8.0",""
"http://digitalbuildingdata.tech/nlcs/def/c181665b-cc83-487e-a01c-95990186c3ba","MARKERING","SVW","","1786","SVW-MARKERING_SYMBOOL_VOORWAARSCHUWINGSDRIEHOEK_4.0","MARKERING_SYMBOOL_VOORWAARSCHUWINGSDRIEHOEK_4.0",""
"http://digitalbuildingdata.tech/nlcs/def/7d6ea19d-7e12-4cdf-8008-ced5986827e6","MARKERING","SVW","","1787","SVW-MARKERING_SYMBOOL_VOORWAARSCHUWINGSDRIEHOEK_2.0","MARKERING_SYMBOOL_VOORWAARSCHUWINGSDRIEHOEK_2.0",""
"http://digitalbuildingdata.tech/nlcs/def/8687e97a-d6f0-4668-aec8-6140983f6f07","MARKERING","SVW","","1788","SVW-MARKERING_SYMBOOL_FIETS_2.75","MARKERING_SYMBOOL_FIETS_2.75",""
"http://digitalbuildingdata.tech/nlcs/def/4ac8fefd-e728-4a78-bca5-d002e2f80413","MARKERING","SVW","","1789","SVW-MARKERING_SYMBOOL_FIETS_2.0","MARKERING_SYMBOOL_FIETS_2.0",""
"http://digitalbuildingdata.tech/nlcs/def/686864b5-e6a0-4872-a2cb-efb4cc922687","PAAL","SFC","","179","SFC-PAAL_STAAL_01-SO","PAAL_STAAL_01","SO"
"http://digitalbuildingdata.tech/nlcs/def/2fa81cbb-5bb4-4803-b7ae-02f0a8566cee","MARKERING","SVW","","1790","SVW-MARKERING_SYMBOOL_FIETS_1.35","MARKERING_SYMBOOL_FIETS_1.35",""
"http://digitalbuildingdata.tech/nlcs/def/082bb83d-3bc0-4e31-9d9a-e7b79ce7023c","MARKERING","SVW","","1791","SVW-MARKERING_SYMBOOL_STOP_4.0","MARKERING_SYMBOOL_STOP_4.0",""
"http://digitalbuildingdata.tech/nlcs/def/b4518a4d-5644-46e1-a28c-d07339bd1d26","MARKERING","SVW","","1792","SVW-MARKERING_SYMBOOL_STOP_1.6","MARKERING_SYMBOOL_STOP_1.6",""
"http://digitalbuildingdata.tech/nlcs/def/81d0e52e-4f88-4622-890e-cc26fbe2b6ae","MARKERING","SVW","","1793","SVW-MARKERING_SYMBOOL_LIJNBUS_4.0","MARKERING_SYMBOOL_LIJNBUS_4.0",""
"http://digitalbuildingdata.tech/nlcs/def/685e7979-daac-4fbc-aefd-14353c5061b1","MARKERING","SVW","","1794","SVW-MARKERING_SYMBOOL_LIJNBUS_1.6","MARKERING_SYMBOOL_LIJNBUS_1.6",""
"http://digitalbuildingdata.tech/nlcs/def/2d5d899c-dc42-4077-b266-4ba5d93b5a20","MARKERING","SVW","","1795","SVW-MARKERING_SYMBOOL_BUS_4.0","MARKERING_SYMBOOL_BUS_4.0",""
"http://digitalbuildingdata.tech/nlcs/def/1b28a575-82ce-4c20-ab12-982f188b3310","MARKERING","SVW","","1796","SVW-MARKERING_SYMBOOL_BUS_1.6","MARKERING_SYMBOOL_BUS_1.6",""
"http://digitalbuildingdata.tech/nlcs/def/a04260a4-c568-4e96-9c4f-61bb125951d8","MARKERING","SVW","","1797","SVW-MARKERING_SYMBOOL_TAXI_4.0","MARKERING_SYMBOOL_TAXI_4.0",""
"http://digitalbuildingdata.tech/nlcs/def/4e9e8658-3fa7-4ef6-8e7d-d6e0c2b5a87f","MARKERING","SVW","","1798","SVW-MARKERING_SYMBOOL_TAXI_1.6","MARKERING_SYMBOOL_TAXI_1.6",""
"http://digitalbuildingdata.tech/nlcs/def/a2b24579-3a2b-4f08-a6c8-e9b4bc5b0906","MARKERING","SVW","","1799","SVW-MARKERING_SYMBOOL_50_4.0","MARKERING_SYMBOOL_50_4.0",""
"http://digitalbuildingdata.tech/nlcs/def/94b86b28-303a-4448-a0db-680c1f867f73","TEKENBLAD","SAL","","18","SAL-TEKENBLAD_A1.0-SO","TEKENBLAD_A1.0","SO"
"http://digitalbuildingdata.tech/nlcs/def/8d2ce365-8f0a-4815-ba14-81fc5c1dc2a2","PAAL","SFC","","180","SFC-PAAL_STAAL_02-SO","PAAL_STAAL_02","SO"
"http://digitalbuildingdata.tech/nlcs/def/40d0689f-7c8c-4c53-baf4-4e8cc00c27f9","MARKERING","SVW","","1800","SVW-MARKERING_SYMBOOL_50_1.6","MARKERING_SYMBOOL_50_1.6",""
"http://digitalbuildingdata.tech/nlcs/def/9aebe0ec-3926-43cc-9782-67765bccba43","MARKERING","SVW","","1801","SVW-MARKERING_SYMBOOL_70_4.0","MARKERING_SYMBOOL_70_4.0",""
"http://digitalbuildingdata.tech/nlcs/def/057c4f11-4f69-4ed8-a136-be62209afac0","MARKERING","SVW","","1802","SVW-MARKERING_SYMBOOL_70_1.6","MARKERING_SYMBOOL_70_1.6",""
"http://digitalbuildingdata.tech/nlcs/def/4cfa474e-03fa-4c45-802b-0e4cc9fb66c5","MARKERING","SVW","","1803","SVW-MARKERING_SYMBOOL_ZONE_4.0","MARKERING_SYMBOOL_ZONE_4.0",""
"http://digitalbuildingdata.tech/nlcs/def/67323a19-f221-40c4-9841-131ba8cddda3","MARKERING","SVW","","1804","SVW-MARKERING_SYMBOOL_ZONE_1.6","MARKERING_SYMBOOL_ZONE_1.6",""
"http://digitalbuildingdata.tech/nlcs/def/3057911d-ba4c-4438-96bf-4ba10c2d9250","MARKERING","SVW","","1805","SVW-MARKERING_SYMBOOL_30_1.6","MARKERING_SYMBOOL_30_1.6",""
"http://digitalbuildingdata.tech/nlcs/def/be400551-0de1-4620-b3fa-e1d7a06973ba","MARKERING","SVW","","1806","SVW-MARKERING_SYMBOOL_60_1.6","MARKERING_SYMBOOL_60_1.6",""
"http://digitalbuildingdata.tech/nlcs/def/da2b67da-d901-4ec2-808a-a5799c7f77e0","MARKERING","SVW","","1807","SVW-MARKERING_STREEP_DRIEHOEK_050_050","MARKERING_STREEP_DRIEHOEK_050_050",""
"http://digitalbuildingdata.tech/nlcs/def/f25d5fac-497e-4090-b108-23d32fee2d40","MARKERING","SVW","","1808","SVW-MARKERING_STREEP_DRIEHOEK_050_070","MARKERING_STREEP_DRIEHOEK_050_070",""
"http://digitalbuildingdata.tech/nlcs/def/0f0a3aa3-d917-436d-9f68-85780a783726","MARKERING","SVW","","1809","SVW-MARKERING_STREEP_BLOK_050_050","MARKERING_STREEP_BLOK_050_050",""
"http://digitalbuildingdata.tech/nlcs/def/a340ca66-a838-474e-b7e6-c750d0858be6","PAAL","SFC","","181","SFC-PAAL_STAAL_03-SO","PAAL_STAAL_03","SO"
"http://digitalbuildingdata.tech/nlcs/def/5c2f7da8-c00f-4236-bcfb-a7fce7d8b230","MARKERING","SVW","","1810","SVW-MARKERING_STREEP_BLOK_060_060","MARKERING_STREEP_BLOK_060_060",""
"http://digitalbuildingdata.tech/nlcs/def/6caf86a8-247b-44bc-a90b-aedc1e05787a","MARKERING","SVW","","1811","SVW-MARKERING_STREEP_050050_010","MARKERING_STREEP_050050_010",""
"http://digitalbuildingdata.tech/nlcs/def/80a53905-c67d-4aa2-85a0-b2ad59bdc36e","MARKERING","SVW","","1813","SVW-MARKERING_STREEP_11_010","MARKERING_STREEP_11_010",""
"http://digitalbuildingdata.tech/nlcs/def/7bc170a8-9390-40aa-8d80-84b75c17fb19","MARKERING","SVW","","1814","SVW-MARKERING_STREEP_11_015","MARKERING_STREEP_11_015",""
"http://digitalbuildingdata.tech/nlcs/def/54f44742-44df-4c88-aa3b-807db305141a","MARKERING","SVW","","1815","SVW-MARKERING_STREEP_13_010","MARKERING_STREEP_13_010",""
"http://digitalbuildingdata.tech/nlcs/def/f44c1300-45cb-46d4-8638-fb392a42bf6a","MARKERING","SVW","","1816","SVW-MARKERING_STREEP_13_020","MARKERING_STREEP_13_020",""
"http://digitalbuildingdata.tech/nlcs/def/f2382228-7c27-4f5b-b1a4-4ad8ee9c0869","MARKERING","SVW","","1817","SVW-MARKERING_STREEP_13_030","MARKERING_STREEP_13_030",""
"http://digitalbuildingdata.tech/nlcs/def/e04a7ca0-ab90-44ee-a600-82eceb845ef1","MARKERING","SVW","","1818","SVW-MARKERING_STREEP_13_045","MARKERING_STREEP_13_045",""
"http://digitalbuildingdata.tech/nlcs/def/8cc4ee90-9f09-40d8-b41f-efbde62a70c9","MARKERING","SVW","","1819","SVW-MARKERING_STREEP_270030_010","MARKERING_STREEP_270030_010",""
"http://digitalbuildingdata.tech/nlcs/def/27596e55-acc2-4ff8-8ef1-282b24c138af","KESP","SFC","","182","SFC-KESP_01-SO","KESP_01","SO"
"http://digitalbuildingdata.tech/nlcs/def/f4265696-2786-4e35-9120-edf8e462afb6","MARKERING","SVW","","1820","SVW-MARKERING_STREEP_030270_010","MARKERING_STREEP_030270_010",""
"http://digitalbuildingdata.tech/nlcs/def/1d65b87a-93c0-4ffc-8369-2c6a9d554479","MARKERING","SVW","","1821","SVW-MARKERING_STREEP_31_010","MARKERING_STREEP_31_010",""
"http://digitalbuildingdata.tech/nlcs/def/c1544551-9e0d-478e-8e0e-0174721f9fd1","MARKERING","SVW","","1822","SVW-MARKERING_STREEP_33_015","MARKERING_STREEP_33_015",""
"http://digitalbuildingdata.tech/nlcs/def/82781d0e-3f5f-4f28-8313-2a66dc76df9d","MARKERING","SVW","","1823","SVW-MARKERING_STREEP_39_010","MARKERING_STREEP_39_010",""
"http://digitalbuildingdata.tech/nlcs/def/3b9d0d8d-0a71-4acf-a755-2d41b69ac75e","MARKERING","SVW","","1824","SVW-MARKERING_STREEP_39_015","MARKERING_STREEP_39_015",""
"http://digitalbuildingdata.tech/nlcs/def/bbae6613-d7ab-4057-9193-50bea4ce4dd7","MARKERING","SVW","","1825","SVW-MARKERING_STREEP_39_030","MARKERING_STREEP_39_030",""
"http://digitalbuildingdata.tech/nlcs/def/71c7376c-0929-4596-af9e-c3d46627027a","MARKERING","SVW","","1826","SVW-MARKERING_STREEP_93_010","MARKERING_STREEP_93_010",""
"http://digitalbuildingdata.tech/nlcs/def/bccac8ee-76bc-4aae-8dcb-0fd52d359522","MARKERING","SVW","V","1827","V-SVW-MARKERING_PIJL_RD_7.5","MARKERING_PIJL_RD_7.5",""
"http://digitalbuildingdata.tech/nlcs/def/ad9b265e-09a4-46f1-a997-2c40639f9220","MARKERING","SVW","V","1828","V-SVW-MARKERING_PIJL_RD_5.0","MARKERING_PIJL_RD_5.0",""
"http://digitalbuildingdata.tech/nlcs/def/59bbdc65-5299-4c9a-a1f4-6adaf0407259","MARKERING","SVW","V","1829","V-SVW-MARKERING_PIJL_RD_2.5","MARKERING_PIJL_RD_2.5",""
"http://digitalbuildingdata.tech/nlcs/def/0767b8a8-4b1d-45d2-bea2-7c0a3a381a3d","KESP","SFC","","183","SFC-KESP_02-SO","KESP_02","SO"
"http://digitalbuildingdata.tech/nlcs/def/9dd31d12-0d50-4f10-9022-388089df5dd8","MARKERING","SVW","V","1830","V-SVW-MARKERING_PIJL_RA_7.5","MARKERING_PIJL_RA_7.5",""
"http://digitalbuildingdata.tech/nlcs/def/ef51a33c-9105-4f1b-b07a-a2be91503984","MARKERING","SVW","V","1831","V-SVW-MARKERING_PIJL_RA_5.0","MARKERING_PIJL_RA_5.0",""
"http://digitalbuildingdata.tech/nlcs/def/0583fb87-88ef-444d-b4fc-c72223e1e142","MARKERING","SVW","V","1832","V-SVW-MARKERING_PIJL_RA_2.5","MARKERING_PIJL_RA_2.5",""
"http://digitalbuildingdata.tech/nlcs/def/f5958106-9a27-4ac9-a71a-d56016b05321","MARKERING","SVW","V","1833","V-SVW-MARKERING_PIJL_LA_7.5","MARKERING_PIJL_LA_7.5",""
"http://digitalbuildingdata.tech/nlcs/def/bc3c6c62-6759-4a8d-8e08-6782ce363fa6","MARKERING","SVW","V","1834","V-SVW-MARKERING_PIJL_LA_5.0","MARKERING_PIJL_LA_5.0",""
"http://digitalbuildingdata.tech/nlcs/def/2c2f4129-eae8-447b-9898-93cba8e10361","MARKERING","SVW","V","1835","V-SVW-MARKERING_PIJL_LA_2.5","MARKERING_PIJL_LA_2.5",""
"http://digitalbuildingdata.tech/nlcs/def/a4e3eafe-1fb6-41a8-a0a5-b85ac56139b6","MARKERING","SVW","V","1836","V-SVW-MARKERING_PIJL_COMBI_RD_RA_7.5","MARKERING_PIJL_COMBI_RD_RA_7.5",""
"http://digitalbuildingdata.tech/nlcs/def/338f75ae-e79a-47f4-bea4-d77cc3facc1f","MARKERING","SVW","V","1837","V-SVW-MARKERING_PIJL_COMBI_RD_RA_5.0","MARKERING_PIJL_COMBI_RD_RA_5.0",""
"http://digitalbuildingdata.tech/nlcs/def/a2e0a356-38d7-45cf-aa8d-324deb1cd1d2","MARKERING","SVW","V","1838","V-SVW-MARKERING_PIJL_COMBI_RD_RA_2.5","MARKERING_PIJL_COMBI_RD_RA_2.5",""
"http://digitalbuildingdata.tech/nlcs/def/e6decb9a-c5d5-43e5-ae70-1f3c67b6b0ea","MARKERING","SVW","V","1839","V-SVW-MARKERING_PIJL_COMBI_RD_LA_7.5","MARKERING_PIJL_COMBI_RD_LA_7.5",""
"http://digitalbuildingdata.tech/nlcs/def/e04d8821-d844-472e-8b06-6d8c03e4ac63","KESP","SFC","","184","SFC-KESP_03-SO","KESP_03","SO"
"http://digitalbuildingdata.tech/nlcs/def/7ae30063-14ce-4c3e-8690-5993b164cb8d","MARKERING","SVW","V","1840","V-SVW-MARKERING_PIJL_COMBI_RD_LA_5.0","MARKERING_PIJL_COMBI_RD_LA_5.0",""
"http://digitalbuildingdata.tech/nlcs/def/80009a0c-6103-4019-a6ec-ee858401f3e0","MARKERING","SVW","V","1841","V-SVW-MARKERING_PIJL_COMBI_RD_LA_2.5","MARKERING_PIJL_COMBI_RD_LA_2.5",""
"http://digitalbuildingdata.tech/nlcs/def/94ddc8aa-6d41-44da-8a8c-a374be639593","MARKERING","SVW","V","1842","V-SVW-MARKERING_PIJL_COMBI_RA_RA_7.5","MARKERING_PIJL_COMBI_RA_RA_7.5",""
"http://digitalbuildingdata.tech/nlcs/def/457bf1dd-e070-4fd3-9038-72923d553852","MARKERING","SVW","V","1843","V-SVW-MARKERING_PIJL_COMBI_LA_LA_7.5","MARKERING_PIJL_COMBI_LA_LA_7.5",""
"http://digitalbuildingdata.tech/nlcs/def/8b89ad75-5099-4f08-aa86-5c1ffba5a19e","MARKERING","SVW","V","1844","V-SVW-MARKERING_PIJL_COMBI_RA_HAMERKOP_7.5","MARKERING_PIJL_COMBI_RA_HAMERKOP_7.5",""
"http://digitalbuildingdata.tech/nlcs/def/86e26925-d6d5-43e0-8303-495aecf66269","MARKERING","SVW","V","1845","V-SVW-MARKERING_PIJL_COMBI_RA_HAMERKOP_5.0","MARKERING_PIJL_COMBI_RA_HAMERKOP_5.0",""
"http://digitalbuildingdata.tech/nlcs/def/9ef56723-e1f1-4d9d-9a24-a6882d50c30c","MARKERING","SVW","V","1846","V-SVW-MARKERING_PIJL_COMBI_LA_HAMERKOP_7.5","MARKERING_PIJL_COMBI_LA_HAMERKOP_7.5",""
"http://digitalbuildingdata.tech/nlcs/def/30e27db8-a2ce-4ac5-8d97-6f7278663222","MARKERING","SVW","V","1847","V-SVW-MARKERING_PIJL_COMBI_LA_HAMERKOP_5.0","MARKERING_PIJL_COMBI_LA_HAMERKOP_5.0",""
"http://digitalbuildingdata.tech/nlcs/def/ceed1894-09c3-45f9-9f92-7c3bb826dc8f","MARKERING","SVW","V","1848","V-SVW-MARKERING_PIJL_COMBI_RA_BRUG_7.5","MARKERING_PIJL_COMBI_RA_BRUG_7.5",""
"http://digitalbuildingdata.tech/nlcs/def/4ee0d587-b180-4c2f-b699-642061f39591","MARKERING","SVW","V","1849","V-SVW-MARKERING_PIJL_COMBI_RA_BRUG_5.0","MARKERING_PIJL_COMBI_RA_BRUG_5.0",""
"http://digitalbuildingdata.tech/nlcs/def/c0c2302d-06f0-4a82-81e4-5098a5419f52","KESP","SFC","","185","SFC-KESP_04-SO","KESP_04","SO"
"http://digitalbuildingdata.tech/nlcs/def/6465b6d3-cd5b-485f-9893-b5c2673646ef","MARKERING","SVW","V","1850","V-SVW-MARKERING_PIJL_COMBI_LA_BRUG_7.5","MARKERING_PIJL_COMBI_LA_BRUG_7.5",""
"http://digitalbuildingdata.tech/nlcs/def/4b075114-c556-40fc-81e7-9fa8bbabb808","MARKERING","SVW","V","1851","V-SVW-MARKERING_PIJL_COMBI_LA_BRUG_5.0","MARKERING_PIJL_COMBI_LA_BRUG_5.0",""
"http://digitalbuildingdata.tech/nlcs/def/c09085d3-ae72-46be-a77d-07b7f0a80caf","MARKERING","SVW","V","1852","V-SVW-MARKERING_PIJL_COMBI_RA_RA_BRUG_7.5","MARKERING_PIJL_COMBI_RA_RA_BRUG_7.5",""
"http://digitalbuildingdata.tech/nlcs/def/3ad0a75e-e263-40f1-a7a8-bc82b2ddc990","MARKERING","SVW","V","1853","V-SVW-MARKERING_PIJL_COMBI_LA_LA_BRUG_7.5","MARKERING_PIJL_COMBI_LA_LA_BRUG_7.5",""
"http://digitalbuildingdata.tech/nlcs/def/91e42fa9-0daa-4f50-994d-833c90c7cce7","MARKERING","SVW","V","1854","V-SVW-MARKERING_PIJL_COMBI_RA_TUNNEL_7.5","MARKERING_PIJL_COMBI_RA_TUNNEL_7.5",""
"http://digitalbuildingdata.tech/nlcs/def/e80e6c02-41e4-4654-ad95-2442aa43b075","MARKERING","SVW","V","1855","V-SVW-MARKERING_PIJL_COMBI_RA_TUNNEL_5.0","MARKERING_PIJL_COMBI_RA_TUNNEL_5.0",""
"http://digitalbuildingdata.tech/nlcs/def/f50d1a90-f0b4-44a1-acf7-c07342cb5ad6","MARKERING","SVW","V","1856","V-SVW-MARKERING_PIJL_COMBI_LA_TUNNEL_7.5","MARKERING_PIJL_COMBI_LA_TUNNEL_7.5",""
"http://digitalbuildingdata.tech/nlcs/def/b9092d63-0801-4600-aa11-1e562eb6a7a1","MARKERING","SVW","V","1857","V-SVW-MARKERING_PIJL_COMBI_LA_TUNNEL_5.0","MARKERING_PIJL_COMBI_LA_TUNNEL_5.0",""
"http://digitalbuildingdata.tech/nlcs/def/6d936689-79cb-4536-b408-60a4f478e7f7","MARKERING","SVW","V","1858","V-SVW-MARKERING_PIJL_COMBI_RA_RA_TUNNEL_7.5","MARKERING_PIJL_COMBI_RA_RA_TUNNEL_7.5",""
"http://digitalbuildingdata.tech/nlcs/def/442214c9-498b-4823-8fbf-4b798d207145","MARKERING","SVW","V","1859","V-SVW-MARKERING_PIJL_COMBI_LA_LA_TUNNEL_7.5","MARKERING_PIJL_COMBI_LA_LA_TUNNEL_7.5",""
"http://digitalbuildingdata.tech/nlcs/def/9b947722-6ba3-4523-80f9-593d8a5b2ad4","KESP","SFC","","186","SFC-KESP_05-SO","KESP_05","SO"
"http://digitalbuildingdata.tech/nlcs/def/298d7b05-e2b3-4946-862f-99c94dea9e8e","MARKERING","SVW","V","1860","V-SVW-MARKERING_PIJL_COMBI_RD_RA_LA_7.5","MARKERING_PIJL_COMBI_RD_RA_LA_7.5",""
"http://digitalbuildingdata.tech/nlcs/def/1502e2ab-23ec-4ee5-9a66-b6ccc6de33c1","MARKERING","SVW","V","1861","V-SVW-MARKERING_PIJL_COMBI_RD_RA_LA_5.0","MARKERING_PIJL_COMBI_RD_RA_LA_5.0",""
"http://digitalbuildingdata.tech/nlcs/def/2ebe5514-edf4-467b-85ba-f346e1795957","MARKERING","SVW","V","1862","V-SVW-MARKERING_PIJL_COMBI_LA_RA_7.5","MARKERING_PIJL_COMBI_LA_RA_7.5",""
"http://digitalbuildingdata.tech/nlcs/def/ad59ce26-08cd-417f-8d9c-3986a31356bf","MARKERING","SVW","V","1863","V-SVW-MARKERING_PIJL_COMBI_LA_RA_5.0","MARKERING_PIJL_COMBI_LA_RA_5.0",""
"http://digitalbuildingdata.tech/nlcs/def/6b171ae6-21d5-4c1b-a1c6-62b3661cd0e4","MARKERING","SVW","V","1864","V-SVW-MARKERING_PIJL_GEBOGEN_7.5","MARKERING_PIJL_GEBOGEN_7.5",""
"http://digitalbuildingdata.tech/nlcs/def/c1d9df20-ed65-47a0-8c8c-68b94d7427b1","MARKERING","SVW","V","1865","V-SVW-MARKERING_PIJL_GEBOGEN_5.0","MARKERING_PIJL_GEBOGEN_5.0",""
"http://digitalbuildingdata.tech/nlcs/def/1d896562-e2e6-40c4-85a2-4732bd0b3601","MARKERING","SVW","V","1866","V-SVW-MARKERING_PIJL_VERDRIJF_LI_7.5","MARKERING_PIJL_VERDRIJF_LI_7.5",""
"http://digitalbuildingdata.tech/nlcs/def/f0ee638b-5b20-4af0-ba5f-a7da30d9d3b7","MARKERING","SVW","V","1867","V-SVW-MARKERING_PIJL_VERDRIJF_LI_5.0","MARKERING_PIJL_VERDRIJF_LI_5.0",""
"http://digitalbuildingdata.tech/nlcs/def/7c2d5847-f6ce-4efa-925e-d46f168212d7","MARKERING","SVW","V","1868","V-SVW-MARKERING_PIJL_VERDRIJF_RE_7.5","MARKERING_PIJL_VERDRIJF_RE_7.5",""
"http://digitalbuildingdata.tech/nlcs/def/5ac535e7-6566-419e-8cd2-110791bd82f3","MARKERING","SVW","V","1869","V-SVW-MARKERING_PIJL_VERDRIJF_RE_5.0","MARKERING_PIJL_VERDRIJF_RE_5.0",""
"http://digitalbuildingdata.tech/nlcs/def/3c1d57e9-0fe8-453c-a895-0e6ec65d9a6d","KESP","SFC","","187","SFC-KESP_06-SO","KESP_06","SO"
"http://digitalbuildingdata.tech/nlcs/def/438d8027-36fd-4410-bf03-1121a1beed2f","MARKERING","SVW","V","1870","V-SVW-MARKERING_PIJL_BAJONET_7.5","MARKERING_PIJL_BAJONET_7.5",""
"http://digitalbuildingdata.tech/nlcs/def/11e71a3f-cf09-451e-935b-0efd6c1be21f","MARKERING","SVW","V","1871","V-SVW-MARKERING_PIJL_BAJONET_5.0","MARKERING_PIJL_BAJONET_5.0",""
"http://digitalbuildingdata.tech/nlcs/def/0a146301-a560-464d-a841-db6b672656df","MARKERING","SVW","V","1872","V-SVW-MARKERING_PIJL_VISHAAK_7.5","MARKERING_PIJL_VISHAAK_7.5",""
"http://digitalbuildingdata.tech/nlcs/def/ba071763-ef14-4435-a2bb-f2567d063ed6","MARKERING","SVW","V","1873","V-SVW-MARKERING_PIJL_VISHAAK_5.0","MARKERING_PIJL_VISHAAK_5.0",""
"http://digitalbuildingdata.tech/nlcs/def/fc15847a-c5c1-40ec-8fd4-b0e3189f61a6","MARKERING","SVW","V","1874","V-SVW-MARKERING_PIJL_ANTISPOOK_7.5","MARKERING_PIJL_ANTISPOOK_7.5",""
"http://digitalbuildingdata.tech/nlcs/def/931017de-153e-4a62-af18-f6578ed43d87","MARKERING","SVW","V","1875","V-SVW-MARKERING_SYMBOOL_VOORWAARSCHUWINGSDRIEHOEK_8.0","MARKERING_SYMBOOL_VOORWAARSCHUWINGSDRIEHOEK_8.0",""
"http://digitalbuildingdata.tech/nlcs/def/c13eb1de-5463-4416-bb26-d9ea1076a188","MARKERING","SVW","V","1876","V-SVW-MARKERING_SYMBOOL_VOORWAARSCHUWINGSDRIEHOEK_4.0","MARKERING_SYMBOOL_VOORWAARSCHUWINGSDRIEHOEK_4.0",""
"http://digitalbuildingdata.tech/nlcs/def/fa3e1906-443e-42c3-b146-9db18ce68600","MARKERING","SVW","V","1877","V-SVW-MARKERING_SYMBOOL_VOORWAARSCHUWINGSDRIEHOEK_2.0","MARKERING_SYMBOOL_VOORWAARSCHUWINGSDRIEHOEK_2.0",""
"http://digitalbuildingdata.tech/nlcs/def/3a3bfff6-f18a-40bd-b789-e2de6bb58546","MARKERING","SVW","V","1878","V-SVW-MARKERING_SYMBOOL_FIETS_2.75","MARKERING_SYMBOOL_FIETS_2.75",""
"http://digitalbuildingdata.tech/nlcs/def/d53130ce-651d-4959-a2bc-a3c5e34885bf","MARKERING","SVW","V","1879","V-SVW-MARKERING_SYMBOOL_FIETS_2.0","MARKERING_SYMBOOL_FIETS_2.0",""
"http://digitalbuildingdata.tech/nlcs/def/a062e68c-1087-46da-95d1-ba268136361b","KESP","SFC","","188","SFC-KESP_07-SO","KESP_07","SO"
"http://digitalbuildingdata.tech/nlcs/def/68c732ec-16f9-44c9-8dee-d64aad1859cb","MARKERING","SVW","V","1880","V-SVW-MARKERING_SYMBOOL_FIETS_1.35","MARKERING_SYMBOOL_FIETS_1.35",""
"http://digitalbuildingdata.tech/nlcs/def/45c2dfa2-2d4c-4802-836b-bd16aac0d758","MARKERING","SVW","V","1881","V-SVW-MARKERING_SYMBOOL_STOP_4.0","MARKERING_SYMBOOL_STOP_4.0",""
"http://digitalbuildingdata.tech/nlcs/def/58180f7e-ebd6-4738-b2ad-bd2c85806f84","MARKERING","SVW","V","1882","V-SVW-MARKERING_SYMBOOL_STOP_1.6","MARKERING_SYMBOOL_STOP_1.6",""
"http://digitalbuildingdata.tech/nlcs/def/18bcdccc-49de-49b3-8efd-3930cbcacecd","MARKERING","SVW","V","1883","V-SVW-MARKERING_SYMBOOL_LIJNBUS_4.0","MARKERING_SYMBOOL_LIJNBUS_4.0",""
"http://digitalbuildingdata.tech/nlcs/def/d52a1df3-44c8-42a0-98b1-700ef0a9ac79","MARKERING","SVW","V","1884","V-SVW-MARKERING_SYMBOOL_LIJNBUS_1.6","MARKERING_SYMBOOL_LIJNBUS_1.6",""
"http://digitalbuildingdata.tech/nlcs/def/85aac093-891a-4969-a622-b2fbf38492ce","MARKERING","SVW","V","1885","V-SVW-MARKERING_SYMBOOL_BUS_4.0","MARKERING_SYMBOOL_BUS_4.0",""
"http://digitalbuildingdata.tech/nlcs/def/04ff06d6-c312-4baf-8e5d-dd82478297e6","MARKERING","SVW","V","1886","V-SVW-MARKERING_SYMBOOL_BUS_1.6","MARKERING_SYMBOOL_BUS_1.6",""
"http://digitalbuildingdata.tech/nlcs/def/62b17d29-69c4-471a-aec3-def7e04c7951","MARKERING","SVW","V","1887","V-SVW-MARKERING_SYMBOOL_TAXI_4.0","MARKERING_SYMBOOL_TAXI_4.0",""
"http://digitalbuildingdata.tech/nlcs/def/77012178-9679-4e48-9003-9677ad7dce3a","MARKERING","SVW","V","1888","V-SVW-MARKERING_SYMBOOL_TAXI_1.6","MARKERING_SYMBOOL_TAXI_1.6",""
"http://digitalbuildingdata.tech/nlcs/def/ce1d6e0c-b8d4-43b4-b654-344a68a93107","MARKERING","SVW","V","1889","V-SVW-MARKERING_SYMBOOL_50_4.0","MARKERING_SYMBOOL_50_4.0",""
"http://digitalbuildingdata.tech/nlcs/def/d4c7c370-8736-48c4-a8b0-1307e95a8940","KESP","SFC","","189","SFC-KESP_08-SO","KESP_08","SO"
"http://digitalbuildingdata.tech/nlcs/def/6e368176-9833-4482-8beb-9154d27b4e8e","MARKERING","SVW","V","1890","V-SVW-MARKERING_SYMBOOL_50_1.6","MARKERING_SYMBOOL_50_1.6",""
"http://digitalbuildingdata.tech/nlcs/def/fbe6c601-dd41-4ab4-8714-33c2d5cb2b11","MARKERING","SVW","V","1891","V-SVW-MARKERING_SYMBOOL_70_4.0","MARKERING_SYMBOOL_70_4.0",""
"http://digitalbuildingdata.tech/nlcs/def/0efe9641-3d21-492e-8ec9-51936a32dc23","MARKERING","SVW","V","1892","V-SVW-MARKERING_SYMBOOL_70_1.6","MARKERING_SYMBOOL_70_1.6",""
"http://digitalbuildingdata.tech/nlcs/def/ba8b04a8-1f61-4ef1-a979-36de0d00742e","MARKERING","SVW","V","1893","V-SVW-MARKERING_SYMBOOL_ZONE_4.0","MARKERING_SYMBOOL_ZONE_4.0",""
"http://digitalbuildingdata.tech/nlcs/def/ede77633-9793-45a1-8494-025ed04c5283","MARKERING","SVW","V","1894","V-SVW-MARKERING_SYMBOOL_ZONE_1.6","MARKERING_SYMBOOL_ZONE_1.6",""
"http://digitalbuildingdata.tech/nlcs/def/21284fa4-73d4-4622-87ce-5ff7613dbd07","MARKERING","SVW","V","1895","V-SVW-MARKERING_SYMBOOL_30_1.6","MARKERING_SYMBOOL_30_1.6",""
"http://digitalbuildingdata.tech/nlcs/def/b3ce23f2-0b39-4f79-bab0-a35369c256d0","MARKERING","SVW","V","1896","V-SVW-MARKERING_SYMBOOL_60_1.6","MARKERING_SYMBOOL_60_1.6",""
"http://digitalbuildingdata.tech/nlcs/def/aa7d3a0a-88ed-4a0f-9b01-e7d9e12d7864","MARKERING","SVW","V","1897","V-SVW-MARKERING_STREEP_DRIEHOEK_030_030","MARKERING_STREEP_DRIEHOEK_030_030",""
"http://digitalbuildingdata.tech/nlcs/def/1da7cd2d-1099-4c2f-8997-eb236e74efcc","MARKERING","SVW","V","1898","V-SVW-MARKERING_STREEP_DRIEHOEK_050_050","MARKERING_STREEP_DRIEHOEK_050_050",""
"http://digitalbuildingdata.tech/nlcs/def/28feeaca-72da-428b-9857-125239f02c99","MARKERING","SVW","V","1899","V-SVW-MARKERING_STREEP_DRIEHOEK_050_070","MARKERING_STREEP_DRIEHOEK_050_070",""
"http://digitalbuildingdata.tech/nlcs/def/34381889-6897-4b11-abdc-3af6f6d25a66","TEKENBLAD","SAL","","19","SAL-TEKENBLAD_A2-SO","TEKENBLAD_A2","SO"
"http://digitalbuildingdata.tech/nlcs/def/b4c0d5a1-caad-4daa-950b-7bbe21124479","KESP","SFC","","190","SFC-KESP_09-SO","KESP_09","SO"
"http://digitalbuildingdata.tech/nlcs/def/7887b9f7-e6d7-49ee-a48d-478445b84f78","MARKERING","SVW","V","1900","V-SVW-MARKERING_STREEP_BLOK_050_050","MARKERING_STREEP_BLOK_050_050",""
"http://digitalbuildingdata.tech/nlcs/def/51b93ca5-3229-41ea-9c3b-ce61631a1d0f","MARKERING","SVW","V","1901","V-SVW-MARKERING_STREEP_BLOK_060_060","MARKERING_STREEP_BLOK_060_060",""
"http://digitalbuildingdata.tech/nlcs/def/ebfd048b-dc8d-4408-82b0-d8bc38b93fb3","MARKERING","SVW","V","1902","V-SVW-MARKERING_STREEP_050050_010","MARKERING_STREEP_050050_010",""
"http://digitalbuildingdata.tech/nlcs/def/6ccac727-9d04-4bf6-8ff2-f28d7f7e099c","MARKERING","SVW","V","1904","V-SVW-MARKERING_STREEP_11_010","MARKERING_STREEP_11_010",""
"http://digitalbuildingdata.tech/nlcs/def/4de26001-58cb-4108-a019-5b8dd7fd7f68","MARKERING","SVW","V","1905","V-SVW-MARKERING_STREEP_11_015","MARKERING_STREEP_11_015",""
"http://digitalbuildingdata.tech/nlcs/def/cbf44711-a421-4a11-ac98-ee96abce19e8","MARKERING","SVW","V","1906","V-SVW-MARKERING_STREEP_13_010","MARKERING_STREEP_13_010",""
"http://digitalbuildingdata.tech/nlcs/def/2caff303-f5cc-4bd3-85a5-2342c7818121","MARKERING","SVW","V","1907","V-SVW-MARKERING_STREEP_13_020","MARKERING_STREEP_13_020",""
"http://digitalbuildingdata.tech/nlcs/def/4ea0c7a7-2dc9-4f14-b50c-8c4615511c6c","MARKERING","SVW","V","1908","V-SVW-MARKERING_STREEP_13_030","MARKERING_STREEP_13_030",""
"http://digitalbuildingdata.tech/nlcs/def/bb158509-2966-45f5-b304-8d0ff990adc4","MARKERING","SVW","V","1909","V-SVW-MARKERING_STREEP_13_045","MARKERING_STREEP_13_045",""
"http://digitalbuildingdata.tech/nlcs/def/02769f7b-e1bc-4be6-a955-12230be3cfbc","KESP","SFC","","191","SFC-KESP_10-SO","KESP_10","SO"
"http://digitalbuildingdata.tech/nlcs/def/0cb9a8d4-6788-4b83-a35c-acf92d886cb1","MARKERING","SVW","V","1910","V-SVW-MARKERING_STREEP_270030_010","MARKERING_STREEP_270030_010",""
"http://digitalbuildingdata.tech/nlcs/def/de649dae-e46b-4862-8756-aa4b5f1b9fec","MARKERING","SVW","V","1911","V-SVW-MARKERING_STREEP_030270_010","MARKERING_STREEP_030270_010",""
"http://digitalbuildingdata.tech/nlcs/def/f4a9b3f6-4765-46a0-967b-47ea89eb95a7","MARKERING","SVW","V","1912","V-SVW-MARKERING_STREEP_31_010","MARKERING_STREEP_31_010",""
"http://digitalbuildingdata.tech/nlcs/def/45c67490-15d1-4b08-a201-dac4a624de87","MARKERING","SVW","V","1913","V-SVW-MARKERING_STREEP_33_015","MARKERING_STREEP_33_015",""
"http://digitalbuildingdata.tech/nlcs/def/261512d6-ad97-4310-895c-09a5bf611f30","MARKERING","SVW","V","1914","V-SVW-MARKERING_STREEP_39_010","MARKERING_STREEP_39_010",""
"http://digitalbuildingdata.tech/nlcs/def/23c9a10a-eef3-402e-a173-5ad158656ccf","MARKERING","SVW","V","1915","V-SVW-MARKERING_STREEP_39_015","MARKERING_STREEP_39_015",""
"http://digitalbuildingdata.tech/nlcs/def/2a1d02b1-e09d-4631-9726-dbdede2dd329","MARKERING","SVW","V","1916","V-SVW-MARKERING_STREEP_39_030","MARKERING_STREEP_39_030",""
"http://digitalbuildingdata.tech/nlcs/def/f26cf6ce-251b-42f7-b2db-998d9ee614fa","MARKERING","SVW","V","1917","V-SVW-MARKERING_STREEP_93_010","MARKERING_STREEP_93_010",""
"http://digitalbuildingdata.tech/nlcs/def/3f652622-4a46-46a2-952f-6a46502cfd64","MARKERING","SVW","V","1918","V-SVW-MARKERING_STREEP_93_030","MARKERING_STREEP_93_030",""
"http://digitalbuildingdata.tech/nlcs/def/78eb79aa-69b2-45e4-9bdd-0a67a09ce9dd","PAAL","SFC","V","192","V-SFC-PAAL_BETON_PREFAB_01-SO","PAAL_BETON_PREFAB_01","SO"
"http://digitalbuildingdata.tech/nlcs/def/861ff8ae-02c5-4cdc-b7e9-379d36435ecc","PAAL","SFC","V","193","V-SFC-PAAL_BETON_PREFAB_02-SO","PAAL_BETON_PREFAB_02","SO"
"http://digitalbuildingdata.tech/nlcs/def/90ab676b-0b38-41e6-aa6d-a5f1fd2cc642","PAAL","SFC","V","194","V-SFC-PAAL_HOUT_01-SO","PAAL_HOUT_01","SO"
"http://digitalbuildingdata.tech/nlcs/def/3b0f4f56-0211-4b88-bafc-3819fa051c2f","PAAL","SFC","V","195","V-SFC-PAAL_STAAL_01-SO","PAAL_STAAL_01","SO"
"http://digitalbuildingdata.tech/nlcs/def/d2e26a67-326a-4b64-8180-deffd224fe9b","TEKENBLAD","SAL","","2","SAL-TEKENBLAD_A0_841X1050-SO","TEKENBLAD_A0_841X1050","SO"
"http://digitalbuildingdata.tech/nlcs/def/4bec6dda-c7c5-4641-8f2c-7863a335ff27","TEKENBLAD","SAL","","20","SAL-TEKENBLAD_A2_420X1050-SO","TEKENBLAD_A2_420X1050","SO"
"http://digitalbuildingdata.tech/nlcs/def/f7a85c16-e69a-455b-8b9e-c9820f02246c","VERWIJZING","SAL","","2010","SAL-VERWIJZING_ONDERSCHRIFT_DETAIL-SO","VERWIJZING_ONDERSCHRIFT_DETAIL","SO"
"http://digitalbuildingdata.tech/nlcs/def/d674724c-eb67-4979-9ab1-8a9d0abf20fd","VERWIJZING","SAL","","2011","SAL-VERWIJZING_ONDERSCHRIFT_DOORSNEDE-SO","VERWIJZING_ONDERSCHRIFT_DOORSNEDE","SO"
"http://digitalbuildingdata.tech/nlcs/def/d4d577e3-2a2c-42b1-a041-5117b1c0b651","VERWIJZING","SAL","","2012","SAL-VERWIJZING_ONDERSCHRIFT_SITUATIE-SO","VERWIJZING_ONDERSCHRIFT_SITUATIE","SO"
"http://digitalbuildingdata.tech/nlcs/def/4880a755-e635-4e1d-81fc-ba9e32fb28a1","SCHAALBALK","SAL","","2013","SAL-SCHAALBALK_MM10000","SCHAALBALK_MM10000",""
"http://digitalbuildingdata.tech/nlcs/def/7f38355d-26e6-4b14-ba74-a8fbb769c869","SCHAALBALK","SAL","","2014","SAL-SCHAALBALK_MM15000","SCHAALBALK_MM15000",""
"http://digitalbuildingdata.tech/nlcs/def/1c4a0c24-0a97-46bc-ad06-1bdd0dd50ea1","SCHAALBALK","SAL","","2015","SAL-SCHAALBALK_MM2500","SCHAALBALK_MM2500",""
"http://digitalbuildingdata.tech/nlcs/def/9659883a-1bff-401d-94b6-b846c757c783","SCHAALBALK","SAL","","2016","SAL-SCHAALBALK_MM5000","SCHAALBALK_MM5000",""
"http://digitalbuildingdata.tech/nlcs/def/39db515c-52e0-495a-918a-aed09f9e8720","DATA","SKL","","2017","SKL-DATA_SIGNAALGEVER_DETECTIELUS_SLIJPEN-SO","DATA_SIGNAALGEVER_DETECTIELUS_SLIJPEN","SO"
"http://digitalbuildingdata.tech/nlcs/def/34732e39-84f1-437f-a956-3900ab276515","DATA","SKL","","2018","SKL-DATA_GLASVEZEL_KAST_ABONNEEBOX-SO","DATA_GLASVEZEL_KAST_ABONNEEBOX","SO"
"http://digitalbuildingdata.tech/nlcs/def/971b79d0-ad16-411c-b19f-7c960fa5541f","DATA","SKL","","2019","SKL-DATA_GLASVEZEL_KAST_CVR RUIMTE-SO","DATA_GLASVEZEL_KAST_CVR RUIMTE","SO"
"http://digitalbuildingdata.tech/nlcs/def/2cd1e598-e15c-4f1a-961a-d0b5da42113d","DATA","SKL","","2020","SKL-DATA_GLASVEZEL_KAST_EINDPUNTKAST-SO","DATA_GLASVEZEL_KAST_EINDPUNTKAST","SO"
"http://digitalbuildingdata.tech/nlcs/def/3dfc05de-8af9-439d-8aa8-53a3ea45d9df","DATA","SKL","","2021","SKL-DATA_GLASVEZEL_KABELPUT_RECHTHOEKIG-SO","DATA_GLASVEZEL_KABELPUT_RECHTHOEKIG","SO"
"http://digitalbuildingdata.tech/nlcs/def/a939c3fa-8039-480e-b049-fe9c812ccd62","DATA","SKL","","2022","SKL-DATA_GLASVEZEL_KABELPUT_ROND-SO","DATA_GLASVEZEL_KABELPUT_ROND","SO"
"http://digitalbuildingdata.tech/nlcs/def/43ee0569-9755-4934-b25e-3bdd4bf148e3","DATA","SKL","","2023","SKL-DATA_GLASVEZEL_HULP_LASBOX-SO","DATA_GLASVEZEL_HULP_LASBOX","SO"
"http://digitalbuildingdata.tech/nlcs/def/5f86ea8f-934d-4967-9591-e1d26ea3c791","DATA","SKL","","2024","SKL-DATA_GLASVEZEL_HULP_MOF-SO","DATA_GLASVEZEL_HULP_MOF","SO"
"http://digitalbuildingdata.tech/nlcs/def/22e91c11-a1fe-4554-9465-cc628fd1fa80","DATA","SKL","","2025","SKL-DATA_GLASVEZEL_KAST_STERPUNTKAST-SO","DATA_GLASVEZEL_KAST_STERPUNTKAST","SO"
"http://digitalbuildingdata.tech/nlcs/def/40b62804-0480-49ea-a3e3-3e98b7bc41df","DATA","SKL","","2026","SKL-DATA_SIGNAALGEVER_DETECTIELUS-SO","DATA_SIGNAALGEVER_DETECTIELUS","SO"
"http://digitalbuildingdata.tech/nlcs/def/0450877e-0968-4640-b0b4-69bf61410a5e","DATA","SKL","","2027","SKL-DATA_SIGNAALGEVER_DRIP-SO","DATA_SIGNAALGEVER_DRIP","SO"
"http://digitalbuildingdata.tech/nlcs/def/fb814aa5-cfd3-4f28-84ed-1f9015deaa4a","DATA","SKL","","2028","SKL-DATA_SIGNAALGEVER_DYNAMISCH-SO","DATA_SIGNAALGEVER_DYNAMISCH","SO"
"http://digitalbuildingdata.tech/nlcs/def/6fb6aaee-bc08-4803-a122-f6b23ae431a0","DATA","SKL","","2029","SKL-DATA_SIGNAALGEVER_RADARDETECTIE-SO","DATA_SIGNAALGEVER_RADARDETECTIE","SO"
"http://digitalbuildingdata.tech/nlcs/def/e2b846e5-56fc-4de4-984e-5fead9503327","DATA","SKL","","2030","SKL-DATA_SIGNAALGEVER_STATISCH-SO","DATA_SIGNAALGEVER_STATISCH","SO"
"http://digitalbuildingdata.tech/nlcs/def/8c9dc772-7dcf-4b44-a64c-c13f9f5ce5a9","ET","SKL","","2031","SKL-ET_HULP_LAS_COMMUNICATIEKABEL-SO","ET_HULP_LAS_COMMUNICATIEKABEL","SO"
"http://digitalbuildingdata.tech/nlcs/def/bd726477-38d9-4f4d-8729-64c534323833","ET","SKL","","2032","SKL-ET_HULP_LAS_SIGNAALGEVERKABEL-SO","ET_HULP_LAS_SIGNAALGEVERKABEL","SO"
"http://digitalbuildingdata.tech/nlcs/def/8d008858-c195-40ba-886d-7018e4afb384","ET","SKL","","2033","SKL-ET_HULP_MOF_AFDEKMOF-SO","ET_HULP_MOF_AFDEKMOF","SO"
"http://digitalbuildingdata.tech/nlcs/def/b3e5483f-9dd1-436b-8f3d-75624bba4830","ET","SKL","","2034","SKL-ET_HULP_MOF_AFTAKMOF-SO","ET_HULP_MOF_AFTAKMOF","SO"
"http://digitalbuildingdata.tech/nlcs/def/652db2d0-9c58-4ba1-a0a9-045cbeac8527","ET","SKL","","2035","SKL-ET_HULP_MOF_EINDMOF-SO","ET_HULP_MOF_EINDMOF","SO"
"http://digitalbuildingdata.tech/nlcs/def/e1fb2fed-30c7-4ab2-97ca-a1a5ce11743a","ET","SKL","","2036","SKL-ET_HULP_MOF_VERBINDINGSMOF-SO","ET_HULP_MOF_VERBINDINGSMOF","SO"
"http://digitalbuildingdata.tech/nlcs/def/5b417d23-3bfc-4af5-802b-0dc56758bd26","ET","SKL","","2037","SKL-ET_HULP_MOF_VERBINDING_AFTAKMOF-SO","ET_HULP_MOF_VERBINDING_AFTAKMOF","SO"
"http://digitalbuildingdata.tech/nlcs/def/5d6a0e3b-9399-4207-908c-735ba4a8cd3b","ET","SKL","","2038","SKL-ET_HULP_MOF_VERBINDING_HDPE-SO","ET_HULP_MOF_VERBINDING_HDPE","SO"
"http://digitalbuildingdata.tech/nlcs/def/565c8800-1fb8-47d0-981c-2e3e02d61d04","ET","SKL","","2039","SKL-ET_HULP_MOF_VERGROTELUSKOPPELMOF-SO","ET_HULP_MOF_VERGROTELUSKOPPELMOF","SO"
"http://digitalbuildingdata.tech/nlcs/def/0dd6176e-12f0-4f08-a679-3961b2e24784","ARMATUUR","SOV","","2040","SOV-ARMATUUR_COMPACT_FLUOR_1x24W-SO","ARMATUUR_COMPACT_FLUOR_1x24W","SO"
"http://digitalbuildingdata.tech/nlcs/def/0a371453-37b1-4056-9e2e-13594326ca56","ARMATUUR","SOV","","2041","SOV-ARMATUUR_COMPACT_FLUOR_1x36W-SO","ARMATUUR_COMPACT_FLUOR_1x36W","SO"
"http://digitalbuildingdata.tech/nlcs/def/4f0416e3-f357-40e6-801c-57e9d33c10c3","ARMATUUR","SOV","","2042","SOV-ARMATUUR_HD_NATRIUM_1x100W-SO","ARMATUUR_HD_NATRIUM_1x100W","SO"
"http://digitalbuildingdata.tech/nlcs/def/c1f49e35-718c-496b-a4cc-b854aebf3f23","ARMATUUR","SOV","","2043","SOV-ARMATUUR_HD_NATRIUM_1x150W-SO","ARMATUUR_HD_NATRIUM_1x150W","SO"
"http://digitalbuildingdata.tech/nlcs/def/ab531ef2-44d5-4285-9ffb-52807e30ad4b","ARMATUUR","SOV","","2044","SOV-ARMATUUR_HD_NATRIUM_1x250W-SO","ARMATUUR_HD_NATRIUM_1x250W","SO"
"http://digitalbuildingdata.tech/nlcs/def/ae77be0b-e61f-4f45-8776-9c0b666f75b5","ARMATUUR","SOV","","2045","SOV-ARMATUUR_HD_NATRIUM_1x400W-SO","ARMATUUR_HD_NATRIUM_1x400W","SO"
"http://digitalbuildingdata.tech/nlcs/def/5f56ff21-7584-477d-85b4-fee0de16d9c2","ARMATUUR","SOV","","2046","SOV-ARMATUUR_HD_NATRIUM_1x50W-SO","ARMATUUR_HD_NATRIUM_1x50W","SO"
"http://digitalbuildingdata.tech/nlcs/def/c9e3afcb-8a90-496a-a43c-78f8a4ede821","ARMATUUR","SOV","","2047","SOV-ARMATUUR_HD_NATRIUM_1x70W-SO","ARMATUUR_HD_NATRIUM_1x70W","SO"
"http://digitalbuildingdata.tech/nlcs/def/57132c05-cd77-4ca0-a906-c66d75e3973d","ARMATUUR","SOV","","2048","SOV-ARMATUUR_HD_NATRIUM_2x400W-SO","ARMATUUR_HD_NATRIUM_2x400W","SO"
"http://digitalbuildingdata.tech/nlcs/def/287cd878-8c01-4a3f-9812-2dc74f762dc4","ARMATUUR","SOV","","2049","SOV-ARMATUUR_HD_NATRIUM_2x100W-SO","ARMATUUR_HD_NATRIUM_2x100W","SO"
"http://digitalbuildingdata.tech/nlcs/def/2fb38bc4-d48f-417e-ac07-fb9b85bde16b","ARMATUUR","SOV","","2050","SOV-ARMATUUR_HD_NATRIUM_2x150W-SO","ARMATUUR_HD_NATRIUM_2x150W","SO"
"http://digitalbuildingdata.tech/nlcs/def/7299b1d5-da28-4b61-8297-08332a015f90","ARMATUUR","SOV","","2051","SOV-ARMATUUR_HD_NATRIUM_2x250W-SO","ARMATUUR_HD_NATRIUM_2x250W","SO"
"http://digitalbuildingdata.tech/nlcs/def/881ef1d6-5c76-48de-b9fc-dd106a5ea642","ARMATUUR","SOV","","2052","SOV-ARMATUUR_HD_NATRIUM_4x100W-SO","ARMATUUR_HD_NATRIUM_4x100W","SO"
"http://digitalbuildingdata.tech/nlcs/def/1001c1c5-0455-4519-8f6f-9645c1456e94","ARMATUUR","SOV","","2053","SOV-ARMATUUR_HD_NATRIUM_1x70W_SPECIAAL-SO","ARMATUUR_HD_NATRIUM_1x70W_SPECIAAL","SO"
"http://digitalbuildingdata.tech/nlcs/def/531e07d1-f0da-40cc-a1e0-53bed7a4bd90","ARMATUUR","SOV","","2054","SOV-ARMATUUR_LD_NATRIUM_1x131W-SO","ARMATUUR_LD_NATRIUM_1x131W","SO"
"http://digitalbuildingdata.tech/nlcs/def/1cc1388b-96da-4691-87ee-56a4064edc8b","ARMATUUR","SOV","","2055","SOV-ARMATUUR_LD_NATRIUM_1x135W-SO","ARMATUUR_LD_NATRIUM_1x135W","SO"
"http://digitalbuildingdata.tech/nlcs/def/8d104e67-5d5a-4c52-9f20-200ebf72d26e","ARMATUUR","SOV","","2056","SOV-ARMATUUR_LD_NATRIUM_1x135W_TUNNEL-SO","ARMATUUR_LD_NATRIUM_1x135W_TUNNEL","SO"
"http://digitalbuildingdata.tech/nlcs/def/beaedb81-dffb-451b-b3b6-779700d707da","ARMATUUR","SOV","","2057","SOV-ARMATUUR_LD_NATRIUM_1x180W-SO","ARMATUUR_LD_NATRIUM_1x180W","SO"
"http://digitalbuildingdata.tech/nlcs/def/d2ef56a4-7d73-4c24-8c9e-af1dfc69e193","ARMATUUR","SOV","","2058","SOV-ARMATUUR_LD_NATRIUM_1x180W_TUNNEL-SO","ARMATUUR_LD_NATRIUM_1x180W_TUNNEL","SO"
"http://digitalbuildingdata.tech/nlcs/def/c3ea0a48-48cc-4769-8cd4-bfce8c69202a","ARMATUUR","SOV","","2059","SOV-ARMATUUR_LD_NATRIUM_1x35W-SO","ARMATUUR_LD_NATRIUM_1x35W","SO"
"http://digitalbuildingdata.tech/nlcs/def/c3b70741-19c9-4ac4-877d-9264a624c065","DAMWAND","SGC","","206","SGC-DAMWAND_STAAL_ARCELOR_AS500_11.0-MM","DAMWAND_STAAL_ARCELOR_AS500_11.0","MM"
"http://digitalbuildingdata.tech/nlcs/def/bfa46d4c-20d9-44de-8558-63c12429ba45","ARMATUUR","SOV","","2060","SOV-ARMATUUR_LD_NATRIUM_1x35W_TUNNEL-SO","ARMATUUR_LD_NATRIUM_1x35W_TUNNEL","SO"
"http://digitalbuildingdata.tech/nlcs/def/efbeddd1-2e02-43b9-8835-ae045b17fa1f","ARMATUUR","SOV","","2061","SOV-ARMATUUR_LD_NATRIUM_1x55W-SO","ARMATUUR_LD_NATRIUM_1x55W","SO"
"http://digitalbuildingdata.tech/nlcs/def/2a72bb03-2e7c-4b09-ac47-4a91862a8d11","ARMATUUR","SOV","","2062","SOV-ARMATUUR_LD_NATRIUM_1x55W_TUNNEL-SO","ARMATUUR_LD_NATRIUM_1x55W_TUNNEL","SO"
"http://digitalbuildingdata.tech/nlcs/def/f4a4a70f-014f-41be-812e-0d02995f002c","ARMATUUR","SOV","","2063","SOV-ARMATUUR_LD_NATRIUM_1x90W-SO","ARMATUUR_LD_NATRIUM_1x90W","SO"
"http://digitalbuildingdata.tech/nlcs/def/14e534b9-7643-40b4-92b6-588ac590854a","ARMATUUR","SOV","","2064","SOV-ARMATUUR_LD_NATRIUM_1x90W_TUNNEL-SO","ARMATUUR_LD_NATRIUM_1x90W_TUNNEL","SO"
"http://digitalbuildingdata.tech/nlcs/def/c48b9354-0f78-4995-91fa-83a6cdfa85c2","ARMATUUR","SOV","","2065","SOV-ARMATUUR_LD_NATRIUM_1x91W-SO","ARMATUUR_LD_NATRIUM_1x91W","SO"
"http://digitalbuildingdata.tech/nlcs/def/c4fdca36-e384-40b3-8153-f5c955941aa2","ARMATUUR","SOV","","2066","SOV-ARMATUUR_LD_NATRIUM_1xE18W-SO","ARMATUUR_LD_NATRIUM_1xE18W","SO"
"http://digitalbuildingdata.tech/nlcs/def/6b1b56e5-dd3a-4053-9c13-d37576d8bdea","ARMATUUR","SOV","","2067","SOV-ARMATUUR_LD_NATRIUM_1xE26W-SO","ARMATUUR_LD_NATRIUM_1xE26W","SO"
"http://digitalbuildingdata.tech/nlcs/def/3f23d55f-d2d6-4fa5-91b7-2061d38955a7","ARMATUUR","SOV","","2068","SOV-ARMATUUR_LD_NATRIUM_1xE36W-SO","ARMATUUR_LD_NATRIUM_1xE36W","SO"
"http://digitalbuildingdata.tech/nlcs/def/48074810-661b-419b-813f-f01134357ab6","ARMATUUR","SOV","","2069","SOV-ARMATUUR_LD_NATRIUM_1xE66W-SO","ARMATUUR_LD_NATRIUM_1xE66W","SO"
"http://digitalbuildingdata.tech/nlcs/def/c622ec52-3a51-473f-9230-9588f5083c2c","DAMWAND","SGC","","207","SGC-DAMWAND_STAAL_ARCELOR_AS500_12.0-MM","DAMWAND_STAAL_ARCELOR_AS500_12.0","MM"
"http://digitalbuildingdata.tech/nlcs/def/37c7588a-e346-4c52-b0d8-481cf079db40","ARMATUUR","SOV","","2070","SOV-ARMATUUR_LD_NATRIUM_TL_DUBBEL-SO","ARMATUUR_LD_NATRIUM_TL_DUBBEL","SO"
"http://digitalbuildingdata.tech/nlcs/def/e1d4ee3f-a936-48db-a34b-7f7fbb5e8996","ARMATUUR","SOV","","2071","SOV-ARMATUUR_LD_NATRIUM_TL_ENKEL-SO","ARMATUUR_LD_NATRIUM_TL_ENKEL","SO"
"http://digitalbuildingdata.tech/nlcs/def/c8d36825-1423-476d-ba55-7e7ac11197fa","ARMATUUR","SOV","","2072","SOV-ARMATUUR_SPECIAAL_1x70W-SO","ARMATUUR_SPECIAAL_1x70W","SO"
"http://digitalbuildingdata.tech/nlcs/def/04f64fea-dc35-4dc9-827e-4ae8e30c66aa","ARMATUUR","SOV","","2073","SOV-ARMATUUR_TL_1x58W_TUNNEL-SO","ARMATUUR_TL_1x58W_TUNNEL","SO"
"http://digitalbuildingdata.tech/nlcs/def/b21baac1-349e-4c14-a92a-7c8b99af2d9f","KAST","SOV","","2074","SOV-KAST-SO","KAST","SO"
"http://digitalbuildingdata.tech/nlcs/def/1acfdcc0-7ec3-4095-883c-3353c740e951","KAST","SOV","","2075","SOV-KAST_DOORVERBINDINGSKAST-SO","KAST_DOORVERBINDINGSKAST","SO"
"http://digitalbuildingdata.tech/nlcs/def/6f07cc4d-d1cf-43ef-b776-1a9d48320d84","KAST","SOV","","2076","SOV-KAST_HOOGSPANNING-SO","KAST_HOOGSPANNING","SO"
"http://digitalbuildingdata.tech/nlcs/def/46adf6fb-9b9e-4931-9946-0fc26c76edf6","KAST","SOV","","2077","SOV-KAST_ONTSTEEKPUNT-SO","KAST_ONTSTEEKPUNT","SO"
"http://digitalbuildingdata.tech/nlcs/def/56dbde20-a787-4ea8-83c3-6e8527907951","KAST","SOV","","2078","SOV-KAST_SEKTIEKAST-SO","KAST_SEKTIEKAST","SO"
"http://digitalbuildingdata.tech/nlcs/def/6b616694-f3c6-4417-b65f-9da36d00189e","KAST","SOV","","2079","SOV-KAST_TRANSFORMATORKAST-SO","KAST_TRANSFORMATORKAST","SO"
"http://digitalbuildingdata.tech/nlcs/def/5ff6bf1d-dcaf-4e6e-934e-6b8008bcfc03","DAMWAND","SGC","","208","SGC-DAMWAND_STAAL_ARCELOR_AS500_12.5-MM","DAMWAND_STAAL_ARCELOR_AS500_12.5","MM"
"http://digitalbuildingdata.tech/nlcs/def/873e0b84-dbb5-4585-a79b-d925ea6f50a2","KAST","SOV","","2080","SOV-KAST_VOEDINGSPUNT-SO","KAST_VOEDINGSPUNT","SO"
"http://digitalbuildingdata.tech/nlcs/def/25be32c8-dbf3-42ac-98ae-01027513a2b1","LICHTMAST","SOV","","2081","SOV-LICHTMAST_ALUMINIUM-SO","LICHTMAST_ALUMINIUM","SO"
"http://digitalbuildingdata.tech/nlcs/def/7e4826e9-c792-4c43-a42d-f76ed36f3aa5","LICHTMAST","SOV","","2082","SOV-LICHTMAST_ALUMINIUM_OP VOETPLAAT-SO","LICHTMAST_ALUMINIUM_OP VOETPLAAT","SO"
"http://digitalbuildingdata.tech/nlcs/def/f9347f4f-468b-4583-973f-40f7f05b0733","LICHTMAST","SOV","","2083","SOV-LICHTMAST_LIJNVERLICHTING_EINDMAST OP VOETPLAAT-SO","LICHTMAST_LIJNVERLICHTING_EINDMAST OP VOETPLAAT","SO"
"http://digitalbuildingdata.tech/nlcs/def/23d7b002-2c71-4ab2-9d81-cb83ada5f16b","LICHTMAST","SOV","","2084","SOV-LICHTMAST_LIJNVERLICHTING_EINDMAST-SO","LICHTMAST_LIJNVERLICHTING_EINDMAST","SO"
"http://digitalbuildingdata.tech/nlcs/def/7687e259-aba4-42c4-9e8b-b76ddce34025","LICHTMAST","SOV","","2085","SOV-LICHTMAST_LIJNVERLICHTING_TUSSENAFSPANMAST OP VOETPLAAT-SO","LICHTMAST_LIJNVERLICHTING_TUSSENAFSPANMAST OP VOETPLAAT","SO"
"http://digitalbuildingdata.tech/nlcs/def/3f98dd92-5335-4c27-af9b-924e1a8ac44f","LICHTMAST","SOV","","2086","SOV-LICHTMAST_LIJNVERLICHTING_TUSSENAFSPANMAST-SO","LICHTMAST_LIJNVERLICHTING_TUSSENAFSPANMAST","SO"
"http://digitalbuildingdata.tech/nlcs/def/420820c2-7257-473b-93ba-a4182cbfe72b","LICHTMAST","SOV","","2087","SOV-LICHTMAST_LIJNVERLICHTING_TUSSENMAST OP VOETPLAAT-SO","LICHTMAST_LIJNVERLICHTING_TUSSENMAST OP VOETPLAAT","SO"
"http://digitalbuildingdata.tech/nlcs/def/4ceabe8d-e6ea-4c46-ae6a-27c4f88df1e7","LICHTMAST","SOV","","2088","SOV-LICHTMAST_LIJNVERLICHTING_TUSSENMAST-SO","LICHTMAST_LIJNVERLICHTING_TUSSENMAST","SO"
"http://digitalbuildingdata.tech/nlcs/def/76b5a889-3f19-4844-8474-d4ff9ea8bc95","LICHTMAST","SOV","","2089","SOV-LICHTMAST_STAAL-SO","LICHTMAST_STAAL","SO"
"http://digitalbuildingdata.tech/nlcs/def/7b00034d-c08f-4cb2-8f41-4833489c14ee","DAMWAND","SGC","","209","SGC-DAMWAND_STAAL_ARCELOR_AS500_12.7-MM","DAMWAND_STAAL_ARCELOR_AS500_12.7","MM"
"http://digitalbuildingdata.tech/nlcs/def/c7f4949b-9468-46b0-9aa8-40f158a0706b","LICHTMAST","SOV","","2090","SOV-LICHTMAST_STAAL_MET BETONFUNDERING-SO","LICHTMAST_STAAL_MET BETONFUNDERING","SO"
"http://digitalbuildingdata.tech/nlcs/def/9da94ac9-a756-4320-b8a9-0d3ac4dac078","LICHTMAST","SOV","","2091","SOV-LICHTMAST_STAAL_OP BETONPLAAT-SO","LICHTMAST_STAAL_OP BETONPLAAT","SO"
"http://digitalbuildingdata.tech/nlcs/def/8281fedb-4707-4318-8f5d-c41bd5ef5297","LICHTMAST","SOV","","2092","SOV-LICHTMAST_STAAL_OP VOETPLAAT-SO","LICHTMAST_STAAL_OP VOETPLAAT","SO"
"http://digitalbuildingdata.tech/nlcs/def/5563a792-b8d8-4515-9a40-600de160f06a","ARMATUUR","SOV","","2093","SOV-ARMATUUR_SCHIJNWERPER_HD_NATRIUM_1x150W-SO","ARMATUUR_SCHIJNWERPER_HD_NATRIUM_1x150W","SO"
"http://digitalbuildingdata.tech/nlcs/def/f8ca39bd-c813-427c-a147-0964f8a9189e","ARMATUUR","SOV","","2094","SOV-ARMATUUR_SCHIJNWERPER_HD_NATRIUM_1x250W-SO","ARMATUUR_SCHIJNWERPER_HD_NATRIUM_1x250W","SO"
"http://digitalbuildingdata.tech/nlcs/def/a2e3dbae-b223-4b75-9de1-7e1ec7f950df","ARMATUUR","SOV","","2095","SOV-ARMATUUR_SCHIJNWERPER_HD_NATRIUM_1x400W-SO","ARMATUUR_SCHIJNWERPER_HD_NATRIUM_1x400W","SO"
"http://digitalbuildingdata.tech/nlcs/def/e8c6f71b-ac54-4feb-965a-78d5e8381ba0","ARMATUUR","SOV","","2096","SOV-ARMATUUR_SCHIJNWERPER_HD_NATRIUM_2x400W-SO","ARMATUUR_SCHIJNWERPER_HD_NATRIUM_2x400W","SO"
"http://digitalbuildingdata.tech/nlcs/def/0c1a7b86-30b1-4198-9ea9-28f4eaca6f48","GMS","SKL","","2097","SKL-GMS_DOORVERBINDINGKAST-SO","GMS_DOORVERBINDINGKAST","SO"
"http://digitalbuildingdata.tech/nlcs/def/b05f9037-41d3-4130-b736-95c66dc7d7b7","GMS","SKL","","2098","SKL-GMS_GELEIDBAARHEIDSSENSOR-SO","GMS_GELEIDBAARHEIDSSENSOR","SO"
"http://digitalbuildingdata.tech/nlcs/def/e5e0cacf-9741-4c48-ab9f-fb73de636694","GMS","SKL","","2099","SKL-GMS_INSTALLATIES_WEERHUT-SO","GMS_INSTALLATIES_WEERHUT","SO"
"http://digitalbuildingdata.tech/nlcs/def/12ec4a45-40cf-46f5-9796-57a9a0b03783","TEKENBLAD","SAL","","21","SAL-TEKENBLAD_A2_420X1260-SO","TEKENBLAD_A2_420X1260","SO"
"http://digitalbuildingdata.tech/nlcs/def/3c73e713-60d0-4e5b-9cf9-6d4d3b5b1756","DAMWAND","SGC","","210","SGC-DAMWAND_STAAL_ARCELOR_AS500_9.5-MM","DAMWAND_STAAL_ARCELOR_AS500_9.5","MM"
"http://digitalbuildingdata.tech/nlcs/def/f237803a-7bb4-4f33-b508-5f3965fe0950","GMS","SKL","","2100","SKL-GMS_MEETSTATION-SO","GMS_MEETSTATION","SO"
"http://digitalbuildingdata.tech/nlcs/def/66321dcd-c589-46df-b110-320e1c113590","GMS","SKL","","2101","SKL-GMS_TEMPERATUURSENSOR-SO","GMS_TEMPERATUURSENSOR","SO"
"http://digitalbuildingdata.tech/nlcs/def/beb6fd99-9403-4819-8657-3f31f92955fc","MONITORING","SKL","","2103","SKL-MONITORING_CAMERA_SNELHEIDHANDHAVING-SO","MONITORING_CAMERA_SNELHEIDHANDHAVING","SO"
"http://digitalbuildingdata.tech/nlcs/def/7d0124c4-b6a1-4526-a2dc-261527309f6f","MONITORING","SKL","","2104","SKL-MONITORING_CAMERA_TILT_PAN-SO","MONITORING_CAMERA_TILT_PAN","SO"
"http://digitalbuildingdata.tech/nlcs/def/b0afb28c-6d36-47a0-8ac4-0847d33e8995","MONITORING","SKL","","2105","SKL-MONITORING_CAMERA_VIDEO-SO","MONITORING_CAMERA_VIDEO","SO"
"http://digitalbuildingdata.tech/nlcs/def/a569fef5-ee8d-4ff5-99f9-c29c8e79fe1e","MONITORING","SKL","","2106","SKL-MONITORING_IN UIT_SYSTEEM-SO","MONITORING_IN UIT_SYSTEEM","SO"
"http://digitalbuildingdata.tech/nlcs/def/6c7f5700-adf9-40c5-ac8a-80f622f721db","MONITORING","SKL","","2107","SKL-MONITORING_MEETPUNT_AARDING-SO","MONITORING_MEETPUNT_AARDING","SO"
"http://digitalbuildingdata.tech/nlcs/def/a999feae-aed4-44ac-85e2-f3cb21d61f67","BODEM","SMO","","2109","SMO-BODEM_PEILBUIS_MINIFILTER-SO","BODEM_PEILBUIS_MINIFILTER","SO"
"http://digitalbuildingdata.tech/nlcs/def/bf45724d-9865-4f22-ad01-5e9f5289982e","DAMWAND","SGC","","211","SGC-DAMWAND_STAAL_ARCELOR_AU14_750-MM","DAMWAND_STAAL_ARCELOR_AU14_750","MM"
"http://digitalbuildingdata.tech/nlcs/def/d5a612f3-349b-4412-b083-fce9516c937d","BODEM","SMO","","2110","SMO-BODEM_PEILBUIS_MIDIFILTER-SO","BODEM_PEILBUIS_MIDIFILTER","SO"
"http://digitalbuildingdata.tech/nlcs/def/4c52d046-ec53-4918-ac74-55093e1a59b6","BODEM","SMO","","2111","SMO-BODEM_STEEK_BAGGERLAAG-SO","BODEM_STEEK_BAGGERLAAG","SO"
"http://digitalbuildingdata.tech/nlcs/def/91a1c1b5-900b-4ce1-b52d-e6f95ad1fced","BODEM","SMO","","2112","SMO-BODEM_STEEK_VASTEBODEM-SO","BODEM_STEEK_VASTEBODEM","SO"
"http://digitalbuildingdata.tech/nlcs/def/34325561-5e32-469e-9674-75e47513d1a1","BODEM","SMO","","2113","SMO-BODEM_STEEK_WATERBODEM-SO","BODEM_STEEK_WATERBODEM","SO"
"http://digitalbuildingdata.tech/nlcs/def/0d66ef66-6bbf-48fd-bbce-34be0379faab","KOLK","SRI","B","2114","B-SRI-KOLK_COMBINATIE-SO","KOLK_COMBINATIE","SO"
"http://digitalbuildingdata.tech/nlcs/def/937e12a0-3961-4a5d-87ea-67cdd933d79f","KOLK","SRI","B","2115","B-SRI-KOLK_IFILTR-SO","KOLK_IFILTR","SO"
"http://digitalbuildingdata.tech/nlcs/def/1ff69cf0-abe2-4f44-8832-7d6bf13153df","KOLK","SRI","B","2116","B-SRI-KOLK_RWS-SO","KOLK_RWS","SO"
"http://digitalbuildingdata.tech/nlcs/def/46efb7e1-bf43-4033-ad80-e730a01ed2d5","KOLK","SRI","B","2117","B-SRI-KOLK_TROTTOIR-SO","KOLK_TROTTOIR","SO"
"http://digitalbuildingdata.tech/nlcs/def/a2c76549-1239-4f56-8061-cc69fd279d46","PUT","SRI","B","2118","B-SRI-PUT_GWA-SO","PUT_GWA","SO"
"http://digitalbuildingdata.tech/nlcs/def/1af90b58-22a6-4b27-b9c3-9b7821adb976","PUT","SRI","B","2119","B-SRI-PUT_GWA_KUNSTSTOF-SO","PUT_GWA_KUNSTSTOF","SO"
"http://digitalbuildingdata.tech/nlcs/def/f7f937fe-84ff-4aec-bd27-7b4866cfadc0","DAMWAND","SGC","","212","SGC-DAMWAND_STAAL_ARCELOR_AU16_750-MM","DAMWAND_STAAL_ARCELOR_AU16_750","MM"
"http://digitalbuildingdata.tech/nlcs/def/612a5187-a9d8-41af-b091-c914023708a9","PUT","SRI","B","2120","B-SRI-PUT_HWA_KUNSTSTOF-SO","PUT_HWA_KUNSTSTOF","SO"
"http://digitalbuildingdata.tech/nlcs/def/3ee68d66-a5c1-4b3a-a3f0-a6e4ac9a6942","PUT","SRI","B","2121","B-SRI-PUT_ITR-SO","PUT_ITR","SO"
"http://digitalbuildingdata.tech/nlcs/def/d9d4b2d2-42c3-4f23-bd37-ca2d7ca11b94","PUT","SRI","B","2122","B-SRI-PUT_ITR_KUNSTSTOF-SO","PUT_ITR_KUNSTSTOF","SO"
"http://digitalbuildingdata.tech/nlcs/def/ea9c6156-b8e9-4083-997a-ce7805118561","PUT","SRI","B","2123","B-SRI-PUT_KOPPELPUT-SO","PUT_KOPPELPUT","SO"
"http://digitalbuildingdata.tech/nlcs/def/2154595f-1e25-498b-b159-cd242874dcc4","PUT","SRI","B","2124","B-SRI-PUT_OVERSTORT-SO","PUT_OVERSTORT","SO"
"http://digitalbuildingdata.tech/nlcs/def/4cfdda7d-5815-43cc-a753-44f3c319aa0b","PUT","SRI","B","2125","B-SRI-PUT_POMPPUT-SO","PUT_POMPPUT","SO"
"http://digitalbuildingdata.tech/nlcs/def/142ec8c9-1850-4989-8807-abe8003a0a70","PUT","SRI","B","2126","B-SRI-PUT_SWA-SO","PUT_SWA","SO"
"http://digitalbuildingdata.tech/nlcs/def/aefb2d81-8fe2-4df3-94b6-192bd6fe2e7d","PUT","SRI","B","2127","B-SRI-PUT_SWA_KUNSTSTOF-SO","PUT_SWA_KUNSTSTOF","SO"
"http://digitalbuildingdata.tech/nlcs/def/22675c97-834c-45f1-b85b-a0c3bdfefcea","PUT","SRI","B","2128","B-SRI-PUT_VWA-SO","PUT_VWA","SO"
"http://digitalbuildingdata.tech/nlcs/def/12568b6f-63f4-42b3-81c5-a7458e6dd1e3","PUT","SRI","B","2129","B-SRI-PUT_VWA_KUNSTSTOF-SO","PUT_VWA_KUNSTSTOF","SO"
"http://digitalbuildingdata.tech/nlcs/def/77b0405e-5b29-44d7-86df-c266a0282ff3","DAMWAND","SGC","","213","SGC-DAMWAND_STAAL_ARCELOR_AU17_750-MM","DAMWAND_STAAL_ARCELOR_AU17_750","MM"
"http://digitalbuildingdata.tech/nlcs/def/cce89f95-5597-4274-aa19-f8ba57a545fa","KOLK","SRI","","2130","SRI-KOLK_COMBINATIE-SO","KOLK_COMBINATIE","SO"
"http://digitalbuildingdata.tech/nlcs/def/0d73619b-0444-4e95-826b-096f5036c719","KOLK","SRI","","2131","SRI-KOLK_IFILTR-SO","KOLK_IFILTR","SO"
"http://digitalbuildingdata.tech/nlcs/def/083e4f2d-e24f-4395-af65-fed188391ba0","KOLK","SRI","","2132","SRI-KOLK_RWS-SO","KOLK_RWS","SO"
"http://digitalbuildingdata.tech/nlcs/def/09d27372-96f8-46b5-9e9b-f84dff6787e6","KOLK","SRI","","2133","SRI-KOLK_TROTTOIR-SO","KOLK_TROTTOIR","SO"
"http://digitalbuildingdata.tech/nlcs/def/54ac8c5e-5aa5-44df-b654-14db03a145e2","PUT","SRI","","2134","SRI-PUT_GWA-SO","PUT_GWA","SO"
"http://digitalbuildingdata.tech/nlcs/def/48f23232-e690-4d63-a743-cedb2e53ef90","PUT","SRI","","2135","SRI-PUT_GWA_KUNSTSTOF-SO","PUT_GWA_KUNSTSTOF","SO"
"http://digitalbuildingdata.tech/nlcs/def/bc1db199-bd2d-45a4-a206-c33711cda793","PUT","SRI","","2136","SRI-PUT_HWA_KUNSTSTOF-SO","PUT_HWA_KUNSTSTOF","SO"
"http://digitalbuildingdata.tech/nlcs/def/3eae3b97-2039-46d8-bd1c-593773364d31","PUT","SRI","","2137","SRI-PUT_ITR-SO","PUT_ITR","SO"
"http://digitalbuildingdata.tech/nlcs/def/a2c3811a-9595-4654-87d9-39facdc0587c","PUT","SRI","","2138","SRI-PUT_ITR_KUNSTSTOF-SO","PUT_ITR_KUNSTSTOF","SO"
"http://digitalbuildingdata.tech/nlcs/def/e737ffc8-acaa-48b5-aba0-8f028b8e4483","DAMWAND","SGC","","214","SGC-DAMWAND_STAAL_ARCELOR_AU18_750-MM","DAMWAND_STAAL_ARCELOR_AU18_750","MM"
"http://digitalbuildingdata.tech/nlcs/def/b73847c6-4271-45fe-9b0f-0a221a337b65","PUT","SRI","","2140","SRI-PUT_OVERSTORT-SO","PUT_OVERSTORT","SO"
"http://digitalbuildingdata.tech/nlcs/def/5bc0d425-50ec-4792-bd7e-699fda3ba86f","PUT","SRI","","2141","SRI-PUT_POMPPUT-SO","PUT_POMPPUT","SO"
"http://digitalbuildingdata.tech/nlcs/def/bd7f4f3b-e956-4793-927a-44772fb7d062","PUT","SRI","","2142","SRI-PUT_SWA-SO","PUT_SWA","SO"
"http://digitalbuildingdata.tech/nlcs/def/ffa59586-f0e4-46d2-95bc-0d700216125a","PUT","SRI","","2143","SRI-PUT_SWA_KUNSTSTOF-SO","PUT_SWA_KUNSTSTOF","SO"
"http://digitalbuildingdata.tech/nlcs/def/10a0eae2-334f-426a-b9cf-b86225085135","PUT","SRI","","2144","SRI-PUT_VWA-SO","PUT_VWA","SO"
"http://digitalbuildingdata.tech/nlcs/def/1e914be7-b677-4640-9b4e-218696b4b029","PUT","SRI","","2145","SRI-PUT_VWA_KUNSTSTOF-SO","PUT_VWA_KUNSTSTOF","SO"
"http://digitalbuildingdata.tech/nlcs/def/46c19622-8c6d-4952-9173-975ad9dac59f","MATERIAAL","SRI","","2146","SRI-MATERIAAL-SO","MATERIAAL","SO"
"http://digitalbuildingdata.tech/nlcs/def/5d7eecc3-ebe3-4501-9501-72119499c78d","TANK","SRI","","2147","SRI-TANK-SO","TANK","SO"
"http://digitalbuildingdata.tech/nlcs/def/abac9941-4296-40b9-ac28-4548ec584d1c","TERREINKAST","SRI","","2148","SRI-TERREINKAST-SO","TERREINKAST","SO"
"http://digitalbuildingdata.tech/nlcs/def/895537f9-e3c7-4a1f-87c3-1d940e5c6215","DAMWAND","SGC","","215","SGC-DAMWAND_STAAL_ARCELOR_AU20_750-MM","DAMWAND_STAAL_ARCELOR_AU20_750","MM"
"http://digitalbuildingdata.tech/nlcs/def/bcc32d28-5d21-4053-a8b6-0055bc482308","PUT","SRI","V","2150","V-SRI-PUT_GWA_KUNSTSTOF-SO","PUT_GWA_KUNSTSTOF","SO"
"http://digitalbuildingdata.tech/nlcs/def/39346b31-07b4-4555-a812-12cf37659a5b","PUT","SRI","V","2151","V-SRI-PUT_HWA_KUNSTSTOF-SO","PUT_HWA_KUNSTSTOF","SO"
"http://digitalbuildingdata.tech/nlcs/def/9fb6648d-b743-4fa3-a9c5-7166a1ccd8cd","PUT","SRI","","2152","SRI-PUT_HWA_LAMELLENFILTER-SO","PUT_HWA_LAMELLENFILTER","SO"
"http://digitalbuildingdata.tech/nlcs/def/36bdff5e-4a09-47a0-b19c-5c766711c45f","PUT","SRI","V","2153","V-SRI-PUT_ITR_KUNSTSTOF-SO","PUT_ITR_KUNSTSTOF","SO"
"http://digitalbuildingdata.tech/nlcs/def/6b9cc725-b6be-47ed-a0f4-1722070e7040","PUT","SRI","V","2155","V-SRI-PUT_KRUISPUT-SO","PUT_KRUISPUT","SO"
"http://digitalbuildingdata.tech/nlcs/def/19d27676-cd88-45e5-919a-73b2f2b80f55","PUT","SRI","V","2156","V-SRI-PUT_SWA_KUNSTSTOF-SO","PUT_SWA_KUNSTSTOF","SO"
"http://digitalbuildingdata.tech/nlcs/def/9da084a3-b702-4f61-b565-6244c82604cd","PUT","SRI","V","2157","V-SRI-PUT_VWA_KUNSTSTOF-SO","PUT_VWA_KUNSTSTOF","SO"
"http://digitalbuildingdata.tech/nlcs/def/baa15bb1-4331-4619-b248-1c78be1acd06","DREMPEL","SVH","T","2158","T-SVH-DREMPEL_PREFAB_1000X1200","DREMPEL_PREFAB_1000X1200",""
"http://digitalbuildingdata.tech/nlcs/def/13560322-7b71-4885-88e9-f3e3cdb1c82d","DREMPEL","SVH","T","2159","T-SVH-DREMPEL_PREFAB_1000X1200_RUITPROFIEL","DREMPEL_PREFAB_1000X1200_RUITPROFIEL",""
"http://digitalbuildingdata.tech/nlcs/def/23140c00-0aa7-4ab0-b562-ff278f065ef0","DAMWAND","SGC","","216","SGC-DAMWAND_STAAL_ARCELOR_AU21_750-MM","DAMWAND_STAAL_ARCELOR_AU21_750","MM"
"http://digitalbuildingdata.tech/nlcs/def/0aa97490-8719-4234-acbc-9e8dbf4cf419","DREMPEL","SVH","T","2160","T-SVH-DREMPEL_PREFAB_1000X600","DREMPEL_PREFAB_1000X600",""
"http://digitalbuildingdata.tech/nlcs/def/1412cd3c-2acf-4cf3-bb7f-da4f7711d1a5","DREMPEL","SVH","T","2161","T-SVH-DREMPEL_PREFAB_1000X600_RUITPROFIEL","DREMPEL_PREFAB_1000X600_RUITPROFIEL",""
"http://digitalbuildingdata.tech/nlcs/def/9364c03e-7352-43d0-9097-018ce403537a","DREMPEL","SVH","T","2162","T-SVH-DREMPEL_PREFAB_1200X1000","DREMPEL_PREFAB_1200X1000",""
"http://digitalbuildingdata.tech/nlcs/def/c57e3dfb-5b48-4411-b2e9-d3ad4f178611","DREMPEL","SVH","T","2163","T-SVH-DREMPEL_PREFAB_1200X1000_RUITPROFIEL","DREMPEL_PREFAB_1200X1000_RUITPROFIEL",""
"http://digitalbuildingdata.tech/nlcs/def/36f418ac-7fbb-4738-bfe7-9be8ff602011","DREMPEL","SVH","T","2164","T-SVH-DREMPEL_PREFAB_1200X500","DREMPEL_PREFAB_1200X500",""
"http://digitalbuildingdata.tech/nlcs/def/9d0729c5-3b8a-4c8a-8ec4-0101941a6c19","DREMPEL","SVH","T","2165","T-SVH-DREMPEL_PREFAB_1200X500_RUITPROFIEL","DREMPEL_PREFAB_1200X500_RUITPROFIEL",""
"http://digitalbuildingdata.tech/nlcs/def/ecfbd008-087c-4a58-8cba-64fca46b0e97","DREMPEL","SVH","T","2166","T-SVH-DREMPEL_PREFAB_1500X1200","DREMPEL_PREFAB_1500X1200",""
"http://digitalbuildingdata.tech/nlcs/def/059edbf9-f4a1-437a-99cb-763eb3b8449a","DREMPEL","SVH","T","2167","T-SVH-DREMPEL_PREFAB_1500X1200_RUITPROFIEL","DREMPEL_PREFAB_1500X1200_RUITPROFIEL",""
"http://digitalbuildingdata.tech/nlcs/def/82a730b9-96c9-4ce1-8b19-5f800d35bbf4","DREMPEL","SVH","T","2168","T-SVH-DREMPEL_PREFAB_1500X600","DREMPEL_PREFAB_1500X600",""
"http://digitalbuildingdata.tech/nlcs/def/bbefad1d-586d-4935-b593-33f784297522","DREMPEL","SVH","T","2169","T-SVH-DREMPEL_PREFAB_1500X600_RUITPROFIEL","DREMPEL_PREFAB_1500X600_RUITPROFIEL",""
"http://digitalbuildingdata.tech/nlcs/def/9ba3b752-fb3b-4599-98c9-cebd7fc654ff","DAMWAND","SGC","","217","SGC-DAMWAND_STAAL_ARCELOR_AU23_750-MM","DAMWAND_STAAL_ARCELOR_AU23_750","MM"
"http://digitalbuildingdata.tech/nlcs/def/7160df34-045c-4c2e-9925-c35455729242","DREMPEL","SVH","T","2170","T-SVH-DREMPEL_PREFAB_1700X1000","DREMPEL_PREFAB_1700X1000",""
"http://digitalbuildingdata.tech/nlcs/def/293ca50e-07d1-437b-9790-235f9a4d81e4","DREMPEL","SVH","T","2171","T-SVH-DREMPEL_PREFAB_1700X500","DREMPEL_PREFAB_1700X500",""
"http://digitalbuildingdata.tech/nlcs/def/b7859b26-ac1f-4427-ac90-1301406b2a38","DREMPEL","SVH","T","2172","T-SVH-DREMPEL_PREFAB_1750X1000","DREMPEL_PREFAB_1750X1000",""
"http://digitalbuildingdata.tech/nlcs/def/296f6015-50b2-49e8-9781-d29ee1e85dcc","DREMPEL","SVH","T","2173","T-SVH-DREMPEL_PREFAB_1750X1000_LINKS","DREMPEL_PREFAB_1750X1000_LINKS",""
"http://digitalbuildingdata.tech/nlcs/def/bb444b63-a57f-480b-a476-d3d7402f964f","DREMPEL","SVH","T","2174","T-SVH-DREMPEL_PREFAB_1750X1000_RECHTS","DREMPEL_PREFAB_1750X1000_RECHTS",""
"http://digitalbuildingdata.tech/nlcs/def/b2f45eb9-d82e-4f02-abad-c8f94d304bb5","DREMPEL","SVH","T","2175","T-SVH-DREMPEL_PREFAB_1750X1200","DREMPEL_PREFAB_1750X1200",""
"http://digitalbuildingdata.tech/nlcs/def/8e42daae-fe2d-4759-b0b5-3c8f62fc88a9","DREMPEL","SVH","T","2176","T-SVH-DREMPEL_PREFAB_1750X500","DREMPEL_PREFAB_1750X500",""
"http://digitalbuildingdata.tech/nlcs/def/3e2319ad-c231-4918-b9e3-2a0ab976951d","DREMPEL","SVH","T","2177","T-SVH-DREMPEL_PREFAB_1750X600","DREMPEL_PREFAB_1750X600",""
"http://digitalbuildingdata.tech/nlcs/def/e3c22f3e-3e94-499f-b39e-b9ac3fe8ad7f","DREMPEL","SVH","T","2178","T-SVH-DREMPEL_PREFAB_2400X1000","DREMPEL_PREFAB_2400X1000",""
"http://digitalbuildingdata.tech/nlcs/def/c154aa40-1cf2-4271-934f-a35b5494ac81","DREMPEL","SVH","T","2179","T-SVH-DREMPEL_PREFAB_2400X1000_RUITPROFIEL","DREMPEL_PREFAB_2400X1000_RUITPROFIEL",""
"http://digitalbuildingdata.tech/nlcs/def/bfe4ce72-5989-4cf0-b276-b9e2dbfde241","DAMWAND","SGC","","218","SGC-DAMWAND_STAAL_ARCELOR_AU25_750-MM","DAMWAND_STAAL_ARCELOR_AU25_750","MM"
"http://digitalbuildingdata.tech/nlcs/def/69e7ccdf-67d4-4a76-b132-54445bcc5945","DREMPEL","SVH","T","2180","T-SVH-DREMPEL_PREFAB_2400X1200","DREMPEL_PREFAB_2400X1200",""
"http://digitalbuildingdata.tech/nlcs/def/2f59b46c-d25b-479e-9d79-1efdb36a2594","DREMPEL","SVH","T","2181","T-SVH-DREMPEL_PREFAB_2400X1200_RUITPROFIEL","DREMPEL_PREFAB_2400X1200_RUITPROFIEL",""
"http://digitalbuildingdata.tech/nlcs/def/32bd23be-268a-4ae1-bf92-606d1cc9c50c","DREMPEL","SVH","T","2182","T-SVH-DREMPEL_PREFAB_2400X500","DREMPEL_PREFAB_2400X500",""
"http://digitalbuildingdata.tech/nlcs/def/6c31a77c-7436-418e-b478-24f41530a417","DREMPEL","SVH","T","2183","T-SVH-DREMPEL_PREFAB_2400X500_RUITPROFIEL","DREMPEL_PREFAB_2400X500_RUITPROFIEL",""
"http://digitalbuildingdata.tech/nlcs/def/4c89021d-bda6-4c1a-9cc9-f1ee0501a19a","DREMPEL","SVH","T","2184","T-SVH-DREMPEL_PREFAB_2400X600","DREMPEL_PREFAB_2400X600",""
"http://digitalbuildingdata.tech/nlcs/def/fc7c53bc-86f8-408a-93fd-a72e1b43cd33","DREMPEL","SVH","T","2185","T-SVH-DREMPEL_PREFAB_2400X600_RUITPROFIEL","DREMPEL_PREFAB_2400X600_RUITPROFIEL",""
"http://digitalbuildingdata.tech/nlcs/def/91e06aaa-72bd-4e37-b692-84355f0e88a2","DREMPEL","SVH","T","2186","T-SVH-DREMPEL_PREFAB_2400X750_LINKS","DREMPEL_PREFAB_2400X750_LINKS",""
"http://digitalbuildingdata.tech/nlcs/def/ed56282d-7dbe-49f7-876f-8e8f32a46744","DREMPEL","SVH","T","2187","T-SVH-DREMPEL_PREFAB_2400X750_RECHTS","DREMPEL_PREFAB_2400X750_RECHTS",""
"http://digitalbuildingdata.tech/nlcs/def/d9e7194f-65f9-49c5-9a67-f3efcb9e34cf","DREMPEL","SVH","T","2188","T-SVH-DREMPEL_PREFAB_2400X750_RUITPROFIEL_LINKS","DREMPEL_PREFAB_2400X750_RUITPROFIEL_LINKS",""
"http://digitalbuildingdata.tech/nlcs/def/18591c55-723b-4c4e-9d5b-7ae34e681252","DREMPEL","SVH","T","2189","T-SVH-DREMPEL_PREFAB_2400X750_RUITPROFIEL_RECHTS","DREMPEL_PREFAB_2400X750_RUITPROFIEL_RECHTS",""
"http://digitalbuildingdata.tech/nlcs/def/e3d550bd-8da4-460c-81e6-9681b980aed7","DAMWAND","SGC","","219","SGC-DAMWAND_STAAL_ARCELOR_AU26_750-MM","DAMWAND_STAAL_ARCELOR_AU26_750","MM"
"http://digitalbuildingdata.tech/nlcs/def/e79b75b6-e561-4784-86a6-41e11a221ba5","DREMPEL","SVH","T","2190","T-SVH-DREMPEL_PREFAB_3000X1000","DREMPEL_PREFAB_3000X1000",""
"http://digitalbuildingdata.tech/nlcs/def/bc588f43-9b2d-4ae9-af0e-c03a738e7d23","DREMPEL","SVH","T","2191","T-SVH-DREMPEL_PREFAB_3000X500","DREMPEL_PREFAB_3000X500",""
"http://digitalbuildingdata.tech/nlcs/def/7dfeafc3-3698-4f87-9a39-adfe03d5b693","DREMPEL","SVH","T","2192","T-SVH-DREMPEL_PREFAB_4000X1000","DREMPEL_PREFAB_4000X1000",""
"http://digitalbuildingdata.tech/nlcs/def/011a8800-b474-42d0-9109-0f22b72f8833","DREMPEL","SVH","T","2193","T-SVH-DREMPEL_PREFAB_4000X500","DREMPEL_PREFAB_4000X500",""
"http://digitalbuildingdata.tech/nlcs/def/21e36cc2-a20f-47eb-8a7d-d0ef889f5d20","DREMPEL","SVH","T","2194","T-SVH-DREMPEL_PREFAB_4200X1000","DREMPEL_PREFAB_4200X1000",""
"http://digitalbuildingdata.tech/nlcs/def/4dba1a16-7450-4565-be88-7bee71c1bd59","DREMPEL","SVH","T","2195","T-SVH-DREMPEL_PREFAB_900X500","DREMPEL_PREFAB_900X500",""
"http://digitalbuildingdata.tech/nlcs/def/93490774-5d44-40f5-9b02-56874e27fa70","DREMPEL","SVH","T","2196","T-SVH-DREMPEL_PREFAB_BUS","DREMPEL_PREFAB_BUS",""
"http://digitalbuildingdata.tech/nlcs/def/52f698ed-38f8-4535-937b-1087bdd7a751","DREMPEL","SVH","T","2197","T-SVH-DREMPEL_PREFAB_BUS_LINKS","DREMPEL_PREFAB_BUS_LINKS",""
"http://digitalbuildingdata.tech/nlcs/def/e0f7cc8b-bd9d-4ec6-830f-37f89042c25b","DREMPEL","SVH","T","2198","T-SVH-DREMPEL_PREFAB_BUS_RECHTS","DREMPEL_PREFAB_BUS_RECHTS",""
"http://digitalbuildingdata.tech/nlcs/def/4722661e-3e70-46b4-98bb-8e22f7006aec","DREMPEL","SVH","V","2199","V-SVH-DREMPEL_PREFAB_1000X1200","DREMPEL_PREFAB_1000X1200",""
"http://digitalbuildingdata.tech/nlcs/def/9b4e80d2-cf5c-4fe7-88e1-1bfc724baca2","TEKENBLAD","SAL","","22","SAL-TEKENBLAD_A2_420X1470-SO","TEKENBLAD_A2_420X1470","SO"
"http://digitalbuildingdata.tech/nlcs/def/b07cedcc-d8b5-4c95-a543-118bde0e4dd2","DAMWAND","SGC","","220","SGC-DAMWAND_STAAL_ARCELOR_AZ36_700N-MM","DAMWAND_STAAL_ARCELOR_AZ36_700N","MM"
"http://digitalbuildingdata.tech/nlcs/def/c275c3e2-966e-4445-a1f3-f5cbe6cfbc69","DREMPEL","SVH","V","2200","V-SVH-DREMPEL_PREFAB_1000X1200_RUITPROFIEL","DREMPEL_PREFAB_1000X1200_RUITPROFIEL",""
"http://digitalbuildingdata.tech/nlcs/def/f2441adb-8d73-4a92-8eeb-2b65ca7a865e","DREMPEL","SVH","V","2201","V-SVH-DREMPEL_PREFAB_1000X600","DREMPEL_PREFAB_1000X600",""
"http://digitalbuildingdata.tech/nlcs/def/b417b12f-1366-4ee8-b944-595764a25973","DREMPEL","SVH","V","2202","V-SVH-DREMPEL_PREFAB_1000X600_RUITPROFIEL","DREMPEL_PREFAB_1000X600_RUITPROFIEL",""
"http://digitalbuildingdata.tech/nlcs/def/c3753c86-3a4e-4c73-8538-dfc8a9b83cb2","DREMPEL","SVH","V","2203","V-SVH-DREMPEL_PREFAB_1200X1000","DREMPEL_PREFAB_1200X1000",""
"http://digitalbuildingdata.tech/nlcs/def/674eb1d0-8ec7-43bb-bc94-b3d718a1fa63","DREMPEL","SVH","V","2204","V-SVH-DREMPEL_PREFAB_1200X1000_RUITPROFIEL","DREMPEL_PREFAB_1200X1000_RUITPROFIEL",""
"http://digitalbuildingdata.tech/nlcs/def/adfa3859-fe7b-4f85-b401-0371c9aa6e18","DREMPEL","SVH","V","2205","V-SVH-DREMPEL_PREFAB_1200X500","DREMPEL_PREFAB_1200X500",""
"http://digitalbuildingdata.tech/nlcs/def/85804789-073a-4bda-8057-d91bb688cbf3","DREMPEL","SVH","V","2206","V-SVH-DREMPEL_PREFAB_1200X500_RUITPROFIEL","DREMPEL_PREFAB_1200X500_RUITPROFIEL",""
"http://digitalbuildingdata.tech/nlcs/def/ed53e9ff-bb21-442d-b8ea-0f47baa84bc2","DREMPEL","SVH","V","2207","V-SVH-DREMPEL_PREFAB_1500X1200","DREMPEL_PREFAB_1500X1200",""
"http://digitalbuildingdata.tech/nlcs/def/b36cba42-9818-497d-a4f2-9953ba682e37","DREMPEL","SVH","V","2208","V-SVH-DREMPEL_PREFAB_1500X1200_RUITPROFIEL","DREMPEL_PREFAB_1500X1200_RUITPROFIEL",""
"http://digitalbuildingdata.tech/nlcs/def/3be363dd-f633-4a71-abfb-c32e84298e4f","DREMPEL","SVH","V","2209","V-SVH-DREMPEL_PREFAB_1500X600","DREMPEL_PREFAB_1500X600",""
"http://digitalbuildingdata.tech/nlcs/def/6a0fe3e9-a7be-4c75-b1df-0730771cdc3c","DAMWAND","SGC","","221","SGC-DAMWAND_STAAL_ARCELOR_AZ38_700N-MM","DAMWAND_STAAL_ARCELOR_AZ38_700N","MM"
"http://digitalbuildingdata.tech/nlcs/def/b3086380-f7cd-4b08-ac39-edbdf2ce7d33","DREMPEL","SVH","V","2210","V-SVH-DREMPEL_PREFAB_1500X600_RUITPROFIEL","DREMPEL_PREFAB_1500X600_RUITPROFIEL",""
"http://digitalbuildingdata.tech/nlcs/def/ffff4b8e-f284-49aa-baf4-7c408861cb4c","DREMPEL","SVH","V","2211","V-SVH-DREMPEL_PREFAB_1700X1000","DREMPEL_PREFAB_1700X1000",""
"http://digitalbuildingdata.tech/nlcs/def/af3bed51-9a23-4085-b1a4-5de3abe4e348","DREMPEL","SVH","V","2212","V-SVH-DREMPEL_PREFAB_1700X500","DREMPEL_PREFAB_1700X500",""
"http://digitalbuildingdata.tech/nlcs/def/6a1492ca-a6c9-44a9-aa85-f186160d8f96","DREMPEL","SVH","V","2213","V-SVH-DREMPEL_PREFAB_1750X1000","DREMPEL_PREFAB_1750X1000",""
"http://digitalbuildingdata.tech/nlcs/def/38b480f7-bbd3-48d5-af81-5d91b2540e0b","DREMPEL","SVH","V","2214","V-SVH-DREMPEL_PREFAB_1750X1000_LINKS","DREMPEL_PREFAB_1750X1000_LINKS",""
"http://digitalbuildingdata.tech/nlcs/def/54e3ed56-ee49-4500-bfe0-39912af966ff","DREMPEL","SVH","V","2215","V-SVH-DREMPEL_PREFAB_1750X1000_RECHTS","DREMPEL_PREFAB_1750X1000_RECHTS",""
"http://digitalbuildingdata.tech/nlcs/def/c945ffec-e5a6-4dfd-acda-3e69b292f8be","DREMPEL","SVH","V","2216","V-SVH-DREMPEL_PREFAB_1750X1200","DREMPEL_PREFAB_1750X1200",""
"http://digitalbuildingdata.tech/nlcs/def/9868be82-4f7e-4271-a6aa-28c389d9faa5","DREMPEL","SVH","V","2217","V-SVH-DREMPEL_PREFAB_1750X500","DREMPEL_PREFAB_1750X500",""
"http://digitalbuildingdata.tech/nlcs/def/54637ea1-982d-4056-af82-9c27266f3297","DREMPEL","SVH","V","2218","V-SVH-DREMPEL_PREFAB_1750X600","DREMPEL_PREFAB_1750X600",""
"http://digitalbuildingdata.tech/nlcs/def/2e13e097-8409-4197-b733-c21e228916ce","DREMPEL","SVH","V","2219","V-SVH-DREMPEL_PREFAB_2400X1000","DREMPEL_PREFAB_2400X1000",""
"http://digitalbuildingdata.tech/nlcs/def/94fe3e19-0276-45c0-8be6-aa8609e04ed3","DAMWAND","SGC","","222","SGC-DAMWAND_STAAL_ARCELOR_AZ40_700N-MM","DAMWAND_STAAL_ARCELOR_AZ40_700N","MM"
"http://digitalbuildingdata.tech/nlcs/def/b33f7b90-1f0f-433c-b2bd-3e81290b66d8","DREMPEL","SVH","V","2220","V-SVH-DREMPEL_PREFAB_2400X1000_RUITPROFIEL","DREMPEL_PREFAB_2400X1000_RUITPROFIEL",""
"http://digitalbuildingdata.tech/nlcs/def/63f5be69-1303-4e15-a9f5-96027bc7c762","DREMPEL","SVH","V","2221","V-SVH-DREMPEL_PREFAB_2400X1200","DREMPEL_PREFAB_2400X1200",""
"http://digitalbuildingdata.tech/nlcs/def/7309a41c-da2d-4ed6-9d8e-c2d8360729ae","DREMPEL","SVH","V","2222","V-SVH-DREMPEL_PREFAB_2400X1200_RUITPROFIEL","DREMPEL_PREFAB_2400X1200_RUITPROFIEL",""
"http://digitalbuildingdata.tech/nlcs/def/5ac496df-ebd8-42e2-b2bf-d3617cffd93f","DREMPEL","SVH","V","2223","V-SVH-DREMPEL_PREFAB_2400X500","DREMPEL_PREFAB_2400X500",""
"http://digitalbuildingdata.tech/nlcs/def/57370907-bc34-49f4-a883-eec1dc2f2afb","DREMPEL","SVH","V","2224","V-SVH-DREMPEL_PREFAB_2400X500_RUITPROFIEL","DREMPEL_PREFAB_2400X500_RUITPROFIEL",""
"http://digitalbuildingdata.tech/nlcs/def/86b15dc7-0fc6-47d5-b622-451792b404bd","DREMPEL","SVH","V","2225","V-SVH-DREMPEL_PREFAB_2400X600","DREMPEL_PREFAB_2400X600",""
"http://digitalbuildingdata.tech/nlcs/def/fcbe3b17-d5fe-497c-8941-8b48e8a39a4e","DREMPEL","SVH","V","2226","V-SVH-DREMPEL_PREFAB_2400X600_RUITPROFIEL","DREMPEL_PREFAB_2400X600_RUITPROFIEL",""
"http://digitalbuildingdata.tech/nlcs/def/3d1c9497-56bb-4ca3-b0f3-bc454fc934e4","DREMPEL","SVH","V","2227","V-SVH-DREMPEL_PREFAB_2400X750_LINKS","DREMPEL_PREFAB_2400X750_LINKS",""
"http://digitalbuildingdata.tech/nlcs/def/6b91f83d-310e-4592-9fb6-45a7ecbf522a","DREMPEL","SVH","V","2228","V-SVH-DREMPEL_PREFAB_2400X750_RECHTS","DREMPEL_PREFAB_2400X750_RECHTS",""
"http://digitalbuildingdata.tech/nlcs/def/05d96d13-44f4-4871-aa09-06d9c83816e4","DREMPEL","SVH","V","2229","V-SVH-DREMPEL_PREFAB_2400X750_RUITPROFIEL_LINKS","DREMPEL_PREFAB_2400X750_RUITPROFIEL_LINKS",""
"http://digitalbuildingdata.tech/nlcs/def/7960edf2-ecc6-430e-a952-09648a93f31f","DAMWAND","SGC","","223","SGC-DAMWAND_STAAL_ARCELOR_AZ12_700R-MM","DAMWAND_STAAL_ARCELOR_AZ12_700R","MM"
"http://digitalbuildingdata.tech/nlcs/def/104d6483-24aa-4082-ae5c-7d77afd6e125","DREMPEL","SVH","V","2230","V-SVH-DREMPEL_PREFAB_2400X750_RUITPROFIEL_RECHTS","DREMPEL_PREFAB_2400X750_RUITPROFIEL_RECHTS",""
"http://digitalbuildingdata.tech/nlcs/def/3550cc86-6d48-48c8-bc73-96bba22bb649","DREMPEL","SVH","V","2231","V-SVH-DREMPEL_PREFAB_3000X1000","DREMPEL_PREFAB_3000X1000",""
"http://digitalbuildingdata.tech/nlcs/def/bb71b13a-0727-4859-be80-6accbb67cc61","DREMPEL","SVH","V","2232","V-SVH-DREMPEL_PREFAB_3000X500","DREMPEL_PREFAB_3000X500",""
"http://digitalbuildingdata.tech/nlcs/def/041208c6-2d90-4795-955c-be8dd1e62d1f","DREMPEL","SVH","V","2233","V-SVH-DREMPEL_PREFAB_4000X1000","DREMPEL_PREFAB_4000X1000",""
"http://digitalbuildingdata.tech/nlcs/def/1adf9d46-09e7-4dab-b15a-9e72185654ea","DREMPEL","SVH","V","2234","V-SVH-DREMPEL_PREFAB_4000X500","DREMPEL_PREFAB_4000X500",""
"http://digitalbuildingdata.tech/nlcs/def/cbf9330f-30d2-4a3b-a245-23e0dd56f694","DREMPEL","SVH","V","2235","V-SVH-DREMPEL_PREFAB_4200X1000","DREMPEL_PREFAB_4200X1000",""
"http://digitalbuildingdata.tech/nlcs/def/83db1478-6de5-4417-8390-eceab9fb539c","DREMPEL","SVH","V","2236","V-SVH-DREMPEL_PREFAB_900X500","DREMPEL_PREFAB_900X500",""
"http://digitalbuildingdata.tech/nlcs/def/4d48e9de-d298-4c1c-8551-e67ad49de876","DREMPEL","SVH","V","2237","V-SVH-DREMPEL_PREFAB_BUS","DREMPEL_PREFAB_BUS",""
"http://digitalbuildingdata.tech/nlcs/def/0c64d9e4-267c-481d-80dc-0d92ab40361a","DREMPEL","SVH","V","2238","V-SVH-DREMPEL_PREFAB_BUS_LINKS","DREMPEL_PREFAB_BUS_LINKS",""
"http://digitalbuildingdata.tech/nlcs/def/cd719169-d54f-4a3b-abb5-f272440b426d","DREMPEL","SVH","V","2239","V-SVH-DREMPEL_PREFAB_BUS_RECHTS","DREMPEL_PREFAB_BUS_RECHTS",""
"http://digitalbuildingdata.tech/nlcs/def/4d2f7e0f-6071-4183-823a-ceecbbc27771","DAMWAND","SGC","","224","SGC-DAMWAND_STAAL_ARCELOR_AZ12_770-MM","DAMWAND_STAAL_ARCELOR_AZ12_770","MM"
"http://digitalbuildingdata.tech/nlcs/def/367ba05e-53a6-4d89-adf9-405339dcb4fa","GOOT","SVH","","2240","SVH-GOOT_SYMBOOL-SO","GOOT_SYMBOOL","SO"
"http://digitalbuildingdata.tech/nlcs/def/511108fa-74a1-4fda-86e0-db7ab9234a4c","STOOTBAND","SVH","","2241","SVH-STOOTBAND_ROND_ROND_1000X200","STOOTBAND_ROND_ROND_1000X200",""
"http://digitalbuildingdata.tech/nlcs/def/39a12407-cc42-4ac9-b348-5f0eb180e868","STOOTBAND","SVH","","2242","SVH-STOOTBAND_VLAK_ROND_1000X200","STOOTBAND_VLAK_ROND_1000X200",""
"http://digitalbuildingdata.tech/nlcs/def/ee747954-00d5-466f-b315-6b7adf12bc35","STOOTBAND","SVH","","2243","SVH-STOOTBAND_VLAK_VLAK_1000X200","STOOTBAND_VLAK_VLAK_1000X200",""
"http://digitalbuildingdata.tech/nlcs/def/7b42a2b4-aafd-4961-aee0-88f1d4aa3f75","VERKEERSTEGEL","SVH","","2244","SVH-VERKEERSTEGEL_300X150_TUSSENTEGEL","VERKEERSTEGEL_300X150_TUSSENTEGEL",""
"http://digitalbuildingdata.tech/nlcs/def/125bcfe2-88b7-4604-a5bd-9b472020129e","VERKEERSTEGEL","SVH","","2245","SVH-VERKEERSTEGEL_300X300_GELEIDETEGEL","VERKEERSTEGEL_300X300_GELEIDETEGEL",""
"http://digitalbuildingdata.tech/nlcs/def/8114f352-65f6-448b-a054-d6147cb5e61c","VERKEERSTEGEL","SVH","","2246","SVH-VERKEERSTEGEL_300X300_GITRUITTEGEL","VERKEERSTEGEL_300X300_GITRUITTEGEL",""
"http://digitalbuildingdata.tech/nlcs/def/071043da-2950-4a12-abb9-6f1a454e96bd","VERKEERSTEGEL","SVH","","2247","SVH-VERKEERSTEGEL_300X300_HAAIENTAND","VERKEERSTEGEL_300X300_HAAIENTAND",""
"http://digitalbuildingdata.tech/nlcs/def/d57befd3-39a7-4ece-b7dc-347ee42e2127","VERKEERSTEGEL","SVH","","2248","SVH-VERKEERSTEGEL_300X300_ROLSTOELTEGEL","VERKEERSTEGEL_300X300_ROLSTOELTEGEL",""
"http://digitalbuildingdata.tech/nlcs/def/2afa2e0f-2e30-4309-9546-d85d8a67a207","VERKEERSTEGEL","SVH","","2249","SVH-VERKEERSTEGEL_300X300_TUSSENTEGEL","VERKEERSTEGEL_300X300_TUSSENTEGEL",""
"http://digitalbuildingdata.tech/nlcs/def/ee3e5e96-5a33-4b0a-9009-1c64fe237d77","DAMWAND","SGC","","225","SGC-DAMWAND_STAAL_ARCELOR_AZ12_670-MM","DAMWAND_STAAL_ARCELOR_AZ12_670","MM"
"http://digitalbuildingdata.tech/nlcs/def/790a564b-e7c4-4c09-8bf4-5bc3c406d0d6","VERKEERSTEGEL","SVH","","2250","SVH-VERKEERSTEGEL_500X250_TUSSENTEGEL","VERKEERSTEGEL_500X250_TUSSENTEGEL",""
"http://digitalbuildingdata.tech/nlcs/def/4e1d35f6-79e3-4e63-8f0b-290326f276e8","VERKEERSTEGEL","SVH","","2251","SVH-VERKEERSTEGEL_500X500_HAAIENTAND","VERKEERSTEGEL_500X500_HAAIENTAND",""
"http://digitalbuildingdata.tech/nlcs/def/86155aaf-9f5e-4245-a0ad-67631842d269","VERKEERSTEGEL","SVH","","2252","SVH-VERKEERSTEGEL_500X500_TUSSENTEGEL","VERKEERSTEGEL_500X500_TUSSENTEGEL",""
"http://digitalbuildingdata.tech/nlcs/def/308c56d5-c893-4460-8baa-564c63ccc3e0","GOOT","SVH","V","2253","V-SVH-GOOT_SYMBOOL-SO","GOOT_SYMBOOL","SO"
"http://digitalbuildingdata.tech/nlcs/def/8ed494b1-0a68-4d5f-898a-a821e5488cf0","TEGEL","SVH","","2254","SVH-TEGEL_100X300_HALFST_KL-SO","TEGEL_100X300_HALFST_KL","SO"
"http://digitalbuildingdata.tech/nlcs/def/97e571e3-187f-4e48-bbee-3fed1265f2c1","TEGEL","SVH","","2255","SVH-TEGEL_100X300_LINT_KL-SO","TEGEL_100X300_LINT_KL","SO"
"http://digitalbuildingdata.tech/nlcs/def/586ea901-76ff-4d1e-8062-a160a27cdc04","TEGEL","SVH","","2258","SVH-TEGEL_2000X2000_LINT_KL-SO","TEGEL_2000X2000_LINT_KL","SO"
"http://digitalbuildingdata.tech/nlcs/def/3f2e3fc0-ed8c-4ae6-b82a-87f78bbbfa67","TEGEL","SVH","","2259","SVH-TEGEL_200X200_HALFST_KL-SO","TEGEL_200X200_HALFST_KL","SO"
"http://digitalbuildingdata.tech/nlcs/def/f11a92d8-c9fd-459f-a913-ad18b7ad36d4","DAMWAND","SGC","","226","SGC-DAMWAND_STAAL_ARCELOR_AZ13_670_10_10-MM","DAMWAND_STAAL_ARCELOR_AZ13_670_10_10","MM"
"http://digitalbuildingdata.tech/nlcs/def/7c78ee6f-dc10-45de-8116-2bde381d5edf","TEGEL","SVH","","2260","SVH-TEGEL_200X200_LINT_KL-SO","TEGEL_200X200_LINT_KL","SO"
"http://digitalbuildingdata.tech/nlcs/def/07152622-05a2-4fa0-948e-cd5fcc554139","TEGEL","SVH","","2261","SVH-TEGEL_200X300_HALFST_KL-SO","TEGEL_200X300_HALFST_KL","SO"
"http://digitalbuildingdata.tech/nlcs/def/cc2bc5b0-a971-4c7f-ba00-ddcda96d2ec7","TEGEL","SVH","","2262","SVH-TEGEL_200X300_LINT_KL-SO","TEGEL_200X300_LINT_KL","SO"
"http://digitalbuildingdata.tech/nlcs/def/5024625b-3550-4667-bc84-163f399f718a","TEGEL","SVH","","2263","SVH-TEGEL_200X600_HALFST_KL-SO","TEGEL_200X600_HALFST_KL","SO"
"http://digitalbuildingdata.tech/nlcs/def/c61d6e6a-9e9b-4d85-8cd0-c2095efa7d24","TEGEL","SVH","","2264","SVH-TEGEL_200X600_LINT_KL-SO","TEGEL_200X600_LINT_KL","SO"
"http://digitalbuildingdata.tech/nlcs/def/eaa10f5d-22ef-426a-8e64-32eb6c337a04","TEGEL","SVH","","2267","SVH-TEGEL_300X200_HALFST_KL-SO","TEGEL_300X200_HALFST_KL","SO"
"http://digitalbuildingdata.tech/nlcs/def/83b5cdcf-344f-4018-af29-e1633b53da89","TEGEL","SVH","","2268","SVH-TEGEL_300X200_LINT_KL-SO","TEGEL_300X200_LINT_KL","SO"
"http://digitalbuildingdata.tech/nlcs/def/12a7430f-06dd-4d91-b7bf-5972e397a800","DAMWAND","SGC","","227","SGC-DAMWAND_STAAL_ARCELOR_AZ13_700R_10_10-MM","DAMWAND_STAAL_ARCELOR_AZ13_700R_10_10","MM"
"http://digitalbuildingdata.tech/nlcs/def/8facf649-b9f1-4c18-950a-3346f8a8911f","TEGEL","SVH","","2271","SVH-TEGEL_400X400_HALFST_KL-SO","TEGEL_400X400_HALFST_KL","SO"
"http://digitalbuildingdata.tech/nlcs/def/b366a8f2-4bd4-4ba6-8131-6f30cc471b34","TEGEL","SVH","","2272","SVH-TEGEL_400X400_HALFST_STIP_KL-SO","TEGEL_400X400_HALFST_STIP_KL","SO"
"http://digitalbuildingdata.tech/nlcs/def/82ca686b-aab7-44ca-b483-93ec14fefb37","TEGEL","SVH","","2273","SVH-TEGEL_400X400_LINT_KL-SO","TEGEL_400X400_LINT_KL","SO"
"http://digitalbuildingdata.tech/nlcs/def/53b66705-4ca0-4bcd-a1c2-953f772da78d","TEGEL","SVH","","2274","SVH-TEGEL_400X400_LINT_STIP_KL-SO","TEGEL_400X400_LINT_STIP_KL","SO"
"http://digitalbuildingdata.tech/nlcs/def/00c21dbb-b943-41ba-ab57-f5aae9829697","TEGEL","SVH","","2275","SVH-TEGEL_400X400_LINT_STREEP_KL-SO","TEGEL_400X400_LINT_STREEP_KL","SO"
"http://digitalbuildingdata.tech/nlcs/def/9f3572a3-6956-41cb-919f-8a5254744d00","TEGEL","SVH","","2278","SVH-TEGEL_500X500_HALFST_KL-SO","TEGEL_500X500_HALFST_KL","SO"
"http://digitalbuildingdata.tech/nlcs/def/00c8ad62-45e7-469d-ab4d-60769808668a","TEGEL","SVH","","2279","SVH-TEGEL_500X500_LINT_KL-SO","TEGEL_500X500_LINT_KL","SO"
"http://digitalbuildingdata.tech/nlcs/def/46dfc393-e292-4acc-9075-efb022ca7f1f","DAMWAND","SGC","","228","SGC-DAMWAND_STAAL_ARCELOR_AZ13_700R-MM","DAMWAND_STAAL_ARCELOR_AZ13_700R","MM"
"http://digitalbuildingdata.tech/nlcs/def/285eddc7-34b3-4287-ae68-d0ea8caff73f","TEGEL","SVH","","2280","SVH-TEGEL_600X200_HALFST_KL-SO","TEGEL_600X200_HALFST_KL","SO"
"http://digitalbuildingdata.tech/nlcs/def/03ef8c9e-bd98-42ff-a273-d8d836aa4341","TEGEL","SVH","","2281","SVH-TEGEL_600X200_LINT_KL-SO","TEGEL_600X200_LINT_KL","SO"
"http://digitalbuildingdata.tech/nlcs/def/e12dbd78-b163-4e79-801d-cf28267fa70f","TEGEL","SVH","","2282","SVH-TEGEL_600X600_HALFST_KL-SO","TEGEL_600X600_HALFST_KL","SO"
"http://digitalbuildingdata.tech/nlcs/def/8073e12e-426e-4065-bf9f-11749362d9d9","TEGEL","SVH","","2283","SVH-TEGEL_600X600_HALFST_STIP_KL-SO","TEGEL_600X600_HALFST_STIP_KL","SO"
"http://digitalbuildingdata.tech/nlcs/def/d7a56be9-36f6-489e-bc91-2d0f0010ac4b","TEGEL","SVH","","2284","SVH-TEGEL_600X600_LINT_KL-SO","TEGEL_600X600_LINT_KL","SO"
"http://digitalbuildingdata.tech/nlcs/def/7c5342c2-6224-4b8a-8d54-d195fd3c9fdf","TEGEL","SVH","","2285","SVH-TEGEL_600X600_LINT_STIP_KL-SO","TEGEL_600X600_LINT_STIP_KL","SO"
"http://digitalbuildingdata.tech/nlcs/def/31628ac2-9295-4c69-afa4-e84a641af512","TEGEL","SVH","V","2286","V-SVH-TEGEL_100X300_HALFST_KL-SO","TEGEL_100X300_HALFST_KL","SO"
"http://digitalbuildingdata.tech/nlcs/def/d8fcd8c6-1a07-41cf-acb5-769a5657f48b","TEGEL","SVH","V","2287","V-SVH-TEGEL_100X300_LINT_KL-SO","TEGEL_100X300_LINT_KL","SO"
"http://digitalbuildingdata.tech/nlcs/def/89449824-4046-4dfd-8325-8ae3da220583","DAMWAND","SGC","","229","SGC-DAMWAND_STAAL_ARCELOR_AZ13_770-MM","DAMWAND_STAAL_ARCELOR_AZ13_770","MM"
"http://digitalbuildingdata.tech/nlcs/def/b9a833be-e8eb-41e1-8300-f9b4f22a8e0a","TEGEL","SVH","V","2290","V-SVH-TEGEL_2000X2000_LINT_KL-SO","TEGEL_2000X2000_LINT_KL","SO"
"http://digitalbuildingdata.tech/nlcs/def/8f6bd568-0e90-49bd-a792-c20ba8001d6f","TEGEL","SVH","V","2291","V-SVH-TEGEL_200X200_HALFST_KL-SO","TEGEL_200X200_HALFST_KL","SO"
"http://digitalbuildingdata.tech/nlcs/def/a713cddb-a328-4769-b4fa-09fcced28c68","TEGEL","SVH","V","2292","V-SVH-TEGEL_200X200_LINT_KL-SO","TEGEL_200X200_LINT_KL","SO"
"http://digitalbuildingdata.tech/nlcs/def/1c407380-df48-4378-a6d8-46473ba984f7","TEGEL","SVH","V","2293","V-SVH-TEGEL_200X300_HALFST_KL-SO","TEGEL_200X300_HALFST_KL","SO"
"http://digitalbuildingdata.tech/nlcs/def/f23bc056-ff0a-4a11-af13-06252cb82c16","TEGEL","SVH","V","2294","V-SVH-TEGEL_200X300_LINT_KL-SO","TEGEL_200X300_LINT_KL","SO"
"http://digitalbuildingdata.tech/nlcs/def/8e2a15dd-76a3-4fcb-ba82-86be0f14c814","TEGEL","SVH","V","2295","V-SVH-TEGEL_200X600_HALFST_KL-SO","TEGEL_200X600_HALFST_KL","SO"
"http://digitalbuildingdata.tech/nlcs/def/14b58f63-d1b3-4187-81c9-365fa97d2456","TEGEL","SVH","V","2296","V-SVH-TEGEL_200X600_LINT_KL-SO","TEGEL_200X600_LINT_KL","SO"
"http://digitalbuildingdata.tech/nlcs/def/d281752e-a411-4475-bf4c-66b4fe6868af","TEGEL","SVH","V","2299","V-SVH-TEGEL_300X200_HALFST_KL-SO","TEGEL_300X200_HALFST_KL","SO"
"http://digitalbuildingdata.tech/nlcs/def/8c67b18d-0663-451d-8faa-60794fc1fb12","TEKENBLAD","SAL","","23","SAL-TEKENBLAD_A2_420X1680-SO","TEKENBLAD_A2_420X1680","SO"
"http://digitalbuildingdata.tech/nlcs/def/67e4fb02-62f8-404f-a2b0-8cf86c4b1db9","DAMWAND","SGC","","230","SGC-DAMWAND_STAAL_ARCELOR_AZ13_670-MM","DAMWAND_STAAL_ARCELOR_AZ13_670","MM"
"http://digitalbuildingdata.tech/nlcs/def/f687186f-5222-480a-a01c-e089d299e241","TEGEL","SVH","V","2300","V-SVH-TEGEL_300X200_LINT_KL-SO","TEGEL_300X200_LINT_KL","SO"
"http://digitalbuildingdata.tech/nlcs/def/0e57641b-34da-42a4-a55d-db56b540e0e2","TEGEL","SVH","V","2303","V-SVH-TEGEL_400X400_HALFST_KL-SO","TEGEL_400X400_HALFST_KL","SO"
"http://digitalbuildingdata.tech/nlcs/def/98cac1e9-6690-4158-ab6b-2d2f707fd0ec","TEGEL","SVH","V","2304","V-SVH-TEGEL_400X400_HALFST_STIP_KL-SO","TEGEL_400X400_HALFST_STIP_KL","SO"
"http://digitalbuildingdata.tech/nlcs/def/a360c008-ce85-4f98-8d17-348690ce5fb1","TEGEL","SVH","V","2305","V-SVH-TEGEL_400X400_LINT_KL-SO","TEGEL_400X400_LINT_KL","SO"
"http://digitalbuildingdata.tech/nlcs/def/20de0056-5443-4e0a-8545-1818bdd07ba7","TEGEL","SVH","V","2306","V-SVH-TEGEL_400X400_LINT_STIP_KL-SO","TEGEL_400X400_LINT_STIP_KL","SO"
"http://digitalbuildingdata.tech/nlcs/def/c0d95854-a992-4a8f-8038-0211583baa9c","TEGEL","SVH","V","2307","V-SVH-TEGEL_400X400_LINT_STREEP_KL-SO","TEGEL_400X400_LINT_STREEP_KL","SO"
"http://digitalbuildingdata.tech/nlcs/def/e6db57e7-562d-4708-bae2-a20c557f5d1d","DAMWAND","SGC","","231","SGC-DAMWAND_STAAL_ARCELOR_AZ14_700R-MM","DAMWAND_STAAL_ARCELOR_AZ14_700R","MM"
"http://digitalbuildingdata.tech/nlcs/def/2f1d2cfb-fe67-460c-a975-9f9a5d29ffd5","TEGEL","SVH","V","2310","V-SVH-TEGEL_500X500_HALFST_KL-SO","TEGEL_500X500_HALFST_KL","SO"
"http://digitalbuildingdata.tech/nlcs/def/6eec83c1-3b40-4f33-8f21-0006a23b8cd6","TEGEL","SVH","V","2311","V-SVH-TEGEL_500X500_LINT_KL-SO","TEGEL_500X500_LINT_KL","SO"
"http://digitalbuildingdata.tech/nlcs/def/03366c9b-e856-4f8f-8ce4-ac49f6b5d108","TEGEL","SVH","V","2312","V-SVH-TEGEL_600X200_HALFST_KL-SO","TEGEL_600X200_HALFST_KL","SO"
"http://digitalbuildingdata.tech/nlcs/def/5dcb94aa-cde3-40fa-a386-81a15498910c","TEGEL","SVH","V","2313","V-SVH-TEGEL_600X200_LINT_KL-SO","TEGEL_600X200_LINT_KL","SO"
"http://digitalbuildingdata.tech/nlcs/def/45eb5730-74a9-405d-9665-9207a3b3c244","TEGEL","SVH","V","2314","V-SVH-TEGEL_600X600_HALFST_KL-SO","TEGEL_600X600_HALFST_KL","SO"
"http://digitalbuildingdata.tech/nlcs/def/391e1b23-0014-431d-b8f5-8b4c38b130c2","TEGEL","SVH","V","2315","V-SVH-TEGEL_600X600_HALFST_STIP_KL-SO","TEGEL_600X600_HALFST_STIP_KL","SO"
"http://digitalbuildingdata.tech/nlcs/def/5b5392f7-b453-40c8-acc8-55784411dfc5","TEGEL","SVH","V","2316","V-SVH-TEGEL_600X600_LINT_KL-SO","TEGEL_600X600_LINT_KL","SO"
"http://digitalbuildingdata.tech/nlcs/def/c47b7a99-bc31-4046-86ce-8fed9db7d3a5","TEGEL","SVH","V","2317","V-SVH-TEGEL_600X600_LINT_STIP_KL-SO","TEGEL_600X600_LINT_STIP_KL","SO"
"http://digitalbuildingdata.tech/nlcs/def/361fcc3e-ebf8-4899-b913-9e6019235b68","TEGEL","SVH","","2318","SVH-TEGEL_400X600_DUN_BLOK-SO","TEGEL_400X600_DUN_BLOK","SO"
"http://digitalbuildingdata.tech/nlcs/def/16b618fb-2900-4ad3-b7bd-b65df4f2874f","TEGEL","SVH","","2319","SVH-TEGEL_400X600_DUN_HALFST-SO","TEGEL_400X600_DUN_HALFST","SO"
"http://digitalbuildingdata.tech/nlcs/def/9ec3606c-e450-4d5b-9572-0cf38870f987","DAMWAND","SGC","","232","SGC-DAMWAND_STAAL_ARCELOR_AZ14_770_10_10-MM","DAMWAND_STAAL_ARCELOR_AZ14_770_10_10","MM"
"http://digitalbuildingdata.tech/nlcs/def/8b7b880f-713e-4515-95b9-5ac57bbc8b66","TEGEL","SVH","","2320","SVH-TEGEL_400X600_DUN_LINT-SO","TEGEL_400X600_DUN_LINT","SO"
"http://digitalbuildingdata.tech/nlcs/def/5abb2828-696f-44ff-9c4b-49604b7ea48e","TEGEL","SVH","","2321","SVH-TEGEL_400X600_DIK_BLOK-SO","TEGEL_400X600_DIK_BLOK","SO"
"http://digitalbuildingdata.tech/nlcs/def/26ddcb9c-1600-4e9e-89da-b838103230be","TEGEL","SVH","","2322","SVH-TEGEL_400X600_DIK_HALFST-SO","TEGEL_400X600_DIK_HALFST","SO"
"http://digitalbuildingdata.tech/nlcs/def/af8133fe-a7a6-41a3-ab3a-14a127b31ae3","TEGEL","SVH","","2323","SVH-TEGEL_400X600_DIK_LINT-SO","TEGEL_400X600_DIK_LINT","SO"
"http://digitalbuildingdata.tech/nlcs/def/227ed0e0-2c9e-4e8e-8d1f-eef1e3a0df84","TEGEL","SVH","","2324","SVH-TEGEL_300X300_DUN_BLOK-SO","TEGEL_300X300_DUN_BLOK","SO"
"http://digitalbuildingdata.tech/nlcs/def/0b8eadbf-6364-46c0-828a-e3041203aeea","TEGEL","SVH","","2325","SVH-TEGEL_300X300_DUN_HALFST-SO","TEGEL_300X300_DUN_HALFST","SO"
"http://digitalbuildingdata.tech/nlcs/def/d9731209-683b-4c83-b96c-f3607b03c502","TEGEL","SVH","","2326","SVH-TEGEL_300X300_DUN_LINT-SO","TEGEL_300X300_DUN_LINT","SO"
"http://digitalbuildingdata.tech/nlcs/def/5afe11f0-df1e-45af-8398-fab51de1fe22","TEGEL","SVH","","2327","SVH-TEGEL_300X300_DIK_BLOK-SO","TEGEL_300X300_DIK_BLOK","SO"
"http://digitalbuildingdata.tech/nlcs/def/da468e4d-3908-46cb-a286-7f2443b1e986","TEGEL","SVH","","2328","SVH-TEGEL_300X300_DIK_HALFST-SO","TEGEL_300X300_DIK_HALFST","SO"
"http://digitalbuildingdata.tech/nlcs/def/85941987-3ae9-4c3c-b37a-a50599ece9ef","TEGEL","SVH","","2329","SVH-TEGEL_300X300_DIK_LINT-SO","TEGEL_300X300_DIK_LINT","SO"
"http://digitalbuildingdata.tech/nlcs/def/7c0c32b7-a6b9-46a3-bdfe-386fd63744c1","DAMWAND","SGC","","233","SGC-DAMWAND_STAAL_ARCELOR_AZ14_770-MM","DAMWAND_STAAL_ARCELOR_AZ14_770","MM"
"http://digitalbuildingdata.tech/nlcs/def/3df55518-2783-4753-adc3-c4abba2ebea4","TEGEL","SVH","V","2330","V-SVH-TEGEL_400X600_DUN_BLOK-SO","TEGEL_400X600_DUN_BLOK","SO"
"http://digitalbuildingdata.tech/nlcs/def/0a7f4e31-ae19-41cf-ba68-07c49903a39d","TEGEL","SVH","V","2331","V-SVH-TEGEL_400X600_DUN_HALFST-SO","TEGEL_400X600_DUN_HALFST","SO"
"http://digitalbuildingdata.tech/nlcs/def/e1ea6d2e-adff-41f3-9b0c-fa60060acf95","TEGEL","SVH","V","2332","V-SVH-TEGEL_400X600_DUN_LINT-SO","TEGEL_400X600_DUN_LINT","SO"
"http://digitalbuildingdata.tech/nlcs/def/17bd9de3-9d59-46bd-ac98-b05e51074766","TEGEL","SVH","V","2333","V-SVH-TEGEL_400X600_DIK_BLOK-SO","TEGEL_400X600_DIK_BLOK","SO"
"http://digitalbuildingdata.tech/nlcs/def/607e4d2d-0e88-415a-b913-668d102704c0","TEGEL","SVH","V","2334","V-SVH-TEGEL_400X600_DIK_HALFST-SO","TEGEL_400X600_DIK_HALFST","SO"
"http://digitalbuildingdata.tech/nlcs/def/cf551bbd-405d-4101-9bf4-f2695e561a14","TEGEL","SVH","V","2335","V-SVH-TEGEL_400X600_DIK_LINT-SO","TEGEL_400X600_DIK_LINT","SO"
"http://digitalbuildingdata.tech/nlcs/def/d90530ef-0acf-4591-a311-6c0e2d2451e2","TEGEL","SVH","V","2336","V-SVH-TEGEL_300X300_DUN_BLOK-SO","TEGEL_300X300_DUN_BLOK","SO"
"http://digitalbuildingdata.tech/nlcs/def/75b93ca4-0293-40ea-9ae7-ab6b72dc58a0","TEGEL","SVH","V","2337","V-SVH-TEGEL_300X300_DUN_HALFST-SO","TEGEL_300X300_DUN_HALFST","SO"
"http://digitalbuildingdata.tech/nlcs/def/9d5e302d-fdc7-4e6a-9425-fad85f275715","TEGEL","SVH","V","2338","V-SVH-TEGEL_300X300_DUN_LINT-SO","TEGEL_300X300_DUN_LINT","SO"
"http://digitalbuildingdata.tech/nlcs/def/bf9a8e01-369f-4ce5-ac9a-4317fc3b0eb7","TEGEL","SVH","V","2339","V-SVH-TEGEL_300X300_DIK_BLOK-SO","TEGEL_300X300_DIK_BLOK","SO"
"http://digitalbuildingdata.tech/nlcs/def/65040896-227d-4d59-92fb-e40489b73368","DAMWAND","SGC","","234","SGC-DAMWAND_STAAL_ARCELOR_AZ14_670-MM","DAMWAND_STAAL_ARCELOR_AZ14_670","MM"
"http://digitalbuildingdata.tech/nlcs/def/6c05830e-7ab9-4d4f-89d8-e0ea645a379d","TEGEL","SVH","V","2340","V-SVH-TEGEL_300X300_DIK_HALFST-SO","TEGEL_300X300_DIK_HALFST","SO"
"http://digitalbuildingdata.tech/nlcs/def/b5d59cf5-4d2d-446b-8aa8-328ec3bec8d8","TEGEL","SVH","V","2341","V-SVH-TEGEL_300X300_DIK_LINT-SO","TEGEL_300X300_DIK_LINT","SO"
"http://digitalbuildingdata.tech/nlcs/def/02f188d0-e058-4088-a021-0b60fc14dcab","KANTOPSLUITING","SVH","","2342","SVH-KANTOPSLUITING_ASFALTBAND_50X200X150-D","KANTOPSLUITING_ASFALTBAND_50X200X150","D"
"http://digitalbuildingdata.tech/nlcs/def/e2ba3aca-9890-418e-8f22-ee1285219cf8","KANTOPSLUITING","SVH","","2343","SVH-KANTOPSLUITING_ASFALTBAND_50X200X200-D","KANTOPSLUITING_ASFALTBAND_50X200X200","D"
"http://digitalbuildingdata.tech/nlcs/def/cb86c8e1-95c7-45ab-85ad-e27310250a80","KANTOPSLUITING","SVH","","2344","SVH-KANTOPSLUITING_ASFALTBAND_50X200X250-D","KANTOPSLUITING_ASFALTBAND_50X200X250","D"
"http://digitalbuildingdata.tech/nlcs/def/8a684ec5-ca5f-48ef-9db3-7cdc870c3d1c","KANTOPSLUITING","SVH","","2345","SVH-KANTOPSLUITING_GAZONBAND_100X150-D","KANTOPSLUITING_GAZONBAND_100X150","D"
"http://digitalbuildingdata.tech/nlcs/def/df06f0e9-abbc-4acb-959b-874040333e4c","KANTOPSLUITING","SVH","","2346","SVH-KANTOPSLUITING_GAZONBAND_100X200-D","KANTOPSLUITING_GAZONBAND_100X200","D"
"http://digitalbuildingdata.tech/nlcs/def/3f825673-e90c-42dc-8c90-e9e8cf016969","KANTOPSLUITING","SVH","","2347","SVH-KANTOPSLUITING_GAZONBAND_100X300-D","KANTOPSLUITING_GAZONBAND_100X300","D"
"http://digitalbuildingdata.tech/nlcs/def/9e4a486e-dc70-4499-9761-2609cc6494ea","KANTOPSLUITING","SVH","","2348","SVH-KANTOPSLUITING_GAZONBAND_120X200-D","KANTOPSLUITING_GAZONBAND_120X200","D"
"http://digitalbuildingdata.tech/nlcs/def/318f70e8-033d-4bca-8bf9-01522bbf34b9","KANTOPSLUITING","SVH","","2349","SVH-KANTOPSLUITING_GAZONBAND_120X250-D","KANTOPSLUITING_GAZONBAND_120X250","D"
"http://digitalbuildingdata.tech/nlcs/def/ed5f77d8-c231-4825-ae15-e1c14ed29991","DAMWAND","SGC","","235","SGC-DAMWAND_STAAL_ARCELOR_AZ17_700-MM","DAMWAND_STAAL_ARCELOR_AZ17_700","MM"
"http://digitalbuildingdata.tech/nlcs/def/b85b0582-8afa-4310-bd86-52da7453383b","KANTOPSLUITING","SVH","","2350","SVH-KANTOPSLUITING_GAZONBAND_150X400-D","KANTOPSLUITING_GAZONBAND_150X400","D"
"http://digitalbuildingdata.tech/nlcs/def/f04cd3f4-92db-4ba3-8d53-57d7b2680aa8","KANTOPSLUITING","SVH","","2351","SVH-KANTOPSLUITING_GAZONBAND_200X150-D","KANTOPSLUITING_GAZONBAND_200X150","D"
"http://digitalbuildingdata.tech/nlcs/def/212a3532-3abb-424c-9cd9-102bb6de2180","KANTOPSLUITING","SVH","","2352","SVH-KANTOPSLUITING_GAZONBAND_200X200-D","KANTOPSLUITING_GAZONBAND_200X200","D"
"http://digitalbuildingdata.tech/nlcs/def/1e0fce90-dbbb-49d2-9319-6d1b7c306ab0","KANTOPSLUITING","SVH","","2353","SVH-KANTOPSLUITING_GAZONBAND_60X200-D","KANTOPSLUITING_GAZONBAND_60X200","D"
"http://digitalbuildingdata.tech/nlcs/def/e0cf0d39-5824-4052-93e0-a1441b680cb3","KANTOPSLUITING","SVH","","2354","SVH-KANTOPSLUITING_GAZONBAND_80X200-D","KANTOPSLUITING_GAZONBAND_80X200","D"
"http://digitalbuildingdata.tech/nlcs/def/0ff22af6-d79b-424c-8cde-3755759a4cac","KANTOPSLUITING","SVH","","2355","SVH-KANTOPSLUITING_GELEIDEBAND_3740-D","KANTOPSLUITING_GELEIDEBAND_3740","D"
"http://digitalbuildingdata.tech/nlcs/def/703e17a8-8245-4e4f-864a-c1bb6e67de79","KANTOPSLUITING","SVH","","2356","SVH-KANTOPSLUITING_INRITBAND_160X450-D","KANTOPSLUITING_INRITBAND_160X450","D"
"http://digitalbuildingdata.tech/nlcs/def/e5f7a676-fa95-4317-a5b1-c8e5bedddc69","KANTOPSLUITING","SVH","","2357","SVH-KANTOPSLUITING_INRITBAND_160X450X500-D","KANTOPSLUITING_INRITBAND_160X450X500","D"
"http://digitalbuildingdata.tech/nlcs/def/0f44b2af-3239-4f0e-bf7a-1872beacc575","KANTOPSLUITING","SVH","","2358","SVH-KANTOPSLUITING_INRITBAND_160X500X500-D","KANTOPSLUITING_INRITBAND_160X500X500","D"
"http://digitalbuildingdata.tech/nlcs/def/354278ab-e75c-42f1-a75e-900dafae3cc7","KANTOPSLUITING","SVH","","2359","SVH-KANTOPSLUITING_INRITBAND_160X600X500-D","KANTOPSLUITING_INRITBAND_160X600X500","D"
"http://digitalbuildingdata.tech/nlcs/def/18dffe0c-fb3d-43a5-9cc1-1a2ec4d68810","DAMWAND","SGC","","236","SGC-DAMWAND_STAAL_ARCELOR_AZ17_630-MM","DAMWAND_STAAL_ARCELOR_AZ17_630","MM"
"http://digitalbuildingdata.tech/nlcs/def/66d86a1b-200f-4287-8e9b-6ba61149c629","KANTOPSLUITING","SVH","","2360","SVH-KANTOPSLUITING_INRITBAND_170X520-D","KANTOPSLUITING_INRITBAND_170X520","D"
"http://digitalbuildingdata.tech/nlcs/def/7efadc4f-efe6-4afb-ae2b-d04ee1075d1a","KANTOPSLUITING","SVH","","2361","SVH-KANTOPSLUITING_INRITBAND_200X600X300-D","KANTOPSLUITING_INRITBAND_200X600X300","D"
"http://digitalbuildingdata.tech/nlcs/def/75af735b-e79a-4e7b-840d-b5c163022068","KANTOPSLUITING","SVH","","2362","SVH-KANTOPSLUITING_INRITBAND_200X650X300-D","KANTOPSLUITING_INRITBAND_200X650X300","D"
"http://digitalbuildingdata.tech/nlcs/def/e402bea4-1219-45c0-b3ed-be0377e8b487","KANTOPSLUITING","SVH","","2363","SVH-KANTOPSLUITING_LEICONBAND_100X250-D","KANTOPSLUITING_LEICONBAND_100X250","D"
"http://digitalbuildingdata.tech/nlcs/def/2280ca10-0d9a-4f77-8b8b-25cc5d75d837","KANTOPSLUITING","SVH","","2364","SVH-KANTOPSLUITING_LEICONBAND_100X300-D","KANTOPSLUITING_LEICONBAND_100X300","D"
"http://digitalbuildingdata.tech/nlcs/def/a43e0efc-faf0-41ba-a59a-48eddd1d2ad8","KANTOPSLUITING","SVH","","2365","SVH-KANTOPSLUITING_LEICONBAND_B_4-D","KANTOPSLUITING_LEICONBAND_B_4","D"
"http://digitalbuildingdata.tech/nlcs/def/eb03cc2a-3d54-4aba-b86b-a5f036d30ed0","KANTOPSLUITING","SVH","","2366","SVH-KANTOPSLUITING_LEICONBAND_F25_4-D","KANTOPSLUITING_LEICONBAND_F25_4","D"
"http://digitalbuildingdata.tech/nlcs/def/558c72c5-9893-472a-9ad5-6dd378e6dc91","KANTOPSLUITING","SVH","","2367","SVH-KANTOPSLUITING_LEICONBAND_F25_8-D","KANTOPSLUITING_LEICONBAND_F25_8","D"
"http://digitalbuildingdata.tech/nlcs/def/3200ef24-6f0b-41be-9bbc-c4dc4ae970ef","KANTOPSLUITING","SVH","","2368","SVH-KANTOPSLUITING_LEICONBAND_F40_6-D","KANTOPSLUITING_LEICONBAND_F40_6","D"
"http://digitalbuildingdata.tech/nlcs/def/871b57a5-95d6-48a7-80f3-01a8b566d7fc","KANTOPSLUITING","SVH","","2369","SVH-KANTOPSLUITING_OPSLUITBAND_100X150-D","KANTOPSLUITING_OPSLUITBAND_100X150","D"
"http://digitalbuildingdata.tech/nlcs/def/1b540330-0675-4405-94e0-d8c46acf9a1c","DAMWAND","SGC","","237","SGC-DAMWAND_STAAL_ARCELOR_AZ18_630_10_10-MM","DAMWAND_STAAL_ARCELOR_AZ18_630_10_10","MM"
"http://digitalbuildingdata.tech/nlcs/def/c40dd8ef-8afd-42dd-8f65-27b0134b2964","KANTOPSLUITING","SVH","","2370","SVH-KANTOPSLUITING_OPSLUITBAND_100X200-D","KANTOPSLUITING_OPSLUITBAND_100X200","D"
"http://digitalbuildingdata.tech/nlcs/def/1edb98c3-1139-4d33-bab3-c5124c4dd3ee","KANTOPSLUITING","SVH","","2371","SVH-KANTOPSLUITING_OPSLUITBAND_100X300-D","KANTOPSLUITING_OPSLUITBAND_100X300","D"
"http://digitalbuildingdata.tech/nlcs/def/a100b2bb-51ec-4e2b-a99e-f5bddebb15a6","KANTOPSLUITING","SVH","","2372","SVH-KANTOPSLUITING_OPSLUITBAND_100X400-D","KANTOPSLUITING_OPSLUITBAND_100X400","D"
"http://digitalbuildingdata.tech/nlcs/def/dfd2cf9a-6fed-4124-9675-1939251742f0","KANTOPSLUITING","SVH","","2373","SVH-KANTOPSLUITING_OPSLUITBAND_120X250-D","KANTOPSLUITING_OPSLUITBAND_120X250","D"
"http://digitalbuildingdata.tech/nlcs/def/0d5c16f5-b2b2-42e7-bfc1-1659bd4885d5","KANTOPSLUITING","SVH","","2374","SVH-KANTOPSLUITING_OPSLUITBAND_150X250-D","KANTOPSLUITING_OPSLUITBAND_150X250","D"
"http://digitalbuildingdata.tech/nlcs/def/1302897a-3990-4e93-ba9f-3f3c9b3c0a42","KANTOPSLUITING","SVH","","2375","SVH-KANTOPSLUITING_OPSLUITBAND_150X300-D","KANTOPSLUITING_OPSLUITBAND_150X300","D"
"http://digitalbuildingdata.tech/nlcs/def/d98ce915-829b-4ecd-aa6c-68c9edfc7c8b","KANTOPSLUITING","SVH","","2376","SVH-KANTOPSLUITING_OPSLUITBAND_150X400-D","KANTOPSLUITING_OPSLUITBAND_150X400","D"
"http://digitalbuildingdata.tech/nlcs/def/67808fc3-7027-436e-9c4d-a54e99e84df3","KANTOPSLUITING","SVH","","2377","SVH-KANTOPSLUITING_OPSLUITBAND_200X250-D","KANTOPSLUITING_OPSLUITBAND_200X250","D"
"http://digitalbuildingdata.tech/nlcs/def/ebc4077d-e830-42d5-b943-46c812574bfb","KANTOPSLUITING","SVH","","2378","SVH-KANTOPSLUITING_OPSLUITBAND_200X300-D","KANTOPSLUITING_OPSLUITBAND_200X300","D"
"http://digitalbuildingdata.tech/nlcs/def/d7f8900c-7e22-4cde-b44e-fa935b0071c3","KANTOPSLUITING","SVH","","2379","SVH-KANTOPSLUITING_OPSLUITBAND_300X250-D","KANTOPSLUITING_OPSLUITBAND_300X250","D"
"http://digitalbuildingdata.tech/nlcs/def/ddf5f5f0-dc6e-4036-ac84-f3685cee2c0d","DAMWAND","SGC","","238","SGC-DAMWAND_STAAL_ARCELOR_AZ18_700-MM","DAMWAND_STAAL_ARCELOR_AZ18_700","MM"
"http://digitalbuildingdata.tech/nlcs/def/26245d22-4c49-42a5-adb5-962e57bcb1c0","KANTOPSLUITING","SVH","","2380","SVH-KANTOPSLUITING_OPSLUITBAND_50X150-D","KANTOPSLUITING_OPSLUITBAND_50X150","D"
"http://digitalbuildingdata.tech/nlcs/def/4b4e79aa-56af-476c-90c5-89d9a64ea10c","KANTOPSLUITING","SVH","","2381","SVH-KANTOPSLUITING_OPSLUITBAND_60X150-D","KANTOPSLUITING_OPSLUITBAND_60X150","D"
"http://digitalbuildingdata.tech/nlcs/def/d2f426df-d788-4a33-8a58-d2a4b93296fd","KANTOPSLUITING","SVH","","2382","SVH-KANTOPSLUITING_OPSLUITBAND_60X200-D","KANTOPSLUITING_OPSLUITBAND_60X200","D"
"http://digitalbuildingdata.tech/nlcs/def/b8255506-b6e4-4b8c-a3a5-00408436f50d","KANTOPSLUITING","SVH","","2383","SVH-KANTOPSLUITING_OPSLUITBAND_80X200-D","KANTOPSLUITING_OPSLUITBAND_80X200","D"
"http://digitalbuildingdata.tech/nlcs/def/97b73926-064e-4791-8f87-32e31ae8c46b","KANTOPSLUITING","SVH","","2384","SVH-KANTOPSLUITING_SIGNALERINGSBAND_OOG_110 220X160-D","KANTOPSLUITING_SIGNALERINGSBAND_OOG_110 220X160","D"
"http://digitalbuildingdata.tech/nlcs/def/1af3fc39-3290-4972-b1ce-810bd9f23869","KANTOPSLUITING","SVH","","2385","SVH-KANTOPSLUITING_SIGNALERINGSBAND_OOG_110 220X250-D","KANTOPSLUITING_SIGNALERINGSBAND_OOG_110 220X250","D"
"http://digitalbuildingdata.tech/nlcs/def/a1e9d263-f470-42ac-9cb1-4da85c7c9818","KANTOPSLUITING","SVH","","2386","SVH-KANTOPSLUITING_SIGNALERINGSBAND_OOG_130 150X160-D","KANTOPSLUITING_SIGNALERINGSBAND_OOG_130 150X160","D"
"http://digitalbuildingdata.tech/nlcs/def/ac4eea35-e05c-438d-b654-4f0f9cfb2c4a","KANTOPSLUITING","SVH","","2387","SVH-KANTOPSLUITING_SIGNALERINGSBAND_OOG_130 150X250-D","KANTOPSLUITING_SIGNALERINGSBAND_OOG_130 150X250","D"
"http://digitalbuildingdata.tech/nlcs/def/f65e39f6-336f-4e83-9b50-abaefd9fa349","KANTOPSLUITING","SVH","","2388","SVH-KANTOPSLUITING_SIGNALERINGSBAND_OOG_180 200X160-D","KANTOPSLUITING_SIGNALERINGSBAND_OOG_180 200X160","D"
"http://digitalbuildingdata.tech/nlcs/def/2d682805-c432-45e6-9095-1ca58bc1b17c","KANTOPSLUITING","SVH","","2389","SVH-KANTOPSLUITING_SIGNALERINGSBAND_OOG_180 200X250-D","KANTOPSLUITING_SIGNALERINGSBAND_OOG_180 200X250","D"
"http://digitalbuildingdata.tech/nlcs/def/94161b53-cb93-4746-b349-7ef2a7a30ca2","DAMWAND","SGC","","239","SGC-DAMWAND_STAAL_ARCELOR_AZ18_630-MM","DAMWAND_STAAL_ARCELOR_AZ18_630","MM"
"http://digitalbuildingdata.tech/nlcs/def/dcc48c65-1938-44e8-a281-2e135b111028","KANTOPSLUITING","SVH","","2390","SVH-KANTOPSLUITING_PLAKBAND_130 150X100-D","KANTOPSLUITING_PLAKBAND_130 150X100","D"
"http://digitalbuildingdata.tech/nlcs/def/7f3e51c2-c459-417a-a9a5-0eaf07eaf627","KANTOPSLUITING","SVH","","2391","SVH-KANTOPSLUITING_PLAKBAND_130 150X110-D","KANTOPSLUITING_PLAKBAND_130 150X110","D"
"http://digitalbuildingdata.tech/nlcs/def/46c956a9-faa3-4934-a4ed-d768e4f07f57","KANTOPSLUITING","SVH","","2392","SVH-KANTOPSLUITING_PLAKBAND_130 150X120-D","KANTOPSLUITING_PLAKBAND_130 150X120","D"
"http://digitalbuildingdata.tech/nlcs/def/fe497ed1-8de8-41a8-8bcb-2ea34314af1a","KANTOPSLUITING","SVH","","2393","SVH-KANTOPSLUITING_PLAKBAND_130 150X140-D","KANTOPSLUITING_PLAKBAND_130 150X140","D"
"http://digitalbuildingdata.tech/nlcs/def/66a73b96-42a0-4d99-91ac-62def571d6c0","KANTOPSLUITING","SVH","","2394","SVH-KANTOPSLUITING_PLAKBAND_80 160X100-D","KANTOPSLUITING_PLAKBAND_80 160X100","D"
"http://digitalbuildingdata.tech/nlcs/def/d187d9b2-4f0b-4f26-a8b3-0bd52bc35730","KANTOPSLUITING","SVH","","2395","SVH-KANTOPSLUITING_PLAKBAND_80X150-D","KANTOPSLUITING_PLAKBAND_80X150","D"
"http://digitalbuildingdata.tech/nlcs/def/e8029596-1096-4a74-a956-f3b7e0b5d896","KANTOPSLUITING","SVH","","2396","SVH-KANTOPSLUITING_PWS_250 130X200-D","KANTOPSLUITING_PWS_250 130X200","D"
"http://digitalbuildingdata.tech/nlcs/def/22fbc8c4-30e4-4b78-9d03-736358ff0401","KANTOPSLUITING","SVH","","2397","SVH-KANTOPSLUITING_PWS_250 130X250-D","KANTOPSLUITING_PWS_250 130X250","D"
"http://digitalbuildingdata.tech/nlcs/def/26006fed-d98b-4479-ab29-596b03b6fe99","KANTOPSLUITING","SVH","","2398","SVH-KANTOPSLUITING_ROTONDE-D","KANTOPSLUITING_ROTONDE","D"
"http://digitalbuildingdata.tech/nlcs/def/ee2af2e2-1c46-4d54-9795-0be972521445","KANTOPSLUITING","SVH","","2399","SVH-KANTOPSLUITING_RIJWIELPADBAND_120X250-D","KANTOPSLUITING_RIJWIELPADBAND_120X250","D"
"http://digitalbuildingdata.tech/nlcs/def/7e418e04-d420-4a64-add1-c0b35c1559b2","TEKENBLAD","SAL","","24","SAL-TEKENBLAD_A2_420X1890-SO","TEKENBLAD_A2_420X1890","SO"
"http://digitalbuildingdata.tech/nlcs/def/b88c0d7a-8ac8-4f9b-9f13-0a9f233cc5f7","DAMWAND","SGC","","240","SGC-DAMWAND_STAAL_ARCELOR_AZ19_700-MM","DAMWAND_STAAL_ARCELOR_AZ19_700","MM"
"http://digitalbuildingdata.tech/nlcs/def/99af5c4f-7d7d-4c5e-99ca-0d56fcc92468","KANTOPSLUITING","SVH","","2400","SVH-KANTOPSLUITING_RIJWIELPADBAND_80X200-D","KANTOPSLUITING_RIJWIELPADBAND_80X200","D"
"http://digitalbuildingdata.tech/nlcs/def/c183a29e-09d2-48ba-a0fa-5d24e5827715","KANTOPSLUITING","SVH","","2401","SVH-KANTOPSLUITING_RWS_110 220X160-D","KANTOPSLUITING_RWS_110 220X160","D"
"http://digitalbuildingdata.tech/nlcs/def/f22c04ff-d8da-4e6f-a334-12ddd3c989ef","KANTOPSLUITING","SVH","","2402","SVH-KANTOPSLUITING_RWS_110 220X200-D","KANTOPSLUITING_RWS_110 220X200","D"
"http://digitalbuildingdata.tech/nlcs/def/54b346eb-d58a-4b32-b7b0-c2a06c7883e7","KANTOPSLUITING","SVH","","2403","SVH-KANTOPSLUITING_RWS_110 220X250-D","KANTOPSLUITING_RWS_110 220X250","D"
"http://digitalbuildingdata.tech/nlcs/def/b29a78a1-d341-44c0-8636-5c33811b31b3","KANTOPSLUITING","SVH","","2404","SVH-KANTOPSLUITING_SCHEIDINGSBAND_110 220X130 150-D","KANTOPSLUITING_SCHEIDINGSBAND_110 220X130 150","D"
"http://digitalbuildingdata.tech/nlcs/def/63fd3351-2710-4f8a-84e1-b9ebbf89ecef","KANTOPSLUITING","SVH","","2405","SVH-KANTOPSLUITING_SCHEIDINGSBAND_180 200-D","KANTOPSLUITING_SCHEIDINGSBAND_180 200","D"
"http://digitalbuildingdata.tech/nlcs/def/3f1bb759-db78-462e-ac88-441e8cfe4caa","KANTOPSLUITING","SVH","","2406","SVH-KANTOPSLUITING_STOOTBAND_100X250-D","KANTOPSLUITING_STOOTBAND_100X250","D"
"http://digitalbuildingdata.tech/nlcs/def/40d943e9-72b3-41b1-93ed-df5069597340","KANTOPSLUITING","SVH","","2407","SVH-KANTOPSLUITING_STOOTBAND_150X200-D","KANTOPSLUITING_STOOTBAND_150X200","D"
"http://digitalbuildingdata.tech/nlcs/def/f6c6ce43-603f-4e0e-8dd1-42f396166653","KANTOPSLUITING","SVH","","2408","SVH-KANTOPSLUITING_STOOTBAND_200X200-D","KANTOPSLUITING_STOOTBAND_200X200","D"
"http://digitalbuildingdata.tech/nlcs/def/6df765f3-c240-4545-93dc-cdd77bda9f28","KANTOPSLUITING","SVH","","2409","SVH-KANTOPSLUITING_STOOTBAND_250X250-D","KANTOPSLUITING_STOOTBAND_250X250","D"
"http://digitalbuildingdata.tech/nlcs/def/dc39a16b-d30b-4802-b0ed-8863631058c6","DAMWAND","SGC","","241","SGC-DAMWAND_STAAL_ARCELOR_AZ19_630-MM","DAMWAND_STAAL_ARCELOR_AZ19_630","MM"
"http://digitalbuildingdata.tech/nlcs/def/51cb72e2-9211-481c-88ac-9df149af3fa6","KANTOPSLUITING","SVH","","2410","SVH-KANTOPSLUITING_STOOTBAND_300X300-D","KANTOPSLUITING_STOOTBAND_300X300","D"
"http://digitalbuildingdata.tech/nlcs/def/313ed674-997b-4341-9724-ec097bb2a474","KANTOPSLUITING","SVH","","2411","SVH-KANTOPSLUITING_TROTTOIRBAND_130 150X160-D","KANTOPSLUITING_TROTTOIRBAND_130 150X160","D"
"http://digitalbuildingdata.tech/nlcs/def/886f3821-594f-4f1d-9901-434aa04ec23d","KANTOPSLUITING","SVH","","2412","SVH-KANTOPSLUITING_TROTTOIRBAND_130 150X200-D","KANTOPSLUITING_TROTTOIRBAND_130 150X200","D"
"http://digitalbuildingdata.tech/nlcs/def/5205c141-1d10-4484-b974-8f86ca2eb2ac","KANTOPSLUITING","SVH","","2413","SVH-KANTOPSLUITING_TROTTOIRBAND_130 150X250-D","KANTOPSLUITING_TROTTOIRBAND_130 150X250","D"
"http://digitalbuildingdata.tech/nlcs/def/4a137fed-01cb-4837-974f-bd06871f9ed6","KANTOPSLUITING","SVH","","2414","SVH-KANTOPSLUITING_TROTTOIRBAND_130 150X300-D","KANTOPSLUITING_TROTTOIRBAND_130 150X300","D"
"http://digitalbuildingdata.tech/nlcs/def/8fde84e5-3b14-489a-8683-067b32530e67","KANTOPSLUITING","SVH","","2415","SVH-KANTOPSLUITING_TROTTOIRBAND_180 200X160-D","KANTOPSLUITING_TROTTOIRBAND_180 200X160","D"
"http://digitalbuildingdata.tech/nlcs/def/1c72fb61-f61d-4d0c-90c2-2e2a876a3c65","KANTOPSLUITING","SVH","","2416","SVH-KANTOPSLUITING_TROTTOIRBAND_180 200X200-D","KANTOPSLUITING_TROTTOIRBAND_180 200X200","D"
"http://digitalbuildingdata.tech/nlcs/def/74e9ea6a-baed-463e-a246-7a4859e37401","KANTOPSLUITING","SVH","","2417","SVH-KANTOPSLUITING_TROTTOIRBAND_180 200X250-D","KANTOPSLUITING_TROTTOIRBAND_180 200X250","D"
"http://digitalbuildingdata.tech/nlcs/def/c4c74c9b-9465-4083-bd5c-74f93561b12c","KANTOPSLUITING","SVH","","2418","SVH-KANTOPSLUITING_TROTTOIRBAND_190 220X160-D","KANTOPSLUITING_TROTTOIRBAND_190 220X160","D"
"http://digitalbuildingdata.tech/nlcs/def/e10fef6f-b1a7-4742-a07f-ec69d6f120fe","KANTOPSLUITING","SVH","","2419","SVH-KANTOPSLUITING_TROTTOIRBAND_70 150X250-D","KANTOPSLUITING_TROTTOIRBAND_70 150X250","D"
"http://digitalbuildingdata.tech/nlcs/def/db90699e-709f-4192-8261-57e4d43959eb","DAMWAND","SGC","","242","SGC-DAMWAND_STAAL_ARCELOR_AZ20_700-MM","DAMWAND_STAAL_ARCELOR_AZ20_700","MM"
"http://digitalbuildingdata.tech/nlcs/def/7b98c486-a5f6-4e97-a10e-ecb9b1562fb2","KANTOPSLUITING","SVH","","2420","SVH-KANTOPSLUITING_TROTTOIRBAND_75 150X200-D","KANTOPSLUITING_TROTTOIRBAND_75 150X200","D"
"http://digitalbuildingdata.tech/nlcs/def/4988e8cb-1fdd-44bb-a6f7-a43700576aa3","KANTOPSLUITING","SVH","","2423","SVH-KANTOPSLUITING_GELEIDEBAND_ZOABBAND_50_200X200-D","KANTOPSLUITING_GELEIDEBAND_ZOABBAND_50_200X200","D"
"http://digitalbuildingdata.tech/nlcs/def/7f728393-9355-41ff-9690-9cb9e4718dc3","GOOT","SVH","","2424","SVH-GOOT_ZOAB_01-D","GOOT_ZOAB_01","D"
"http://digitalbuildingdata.tech/nlcs/def/a0e7adfc-4438-4b1b-9462-e3c14d773a40","GOOT","SVH","","2425","SVH-GOOT_ZOAB_02-D","GOOT_ZOAB_02","D"
"http://digitalbuildingdata.tech/nlcs/def/4a0f4acb-5cd8-4c3d-b4de-be34d9c4ae6c","KANTOPSLUITING","SVH","","2426","SVH-KANTOPSLUITING_AMSTELBAND_200X360-D","KANTOPSLUITING_AMSTELBAND_200X360","D"
"http://digitalbuildingdata.tech/nlcs/def/cb4dc34d-97f9-4182-aaa9-6a2258801d69","KANTOPSLUITING","SVH","","2427","SVH-KANTOPSLUITING_HAVENBAND_400X400-D","KANTOPSLUITING_HAVENBAND_400X400","D"
"http://digitalbuildingdata.tech/nlcs/def/c5ef3750-f64c-44b6-9e3d-fcfdd155e1df","KANTOPSLUITING","SVH","","2428","SVH-KANTOPSLUITING_TALUDBAND_380X300-D","KANTOPSLUITING_TALUDBAND_380X300","D"
"http://digitalbuildingdata.tech/nlcs/def/20bffe5d-2a09-47d2-84f0-d2518d64c36d","KANTOPSLUITING","SVH","","2429","SVH-KANTOPSLUITING_TROTTOIRBAND_ZOABBAND_180 200-D","KANTOPSLUITING_TROTTOIRBAND_ZOABBAND_180 200","D"
"http://digitalbuildingdata.tech/nlcs/def/1929e583-3cce-4adf-86c9-5c55d129f3d0","DAMWAND","SGC","","243","SGC-DAMWAND_STAAL_ARCELOR_AZ24_700-MM","DAMWAND_STAAL_ARCELOR_AZ24_700","MM"
"http://digitalbuildingdata.tech/nlcs/def/08daceaf-a499-404e-a513-2c63014ca6f8","GOOT","SVH","","2430","SVH-GOOT_ZOAB_220X160-D","GOOT_ZOAB_220X160","D"
"http://digitalbuildingdata.tech/nlcs/def/0f8867c6-0e16-4f55-9ae2-30912ea1510c","KANTOPSLUITING","SVH","B","2431","B-SVH-KANTOPSLUITING_ASFALTBAND_50X200X150-D","KANTOPSLUITING_ASFALTBAND_50X200X150","D"
"http://digitalbuildingdata.tech/nlcs/def/834c32f8-6d0e-4a8f-96b5-097eaa5c40fa","KANTOPSLUITING","SVH","B","2432","B-SVH-KANTOPSLUITING_ASFALTBAND_50X200X200-D","KANTOPSLUITING_ASFALTBAND_50X200X200","D"
"http://digitalbuildingdata.tech/nlcs/def/b2a18c50-07de-4cb7-80cb-a9f443b46748","KANTOPSLUITING","SVH","B","2433","B-SVH-KANTOPSLUITING_ASFALTBAND_50X200X250-D","KANTOPSLUITING_ASFALTBAND_50X200X250","D"
"http://digitalbuildingdata.tech/nlcs/def/377862ef-29c2-49dc-9962-6be92b55ad30","KANTOPSLUITING","SVH","B","2434","B-SVH-KANTOPSLUITING_GAZONBAND_100X150-D","KANTOPSLUITING_GAZONBAND_100X150","D"
"http://digitalbuildingdata.tech/nlcs/def/edf2b299-9cb6-4ded-8ab3-a128edacc5cd","KANTOPSLUITING","SVH","B","2435","B-SVH-KANTOPSLUITING_GAZONBAND_100X200-D","KANTOPSLUITING_GAZONBAND_100X200","D"
"http://digitalbuildingdata.tech/nlcs/def/09e7da29-0760-4b6e-9463-eba3b76332a2","KANTOPSLUITING","SVH","B","2436","B-SVH-KANTOPSLUITING_GAZONBAND_100X300-D","KANTOPSLUITING_GAZONBAND_100X300","D"
"http://digitalbuildingdata.tech/nlcs/def/715b0095-6120-4331-94e7-b693a3e7318a","KANTOPSLUITING","SVH","B","2437","B-SVH-KANTOPSLUITING_GAZONBAND_120X200-D","KANTOPSLUITING_GAZONBAND_120X200","D"
"http://digitalbuildingdata.tech/nlcs/def/8ea0a82b-a526-4ba3-94d8-6933b1f8fec4","KANTOPSLUITING","SVH","B","2438","B-SVH-KANTOPSLUITING_GAZONBAND_120X250-D","KANTOPSLUITING_GAZONBAND_120X250","D"
"http://digitalbuildingdata.tech/nlcs/def/0155e542-5424-4ac5-abe7-d45b9e8b18fa","KANTOPSLUITING","SVH","B","2439","B-SVH-KANTOPSLUITING_GAZONBAND_150X400-D","KANTOPSLUITING_GAZONBAND_150X400","D"
"http://digitalbuildingdata.tech/nlcs/def/3931593b-bd28-4886-a3af-36476d324271","DAMWAND","SGC","","244","SGC-DAMWAND_STAAL_ARCELOR_AZ25_630-MM","DAMWAND_STAAL_ARCELOR_AZ25_630","MM"
"http://digitalbuildingdata.tech/nlcs/def/ffb15a55-ba87-484e-b95b-3b1d7847e585","KANTOPSLUITING","SVH","B","2440","B-SVH-KANTOPSLUITING_GAZONBAND_200X150-D","KANTOPSLUITING_GAZONBAND_200X150","D"
"http://digitalbuildingdata.tech/nlcs/def/4894be17-dee4-41a2-8170-1dad5cb6ab5c","KANTOPSLUITING","SVH","B","2441","B-SVH-KANTOPSLUITING_GAZONBAND_200X200-D","KANTOPSLUITING_GAZONBAND_200X200","D"
"http://digitalbuildingdata.tech/nlcs/def/ab1bf5a5-d30b-4748-bfdf-4e06a543ec1f","KANTOPSLUITING","SVH","B","2442","B-SVH-KANTOPSLUITING_GAZONBAND_60X200-D","KANTOPSLUITING_GAZONBAND_60X200","D"
"http://digitalbuildingdata.tech/nlcs/def/d93a6f27-54b0-4b6c-a8eb-1b014476eec4","KANTOPSLUITING","SVH","B","2443","B-SVH-KANTOPSLUITING_GAZONBAND_80X200-D","KANTOPSLUITING_GAZONBAND_80X200","D"
"http://digitalbuildingdata.tech/nlcs/def/74484312-ce30-4a2b-8d03-990f62cd9c38","KANTOPSLUITING","SVH","B","2444","B-SVH-KANTOPSLUITING_GELEIDEBAND_3740-D","KANTOPSLUITING_GELEIDEBAND_3740","D"
"http://digitalbuildingdata.tech/nlcs/def/fe34b8ac-d6fd-4e62-b3ce-de976e446484","KANTOPSLUITING","SVH","B","2445","B-SVH-KANTOPSLUITING_INRITBAND_160X450-D","KANTOPSLUITING_INRITBAND_160X450","D"
"http://digitalbuildingdata.tech/nlcs/def/37b9590b-4a5a-4488-8c3e-164133aa4183","KANTOPSLUITING","SVH","B","2446","B-SVH-KANTOPSLUITING_INRITBAND_160X450X500-D","KANTOPSLUITING_INRITBAND_160X450X500","D"
"http://digitalbuildingdata.tech/nlcs/def/e2157fff-5b5e-416f-b8a9-855f517f5cbf","KANTOPSLUITING","SVH","B","2447","B-SVH-KANTOPSLUITING_INRITBAND_160X500X500-D","KANTOPSLUITING_INRITBAND_160X500X500","D"
"http://digitalbuildingdata.tech/nlcs/def/9687899d-4324-46e2-93bb-20b927a5e95b","KANTOPSLUITING","SVH","B","2448","B-SVH-KANTOPSLUITING_INRITBAND_160X600X500-D","KANTOPSLUITING_INRITBAND_160X600X500","D"
"http://digitalbuildingdata.tech/nlcs/def/231121eb-55ea-449d-a3eb-a51e3ea25fa2","KANTOPSLUITING","SVH","B","2449","B-SVH-KANTOPSLUITING_INRITBAND_170X520-D","KANTOPSLUITING_INRITBAND_170X520","D"
"http://digitalbuildingdata.tech/nlcs/def/25c50b99-8c0b-4337-a23d-b69c0840d2ae","DAMWAND","SGC","","245","SGC-DAMWAND_STAAL_ARCELOR_AZ26_700-MM","DAMWAND_STAAL_ARCELOR_AZ26_700","MM"
"http://digitalbuildingdata.tech/nlcs/def/03d8ca09-da56-4b35-ae53-6628c8c01886","KANTOPSLUITING","SVH","B","2450","B-SVH-KANTOPSLUITING_INRITBAND_200X600X300-D","KANTOPSLUITING_INRITBAND_200X600X300","D"
"http://digitalbuildingdata.tech/nlcs/def/a0f6de77-1620-4cae-8ad3-9d6e8ef6de84","KANTOPSLUITING","SVH","B","2451","B-SVH-KANTOPSLUITING_INRITBAND_200X650X300-D","KANTOPSLUITING_INRITBAND_200X650X300","D"
"http://digitalbuildingdata.tech/nlcs/def/c5ebe091-1f20-415d-aaae-162683849ba5","KANTOPSLUITING","SVH","B","2452","B-SVH-KANTOPSLUITING_LEICONBAND_100X250-D","KANTOPSLUITING_LEICONBAND_100X250","D"
"http://digitalbuildingdata.tech/nlcs/def/b14d997d-e0bf-4afa-bc5e-a7d36d33c172","KANTOPSLUITING","SVH","B","2453","B-SVH-KANTOPSLUITING_LEICONBAND_100X300-D","KANTOPSLUITING_LEICONBAND_100X300","D"
"http://digitalbuildingdata.tech/nlcs/def/8fe0d881-b31d-41d3-8da6-56f50a18a41e","KANTOPSLUITING","SVH","B","2454","B-SVH-KANTOPSLUITING_LEICONBAND_B_4-D","KANTOPSLUITING_LEICONBAND_B_4","D"
"http://digitalbuildingdata.tech/nlcs/def/785ed365-78f5-4ac1-8c4c-86bb5d3d2355","KANTOPSLUITING","SVH","B","2455","B-SVH-KANTOPSLUITING_LEICONBAND_F25_4-D","KANTOPSLUITING_LEICONBAND_F25_4","D"
"http://digitalbuildingdata.tech/nlcs/def/0f94bfb6-5614-46c4-9c12-9ad1a1416195","KANTOPSLUITING","SVH","B","2456","B-SVH-KANTOPSLUITING_LEICONBAND_F25_8-D","KANTOPSLUITING_LEICONBAND_F25_8","D"
"http://digitalbuildingdata.tech/nlcs/def/862c7eed-40c6-4aec-89bf-67ba7fe78532","KANTOPSLUITING","SVH","B","2457","B-SVH-KANTOPSLUITING_LEICONBAND_F40_6-D","KANTOPSLUITING_LEICONBAND_F40_6","D"
"http://digitalbuildingdata.tech/nlcs/def/2b59c2d6-b6cc-4f77-abb8-8cb057a242e2","KANTOPSLUITING","SVH","B","2458","B-SVH-KANTOPSLUITING_OPSLUITBAND_100X150-D","KANTOPSLUITING_OPSLUITBAND_100X150","D"
"http://digitalbuildingdata.tech/nlcs/def/98881d54-407c-4e7b-b11e-2144ef6353af","KANTOPSLUITING","SVH","B","2459","B-SVH-KANTOPSLUITING_OPSLUITBAND_100X200-D","KANTOPSLUITING_OPSLUITBAND_100X200","D"
"http://digitalbuildingdata.tech/nlcs/def/cabfbc68-1d50-4c24-a6ea-cf16d3bf4e3c","DAMWAND","SGC","","246","SGC-DAMWAND_STAAL_ARCELOR_AZ26_630-MM","DAMWAND_STAAL_ARCELOR_AZ26_630","MM"
"http://digitalbuildingdata.tech/nlcs/def/793ab91e-7afc-44bf-abc7-cf5c528a7e85","KANTOPSLUITING","SVH","B","2460","B-SVH-KANTOPSLUITING_OPSLUITBAND_100X300-D","KANTOPSLUITING_OPSLUITBAND_100X300","D"
"http://digitalbuildingdata.tech/nlcs/def/b12fe769-9fa0-4077-99b2-965bca6717ad","KANTOPSLUITING","SVH","B","2461","B-SVH-KANTOPSLUITING_OPSLUITBAND_100X400-D","KANTOPSLUITING_OPSLUITBAND_100X400","D"
"http://digitalbuildingdata.tech/nlcs/def/45da4454-059d-4dda-adb7-fcff0b3906d4","KANTOPSLUITING","SVH","B","2462","B-SVH-KANTOPSLUITING_OPSLUITBAND_120X250-D","KANTOPSLUITING_OPSLUITBAND_120X250","D"
"http://digitalbuildingdata.tech/nlcs/def/7fa7a3d2-b56a-4cce-ba96-2d7e18666c19","KANTOPSLUITING","SVH","B","2463","B-SVH-KANTOPSLUITING_OPSLUITBAND_150X250-D","KANTOPSLUITING_OPSLUITBAND_150X250","D"
"http://digitalbuildingdata.tech/nlcs/def/ff223382-1b3e-461f-8884-9a95ddc5bd5f","KANTOPSLUITING","SVH","B","2464","B-SVH-KANTOPSLUITING_OPSLUITBAND_150X300-D","KANTOPSLUITING_OPSLUITBAND_150X300","D"
"http://digitalbuildingdata.tech/nlcs/def/96947f4c-23d1-467d-8b4c-adfc17645db3","KANTOPSLUITING","SVH","B","2465","B-SVH-KANTOPSLUITING_OPSLUITBAND_150X400-D","KANTOPSLUITING_OPSLUITBAND_150X400","D"
"http://digitalbuildingdata.tech/nlcs/def/94e267af-8ded-4a8f-8bb7-3184337a1740","KANTOPSLUITING","SVH","B","2466","B-SVH-KANTOPSLUITING_OPSLUITBAND_200X250-D","KANTOPSLUITING_OPSLUITBAND_200X250","D"
"http://digitalbuildingdata.tech/nlcs/def/67e0f78d-c2a5-4a2d-addf-2db2b2d90c77","KANTOPSLUITING","SVH","B","2467","B-SVH-KANTOPSLUITING_OPSLUITBAND_200X300-D","KANTOPSLUITING_OPSLUITBAND_200X300","D"
"http://digitalbuildingdata.tech/nlcs/def/9c3d0bc2-ef49-4b37-9ee2-63cad4623709","KANTOPSLUITING","SVH","B","2468","B-SVH-KANTOPSLUITING_OPSLUITBAND_300X250-D","KANTOPSLUITING_OPSLUITBAND_300X250","D"
"http://digitalbuildingdata.tech/nlcs/def/8aa12ab9-9f74-4c6d-b5d5-c618b9d8dded","KANTOPSLUITING","SVH","B","2469","B-SVH-KANTOPSLUITING_OPSLUITBAND_50X150-D","KANTOPSLUITING_OPSLUITBAND_50X150","D"
"http://digitalbuildingdata.tech/nlcs/def/c9433f00-a4f0-4d15-8c35-a396deb45e77","DAMWAND","SGC","","247","SGC-DAMWAND_STAAL_ARCELOR_AZ28_700-MM","DAMWAND_STAAL_ARCELOR_AZ28_700","MM"
"http://digitalbuildingdata.tech/nlcs/def/a628fc1b-8956-4687-9bdd-33310a558cbd","KANTOPSLUITING","SVH","B","2470","B-SVH-KANTOPSLUITING_OPSLUITBAND_60X150-D","KANTOPSLUITING_OPSLUITBAND_60X150","D"
"http://digitalbuildingdata.tech/nlcs/def/1e7ecd01-b994-4da4-b643-c972baa5c947","KANTOPSLUITING","SVH","B","2471","B-SVH-KANTOPSLUITING_OPSLUITBAND_60X200-D","KANTOPSLUITING_OPSLUITBAND_60X200","D"
"http://digitalbuildingdata.tech/nlcs/def/c6e96f15-8be1-4dfa-81b5-52bd2e16a752","KANTOPSLUITING","SVH","B","2472","B-SVH-KANTOPSLUITING_OPSLUITBAND_80X200-D","KANTOPSLUITING_OPSLUITBAND_80X200","D"
"http://digitalbuildingdata.tech/nlcs/def/0a988dfd-9efe-4cd6-9ebb-43ee5f3024a7","KANTOPSLUITING","SVH","B","2473","B-SVH-KANTOPSLUITING_SIGNALERINGSBAND_OOG_110 220X160-D","KANTOPSLUITING_SIGNALERINGSBAND_OOG_110 220X160","D"
"http://digitalbuildingdata.tech/nlcs/def/01a8ce50-2b20-4379-9cac-f308f897a4a2","KANTOPSLUITING","SVH","B","2474","B-SVH-KANTOPSLUITING_SIGNALERINGSBAND_OOG_110 220X250-D","KANTOPSLUITING_SIGNALERINGSBAND_OOG_110 220X250","D"
"http://digitalbuildingdata.tech/nlcs/def/e2367e90-60f0-4d2b-91c3-25365cef2f19","KANTOPSLUITING","SVH","B","2475","B-SVH-KANTOPSLUITING_SIGNALERINGSBAND_OOG_130 150X160-D","KANTOPSLUITING_SIGNALERINGSBAND_OOG_130 150X160","D"
"http://digitalbuildingdata.tech/nlcs/def/2add0abc-ea8d-4755-ab5c-d2d6bea2df59","KANTOPSLUITING","SVH","B","2476","B-SVH-KANTOPSLUITING_SIGNALERINGSBAND_OOG_130 150X250-D","KANTOPSLUITING_SIGNALERINGSBAND_OOG_130 150X250","D"
"http://digitalbuildingdata.tech/nlcs/def/107062c5-4bb0-4d37-9723-cfb065349982","KANTOPSLUITING","SVH","B","2477","B-SVH-KANTOPSLUITING_SIGNALERINGSBAND_OOG_180 200X160-D","KANTOPSLUITING_SIGNALERINGSBAND_OOG_180 200X160","D"
"http://digitalbuildingdata.tech/nlcs/def/80e548ae-0391-421e-aec2-89855fdebc86","KANTOPSLUITING","SVH","B","2478","B-SVH-KANTOPSLUITING_SIGNALERINGSBAND_OOG_180 200X250-D","KANTOPSLUITING_SIGNALERINGSBAND_OOG_180 200X250","D"
"http://digitalbuildingdata.tech/nlcs/def/f881ae35-bba3-4b2e-af84-f0f2c6cfe8e3","KANTOPSLUITING","SVH","B","2479","B-SVH-KANTOPSLUITING_PLAKBAND_130 150X100-D","KANTOPSLUITING_PLAKBAND_130 150X100","D"
"http://digitalbuildingdata.tech/nlcs/def/af044378-655b-46d9-ac87-ff221e4f5a23","DAMWAND","SGC","","248","SGC-DAMWAND_STAAL_ARCELOR_AZ28_630-MM","DAMWAND_STAAL_ARCELOR_AZ28_630","MM"
"http://digitalbuildingdata.tech/nlcs/def/74b4fdf7-bae1-4c5a-a28e-78988a470d1a","KANTOPSLUITING","SVH","B","2480","B-SVH-KANTOPSLUITING_PLAKBAND_130 150X110-D","KANTOPSLUITING_PLAKBAND_130 150X110","D"
"http://digitalbuildingdata.tech/nlcs/def/9670e83e-d7c5-4779-a342-1252877ccd7f","KANTOPSLUITING","SVH","B","2481","B-SVH-KANTOPSLUITING_PLAKBAND_130 150X120-D","KANTOPSLUITING_PLAKBAND_130 150X120","D"
"http://digitalbuildingdata.tech/nlcs/def/98cf58ba-8187-4ea2-a864-2a037ff0e545","KANTOPSLUITING","SVH","B","2482","B-SVH-KANTOPSLUITING_PLAKBAND_130 150X140-D","KANTOPSLUITING_PLAKBAND_130 150X140","D"
"http://digitalbuildingdata.tech/nlcs/def/7fbf818f-85a9-4774-983f-5489a8ad6ba8","KANTOPSLUITING","SVH","B","2483","B-SVH-KANTOPSLUITING_PLAKBAND_80 160X100-D","KANTOPSLUITING_PLAKBAND_80 160X100","D"
"http://digitalbuildingdata.tech/nlcs/def/8e151a5d-2028-4ec1-80c7-a49f46c4d706","KANTOPSLUITING","SVH","B","2484","B-SVH-KANTOPSLUITING_PLAKBAND_80X150-D","KANTOPSLUITING_PLAKBAND_80X150","D"
"http://digitalbuildingdata.tech/nlcs/def/d22be285-6970-4936-a87a-cff545cb4f8b","KANTOPSLUITING","SVH","B","2485","B-SVH-KANTOPSLUITING_PWS_250 130X200-D","KANTOPSLUITING_PWS_250 130X200","D"
"http://digitalbuildingdata.tech/nlcs/def/ea0ccd0d-ea27-4fd0-85e9-262e53b97bc5","KANTOPSLUITING","SVH","B","2486","B-SVH-KANTOPSLUITING_PWS_250 130X250-D","KANTOPSLUITING_PWS_250 130X250","D"
"http://digitalbuildingdata.tech/nlcs/def/83226e2e-fae8-4f72-93cd-c848111ce685","KANTOPSLUITING","SVH","B","2487","B-SVH-KANTOPSLUITING_ROTONDE-D","KANTOPSLUITING_ROTONDE","D"
"http://digitalbuildingdata.tech/nlcs/def/a52684fd-36bb-4532-a81a-92fc9542e103","KANTOPSLUITING","SVH","B","2488","B-SVH-KANTOPSLUITING_RIJWIELPADBAND_120X250-D","KANTOPSLUITING_RIJWIELPADBAND_120X250","D"
"http://digitalbuildingdata.tech/nlcs/def/67698254-0625-4c67-b5b9-29fe74c3462e","KANTOPSLUITING","SVH","B","2489","B-SVH-KANTOPSLUITING_RIJWIELPADBAND_80X200-D","KANTOPSLUITING_RIJWIELPADBAND_80X200","D"
"http://digitalbuildingdata.tech/nlcs/def/5c998e68-31a3-4e9f-aded-c8a50e1aff78","DAMWAND","SGC","","249","SGC-DAMWAND_STAAL_ARCELOR_AZ46_580-MM","DAMWAND_STAAL_ARCELOR_AZ46_580","MM"
"http://digitalbuildingdata.tech/nlcs/def/a39c1883-58e3-4700-8737-7d1a5d6d895d","KANTOPSLUITING","SVH","B","2490","B-SVH-KANTOPSLUITING_RWS_110 220X160-D","KANTOPSLUITING_RWS_110 220X160","D"
"http://digitalbuildingdata.tech/nlcs/def/4ae3d0b6-38cf-4961-aa69-6c7be27f089a","KANTOPSLUITING","SVH","B","2491","B-SVH-KANTOPSLUITING_RWS_110 220X200-D","KANTOPSLUITING_RWS_110 220X200","D"
"http://digitalbuildingdata.tech/nlcs/def/f787413a-f7cb-4dc7-88e3-93d54ff4fcb3","KANTOPSLUITING","SVH","B","2492","B-SVH-KANTOPSLUITING_RWS_110 220X250-D","KANTOPSLUITING_RWS_110 220X250","D"
"http://digitalbuildingdata.tech/nlcs/def/dba0a369-d488-4de7-b49a-bab53fff6c14","KANTOPSLUITING","SVH","B","2493","B-SVH-KANTOPSLUITING_SCHEIDINGSBAND_110 220X130 150-D","KANTOPSLUITING_SCHEIDINGSBAND_110 220X130 150","D"
"http://digitalbuildingdata.tech/nlcs/def/2f458388-bdcf-4045-8cde-c0b1f2c47281","KANTOPSLUITING","SVH","B","2494","B-SVH-KANTOPSLUITING_SCHEIDINGSBAND_180 200-D","KANTOPSLUITING_SCHEIDINGSBAND_180 200","D"
"http://digitalbuildingdata.tech/nlcs/def/dfa343c8-3247-4351-a981-f090160815bf","KANTOPSLUITING","SVH","B","2495","B-SVH-KANTOPSLUITING_STOOTBAND_100X250-D","KANTOPSLUITING_STOOTBAND_100X250","D"
"http://digitalbuildingdata.tech/nlcs/def/68396839-fd41-4fb8-9a2e-e5a7d67eb016","KANTOPSLUITING","SVH","B","2496","B-SVH-KANTOPSLUITING_STOOTBAND_150X200-D","KANTOPSLUITING_STOOTBAND_150X200","D"
"http://digitalbuildingdata.tech/nlcs/def/0f08e6c7-8998-4ff7-969c-3d0b92c1da46","KANTOPSLUITING","SVH","B","2497","B-SVH-KANTOPSLUITING_STOOTBAND_200X200-D","KANTOPSLUITING_STOOTBAND_200X200","D"
"http://digitalbuildingdata.tech/nlcs/def/89c1caec-d8e5-4e80-bfe6-42f0bb4eafc0","KANTOPSLUITING","SVH","B","2498","B-SVH-KANTOPSLUITING_STOOTBAND_250X250-D","KANTOPSLUITING_STOOTBAND_250X250","D"
"http://digitalbuildingdata.tech/nlcs/def/1623c827-c2c7-4e9b-8bc8-9cfe19724bc4","KANTOPSLUITING","SVH","B","2499","B-SVH-KANTOPSLUITING_STOOTBAND_300X300-D","KANTOPSLUITING_STOOTBAND_300X300","D"
"http://digitalbuildingdata.tech/nlcs/def/14021a81-9651-4cf8-9b42-79d76d13617a","TEKENBLAD","SAL","","25","SAL-TEKENBLAD_A2_420X2100-SO","TEKENBLAD_A2_420X2100","SO"
"http://digitalbuildingdata.tech/nlcs/def/82c60492-929d-4629-a825-6099942a70e9","DAMWAND","SGC","","250","SGC-DAMWAND_STAAL_ARCELOR_AZ48_580-MM","DAMWAND_STAAL_ARCELOR_AZ48_580","MM"
"http://digitalbuildingdata.tech/nlcs/def/bd896609-7959-4039-a274-9aacd43c9908","KANTOPSLUITING","SVH","B","2500","B-SVH-KANTOPSLUITING_TROTTOIRBAND_130 150X160-D","KANTOPSLUITING_TROTTOIRBAND_130 150X160","D"
"http://digitalbuildingdata.tech/nlcs/def/8d2f643d-8146-4353-b1f9-b6585fab2855","KANTOPSLUITING","SVH","B","2501","B-SVH-KANTOPSLUITING_TROTTOIRBAND_130 150X200-D","KANTOPSLUITING_TROTTOIRBAND_130 150X200","D"
"http://digitalbuildingdata.tech/nlcs/def/35f166a6-17ea-49d6-9c6e-2ca6ac1d3572","KANTOPSLUITING","SVH","B","2502","B-SVH-KANTOPSLUITING_TROTTOIRBAND_130 150X250-D","KANTOPSLUITING_TROTTOIRBAND_130 150X250","D"
"http://digitalbuildingdata.tech/nlcs/def/b8cc1ded-9ca9-4829-b8da-7ab5d8a3318b","KANTOPSLUITING","SVH","B","2503","B-SVH-KANTOPSLUITING_TROTTOIRBAND_130 150X300-D","KANTOPSLUITING_TROTTOIRBAND_130 150X300","D"
"http://digitalbuildingdata.tech/nlcs/def/6b26ae06-c33c-41a8-85a5-391166ed71b0","KANTOPSLUITING","SVH","B","2504","B-SVH-KANTOPSLUITING_TROTTOIRBAND_180 200X160-D","KANTOPSLUITING_TROTTOIRBAND_180 200X160","D"
"http://digitalbuildingdata.tech/nlcs/def/30f4af39-17d8-4e0a-9285-7cef726859e7","KANTOPSLUITING","SVH","B","2505","B-SVH-KANTOPSLUITING_TROTTOIRBAND_180 200X200-D","KANTOPSLUITING_TROTTOIRBAND_180 200X200","D"
"http://digitalbuildingdata.tech/nlcs/def/d150bdb5-b92f-46d4-87f5-39da0d9cc3f9","KANTOPSLUITING","SVH","B","2506","B-SVH-KANTOPSLUITING_TROTTOIRBAND_180 200X250-D","KANTOPSLUITING_TROTTOIRBAND_180 200X250","D"
"http://digitalbuildingdata.tech/nlcs/def/022ed2ca-40a8-41eb-8899-c6b1b5004dca","KANTOPSLUITING","SVH","B","2507","B-SVH-KANTOPSLUITING_TROTTOIRBAND_190 220X160-D","KANTOPSLUITING_TROTTOIRBAND_190 220X160","D"
"http://digitalbuildingdata.tech/nlcs/def/3eb5109e-4d84-4eb6-be6f-f73e9c56dd2f","KANTOPSLUITING","SVH","B","2508","B-SVH-KANTOPSLUITING_TROTTOIRBAND_70 150X250-D","KANTOPSLUITING_TROTTOIRBAND_70 150X250","D"
"http://digitalbuildingdata.tech/nlcs/def/fd9fc0ad-ffc3-42b2-8097-f9fdc45eb9b9","KANTOPSLUITING","SVH","B","2509","B-SVH-KANTOPSLUITING_TROTTOIRBAND_75 150X200-D","KANTOPSLUITING_TROTTOIRBAND_75 150X200","D"
"http://digitalbuildingdata.tech/nlcs/def/0eaff295-dcff-43d1-be37-db470d43eda0","DAMWAND","SGC","","251","SGC-DAMWAND_STAAL_ARCELOR_AZ50_580-MM","DAMWAND_STAAL_ARCELOR_AZ50_580","MM"
"http://digitalbuildingdata.tech/nlcs/def/d618eeea-cc56-4ca0-a9db-d5d0175f0534","KANTOPSLUITING","SVH","B","2512","B-SVH-KANTOPSLUITING_GELEIDEBAND_ZOABBAND_50_200X200-D","KANTOPSLUITING_GELEIDEBAND_ZOABBAND_50_200X200","D"
"http://digitalbuildingdata.tech/nlcs/def/8ddfd66b-c386-4bb2-bafc-64be828a77af","GOOT","SVH","B","2513","B-SVH-GOOT_ZOAB_01-D","GOOT_ZOAB_01","D"
"http://digitalbuildingdata.tech/nlcs/def/7b6fab7d-899b-4c87-a726-27676cd1d19e","GOOT","SVH","B","2514","B-SVH-GOOT_ZOAB_02-D","GOOT_ZOAB_02","D"
"http://digitalbuildingdata.tech/nlcs/def/b6529f63-36d4-4865-9040-01459e8adf54","KANTOPSLUITING","SVH","B","2515","B-SVH-KANTOPSLUITING_AMSTELBAND_200X360-D","KANTOPSLUITING_AMSTELBAND_200X360","D"
"http://digitalbuildingdata.tech/nlcs/def/12ffff4d-adc6-4f6d-a3e1-1ded750e05df","KANTOPSLUITING","SVH","B","2516","B-SVH-KANTOPSLUITING_HAVENBAND_400X400-D","KANTOPSLUITING_HAVENBAND_400X400","D"
"http://digitalbuildingdata.tech/nlcs/def/e635f0dd-3643-4e26-97eb-65aa30318695","KANTOPSLUITING","SVH","B","2517","B-SVH-KANTOPSLUITING_TALUDBAND_380X300-D","KANTOPSLUITING_TALUDBAND_380X300","D"
"http://digitalbuildingdata.tech/nlcs/def/6fa52114-3730-442e-94b8-75e77fd037e6","KANTOPSLUITING","SVH","B","2518","B-SVH-KANTOPSLUITING_TROTTOIRBAND_ZOABBAND_180 200-D","KANTOPSLUITING_TROTTOIRBAND_ZOABBAND_180 200","D"
"http://digitalbuildingdata.tech/nlcs/def/a1cdd91b-e624-4548-82a5-ad1256cfc84e","GOOT","SVH","B","2519","B-SVH-GOOT_ZOAB_220X160-D","GOOT_ZOAB_220X160","D"
"http://digitalbuildingdata.tech/nlcs/def/709dabf3-49f1-477a-8e02-3fe01f10abd8","DAMWAND","SGC","","252","SGC-DAMWAND_STAAL_ARCELOR_GU6N_600-MM","DAMWAND_STAAL_ARCELOR_GU6N_600","MM"
"http://digitalbuildingdata.tech/nlcs/def/5eb423ce-d6ea-4533-a94b-a5f5294057de","TEGEL","SVH","","2526","SVH-TEGEL_300X300_DUN_BLOK_STIP-SO","TEGEL_300X300_DUN_BLOK_STIP","SO"
"http://digitalbuildingdata.tech/nlcs/def/af157f56-44a0-418b-9d81-f0972398f476","TEGEL","SVH","","2527","SVH-TEGEL_300X300_DUN_HALFST_KL-SO","TEGEL_300X300_DUN_HALFST_KL","SO"
"http://digitalbuildingdata.tech/nlcs/def/4cb349c8-b9f9-4c40-9364-862393fe3977","TEGEL","SVH","","2528","SVH-TEGEL_300X300_DUN_HALFST_STIP-SO","TEGEL_300X300_DUN_HALFST_STIP","SO"
"http://digitalbuildingdata.tech/nlcs/def/534113b1-ba8b-41b7-8fac-5b308e1a60b1","TEGEL","SVH","","2529","SVH-TEGEL_300X300_DUN_LINT_KL-SO","TEGEL_300X300_DUN_LINT_KL","SO"
"http://digitalbuildingdata.tech/nlcs/def/a53850ed-0995-4a01-bc24-8255b29e216b","DAMWAND","SGC","","253","SGC-DAMWAND_STAAL_ARCELOR_GU7N_600-MM","DAMWAND_STAAL_ARCELOR_GU7N_600","MM"
"http://digitalbuildingdata.tech/nlcs/def/b0e368e7-ec7f-4a11-9321-08643334d215","TEGEL","SVH","","2530","SVH-TEGEL_300X300_DUN_LINT_STIP-SO","TEGEL_300X300_DUN_LINT_STIP","SO"
"http://digitalbuildingdata.tech/nlcs/def/2dc8804f-9fa3-4fdd-878f-8277f81f3a66","TEGEL","SVH","","2531","SVH-TEGEL_300X300_DIK_BLOK_STIP-SO","TEGEL_300X300_DIK_BLOK_STIP","SO"
"http://digitalbuildingdata.tech/nlcs/def/a263bb5b-c1ed-4d76-b290-667d79475349","TEGEL","SVH","","2532","SVH-TEGEL_300X300_DIK_HALFST_KL-SO","TEGEL_300X300_DIK_HALFST_KL","SO"
"http://digitalbuildingdata.tech/nlcs/def/4199a73b-9fdf-4186-bd54-31552c4cc1fc","TEGEL","SVH","","2533","SVH-TEGEL_300X300_DIK_HALFST_STIP-SO","TEGEL_300X300_DIK_HALFST_STIP","SO"
"http://digitalbuildingdata.tech/nlcs/def/a19c6352-11f4-4fbf-a4cc-a8cdc9cd4b1b","TEGEL","SVH","","2534","SVH-TEGEL_300X300_DIK_LINT_KL-SO","TEGEL_300X300_DIK_LINT_KL","SO"
"http://digitalbuildingdata.tech/nlcs/def/9fddde76-0f07-41c4-8102-c93e332024f1","TEGEL","SVH","","2535","SVH-TEGEL_300X300_DIK_LINT_STIP-SO","TEGEL_300X300_DIK_LINT_STIP","SO"
"http://digitalbuildingdata.tech/nlcs/def/7b369ee6-b240-4a14-8ea9-30cefd379474","TEGEL","SVH","","2536","SVH-TEGEL_400X600_DUN_HALFST_KL-SO","TEGEL_400X600_DUN_HALFST_KL","SO"
"http://digitalbuildingdata.tech/nlcs/def/417bebb3-ce77-4a59-b297-6e87fed9ba16","TEGEL","SVH","","2537","SVH-TEGEL_400X600_DUN_LINT_KL-SO","TEGEL_400X600_DUN_LINT_KL","SO"
"http://digitalbuildingdata.tech/nlcs/def/3094db47-8a1f-4db4-8a9d-c9367a4d1051","TEGEL","SVH","","2538","SVH-TEGEL_400X600_DIK_HALFST_KL-SO","TEGEL_400X600_DIK_HALFST_KL","SO"
"http://digitalbuildingdata.tech/nlcs/def/a8081826-c2aa-43bd-9d8e-acd0f8f02d82","TEGEL","SVH","","2539","SVH-TEGEL_400X600_DIK_LINT_KL-SO","TEGEL_400X600_DIK_LINT_KL","SO"
"http://digitalbuildingdata.tech/nlcs/def/9b3d8706-bd66-4937-838e-3e5d8ddd50e4","DAMWAND","SGC","","254","SGC-DAMWAND_STAAL_ARCELOR_GU7S_600-MM","DAMWAND_STAAL_ARCELOR_GU7S_600","MM"
"http://digitalbuildingdata.tech/nlcs/def/15d31a94-b43b-4970-b4f9-0d8655ae0371","TEGEL","SVH","V","2546","V-SVH-TEGEL_300X300_DUN_BLOK_STIP-SO","TEGEL_300X300_DUN_BLOK_STIP","SO"
"http://digitalbuildingdata.tech/nlcs/def/cd00e5de-1049-4c0c-b733-634f6f11cb1a","TEGEL","SVH","V","2547","V-SVH-TEGEL_300X300_DUN_HALFST_KL-SO","TEGEL_300X300_DUN_HALFST_KL","SO"
"http://digitalbuildingdata.tech/nlcs/def/432537a2-26bd-41ad-9810-d8833ea92e9e","TEGEL","SVH","V","2548","V-SVH-TEGEL_300X300_DUN_HALFST_STIP-SO","TEGEL_300X300_DUN_HALFST_STIP","SO"
"http://digitalbuildingdata.tech/nlcs/def/812e6b64-cfcb-4a51-aef3-42ee81351f50","TEGEL","SVH","V","2549","V-SVH-TEGEL_300X300_DUN_LINT_KL-SO","TEGEL_300X300_DUN_LINT_KL","SO"
"http://digitalbuildingdata.tech/nlcs/def/ab04f908-e673-4b61-b85d-53b7a1fc36a7","DAMWAND","SGC","","255","SGC-DAMWAND_STAAL_ARCELOR_GU8N_600-MM","DAMWAND_STAAL_ARCELOR_GU8N_600","MM"
"http://digitalbuildingdata.tech/nlcs/def/60658989-da7e-4a61-aa88-e8b731cba286","TEGEL","SVH","V","2550","V-SVH-TEGEL_300X300_DUN_LINT_STIP-SO","TEGEL_300X300_DUN_LINT_STIP","SO"
"http://digitalbuildingdata.tech/nlcs/def/d9687eed-49b9-40c5-b6cf-007689955ff3","TEGEL","SVH","V","2551","V-SVH-TEGEL_300X300_DIK_BLOK_STIP-SO","TEGEL_300X300_DIK_BLOK_STIP","SO"
"http://digitalbuildingdata.tech/nlcs/def/0a1c718f-24ed-4315-bd7f-8dc29aa86aad","TEGEL","SVH","V","2552","V-SVH-TEGEL_300X300_DIK_HALFST_KL-SO","TEGEL_300X300_DIK_HALFST_KL","SO"
"http://digitalbuildingdata.tech/nlcs/def/49397774-b367-4343-9d78-3f9977e52356","TEGEL","SVH","V","2553","V-SVH-TEGEL_300X300_DIK_HALFST_STIP-SO","TEGEL_300X300_DIK_HALFST_STIP","SO"
"http://digitalbuildingdata.tech/nlcs/def/79fe3b55-b4b1-4acb-8666-13804f051e03","TEGEL","SVH","V","2554","V-SVH-TEGEL_300X300_DIK_LINT_KL-SO","TEGEL_300X300_DIK_LINT_KL","SO"
"http://digitalbuildingdata.tech/nlcs/def/8762f92a-d83d-4316-a098-1884689bba37","TEGEL","SVH","V","2555","V-SVH-TEGEL_300X300_DIK_LINT_STIP-SO","TEGEL_300X300_DIK_LINT_STIP","SO"
"http://digitalbuildingdata.tech/nlcs/def/2819ad58-6f8b-4731-ac26-625ef6b1151a","TEGEL","SVH","V","2556","V-SVH-TEGEL_400X600_DUN_HALFST_KL-SO","TEGEL_400X600_DUN_HALFST_KL","SO"
"http://digitalbuildingdata.tech/nlcs/def/8390957a-49f4-4520-92cb-ce9b92c13f34","TEGEL","SVH","V","2557","V-SVH-TEGEL_400X600_DUN_LINT_KL-SO","TEGEL_400X600_DUN_LINT_KL","SO"
"http://digitalbuildingdata.tech/nlcs/def/9894a8ce-b30e-4b60-8bfa-a7e2f5492c9f","TEGEL","SVH","V","2558","V-SVH-TEGEL_400X600_DIK_HALFST_KL-SO","TEGEL_400X600_DIK_HALFST_KL","SO"
"http://digitalbuildingdata.tech/nlcs/def/3d0ab6f0-bcc3-405a-aa3f-961243f548ae","TEGEL","SVH","V","2559","V-SVH-TEGEL_400X600_DIK_LINT_KL-SO","TEGEL_400X600_DIK_LINT_KL","SO"
"http://digitalbuildingdata.tech/nlcs/def/702df039-6a31-4462-9913-af1eebd8bed1","DAMWAND","SGC","","256","SGC-DAMWAND_STAAL_ARCELOR_GU12_500-MM","DAMWAND_STAAL_ARCELOR_GU12_500","MM"
"http://digitalbuildingdata.tech/nlcs/def/c641ada0-5643-4b53-be38-d3d02adebb3a","MARKERING","SVW","","2560","SVW-MARKERING_STREEP_93_030","MARKERING_STREEP_93_030",""
"http://digitalbuildingdata.tech/nlcs/def/55f46555-c888-408e-bdd0-8a93dfcc3016","MARKERING","SVW","","2562","SVW-MARKERING_STREEP_DRIEHOEK_030_030","MARKERING_STREEP_DRIEHOEK_030_030",""
"http://digitalbuildingdata.tech/nlcs/def/699e039d-30d4-4ef9-bf7d-2407eb392f66","BEWEGWIJZERING","SVW","","2564","SVW-BEWEGWIJZERING_DRAAGCONSTRUCTIE_PORTAAL_ANWB","BEWEGWIJZERING_DRAAGCONSTRUCTIE_PORTAAL_ANWB",""
"http://digitalbuildingdata.tech/nlcs/def/457a234a-3530-4900-8503-efe904cd6efb","BEWEGWIJZERING","SVW","","2565","SVW-BEWEGWIJZERING_DRAAGCONSTRUCTIE_PORTAAL_COMBI","BEWEGWIJZERING_DRAAGCONSTRUCTIE_PORTAAL_COMBI",""
"http://digitalbuildingdata.tech/nlcs/def/28d03157-19b2-4ce0-a323-6367271082a6","BEWEGWIJZERING","SVW","","2566","SVW-BEWEGWIJZERING_DRAAGCONSTRUCTIE_PORTAAL_HULP","BEWEGWIJZERING_DRAAGCONSTRUCTIE_PORTAAL_HULP",""
"http://digitalbuildingdata.tech/nlcs/def/bfbe1beb-5742-46ae-a1af-fdf96ff8375e","BEWEGWIJZERING","SVW","","2567","SVW-BEWEGWIJZERING_DRAAGCONSTRUCTIE_PORTAAL_SIGNALERING","BEWEGWIJZERING_DRAAGCONSTRUCTIE_PORTAAL_SIGNALERING",""
"http://digitalbuildingdata.tech/nlcs/def/0439d504-d60d-4055-90bf-cb9a5d379921","TDI","SIW","","2568","SIW-TDI_DETECTIELUS-SO","TDI_DETECTIELUS","SO"
"http://digitalbuildingdata.tech/nlcs/def/208e94ba-33a1-4f49-8ae4-6429ceecec64","TDI","SIW","","2569","SIW-TDI_DRAAGCONSTRUCTIE_PORTAAL-SO","TDI_DRAAGCONSTRUCTIE_PORTAAL","SO"
"http://digitalbuildingdata.tech/nlcs/def/979f3cc2-6b8e-4cf0-beb9-4fed701c6055","DAMWAND","SGC","","257","SGC-DAMWAND_STAAL_ARCELOR_GU13_500-MM","DAMWAND_STAAL_ARCELOR_GU13_500","MM"
"http://digitalbuildingdata.tech/nlcs/def/b55b15f5-3102-4034-b81b-bbc0f6d7b6cd","TDI","SIW","","2570","SIW-TDI_DRAAGCONSTRUCTIE_UITHOUDER-SO","TDI_DRAAGCONSTRUCTIE_UITHOUDER","SO"
"http://digitalbuildingdata.tech/nlcs/def/4694c890-64a6-477f-b87c-272c210aa821","TDI","SIW","","2571","SIW-TDI_LANTAARN_DOSEERLICHT-SO","TDI_LANTAARN_DOSEERLICHT","SO"
"http://digitalbuildingdata.tech/nlcs/def/9fcdb568-3112-405a-b570-602771410a05","TDI","SIW","","2572","SIW-TDI_PUTSARMATUUR-SO","TDI_PUTSARMATUUR","SO"
"http://digitalbuildingdata.tech/nlcs/def/3f8195d0-50e0-48e5-80ec-957b16b0e8cd","TDI","SIW","","2573","SIW-TDI_ROODLICHTCAMERA-SO","TDI_ROODLICHTCAMERA","SO"
"http://digitalbuildingdata.tech/nlcs/def/b1843850-73fc-4a3d-af17-cf1d4bd63636","TDI","SIW","","2574","SIW-TDI_SELECTIEVE DETECTIELUS-SO","TDI_SELECTIEVE DETECTIELUS","SO"
"http://digitalbuildingdata.tech/nlcs/def/e8e4f092-97d0-482d-8717-382cb6252b33","TDI","SIW","","2575","SIW-TDI_VERKEERSREGELTOESTEL-SO","TDI_VERKEERSREGELTOESTEL","SO"
"http://digitalbuildingdata.tech/nlcs/def/7f993f48-8860-487b-8e03-fed2973950b2","TDI","SIW","","2576","SIW-TDI_VOORSEIN_BUS-SO","TDI_VOORSEIN_BUS","SO"
"http://digitalbuildingdata.tech/nlcs/def/b5dd3ce6-4d7f-494d-969e-5458f9e7972b","TDI","SIW","","2577","SIW-TDI_VOORSEIN_BUS_9OOG-SO","TDI_VOORSEIN_BUS_9OOG","SO"
"http://digitalbuildingdata.tech/nlcs/def/b9831b95-c502-4d69-b911-a29eee3b1cf8","TDI","SIW","","2578","SIW-TDI_VOORWAARSCHUWINGSSEIN-SO","TDI_VOORWAARSCHUWINGSSEIN","SO"
"http://digitalbuildingdata.tech/nlcs/def/220fcf3d-49b9-4e15-9442-84c74207b467","VERKEERSTEKEN","SVW","","2579","SVW-VERKEERSTEKEN_BORD_ANWB-SO","VERKEERSTEKEN_BORD_ANWB","SO"
"http://digitalbuildingdata.tech/nlcs/def/6f5ebd4b-3b76-49a6-9d15-fcc485e9dded","DAMWAND","SGC","","258","SGC-DAMWAND_STAAL_ARCELOR_GU15_500-MM","DAMWAND_STAAL_ARCELOR_GU15_500","MM"
"http://digitalbuildingdata.tech/nlcs/def/23282a86-cd85-4f9b-8d20-d92a0c603561","VERKEERSTEKEN","SVW","","2580","SVW-VERKEERSTEKEN_BORD_ANWB_ENKEL-SO","VERKEERSTEKEN_BORD_ANWB_ENKEL","SO"
"http://digitalbuildingdata.tech/nlcs/def/4ada2950-b433-4ce2-9582-1cb1fe723bc0","VERKEERSTEKEN","SVW","","2581","SVW-VERKEERSTEKEN_BORD_PIJLBAK-SO","VERKEERSTEKEN_BORD_PIJLBAK","SO"
"http://digitalbuildingdata.tech/nlcs/def/f0eeb827-bb2e-4b1e-bb1c-991aea276631","VERKEERSTEKEN","SVW","","2582","SVW-VERKEERSTEKEN_DRAAGCONSTRUCTIE_MAST-SO","VERKEERSTEKEN_DRAAGCONSTRUCTIE_MAST","SO"
"http://digitalbuildingdata.tech/nlcs/def/2f355d6e-37c0-487e-9249-a50441aedd79","VERKEERSTEKEN","SVW","","2583","SVW-VERKEERSTEKEN_DRAAGCONSTRUCTIE_MAST_COMBI-SO","VERKEERSTEKEN_DRAAGCONSTRUCTIE_MAST_COMBI","SO"
"http://digitalbuildingdata.tech/nlcs/def/4a0da51e-d797-4e97-870a-8b7141de45d1","VERKEERSTEKEN","SVW","","2584","SVW-VERKEERSTEKEN_DRAAGCONSTRUCTIE_PORTAAL_PANEELDUBBELERICHTING-SO","VERKEERSTEKEN_DRAAGCONSTRUCTIE_PORTAAL_PANEELDUBBELERICHTING","SO"
"http://digitalbuildingdata.tech/nlcs/def/db9413a0-0605-478c-8164-4145b305afd4","VERKEERSTEKEN","SVW","","2585","SVW-VERKEERSTEKEN_DRAAGCONSTRUCTIE_PORTAAL_PANEELENKELERICHTING-SO","VERKEERSTEKEN_DRAAGCONSTRUCTIE_PORTAAL_PANEELENKELERICHTING","SO"
"http://digitalbuildingdata.tech/nlcs/def/2c61d232-8702-419f-b417-cdd30e7be86a","VERKEERSTEKEN","SVW","","2586","SVW-VERKEERSTEKEN_DRAAGCONSTRUCTIE_UITHOUDER_TWEEZIJDIG-SO","VERKEERSTEKEN_DRAAGCONSTRUCTIE_UITHOUDER_TWEEZIJDIG","SO"
"http://digitalbuildingdata.tech/nlcs/def/6d99e9dc-abaa-4b5a-92b6-5c4dc6a27e83","VERKEERSTEKEN","SVW","","2587","SVW-VERKEERSTEKEN_DRAAGCONSTRUCTIE_VERKEERSBORD_VERLICHTING-SO","VERKEERSTEKEN_DRAAGCONSTRUCTIE_VERKEERSBORD_VERLICHTING","SO"
"http://digitalbuildingdata.tech/nlcs/def/e01cc381-ef28-47e3-a3d3-044d18f5d8f7","VERKEERSTEKEN","SVW","","2588","SVW-VERKEERSTEKEN_VERKEERSZUIL-SO","VERKEERSTEKEN_VERKEERSZUIL","SO"
"http://digitalbuildingdata.tech/nlcs/def/9344b4d6-2d8f-41f6-95a8-a7e38adbf076","VRI","SIW","","2589","SIW-VRI_(MOTOR)FIETSGEVOELIGEDETECTIELUS-SO","VRI_(MOTOR)FIETSGEVOELIGEDETECTIELUS","SO"
"http://digitalbuildingdata.tech/nlcs/def/49149b06-9e46-4c9a-9e36-30308318cb6f","DAMWAND","SGC","","259","SGC-DAMWAND_STAAL_ARCELOR_GU16_400-MM","DAMWAND_STAAL_ARCELOR_GU16_400","MM"
"http://digitalbuildingdata.tech/nlcs/def/d400d92e-a333-4425-a9bb-f4c6989305b6","VRI","SIW","","2590","SIW-VRI_2LICHTVERKEERSLANTAARN_ROND_2X200mm-SO","VRI_2LICHTVERKEERSLANTAARN_ROND_2X200mm","SO"
"http://digitalbuildingdata.tech/nlcs/def/47dc9300-4fe6-4bfc-b723-511333aa3ca8","VRI","SIW","","2591","SIW-VRI_3LICHTVERKEERSLANTAARN_ROND_3X200mm-SO","VRI_3LICHTVERKEERSLANTAARN_ROND_3X200mm","SO"
"http://digitalbuildingdata.tech/nlcs/def/767bf645-28f0-4894-8208-7b452f52a1cd","VRI","SIW","","2592","SIW-VRI_3LICHTVERKEERSLANTAARN_ROND_3X300mm-SO","VRI_3LICHTVERKEERSLANTAARN_ROND_3X300mm","SO"
"http://digitalbuildingdata.tech/nlcs/def/b281f8e6-666c-4a15-bbf6-0a8fbd076290","VRI","SIW","","2593","SIW-VRI_3LICHTVERKEERSLANTAARN_ROND_3X80mm-SO","VRI_3LICHTVERKEERSLANTAARN_ROND_3X80mm","SO"
"http://digitalbuildingdata.tech/nlcs/def/2d39b1e9-4db6-4839-ac29-b227f52024f9","VRI","SIW","","2594","SIW-VRI_AUTOMAAT-SO","VRI_AUTOMAAT","SO"
"http://digitalbuildingdata.tech/nlcs/def/71ce11e4-76ae-485b-8077-f8cd46b1f63e","VRI","SIW","","2595","SIW-VRI_DETECTIELUS-SO","VRI_DETECTIELUS","SO"
"http://digitalbuildingdata.tech/nlcs/def/c22a2b89-4218-47f4-9c66-5539056d1a02","VRI","SIW","","2596","SIW-VRI_DRAAGCONSTRUCTIE_PORTAAL-SO","VRI_DRAAGCONSTRUCTIE_PORTAAL","SO"
"http://digitalbuildingdata.tech/nlcs/def/59d5be75-bd43-4fb8-ba2a-5f7dc6805e3e","VRI","SIW","","2597","SIW-VRI_DRAAGCONSTRUCTIE_UITHOUDER-SO","VRI_DRAAGCONSTRUCTIE_UITHOUDER","SO"
"http://digitalbuildingdata.tech/nlcs/def/1a68d82f-677c-4997-9f91-480ed0280af8","VRI","SIW","","2598","SIW-VRI_DRUKKNOPSMAST-SO","VRI_DRUKKNOPSMAST","SO"
"http://digitalbuildingdata.tech/nlcs/def/581e17f5-71a4-4b04-97d7-49b5a04ad55c","VRI","SIW","","2599","SIW-VRI_LANTAARNS_GEEL-SO","VRI_LANTAARNS_GEEL","SO"
"http://digitalbuildingdata.tech/nlcs/def/4825836d-41b1-4c1c-b352-6d7e47f20227","TEKENBLAD","SAL","","26","SAL-TEKENBLAD_A2_594X420-SO","TEKENBLAD_A2_594X420","SO"
"http://digitalbuildingdata.tech/nlcs/def/f9baefff-e417-427d-b04f-0c98a49984bb","DAMWAND","SGC","","260","SGC-DAMWAND_STAAL_ARCELOR_GU18_400-MM","DAMWAND_STAAL_ARCELOR_GU18_400","MM"
"http://digitalbuildingdata.tech/nlcs/def/126ba686-9805-4a0f-8ddc-03ceeebd258c","VRI","SIW","","2600","SIW-VRI_PUTSARMATUUR-SO","VRI_PUTSARMATUUR","SO"
"http://digitalbuildingdata.tech/nlcs/def/5f1acec1-b19e-4e71-b6e7-9ed9f7969876","VRI","SIW","","2601","SIW-VRI_UNIVERSEELMAST-SO","VRI_UNIVERSEELMAST","SO"
"http://digitalbuildingdata.tech/nlcs/def/1c1c1cef-12d8-467a-b5b0-e6afb90452f4","VRI","SIW","","2602","SIW-VRI_VERKEERSLANTAARN_PIJLSJABLOON-SO","VRI_VERKEERSLANTAARN_PIJLSJABLOON","SO"
"http://digitalbuildingdata.tech/nlcs/def/5420c80c-db86-41b6-b772-ccb3aec6ed6b","VRI","SIW","","2603","SIW-VRI_VOORWAARSCHUWINGSSEIN-SO","VRI_VOORWAARSCHUWINGSSEIN","SO"
"http://digitalbuildingdata.tech/nlcs/def/720b89d5-8596-4fe1-8094-4a7262e2f34a","VS","SIW","","2604","SIW-VS_KAST_BERMKAST-SO","VS_KAST_BERMKAST","SO"
"http://digitalbuildingdata.tech/nlcs/def/6ca97e53-394e-41fc-bf63-f267bf3d7273","VS","SIW","","2605","SIW-VS_KAST_DS-SO","VS_KAST_DS","SO"
"http://digitalbuildingdata.tech/nlcs/def/a0ec1866-a08c-44c4-b868-87e062dbdbec","VS","SIW","","2606","SIW-VS_KAST_LUSKOPPELKAST-SO","VS_KAST_LUSKOPPELKAST","SO"
"http://digitalbuildingdata.tech/nlcs/def/0a0f9677-57e1-4737-a4f3-d8f490483465","VS","SIW","","2607","SIW-VS_KAST_OS DS_LOSSEFUNDATIE-SO","VS_KAST_OS DS_LOSSEFUNDATIE","SO"
"http://digitalbuildingdata.tech/nlcs/def/29205b94-8cdf-435e-b08d-6b727c4d4c92","VS","SIW","","2608","SIW-VS_KAST_OS DS_TUSSEN A POOT PORTAAL-SO","VS_KAST_OS DS_TUSSEN A POOT PORTAAL","SO"
"http://digitalbuildingdata.tech/nlcs/def/e9ed046c-fe09-4d9d-9a4b-4226182fcf7c","VS","SIW","","2609","SIW-VS_KAST_OS_LOSSEFUNDATIE-SO","VS_KAST_OS_LOSSEFUNDATIE","SO"
"http://digitalbuildingdata.tech/nlcs/def/b01513fd-57fb-45b3-b4ef-969da8ca82b1","DAMWAND","SGC","","261","SGC-DAMWAND_STAAL_ARCELOR_PAL3030_660-MM","DAMWAND_STAAL_ARCELOR_PAL3030_660","MM"
"http://digitalbuildingdata.tech/nlcs/def/ce836bc1-881d-402f-bdf8-b5db0f28e457","PUT","SRI","V","2610","V-SRI-PUT_HWA_LAMELLENFILTER-SO","PUT_HWA_LAMELLENFILTER","SO"
"http://digitalbuildingdata.tech/nlcs/def/44a46123-0932-442c-bc76-ce742519a895","PUT","SRI","","2611","SRI-PUT_KRUISPUT-SO","PUT_KRUISPUT","SO"
"http://digitalbuildingdata.tech/nlcs/def/62c829a6-e546-4e66-8594-d7290d02424c","TANK","SRI","V","2612","V-SRI-TANK-SO","TANK","SO"
"http://digitalbuildingdata.tech/nlcs/def/db78bd4d-c40a-4c31-b0e2-487c6b9be656","TERREINKAST","SRI","V","2613","V-SRI-TERREINKAST-SO","TERREINKAST","SO"
"http://digitalbuildingdata.tech/nlcs/def/e92f4ed5-a52b-489b-94a7-1e9545fc40c6","ASFALT","SVH","V","2616","V-SVH-ASFALT_FREESVAK-SO","ASFALT_FREESVAK","SO"
"http://digitalbuildingdata.tech/nlcs/def/5fecd589-7ac5-497c-bf2f-ff040a34f55d","BOOMKRANSBAND","SVH","","2617","SVH-BOOMKRANSBAND_1200X1200_180 200","BOOMKRANSBAND_1200X1200_180 200",""
"http://digitalbuildingdata.tech/nlcs/def/b56c191c-4100-48de-9c06-917d4c694a6f","BOOMKRANSBAND","SVH","V","2618","V-SVH-BOOMKRANSBAND_1200X1200_180 200","BOOMKRANSBAND_1200X1200_180 200",""
"http://digitalbuildingdata.tech/nlcs/def/ed363684-717b-402e-9aa9-665e519bcd4d","BODEM","SMO","","2619","SMO-BODEM_VASTPUNT-SO","BODEM_VASTPUNT","SO"
"http://digitalbuildingdata.tech/nlcs/def/c50cce5c-268f-4b45-b836-754735bbfc3c","DAMWAND","SGC","","262","SGC-DAMWAND_STAAL_ARCELOR_PAL3040_660-MM","DAMWAND_STAAL_ARCELOR_PAL3040_660","MM"
"http://digitalbuildingdata.tech/nlcs/def/4f40f4ec-fd4a-43d8-ab4d-e51bd1ad7b3b","VERKEERSTEGEL","SVH","","2620","SVH-VERKEERSTEGEL_300X300_NOPPENTEGEL","VERKEERSTEGEL_300X300_NOPPENTEGEL",""
"http://digitalbuildingdata.tech/nlcs/def/7fa44476-f2a1-4c0d-9750-33e371ce7277","BSS","SVH","","2621","SVH-BSS_DIKFORMAAT_BLOK_KL-SO","BSS_DIKFORMAAT_BLOK_KL","SO"
"http://digitalbuildingdata.tech/nlcs/def/b0152870-ebb9-4af4-8b3e-4e95e8365f62","BSS","SVH","","2622","SVH-BSS_DIKFORMAAT_ELLEBOOG_KL-SO","BSS_DIKFORMAAT_ELLEBOOG_KL","SO"
"http://digitalbuildingdata.tech/nlcs/def/b4cc0bc7-5c5e-48c6-bb97-75fdd9829366","BSS","SVH","","2623","SVH-BSS_DIKFORMAAT_HALFST_KL-SO","BSS_DIKFORMAAT_HALFST_KL","SO"
"http://digitalbuildingdata.tech/nlcs/def/0fde02e3-9071-4ce7-bd7c-072ba55471ee","BSS","SVH","","2624","SVH-BSS_DIKFORMAAT_KEPER_KL-SO","BSS_DIKFORMAAT_KEPER_KL","SO"
"http://digitalbuildingdata.tech/nlcs/def/935d5628-543b-4e13-8546-faeed3c422ec","BSS","SVH","","2625","SVH-BSS_KEIFORMAAT_BLOK_01_KL-SO","BSS_KEIFORMAAT_BLOK_01_KL","SO"
"http://digitalbuildingdata.tech/nlcs/def/affee4e7-cf35-406f-902a-f1207bb220bc","BSS","SVH","","2626","SVH-BSS_KEIFORMAAT_BLOK_02_KL-SO","BSS_KEIFORMAAT_BLOK_02_KL","SO"
"http://digitalbuildingdata.tech/nlcs/def/4c0452d4-5f00-4c00-9974-00c32ebb9c57","BSS","SVH","","2628","SVH-BSS_KEIFORMAAT_BLOK_STREEP_KL-SO","BSS_KEIFORMAAT_BLOK_STREEP_KL","SO"
"http://digitalbuildingdata.tech/nlcs/def/017e6212-91ad-4482-9e7e-ec8e81fa4e09","BSS","SVH","","2629","SVH-BSS_KEIFORMAAT_DUBBEL_01_KL-SO","BSS_KEIFORMAAT_DUBBEL_01_KL","SO"
"http://digitalbuildingdata.tech/nlcs/def/45c46540-67e6-4382-8681-c4bdfede8ece","DAMWAND","SGC","","263","SGC-DAMWAND_STAAL_ARCELOR_PAL3050_711-MM","DAMWAND_STAAL_ARCELOR_PAL3050_711","MM"
"http://digitalbuildingdata.tech/nlcs/def/25f92274-f814-4a12-a0c7-fc3857de468c","BSS","SVH","","2630","SVH-BSS_KEIFORMAAT_DUBBEL_02_KL-SO","BSS_KEIFORMAAT_DUBBEL_02_KL","SO"
"http://digitalbuildingdata.tech/nlcs/def/aced10f3-542e-4cca-95fe-b53f2e7a6084","BSS","SVH","","2631","SVH-BSS_KEIFORMAAT_DUBBEL_KL-SO","BSS_KEIFORMAAT_DUBBEL_KL","SO"
"http://digitalbuildingdata.tech/nlcs/def/a6e674ff-57ac-493c-bf13-29bb793b15ca","BSS","SVH","","2632","SVH-BSS_KEIFORMAAT_ELLEBOOG_KL-SO","BSS_KEIFORMAAT_ELLEBOOG_KL","SO"
"http://digitalbuildingdata.tech/nlcs/def/e14869ce-7d76-4dd8-8aa5-c63c0a88615f","BSS","SVH","","2633","SVH-BSS_KEIFORMAAT_HALFST_KL-SO","BSS_KEIFORMAAT_HALFST_KL","SO"
"http://digitalbuildingdata.tech/nlcs/def/dd7bf843-1a4a-4e85-8b20-daeb99f21705","BSS","SVH","","2634","SVH-BSS_KEIFORMAAT_KEPER_KL-SO","BSS_KEIFORMAAT_KEPER_KL","SO"
"http://digitalbuildingdata.tech/nlcs/def/a15eebd7-7e29-4ae1-8f8a-a970cb623754","BSS","SVH","","2635","SVH-BSS_LINGEFORMAAT_DRIEKWART_KL-SO","BSS_LINGEFORMAAT_DRIEKWART_KL","SO"
"http://digitalbuildingdata.tech/nlcs/def/79c3c144-7b55-4432-aa64-8b3d7cd9ac29","BSS","SVH","","2636","SVH-BSS_LINGEFORMAAT_ELLEBOOG_KL-SO","BSS_LINGEFORMAAT_ELLEBOOG_KL","SO"
"http://digitalbuildingdata.tech/nlcs/def/70d78a56-a5ef-4698-bb5c-6fa193d79e63","BSS","SVH","","2637","SVH-BSS_LINGEFORMAAT_KLEZOOR_KL-SO","BSS_LINGEFORMAAT_KLEZOOR_KL","SO"
"http://digitalbuildingdata.tech/nlcs/def/7faee600-3737-43d9-bc69-e5d5b3baa1be","BSS","SVH","","2638","SVH-BSS_OPENGESTRAAT_KL-SO","BSS_OPENGESTRAAT_KL","SO"
"http://digitalbuildingdata.tech/nlcs/def/ec576719-596e-4612-83f1-570b5b420517","BSS","SVH","","2639","SVH-BSS_WAALFORMAAT_BLOK_KL-SO","BSS_WAALFORMAAT_BLOK_KL","SO"
"http://digitalbuildingdata.tech/nlcs/def/618ec19b-344b-444b-b5c4-ccfac605e93f","DAMWAND","SGC","","264","SGC-DAMWAND_STAAL_ARCELOR_PAL3130_711-MM","DAMWAND_STAAL_ARCELOR_PAL3130_711","MM"
"http://digitalbuildingdata.tech/nlcs/def/cf9b336e-d38e-4515-8b0e-497774b5df91","BSS","SVH","","2640","SVH-BSS_WAALFORMAAT_ELLEBOOG_KL-SO","BSS_WAALFORMAAT_ELLEBOOG_KL","SO"
"http://digitalbuildingdata.tech/nlcs/def/8d46edd5-4922-4b42-95bd-e9cadcc20e4f","BSS","SVH","","2641","SVH-BSS_WAALFORMAAT_HALFST_KL-SO","BSS_WAALFORMAAT_HALFST_KL","SO"
"http://digitalbuildingdata.tech/nlcs/def/94023c76-0696-44cb-a981-4a5a8b1f757d","BSS","SVH","","2642","SVH-BSS_WAALFORMAAT_KEPER_KL-SO","BSS_WAALFORMAAT_KEPER_KL","SO"
"http://digitalbuildingdata.tech/nlcs/def/172b4c25-2264-465a-8946-aac99c3cd213","SBS","SVH","","2643","SVH-SBS_DIKFORMAAT_ELLEBOOG_KL-SO","SBS_DIKFORMAAT_ELLEBOOG_KL","SO"
"http://digitalbuildingdata.tech/nlcs/def/564d14e3-3582-478e-b57e-d6259545b725","SBS","SVH","","2644","SVH-SBS_DIKFORMAAT_HALFST_KL-SO","SBS_DIKFORMAAT_HALFST_KL","SO"
"http://digitalbuildingdata.tech/nlcs/def/f8c596de-81dd-4869-accd-54c6084e19bb","SBS","SVH","","2645","SVH-SBS_DIKFORMAAT_KEPER_KL-SO","SBS_DIKFORMAAT_KEPER_KL","SO"
"http://digitalbuildingdata.tech/nlcs/def/c987a501-f0fc-473a-a1f4-db0f2fcec674","SBS","SVH","","2646","SVH-SBS_KEIFORMAAT_BLOK_KL-SO","SBS_KEIFORMAAT_BLOK_KL","SO"
"http://digitalbuildingdata.tech/nlcs/def/9a9a4056-6a0a-4858-89d4-b8ae44ba13fc","SBS","SVH","","2647","SVH-SBS_KEIFORMAAT_DUBBEL_KL-SO","SBS_KEIFORMAAT_DUBBEL_KL","SO"
"http://digitalbuildingdata.tech/nlcs/def/944d775f-82ff-47a8-9d18-b824bb24b06c","SBS","SVH","","2648","SVH-SBS_KEIFORMAAT_ELLEBOOG_KL-SO","SBS_KEIFORMAAT_ELLEBOOG_KL","SO"
"http://digitalbuildingdata.tech/nlcs/def/b090430f-a5e1-45f8-aad3-076bfbdeb327","SBS","SVH","","2649","SVH-SBS_KEIFORMAAT_HALFST_KL-SO","SBS_KEIFORMAAT_HALFST_KL","SO"
"http://digitalbuildingdata.tech/nlcs/def/497cac3a-bf7c-4146-8776-646f0a8319be","DAMWAND","SGC","","265","SGC-DAMWAND_STAAL_ARCELOR_PAL3140_711-MM","DAMWAND_STAAL_ARCELOR_PAL3140_711","MM"
"http://digitalbuildingdata.tech/nlcs/def/bf34f2cc-dedd-4c47-8c10-d79891e3f9e7","SBS","SVH","","2650","SVH-SBS_KEIFORMAAT_KEPER_KL-SO","SBS_KEIFORMAAT_KEPER_KL","SO"
"http://digitalbuildingdata.tech/nlcs/def/cb0472ce-82e7-4bba-8e38-861fbe5644c7","SBS","SVH","","2651","SVH-SBS_WAALFORMAAT_BLOK_KL-SO","SBS_WAALFORMAAT_BLOK_KL","SO"
"http://digitalbuildingdata.tech/nlcs/def/756d8eb5-4063-4427-bc54-83d3adba37c5","SBS","SVH","","2652","SVH-SBS_WAALFORMAAT_ELLEBOOG_KL-SO","SBS_WAALFORMAAT_ELLEBOOG_KL","SO"
"http://digitalbuildingdata.tech/nlcs/def/b5112e38-03cb-472f-ae2f-538ccadac271","SBS","SVH","","2653","SVH-SBS_WAALFORMAAT_HALFST_KL-SO","SBS_WAALFORMAAT_HALFST_KL","SO"
"http://digitalbuildingdata.tech/nlcs/def/f4802913-5964-49fb-a097-23d9f94c66b7","SBS","SVH","","2654","SVH-SBS_WAALFORMAAT_KEPER_KL-SO","SBS_WAALFORMAAT_KEPER_KL","SO"
"http://digitalbuildingdata.tech/nlcs/def/b39e9335-87ab-4eda-bc1f-2c3b2cca8d87","BSS","SVH","V","2655","V-SVH-BSS_DIKFORMAAT_BLOK_KL-SO","BSS_DIKFORMAAT_BLOK_KL","SO"
"http://digitalbuildingdata.tech/nlcs/def/0ddcbb0e-f024-4ec5-b9d1-7899ef2a6556","BSS","SVH","V","2657","V-SVH-BSS_DIKFORMAAT_HALFST_KL-SO","BSS_DIKFORMAAT_HALFST_KL","SO"
"http://digitalbuildingdata.tech/nlcs/def/71a6ebde-4c3b-4c8d-a5c1-26909e8d06ea","BSS","SVH","V","2659","V-SVH-BSS_KEIFORMAAT_BLOK_01_KL-SO","BSS_KEIFORMAAT_BLOK_01_KL","SO"
"http://digitalbuildingdata.tech/nlcs/def/5a7a6283-6cfe-4a41-b453-cbc17f6186b4","DAMWAND","SGC","","266","SGC-DAMWAND_STAAL_ARCELOR_PAL3150_711-MM","DAMWAND_STAAL_ARCELOR_PAL3150_711","MM"
"http://digitalbuildingdata.tech/nlcs/def/8f29abb3-626b-4a02-a205-375c20c5c98a","BSS","SVH","V","2660","V-SVH-BSS_KEIFORMAAT_BLOK_02_KL-SO","BSS_KEIFORMAAT_BLOK_02_KL","SO"
"http://digitalbuildingdata.tech/nlcs/def/478b11ff-f984-4a0e-a765-63749a677657","BSS","SVH","V","2662","V-SVH-BSS_KEIFORMAAT_BLOK_STREEP_KL-SO","BSS_KEIFORMAAT_BLOK_STREEP_KL","SO"
"http://digitalbuildingdata.tech/nlcs/def/a0215f04-fdc9-449e-bab9-3abbca2e2b1f","BSS","SVH","V","2663","V-SVH-BSS_KEIFORMAAT_DUBBEL_01_KL-SO","BSS_KEIFORMAAT_DUBBEL_01_KL","SO"
"http://digitalbuildingdata.tech/nlcs/def/b4357a08-8c9e-434a-90fe-c9d806da54a9","BSS","SVH","V","2664","V-SVH-BSS_KEIFORMAAT_DUBBEL_02_KL-SO","BSS_KEIFORMAAT_DUBBEL_02_KL","SO"
"http://digitalbuildingdata.tech/nlcs/def/606ec23c-29d1-4e91-9704-215fdac8a459","BSS","SVH","V","2665","V-SVH-BSS_KEIFORMAAT_DUBBEL_KL-SO","BSS_KEIFORMAAT_DUBBEL_KL","SO"
"http://digitalbuildingdata.tech/nlcs/def/8b916dc5-c04d-434a-b5e1-6e56b15ff3b6","BSS","SVH","V","2666","V-SVH-BSS_KEIFORMAAT_ELLEBOOG_KL-SO","BSS_KEIFORMAAT_ELLEBOOG_KL","SO"
"http://digitalbuildingdata.tech/nlcs/def/d4e041eb-bee6-404f-ac9a-e8e06367c478","BSS","SVH","V","2667","V-SVH-BSS_KEIFORMAAT_HALFST_KL-SO","BSS_KEIFORMAAT_HALFST_KL","SO"
"http://digitalbuildingdata.tech/nlcs/def/13dd79d3-83f0-4e0b-a3ee-279619ca1b86","BSS","SVH","V","2668","V-SVH-BSS_KEIFORMAAT_KEPER_KL-SO","BSS_KEIFORMAAT_KEPER_KL","SO"
"http://digitalbuildingdata.tech/nlcs/def/d7ca8212-be87-46fc-b1ee-c58dd65ea7df","BSS","SVH","V","2669","V-SVH-BSS_LINGEFORMAAT_DRIEKWART_KL-SO","BSS_LINGEFORMAAT_DRIEKWART_KL","SO"
"http://digitalbuildingdata.tech/nlcs/def/18c26e66-b202-45c4-afa4-57031c34a30b","DAMWAND","SGC","","267","SGC-DAMWAND_STAAL_ARCELOR_PAL3260_700-MM","DAMWAND_STAAL_ARCELOR_PAL3260_700","MM"
"http://digitalbuildingdata.tech/nlcs/def/0bdadb95-f7bb-4794-96b3-1cccd65a18c6","BSS","SVH","V","2670","V-SVH-BSS_LINGEFORMAAT_ELLEBOOG_KL-SO","BSS_LINGEFORMAAT_ELLEBOOG_KL","SO"
"http://digitalbuildingdata.tech/nlcs/def/a82e44bf-4d6a-40de-af0a-27474268c0e3","BSS","SVH","V","2671","V-SVH-BSS_LINGEFORMAAT_KLEZOOR_KL-SO","BSS_LINGEFORMAAT_KLEZOOR_KL","SO"
"http://digitalbuildingdata.tech/nlcs/def/2aaace44-9a3f-488f-a876-9f44c32e0a9b","BSS","SVH","V","2672","V-SVH-BSS_OPENGESTRAAT_KL-SO","BSS_OPENGESTRAAT_KL","SO"
"http://digitalbuildingdata.tech/nlcs/def/049db9a9-212b-4c5b-8646-aedcf81ad71f","BSS","SVH","V","2673","V-SVH-BSS_WAALFORMAAT_BLOK_KL-SO","BSS_WAALFORMAAT_BLOK_KL","SO"
"http://digitalbuildingdata.tech/nlcs/def/3191a6d9-19d8-4bb7-a066-2f5fbc90e7f7","BSS","SVH","V","2674","V-SVH-BSS_WAALFORMAAT_ELLEBOOG_KL-SO","BSS_WAALFORMAAT_ELLEBOOG_KL","SO"
"http://digitalbuildingdata.tech/nlcs/def/1f2e71db-d075-4712-9442-581c37289bfc","BSS","SVH","V","2675","V-SVH-BSS_WAALFORMAAT_HALFST_KL-SO","BSS_WAALFORMAAT_HALFST_KL","SO"
"http://digitalbuildingdata.tech/nlcs/def/c5d3181f-546a-4366-8703-05d165832511","BSS","SVH","V","2676","V-SVH-BSS_WAALFORMAAT_KEPER_KL-SO","BSS_WAALFORMAAT_KEPER_KL","SO"
"http://digitalbuildingdata.tech/nlcs/def/83a63222-7706-405c-8cbd-4d538ae544a2","SBS","SVH","V","2677","V-SVH-SBS_DIKFORMAAT_ELLEBOOG_KL-SO","SBS_DIKFORMAAT_ELLEBOOG_KL","SO"
"http://digitalbuildingdata.tech/nlcs/def/4fb213d8-299c-405c-9ad2-2336a747b8f7","SBS","SVH","V","2679","V-SVH-SBS_DIKFORMAAT_KEPER_KL-SO","SBS_DIKFORMAAT_KEPER_KL","SO"
"http://digitalbuildingdata.tech/nlcs/def/6c8d4f9b-25cb-4014-90e5-90f1cb0346ae","DAMWAND","SGC","","268","SGC-DAMWAND_STAAL_ARCELOR_PAL3270_700-MM","DAMWAND_STAAL_ARCELOR_PAL3270_700","MM"
"http://digitalbuildingdata.tech/nlcs/def/ffd01a5a-1717-431f-8f66-97aa18979e8a","SBS","SVH","V","2680","V-SVH-SBS_KEIFORMAAT_BLOK_KL-SO","SBS_KEIFORMAAT_BLOK_KL","SO"
"http://digitalbuildingdata.tech/nlcs/def/241d633e-66ec-4ae8-855c-c798103fb870","SBS","SVH","V","2681","V-SVH-SBS_KEIFORMAAT_DUBBEL_KL-SO","SBS_KEIFORMAAT_DUBBEL_KL","SO"
"http://digitalbuildingdata.tech/nlcs/def/c3e2fab9-3d1e-4977-a2d4-e03185a74d31","SBS","SVH","V","2682","V-SVH-SBS_KEIFORMAAT_ELLEBOOG_KL-SO","SBS_KEIFORMAAT_ELLEBOOG_KL","SO"
"http://digitalbuildingdata.tech/nlcs/def/1c306092-8529-4b48-bacd-7049c20651e8","SBS","SVH","V","2683","V-SVH-SBS_KEIFORMAAT_HALFST_KL-SO","SBS_KEIFORMAAT_HALFST_KL","SO"
"http://digitalbuildingdata.tech/nlcs/def/784e4dcd-3cc2-4520-ae7a-e59c1d62ff09","SBS","SVH","V","2684","V-SVH-SBS_KEIFORMAAT_KEPER_KL-SO","SBS_KEIFORMAAT_KEPER_KL","SO"
"http://digitalbuildingdata.tech/nlcs/def/d3243454-2194-4970-b9ba-8be40c446e31","SBS","SVH","V","2685","V-SVH-SBS_WAALFORMAAT_BLOK_KL-SO","SBS_WAALFORMAAT_BLOK_KL","SO"
"http://digitalbuildingdata.tech/nlcs/def/2ffda813-cab6-4506-87a5-ed6db82039d6","SBS","SVH","V","2686","V-SVH-SBS_WAALFORMAAT_ELLEBOOG_KL-SO","SBS_WAALFORMAAT_ELLEBOOG_KL","SO"
"http://digitalbuildingdata.tech/nlcs/def/ed7d4d35-f84a-4291-8fc6-3067f577d472","SBS","SVH","V","2687","V-SVH-SBS_WAALFORMAAT_HALFST_KL-SO","SBS_WAALFORMAAT_HALFST_KL","SO"
"http://digitalbuildingdata.tech/nlcs/def/539e3439-80df-446c-9f71-2b301e1d49e2","SBS","SVH","V","2688","V-SVH-SBS_WAALFORMAAT_KEPER_KL-SO","SBS_WAALFORMAAT_KEPER_KL","SO"
"http://digitalbuildingdata.tech/nlcs/def/fccfb888-18f1-4b7c-98fd-3dc5c862a101","VERKEERSTEGEL","SVH","V","2689","V-SVH-VERKEERSTEGEL_300X150_TUSSENTEGEL","VERKEERSTEGEL_300X150_TUSSENTEGEL",""
"http://digitalbuildingdata.tech/nlcs/def/e071b736-223f-44da-aa61-447248fe04aa","DAMWAND","SGC","","269","SGC-DAMWAND_STAAL_ARCELOR_PAL3280_700-MM","DAMWAND_STAAL_ARCELOR_PAL3280_700","MM"
"http://digitalbuildingdata.tech/nlcs/def/0e3b6ff7-1f2b-4556-96e0-4402c1161292","VERKEERSTEGEL","SVH","V","2690","V-SVH-VERKEERSTEGEL_300X300_GELEIDETEGEL","VERKEERSTEGEL_300X300_GELEIDETEGEL",""
"http://digitalbuildingdata.tech/nlcs/def/f50b1105-1260-411d-afd9-a6064749cc88","VERKEERSTEGEL","SVH","V","2691","V-SVH-VERKEERSTEGEL_300X300_GITRUITTEGEL","VERKEERSTEGEL_300X300_GITRUITTEGEL",""
"http://digitalbuildingdata.tech/nlcs/def/4d25fbbc-ec57-4614-ad36-c148f9d53269","VERKEERSTEGEL","SVH","V","2692","V-SVH-VERKEERSTEGEL_300X300_HAAIENTAND","VERKEERSTEGEL_300X300_HAAIENTAND",""
"http://digitalbuildingdata.tech/nlcs/def/7eba72ef-deec-4fc3-9a85-dd5cc37349b8","VERKEERSTEGEL","SVH","V","2693","V-SVH-VERKEERSTEGEL_300X300_NOPPENTEGEL","VERKEERSTEGEL_300X300_NOPPENTEGEL",""
"http://digitalbuildingdata.tech/nlcs/def/a60bbe59-bb4f-4d72-b8af-7c34098ec67a","VERKEERSTEGEL","SVH","V","2694","V-SVH-VERKEERSTEGEL_300X300_ROLSTOELTEGEL","VERKEERSTEGEL_300X300_ROLSTOELTEGEL",""
"http://digitalbuildingdata.tech/nlcs/def/7df7dbbd-e954-47eb-9212-e579c811b711","VERKEERSTEGEL","SVH","V","2695","V-SVH-VERKEERSTEGEL_300X300_TUSSENTEGEL","VERKEERSTEGEL_300X300_TUSSENTEGEL",""
"http://digitalbuildingdata.tech/nlcs/def/f3b0cc46-0023-49a2-91b0-cb71521ca4b9","VERKEERSTEGEL","SVH","V","2696","V-SVH-VERKEERSTEGEL_500X250_TUSSENTEGEL","VERKEERSTEGEL_500X250_TUSSENTEGEL",""
"http://digitalbuildingdata.tech/nlcs/def/0918a6e3-d7b0-4f6d-a276-afb12d2b47d0","VERKEERSTEGEL","SVH","V","2697","V-SVH-VERKEERSTEGEL_500X500_HAAIENTAND","VERKEERSTEGEL_500X500_HAAIENTAND",""
"http://digitalbuildingdata.tech/nlcs/def/40231b48-dbe0-4fa0-8040-c1b25c562143","VERKEERSTEGEL","SVH","V","2698","V-SVH-VERKEERSTEGEL_500X500_TUSSENTEGEL","VERKEERSTEGEL_500X500_TUSSENTEGEL",""
"http://digitalbuildingdata.tech/nlcs/def/4035a654-2ea0-4552-86b7-faedc72b5a29","TEKENBLAD","SAL","","27","SAL-TEKENBLAD_A2.0-SO","TEKENBLAD_A2.0","SO"
"http://digitalbuildingdata.tech/nlcs/def/5ef34670-35d8-4b57-a395-3027b32d42e2","DAMWAND","SGC","","270","SGC-DAMWAND_STAAL_ARCELOR_PAL3290_700-MM","DAMWAND_STAAL_ARCELOR_PAL3290_700","MM"
"http://digitalbuildingdata.tech/nlcs/def/e942b348-9e1e-4df7-8592-08bd6a9ee718","TEGEL","SVH","","2700","SVH-TEGEL_400X400_LINT_STREEP-SO","TEGEL_400X400_LINT_STREEP","SO"
"http://digitalbuildingdata.tech/nlcs/def/bf1dde12-a3f5-484e-854f-2f6bf0b78035","TEGEL","SVH","V","2701","V-SVH-TEGEL_400X400_LINT_STREEP-SO","TEGEL_400X400_LINT_STREEP","SO"
"http://digitalbuildingdata.tech/nlcs/def/8474e8d7-4b82-451f-a6cc-7cef880ed547","TEGEL","SVH","V","2702","V-SVH-TEGEL_2000X2000_LINT-SO","TEGEL_2000X2000_LINT","SO"
"http://digitalbuildingdata.tech/nlcs/def/9ee8e485-4992-4dbd-bc0e-408492b0ee33","TEGEL","SVH","","2703","SVH-TEGEL_2000X2000_LINT-SO","TEGEL_2000X2000_LINT","SO"
"http://digitalbuildingdata.tech/nlcs/def/59ee9e92-7225-47d8-bed0-789422ea93e7","KANTOPSLUITING","SVH","B","2704","B-SVH-KANTOPSLUITING_INRITPERRONBAND_200X250-D","KANTOPSLUITING_INRITPERRONBAND_200X250","D"
"http://digitalbuildingdata.tech/nlcs/def/1899b947-58b2-4ff4-905a-66e7a6a0f416","KANTOPSLUITING","SVH","","2705","SVH-KANTOPSLUITING_INRITPERRONBAND_200X250-D","KANTOPSLUITING_INRITPERRONBAND_200X250","D"
"http://digitalbuildingdata.tech/nlcs/def/d27c1090-06ba-4dd0-9461-a72adb0c1fd2","KANTOPSLUITING","SVH","","2706","SVH-KANTOPSLUITING_RWS_ZOABBAND_110 220X250-D","KANTOPSLUITING_RWS_ZOABBAND_110 220X250","D"
"http://digitalbuildingdata.tech/nlcs/def/22a9d1fe-0ad6-4456-9843-cb85ca90dfc3","KANTOPSLUITING","SVH","B","2707","B-SVH-KANTOPSLUITING_RWS_ZOABBAND_110 220X250-D","KANTOPSLUITING_RWS_ZOABBAND_110 220X250","D"
"http://digitalbuildingdata.tech/nlcs/def/54b45d2f-fb13-4e4a-a712-742546a2d764","ORIENTATIE","SAL","","2708","SAL-ORIENTATIE_OPNAMEPUNT_CAMERA-SO","ORIENTATIE_OPNAMEPUNT_CAMERA","SO"
"http://digitalbuildingdata.tech/nlcs/def/efc29db8-b1dc-4799-a7fc-f40f107bbe13","WEG","SIE","","2709","SIE-WEG_CONTAINER_KUNSTSTOF-SO","WEG_CONTAINER_KUNSTSTOF","SO"
"http://digitalbuildingdata.tech/nlcs/def/3af57d81-c135-4656-8317-ce9d8f28b93e","DAMWAND","SGC","","271","SGC-DAMWAND_STAAL_ARCELOR_PAU2240_922-MM","DAMWAND_STAAL_ARCELOR_PAU2240_922","MM"
"http://digitalbuildingdata.tech/nlcs/def/e05f960a-8bed-4733-a7ce-bef5f8d7c0dd","WEG","SIE","V","2710","V-SIE-WEG_CONTAINER_KUNSTSTOF-SO","WEG_CONTAINER_KUNSTSTOF","SO"
"http://digitalbuildingdata.tech/nlcs/def/a8ee9300-9d09-415b-8d06-6614af7ed624","BODEM","SMO","","2711","SMO-BODEM_CONCENTRATIE_2-SO","BODEM_CONCENTRATIE_2","SO"
"http://digitalbuildingdata.tech/nlcs/def/2f670221-1850-440d-8a0c-e5704ef1a1a3","BODEM","SMO","","2712","SMO-BODEM_CONCENTRATIE_4-SO","BODEM_CONCENTRATIE_4","SO"
"http://digitalbuildingdata.tech/nlcs/def/032503e0-3715-4fe3-8413-3bcba349de9c","BODEM","SMO","","2713","SMO-BODEM_CONCENTRATIE_6-SO","BODEM_CONCENTRATIE_6","SO"
"http://digitalbuildingdata.tech/nlcs/def/5f838826-d1d2-433b-9932-23950e88f1fd","BODEM","SMO","","2714","SMO-BODEM_ASBESTGAT_BORING_DIEP-SO","BODEM_ASBESTGAT_BORING_DIEP","SO"
"http://digitalbuildingdata.tech/nlcs/def/54985fcd-c4ea-4487-aa39-540eda5ce44b","BODEM","SMO","","2715","SMO-BODEM_MONSTER_PUTBODEM-SO","BODEM_MONSTER_PUTBODEM","SO"
"http://digitalbuildingdata.tech/nlcs/def/c9389814-4d3d-4ae5-8458-676b66049e85","BODEM","SMO","","2716","SMO-BODEM_MONSTER_PUTWAND-SO","BODEM_MONSTER_PUTWAND","SO"
"http://digitalbuildingdata.tech/nlcs/def/f27c36e8-1850-4ed7-8446-1fb017f122da","BODEM","SMO","","2717","SMO-BODEM_PEILBUIS_1FILTER_HANDMATIG-SO","BODEM_PEILBUIS_1FILTER_HANDMATIG","SO"
"http://digitalbuildingdata.tech/nlcs/def/06b6c2f6-8e58-4659-b15e-357f14c15a41","GRONDWATER","SMO","","2718","SMO-GRONDWATER_STROOMRICHTING-SO","GRONDWATER_STROOMRICHTING","SO"
"http://digitalbuildingdata.tech/nlcs/def/ed56c931-df20-4b5d-bfb1-cd3a60aae426","SITUATIE","SMO","","2719","SMO-SITUATIE_RUIMTELIJKE EENHEID-SO","SITUATIE_RUIMTELIJKE EENHEID","SO"
"http://digitalbuildingdata.tech/nlcs/def/087c4cbb-9b8d-49bb-a18a-510a75eb698d","DAMWAND","SGC","","272","SGC-DAMWAND_STAAL_ARCELOR_PAU2250_921-MM","DAMWAND_STAAL_ARCELOR_PAU2250_921","MM"
"http://digitalbuildingdata.tech/nlcs/def/e5c45522-90ea-456f-88c1-57cac33a7bc4","MARKERING","SVW","","2729","SVW-MARKERING_SYMBOOL_SCHOOLZONE_0.8","MARKERING_SYMBOOL_SCHOOLZONE_0.8",""
"http://digitalbuildingdata.tech/nlcs/def/e67ad769-2653-4cc1-b9ee-8406caeccda2","DAMWAND","SGC","","273","SGC-DAMWAND_STAAL_ARCELOR_PAU2260_921-MM","DAMWAND_STAAL_ARCELOR_PAU2260_921","MM"
"http://digitalbuildingdata.tech/nlcs/def/c8b31b09-bdcf-487d-a3cb-fcff3c031b0c","MARKERING","SVW","","2730","SVW-MARKERING_SYMBOOL_SCHOOLZONE_1.6","MARKERING_SYMBOOL_SCHOOLZONE_1.6",""
"http://digitalbuildingdata.tech/nlcs/def/47ce3cb7-5e6b-4627-aade-d87164bf66ff","MARKERING","SVW","","2731","SVW-MARKERING_SYMBOOL_SCHOOLZONE_EINDE_0.8","MARKERING_SYMBOOL_SCHOOLZONE_EINDE_0.8",""
"http://digitalbuildingdata.tech/nlcs/def/4835581d-361c-464d-9eef-e19b741d7ae1","DAMWAND","SGC","","274","SGC-DAMWAND_STAAL_ARCELOR_PAU2440_813-MM","DAMWAND_STAAL_ARCELOR_PAU2440_813","MM"
"http://digitalbuildingdata.tech/nlcs/def/59d38947-8ff6-4019-855a-84712c506b78","MARKERING","SVW","V","2741","V-SVW-MARKERING_SYMBOOL_SCHOOLZONE_0.8","MARKERING_SYMBOOL_SCHOOLZONE_0.8",""
"http://digitalbuildingdata.tech/nlcs/def/8a6059ac-e9c5-4b93-b2b9-15ebf0d90075","MARKERING","SVW","V","2742","V-SVW-MARKERING_SYMBOOL_SCHOOLZONE_1.6","MARKERING_SYMBOOL_SCHOOLZONE_1.6",""
"http://digitalbuildingdata.tech/nlcs/def/a5926a42-5e60-40ab-9293-db78a6da5ded","MARKERING","SVW","V","2743","V-SVW-MARKERING_SYMBOOL_SCHOOLZONE_EINDE_0.8","MARKERING_SYMBOOL_SCHOOLZONE_EINDE_0.8",""
"http://digitalbuildingdata.tech/nlcs/def/5a63e57a-7d69-454e-9ffc-b6a3d491aed9","HULP","SRI","","2744","SRI-HULP_INLAAT_125MM-SO","HULP_INLAAT_125MM","SO"
"http://digitalbuildingdata.tech/nlcs/def/acbbae44-c87c-4172-9763-790e4587d82d","HULP","SRI","","2745","SRI-HULP_INLAAT_160MM-SO","HULP_INLAAT_160MM","SO"
"http://digitalbuildingdata.tech/nlcs/def/fb5300b4-3bfa-40ff-b1b4-c6b31d86a152","TANK","SRI","","2746","SRI-TANK_AARDGAS-SO","TANK_AARDGAS","SO"
"http://digitalbuildingdata.tech/nlcs/def/df14948c-a118-4334-8167-30fc00c18a15","TANK","SRI","","2747","SRI-TANK_PROPAAN-SO","TANK_PROPAAN","SO"
"http://digitalbuildingdata.tech/nlcs/def/07887aaa-d716-4a04-99d7-36b836a7fe57","HULP","SRI","V","2749","V-SRI-HULP_INLAAT_125MM-SO","HULP_INLAAT_125MM","SO"
"http://digitalbuildingdata.tech/nlcs/def/9160a91d-ac5a-43d3-9ba8-1a22ffc43bb3","DAMWAND","SGC","","275","SGC-DAMWAND_STAAL_ARCELOR_PAU2450_813-MM","DAMWAND_STAAL_ARCELOR_PAU2450_813","MM"
"http://digitalbuildingdata.tech/nlcs/def/e84acf2b-33d7-484f-b542-12f1f31c67e4","HULP","SRI","V","2750","V-SRI-HULP_INLAAT_160MM-SO","HULP_INLAAT_160MM","SO"
"http://digitalbuildingdata.tech/nlcs/def/f94c8e4a-9e78-4bd4-b428-eaeac5a4883a","TANK","SRI","V","2751","V-SRI-TANK_AARDGAS-SO","TANK_AARDGAS","SO"
"http://digitalbuildingdata.tech/nlcs/def/3398dbdf-f5e4-4894-8891-6bce8621a262","TANK","SRI","V","2752","V-SRI-TANK_PROPAAN-SO","TANK_PROPAAN","SO"
"http://digitalbuildingdata.tech/nlcs/def/974da52b-f567-4107-abef-75ecd0d27bcf","KANTOPSLUITING","SVH","","2753","SVH-KANTOPSLUITING_HOEKBLOK_INWENDIG_180 200X45_ROND","KANTOPSLUITING_HOEKBLOK_INWENDIG_180 200X45_ROND",""
"http://digitalbuildingdata.tech/nlcs/def/c0ff37d6-3926-45cd-bd23-f0effefd2a68","BODEM","SMO","","2754","SMO-BODEM_BORING_VERHARDING-SO","BODEM_BORING_VERHARDING","SO"
"http://digitalbuildingdata.tech/nlcs/def/67fc87aa-8914-426c-bc3b-44264592c9d8","PUT","SRI","","2755","SRI-PUT_OPHOOGTEBRENGEN-SO","PUT_OPHOOGTEBRENGEN","SO"
"http://digitalbuildingdata.tech/nlcs/def/ef354fd0-4f73-4ac5-a9d5-53be1e64c97b","NATUURSTEEN","SVH","","2756","SVH-NATUURSTEEN_KL-SO","NATUURSTEEN_KL","SO"
"http://digitalbuildingdata.tech/nlcs/def/2188975f-4baa-447e-b973-f5758e425696","TEGEL","SVH","","2757","SVH-TEGEL_1000X1000_BLOK_KL-SO","TEGEL_1000X1000_BLOK_KL","SO"
"http://digitalbuildingdata.tech/nlcs/def/5f64c69f-5b41-4bb1-96c3-e135a491f314","TEGEL","SVH","","2758","SVH-TEGEL_150X300_DIK_ELLEBOOG-SO","TEGEL_150X300_DIK_ELLEBOOG","SO"
"http://digitalbuildingdata.tech/nlcs/def/00bd06c3-20ba-4870-8878-a2a3f9322fdd","TEGEL","SVH","","2759","SVH-TEGEL_150X300_DIK_ELLEBOOG_STIP-SO","TEGEL_150X300_DIK_ELLEBOOG_STIP","SO"
"http://digitalbuildingdata.tech/nlcs/def/8b3412eb-ccd4-46b0-9f69-69d960561b75","DAMWAND","SGC","","276","SGC-DAMWAND_STAAL_ARCELOR_PAU2460_813-MM","DAMWAND_STAAL_ARCELOR_PAU2460_813","MM"
"http://digitalbuildingdata.tech/nlcs/def/0348d520-b087-4798-8e25-eb714ba04742","TEGEL","SVH","","2760","SVH-TEGEL_150X300_DIK_HALFST-SO","TEGEL_150X300_DIK_HALFST","SO"
"http://digitalbuildingdata.tech/nlcs/def/92a104f4-efc9-4213-a054-9124872ec8a7","TEGEL","SVH","","2761","SVH-TEGEL_150X300_DIK_HALFST_KL-SO","TEGEL_150X300_DIK_HALFST_KL","SO"
"http://digitalbuildingdata.tech/nlcs/def/a4fa52f4-f129-4a31-b672-6fe997929e88","TEGEL","SVH","","2762","SVH-TEGEL_150X300_DIK_LINT-SO","TEGEL_150X300_DIK_LINT","SO"
"http://digitalbuildingdata.tech/nlcs/def/6ee4dba1-80e0-4a3d-ac48-70afee7fd9ac","TEGEL","SVH","","2763","SVH-TEGEL_150X300_DIK_LINT_KL-SO","TEGEL_150X300_DIK_LINT_KL","SO"
"http://digitalbuildingdata.tech/nlcs/def/3c9cc718-5f22-4035-b453-06777298a5d4","TEGEL","SVH","","2764","SVH-TEGEL_150X300_DUN_ELLEBOOG-SO","TEGEL_150X300_DUN_ELLEBOOG","SO"
"http://digitalbuildingdata.tech/nlcs/def/7696d7b5-ec3e-4585-bbf7-4b6e1276c5d5","TEGEL","SVH","","2765","SVH-TEGEL_150X300_DUN_ELLEBOOG_STIP-SO","TEGEL_150X300_DUN_ELLEBOOG_STIP","SO"
"http://digitalbuildingdata.tech/nlcs/def/70bc625d-6b1e-4a08-83b6-a579a5c69190","TEGEL","SVH","","2766","SVH-TEGEL_150X300_DUN_HALFST-SO","TEGEL_150X300_DUN_HALFST","SO"
"http://digitalbuildingdata.tech/nlcs/def/bac776e3-eafa-4741-acb4-062ea2293065","TEGEL","SVH","","2767","SVH-TEGEL_150X300_DUN_HALFST_KL-SO","TEGEL_150X300_DUN_HALFST_KL","SO"
"http://digitalbuildingdata.tech/nlcs/def/3ae56936-ecaa-4e46-99da-87437791e033","TEGEL","SVH","","2768","SVH-TEGEL_150X300_DUN_LINT-SO","TEGEL_150X300_DUN_LINT","SO"
"http://digitalbuildingdata.tech/nlcs/def/174cbca5-5394-40c2-b536-bbf825463420","TEGEL","SVH","","2769","SVH-TEGEL_150X300_DUN_LINT_KL-SO","TEGEL_150X300_DUN_LINT_KL","SO"
"http://digitalbuildingdata.tech/nlcs/def/17edcbb1-386a-4b76-9f36-a7fa7c7e5002","DAMWAND","SGC","","277","SGC-DAMWAND_STAAL_ARCELOR_PAU2770_804-MM","DAMWAND_STAAL_ARCELOR_PAU2770_804","MM"
"http://digitalbuildingdata.tech/nlcs/def/5596d6dc-85ee-481b-9ad7-7b668c503aa9","TEGEL","SVH","","2770","SVH-TEGEL_200X200_BLOK_KL-SO","TEGEL_200X200_BLOK_KL","SO"
"http://digitalbuildingdata.tech/nlcs/def/3d9db16a-18f0-4a07-b123-1f259409bbab","TEGEL","SVH","","2771","SVH-TEGEL_300X150_DIK_ELLEBOOG-SO","TEGEL_300X150_DIK_ELLEBOOG","SO"
"http://digitalbuildingdata.tech/nlcs/def/dd993607-0cc1-49a1-b240-8fe9776ad215","TEGEL","SVH","","2772","SVH-TEGEL_300X150_DIK_ELLEBOOG_STIP-SO","TEGEL_300X150_DIK_ELLEBOOG_STIP","SO"
"http://digitalbuildingdata.tech/nlcs/def/e7b66735-6a85-44fd-84b1-28ce003351db","TEGEL","SVH","","2773","SVH-TEGEL_300X150_DIK_HALFST-SO","TEGEL_300X150_DIK_HALFST","SO"
"http://digitalbuildingdata.tech/nlcs/def/83227cb7-8486-45ee-8626-b04a8189298e","TEGEL","SVH","","2774","SVH-TEGEL_300X150_DIK_HALFST_KL-SO","TEGEL_300X150_DIK_HALFST_KL","SO"
"http://digitalbuildingdata.tech/nlcs/def/adf1990f-9a58-4c1d-a1bb-e8435061ba4e","TEGEL","SVH","","2775","SVH-TEGEL_300X150_DIK_HALFST_STIP-SO","TEGEL_300X150_DIK_HALFST_STIP","SO"
"http://digitalbuildingdata.tech/nlcs/def/50be045a-a565-4700-b7f0-9170cefd1243","TEGEL","SVH","","2776","SVH-TEGEL_300X150_DIK_HALFST_STIP_KL-SO","TEGEL_300X150_DIK_HALFST_STIP_KL","SO"
"http://digitalbuildingdata.tech/nlcs/def/eafc9e35-39ca-46a6-9eac-90d67a77b01d","TEGEL","SVH","","2777","SVH-TEGEL_300X150_DIK_LINT-SO","TEGEL_300X150_DIK_LINT","SO"
"http://digitalbuildingdata.tech/nlcs/def/4e0e16e1-a745-4ee3-984b-152e69c2e38b","TEGEL","SVH","","2778","SVH-TEGEL_300X150_DIK_LINT_KL-SO","TEGEL_300X150_DIK_LINT_KL","SO"
"http://digitalbuildingdata.tech/nlcs/def/9c68bc12-c0cc-4cb7-8551-569e44ca7563","TEGEL","SVH","","2779","SVH-TEGEL_300X150_DIK_LINT_STIP-SO","TEGEL_300X150_DIK_LINT_STIP","SO"
"http://digitalbuildingdata.tech/nlcs/def/d2832f84-f1c7-4069-a988-c698a8333ffd","DAMWAND","SGC","","278","SGC-DAMWAND_STAAL_ARCELOR_PAU2780_804-MM","DAMWAND_STAAL_ARCELOR_PAU2780_804","MM"
"http://digitalbuildingdata.tech/nlcs/def/5879e27b-d250-4397-8ddc-25d47f088518","TEGEL","SVH","","2780","SVH-TEGEL_300X150_DIK_LINT_STIP_KL-SO","TEGEL_300X150_DIK_LINT_STIP_KL","SO"
"http://digitalbuildingdata.tech/nlcs/def/1d458977-a285-4fd6-ad89-b05c7c8acc1e","TEGEL","SVH","","2781","SVH-TEGEL_300X150_DUN_ELLEBOOG-SO","TEGEL_300X150_DUN_ELLEBOOG","SO"
"http://digitalbuildingdata.tech/nlcs/def/1e36d93f-95f1-49f6-849d-d5c0d392737e","TEGEL","SVH","","2782","SVH-TEGEL_300X150_DUN_ELLEBOOG_STIP-SO","TEGEL_300X150_DUN_ELLEBOOG_STIP","SO"
"http://digitalbuildingdata.tech/nlcs/def/7734132b-2adc-422b-b401-f2dad3da2bb8","TEGEL","SVH","","2783","SVH-TEGEL_300X150_DUN_HALFST-SO","TEGEL_300X150_DUN_HALFST","SO"
"http://digitalbuildingdata.tech/nlcs/def/96834e46-361f-41fb-bff6-b5b5ec323b24","TEGEL","SVH","","2784","SVH-TEGEL_300X150_DUN_HALFST_KL-SO","TEGEL_300X150_DUN_HALFST_KL","SO"
"http://digitalbuildingdata.tech/nlcs/def/8a257286-dc89-4ae5-805d-183c024c9e4d","TEGEL","SVH","","2785","SVH-TEGEL_300X150_DUN_HALFST_STIP-SO","TEGEL_300X150_DUN_HALFST_STIP","SO"
"http://digitalbuildingdata.tech/nlcs/def/20d3c2df-5365-44ab-92e3-379e7f6421a3","TEGEL","SVH","","2786","SVH-TEGEL_300X150_DUN_HALFST_STIP_KL-SO","TEGEL_300X150_DUN_HALFST_STIP_KL","SO"
"http://digitalbuildingdata.tech/nlcs/def/16502e36-9756-4953-9acd-9735d04eef01","TEGEL","SVH","","2787","SVH-TEGEL_300X150_DUN_LINT-SO","TEGEL_300X150_DUN_LINT","SO"
"http://digitalbuildingdata.tech/nlcs/def/66db1bb3-ffbf-42d6-a12d-a22219c3fe0f","TEGEL","SVH","","2788","SVH-TEGEL_300X150_DUN_LINT_KL-SO","TEGEL_300X150_DUN_LINT_KL","SO"
"http://digitalbuildingdata.tech/nlcs/def/a15ac609-ba2d-46be-82dc-7321fcd240e9","TEGEL","SVH","","2789","SVH-TEGEL_300X150_DUN_LINT_STIP-SO","TEGEL_300X150_DUN_LINT_STIP","SO"
"http://digitalbuildingdata.tech/nlcs/def/91b851d7-1161-4a4d-be8d-0dde2f2a0dc1","DAMWAND","SGC","","279","SGC-DAMWAND_STAAL_ARCELOR_PAZ4450_725-MM","DAMWAND_STAAL_ARCELOR_PAZ4450_725","MM"
"http://digitalbuildingdata.tech/nlcs/def/34d9a947-22ae-4205-af1a-453d413fdc35","TEGEL","SVH","","2790","SVH-TEGEL_300X150_DUN_LINT_STIP_KL-SO","TEGEL_300X150_DUN_LINT_STIP_KL","SO"
"http://digitalbuildingdata.tech/nlcs/def/4440eb35-79ca-4ead-9e5b-b323deced537","TEGEL","SVH","","2791","SVH-TEGEL_300X300_DIK_BLOK_KL-SO","TEGEL_300X300_DIK_BLOK_KL","SO"
"http://digitalbuildingdata.tech/nlcs/def/01140fbd-1aac-4d99-a586-67c1d5f185ce","TEGEL","SVH","","2792","SVH-TEGEL_300X300_DIK_BLOK_STIP_KL-SO","TEGEL_300X300_DIK_BLOK_STIP_KL","SO"
"http://digitalbuildingdata.tech/nlcs/def/15347cdd-4ea3-416d-9718-6a3729c88057","TEGEL","SVH","","2793","SVH-TEGEL_300X300_DUN_BLOK_KL-SO","TEGEL_300X300_DUN_BLOK_KL","SO"
"http://digitalbuildingdata.tech/nlcs/def/5a758deb-ace8-43c4-b401-b416237a109b","TEGEL","SVH","","2794","SVH-TEGEL_300X300_DUN_BLOK_STIP_KL-SO","TEGEL_300X300_DUN_BLOK_STIP_KL","SO"
"http://digitalbuildingdata.tech/nlcs/def/6088c5a7-5b51-4ad8-83f7-8cb6c87ce9b8","TEGEL","SVH","","2795","SVH-TEGEL_400X400_BLOK_KL-SO","TEGEL_400X400_BLOK_KL","SO"
"http://digitalbuildingdata.tech/nlcs/def/96ed607c-33db-428a-891e-bb10f3752b86","TEGEL","SVH","","2796","SVH-TEGEL_400X600_DIK_BLOK_KL-SO","TEGEL_400X600_DIK_BLOK_KL","SO"
"http://digitalbuildingdata.tech/nlcs/def/8fa9db51-e16f-46e7-9d78-32bce2f7068a","TEGEL","SVH","","2797","SVH-TEGEL_400X600_DUN_BLOK_KL-SO","TEGEL_400X600_DUN_BLOK_KL","SO"
"http://digitalbuildingdata.tech/nlcs/def/2f2d8df4-6a3c-4676-a5ca-7492f021f15b","TEGEL","SVH","","2798","SVH-TEGEL_600X600_BLOK_KL-SO","TEGEL_600X600_BLOK_KL","SO"
"http://digitalbuildingdata.tech/nlcs/def/fe1420a1-6a1a-46fa-bc60-1fe323906bfb","TEGEL","SVH","","2799","SVH-TEGEL_VARIABEL_BLOK_KL-SO","TEGEL_VARIABEL_BLOK_KL","SO"
"http://digitalbuildingdata.tech/nlcs/def/e1814475-2485-45f0-a749-762b38386571","TEKENBLAD","SAL","","28","SAL-TEKENBLAD_A2.1-SO","TEKENBLAD_A2.1","SO"
"http://digitalbuildingdata.tech/nlcs/def/099e78e9-c33b-4280-a065-1946cf899656","DAMWAND","SGC","","280","SGC-DAMWAND_STAAL_ARCELOR_PAZ4460_725-MM","DAMWAND_STAAL_ARCELOR_PAZ4460_725","MM"
"http://digitalbuildingdata.tech/nlcs/def/20fb851d-4152-46bf-87a8-24b6f6a6e35f","BSS","SVH","V","2801","V-SVH-BSS_DIKFORMAAT_ELLEBOOG_KL-SO","BSS_DIKFORMAAT_ELLEBOOG_KL","SO"
"http://digitalbuildingdata.tech/nlcs/def/d3e19330-0bd8-4003-b331-6198b1cd42fd","BSS","SVH","V","2802","V-SVH-BSS_DIKFORMAAT_KEPER_KL-SO","BSS_DIKFORMAAT_KEPER_KL","SO"
"http://digitalbuildingdata.tech/nlcs/def/b8dd36ed-3d3e-4ddd-90be-126a0b6a56ef","NATUURSTEEN","SVH","V","2803","V-SVH-NATUURSTEEN_KL-SO","NATUURSTEEN_KL","SO"
"http://digitalbuildingdata.tech/nlcs/def/e4935ba6-5ad6-4674-b6dd-88aa21b608a5","SBS","SVH","V","2804","V-SVH-SBS_DIKFORMAAT_HALFST_KL-SO","SBS_DIKFORMAAT_HALFST_KL","SO"
"http://digitalbuildingdata.tech/nlcs/def/ba1a59d9-8d2b-472b-8c42-aa3ca7aea17d","TEGEL","SVH","V","2805","V-SVH-TEGEL_1000X1000_BLOK_KL-SO","TEGEL_1000X1000_BLOK_KL","SO"
"http://digitalbuildingdata.tech/nlcs/def/98a878f2-65d2-4cc7-a50a-5a4872d9331f","TEGEL","SVH","V","2806","V-SVH-TEGEL_150X300_DIK_ELLEBOOG-SO","TEGEL_150X300_DIK_ELLEBOOG","SO"
"http://digitalbuildingdata.tech/nlcs/def/1959034c-ec0b-4ab1-852b-861874178f5e","TEGEL","SVH","V","2807","V-SVH-TEGEL_150X300_DIK_ELLEBOOG_STIP-SO","TEGEL_150X300_DIK_ELLEBOOG_STIP","SO"
"http://digitalbuildingdata.tech/nlcs/def/b250680f-4bad-4d3b-b302-cf492b456abe","TEGEL","SVH","V","2808","V-SVH-TEGEL_150X300_DIK_HALFST-SO","TEGEL_150X300_DIK_HALFST","SO"
"http://digitalbuildingdata.tech/nlcs/def/2414dffe-a814-48a7-ae74-15a231b1dd83","TEGEL","SVH","V","2809","V-SVH-TEGEL_150X300_DIK_HALFST_KL-SO","TEGEL_150X300_DIK_HALFST_KL","SO"
"http://digitalbuildingdata.tech/nlcs/def/5bd2b55a-3350-4a27-a186-89d767169eea","DAMWAND","SGC","","281","SGC-DAMWAND_STAAL_ARCELOR_PAZ4470_725-MM","DAMWAND_STAAL_ARCELOR_PAZ4470_725","MM"
"http://digitalbuildingdata.tech/nlcs/def/92f6defe-8559-4cd8-ade0-de26b285bb45","TEGEL","SVH","V","2810","V-SVH-TEGEL_150X300_DIK_LINT-SO","TEGEL_150X300_DIK_LINT","SO"
"http://digitalbuildingdata.tech/nlcs/def/522af42f-dbf2-4883-80c6-d47218815eb7","TEGEL","SVH","V","2811","V-SVH-TEGEL_150X300_DIK_LINT_KL-SO","TEGEL_150X300_DIK_LINT_KL","SO"
"http://digitalbuildingdata.tech/nlcs/def/5bc199a4-38eb-47d0-8a3e-5c21d4c0f9c5","TEGEL","SVH","V","2812","V-SVH-TEGEL_150X300_DUN_ELLEBOOG-SO","TEGEL_150X300_DUN_ELLEBOOG","SO"
"http://digitalbuildingdata.tech/nlcs/def/f03da820-d6c2-4506-8eec-e5833e9f4194","TEGEL","SVH","V","2813","V-SVH-TEGEL_150X300_DUN_ELLEBOOG_STIP-SO","TEGEL_150X300_DUN_ELLEBOOG_STIP","SO"
"http://digitalbuildingdata.tech/nlcs/def/9e1b0edc-a670-4886-8098-13e4f03a319c","TEGEL","SVH","V","2814","V-SVH-TEGEL_150X300_DUN_HALFST-SO","TEGEL_150X300_DUN_HALFST","SO"
"http://digitalbuildingdata.tech/nlcs/def/6d291e52-831f-4f4a-bd93-5741ddee6086","TEGEL","SVH","V","2815","V-SVH-TEGEL_150X300_DUN_HALFST_KL-SO","TEGEL_150X300_DUN_HALFST_KL","SO"
"http://digitalbuildingdata.tech/nlcs/def/56a3f594-bc06-4fc1-acce-689862778db2","TEGEL","SVH","V","2816","V-SVH-TEGEL_150X300_DUN_LINT-SO","TEGEL_150X300_DUN_LINT","SO"
"http://digitalbuildingdata.tech/nlcs/def/0428b1b0-2bab-4ac8-8b0d-9cf41fe32622","TEGEL","SVH","V","2817","V-SVH-TEGEL_150X300_DUN_LINT_KL-SO","TEGEL_150X300_DUN_LINT_KL","SO"
"http://digitalbuildingdata.tech/nlcs/def/4f0ea722-cdd9-4681-8668-d8d69e09ff03","TEGEL","SVH","V","2818","V-SVH-TEGEL_200X200_BLOK_KL-SO","TEGEL_200X200_BLOK_KL","SO"
"http://digitalbuildingdata.tech/nlcs/def/6b48d889-0d1b-43e5-8852-1dcb13ec2ae2","TEGEL","SVH","V","2819","V-SVH-TEGEL_300X150_DIK_ELLEBOOG-SO","TEGEL_300X150_DIK_ELLEBOOG","SO"
"http://digitalbuildingdata.tech/nlcs/def/3cfaddc5-3b3e-42ee-8eb4-83b776bee597","DAMWAND","SGC","","282","SGC-DAMWAND_STAAL_ARCELOR_PAZ5460_807-MM","DAMWAND_STAAL_ARCELOR_PAZ5460_807","MM"
"http://digitalbuildingdata.tech/nlcs/def/0f009efd-ff50-4560-aa78-f1611ef3ea7b","TEGEL","SVH","V","2820","V-SVH-TEGEL_300X150_DIK_ELLEBOOG_STIP-SO","TEGEL_300X150_DIK_ELLEBOOG_STIP","SO"
"http://digitalbuildingdata.tech/nlcs/def/40b1671b-7b98-42fb-a6c2-5dc1eb4248ba","TEGEL","SVH","V","2821","V-SVH-TEGEL_300X150_DIK_HALFST-SO","TEGEL_300X150_DIK_HALFST","SO"
"http://digitalbuildingdata.tech/nlcs/def/2c8ef418-9bb3-4981-9c01-7014fdf867b6","TEGEL","SVH","V","2822","V-SVH-TEGEL_300X150_DIK_HALFST_KL-SO","TEGEL_300X150_DIK_HALFST_KL","SO"
"http://digitalbuildingdata.tech/nlcs/def/f92930cc-bcdc-4539-95a7-368067ad30f6","TEGEL","SVH","V","2823","V-SVH-TEGEL_300X150_DIK_HALFST_STIP-SO","TEGEL_300X150_DIK_HALFST_STIP","SO"
"http://digitalbuildingdata.tech/nlcs/def/ac270561-b0c4-4e92-acba-4411dcc3997f","TEGEL","SVH","V","2824","V-SVH-TEGEL_300X150_DIK_HALFST_STIP_KL-SO","TEGEL_300X150_DIK_HALFST_STIP_KL","SO"
"http://digitalbuildingdata.tech/nlcs/def/b3255918-b04d-42d4-9f06-0d850123c9fb","TEGEL","SVH","V","2825","V-SVH-TEGEL_300X150_DIK_LINT-SO","TEGEL_300X150_DIK_LINT","SO"
"http://digitalbuildingdata.tech/nlcs/def/c2a026b4-56d0-4977-8f34-70d4915604db","TEGEL","SVH","V","2826","V-SVH-TEGEL_300X150_DIK_LINT_KL-SO","TEGEL_300X150_DIK_LINT_KL","SO"
"http://digitalbuildingdata.tech/nlcs/def/f7285d26-d410-4f0f-a81a-b042eb3dd561","TEGEL","SVH","V","2827","V-SVH-TEGEL_300X150_DIK_LINT_STIP-SO","TEGEL_300X150_DIK_LINT_STIP","SO"
"http://digitalbuildingdata.tech/nlcs/def/c7525a4e-16a4-4517-94e4-30b2b3131d21","TEGEL","SVH","V","2828","V-SVH-TEGEL_300X150_DIK_LINT_STIP_KL-SO","TEGEL_300X150_DIK_LINT_STIP_KL","SO"
"http://digitalbuildingdata.tech/nlcs/def/8a25641d-23c3-4bb1-a795-4a114ff68afc","TEGEL","SVH","V","2829","V-SVH-TEGEL_300X150_DUN_ELLEBOOG-SO","TEGEL_300X150_DUN_ELLEBOOG","SO"
"http://digitalbuildingdata.tech/nlcs/def/dc048d69-aa13-40af-ae9f-db87d101c2ed","DAMWAND","SGC","","283","SGC-DAMWAND_STAAL_ARCELOR_PAZ5470_807-MM","DAMWAND_STAAL_ARCELOR_PAZ5470_807","MM"
"http://digitalbuildingdata.tech/nlcs/def/bc84c7fc-6b6e-44ca-8f26-e6c35a7eaed0","TEGEL","SVH","V","2830","V-SVH-TEGEL_300X150_DUN_ELLEBOOG_STIP-SO","TEGEL_300X150_DUN_ELLEBOOG_STIP","SO"
"http://digitalbuildingdata.tech/nlcs/def/b35fc369-f744-43ac-b7d5-8c9663238638","TEGEL","SVH","V","2831","V-SVH-TEGEL_300X150_DUN_HALFST-SO","TEGEL_300X150_DUN_HALFST","SO"
"http://digitalbuildingdata.tech/nlcs/def/25ed387c-96d6-41a5-904b-17c524838a20","TEGEL","SVH","V","2832","V-SVH-TEGEL_300X150_DUN_HALFST_KL-SO","TEGEL_300X150_DUN_HALFST_KL","SO"
"http://digitalbuildingdata.tech/nlcs/def/2f943fe5-af35-42cb-8ec7-273d8d12f562","TEGEL","SVH","V","2833","V-SVH-TEGEL_300X150_DUN_HALFST_STIP-SO","TEGEL_300X150_DUN_HALFST_STIP","SO"
"http://digitalbuildingdata.tech/nlcs/def/22eb2666-f42c-4701-80d1-3f87a659e5f6","TEGEL","SVH","V","2834","V-SVH-TEGEL_300X150_DUN_HALFST_STIP_KL-SO","TEGEL_300X150_DUN_HALFST_STIP_KL","SO"
"http://digitalbuildingdata.tech/nlcs/def/95d736df-8604-4232-9eba-510807af975c","TEGEL","SVH","V","2835","V-SVH-TEGEL_300X150_DUN_LINT-SO","TEGEL_300X150_DUN_LINT","SO"
"http://digitalbuildingdata.tech/nlcs/def/1bdf4124-f218-422e-aab6-b2b200e4ac1e","TEGEL","SVH","V","2836","V-SVH-TEGEL_300X150_DUN_LINT_KL-SO","TEGEL_300X150_DUN_LINT_KL","SO"
"http://digitalbuildingdata.tech/nlcs/def/7a17dec4-c272-47fd-964d-3d4d0423ed8e","TEGEL","SVH","V","2837","V-SVH-TEGEL_300X150_DUN_LINT_STIP-SO","TEGEL_300X150_DUN_LINT_STIP","SO"
"http://digitalbuildingdata.tech/nlcs/def/e49dde43-48c9-452a-8905-d31200d12a4b","TEGEL","SVH","V","2838","V-SVH-TEGEL_300X150_DUN_LINT_STIP_KL-SO","TEGEL_300X150_DUN_LINT_STIP_KL","SO"
"http://digitalbuildingdata.tech/nlcs/def/c9d31a26-c8fb-4e6e-9561-472c03a109f8","TEGEL","SVH","V","2839","V-SVH-TEGEL_300X300_DIK_BLOK_KL-SO","TEGEL_300X300_DIK_BLOK_KL","SO"
"http://digitalbuildingdata.tech/nlcs/def/c6b348c9-15c9-4a85-a7d8-e4348892506e","DAMWAND","SGC","","284","SGC-DAMWAND_STAAL_ARCELOR_PAZ5480_807-MM","DAMWAND_STAAL_ARCELOR_PAZ5480_807","MM"
"http://digitalbuildingdata.tech/nlcs/def/c3eea029-0377-4d39-b3b8-8c88476b708a","TEGEL","SVH","V","2840","V-SVH-TEGEL_300X300_DIK_BLOK_STIP_KL-SO","TEGEL_300X300_DIK_BLOK_STIP_KL","SO"
"http://digitalbuildingdata.tech/nlcs/def/e1cd9113-3bbb-43c0-bdc3-0c12bebbdf70","TEGEL","SVH","V","2841","V-SVH-TEGEL_300X300_DUN_BLOK_KL-SO","TEGEL_300X300_DUN_BLOK_KL","SO"
"http://digitalbuildingdata.tech/nlcs/def/763269ab-e020-4ad4-9c60-54e0bbedefc7","TEGEL","SVH","V","2842","V-SVH-TEGEL_300X300_DUN_BLOK_STIP_KL-SO","TEGEL_300X300_DUN_BLOK_STIP_KL","SO"
"http://digitalbuildingdata.tech/nlcs/def/82ada6b3-88e1-474b-ad25-711213dc2ae4","TEGEL","SVH","V","2843","V-SVH-TEGEL_400X400_BLOK_KL-SO","TEGEL_400X400_BLOK_KL","SO"
"http://digitalbuildingdata.tech/nlcs/def/5a0e865a-c30a-425b-8457-5d83a5712b90","TEGEL","SVH","V","2844","V-SVH-TEGEL_400X600_DIK_BLOK_KL-SO","TEGEL_400X600_DIK_BLOK_KL","SO"
"http://digitalbuildingdata.tech/nlcs/def/cf80ddaf-9323-4c07-adaa-be7810c3d397","TEGEL","SVH","V","2845","V-SVH-TEGEL_400X600_DUN_BLOK_KL-SO","TEGEL_400X600_DUN_BLOK_KL","SO"
"http://digitalbuildingdata.tech/nlcs/def/203669b3-5668-4b39-bfa0-8afa8bf2d96a","TEGEL","SVH","V","2846","V-SVH-TEGEL_600X600_BLOK_KL-SO","TEGEL_600X600_BLOK_KL","SO"
"http://digitalbuildingdata.tech/nlcs/def/82544fad-47fe-4f8f-a110-c7ea772a9110","TEGEL","SVH","V","2847","V-SVH-TEGEL_VARIABEL_BLOK_KL-SO","TEGEL_VARIABEL_BLOK_KL","SO"
"http://digitalbuildingdata.tech/nlcs/def/5cbf91ef-d1c1-4e2a-82ee-21f9a777c4fc","DAMWAND","SGC","","285","SGC-DAMWAND_STAAL_ARCELOR_PAZ5560_743-MM","DAMWAND_STAAL_ARCELOR_PAZ5560_743","MM"
"http://digitalbuildingdata.tech/nlcs/def/5bb1fdad-3dfb-48a9-892b-9e072e0aaa61","KOLK","SRI","B","2850","B-SRI-KOLK_ZANDVANG-SO","KOLK_ZANDVANG","SO"
"http://digitalbuildingdata.tech/nlcs/def/bff6efeb-9582-4330-ad9b-3a6d34b9c0c4","PUT","SRI","B","2851","B-SRI-PUT_BETON-SO","PUT_BETON","SO"
"http://digitalbuildingdata.tech/nlcs/def/b8f989d6-37eb-42a3-b2ad-ec96d4d6910e","PUT","SRI","B","2852","B-SRI-PUT_HWA-SO","PUT_HWA","SO"
"http://digitalbuildingdata.tech/nlcs/def/4e906637-64e4-46f1-9ad3-df30037939f5","PUT","SRI","B","2853","B-SRI-PUT_KUNSTSTOF-SO","PUT_KUNSTSTOF","SO"
"http://digitalbuildingdata.tech/nlcs/def/033342ad-99ad-47b5-a442-3b09ca89d76f","PUT","SRI","B","2854","B-SRI-PUT_METSELWERK-SO","PUT_METSELWERK","SO"
"http://digitalbuildingdata.tech/nlcs/def/3e70872d-336d-4f73-ab49-ce7cc07badde","KOLK","SRI","","2857","SRI-KOLK_ZANDVANG-SO","KOLK_ZANDVANG","SO"
"http://digitalbuildingdata.tech/nlcs/def/e13bc47e-3b03-4e80-9b5c-cc778fb4b79a","PUT","SRI","","2858","SRI-PUT_BETON-SO","PUT_BETON","SO"
"http://digitalbuildingdata.tech/nlcs/def/3bd68759-fa50-490a-a88c-ca73c1165baa","PUT","SRI","","2859","SRI-PUT_HWA-SO","PUT_HWA","SO"
"http://digitalbuildingdata.tech/nlcs/def/3626937c-b482-4adf-a062-a5a4c706dc3e","DAMWAND","SGC","","286","SGC-DAMWAND_STAAL_ARCELOR_PAZ5570_743-MM","DAMWAND_STAAL_ARCELOR_PAZ5570_743","MM"
"http://digitalbuildingdata.tech/nlcs/def/d7248fd2-1c3e-4ea4-9622-e35578676e9d","PUT","SRI","","2860","SRI-PUT_KUNSTSTOF-SO","PUT_KUNSTSTOF","SO"
"http://digitalbuildingdata.tech/nlcs/def/2001fcbf-8f72-4051-ad2d-abd673e91b6e","PUT","SRI","","2861","SRI-PUT_METSELWERK-SO","PUT_METSELWERK","SO"
"http://digitalbuildingdata.tech/nlcs/def/8c3cb1b4-b124-4aff-87f8-15ae2c9db29d","PUT","SRI","V","2862","V-SRI-PUT_BETON-SO","PUT_BETON","SO"
"http://digitalbuildingdata.tech/nlcs/def/f44529fd-afae-45a2-80e2-556dd65acc13","PUT","SRI","V","2863","V-SRI-PUT_KUNSTSTOF-SO","PUT_KUNSTSTOF","SO"
"http://digitalbuildingdata.tech/nlcs/def/e688a14e-78ee-4044-afde-f727b9172a0f","PUT","SRI","V","2864","V-SRI-PUT_METSELWERK-SO","PUT_METSELWERK","SO"
"http://digitalbuildingdata.tech/nlcs/def/d277a12c-f725-4bb9-8950-361ce1712d41","STOOTBAND","SVH","V","2865","V-SVH-STOOTBAND_ROND_ROND_1000X200","STOOTBAND_ROND_ROND_1000X200",""
"http://digitalbuildingdata.tech/nlcs/def/18834b1f-89ba-4817-a275-f77d6dc4e873","STOOTBAND","SVH","V","2866","V-SVH-STOOTBAND_VLAK_ROND_1000X200","STOOTBAND_VLAK_ROND_1000X200",""
"http://digitalbuildingdata.tech/nlcs/def/71cc7e23-fe91-44cc-b1cd-2a1716cfe46f","STOOTBAND","SVH","V","2867","V-SVH-STOOTBAND_VLAK_VLAK_1000X200","STOOTBAND_VLAK_VLAK_1000X200",""
"http://digitalbuildingdata.tech/nlcs/def/7d0ba185-6d18-42bd-be87-30298bcae59b","LICHTMAST","SOV","B","2868","B-SOV-LICHTMAST_1UITHOUDER-SO","LICHTMAST_1UITHOUDER","SO"
"http://digitalbuildingdata.tech/nlcs/def/5c3c30af-150f-4a5d-9cfa-6d29c9a2bd1e","LICHTMAST","SOV","B","2869","B-SOV-LICHTMAST_2UITHOUDER_1LAAG-SO","LICHTMAST_2UITHOUDER_1LAAG","SO"
"http://digitalbuildingdata.tech/nlcs/def/652b15c0-d4bc-4088-a3d6-3db248b6221f","DAMWAND","SGC","","287","SGC-DAMWAND_STAAL_ARCELOR_PAZ5580_744-MM","DAMWAND_STAAL_ARCELOR_PAZ5580_744","MM"
"http://digitalbuildingdata.tech/nlcs/def/90eab493-01fa-4cf3-9053-4d6cbb863309","LICHTMAST","SOV","B","2870","B-SOV-LICHTMAST_2UITHOUDER-SO","LICHTMAST_2UITHOUDER","SO"
"http://digitalbuildingdata.tech/nlcs/def/c4e24ad6-4bd8-4196-a6d6-054e631608da","LICHTMAST","SOV","B","2871","B-SOV-LICHTMAST_HANG-SO","LICHTMAST_HANG","SO"
"http://digitalbuildingdata.tech/nlcs/def/91f93f3c-bbd0-4ac9-9d7f-b5735834bc6e","LICHTMAST","SOV","B","2872","B-SOV-LICHTMAST_SPOT-SO","LICHTMAST_SPOT","SO"
"http://digitalbuildingdata.tech/nlcs/def/553d58b6-2d83-43d5-a796-19e2c19254f8","LICHTMAST","SOV","B","2873","B-SOV-LICHTMAST_WAND-SO","LICHTMAST_WAND","SO"
"http://digitalbuildingdata.tech/nlcs/def/74d81953-1806-40fc-aa4c-b845f7237d03","WEG","SIE","B","2874","B-SIE-WEG_LICHTMAST-SO","WEG_LICHTMAST","SO"
"http://digitalbuildingdata.tech/nlcs/def/b3e41c82-c974-47e5-a55e-0b7a00c3b526","LICHTMAST","SOV","","2875","SOV-LICHTMAST_1UITHOUDER-SO","LICHTMAST_1UITHOUDER","SO"
"http://digitalbuildingdata.tech/nlcs/def/3f37eda9-368b-43a0-ac33-8f3f684a7606","LICHTMAST","SOV","","2876","SOV-LICHTMAST_2UITHOUDER_1LAAG-SO","LICHTMAST_2UITHOUDER_1LAAG","SO"
"http://digitalbuildingdata.tech/nlcs/def/5a9a77c3-2289-4332-9f73-d5baaf4a2756","LICHTMAST","SOV","","2877","SOV-LICHTMAST_2UITHOUDER-SO","LICHTMAST_2UITHOUDER","SO"
"http://digitalbuildingdata.tech/nlcs/def/1025c649-c0da-47c2-9192-6fb43299bd6b","LICHTMAST","SOV","","2878","SOV-LICHTMAST_HANG-SO","LICHTMAST_HANG","SO"
"http://digitalbuildingdata.tech/nlcs/def/a34c586f-e07a-4615-a61a-977e2f4b2c24","LICHTMAST","SOV","","2879","SOV-LICHTMAST_SPOT-SO","LICHTMAST_SPOT","SO"
"http://digitalbuildingdata.tech/nlcs/def/6816dd8f-21ad-46f7-8a11-c1cd343efe74","DAMWAND","SGC","","288","SGC-DAMWAND_STAAL_ARCELOR_PU10R_600-MM","DAMWAND_STAAL_ARCELOR_PU10R_600","MM"
"http://digitalbuildingdata.tech/nlcs/def/8b1d0727-dd5b-4777-a830-e3aece46aef5","LICHTMAST","SOV","","2880","SOV-LICHTMAST_WAND-SO","LICHTMAST_WAND","SO"
"http://digitalbuildingdata.tech/nlcs/def/27b57941-6d14-4253-b7a6-cfac127c475b","WEG","SIE","","2881","SIE-WEG_LICHTMAST-SO","WEG_LICHTMAST","SO"
"http://digitalbuildingdata.tech/nlcs/def/55b543ad-b0b0-4f81-bbdd-f1c41d658e3b","LICHTMAST","SOV","V","2882","V-SOV-LICHTMAST_2UITHOUDER_1LAAG-SO","SOLICHTMAST_2UITHOUDER_1LAAG","SO"
"http://digitalbuildingdata.tech/nlcs/def/7e8cc67a-eda6-4640-bd01-063424bfa565","LICHTMAST","SOV","V","2883","V-SOV-LICHTMAST_HANG-SO","SOLICHTMAST_HANG","SO"
"http://digitalbuildingdata.tech/nlcs/def/5ae5c34d-6c4a-4e1b-8e10-6821139b39c0","LICHTMAST","SOV","V","2884","V-SOV-LICHTMAST_SPOT-SO","SOLICHTMAST_SPOT","SO"
"http://digitalbuildingdata.tech/nlcs/def/be0fa59d-012a-4e82-9361-66e906360a4e","LICHTMAST","SOV","V","2885","V-SOV-LICHTMAST_WAND-SO","SOLICHTMAST_WAND","SO"
"http://digitalbuildingdata.tech/nlcs/def/06ab49b0-1bb9-429f-8fad-0947b847e8ad","LICHTMAST","SOV","B","2886","B-SOV-LICHTMAST_3UITHOUDER-SO","LICHTMAST_3UITHOUDER","SO"
"http://digitalbuildingdata.tech/nlcs/def/88ee46ee-4749-4c09-8611-54b6f5080c1a","LICHTMAST","SOV","","2887","SOV-LICHTMAST_3UITHOUDER-SO","LICHTMAST_3UITHOUDER","SO"
"http://digitalbuildingdata.tech/nlcs/def/33a13ca6-38f1-4bf9-884f-16769f5e8123","DAMWAND","SGC","","289","SGC-DAMWAND_STAAL_ARCELOR_PU11R_600-MM","DAMWAND_STAAL_ARCELOR_PU11R_600","MM"
"http://digitalbuildingdata.tech/nlcs/def/a51b6f01-dc32-4739-9849-0cdaa2a9c19a","KANTOPSLUITING","SVH","B","2892","B-SVH-KANTOPSLUITING_ROTONDE_425 500X500-D","KANTOPSLUITING_ROTONDE_425 500X500","D"
"http://digitalbuildingdata.tech/nlcs/def/1699748a-2846-4a63-bb36-1fc70deebd18","KANTOPSLUITING","SVH","","2893","SVH-KANTOPSLUITING_ROTONDE_425 500X500-D","KANTOPSLUITING_ROTONDE_425 500X500","D"
"http://digitalbuildingdata.tech/nlcs/def/e2a2de7d-4b3c-4c67-8367-399f9f08de35","KANTOPSLUITING","SVH","B","2894","B-SVH-KANTOPSLUITING_ROTONDE_500 570X425 500-D","KANTOPSLUITING_ROTONDE_500 570X425 500","D"
"http://digitalbuildingdata.tech/nlcs/def/d92259c5-1ecf-40fb-b6a0-8a22a72c317e","KANTOPSLUITING","SVH","","2895","SVH-KANTOPSLUITING_ROTONDE_500 570X425 500-D","KANTOPSLUITING_ROTONDE_500 570X425 500","D"
"http://digitalbuildingdata.tech/nlcs/def/5ab681a8-cae0-436f-8f61-02f6bb0feff2","TEKENBLAD","SAL","","29","SAL-TEKENBLAD_A3-SO","TEKENBLAD_A3","SO"
"http://digitalbuildingdata.tech/nlcs/def/b6601ab3-9305-49e4-b5b2-c67185b2d3f9","DAMWAND","SGC","","290","SGC-DAMWAND_STAAL_ARCELOR_PU12_600_10_10-MM","DAMWAND_STAAL_ARCELOR_PU12_600_10_10","MM"
"http://digitalbuildingdata.tech/nlcs/def/98357561-a4cc-4903-b9ad-fd7468d4e2c8","MARKERING","SVW","","2903","SVW-MARKERING_PIJL_ROTONDE_LA_6.80","MARKERING_PIJL_ROTONDE_LA_6.80",""
"http://digitalbuildingdata.tech/nlcs/def/a7a4e0c8-4807-4765-af74-038688de8de4","MARKERING","SVW","","2904","SVW-MARKERING_PIJL_ROTONDE_RA_6.80","MARKERING_PIJL_ROTONDE_RA_6.80",""
"http://digitalbuildingdata.tech/nlcs/def/50484139-99cb-482e-be1c-b621527fd4f6","MARKERING","SVW","","2905","SVW-MARKERING_PIJL_ROTONDE_RD_6.80","MARKERING_PIJL_ROTONDE_RD_6.80",""
"http://digitalbuildingdata.tech/nlcs/def/a0cc2268-e261-4d68-bd5d-a5310b85cc00","MARKERING","SVW","","2906","SVW-MARKERING_PIJL_ROTONDE_RD_BP_6.80","MARKERING_PIJL_ROTONDE_RD_BP_6.80",""
"http://digitalbuildingdata.tech/nlcs/def/31705524-005e-403d-a9b7-e920d060ff36","MARKERING","SVW","","2907","SVW-MARKERING_PIJL_ROTONDE_RD_LA_6.80","MARKERING_PIJL_ROTONDE_RD_LA_6.80",""
"http://digitalbuildingdata.tech/nlcs/def/6920aca5-5978-4ccd-bc35-098a02bff670","MARKERING","SVW","","2908","SVW-MARKERING_PIJL_ROTONDE_RD_RA_6.80","MARKERING_PIJL_ROTONDE_RD_RA_6.80",""
"http://digitalbuildingdata.tech/nlcs/def/9c37a2b0-fe22-471c-ba59-a72b85698db0","MARKERING","SVW","","2909","SVW-MARKERING_PIJL_ROTONDE_RD_RA_LA_6.80","MARKERING_PIJL_ROTONDE_RD_RA_LA_6.80",""
"http://digitalbuildingdata.tech/nlcs/def/e4292c52-68e6-4ee5-a0e6-a5a350ebfe01","DAMWAND","SGC","","291","SGC-DAMWAND_STAAL_ARCELOR_PU12_600-MM","DAMWAND_STAAL_ARCELOR_PU12_600","MM"
"http://digitalbuildingdata.tech/nlcs/def/0e4395cd-4925-4944-9b4f-8e5c4f0d7075","MARKERING","SVW","V","2917","V-SVW-MARKERING_PIJL_ROTONDE_LA_6.80","MARKERING_PIJL_ROTONDE_LA_6.80",""
"http://digitalbuildingdata.tech/nlcs/def/95a16d2e-ea66-4b55-9b00-a89f8c1635b7","MARKERING","SVW","V","2918","V-SVW-MARKERING_PIJL_ROTONDE_RA_6.80","MARKERING_PIJL_ROTONDE_RA_6.80",""
"http://digitalbuildingdata.tech/nlcs/def/ea415e16-11dd-426b-9406-b552ae26e1e8","MARKERING","SVW","V","2919","V-SVW-MARKERING_PIJL_ROTONDE_RD_6.80","MARKERING_PIJL_ROTONDE_RD_6.80",""
"http://digitalbuildingdata.tech/nlcs/def/62a271c7-f35c-42ff-95b0-f197450f5ab9","DAMWAND","SGC","","292","SGC-DAMWAND_STAAL_ARCELOR_PU13R_675-MM","DAMWAND_STAAL_ARCELOR_PU13R_675","MM"
"http://digitalbuildingdata.tech/nlcs/def/573a2474-49d3-4642-aa96-53acaf58a277","MARKERING","SVW","V","2920","V-SVW-MARKERING_PIJL_ROTONDE_RD_BP_6.80","MARKERING_PIJL_ROTONDE_RD_BP_6.80",""
"http://digitalbuildingdata.tech/nlcs/def/7ef0c678-f6da-48de-a640-c24a3372c6dc","MARKERING","SVW","V","2921","V-SVW-MARKERING_PIJL_ROTONDE_RD_LA_6.80","MARKERING_PIJL_ROTONDE_RD_LA_6.80",""
"http://digitalbuildingdata.tech/nlcs/def/40c2f98d-7f4b-455e-bdbe-92b296185048","MARKERING","SVW","V","2922","V-SVW-MARKERING_PIJL_ROTONDE_RD_RA_6.80","MARKERING_PIJL_ROTONDE_RD_RA_6.80",""
"http://digitalbuildingdata.tech/nlcs/def/6ad7ce3b-4ee3-4f88-8a71-3097d271b2cb","MARKERING","SVW","V","2923","V-SVW-MARKERING_PIJL_ROTONDE_RD_RA_LA_6.80","MARKERING_PIJL_ROTONDE_RD_RA_LA_6.80",""
"http://digitalbuildingdata.tech/nlcs/def/c10d1a41-fced-4098-bf47-43ab3879534b","VERKEERSTEGEL","SVH","B","2924","B-SVH-VERKEERSTEGEL_600X600_BERMKANTTEGEL","VERKEERSTEGEL_600X600_BERMKANTTEGEL",""
"http://digitalbuildingdata.tech/nlcs/def/6a2f8f09-a800-4258-926b-cb8a480dbf4e","VERKEERSTEGEL","SVH","B","2925","B-SVH-VERKEERSTEGEL_1200X600_BERMKANTTEGEL","VERKEERSTEGEL_1200X600_BERMKANTTEGEL",""
"http://digitalbuildingdata.tech/nlcs/def/f738bcf2-1983-4ad5-af19-a24528ff8563","VERKEERSTEGEL","SVH","B","2926","B-SVH-VERKEERSTEGEL_1200X600_BERMKANTTEGEL_RELIEF","VERKEERSTEGEL_1200X600_BERMKANTTEGEL_RELIEF",""
"http://digitalbuildingdata.tech/nlcs/def/c7405f28-2c76-4dd0-825e-bb83567e29d0","VERKEERSTEGEL","SVH","","2927","SVH-VERKEERSTEGEL_600X600_BERMKANTTEGEL","VERKEERSTEGEL_600X600_BERMKANTTEGEL",""
"http://digitalbuildingdata.tech/nlcs/def/9655c12b-97b8-4781-813f-8f9d2625a9ef","VERKEERSTEGEL","SVH","","2928","SVH-VERKEERSTEGEL_1200X600_BERMKANTTEGEL","VERKEERSTEGEL_1200X600_BERMKANTTEGEL",""
"http://digitalbuildingdata.tech/nlcs/def/e5121cdc-cc18-4064-819d-2012cc60159b","VERKEERSTEGEL","SVH","","2929","SVH-VERKEERSTEGEL_1200X600_BERMKANTTEGEL_RELIEF","VERKEERSTEGEL_1200X600_BERMKANTTEGEL_RELIEF",""
"http://digitalbuildingdata.tech/nlcs/def/2680b94b-44de-4583-8515-1874911d2eea","DAMWAND","SGC","","293","SGC-DAMWAND_STAAL_ARCELOR_PU14R_675-MM","DAMWAND_STAAL_ARCELOR_PU14R_675","MM"
"http://digitalbuildingdata.tech/nlcs/def/89867ab2-9b85-4b1b-9140-9f021625b06e","VERKEERSTEGEL","SVH","V","2930","V-SVH-VERKEERSTEGEL_600X600_BERMKANTTEGEL","VERKEERSTEGEL_600X600_BERMKANTTEGEL",""
"http://digitalbuildingdata.tech/nlcs/def/ff301f59-b10d-428f-b702-a610f874d041","VERKEERSTEGEL","SVH","V","2931","V-SVH-VERKEERSTEGEL_1200X600_BERMKANTTEGEL","VERKEERSTEGEL_1200X600_BERMKANTTEGEL",""
"http://digitalbuildingdata.tech/nlcs/def/2aa287a4-e3c5-452a-8473-937e72d2a151","VERKEERSTEGEL","SVH","V","2932","V-SVH-VERKEERSTEGEL_1200X600_BERMKANTTEGEL_RELIEF","VERKEERSTEGEL_1200X600_BERMKANTTEGEL_RELIEF",""
"http://digitalbuildingdata.tech/nlcs/def/8e0b4161-0553-469e-b8fd-7fb67935b8ac","SBS","SVH","","2933","SVH-SBS_DIKFORMAAT_BLOK-SO","SBS_DIKFORMAAT_BLOK","SO"
"http://digitalbuildingdata.tech/nlcs/def/61e673e7-c1ea-46e4-9a48-a64ae7f8c022","SBS","SVH","","2934","SVH-SBS_DIKFORMAAT_BLOK_KL-SO","SBS_DIKFORMAAT_BLOK_KL","SO"
"http://digitalbuildingdata.tech/nlcs/def/682c2a8f-865b-464b-bda3-de4adec9c729","DAMWAND","SGC","","294","SGC-DAMWAND_STAAL_ARCELOR_PU15R_675-MM","DAMWAND_STAAL_ARCELOR_PU15R_675","MM"
"http://digitalbuildingdata.tech/nlcs/def/06fef799-8b67-4d2e-a36d-64f2eec98f72","WEG","SIE","","2943","SIE-WEG_STADSPLATTEGROND","WEG_STADSPLATTEGROND",""
"http://digitalbuildingdata.tech/nlcs/def/1c955e86-db64-466f-9635-dc2065d762f7","WEG","SIE","","2944","SIE-WEG_STROOIRESERVOIR-SO","WEG_STROOIRESERVOIR","SO"
"http://digitalbuildingdata.tech/nlcs/def/ea96e608-fb22-4c36-a4f2-7ae295235f0e","WEG","SIE","V","2945","V-SIE-WEG_STADSPLATTEGROND","WEG_STADSPLATTEGROND",""
"http://digitalbuildingdata.tech/nlcs/def/df4bb570-f631-4854-abbd-13031c70645b","WEG","SIE","V","2946","V-SIE-WEG_STROOIRESERVOIR-SO","WEG_STROOIRESERVOIR","SO"
"http://digitalbuildingdata.tech/nlcs/def/aaaac5ed-5bf8-4f53-9e19-329122d9a1ec","DAMWAND","SGC","","295","SGC-DAMWAND_STAAL_ARCELOR_PU18_600_1-MM","DAMWAND_STAAL_ARCELOR_PU18_600_1","MM"
"http://digitalbuildingdata.tech/nlcs/def/edbac883-acf0-4727-8b4a-222fd0b3a657","POLLER","SKL","","2951","SKL-POLLER-SO","POLLER","SO"
"http://digitalbuildingdata.tech/nlcs/def/8a84fc94-e7e2-4ce1-94e1-7e8ff955d90a","POLLER","SKL","","2952","SKL-POLLER_KAST-SO","POLLER_KAST","SO"
"http://digitalbuildingdata.tech/nlcs/def/682c24fe-e892-449b-9b68-31dd195dfd5c","POLLER","SKL","V","2953","V-SKL-POLLER-SO","POLLER","SO"
"http://digitalbuildingdata.tech/nlcs/def/aee67c7e-1dba-45f0-a548-1bf70a17c569","POLLER","SKL","V","2954","V-SKL-POLLER_KAST-SO","POLLER_KAST","SO"
"http://digitalbuildingdata.tech/nlcs/def/d7456ec8-a01d-412c-a950-4a35d89f40b4","BEBOUWING","SOG","","2955","SOG-BEBOUWING_ENTREE-SO","BEBOUWING_ENTREE","SO"
"http://digitalbuildingdata.tech/nlcs/def/8f733e69-3119-44f3-9755-5c7753f863be","BEBOUWING","SOG","","2956","SOG-BEBOUWING_ENTREE_GARAGE-SO","BEBOUWING_ENTREE_GARAGE","SO"
"http://digitalbuildingdata.tech/nlcs/def/299ff3fa-ddbd-4c09-acea-c6aa7f93ed61","BEBOUWING","SOG","","2957","SOG-BEBOUWING_FIETSENSTALLING-SO","BEBOUWING_FIETSENSTALLING","SO"
"http://digitalbuildingdata.tech/nlcs/def/77122b3d-ca84-45bc-9ccc-26b71fcb1beb","BEBOUWING","SOG","","2958","SOG-BEBOUWING_OPENBAAR_TOILET-SO","BEBOUWING_OPENBAAR_TOILET","SO"
"http://digitalbuildingdata.tech/nlcs/def/4f9a333c-1cd0-4b62-9409-15ffaeae9c10","BEBOUWING","SOG","","2959","SOG-BEBOUWING_TRAFO_LAGE-SO","BEBOUWING_TRAFO_LAGE","SO"
"http://digitalbuildingdata.tech/nlcs/def/7ec67e14-065b-435e-b641-6bac789bfa68","DAMWAND","SGC","","296","SGC-DAMWAND_STAAL_ARCELOR_PU18_600-MM","DAMWAND_STAAL_ARCELOR_PU18_600","MM"
"http://digitalbuildingdata.tech/nlcs/def/98be82d7-9951-4dd2-a0cc-c8e4ef000908","RIJRICHTING","SOG","","2960","SOG-RIJRICHTING-SO","RIJRICHTING","SO"
"http://digitalbuildingdata.tech/nlcs/def/35052467-424b-4339-b0e6-42d73640939a","TAXISTANDPLAATS","SOG","","2961","SOG-TAXISTANDPLAATS-SO","TAXISTANDPLAATS","SO"
"http://digitalbuildingdata.tech/nlcs/def/17afcdb2-a94d-4b49-9441-0af3d85ab3d0","BEBOUWING","SOG","V","2962","V-SOG-BEBOUWING_FIETSENSTALLING-SO","BEBOUWING_FIETSENSTALLING","SO"
"http://digitalbuildingdata.tech/nlcs/def/6636421e-3e10-4fd1-a79c-6c52145f8176","BEBOUWING","SOG","V","2963","V-SOG-BEBOUWING_OPENBAAR_TOILET-SO","BEBOUWING_OPENBAAR_TOILET","SO"
"http://digitalbuildingdata.tech/nlcs/def/b2de728e-77d9-47a9-8d28-2023b298a175","BEBOUWING","SOG","V","2964","V-SOG-BEBOUWING_TRAFO_LAGE-SO","BEBOUWING_TRAFO_LAGE","SO"
"http://digitalbuildingdata.tech/nlcs/def/c0eef3e4-e8ae-41d7-825b-cf208552fd62","TAXISTANDPLAATS","SOG","V","2965","V-SOG-TAXISTANDPLAATS-SO","TAXISTANDPLAATS","SO"
"http://digitalbuildingdata.tech/nlcs/def/8ce2420b-de48-41f0-8a49-d8b2a5d4ccbc","GESLOTEN","SVH","","2966","SVH-GESLOTEN-SO","GESLOTEN","SO"
"http://digitalbuildingdata.tech/nlcs/def/2a38c648-cdd2-412a-8a8e-3892f18084b4","GESLOTEN","SVH","V","2967","V-SVH-GESLOTEN-SO","GESLOTEN","SO"
"http://digitalbuildingdata.tech/nlcs/def/cc0a709a-d09e-4054-833f-7a1313563316","POLLER","SVW","","2968","SVW-POLLER-SO","POLLER","SO"
"http://digitalbuildingdata.tech/nlcs/def/95953a67-d3c9-4345-b58d-8e098e861e34","POLLER","SVW","","2969","SVW-POLLER_BEWEEGBAAR-SO","POLLER_BEWEEGBAAR","SO"
"http://digitalbuildingdata.tech/nlcs/def/3647e4c5-56ca-4dc5-8677-bd731c67b151","DAMWAND","SGC","","297","SGC-DAMWAND_STAAL_ARCELOR_PU22_600_1-MM","DAMWAND_STAAL_ARCELOR_PU22_600_1","MM"
"http://digitalbuildingdata.tech/nlcs/def/f89a26df-48c5-4e40-bb27-ffbe9fbb5c60","POLLER","SVW","","2970","SVW-POLLER_SCANPAAL-SO","POLLER_SCANPAAL","SO"
"http://digitalbuildingdata.tech/nlcs/def/55332697-8ad6-4f4b-aec7-7a19587152b6","POLLER","SVW","","2971","SVW-POLLER_VAST-SO","POLLER_VAST","SO"
"http://digitalbuildingdata.tech/nlcs/def/d2aa32eb-7f3e-449b-a0f9-9170a79b6b23","VERKEERSTEKEN","SVW","","2972","SVW-VERKEERSTEKEN_TRAMSIGNALERING-SO","VERKEERSTEKEN_TRAMSIGNALERING","SO"
"http://digitalbuildingdata.tech/nlcs/def/c2bf9e46-6a45-47ca-b5bf-a49e080a4190","PUT","SRI","","2973","SRI-PUT_INSPECTIE-SO","PUT_INSPECTIE","SO"
"http://digitalbuildingdata.tech/nlcs/def/e7d0aca3-05e2-4ac2-ba38-d56e0c8a8c6a","STROOMRICHTING","SRI","","2974","SRI-STROOMRICHTING_LINKS-SO","STROOMRICHTING_LINKS","SO"
"http://digitalbuildingdata.tech/nlcs/def/71f4e4a5-f028-4497-9d09-935a20562290","STROOMRICHTING","SRI","","2975","SRI-STROOMRICHTING_RECHTS-SO","STROOMRICHTING_RECHTS","SO"
"http://digitalbuildingdata.tech/nlcs/def/3b29602d-23d8-4fff-be88-cdaae79934cc","VERKEERSTEKEN","SVW","V","2976","V-SVW-VERKEERSTEKEN_TRAMSIGNALERING-SO","VERKEERSTEKEN_TRAMSIGNALERING","SO"
"http://digitalbuildingdata.tech/nlcs/def/bae119ed-06aa-42f3-b627-82984090ca4a","VERWIJZING","SAL","","2977","SAL-VERWIJZING_MATERIAALNUMMER-SO","VERWIJZING_MATERIAALNUMMER","SO"
"http://digitalbuildingdata.tech/nlcs/def/9588a29c-ea80-460e-9813-ac934ef82f84","AANKLEDING","SAL","","2978","SAL-AANKLEDING_FIETSER_MAN_RACEFIETS_ZIJAANZICHT-D","AANKLEDING_FIETSER_MAN_RACEFIETS_ZIJAANZICHT","D"
"http://digitalbuildingdata.tech/nlcs/def/86520b48-b8f7-4498-800f-a6f3fa67b90c","AANKLEDING","SAL","","2979","SAL-AANKLEDING_ROLSTOELER_MAN_VOORAANZICHT-D","AANKLEDING_ROLSTOELER_MAN_VOORAANZICHT","D"
"http://digitalbuildingdata.tech/nlcs/def/890f6647-79b1-4d2e-9a42-6de62c44a246","DAMWAND","SGC","","298","SGC-DAMWAND_STAAL_ARCELOR_PU22_600-MM","DAMWAND_STAAL_ARCELOR_PU22_600","MM"
"http://digitalbuildingdata.tech/nlcs/def/5f92fe41-6f91-42c8-8c90-f4ef27e101c2","AANKLEDING","SAL","","2980","SAL-AANKLEDING_ROLSTOELER_MAN_ZIJAANZICHT-D","AANKLEDING_ROLSTOELER_MAN_ZIJAANZICHT","D"
"http://digitalbuildingdata.tech/nlcs/def/6bc13332-bd2e-4791-8e54-76da49a3f17a","AANKLEDING","SAL","","2981","SAL-AANKLEDING_VOETGANGER3_VOORAANZICHT-D","AANKLEDING_VOETGANGER3_VOORAANZICHT","D"
"http://digitalbuildingdata.tech/nlcs/def/da4a4cbd-cd40-4112-8299-54ef059a1a3f","AANKLEDING","SAL","","2982","SAL-AANKLEDING_VOETGANGER_FAMILIE_VOORAANZICHT-D","AANKLEDING_VOETGANGER_FAMILIE_VOORAANZICHT","D"
"http://digitalbuildingdata.tech/nlcs/def/191c97e0-0eb6-458d-ba34-1826173d314a","AANKLEDING","SAL","","2983","SAL-AANKLEDING_VOETGANGER_MAN_ACHTERAANZICHT-D","AANKLEDING_VOETGANGER_MAN_ACHTERAANZICHT","D"
"http://digitalbuildingdata.tech/nlcs/def/79a3a1af-d9db-4239-a066-e575e754c465","AANKLEDING","SAL","","2984","SAL-AANKLEDING_VOETGANGER_MAN_VOORAANZICHT-D","AANKLEDING_VOETGANGER_MAN_VOORAANZICHT","D"
"http://digitalbuildingdata.tech/nlcs/def/c9071a34-728c-40e0-84c9-6aa658b69ff8","AANKLEDING","SAL","","2985","SAL-AANKLEDING_VOETGANGER_MK_VOORAANZICHT-D","AANKLEDING_VOETGANGER_MK_VOORAANZICHT","D"
"http://digitalbuildingdata.tech/nlcs/def/330092f7-e905-4966-bbf7-01b0b9446025","AANKLEDING","SAL","","2986","SAL-AANKLEDING_VOETGANGER_STEL_VOORAANZICHT-D","AANKLEDING_VOETGANGER_STEL_VOORAANZICHT","D"
"http://digitalbuildingdata.tech/nlcs/def/b1562db6-0f8f-48a4-8ef3-e55fed8cefd0","AANKLEDING","SAL","","2987","SAL-AANKLEDING_VOETGANGER_VROUW_ACHTERAANZICHT-D","AANKLEDING_VOETGANGER_VROUW_ACHTERAANZICHT","D"
"http://digitalbuildingdata.tech/nlcs/def/c6268f5e-e1cb-421b-9f5b-a8c1274ee5d0","AANKLEDING","SAL","","2988","SAL-AANKLEDING_VOETGANGER_VROUW_VOORAANZICHT-D","AANKLEDING_VOETGANGER_VROUW_VOORAANZICHT","D"
"http://digitalbuildingdata.tech/nlcs/def/51d3cd1d-ef70-47ff-881f-9d3178587572","AANKLEDING","SAL","","2989","SAL-AANKLEDING_VOETGANGER_VROUW_ZIJAANZICHT-D","AANKLEDING_VOETGANGER_VROUW_ZIJAANZICHT","D"
"http://digitalbuildingdata.tech/nlcs/def/ab20c74c-ad30-486c-9436-379bb3bfbb48","DAMWAND","SGC","","299","SGC-DAMWAND_STAAL_ARCELOR_PU28_600_1-MM","DAMWAND_STAAL_ARCELOR_PU28_600_1","MM"
"http://digitalbuildingdata.tech/nlcs/def/282d56e8-5313-433c-95a2-b4bdb5b5b7c1","COORDINAAT","SAL","","2990","SAL-COORDINAAT_RECHTSONDER-SO","COORDINAAT_RECHTSONDER","SO"
"http://digitalbuildingdata.tech/nlcs/def/be10f11d-97a5-471a-98eb-e8610c23a8a4","COORDINAAT","SAL","","2991","SAL-COORDINAAT_LINKSBOVEN-SO","COORDINAAT_LINKSBOVEN","SO"
"http://digitalbuildingdata.tech/nlcs/def/1a182764-cbba-4a64-becc-9f9547e7f565","COORDINAAT","SAL","","2992","SAL-COORDINAAT_LINKSONDER-SO","COORDINAAT_LINKSONDER","SO"
"http://digitalbuildingdata.tech/nlcs/def/bb56da3b-1f4b-47ea-b3fa-e6ab53a454e7","COORDINAAT","SAL","","2993","SAL-COORDINAAT_PIJL_RECHTSBOVEN-SO","COORDINAAT_PIJL_RECHTSBOVEN","SO"
"http://digitalbuildingdata.tech/nlcs/def/390d0eb6-0d79-4153-8965-c50ce60e53da","COORDINAAT","SAL","","2994","SAL-COORDINAAT_PIJL_LINKSBOVEN-SO","COORDINAAT_PIJL_LINKSBOVEN","SO"
"http://digitalbuildingdata.tech/nlcs/def/db6ca299-dd91-4d3c-9f81-16918a0189bf","COORDINAAT","SAL","","2995","SAL-COORDINAAT_PIJL_LINKSONDER-SO","COORDINAAT_PIJL_LINKSONDER","SO"
"http://digitalbuildingdata.tech/nlcs/def/7ad4a8e0-6d54-4434-ad95-7e35cd6756f8","COORDINAAT","SAL","","2996","SAL-COORDINAAT_PIJL_RECHTSONDER-SO","COORDINAAT_PIJL_RECHTSONDER","SO"
"http://digitalbuildingdata.tech/nlcs/def/910a79d6-7bd4-4c32-b5f3-2dc7c86f23f0","COORDINAAT","SAL","","2997","SAL-COORDINAAT_PUNT_RECHTSBOVEN-SO","COORDINAAT_PUNT_RECHTSBOVEN","SO"
"http://digitalbuildingdata.tech/nlcs/def/ba6b0276-41dd-46ac-a4b3-cae2ed59dd1e","COORDINAAT","SAL","","2998","SAL-COORDINAAT_PUNT_LINKSBOVEN-SO","COORDINAAT_PUNT_LINKSBOVEN","SO"
"http://digitalbuildingdata.tech/nlcs/def/5095db88-c1ca-44f7-a735-6060cffb0a91","COORDINAAT","SAL","","2999","SAL-COORDINAAT_PUNT_LINKSONDER-SO","COORDINAAT_PUNT_LINKSONDER","SO"
"http://digitalbuildingdata.tech/nlcs/def/095e17a7-d338-4086-bff3-3520368aaa1d","TEKENBLAD","SAL","","3","SAL-TEKENBLAD_A0_841X1260-SO","TEKENBLAD_A0_841X1260","SO"
"http://digitalbuildingdata.tech/nlcs/def/7785c70b-b50a-4d9a-b03a-2e017f9345e8","TEKENBLAD","SAL","","30","SAL-TEKENBLAD_A3_297X1050-SO","TEKENBLAD_A3_297X1050","SO"
"http://digitalbuildingdata.tech/nlcs/def/81d4b350-caab-4711-87bc-7527a3da411c","DAMWAND","SGC","","300","SGC-DAMWAND_STAAL_ARCELOR_PU28_600-MM","DAMWAND_STAAL_ARCELOR_PU28_600","MM"
"http://digitalbuildingdata.tech/nlcs/def/a7ac9a51-abf2-4bd1-aa02-2d651e6a79aa","COORDINAAT","SAL","","3000","SAL-COORDINAAT_PUNT_RECHTSONDER-SO","COORDINAAT_PUNT_RECHTSONDER","SO"
"http://digitalbuildingdata.tech/nlcs/def/81125a18-3367-4186-ad68-d2f72aeffd37","COORDINAAT","SAL","","3001","SAL-COORDINAAT_RECHTSBOVEN-SO","COORDINAAT_RECHTSBOVEN","SO"
"http://digitalbuildingdata.tech/nlcs/def/81bd965d-e4a0-4847-b17d-bd43c5d4886d","TEKENBLAD","SAL","","3002","SAL-TEKENBLAD_AANSLUITING_ANDER_BLAD-SO","TEKENBLAD_AANSLUITING_ANDER_BLAD","SO"
"http://digitalbuildingdata.tech/nlcs/def/a2b37c0b-eb3a-4c24-be6f-31973f1069ab","TEKENBLAD","SAL","","3003","SAL-TEKENBLAD_AANSLUITING_ZELFDE_BLAD-SO","TEKENBLAD_AANSLUITING_ZELFDE_BLAD","SO"
"http://digitalbuildingdata.tech/nlcs/def/9eba12db-8407-4a0b-9d76-a6d9aa93a278","VERWIJZING","SAL","B","3004","B-SAL-VERWIJZING_MATERIAALNUMMER-SO","VERWIJZING_MATERIAALNUMMER","SO"
"http://digitalbuildingdata.tech/nlcs/def/ab6dccd9-408b-427a-831d-d2804b2cad2f","VERWIJZING","SAL","","3005","SAL-VERWIJZING_MATERIAALNUMMER_HERSTRATEN-SO","VERWIJZING_MATERIAALNUMMER_HERSTRATEN","SO"
"http://digitalbuildingdata.tech/nlcs/def/ab4ffdbd-0cfc-4caa-8ab6-5b3e7972cc09","DAMWAND","SGC","","301","SGC-DAMWAND_STAAL_ARCELOR_PU32_600-MM","DAMWAND_STAAL_ARCELOR_PU32_600","MM"
"http://digitalbuildingdata.tech/nlcs/def/8a5ed5fa-3b92-456a-9cd6-8e896ddc5791","DAMWAND","SGC","","302","SGC-DAMWAND_STAAL_ARCELOR_PU8R_600-MM","DAMWAND_STAAL_ARCELOR_PU8R_600","MM"
"http://digitalbuildingdata.tech/nlcs/def/e4c18a4f-4807-44c6-85ae-c5c72bbfc6af","LEUNING","SBV","","3027","SBV-LEUNING_SIER900-DMM","LEUNING_SIER900","DMM"
"http://digitalbuildingdata.tech/nlcs/def/dbdb3cb2-f97b-497b-bffb-8259fa4de132","DAMWAND","SGC","","303","SGC-DAMWAND_STAAL_ARCELOR_PU9R_600-MM","DAMWAND_STAAL_ARCELOR_PU9R_600","MM"
"http://digitalbuildingdata.tech/nlcs/def/8e7991ed-f1c3-4fae-b207-3d93b5fc4c9b","BOOM","SGR","B","3031","B-SGR-BOOM_1E GROOTTE","BOOM_1E GROOTTE",""
"http://digitalbuildingdata.tech/nlcs/def/3a785d46-620c-4372-9672-725fc874ce0b","BOOM","SGR","B","3032","B-SGR-BOOM_2E GROOTTE","BOOM_2E GROOTTE",""
"http://digitalbuildingdata.tech/nlcs/def/e440cbfb-8bdc-47d6-a4c7-9d03f0e8f9a1","BOOM","SGR","B","3033","B-SGR-BOOM_3E GROOTTE","BOOM_3E GROOTTE",""
"http://digitalbuildingdata.tech/nlcs/def/2d36caf8-7e35-4c93-86a3-9758e8679822","BOOM","SGR","","3035","SGR-BOOM_1E GROOTTE","BOOM_1E GROOTTE",""
"http://digitalbuildingdata.tech/nlcs/def/0fc47238-a16c-425d-a134-5887b6e7e260","BOOM","SGR","","3036","SGR-BOOM_2E GROOTTE","BOOM_2E GROOTTE",""
"http://digitalbuildingdata.tech/nlcs/def/13e7a2b4-5a5c-49da-a666-71e549f7d84f","BOOM","SGR","","3037","SGR-BOOM_3E GROOTTE","BOOM_3E GROOTTE",""
"http://digitalbuildingdata.tech/nlcs/def/610c4d53-8e93-4f3f-9fcf-844c242d7434","BODEMBEDEKKER","SGR","","3038","SGR-BODEMBEDEKKER-SO","BODEMBEDEKKER","SO"
"http://digitalbuildingdata.tech/nlcs/def/6ca73d0f-f0c1-4c0e-9f7d-9a2b741a5d96","BEPLANTING","SGR","","3039","SGR-BEPLANTING_MATERIAALGRENS","BEPLANTING_MATERIAALGRENS",""
"http://digitalbuildingdata.tech/nlcs/def/24a078b1-188d-4395-8c1b-969b7c3b5e90","DAMWAND","SGC","","304","SGC-DAMWAND_STAAL_ARCELOR_RC8600_742-MM","DAMWAND_STAAL_ARCELOR_RC8600_742","MM"
"http://digitalbuildingdata.tech/nlcs/def/c536ba00-1564-473a-ba90-a23e6548d5f7","BLOEMBAK","SGR","","3040","SGR-BLOEMBAK-SO","BLOEMBAK","SO"
"http://digitalbuildingdata.tech/nlcs/def/125df176-50e3-4bb2-8e17-34206a7762b0","BOMENRIJ","SGR","","3041","SGR-BOMENRIJ","BOMENRIJ",""
"http://digitalbuildingdata.tech/nlcs/def/5ee2178b-1fea-4df1-adc5-5f92c0fba89c","BOOMGAARD","SGR","","3042","SGR-BOOMGAARD_HOOGSTAM-SO","BOOMGAARD_HOOGSTAM","SO"
"http://digitalbuildingdata.tech/nlcs/def/b47616df-d43d-4281-bf91-3143817ef8df","BOOMGAARD","SGR","","3043","SGR-BOOMGAARD_KLEINFRUIT-SO","BOOMGAARD_KLEINFRUIT","SO"
"http://digitalbuildingdata.tech/nlcs/def/ef71d5dc-9e36-429e-aecf-79dfec4f4680","BOOMGAARD","SGR","","3044","SGR-BOOMGAARD_LAAGSTAM-SO","BOOMGAARD_LAAGSTAM","SO"
"http://digitalbuildingdata.tech/nlcs/def/8addb635-4b11-46e6-ad1a-27d99eb2d95d","BOOMGAARD","SGR","","3045","SGR-BOOMGAARD_WIJN-SO","BOOMGAARD_WIJN","SO"
"http://digitalbuildingdata.tech/nlcs/def/08931fb0-7f9d-4d4c-8bbf-a4b2609f1db1","BOOMTEELT","SGR","","3046","SGR-BOOMTEELT-SO","BOOMTEELT","SO"
"http://digitalbuildingdata.tech/nlcs/def/d20273b2-0e65-4c06-a9ea-2980209ee5d2","BOOM","SGR","","3047","SGR-BOOM_SNOEIEN-SO","BOOM_SNOEIEN","SO"
"http://digitalbuildingdata.tech/nlcs/def/c44c0542-f53f-49e6-988b-3ee892b64c43","BOOM","SGR","","3048","SGR-BOOM_VERPLANTEN-SO","BOOM_VERPLANTEN","SO"
"http://digitalbuildingdata.tech/nlcs/def/c1f55c3f-d282-41b1-b18c-0ec9e568f81e","BOUWLAND","SGR","","3049","SGR-BOUWLAND-SO","BOUWLAND","SO"
"http://digitalbuildingdata.tech/nlcs/def/86a80312-d638-41bc-9696-6aaf3da15abd","DAMWAND","SGC","","305","SGC-DAMWAND_STAAL_ARCELOR_RC8700_742-MM","DAMWAND_STAAL_ARCELOR_RC8700_742","MM"
"http://digitalbuildingdata.tech/nlcs/def/73eac197-2603-4fb0-9bc5-2f8d56cbab2f","BOUWLAND","SGR","","3050","SGR-BOUWLAND_AKKERBOUW-SO","BOUWLAND_AKKERBOUW","SO"
"http://digitalbuildingdata.tech/nlcs/def/aa7af56c-be7c-4ec9-89c3-59c258bb31c6","BOUWLAND","SGR","","3051","SGR-BOUWLAND_BOLLENTEELT-SO","BOUWLAND_BOLLENTEELT","SO"
"http://digitalbuildingdata.tech/nlcs/def/f2dd682b-3ecd-4523-ab03-c94579ad306b","BOUWLAND","SGR","","3052","SGR-BOUWLAND_BRAAKLIGGEND-SO","BOUWLAND_BRAAKLIGGEND","SO"
"http://digitalbuildingdata.tech/nlcs/def/8b794d4b-43d8-42ce-8eac-bf0586a5c7ee","BOUWLAND","SGR","","3053","SGR-BOUWLAND_VOLLEGRONDSTEELT-SO","BOUWLAND_VOLLEGRONDSTEELT","SO"
"http://digitalbuildingdata.tech/nlcs/def/3782eb45-c2b4-4da1-bafa-b6e840bff067","DOORWORTELBARE RUIMTE","SGR","","3054","SGR-DOORWORTELBARE RUIMTE","DOORWORTELBARE RUIMTE",""
"http://digitalbuildingdata.tech/nlcs/def/c1cab0b1-1351-46a4-8c70-7c775da4dcaa","DUIN","SGR","","3055","SGR-DUIN-SO","DUIN","SO"
"http://digitalbuildingdata.tech/nlcs/def/0365c166-fcd8-4f6a-b71c-02b2fb84f53d","FRUITTEELT","SGR","","3056","SGR-FRUITTEELT-SO","FRUITTEELT","SO"
"http://digitalbuildingdata.tech/nlcs/def/b0d02317-2ce1-4369-8350-60675edd268b","HEIDE","SGR","","3057","SGR-HEIDE-SO","HEIDE","SO"
"http://digitalbuildingdata.tech/nlcs/def/5e52f8da-c0f3-434a-bfaf-bc67b647af76","ROOS","SGR","","3058","SGR-ROOS-SO","ROOS","SO"
"http://digitalbuildingdata.tech/nlcs/def/01ef4daf-9115-4971-85e3-3dddca3505ff","BOOM","SGR","V","3059","V-SGR-BOOM_1E GROOTTE","BOOM_1E GROOTTE",""
"http://digitalbuildingdata.tech/nlcs/def/85da9eb2-2ab8-4b14-bfd6-732294f5925a","DAMWAND","SGC","","306","SGC-DAMWAND_STAAL_ARCELOR_RC8800_742-MM","DAMWAND_STAAL_ARCELOR_RC8800_742","MM"
"http://digitalbuildingdata.tech/nlcs/def/2d039faa-0c19-496f-b6f7-e338eef2c3df","BOOM","SGR","V","3060","V-SGR-BOOM_2E GROOTTE","BOOM_2E GROOTTE",""
"http://digitalbuildingdata.tech/nlcs/def/7dc94c1d-0293-4cf3-8121-8d7eab34f287","BOOM","SGR","V","3061","V-SGR-BOOM_3E GROOTTE","BOOM_3E GROOTTE",""
"http://digitalbuildingdata.tech/nlcs/def/dbb919a5-0adb-4aae-ae29-ffecaf4734f7","HOUTWAL","SGR","","3062","SGR-HOUTWAL-SO","HOUTWAL","SO"
"http://digitalbuildingdata.tech/nlcs/def/b3c68027-711b-47d5-a3ce-b211289dfe04","WEG","SIE","","3065","SIE-WEG_AFVALBAK-SO","WEG_AFVALBAK","SO"
"http://digitalbuildingdata.tech/nlcs/def/e83b7e2b-7b2d-4b3a-be57-fe69078f94c3","AFVAL APART PLAATS","SIE","","3066","SIE-AFVAL APART PLAATS-SO","AFVAL APART PLAATS","SO"
"http://digitalbuildingdata.tech/nlcs/def/89365e1d-fa4c-4a08-8be9-28321f941e75","FIETSENKLUIS","SIE","","3068","SIE-FIETSENKLUIS-SO","FIETSENKLUIS","SO"
"http://digitalbuildingdata.tech/nlcs/def/f434a0fd-0a2b-44fe-8375-9f4def7b6f49","FONTEIN","SIE","","3069","SIE-FONTEIN-SO","FONTEIN","SO"
"http://digitalbuildingdata.tech/nlcs/def/886c47d2-5aa8-4569-adb8-d0367865983f","DAMWAND","SGC","","307","SGC-DAMWAND_STAAL_CONNECTOR_C14-MM","DAMWAND_STAAL_CONNECTOR_C14","MM"
"http://digitalbuildingdata.tech/nlcs/def/abdaa5a1-b155-401d-8f5c-a7c9053c71b2","HERDENKINGSMONUMENT","SIE","","3070","SIE-HERDENKINGSMONUMENT-SO","HERDENKINGSMONUMENT","SO"
"http://digitalbuildingdata.tech/nlcs/def/0558fc34-e8c0-40a1-a16a-970d36e76b33","HOOGTEDETECTIEMETER","SIE","","3071","SIE-HOOGTEDETECTIEMETER-SO","HOOGTEDETECTIEMETER","SO"
"http://digitalbuildingdata.tech/nlcs/def/f4eeffca-3a82-4194-a55c-6d8fd7887e08","INKLIMBEVEILIGING","SIE","","3072","SIE-INKLIMBEVEILIGING-SO","INKLIMBEVEILIGING","SO"
"http://digitalbuildingdata.tech/nlcs/def/8ffd48d7-8d9e-4324-b308-cffcbfd8fc97","KUNSTOBJECT","SIE","","3073","SIE-KUNSTOBJECT-SO","KUNSTOBJECT","SO"
"http://digitalbuildingdata.tech/nlcs/def/ab956523-d83a-4c07-a016-75137e5edaca","LPG VULPUNT","SIE","","3074","SIE-LPG VULPUNT-SO","LPG VULPUNT","SO"
"http://digitalbuildingdata.tech/nlcs/def/dbfc12ec-b4de-4d79-90a8-eff3dad84af2","OPENBAARTOILET","SIE","","3075","SIE-OPENBAARTOILET-SO","OPENBAARTOILET","SO"
"http://digitalbuildingdata.tech/nlcs/def/1339f36d-7280-4710-962d-c2f32d65c9e2","SIRENE","SIE","","3076","SIE-SIRENE-SO","SIRENE","SO"
"http://digitalbuildingdata.tech/nlcs/def/c5e5415e-9015-40ea-8de5-a9804d2d2851","WATER","SIE","","3077","SIE-WATER_BOEI-SO","WATER_BOEI","SO"
"http://digitalbuildingdata.tech/nlcs/def/f199681e-1299-490e-9b19-9d9eaa36f861","WATER","SIE","","3078","SIE-WATER_DEBIETMETER-SO","WATER_DEBIETMETER","SO"
"http://digitalbuildingdata.tech/nlcs/def/eb4940be-75cb-4235-845f-8be7658e9c4e","WATER","SIE","","3079","SIE-WATER_WATERSTANDMETER-SO","WATER_WATERSTANDMETER","SO"
"http://digitalbuildingdata.tech/nlcs/def/9756df39-7b0e-4c15-ba2b-9804d6ec92f0","DAMWAND","SGC","","308","SGC-DAMWAND_STAAL_CONNECTOR_C9-MM","DAMWAND_STAAL_CONNECTOR_C9","MM"
"http://digitalbuildingdata.tech/nlcs/def/e81223de-9de3-44ef-8c98-7313b9b0e0c4","WEERSTATION","SIE","","3080","SIE-WEERSTATION-SO","WEERSTATION","SO"
"http://digitalbuildingdata.tech/nlcs/def/b48ce4b9-4564-447c-b769-1f003a31a0c7","BOOMKRANSBAND","SVH","","3084","SVH-BOOMKRANSBAND_1500X1500","BOOMKRANSBAND_1500X1500",""
"http://digitalbuildingdata.tech/nlcs/def/5647db17-6046-4f06-911c-e5b9b50848dd","BOOMKRANSBAND","SVH","","3085","SVH-BOOMKRANSBAND_1800X1800","BOOMKRANSBAND_1800X1800",""
"http://digitalbuildingdata.tech/nlcs/def/56d12673-61eb-4537-8573-5e03477b796e","WEG","SIE","","3086","SIE-WEG_BOOMROOSTER_STAAL_1500X1500","WEG_BOOMROOSTER_STAAL_1500X1500",""
"http://digitalbuildingdata.tech/nlcs/def/8c74f886-7e5f-4719-bff3-103739b4d1e7","DIJKPAAL","SIE","","3089","SIE-DIJKPAAL-SO","DIJKPAAL","SO"
"http://digitalbuildingdata.tech/nlcs/def/8f95526a-a77f-4077-ab68-c97994599384","DAMWAND","SGC","","309","SGC-DAMWAND_STAAL_CONNECTOR_CPROFIEL-MM","DAMWAND_STAAL_CONNECTOR_CPROFIEL","MM"
"http://digitalbuildingdata.tech/nlcs/def/d7797c97-255a-46d7-b618-829ac4534881","WEG","SIE","","3090","SIE-WEG_DRINKBAK-SO","WEG_DRINKBAK","SO"
"http://digitalbuildingdata.tech/nlcs/def/6557d6c1-24cd-4ab0-b910-1bb15279b81e","WEG","SIE","","3092","SIE-WEG_FIETSNIET","WEG_FIETSNIET",""
"http://digitalbuildingdata.tech/nlcs/def/85a7e28c-78ef-41fb-a6ff-00aaeb7b74b2","WEG","SIE","","3093","SIE-WEG_FIETSREK-SO","WEG_FIETSREK","SO"
"http://digitalbuildingdata.tech/nlcs/def/dbc77436-e651-4437-b59b-83b3b53a2385","WEG","SIE","","3094","SIE-WEG_FLITSPAAL-SO","WEG_FLITSPAAL","SO"
"http://digitalbuildingdata.tech/nlcs/def/8b6badca-5cbc-4e61-a7ba-d407eb167a8b","TEKENBLAD","SAL","","31","SAL-TEKENBLAD_A3_297X1260-SO","TEKENBLAD_A3_297X1260","SO"
"http://digitalbuildingdata.tech/nlcs/def/4fd22d48-aaac-401f-9b46-5956e8a89cd8","DAMWAND","SGC","","310","SGC-DAMWAND_STAAL_CONNECTOR_DELTA13-MM","DAMWAND_STAAL_CONNECTOR_DELTA13","MM"
"http://digitalbuildingdata.tech/nlcs/def/e4c7c978-09f4-4e0b-8653-7ab4d7f51b3b","WEG","SIE","","3108","SIE-WEG_PAAL_LAADPAAL-SO","WEG_PAAL_LAADPAAL","SO"
"http://digitalbuildingdata.tech/nlcs/def/be913f49-bc9d-44e9-82eb-b9cfd7eb1dfa","DAMWAND","SGC","","311","SGC-DAMWAND_STAAL_CONNECTOR_OMEGA12-MM","DAMWAND_STAAL_CONNECTOR_OMEGA12","MM"
"http://digitalbuildingdata.tech/nlcs/def/2441006e-7643-4fdf-84c0-e20def65e846","WEG","SIE","","3112","SIE-WEG_VERKEERSTEKEN_BORD-SO","WEG_VERKEERSTEKEN_BORD","SO"
"http://digitalbuildingdata.tech/nlcs/def/56b22f0d-9777-4aec-9b0a-ca3181465ba6","WEG","SIE","","3114","SIE-WEG_VLAGGENMAST-SO","WEG_VLAGGENMAST","SO"
"http://digitalbuildingdata.tech/nlcs/def/1d43e963-ca55-40cc-9d36-bfce3e8f73c4","ZONNEPANEEL","SIE","","3116","SIE-ZONNEPANEEL-SO","ZONNEPANEEL","SO"
"http://digitalbuildingdata.tech/nlcs/def/667c576e-80c6-4b6e-91f5-1d4d02d8226b","BOOMKRANSBAND","SVH","V","3117","V-SVH-BOOMKRANSBAND_1500X1500","BOOMKRANSBAND_1500X1500",""
"http://digitalbuildingdata.tech/nlcs/def/2a188b1a-0c8f-4463-b2f4-593a122bc14a","BOOMKRANSBAND","SVH","V","3118","V-SVH-BOOMKRANSBAND_1800X1800","BOOMKRANSBAND_1800X1800",""
"http://digitalbuildingdata.tech/nlcs/def/3de435d9-8592-4b0b-8c08-5cbad4a57395","WEG","SIE","V","3119","V-SIE-WEG_FIETSNIET","WEG_FIETSNIET",""
"http://digitalbuildingdata.tech/nlcs/def/5e201eab-2f57-4fbf-a2d6-af24fdb0da85","DAMWAND","SGC","","312","SGC-DAMWAND_STAAL_CONNECTOR_OMEGA18-MM","DAMWAND_STAAL_CONNECTOR_OMEGA18","MM"
"http://digitalbuildingdata.tech/nlcs/def/1c1c4959-41b5-4e3e-8870-6732667de179","WEG","SIE","V","3120","V-SIE-WEG_FIETSREK-SO","WEG_FIETSREK","SO"
"http://digitalbuildingdata.tech/nlcs/def/ca8c0b12-e7f9-41ba-bb9a-759b4f69d1ff","WEG","SIE","V","3123","V-SIE-WEG_VLAGGENMAST-SO","WEG_VLAGGENMAST","SO"
"http://digitalbuildingdata.tech/nlcs/def/ee788881-6fff-4cdc-9393-8362f852e5c5","DATA","SKL","","3124","SKL-DATA_RADARMAST-SO","DATA_RADARMAST","SO"
"http://digitalbuildingdata.tech/nlcs/def/77c5faab-0ab8-4d37-b19d-e01c520ae3c4","DATA","SKL","","3125","SKL-DATA_STRAALZENDER-SO","DATA_STRAALZENDER","SO"
"http://digitalbuildingdata.tech/nlcs/def/28c45808-ff96-4a24-a61d-8332cbd25183","DATA","SKL","","3126","SKL-DATA_TELPAAL-SO","DATA_TELPAAL","SO"
"http://digitalbuildingdata.tech/nlcs/def/59ee521b-9e51-42b2-bcd5-96c918126cab","DATA","SKL","","3127","SKL-DATA_HULP_MOF_VERBINDING_HDPE-SO","DATA_HULP_MOF_VERBINDING_HDPE","SO"
"http://digitalbuildingdata.tech/nlcs/def/c8a85cde-905e-4e7b-adc4-01176881f85d","DATA","SKL","","3128","SKL-DATA_ZENDMAST-SO","DATA_ZENDMAST","SO"
"http://digitalbuildingdata.tech/nlcs/def/069cae67-924c-4319-8d5d-27e07e65c000","ET","SKL","","3129","SKL-ET_LS_MAST-SO","ET_LS_MAST","SO"
"http://digitalbuildingdata.tech/nlcs/def/80208eb0-ae1a-4f7f-a0a1-8bfb7dbc4b36","DAMWAND","SGC","","313","SGC-DAMWAND_STAAL_CONNECTOR_V20-MM","DAMWAND_STAAL_CONNECTOR_V20","MM"
"http://digitalbuildingdata.tech/nlcs/def/3bbd85b5-b3fd-4f8b-aa73-5002c1358101","GAS","SKL","","3130","SKL-GAS_PUT-SO","GAS_PUT","SO"
"http://digitalbuildingdata.tech/nlcs/def/931c7006-2cdd-47c9-a36e-be9fc10dc7da","GAS","SKL","","3131","SKL-GAS_TERREINKAST-SO","GAS_TERREINKAST","SO"
"http://digitalbuildingdata.tech/nlcs/def/c82a9c2f-282f-4edd-8fbb-ead31e4b27f2","KOUDEOPSLAG","SKL","","3132","SKL-KOUDEOPSLAG-SO","KOUDEOPSLAG","SO"
"http://digitalbuildingdata.tech/nlcs/def/8c26f5ad-81e3-42d8-84a8-32bfa60ccb64","POMP","SKL","","3133","SKL-POMP-SO","POMP","SO"
"http://digitalbuildingdata.tech/nlcs/def/c1faa8c2-7691-48cf-9190-f989d9b0b69b","TELKAST","SKL","","3134","SKL-TELKAST-SO","TELKAST","SO"
"http://digitalbuildingdata.tech/nlcs/def/e8f0cbdc-f7f6-44be-8e68-b1b1815c78b3","VRI","SKL","","3135","SKL-VRI_PAAL-SO","VRI_PAAL","SO"
"http://digitalbuildingdata.tech/nlcs/def/5dd40994-d9dd-4d6e-9d9c-9648b079c5ff","VRI","SKL","","3136","SKL-VRI_TERREINKAST-SO","VRI_TERREINKAST","SO"
"http://digitalbuildingdata.tech/nlcs/def/60859f0a-8097-49ba-9836-0ee3ef932b86","WARMTEOPSLAG","SKL","","3137","SKL-WARMTEOPSLAG-SO","WARMTEOPSLAG","SO"
"http://digitalbuildingdata.tech/nlcs/def/f833eb78-f7ff-41ad-b483-de36fb618ec3","MONITORING","SKL","","3138","SKL-MONITORING_HULP_LUSKOPPELMOF-SO","MONITORING_HULP_LUSKOPPELMOF","SO"
"http://digitalbuildingdata.tech/nlcs/def/885d490b-970d-45cb-96bc-ba2cf5102d9f","WATER","SOG","","3139","SOG-WATER_BEEK-SO","WATER_BEEK","SO"
"http://digitalbuildingdata.tech/nlcs/def/e5a26b20-e0b4-415d-a34b-77f0219b62e8","DAMWAND","SGC","","314","SGC-DAMWAND_STAAL_CONNECTOR_V22-MM","DAMWAND_STAAL_CONNECTOR_V22","MM"
"http://digitalbuildingdata.tech/nlcs/def/2a9bec6a-3770-4c23-b2b6-3d22f86d7f06","WATER","SOG","","3140","SOG-WATER_BRON-SO","WATER_BRON","SO"
"http://digitalbuildingdata.tech/nlcs/def/e6e908ef-bb30-4bd0-8917-288398e77df4","WATER","SOG","","3141","SOG-WATER_GRACHT-SO","WATER_GRACHT","SO"
"http://digitalbuildingdata.tech/nlcs/def/4d95939e-9862-428b-b588-c505e2870e9d","WATER","SOG","","3142","SOG-WATER_GREPPEL-SO","WATER_GREPPEL","SO"
"http://digitalbuildingdata.tech/nlcs/def/494c7cd4-713c-4d15-9082-ba2fc0948f90","WATER","SOG","","3143","SOG-WATER_HAVEN-SO","WATER_HAVEN","SO"
"http://digitalbuildingdata.tech/nlcs/def/dd928124-f0d8-4f9a-9a58-1ba8ca93e009","WATER","SOG","","3144","SOG-WATER_KANAAL-SO","WATER_KANAAL","SO"
"http://digitalbuildingdata.tech/nlcs/def/2f58e622-c017-4a54-9bf2-80978e615351","WATER","SOG","","3145","SOG-WATER_MEER-SO","WATER_MEER","SO"
"http://digitalbuildingdata.tech/nlcs/def/f4bc36ff-9c55-438a-9d6a-708c54f394cb","WATER","SOG","","3146","SOG-WATER_RIVIER-SO","WATER_RIVIER","SO"
"http://digitalbuildingdata.tech/nlcs/def/3df61cd6-9640-4efc-aa50-6851a945dcab","WATER","SOG","","3147","SOG-WATER_SLOOT-SO","WATER_SLOOT","SO"
"http://digitalbuildingdata.tech/nlcs/def/d318bbbe-49ea-4c08-a7e6-735bd17c681b","STRAND","SOG","","3148","SOG-STRAND-SO","STRAND","SO"
"http://digitalbuildingdata.tech/nlcs/def/6756cc63-9d78-430f-8317-23fdd1f62812","ZANDVERSTUIVING","SOG","","3149","SOG-ZANDVERSTUIVING-SO","ZANDVERSTUIVING","SO"
"http://digitalbuildingdata.tech/nlcs/def/a2134654-3a46-4b4c-a5d0-8f4af82a7786","DAMWAND","SGC","","315","SGC-DAMWAND_STAAL_CONNECTOR_VT-MM","DAMWAND_STAAL_CONNECTOR_VT","MM"
"http://digitalbuildingdata.tech/nlcs/def/18434b3f-cc45-4cae-8eb7-9dc1f35ad1d2","ERF","SOG","","3150","SOG-ERF-SO","ERF","SO"
"http://digitalbuildingdata.tech/nlcs/def/09fe95dd-41a3-4101-83b5-30ddb6857894","ONBEGROEID","SOG","","3151","SOG-ONBEGROEID-SO","ONBEGROEID","SO"
"http://digitalbuildingdata.tech/nlcs/def/8028c7d9-df5c-4c59-853f-48192f1ba269","SLIK","SOG","","3152","SOG-SLIK-SO","SLIK","SO"
"http://digitalbuildingdata.tech/nlcs/def/9a80c678-9f20-4463-ab9f-b79d2d8a4a6b","SLOOTKANT","SOG","","3153","SOG-SLOOTKANT-SO","SLOOTKANT","SO"
"http://digitalbuildingdata.tech/nlcs/def/da3ca123-5011-4143-90b6-25bd2e1e87fb","BETON","SVH","B","3154","B-SVH-BETONPLAAT_2X1","BETONPLAAT_2X1",""
"http://digitalbuildingdata.tech/nlcs/def/a23ea126-f34e-43b3-b4af-873243de3461","BETON","SVH","B","3155","B-SVH-BETONPLAAT_2X2","BETONPLAAT_2X2",""
"http://digitalbuildingdata.tech/nlcs/def/7b5739f3-bb46-41bd-81b0-697efceeb6d0","DREMPEL","SVH","B","3156","B-SVH-DREMPEL_PREFAB_GUMACON","DREMPEL_PREFAB_GUMACON",""
"http://digitalbuildingdata.tech/nlcs/def/99c84f19-bc59-4156-92a1-53918502e051","INRITELEMENT","SVH","B","3157","B-SVH-INRITELEMENT_130 150_180X450X1000_LINKS","INRITELEMENT_130 150_180X450X1000_LINKS",""
"http://digitalbuildingdata.tech/nlcs/def/075b6886-ed6c-4875-869e-d6f4a7671582","INRITELEMENT","SVH","B","3158","B-SVH-INRITELEMENT_130 150_180X450X1000_MIDDEN","INRITELEMENT_130 150_180X450X1000_MIDDEN",""
"http://digitalbuildingdata.tech/nlcs/def/0b616a40-c7ba-42fb-948a-34d9fb74aa92","INRITELEMENT","SVH","B","3159","B-SVH-INRITELEMENT_130 150_180X450X1000_RECHTS","INRITELEMENT_130 150_180X450X1000_RECHTS",""
"http://digitalbuildingdata.tech/nlcs/def/5cf140f9-f96f-4ec8-81e8-38e9686f0ddf","DAMWAND","SGC","","316","SGC-DAMWAND_STAAL_CONNECTOR_VTS-MM","DAMWAND_STAAL_CONNECTOR_VTS","MM"
"http://digitalbuildingdata.tech/nlcs/def/773de201-fd04-472f-92f2-f8a68be0bae5","INRITELEMENT","SVH","B","3160","B-SVH-INRITELEMENT_130 150_180X450X500_LINKS","INRITELEMENT_130 150_180X450X500_LINKS",""
"http://digitalbuildingdata.tech/nlcs/def/9e73035a-32f0-44aa-a100-744b89b31f6a","INRITELEMENT","SVH","B","3161","B-SVH-INRITELEMENT_130 150_180X450X500_MIDDEN","INRITELEMENT_130 150_180X450X500_MIDDEN",""
"http://digitalbuildingdata.tech/nlcs/def/c3641db3-4329-4d16-9660-08d2ca0358a9","INRITELEMENT","SVH","B","3162","B-SVH-INRITELEMENT_130 150_180X450X500_RECHTS","INRITELEMENT_130 150_180X450X500_RECHTS",""
"http://digitalbuildingdata.tech/nlcs/def/aa031bcb-d96b-4a6c-87cc-d895c0e2a786","INRITELEMENT","SVH","B","3163","B-SVH-INRITELEMENT_130 150_180X750X500_LINKS","INRITELEMENT_130 150_180X750X500_LINKS",""
"http://digitalbuildingdata.tech/nlcs/def/0f0f0c4e-08bd-4beb-8692-398017cfb7c8","INRITELEMENT","SVH","B","3164","B-SVH-INRITELEMENT_130 150_180X750X500_MIDDEN","INRITELEMENT_130 150_180X750X500_MIDDEN",""
"http://digitalbuildingdata.tech/nlcs/def/a0374a3e-05c7-420d-8ddf-ce59eb4fd9f9","INRITELEMENT","SVH","B","3165","B-SVH-INRITELEMENT_130 150_180X750X500_RECHTS","INRITELEMENT_130 150_180X750X500_RECHTS",""
"http://digitalbuildingdata.tech/nlcs/def/6fe37ed9-1fe1-486f-8a25-009c29eef1de","INRITELEMENT","SVH","B","3166","B-SVH-INRITELEMENT_130 150_200X450X500_LINKS","INRITELEMENT_130 150_200X450X500_LINKS",""
"http://digitalbuildingdata.tech/nlcs/def/a973a63c-c412-440a-840c-8efd3c543af2","INRITELEMENT","SVH","B","3167","B-SVH-INRITELEMENT_130 150_200X450X500_MIDDEN","INRITELEMENT_130 150_200X450X500_MIDDEN",""
"http://digitalbuildingdata.tech/nlcs/def/53a78cb4-2aeb-4b1e-87dc-2b562ed77fa8","INRITELEMENT","SVH","B","3168","B-SVH-INRITELEMENT_130 150_200X450X500_RECHTS","INRITELEMENT_130 150_200X450X500_RECHTS",""
"http://digitalbuildingdata.tech/nlcs/def/f0a86757-b7f5-4ed2-bc81-46eee944881b","INRITELEMENT","SVH","B","3169","B-SVH-INRITELEMENT_130 150_600X200X300_LINKS","INRITELEMENT_130 150_600X200X300_LINKS",""
"http://digitalbuildingdata.tech/nlcs/def/8c875dbb-e7aa-47b0-8362-35f308e06855","DAMWAND","SGC","","317","SGC-DAMWAND_STAAL_HOESCH_1105_575-MM","DAMWAND_STAAL_HOESCH_1105_575","MM"
"http://digitalbuildingdata.tech/nlcs/def/e0b375ea-fd21-4650-8092-b9ac0dee9636","INRITELEMENT","SVH","B","3170","B-SVH-INRITELEMENT_130 150_600X200X300_MIDDEN","INRITELEMENT_130 150_600X200X300_MIDDEN",""
"http://digitalbuildingdata.tech/nlcs/def/cf0dd622-0bdc-438a-b3c4-0df5b6a9eece","INRITELEMENT","SVH","B","3171","B-SVH-INRITELEMENT_130 150_600X200X300_RECHTS","INRITELEMENT_130 150_600X200X300_RECHTS",""
"http://digitalbuildingdata.tech/nlcs/def/1eab414b-34c3-40ea-8b9d-33caa5995191","INRITELEMENT","SVH","B","3172","B-SVH-INRITELEMENT_180 200_160X500X1000_HIJSOOG_LINKS","INRITELEMENT_180 200_160X500X1000_HIJSOOG_LINKS",""
"http://digitalbuildingdata.tech/nlcs/def/f323249c-5089-4d66-b8a7-d02c0939e084","INRITELEMENT","SVH","B","3173","B-SVH-INRITELEMENT_180 200_160X500X1000_HIJSOOG_MIDDEN","INRITELEMENT_180 200_160X500X1000_HIJSOOG_MIDDEN",""
"http://digitalbuildingdata.tech/nlcs/def/2a779d64-76f6-4d09-a67a-db555b03bf80","INRITELEMENT","SVH","B","3174","B-SVH-INRITELEMENT_180 200_160X500X1000_HIJSOOG_RECHTS","INRITELEMENT_180 200_160X500X1000_HIJSOOG_RECHTS",""
"http://digitalbuildingdata.tech/nlcs/def/5b79141a-36b8-4c72-bfd9-dd0bff31830a","INRITELEMENT","SVH","B","3175","B-SVH-INRITELEMENT_180 200_160X500X1000_LINKS","INRITELEMENT_180 200_160X500X1000_LINKS",""
"http://digitalbuildingdata.tech/nlcs/def/38cbbd78-a3b6-4029-9f42-35aaf3aac7c9","INRITELEMENT","SVH","B","3176","B-SVH-INRITELEMENT_180 200_160X500X1000_MIDDEN","INRITELEMENT_180 200_160X500X1000_MIDDEN",""
"http://digitalbuildingdata.tech/nlcs/def/3516ea06-4dff-4616-ba50-fe9ea2acc08a","INRITELEMENT","SVH","B","3177","B-SVH-INRITELEMENT_180 200_160X500X1000_RECHTS","INRITELEMENT_180 200_160X500X1000_RECHTS",""
"http://digitalbuildingdata.tech/nlcs/def/75797def-cb8b-4bcf-a71f-53d4f0b9fcbe","INRITELEMENT","SVH","B","3178","B-SVH-INRITELEMENT_180 200_160X500X500_LINKS","INRITELEMENT_180 200_160X500X500_LINKS",""
"http://digitalbuildingdata.tech/nlcs/def/092c458d-4476-4feb-9749-5cd55aee2f34","INRITELEMENT","SVH","B","3179","B-SVH-INRITELEMENT_180 200_160X500X500_MIDDEN","INRITELEMENT_180 200_160X500X500_MIDDEN",""
"http://digitalbuildingdata.tech/nlcs/def/c7828e8b-63a8-48dc-b882-44365baa1f2d","DAMWAND","SGC","","318","SGC-DAMWAND_STAAL_HOESCH_1200_575-MM","DAMWAND_STAAL_HOESCH_1200_575","MM"
"http://digitalbuildingdata.tech/nlcs/def/caadfdeb-df09-4b42-9f17-9079cbaf1cf5","INRITELEMENT","SVH","B","3180","B-SVH-INRITELEMENT_180 200_160X500X500_RECHTS","INRITELEMENT_180 200_160X500X500_RECHTS",""
"http://digitalbuildingdata.tech/nlcs/def/93554488-4f86-4960-a0ad-de2fd5187757","INRITELEMENT","SVH","B","3181","B-SVH-INRITELEMENT_180 200_180X800X500_LINKS","INRITELEMENT_180 200_180X800X500_LINKS",""
"http://digitalbuildingdata.tech/nlcs/def/39eb49b9-cddd-40b7-9bd2-61379233b8d1","INRITELEMENT","SVH","B","3182","B-SVH-INRITELEMENT_180 200_180X800X500_MIDDEN","INRITELEMENT_180 200_180X800X500_MIDDEN",""
"http://digitalbuildingdata.tech/nlcs/def/325eb2a8-a000-4ba5-a0d7-72d4d789c8f6","INRITELEMENT","SVH","B","3183","B-SVH-INRITELEMENT_180 200_180X800X500_RECHTS","INRITELEMENT_180 200_180X800X500_RECHTS",""
"http://digitalbuildingdata.tech/nlcs/def/76b68f4d-2dcb-4773-b972-3cfeca80bcc7","INRITELEMENT","SVH","B","3184","B-SVH-INRITELEMENT_180 200_200X650X500_LINKS","INRITELEMENT_180 200_200X650X500_LINKS",""
"http://digitalbuildingdata.tech/nlcs/def/c9795742-c510-477b-b648-1c1eb35ef9a7","INRITELEMENT","SVH","B","3185","B-SVH-INRITELEMENT_180 200_200X650X500_MIDDEN","INRITELEMENT_180 200_200X650X500_MIDDEN",""
"http://digitalbuildingdata.tech/nlcs/def/b4022c4c-3987-4a61-9494-67dbbe6d370a","INRITELEMENT","SVH","B","3186","B-SVH-INRITELEMENT_180 200_200X650X500_RECHTS","INRITELEMENT_180 200_200X650X500_RECHTS",""
"http://digitalbuildingdata.tech/nlcs/def/a6cb18c0-bc01-4bce-b9e4-c13a328ac505","INRITELEMENT","SVH","B","3187","B-SVH-INRITELEMENT_280 300_280X800X800_LINKS","INRITELEMENT_280 300_280X800X800_LINKS",""
"http://digitalbuildingdata.tech/nlcs/def/569f0b33-de81-419d-af8a-b2eba8fc39ed","INRITELEMENT","SVH","B","3188","B-SVH-INRITELEMENT_280 300_280X800X800_MIDDEN","INRITELEMENT_280 300_280X800X800_MIDDEN",""
"http://digitalbuildingdata.tech/nlcs/def/b4f0e70a-3b8d-4ad7-8e33-7bac8e7e7300","INRITELEMENT","SVH","B","3189","B-SVH-INRITELEMENT_280 300_280X800X800_RECHTS","INRITELEMENT_280 300_280X800X800_RECHTS",""
"http://digitalbuildingdata.tech/nlcs/def/fe459b4c-9fe0-4856-9249-48d9a62cc380","DAMWAND","SGC","","319","SGC-DAMWAND_STAAL_HOESCH_1205_575-MM","DAMWAND_STAAL_HOESCH_1205_575","MM"
"http://digitalbuildingdata.tech/nlcs/def/8cf898eb-18dc-456c-9a60-b98db32057a5","BETON","SVH","","3190","SVH-BETONPLAAT_2X1","BETONPLAAT_2X1",""
"http://digitalbuildingdata.tech/nlcs/def/c6a671f2-41db-4c9a-945b-8b8f2bc5e4e3","BETON","SVH","","3191","SVH-BETONPLAAT_2X2","BETONPLAAT_2X2",""
"http://digitalbuildingdata.tech/nlcs/def/2fdf7a6c-c9ac-44dc-b8d1-df6d0f142066","DREMPEL","SVH","","3192","SVH-DREMPEL_PREFAB_GUMACON","DREMPEL_PREFAB_GUMACON",""
"http://digitalbuildingdata.tech/nlcs/def/67424372-7f91-4b6e-81fe-4c2e4179b3f1","INRITELEMENT","SVH","","3193","SVH-INRITELEMENT_130 150_180X450X1000_LINKS","INRITELEMENT_130 150_180X450X1000_LINKS",""
"http://digitalbuildingdata.tech/nlcs/def/ae5f03bc-77c0-4b91-8675-e437f3210ffe","INRITELEMENT","SVH","","3194","SVH-INRITELEMENT_130 150_180X450X1000_MIDDEN","INRITELEMENT_130 150_180X450X1000_MIDDEN",""
"http://digitalbuildingdata.tech/nlcs/def/5ca08384-b85a-4673-8a9e-9a13c2fa4ead","INRITELEMENT","SVH","","3195","SVH-INRITELEMENT_130 150_180X450X1000_RECHTS","INRITELEMENT_130 150_180X450X1000_RECHTS",""
"http://digitalbuildingdata.tech/nlcs/def/50b59c98-9d18-4a29-bcc4-19523b0a8172","INRITELEMENT","SVH","","3196","SVH-INRITELEMENT_130 150_180X450X500_LINKS","INRITELEMENT_130 150_180X450X500_LINKS",""
"http://digitalbuildingdata.tech/nlcs/def/f32d69a4-b651-48ea-ac08-ea959a3e08ab","INRITELEMENT","SVH","","3197","SVH-INRITELEMENT_130 150_180X450X500_MIDDEN","INRITELEMENT_130 150_180X450X500_MIDDEN",""
"http://digitalbuildingdata.tech/nlcs/def/4013dd07-e494-498e-b12b-4f75e55a66ec","INRITELEMENT","SVH","","3198","SVH-INRITELEMENT_130 150_180X450X500_RECHTS","INRITELEMENT_130 150_180X450X500_RECHTS",""
"http://digitalbuildingdata.tech/nlcs/def/88ebabb2-31f3-4755-ab51-82554fcae4fb","INRITELEMENT","SVH","","3199","SVH-INRITELEMENT_130 150_180X750X500_LINKS","INRITELEMENT_130 150_180X750X500_LINKS",""
"http://digitalbuildingdata.tech/nlcs/def/5c9e16c7-c44b-47b5-8a57-894d350738de","TEKENBLAD","SAL","","32","SAL-TEKENBLAD_A3_297X1470-SO","TEKENBLAD_A3_297X1470","SO"
"http://digitalbuildingdata.tech/nlcs/def/32b9a622-fbdd-49c8-bac2-614540dce003","DAMWAND","SGC","","320","SGC-DAMWAND_STAAL_HOESCH_1255_575-MM","DAMWAND_STAAL_HOESCH_1255_575","MM"
"http://digitalbuildingdata.tech/nlcs/def/30cbabe1-1c79-4a3f-a806-f88fcdfd985b","INRITELEMENT","SVH","","3200","SVH-INRITELEMENT_130 150_180X750X500_MIDDEN","INRITELEMENT_130 150_180X750X500_MIDDEN",""
"http://digitalbuildingdata.tech/nlcs/def/d60e6bb2-b32d-4c98-9ef0-db794ace4900","INRITELEMENT","SVH","","3201","SVH-INRITELEMENT_130 150_180X750X500_RECHTS","INRITELEMENT_130 150_180X750X500_RECHTS",""
"http://digitalbuildingdata.tech/nlcs/def/163e9c1d-848d-4e88-88b9-ed4aeb07f34c","INRITELEMENT","SVH","","3202","SVH-INRITELEMENT_130 150_200X450X500_LINKS","INRITELEMENT_130 150_200X450X500_LINKS",""
"http://digitalbuildingdata.tech/nlcs/def/4d7da5d3-fa26-4452-8843-59e5af79281a","INRITELEMENT","SVH","","3203","SVH-INRITELEMENT_130 150_200X450X500_MIDDEN","INRITELEMENT_130 150_200X450X500_MIDDEN",""
"http://digitalbuildingdata.tech/nlcs/def/4f2f4728-5f3c-48da-8fb8-2e5dc1c03a7b","INRITELEMENT","SVH","","3204","SVH-INRITELEMENT_130 150_200X450X500_RECHTS","INRITELEMENT_130 150_200X450X500_RECHTS",""
"http://digitalbuildingdata.tech/nlcs/def/c22e7cf7-c5d4-4274-93e4-15674e522213","INRITELEMENT","SVH","","3205","SVH-INRITELEMENT_130 150_600X200X300_LINKS","INRITELEMENT_130 150_600X200X300_LINKS",""
"http://digitalbuildingdata.tech/nlcs/def/105c6fc5-dafa-4f40-bf91-4c394aebb5d5","INRITELEMENT","SVH","","3206","SVH-INRITELEMENT_130 150_600X200X300_MIDDEN","INRITELEMENT_130 150_600X200X300_MIDDEN",""
"http://digitalbuildingdata.tech/nlcs/def/d0858cad-4488-467a-8bbb-904a51464d2a","INRITELEMENT","SVH","","3207","SVH-INRITELEMENT_130 150_600X200X300_RECHTS","INRITELEMENT_130 150_600X200X300_RECHTS",""
"http://digitalbuildingdata.tech/nlcs/def/3335f17e-d7c2-4bde-a195-cc1563d96b0b","INRITELEMENT","SVH","","3208","SVH-INRITELEMENT_180 200_160X500X1000_HIJSOOG_LINKS","INRITELEMENT_180 200_160X500X1000_HIJSOOG_LINKS",""
"http://digitalbuildingdata.tech/nlcs/def/9852b70a-d864-46b1-bb6e-08c6a5b1ea04","INRITELEMENT","SVH","","3209","SVH-INRITELEMENT_180 200_160X500X1000_HIJSOOG_MIDDEN","INRITELEMENT_180 200_160X500X1000_HIJSOOG_MIDDEN",""
"http://digitalbuildingdata.tech/nlcs/def/7da1b319-4987-4e4d-8b34-c1db1c694e91","DAMWAND","SGC","","321","SGC-DAMWAND_STAAL_HOESCH_1605_575-MM","DAMWAND_STAAL_HOESCH_1605_575","MM"
"http://digitalbuildingdata.tech/nlcs/def/07804db2-6685-4d9c-95a5-b9cb4e8f56b7","INRITELEMENT","SVH","","3210","SVH-INRITELEMENT_180 200_160X500X1000_HIJSOOG_RECHTS","INRITELEMENT_180 200_160X500X1000_HIJSOOG_RECHTS",""
"http://digitalbuildingdata.tech/nlcs/def/2d1f97bc-f01d-4783-9694-1b119e9f4b01","INRITELEMENT","SVH","","3211","SVH-INRITELEMENT_180 200_160X500X1000_LINKS","INRITELEMENT_180 200_160X500X1000_LINKS",""
"http://digitalbuildingdata.tech/nlcs/def/d84a6427-d960-4fb9-9658-d7fe047b502d","INRITELEMENT","SVH","","3212","SVH-INRITELEMENT_180 200_160X500X1000_MIDDEN","INRITELEMENT_180 200_160X500X1000_MIDDEN",""
"http://digitalbuildingdata.tech/nlcs/def/9dc3a8da-65e9-4751-9d83-9c68e4f47d0e","INRITELEMENT","SVH","","3213","SVH-INRITELEMENT_180 200_160X500X1000_RECHTS","INRITELEMENT_180 200_160X500X1000_RECHTS",""
"http://digitalbuildingdata.tech/nlcs/def/fb0267e1-5513-4ebe-8511-74603cdd504c","INRITELEMENT","SVH","","3214","SVH-INRITELEMENT_180 200_160X500X500_LINKS","INRITELEMENT_180 200_160X500X500_LINKS",""
"http://digitalbuildingdata.tech/nlcs/def/4054fec7-e0aa-4ec7-9fc0-5683ec2fbf23","INRITELEMENT","SVH","","3215","SVH-INRITELEMENT_180 200_160X500X500_MIDDEN","INRITELEMENT_180 200_160X500X500_MIDDEN",""
"http://digitalbuildingdata.tech/nlcs/def/ab251414-b7ba-498e-b33c-9f332ca9ca4c","INRITELEMENT","SVH","","3216","SVH-INRITELEMENT_180 200_160X500X500_RECHTS","INRITELEMENT_180 200_160X500X500_RECHTS",""
"http://digitalbuildingdata.tech/nlcs/def/ef6e1680-70b9-495d-a3c1-cdf76a8ec2fa","INRITELEMENT","SVH","","3217","SVH-INRITELEMENT_180 200_180X800X500_LINKS","INRITELEMENT_180 200_180X800X500_LINKS",""
"http://digitalbuildingdata.tech/nlcs/def/fa10afc1-6c1e-4e22-a70d-e18fdad90715","INRITELEMENT","SVH","","3218","SVH-INRITELEMENT_180 200_180X800X500_MIDDEN","INRITELEMENT_180 200_180X800X500_MIDDEN",""
"http://digitalbuildingdata.tech/nlcs/def/dedff036-b338-47b0-a557-e0f23fb44f7d","INRITELEMENT","SVH","","3219","SVH-INRITELEMENT_180 200_180X800X500_RECHTS","INRITELEMENT_180 200_180X800X500_RECHTS",""
"http://digitalbuildingdata.tech/nlcs/def/27567e64-04ee-4873-af2f-4a808fa3c179","DAMWAND","SGC","","322","SGC-DAMWAND_STAAL_HOESCH_1700_575-MM","DAMWAND_STAAL_HOESCH_1700_575","MM"
"http://digitalbuildingdata.tech/nlcs/def/963c8955-969b-4b11-9332-05dfc8d246bc","INRITELEMENT","SVH","","3220","SVH-INRITELEMENT_180 200_200X650X500_LINKS","INRITELEMENT_180 200_200X650X500_LINKS",""
"http://digitalbuildingdata.tech/nlcs/def/0afa5766-c879-4785-abce-acc3cf37ab97","INRITELEMENT","SVH","","3221","SVH-INRITELEMENT_180 200_200X650X500_MIDDEN","INRITELEMENT_180 200_200X650X500_MIDDEN",""
"http://digitalbuildingdata.tech/nlcs/def/55065a3e-f7af-4b39-b1b3-4dfb8e816fb8","INRITELEMENT","SVH","","3222","SVH-INRITELEMENT_180 200_200X650X500_RECHTS","INRITELEMENT_180 200_200X650X500_RECHTS",""
"http://digitalbuildingdata.tech/nlcs/def/9d4d9e24-198f-4075-a4fe-d63b61faf5cd","INRITELEMENT","SVH","","3223","SVH-INRITELEMENT_280 300_280X800X800_LINKS","INRITELEMENT_280 300_280X800X800_LINKS",""
"http://digitalbuildingdata.tech/nlcs/def/b9d34502-768b-403b-9c0c-11ae9bc54a9c","INRITELEMENT","SVH","","3224","SVH-INRITELEMENT_280 300_280X800X800_MIDDEN","INRITELEMENT_280 300_280X800X800_MIDDEN",""
"http://digitalbuildingdata.tech/nlcs/def/a59a67c2-7585-4379-b047-4b34d7f7e56f","INRITELEMENT","SVH","","3225","SVH-INRITELEMENT_280 300_280X800X800_RECHTS","INRITELEMENT_280 300_280X800X800_RECHTS",""
"http://digitalbuildingdata.tech/nlcs/def/2d9d0818-1788-44ca-88d9-c5656dc432ef","GOOT","SVH","","3226","SVH-GOOT_LIJNGOOT-D","GOOT_LIJNGOOT","D"
"http://digitalbuildingdata.tech/nlcs/def/1ec84cd5-c53d-46a0-8508-16abae2d50eb","GOOT","SVH","","3227","SVH-GOOT_MOLGOOT-D","GOOT_MOLGOOT","D"
"http://digitalbuildingdata.tech/nlcs/def/0c69827a-d743-4190-88fd-c4d248e4e8af","GOOT","SVH","","3228","SVH-GOOT_OPEN GOOT-D","GOOT_OPEN GOOT","D"
"http://digitalbuildingdata.tech/nlcs/def/d1931b19-18ca-40ae-a327-2e7ee85decc2","GOOT","SVH","","3229","SVH-GOOT_POLYDRAIN-D","GOOT_POLYDRAIN","D"
"http://digitalbuildingdata.tech/nlcs/def/5c8955d0-5ff7-456b-8613-829111d5bb60","DAMWAND","SGC","","323","SGC-DAMWAND_STAAL_HOESCH_1705_575-MM","DAMWAND_STAAL_HOESCH_1705_575","MM"
"http://digitalbuildingdata.tech/nlcs/def/69bb5bcc-db07-4859-9b49-0a889a1c95a1","GOOT","SVH","","3230","SVH-GOOT_TEGEL-D","GOOT_TEGEL","D"
"http://digitalbuildingdata.tech/nlcs/def/99e80ab4-5fd3-4dd1-9888-5e3511c2d076","KANTOPSLUITING","SVH","B","3233","B-SVH-KANTOPSLUITING_GAZONBAND_50 150X70X500-D","KANTOPSLUITING_GAZONBAND_50 150X70X500","D"
"http://digitalbuildingdata.tech/nlcs/def/480f0773-9348-41f6-9e19-479a6c6fbcf5","KANTOPSLUITING","SVH","B","3237","B-SVH-KANTOPSLUITING_OPSLUITBAND_70 200-D","KANTOPSLUITING_OPSLUITBAND_70 200","D"
"http://digitalbuildingdata.tech/nlcs/def/0e4ddca4-8cdb-48f2-a065-265b7cb0943d","KANTOPSLUITING","SVH","B","3238","B-SVH-KANTOPSLUITING_SCHEIDINGSBAND_110 220-D","KANTOPSLUITING_SCHEIDINGSBAND_110 220","D"
"http://digitalbuildingdata.tech/nlcs/def/9f9b3d2b-1890-447a-8930-04a4473085cb","KANTOPSLUITING","SVH","B","3239","B-SVH-KANTOPSLUITING_SCHEIDINGSBAND_110 250-D","KANTOPSLUITING_SCHEIDINGSBAND_110 250","D"
"http://digitalbuildingdata.tech/nlcs/def/c9cab5b0-6449-4e5f-9b57-1286e451e9a5","DAMWAND","SGC","","324","SGC-DAMWAND_STAAL_HOESCH_1706_675-MM","DAMWAND_STAAL_HOESCH_1706_675","MM"
"http://digitalbuildingdata.tech/nlcs/def/ca36e790-4d79-4a30-b984-fe8a702e69e2","KANTOPSLUITING","SVH","B","3240","B-SVH-KANTOPSLUITING_SCHEIDINGSBAND_280 300-D","KANTOPSLUITING_SCHEIDINGSBAND_280 300","D"
"http://digitalbuildingdata.tech/nlcs/def/a34d69dc-41e6-4642-b4ff-0c112b6a9267","KANTOPSLUITING","SVH","B","3241","B-SVH-KANTOPSLUITING_SCHEIDINGSBAND_300X200-D","KANTOPSLUITING_SCHEIDINGSBAND_300X200","D"
"http://digitalbuildingdata.tech/nlcs/def/c6523632-261b-4d30-a0c8-202f17771bc1","KANTOPSLUITING","SVH","B","3243","B-SVH-KANTOPSLUITING_TROTTOIRBAND_130 250-D","KANTOPSLUITING_TROTTOIRBAND_130 250","D"
"http://digitalbuildingdata.tech/nlcs/def/0b5c4e2c-e1cf-4bad-9805-b2addbd5a597","DAMWAND","SGC","","325","SGC-DAMWAND_STAAL_HOESCH_1805_575-MM","DAMWAND_STAAL_HOESCH_1805_575","MM"
"http://digitalbuildingdata.tech/nlcs/def/1b41e734-0ad2-4763-be6f-df8fe247734a","TEGEL","SVH","","3254","SVH-TEGEL_FLOWBLOCK","TEGEL_FLOWBLOCK",""
"http://digitalbuildingdata.tech/nlcs/def/d6e47459-b89d-4c3e-bc89-55fb5271cb54","TEGEL","SVH","","3255","SVH-TEGEL_ZINLOOSGEWELD","TEGEL_ZINLOOSGEWELD",""
"http://digitalbuildingdata.tech/nlcs/def/d9ff17d9-1316-49df-b808-f5d9575e324a","GRAVEL","SVH","","3256","SVH-GRAVEL-SO","GRAVEL","SO"
"http://digitalbuildingdata.tech/nlcs/def/c003d926-3181-4977-a669-e660b036feef","GRAVEL","SVH","V","3257","V-SVH-GRAVEL-SO","GRAVEL","SO"
"http://digitalbuildingdata.tech/nlcs/def/8c4c327c-8b01-4df3-ab0c-ad1a27cfb0f4","BETON","SVH","V","3258","V-SVH-BETONPLAAT_2X1","BETONPLAAT_2X1",""
"http://digitalbuildingdata.tech/nlcs/def/b10972d0-87c7-45de-a825-68a972b83e10","BETON","SVH","V","3259","V-SVH-BETONPLAAT_2X2","BETONPLAAT_2X2",""
"http://digitalbuildingdata.tech/nlcs/def/0fb5d4c6-5b92-430e-adbe-e51960c33279","DAMWAND","SGC","","326","SGC-DAMWAND_STAAL_HOESCH_1806_675-MM","DAMWAND_STAAL_HOESCH_1806_675","MM"
"http://digitalbuildingdata.tech/nlcs/def/9920d685-da6b-4c67-a919-8f028a497e7d","DREMPEL","SVH","V","3260","V-SVH-DREMPEL_PREFAB_GUMACON","DREMPEL_PREFAB_GUMACON",""
"http://digitalbuildingdata.tech/nlcs/def/56ee21d4-641a-45f0-aa08-4859cc5d93db","INRITELEMENT","SVH","V","3261","V-SVH-INRITELEMENT_130 150_180X450X1000_LINKS","INRITELEMENT_130 150_180X450X1000_LINKS",""
"http://digitalbuildingdata.tech/nlcs/def/b156248d-13a2-4e89-aa8c-a17a4186270e","INRITELEMENT","SVH","V","3262","V-SVH-INRITELEMENT_130 150_180X450X1000_MIDDEN","INRITELEMENT_130 150_180X450X1000_MIDDEN",""
"http://digitalbuildingdata.tech/nlcs/def/60e2adb7-a4c2-48f7-b40a-3f717420255b","INRITELEMENT","SVH","V","3263","V-SVH-INRITELEMENT_130 150_180X450X1000_RECHTS","INRITELEMENT_130 150_180X450X1000_RECHTS",""
"http://digitalbuildingdata.tech/nlcs/def/b0969393-00bb-43fb-99a7-9b7fd084727c","INRITELEMENT","SVH","V","3264","V-SVH-INRITELEMENT_130 150_180X450X500_LINKS","INRITELEMENT_130 150_180X450X500_LINKS",""
"http://digitalbuildingdata.tech/nlcs/def/8c0e1584-c9ba-49e3-9be7-66b20aeb5d50","INRITELEMENT","SVH","V","3265","V-SVH-INRITELEMENT_130 150_180X450X500_MIDDEN","INRITELEMENT_130 150_180X450X500_MIDDEN",""
"http://digitalbuildingdata.tech/nlcs/def/ad56d1f9-b293-4663-90ba-b020b3c8be1b","INRITELEMENT","SVH","V","3266","V-SVH-INRITELEMENT_130 150_180X450X500_RECHTS","INRITELEMENT_130 150_180X450X500_RECHTS",""
"http://digitalbuildingdata.tech/nlcs/def/26fab702-d7a9-4327-b3be-ac9a3cda7f64","INRITELEMENT","SVH","V","3267","V-SVH-INRITELEMENT_130 150_180X750X500_LINKS","INRITELEMENT_130 150_180X750X500_LINKS",""
"http://digitalbuildingdata.tech/nlcs/def/f95e120e-04b1-4ad2-8116-bcb25310d6b5","INRITELEMENT","SVH","V","3268","V-SVH-INRITELEMENT_130 150_180X750X500_MIDDEN","INRITELEMENT_130 150_180X750X500_MIDDEN",""
"http://digitalbuildingdata.tech/nlcs/def/d4353597-860c-4b93-a04e-c83b3f6560fc","INRITELEMENT","SVH","V","3269","V-SVH-INRITELEMENT_130 150_180X750X500_RECHTS","INRITELEMENT_130 150_180X750X500_RECHTS",""
"http://digitalbuildingdata.tech/nlcs/def/7ce0d6ab-b6cc-40f1-83e6-17dbacab9f75","DAMWAND","SGC","","327","SGC-DAMWAND_STAAL_HOESCH_1856_675-MM","DAMWAND_STAAL_HOESCH_1856_675","MM"
"http://digitalbuildingdata.tech/nlcs/def/b434e8e0-557c-4ae2-8f77-1b0460fbc887","INRITELEMENT","SVH","V","3270","V-SVH-INRITELEMENT_130 150_200X450X500_LINKS","INRITELEMENT_130 150_200X450X500_LINKS",""
"http://digitalbuildingdata.tech/nlcs/def/9841d76d-1694-41d0-9163-99530c8c57c9","INRITELEMENT","SVH","V","3271","V-SVH-INRITELEMENT_130 150_200X450X500_MIDDEN","INRITELEMENT_130 150_200X450X500_MIDDEN",""
"http://digitalbuildingdata.tech/nlcs/def/8ceb91a3-362d-40d5-a50e-23780576b88c","INRITELEMENT","SVH","V","3272","V-SVH-INRITELEMENT_130 150_200X450X500_RECHTS","INRITELEMENT_130 150_200X450X500_RECHTS",""
"http://digitalbuildingdata.tech/nlcs/def/9f0c5390-ca63-441e-947a-0a517adc21b9","INRITELEMENT","SVH","V","3273","V-SVH-INRITELEMENT_130 150_600X200X300_LINKS","INRITELEMENT_130 150_600X200X300_LINKS",""
"http://digitalbuildingdata.tech/nlcs/def/bc345722-8068-421a-be37-a0b796c47ce9","INRITELEMENT","SVH","V","3274","V-SVH-INRITELEMENT_130 150_600X200X300_MIDDEN","INRITELEMENT_130 150_600X200X300_MIDDEN",""
"http://digitalbuildingdata.tech/nlcs/def/04e46276-331b-475a-b84d-b6510bc399c6","INRITELEMENT","SVH","V","3275","V-SVH-INRITELEMENT_130 150_600X200X300_RECHTS","INRITELEMENT_130 150_600X200X300_RECHTS",""
"http://digitalbuildingdata.tech/nlcs/def/dfed4e06-62a0-44a7-8560-e1eaa2621976","INRITELEMENT","SVH","V","3276","V-SVH-INRITELEMENT_180 200_160X500X1000_HIJSOOG_LINKS","INRITELEMENT_180 200_160X500X1000_HIJSOOG_LINKS",""
"http://digitalbuildingdata.tech/nlcs/def/6b6bcc17-fc63-41ca-8ce9-e04bc29cf259","INRITELEMENT","SVH","V","3277","V-SVH-INRITELEMENT_180 200_160X500X1000_HIJSOOG_MIDDEN","INRITELEMENT_180 200_160X500X1000_HIJSOOG_MIDDEN",""
"http://digitalbuildingdata.tech/nlcs/def/d2c2f0ee-664a-40f2-bc0f-29c61c023c5b","INRITELEMENT","SVH","V","3278","V-SVH-INRITELEMENT_180 200_160X500X1000_HIJSOOG_RECHTS","INRITELEMENT_180 200_160X500X1000_HIJSOOG_RECHTS",""
"http://digitalbuildingdata.tech/nlcs/def/674dd3e5-c28e-4a6d-b9d4-9de9be40e08a","INRITELEMENT","SVH","V","3279","V-SVH-INRITELEMENT_180 200_160X500X1000_LINKS","INRITELEMENT_180 200_160X500X1000_LINKS",""
"http://digitalbuildingdata.tech/nlcs/def/d4ffdce1-9ed0-43e4-be2c-ea35b2b43479","DAMWAND","SGC","","328","SGC-DAMWAND_STAAL_HOESCH_1906_675-MM","DAMWAND_STAAL_HOESCH_1906_675","MM"
"http://digitalbuildingdata.tech/nlcs/def/e6cd10fd-14c1-42e9-8dd5-f89db3e495bf","INRITELEMENT","SVH","V","3280","V-SVH-INRITELEMENT_180 200_160X500X1000_MIDDEN","INRITELEMENT_180 200_160X500X1000_MIDDEN",""
"http://digitalbuildingdata.tech/nlcs/def/4b8c8b0f-daef-4c93-bffb-52faab0c82b8","INRITELEMENT","SVH","V","3281","V-SVH-INRITELEMENT_180 200_160X500X1000_RECHTS","INRITELEMENT_180 200_160X500X1000_RECHTS",""
"http://digitalbuildingdata.tech/nlcs/def/39fbba04-2fc0-430a-853b-9dc7fe865f25","INRITELEMENT","SVH","V","3282","V-SVH-INRITELEMENT_180 200_160X500X500_LINKS","INRITELEMENT_180 200_160X500X500_LINKS",""
"http://digitalbuildingdata.tech/nlcs/def/29b57d25-39e2-4c6c-97e0-6c402112eca1","INRITELEMENT","SVH","V","3283","V-SVH-INRITELEMENT_180 200_160X500X500_MIDDEN","INRITELEMENT_180 200_160X500X500_MIDDEN",""
"http://digitalbuildingdata.tech/nlcs/def/a6a5a21e-74d3-4909-bb63-10c0a02d2d4d","INRITELEMENT","SVH","V","3284","V-SVH-INRITELEMENT_180 200_160X500X500_RECHTS","INRITELEMENT_180 200_160X500X500_RECHTS",""
"http://digitalbuildingdata.tech/nlcs/def/c581396c-7ee3-4a01-b0a7-60f32c39b13b","INRITELEMENT","SVH","V","3285","V-SVH-INRITELEMENT_180 200_180X800X500_LINKS","INRITELEMENT_180 200_180X800X500_LINKS",""
"http://digitalbuildingdata.tech/nlcs/def/fc64e3eb-f5e6-466e-9170-85e7f4a2661d","INRITELEMENT","SVH","V","3286","V-SVH-INRITELEMENT_180 200_180X800X500_MIDDEN","INRITELEMENT_180 200_180X800X500_MIDDEN",""
"http://digitalbuildingdata.tech/nlcs/def/74428aaa-1518-498f-9f7f-c8345bd8cef2","INRITELEMENT","SVH","V","3287","V-SVH-INRITELEMENT_180 200_180X800X500_RECHTS","INRITELEMENT_180 200_180X800X500_RECHTS",""
"http://digitalbuildingdata.tech/nlcs/def/d663fedc-21fb-43bd-89e7-146725c5a3c6","INRITELEMENT","SVH","V","3288","V-SVH-INRITELEMENT_180 200_200X650X500_LINKS","INRITELEMENT_180 200_200X650X500_LINKS",""
"http://digitalbuildingdata.tech/nlcs/def/0fc06ad5-2722-4383-b277-8a2e5e78e6cf","INRITELEMENT","SVH","V","3289","V-SVH-INRITELEMENT_180 200_200X650X500_MIDDEN","INRITELEMENT_180 200_200X650X500_MIDDEN",""
"http://digitalbuildingdata.tech/nlcs/def/66040230-ed18-42e3-b1ce-ad0bd05b0098","DAMWAND","SGC","","329","SGC-DAMWAND_STAAL_HOESCH_2305_575-MM","DAMWAND_STAAL_HOESCH_2305_575","MM"
"http://digitalbuildingdata.tech/nlcs/def/4acd06fa-4767-40bc-adc2-d0d551b6dd5d","INRITELEMENT","SVH","V","3290","V-SVH-INRITELEMENT_180 200_200X650X500_RECHTS","INRITELEMENT_180 200_200X650X500_RECHTS",""
"http://digitalbuildingdata.tech/nlcs/def/1a143024-ed25-4902-b356-d469c5589500","INRITELEMENT","SVH","V","3291","V-SVH-INRITELEMENT_280 300_280X800X800_LINKS","INRITELEMENT_280 300_280X800X800_LINKS",""
"http://digitalbuildingdata.tech/nlcs/def/5237fe71-2f69-4fa6-ad0e-2f3ce567a1e0","INRITELEMENT","SVH","V","3292","V-SVH-INRITELEMENT_280 300_280X800X800_MIDDEN","INRITELEMENT_280 300_280X800X800_MIDDEN",""
"http://digitalbuildingdata.tech/nlcs/def/621513f5-913f-4cd8-b296-5f39982786c0","INRITELEMENT","SVH","V","3293","V-SVH-INRITELEMENT_280 300_280X800X800_RECHTS","INRITELEMENT_280 300_280X800X800_RECHTS",""
"http://digitalbuildingdata.tech/nlcs/def/bb01c71d-12b2-462a-9b76-403eeab909b7","AFSLUITPAAL","SVW","","3294","SVW-AFSLUITPAAL-SO","AFSLUITPAAL","SO"
"http://digitalbuildingdata.tech/nlcs/def/4024efa0-74a7-4bd6-983b-150d7f66d8d5","BEWEGWIJZERING","SVW","","3295","SVW-BEWEGWIJZERING-SO","BEWEGWIJZERING","SO"
"http://digitalbuildingdata.tech/nlcs/def/68d29f07-da9d-4013-9a4a-de7f7d515cc9","HALTEPAAL","SVW","","3296","SVW-HALTEPAAL-SO","HALTEPAAL","SO"
"http://digitalbuildingdata.tech/nlcs/def/f85cf884-6929-4e52-a1dd-af7face65e4a","HECTOMETERPAAL","SVW","","3297","SVW-HECTOMETERPAAL-SO","HECTOMETERPAAL","SO"
"http://digitalbuildingdata.tech/nlcs/def/8bcbbf75-22b7-4387-9830-f79c565d65f5","TRAMSIGNALERING","SIW","","3299","SIW-TRAMSIGNALERING-SO","TRAMSIGNALERING","SO"
"http://digitalbuildingdata.tech/nlcs/def/1a8748b9-84cb-4ab4-8926-ba8e921f9fb7","TEKENBLAD","SAL","","33","SAL-TEKENBLAD_A3_297X1680-SO","TEKENBLAD_A3_297X1680","SO"
"http://digitalbuildingdata.tech/nlcs/def/e452d43a-dbf1-43c4-8924-54aeb6219b60","DAMWAND","SGC","","330","SGC-DAMWAND_STAAL_HOESCH_2405_575-MM","DAMWAND_STAAL_HOESCH_2405_575","MM"
"http://digitalbuildingdata.tech/nlcs/def/88eab05f-0566-4d6b-b13d-7491e22acbae","TRAMSIGNALERING","SIW","","3300","SIW-TRAMSIGNALERING_DRAAGCONSTRUCTIE_PORTAAL-SO","TRAMSIGNALERING_DRAAGCONSTRUCTIE_PORTAAL","SO"
"http://digitalbuildingdata.tech/nlcs/def/dfbead4d-8a40-476a-a64a-f16abd55023a","TRAMSIGNALERING","SIW","","3301","SIW-TRAMSIGNALERING_PAAL-SO","TRAMSIGNALERING_PAAL","SO"
"http://digitalbuildingdata.tech/nlcs/def/859c71ee-5234-4a5f-b853-63efdc952ad3","VERKEERSSPIEGEL","SVW","","3302","SVW-VERKEERSSPIEGEL-SO","VERKEERSSPIEGEL","SO"
"http://digitalbuildingdata.tech/nlcs/def/698f4854-ffe9-458f-9a72-7755927857ae","VERKEERSSPIEGEL","SVW","","3303","SVW-VERKEERSSPIEGEL_DRAAGCONSTRUCTIE-SO","VERKEERSSPIEGEL_DRAAGCONSTRUCTIE","SO"
"http://digitalbuildingdata.tech/nlcs/def/e33d222d-70bb-492a-abb1-abfd734b3237","VERKEERSTEKEN","SVW","","3304","SVW-VERKEERSTEKEN_BORD_INFORMATIE-SO","VERKEERSTEKEN_BORD_INFORMATIE","SO"
"http://digitalbuildingdata.tech/nlcs/def/555cb423-9370-417d-87fe-2a48e1a4eeef","VERKEERSTEKEN","SVW","","3305","SVW-VERKEERSTEKEN_BORD_PLAATSNAAM-SO","VERKEERSTEKEN_BORD_PLAATSNAAM","SO"
"http://digitalbuildingdata.tech/nlcs/def/3c1989e5-33a6-4aaa-bb8b-fdd3fd99859c","VERKEERSTEKEN","SVW","","3306","SVW-VERKEERSTEKEN_BORD_STRAATNAAM-SO","VERKEERSTEKEN_BORD_STRAATNAAM","SO"
"http://digitalbuildingdata.tech/nlcs/def/03a0a011-53e9-4f14-a80d-bf841a5f6b43","GELEIDECONSTRUCTIE","SBV","","3307","SBV-GELEIDECONSTRUCTIE_BARRIER_BC1-DMM","GELEIDECONSTRUCTIE_BARRIER_BC1","DMM"
"http://digitalbuildingdata.tech/nlcs/def/b5ba3b37-ea42-4331-989a-d4ec023f4163","GELEIDECONSTRUCTIE","SBV","","3308","SBV-GELEIDECONSTRUCTIE_BARRIER_ST1-DMM","GELEIDECONSTRUCTIE_BARRIER_ST1","DMM"
"http://digitalbuildingdata.tech/nlcs/def/2c8c55df-9c32-46df-80b3-b554b793be59","GELEIDECONSTRUCTIE","SBV","","3309","SBV-GELEIDECONSTRUCTIE_GELEIDERAIL_1DL13360-DMM","GELEIDECONSTRUCTIE_GELEIDERAIL_1DL13360","DMM"
"http://digitalbuildingdata.tech/nlcs/def/f72078ba-4584-4dc0-afc7-6fbd3953b153","DAMWAND","SGC","","331","SGC-DAMWAND_STAAL_HOESCH_2505_575-MM","DAMWAND_STAAL_HOESCH_2505_575","MM"
"http://digitalbuildingdata.tech/nlcs/def/4b889823-a7b0-41eb-9554-64f112a32a2d","GELEIDECONSTRUCTIE","SBV","","3310","SBV-GELEIDECONSTRUCTIE_GELEIDERAIL_1LV13360-DMM","GELEIDECONSTRUCTIE_GELEIDERAIL_1LV13360","DMM"
"http://digitalbuildingdata.tech/nlcs/def/a293ef1b-824d-4cc3-aebd-72628f227fa0","GELEIDECONSTRUCTIE","SBV","","3311","SBV-GELEIDECONSTRUCTIE_GELEIDERAIL_1Z13360-DMM","GELEIDECONSTRUCTIE_GELEIDERAIL_1Z13360","DMM"
"http://digitalbuildingdata.tech/nlcs/def/8bd90c30-d456-4d31-9dd7-207c28af920f","GELEIDECONSTRUCTIE","SBV","","3312","SBV-GELEIDECONSTRUCTIE_GELEIDERAIL_2R13380-DMM","GELEIDECONSTRUCTIE_GELEIDERAIL_2R13380","DMM"
"http://digitalbuildingdata.tech/nlcs/def/e06c8895-954e-4364-a6a8-473029b97c80","GELEIDECONSTRUCTIE","SBV","","3313","SBV-GELEIDECONSTRUCTIE_GELEIDERAIL_2ZC13380-DMM","GELEIDECONSTRUCTIE_GELEIDERAIL_2ZC13380","DMM"
"http://digitalbuildingdata.tech/nlcs/def/68a1fde3-9f7e-4f13-addb-7dda72aad7b4","GELEIDECONSTRUCTIE","SBV","","3314","SBV-GELEIDECONSTRUCTIE_GELEIDERAIL_BAZ_13360-MM","GELEIDECONSTRUCTIE_GELEIDERAIL_BAZ_13360","MM"
"http://digitalbuildingdata.tech/nlcs/def/0ecdb766-5a1f-4762-9947-87b018d252ca","GELEIDECONSTRUCTIE","SBV","","3315","SBV-GELEIDECONSTRUCTIE_GELEIDERAIL_BAZ_13380-MM","GELEIDECONSTRUCTIE_GELEIDERAIL_BAZ_13380","MM"
"http://digitalbuildingdata.tech/nlcs/def/47c7936e-b31d-45f3-80f3-892210a78025","GELEIDECONSTRUCTIE","SBV","","3316","SBV-GELEIDECONSTRUCTIE_GELEIDERAIL_F2DL4008-DMM","GELEIDECONSTRUCTIE_GELEIDERAIL_F2DL4008","DMM"
"http://digitalbuildingdata.tech/nlcs/def/665d3c45-ed4b-4679-8b8a-158d258c15ca","GELEIDECONSTRUCTIE","SBV","","3317","SBV-GELEIDECONSTRUCTIE_GELEIDERAIL_F2M4008-DMM","GELEIDECONSTRUCTIE_GELEIDERAIL_F2M4008","DMM"
"http://digitalbuildingdata.tech/nlcs/def/5472a8d8-bb83-45aa-b745-0dc866e20f3c","GELEIDECONSTRUCTIE","SBV","","3318","SBV-GELEIDECONSTRUCTIE_GELEIDERAIL_GRONDPLAAT-MM","GELEIDECONSTRUCTIE_GELEIDERAIL_GRONDPLAAT","MM"
"http://digitalbuildingdata.tech/nlcs/def/9943ca65-d20d-4fcf-b584-bc333310e572","GELEIDECONSTRUCTIE","SBV","","3319","SBV-GELEIDECONSTRUCTIE_GELEIDERAIL_GRONDPLAAT_370_220-MM","GELEIDECONSTRUCTIE_GELEIDERAIL_GRONDPLAAT_370_220","MM"
"http://digitalbuildingdata.tech/nlcs/def/54a5ce83-ab2d-4cef-adda-e0d3d6e2151b","DAMWAND","SGC","","332","SGC-DAMWAND_STAAL_HOESCH_2555_575-MM","DAMWAND_STAAL_HOESCH_2555_575","MM"
"http://digitalbuildingdata.tech/nlcs/def/ade9b3ea-de5f-43e4-a009-cca66f45d658","GELEIDECONSTRUCTIE","SBV","","3320","SBV-GELEIDECONSTRUCTIE_GELEIDERAIL_K ANKER-DMM","GELEIDECONSTRUCTIE_GELEIDERAIL_K ANKER","DMM"
"http://digitalbuildingdata.tech/nlcs/def/b7071c25-eafd-420c-877c-85fe5c0961e4","GELEIDECONSTRUCTIE","SBV","","3321","SBV-GELEIDECONSTRUCTIE_GELEIDERAIL_LH2OP1-DMM","GELEIDECONSTRUCTIE_GELEIDERAIL_LH2OP1","DMM"
"http://digitalbuildingdata.tech/nlcs/def/fb31e262-7919-4413-a42b-bf964f9bee9a","LEUNING","SBV","","3322","SBV-LEUNING_3REG0900-DMM","LEUNING_3REG0900","DMM"
"http://digitalbuildingdata.tech/nlcs/def/8cee570e-14f3-4a72-836a-3621f7ed40cc","LEUNING","SBV","","3323","SBV-LEUNING_3REG1000-DMM","LEUNING_3REG1000","DMM"
"http://digitalbuildingdata.tech/nlcs/def/c0bcaf73-3395-4d40-9aeb-2ab006aef9a8","LEUNING","SBV","","3324","SBV-LEUNING_3REG1000ZWARTS-DMM","LEUNING_3REG1000ZWARTS","DMM"
"http://digitalbuildingdata.tech/nlcs/def/7ee97aff-39d4-4205-895f-b7d333737915","LEUNING","SBV","","3325","SBV-LEUNING_3REG1100-DMM","LEUNING_3REG1100","DMM"
"http://digitalbuildingdata.tech/nlcs/def/9d7a1f06-6018-4b0d-85e7-b0703f157852","LEUNING","SBV","","3326","SBV-LEUNING_ANKER_GH-DMM","LEUNING_ANKER_GH","DMM"
"http://digitalbuildingdata.tech/nlcs/def/476ec581-bc2e-424b-b22f-a863b97bff97","LEUNING","SBV","","3327","SBV-LEUNING_SIER1100-DMM","LEUNING_SIER1100","DMM"
"http://digitalbuildingdata.tech/nlcs/def/3f9699d3-aa53-401f-9c69-a327c151cf41","LEUNING","SBV","","3329","SBV-LEUNING_VOETPLAAT_215_50-MM","LEUNING_VOETPLAAT_215_50","MM"
"http://digitalbuildingdata.tech/nlcs/def/c11b37bc-bc43-4bc2-9d11-68ba6c5a9d6a","DAMWAND","SGC","","333","SGC-DAMWAND_STAAL_HOESCH_2605_575-MM","DAMWAND_STAAL_HOESCH_2605_575","MM"
"http://digitalbuildingdata.tech/nlcs/def/30f8cb34-5457-44e7-8dd8-b92e160757f8","LEUNING","SBV","","3330","SBV-LEUNING_VOETPLAAT_RECHTHOEKIG-MM","LEUNING_VOETPLAAT_RECHTHOEKIG","MM"
"http://digitalbuildingdata.tech/nlcs/def/04acd1b1-9767-4ce5-a9de-d06a927afee6","VEGETATIE","SGR","","3331","SGR-VEGETATIE_OPEN-SO","VEGETATIE_OPEN","SO"
"http://digitalbuildingdata.tech/nlcs/def/d13b9ab5-2871-4708-895e-8827308f603d","VEGETATIE","SGR","","3332","SGR-VEGETATIE_GESLOTEN-SO","VEGETATIE_GESLOTEN","SO"
"http://digitalbuildingdata.tech/nlcs/def/d920b384-ed84-4129-a037-9b90eaaee1a7","KWELDER","SGR","","3333","SGR-KWELDER-SO","KWELDER","SO"
"http://digitalbuildingdata.tech/nlcs/def/5644d4bf-8bd0-446e-9f4d-26706addabbf","DAMWAND","SGC","","334","SGC-DAMWAND_STAAL_HOESCH_2606_675-MM","DAMWAND_STAAL_HOESCH_2606_675","MM"
"http://digitalbuildingdata.tech/nlcs/def/75816b6f-c20c-44fc-a772-330011aa7f2a","KANTOPSLUITING","SVH","B","3341","B-SVH-KANTOPSLUITING_LEICONBAND-D","KANTOPSLUITING_LEICONBAND","D"
"http://digitalbuildingdata.tech/nlcs/def/9ac9a4a6-2b0c-4d24-9f3c-3e776b46cc5f","KANTOPSLUITING","SVH","","3342","SVH-KANTOPSLUITING_LEICONBAND-D","KANTOPSLUITING_LEICONBAND","D"
"http://digitalbuildingdata.tech/nlcs/def/592af0d8-951f-4844-82c0-f8316e4384e8","KANTOPSLUITING","SVH","B","3343","B-SVH-KANTOPSLUITING_BUSHALTEBAND-D","KANTOPSLUITING_BUSHALTEBAND","D"
"http://digitalbuildingdata.tech/nlcs/def/d400d56b-4378-4655-846c-59e5de011030","KANTOPSLUITING","SVH","","3344","SVH-KANTOPSLUITING_BUSHALTEBAND-D","KANTOPSLUITING_BUSHALTEBAND","D"
"http://digitalbuildingdata.tech/nlcs/def/cbace80e-7eb1-48b9-a802-48df2554bef3","KANTOPSLUITING","SVH","","3346","SVH-KANTOPSLUITING_GAZONBAND_50 150X70X500-D","KANTOPSLUITING_GAZONBAND_50 150X70X500","D"
"http://digitalbuildingdata.tech/nlcs/def/2419c651-f16c-4a04-9778-f885ff95d38e","KANTOPSLUITING","SVH","","3347","SVH-KANTOPSLUITING_OPSLUITBAND_70 200-D","KANTOPSLUITING_OPSLUITBAND_70 200","D"
"http://digitalbuildingdata.tech/nlcs/def/63aa9c79-cb41-4fc7-81f2-20c8ebc5b89c","KANTOPSLUITING","SVH","","3348","SVH-KANTOPSLUITING_TROTTOIRBAND_130 250-D","KANTOPSLUITING_TROTTOIRBAND_130 250","D"
"http://digitalbuildingdata.tech/nlcs/def/9e47df80-8dcd-45a0-99da-bba6cd77ccff","KANTOPSLUITING","SVH","","3349","SVH-KANTOPSLUITING_SCHEIDINGSBAND_110 220-D","KANTOPSLUITING_SCHEIDINGSBAND_110 220","D"
"http://digitalbuildingdata.tech/nlcs/def/dc943d60-c0f1-4647-8e10-4967ebef7d11","DAMWAND","SGC","","335","SGC-DAMWAND_STAAL_HOESCH_3406_675-MM","DAMWAND_STAAL_HOESCH_3406_675","MM"
"http://digitalbuildingdata.tech/nlcs/def/30322488-deb7-4c81-8dde-31b00b51ef3b","KANTOPSLUITING","SVH","","3350","SVH-KANTOPSLUITING_SCHEIDINGSBAND_110 250-D","KANTOPSLUITING_SCHEIDINGSBAND_110 250","D"
"http://digitalbuildingdata.tech/nlcs/def/e60fdf27-825f-46e9-9d8f-2e4991cb41af","KANTOPSLUITING","SVH","","3351","SVH-KANTOPSLUITING_SCHEIDINGSBAND_280 300-D","KANTOPSLUITING_SCHEIDINGSBAND_280 300","D"
"http://digitalbuildingdata.tech/nlcs/def/99cfdd7a-3b74-4035-9f3e-a566dfeeb3cb","KANTOPSLUITING","SVH","","3352","SVH-KANTOPSLUITING_SCHEIDINGSBAND_300X200-D","KANTOPSLUITING_SCHEIDINGSBAND_300X200","D"
"http://digitalbuildingdata.tech/nlcs/def/740fa81d-136b-4cb0-bd35-a6f9fad11933","DREMPEL","SVH","T","3353","T-SVH-DREMPEL_PREFAB_GUMACON","DREMPEL_PREFAB_GUMACON",""
"http://digitalbuildingdata.tech/nlcs/def/6d7be5a9-ad6a-4467-b18e-6b937b16e5a5","TALUD","SGW","","3358","SGW-TALUD_STIJL-SO","TALUD_STIJL","SO"
"http://digitalbuildingdata.tech/nlcs/def/519020aa-30b0-4f24-825d-0ff8b33a491a","BENZINEPUT","SKL","","3359","SKL-BENZINEPUT_OLIEPUT-SO","BENZINEPUT_OLIEPUT","SO"
"http://digitalbuildingdata.tech/nlcs/def/811afb27-49f2-4cf5-abc7-ccc15082a3dc","DAMWAND","SGC","","336","SGC-DAMWAND_STAAL_HOESCH_3506_675-MM","DAMWAND_STAAL_HOESCH_3506_675","MM"
"http://digitalbuildingdata.tech/nlcs/def/ad2e6507-0fca-401d-86db-63d780af1c90","ET","SKL","","3360","SKL-ET_DVM_KAST_VOEDINGSPUNT-SO","ET_DVM_KAST_VOEDINGSPUNT","SO"
"http://digitalbuildingdata.tech/nlcs/def/0821fb8b-37b3-4fa1-b1bd-54d376edf4b1","WATERLEIDINGPUT","SKL","","3361","SKL-WATERLEIDINGPUT-SO","WATERLEIDINGPUT","SO"
"http://digitalbuildingdata.tech/nlcs/def/38c34bd7-d3ae-4bf6-a042-1e62a3056e20","WATER","SOG","","3363","SOG-WATER_HOUTWAL-SO","WATER_HOUTWAL","SO"
"http://digitalbuildingdata.tech/nlcs/def/02d0a38a-90be-4936-b04c-c2e26479f3b5","WATER","SOG","","3364","SOG-WATER_KWELDER-SO","WATER_KWELDER","SO"
"http://digitalbuildingdata.tech/nlcs/def/2d0c4d08-15f9-4e95-8caa-69e964d957bb","SCHILDMUUR","SRI","","3365","SRI-SCHILDMUUR-SO","SCHILDMUUR","SO"
"http://digitalbuildingdata.tech/nlcs/def/fe88eff3-6ac7-4eb3-b84d-a7aa079b46d2","SCHILDMUUR","SRI","V","3366","V-SRI-SCHILDMUUR-SO","SCHILDMUUR","SO"
"http://digitalbuildingdata.tech/nlcs/def/b9013eeb-2ec1-4f8d-854b-6aac26f78f00","DRAIN","SRI","","3367","SRI-DRAIN_T STUK-SO","DRAIN_T STUK","SO"
"http://digitalbuildingdata.tech/nlcs/def/124f2a40-1e05-49ca-bfa1-a248039cffc2","DRAIN","SRI","V","3368","V-SRI-DRAIN_T STUK-SO","DRAIN_T STUK","SO"
"http://digitalbuildingdata.tech/nlcs/def/e44dc560-f87a-42d2-832f-51ec8e61eea4","KANTOPSLUITING","SVH","","3369","SVH-KANTOPSLUITING_GELEIDEBAND_50_200X150-D","KANTOPSLUITING_GELEIDEBAND_50_200X150","D"
"http://digitalbuildingdata.tech/nlcs/def/6f48192c-5b89-41cd-bb2d-9ea2b7bccdbe","DAMWAND","SGC","","337","SGC-DAMWAND_STAAL_HOESCH_3600_675-MM","DAMWAND_STAAL_HOESCH_3600_675","MM"
"http://digitalbuildingdata.tech/nlcs/def/290a708d-a130-4c1c-984a-f54f6c4166ea","KANTOPSLUITING","SVH","B","3370","B-SVH-KANTOPSLUITING_GELEIDEBAND_50_200X150-D","KANTOPSLUITING_GELEIDEBAND_50_200X150","D"
"http://digitalbuildingdata.tech/nlcs/def/e0577bed-38af-47c2-b194-97f5cd972cdd","KANTOPSLUITING","SVH","","3371","SVH-KANTOPSLUITING_GELEIDEBAND_50_200X200-D","KANTOPSLUITING_GELEIDEBAND_50_200X200","D"
"http://digitalbuildingdata.tech/nlcs/def/70c529d5-e5a7-4ddc-a092-1b641480b0d2","KANTOPSLUITING","SVH","B","3372","B-SVH-KANTOPSLUITING_GELEIDEBAND_50_200X200-D","KANTOPSLUITING_GELEIDEBAND_50_200X200","D"
"http://digitalbuildingdata.tech/nlcs/def/ea8caa0e-75da-406a-b26b-9a72a1e62b80","KANTOPSLUITING","SVH","","3373","SVH-KANTOPSLUITING_GELEIDEBAND_60_120X100-D","KANTOPSLUITING_GELEIDEBAND_60_120X100","D"
"http://digitalbuildingdata.tech/nlcs/def/253bf28a-7f33-4c1c-ad30-214a05ad7faf","KANTOPSLUITING","SVH","B","3374","B-SVH-KANTOPSLUITING_GELEIDEBAND_60_120X100-D","KANTOPSLUITING_GELEIDEBAND_60_120X100","D"
"http://digitalbuildingdata.tech/nlcs/def/4cc8d227-3458-4fc1-9ab0-d3b3148260ac","KANTOPSLUITING","SVH","","3375","SVH-KANTOPSLUITING_GELEIDEBAND_60_120X200-D","KANTOPSLUITING_GELEIDEBAND_60_120X200","D"
"http://digitalbuildingdata.tech/nlcs/def/7446bc4e-9b81-4a41-bc44-332302be0ac8","KANTOPSLUITING","SVH","B","3376","B-SVH-KANTOPSLUITING_GELEIDEBAND_60_120X200-D","KANTOPSLUITING_GELEIDEBAND_60_120X200","D"
"http://digitalbuildingdata.tech/nlcs/def/1aa64ad6-8114-4e50-b25a-5825e8cd1066","KANTOPSLUITING","SVH","","3377","SVH-KANTOPSLUITING_GELEIDEBAND_60_130 150X250-D","KANTOPSLUITING_GELEIDEBAND_60_130 150X250","D"
"http://digitalbuildingdata.tech/nlcs/def/fa7fe7a0-659b-4b8e-8eca-7ab78e9d85a0","KANTOPSLUITING","SVH","B","3378","B-SVH-KANTOPSLUITING_GELEIDEBAND_60_130 150X250-D","KANTOPSLUITING_GELEIDEBAND_60_130 150X250","D"
"http://digitalbuildingdata.tech/nlcs/def/72f5b664-00fe-44ce-9329-ed6d6fdc6b97","KANTOPSLUITING","SVH","","3379","SVH-KANTOPSLUITING_GELEIDEBAND_60_180 200X250-D","KANTOPSLUITING_GELEIDEBAND_60_180 200X250","D"
"http://digitalbuildingdata.tech/nlcs/def/7d00f58f-05e8-43ee-9a55-3cc88eef03b1","DAMWAND","SGC","","338","SGC-DAMWAND_STAAL_HOESCH_3606_675-MM","DAMWAND_STAAL_HOESCH_3606_675","MM"
"http://digitalbuildingdata.tech/nlcs/def/e6a29bcc-422f-4df5-8e4d-239bf05375fa","KANTOPSLUITING","SVH","B","3380","B-SVH-KANTOPSLUITING_GELEIDEBAND_60_180 200X250-D","KANTOPSLUITING_GELEIDEBAND_60_180 200X250","D"
"http://digitalbuildingdata.tech/nlcs/def/004980f2-0446-444c-8b01-3bd159060484","KANTOPSLUITING","SVH","","3381","SVH-KANTOPSLUITING_GELEIDEBAND_70_150X250-D","KANTOPSLUITING_GELEIDEBAND_70_150X250","D"
"http://digitalbuildingdata.tech/nlcs/def/5a39ea23-f8b6-4ebd-b7f1-1221f4b05936","KANTOPSLUITING","SVH","B","3382","B-SVH-KANTOPSLUITING_GELEIDEBAND_70_150X250-D","KANTOPSLUITING_GELEIDEBAND_70_150X250","D"
"http://digitalbuildingdata.tech/nlcs/def/e82b950b-3624-4800-8b55-9af33768b8f0","KANTOPSLUITING","SVH","","3383","SVH-KANTOPSLUITING_GELEIDEBAND_70_200X150-D","KANTOPSLUITING_GELEIDEBAND_70_200X150","D"
"http://digitalbuildingdata.tech/nlcs/def/a6b5f500-870b-482a-978b-a587dc2b94f7","KANTOPSLUITING","SVH","B","3384","B-SVH-KANTOPSLUITING_GELEIDEBAND_70_200X150-D","KANTOPSLUITING_GELEIDEBAND_70_200X150","D"
"http://digitalbuildingdata.tech/nlcs/def/c5335ab2-d61f-4bfd-97d2-aba21f7ffac6","KANTOPSLUITING","SVH","","3385","SVH-KANTOPSLUITING_GELEIDEBAND_70_200X200-D","KANTOPSLUITING_GELEIDEBAND_70_200X200","D"
"http://digitalbuildingdata.tech/nlcs/def/0b0f01d0-69cf-420d-8ab9-d72d7a9fada4","KANTOPSLUITING","SVH","B","3386","B-SVH-KANTOPSLUITING_GELEIDEBAND_70_200X200-D","KANTOPSLUITING_GELEIDEBAND_70_200X200","D"
"http://digitalbuildingdata.tech/nlcs/def/fda2c080-ccb6-4a1f-b680-b513781ccf6b","KANTOPSLUITING","SVH","","3387","SVH-KANTOPSLUITING_GELEIDEBAND_STADSBAND_180_330X400-D","KANTOPSLUITING_GELEIDEBAND_STADSBAND_180_330X400","D"
"http://digitalbuildingdata.tech/nlcs/def/01e3b9fc-9e96-4f5a-8b85-7dd5fde1123a","KANTOPSLUITING","SVH","B","3388","B-SVH-KANTOPSLUITING_GELEIDEBAND_STADSBAND_180_330X400-D","KANTOPSLUITING_GELEIDEBAND_STADSBAND_180_330X400","D"
"http://digitalbuildingdata.tech/nlcs/def/17c22744-6336-4676-abda-e0ed7fecdb49","KANTOPSLUITING","SVH","","3389","SVH-KANTOPSLUITING_SCHEIDINGSBAND_100 300X100-D","KANTOPSLUITING_SCHEIDINGSBAND_100 300X100","D"
"http://digitalbuildingdata.tech/nlcs/def/592a40f4-3839-4de0-8c48-4d69dd589903","DAMWAND","SGC","","339","SGC-DAMWAND_STAAL_HOESCH_3806_675-MM","DAMWAND_STAAL_HOESCH_3806_675","MM"
"http://digitalbuildingdata.tech/nlcs/def/57a2f70e-8595-47bd-b57f-6f58efc28554","KANTOPSLUITING","SVH","B","3390","B-SVH-KANTOPSLUITING_SCHEIDINGSBAND_100 300X100-D","KANTOPSLUITING_SCHEIDINGSBAND_100 300X100","D"
"http://digitalbuildingdata.tech/nlcs/def/8f850c9d-791b-4a8b-886d-bc687e4b12e2","KANTOPSLUITING","SVH","","3391","SVH-KANTOPSLUITING_SCHEIDINGSBAND_100 300X70-D","KANTOPSLUITING_SCHEIDINGSBAND_100 300X70","D"
"http://digitalbuildingdata.tech/nlcs/def/98e0d7b1-c82c-4ac4-91e7-59c0c4fc708a","KANTOPSLUITING","SVH","B","3392","B-SVH-KANTOPSLUITING_SCHEIDINGSBAND_100 300X70-D","KANTOPSLUITING_SCHEIDINGSBAND_100 300X70","D"
"http://digitalbuildingdata.tech/nlcs/def/51a716f5-52bb-4a03-9868-c5eaee53c40f","KANTOPSLUITING","SVH","","3393","SVH-KANTOPSLUITING_SCHEIDINGSBAND_110 250X200-D","KANTOPSLUITING_SCHEIDINGSBAND_110 250X200","D"
"http://digitalbuildingdata.tech/nlcs/def/c79ba373-3c4c-49c3-b844-1f8b1a2744ae","KANTOPSLUITING","SVH","B","3394","B-SVH-KANTOPSLUITING_SCHEIDINGSBAND_110 250X200-D","KANTOPSLUITING_SCHEIDINGSBAND_110 250X200","D"
"http://digitalbuildingdata.tech/nlcs/def/ff6c40b5-cc72-40b3-b461-c36f129c8ed2","KANTOPSLUITING","SVH","","3395","SVH-KANTOPSLUITING_SCHEIDINGSBAND_115 345X200-D","KANTOPSLUITING_SCHEIDINGSBAND_115 345X200","D"
"http://digitalbuildingdata.tech/nlcs/def/e512eb68-d8e5-4328-94b4-4232256e1d08","KANTOPSLUITING","SVH","B","3396","B-SVH-KANTOPSLUITING_SCHEIDINGSBAND_115 345X200-D","KANTOPSLUITING_SCHEIDINGSBAND_115 345X200","D"
"http://digitalbuildingdata.tech/nlcs/def/477777c9-fae7-4206-8b52-a9d45e435b3e","KANTOPSLUITING","SVH","","3397","SVH-KANTOPSLUITING_SCHEIDINGSBAND_130 470X280-D","KANTOPSLUITING_SCHEIDINGSBAND_130 470X280","D"
"http://digitalbuildingdata.tech/nlcs/def/12596617-1bb2-4c47-946a-b9f72c594b07","KANTOPSLUITING","SVH","B","3398","B-SVH-KANTOPSLUITING_SCHEIDINGSBAND_130 470X280-D","KANTOPSLUITING_SCHEIDINGSBAND_130 470X280","D"
"http://digitalbuildingdata.tech/nlcs/def/2f547d20-8ae0-449f-8cc3-416458fa970e","KANTOPSLUITING","SVH","","3399","SVH-KANTOPSLUITING_SCHEIDINGSBAND_150 390X130-D","KANTOPSLUITING_SCHEIDINGSBAND_150 390X130","D"
"http://digitalbuildingdata.tech/nlcs/def/7a067bb5-c8dd-45c6-9fb5-e557c0770af7","TEKENBLAD","SAL","","34","SAL-TEKENBLAD_A3_297X1890-SO","TEKENBLAD_A3_297X1890","SO"
"http://digitalbuildingdata.tech/nlcs/def/88ad38a8-a0a9-4c97-8f4d-7d5101a5cbb8","DAMWAND","SGC","","340","SGC-DAMWAND_STAAL_LARSSEN_L22_500-MM","DAMWAND_STAAL_LARSSEN_L22_500","MM"
"http://digitalbuildingdata.tech/nlcs/def/dd6f6eb8-bc23-4450-a9cd-58ec5484a860","KANTOPSLUITING","SVH","B","3400","B-SVH-KANTOPSLUITING_SCHEIDINGSBAND_150 390X130-D","KANTOPSLUITING_SCHEIDINGSBAND_150 390X130","D"
"http://digitalbuildingdata.tech/nlcs/def/66a5a62a-1a49-4e95-baee-58ed227e696a","KANTOPSLUITING","SVH","","3401","SVH-KANTOPSLUITING_SCHEIDINGSBAND_160 200X180-D","KANTOPSLUITING_SCHEIDINGSBAND_160 200X180","D"
"http://digitalbuildingdata.tech/nlcs/def/7cec94bc-0bea-4acd-a3e0-c585458ba0a4","KANTOPSLUITING","SVH","B","3402","B-SVH-KANTOPSLUITING_SCHEIDINGSBAND_160 200X180-D","KANTOPSLUITING_SCHEIDINGSBAND_160 200X180","D"
"http://digitalbuildingdata.tech/nlcs/def/463d0e19-27d8-413d-82fb-9057fd1a7f92","KANTOPSLUITING","SVH","","3403","SVH-KANTOPSLUITING_SCHEIDINGSBAND_200 250X350-D","KANTOPSLUITING_SCHEIDINGSBAND_200 250X350","D"
"http://digitalbuildingdata.tech/nlcs/def/91200655-2777-4551-ac32-b725eb977346","KANTOPSLUITING","SVH","B","3404","B-SVH-KANTOPSLUITING_SCHEIDINGSBAND_200 250X350-D","KANTOPSLUITING_SCHEIDINGSBAND_200 250X350","D"
"http://digitalbuildingdata.tech/nlcs/def/e6e7aaeb-4067-4500-9758-e16f37d4035c","KANTOPSLUITING","SVH","","3405","SVH-KANTOPSLUITING_SCHEIDINGSBAND_200 400X500-D","KANTOPSLUITING_SCHEIDINGSBAND_200 400X500","D"
"http://digitalbuildingdata.tech/nlcs/def/d20b0c00-3a4e-41b6-9da8-6d64994f4125","KANTOPSLUITING","SVH","B","3406","B-SVH-KANTOPSLUITING_SCHEIDINGSBAND_200 400X500-D","KANTOPSLUITING_SCHEIDINGSBAND_200 400X500","D"
"http://digitalbuildingdata.tech/nlcs/def/c5cb1ca1-a108-41fd-9127-be23680265a0","KANTOPSLUITING","SVH","","3407","SVH-KANTOPSLUITING_SCHEIDINGSBAND_200 450X200-D","KANTOPSLUITING_SCHEIDINGSBAND_200 450X200","D"
"http://digitalbuildingdata.tech/nlcs/def/3901a363-cb34-4d9e-af12-09afa91e81ee","KANTOPSLUITING","SVH","B","3408","B-SVH-KANTOPSLUITING_SCHEIDINGSBAND_200 450X200-D","KANTOPSLUITING_SCHEIDINGSBAND_200 450X200","D"
"http://digitalbuildingdata.tech/nlcs/def/6b0877e2-6d57-4678-9164-dd2e8d1f0b0d","KANTOPSLUITING","SVH","","3409","SVH-KANTOPSLUITING_SCHEIDINGSBAND_220 440X160-D","KANTOPSLUITING_SCHEIDINGSBAND_220 440X160","D"
"http://digitalbuildingdata.tech/nlcs/def/1a732d8f-207b-4f04-ab7a-65e11592879a","DAMWAND","SGC","","341","SGC-DAMWAND_STAAL_LARSSEN_L23_500-MM","DAMWAND_STAAL_LARSSEN_L23_500","MM"
"http://digitalbuildingdata.tech/nlcs/def/d74c83eb-5c68-426b-954c-76d318c2a81b","KANTOPSLUITING","SVH","B","3410","B-SVH-KANTOPSLUITING_SCHEIDINGSBAND_220 440X160-D","KANTOPSLUITING_SCHEIDINGSBAND_220 440X160","D"
"http://digitalbuildingdata.tech/nlcs/def/39de15ed-8d2e-4e16-98bc-b28ccfab0ad8","KANTOPSLUITING","SVH","","3411","SVH-KANTOPSLUITING_SCHEIDINGSBAND_220 440X250-D","KANTOPSLUITING_SCHEIDINGSBAND_220 440X250","D"
"http://digitalbuildingdata.tech/nlcs/def/87757ca3-8bbb-4270-a53b-aa5fd477ac83","KANTOPSLUITING","SVH","B","3412","B-SVH-KANTOPSLUITING_SCHEIDINGSBAND_220 440X250-D","KANTOPSLUITING_SCHEIDINGSBAND_220 440X250","D"
"http://digitalbuildingdata.tech/nlcs/def/e2c69391-76e9-4530-8698-003de7c6cc8c","KANTOPSLUITING","SVH","","3413","SVH-KANTOPSLUITING_SCHEIDINGSBAND_230 460X450-D","KANTOPSLUITING_SCHEIDINGSBAND_230 460X450","D"
"http://digitalbuildingdata.tech/nlcs/def/1c1f1b5f-8a54-482c-ac8f-dbbc9a2b73bf","KANTOPSLUITING","SVH","B","3414","B-SVH-KANTOPSLUITING_SCHEIDINGSBAND_230 460X450-D","KANTOPSLUITING_SCHEIDINGSBAND_230 460X450","D"
"http://digitalbuildingdata.tech/nlcs/def/dba43d45-a388-491c-ad19-d97d71df3c14","KANTOPSLUITING","SVH","","3415","SVH-KANTOPSLUITING_SCHEIDINGSBAND_260 300X160-D","KANTOPSLUITING_SCHEIDINGSBAND_260 300X160","D"
"http://digitalbuildingdata.tech/nlcs/def/0acb5449-326f-4b4d-aacc-677767307dc9","KANTOPSLUITING","SVH","B","3416","B-SVH-KANTOPSLUITING_SCHEIDINGSBAND_260 300X160-D","KANTOPSLUITING_SCHEIDINGSBAND_260 300X160","D"
"http://digitalbuildingdata.tech/nlcs/def/a82ddbfd-0a10-401c-8033-d34fb74ac586","KANTOPSLUITING","SVH","","3417","SVH-KANTOPSLUITING_SCHEIDINGSBAND_360 400X200-D","KANTOPSLUITING_SCHEIDINGSBAND_360 400X200","D"
"http://digitalbuildingdata.tech/nlcs/def/503510c3-0f07-4be9-8933-b82b8e7d0c22","KANTOPSLUITING","SVH","B","3418","B-SVH-KANTOPSLUITING_SCHEIDINGSBAND_360 400X200-D","KANTOPSLUITING_SCHEIDINGSBAND_360 400X200","D"
"http://digitalbuildingdata.tech/nlcs/def/3219fd3e-941b-4191-91d2-ee05f42751bd","KANTOPSLUITING","SVH","","3419","SVH-KANTOPSLUITING_SCHEIDINGSBAND_470 500X100-D","KANTOPSLUITING_SCHEIDINGSBAND_470 500X100","D"
"http://digitalbuildingdata.tech/nlcs/def/8ad93131-e54f-44b9-8997-2574ac23865e","DAMWAND","SGC","","342","SGC-DAMWAND_STAAL_LARSSEN_L24_500-MM","DAMWAND_STAAL_LARSSEN_L24_500","MM"
"http://digitalbuildingdata.tech/nlcs/def/d4b6347e-acb7-49eb-af75-f83396ecc9d5","KANTOPSLUITING","SVH","B","3420","B-SVH-KANTOPSLUITING_SCHEIDINGSBAND_470 500X100-D","KANTOPSLUITING_SCHEIDINGSBAND_470 500X100","D"
"http://digitalbuildingdata.tech/nlcs/def/19466893-70eb-415e-b341-659cb59078ce","KANTOPSLUITING","SVH","","3421","SVH-KANTOPSLUITING_SCHEIDINGSBAND_470 500X200-D","KANTOPSLUITING_SCHEIDINGSBAND_470 500X200","D"
"http://digitalbuildingdata.tech/nlcs/def/4da09d64-1db4-4a72-9733-454b879fead3","KANTOPSLUITING","SVH","B","3422","B-SVH-KANTOPSLUITING_SCHEIDINGSBAND_470 500X200-D","KANTOPSLUITING_SCHEIDINGSBAND_470 500X200","D"
"http://digitalbuildingdata.tech/nlcs/def/ae0e1755-feae-4166-bf93-09441513aa2e","KANTOPSLUITING","SVH","","3423","SVH-KANTOPSLUITING_SCHEIDINGSBAND_50 250X120-D","KANTOPSLUITING_SCHEIDINGSBAND_50 250X120","D"
"http://digitalbuildingdata.tech/nlcs/def/c5a94a31-446f-4082-a5a6-0cd40a0c0c0d","KANTOPSLUITING","SVH","B","3424","B-SVH-KANTOPSLUITING_SCHEIDINGSBAND_50 250X120-D","KANTOPSLUITING_SCHEIDINGSBAND_50 250X120","D"
"http://digitalbuildingdata.tech/nlcs/def/2c35d939-e3fc-4681-90cd-9f1773de56fd","KANTOPSLUITING","SVH","","3425","SVH-KANTOPSLUITING_SCHEIDINGSBAND_80 160X100-D","KANTOPSLUITING_SCHEIDINGSBAND_80 160X100","D"
"http://digitalbuildingdata.tech/nlcs/def/88a4e2e7-d7dd-430a-8fa6-d198b04e6853","KANTOPSLUITING","SVH","B","3426","B-SVH-KANTOPSLUITING_SCHEIDINGSBAND_80 160X100-D","KANTOPSLUITING_SCHEIDINGSBAND_80 160X100","D"
"http://digitalbuildingdata.tech/nlcs/def/60b02c53-4806-4859-990a-2ff3d036f5d0","DAMWAND","SGC","","343","SGC-DAMWAND_STAAL_LARSSEN_L25_500-MM","DAMWAND_STAAL_LARSSEN_L25_500","MM"
"http://digitalbuildingdata.tech/nlcs/def/2aa6c2db-e8fe-4a23-bd28-a4a5daf44175","HOOGTELABEL","SZZ","B","3430","B-SZZ-HOOGTELABEL_01-SO","HOOGTELABEL_01","SO"
"http://digitalbuildingdata.tech/nlcs/def/c3317374-098a-4830-9251-8510f21dd976","HOOGTELABEL","SZZ","B","3431","B-SZZ-HOOGTELABEL_02-SO","HOOGTELABEL_02","SO"
"http://digitalbuildingdata.tech/nlcs/def/6606ae64-e58a-4ec2-b638-450edc4e18b8","HOOGTELABEL","SZZ","B","3432","B-SZZ-HOOGTELABEL_03-SO","HOOGTELABEL_03","SO"
"http://digitalbuildingdata.tech/nlcs/def/6f7f6f0e-43db-4c80-81f5-3ac7c35bc95b","HOOGTELABEL","SZZ","B","3433","B-SZZ-HOOGTELABEL_04-SO","HOOGTELABEL_04","SO"
"http://digitalbuildingdata.tech/nlcs/def/9ace0065-6116-4aba-b23c-65f1c5723982","HOOGTELABEL","SZZ","B","3434","B-SZZ-HOOGTELABEL_KANTOPSLUITING_01-SO","HOOGTELABEL_KANTOPSLUITING_01","SO"
"http://digitalbuildingdata.tech/nlcs/def/161561b8-81fb-4c46-b58c-6a5c3fa32ab5","HOOGTELABEL","SZZ","B","3435","B-SZZ-HOOGTELABEL_KANTOPSLUITING_02-SO","HOOGTELABEL_KANTOPSLUITING_02","SO"
"http://digitalbuildingdata.tech/nlcs/def/35d67667-c370-49bc-954e-391f719a383f","HOOGTELABEL","SZZ","B","3436","B-SZZ-HOOGTELABEL_KANTOPSLUITING_03-SO","HOOGTELABEL_KANTOPSLUITING_03","SO"
"http://digitalbuildingdata.tech/nlcs/def/b8aab884-a436-4164-bebf-4f4e74cdeede","HOOGTELABEL","SZZ","B","3437","B-SZZ-HOOGTELABEL_KANTOPSLUITING_04-SO","HOOGTELABEL_KANTOPSLUITING_04","SO"
"http://digitalbuildingdata.tech/nlcs/def/f0357ce9-9e86-40f4-820c-32ba51e62272","ERF","SOG","","3438","SOG-ERF_PARKEREN-SO","ERF_PARKEREN","SO"
"http://digitalbuildingdata.tech/nlcs/def/ca4f1808-4173-4fe4-843f-44d1b74f4a84","KANTOPSLUITING","SVH","","3439","SVH-KANTOPSLUITING_GELEIDEBAND_100_200X270-D","KANTOPSLUITING_GELEIDEBAND_100_200X270","D"
"http://digitalbuildingdata.tech/nlcs/def/fdf932f5-60a6-4a38-92f7-df8b9148ed1b","DAMWAND","SGC","","344","SGC-DAMWAND_STAAL_LARSSEN_L31_450-MM","DAMWAND_STAAL_LARSSEN_L31_450","MM"
"http://digitalbuildingdata.tech/nlcs/def/1fe3fca5-0904-44b3-a371-039f8bf8de1a","KANTOPSLUITING","SVH","B","3440","B-SVH-KANTOPSLUITING_GELEIDEBAND_100_200X270-D","KANTOPSLUITING_GELEIDEBAND_100_200X270","D"
"http://digitalbuildingdata.tech/nlcs/def/ea609988-2377-4765-bd47-657e047e1ab0","KANTOPSLUITING","SVH","","3441","SVH-KANTOPSLUITING_GELEIDEBAND_100_250X170-D","KANTOPSLUITING_GELEIDEBAND_100_250X170","D"
"http://digitalbuildingdata.tech/nlcs/def/8ab16207-0aaa-4c0d-9899-9b0b57139631","KANTOPSLUITING","SVH","B","3442","B-SVH-KANTOPSLUITING_GELEIDEBAND_100_250X170-D","KANTOPSLUITING_GELEIDEBAND_100_250X170","D"
"http://digitalbuildingdata.tech/nlcs/def/6849163b-2244-4d97-94d4-d1edccdbe93a","KANTOPSLUITING","SVH","","3443","SVH-KANTOPSLUITING_GELEIDEBAND_100_300X200-D","KANTOPSLUITING_GELEIDEBAND_100_300X200","D"
"http://digitalbuildingdata.tech/nlcs/def/026e0bb0-ab52-4cdc-971b-97200dbec04f","KANTOPSLUITING","SVH","B","3444","B-SVH-KANTOPSLUITING_GELEIDEBAND_100_300X200-D","KANTOPSLUITING_GELEIDEBAND_100_300X200","D"
"http://digitalbuildingdata.tech/nlcs/def/ea820bed-94e9-42ec-b4f2-265a17d542f0","KANTOPSLUITING","SVH","","3445","SVH-KANTOPSLUITING_GELEIDEBAND_190_200X160-D","KANTOPSLUITING_GELEIDEBAND_190_200X160","D"
"http://digitalbuildingdata.tech/nlcs/def/0ac3feee-c233-46a1-8a4b-b0ef00802d4d","KANTOPSLUITING","SVH","B","3446","B-SVH-KANTOPSLUITING_GELEIDEBAND_190_200X160-D","KANTOPSLUITING_GELEIDEBAND_190_200X160","D"
"http://digitalbuildingdata.tech/nlcs/def/ac8a0da5-75ad-495d-b5d7-2b3aaf548e22","KANTOPSLUITING","SVH","","3447","SVH-KANTOPSLUITING_GELEIDEBAND_190_200X220-D","KANTOPSLUITING_GELEIDEBAND_190_200X220","D"
"http://digitalbuildingdata.tech/nlcs/def/66cff1d3-2d7e-4675-94ea-2a89703a31a0","KANTOPSLUITING","SVH","B","3448","B-SVH-KANTOPSLUITING_GELEIDEBAND_190_200X220-D","KANTOPSLUITING_GELEIDEBAND_190_200X220","D"
"http://digitalbuildingdata.tech/nlcs/def/4994eb44-c37e-47c3-9218-6c8954ab402a","KANTOPSLUITING","SVH","","3449","SVH-KANTOPSLUITING_GELEIDEBAND_250X200-D","KANTOPSLUITING_GELEIDEBAND_250X200","D"
"http://digitalbuildingdata.tech/nlcs/def/cdd5ee80-43e2-4061-b0e0-505e8567fc40","DAMWAND","SGC","","345","SGC-DAMWAND_STAAL_LARSSEN_L430_708-MM","DAMWAND_STAAL_LARSSEN_L430_708","MM"
"http://digitalbuildingdata.tech/nlcs/def/42e6fd0a-369e-43d4-8ea9-c35caff36d2e","KANTOPSLUITING","SVH","B","3450","B-SVH-KANTOPSLUITING_GELEIDEBAND_250X200-D","KANTOPSLUITING_GELEIDEBAND_250X200","D"
"http://digitalbuildingdata.tech/nlcs/def/f04ede56-17f3-48fa-90f2-fa7d4c2a6dde","KANTOPSLUITING","SVH","","3451","SVH-KANTOPSLUITING_GELEIDEBAND_250X240-D","KANTOPSLUITING_GELEIDEBAND_250X240","D"
"http://digitalbuildingdata.tech/nlcs/def/3812de12-b59b-43f2-ada0-a9e04af561db","KANTOPSLUITING","SVH","B","3452","B-SVH-KANTOPSLUITING_GELEIDEBAND_250X240-D","KANTOPSLUITING_GELEIDEBAND_250X240","D"
"http://digitalbuildingdata.tech/nlcs/def/39eadf68-5aa6-4038-8ddc-ca4b6ad7f23e","KANTOPSLUITING","SVH","","3453","SVH-KANTOPSLUITING_GELEIDEBAND_30_80X200-D","KANTOPSLUITING_GELEIDEBAND_30_80X200","D"
"http://digitalbuildingdata.tech/nlcs/def/7c9495fb-4f95-4a06-ace1-3db2fc53d01f","KANTOPSLUITING","SVH","B","3454","B-SVH-KANTOPSLUITING_GELEIDEBAND_30_80X200-D","KANTOPSLUITING_GELEIDEBAND_30_80X200","D"
"http://digitalbuildingdata.tech/nlcs/def/5db206d8-6b42-47cd-8f35-9e7989b91966","KANTOPSLUITING","SVH","","3455","SVH-KANTOPSLUITING_GELEIDEBAND_40_120X250-D","KANTOPSLUITING_GELEIDEBAND_40_120X250","D"
"http://digitalbuildingdata.tech/nlcs/def/112ac75e-483c-450d-8281-f90079604e41","KANTOPSLUITING","SVH","B","3456","B-SVH-KANTOPSLUITING_GELEIDEBAND_40_120X250-D","KANTOPSLUITING_GELEIDEBAND_40_120X250","D"
"http://digitalbuildingdata.tech/nlcs/def/47f97655-ac26-4898-b78c-a3de18c7ebe8","BEPLANTING","SGR","","3457","SGR-BEPLANTING_SOORT_01_KL-SO","BEPLANTING_SOORT_01_KL","SO"
"http://digitalbuildingdata.tech/nlcs/def/fa6c9e34-0679-4287-9c3b-e296d1792ec4","BEPLANTING","SGR","","3458","SGR-BEPLANTING_SOORT_02_KL-SO","BEPLANTING_SOORT_02_KL","SO"
"http://digitalbuildingdata.tech/nlcs/def/ff5de895-15c4-42c0-9911-1638ea601ce8","BOLLEN","SGR","","3459","SGR-BOLLEN_KL-SO","BOLLEN_KL","SO"
"http://digitalbuildingdata.tech/nlcs/def/579b28b9-1511-4148-aced-1eb933d66f9b","DAMWAND","SGC","","346","SGC-DAMWAND_STAAL_LARSSEN_L43_500-MM","DAMWAND_STAAL_LARSSEN_L43_500","MM"
"http://digitalbuildingdata.tech/nlcs/def/2b34ef22-b5ad-4992-a259-f9efd6961b6a","BOMENGROND","SGR","","3460","SGR-BOMENGROND_KL-SO","BOMENGROND_KL","SO"
"http://digitalbuildingdata.tech/nlcs/def/42a7ef0e-cf65-4b12-b61b-24ebf1578e98","BOMENZAND","SGR","","3461","SGR-BOMENZAND_KL-SO","BOMENZAND_KL","SO"
"http://digitalbuildingdata.tech/nlcs/def/299cbfac-efea-4417-be0d-fd73ac37ba7b","BOS","SGR","","3462","SGR-BOS_KL-SO","BOS_KL","SO"
"http://digitalbuildingdata.tech/nlcs/def/a9cb7051-1f83-41ec-b5ee-ac59052fa1b0","BOS","SGR","","3463","SGR-BOS_GEMENGD_KL-SO","BOS_GEMENGD_KL","SO"
"http://digitalbuildingdata.tech/nlcs/def/6045d99c-0eaa-4a50-b80f-35fe59d80b4e","BOS","SGR","","3464","SGR-BOS_LOOF_KL-SO","BOS_LOOF_KL","SO"
"http://digitalbuildingdata.tech/nlcs/def/f9f3d826-dff0-4365-af23-78488a21243b","BOS","SGR","","3465","SGR-BOS_NAALD_KL-SO","BOS_NAALD_KL","SO"
"http://digitalbuildingdata.tech/nlcs/def/4815fb47-6ef0-4479-bec5-2d27019b7184","BOS","SGR","","3466","SGR-BOSPLANTSOEN_KL-SO","BOSPLANTSOEN_KL","SO"
"http://digitalbuildingdata.tech/nlcs/def/e5f3eb28-1be8-4037-8882-479420d89693","GRAS","SGR","","3467","SGR-GRAS_01_KL-SO","GRAS_01_KL","SO"
"http://digitalbuildingdata.tech/nlcs/def/0cb88ca1-3a9f-419d-a659-ee9044e9bb3a","GRAS","SGR","","3468","SGR-GRAS_02_KL-SO","GRAS_02_KL","SO"
"http://digitalbuildingdata.tech/nlcs/def/52d5bfe5-156b-48ab-8150-6ef70f85a539","GRAS","SGR","","3469","SGR-GRAS_GAZON_KL-SO","GRAS_GAZON_KL","SO"
"http://digitalbuildingdata.tech/nlcs/def/74d46b33-939b-40a5-b98a-119fc6ac0f2e","DAMWAND","SGC","","347","SGC-DAMWAND_STAAL_LARSSEN_L600_600-MM","DAMWAND_STAAL_LARSSEN_L600_600","MM"
"http://digitalbuildingdata.tech/nlcs/def/953de820-f602-415f-a173-01cdd8944fbc","GRAS","SGR","","3470","SGR-GRAS_GESTABILISEERD_KL-SO","GRAS_GESTABILISEERD_KL","SO"
"http://digitalbuildingdata.tech/nlcs/def/67072cb9-8e7d-4bce-bf33-8e65842b8d25","GRAS","SGR","","3471","SGR-GRAS_KUNSTGRAS_KL-SO","GRAS_KUNSTGRAS_KL","SO"
"http://digitalbuildingdata.tech/nlcs/def/2895abd4-6db8-4278-be2f-572bda81984d","GRAS","SGR","","3472","SGR-GRAS_RUIGGRAS_KL-SO","GRAS_RUIGGRAS_KL","SO"
"http://digitalbuildingdata.tech/nlcs/def/1816265c-828c-4ab9-8d6c-50eedee95f85","GROND","SGR","","3473","SGR-GROND_KL-SO","GROND_KL","SO"
"http://digitalbuildingdata.tech/nlcs/def/91d14b64-2645-44b9-a32c-d6686dd0f1e2","HEESTERS","SGR","","3474","SGR-HEESTERS_KL-SO","HEESTERS_KL","SO"
"http://digitalbuildingdata.tech/nlcs/def/426b14d1-d59a-466c-a1b5-67b3dbf45a9f","HOUTOPSTAND","SGR","","3475","SGR-HOUTOPSTAND_KL-SO","HOUTOPSTAND_KL","SO"
"http://digitalbuildingdata.tech/nlcs/def/66e01336-0f4f-4e22-af62-4d27d410d650","HOUTOPSTAND","SGR","","3476","SGR-HOUTOPSTAND_GEMENGD_KL-SO","HOUTOPSTAND_GEMENGD_KL","SO"
"http://digitalbuildingdata.tech/nlcs/def/8ebf2dec-143a-4988-9f7f-f18b36eb18ba","HOUTOPSTAND","SGR","","3477","SGR-HOUTOPSTAND_LOOF_KL-SO","HOUTOPSTAND_LOOF_KL","SO"
"http://digitalbuildingdata.tech/nlcs/def/258b815b-419d-4ca2-b66a-488ab274b877","HOUTOPSTAND","SGR","","3478","SGR-HOUTOPSTAND_NAALD_KL-SO","HOUTOPSTAND_NAALD_KL","SO"
"http://digitalbuildingdata.tech/nlcs/def/2e82d611-6bea-4662-8496-eafdd3a0eb10","KRUIDEN","SGR","","3479","SGR-KRUIDEN_KL-SO","KRUIDEN_KL","SO"
"http://digitalbuildingdata.tech/nlcs/def/9a31b352-cb84-40d6-bab6-5714433c16a7","DAMWAND","SGC","","348","SGC-DAMWAND_STAAL_LARSSEN_L601_600-MM","DAMWAND_STAAL_LARSSEN_L601_600","MM"
"http://digitalbuildingdata.tech/nlcs/def/95e5250c-ce5c-4122-8d17-6830073958b9","MAAIVELD","SGR","","3480","SGR-MAAIVELD_KL-SO","MAAIVELD_KL","SO"
"http://digitalbuildingdata.tech/nlcs/def/9ce24a47-b982-48ce-8189-8c9973b3ca6a","MOERAS","SGR","","3481","SGR-MOERAS_KL-SO","MOERAS_KL","SO"
"http://digitalbuildingdata.tech/nlcs/def/062d0b6e-2712-409d-9581-2a90867b2bda","PLANTGATVERBETERING","SGR","","3482","SGR-PLANTGATVERBETERING_01_KL-SO","PLANTGATVERBETERING_01_KL","SO"
"http://digitalbuildingdata.tech/nlcs/def/cf5b1671-441e-43c7-84c9-ed46b0948005","PLANTGATVERBETERING","SGR","","3483","SGR-PLANTGATVERBETERING_02_KL-SO","PLANTGATVERBETERING_02_KL","SO"
"http://digitalbuildingdata.tech/nlcs/def/c6dc66da-884d-4698-ab67-157378af28c9","RIETLAND","SGR","","3484","SGR-RIETLAND_KL-SO","RIETLAND_KL","SO"
"http://digitalbuildingdata.tech/nlcs/def/0088bcf4-91e2-44eb-add6-efc45fdd4982","SIERPLANTSOEN","SGR","","3485","SGR-SIERPLANTSOEN_KL-SO","SIERPLANTSOEN_KL","SO"
"http://digitalbuildingdata.tech/nlcs/def/1fb88a2c-08f2-44e9-b9b3-9c2e7cb7c5a5","SPORTVELD","SGR","","3486","SGR-SPORTVELD_GRAS_KL-SO","SPORTVELD_GRAS_KL","SO"
"http://digitalbuildingdata.tech/nlcs/def/41c3a1b5-5c6f-4b52-b763-3fd7a4d5c572","SPORTVELD","SGR","","3487","SGR-SPORTVELD_GRAS_KUNSTGRAS_KL-SO","SPORTVELD_GRAS_KUNSTGRAS_KL","SO"
"http://digitalbuildingdata.tech/nlcs/def/fa900acd-a94b-4365-8aae-0dec1833974d","STRUWEEL","SGR","","3488","SGR-STRUWEEL_KL-SO","STRUWEEL_KL","SO"
"http://digitalbuildingdata.tech/nlcs/def/f11b9f0e-74b0-4534-a72e-efe61a6ace82","TEELGROND","SGR","","3489","SGR-TEELGROND_01_KL-SO","TEELGROND_01_KL","SO"
"http://digitalbuildingdata.tech/nlcs/def/15557edb-e5a0-4af1-85ce-d7d4ea087dac","DAMWAND","SGC","","349","SGC-DAMWAND_STAAL_LARSSEN_L602_600-MM","DAMWAND_STAAL_LARSSEN_L602_600","MM"
"http://digitalbuildingdata.tech/nlcs/def/23f0df22-4bef-44b2-9dfd-b467ec168154","TEELGROND","SGR","","3490","SGR-TEELGROND_02_KL-SO","TEELGROND_02_KL","SO"
"http://digitalbuildingdata.tech/nlcs/def/e164fc5b-6ad0-4c8a-8199-98daa7a935c9","VASTEPLANTEN","SGR","","3491","SGR-VASTEPLANTEN_KL-SO","VASTEPLANTEN_KL","SO"
"http://digitalbuildingdata.tech/nlcs/def/ba6707f8-63b1-4112-b29c-0d59c606a8ed","WATERPLANTEN","SGR","","3492","SGR-WATERPLANTEN_KL-SO","WATERPLANTEN_KL","SO"
"http://digitalbuildingdata.tech/nlcs/def/2d1feca0-c671-421d-a9be-1a220274a564","WISSELBEPLANTING","SGR","","3493","SGR-WISSELBEPLANTING_KL-SO","WISSELBEPLANTING_KL","SO"
"http://digitalbuildingdata.tech/nlcs/def/640766ea-d2a5-4de6-b85c-7775c5c66e85","BEPLANTING","SGR","V","3494","V-SGR-BEPLANTING_SOORT_01_KL-SO","BEPLANTING_SOORT_01_KL","SO"
"http://digitalbuildingdata.tech/nlcs/def/920930c4-602d-4cd9-a933-03185259a713","BEPLANTING","SGR","V","3495","V-SGR-BEPLANTING_SOORT_02_KL-SO","BEPLANTING_SOORT_02_KL","SO"
"http://digitalbuildingdata.tech/nlcs/def/c26936cd-e99c-4d9f-80e3-20dda0efa90d","BOLLEN","SGR","V","3496","V-SGR-BOLLEN_KL-SO","BOLLEN_KL","SO"
"http://digitalbuildingdata.tech/nlcs/def/c37c47bc-997e-4741-9c6b-185155f4586c","BOMENGROND","SGR","V","3497","V-SGR-BOMENGROND_KL-SO","BOMENGROND_KL","SO"
"http://digitalbuildingdata.tech/nlcs/def/b47f6a0e-b2a5-47a1-975e-400e1cb673ae","BOMENZAND","SGR","V","3498","V-SGR-BOMENZAND_KL-SO","BOMENZAND_KL","SO"
"http://digitalbuildingdata.tech/nlcs/def/b99914fb-a9c8-4647-9646-39df0085bff4","BOS","SGR","V","3499","V-SGR-BOS_KL-SO","BOS_KL","SO"
"http://digitalbuildingdata.tech/nlcs/def/609c7426-d93b-41ad-a311-1d5ae9e5b4c4","TEKENBLAD","SAL","","35","SAL-TEKENBLAD_A3_297X2100-SO","TEKENBLAD_A3_297X2100","SO"
"http://digitalbuildingdata.tech/nlcs/def/b279f20e-33f1-4a5a-b186-a36bc4f8e2c2","DAMWAND","SGC","","350","SGC-DAMWAND_STAAL_LARSSEN_L603_600-MM","DAMWAND_STAAL_LARSSEN_L603_600","MM"
"http://digitalbuildingdata.tech/nlcs/def/d406e944-9cc8-4a9d-a2a3-8f9f962ea072","BOS","SGR","V","3500","V-SGR-BOS_GEMENGD_KL-SO","BOS_GEMENGD_KL","SO"
"http://digitalbuildingdata.tech/nlcs/def/ad78a7ba-adbe-4e22-9c7c-f8859af7a648","BOS","SGR","V","3501","V-SGR-BOS_LOOF_KL-SO","BOS_LOOF_KL","SO"
"http://digitalbuildingdata.tech/nlcs/def/db75f0c6-5feb-40c4-b046-41e43e2285e6","BOS","SGR","V","3502","V-SGR-BOS_NAALD_KL-SO","BOS_NAALD_KL","SO"
"http://digitalbuildingdata.tech/nlcs/def/ebbaea0d-7025-44f3-b43d-e9e25d636f55","BOS","SGR","V","3503","V-SGR-BOSPLANTSOEN_KL-SO","BOSPLANTSOEN_KL","SO"
"http://digitalbuildingdata.tech/nlcs/def/c2826ff4-ff41-4ed3-a928-472a8295fbf3","GRAS","SGR","V","3504","V-SGR-GRAS_01_KL-SO","GRAS_01_KL","SO"
"http://digitalbuildingdata.tech/nlcs/def/ddffa983-21fe-486b-afab-3cbbc04a0d7f","GRAS","SGR","V","3505","V-SGR-GRAS_02_KL-SO","GRAS_02_KL","SO"
"http://digitalbuildingdata.tech/nlcs/def/7fd1ff76-66fb-4a11-a0f6-39f0594ae5ef","GRAS","SGR","V","3506","V-SGR-GRAS_GAZON_KL-SO","GRAS_GAZON_KL","SO"
"http://digitalbuildingdata.tech/nlcs/def/be071f73-f74d-45ce-ba03-ec01f2a5537b","GRAS","SGR","V","3507","V-SGR-GRAS_GESTABILISEERD_KL-SO","GRAS_GESTABILISEERD_KL","SO"
"http://digitalbuildingdata.tech/nlcs/def/1a7ab624-d227-4f65-b866-236124f07ea3","GRAS","SGR","V","3508","V-SGR-GRAS_KUNSTGRAS_KL-SO","GRAS_KUNSTGRAS_KL","SO"
"http://digitalbuildingdata.tech/nlcs/def/0faeefd0-2b69-4f0d-9d94-bab05e72189e","GRAS","SGR","V","3509","V-SGR-GRAS_RUIGGRAS_KL-SO","GRAS_RUIGGRAS_KL","SO"
"http://digitalbuildingdata.tech/nlcs/def/d66d459d-62f7-4c4d-99f4-3b496a667e3f","DAMWAND","SGC","","351","SGC-DAMWAND_STAAL_LARSSEN_L604_600-MM","DAMWAND_STAAL_LARSSEN_L604_600","MM"
"http://digitalbuildingdata.tech/nlcs/def/25d6823f-c514-4ce3-bdae-c0d0a2f068ef","GROND","SGR","V","3510","V-SGR-GROND_KL-SO","GROND_KL","SO"
"http://digitalbuildingdata.tech/nlcs/def/490412e8-3a72-4159-8365-f9cfe2c6d5b3","HEESTERS","SGR","V","3511","V-SGR-HEESTERS_KL-SO","HEESTERS_KL","SO"
"http://digitalbuildingdata.tech/nlcs/def/c7077940-32dd-411e-b745-8d9f82fcdb2b","HOUTOPSTAND","SGR","V","3512","V-SGR-HOUTOPSTAND_KL-SO","HOUTOPSTAND_KL","SO"
"http://digitalbuildingdata.tech/nlcs/def/e3d455f7-ad80-4abd-8edd-6615b43fd73f","HOUTOPSTAND","SGR","V","3513","V-SGR-HOUTOPSTAND_GEMENGD_KL-SO","HOUTOPSTAND_GEMENGD_KL","SO"
"http://digitalbuildingdata.tech/nlcs/def/2b6d6755-59b8-4a2e-86cd-427c132dfbbf","HOUTOPSTAND","SGR","V","3514","V-SGR-HOUTOPSTAND_LOOF_KL-SO","HOUTOPSTAND_LOOF_KL","SO"
"http://digitalbuildingdata.tech/nlcs/def/317d45e2-b067-45eb-83ed-5539327ee484","HOUTOPSTAND","SGR","V","3515","V-SGR-HOUTOPSTAND_NAALD_KL-SO","HOUTOPSTAND_NAALD_KL","SO"
"http://digitalbuildingdata.tech/nlcs/def/0325aaeb-77e9-4cb4-b353-7eabf4b03d3d","KRUIDEN","SGR","V","3516","V-SGR-KRUIDEN_KL-SO","KRUIDEN_KL","SO"
"http://digitalbuildingdata.tech/nlcs/def/54054ac2-c8ff-428c-850f-4f1c1b56e806","MAAIVELD","SGR","V","3517","V-SGR-MAAIVELD_KL-SO","MAAIVELD_KL","SO"
"http://digitalbuildingdata.tech/nlcs/def/865c71a5-765f-48cb-9418-e9f59d85e9c7","MOERAS","SGR","V","3518","V-SGR-MOERAS_KL-SO","MOERAS_KL","SO"
"http://digitalbuildingdata.tech/nlcs/def/28fbcac8-3748-458a-a7b1-ea5bddb00d84","PLANTGATVERBETERING","SGR","V","3519","V-SGR-PLANTGATVERBETERING_01_KL-SO","PLANTGATVERBETERING_01_KL","SO"
"http://digitalbuildingdata.tech/nlcs/def/557cbd35-0fe1-4b4d-b166-f0666f1d651e","DAMWAND","SGC","","352","SGC-DAMWAND_STAAL_LARSSEN_L605_600-MM","DAMWAND_STAAL_LARSSEN_L605_600","MM"
"http://digitalbuildingdata.tech/nlcs/def/b82f2c71-2450-49db-bad8-0d659b698da3","PLANTGATVERBETERING","SGR","V","3520","V-SGR-PLANTGATVERBETERING_02_KL-SO","PLANTGATVERBETERING_02_KL","SO"
"http://digitalbuildingdata.tech/nlcs/def/3d5df8bc-a91f-4fb3-a788-a8ff73788a38","RIETLAND","SGR","V","3521","V-SGR-RIETLAND_KL-SO","RIETLAND_KL","SO"
"http://digitalbuildingdata.tech/nlcs/def/2f6be81f-df8d-49b8-ade4-ad49cabec111","SIERPLANTSOEN","SGR","V","3522","V-SGR-SIERPLANTSOEN_KL-SO","SIERPLANTSOEN_KL","SO"
"http://digitalbuildingdata.tech/nlcs/def/8640b603-7e13-44a2-97a9-7289528a5fe2","SPORTVELD","SGR","V","3523","V-SGR-SPORTVELD_GRAS_KL-SO","SPORTVELD_GRAS_KL","SO"
"http://digitalbuildingdata.tech/nlcs/def/ccfd3a9a-60ed-4786-adbb-8cf3ddaf72e7","SPORTVELD","SGR","V","3524","V-SGR-SPORTVELD_GRAS_KUNSTGRAS_KL-SO","SPORTVELD_GRAS_KUNSTGRAS_KL","SO"
"http://digitalbuildingdata.tech/nlcs/def/1f9affe9-b279-4b62-9bc0-efe072cc86af","STRUWEEL","SGR","V","3525","V-SGR-STRUWEEL_KL-SO","STRUWEEL_KL","SO"
"http://digitalbuildingdata.tech/nlcs/def/27b19a09-9818-431d-894e-fa854fe0279c","TEELGROND","SGR","V","3526","V-SGR-TEELGROND_01_KL-SO","TEELGROND_01_KL","SO"
"http://digitalbuildingdata.tech/nlcs/def/fa7b3adf-0441-4ccb-b0a1-59ead0081eb5","TEELGROND","SGR","V","3527","V-SGR-TEELGROND_02_KL-SO","TEELGROND_02_KL","SO"
"http://digitalbuildingdata.tech/nlcs/def/6e0a0c46-c9bf-4aed-bbb1-2d31c68f81e9","VASTEPLANTEN","SGR","V","3528","V-SGR-VASTEPLANTEN_KL-SO","VASTEPLANTEN_KL","SO"
"http://digitalbuildingdata.tech/nlcs/def/ffabb96d-3f9f-46ef-acae-1c066b0436b4","WATERPLANTEN","SGR","V","3529","V-SGR-WATERPLANTEN_KL-SO","WATERPLANTEN_KL","SO"
"http://digitalbuildingdata.tech/nlcs/def/e0c32eb3-bb11-4fe8-b7a3-237a495977d3","DAMWAND","SGC","","353","SGC-DAMWAND_STAAL_LARSSEN_L606_600-MM","DAMWAND_STAAL_LARSSEN_L606_600","MM"
"http://digitalbuildingdata.tech/nlcs/def/1e8f18a8-248f-46de-b4d0-11f686293013","WISSELBEPLANTING","SGR","V","3530","V-SGR-WISSELBEPLANTING_KL-SO","WISSELBEPLANTING_KL","SO"
"http://digitalbuildingdata.tech/nlcs/def/bf1c0fe3-e9de-411f-b4ae-7962d022652c","AFVAL APART PLAATS","SIE","V","3531","V-SIE-AFVAL APART PLAATS-SO","AFVAL APART PLAATS","SO"
"http://digitalbuildingdata.tech/nlcs/def/fedb7572-3463-484c-afd8-7405544161bc","DIJKPAAL","SIE","V","3532","V-SIE-DIJKPAAL-SO","DIJKPAAL","SO"
"http://digitalbuildingdata.tech/nlcs/def/a7c11b2d-2939-4f71-82d7-514c1725fa08","FIETSENKLUIS","SIE","V","3533","V-SIE-FIETSENKLUIS-SO","FIETSENKLUIS","SO"
"http://digitalbuildingdata.tech/nlcs/def/5573ceae-a261-4584-8dbc-8651bf890ade","FONTEIN","SIE","V","3534","V-SIE-FONTEIN-SO","FONTEIN","SO"
"http://digitalbuildingdata.tech/nlcs/def/76e50ce6-55be-4cc7-93a7-b1e10deab7b2","HERDENKINGSMONUMENT","SIE","V","3535","V-SIE-HERDENKINGSMONUMENT-SO","HERDENKINGSMONUMENT","SO"
"http://digitalbuildingdata.tech/nlcs/def/c5e5e148-93e5-4ebc-a115-1f03e6385fc9","HOOGTEDETECTIEMETER","SIE","V","3536","V-SIE-HOOGTEDETECTIEMETER-SO","HOOGTEDETECTIEMETER","SO"
"http://digitalbuildingdata.tech/nlcs/def/38c1dc17-8749-4d47-9c5d-65ebdba617d7","INKLIMBEVEILIGING","SIE","V","3537","V-SIE-INKLIMBEVEILIGING-SO","INKLIMBEVEILIGING","SO"
"http://digitalbuildingdata.tech/nlcs/def/d1ffe5b4-a2ac-4705-b55e-bd44220b05cc","KUNSTOBJECT","SIE","V","3538","V-SIE-KUNSTOBJECT-SO","KUNSTOBJECT","SO"
"http://digitalbuildingdata.tech/nlcs/def/13c9bdfb-f153-45a1-8d95-40a34714547a","LPG VULPUNT","SIE","V","3539","V-SIE-LPG VULPUNT-SO","LPG VULPUNT","SO"
"http://digitalbuildingdata.tech/nlcs/def/097ea907-d616-4da3-a8ac-3256dff18c5a","DAMWAND","SGC","","354","SGC-DAMWAND_STAAL_LARSSEN_L607_600-MM","DAMWAND_STAAL_LARSSEN_L607_600","MM"
"http://digitalbuildingdata.tech/nlcs/def/221729b5-a809-48ae-a7ff-9b7639b9e76f","OPENBAARTOILET","SIE","V","3540","V-SIE-OPENBAARTOILET-SO","OPENBAARTOILET","SO"
"http://digitalbuildingdata.tech/nlcs/def/0afbeb9d-e566-4809-af74-9a563e682b22","SIRENE","SIE","V","3541","V-SIE-SIRENE-SO","SIRENE","SO"
"http://digitalbuildingdata.tech/nlcs/def/e4d32eed-6c21-4f73-874e-da89bf185c88","WATER","SIE","V","3542","V-SIE-WATER_BOEI-SO","WATER_BOEI","SO"
"http://digitalbuildingdata.tech/nlcs/def/5a52ca1b-663a-4187-929b-e7db73b88ad4","WATER","SIE","V","3543","V-SIE-WATER_DEBIETMETER-SO","WATER_DEBIETMETER","SO"
"http://digitalbuildingdata.tech/nlcs/def/fa66d8d2-693f-49a4-a6e1-afc00ae29883","WATER","SIE","V","3544","V-SIE-WATER_WATERSTANDMETER-SO","WATER_WATERSTANDMETER","SO"
"http://digitalbuildingdata.tech/nlcs/def/7886859e-96b4-4a32-906c-60d9abf75ab5","WEERSTATION","SIE","V","3545","V-SIE-WEERSTATION-SO","WEERSTATION","SO"
"http://digitalbuildingdata.tech/nlcs/def/c6b15719-ba35-4fd2-b002-04ddd317b2e4","WEG","SIE","V","3546","V-SIE-WEG_AFVALBAK-SO","WEG_AFVALBAK","SO"
"http://digitalbuildingdata.tech/nlcs/def/d1f82632-64d8-4d4e-a6f1-0f1e6b3fae90","WEG","SIE","V","3547","V-SIE-WEG_BOOMROOSTER_STAAL_1500X1500","WEG_BOOMROOSTER_STAAL_1500X1500",""
"http://digitalbuildingdata.tech/nlcs/def/c96db88b-3afb-42f0-be7a-1b82746e5c25","WEG","SIE","V","3548","V-SIE-WEG_DRINKBAK-SO","WEG_DRINKBAK","SO"
"http://digitalbuildingdata.tech/nlcs/def/25de2ade-9697-4808-8f1b-dfd619d78520","WEG","SIE","V","3549","V-SIE-WEG_FLITSPAAL-SO","WEG_FLITSPAAL","SO"
"http://digitalbuildingdata.tech/nlcs/def/0a8f07be-5372-4274-a3be-9c9e72cffc42","DAMWAND","SGC","","355","SGC-DAMWAND_STAAL_LARSSEN_L703_700-MM","DAMWAND_STAAL_LARSSEN_L703_700","MM"
"http://digitalbuildingdata.tech/nlcs/def/4f98c890-edc3-4632-8462-d86f580fa497","WEG","SIE","V","3550","V-SIE-WEG_PAAL_LAADPAAL-SO","WEG_PAAL_LAADPAAL","SO"
"http://digitalbuildingdata.tech/nlcs/def/dd3c3e5b-1bc5-4173-8c01-be18b6e2e637","WEG","SIE","V","3551","V-SIE-WEG_VERKEERSBORD_STRAATNAAMBORD-SO","WEG_VERKEERSBORD_STRAATNAAMBORD","SO"
"http://digitalbuildingdata.tech/nlcs/def/5717f1b3-f766-4974-ae90-8820353a4208","WEG","SIE","","3552","SIE-WEG_VERKEERSBORD_STRAATNAAMBORD-SO","WEG_VERKEERSBORD_STRAATNAAMBORD","SO"
"http://digitalbuildingdata.tech/nlcs/def/03de281b-ec47-440c-9fad-c4ff888341b5","WEG","SIE","V","3553","V-SIE-WEG_VERKEERSTEKEN_BORD-SO","WEG_VERKEERSTEKEN_BORD","SO"
"http://digitalbuildingdata.tech/nlcs/def/5593c511-36af-4332-b370-af15484f8b31","ZONNEPANEEL","SIE","V","3554","V-SIE-ZONNEPANEEL-SO","ZONNEPANEEL","SO"
"http://digitalbuildingdata.tech/nlcs/def/731b52de-055e-4dc3-acc9-bd680aa84f51","WEG","SIE","","3555","SIE-WEG_PARKEERMAATREGEL_PARKEERBEUGEL","WEG_PARKEERMAATREGEL_PARKEERBEUGEL",""
"http://digitalbuildingdata.tech/nlcs/def/bdc6effb-3ef8-40a8-940d-736c609f5361","WEG","SIE","V","3556","V-SIE-WEG_PARKEERMAATREGEL_PARKEERBEUGEL","WEG_PARKEERMAATREGEL_PARKEERBEUGEL",""
"http://digitalbuildingdata.tech/nlcs/def/44108e32-0d5f-4171-b12d-bddb9d980d05","TDI","SIW","V","3557","V-SIW-TDI_DETECTIELUS-SO","TDI_DETECTIELUS","SO"
"http://digitalbuildingdata.tech/nlcs/def/d6962afd-8f1d-43ac-bb6b-726bb51b3131","TDI","SIW","V","3558","V-SIW-TDI_DRAAGCONSTRUCTIE_PORTAAL-SO","TDI_DRAAGCONSTRUCTIE_PORTAAL","SO"
"http://digitalbuildingdata.tech/nlcs/def/a9f9d0ad-408e-4b9e-808e-c5bbbd11b31b","TDI","SIW","V","3559","V-SIW-TDI_DRAAGCONSTRUCTIE_UITHOUDER-SO","TDI_DRAAGCONSTRUCTIE_UITHOUDER","SO"
"http://digitalbuildingdata.tech/nlcs/def/612ab5e8-6dba-47e5-8d35-62038180991c","DAMWAND","SGC","","356","SGC-DAMWAND_STAAL_LARSSEN_L704_700-MM","DAMWAND_STAAL_LARSSEN_L704_700","MM"
"http://digitalbuildingdata.tech/nlcs/def/a608f94e-06e4-4233-9d8a-33e6393f7305","TDI","SIW","V","3560","V-SIW-TDI_LANTAARN_DOSEERLICHT-SO","TDI_LANTAARN_DOSEERLICHT","SO"
"http://digitalbuildingdata.tech/nlcs/def/1b74d7fc-4117-45ba-a902-0e5129543b26","TDI","SIW","V","3561","V-SIW-TDI_PUTSARMATUUR-SO","TDI_PUTSARMATUUR","SO"
"http://digitalbuildingdata.tech/nlcs/def/d13e1488-59e1-4477-89a2-d50a96dd600f","TDI","SIW","V","3562","V-SIW-TDI_ROODLICHTCAMERA-SO","TDI_ROODLICHTCAMERA","SO"
"http://digitalbuildingdata.tech/nlcs/def/dcf30c59-e101-43f5-a24b-be72b1bc0e3c","TDI","SIW","V","3563","V-SIW-TDI_SELECTIEVE DETECTIELUS-SO","TDI_SELECTIEVE DETECTIELUS","SO"
"http://digitalbuildingdata.tech/nlcs/def/01c64aba-8137-4980-8be2-7188e28f2ea3","TDI","SIW","V","3564","V-SIW-TDI_VERKEERSREGELTOESTEL-SO","TDI_VERKEERSREGELTOESTEL","SO"
"http://digitalbuildingdata.tech/nlcs/def/a00162f0-4dfb-43f4-b8b6-f9750aecdc24","TDI","SIW","V","3565","V-SIW-TDI_VOORSEIN_BUS-SO","TDI_VOORSEIN_BUS","SO"
"http://digitalbuildingdata.tech/nlcs/def/6f925c7c-61e2-4c64-9a5e-6402ea7a56a9","TDI","SIW","V","3566","V-SIW-TDI_VOORSEIN_BUS_9OOG-SO","TDI_VOORSEIN_BUS_9OOG","SO"
"http://digitalbuildingdata.tech/nlcs/def/2a871ef9-38fe-417f-8d0a-c284950e9ff2","TDI","SIW","V","3567","V-SIW-TDI_VOORWAARSCHUWINGSSEIN-SO","TDI_VOORWAARSCHUWINGSSEIN","SO"
"http://digitalbuildingdata.tech/nlcs/def/1157d020-c1bc-4e0a-9a8f-f0e53be38db1","TRAMSIGNALERING","SIW","V","3568","V-SIW-TRAMSIGNALERING-SO","TRAMSIGNALERING","SO"
"http://digitalbuildingdata.tech/nlcs/def/465e9085-a536-4f72-b78d-c0d692d12dcd","TRAMSIGNALERING","SIW","V","3569","V-SIW-TRAMSIGNALERING_DRAAGCONSTRUCTIE_PORTAAL-SO","TRAMSIGNALERING_DRAAGCONSTRUCTIE_PORTAAL","SO"
"http://digitalbuildingdata.tech/nlcs/def/9ab2eba6-ff8c-419e-a3d0-c567e7566057","DAMWAND","SGC","","357","SGC-DAMWAND_STAAL_LARSSEN_L755_750-MM","DAMWAND_STAAL_LARSSEN_L755_750","MM"
"http://digitalbuildingdata.tech/nlcs/def/067869df-e96c-4bb8-9c6a-137577ee0a83","TRAMSIGNALERING","SIW","V","3570","V-SIW-TRAMSIGNALERING_PAAL-SO","TRAMSIGNALERING_PAAL","SO"
"http://digitalbuildingdata.tech/nlcs/def/8cbbae94-323e-4898-84ba-da8fef161648","VRI","SIW","V","3571","V-SIW-VRI_(MOTOR)FIETSGEVOELIGEDETECTIELUS-SO","VRI_(MOTOR)FIETSGEVOELIGEDETECTIELUS","SO"
"http://digitalbuildingdata.tech/nlcs/def/4d017f89-a6a3-47b9-a97e-1c0f6f7a37df","VRI","SIW","V","3572","V-SIW-VRI_2LICHTVERKEERSLANTAARN_ROND_2X200mm-SO","VRI_2LICHTVERKEERSLANTAARN_ROND_2X200mm","SO"
"http://digitalbuildingdata.tech/nlcs/def/43ef9a0a-1c90-4070-b548-d527caaf9a01","VRI","SIW","V","3573","V-SIW-VRI_3LICHTVERKEERSLANTAARN_ROND_3X200mm-SO","VRI_3LICHTVERKEERSLANTAARN_ROND_3X200mm","SO"
"http://digitalbuildingdata.tech/nlcs/def/204577bc-e8ac-4c40-acbf-50bc6aab2143","VRI","SIW","V","3574","V-SIW-VRI_3LICHTVERKEERSLANTAARN_ROND_3X300mm-SO","VRI_3LICHTVERKEERSLANTAARN_ROND_3X300mm","SO"
"http://digitalbuildingdata.tech/nlcs/def/9428381f-9109-438e-a18f-0824cd2e3b89","VRI","SIW","V","3575","V-SIW-VRI_3LICHTVERKEERSLANTAARN_ROND_3X80mm-SO","VRI_3LICHTVERKEERSLANTAARN_ROND_3X80mm","SO"
"http://digitalbuildingdata.tech/nlcs/def/f6ddd8e9-a6b1-4e95-a68a-57dbc4a15fa9","VRI","SIW","V","3576","V-SIW-VRI_AUTOMAAT-SO","VRI_AUTOMAAT","SO"
"http://digitalbuildingdata.tech/nlcs/def/6d404366-2932-402d-9373-bae6c4f3f438","VRI","SIW","V","3577","V-SIW-VRI_DETECTIELUS-SO","VRI_DETECTIELUS","SO"
"http://digitalbuildingdata.tech/nlcs/def/90387a62-a8a4-41bd-ab6c-19536e6f1697","VRI","SIW","V","3578","V-SIW-VRI_DRAAGCONSTRUCTIE_PORTAAL-SO","VRI_DRAAGCONSTRUCTIE_PORTAAL","SO"
"http://digitalbuildingdata.tech/nlcs/def/d10b1c71-5830-42b1-bff5-8bcb4fa28445","VRI","SIW","V","3579","V-SIW-VRI_DRAAGCONSTRUCTIE_UITHOUDER-SO","VRI_DRAAGCONSTRUCTIE_UITHOUDER","SO"
"http://digitalbuildingdata.tech/nlcs/def/a038bb97-9ebe-44d8-a9a6-87193389b46f","BEPLANTING","SGR","V","358","V-SGR-BEPLANTING_SOORT_01-SO","BEPLANTING_SOORT_01","SO"
"http://digitalbuildingdata.tech/nlcs/def/041640a6-abb7-4f0f-ae4c-278fcec26285","VRI","SIW","V","3580","V-SIW-VRI_DRUKKNOPSMAST-SO","VRI_DRUKKNOPSMAST","SO"
"http://digitalbuildingdata.tech/nlcs/def/032ece07-db6a-446c-bbd6-46f14f694ff2","VRI","SIW","V","3581","V-SIW-VRI_LANTAARNS_GEEL-SO","VRI_LANTAARNS_GEEL","SO"
"http://digitalbuildingdata.tech/nlcs/def/1cabc80f-0ee0-47ed-b60d-c78c3c288d98","VRI","SIW","V","3582","V-SIW-VRI_PUTSARMATUUR-SO","VRI_PUTSARMATUUR","SO"
"http://digitalbuildingdata.tech/nlcs/def/66c91a51-6999-4635-8a1f-0e258e986600","VRI","SIW","V","3583","V-SIW-VRI_UNIVERSEELMAST-SO","VRI_UNIVERSEELMAST","SO"
"http://digitalbuildingdata.tech/nlcs/def/e51c4d97-d540-4f4f-a8dd-178a3e772823","VRI","SIW","V","3584","V-SIW-VRI_VERKEERSLANTAARN_PIJLSJABLOON-SO","VRI_VERKEERSLANTAARN_PIJLSJABLOON","SO"
"http://digitalbuildingdata.tech/nlcs/def/f5cc8b86-3cac-467d-8e60-140cbc4a9f63","VRI","SIW","V","3585","V-SIW-VRI_VOORWAARSCHUWINGSSEIN-SO","VRI_VOORWAARSCHUWINGSSEIN","SO"
"http://digitalbuildingdata.tech/nlcs/def/dd6b5f20-b8e2-42a2-bde5-1f31530ea520","VS","SIW","V","3586","V-SIW-VS_KAST_BERMKAST-SO","VS_KAST_BERMKAST","SO"
"http://digitalbuildingdata.tech/nlcs/def/36420ee4-270c-42d8-bf66-ece7e0e6a2c9","VS","SIW","V","3587","V-SIW-VS_KAST_DS-SO","VS_KAST_DS","SO"
"http://digitalbuildingdata.tech/nlcs/def/2d159436-a4e0-4690-b5de-2a793152a2df","VS","SIW","V","3588","V-SIW-VS_KAST_LUSKOPPELKAST-SO","VS_KAST_LUSKOPPELKAST","SO"
"http://digitalbuildingdata.tech/nlcs/def/083b3786-90d2-4607-b388-eace970a68f7","VS","SIW","V","3589","V-SIW-VS_KAST_OS DS_LOSSEFUNDATIE-SO","VS_KAST_OS DS_LOSSEFUNDATIE","SO"
"http://digitalbuildingdata.tech/nlcs/def/28336088-9a9d-436d-bc3e-4e8b2ad8839d","BEPLANTING","SGR","V","359","V-SGR-BEPLANTING_SOORT_02-SO","BEPLANTING_SOORT_02","SO"
"http://digitalbuildingdata.tech/nlcs/def/14ef5d2e-cd6d-48a5-981a-3698a37efe99","VS","SIW","V","3590","V-SIW-VS_KAST_OS DS_TUSSEN A POOT PORTAAL-SO","VS_KAST_OS DS_TUSSEN A POOT PORTAAL","SO"
"http://digitalbuildingdata.tech/nlcs/def/75c9fb1d-0800-499f-9eb6-f3dae16638ce","VS","SIW","V","3591","V-SIW-VS_KAST_OS_LOSSEFUNDATIE-SO","VS_KAST_OS_LOSSEFUNDATIE","SO"
"http://digitalbuildingdata.tech/nlcs/def/31276a33-e870-487f-a023-13f1dc98e4a8","KADASTRAAL","SKG","V","3592","V-SKG-KADASTRAAL_GRENSPAAL-SO","KADASTRAAL_GRENSPAAL","SO"
"http://digitalbuildingdata.tech/nlcs/def/c040fdd5-5f05-410d-8e6a-a70e3cd74587","BENZINEPUT","SKL","V","3593","V-SKL-BENZINEPUT_OLIEPUT-SO","BENZINEPUT_OLIEPUT","SO"
"http://digitalbuildingdata.tech/nlcs/def/1dd75df0-d818-48f4-90b4-bfe34fde457a","BEREGENING","SKL","V","3594","V-SKL-BEREGENING_SPROEIER-SO","BEREGENING_SPROEIER","SO"
"http://digitalbuildingdata.tech/nlcs/def/fcd803c8-8472-45a6-b24d-9a4d4424912e","DATA","SKL","V","3595","V-SKL-DATA_GLASVEZEL_HULP_LASBOX-SO","DATA_GLASVEZEL_HULP_LASBOX","SO"
"http://digitalbuildingdata.tech/nlcs/def/1d45ed2d-40c2-4d47-89d4-082495d756b3","DATA","SKL","V","3596","V-SKL-DATA_GLASVEZEL_HULP_MOF-SO","DATA_GLASVEZEL_HULP_MOF","SO"
"http://digitalbuildingdata.tech/nlcs/def/c31e2884-d561-4981-870a-b7e71cb40f73","DATA","SKL","V","3597","V-SKL-DATA_GLASVEZEL_KABELPUT_RECHTHOEKIG-SO","DATA_GLASVEZEL_KABELPUT_RECHTHOEKIG","SO"
"http://digitalbuildingdata.tech/nlcs/def/a02f876d-02c8-4026-8132-239e5ac973f1","DATA","SKL","V","3598","V-SKL-DATA_GLASVEZEL_KABELPUT_ROND-SO","DATA_GLASVEZEL_KABELPUT_ROND","SO"
"http://digitalbuildingdata.tech/nlcs/def/5ed78df5-a17b-4677-bf9c-47c44c48ca4c","DATA","SKL","V","3599","V-SKL-DATA_GLASVEZEL_KAST_ABONNEEBOX-SO","DATA_GLASVEZEL_KAST_ABONNEEBOX","SO"
"http://digitalbuildingdata.tech/nlcs/def/681f2ea1-6549-47d4-a1d0-a3ddd148e9cb","TEKENBLAD","SAL","","36","SAL-TEKENBLAD_A3_420X297-SO","TEKENBLAD_A3_420X297","SO"
"http://digitalbuildingdata.tech/nlcs/def/abe276f4-b807-434a-84fd-01e35e749fe9","BOLLEN","SGR","V","360","V-SGR-BOLLEN-SO","BOLLEN","SO"
"http://digitalbuildingdata.tech/nlcs/def/1bbbee85-9691-43ea-ba03-6593c73ceca3","DATA","SKL","V","3600","V-SKL-DATA_GLASVEZEL_KAST_CVR RUIMTE-SO","DATA_GLASVEZEL_KAST_CVR RUIMTE","SO"
"http://digitalbuildingdata.tech/nlcs/def/8fc9a4a7-7fdd-4fd0-b5ac-fb1b4e9910b3","DATA","SKL","V","3601","V-SKL-DATA_GLASVEZEL_KAST_EINDPUNTKAST-SO","DATA_GLASVEZEL_KAST_EINDPUNTKAST","SO"
"http://digitalbuildingdata.tech/nlcs/def/7bae94d4-04cd-4ae1-873c-d6fb33e6e61d","DATA","SKL","V","3602","V-SKL-DATA_GLASVEZEL_KAST_STERPUNTKAST-SO","DATA_GLASVEZEL_KAST_STERPUNTKAST","SO"
"http://digitalbuildingdata.tech/nlcs/def/2e7488c7-4df8-4c3a-ae47-6b52e2b8a2f3","DATA","SKL","V","3603","V-SKL-DATA_HULP_MOF-SO","DATA_HULP_MOF","SO"
"http://digitalbuildingdata.tech/nlcs/def/eb0a5821-abde-45bd-8c9b-d050f1d63d18","DATA","SKL","V","3604","V-SKL-DATA_HULP_MOF_VERBINDING_HDPE-SO","DATA_HULP_MOF_VERBINDING_HDPE","SO"
"http://digitalbuildingdata.tech/nlcs/def/f9874c87-84e4-43ec-bbb6-ba65c35c00e1","DATA","SKL","V","3605","V-SKL-DATA_KABELROL-SO","DATA_KABELROL","SO"
"http://digitalbuildingdata.tech/nlcs/def/12e92c14-11e5-4b58-93c0-45780c49a7f4","DATA","SKL","V","3606","V-SKL-DATA_RADARMAST-SO","DATA_RADARMAST","SO"
"http://digitalbuildingdata.tech/nlcs/def/0ffb8722-a0a2-4861-a680-cfae5bb2e6d8","DATA","SKL","V","3607","V-SKL-DATA_SIGNAALGEVER_DETECTIELUS-SO","DATA_SIGNAALGEVER_DETECTIELUS","SO"
"http://digitalbuildingdata.tech/nlcs/def/e225b0e0-0b29-4318-89ea-a3824ae5c283","DATA","SKL","V","3608","V-SKL-DATA_SIGNAALGEVER_DETECTIELUS_SLIJPEN-SO","DATA_SIGNAALGEVER_DETECTIELUS_SLIJPEN","SO"
"http://digitalbuildingdata.tech/nlcs/def/7996d9e4-ab79-49c5-85d5-4826d61298b1","DATA","SKL","V","3609","V-SKL-DATA_SIGNAALGEVER_DRIP-SO","DATA_SIGNAALGEVER_DRIP","SO"
"http://digitalbuildingdata.tech/nlcs/def/47b57c89-08ce-4b73-a464-061aa840d4aa","BOMENGROND","SGR","V","361","V-SGR-BOMENGROND-SO","BOMENGROND","SO"
"http://digitalbuildingdata.tech/nlcs/def/a7a6d261-3618-43f0-b2d4-c5d5884ba645","DATA","SKL","V","3610","V-SKL-DATA_SIGNAALGEVER_DYNAMISCH-SO","DATA_SIGNAALGEVER_DYNAMISCH","SO"
"http://digitalbuildingdata.tech/nlcs/def/242680f6-1252-40dd-91b7-ee6fa0da8b50","DATA","SKL","V","3611","V-SKL-DATA_SIGNAALGEVER_RADARDETECTIE-SO","DATA_SIGNAALGEVER_RADARDETECTIE","SO"
"http://digitalbuildingdata.tech/nlcs/def/79b79d5a-2649-49e1-945a-31793a3a8399","DATA","SKL","V","3612","V-SKL-DATA_SIGNAALGEVER_STATISCH-SO","DATA_SIGNAALGEVER_STATISCH","SO"
"http://digitalbuildingdata.tech/nlcs/def/cbbe377c-a83e-4001-a26d-3205c6ba5e2c","DATA","SKL","V","3613","V-SKL-DATA_STRAALZENDER-SO","DATA_STRAALZENDER","SO"
"http://digitalbuildingdata.tech/nlcs/def/e1d88f80-0b61-48c7-bfbd-1002bbae4cc3","DATA","SKL","V","3614","V-SKL-DATA_TELPAAL-SO","DATA_TELPAAL","SO"
"http://digitalbuildingdata.tech/nlcs/def/bb024486-1613-464c-9482-548541b91a3d","DATA","SKL","V","3615","V-SKL-DATA_TERREINKAST-SO","DATA_TERREINKAST","SO"
"http://digitalbuildingdata.tech/nlcs/def/dee6097a-f718-4d3e-b451-0776b927261d","DATA","SKL","V","3616","V-SKL-DATA_ZENDMAST-SO","DATA_ZENDMAST","SO"
"http://digitalbuildingdata.tech/nlcs/def/133e278c-3dbc-4636-88e0-0527892a2451","ET","SKL","V","3617","V-SKL-ET_AARDING-SO","ET_AARDING","SO"
"http://digitalbuildingdata.tech/nlcs/def/588c55a9-a247-40d0-964d-cc4c3a41cdf5","ET","SKL","V","3618","V-SKL-ET_AARDING_AARDELECTRODE-SO","ET_AARDING_AARDELECTRODE","SO"
"http://digitalbuildingdata.tech/nlcs/def/33fe2110-1606-47d7-a3c8-67f3c3e6734d","ET","SKL","V","3619","V-SKL-ET_AARDING_AARDRAIL-SO","ET_AARDING_AARDRAIL","SO"
"http://digitalbuildingdata.tech/nlcs/def/aa16f1e1-0a0a-4c06-8fe2-8fbca7dc60b0","BOMENZAND","SGR","V","362","V-SGR-BOMENZAND-SO","BOMENZAND","SO"
"http://digitalbuildingdata.tech/nlcs/def/376c503d-b441-47bc-8e15-08001a1d5bf2","ET","SKL","V","3620","V-SKL-ET_AARDING_BLIKSEMAFLEIDER-SO","ET_AARDING_BLIKSEMAFLEIDER","SO"
"http://digitalbuildingdata.tech/nlcs/def/b56fb36a-5acb-48a9-ad76-f3351b7343c3","ET","SKL","V","3621","V-SKL-ET_AARDING_BLIKSEMAFLEIDER_VANGMAST-SO","ET_AARDING_BLIKSEMAFLEIDER_VANGMAST","SO"
"http://digitalbuildingdata.tech/nlcs/def/d893a94a-45ca-44f2-8080-a71c67c9267b","ET","SKL","V","3622","V-SKL-ET_AARDING_GALVANISCHE_SCHEIDING-SO","ET_AARDING_GALVANISCHE_SCHEIDING","SO"
"http://digitalbuildingdata.tech/nlcs/def/99f063a3-64cb-435d-b344-7d266c3397d1","ET","SKL","V","3623","V-SKL-ET_DVM_KAST_VOEDINGSPUNT-SO","ET_DVM_KAST_VOEDINGSPUNT","SO"
"http://digitalbuildingdata.tech/nlcs/def/fcd636ea-79be-4a3d-8225-5056ede3c18e","ET","SKL","V","3624","V-SKL-ET_HS_MAST-SO","ET_HS_MAST","SO"
"http://digitalbuildingdata.tech/nlcs/def/e6b90a7a-ebc1-4d4e-a424-b53b60f4f319","ET","SKL","V","3625","V-SKL-ET_HULP_AANSLUITPUNT-SO","ET_HULP_AANSLUITPUNT","SO"
"http://digitalbuildingdata.tech/nlcs/def/3fa53305-9c6a-47ca-8959-6ece3bf23264","ET","SKL","V","3626","V-SKL-ET_HULP_LAS_COMMUNICATIEKABEL-SO","ET_HULP_LAS_COMMUNICATIEKABEL","SO"
"http://digitalbuildingdata.tech/nlcs/def/3d114275-b2b0-4292-8505-5daf21e6b2f9","ET","SKL","V","3627","V-SKL-ET_HULP_LAS_SIGNAALGEVERKABEL-SO","ET_HULP_LAS_SIGNAALGEVERKABEL","SO"
"http://digitalbuildingdata.tech/nlcs/def/9122f958-83c6-4773-89cb-494ecb4f5e7b","ET","SKL","V","3628","V-SKL-ET_HULP_MOF-SO","ET_HULP_MOF","SO"
"http://digitalbuildingdata.tech/nlcs/def/c3c99b81-f363-4d10-a493-6d3e56e3f869","ET","SKL","V","3629","V-SKL-ET_HULP_MOF_AFDEKMOF-SO","ET_HULP_MOF_AFDEKMOF","SO"
"http://digitalbuildingdata.tech/nlcs/def/456ce217-e15c-43f7-aeca-8b9576a6b897","BOOM","SGR","V","363","V-SGR-BOOM_01","BOOM_01",""
"http://digitalbuildingdata.tech/nlcs/def/5b036194-8149-4aa2-b142-8ce58b9fbda3","ET","SKL","V","3630","V-SKL-ET_HULP_MOF_AFTAKMOF-SO","ET_HULP_MOF_AFTAKMOF","SO"
"http://digitalbuildingdata.tech/nlcs/def/0ed0d209-aab2-491b-90b2-69a0409da15f","ET","SKL","V","3631","V-SKL-ET_HULP_MOF_EINDMOF-SO","ET_HULP_MOF_EINDMOF","SO"
"http://digitalbuildingdata.tech/nlcs/def/edf19103-bc45-49e3-a4b5-25356a29d187","ET","SKL","V","3632","V-SKL-ET_HULP_MOF_VERBINDINGSMOF-SO","ET_HULP_MOF_VERBINDINGSMOF","SO"
"http://digitalbuildingdata.tech/nlcs/def/3cce5103-210e-4edc-9fb1-5fd077fbcc24","ET","SKL","V","3633","V-SKL-ET_HULP_MOF_VERBINDING_AFTAKMOF-SO","ET_HULP_MOF_VERBINDING_AFTAKMOF","SO"
"http://digitalbuildingdata.tech/nlcs/def/4b6565fe-b428-4a4f-8e97-b9d54f129d48","ET","SKL","V","3634","V-SKL-ET_HULP_MOF_VERBINDING_HDPE-SO","ET_HULP_MOF_VERBINDING_HDPE","SO"
"http://digitalbuildingdata.tech/nlcs/def/f8b3469d-1b86-4075-96a2-4ea72d3c7095","ET","SKL","V","3635","V-SKL-ET_HULP_MOF_VERGROTELUSKOPPELMOF-SO","ET_HULP_MOF_VERGROTELUSKOPPELMOF","SO"
"http://digitalbuildingdata.tech/nlcs/def/d712de33-fca3-41db-8763-bbda9af41d70","ET","SKL","V","3636","V-SKL-ET_KABELROL-SO","ET_KABELROL","SO"
"http://digitalbuildingdata.tech/nlcs/def/79e13525-3ee0-4e45-8505-5a8b89889c2f","ET","SKL","V","3637","V-SKL-ET_LICHTGEVOELIGE CEL-SO","ET_LICHTGEVOELIGE CEL","SO"
"http://digitalbuildingdata.tech/nlcs/def/be3a7812-8771-4ef4-a7c9-4f4394f94027","ET","SKL","V","3638","V-SKL-ET_LS_MAST-SO","ET_LS_MAST","SO"
"http://digitalbuildingdata.tech/nlcs/def/c04513ed-ffaa-4c68-83f3-55947645f774","ET","SKL","V","3639","V-SKL-ET_TERREINKAST-SO","ET_TERREINKAST","SO"
"http://digitalbuildingdata.tech/nlcs/def/7366b37e-0560-426a-8062-38a2ba054fe5","BOOM","SGR","V","364","V-SGR-BOOM_02","BOOM_02",""
"http://digitalbuildingdata.tech/nlcs/def/56ea0481-7b39-4b75-81c7-e93007acbebd","ET","SKL","V","3640","V-SKL-ET_TRANSFORMATORSTATION-SO","ET_TRANSFORMATORSTATION","SO"
"http://digitalbuildingdata.tech/nlcs/def/653bbe40-625c-4fd5-b105-386b3548de98","GAS","SKL","V","3641","V-SKL-GAS_PUT-SO","GAS_PUT","SO"
"http://digitalbuildingdata.tech/nlcs/def/c2ab2045-7410-41b3-854d-1caf949bc05d","GAS","SKL","V","3642","V-SKL-GAS_STRAATPOT-SO","GAS_STRAATPOT","SO"
"http://digitalbuildingdata.tech/nlcs/def/86141720-3f57-4847-a3f2-60af61689f6c","GAS","SKL","V","3643","V-SKL-GAS_TERREINKAST-SO","GAS_TERREINKAST","SO"
"http://digitalbuildingdata.tech/nlcs/def/b6a2b8fb-8c05-4293-99d6-61d173b13aa9","GMS","SKL","V","3644","V-SKL-GMS_DOORVERBINDINGKAST-SO","GMS_DOORVERBINDINGKAST","SO"
"http://digitalbuildingdata.tech/nlcs/def/90634c56-e092-45cc-b780-ca7312438c05","GMS","SKL","V","3645","V-SKL-GMS_GELEIDBAARHEIDSSENSOR-SO","GMS_GELEIDBAARHEIDSSENSOR","SO"
"http://digitalbuildingdata.tech/nlcs/def/e1d4d792-5a83-4f7a-a613-f8c8e812ec57","GMS","SKL","V","3646","V-SKL-GMS_INSTALLATIES_WEERHUT-SO","GMS_INSTALLATIES_WEERHUT","SO"
"http://digitalbuildingdata.tech/nlcs/def/cdc632c8-b4ba-481a-b5d2-82939df50d80","GMS","SKL","V","3647","V-SKL-GMS_MEETSTATION-SO","GMS_MEETSTATION","SO"
"http://digitalbuildingdata.tech/nlcs/def/90ef3782-e36c-4dcd-bde2-83798bfb6b83","GMS","SKL","V","3648","V-SKL-GMS_TEMPERATUURSENSOR-SO","GMS_TEMPERATUURSENSOR","SO"
"http://digitalbuildingdata.tech/nlcs/def/8033b44d-8343-47a6-bb17-3c9bc16ce2f0","KOUDEOPSLAG","SKL","V","3649","V-SKL-KOUDEOPSLAG-SO","KOUDEOPSLAG","SO"
"http://digitalbuildingdata.tech/nlcs/def/f364af6d-e6d6-411d-a04f-784481550ea7","BOOM","SGR","V","365","V-SGR-BOOM_03","BOOM_03",""
"http://digitalbuildingdata.tech/nlcs/def/ae59d819-5df5-485c-ac14-eb7e1271661b","LEIDINGMERKPAAL","SKL","V","3650","V-SKL-LEIDINGMERKPAAL-SO","LEIDINGMERKPAAL","SO"
"http://digitalbuildingdata.tech/nlcs/def/d1589ffd-623e-44c0-89be-66d5b585aee3","MONITORING","SKL","V","3652","V-SKL-MONITORING_CAMERA_SNELHEIDHANDHAVING-SO","MONITORING_CAMERA_SNELHEIDHANDHAVING","SO"
"http://digitalbuildingdata.tech/nlcs/def/46030762-eb4d-49ac-b3d6-be20a2f95165","MONITORING","SKL","V","3653","V-SKL-MONITORING_CAMERA_TILT_PAN-SO","MONITORING_CAMERA_TILT_PAN","SO"
"http://digitalbuildingdata.tech/nlcs/def/d192a37a-60e1-48d1-ae54-794141eab17f","MONITORING","SKL","V","3654","V-SKL-MONITORING_CAMERA_VIDEO-SO","MONITORING_CAMERA_VIDEO","SO"
"http://digitalbuildingdata.tech/nlcs/def/b64f3dd0-bc1e-46be-948e-df2e53cd9b62","MONITORING","SKL","V","3655","V-SKL-MONITORING_HULP_LUSKOPPELMOF-SO","MONITORING_HULP_LUSKOPPELMOF","SO"
"http://digitalbuildingdata.tech/nlcs/def/b949f641-d950-4e80-816f-6db033ed7733","MONITORING","SKL","V","3656","V-SKL-MONITORING_IN UIT_SYSTEEM-SO","MONITORING_IN UIT_SYSTEEM","SO"
"http://digitalbuildingdata.tech/nlcs/def/bf247da7-ccea-4d9c-8c6c-be3cba36646f","MONITORING","SKL","V","3657","V-SKL-MONITORING_MEETPUNT_AARDING-SO","MONITORING_MEETPUNT_AARDING","SO"
"http://digitalbuildingdata.tech/nlcs/def/4a074ab4-67ed-4ddd-add4-42a5e7aeeb72","POMP","SKL","V","3658","V-SKL-POMP-SO","POMP","SO"
"http://digitalbuildingdata.tech/nlcs/def/a1b23a8f-d97d-4d6f-8ec9-6995ae851217","TANK","SKL","V","3659","V-SKL-TANK-SO","TANK","SO"
"http://digitalbuildingdata.tech/nlcs/def/cd6527ae-0b5e-4d2b-8bbf-fa14fbb779a5","BOOM","SGR","V","366","V-SGR-BOOM_04","BOOM_04",""
"http://digitalbuildingdata.tech/nlcs/def/a304b440-6884-4292-b2f9-b0fc47b711b6","TELECOM","SKL","V","3660","V-SKL-TELECOM_TERREINKAST-SO","TELECOM_TERREINKAST","SO"
"http://digitalbuildingdata.tech/nlcs/def/02bda724-34f0-4a07-8771-c8d07b318be9","TELKAST","SKL","V","3661","V-SKL-TELKAST-SO","TELKAST","SO"
"http://digitalbuildingdata.tech/nlcs/def/0722937d-8ee6-4d6a-961c-542c015adfa9","VRI","SKL","V","3662","V-SKL-VRI_PAAL-SO","VRI_PAAL","SO"
"http://digitalbuildingdata.tech/nlcs/def/1a52ebc6-22aa-41ab-9b3f-e5d195f3db62","VRI","SKL","V","3663","V-SKL-VRI_TERREINKAST-SO","VRI_TERREINKAST","SO"
"http://digitalbuildingdata.tech/nlcs/def/8f46a5a8-19ea-4a14-87b1-9e91c8de70aa","WARMTEOPSLAG","SKL","V","3664","V-SKL-WARMTEOPSLAG-SO","WARMTEOPSLAG","SO"
"http://digitalbuildingdata.tech/nlcs/def/14f8a045-a6a9-47fa-9ec5-8c62fcc30b2f","WATERLEIDINGPUT","SKL","V","3665","V-SKL-WATERLEIDINGPUT-SO","WATERLEIDINGPUT","SO"
"http://digitalbuildingdata.tech/nlcs/def/91756e00-6424-406a-8985-d5273110f1a8","WATER","SKL","V","3666","V-SKL-WATER_BRANDHYDRANT-SO","WATER_BRANDHYDRANT","SO"
"http://digitalbuildingdata.tech/nlcs/def/39f33008-4962-4fa2-80f7-72070b398444","WATER","SKL","V","3667","V-SKL-WATER_STRAATPOT-SO","WATER_STRAATPOT","SO"
"http://digitalbuildingdata.tech/nlcs/def/4db5e99f-6dfc-4007-aff8-757938a0632d","WTB","SKL","V","3668","V-SKL-WTB_HULP_AANSLUITPUNT-SO","WTB_HULP_AANSLUITPUNT","SO"
"http://digitalbuildingdata.tech/nlcs/def/2c7dbd29-e6d8-46d5-b17d-d8e99df9dcd4","WTB","SKL","V","3669","V-SKL-WTB_HULP_AFSLUITER-SO","WTB_HULP_AFSLUITER","SO"
"http://digitalbuildingdata.tech/nlcs/def/39407577-e856-4f5f-9b33-5cbff1dfbc07","BOOM","SGR","V","367","V-SGR-BOOM_05","BOOM_05",""
"http://digitalbuildingdata.tech/nlcs/def/0596b255-fb1c-438d-ab6e-9e5c27ff0c6a","WTB","SKL","V","3670","V-SKL-WTB_HULP_AFSLUITER_DRIEWEG-SO","WTB_HULP_AFSLUITER_DRIEWEG","SO"
"http://digitalbuildingdata.tech/nlcs/def/34ffc305-746c-4f6c-b249-8ea98385868a","WTB","SKL","V","3671","V-SKL-WTB_HULP_AFSLUITER_HAAKS-SO","WTB_HULP_AFSLUITER_HAAKS","SO"
"http://digitalbuildingdata.tech/nlcs/def/c9bc899b-338f-43e3-aa70-f176dac663f6","WTB","SKL","V","3672","V-SKL-WTB_HULP_AFSLUITER_HANDB-SO","WTB_HULP_AFSLUITER_HANDB","SO"
"http://digitalbuildingdata.tech/nlcs/def/a13a877d-b0b6-4fd7-8c1b-028300b351be","WTB","SKL","V","3673","V-SKL-WTB_HULP_AFSLUITER_KLEP-SO","WTB_HULP_AFSLUITER_KLEP","SO"
"http://digitalbuildingdata.tech/nlcs/def/518c9ef0-f063-4794-a1c6-1a585734bc90","WTB","SKL","V","3674","V-SKL-WTB_HULP_AFSLUITER_KOGEL-SO","WTB_HULP_AFSLUITER_KOGEL","SO"
"http://digitalbuildingdata.tech/nlcs/def/e9473ed2-f5fe-446c-8737-fcccc3038e3c","WTB","SKL","V","3675","V-SKL-WTB_HULP_AFSLUITER_SPINDEL-SO","WTB_HULP_AFSLUITER_SPINDEL","SO"
"http://digitalbuildingdata.tech/nlcs/def/467e65db-d48b-49d1-83ab-0941f83392fc","WTB","SKL","V","3676","V-SKL-WTB_HULP_ANODE BEDRADING-SO","WTB_HULP_ANODE BEDRADING","SO"
"http://digitalbuildingdata.tech/nlcs/def/6f53d771-12a9-40d9-a0f7-0eee39b35971","WTB","SKL","V","3677","V-SKL-WTB_HULP_BELUCHTING-SO","WTB_HULP_BELUCHTING","SO"
"http://digitalbuildingdata.tech/nlcs/def/ad098b68-eebf-4051-bd26-ed26be75382b","WTB","SKL","V","3678","V-SKL-WTB_HULP_BELUCHTING_ONTLUCHTING-SO","WTB_HULP_BELUCHTING_ONTLUCHTING","SO"
"http://digitalbuildingdata.tech/nlcs/def/8d5ea077-0ccf-4426-8a6b-afab404b7d8e","WTB","SKL","V","3679","V-SKL-WTB_HULP_BOB-SO","WTB_HULP_BOB","SO"
"http://digitalbuildingdata.tech/nlcs/def/b22a4b43-7b13-4c7e-8858-e95c55e1d3e6","BOOM","SGR","V","368","V-SGR-BOOM_06","BOOM_06",""
"http://digitalbuildingdata.tech/nlcs/def/3a3c9ede-f4b7-4160-a13c-e8852aa6f9a6","WTB","SKL","V","3680","V-SKL-WTB_HULP_DEMARCATIE-SO","WTB_HULP_DEMARCATIE","SO"
"http://digitalbuildingdata.tech/nlcs/def/9f01677f-3b06-43d1-9de0-eaac77bb7be9","WTB","SKL","V","3681","V-SKL-WTB_HULP_EINDKAP-SO","WTB_HULP_EINDKAP","SO"
"http://digitalbuildingdata.tech/nlcs/def/34c3843a-5cf6-46cd-9593-3c9ec7357f4d","WTB","SKL","V","3682","V-SKL-WTB_HULP_EXPANSIESTUK-SO","WTB_HULP_EXPANSIESTUK","SO"
"http://digitalbuildingdata.tech/nlcs/def/8c82ef43-f553-4e4f-8aa8-402e4e179e83","WTB","SKL","V","3683","V-SKL-WTB_HULP_EXPANSIESTUK_GOLF-SO","WTB_HULP_EXPANSIESTUK_GOLF","SO"
"http://digitalbuildingdata.tech/nlcs/def/f097927e-8975-4f09-ae47-d6981395d204","WTB","SKL","V","3684","V-SKL-WTB_HULP_EXPANSIESTUK_SCHUIF-SO","WTB_HULP_EXPANSIESTUK_SCHUIF","SO"
"http://digitalbuildingdata.tech/nlcs/def/e76a974c-f03b-48ef-828f-17e1a19ec930","WTB","SKL","V","3685","V-SKL-WTB_HULP_KEERKLEP-SO","WTB_HULP_KEERKLEP","SO"
"http://digitalbuildingdata.tech/nlcs/def/71787b31-3b03-4acf-a275-2dd6b1258af9","WTB","SKL","V","3686","V-SKL-WTB_HULP_LEIDINGMERKPAAL-SO","WTB_HULP_LEIDINGMERKPAAL","SO"
"http://digitalbuildingdata.tech/nlcs/def/f7618045-308b-460a-a30e-89a6d3830a3d","WTB","SKL","V","3687","V-SKL-WTB_HULP_LINT_ANODE_MANTELBUIS-SO","WTB_HULP_LINT_ANODE_MANTELBUIS","SO"
"http://digitalbuildingdata.tech/nlcs/def/c5e4c83b-6247-400a-b33a-eec7538cafa4","WTB","SKL","V","3688","V-SKL-WTB_HULP_MATERIAAL-SO","WTB_HULP_MATERIAAL","SO"
"http://digitalbuildingdata.tech/nlcs/def/55900025-c814-4b43-ae88-f24f5b3ecaa1","WTB","SKL","V","3689","V-SKL-WTB_HULP_METER_DRUK-SO","WTB_HULP_METER_DRUK","SO"
"http://digitalbuildingdata.tech/nlcs/def/b8a9d83b-37c0-4a92-b53f-682130a6f727","BOOM","SGR","V","369","V-SGR-BOOM_07","BOOM_07",""
"http://digitalbuildingdata.tech/nlcs/def/5a2f1dda-a24f-4d06-ab57-a37f8084020b","WTB","SKL","V","3690","V-SKL-WTB_HULP_METER_HOEVEELHEID-SO","WTB_HULP_METER_HOEVEELHEID","SO"
"http://digitalbuildingdata.tech/nlcs/def/d3d7ab90-73de-41c0-993f-aedb99f55ebc","WTB","SKL","V","3691","V-SKL-WTB_HULP_METER_KATHODISCHE BESCHERMING-SO","WTB_HULP_METER_KATHODISCHE BESCHERMING","SO"
"http://digitalbuildingdata.tech/nlcs/def/47e45e46-1067-45d3-bd9e-d03ca4c6705f","WTB","SKL","V","3692","V-SKL-WTB_HULP_ONTLUCHTING-SO","WTB_HULP_ONTLUCHTING","SO"
"http://digitalbuildingdata.tech/nlcs/def/b7650500-401f-4cea-be37-cc99f70f62e3","WTB","SKL","V","3693","V-SKL-WTB_HULP_SCHOONMAAKSTUK-SO","WTB_HULP_SCHOONMAAKSTUK","SO"
"http://digitalbuildingdata.tech/nlcs/def/b7a254fb-6e0b-46fe-bd55-57435ef937e5","WTB","SKL","V","3694","V-SKL-WTB_HULP_SPUIKRAAN-SO","WTB_HULP_SPUIKRAAN","SO"
"http://digitalbuildingdata.tech/nlcs/def/ceb73813-1e37-4518-9c9e-6fc4507d12cb","WTB","SKL","V","3695","V-SKL-WTB_HULP_STROOMRICHTING-SO","WTB_HULP_STROOMRICHTING","SO"
"http://digitalbuildingdata.tech/nlcs/def/4932870e-3a5e-4ab7-85ae-a4144cb99f58","WTB","SKL","V","3696","V-SKL-WTB_HULP_TERREINKAST_GAS-SO","WTB_HULP_TERREINKAST_GAS","SO"
"http://digitalbuildingdata.tech/nlcs/def/c602f49b-bd61-4615-a2fb-73bce9f3698a","WTB","SKL","V","3697","V-SKL-WTB_HULP_TERREINKAST_WATER-SO","WTB_HULP_TERREINKAST_WATER","SO"
"http://digitalbuildingdata.tech/nlcs/def/34983a7e-fc00-485f-8219-6fc59c2cc087","WTB","SKL","V","3698","V-SKL-WTB_HULP_VERLOOPSTUK-SO","WTB_HULP_VERLOOPSTUK","SO"
"http://digitalbuildingdata.tech/nlcs/def/59f09359-7524-4cdc-b79a-c5a22b4908e4","WTB","SKL","V","3699","V-SKL-WTB_HULP_VLINDERKLEP-SO","WTB_HULP_VLINDERKLEP","SO"
"http://digitalbuildingdata.tech/nlcs/def/940dc047-608b-40d5-a913-df09fabe3455","TEKENBLAD","SAL","","37","SAL-TEKENBLAD_A3.0-SO","TEKENBLAD_A3.0","SO"
"http://digitalbuildingdata.tech/nlcs/def/7ed97647-d223-4aed-b2a0-4f425e8819dc","BOOM","SGR","V","370","V-SGR-BOOM_08","BOOM_08",""
"http://digitalbuildingdata.tech/nlcs/def/ac3d57ef-5aa4-4d2b-b53d-8296286644d6","WTB","SKL","V","3700","V-SKL-WTB_INKOOPPUNT-SO","WTB_INKOOPPUNT","SO"
"http://digitalbuildingdata.tech/nlcs/def/698076b4-3f45-426e-80fa-1e810ae8182a","WTB","SKL","V","3701","V-SKL-WTB_KOUDENET_BRONPUT-SO","WTB_KOUDENET_BRONPUT","SO"
"http://digitalbuildingdata.tech/nlcs/def/dcd5fff0-16c5-42b8-8f48-d0d765317a67","WTB","SKL","V","3702","V-SKL-WTB_KOUDENET_PUT-SO","WTB_KOUDENET_PUT","SO"
"http://digitalbuildingdata.tech/nlcs/def/310b6785-59ec-43a6-a908-9443059e0046","WTB","SKL","V","3703","V-SKL-WTB_POMPPUT-SO","WTB_POMPPUT","SO"
"http://digitalbuildingdata.tech/nlcs/def/e1d16474-10e4-42fe-860c-662915862bc7","WTB","SKL","V","3704","V-SKL-WTB_PUT-SO","WTB_PUT","SO"
"http://digitalbuildingdata.tech/nlcs/def/f6b141ac-597d-4e89-897c-d6b72761f7f1","WTB","SKL","V","3705","V-SKL-WTB_WARMTENET_BRONPUT-SO","WTB_WARMTENET_BRONPUT","SO"
"http://digitalbuildingdata.tech/nlcs/def/ba6ebb7d-3a14-4696-9e54-a53b7321a574","WTB","SKL","V","3706","V-SKL-WTB_WARMTENET_PUT-SO","WTB_WARMTENET_PUT","SO"
"http://digitalbuildingdata.tech/nlcs/def/93b4ae8f-7a8c-4d06-8d0b-6c8a0797cdc3","BODEM","SMO","V","3707","V-SMO-BODEM_ASBESTGAT_PEILBUIS-SO","BODEM_ASBESTGAT_PEILBUIS","SO"
"http://digitalbuildingdata.tech/nlcs/def/7407412a-764b-44e2-913e-103e75ca3364","BODEM","SMO","V","3708","V-SMO-BODEM_BORING_HANDMATIG_PEILBUIS_1FILTER-SO","BODEM_BORING_HANDMATIG_PEILBUIS_1FILTER","SO"
"http://digitalbuildingdata.tech/nlcs/def/4af165ae-c720-4bf5-b25e-08716d783bff","BODEM","SMO","V","3709","V-SMO-BODEM_HELLINGMETERBUIS-SO","BODEM_HELLINGMETERBUIS","SO"
"http://digitalbuildingdata.tech/nlcs/def/80c8270f-de5a-473c-9355-174ad106d743","BOOM","SGR","V","371","V-SGR-BOOM_09","BOOM_09",""
"http://digitalbuildingdata.tech/nlcs/def/85a8be20-1ecb-40b8-beb0-c4530621006d","BODEM","SMO","V","3710","V-SMO-BODEM_PEILBUIS_1FILTER-SO","BODEM_PEILBUIS_1FILTER","SO"
"http://digitalbuildingdata.tech/nlcs/def/41df6b70-39ab-4a0f-99c5-c53669c08222","BODEM","SMO","V","3711","V-SMO-BODEM_PEILBUIS_1FILTER_DERDEN-SO","BODEM_PEILBUIS_1FILTER_DERDEN","SO"
"http://digitalbuildingdata.tech/nlcs/def/bcfa20f1-bc6f-4103-a18f-0ad6976d9848","BODEM","SMO","V","3712","V-SMO-BODEM_PEILBUIS_1FILTER_HANDMATIG-SO","BODEM_PEILBUIS_1FILTER_HANDMATIG","SO"
"http://digitalbuildingdata.tech/nlcs/def/85814141-6fbb-457b-a9a7-4b36d38b2a6a","BODEM","SMO","V","3713","V-SMO-BODEM_PEILBUIS_2FILTER-SO","BODEM_PEILBUIS_2FILTER","SO"
"http://digitalbuildingdata.tech/nlcs/def/c4276333-37b8-4920-85c0-ff40f2fbf4f1","BODEM","SMO","V","3714","V-SMO-BODEM_PEILBUIS_2FILTER_DERDEN-SO","BODEM_PEILBUIS_2FILTER_DERDEN","SO"
"http://digitalbuildingdata.tech/nlcs/def/0fed1ad2-d4e6-47a5-98ec-30dd464456d5","BODEM","SMO","V","3715","V-SMO-BODEM_PEILBUIS_3FILTER-SO","BODEM_PEILBUIS_3FILTER","SO"
"http://digitalbuildingdata.tech/nlcs/def/16c5af29-8192-4ae8-8fbc-eda286777e88","BODEM","SMO","V","3716","V-SMO-BODEM_PEILBUIS_3FILTER_DERDEN-SO","BODEM_PEILBUIS_3FILTER_DERDEN","SO"
"http://digitalbuildingdata.tech/nlcs/def/c24fce30-e314-479f-b336-61643623f7e6","BODEM","SMO","V","3717","V-SMO-BODEM_PEILBUIS_MIDIFILTER-SO","BODEM_PEILBUIS_MIDIFILTER","SO"
"http://digitalbuildingdata.tech/nlcs/def/3b121764-433a-4171-9208-10e5a8c25056","BODEM","SMO","V","3718","V-SMO-BODEM_PEILBUIS_MINIFILTER-SO","BODEM_PEILBUIS_MINIFILTER","SO"
"http://digitalbuildingdata.tech/nlcs/def/98143874-2c99-4af8-b70d-86d45aa5e465","BODEM","SMO","V","3719","V-SMO-BODEM_WATERSPANNINGSMETER-SO","BODEM_WATERSPANNINGSMETER","SO"
"http://digitalbuildingdata.tech/nlcs/def/1ca62d73-37ad-4083-8926-b40b54d86759","BOOM","SGR","V","372","V-SGR-BOOM_10","BOOM_10",""
"http://digitalbuildingdata.tech/nlcs/def/044754e6-00f9-462c-b724-9d3745bd3b6b","BODEM","SMO","V","3720","V-SMO-BODEM_ZAKBAAK-SO","BODEM_ZAKBAAK","SO"
"http://digitalbuildingdata.tech/nlcs/def/52b30cb2-75d1-4a9b-9013-80eb8f12c281","BODEM","SMO","V","3721","V-SMO-BODEM_ZAKBAAK_DERDEN-SO","BODEM_ZAKBAAK_DERDEN","SO"
"http://digitalbuildingdata.tech/nlcs/def/67de1cf9-6240-43fa-8c21-f8ab0e9aada6","GRONDWATER","SMO","V","3722","V-SMO-GRONDWATER_FILTER_01-SO","GRONDWATER_FILTER_01","SO"
"http://digitalbuildingdata.tech/nlcs/def/eecce706-a32b-4a4f-a760-dcc37803aabc","GRONDWATER","SMO","V","3723","V-SMO-GRONDWATER_FILTER_02-SO","GRONDWATER_FILTER_02","SO"
"http://digitalbuildingdata.tech/nlcs/def/2027a96e-d57e-485a-8aeb-4a924f9bca6a","AARDING","SOV","","3724","SOV-AARDING-SO","AARDING","SO"
"http://digitalbuildingdata.tech/nlcs/def/e4d69f23-3dab-4b5b-9b88-fa8fd30f4263","AARDING","SOV","","3725","SOV-AARDING_AARDELECTRODE-SO","AARDING_AARDELECTRODE","SO"
"http://digitalbuildingdata.tech/nlcs/def/8e4ee873-f497-4ce6-b882-5f923fd09638","GRONDSPOT","SOV","","3726","SOV-GRONDSPOT-SO","GRONDSPOT","SO"
"http://digitalbuildingdata.tech/nlcs/def/bfa8c5aa-8440-4e4b-8bce-a0b4b4bad216","HULP","SOV","","3727","SOV-HULP_AANSLUITPUNT-SO","HULP_AANSLUITPUNT","SO"
"http://digitalbuildingdata.tech/nlcs/def/0c53b54e-74fd-4cce-873f-74266dd4aed8","HULP","SOV","","3728","SOV-HULP_LAS_COMMUNICATIEKABEL-SO","HULP_LAS_COMMUNICATIEKABEL","SO"
"http://digitalbuildingdata.tech/nlcs/def/632ee0ab-3975-4ab9-ad72-cca4285262ed","HULP","SOV","","3729","SOV-HULP_LAS_SIGNAALGEVERKABEL-SO","HULP_LAS_SIGNAALGEVERKABEL","SO"
"http://digitalbuildingdata.tech/nlcs/def/0805b23c-9847-44b5-ba32-82217c7f1756","BOOM","SGR","V","373","V-SGR-BOOM_11","BOOM_11",""
"http://digitalbuildingdata.tech/nlcs/def/0f3edafe-7576-4de9-9d2c-13293c54b1be","HULP","SOV","","3730","SOV-HULP_MOF-SO","HULP_MOF","SO"
"http://digitalbuildingdata.tech/nlcs/def/9f944223-5abb-45ad-90cc-6b2f50a8dd17","HULP","SOV","","3731","SOV-HULP_MOF_AFDEKMOF-SO","HULP_MOF_AFDEKMOF","SO"
"http://digitalbuildingdata.tech/nlcs/def/c8f33949-f95a-42cb-8954-9fe2b11a2158","HULP","SOV","","3732","SOV-HULP_MOF_AFTAKMOF-SO","HULP_MOF_AFTAKMOF","SO"
"http://digitalbuildingdata.tech/nlcs/def/c9c2d903-b35f-4753-82bb-33c8eb76d73b","HULP","SOV","","3733","SOV-HULP_MOF_EINDMOF-SO","HULP_MOF_EINDMOF","SO"
"http://digitalbuildingdata.tech/nlcs/def/9ffa2646-8e78-426a-948e-19852dd18961","HULP","SOV","","3734","SOV-HULP_MOF_VERBINDINGSMOF-SO","HULP_MOF_VERBINDINGSMOF","SO"
"http://digitalbuildingdata.tech/nlcs/def/3e688c95-86af-4c0f-85a6-9270836d98b5","HULP","SOV","","3735","SOV-HULP_MOF_VERBINDING_AFTAKMOF-SO","HULP_MOF_VERBINDING_AFTAKMOF","SO"
"http://digitalbuildingdata.tech/nlcs/def/70d80bea-9861-43b1-b0ba-f4cf4a221cb1","HULP","SOV","","3736","SOV-HULP_MOF_VERBINDING_HDPE-SO","HULP_MOF_VERBINDING_HDPE","SO"
"http://digitalbuildingdata.tech/nlcs/def/12b0ca7c-dabe-4567-8f3d-641f6ed242ae","HULP","SOV","","3737","SOV-HULP_MOF_VERGROTELUSKOPPELMOF-SO","HULP_MOF_VERGROTELUSKOPPELMOF","SO"
"http://digitalbuildingdata.tech/nlcs/def/c1173691-0fbf-4725-825d-c31f6565b4f7","KABELROL","SOV","","3738","SOV-KABELROL-SO","KABELROL","SO"
"http://digitalbuildingdata.tech/nlcs/def/f6242fb4-d6c7-4dea-9809-d31aa2522f85","LICHTMAST","SOV","","3739","SOV-LICHTMAST-SO","LICHTMAST","SO"
"http://digitalbuildingdata.tech/nlcs/def/9cfc84d7-1e28-4290-8612-27c8ba10fbbc","BOOM","SGR","V","374","V-SGR-BOOM_12","BOOM_12",""
"http://digitalbuildingdata.tech/nlcs/def/fe82fcf7-632e-4a37-bfbb-5208ceaba657","MANTELBUIS","SOV","","3740","SOV-MANTELBUIS","MANTELBUIS",""
"http://digitalbuildingdata.tech/nlcs/def/1a97b090-54a0-4844-bc0f-861cd6b61741","LICHTMAST","SOV","B","3741","B-SOV-LICHTMAST-SO","LICHTMAST","SO"
"http://digitalbuildingdata.tech/nlcs/def/b4a623b7-e914-4589-8a46-7cc71345f676","AARDING","SOV","V","3742","V-SOV-AARDING-SO","SOAARDING","SO"
"http://digitalbuildingdata.tech/nlcs/def/6a1febdb-63e6-445a-98bb-82e1fbb7aef9","AARDING","SOV","V","3743","V-SOV-AARDING_AARDELECTRODE-SO","SOAARDING_AARDELECTRODE","SO"
"http://digitalbuildingdata.tech/nlcs/def/02488cad-6c97-4603-9187-86bcba2329fe","ARMATUUR","SOV","V","3744","V-SOV-ARMATUUR-SO","SOARMATUUR","SO"
"http://digitalbuildingdata.tech/nlcs/def/d8c9d22b-2953-4af9-b276-cb1ed05273bc","ARMATUUR","SOV","V","3745","V-SOV-ARMATUUR_BOLDER-SO","SOARMATUUR_BOLDER","SO"
"http://digitalbuildingdata.tech/nlcs/def/5dad473f-3942-4035-9937-d724979840bc","ARMATUUR","SOV","V","3746","V-SOV-ARMATUUR_COMPACT_FLUOR_1x24W-SO","SOARMATUUR_COMPACT_FLUOR_1x24W","SO"
"http://digitalbuildingdata.tech/nlcs/def/291e8418-8285-4f48-96f6-57e4760fd3a5","ARMATUUR","SOV","V","3747","V-SOV-ARMATUUR_COMPACT_FLUOR_1x36W-SO","SOARMATUUR_COMPACT_FLUOR_1x36W","SO"
"http://digitalbuildingdata.tech/nlcs/def/73d308be-999c-46f4-9988-942db021fc13","ARMATUUR","SOV","V","3748","V-SOV-ARMATUUR_HD_NATRIUM_1x100W-SO","SOARMATUUR_HD_NATRIUM_1x100W","SO"
"http://digitalbuildingdata.tech/nlcs/def/36644d11-44d1-4cae-bef0-eefb45bc7a98","ARMATUUR","SOV","V","3749","V-SOV-ARMATUUR_HD_NATRIUM_1x150W-SO","SOARMATUUR_HD_NATRIUM_1x150W","SO"
"http://digitalbuildingdata.tech/nlcs/def/ea50f580-2f35-4105-b907-ab81c84bb62d","BOOM","SGR","V","375","V-SGR-BOOM_13","BOOM_13",""
"http://digitalbuildingdata.tech/nlcs/def/dfb9c366-7088-45e7-be6c-d41f4457493b","ARMATUUR","SOV","V","3750","V-SOV-ARMATUUR_HD_NATRIUM_1x250W-SO","SOARMATUUR_HD_NATRIUM_1x250W","SO"
"http://digitalbuildingdata.tech/nlcs/def/ffa4c861-77e8-4b1c-a36b-4bcdb30befbb","ARMATUUR","SOV","V","3751","V-SOV-ARMATUUR_HD_NATRIUM_1x400W-SO","SOARMATUUR_HD_NATRIUM_1x400W","SO"
"http://digitalbuildingdata.tech/nlcs/def/3623c274-bfa5-4cde-a52f-939b0406c880","ARMATUUR","SOV","V","3752","V-SOV-ARMATUUR_HD_NATRIUM_1x50W-SO","SOARMATUUR_HD_NATRIUM_1x50W","SO"
"http://digitalbuildingdata.tech/nlcs/def/79c1edfc-5716-4468-b125-8e77fdc2c452","ARMATUUR","SOV","V","3753","V-SOV-ARMATUUR_HD_NATRIUM_1x70W-SO","SOARMATUUR_HD_NATRIUM_1x70W","SO"
"http://digitalbuildingdata.tech/nlcs/def/2af975ce-79af-496c-bf2f-d506c327c8e3","ARMATUUR","SOV","V","3754","V-SOV-ARMATUUR_HD_NATRIUM_1x70W_SPECIAAL-SO","SOARMATUUR_HD_NATRIUM_1x70W_SPECIAAL","SO"
"http://digitalbuildingdata.tech/nlcs/def/30cd2cd8-55f0-44e8-8778-3cdb39536a5d","ARMATUUR","SOV","V","3755","V-SOV-ARMATUUR_HD_NATRIUM_2x100W-SO","SOARMATUUR_HD_NATRIUM_2x100W","SO"
"http://digitalbuildingdata.tech/nlcs/def/cd7bae09-aede-43a0-a30e-590cd3c617d0","ARMATUUR","SOV","V","3756","V-SOV-ARMATUUR_HD_NATRIUM_2x150W-SO","SOARMATUUR_HD_NATRIUM_2x150W","SO"
"http://digitalbuildingdata.tech/nlcs/def/99e30416-c71c-4032-b759-4436f851f55d","ARMATUUR","SOV","V","3757","V-SOV-ARMATUUR_HD_NATRIUM_2x250W-SO","SOARMATUUR_HD_NATRIUM_2x250W","SO"
"http://digitalbuildingdata.tech/nlcs/def/ff9aca3e-578f-47b5-9e16-85a0dfa3c900","ARMATUUR","SOV","V","3758","V-SOV-ARMATUUR_HD_NATRIUM_2x400W-SO","SOARMATUUR_HD_NATRIUM_2x400W","SO"
"http://digitalbuildingdata.tech/nlcs/def/9ecac8a2-67c5-43be-8cb6-9ed31c465045","ARMATUUR","SOV","V","3759","V-SOV-ARMATUUR_HD_NATRIUM_4x100W-SO","SOARMATUUR_HD_NATRIUM_4x100W","SO"
"http://digitalbuildingdata.tech/nlcs/def/3dc0574c-b466-4762-97f0-4536f49250cf","BOOM","SGR","V","376","V-SGR-BOOM_14","BOOM_14",""
"http://digitalbuildingdata.tech/nlcs/def/3704e649-b24c-45a0-abf9-ec773feba9fb","ARMATUUR","SOV","V","3760","V-SOV-ARMATUUR_LD_NATRIUM_1x131W-SO","SOARMATUUR_LD_NATRIUM_1x131W","SO"
"http://digitalbuildingdata.tech/nlcs/def/daa4f00a-1930-48ac-84b5-7bce2dbdea11","ARMATUUR","SOV","V","3761","V-SOV-ARMATUUR_LD_NATRIUM_1x135W-SO","SOARMATUUR_LD_NATRIUM_1x135W","SO"
"http://digitalbuildingdata.tech/nlcs/def/ae3661ba-6a2b-4b2e-9e58-db8d9c727f3e","ARMATUUR","SOV","V","3762","V-SOV-ARMATUUR_LD_NATRIUM_1x135W_TUNNEL-SO","SOARMATUUR_LD_NATRIUM_1x135W_TUNNEL","SO"
"http://digitalbuildingdata.tech/nlcs/def/a02ba01b-663a-4ac6-9fef-a1a2a7fd9994","ARMATUUR","SOV","V","3763","V-SOV-ARMATUUR_LD_NATRIUM_1x180W-SO","SOARMATUUR_LD_NATRIUM_1x180W","SO"
"http://digitalbuildingdata.tech/nlcs/def/2b185510-e629-4dad-9bff-ea33a77791d2","ARMATUUR","SOV","V","3764","V-SOV-ARMATUUR_LD_NATRIUM_1x180W_TUNNEL-SO","SOARMATUUR_LD_NATRIUM_1x180W_TUNNEL","SO"
"http://digitalbuildingdata.tech/nlcs/def/b9482b67-1c9c-4ce9-b8ff-c9390f61ff80","ARMATUUR","SOV","V","3765","V-SOV-ARMATUUR_LD_NATRIUM_1x35W-SO","SOARMATUUR_LD_NATRIUM_1x35W","SO"
"http://digitalbuildingdata.tech/nlcs/def/5f9240bb-9014-4689-9f32-09c9840cf3ba","ARMATUUR","SOV","V","3766","V-SOV-ARMATUUR_LD_NATRIUM_1x35W_TUNNEL-SO","SOARMATUUR_LD_NATRIUM_1x35W_TUNNEL","SO"
"http://digitalbuildingdata.tech/nlcs/def/318b104d-c5c4-4e42-9956-1c6200bdde35","ARMATUUR","SOV","V","3767","V-SOV-ARMATUUR_LD_NATRIUM_1x55W-SO","SOARMATUUR_LD_NATRIUM_1x55W","SO"
"http://digitalbuildingdata.tech/nlcs/def/b3c7cc19-a41d-4287-a1f3-a52658787f46","ARMATUUR","SOV","V","3768","V-SOV-ARMATUUR_LD_NATRIUM_1x55W_TUNNEL-SO","SOARMATUUR_LD_NATRIUM_1x55W_TUNNEL","SO"
"http://digitalbuildingdata.tech/nlcs/def/cf1daf39-aa48-4cd8-8e1f-65574cc1fc68","ARMATUUR","SOV","V","3769","V-SOV-ARMATUUR_LD_NATRIUM_1x90W-SO","SOARMATUUR_LD_NATRIUM_1x90W","SO"
"http://digitalbuildingdata.tech/nlcs/def/85ed3114-7f7c-4dfc-8f21-7bdb56ee289e","BOOM","SGR","V","377","V-SGR-BOOM_15","BOOM_15",""
"http://digitalbuildingdata.tech/nlcs/def/697d3f1b-b771-48c9-a753-ec61a42c197f","ARMATUUR","SOV","V","3770","V-SOV-ARMATUUR_LD_NATRIUM_1x90W_TUNNEL-SO","SOARMATUUR_LD_NATRIUM_1x90W_TUNNEL","SO"
"http://digitalbuildingdata.tech/nlcs/def/a1bab2b6-17e2-4a6b-9cf4-aa4d4542b66c","ARMATUUR","SOV","V","3771","V-SOV-ARMATUUR_LD_NATRIUM_1x91W-SO","SOARMATUUR_LD_NATRIUM_1x91W","SO"
"http://digitalbuildingdata.tech/nlcs/def/e9f6b16d-0a86-4e2d-a60e-010fbe4d29b4","ARMATUUR","SOV","V","3772","V-SOV-ARMATUUR_LD_NATRIUM_1xE18W-SO","SOARMATUUR_LD_NATRIUM_1xE18W","SO"
"http://digitalbuildingdata.tech/nlcs/def/308762b4-0a6e-4575-a62c-9999a0aea7e9","ARMATUUR","SOV","V","3773","V-SOV-ARMATUUR_LD_NATRIUM_1xE26W-SO","SOARMATUUR_LD_NATRIUM_1xE26W","SO"
"http://digitalbuildingdata.tech/nlcs/def/0dd1f570-080c-4a83-9ad3-b39e520b4e6f","ARMATUUR","SOV","V","3774","V-SOV-ARMATUUR_LD_NATRIUM_1xE36W-SO","SOARMATUUR_LD_NATRIUM_1xE36W","SO"
"http://digitalbuildingdata.tech/nlcs/def/e89fd799-2878-48ff-9c0f-39cec30b718c","ARMATUUR","SOV","V","3775","V-SOV-ARMATUUR_LD_NATRIUM_1xE66W-SO","SOARMATUUR_LD_NATRIUM_1xE66W","SO"
"http://digitalbuildingdata.tech/nlcs/def/f3a79940-d49d-4abf-aac0-8abbf53cea37","ARMATUUR","SOV","V","3776","V-SOV-ARMATUUR_LD_NATRIUM_TL_DUBBEL-SO","SOARMATUUR_LD_NATRIUM_TL_DUBBEL","SO"
"http://digitalbuildingdata.tech/nlcs/def/5b5ddce2-93e4-4681-a23e-231be3bb3418","ARMATUUR","SOV","V","3777","V-SOV-ARMATUUR_LD_NATRIUM_TL_ENKEL-SO","SOARMATUUR_LD_NATRIUM_TL_ENKEL","SO"
"http://digitalbuildingdata.tech/nlcs/def/3c2c544a-4e23-427e-8fcc-08dc0a5b320e","ARMATUUR","SOV","V","3778","V-SOV-ARMATUUR_SCHIJNWERPER-SO","SOARMATUUR_SCHIJNWERPER","SO"
"http://digitalbuildingdata.tech/nlcs/def/8d1fa7e4-d84a-4bde-aa17-8eac6e79251f","ARMATUUR","SOV","V","3779","V-SOV-ARMATUUR_SCHIJNWERPER_HD_NATRIUM_1x150W-SO","SOARMATUUR_SCHIJNWERPER_HD_NATRIUM_1x150W","SO"
"http://digitalbuildingdata.tech/nlcs/def/abae293b-84bc-4d10-8b4d-bf39dac2141e","BOOM","SGR","V","378","V-SGR-BOOM_16","BOOM_16",""
"http://digitalbuildingdata.tech/nlcs/def/855406db-22f6-49c5-8559-926cedc4404e","ARMATUUR","SOV","V","3780","V-SOV-ARMATUUR_SCHIJNWERPER_HD_NATRIUM_1x250W-SO","SOARMATUUR_SCHIJNWERPER_HD_NATRIUM_1x250W","SO"
"http://digitalbuildingdata.tech/nlcs/def/7808bf7b-809a-47ca-8896-d828cccd3e34","ARMATUUR","SOV","V","3781","V-SOV-ARMATUUR_SCHIJNWERPER_HD_NATRIUM_1x400W-SO","SOARMATUUR_SCHIJNWERPER_HD_NATRIUM_1x400W","SO"
"http://digitalbuildingdata.tech/nlcs/def/6cfea96c-3f4b-4071-bece-42a4372a1740","ARMATUUR","SOV","V","3782","V-SOV-ARMATUUR_SCHIJNWERPER_HD_NATRIUM_2x400W-SO","SOARMATUUR_SCHIJNWERPER_HD_NATRIUM_2x400W","SO"
"http://digitalbuildingdata.tech/nlcs/def/08e487b2-7313-42a3-ba6d-6998c25e9ad5","ARMATUUR","SOV","V","3783","V-SOV-ARMATUUR_SPECIAAL_1x70W-SO","SOARMATUUR_SPECIAAL_1x70W","SO"
"http://digitalbuildingdata.tech/nlcs/def/061e41d3-3f81-4ef7-bb9c-464b523b7944","ARMATUUR","SOV","V","3784","V-SOV-ARMATUUR_SPOT_01-SO","SOARMATUUR_SPOT_01","SO"
"http://digitalbuildingdata.tech/nlcs/def/aed763ec-08e4-446a-a6de-ca9cfedc6ff2","ARMATUUR","SOV","V","3785","V-SOV-ARMATUUR_SPOT_02-SO","SOARMATUUR_SPOT_02","SO"
"http://digitalbuildingdata.tech/nlcs/def/799a8f46-b03f-4a91-9622-1f2dff39dd2c","ARMATUUR","SOV","V","3786","V-SOV-ARMATUUR_TL_1x58W_TUNNEL-SO","SOARMATUUR_TL_1x58W_TUNNEL","SO"
"http://digitalbuildingdata.tech/nlcs/def/2ee29a1b-5025-4ba2-9c82-e718d8e23c5c","GRONDSPOT","SOV","V","3787","V-SOV-GRONDSPOT-SO","SOGRONDSPOT","SO"
"http://digitalbuildingdata.tech/nlcs/def/cb148341-c28a-4ba4-84ee-e76f3da8af19","HULP","SOV","V","3788","V-SOV-HULP_AANSLUITPUNT-SO","SOHULP_AANSLUITPUNT","SO"
"http://digitalbuildingdata.tech/nlcs/def/4a13b314-b113-4389-87f6-da315ee0ce58","HULP","SOV","V","3789","V-SOV-HULP_LAS_COMMUNICATIEKABEL-SO","SOHULP_LAS_COMMUNICATIEKABEL","SO"
"http://digitalbuildingdata.tech/nlcs/def/19033f29-8c31-4306-902d-a88eca6dcd7c","BOOM","SGR","V","379","V-SGR-BOOM_17","BOOM_17",""
"http://digitalbuildingdata.tech/nlcs/def/d19c689a-c9bf-408c-866a-367fdc4c8688","HULP","SOV","V","3790","V-SOV-HULP_LAS_SIGNAALGEVERKABEL-SO","SOHULP_LAS_SIGNAALGEVERKABEL","SO"
"http://digitalbuildingdata.tech/nlcs/def/fef89703-89d2-4b75-a09c-b3f655cc9620","HULP","SOV","V","3791","V-SOV-HULP_MOF-SO","SOHULP_MOF","SO"
"http://digitalbuildingdata.tech/nlcs/def/95e3d356-b7cc-4e68-8cfe-c7c63effed8c","HULP","SOV","V","3792","V-SOV-HULP_MOF_AFDEKMOF-SO","SOHULP_MOF_AFDEKMOF","SO"
"http://digitalbuildingdata.tech/nlcs/def/5257b7fd-89da-492e-965c-7dbb8f3ac580","HULP","SOV","V","3793","V-SOV-HULP_MOF_AFTAKMOF-SO","SOHULP_MOF_AFTAKMOF","SO"
"http://digitalbuildingdata.tech/nlcs/def/c425c135-4b43-46ee-9621-8949760620e5","HULP","SOV","V","3794","V-SOV-HULP_MOF_EINDMOF-SO","SOHULP_MOF_EINDMOF","SO"
"http://digitalbuildingdata.tech/nlcs/def/71a91383-3cba-423c-be32-0ac094d4183d","HULP","SOV","V","3795","V-SOV-HULP_MOF_VERBINDINGSMOF-SO","SOHULP_MOF_VERBINDINGSMOF","SO"
"http://digitalbuildingdata.tech/nlcs/def/36b5b437-a24b-47bf-90a6-e2a517fe4da7","HULP","SOV","V","3796","V-SOV-HULP_MOF_VERBINDING_AFTAKMOF-SO","SOHULP_MOF_VERBINDING_AFTAKMOF","SO"
"http://digitalbuildingdata.tech/nlcs/def/46b0cc4f-9e3c-4709-b755-0409d1365599","HULP","SOV","V","3797","V-SOV-HULP_MOF_VERBINDING_HDPE-SO","SOHULP_MOF_VERBINDING_HDPE","SO"
"http://digitalbuildingdata.tech/nlcs/def/f460d450-69e0-4aa7-8636-194c7378f811","HULP","SOV","V","3798","V-SOV-HULP_MOF_VERGROTELUSKOPPELMOF-SO","SOHULP_MOF_VERGROTELUSKOPPELMOF","SO"
"http://digitalbuildingdata.tech/nlcs/def/47d80bd0-d09f-43f4-a895-f6d0afb0ff79","KABELROL","SOV","V","3799","V-SOV-KABELROL-SO","SOKABELROL","SO"
"http://digitalbuildingdata.tech/nlcs/def/3ce39843-9857-4a83-9ef0-679c07583462","TEKENBLAD","SAL","","38","SAL-TEKENBLAD_A3.1-SO","TEKENBLAD_A3.1","SO"
"http://digitalbuildingdata.tech/nlcs/def/f2ace33b-ce60-4537-806c-19e738ddb677","BOOM","SGR","V","380","V-SGR-BOOM_18","BOOM_18",""
"http://digitalbuildingdata.tech/nlcs/def/ce081c1c-f9b0-449c-a6a5-548a280c9ef0","KAST","SOV","V","3800","V-SOV-KAST-SO","SOKAST","SO"
"http://digitalbuildingdata.tech/nlcs/def/dc160b60-9cd7-46e2-94da-a665cfe373f3","KAST","SOV","V","3801","V-SOV-KAST_DOORVERBINDINGSKAST-SO","SOKAST_DOORVERBINDINGSKAST","SO"
"http://digitalbuildingdata.tech/nlcs/def/49ac5144-9fab-44ba-9e74-85e356d5e5e7","KAST","SOV","V","3802","V-SOV-KAST_HOOGSPANNING-SO","SOKAST_HOOGSPANNING","SO"
"http://digitalbuildingdata.tech/nlcs/def/6395114b-6246-4efe-8b6f-cfb1acce87fb","KAST","SOV","V","3803","V-SOV-KAST_ONTSTEEKPUNT-SO","SOKAST_ONTSTEEKPUNT","SO"
"http://digitalbuildingdata.tech/nlcs/def/f3f7ad31-1b0d-4f51-a5f6-923237eca799","KAST","SOV","V","3804","V-SOV-KAST_PUTKAST-SO","SOKAST_PUTKAST","SO"
"http://digitalbuildingdata.tech/nlcs/def/bebad6d5-86f5-4b29-9680-14f0a9e88e24","KAST","SOV","V","3805","V-SOV-KAST_SEKTIEKAST-SO","SOKAST_SEKTIEKAST","SO"
"http://digitalbuildingdata.tech/nlcs/def/abd967fb-6588-4c8f-afb2-bb81ae7c9c4b","KAST","SOV","V","3806","V-SOV-KAST_TRANSFORMATORKAST-SO","SOKAST_TRANSFORMATORKAST","SO"
"http://digitalbuildingdata.tech/nlcs/def/f036f995-fcd9-49ee-b0ba-98452804b648","KAST","SOV","V","3807","V-SOV-KAST_VOEDINGSPUNT-SO","SOKAST_VOEDINGSPUNT","SO"
"http://digitalbuildingdata.tech/nlcs/def/d1fd35c4-9ee8-46b6-a18b-35bdb7e5fec5","LICHTMAST","SOV","V","3808","V-SOV-LICHTMAST-SO","SOLICHTMAST","SO"
"http://digitalbuildingdata.tech/nlcs/def/951a33e6-9031-404e-bf03-225d559a30aa","LICHTMAST","SOV","V","3809","V-SOV-LICHTMAST_ALUMINIUM-SO","SOLICHTMAST_ALUMINIUM","SO"
"http://digitalbuildingdata.tech/nlcs/def/e8f15f3b-9b6c-4f2f-8130-4ca7564afaa5","BOOM","SGR","V","381","V-SGR-BOOM_19","BOOM_19",""
"http://digitalbuildingdata.tech/nlcs/def/ffe4322c-cea8-476a-9981-ffc9611163be","LICHTMAST","SOV","V","3810","V-SOV-LICHTMAST_ALUMINIUM_OP VOETPLAAT-SO","SOLICHTMAST_ALUMINIUM_OP VOETPLAAT","SO"
"http://digitalbuildingdata.tech/nlcs/def/43ff9e8d-76bb-4aa3-8d98-bece92dea7a4","LICHTMAST","SOV","V","3811","V-SOV-LICHTMAST_LIJNVERLICHTING_EINDMAST-SO","SOLICHTMAST_LIJNVERLICHTING_EINDMAST","SO"
"http://digitalbuildingdata.tech/nlcs/def/da9166a1-0fc6-4464-9c39-5da06ee9ce85","LICHTMAST","SOV","V","3812","V-SOV-LICHTMAST_LIJNVERLICHTING_EINDMAST OP VOETPLAAT-SO","SOLICHTMAST_LIJNVERLICHTING_EINDMAST OP VOETPLAAT","SO"
"http://digitalbuildingdata.tech/nlcs/def/9150c2dc-bb94-4795-afbc-73d98680bf65","LICHTMAST","SOV","V","3813","V-SOV-LICHTMAST_LIJNVERLICHTING_TUSSENAFSPANMAST-SO","SOLICHTMAST_LIJNVERLICHTING_TUSSENAFSPANMAST","SO"
"http://digitalbuildingdata.tech/nlcs/def/72a0edfa-924c-4f4f-8e31-b51a60357309","LICHTMAST","SOV","V","3814","V-SOV-LICHTMAST_LIJNVERLICHTING_TUSSENAFSPANMAST OP VOETPLAAT-SO","SOLICHTMAST_LIJNVERLICHTING_TUSSENAFSPANMAST OP VOETPLAAT","SO"
"http://digitalbuildingdata.tech/nlcs/def/db6d7b6d-516f-4cd1-a76c-c3a3e20a6e1b","LICHTMAST","SOV","V","3815","V-SOV-LICHTMAST_LIJNVERLICHTING_TUSSENMAST-SO","SOLICHTMAST_LIJNVERLICHTING_TUSSENMAST","SO"
"http://digitalbuildingdata.tech/nlcs/def/483f1e0b-04d5-4187-9cff-b07dbfb50534","LICHTMAST","SOV","V","3816","V-SOV-LICHTMAST_LIJNVERLICHTING_TUSSENMAST OP VOETPLAAT-SO","SOLICHTMAST_LIJNVERLICHTING_TUSSENMAST OP VOETPLAAT","SO"
"http://digitalbuildingdata.tech/nlcs/def/8cec7213-6fe9-4b18-9d05-1d3664783bb2","LICHTMAST","SOV","V","3817","V-SOV-LICHTMAST_STAAL-SO","SOLICHTMAST_STAAL","SO"
"http://digitalbuildingdata.tech/nlcs/def/6b0165c2-f56e-46cf-b07b-7d357e65a99d","LICHTMAST","SOV","V","3818","V-SOV-LICHTMAST_STAAL_MET BETONFUNDERING-SO","SOLICHTMAST_STAAL_MET BETONFUNDERING","SO"
"http://digitalbuildingdata.tech/nlcs/def/3f3c6e6e-04e5-45cc-aa0d-1184bd9dc302","LICHTMAST","SOV","V","3819","V-SOV-LICHTMAST_STAAL_OP BETONPLAAT-SO","SOLICHTMAST_STAAL_OP BETONPLAAT","SO"
"http://digitalbuildingdata.tech/nlcs/def/01de6cda-655d-4e3f-ac45-c514f27e95e7","BOOM","SGR","V","382","V-SGR-BOOM_20","BOOM_20",""
"http://digitalbuildingdata.tech/nlcs/def/68075b8b-f459-4f15-924d-e5b32a04d8d1","LICHTMAST","SOV","V","3820","V-SOV-LICHTMAST_STAAL_OP VOETPLAAT-SO","SOLICHTMAST_STAAL_OP VOETPLAAT","SO"
"http://digitalbuildingdata.tech/nlcs/def/95202643-113a-482c-ae09-01dcd94af48b","MANTELBUIS","SOV","V","3821","V-SOV-MANTELBUIS","SOMANTELBUIS",""
"http://digitalbuildingdata.tech/nlcs/def/5c995ee9-c26b-4f3e-939c-94fc8d7f5ac8","KOLK","SRI","B","3822","B-SRI-KOLK_COMBINATIE_01-SO","KOLK_COMBINATIE_01","SO"
"http://digitalbuildingdata.tech/nlcs/def/b4be848d-61d9-4b22-81b3-42f812fdb449","KOLK","SRI","B","3823","B-SRI-KOLK_COMBINATIE_02-SO","KOLK_COMBINATIE_02","SO"
"http://digitalbuildingdata.tech/nlcs/def/e682ae9a-44d7-4a3f-88f6-cac9934dd29d","KOLK","SRI","B","3824","B-SRI-KOLK_IFILTR_01-SO","KOLK_IFILTR_01","SO"
"http://digitalbuildingdata.tech/nlcs/def/d8edfd1a-fa1e-4966-b917-9a09df01c02a","KOLK","SRI","B","3825","B-SRI-KOLK_IFILTR_02-SO","KOLK_IFILTR_02","SO"
"http://digitalbuildingdata.tech/nlcs/def/f77a37af-c765-4470-b9c1-383e0dedc8db","KOLK","SRI","B","3826","B-SRI-KOLK_RWS_01-SO","KOLK_RWS_01","SO"
"http://digitalbuildingdata.tech/nlcs/def/ffee917e-9f16-442d-b3b2-8eefbc841b78","KOLK","SRI","B","3827","B-SRI-KOLK_RWS_02-SO","KOLK_RWS_02","SO"
"http://digitalbuildingdata.tech/nlcs/def/f2dc2d5f-da1a-43d1-8524-7e09293c4384","KOLK","SRI","B","3828","B-SRI-KOLK_STRAAT-SO","KOLK_STRAAT","SO"
"http://digitalbuildingdata.tech/nlcs/def/12e2a18c-9ed9-444f-96ac-29a934745521","KOLK","SRI","B","3829","B-SRI-KOLK_STRAAT_01-SO","KOLK_STRAAT_01","SO"
"http://digitalbuildingdata.tech/nlcs/def/fb3a3cf2-2293-4139-983d-51c0f3726ed9","BOOM","SGR","V","383","V-SGR-BOOM_21","BOOM_21",""
"http://digitalbuildingdata.tech/nlcs/def/1e8507ad-df55-4b56-aa80-cf4d792e094e","KOLK","SRI","B","3830","B-SRI-KOLK_STRAAT_02-SO","KOLK_STRAAT_02","SO"
"http://digitalbuildingdata.tech/nlcs/def/03d3e990-876a-413d-8cff-172fdc17a7f8","KOLK","SRI","B","3831","B-SRI-KOLK_TROTTOIR_01-SO","KOLK_TROTTOIR_01","SO"
"http://digitalbuildingdata.tech/nlcs/def/984fa7e1-a8e9-45d4-98f0-2cd689e54a62","KOLK","SRI","B","3832","B-SRI-KOLK_TROTTOIR_02-SO","KOLK_TROTTOIR_02","SO"
"http://digitalbuildingdata.tech/nlcs/def/92e5a055-c553-4cfa-9155-4acf043110af","KOLK","SRI","B","3833","B-SRI-KOLK_ZANDVANG_01-SO","KOLK_ZANDVANG_01","SO"
"http://digitalbuildingdata.tech/nlcs/def/ed05d2ed-15c4-4f4a-878e-95bc96c1e6de","KOLK","SRI","B","3834","B-SRI-KOLK_ZANDVANG_02-SO","KOLK_ZANDVANG_02","SO"
"http://digitalbuildingdata.tech/nlcs/def/191c448d-8699-4538-af2a-4072c76cb1dc","PUT","SRI","B","3835","B-SRI-PUT_DRAIN-SO","PUT_DRAIN","SO"
"http://digitalbuildingdata.tech/nlcs/def/29dc9ff0-7f2f-49d9-b6a5-0eb17b72b63f","PUT","SRI","B","3836","B-SRI-PUT_DRAIN_DOORSPUIT-SO","PUT_DRAIN_DOORSPUIT","SO"
"http://digitalbuildingdata.tech/nlcs/def/22af9366-f6db-47d5-87d4-b23450de1008","PUT","SRI","B","3837","B-SRI-PUT_DRAIN_KUNSTSTOF-SO","PUT_DRAIN_KUNSTSTOF","SO"
"http://digitalbuildingdata.tech/nlcs/def/125e6a75-da6d-47f5-bb4c-948db9cb7a75","PUT","SRI","B","3838","B-SRI-PUT_DRAIN_KUNSTSTOF_DOORSPUIT-SO","PUT_DRAIN_KUNSTSTOF_DOORSPUIT","SO"
"http://digitalbuildingdata.tech/nlcs/def/e9bdbf9d-3fb1-47a2-8889-19792fd0ca77","PUT","SRI","","3839","SRI-PUT_DRAIN_KUNSTSTOF-SO","PUT_DRAIN_KUNSTSTOF","SO"
"http://digitalbuildingdata.tech/nlcs/def/03ebddec-a491-4979-8588-55c2e6dad0a2","BOOM","SGR","V","384","V-SGR-BOOM_22","BOOM_22",""
"http://digitalbuildingdata.tech/nlcs/def/a1ac1fc7-73f5-4def-be8d-cab3efc496ac","PUT","SRI","","3840","SRI-PUT_DRAIN_KUNSTSTOF_DOORSPUIT-SO","PUT_DRAIN_KUNSTSTOF_DOORSPUIT","SO"
"http://digitalbuildingdata.tech/nlcs/def/2545d57c-2feb-45ab-8b85-6cdb5e42e999","KOLK","SRI","","3841","SRI-KOLK_COMBINATIE_01-SO","KOLK_COMBINATIE_01","SO"
"http://digitalbuildingdata.tech/nlcs/def/7cd88f47-701e-410c-891b-0efe51202a04","KOLK","SRI","","3842","SRI-KOLK_COMBINATIE_02-SO","KOLK_COMBINATIE_02","SO"
"http://digitalbuildingdata.tech/nlcs/def/eb7dbf5e-a790-4f3e-ad05-f1554c53362b","KOLK","SRI","","3843","SRI-KOLK_IFILTR_01-SO","KOLK_IFILTR_01","SO"
"http://digitalbuildingdata.tech/nlcs/def/72aa7ecf-a603-4a1f-b7d0-8e218a82d42a","KOLK","SRI","","3844","SRI-KOLK_IFILTR_02-SO","KOLK_IFILTR_02","SO"
"http://digitalbuildingdata.tech/nlcs/def/9e6adc5b-9dda-455b-8578-47f9b796b593","KOLK","SRI","","3845","SRI-KOLK_RWS_01-SO","KOLK_RWS_01","SO"
"http://digitalbuildingdata.tech/nlcs/def/86889fde-df35-4a76-9c29-0e961ab605a6","KOLK","SRI","","3846","SRI-KOLK_RWS_02-SO","KOLK_RWS_02","SO"
"http://digitalbuildingdata.tech/nlcs/def/2b93d5a9-1b7b-4350-9521-eb3867636dd4","KOLK","SRI","","3847","SRI-KOLK_STRAAT-SO","KOLK_STRAAT","SO"
"http://digitalbuildingdata.tech/nlcs/def/fa10a01a-e88a-48f3-ab5a-4b5f60d5ee32","KOLK","SRI","","3848","SRI-KOLK_STRAAT_01-SO","KOLK_STRAAT_01","SO"
"http://digitalbuildingdata.tech/nlcs/def/044b96d6-5d7f-4a19-ae03-f73329329cc0","KOLK","SRI","","3849","SRI-KOLK_STRAAT_02-SO","KOLK_STRAAT_02","SO"
"http://digitalbuildingdata.tech/nlcs/def/db545e39-55ee-4962-91f7-24c45af2c0d8","BOOM","SGR","V","385","V-SGR-BOOM_23","BOOM_23",""
"http://digitalbuildingdata.tech/nlcs/def/2f9d870a-6d24-4472-bd80-7587d8b9b72f","KOLK","SRI","","3850","SRI-KOLK_TROTTOIR_01-SO","KOLK_TROTTOIR_01","SO"
"http://digitalbuildingdata.tech/nlcs/def/e086ca37-f5d2-4ae1-bdd3-69372a662ea3","KOLK","SRI","","3851","SRI-KOLK_TROTTOIR_02-SO","KOLK_TROTTOIR_02","SO"
"http://digitalbuildingdata.tech/nlcs/def/42f3533e-042a-4e4c-b5e7-872f90d5a6f4","KOLK","SRI","","3852","SRI-KOLK_ZANDVANG_01-SO","KOLK_ZANDVANG_01","SO"
"http://digitalbuildingdata.tech/nlcs/def/240a7471-ccec-4d2b-90db-383007117ca3","KOLK","SRI","","3853","SRI-KOLK_ZANDVANG_02-SO","KOLK_ZANDVANG_02","SO"
"http://digitalbuildingdata.tech/nlcs/def/c4210be4-ef63-46e4-a06c-7256612a1c0d","PUT","SRI","V","3854","V-SRI-PUT_DRAIN_KUNSTSTOF-SO","PUT_DRAIN_KUNSTSTOF","SO"
"http://digitalbuildingdata.tech/nlcs/def/c1a3412d-98dd-4e53-b98d-6dcb63b95612","PUT","SRI","V","3855","V-SRI-PUT_DRAIN_KUNSTSTOF_DOORSPUIT-SO","PUT_DRAIN_KUNSTSTOF_DOORSPUIT","SO"
"http://digitalbuildingdata.tech/nlcs/def/3e6f0871-c334-4d3d-801c-c073b77337df","HULP","SRI","V","3856","V-SRI-HULP_INLAAT_KOLK-SO","HULP_INLAAT_KOLK","SO"
"http://digitalbuildingdata.tech/nlcs/def/525fca2a-7454-4b90-ad4c-96b1d5dc9ffa","KOLK","SRI","V","3857","V-SRI-KOLK_COMBINATIE_01-SO","KOLK_COMBINATIE_01","SO"
"http://digitalbuildingdata.tech/nlcs/def/8440551a-c64c-4599-b80a-10f0b2ec2fc4","KOLK","SRI","V","3858","V-SRI-KOLK_COMBINATIE_02-SO","KOLK_COMBINATIE_02","SO"
"http://digitalbuildingdata.tech/nlcs/def/a1cdc89e-418d-4791-befc-b47254a62b38","KOLK","SRI","V","3859","V-SRI-KOLK_IFILTR_01-SO","KOLK_IFILTR_01","SO"
"http://digitalbuildingdata.tech/nlcs/def/faa026b5-cc2f-4bc9-975d-10625e7a83db","BOOM","SGR","V","386","V-SGR-BOOM_24","BOOM_24",""
"http://digitalbuildingdata.tech/nlcs/def/2e2b3ce7-b602-477c-9d85-bee70a23309f","KOLK","SRI","V","3860","V-SRI-KOLK_IFILTR_02-SO","KOLK_IFILTR_02","SO"
"http://digitalbuildingdata.tech/nlcs/def/035a3dbe-a4fa-441b-8506-978cf44b3322","KOLK","SRI","V","3861","V-SRI-KOLK_RWS_01-SO","KOLK_RWS_01","SO"
"http://digitalbuildingdata.tech/nlcs/def/d2112110-9e7f-48fb-8113-d1f39e71af4f","KOLK","SRI","V","3862","V-SRI-KOLK_RWS_02-SO","KOLK_RWS_02","SO"
"http://digitalbuildingdata.tech/nlcs/def/a6f521b7-b61f-4a99-b740-d9a460f800bf","KOLK","SRI","V","3863","V-SRI-KOLK_STRAAT-SO","KOLK_STRAAT","SO"
"http://digitalbuildingdata.tech/nlcs/def/a29d5d48-9eb3-4d91-a572-2ce6b2f31380","KOLK","SRI","V","3864","V-SRI-KOLK_STRAAT_01-SO","KOLK_STRAAT_01","SO"
"http://digitalbuildingdata.tech/nlcs/def/7c6ee71b-2393-4f61-92cf-2183ef9664a3","KOLK","SRI","V","3865","V-SRI-KOLK_STRAAT_02-SO","KOLK_STRAAT_02","SO"
"http://digitalbuildingdata.tech/nlcs/def/78cc6d09-642d-48b2-ab50-4fb5f0863905","KOLK","SRI","V","3866","V-SRI-KOLK_TROTTOIR_01-SO","KOLK_TROTTOIR_01","SO"
"http://digitalbuildingdata.tech/nlcs/def/812dec39-0cd7-4b3d-8eb6-25d8412692e5","KOLK","SRI","V","3867","V-SRI-KOLK_TROTTOIR_02-SO","KOLK_TROTTOIR_02","SO"
"http://digitalbuildingdata.tech/nlcs/def/a4388354-859c-467a-b63f-4abf9d145233","KOLK","SRI","V","3868","V-SRI-KOLK_ZANDVANG_01-SO","KOLK_ZANDVANG_01","SO"
"http://digitalbuildingdata.tech/nlcs/def/249e5d19-2df5-4ef6-b5bf-a34727fcbac8","KOLK","SRI","V","3869","V-SRI-KOLK_ZANDVANG_02-SO","KOLK_ZANDVANG_02","SO"
"http://digitalbuildingdata.tech/nlcs/def/96869f24-f7f4-45db-8182-97a9da7aa18b","BOOM","SGR","V","387","V-SGR-BOOM_25","BOOM_25",""
"http://digitalbuildingdata.tech/nlcs/def/4c908fe7-4d1e-466c-8b09-bc0c521db5d4","PUT","SRI","V","3870","V-SRI-PUT_INSPECTIE-SO","PUT_INSPECTIE","SO"
"http://digitalbuildingdata.tech/nlcs/def/be5b067b-64cf-4967-81cb-6f125618b8f5","ASFALT","SVH","","3871","SVH-ASFALT_KL-SO","ASFALT_KL","SO"
"http://digitalbuildingdata.tech/nlcs/def/a407c7de-0ae2-4ed7-832a-a80a95591896","ASFALT","SVH","","3872","SVH-ASFALT_FREESVAK_KL-SO","ASFALT_FREESVAK_KL","SO"
"http://digitalbuildingdata.tech/nlcs/def/e08bd1d5-57f8-4254-8893-237fd7e8981f","BASALTONVERHARDING","SVH","","3873","SVH-BASALTONVERHARDING_KL-SO","BASALTONVERHARDING_KL","SO"
"http://digitalbuildingdata.tech/nlcs/def/0ea23755-284c-4383-84d4-4fcddb398d37","BASALTVERHARDING","SVH","","3874","SVH-BASALTVERHARDING_KL-SO","BASALTVERHARDING_KL","SO"
"http://digitalbuildingdata.tech/nlcs/def/30954cd3-27f0-4c2b-91ed-d6b2f3581ee5","BENTONIET","SVH","","3875","SVH-BENTONIET_KL-SO","BENTONIET_KL","SO"
"http://digitalbuildingdata.tech/nlcs/def/6afcc24c-aa5b-49a5-a5fb-1318b5e4adf9","BESTORTING","SVH","","3876","SVH-BESTORTING_01_KL-SO","BESTORTING_01_KL","SO"
"http://digitalbuildingdata.tech/nlcs/def/8f07c071-0a70-4412-adfd-e9369e9831d5","BESTORTING","SVH","","3877","SVH-BESTORTING_02_KL-SO","BESTORTING_02_KL","SO"
"http://digitalbuildingdata.tech/nlcs/def/aa316e6f-86a9-4b95-945d-9ae0c637f987","BETON","SVH","","3878","SVH-BETON_KL-SO","BETON_KL","SO"
"http://digitalbuildingdata.tech/nlcs/def/abb8cfe0-9dd9-481d-9784-8a5a3b854943","BETON","SVH","","3879","SVH-BETON_GEWAPEND_INSITU_KL-SO","BETON_GEWAPEND_INSITU_KL","SO"
"http://digitalbuildingdata.tech/nlcs/def/e0d62f12-0b75-480d-85da-4e45ba1edf87","BOOM","SGR","V","388","V-SGR-BOOM_26","BOOM_26",""
"http://digitalbuildingdata.tech/nlcs/def/2f7a3389-e36c-463b-9f27-730f64597543","BETON","SVH","","3880","SVH-BETON_ONGEWAPEND_INSITU_01_KL-SO","BETON_ONGEWAPEND_INSITU_01_KL","SO"
"http://digitalbuildingdata.tech/nlcs/def/e98e4679-cdf7-4c3c-921c-6e90eb09e298","BETON","SVH","","3881","SVH-BETON_ONGEWAPEND_INSITU_02_KL-SO","BETON_ONGEWAPEND_INSITU_02_KL","SO"
"http://digitalbuildingdata.tech/nlcs/def/9e51c460-6d4e-4a91-8bfe-ddcddb4bb22a","BETON","SVH","","3882","SVH-BETON_SCHRAAL_KL-SO","BETON_SCHRAAL_KL","SO"
"http://digitalbuildingdata.tech/nlcs/def/7d85417f-c29e-423b-8c64-6b6834b9cd6f","BETON","SVH","","3883","SVH-BETONPLAAT_BLOK_KL-SO","BETONPLAAT_BLOK_KL","SO"
"http://digitalbuildingdata.tech/nlcs/def/084fe3b6-208e-4ff7-9878-32f0180d4a07","BETON","SVH","","3884","SVH-BETONPLAAT_BLOK_RAND_KL-SO","BETONPLAAT_BLOK_RAND_KL","SO"
"http://digitalbuildingdata.tech/nlcs/def/d9377de2-9579-48a5-81ed-e48294dab28d","BETON","SVH","","3885","SVH-BETONPLAAT_HALFST_KL-SO","BETONPLAAT_HALFST_KL","SO"
"http://digitalbuildingdata.tech/nlcs/def/7d38a7f2-1168-4b37-af34-4d28d9f8c696","BOUWWEG","SVH","","3886","SVH-BOUWWEG_KL-SO","BOUWWEG_KL","SO"
"http://digitalbuildingdata.tech/nlcs/def/661603f5-92f2-4299-95df-a5a597d78c4c","COBBLESTONE","SVH","","3887","SVH-COBBLESTONE_KL-SO","COBBLESTONE_KL","SO"
"http://digitalbuildingdata.tech/nlcs/def/fb769465-479a-4a88-be04-6d3d5ea6e9d4","DELTA","SVH","","3888","SVH-DELTA_KL-SO","DELTA_KL","SO"
"http://digitalbuildingdata.tech/nlcs/def/14892992-2ae7-4be4-ae84-cacc4a81054c","FUNDERING","SVH","","3889","SVH-FUNDERING_01_KL-SO","FUNDERING_01_KL","SO"
"http://digitalbuildingdata.tech/nlcs/def/b87a3e58-952e-4a7b-9d0d-ca7488739440","BOOM","SGR","V","389","V-SGR-BOOM_27","BOOM_27",""
"http://digitalbuildingdata.tech/nlcs/def/00b7ea94-c7e0-4ce5-9454-470817f368ac","FUNDERING","SVH","","3890","SVH-FUNDERING_02_KL-SO","FUNDERING_02_KL","SO"
"http://digitalbuildingdata.tech/nlcs/def/a0635415-527e-4f65-9cf6-8c67754ca8b5","FUNDERING","SVH","","3891","SVH-FUNDERING_BIMS_KL-SO","FUNDERING_BIMS_KL","SO"
"http://digitalbuildingdata.tech/nlcs/def/6fe477f6-e9db-466e-9af2-8bff0c1404fc","FUNDERING","SVH","","3892","SVH-FUNDERING_EPS_KL-SO","FUNDERING_EPS_KL","SO"
"http://digitalbuildingdata.tech/nlcs/def/a61e5717-cd7a-41f5-adef-1b17f6a575a9","FUNDERING","SVH","","3893","SVH-FUNDERING_GRANULAAT_KL-SO","FUNDERING_GRANULAAT_KL","SO"
"http://digitalbuildingdata.tech/nlcs/def/8cfd5078-8e7d-4553-a704-d46c8ce34344","FUNDERING","SVH","","3894","SVH-FUNDERING_GRANULAAT_BETON_KL-SO","FUNDERING_GRANULAAT_BETON_KL","SO"
"http://digitalbuildingdata.tech/nlcs/def/b609433e-ed14-46e1-9add-7427e972d0a0","FUNDERING","SVH","","3895","SVH-FUNDERING_GRANULAAT_KLEIKORR_KL-SO","FUNDERING_GRANULAAT_KLEIKORR_KL","SO"
"http://digitalbuildingdata.tech/nlcs/def/5320b245-5aee-40a7-8c3f-a25317472b2f","FUNDERING","SVH","","3896","SVH-FUNDERING_GRANULAAT_LAVA_KL-SO","FUNDERING_GRANULAAT_LAVA_KL","SO"
"http://digitalbuildingdata.tech/nlcs/def/abb05caa-1851-44fc-b7eb-668ef11d2792","FUNDERING","SVH","","3897","SVH-FUNDERING_GRANULAAT_MENG_01_KL-SO","FUNDERING_GRANULAAT_MENG_01_KL","SO"
"http://digitalbuildingdata.tech/nlcs/def/009964d8-d041-4a89-bde8-1b419a0f7c33","FUNDERING","SVH","","3898","SVH-FUNDERING_GRANULAAT_MENG_02_KL-SO","FUNDERING_GRANULAAT_MENG_02_KL","SO"
"http://digitalbuildingdata.tech/nlcs/def/c67b0bb5-1ba7-4482-9f25-7c3adc4623f5","FUNDERING","SVH","","3899","SVH-FUNDERING_GRANULAAT_PUIN_KL-SO","FUNDERING_GRANULAAT_PUIN_KL","SO"
"http://digitalbuildingdata.tech/nlcs/def/a3317390-090c-4266-a814-e2b864513d2b","TEKENBLAD","SAL","","39","SAL-TEKENBLAD_A3.2-SO","TEKENBLAD_A3.2","SO"
"http://digitalbuildingdata.tech/nlcs/def/54949ca5-950b-46dc-9269-95afc350ef95","BOOM","SGR","V","390","V-SGR-BOOM_28","BOOM_28",""
"http://digitalbuildingdata.tech/nlcs/def/4337cc78-e76f-46cd-a04f-e82be169622d","FUNDERING","SVH","","3900","SVH-FUNDERING_GRANULAAT_SINTELS_KL-SO","FUNDERING_GRANULAAT_SINTELS_KL","SO"
"http://digitalbuildingdata.tech/nlcs/def/21a7c455-e725-463d-87a5-bfe924dc8f3e","FUNDERING","SVH","","3901","SVH-FUNDERING_OVERIG_KL-SO","FUNDERING_OVERIG_KL","SO"
"http://digitalbuildingdata.tech/nlcs/def/cdb97b4a-1ec5-444a-acae-3062f6634c63","FUNDERING","SVH","","3902","SVH-FUNDERING_ZAND_KL-SO","FUNDERING_ZAND_KL","SO"
"http://digitalbuildingdata.tech/nlcs/def/916818e1-666b-4e65-9393-373d5d4b35f9","FUNDERING","SVH","","3903","SVH-FUNDERING_ZANDCEMENTSTAB_KL-SO","FUNDERING_ZANDCEMENTSTAB_KL","SO"
"http://digitalbuildingdata.tech/nlcs/def/d8ae9bc2-7996-4948-bbbc-750f7556b272","GEOTEXTIEL","SVH","","3904","SVH-GEOTEXTIEL_KL-SO","GEOTEXTIEL_KL","SO"
"http://digitalbuildingdata.tech/nlcs/def/4722325e-a754-4a5d-9966-73aadf1fb03b","GESLOTEN","SVH","","3905","SVH-GESLOTEN_KL-SO","GESLOTEN_KL","SO"
"http://digitalbuildingdata.tech/nlcs/def/1f1f6385-9d8d-4f58-a25b-3ca3bdcd5c9d","GLAS","SVH","","3906","SVH-GLAS_KL-SO","GLAS_KL","SO"
"http://digitalbuildingdata.tech/nlcs/def/3a5886d1-7f20-41fa-a47f-626c8940b058","GOOT","SVH","","3907","SVH-GOOT_SYMBOOL_KL-SO","GOOT_SYMBOOL_KL","SO"
"http://digitalbuildingdata.tech/nlcs/def/35be3813-11cb-4616-8c27-fa7090bd9f31","GRAS","SVH","","3908","SVH-GRAS_GESTABILISEERD_KL-SO","GRAS_GESTABILISEERD_KL","SO"
"http://digitalbuildingdata.tech/nlcs/def/0918b7b8-9961-4e45-91a1-564bbede36ab","GRASBETONSTEEN","SVH","","3909","SVH-GRASBETONSTEEN_01_KL-SO","GRASBETONSTEEN_01_KL","SO"
"http://digitalbuildingdata.tech/nlcs/def/b52f6abb-ae4d-490f-9aa6-9d27190c70ed","BOOM","SGR","V","391","V-SGR-BOOM_29","BOOM_29",""
"http://digitalbuildingdata.tech/nlcs/def/92a74c34-4f2a-4250-b66e-401fef3804c5","GRASBETONSTEEN","SVH","","3910","SVH-GRASBETONSTEEN_02_KL-SO","GRASBETONSTEEN_02_KL","SO"
"http://digitalbuildingdata.tech/nlcs/def/bd0c8f76-7a35-4fc6-9efb-7d391c73bcba","GRASPLAAT","SVH","","3911","SVH-GRASPLAAT_KL-SO","GRASPLAAT_KL","SO"
"http://digitalbuildingdata.tech/nlcs/def/c15f32d4-96fc-498e-8b53-0567ef968f28","GRASTEGEL","SVH","","3912","SVH-GRASTEGEL_01_KL-SO","GRASTEGEL_01_KL","SO"
"http://digitalbuildingdata.tech/nlcs/def/b098a6cd-83a7-4e19-b411-e666688a4fa6","GRASTEGEL","SVH","","3913","SVH-GRASTEGEL_02_KL-SO","GRASTEGEL_02_KL","SO"
"http://digitalbuildingdata.tech/nlcs/def/8702c8c7-0c5f-45d5-8d65-9495885f6b02","GRASTEGEL","SVH","","3914","SVH-GRASTEGEL_STIP_KL-SO","GRASTEGEL_STIP_KL","SO"
"http://digitalbuildingdata.tech/nlcs/def/dcf217a8-f9d5-4c66-9280-dc49363a8d78","GRAVEL","SVH","","3915","SVH-GRAVEL_KL-SO","GRAVEL_KL","SO"
"http://digitalbuildingdata.tech/nlcs/def/208dc921-3159-465a-b44c-a52010975cc1","GRIND","SVH","","3916","SVH-GRIND_KL-SO","GRIND_KL","SO"
"http://digitalbuildingdata.tech/nlcs/def/978fce3e-8fdc-4dec-98f1-e728cffa3d59","HALFVERHARDING","SVH","","3917","SVH-HALFVERHARDING_01_KL-SO","HALFVERHARDING_01_KL","SO"
"http://digitalbuildingdata.tech/nlcs/def/eac8b9e6-0d08-407e-b5c6-465d7ee4b286","HALFVERHARDING","SVH","","3918","SVH-HALFVERHARDING_02_KL-SO","HALFVERHARDING_02_KL","SO"
"http://digitalbuildingdata.tech/nlcs/def/02643915-7397-434c-9b5b-252a20841d6e","HALFVERHARDING","SVH","","3919","SVH-HALFVERHARDING_GRIND_01_KL-SO","HALFVERHARDING_GRIND_01_KL","SO"
"http://digitalbuildingdata.tech/nlcs/def/d2293c19-bd35-42dd-baf6-3bdab4d084eb","BOOM","SGR","V","392","V-SGR-BOOM_30","BOOM_30",""
"http://digitalbuildingdata.tech/nlcs/def/ad00ec17-9d1f-4925-9d9f-842f832113fd","HALFVERHARDING","SVH","","3920","SVH-HALFVERHARDING_GRIND_02_KL-SO","HALFVERHARDING_GRIND_02_KL","SO"
"http://digitalbuildingdata.tech/nlcs/def/a86f1ca6-90d6-49aa-ab63-03cca8ec5291","HALFVERHARDING","SVH","","3921","SVH-HALFVERHARDING_SCHELPEN_KL-SO","HALFVERHARDING_SCHELPEN_KL","SO"
"http://digitalbuildingdata.tech/nlcs/def/a3d47b1b-4dd8-4a4c-b4dc-b6d1f910abb8","HOUTSNIPPERS","SVH","","3922","SVH-HOUTSNIPPERS_KL-SO","HOUTSNIPPERS_KL","SO"
"http://digitalbuildingdata.tech/nlcs/def/bf425425-b8a7-408a-baaa-47406ad8e320","HSTEEN","SVH","","3923","SVH-HSTEEN_KL-SO","HSTEEN_KL","SO"
"http://digitalbuildingdata.tech/nlcs/def/0a8ff6f6-11b2-4928-93bb-5497cc4b9c48","KALKZANDSTEEN","SVH","","3924","SVH-KALKZANDSTEEN-SO","KALKZANDSTEEN","SO"
"http://digitalbuildingdata.tech/nlcs/def/295e1b3e-4085-48d0-9ab9-801c13168fe2","KALKZANDSTEEN","SVH","","3925","SVH-KALKZANDSTEEN_KL-SO","KALKZANDSTEEN_KL","SO"
"http://digitalbuildingdata.tech/nlcs/def/e14cfb12-ebba-4a33-9279-1a2c0a40203a","METSELWERK","SVH","","3926","SVH-METSELWERK_KL-SO","METSELWERK_KL","SO"
"http://digitalbuildingdata.tech/nlcs/def/329857d5-39be-49f2-9ead-12947a9b167d","NATUURSTEEN","SVH","","3927","SVH-NATUURSTEEN_01_KL-SO","NATUURSTEEN_01_KL","SO"
"http://digitalbuildingdata.tech/nlcs/def/09998341-b4c1-4b8d-9701-81d336859126","NATUURSTEEN","SVH","","3928","SVH-NATUURSTEEN_02_KL-SO","NATUURSTEEN_02_KL","SO"
"http://digitalbuildingdata.tech/nlcs/def/71e33e69-c9a9-41e0-818e-1a8bd488a723","NATUURSTEEN","SVH","","3929","SVH-NATUURSTEEN_KINDERKOP_HALFST_KL-SO","NATUURSTEEN_KINDERKOP_HALFST_KL","SO"
"http://digitalbuildingdata.tech/nlcs/def/1e4c6850-b1c0-4502-9e5e-364c2e791ad5","BOOM","SGR","V","393","V-SGR-BOOM_31","BOOM_31",""
"http://digitalbuildingdata.tech/nlcs/def/cb4ce360-a612-4b4e-bd8e-99d9eddeec8c","NATUURSTEEN","SVH","","3930","SVH-NATUURSTEEN_LOSVERBAND_01_KL-SO","NATUURSTEEN_LOSVERBAND_01_KL","SO"
"http://digitalbuildingdata.tech/nlcs/def/f76dfc56-7ac4-4d87-a972-4f46c91b163f","NATUURSTEEN","SVH","","3931","SVH-NATUURSTEEN_LOSVERBAND_02_KL-SO","NATUURSTEEN_LOSVERBAND_02_KL","SO"
"http://digitalbuildingdata.tech/nlcs/def/1c552b0d-8511-4fd0-8463-52791055f345","PLANKEN","SVH","","3932","SVH-PLANKEN_01_KL-SO","PLANKEN_01_KL","SO"
"http://digitalbuildingdata.tech/nlcs/def/c09d30e7-ed19-4b8b-8c1d-4c2b4d4c712d","PLANKEN","SVH","","3933","SVH-PLANKEN_02_KL-SO","PLANKEN_02_KL","SO"
"http://digitalbuildingdata.tech/nlcs/def/9b0d601e-3b49-4634-af13-22f2cccfd657","PUINVERHARDING","SVH","","3934","SVH-PUINVERHARDING_KL-SO","PUINVERHARDING_KL","SO"
"http://digitalbuildingdata.tech/nlcs/def/6d73fa56-36d1-4e0b-98ca-5034042db9ab","ROOSTER","SVH","","3935","SVH-ROOSTER_KL-SO","ROOSTER_KL","SO"
"http://digitalbuildingdata.tech/nlcs/def/6f004f61-d91d-47c9-9089-dd0bae304e9f","RUBBERTEGEL","SVH","","3936","SVH-RUBBERTEGEL_500X500_HALFST_KL-SO","RUBBERTEGEL_500X500_HALFST_KL","SO"
"http://digitalbuildingdata.tech/nlcs/def/34efa82e-7d94-448f-b4a7-b29af6862bc4","SIERBESTRATING","SVH","","3937","SVH-SIERBESTRATING_01_KL-SO","SIERBESTRATING_01_KL","SO"
"http://digitalbuildingdata.tech/nlcs/def/5e91ca34-14ef-4378-bf2b-7ececaeab40d","SIERBESTRATING","SVH","","3938","SVH-SIERBESTRATING_02_KL-SO","SIERBESTRATING_02_KL","SO"
"http://digitalbuildingdata.tech/nlcs/def/ae970c0d-452d-434a-9a72-d6fb12ca28f7","SIERTEGEL","SVH","","3939","SVH-SIERTEGEL_KL-SO","SIERTEGEL_KL","SO"
"http://digitalbuildingdata.tech/nlcs/def/1218c7b9-c4c7-4103-b675-6dd967049c56","BOOM","SGR","V","394","V-SGR-BOOM_32","BOOM_32",""
"http://digitalbuildingdata.tech/nlcs/def/4c9382fa-3f4c-4baa-bb62-8d8b4678ac23","SPECIAAL","SVH","","3940","SVH-SPECIAAL_01_KL-SO","SPECIAAL_01_KL","SO"
"http://digitalbuildingdata.tech/nlcs/def/45deb205-fbde-4a2c-b4ef-3c948c1eb055","SPECIAAL","SVH","","3941","SVH-SPECIAAL_02_KL-SO","SPECIAAL_02_KL","SO"
"http://digitalbuildingdata.tech/nlcs/def/4d6ba7c2-f316-4adc-b5ad-fa0590da00c8","SPECIAAL","SVH","","3942","SVH-SPECIAAL_OVERIG_01_KL-SO","SPECIAAL_OVERIG_01_KL","SO"
"http://digitalbuildingdata.tech/nlcs/def/988fb0be-1b2c-4480-95f6-5a89a5299cde","SPECIAAL","SVH","","3943","SVH-SPECIAAL_OVERIG_02_KL-SO","SPECIAAL_OVERIG_02_KL","SO"
"http://digitalbuildingdata.tech/nlcs/def/c61effcf-ff87-426b-be61-3b92c7824039","SPECIAAL","SVH","","3944","SVH-SPECIAAL_OVERIG_KOPSHOUT_KL-SO","SPECIAAL_OVERIG_KOPSHOUT_KL","SO"
"http://digitalbuildingdata.tech/nlcs/def/bffeccc1-378d-478d-ac71-5e35e8ab0f96","SPECIAAL","SVH","","3945","SVH-SPECIAAL_OVERIG_LANGSHOUT_KL-SO","SPECIAAL_OVERIG_LANGSHOUT_KL","SO"
"http://digitalbuildingdata.tech/nlcs/def/85fd73ee-35f8-43c2-96dc-200349349368","SPECIAAL","SVH","","3946","SVH-SPECIAAL_OVERIG_TRANENPLAAT_01_KL-SO","SPECIAAL_OVERIG_TRANENPLAAT_01_KL","SO"
"http://digitalbuildingdata.tech/nlcs/def/cf8d66ae-987f-429a-8482-cc9563ffd9ef","SPECIAAL","SVH","","3947","SVH-SPECIAAL_OVERIG_TRANENPLAAT_02_KL-SO","SPECIAAL_OVERIG_TRANENPLAAT_02_KL","SO"
"http://digitalbuildingdata.tech/nlcs/def/b06a4b4c-6315-49e1-846c-975b7ee93053","TEGEL","SVH","","3948","SVH-TEGEL_150X300_DIK_ELLEBOOG_KL-SO","TEGEL_150X300_DIK_ELLEBOOG_KL","SO"
"http://digitalbuildingdata.tech/nlcs/def/c374d3c0-315d-40ad-8739-a0a8b229211b","TEGEL","SVH","","3949","SVH-TEGEL_150X300_DIK_ELLEBOOG_STIP_KL-SO","TEGEL_150X300_DIK_ELLEBOOG_STIP_KL","SO"
"http://digitalbuildingdata.tech/nlcs/def/f142bf1d-149d-42be-9ecf-eae2bf20f91d","BOOM","SGR","V","395","V-SGR-BOOM_33","BOOM_33",""
"http://digitalbuildingdata.tech/nlcs/def/a4eccfac-efb0-4fc2-bb46-6b05c8f2ffa9","TEGEL","SVH","","3950","SVH-TEGEL_150X300_DUN_ELLEBOOG_KL-SO","TEGEL_150X300_DUN_ELLEBOOG_KL","SO"
"http://digitalbuildingdata.tech/nlcs/def/9a437463-e20e-43db-9456-23d74068ee2b","TEGEL","SVH","","3951","SVH-TEGEL_150X300_DUN_ELLEBOOG_STIP_KL-SO","TEGEL_150X300_DUN_ELLEBOOG_STIP_KL","SO"
"http://digitalbuildingdata.tech/nlcs/def/7b290d6c-157b-4a59-bf99-b9514b210c93","TEGEL","SVH","","3952","SVH-TEGEL_300X150_DIK_ELLEBOOG_KL-SO","TEGEL_300X150_DIK_ELLEBOOG_KL","SO"
"http://digitalbuildingdata.tech/nlcs/def/af1c510d-4371-4d59-a03e-b53c7edc80e3","TEGEL","SVH","","3953","SVH-TEGEL_300X150_DIK_ELLEBOOG_STIP_KL-SO","TEGEL_300X150_DIK_ELLEBOOG_STIP_KL","SO"
"http://digitalbuildingdata.tech/nlcs/def/f16bf6ab-402a-4814-9b63-d2aad2176ec3","TEGEL","SVH","","3954","SVH-TEGEL_300X150_DUN_ELLEBOOG_KL-SO","TEGEL_300X150_DUN_ELLEBOOG_KL","SO"
"http://digitalbuildingdata.tech/nlcs/def/7799b437-c206-4fb6-9f4d-5a4fb4648d14","TEGEL","SVH","","3955","SVH-TEGEL_300X150_DUN_ELLEBOOG_STIP_KL-SO","TEGEL_300X150_DUN_ELLEBOOG_STIP_KL","SO"
"http://digitalbuildingdata.tech/nlcs/def/90c16431-b425-467e-8902-cd1ea169ce09","TEGEL","SVH","","3956","SVH-TEGEL_300X300_DIK_HALFST_STIP_KL-SO","TEGEL_300X300_DIK_HALFST_STIP_KL","SO"
"http://digitalbuildingdata.tech/nlcs/def/731f065c-17dc-4ac5-9cdb-e9c3a56c9389","TEGEL","SVH","","3957","SVH-TEGEL_300X300_DIK_LINT_STIP_KL-SO","TEGEL_300X300_DIK_LINT_STIP_KL","SO"
"http://digitalbuildingdata.tech/nlcs/def/fd22b462-8a8c-477e-946f-d9855d5a2e72","TEGEL","SVH","","3958","SVH-TEGEL_300X300_DUN_HALFST_STIP_KL-SO","TEGEL_300X300_DUN_HALFST_STIP_KL","SO"
"http://digitalbuildingdata.tech/nlcs/def/bfcf51fd-f4bc-4e9c-9ab6-2a124b93ede1","TEGEL","SVH","","3959","SVH-TEGEL_300X300_DUN_LINT_STIP_KL-SO","TEGEL_300X300_DUN_LINT_STIP_KL","SO"
"http://digitalbuildingdata.tech/nlcs/def/0f73e254-61a5-4511-94b8-d249e02d6214","BOOM","SGR","V","396","V-SGR-BOOM_34","BOOM_34",""
"http://digitalbuildingdata.tech/nlcs/def/6c8aa774-8988-40f8-ad81-c60d6eca146c","TEGEL","SVH","","3960","SVH-TEGEL_400X400_HALFST_STREEP_KL-SO","TEGEL_400X400_HALFST_STREEP_KL","SO"
"http://digitalbuildingdata.tech/nlcs/def/abdd7af5-f75c-4c66-a32a-b77c243e5b94","TEGEL","SVH","","3961","SVH-TEGEL_500X500_BLOK_KL-SO","TEGEL_500X500_BLOK_KL","SO"
"http://digitalbuildingdata.tech/nlcs/def/9998719c-78e0-4957-a37b-a57d53b09cad","TEGEL","SVH","","3962","SVH-TEGEL_1000X1000_HALFST_KL-SO","TEGEL_1000X1000_HALFST_KL","SO"
"http://digitalbuildingdata.tech/nlcs/def/71023d72-0b89-42b3-8d16-0355cf57dd45","TEGEL","SVH","","3963","SVH-TEGEL_2000X2000_BLOK_KL-SO","TEGEL_2000X2000_BLOK_KL","SO"
"http://digitalbuildingdata.tech/nlcs/def/80787ea0-fbea-4e12-a646-4b3893bfb826","TEGEL","SVH","","3964","SVH-TEGEL_2000X2000_HALFST_KL-SO","TEGEL_2000X2000_HALFST_KL","SO"
"http://digitalbuildingdata.tech/nlcs/def/2af0d8c0-3a8a-4f6c-b357-ee14b35233f4","TEGEL","SVH","","3965","SVH-TEGEL_BLOK_STIP_01_KL-SO","TEGEL_BLOK_STIP_01_KL","SO"
"http://digitalbuildingdata.tech/nlcs/def/6d0c089d-3ce2-4068-a87f-a09fd753d649","TEGEL","SVH","","3966","SVH-TEGEL_BLOK_STIP_02_KL-SO","TEGEL_BLOK_STIP_02_KL","SO"
"http://digitalbuildingdata.tech/nlcs/def/79b5a8c5-6b48-4a93-be90-30c34a21b60b","TEGEL","SVH","","3967","SVH-TEGEL_VARIABEL_HALFST_KL-SO","TEGEL_VARIABEL_HALFST_KL","SO"
"http://digitalbuildingdata.tech/nlcs/def/71590956-5246-45e1-b771-a4b4181283d6","TEGEL","SVH","","3968","SVH-TEGEL_ZESKANT_KL-SO","TEGEL_ZESKANT_KL","SO"
"http://digitalbuildingdata.tech/nlcs/def/c4788b33-aefb-4945-bb1a-567dd140ac4f","ASFALT","SVH","V","3969","V-SVH-ASFALT_KL-SO","ASFALT_KL","SO"
"http://digitalbuildingdata.tech/nlcs/def/d9a3fe41-003c-4bd6-ab8b-5bb43ccbbb2c","BOOM","SGR","V","397","V-SGR-BOOM_35","BOOM_35",""
"http://digitalbuildingdata.tech/nlcs/def/95c37b1b-31c6-47ba-95b8-67eb16d24e15","ASFALT","SVH","V","3970","V-SVH-ASFALT_FREESVAK_KL-SO","ASFALT_FREESVAK_KL","SO"
"http://digitalbuildingdata.tech/nlcs/def/b4c0456b-b466-4ada-b6cb-e07223a67e99","BASALTONVERHARDING","SVH","V","3971","V-SVH-BASALTONVERHARDING_KL-SO","BASALTONVERHARDING_KL","SO"
"http://digitalbuildingdata.tech/nlcs/def/71e6baaf-40bc-4808-8645-5dfe154e387b","BASALTVERHARDING","SVH","V","3972","V-SVH-BASALTVERHARDING_KL-SO","BASALTVERHARDING_KL","SO"
"http://digitalbuildingdata.tech/nlcs/def/98206f00-d260-41d8-a14d-bfa83639a4ae","BENTONIET","SVH","V","3973","V-SVH-BENTONIET_KL-SO","BENTONIET_KL","SO"
"http://digitalbuildingdata.tech/nlcs/def/784f4694-7fbd-4656-a35d-a2eca3091ff0","BESTORTING","SVH","V","3974","V-SVH-BESTORTING_01_KL-SO","BESTORTING_01_KL","SO"
"http://digitalbuildingdata.tech/nlcs/def/eb095cb0-5944-4f76-bc14-62e2da13166b","BESTORTING","SVH","V","3975","V-SVH-BESTORTING_02_KL-SO","BESTORTING_02_KL","SO"
"http://digitalbuildingdata.tech/nlcs/def/cf37ae39-1082-47c5-ad69-fefd364915ac","BETON","SVH","V","3976","V-SVH-BETON_KL-SO","BETON_KL","SO"
"http://digitalbuildingdata.tech/nlcs/def/ae4a1a2b-b20f-47a1-ad46-f5dbaea1936a","BETON","SVH","V","3977","V-SVH-BETON_GEWAPEND_INSITU_KL-SO","BETON_GEWAPEND_INSITU_KL","SO"
"http://digitalbuildingdata.tech/nlcs/def/2bb4531e-9f41-4ebb-8ea3-d614ab0e7f07","BETON","SVH","V","3978","V-SVH-BETON_ONGEWAPEND_INSITU_01_KL-SO","BETON_ONGEWAPEND_INSITU_01_KL","SO"
"http://digitalbuildingdata.tech/nlcs/def/3017eb3c-a493-4129-8454-88a8dda588b5","BETON","SVH","V","3979","V-SVH-BETON_ONGEWAPEND_INSITU_02_KL-SO","BETON_ONGEWAPEND_INSITU_02_KL","SO"
"http://digitalbuildingdata.tech/nlcs/def/af031a14-2189-42c3-8a24-839338468e0f","BOOM","SGR","V","398","V-SGR-BOOM_36","BOOM_36",""
"http://digitalbuildingdata.tech/nlcs/def/d889bd1d-6af5-4dd6-bc61-39d0ab6f4ef3","BETON","SVH","V","3980","V-SVH-BETON_SCHRAAL_KL-SO","BETON_SCHRAAL_KL","SO"
"http://digitalbuildingdata.tech/nlcs/def/f03677bb-0f5d-4de3-9768-0d2f0ed03f35","BETON","SVH","V","3981","V-SVH-BETONPLAAT_BLOK_KL-SO","BETONPLAAT_BLOK_KL","SO"
"http://digitalbuildingdata.tech/nlcs/def/381d1da2-9768-4291-be80-c79ddb46f4ce","BETON","SVH","V","3982","V-SVH-BETONPLAAT_BLOK_RAND_KL-SO","BETONPLAAT_BLOK_RAND_KL","SO"
"http://digitalbuildingdata.tech/nlcs/def/0ecf8b5a-c4a8-4fc2-bae1-8b58344bb455","BETON","SVH","V","3983","V-SVH-BETONPLAAT_HALFST_KL-SO","BETONPLAAT_HALFST_KL","SO"
"http://digitalbuildingdata.tech/nlcs/def/23fb08ec-b6bd-4550-a179-9bb20a10eb13","BOUWWEG","SVH","V","3984","V-SVH-BOUWWEG_KL-SO","BOUWWEG_KL","SO"
"http://digitalbuildingdata.tech/nlcs/def/22b587ed-8f17-4bc6-8681-c5eb50856e6e","COBBLESTONE","SVH","V","3985","V-SVH-COBBLESTONE_KL-SO","COBBLESTONE_KL","SO"
"http://digitalbuildingdata.tech/nlcs/def/c1fe3915-e41f-4307-9031-847a3aba9609","DELTA","SVH","V","3986","V-SVH-DELTA_KL-SO","DELTA_KL","SO"
"http://digitalbuildingdata.tech/nlcs/def/540a84ea-8471-4ccc-b2cd-bbe20a389cd5","FUNDERING","SVH","V","3987","V-SVH-FUNDERING_01_KL-SO","FUNDERING_01_KL","SO"
"http://digitalbuildingdata.tech/nlcs/def/4d245a3d-5bcf-4703-88e3-a6ded60a3c4f","FUNDERING","SVH","V","3988","V-SVH-FUNDERING_02_KL-SO","FUNDERING_02_KL","SO"
"http://digitalbuildingdata.tech/nlcs/def/28ea9bf6-9ce0-451e-960c-22a3c525b103","FUNDERING","SVH","V","3989","V-SVH-FUNDERING_BIMS_KL-SO","FUNDERING_BIMS_KL","SO"
"http://digitalbuildingdata.tech/nlcs/def/972b5b3f-8318-477f-ae15-18ac71f34deb","BOOM","SGR","V","399","V-SGR-BOOM_37","BOOM_37",""
"http://digitalbuildingdata.tech/nlcs/def/4bfb6410-fefa-45ee-9538-787115f25b11","FUNDERING","SVH","V","3990","V-SVH-FUNDERING_EPS_KL-SO","FUNDERING_EPS_KL","SO"
"http://digitalbuildingdata.tech/nlcs/def/6a94c49c-1441-404f-b6d2-239ad5bf888d","FUNDERING","SVH","V","3991","V-SVH-FUNDERING_GRANULAAT_KL-SO","FUNDERING_GRANULAAT_KL","SO"
"http://digitalbuildingdata.tech/nlcs/def/647fde31-a2db-41a7-b679-095dbfd01bce","FUNDERING","SVH","V","3992","V-SVH-FUNDERING_GRANULAAT_BETON_KL-SO","FUNDERING_GRANULAAT_BETON_KL","SO"
"http://digitalbuildingdata.tech/nlcs/def/dbf02d82-8afb-4bd6-9371-fdfcadeb6fdb","FUNDERING","SVH","V","3993","V-SVH-FUNDERING_GRANULAAT_KLEIKORR_KL-SO","FUNDERING_GRANULAAT_KLEIKORR_KL","SO"
"http://digitalbuildingdata.tech/nlcs/def/916e8d0a-b6f3-489b-b423-8fb87685497b","FUNDERING","SVH","V","3994","V-SVH-FUNDERING_GRANULAAT_LAVA_KL-SO","FUNDERING_GRANULAAT_LAVA_KL","SO"
"http://digitalbuildingdata.tech/nlcs/def/c6bae531-c3ab-4a2a-8521-7aa4d97d5fb4","FUNDERING","SVH","V","3995","V-SVH-FUNDERING_GRANULAAT_MENG_01_KL-SO","FUNDERING_GRANULAAT_MENG_01_KL","SO"
"http://digitalbuildingdata.tech/nlcs/def/2f97c9b7-8e17-4b45-8e6b-4897ed07b8b5","FUNDERING","SVH","V","3996","V-SVH-FUNDERING_GRANULAAT_MENG_02_KL-SO","FUNDERING_GRANULAAT_MENG_02_KL","SO"
"http://digitalbuildingdata.tech/nlcs/def/55674233-42d0-47eb-8520-22b85bce0a88","FUNDERING","SVH","V","3997","V-SVH-FUNDERING_GRANULAAT_PUIN_KL-SO","FUNDERING_GRANULAAT_PUIN_KL","SO"
"http://digitalbuildingdata.tech/nlcs/def/e9457237-c5d0-474a-b727-25b658da4588","FUNDERING","SVH","V","3998","V-SVH-FUNDERING_GRANULAAT_SINTELS_KL-SO","FUNDERING_GRANULAAT_SINTELS_KL","SO"
"http://digitalbuildingdata.tech/nlcs/def/0c29fbff-6a72-4071-bcad-5b368c5edf8c","FUNDERING","SVH","V","3999","V-SVH-FUNDERING_OVERIG_KL-SO","FUNDERING_OVERIG_KL","SO"
"http://digitalbuildingdata.tech/nlcs/def/e4092a95-a912-4dcf-b415-813076227248","TEKENBLAD","SAL","","4","SAL-TEKENBLAD_A0_841X1470-SO","TEKENBLAD_A0_841X1470","SO"
"http://digitalbuildingdata.tech/nlcs/def/5a5f54ac-36ae-40ab-befe-8c1495aa9c62","TEKENBLAD","SAL","","40","SAL-TEKENBLAD_A4-SO","TEKENBLAD_A4","SO"
"http://digitalbuildingdata.tech/nlcs/def/91fef84b-1822-459c-b430-3206097aadfc","BOOM","SGR","V","400","V-SGR-BOOM_38","BOOM_38",""
"http://digitalbuildingdata.tech/nlcs/def/1fbce807-11e5-4bd2-b1ba-8e5e4b4d8f42","FUNDERING","SVH","V","4000","V-SVH-FUNDERING_ZAND_KL-SO","FUNDERING_ZAND_KL","SO"
"http://digitalbuildingdata.tech/nlcs/def/46d22235-ad01-4eba-8e02-3abaf11696d3","FUNDERING","SVH","V","4001","V-SVH-FUNDERING_ZANDCEMENTSTAB_KL-SO","FUNDERING_ZANDCEMENTSTAB_KL","SO"
"http://digitalbuildingdata.tech/nlcs/def/63e9ddf2-35e2-4238-af4b-3334b4ae28c3","GEOTEXTIEL","SVH","V","4002","V-SVH-GEOTEXTIEL_KL-SO","GEOTEXTIEL_KL","SO"
"http://digitalbuildingdata.tech/nlcs/def/1e57a41e-8afa-48ab-98ff-697b0cc01ad0","GESLOTEN","SVH","V","4003","V-SVH-GESLOTEN_KL-SO","GESLOTEN_KL","SO"
"http://digitalbuildingdata.tech/nlcs/def/2acf2bd4-7a0f-4780-a94b-7dd275087835","GLAS","SVH","V","4004","V-SVH-GLAS_KL-SO","GLAS_KL","SO"
"http://digitalbuildingdata.tech/nlcs/def/ce1b4aab-b705-4b9c-bb8d-7b1f6afb0aad","GOOT","SVH","V","4005","V-SVH-GOOT_SYMBOOL_KL-SO","GOOT_SYMBOOL_KL","SO"
"http://digitalbuildingdata.tech/nlcs/def/3cd7c9ac-2638-4cca-b3fd-d6a9572150ff","GRAS","SVH","V","4006","V-SVH-GRAS_GESTABILISEERD_KL-SO","GRAS_GESTABILISEERD_KL","SO"
"http://digitalbuildingdata.tech/nlcs/def/38d51ce6-f31a-40a5-9961-35520e87654c","GRASBETONSTEEN","SVH","V","4007","V-SVH-GRASBETONSTEEN_01_KL-SO","GRASBETONSTEEN_01_KL","SO"
"http://digitalbuildingdata.tech/nlcs/def/2c0bcda9-e6df-48f4-ad80-295a7473de1b","GRASBETONSTEEN","SVH","V","4008","V-SVH-GRASBETONSTEEN_02_KL-SO","GRASBETONSTEEN_02_KL","SO"
"http://digitalbuildingdata.tech/nlcs/def/e420d761-bcef-436a-80da-7203d5108147","GRASPLAAT","SVH","V","4009","V-SVH-GRASPLAAT_KL-SO","GRASPLAAT_KL","SO"
"http://digitalbuildingdata.tech/nlcs/def/a65cd8aa-6019-4d28-a677-7f0b971d3634","BOOM","SGR","V","401","V-SGR-BOOM_39","BOOM_39",""
"http://digitalbuildingdata.tech/nlcs/def/427981e1-a84f-4527-a84d-daf47aaa1c48","GRASTEGEL","SVH","V","4010","V-SVH-GRASTEGEL_01_KL-SO","GRASTEGEL_01_KL","SO"
"http://digitalbuildingdata.tech/nlcs/def/239de6c5-ff15-40a1-914f-4635f36fb640","GRASTEGEL","SVH","V","4011","V-SVH-GRASTEGEL_02_KL-SO","GRASTEGEL_02_KL","SO"
"http://digitalbuildingdata.tech/nlcs/def/ade903f5-7778-4a84-8f8c-303e19483e55","GRASTEGEL","SVH","V","4012","V-SVH-GRASTEGEL_STIP_KL-SO","GRASTEGEL_STIP_KL","SO"
"http://digitalbuildingdata.tech/nlcs/def/1a640e59-2500-4db4-90aa-96d596924eb0","GRAVEL","SVH","V","4013","V-SVH-GRAVEL_KL-SO","GRAVEL_KL","SO"
"http://digitalbuildingdata.tech/nlcs/def/2657f8fc-aae8-441b-a13c-ded8a1d9a88d","GRIND","SVH","V","4014","V-SVH-GRIND_KL-SO","GRIND_KL","SO"
"http://digitalbuildingdata.tech/nlcs/def/1b928947-2b0a-448c-8a13-d6775e57185b","HALFVERHARDING","SVH","V","4015","V-SVH-HALFVERHARDING_01_KL-SO","HALFVERHARDING_01_KL","SO"
"http://digitalbuildingdata.tech/nlcs/def/48e7286d-3f80-418b-8959-08359b518c31","HALFVERHARDING","SVH","V","4016","V-SVH-HALFVERHARDING_02_KL-SO","HALFVERHARDING_02_KL","SO"
"http://digitalbuildingdata.tech/nlcs/def/4d440f22-390f-4f04-aedf-45fbeb0caff1","HALFVERHARDING","SVH","V","4017","V-SVH-HALFVERHARDING_GRIND_01_KL-SO","HALFVERHARDING_GRIND_01_KL","SO"
"http://digitalbuildingdata.tech/nlcs/def/d7e4893c-2a21-44e9-b61e-6177a2c68701","HALFVERHARDING","SVH","V","4018","V-SVH-HALFVERHARDING_GRIND_02_KL-SO","HALFVERHARDING_GRIND_02_KL","SO"
"http://digitalbuildingdata.tech/nlcs/def/9cf2ab7d-b70b-4d02-9abe-53511fd9e940","HALFVERHARDING","SVH","V","4019","V-SVH-HALFVERHARDING_SCHELPEN_KL-SO","HALFVERHARDING_SCHELPEN_KL","SO"
"http://digitalbuildingdata.tech/nlcs/def/7a8be940-39c7-4f8a-8c00-09a8b0d42669","BOOM","SGR","V","402","V-SGR-BOOM_40","BOOM_40",""
"http://digitalbuildingdata.tech/nlcs/def/1cf8a7c4-792c-41e1-a760-55f724f74273","HOUTSNIPPERS","SVH","V","4020","V-SVH-HOUTSNIPPERS_KL-SO","HOUTSNIPPERS_KL","SO"
"http://digitalbuildingdata.tech/nlcs/def/a648e47e-43ac-4d1f-a880-96c5938a00fc","HSTEEN","SVH","V","4021","V-SVH-HSTEEN_KL-SO","HSTEEN_KL","SO"
"http://digitalbuildingdata.tech/nlcs/def/a067e5fd-45f4-498d-bdcc-e162fa21d768","KALKZANDSTEEN","SVH","V","4022","V-SVH-KALKZANDSTEEN-SO","KALKZANDSTEEN","SO"
"http://digitalbuildingdata.tech/nlcs/def/74a0909b-0c72-43c8-bec6-36fea52f1597","KALKZANDSTEEN","SVH","V","4023","V-SVH-KALKZANDSTEEN_KL-SO","KALKZANDSTEEN_KL","SO"
"http://digitalbuildingdata.tech/nlcs/def/6bcbd521-19bd-4f2c-97fa-3414f3211fce","METSELWERK","SVH","V","4024","V-SVH-METSELWERK_KL-SO","METSELWERK_KL","SO"
"http://digitalbuildingdata.tech/nlcs/def/028746b0-1979-47fd-9e8c-b016450e51ae","NATUURSTEEN","SVH","V","4025","V-SVH-NATUURSTEEN_01_KL-SO","NATUURSTEEN_01_KL","SO"
"http://digitalbuildingdata.tech/nlcs/def/fdfe232f-116c-4818-b4e0-2c84e7618297","NATUURSTEEN","SVH","V","4026","V-SVH-NATUURSTEEN_02_KL-SO","NATUURSTEEN_02_KL","SO"
"http://digitalbuildingdata.tech/nlcs/def/3f821434-8acc-4adb-b2fb-b8133171d477","NATUURSTEEN","SVH","V","4027","V-SVH-NATUURSTEEN_KINDERKOP_HALFST_KL-SO","NATUURSTEEN_KINDERKOP_HALFST_KL","SO"
"http://digitalbuildingdata.tech/nlcs/def/fc642cfa-77c6-49d3-b100-a3f789afa385","NATUURSTEEN","SVH","V","4028","V-SVH-NATUURSTEEN_LOSVERBAND_01_KL-SO","NATUURSTEEN_LOSVERBAND_01_KL","SO"
"http://digitalbuildingdata.tech/nlcs/def/abdc9a2f-804c-440f-86f8-1383294b456b","NATUURSTEEN","SVH","V","4029","V-SVH-NATUURSTEEN_LOSVERBAND_02_KL-SO","NATUURSTEEN_LOSVERBAND_02_KL","SO"
"http://digitalbuildingdata.tech/nlcs/def/671e058c-063b-4c8a-987e-2f5f7db56e37","BOOM","SGR","V","403","V-SGR-BOOM_41","BOOM_41",""
"http://digitalbuildingdata.tech/nlcs/def/b2869891-b42c-43bd-9e15-f908a80e371b","PLANKEN","SVH","V","4030","V-SVH-PLANKEN_01_KL-SO","PLANKEN_01_KL","SO"
"http://digitalbuildingdata.tech/nlcs/def/6601a870-bb9f-4784-965a-5e8d463de788","PLANKEN","SVH","V","4031","V-SVH-PLANKEN_02_KL-SO","PLANKEN_02_KL","SO"
"http://digitalbuildingdata.tech/nlcs/def/6926ced1-57e0-4b60-b812-b114ce7c585b","PUINVERHARDING","SVH","V","4032","V-SVH-PUINVERHARDING_KL-SO","PUINVERHARDING_KL","SO"
"http://digitalbuildingdata.tech/nlcs/def/b6f2d4dd-4fb9-4022-80f7-7d3a55b61071","ROOSTER","SVH","V","4033","V-SVH-ROOSTER_KL-SO","ROOSTER_KL","SO"
"http://digitalbuildingdata.tech/nlcs/def/ae44a249-19b1-41b6-96e0-fea85da80972","RUBBERTEGEL","SVH","V","4034","V-SVH-RUBBERTEGEL_500X500_HALFST_KL-SO","RUBBERTEGEL_500X500_HALFST_KL","SO"
"http://digitalbuildingdata.tech/nlcs/def/2e3bf258-17fb-41ce-8412-8557f460426c","SBS","SVH","V","4035","V-SVH-SBS_DIKFORMAAT_BLOK-SO","SBS_DIKFORMAAT_BLOK","SO"
"http://digitalbuildingdata.tech/nlcs/def/e123f33c-8cd7-406c-a27a-b876a6742140","SBS","SVH","V","4036","V-SVH-SBS_DIKFORMAAT_BLOK_KL-SO","SBS_DIKFORMAAT_BLOK_KL","SO"
"http://digitalbuildingdata.tech/nlcs/def/51337539-97ad-43bb-8262-a037652f400c","SIERBESTRATING","SVH","V","4037","V-SVH-SIERBESTRATING_01_KL-SO","SIERBESTRATING_01_KL","SO"
"http://digitalbuildingdata.tech/nlcs/def/8e25e624-16ef-48ee-a268-b696d9eadf78","SIERBESTRATING","SVH","V","4038","V-SVH-SIERBESTRATING_02_KL-SO","SIERBESTRATING_02_KL","SO"
"http://digitalbuildingdata.tech/nlcs/def/9b12095a-ae79-49ba-9cb6-eced177b6993","SIERTEGEL","SVH","V","4039","V-SVH-SIERTEGEL_KL-SO","SIERTEGEL_KL","SO"
"http://digitalbuildingdata.tech/nlcs/def/d4ef8343-1f97-4e41-839b-cfcd1a3975e5","BOOM","SGR","V","404","V-SGR-BOOM_GBKN-SO","BOOM_GBKN","SO"
"http://digitalbuildingdata.tech/nlcs/def/a170ca94-4258-4bb6-889e-05c0331b11a0","SPECIAAL","SVH","V","4040","V-SVH-SPECIAAL_01_KL-SO","SPECIAAL_01_KL","SO"
"http://digitalbuildingdata.tech/nlcs/def/1502d808-9f75-415c-8f64-3a3afb3989a4","SPECIAAL","SVH","V","4041","V-SVH-SPECIAAL_02_KL-SO","SPECIAAL_02_KL","SO"
"http://digitalbuildingdata.tech/nlcs/def/e6cdecd6-7636-4ba3-98b6-7b74e8142b9a","SPECIAAL","SVH","V","4042","V-SVH-SPECIAAL_OVERIG_01_KL-SO","SPECIAAL_OVERIG_01_KL","SO"
"http://digitalbuildingdata.tech/nlcs/def/6a010aa2-7fa1-48cf-b593-916dfbfb692a","SPECIAAL","SVH","V","4043","V-SVH-SPECIAAL_OVERIG_02_KL-SO","SPECIAAL_OVERIG_02_KL","SO"
"http://digitalbuildingdata.tech/nlcs/def/ff8d5dc7-613f-4931-90ff-8041f9a57b2b","SPECIAAL","SVH","V","4044","V-SVH-SPECIAAL_OVERIG_KOPSHOUT_KL-SO","SPECIAAL_OVERIG_KOPSHOUT_KL","SO"
"http://digitalbuildingdata.tech/nlcs/def/57c72f17-2948-4939-ab28-8521cdf26494","SPECIAAL","SVH","V","4045","V-SVH-SPECIAAL_OVERIG_LANGSHOUT_KL-SO","SPECIAAL_OVERIG_LANGSHOUT_KL","SO"
"http://digitalbuildingdata.tech/nlcs/def/9d7261ee-f03d-4aa4-9f27-4e172bd8a4e5","SPECIAAL","SVH","V","4046","V-SVH-SPECIAAL_OVERIG_TRANENPLAAT_01_KL-SO","SPECIAAL_OVERIG_TRANENPLAAT_01_KL","SO"
"http://digitalbuildingdata.tech/nlcs/def/5efc86b1-be4d-46a2-a9f9-e470275effaf","SPECIAAL","SVH","V","4047","V-SVH-SPECIAAL_OVERIG_TRANENPLAAT_02_KL-SO","SPECIAAL_OVERIG_TRANENPLAAT_02_KL","SO"
"http://digitalbuildingdata.tech/nlcs/def/96d28e74-478f-4c46-83f7-98d75014b1ea","TEGEL","SVH","V","4048","V-SVH-TEGEL_150X300_DIK_ELLEBOOG_KL-SO","TEGEL_150X300_DIK_ELLEBOOG_KL","SO"
"http://digitalbuildingdata.tech/nlcs/def/d2ec215a-8295-42cb-b37c-64338cff8fce","TEGEL","SVH","V","4049","V-SVH-TEGEL_150X300_DIK_ELLEBOOG_STIP_KL-SO","TEGEL_150X300_DIK_ELLEBOOG_STIP_KL","SO"
"http://digitalbuildingdata.tech/nlcs/def/40d01327-8ab0-4606-805f-8cf893642b34","BOOM","SGR","V","405","V-SGR-BOOM_KROON-SO","BOOM_KROON","SO"
"http://digitalbuildingdata.tech/nlcs/def/b6434a4d-a9aa-47fd-920b-50f4811bf7fc","TEGEL","SVH","V","4050","V-SVH-TEGEL_150X300_DUN_ELLEBOOG_KL-SO","TEGEL_150X300_DUN_ELLEBOOG_KL","SO"
"http://digitalbuildingdata.tech/nlcs/def/eec03fdb-c0dc-42ac-962c-970eaafb163d","TEGEL","SVH","V","4051","V-SVH-TEGEL_150X300_DUN_ELLEBOOG_STIP_KL-SO","TEGEL_150X300_DUN_ELLEBOOG_STIP_KL","SO"
"http://digitalbuildingdata.tech/nlcs/def/2fa0687c-070d-4791-9cf6-bd957c31071b","TEGEL","SVH","V","4052","V-SVH-TEGEL_300X150_DIK_ELLEBOOG_KL-SO","TEGEL_300X150_DIK_ELLEBOOG_KL","SO"
"http://digitalbuildingdata.tech/nlcs/def/3750064f-e71f-4571-a35b-d6badf061256","TEGEL","SVH","V","4053","V-SVH-TEGEL_300X150_DIK_ELLEBOOG_STIP_KL-SO","TEGEL_300X150_DIK_ELLEBOOG_STIP_KL","SO"
"http://digitalbuildingdata.tech/nlcs/def/a872c01f-af56-4ca0-8400-010b026b5133","TEGEL","SVH","V","4054","V-SVH-TEGEL_300X150_DUN_ELLEBOOG_KL-SO","TEGEL_300X150_DUN_ELLEBOOG_KL","SO"
"http://digitalbuildingdata.tech/nlcs/def/5f5a6a01-aad7-4d29-a9d6-69723b523b49","TEGEL","SVH","V","4055","V-SVH-TEGEL_300X150_DUN_ELLEBOOG_STIP_KL-SO","TEGEL_300X150_DUN_ELLEBOOG_STIP_KL","SO"
"http://digitalbuildingdata.tech/nlcs/def/98c9dda8-312d-48f3-bb57-d02e79a0c141","TEGEL","SVH","V","4056","V-SVH-TEGEL_300X300_DIK_HALFST_STIP_KL-SO","TEGEL_300X300_DIK_HALFST_STIP_KL","SO"
"http://digitalbuildingdata.tech/nlcs/def/24ee1a12-7f2e-4237-9904-3bf2b7bb9cee","TEGEL","SVH","V","4057","V-SVH-TEGEL_300X300_DIK_LINT_STIP_KL-SO","TEGEL_300X300_DIK_LINT_STIP_KL","SO"
"http://digitalbuildingdata.tech/nlcs/def/ca9b6ac6-b8e2-41c2-8a8e-fb104e45087c","TEGEL","SVH","V","4058","V-SVH-TEGEL_300X300_DUN_HALFST_STIP_KL-SO","TEGEL_300X300_DUN_HALFST_STIP_KL","SO"
"http://digitalbuildingdata.tech/nlcs/def/e09d54f3-9bde-4e2a-9630-aded65545158","TEGEL","SVH","V","4059","V-SVH-TEGEL_300X300_DUN_LINT_STIP_KL-SO","TEGEL_300X300_DUN_LINT_STIP_KL","SO"
"http://digitalbuildingdata.tech/nlcs/def/83a1f267-444b-4b74-8db6-72d39abec5ca","BOOM","SGR","V","406","V-SGR-BOOM_STAM-SO","BOOM_STAM","SO"
"http://digitalbuildingdata.tech/nlcs/def/035145b2-87c2-4dd5-a7e6-136402a97d9d","TEGEL","SVH","V","4060","V-SVH-TEGEL_400X400_HALFST_STREEP_KL-SO","TEGEL_400X400_HALFST_STREEP_KL","SO"
"http://digitalbuildingdata.tech/nlcs/def/417c058e-7c4a-4978-96dc-d6ac02643912","TEGEL","SVH","V","4061","V-SVH-TEGEL_500X500_BLOK_KL-SO","TEGEL_500X500_BLOK_KL","SO"
"http://digitalbuildingdata.tech/nlcs/def/1cb6ff8b-bdac-4266-8089-ae06715a827d","TEGEL","SVH","V","4062","V-SVH-TEGEL_1000X1000_HALFST_KL-SO","TEGEL_1000X1000_HALFST_KL","SO"
"http://digitalbuildingdata.tech/nlcs/def/f69a06f7-4089-4331-be0a-91605edacc55","TEGEL","SVH","V","4063","V-SVH-TEGEL_2000X2000_BLOK_KL-SO","TEGEL_2000X2000_BLOK_KL","SO"
"http://digitalbuildingdata.tech/nlcs/def/dcd9490e-07b4-450a-818e-e7fc2bed06f1","TEGEL","SVH","V","4064","V-SVH-TEGEL_2000X2000_HALFST_KL-SO","TEGEL_2000X2000_HALFST_KL","SO"
"http://digitalbuildingdata.tech/nlcs/def/704186f7-165f-419e-a6a3-24e58f0bc00b","TEGEL","SVH","V","4065","V-SVH-TEGEL_BLOK_STIP_01_KL-SO","TEGEL_BLOK_STIP_01_KL","SO"
"http://digitalbuildingdata.tech/nlcs/def/150b528c-eb8c-4240-b4f4-474a4b67b228","TEGEL","SVH","V","4066","V-SVH-TEGEL_BLOK_STIP_02_KL-SO","TEGEL_BLOK_STIP_02_KL","SO"
"http://digitalbuildingdata.tech/nlcs/def/5a9a6051-e0a8-4094-afb7-80651dbf9b15","TEGEL","SVH","V","4067","V-SVH-TEGEL_VARIABEL_HALFST_KL-SO","TEGEL_VARIABEL_HALFST_KL","SO"
"http://digitalbuildingdata.tech/nlcs/def/ac6d2102-c202-4a40-b0d3-9dffefcccb6b","TEGEL","SVH","V","4068","V-SVH-TEGEL_ZESKANT_KL-SO","TEGEL_ZESKANT_KL","SO"
"http://digitalbuildingdata.tech/nlcs/def/2bf24aa5-5f47-48dc-9b18-61c23d26d78f","MARKERING","SVW","","4069","SVW-MARKERING_SYMBOOL_60_4.0","MARKERING_SYMBOOL_60_4.0",""
"http://digitalbuildingdata.tech/nlcs/def/56ebd117-cc9c-4c0a-b144-19d1e00af890","BOOM","SGR","V","407","V-SGR-BOOM_VERPLANTEN_KROON-SO","BOOM_VERPLANTEN_KROON","SO"
"http://digitalbuildingdata.tech/nlcs/def/8bda0e05-1020-4581-a598-f3fc85ce7217","MARKERING","SVW","V","4070","V-SVW-MARKERING_SYMBOOL_60_4.0","MARKERING_SYMBOOL_60_4.0",""
"http://digitalbuildingdata.tech/nlcs/def/107f76e0-0781-4f02-bfb2-4cb06b7ec35a","MARKERING","SVW","","4071","SVW-MARKERING_SYMBOOL_SCHOOLZONE_EINDE_1.6","MARKERING_SYMBOOL_SCHOOLZONE_EINDE_1.6",""
"http://digitalbuildingdata.tech/nlcs/def/fc70686c-3b82-42b6-8342-931365b60ffb","MARKERING","SVW","V","4072","V-SVW-MARKERING_SYMBOOL_SCHOOLZONE_EINDE_1.6","MARKERING_SYMBOOL_SCHOOLZONE_EINDE_1.6",""
"http://digitalbuildingdata.tech/nlcs/def/7dd12a23-76d1-4899-98cd-d4f4a249641f","MARKERING","SVW","","4073","SVW-MARKERING_STREEP_050050_020","MARKERING_STREEP_050050_020",""
"http://digitalbuildingdata.tech/nlcs/def/8913f55b-313a-4cd6-8702-0e8dd12dca0c","MARKERING","SVW","V","4074","V-SVW-MARKERING_STREEP_050050_020","MARKERING_STREEP_050050_020",""
"http://digitalbuildingdata.tech/nlcs/def/5a73a6b6-0181-421b-9efe-17ddd02f93bf","MARKERING","SVW","","4075","SVW-MARKERING_STREEP_13_015","MARKERING_STREEP_13_015",""
"http://digitalbuildingdata.tech/nlcs/def/da050380-d9d8-4937-aec4-bd4390ad6bf6","MARKERING","SVW","V","4076","V-SVW-MARKERING_STREEP_13_015","MARKERING_STREEP_13_015",""
"http://digitalbuildingdata.tech/nlcs/def/6cedd1cb-09f2-47fb-b055-bf0ed26dde38","MARKERING","SVW","","4077","SVW-MARKERING_STREEP_270030_015","MARKERING_STREEP_270030_015",""
"http://digitalbuildingdata.tech/nlcs/def/7c301e3f-dd31-4e08-8276-4ae4cbcf875e","MARKERING","SVW","V","4078","V-SVW-MARKERING_STREEP_270030_015","MARKERING_STREEP_270030_015",""
"http://digitalbuildingdata.tech/nlcs/def/d2e7381b-0662-4340-9cdb-04fe2ecdb7a0","MARKERING","SVW","","4079","SVW-MARKERING_STREEP_030270_015","MARKERING_STREEP_030270_015",""
"http://digitalbuildingdata.tech/nlcs/def/facd1666-26d8-4e8d-8e00-e6b0a03b475f","BOOM","SGR","V","408","V-SGR-BOOM_VERPLANTEN_STAM-SO","BOOM_VERPLANTEN_STAM","SO"
"http://digitalbuildingdata.tech/nlcs/def/823cd085-cbe4-4964-9473-830a398fbc1f","MARKERING","SVW","V","4080","V-SVW-MARKERING_STREEP_030270_015","MARKERING_STREEP_030270_015",""
"http://digitalbuildingdata.tech/nlcs/def/58262983-0d42-4793-a8b6-030d2e0f38f3","MARKERING","SVW","","4081","SVW-MARKERING_STREEP_91_010","MARKERING_STREEP_91_010",""
"http://digitalbuildingdata.tech/nlcs/def/c237f9f4-b85f-44b6-afce-4311d80ddc1f","MARKERING","SVW","V","4082","V-SVW-MARKERING_STREEP_91_010","MARKERING_STREEP_91_010",""
"http://digitalbuildingdata.tech/nlcs/def/4537c937-2e9c-4d92-9f98-8d3863adb1fe","MARKERING","SVW","","4083","SVW-MARKERING_STREEP_91_030","MARKERING_STREEP_91_030",""
"http://digitalbuildingdata.tech/nlcs/def/250aac29-6e7c-43f0-93b5-caf90e2a0f26","MARKERING","SVW","V","4084","V-SVW-MARKERING_STREEP_91_030","MARKERING_STREEP_91_030",""
"http://digitalbuildingdata.tech/nlcs/def/bdddad35-fb62-49d1-8f42-40e267cd52e0","VERKEERSSPIEGEL","SVW","V","4085","V-SVW-VERKEERSSPIEGEL-SO","VERKEERSSPIEGEL","SO"
"http://digitalbuildingdata.tech/nlcs/def/94750920-be8f-4f7c-8cd1-298d52ed05b3","VERKEERSSPIEGEL","SVW","V","4086","V-SVW-VERKEERSSPIEGEL_DRAAGCONSTRUCTIE-SO","VERKEERSSPIEGEL_DRAAGCONSTRUCTIE","SO"
"http://digitalbuildingdata.tech/nlcs/def/cb2f53a7-2748-4f0c-9a13-32aa3a81b53d","VERKEERSTEKEN","SVW","V","4087","V-SVW-VERKEERSTEKEN_BORD_ANWB-SO","VERKEERSTEKEN_BORD_ANWB","SO"
"http://digitalbuildingdata.tech/nlcs/def/55d3a28d-fba4-4d09-b2d3-f0e36e76668c","VERKEERSTEKEN","SVW","V","4088","V-SVW-VERKEERSTEKEN_BORD_ANWB_ENKEL-SO","VERKEERSTEKEN_BORD_ANWB_ENKEL","SO"
"http://digitalbuildingdata.tech/nlcs/def/7f1c3a99-364e-4184-8406-c0d1e443d5a3","VERKEERSTEKEN","SVW","V","4089","V-SVW-VERKEERSTEKEN_BORD_INFORMATIE-SO","VERKEERSTEKEN_BORD_INFORMATIE","SO"
"http://digitalbuildingdata.tech/nlcs/def/1f56bc94-b635-4220-9cef-64bc0408c625","BOS","SGR","V","409","V-SGR-BOS_GEMENGD-SO","BOS_GEMENGD","SO"
"http://digitalbuildingdata.tech/nlcs/def/6055e50f-6ac1-43e0-a350-a0b7842516a7","VERKEERSTEKEN","SVW","V","4090","V-SVW-VERKEERSTEKEN_BORD_PIJLBAK-SO","VERKEERSTEKEN_BORD_PIJLBAK","SO"
"http://digitalbuildingdata.tech/nlcs/def/a5a1db8e-811c-4902-ae2e-b49b3c20b369","VERKEERSTEKEN","SVW","V","4091","V-SVW-VERKEERSTEKEN_BORD_PLAATSNAAM-SO","VERKEERSTEKEN_BORD_PLAATSNAAM","SO"
"http://digitalbuildingdata.tech/nlcs/def/c683ea6b-5428-4dbe-a3cf-daf055475980","VERKEERSTEKEN","SVW","V","4092","V-SVW-VERKEERSTEKEN_BORD_STRAATNAAM-SO","VERKEERSTEKEN_BORD_STRAATNAAM","SO"
"http://digitalbuildingdata.tech/nlcs/def/3dd51305-af70-481c-900a-3a6e0537a1ef","VERKEERSTEKEN","SVW","V","4093","V-SVW-VERKEERSTEKEN_DRAAGCONSTRUCTIE_MAST-SO","VERKEERSTEKEN_DRAAGCONSTRUCTIE_MAST","SO"
"http://digitalbuildingdata.tech/nlcs/def/e0ac7256-97f7-423f-bceb-c6a3bbdbc124","VERKEERSTEKEN","SVW","V","4094","V-SVW-VERKEERSTEKEN_DRAAGCONSTRUCTIE_MAST_COMBI-SO","VERKEERSTEKEN_DRAAGCONSTRUCTIE_MAST_COMBI","SO"
"http://digitalbuildingdata.tech/nlcs/def/2c21a475-eec4-4267-abd3-7fe7c58ebf42","VERKEERSTEKEN","SVW","V","4095","V-SVW-VERKEERSTEKEN_DRAAGCONSTRUCTIE_PORTAAL_PANEELDUBBELERICHTING-SO","VERKEERSTEKEN_DRAAGCONSTRUCTIE_PORTAAL_PANEELDUBBELERICHTING","SO"
"http://digitalbuildingdata.tech/nlcs/def/2951d754-6620-4fa5-8a83-b9cfdd9bb829","VERKEERSTEKEN","SVW","V","4096","V-SVW-VERKEERSTEKEN_DRAAGCONSTRUCTIE_PORTAAL_PANEELENKELERICHTING-SO","VERKEERSTEKEN_DRAAGCONSTRUCTIE_PORTAAL_PANEELENKELERICHTING","SO"
"http://digitalbuildingdata.tech/nlcs/def/527f39d1-0c47-4992-bc02-4a9611c55d69","VERKEERSTEKEN","SVW","V","4097","V-SVW-VERKEERSTEKEN_DRAAGCONSTRUCTIE_UITHOUDER_TWEEZIJDIG-SO","VERKEERSTEKEN_DRAAGCONSTRUCTIE_UITHOUDER_TWEEZIJDIG","SO"
"http://digitalbuildingdata.tech/nlcs/def/4fa57880-5642-470f-baf1-360a54e50d79","VERKEERSTEKEN","SVW","V","4098","V-SVW-VERKEERSTEKEN_DRAAGCONSTRUCTIE_VERKEERSBORD_VERLICHTING-SO","VERKEERSTEKEN_DRAAGCONSTRUCTIE_VERKEERSBORD_VERLICHTING","SO"
"http://digitalbuildingdata.tech/nlcs/def/cd8ee22e-49ad-44c2-a620-9ba54d008f00","VERKEERSTEKEN","SVW","V","4099","V-SVW-VERKEERSTEKEN_VERKEERSZUIL-SO","VERKEERSTEKEN_VERKEERSZUIL","SO"
"http://digitalbuildingdata.tech/nlcs/def/3af20e0c-0fb9-441c-b0da-acf170a8c49e","TEKENBLAD","SAL","","41","SAL-TEKENBLAD_A4_LIGGEND-SO","TEKENBLAD_A4_LIGGEND","SO"
"http://digitalbuildingdata.tech/nlcs/def/a568bcb1-4357-4214-924b-9ed40f82e0ff","BOS","SGR","V","410","V-SGR-BOS_LOOF-SO","BOS_LOOF","SO"
"http://digitalbuildingdata.tech/nlcs/def/d638d4ff-edba-42e3-95f8-e684e905aef3","MEUBILAIR","SIE","","4100","SIE-MEUBILAIR_BAK-SO","MEUBILAIR_BAK","SO"
"http://digitalbuildingdata.tech/nlcs/def/60d98e87-8072-4f96-9fd4-04e8a1357ee8","MEUBILAIR","SIE","","4101","SIE-MEUBILAIR_BORD_DSI-SO","MEUBILAIR_BORD_DSI","SO"
"http://digitalbuildingdata.tech/nlcs/def/8420b969-fed6-4691-b59d-44cf357cbeae","MEUBILAIR","SIE","","4102","SIE-MEUBILAIR_BORD_INFORMATIE-SO","MEUBILAIR_BORD_INFORMATIE","SO"
"http://digitalbuildingdata.tech/nlcs/def/1474c5fe-f8c4-4dd1-97fb-c03f14f12287","MEUBILAIR","SIE","","4103","SIE-MEUBILAIR_BORD_LOCATIEPAAL-SO","MEUBILAIR_BORD_LOCATIEPAAL","SO"
"http://digitalbuildingdata.tech/nlcs/def/096f0bb9-73bf-4e7d-9b5b-1449d42181f4","MEUBILAIR","SIE","","4104","SIE-MEUBILAIR_BORD_PLAATSNAAM-SO","MEUBILAIR_BORD_PLAATSNAAM","SO"
"http://digitalbuildingdata.tech/nlcs/def/d230271a-a2b7-45bb-9913-b93fa4cb4e0e","MEUBILAIR","SIE","","4105","SIE-MEUBILAIR_BORD_RECLAME-SO","MEUBILAIR_BORD_RECLAME","SO"
"http://digitalbuildingdata.tech/nlcs/def/9bdbd74b-557e-4aee-a5c1-8baeb1734195","MEUBILAIR","SIE","","4106","SIE-MEUBILAIR_BORD_SCHEEPVAARTVERKEER-SO","MEUBILAIR_BORD_SCHEEPVAARTVERKEER","SO"
"http://digitalbuildingdata.tech/nlcs/def/c0903241-104a-4c28-b8f7-4ad1d5972fb8","MEUBILAIR","SIE","","4107","SIE-MEUBILAIR_BORD-SO","MEUBILAIR_BORD","SO"
"http://digitalbuildingdata.tech/nlcs/def/ea8cdb7c-1c2e-483d-96a8-b5b1c89663fa","MEUBILAIR","SIE","","4108","SIE-MEUBILAIR_BORD_STRAATNAAM-SO","MEUBILAIR_BORD_STRAATNAAM","SO"
"http://digitalbuildingdata.tech/nlcs/def/75e198d5-fec1-441e-825b-7dcc3114164a","MEUBILAIR","SIE","","4109","SIE-MEUBILAIR_BORD_VERKEER-SO","MEUBILAIR_BORD_VERKEER","SO"
"http://digitalbuildingdata.tech/nlcs/def/12249108-d6cb-4483-aa16-ab98e8d81837","BOS","SGR","V","411","V-SGR-BOS_NAALD-SO","BOS_NAALD","SO"
"http://digitalbuildingdata.tech/nlcs/def/6e30560f-ff77-41c1-aa80-0477f28a79f9","MEUBILAIR","SIE","","4110","SIE-MEUBILAIR_BORD_WAARSCHUWINGSHEK-SO","MEUBILAIR_BORD_WAARSCHUWINGSHEK","SO"
"http://digitalbuildingdata.tech/nlcs/def/8ae41f1c-51a0-477d-ae0a-23eeded92f1f","MEUBILAIR","SIE","","4111","SIE-MEUBILAIR_BORD_WEGWIJZER-SO","MEUBILAIR_BORD_WEGWIJZER","SO"
"http://digitalbuildingdata.tech/nlcs/def/4a7b07de-5f6d-42a2-be4a-002552635f3b","MEUBILAIR","SIE","","4112","SIE-MEUBILAIR_KAST_CAI-SO","MEUBILAIR_KAST_CAI","SO"
"http://digitalbuildingdata.tech/nlcs/def/c66b6697-627f-487c-b407-40f16037f356","MEUBILAIR","SIE","","4113","SIE-MEUBILAIR_KAST_ELEKTRA-SO","MEUBILAIR_KAST_ELEKTRA","SO"
"http://digitalbuildingdata.tech/nlcs/def/d8fcd67e-1c12-4950-9fba-4d17717f683b","MEUBILAIR","SIE","","4114","SIE-MEUBILAIR_KAST_GAS-SO","MEUBILAIR_KAST_GAS","SO"
"http://digitalbuildingdata.tech/nlcs/def/9737c05c-4c8e-4e37-9e30-80583e1b27f7","MEUBILAIR","SIE","","4115","SIE-MEUBILAIR_KAST_GMS-SO","MEUBILAIR_KAST_GMS","SO"
"http://digitalbuildingdata.tech/nlcs/def/3274a680-b2fc-43fa-9098-f2e649e80f87","MEUBILAIR","SIE","","4116","SIE-MEUBILAIR_KAST_OV-SO","MEUBILAIR_KAST_OV","SO"
"http://digitalbuildingdata.tech/nlcs/def/912439e8-fbb4-4111-8990-908acfd3e705","MEUBILAIR","SIE","","4117","SIE-MEUBILAIR_KAST_RIOOL-SO","MEUBILAIR_KAST_RIOOL","SO"
"http://digitalbuildingdata.tech/nlcs/def/a9ebde74-30c2-434b-b20c-3ac32131b6c9","MEUBILAIR","SIE","","4118","SIE-MEUBILAIR_KAST_TEL-SO","MEUBILAIR_KAST_TEL","SO"
"http://digitalbuildingdata.tech/nlcs/def/5e451870-ae02-4086-b658-922b8b02aff3","MEUBILAIR","SIE","","4119","SIE-MEUBILAIR_KAST_TELECOM-SO","MEUBILAIR_KAST_TELECOM","SO"
"http://digitalbuildingdata.tech/nlcs/def/c77c3b9b-baec-477a-9bcf-a55a01660ee3","BOS","SGR","V","412","V-SGR-BOS-SO","BOS","SO"
"http://digitalbuildingdata.tech/nlcs/def/2b469795-84fb-4f38-82bd-144af721bbeb","MEUBILAIR","SIE","","4120","SIE-MEUBILAIR_KAST_VRI-SO","MEUBILAIR_KAST_VRI","SO"
"http://digitalbuildingdata.tech/nlcs/def/df1d164c-1d28-4459-8cb0-265ae1a0a1d8","MEUBILAIR","SIE","","4121","SIE-MEUBILAIR_KAST-SO","MEUBILAIR_KAST","SO"
"http://digitalbuildingdata.tech/nlcs/def/19b62171-4d60-4682-b4fe-e958c31888b2","MEUBILAIR","SIE","","4122","SIE-MEUBILAIR_MAST_BOVENLEIDING-SO","MEUBILAIR_MAST_BOVENLEIDING","SO"
"http://digitalbuildingdata.tech/nlcs/def/2c0f3e59-ce22-4efe-a7c3-8db1e72fb923","MEUBILAIR","SIE","","4123","SIE-MEUBILAIR_MAST_LAAGSPANNING-SO","MEUBILAIR_MAST_LAAGSPANNING","SO"
"http://digitalbuildingdata.tech/nlcs/def/654c4328-4b9f-4e49-8ae4-8152aa5f6c4b","MEUBILAIR","SIE","","4124","SIE-MEUBILAIR_MAST_RADAR-SO","MEUBILAIR_MAST_RADAR","SO"
"http://digitalbuildingdata.tech/nlcs/def/28f78ba6-b580-482a-a192-036a80ec7152","MEUBILAIR","SIE","","4125","SIE-MEUBILAIR_MAST_STRAALZENDER-SO","MEUBILAIR_MAST_STRAALZENDER","SO"
"http://digitalbuildingdata.tech/nlcs/def/560b552b-c343-478a-a508-6ef73f62df3d","MEUBILAIR","SIE","","4126","SIE-MEUBILAIR_MAST_ZEND-SO","MEUBILAIR_MAST_ZEND","SO"
"http://digitalbuildingdata.tech/nlcs/def/f01d8ca5-2502-452c-b5f6-eb36022fcd53","MEUBILAIR","SIE","","4127","SIE-MEUBILAIR_MAST-SO","MEUBILAIR_MAST","SO"
"http://digitalbuildingdata.tech/nlcs/def/c2c1b8df-7595-4105-8e6d-e4f930c0dd82","MEUBILAIR","SIE","","4128","SIE-MEUBILAIR_PAAL_AFSLUITPAAL-SO","MEUBILAIR_PAAL_AFSLUITPAAL","SO"
"http://digitalbuildingdata.tech/nlcs/def/0a089e9d-2cab-4ae9-9f76-226e240d14d4","MEUBILAIR","SIE","","4129","SIE-MEUBILAIR_PAAL_DIJKPAAL-SO","MEUBILAIR_PAAL_DIJKPAAL","SO"
"http://digitalbuildingdata.tech/nlcs/def/ac8e8f2f-65eb-44dc-8ed0-01731d74a532","BOS","SGR","V","413","V-SGR-BOSPLANTSOEN-SO","BOSPLANTSOEN","SO"
"http://digitalbuildingdata.tech/nlcs/def/7ac37bea-2efb-428a-9576-cb880a5ec2f5","MEUBILAIR","SIE","","4130","SIE-MEUBILAIR_PAAL_DRUKKNOPPAAL-SO","MEUBILAIR_PAAL_DRUKKNOPPAAL","SO"
"http://digitalbuildingdata.tech/nlcs/def/9d2ee072-17e2-4e48-9309-e8da06e0a4fd","MEUBILAIR","SIE","","4131","SIE-MEUBILAIR_PAAL_GRENSMARKERING-SO","MEUBILAIR_PAAL_GRENSMARKERING","SO"
"http://digitalbuildingdata.tech/nlcs/def/5a84a703-c5e4-4635-a057-c4198927c86d","MEUBILAIR","SIE","","4132","SIE-MEUBILAIR_PAAL_HALTEPAAL-SO","MEUBILAIR_PAAL_HALTEPAAL","SO"
"http://digitalbuildingdata.tech/nlcs/def/373ecdc4-bbcb-4195-9003-b67f0000c842","MEUBILAIR","SIE","","4133","SIE-MEUBILAIR_PAAL_HECTOMETER-SO","MEUBILAIR_PAAL_HECTOMETER","SO"
"http://digitalbuildingdata.tech/nlcs/def/ec1e5f19-60ae-4ab9-842f-becc8ec6da3c","MEUBILAIR","SIE","","4134","SIE-MEUBILAIR_PAAL_LICHTMAST-SO","MEUBILAIR_PAAL_LICHTMAST","SO"
"http://digitalbuildingdata.tech/nlcs/def/f4497588-36cf-4ad8-8b70-2b660082e597","MEUBILAIR","SIE","","4135","SIE-MEUBILAIR_PAAL_POLLER-SO","MEUBILAIR_PAAL_POLLER","SO"
"http://digitalbuildingdata.tech/nlcs/def/5d6b3ab9-db7c-4082-a335-b28a89283e09","MEUBILAIR","SIE","","4136","SIE-MEUBILAIR_PAAL_PORTAAL-SO","MEUBILAIR_PAAL_PORTAAL","SO"
"http://digitalbuildingdata.tech/nlcs/def/6e2840b4-c42f-4ca0-be5b-b2fdc016d3e2","MEUBILAIR","SIE","","4137","SIE-MEUBILAIR_PAAL_PRAATPAAL-SO","MEUBILAIR_PAAL_PRAATPAAL","SO"
"http://digitalbuildingdata.tech/nlcs/def/b98af38b-dd3d-4a22-aa59-4638e50efcf7","MEUBILAIR","SIE","","4138","SIE-MEUBILAIR_PAAL_SIRENE-SO","MEUBILAIR_PAAL_SIRENE","SO"
"http://digitalbuildingdata.tech/nlcs/def/55c36f1a-88bc-442e-bd48-5029624e580e","MEUBILAIR","SIE","","4139","SIE-MEUBILAIR_PAAL_TEL-SO","MEUBILAIR_PAAL_TEL","SO"
"http://digitalbuildingdata.tech/nlcs/def/db1ce118-51d2-42cb-b327-f7c63d1d7840","CONIFEER","SGR","V","414","V-SGR-CONIFEER","CONIFEER",""
"http://digitalbuildingdata.tech/nlcs/def/f6655f89-91be-4e1e-9fd2-bd40f5b40fe1","MEUBILAIR","SIE","","4140","SIE-MEUBILAIR_PAAL_VERKEERSBORD-SO","MEUBILAIR_PAAL_VERKEERSBORD","SO"
"http://digitalbuildingdata.tech/nlcs/def/b456bfda-3e0d-40c3-b98d-159cff7dff17","MEUBILAIR","SIE","","4141","SIE-MEUBILAIR_PAAL_VLAGGENMAST-SO","MEUBILAIR_PAAL_VLAGGENMAST","SO"
"http://digitalbuildingdata.tech/nlcs/def/eae5014c-4486-4e4f-bb83-60e69fe4b7b8","MEUBILAIR","SIE","","4142","SIE-MEUBILAIR_PAAL_VRI-SO","MEUBILAIR_PAAL_VRI","SO"
"http://digitalbuildingdata.tech/nlcs/def/6e1a79ae-0421-4841-b87b-4027485ff576","MEUBILAIR","SIE","","4143","SIE-MEUBILAIR_PAAL-SO","MEUBILAIR_PAAL","SO"
"http://digitalbuildingdata.tech/nlcs/def/7ce06641-a775-4091-a1ae-3699c506cd2b","MEUBILAIR","SIE","","4144","SIE-MEUBILAIR_PUT_BRANDKRAAN-SO","MEUBILAIR_PUT_BRANDKRAAN","SO"
"http://digitalbuildingdata.tech/nlcs/def/6c54ffc3-8066-48fb-9d7d-372eee929126","MEUBILAIR","SIE","","4145","SIE-MEUBILAIR_PUT_BRANDSTOFPUT-SO","MEUBILAIR_PUT_BRANDSTOFPUT","SO"
"http://digitalbuildingdata.tech/nlcs/def/5c6561c2-84d2-40bf-aec4-9310b4774982","MEUBILAIR","SIE","","4146","SIE-MEUBILAIR_PUT_DRAINAGEPUT-SO","MEUBILAIR_PUT_DRAINAGEPUT","SO"
"http://digitalbuildingdata.tech/nlcs/def/f7406754-51a5-45ed-a37e-24f2de956b57","MEUBILAIR","SIE","","4147","SIE-MEUBILAIR_PUT_GASPUT-SO","MEUBILAIR_PUT_GASPUT","SO"
"http://digitalbuildingdata.tech/nlcs/def/a2b33628-148e-4e2c-ba01-0a8b67379c20","MEUBILAIR","SIE","","4148","SIE-MEUBILAIR_PUT_KOLK-SO","MEUBILAIR_PUT_KOLK","SO"
"http://digitalbuildingdata.tech/nlcs/def/1c8885fc-6017-4425-a6aa-cffc0d7131d3","MEUBILAIR","SIE","","4149","SIE-MEUBILAIR_PUT_RIOOLPUT-SO","MEUBILAIR_PUT_RIOOLPUT","SO"
"http://digitalbuildingdata.tech/nlcs/def/a8b6c4d7-d39b-48da-a9f8-38d458635162","GRAS","SGR","V","415","V-SGR-GRAS_01-SO","GRAS_01","SO"
"http://digitalbuildingdata.tech/nlcs/def/cfd041dc-3d79-4870-be29-0a0a624d6150","MEUBILAIR","SIE","","4150","SIE-MEUBILAIR_PUT_WATERLEIDINGPUT-SO","MEUBILAIR_PUT_WATERLEIDINGPUT","SO"
"http://digitalbuildingdata.tech/nlcs/def/19c97253-f66d-4f80-b7ce-d2e85ce95290","MEUBILAIR","SIE","","4151","SIE-MEUBILAIR_PUT-SO","MEUBILAIR_PUT","SO"
"http://digitalbuildingdata.tech/nlcs/def/5e31a311-8b65-4389-8079-fb8d2573cec5","MEUBILAIR","SIE","","4152","SIE-MEUBILAIR_SENSOR_CAMERA-SO","MEUBILAIR_SENSOR_CAMERA","SO"
"http://digitalbuildingdata.tech/nlcs/def/a550ee4f-9bde-409c-a76d-e9ee2d2a9c4e","MEUBILAIR","SIE","","4153","SIE-MEUBILAIR_SENSOR_DEBIETMETER-SO","MEUBILAIR_SENSOR_DEBIETMETER","SO"
"http://digitalbuildingdata.tech/nlcs/def/86405664-6b0b-4f8d-a323-da149996a9d6","MEUBILAIR","SIE","","4154","SIE-MEUBILAIR_SENSOR_DETECTIELUS-SO","MEUBILAIR_SENSOR_DETECTIELUS","SO"
"http://digitalbuildingdata.tech/nlcs/def/c9eb9d8f-0ab0-4715-940a-a0450b7e5b0d","MEUBILAIR","SIE","","4155","SIE-MEUBILAIR_SENSOR_FLITSER-SO","MEUBILAIR_SENSOR_FLITSER","SO"
"http://digitalbuildingdata.tech/nlcs/def/9c59c7d3-9abb-4a42-b7e5-0b3cd1641381","MEUBILAIR","SIE","","4156","SIE-MEUBILAIR_SENSOR_GMS-SO","MEUBILAIR_SENSOR_GMS","SO"
"http://digitalbuildingdata.tech/nlcs/def/d18e576d-7076-4408-abea-986a7b349b35","MEUBILAIR","SIE","","4157","SIE-MEUBILAIR_SENSOR_HOOGTEDETECTIEMETER-SO","MEUBILAIR_SENSOR_HOOGTEDETECTIEMETER","SO"
"http://digitalbuildingdata.tech/nlcs/def/ce4265d4-939f-42d0-b90b-ffcd82b57236","MEUBILAIR","SIE","","4158","SIE-MEUBILAIR_SENSOR_LICHTCEL-SO","MEUBILAIR_SENSOR_LICHTCEL","SO"
"http://digitalbuildingdata.tech/nlcs/def/1a90ad1f-8cc7-479f-9668-cd7a6ad68eb3","MEUBILAIR","SIE","","4159","SIE-MEUBILAIR_SENSOR_RADARDETECTOR-SO","MEUBILAIR_SENSOR_RADARDETECTOR","SO"
"http://digitalbuildingdata.tech/nlcs/def/5f8fd674-3c7b-48a9-b0b3-01ecfc600876","GRAS","SGR","V","416","V-SGR-GRAS_02-SO","GRAS_02","SO"
"http://digitalbuildingdata.tech/nlcs/def/3826c40e-1579-4f0c-88b0-a82f139530c7","MEUBILAIR","SIE","","4160","SIE-MEUBILAIR_SENSOR_WATERSTANDMETER-SO","MEUBILAIR_SENSOR_WATERSTANDMETER","SO"
"http://digitalbuildingdata.tech/nlcs/def/53dec830-094d-47b6-8d73-4cde22e3a781","MEUBILAIR","SIE","","4161","SIE-MEUBILAIR_SENSOR_WEERSTATION-SO","MEUBILAIR_SENSOR_WEERSTATION","SO"
"http://digitalbuildingdata.tech/nlcs/def/012b475c-53cf-478f-9d5d-0f547ebc1739","MEUBILAIR","SIE","","4162","SIE-MEUBILAIR_SENSOR_WINDMETER-SO","MEUBILAIR_SENSOR_WINDMETER","SO"
"http://digitalbuildingdata.tech/nlcs/def/993d0b45-6a8b-4967-a16e-22abdeab94d8","MEUBILAIR","SIE","","4163","SIE-MEUBILAIR_SENSOR-SO","MEUBILAIR_SENSOR","SO"
"http://digitalbuildingdata.tech/nlcs/def/fddd85b5-222f-4d7d-a313-c2758e2245fb","MEUBILAIR","SIE","","4164","SIE-MEUBILAIR_LICHTPUNT-SO","MEUBILAIR_LICHTPUNT","SO"
"http://digitalbuildingdata.tech/nlcs/def/dd5b3f49-f8b3-4ff0-8bbf-cc14f54bf27f","MEUBILAIR","SIE","","4165","SIE-MEUBILAIR_HOOGTEMERK-SO","MEUBILAIR_HOOGTEMERK","SO"
"http://digitalbuildingdata.tech/nlcs/def/106ec8b6-3b88-4fd9-9b9e-3c61dfac0514","PUT","SRI","","4166","SRI-PUT_ZANDVANGPUT-SO","PUT_ZANDVANGPUT","SO"
"http://digitalbuildingdata.tech/nlcs/def/ebe2fd70-5b25-4ba9-822b-905c07d4aa43","PUT","SRI","V","4167","V-SRI-PUT_ZANDVANGPUT-SO","PUT_ZANDVANGPUT","SO"
"http://digitalbuildingdata.tech/nlcs/def/bab27f31-798e-4fdc-93ce-f293d96d4234","BETONNING","SVV","","4168","SVV-BETONNING-SO","BETONNING","SO"
"http://digitalbuildingdata.tech/nlcs/def/ac85f117-98ec-49e5-8951-6cbaeeba182c","WATER","SIE","","4169","SIE-WATER_DRINKBAK-SO","WATER_DRINKBAK","SO"
"http://digitalbuildingdata.tech/nlcs/def/e1e9d5fd-0a3e-4e98-be34-93dfcd240119","GRAS","SGR","V","417","V-SGR-GRAS_GAZON-SO","GRAS_GAZON","SO"
"http://digitalbuildingdata.tech/nlcs/def/59fce42c-543b-44bc-8bef-11b448448ddc","WATER","SIE","V","4170","V-SIE-WATER_DRINKBAK-SO","WATER_DRINKBAK","SO"
"http://digitalbuildingdata.tech/nlcs/def/e6db1510-2902-48ca-9d74-196b4c09f33c","POLLER","SIW","","4171","SIW-POLLER-SO","POLLER","SO"
"http://digitalbuildingdata.tech/nlcs/def/c49a8d09-c247-4061-81f1-2805a5fc22b1","POLLER","SIW","","4172","SIW-POLLER_BEWEEGBAAR-SO","POLLER_BEWEEGBAAR","SO"
"http://digitalbuildingdata.tech/nlcs/def/b911d0cb-3586-48ad-8955-c7b00523582a","POLLER","SIW","","4173","SIW-POLLER_SCANPAAL-SO","POLLER_SCANPAAL","SO"
"http://digitalbuildingdata.tech/nlcs/def/6d49a078-13c8-4370-add4-e1e951d237cd","POLLER","SIW","","4174","SIW-POLLER_VAST-SO","POLLER_VAST","SO"
"http://digitalbuildingdata.tech/nlcs/def/75b1603e-5fea-4906-b496-9347fa1640d6","GRAS","SGR","V","418","V-SGR-GRAS_GESTABILISEERD-SO","GRAS_GESTABILISEERD","SO"
"http://digitalbuildingdata.tech/nlcs/def/ea689927-56d7-4a44-8f89-c267753c9a0d","GRAS","SGR","V","419","V-SGR-GRAS_KUNSTGRAS-SO","GRAS_KUNSTGRAS","SO"
"http://digitalbuildingdata.tech/nlcs/def/ba39ff2d-8849-4840-881b-4b79123e7875","AANKLEDING","SAL","","42","SAL-AANKLEDING_AUTO1_ACHTERAANZICHT-D","AANKLEDING_AUTO1_ACHTERAANZICHT","D"
"http://digitalbuildingdata.tech/nlcs/def/68027152-f793-4b21-8067-50e70facbe50","GRAS","SGR","V","420","V-SGR-GRAS_RUIGGRAS-SO","GRAS_RUIGGRAS","SO"
"http://digitalbuildingdata.tech/nlcs/def/4ac21dff-b9ca-4020-afe7-c830096d1d75","SPORTVELD","SGR","V","421","V-SGR-SPORTVELD_GRAS-SO","SPORTVELD_GRAS","SO"
"http://digitalbuildingdata.tech/nlcs/def/e63f08b1-5ac5-42b9-8df8-104dafe137c4","SPORTVELD","SGR","V","422","V-SGR-SPORTVELD_GRAS_KUNSTGRAS-SO","SPORTVELD_GRAS_KUNSTGRAS","SO"
"http://digitalbuildingdata.tech/nlcs/def/d4a4adcc-f618-4471-87ae-0fc930fbc19c","GROND","SGR","V","423","V-SGR-GROND-SO","GROND","SO"
"http://digitalbuildingdata.tech/nlcs/def/8dc08093-91c1-4207-846a-7cbc4ead5efc","HEESTER","SGR","V","424","V-SGR-HEESTER_01","HEESTER_01",""
"http://digitalbuildingdata.tech/nlcs/def/f494b8a0-0d1e-4079-a9e2-15d86b881e2d","HEESTER","SGR","V","425","V-SGR-HEESTER_02","HEESTER_02",""
"http://digitalbuildingdata.tech/nlcs/def/091d3a99-7d16-4143-a04e-aa823a24abf4","HEESTER","SGR","V","426","V-SGR-HEESTER_03","HEESTER_03",""
"http://digitalbuildingdata.tech/nlcs/def/fdc3f6e4-aa0b-4e4d-a99f-c2f59b7bb1b0","HEESTER","SGR","V","427","V-SGR-HEESTER_04","HEESTER_04",""
"http://digitalbuildingdata.tech/nlcs/def/7e6db402-ba2e-4001-bceb-58c540e7ca3d","HEESTER","SGR","V","428","V-SGR-HEESTER_05","HEESTER_05",""
"http://digitalbuildingdata.tech/nlcs/def/9bdf5f54-4c9b-4661-b592-3352b6d50b96","HEESTER","SGR","V","429","V-SGR-HEESTER_06","HEESTER_06",""
"http://digitalbuildingdata.tech/nlcs/def/236727f2-7900-4a90-8287-ded20f7947e1","AARDE","SIS","","4294","SIS-AARDE-SO","AARDE","SO"
"http://digitalbuildingdata.tech/nlcs/def/e448729c-244a-49cc-b508-9bb4c4a5ce03","BORD","SIS","","4295","SIS-BORD_1202D","BORD_1202D",""
"http://digitalbuildingdata.tech/nlcs/def/615cf621-af89-4658-9b01-91dff33d3743","BORD","SIS","","4296","SIS-BORD_1202L","BORD_1202L",""
"http://digitalbuildingdata.tech/nlcs/def/49ad213e-dde4-4277-adbf-d611a24ab26b","BORD","SIS","","4297","SIS-BORD_1202R","BORD_1202R",""
"http://digitalbuildingdata.tech/nlcs/def/d85d882f-cc51-49e9-8381-45ab17f229bc","BORD","SIS","","4298","SIS-BORD_1203","BORD_1203",""
"http://digitalbuildingdata.tech/nlcs/def/5e97e4c9-0244-4fca-bdeb-65fa2733951a","BORD","SIS","","4299","SIS-BORD_1210","BORD_1210",""
"http://digitalbuildingdata.tech/nlcs/def/9c6d2e29-4958-4edb-b8c5-656c36c80214","AANKLEDING","SAL","","43","SAL-AANKLEDING_AUTO1_BOVENAANZICHT","AANKLEDING_AUTO1_BOVENAANZICHT",""
"http://digitalbuildingdata.tech/nlcs/def/9e594dbd-d066-4df5-8397-6ec863614f8d","HEESTERS","SGR","V","430","V-SGR-HEESTERS-SO","HEESTERS","SO"
"http://digitalbuildingdata.tech/nlcs/def/ae11d30a-312c-4930-95d6-4bc60a20042a","BORD","SIS","","4300","SIS-BORD_1211","BORD_1211",""
"http://digitalbuildingdata.tech/nlcs/def/696b42a2-17e4-4979-9f48-c6ae05ac7c79","BORD","SIS","","4301","SIS-BORD_1212","BORD_1212",""
"http://digitalbuildingdata.tech/nlcs/def/f6ab1708-3b71-42db-8010-517fbeed41b0","BORD","SIS","","4302","SIS-BORD_401","BORD_401",""
"http://digitalbuildingdata.tech/nlcs/def/863043e3-7dd4-4120-ad5e-83998db63ab1","BORD","SIS","","4303","SIS-BORD_402","BORD_402",""
"http://digitalbuildingdata.tech/nlcs/def/76c950bc-98dc-4070-88b3-0818c16083ae","BORD","SIS","","4304","SIS-BORD_403","BORD_403",""
"http://digitalbuildingdata.tech/nlcs/def/b9d12bdf-222d-4911-a6c6-2a0f678fa567","BORD","SIS","","4305","SIS-BORD_501","BORD_501",""
"http://digitalbuildingdata.tech/nlcs/def/f815f933-64e2-4dab-957b-58c03a976504","BORD","SIS","","4306","SIS-BORD_502","BORD_502",""
"http://digitalbuildingdata.tech/nlcs/def/2c9d9732-d6e5-4495-a40c-2aebb744834f","BORD","SIS","","4307","SIS-BORD_503","BORD_503",""
"http://digitalbuildingdata.tech/nlcs/def/0323443a-9802-400a-bc14-af8b0ef2e4ff","BORD","SIS","","4308","SIS-BORD_504","BORD_504",""
"http://digitalbuildingdata.tech/nlcs/def/25ddedb1-ab2f-4c2a-9fcb-48e669f5dfdb","BORD","SIS","","4309","SIS-BORD_602","BORD_602",""
"http://digitalbuildingdata.tech/nlcs/def/891d7041-763f-4afa-9dce-6c79fe79245e","HONDENTOILET","SGR","V","431","V-SGR-HONDENTOILET-SO","HONDENTOILET","SO"
"http://digitalbuildingdata.tech/nlcs/def/cca74b82-9562-472f-85fd-3e0d35ca6c8a","BORD","SIS","","4310","SIS-BORD_603","BORD_603",""
"http://digitalbuildingdata.tech/nlcs/def/c867ea93-f104-4bc4-b32a-e15efad1dcb3","BORD","SIS","","4311","SIS-BORD_606","BORD_606",""
"http://digitalbuildingdata.tech/nlcs/def/7b8e1d3b-22fd-44f3-a15d-372bafaf4cae","BORD","SIS","","4312","SIS-BORD_607","BORD_607",""
"http://digitalbuildingdata.tech/nlcs/def/a9e00ed1-4f54-44a3-814a-59f25b68564d","BORD","SIS","","4313","SIS-BORD_610","BORD_610",""
"http://digitalbuildingdata.tech/nlcs/def/a42fae1e-72db-4070-bca7-277d9c56a4fd","BORD","SIS","","4314","SIS-BORD_611","BORD_611",""
"http://digitalbuildingdata.tech/nlcs/def/55326ff9-a5f9-4afd-a835-df1b954099dd","BORD","SIS","","4315","SIS-BORD_702","BORD_702",""
"http://digitalbuildingdata.tech/nlcs/def/3fbb1180-0f75-4763-915e-4ef2d3a3a887","BORD","SIS","","4316","SIS-BORD_703","BORD_703",""
"http://digitalbuildingdata.tech/nlcs/def/ffdb3a48-01ef-440c-bbc6-f6f48f4d577f","BORD","SIS","","4317","SIS-BORD_901_AVENIO","BORD_901_AVENIO",""
"http://digitalbuildingdata.tech/nlcs/def/5b8ad541-f460-41df-b14b-e6408b7ced3b","BORD","SIS","","4318","SIS-BORD_901_AVENIO_REGIOCITADIS","BORD_901_AVENIO_REGIOCITADIS",""
"http://digitalbuildingdata.tech/nlcs/def/d4c079d7-8e4f-4616-a9ca-0982ce6fbb75","BORD","SIS","","4319","SIS-BORD_901_GTL8","BORD_901_GTL8",""
"http://digitalbuildingdata.tech/nlcs/def/0d91069d-c19d-4bd0-9a7f-93eec4464940","HOUTOPSTAND","SGR","V","432","V-SGR-HOUTOPSTAND_GEMENGD-SO","HOUTOPSTAND_GEMENGD","SO"
"http://digitalbuildingdata.tech/nlcs/def/7de30741-b0a8-470f-a556-f7f3b8ac3d75","BORD","SIS","","4320","SIS-BORD_901_REGIOCITADIS","BORD_901_REGIOCITADIS",""
"http://digitalbuildingdata.tech/nlcs/def/b446d537-d174-44b5-bee9-9cf2d6dd263b","BORD","SIS","","4321","SIS-BORD_902_AVENIO","BORD_902_AVENIO",""
"http://digitalbuildingdata.tech/nlcs/def/65ce6d64-4e25-4b29-b52a-9a46bbb5b594","BORD","SIS","","4322","SIS-BORD_902_AVENIO_REGIOCITADIS","BORD_902_AVENIO_REGIOCITADIS",""
"http://digitalbuildingdata.tech/nlcs/def/3e60c31c-1326-4acf-b652-59743566af63","BORD","SIS","","4323","SIS-BORD_902_GTL8","BORD_902_GTL8",""
"http://digitalbuildingdata.tech/nlcs/def/67514a29-5775-42c9-b3f3-dd11e15ac220","BORD","SIS","","4324","SIS-BORD_902_REGIOCITADIS","BORD_902_REGIOCITADIS",""
"http://digitalbuildingdata.tech/nlcs/def/eb7a31f4-6880-4128-a679-cbf60257664b","BORD","SIS","","4325","SIS-BORD_903_AVENIO","BORD_903_AVENIO",""
"http://digitalbuildingdata.tech/nlcs/def/e75f94ee-d4c4-45af-8e2f-5e5f3b6f456d","BORD","SIS","","4326","SIS-BORD_903_AVENIO_REGIOCITADIS","BORD_903_AVENIO_REGIOCITADIS",""
"http://digitalbuildingdata.tech/nlcs/def/a8a82c7d-488d-4c56-a3f5-7c8be150c56d","BORD","SIS","","4327","SIS-BORD_903_GTL8","BORD_903_GTL8",""
"http://digitalbuildingdata.tech/nlcs/def/80fdb4b5-7de0-4bb5-8b0e-8e9fd3320632","BORD","SIS","","4328","SIS-BORD_903_REGIOCITADIS","BORD_903_REGIOCITADIS",""
"http://digitalbuildingdata.tech/nlcs/def/4ada6980-662e-4c4c-8a70-8bd8708a5533","BORD","SIS","","4329","SIS-BORD_910","BORD_910",""
"http://digitalbuildingdata.tech/nlcs/def/43988a11-268e-4c43-8bf2-74e74c119c69","HOUTOPSTAND","SGR","V","433","V-SGR-HOUTOPSTAND_LOOF-SO","HOUTOPSTAND_LOOF","SO"
"http://digitalbuildingdata.tech/nlcs/def/d9970d7a-4893-4a9d-be66-4a2e6ff1e86b","BORD","SIS","","4330","SIS-BORD_911","BORD_911",""
"http://digitalbuildingdata.tech/nlcs/def/cde75ef3-d344-4cb4-b1fa-785472a92bd8","CEMBRE","SIS","","4331","SIS-CEMBRE_BOVEN-SO","CEMBRE_BOVEN","SO"
"http://digitalbuildingdata.tech/nlcs/def/18ff1e92-045e-40b1-9ac9-504e7ee72a72","CEMBRE","SIS","","4332","SIS-CEMBRE_ONDER-SO","CEMBRE_ONDER","SO"
"http://digitalbuildingdata.tech/nlcs/def/12fcfc4f-a0b5-4453-9e04-fd0c63fcfa4e","COMPONENT_CONDENSATOR","SIS","","4333","SIS-COMPONENT_CONDENSATOR_HSK","COMPONENT_CONDENSATOR_HSK",""
"http://digitalbuildingdata.tech/nlcs/def/d129f906-2933-457e-b544-4d48d0518b0b","COMPONENT","SIS","","4334","SIS-COMPONENT_IMU","COMPONENT_IMU",""
"http://digitalbuildingdata.tech/nlcs/def/a9297ac9-59c6-4f5b-91cb-97c943e0739d","COMPONENT_ONTVANGER","SIS","","4335","SIS-COMPONENT_ONTVANGER","COMPONENT_ONTVANGER",""
"http://digitalbuildingdata.tech/nlcs/def/6dd4d28e-2f91-46fc-abb5-839ed85530b2","COMPONENT_ONTVANGER","SIS","","4336","SIS-COMPONENT_ONTVANGER_HSK","COMPONENT_ONTVANGER_HSK",""
"http://digitalbuildingdata.tech/nlcs/def/c2a179e4-ffc2-48a0-a122-4c6b37fc85a1","COMPONENT_ZENDER","SIS","","4337","SIS-COMPONENT_ZENDER","COMPONENT_ZENDER",""
"http://digitalbuildingdata.tech/nlcs/def/4d5301fe-9abb-4993-85be-3c0387fcf7d0","COMPONENT_ZENDER","SIS","","4338","SIS-COMPONENT_ZENDER_HSK","COMPONENT_ZENDER_HSK",""
"http://digitalbuildingdata.tech/nlcs/def/7cf7e7a2-fe8a-46da-958f-9026bc2ad188","COMPONENT","SIS","","4339","SIS-COMPONENT_ZUB","COMPONENT_ZUB",""
"http://digitalbuildingdata.tech/nlcs/def/ca9b8bcf-05f9-400f-aaca-301a56446c8c","HOUTOPSTAND","SGR","V","434","V-SGR-HOUTOPSTAND_NAALD-SO","HOUTOPSTAND_NAALD","SO"
"http://digitalbuildingdata.tech/nlcs/def/fd22cc3a-5823-4bbc-b9b7-e673f0bbce32","DETECTIELUS_HFK","SIS","","4340","SIS-DETECTIELUS_HFK","DETECTIELUS_HFK",""
"http://digitalbuildingdata.tech/nlcs/def/603adfd4-1a31-42a7-9f2d-147bd6b19643","DETECTIELUS_MDL","SIS","","4341","SIS-DETECTIELUS_MDL","DETECTIELUS_MDL",""
"http://digitalbuildingdata.tech/nlcs/def/02b3c498-854f-4acb-b0d9-20da27908d0d","DETECTIELUS_VECOM","SIS","","4342","SIS-DETECTIELUS_VECOM","DETECTIELUS_VECOM",""
"http://digitalbuildingdata.tech/nlcs/def/eeceaf79-74d8-411b-8bc6-fb7cd295e190","DETECTIELUS_VECOM","SIS","","4343","SIS-DETECTIELUS_VECOM_GESLEPEN","DETECTIELUS_VECOM_GESLEPEN",""
"http://digitalbuildingdata.tech/nlcs/def/dc87ae09-5b2f-4069-a041-fc9a22e2e3fd","INSTALLATIEKAST","SIS","","4344","SIS-INSTALLATIEKAST","INSTALLATIEKAST",""
"http://digitalbuildingdata.tech/nlcs/def/3df3b3ea-d522-4bc8-858e-b14aca12ab86","INSTALLATIEKAST_KABEL","SIS","","4345","SIS-INSTALLATIEKAST_KABEL","INSTALLATIEKAST_KABEL",""
"http://digitalbuildingdata.tech/nlcs/def/54fc80d9-1c04-4014-b378-f0a581c0908e","INSTALLATIEKAST_KABEL","SIS","","4346","SIS-INSTALLATIEKAST_KABEL_VOETSTUK","INSTALLATIEKAST_KABEL_VOETSTUK",""
"http://digitalbuildingdata.tech/nlcs/def/814fbcea-bd4c-4a61-a02e-71d2d7755276","INSTALLATIEKAST_VOEDING","SIS","","4347","SIS-INSTALLATIEKAST_VOEDING-SO","INSTALLATIEKAST_VOEDING","SO"
"http://digitalbuildingdata.tech/nlcs/def/4b0fe1d2-37b5-4458-92ad-a14c08fe3c1b","INSTALLATIEKAST_WISSEL","SIS","","4348","SIS-INSTALLATIEKAST_WISSEL","INSTALLATIEKAST_WISSEL",""
"http://digitalbuildingdata.tech/nlcs/def/200786b8-e841-4113-9725-7b86b1a85507","INSTALLATIEKAST_WISSEL","SIS","","4349","SIS-INSTALLATIEKAST_WISSEL_VOETSTUK","INSTALLATIEKAST_WISSEL_VOETSTUK",""
"http://digitalbuildingdata.tech/nlcs/def/df23ce4c-9372-41c1-bdee-5b3a525513e1","HOUTOPSTAND","SGR","V","435","V-SGR-HOUTOPSTAND-SO","HOUTOPSTAND","SO"
"http://digitalbuildingdata.tech/nlcs/def/d79c81fb-0cdd-4846-9b07-18dd94a54b47","INSTALLATIEKAST_WISSELVERWARMING","SIS","","4350","SIS-INSTALLATIEKAST_WISSELVERWARMING","INSTALLATIEKAST_WISSELVERWARMING",""
"http://digitalbuildingdata.tech/nlcs/def/92a1b7e2-ebd6-45c8-b9f3-87d88abc2a07","INTERCOM","SIS","","4351","SIS-INTERCOM","INTERCOM",""
"http://digitalbuildingdata.tech/nlcs/def/69203917-0446-45d4-9f72-6cb5483b9223","LICHT","SIS","","4352","SIS-LICHT_3LAMP_01","LICHT_3LAMP_01",""
"http://digitalbuildingdata.tech/nlcs/def/e81fed43-eba2-4d05-8c10-ed1c3b9ce8f7","LICHT","SIS","","4353","SIS-LICHT_3LAMP_02","LICHT_3LAMP_02",""
"http://digitalbuildingdata.tech/nlcs/def/0ab9e536-4da0-42bc-93f2-b2024afb7c2f","LICHT","SIS","","4354","SIS-LICHT_4LAMP_01","LICHT_4LAMP_01",""
"http://digitalbuildingdata.tech/nlcs/def/611a7933-5ed5-402a-a13c-445843de9ee7","LICHT","SIS","","4355","SIS-LICHT_ABSOLUUT","LICHT_ABSOLUUT",""
"http://digitalbuildingdata.tech/nlcs/def/516a7ce6-55bf-45a8-9d82-e856006c529f","LICHT","SIS","","4356","SIS-LICHT_MATRIX","LICHT_MATRIX",""
"http://digitalbuildingdata.tech/nlcs/def/8a99db61-a8c4-40b7-9d67-9da6b980882d","LICHT","SIS","","4357","SIS-LICHT_MATRIX_FOF1","LICHT_MATRIX_FOF1",""
"http://digitalbuildingdata.tech/nlcs/def/c34cdd7c-4861-4e63-8226-e85ef0a0f54b","LICHT","SIS","","4358","SIS-LICHT_OPRIJD","LICHT_OPRIJD",""
"http://digitalbuildingdata.tech/nlcs/def/ef45d2b6-1226-4494-bb02-7ca94929dabe","LICHT","SIS","","4359","SIS-LICHT_PERMISSIEF","LICHT_PERMISSIEF",""
"http://digitalbuildingdata.tech/nlcs/def/965e09f0-ad06-412d-9d98-f46c5ea12cb1","KRUIDEN","SGR","V","436","V-SGR-KRUIDEN-SO","KRUIDEN","SO"
"http://digitalbuildingdata.tech/nlcs/def/ecacd7c3-1d45-4525-a8e9-d65383f6f91a","LICHT","SIS","","4360","SIS-LICHT_PERRON","LICHT_PERRON",""
"http://digitalbuildingdata.tech/nlcs/def/62a2ffdb-9a7b-4aca-96e5-9e080dab85ad","LICHT","SIS","","4361","SIS-LICHT_RIJWEG_LINKSLEIDEND","LICHT_RIJWEG_LINKSLEIDEND",""
"http://digitalbuildingdata.tech/nlcs/def/d2a0917e-d870-4df6-a70a-16b9ae84f9ef","LICHT","SIS","","4362","SIS-LICHT_RIJWEG_RECHTDOOR","LICHT_RIJWEG_RECHTDOOR",""
"http://digitalbuildingdata.tech/nlcs/def/e1b84a90-562f-44a2-8abd-a7ded62600b1","LICHT","SIS","","4363","SIS-LICHT_RIJWEG_RECHTSLEIDEND","LICHT_RIJWEG_RECHTSLEIDEND",""
"http://digitalbuildingdata.tech/nlcs/def/1620d887-e14a-4676-a22c-6a9d0634bbd1","LICHT","SIS","","4364","SIS-LICHT_RIJWEG_STOP","LICHT_RIJWEG_STOP",""
"http://digitalbuildingdata.tech/nlcs/def/1313abaf-c5c1-41d7-864b-b163569f0f9f","LICHT","SIS","","4365","SIS-LICHT_TUNNELVERBOD","LICHT_TUNNELVERBOD",""
"http://digitalbuildingdata.tech/nlcs/def/729f8ad0-d8df-4b5a-aa3f-7a5c293911a3","LICHT","SIS","","4366","SIS-LICHT_WISSELSEIN_LINKSLEIDEND","LICHT_WISSELSEIN_LINKSLEIDEND",""
"http://digitalbuildingdata.tech/nlcs/def/118dc361-1182-472c-9d5c-26b83987f72c","LICHT","SIS","","4367","SIS-LICHT_WISSELSEIN_RECHTDOOR","LICHT_WISSELSEIN_RECHTDOOR",""
"http://digitalbuildingdata.tech/nlcs/def/3ac51558-606b-4339-b65a-cb8e3a25df0e","LICHT","SIS","","4368","SIS-LICHT_WISSELSEIN_RECHTSLEIDEND","LICHT_WISSELSEIN_RECHTSLEIDEND",""
"http://digitalbuildingdata.tech/nlcs/def/8e5ebfa2-b507-4a2e-a041-7f9e1793d007","LICHT","SIS","","4369","SIS-LICHT_WIT ROOD","LICHT_WIT ROOD",""
"http://digitalbuildingdata.tech/nlcs/def/8bfba883-651a-421c-8fbd-641f5555f26c","MAAIVELD","SGR","V","437","V-SGR-MAAIVELD-SO","MAAIVELD","SO"
"http://digitalbuildingdata.tech/nlcs/def/381ce61f-b111-4e5a-889c-022f14d3b987","MARKERING","SIS","","4370","SIS-MARKERING_STIP","MARKERING_STIP",""
"http://digitalbuildingdata.tech/nlcs/def/c78e2c79-20dc-48c7-ac10-15451303193f","MARKERING","SIS","","4371","SIS-MARKERING_STOPSTREEP","MARKERING_STOPSTREEP",""
"http://digitalbuildingdata.tech/nlcs/def/9c3e61fc-596a-4839-ac9d-0031d14ae365","MAST","SIS","","4372","SIS-MAST","MAST",""
"http://digitalbuildingdata.tech/nlcs/def/442d8744-83a9-496d-8c45-9cbd77d1d211","PUNTTONG","SIS","","4373","SIS-PUNTTONG_R100_LINKS","PUNTTONG_R100_LINKS",""
"http://digitalbuildingdata.tech/nlcs/def/174aee6d-dec0-4e78-88e9-57344bf4cba5","PUNTTONG","SIS","","4374","SIS-PUNTTONG_R100_RECHTS","PUNTTONG_R100_RECHTS",""
"http://digitalbuildingdata.tech/nlcs/def/3a0f6f52-ce78-4a87-a563-2e2f75ad15bd","PUNTTONG","SIS","","4375","SIS-PUNTTONG_R25_LINKS","PUNTTONG_R25_LINKS",""
"http://digitalbuildingdata.tech/nlcs/def/a878adaa-4bda-41f6-82b2-b3fce64d2655","PUNTTONG","SIS","","4376","SIS-PUNTTONG_R25_RECHTS","PUNTTONG_R25_RECHTS",""
"http://digitalbuildingdata.tech/nlcs/def/33750c5d-157e-47b6-a377-8936c5570eb0","PUNTTONG","SIS","","4377","SIS-PUNTTONG_R50_LINKS","PUNTTONG_R50_LINKS",""
"http://digitalbuildingdata.tech/nlcs/def/61461ff1-0e40-43aa-ad7e-d9448df1ad8e","PUNTTONG","SIS","","4378","SIS-PUNTTONG_R50_RECHTS","PUNTTONG_R50_RECHTS",""
"http://digitalbuildingdata.tech/nlcs/def/eeef5968-26e3-47eb-b897-19591c5079a7","PUT_ONTSTOPPING","SIS","","4379","SIS-PUT_ONTSTOPPING_110MM","PUT_ONTSTOPPING_110MM",""
"http://digitalbuildingdata.tech/nlcs/def/c26a7468-ae7a-4b3b-8b4b-65b5850872ff","MOERAS","SGR","V","438","V-SGR-MOERAS-SO","MOERAS","SO"
"http://digitalbuildingdata.tech/nlcs/def/145272db-982d-477d-a077-ed5ef45c1d9a","PUT_ONTSTOPPING","SIS","","4380","SIS-PUT_ONTSTOPPING_160MM","PUT_ONTSTOPPING_160MM",""
"http://digitalbuildingdata.tech/nlcs/def/4d3e5dd8-2385-473c-bba5-b8caed115e96","PUT_PK315","SIS","","4381","SIS-PUT_PK315","PUT_PK315",""
"http://digitalbuildingdata.tech/nlcs/def/8a7953d9-4675-4e16-989d-d99b5c1ac18d","PUT_PK315","SIS","","4382","SIS-PUT_PK315-D","PUT_PK315","D"
"http://digitalbuildingdata.tech/nlcs/def/de8c9379-436b-4c51-8d3b-e49f68423dd9","PUT_PK315","SIS","","4383","SIS-PUT_PK315_AFDICHTING","PUT_PK315_AFDICHTING",""
"http://digitalbuildingdata.tech/nlcs/def/408f3eba-c87f-42b5-8d9c-ab772f83784c","PUT_SCHOUW_EK288","SIS","","4384","SIS-PUT_SCHOUW_EK288_700X700","PUT_SCHOUW_EK288_700X700",""
"http://digitalbuildingdata.tech/nlcs/def/e3c989bf-19d5-4324-aaf7-ee911acf938a","PUT_SCHOUW_EK358","SIS","","4385","SIS-PUT_SCHOUW_EK358_550X550","PUT_SCHOUW_EK358_550X550",""
"http://digitalbuildingdata.tech/nlcs/def/27a38d74-68fc-4c9d-a1f3-b03b0395cb12","RAILAANSLUITBAK","SIS","","4386","SIS-RAILAANSLUITBAK","RAILAANSLUITBAK",""
"http://digitalbuildingdata.tech/nlcs/def/1a70e11e-bdd9-4aa1-ac03-6be0e1e6047c","SEIN_TWI_AKOESTISCHSIGNAALGEVER","SIS","","4387","SIS-SEIN_TWI_AKOESTISCHSIGNAALGEVER-SO","SEIN_TWI_AKOESTISCHSIGNAALGEVER","SO"
"http://digitalbuildingdata.tech/nlcs/def/598a76ff-9a30-4760-ab5a-df3e54e342b3","SEIN_TWI_MAST","SIS","","4388","SIS-SEIN_TWI_MAST","SEIN_TWI_MAST",""
"http://digitalbuildingdata.tech/nlcs/def/1e285afc-14a5-4531-8ba8-91d7f3748d96","SEIN_TWI_VOETGANGER","SIS","","4389","SIS-SEIN_TWI_VOETGANGER-SO","SEIN_TWI_VOETGANGER","SO"
"http://digitalbuildingdata.tech/nlcs/def/ee051c98-604a-4c31-a895-55e897f88d26","PLANTENBAK","SGR","V","439","V-SGR-PLANTENBAK-SO","PLANTENBAK","SO"
"http://digitalbuildingdata.tech/nlcs/def/6d0ba461-2e89-42cc-9fff-c94db92d2272","SEIN_TWI_WEGVERKEER","SIS","","4390","SIS-SEIN_TWI_WEGVERKEER-SO","SEIN_TWI_WEGVERKEER","SO"
"http://digitalbuildingdata.tech/nlcs/def/3618478c-d40d-4354-ac01-b2c26b19e05b","SEIN_WISSELSTANDSAANWIJZER","SIS","","4391","SIS-SEIN_WISSELSTANDSAANWIJZER_01","SEIN_WISSELSTANDSAANWIJZER_01",""
"http://digitalbuildingdata.tech/nlcs/def/c8e7a2cb-b8b9-43e6-a8f3-a32851a98f60","SEIN_WISSELSTANDSAANWIJZER","SIS","","4392","SIS-SEIN_WISSELSTANDSAANWIJZER_02","SEIN_WISSELSTANDSAANWIJZER_02",""
"http://digitalbuildingdata.tech/nlcs/def/6bbee676-9428-4916-9ec8-0ddb53713b01","SPOORSTROOMLOOPKAST","SIS","","4393","SIS-SPOORSTROOMLOOPKAST","SPOORSTROOMLOOPKAST",""
"http://digitalbuildingdata.tech/nlcs/def/690e4bb8-06ac-4309-b0cc-9135994704c0","VERBINDER_EINDVERBINDER","SIS","","4394","SIS-VERBINDER_EINDVERBINDER","VERBINDER_EINDVERBINDER",""
"http://digitalbuildingdata.tech/nlcs/def/38ac275e-7498-4fe4-bc23-61e3b5ed5a63","VERBINDER_KORTSLUITER","SIS","","4395","SIS-VERBINDER_KORTSLUITER","VERBINDER_KORTSLUITER",""
"http://digitalbuildingdata.tech/nlcs/def/0c10278e-4cc0-47c8-8cb6-690337bf3839","VERBINDER_KORTSLUITER","SIS","","4396","SIS-VERBINDER_KORTSLUITER_HW61","VERBINDER_KORTSLUITER_HW61",""
"http://digitalbuildingdata.tech/nlcs/def/46d77c2e-2b1d-4682-9192-52b3e16cb24c","VERBINDER_S VERBINDER","SIS","","4397","SIS-VERBINDER_S VERBINDER","VERBINDER_S VERBINDER",""
"http://digitalbuildingdata.tech/nlcs/def/f95ebde1-00a6-4ef6-a517-8670086f0826","COMPONENT","SIS","","4398","SIS-VERWARMINGSELEMENT","VERWARMINGSELEMENT",""
"http://digitalbuildingdata.tech/nlcs/def/50c75d60-8903-49a5-95d9-67fd9c77389c","AARDE","SIS","V","4399","V-SIS-AARDE-SO","AARDE","SO"
"http://digitalbuildingdata.tech/nlcs/def/4cd61de7-f2d2-4fb5-92a0-266ac6a65aee","AANKLEDING","SAL","","44","SAL-AANKLEDING_AUTO1_VOORAANZICHT-D","AANKLEDING_AUTO1_VOORAANZICHT","D"
"http://digitalbuildingdata.tech/nlcs/def/658eb562-85f6-4a39-9b3a-24221fdd47ba","PLANTGATVERBETERING","SGR","V","440","V-SGR-PLANTGATVERBETERING_01-SO","PLANTGATVERBETERING_01","SO"
"http://digitalbuildingdata.tech/nlcs/def/191ac31d-ee7f-468f-b3a9-6a8c9fc81045","BORD","SIS","V","4400","V-SIS-BORD_1202D","BORD_1202D",""
"http://digitalbuildingdata.tech/nlcs/def/5787f241-15ee-4d2b-b2c5-d69172d63309","BORD","SIS","V","4401","V-SIS-BORD_1202L","BORD_1202L",""
"http://digitalbuildingdata.tech/nlcs/def/72d32887-8ee3-4842-9abf-72d3bb73c39e","BORD","SIS","V","4402","V-SIS-BORD_1202R","BORD_1202R",""
"http://digitalbuildingdata.tech/nlcs/def/4b1a1b44-b59f-45eb-8209-751d45623860","BORD","SIS","V","4403","V-SIS-BORD_1203","BORD_1203",""
"http://digitalbuildingdata.tech/nlcs/def/9827ee5f-e073-462d-b71e-e26de4facd98","BORD","SIS","V","4404","V-SIS-BORD_1210","BORD_1210",""
"http://digitalbuildingdata.tech/nlcs/def/58cc5979-4278-4743-89ca-3b59a02191a8","BORD","SIS","V","4405","V-SIS-BORD_1211","BORD_1211",""
"http://digitalbuildingdata.tech/nlcs/def/4907160a-c5df-43fd-8502-1972c1e9cf3a","BORD","SIS","V","4406","V-SIS-BORD_1212","BORD_1212",""
"http://digitalbuildingdata.tech/nlcs/def/0c7c61cd-6b8a-4ee9-be0f-9266abd02bf5","BORD","SIS","V","4407","V-SIS-BORD_401","BORD_401",""
"http://digitalbuildingdata.tech/nlcs/def/e0fb6932-28f2-404b-a273-cf893f5b796e","BORD","SIS","V","4408","V-SIS-BORD_402","BORD_402",""
"http://digitalbuildingdata.tech/nlcs/def/c821b2fa-9f0a-4578-8cb8-99203e7de86f","BORD","SIS","V","4409","V-SIS-BORD_403","BORD_403",""
"http://digitalbuildingdata.tech/nlcs/def/94e27594-a682-4d97-9999-99af571ebd9e","PLANTGATVERBETERING","SGR","V","441","V-SGR-PLANTGATVERBETERING_02-SO","PLANTGATVERBETERING_02","SO"
"http://digitalbuildingdata.tech/nlcs/def/9e9d89c2-1dcb-46c6-890b-1a983d062da7","BORD","SIS","V","4410","V-SIS-BORD_501","BORD_501",""
"http://digitalbuildingdata.tech/nlcs/def/c07f0d58-80e7-43b8-8324-05da831fa8fe","BORD","SIS","V","4411","V-SIS-BORD_502","BORD_502",""
"http://digitalbuildingdata.tech/nlcs/def/0a7d838c-39da-4dd1-9c66-b9494aeb4ff6","BORD","SIS","V","4412","V-SIS-BORD_503","BORD_503",""
"http://digitalbuildingdata.tech/nlcs/def/e6dfffe0-6044-4a8a-a0f1-7869ed958ab3","BORD","SIS","V","4413","V-SIS-BORD_504","BORD_504",""
"http://digitalbuildingdata.tech/nlcs/def/8e390fbd-a780-4c2d-8c55-30a99573de99","BORD","SIS","V","4414","V-SIS-BORD_602","BORD_602",""
"http://digitalbuildingdata.tech/nlcs/def/0b910aa6-200a-4ab7-b27d-3cbed9301d1c","BORD","SIS","V","4415","V-SIS-BORD_603","BORD_603",""
"http://digitalbuildingdata.tech/nlcs/def/77fc0cd1-6f7a-4982-b114-656415d8eeb7","BORD","SIS","V","4416","V-SIS-BORD_606","BORD_606",""
"http://digitalbuildingdata.tech/nlcs/def/c696ea19-2580-49c5-9555-69558c415d95","BORD","SIS","V","4417","V-SIS-BORD_607","BORD_607",""
"http://digitalbuildingdata.tech/nlcs/def/8764c739-689b-41d2-bc9a-e252093d0c10","BORD","SIS","V","4418","V-SIS-BORD_610","BORD_610",""
"http://digitalbuildingdata.tech/nlcs/def/4d3bfdef-e152-453c-bc20-5382333ec5a3","BORD","SIS","V","4419","V-SIS-BORD_611","BORD_611",""
"http://digitalbuildingdata.tech/nlcs/def/5348e51f-9cb7-4bad-b2e9-6cd2fb0d57e7","RIETLAND","SGR","V","442","V-SGR-RIETLAND-SO","RIETLAND","SO"
"http://digitalbuildingdata.tech/nlcs/def/d71a00d6-69d7-4bbb-9296-60da472e04c0","BORD","SIS","V","4420","V-SIS-BORD_702","BORD_702",""
"http://digitalbuildingdata.tech/nlcs/def/910b4a0a-2126-44c5-a9e1-a3fcabca4477","BORD","SIS","V","4421","V-SIS-BORD_703","BORD_703",""
"http://digitalbuildingdata.tech/nlcs/def/e25a91a7-ef70-4979-8669-8284d9404cd1","BORD","SIS","V","4422","V-SIS-BORD_901_AVENIO","BORD_901_AVENIO",""
"http://digitalbuildingdata.tech/nlcs/def/5fc06199-7aae-478a-b1b0-995ca280118d","BORD","SIS","V","4423","V-SIS-BORD_901_AVENIO_REGIOCITADIS","BORD_901_AVENIO_REGIOCITADIS",""
"http://digitalbuildingdata.tech/nlcs/def/e15568ea-e077-48a1-b743-73633c996ea3","BORD","SIS","V","4424","V-SIS-BORD_901_GTL8","BORD_901_GTL8",""
"http://digitalbuildingdata.tech/nlcs/def/8a2d8a5c-ccd6-4833-8df8-9386e55c4c62","BORD","SIS","V","4425","V-SIS-BORD_901_REGIOCITADIS","BORD_901_REGIOCITADIS",""
"http://digitalbuildingdata.tech/nlcs/def/5eaeb7a5-439c-446c-a270-4c8056fd4eba","BORD","SIS","V","4426","V-SIS-BORD_902_AVENIO","BORD_902_AVENIO",""
"http://digitalbuildingdata.tech/nlcs/def/5267cf6b-0d93-4b8c-b6c6-babcd3fd7fb6","BORD","SIS","V","4427","V-SIS-BORD_902_AVENIO_REGIOCITADIS","BORD_902_AVENIO_REGIOCITADIS",""
"http://digitalbuildingdata.tech/nlcs/def/a952931b-6d81-473c-8b02-889a202c3c80","BORD","SIS","V","4428","V-SIS-BORD_902_GTL8","BORD_902_GTL8",""
"http://digitalbuildingdata.tech/nlcs/def/479cfb22-5a22-43f6-86da-e82c19da5d4d","BORD","SIS","V","4429","V-SIS-BORD_902_REGIOCITADIS","BORD_902_REGIOCITADIS",""
"http://digitalbuildingdata.tech/nlcs/def/52c95c7f-4ae0-4bd8-9a96-232303af6a55","SIERPLANTSOEN","SGR","V","443","V-SGR-SIERPLANTSOEN-SO","SIERPLANTSOEN","SO"
"http://digitalbuildingdata.tech/nlcs/def/1ae8e14d-1d93-4008-838b-05717875f9ce","BORD","SIS","V","4430","V-SIS-BORD_903_AVENIO","BORD_903_AVENIO",""
"http://digitalbuildingdata.tech/nlcs/def/251711ee-1dba-4a35-924d-429f7ea9a847","BORD","SIS","V","4431","V-SIS-BORD_903_AVENIO_REGIOCITADIS","BORD_903_AVENIO_REGIOCITADIS",""
"http://digitalbuildingdata.tech/nlcs/def/533b6bbf-041b-4d8c-a359-d8b772e9400c","BORD","SIS","V","4432","V-SIS-BORD_903_GTL8","BORD_903_GTL8",""
"http://digitalbuildingdata.tech/nlcs/def/a7ac08f4-f2d0-4829-8280-632d96dc4790","BORD","SIS","V","4433","V-SIS-BORD_903_REGIOCITADIS","BORD_903_REGIOCITADIS",""
"http://digitalbuildingdata.tech/nlcs/def/caab1193-675f-4d99-9c3d-fac99e86de65","BORD","SIS","V","4434","V-SIS-BORD_910","BORD_910",""
"http://digitalbuildingdata.tech/nlcs/def/8fb7ae74-5907-4bce-a829-952a55bfbb81","BORD","SIS","V","4435","V-SIS-BORD_911","BORD_911",""
"http://digitalbuildingdata.tech/nlcs/def/cf362855-3e11-4134-be29-b74b5c20f4f9","CEMBRE","SIS","V","4436","V-SIS-CEMBRE_BOVEN-SO","CEMBRE_BOVEN","SO"
"http://digitalbuildingdata.tech/nlcs/def/3f6c2623-8243-4ef2-afac-b2f0394f473d","CEMBRE","SIS","V","4437","V-SIS-CEMBRE_ONDER-SO","CEMBRE_ONDER","SO"
"http://digitalbuildingdata.tech/nlcs/def/25b883ac-8ed2-454c-afcd-c84741ef9098","COMPONENT_CONDENSATOR","SIS","V","4438","V-SIS-COMPONENT_CONDENSATOR_HSK","COMPONENT_CONDENSATOR_HSK",""
"http://digitalbuildingdata.tech/nlcs/def/814eba25-f73a-460f-9f1e-9bae1d0edee9","COMPONENT","SIS","V","4439","V-SIS-COMPONENT_IMU","COMPONENT_IMU",""
"http://digitalbuildingdata.tech/nlcs/def/c361ce36-cbe3-43d5-be66-2426efa31204","STRUWEEL","SGR","V","444","V-SGR-STRUWEEL-SO","STRUWEEL","SO"
"http://digitalbuildingdata.tech/nlcs/def/e75caea2-5fe2-4909-b690-83a870cfd0fc","COMPONENT_ONTVANGER","SIS","V","4440","V-SIS-COMPONENT_ONTVANGER","COMPONENT_ONTVANGER",""
"http://digitalbuildingdata.tech/nlcs/def/940c298b-cdac-44d6-8e54-6eee9b7d8363","COMPONENT_ONTVANGER","SIS","V","4441","V-SIS-COMPONENT_ONTVANGER_HSK","COMPONENT_ONTVANGER_HSK",""
"http://digitalbuildingdata.tech/nlcs/def/e906f726-7584-4fca-87ea-7e21271c1ab8","COMPONENT_ZENDER","SIS","V","4442","V-SIS-COMPONENT_ZENDER","COMPONENT_ZENDER",""
"http://digitalbuildingdata.tech/nlcs/def/ec2d7a07-c6aa-421e-9710-b5e0574e6913","COMPONENT_ZENDER","SIS","V","4443","V-SIS-COMPONENT_ZENDER_HSK","COMPONENT_ZENDER_HSK",""
"http://digitalbuildingdata.tech/nlcs/def/eeb05db9-d173-4e48-b0fc-868675350104","COMPONENT","SIS","V","4444","V-SIS-COMPONENT_ZUB","COMPONENT_ZUB",""
"http://digitalbuildingdata.tech/nlcs/def/280f20f5-6a25-4218-a905-251eb00b0ca4","DETECTIELUS_HFK","SIS","V","4445","V-SIS-DETECTIELUS_HFK","DETECTIELUS_HFK",""
"http://digitalbuildingdata.tech/nlcs/def/b8ed3f76-2d3d-4ca9-bfe9-ea6f7fecadf1","DETECTIELUS_MDL","SIS","V","4446","V-SIS-DETECTIELUS_MDL","DETECTIELUS_MDL",""
"http://digitalbuildingdata.tech/nlcs/def/97864700-00de-408e-82fd-c1c94069f773","DETECTIELUS_VECOM","SIS","V","4447","V-SIS-DETECTIELUS_VECOM","DETECTIELUS_VECOM",""
"http://digitalbuildingdata.tech/nlcs/def/2fb1e819-c239-4022-9b47-5e0004adf26b","DETECTIELUS_VECOM","SIS","V","4448","V-SIS-DETECTIELUS_VECOM_GESLEPEN","DETECTIELUS_VECOM_GESLEPEN",""
"http://digitalbuildingdata.tech/nlcs/def/9c35a2b7-10ef-42c4-8a36-fb91a271b8a7","INSTALLATIEKAST","SIS","V","4449","V-SIS-INSTALLATIEKAST","INSTALLATIEKAST",""
"http://digitalbuildingdata.tech/nlcs/def/7f9b0ea2-583e-414f-a4e0-e585c98d9c8b","TEELGROND","SGR","V","445","V-SGR-TEELGROND_01-SO","TEELGROND_01","SO"
"http://digitalbuildingdata.tech/nlcs/def/2d99e868-c369-4bf6-b448-9e0aefacf746","INSTALLATIEKAST_KABEL","SIS","V","4450","V-SIS-INSTALLATIEKAST_KABEL","INSTALLATIEKAST_KABEL",""
"http://digitalbuildingdata.tech/nlcs/def/66c37c5a-f31f-4dfd-b615-16778db2878a","INSTALLATIEKAST_KABEL","SIS","V","4451","V-SIS-INSTALLATIEKAST_KABEL_VOETSTUK","INSTALLATIEKAST_KABEL_VOETSTUK",""
"http://digitalbuildingdata.tech/nlcs/def/101ff312-3f58-4ab2-b57a-e9efa5e10187","INSTALLATIEKAST_VOEDING","SIS","V","4452","V-SIS-INSTALLATIEKAST_VOEDING-SO","INSTALLATIEKAST_VOEDING","SO"
"http://digitalbuildingdata.tech/nlcs/def/73026d11-f0f8-4158-9cf4-625d3e874a0e","INSTALLATIEKAST_WISSEL","SIS","V","4453","V-SIS-INSTALLATIEKAST_WISSEL","INSTALLATIEKAST_WISSEL",""
"http://digitalbuildingdata.tech/nlcs/def/63ec31e8-2d08-4203-9fa1-546562ce4d31","INSTALLATIEKAST_WISSELVERWARMING","SIS","V","4454","V-SIS-INSTALLATIEKAST_WISSELVERWARMING","INSTALLATIEKAST_WISSELVERWARMING",""
"http://digitalbuildingdata.tech/nlcs/def/b6e0323a-fb6e-4298-838d-96cd6236faeb","INTERCOM","SIS","V","4455","V-SIS-INTERCOM","INTERCOM",""
"http://digitalbuildingdata.tech/nlcs/def/b6f97d53-7fd3-4068-b082-5d8670d0fe5d","LICHT","SIS","V","4456","V-SIS-LICHT_3LAMP_01","LICHT_3LAMP_01",""
"http://digitalbuildingdata.tech/nlcs/def/672f699c-bcf2-464e-ba19-fb3371b118e5","LICHT","SIS","V","4457","V-SIS-LICHT_3LAMP_02","LICHT_3LAMP_02",""
"http://digitalbuildingdata.tech/nlcs/def/e1d145e2-e0f4-4a54-bcff-a72d5d63eaa2","LICHT","SIS","V","4458","V-SIS-LICHT_4LAMP_01","LICHT_4LAMP_01",""
"http://digitalbuildingdata.tech/nlcs/def/5999bbb6-226b-413d-be2b-28887b17145c","LICHT","SIS","V","4459","V-SIS-LICHT_ABSOLUUT","LICHT_ABSOLUUT",""
"http://digitalbuildingdata.tech/nlcs/def/8535ea5d-e075-4e1f-a799-fc2878c5a6d4","TEELGROND","SGR","V","446","V-SGR-TEELGROND_02-SO","TEELGROND_02","SO"
"http://digitalbuildingdata.tech/nlcs/def/20a77d03-acf9-45c1-9828-85240478725d","LICHT","SIS","V","4460","V-SIS-LICHT_MATRIX","LICHT_MATRIX",""
"http://digitalbuildingdata.tech/nlcs/def/0012e30f-deed-47a0-920f-67991b3f0764","LICHT","SIS","V","4461","V-SIS-LICHT_MATRIX_FOF1","LICHT_MATRIX_FOF1",""
"http://digitalbuildingdata.tech/nlcs/def/afcdc372-e5a7-4f41-b2b1-050e76e8804c","LICHT","SIS","V","4462","V-SIS-LICHT_OPRIJD","LICHT_OPRIJD",""
"http://digitalbuildingdata.tech/nlcs/def/e07c6c11-b911-4d32-8be2-bf654286053e","LICHT","SIS","V","4463","V-SIS-LICHT_PERMISSIEF","LICHT_PERMISSIEF",""
"http://digitalbuildingdata.tech/nlcs/def/34bf7a13-4d1c-4047-a6ab-9b036bab091b","LICHT","SIS","V","4464","V-SIS-LICHT_PERRON","LICHT_PERRON",""
"http://digitalbuildingdata.tech/nlcs/def/faad61af-a38b-4003-8ea4-6f111bcf8779","LICHT","SIS","V","4465","V-SIS-LICHT_RIJWEG_LINKSLEIDEND","LICHT_RIJWEG_LINKSLEIDEND",""
"http://digitalbuildingdata.tech/nlcs/def/948adad8-2032-4cc6-9905-f3f51ed0d95d","LICHT","SIS","V","4466","V-SIS-LICHT_RIJWEG_RECHTDOOR","LICHT_RIJWEG_RECHTDOOR",""
"http://digitalbuildingdata.tech/nlcs/def/9961fe05-7481-4a9c-9918-07f98b7c3772","LICHT","SIS","V","4467","V-SIS-LICHT_RIJWEG_RECHTSLEIDEND","LICHT_RIJWEG_RECHTSLEIDEND",""
"http://digitalbuildingdata.tech/nlcs/def/9380459e-c1ec-483b-9497-7f95c7f93d7b","LICHT","SIS","V","4468","V-SIS-LICHT_RIJWEG_STOP","LICHT_RIJWEG_STOP",""
"http://digitalbuildingdata.tech/nlcs/def/74a58a25-b5cf-48fc-9906-3c27b23d3e87","LICHT","SIS","V","4469","V-SIS-LICHT_TUNNELVERBOD","LICHT_TUNNELVERBOD",""
"http://digitalbuildingdata.tech/nlcs/def/95e344c8-ec3f-4a9e-9617-261413392d5c","VASTEPLANTEN","SGR","V","447","V-SGR-VASTEPLANTEN-SO","VASTEPLANTEN","SO"
"http://digitalbuildingdata.tech/nlcs/def/1588c407-a998-4700-8a8f-e0d6366d799c","LICHT","SIS","V","4470","V-SIS-LICHT_WISSELSEIN_LINKSLEIDEND","LICHT_WISSELSEIN_LINKSLEIDEND",""
"http://digitalbuildingdata.tech/nlcs/def/3d67c9ee-85c9-4107-9629-10d502160deb","LICHT","SIS","V","4471","V-SIS-LICHT_WISSELSEIN_RECHTDOOR","LICHT_WISSELSEIN_RECHTDOOR",""
"http://digitalbuildingdata.tech/nlcs/def/2c8e031d-ca22-45c1-911f-69af7d9e7786","LICHT","SIS","V","4472","V-SIS-LICHT_WISSELSEIN_RECHTSLEIDEND","LICHT_WISSELSEIN_RECHTSLEIDEND",""
"http://digitalbuildingdata.tech/nlcs/def/17f27197-7b4e-4b89-b354-bb6dfde34bc7","LICHT","SIS","V","4473","V-SIS-LICHT_WIT ROOD","LICHT_WIT ROOD",""
"http://digitalbuildingdata.tech/nlcs/def/ea3f0214-cda5-42aa-aae6-5843f8b6cb34","MARKERING","SIS","V","4474","V-SIS-MARKERING_STIP","MARKERING_STIP",""
"http://digitalbuildingdata.tech/nlcs/def/9b1c36e8-9756-46be-8acf-cf0dd055b319","MARKERING","SIS","V","4475","V-SIS-MARKERING_STOPSTREEP","MARKERING_STOPSTREEP",""
"http://digitalbuildingdata.tech/nlcs/def/d783fd97-b1d3-4bfa-a66a-93218b41695e","MAST","SIS","V","4476","V-SIS-MAST","MAST",""
"http://digitalbuildingdata.tech/nlcs/def/ae5dd907-6f6b-4748-9dc8-4220401c5437","PUT_ONTSTOPPING","SIS","V","4477","V-SIS-PUT_ONTSTOPPING_110MM","PUT_ONTSTOPPING_110MM",""
"http://digitalbuildingdata.tech/nlcs/def/8ba44bac-06f8-44f3-88eb-c23cd8e86f2b","PUT_ONTSTOPPING","SIS","V","4478","V-SIS-PUT_ONTSTOPPING_160MM","PUT_ONTSTOPPING_160MM",""
"http://digitalbuildingdata.tech/nlcs/def/7429cf85-1359-41bb-aa4d-53dc4ff4db3a","PUT_PK315","SIS","V","4479","V-SIS-PUT_PK315","PUT_PK315",""
"http://digitalbuildingdata.tech/nlcs/def/e978de10-bfe5-42e8-b6fe-4ed71424e0ef","WATERPLANTEN","SGR","V","448","V-SGR-WATERPLANTEN-SO","WATERPLANTEN","SO"
"http://digitalbuildingdata.tech/nlcs/def/8de76948-586c-45c7-a6ef-03875fa50abc","PUT_PK315","SIS","V","4480","V-SIS-PUT_PK315_AFDICHTING","PUT_PK315_AFDICHTING",""
"http://digitalbuildingdata.tech/nlcs/def/ba7eb171-4aa7-4b3f-87a6-9807f21039b2","PUT_SCHOUW_EK288","SIS","V","4481","V-SIS-PUT_SCHOUW_EK288_700X700","PUT_SCHOUW_EK288_700X700",""
"http://digitalbuildingdata.tech/nlcs/def/9571e3b7-ef49-47e9-92b6-4ef78c06c2ca","PUT_SCHOUW_EK358","SIS","V","4482","V-SIS-PUT_SCHOUW_EK358_550X550","PUT_SCHOUW_EK358_550X550",""
"http://digitalbuildingdata.tech/nlcs/def/beb4a298-1b6d-454d-8299-838ae94840ea","RAILAANSLUITBAK","SIS","V","4483","V-SIS-RAILAANSLUITBAK","RAILAANSLUITBAK",""
"http://digitalbuildingdata.tech/nlcs/def/d5a2fcf2-99e9-4e7e-9cc8-aa0c0a406571","SEIN_TWI_AKOESTISCHSIGNAALGEVER","SIS","V","4484","V-SIS-SEIN_TWI_AKOESTISCHSIGNAALGEVER-SO","SEIN_TWI_AKOESTISCHSIGNAALGEVER","SO"
"http://digitalbuildingdata.tech/nlcs/def/89f182be-04ef-4011-b6be-eae7be2f4bb5","SEIN_TWI_MAST","SIS","V","4485","V-SIS-SEIN_TWI_MAST","SEIN_TWI_MAST",""
"http://digitalbuildingdata.tech/nlcs/def/70b86845-bb72-4ddd-93c9-77a4e91deced","SEIN_TWI_VOETGANGER","SIS","V","4486","V-SIS-SEIN_TWI_VOETGANGER-SO","SEIN_TWI_VOETGANGER","SO"
"http://digitalbuildingdata.tech/nlcs/def/c8df6261-c84f-49a5-8925-45e6fcbd4725","SEIN_TWI_WEGVERKEER","SIS","V","4487","V-SIS-SEIN_TWI_WEGVERKEER-SO","SEIN_TWI_WEGVERKEER","SO"
"http://digitalbuildingdata.tech/nlcs/def/81e09800-33c5-4958-bb11-8e967c389c11","SEIN_WISSELSTANDSAANWIJZER","SIS","V","4488","V-SIS-SEIN_WISSELSTANDSAANWIJZER_01","SEIN_WISSELSTANDSAANWIJZER_01",""
"http://digitalbuildingdata.tech/nlcs/def/66c90854-fb74-47af-89ae-bb61f71a9f15","SEIN_WISSELSTANDSAANWIJZER","SIS","V","4489","V-SIS-SEIN_WISSELSTANDSAANWIJZER_02","SEIN_WISSELSTANDSAANWIJZER_02",""
"http://digitalbuildingdata.tech/nlcs/def/2f3cceba-e202-4aa7-9370-962e6b98bfb5","WISSELBEPLANTING","SGR","V","449","V-SGR-WISSELBEPLANTING-SO","WISSELBEPLANTING","SO"
"http://digitalbuildingdata.tech/nlcs/def/f91de31a-f091-413f-ad1a-9f4e4121537e","SPOORSTROOMLOOPKAST","SIS","V","4490","V-SIS-SPOORSTROOMLOOPKAST","SPOORSTROOMLOOPKAST",""
"http://digitalbuildingdata.tech/nlcs/def/8336cd90-f2d0-4084-a1dd-96b3bb17193d","VERBINDER_EINDVERBINDER","SIS","V","4491","V-SIS-VERBINDER_EINDVERBINDER","VERBINDER_EINDVERBINDER",""
"http://digitalbuildingdata.tech/nlcs/def/b2a8447d-b7e1-4e26-b5fe-688a2887f22f","VERBINDER_KORTSLUITER","SIS","V","4492","V-SIS-VERBINDER_KORTSLUITER","VERBINDER_KORTSLUITER",""
"http://digitalbuildingdata.tech/nlcs/def/b93ae0d8-8f53-4093-be41-7d8fe03e2739","VERBINDER_KORTSLUITER","SIS","V","4493","V-SIS-VERBINDER_KORTSLUITER_HW61","VERBINDER_KORTSLUITER_HW61",""
"http://digitalbuildingdata.tech/nlcs/def/15cf841d-790b-432a-8eda-5c5e3c8e9e85","VERBINDER_S VERBINDER","SIS","V","4494","V-SIS-VERBINDER_S VERBINDER","VERBINDER_S VERBINDER",""
"http://digitalbuildingdata.tech/nlcs/def/c0bd455e-b543-4983-aa36-ca06b878fabc","COMPONENT","SIS","V","4495","V-SIS-VERWARMINGSELEMENT","VERWARMINGSELEMENT",""
"http://digitalbuildingdata.tech/nlcs/def/accb7e31-7c72-404f-a11e-b58e89913ba1","AANKLEDING","SAL","","45","SAL-AANKLEDING_AUTO1_ZIJAANZICHT-D","AANKLEDING_AUTO1_ZIJAANZICHT","D"
"http://digitalbuildingdata.tech/nlcs/def/ce2d1feb-8f8f-4248-bedb-c7fbd9dbb0e1","BEPLANTING","SGR","","450","SGR-BEPLANTING_SOORT_01-SO","BEPLANTING_SOORT_01","SO"
"http://digitalbuildingdata.tech/nlcs/def/be46b272-de49-4e09-b566-8b1af6abe095","BEPLANTING","SGR","","451","SGR-BEPLANTING_SOORT_02-SO","BEPLANTING_SOORT_02","SO"
"http://digitalbuildingdata.tech/nlcs/def/51c8f57d-10ad-44be-a8da-09c27f88374b","BOLLEN","SGR","","452","SGR-BOLLEN-SO","BOLLEN","SO"
"http://digitalbuildingdata.tech/nlcs/def/9d6ce5bc-66cf-44e6-bc47-b759e59f728e","BOMENGROND","SGR","","453","SGR-BOMENGROND-SO","BOMENGROND","SO"
"http://digitalbuildingdata.tech/nlcs/def/0fb736d4-7d51-4149-ac06-97c6ddec2a52","BOMENZAND","SGR","","454","SGR-BOMENZAND-SO","BOMENZAND","SO"
"http://digitalbuildingdata.tech/nlcs/def/32ebd3e3-adff-48d1-98b4-2ea441fb097b","BOOM","SGR","","455","SGR-BOOM_01","BOOM_01",""
"http://digitalbuildingdata.tech/nlcs/def/c0ef9abe-d788-407d-be4e-9d8388b22c60","BOOM","SGR","","456","SGR-BOOM_02","BOOM_02",""
"http://digitalbuildingdata.tech/nlcs/def/ef39edde-a979-4c37-ae1b-02889a372be1","BOOM","SGR","","457","SGR-BOOM_03","BOOM_03",""
"http://digitalbuildingdata.tech/nlcs/def/5a15293a-724e-46ed-ae09-797aa9cada6f","BOOM","SGR","","458","SGR-BOOM_04","BOOM_04",""
"http://digitalbuildingdata.tech/nlcs/def/3e16ad94-174e-4850-bdc7-fec9b2eefe8c","BOOM","SGR","","459","SGR-BOOM_05","BOOM_05",""
"http://digitalbuildingdata.tech/nlcs/def/1ebb2845-81de-4b45-9413-aa9f32d5850f","AANKLEDING","SAL","","46","SAL-AANKLEDING_AUTO2_ACHTERAANZICHT-D","AANKLEDING_AUTO2_ACHTERAANZICHT","D"
"http://digitalbuildingdata.tech/nlcs/def/4d90e009-12ec-49d5-9c58-be6f36450cdf","BOOM","SGR","","460","SGR-BOOM_06","BOOM_06",""
"http://digitalbuildingdata.tech/nlcs/def/77b868ae-acef-4599-aa4c-bf510ad72876","BOOM","SGR","","461","SGR-BOOM_07","BOOM_07",""
"http://digitalbuildingdata.tech/nlcs/def/590d57aa-1d96-4fea-ab1e-9deddd3f4b61","BOOM","SGR","","462","SGR-BOOM_08","BOOM_08",""
"http://digitalbuildingdata.tech/nlcs/def/63135b4e-d74a-4b28-b891-14f2890111d3","BOOM","SGR","","463","SGR-BOOM_09","BOOM_09",""
"http://digitalbuildingdata.tech/nlcs/def/9af34323-e072-42d0-bb19-e58444f3d244","BOOM","SGR","","464","SGR-BOOM_10","BOOM_10",""
"http://digitalbuildingdata.tech/nlcs/def/4580b331-7cde-4dd7-99fd-54b654b252f9","BOOM","SGR","","465","SGR-BOOM_11","BOOM_11",""
"http://digitalbuildingdata.tech/nlcs/def/899e4d9d-e5d3-4ea3-81ee-d060e1a51995","BOOM","SGR","","466","SGR-BOOM_12","BOOM_12",""
"http://digitalbuildingdata.tech/nlcs/def/c1831c8d-fe94-4b7e-a234-b391c963149d","BOOM","SGR","","467","SGR-BOOM_13","BOOM_13",""
"http://digitalbuildingdata.tech/nlcs/def/d7be22fd-4b19-4c23-9e39-c869d06b5d3e","BOOM","SGR","","468","SGR-BOOM_14","BOOM_14",""
"http://digitalbuildingdata.tech/nlcs/def/4648bd53-b832-454c-9838-b713491b648b","BOOM","SGR","","469","SGR-BOOM_15","BOOM_15",""
"http://digitalbuildingdata.tech/nlcs/def/fa02d957-75a1-47d0-b0b7-cc84ae1339da","AANKLEDING","SAL","","47","SAL-AANKLEDING_AUTO2_BOVENAANZICHT","AANKLEDING_AUTO2_BOVENAANZICHT",""
"http://digitalbuildingdata.tech/nlcs/def/c35f706f-767b-4d77-a47e-462b46f1eeff","BOOM","SGR","","470","SGR-BOOM_16","BOOM_16",""
"http://digitalbuildingdata.tech/nlcs/def/882ed5b2-6749-4a50-b838-0fcb649d1066","BOOM","SGR","","471","SGR-BOOM_17","BOOM_17",""
"http://digitalbuildingdata.tech/nlcs/def/e6006ecd-6a59-4b12-b186-b0dfeb2e6cc2","BOOM","SGR","","472","SGR-BOOM_18","BOOM_18",""
"http://digitalbuildingdata.tech/nlcs/def/9cb37258-9281-4c73-9491-faf6bf0ffd56","BOOM","SGR","","473","SGR-BOOM_19","BOOM_19",""
"http://digitalbuildingdata.tech/nlcs/def/8c62114d-2375-45cf-a0f6-39664ddaee21","BOOM","SGR","","474","SGR-BOOM_20","BOOM_20",""
"http://digitalbuildingdata.tech/nlcs/def/16f538fc-c7c9-4746-bcb1-2c3cbe4d7899","BOOM","SGR","","475","SGR-BOOM_21","BOOM_21",""
"http://digitalbuildingdata.tech/nlcs/def/120838b3-7347-44e6-ae2c-00bc6e13b2f7","BOOM","SGR","","476","SGR-BOOM_22","BOOM_22",""
"http://digitalbuildingdata.tech/nlcs/def/101e243f-ab19-4182-bae2-66e8d89a098e","BOOM","SGR","","477","SGR-BOOM_23","BOOM_23",""
"http://digitalbuildingdata.tech/nlcs/def/e85b91c2-5eff-4f30-bc55-4e7630a96080","BOOM","SGR","","478","SGR-BOOM_24","BOOM_24",""
"http://digitalbuildingdata.tech/nlcs/def/f68b13b2-328a-40b6-a7e7-46fb0e94df69","BOOM","SGR","","479","SGR-BOOM_25","BOOM_25",""
"http://digitalbuildingdata.tech/nlcs/def/f0df69c0-5cb7-42c0-9c4c-da770c7ffd2d","AANKLEDING","SAL","","48","SAL-AANKLEDING_AUTO2_VOORAANZICHT-D","AANKLEDING_AUTO2_VOORAANZICHT","D"
"http://digitalbuildingdata.tech/nlcs/def/a0bf124b-b612-4ac0-a3d8-fc5876a5b5b4","BOOM","SGR","","480","SGR-BOOM_26","BOOM_26",""
"http://digitalbuildingdata.tech/nlcs/def/49d95677-57c8-4a4a-9b3b-dfe1f3efd50e","BOOM","SGR","","481","SGR-BOOM_27","BOOM_27",""
"http://digitalbuildingdata.tech/nlcs/def/cb16468f-c1b1-4205-826a-14e8f907170c","BOOM","SGR","","482","SGR-BOOM_28","BOOM_28",""
"http://digitalbuildingdata.tech/nlcs/def/9f400ce1-d870-42cd-8f8a-1ee77b883674","BOOM","SGR","","483","SGR-BOOM_29","BOOM_29",""
"http://digitalbuildingdata.tech/nlcs/def/c8d6db8a-feb4-496b-902b-997cdc46af34","BOOM","SGR","","484","SGR-BOOM_30","BOOM_30",""
"http://digitalbuildingdata.tech/nlcs/def/8337ffe2-9ccd-4661-b5a7-85a6547bf08b","BOOM","SGR","","485","SGR-BOOM_31","BOOM_31",""
"http://digitalbuildingdata.tech/nlcs/def/7a14ca4f-4a22-4766-bfe4-ff13f85a69e3","BOOM","SGR","","486","SGR-BOOM_32","BOOM_32",""
"http://digitalbuildingdata.tech/nlcs/def/1d37ba92-5eed-4371-824d-c34f41953c9a","BOOM","SGR","","487","SGR-BOOM_33","BOOM_33",""
"http://digitalbuildingdata.tech/nlcs/def/51f8c549-82d2-47b1-aec8-c957e31e7c70","BOOM","SGR","","488","SGR-BOOM_34","BOOM_34",""
"http://digitalbuildingdata.tech/nlcs/def/a7e5e311-064d-40b5-9bb9-114bdfc8fbda","BOOM","SGR","","489","SGR-BOOM_35","BOOM_35",""
"http://digitalbuildingdata.tech/nlcs/def/966b1b01-7e6c-434c-9ea3-abf3b55a2a32","AANKLEDING","SAL","","49","SAL-AANKLEDING_AUTO2_ZIJAANZICHT-D","AANKLEDING_AUTO2_ZIJAANZICHT","D"
"http://digitalbuildingdata.tech/nlcs/def/02900008-cf8a-4d27-a929-923a382a904b","BOOM","SGR","","490","SGR-BOOM_36","BOOM_36",""
"http://digitalbuildingdata.tech/nlcs/def/2dc1064e-eee7-4484-bdd5-09922892484c","BOOM","SGR","","491","SGR-BOOM_37","BOOM_37",""
"http://digitalbuildingdata.tech/nlcs/def/243ab322-0196-48f6-ad8a-ed9889d6fd1b","BOOM","SGR","","492","SGR-BOOM_38","BOOM_38",""
"http://digitalbuildingdata.tech/nlcs/def/2a174055-6476-4c29-a693-434b6c41015a","BOOM","SGR","","493","SGR-BOOM_39","BOOM_39",""
"http://digitalbuildingdata.tech/nlcs/def/30fd45a1-bb9a-434f-9809-2d76bb5f5c01","BOOM","SGR","","494","SGR-BOOM_40","BOOM_40",""
"http://digitalbuildingdata.tech/nlcs/def/86e98f6d-8ac3-42c3-b33c-83daf8d3578c","BOOM","SGR","","495","SGR-BOOM_41","BOOM_41",""
"http://digitalbuildingdata.tech/nlcs/def/d2c3e1d5-3746-4d3c-8330-62d12f799170","BOOM","SGR","","496","SGR-BOOM_GBKN-SO","BOOM_GBKN","SO"
"http://digitalbuildingdata.tech/nlcs/def/123df073-f773-4ec9-9b0c-231d62029ebb","BOOM","SGR","","497","SGR-BOOM_KROON-SO","BOOM_KROON","SO"
"http://digitalbuildingdata.tech/nlcs/def/df6dca54-6dc9-4a83-8b73-f33b956e3b72","BOOM","SGR","","498","SGR-BOOM_STAM-SO","BOOM_STAM","SO"
"http://digitalbuildingdata.tech/nlcs/def/f05f7979-c083-4102-9cc8-fcb3b86b0f90","BOOM","SGR","","499","SGR-BOOM_VERPLANTEN_KROON-SO","BOOM_VERPLANTEN_KROON","SO"
"http://digitalbuildingdata.tech/nlcs/def/5399820e-f01a-4a50-b957-f90ead2ad1b3","TEKENBLAD","SAL","","5","SAL-TEKENBLAD_A0_841X1680-SO","TEKENBLAD_A0_841X1680","SO"
"http://digitalbuildingdata.tech/nlcs/def/7f1d3732-37ce-4071-9a48-2bf7d1d42481","AANKLEDING","SAL","","50","SAL-AANKLEDING_BUS_ACHTERAANZICHT-D","AANKLEDING_BUS_ACHTERAANZICHT","D"
"http://digitalbuildingdata.tech/nlcs/def/9dd307d9-3ff3-4b6d-b28e-aa7695fd2c8d","BOOM","SGR","","500","SGR-BOOM_VERPLANTEN_STAM-SO","BOOM_VERPLANTEN_STAM","SO"
"http://digitalbuildingdata.tech/nlcs/def/9a28fa92-8317-4527-8efb-7607f8839580","BOS","SGR","","501","SGR-BOS_GEMENGD-SO","BOS_GEMENGD","SO"
"http://digitalbuildingdata.tech/nlcs/def/9fc63c3d-cf5f-454d-abd5-23e62d0666a8","BOS","SGR","","502","SGR-BOS_LOOF-SO","BOS_LOOF","SO"
"http://digitalbuildingdata.tech/nlcs/def/3709d0f7-b568-400a-8a1a-9d8d8a1efb84","BOS","SGR","","503","SGR-BOS_NAALD-SO","BOS_NAALD","SO"
"http://digitalbuildingdata.tech/nlcs/def/c49e0b24-fa3e-45b6-aa85-ad1327f38536","BOS","SGR","","504","SGR-BOS-SO","BOS","SO"
"http://digitalbuildingdata.tech/nlcs/def/74fa2c42-8d8d-466c-8aa4-a597f2a7f3c6","BOS","SGR","","505","SGR-BOSPLANTSOEN-SO","BOSPLANTSOEN","SO"
"http://digitalbuildingdata.tech/nlcs/def/4e574d98-5bb9-41e2-ad05-4170a1d6e5f6","CONIFEER","SGR","","506","SGR-CONIFEER","CONIFEER",""
"http://digitalbuildingdata.tech/nlcs/def/f7d4dda6-a8f0-469d-8c37-2795d7456cd4","GRAS","SGR","","507","SGR-GRAS_01-SO","GRAS_01","SO"
"http://digitalbuildingdata.tech/nlcs/def/f64e50ae-3f8d-4d39-98f4-fd2731ed09bd","GRAS","SGR","","508","SGR-GRAS_02-SO","GRAS_02","SO"
"http://digitalbuildingdata.tech/nlcs/def/f34a3352-e784-43c3-b184-ab4af7ce3859","GRAS","SGR","","509","SGR-GRAS_GAZON-SO","GRAS_GAZON","SO"
"http://digitalbuildingdata.tech/nlcs/def/4c9afef5-9dfd-4cb2-bea0-026aa3d22e9f","AANKLEDING","SAL","","51","SAL-AANKLEDING_BUS_BOVENAANZICHT","AANKLEDING_BUS_BOVENAANZICHT",""
"http://digitalbuildingdata.tech/nlcs/def/5dea4505-d46f-423a-99a7-774a74c1a4a4","GRAS","SGR","","510","SGR-GRAS_GESTABILISEERD-SO","GRAS_GESTABILISEERD","SO"
"http://digitalbuildingdata.tech/nlcs/def/ab7756cc-cd5a-471f-94fd-80e704756cca","GRAS","SGR","","511","SGR-GRAS_KUNSTGRAS-SO","GRAS_KUNSTGRAS","SO"
"http://digitalbuildingdata.tech/nlcs/def/14264034-7193-4c59-913b-111675de84ad","GRAS","SGR","","512","SGR-GRAS_RUIGGRAS-SO","GRAS_RUIGGRAS","SO"
"http://digitalbuildingdata.tech/nlcs/def/784e4c2d-5bf0-45b4-9b04-937bab33452c","SPORTVELD","SGR","","513","SGR-SPORTVELD_GRAS-SO","SPORTVELD_GRAS","SO"
"http://digitalbuildingdata.tech/nlcs/def/516b8968-5783-479a-ad08-1636dae31803","SPORTVELD","SGR","","514","SGR-SPORTVELD_GRAS_KUNSTGRAS-SO","SPORTVELD_GRAS_KUNSTGRAS","SO"
"http://digitalbuildingdata.tech/nlcs/def/8cc47f24-f9ed-473d-9ed9-b12596451719","GROND","SGR","","515","SGR-GROND-SO","GROND","SO"
"http://digitalbuildingdata.tech/nlcs/def/cb71520c-e8e1-41d9-8d96-3d38f4a29edf","HEESTER","SGR","","516","SGR-HEESTER_01","HEESTER_01",""
"http://digitalbuildingdata.tech/nlcs/def/791c07cc-aa85-4b01-a4c9-5571f409c126","HEESTER","SGR","","517","SGR-HEESTER_02","HEESTER_02",""
"http://digitalbuildingdata.tech/nlcs/def/e60611ae-2745-4534-a823-f1f27a659420","HEESTER","SGR","","518","SGR-HEESTER_03","HEESTER_03",""
"http://digitalbuildingdata.tech/nlcs/def/6f4a0323-4f02-484f-b820-3179a3bbd61e","HEESTER","SGR","","519","SGR-HEESTER_04","HEESTER_04",""
"http://digitalbuildingdata.tech/nlcs/def/2bd00287-844f-43ef-8357-6df14fb8e2d4","AANKLEDING","SAL","","52","SAL-AANKLEDING_BUS_VOORAANZICHT-D","AANKLEDING_BUS_VOORAANZICHT","D"
"http://digitalbuildingdata.tech/nlcs/def/af950dcf-898e-44ed-af7b-30fe821b2fa5","HEESTER","SGR","","520","SGR-HEESTER_05","HEESTER_05",""
"http://digitalbuildingdata.tech/nlcs/def/c0249e4c-4ef5-4dce-8aad-dd52d2c85d7e","HEESTER","SGR","","521","SGR-HEESTER_06","HEESTER_06",""
"http://digitalbuildingdata.tech/nlcs/def/e3cf1c56-193c-460b-bd4d-3841689e546d","HEESTERS","SGR","","522","SGR-HEESTERS-SO","HEESTERS","SO"
"http://digitalbuildingdata.tech/nlcs/def/52ef091f-6bd9-4806-abb1-67d4c4fd0a65","HONDENTOILET","SGR","","523","SGR-HONDENTOILET-SO","HONDENTOILET","SO"
"http://digitalbuildingdata.tech/nlcs/def/425798a6-9ea8-4660-ab61-a7049c22b6b1","HOUTOPSTAND","SGR","","524","SGR-HOUTOPSTAND_GEMENGD-SO","HOUTOPSTAND_GEMENGD","SO"
"http://digitalbuildingdata.tech/nlcs/def/c62e06bf-55fd-4ca9-b9b5-3ccf8ed0ec6c","HOUTOPSTAND","SGR","","525","SGR-HOUTOPSTAND_LOOF-SO","HOUTOPSTAND_LOOF","SO"
"http://digitalbuildingdata.tech/nlcs/def/48d2c8d0-6507-4aef-babd-449cb6e44548","HOUTOPSTAND","SGR","","526","SGR-HOUTOPSTAND_NAALD-SO","HOUTOPSTAND_NAALD","SO"
"http://digitalbuildingdata.tech/nlcs/def/f61fed35-a7e7-4599-a185-53a8144a87a1","HOUTOPSTAND","SGR","","527","SGR-HOUTOPSTAND-SO","HOUTOPSTAND","SO"
"http://digitalbuildingdata.tech/nlcs/def/fd5f798b-dd52-4089-931d-fb946c2b658a","KRUIDEN","SGR","","528","SGR-KRUIDEN-SO","KRUIDEN","SO"
"http://digitalbuildingdata.tech/nlcs/def/434f0e97-78c0-46cc-8cf6-532c3635ce04","MAAIVELD","SGR","","529","SGR-MAAIVELD-SO","MAAIVELD","SO"
"http://digitalbuildingdata.tech/nlcs/def/e17402ca-723c-4697-a69f-8e702ba7624f","AFWATERINGSBAK","SSB","","5290","SSB-AFWATERINGSBAK","AFWATERINGSBAK",""
"http://digitalbuildingdata.tech/nlcs/def/da34b643-5455-47a6-8f78-4010007fd8cf","AFWATERINGSBAK","SSB","V","5291","V-SSB-AFWATERINGSBAK","AFWATERINGSBAK",""
"http://digitalbuildingdata.tech/nlcs/def/4152ced1-9cb3-4677-8394-01923bac57cb","BEVESTIGING","SSB","","5292","SSB-BEVESTIGING_BESCHERMKAP_KRAAGSCHROEF_GROEFRAIL_1-D","BEVESTIGING_BESCHERMKAP_KRAAGSCHROEF_GROEFRAIL_1","D"
"http://digitalbuildingdata.tech/nlcs/def/0dfe6547-a617-40bc-be8f-e1a79d33b1e6","BEVESTIGING","SSB","","5293","SSB-BEVESTIGING_BESCHERMKAP_KRAAGSCHROEF_GROEFRAIL_2-D","BEVESTIGING_BESCHERMKAP_KRAAGSCHROEF_GROEFRAIL_2","D"
"http://digitalbuildingdata.tech/nlcs/def/065f76d9-7314-49d6-8130-5cf0217135ff","BEVESTIGING","SSB","","5294","SSB-BEVESTIGING_BESCHERMKAP_KRAAGSCHROEF_VIGNOLERAIL_1-D","BEVESTIGING_BESCHERMKAP_KRAAGSCHROEF_VIGNOLERAIL_1","D"
"http://digitalbuildingdata.tech/nlcs/def/2865908e-e5a2-4057-889a-b69f34fc8ec4","BEVESTIGING","SSB","","5295","SSB-BEVESTIGING_BESCHERMKAP_KRAAGSCHROEF_VIGNOLERAIL_2-D","BEVESTIGING_BESCHERMKAP_KRAAGSCHROEF_VIGNOLERAIL_2","D"
"http://digitalbuildingdata.tech/nlcs/def/2bb072a1-88eb-4bea-a092-d8850760112f","BEVESTIGING","SSB","","5296","SSB-BEVESTIGING_DWARSLIGGER_GROEFRAIL_1-D","BEVESTIGING_DWARSLIGGER_GROEFRAIL_1","D"
"http://digitalbuildingdata.tech/nlcs/def/44fa3caf-5c0c-48f3-89b8-7fad6aac1514","BEVESTIGING","SSB","","5297","SSB-BEVESTIGING_DWARSLIGGER_GROEFRAIL_2-D","BEVESTIGING_DWARSLIGGER_GROEFRAIL_2","D"
"http://digitalbuildingdata.tech/nlcs/def/f79527ba-3682-4159-b534-538cefbb331b","BEVESTIGING","SSB","","5298","SSB-BEVESTIGING_DWARSLIGGER_GROEFRAIL_CONSTRUCTIEWERK_1-D","BEVESTIGING_DWARSLIGGER_GROEFRAIL_CONSTRUCTIEWERK_1","D"
"http://digitalbuildingdata.tech/nlcs/def/b9e183b5-a091-4f34-8929-560a251ab1c3","BEVESTIGING","SSB","","5299","SSB-BEVESTIGING_DWARSLIGGER_GROEFRAIL_CONSTRUCTIEWERK_2-D","BEVESTIGING_DWARSLIGGER_GROEFRAIL_CONSTRUCTIEWERK_2","D"
"http://digitalbuildingdata.tech/nlcs/def/4f3389f5-44f1-4875-8c89-43f34c1e0986","AANKLEDING","SAL","","53","SAL-AANKLEDING_BUS_ZIJAANZICHT-D","AANKLEDING_BUS_ZIJAANZICHT","D"
"http://digitalbuildingdata.tech/nlcs/def/7328c81e-e620-4238-935a-41001f5c22ab","MOERAS","SGR","","530","SGR-MOERAS-SO","MOERAS","SO"
"http://digitalbuildingdata.tech/nlcs/def/29e5b799-41be-42fc-a6be-054ccb9130fe","BEVESTIGING","SSB","","5300","SSB-BEVESTIGING_DWARSLIGGER_VIGNOLERAIL_2-D","BEVESTIGING_DWARSLIGGER_VIGNOLERAIL_2","D"
"http://digitalbuildingdata.tech/nlcs/def/f8f80629-2397-48fa-a929-c0fd3aa8696d","BEVESTIGING","SSB","","5301","SSB-BEVESTIGING_DWARSLIGGER_VIGNOLERAIL_SCHUIFVIP-D","BEVESTIGING_DWARSLIGGER_VIGNOLERAIL_SCHUIFVIP","D"
"http://digitalbuildingdata.tech/nlcs/def/811f3c61-26e0-40ed-a2c7-b09d414caa8e","BEVESTIGING","SSB","","5302","SSB-BEVESTIGING_DWARSLIGGER_VIGNOLERAIL_VASTEVIP-D","BEVESTIGING_DWARSLIGGER_VIGNOLERAIL_VASTEVIP","D"
"http://digitalbuildingdata.tech/nlcs/def/82eb4ae4-f8a0-4ea6-b4b7-32d9a056f7f5","BEVESTIGING","SSB","","5303","SSB-BEVESTIGING_KUNSTSTOFPLAAT_1-D","BEVESTIGING_KUNSTSTOFPLAAT_1","D"
"http://digitalbuildingdata.tech/nlcs/def/78612a38-e3a8-474d-b37e-7a9b5f0be05e","BEVESTIGING","SSB","","5304","SSB-BEVESTIGING_KUNSTSTOFPLAAT_2-D","BEVESTIGING_KUNSTSTOFPLAAT_2","D"
"http://digitalbuildingdata.tech/nlcs/def/7abc9ae0-6fc8-46aa-b773-df6b6fa08b9e","BEVESTIGING","SSB","","5305","SSB-BEVESTIGING_KUNSTSTOFPLAAT_ABC_1-D","BEVESTIGING_KUNSTSTOFPLAAT_ABC_1","D"
"http://digitalbuildingdata.tech/nlcs/def/62b5a93e-0b90-4c2f-9193-67a44a19f0ce","BEVESTIGING","SSB","","5306","SSB-BEVESTIGING_KUNSTSTOFPLAAT_ABC_2-D","BEVESTIGING_KUNSTSTOFPLAAT_ABC_2","D"
"http://digitalbuildingdata.tech/nlcs/def/cc656d14-b87c-47cf-8cce-cdcd765e1f48","BEVESTIGING","SSB","","5307","SSB-BEVESTIGING_REPARATIEPLAAT_1-D","BEVESTIGING_REPARATIEPLAAT_1","D"
"http://digitalbuildingdata.tech/nlcs/def/8d35290b-f8e4-45c2-a394-412f1ff6a7cc","BEVESTIGING","SSB","","5308","SSB-BEVESTIGING_REPARATIEPLAAT_2-D","BEVESTIGING_REPARATIEPLAAT_2","D"
"http://digitalbuildingdata.tech/nlcs/def/6cd91d55-83a3-4298-a9a4-df8a21f3a4b8","BEVESTIGING_ONDERSTEUNING","SSB","","5309","SSB-BEVESTIGING_ONDERSTEUNING_1-D","BEVESTIGING_ONDERSTEUNING_1","D"
"http://digitalbuildingdata.tech/nlcs/def/f50ca5b2-a566-4a87-84a6-5da6995e3b58","PLANTENBAK","SGR","","531","SGR-PLANTENBAK-SO","PLANTENBAK","SO"
"http://digitalbuildingdata.tech/nlcs/def/259be6e9-a5d5-4af4-a7ca-983793ba4b9f","BEVESTIGING_ONDERSTEUNING","SSB","","5310","SSB-BEVESTIGING_ONDERSTEUNING_2-D","BEVESTIGING_ONDERSTEUNING_2","D"
"http://digitalbuildingdata.tech/nlcs/def/3de71279-dd5c-4938-831d-fffb9df2cd7e","COMPENSATIEINRICHTING","SSB","","5311","SSB-COMPENSATIEINRICHTING","COMPENSATIEINRICHTING",""
"http://digitalbuildingdata.tech/nlcs/def/27553700-8a30-423e-83b1-20374567561d","COMPENSATIEINRICHTING","SSB","V","5312","V-SSB-COMPENSATIEINRICHTING","COMPENSATIEINRICHTING",""
"http://digitalbuildingdata.tech/nlcs/def/88f63ae9-73fb-446b-86e3-0d230c11a573","DWARSLIGGER_DUO","SSB","","5314","SSB-DWARSLIGGER_DUO_GROEFRAIL-D","DWARSLIGGER_DUO_GROEFRAIL","D"
"http://digitalbuildingdata.tech/nlcs/def/4d7a3ec9-5caa-45ca-81a9-54c17f3d2368","DWARSLIGGER_DUO","SSB","","5315","SSB-DWARSLIGGER_DUO_VIGNOLERAIL-D","DWARSLIGGER_DUO_VIGNOLERAIL","D"
"http://digitalbuildingdata.tech/nlcs/def/50e18eea-1995-4bb6-ad48-727b7a2d7370","DWARSLIGGER_HOUTEN","SSB","","5316","SSB-DWARSLIGGER_HOUTEN","DWARSLIGGER_HOUTEN",""
"http://digitalbuildingdata.tech/nlcs/def/cc1dc9aa-9c7a-4ae0-bc1a-653aa70e38b8","DWARSLIGGER_HOUTEN","SSB","","5317","SSB-DWARSLIGGER_HOUTEN-D","DWARSLIGGER_HOUTEN","D"
"http://digitalbuildingdata.tech/nlcs/def/6c4b21e9-e9c4-4d08-8950-83f3c145105f","DWARSLIGGER_KUNSTSTOF","SSB","","5318","SSB-DWARSLIGGER_KUNSTSTOF","DWARSLIGGER_KUNSTSTOF",""
"http://digitalbuildingdata.tech/nlcs/def/9165936e-1ce8-4af6-9964-bf1d1aaf8750","DWARSLIGGER_KUNSTSTOF","SSB","","5319","SSB-DWARSLIGGER_KUNSTSTOF-D","DWARSLIGGER_KUNSTSTOF","D"
"http://digitalbuildingdata.tech/nlcs/def/f643cad0-6e7e-4550-9532-948163afff0c","PLANTGATVERBETERING","SGR","","532","SGR-PLANTGATVERBETERING_01-SO","PLANTGATVERBETERING_01","SO"
"http://digitalbuildingdata.tech/nlcs/def/e249e020-e9c0-4fb6-bdbd-85f882554639","DWARSLIGGER_MONO","SSB","","5320","SSB-DWARSLIGGER_MONO_CONSTRUCIEWERK_BALLASTBAAN-D","DWARSLIGGER_MONO_CONSTRUCIEWERK_BALLASTBAAN","D"
"http://digitalbuildingdata.tech/nlcs/def/92569cb9-f160-4606-9f85-be7eda2f69c5","DWARSLIGGER_MONO","SSB","","5321","SSB-DWARSLIGGER_MONO_CONSTRUCIEWERK_BETONBAAN-D","DWARSLIGGER_MONO_CONSTRUCIEWERK_BETONBAAN","D"
"http://digitalbuildingdata.tech/nlcs/def/794bcebc-02d2-4b6d-8110-60b48de5a307","DWARSLIGGER_MONO","SSB","","5322","SSB-DWARSLIGGER_MONO_GROEFRAIL_BALLASTBAAN","DWARSLIGGER_MONO_GROEFRAIL_BALLASTBAAN",""
"http://digitalbuildingdata.tech/nlcs/def/eae14b8f-4514-42c5-bfd4-62ee7f28af57","DWARSLIGGER_MONO","SSB","","5323","SSB-DWARSLIGGER_MONO_GROEFRAIL_BALLASTBAAN-D","DWARSLIGGER_MONO_GROEFRAIL_BALLASTBAAN","D"
"http://digitalbuildingdata.tech/nlcs/def/fa82e552-5d18-4821-bcd8-f6fb9bde72ee","DWARSLIGGER_MONO","SSB","","5324","SSB-DWARSLIGGER_MONO_VIGNOLERAIL_BALLASTBAAN","DWARSLIGGER_MONO_VIGNOLERAIL_BALLASTBAAN",""
"http://digitalbuildingdata.tech/nlcs/def/b5686af6-5895-4363-becc-fbeba513b598","DWARSLIGGER_MONO","SSB","","5325","SSB-DWARSLIGGER_MONO_VIGNOLERAIL_BALLASTBAAN-D","DWARSLIGGER_MONO_VIGNOLERAIL_BALLASTBAAN","D"
"http://digitalbuildingdata.tech/nlcs/def/2a858397-5882-45b3-a64f-40e6e68ff879","DWARSLIGGER_MONO","SSB","","5326","SSB-DWARSLIGGER_MONO_VIGNOLERAIL_BALLASTBAAN_NS90-D","DWARSLIGGER_MONO_VIGNOLERAIL_BALLASTBAAN_NS90","D"
"http://digitalbuildingdata.tech/nlcs/def/5ae073a8-a7ea-4037-9190-b60d8cf6591b","DWARSLIGGER_SOLO","SSB","","5327","SSB-DWARSLIGGER_SOLO_CONSTRUCTIEWERK-D","DWARSLIGGER_SOLO_CONSTRUCTIEWERK","D"
"http://digitalbuildingdata.tech/nlcs/def/59c4ffaf-91c1-45dc-b56c-7a780a78042a","LAS_BEKIST","SSB","","5328","SSB-LAS_BEKIST-SO","LAS_BEKIST","SO"
"http://digitalbuildingdata.tech/nlcs/def/87787c1b-4c6f-4ffd-9933-1de57f78d96e","LAS_BEKIST","SSB","","5329","SSB-LAS_BEKIST_OVERGANG-SO","LAS_BEKIST_OVERGANG","SO"
"http://digitalbuildingdata.tech/nlcs/def/87cf39d4-9a32-45dc-8794-ec652472257d","PLANTGATVERBETERING","SGR","","533","SGR-PLANTGATVERBETERING_02-SO","PLANTGATVERBETERING_02","SO"
"http://digitalbuildingdata.tech/nlcs/def/d4ee5309-51d8-43a1-99d9-9e47eb6ed805","LAS_ELEKTISCHE SCHEIDING","SSB","","5330","SSB-LAS_ELEKTISCHE SCHEIDING-SO","LAS_ELEKTISCHE SCHEIDING","SO"
"http://digitalbuildingdata.tech/nlcs/def/51d6d831-08a3-4dd0-abfb-6e9ef60fe838","LAS_ELEKTISCHE SCHEIDING","SSB","V","5331","V-SSB-LAS_ELEKTISCHE SCHEIDING-SO","LAS_ELEKTISCHE SCHEIDING","SO"
"http://digitalbuildingdata.tech/nlcs/def/ec5d7df8-5489-44bf-84a5-003bc99ebd47","LAS_STOMP","SSB","","5332","SSB-LAS_STOMP-SO","LAS_STOMP","SO"
"http://digitalbuildingdata.tech/nlcs/def/9b93affa-9233-4cd1-b509-353534fde871","LAS_THERMIET","SSB","","5333","SSB-LAS_THERMIET-SO","LAS_THERMIET","SO"
"http://digitalbuildingdata.tech/nlcs/def/f6331089-cfae-41a7-a985-a93c5bc9f746","LAS_THERMIET","SSB","","5334","SSB-LAS_THERMIET_OVERGANG-SO","LAS_THERMIET_OVERGANG","SO"
"http://digitalbuildingdata.tech/nlcs/def/ee76248f-e9f7-4822-b0f2-856ac8d1a52d","ONTSPORINGSRAIL","SSB","","5335","SSB-ONTSPORINGSRAIL_HOEKSTAAL-D","ONTSPORINGSRAIL_HOEKSTAAL","D"
"http://digitalbuildingdata.tech/nlcs/def/07047e62-c4df-47f2-9394-c61e5db4b01f","ONTSPORINGSRAIL","SSB","","5336","SSB-ONTSPORINGSRAIL_U69-D","ONTSPORINGSRAIL_U69","D"
"http://digitalbuildingdata.tech/nlcs/def/39fb3f20-cb05-4208-b3aa-77412c31e3bb","OVERGANGSSTUK","SSB","","5337","SSB-OVERGANGSSTUK","OVERGANGSSTUK",""
"http://digitalbuildingdata.tech/nlcs/def/f87f19cb-c7c7-4c9e-860d-64eb41388ab1","OVERGANGSSTUK","SSB","V","5338","V-SSB-OVERGANGSSTUK","OVERGANGSSTUK",""
"http://digitalbuildingdata.tech/nlcs/def/26318095-cab2-40d4-bf29-4d70fa178e86","SPOORSTAAF_105C1","SSB","","5339","SSB-SPOORSTAAF_105C1-D","SPOORSTAAF_105C1","D"
"http://digitalbuildingdata.tech/nlcs/def/60488251-b52c-469d-bf07-a93e3d770e64","RIETLAND","SGR","","534","SGR-RIETLAND-SO","RIETLAND","SO"
"http://digitalbuildingdata.tech/nlcs/def/787d518d-adb6-40e5-a138-4192179654cb","SPOORSTAAF_105C1","SSB","V","5340","V-SSB-SPOORSTAAF_105C1-D","SPOORSTAAF_105C1","D"
"http://digitalbuildingdata.tech/nlcs/def/6254bdf0-8d42-46f5-b74f-4f45115695e3","SPOORSTAAF_310C1","SSB","","5341","SSB-SPOORSTAAF_310C1-D","SPOORSTAAF_310C1","D"
"http://digitalbuildingdata.tech/nlcs/def/900ee725-ac5a-47d9-9b6d-f821d4b8f506","SPOORSTAAF_310C1","SSB","V","5342","V-SSB-SPOORSTAAF_310C1-D","SPOORSTAAF_310C1","D"
"http://digitalbuildingdata.tech/nlcs/def/64f50285-4302-419e-96df-dd791c61bccd","SPOORSTAAF_41E1","SSB","","5343","SSB-SPOORSTAAF_41E1-D","SPOORSTAAF_41E1","D"
"http://digitalbuildingdata.tech/nlcs/def/58331c82-6510-479a-8b07-3f28497b48e4","SPOORSTAAF_41E1","SSB","V","5344","V-SSB-SPOORSTAAF_41E1-D","SPOORSTAAF_41E1","D"
"http://digitalbuildingdata.tech/nlcs/def/a50bb9a6-c278-4285-b9f8-9fb3355ae17c","SPOORSTAAF_49E1","SSB","","5345","SSB-SPOORSTAAF_49E1-D","SPOORSTAAF_49E1","D"
"http://digitalbuildingdata.tech/nlcs/def/f8aa9f5a-32fa-4118-9edf-9866e4b7d4a2","SPOORSTAAF_49E1","SSB","","5346","SSB-SPOORSTAAF_49E1_1 OP 40-D","SPOORSTAAF_49E1_1 OP 40","D"
"http://digitalbuildingdata.tech/nlcs/def/80457bec-1531-4a60-92b0-bac283d4a8e7","SPOORSTAAF_49E1","SSB","V","5347","V-SSB-SPOORSTAAF_49E1-D","SPOORSTAAF_49E1","D"
"http://digitalbuildingdata.tech/nlcs/def/e0a9ca13-9741-4cbb-aa1b-4ec73e459c56","SPOORSTAAF_49E1","SSB","V","5348","V-SSB-SPOORSTAAF_49E1_1 OP 40-D","SPOORSTAAF_49E1_1 OP 40","D"
"http://digitalbuildingdata.tech/nlcs/def/239f67ee-84b7-497a-80fe-dc5fe6435bc8","SPOORSTAAF_59R2","SSB","","5349","SSB-SPOORSTAAF_59R2-D","SPOORSTAAF_59R2","D"
"http://digitalbuildingdata.tech/nlcs/def/2e5034e8-24e6-4c84-a2e8-5a1e2fe76941","SIERPLANTSOEN","SGR","","535","SGR-SIERPLANTSOEN-SO","SIERPLANTSOEN","SO"
"http://digitalbuildingdata.tech/nlcs/def/8094acde-935c-48c1-b300-e5ae4424495a","SPOORSTAAF_60R1","SSB","","5350","SSB-SPOORSTAAF_60R1-D","SPOORSTAAF_60R1","D"
"http://digitalbuildingdata.tech/nlcs/def/a8b661de-520d-4b8c-87fb-1bbdc8358a83","SPOORSTAAF_60R1","SSB","V","5351","V-SSB-SPOORSTAAF_60R1-D","SPOORSTAAF_60R1","D"
"http://digitalbuildingdata.tech/nlcs/def/0ef7142c-779b-4bec-a0df-5cdcae004744","SPOORSTAAF_60R2","SSB","","5352","SSB-SPOORSTAAF_60R2-D","SPOORSTAAF_60R2","D"
"http://digitalbuildingdata.tech/nlcs/def/c29fc308-0e82-4165-bbce-b582a822a9e4","SPOORSTAAF_60R2","SSB","V","5353","V-SSB-SPOORSTAAF_60R2-D","SPOORSTAAF_60R2","D"
"http://digitalbuildingdata.tech/nlcs/def/1c99f09c-ee9c-4e4b-acc4-ee67ca310e49","STOOTJUK","SSB","","5354","SSB-STOOTJUK","STOOTJUK",""
"http://digitalbuildingdata.tech/nlcs/def/23d0377e-e86c-44bd-9043-1a2067bc9bad","STOOTJUK","SSB","V","5355","V-SSB-STOOTJUK","STOOTJUK",""
"http://digitalbuildingdata.tech/nlcs/def/ca9308cf-b728-4798-a3d6-01b33abdf551","TRAVERSESTANG_1","SSB","","5356","SSB-TRAVERSESTANG_1","TRAVERSESTANG_1",""
"http://digitalbuildingdata.tech/nlcs/def/7384799c-6f59-46d8-baf0-2eada217534e","TRAVERSESTANG_1","SSB","","5357","SSB-TRAVERSESTANG_1-D","TRAVERSESTANG_1","D"
"http://digitalbuildingdata.tech/nlcs/def/61147ad2-e121-4cdf-bb56-36ec5de2cea5","TRAVERSESTANG_2","SSB","","5358","SSB-TRAVERSESTANG_2","TRAVERSESTANG_2",""
"http://digitalbuildingdata.tech/nlcs/def/08353836-9e8f-41eb-a582-cf61b71ab0c2","TRAVERSESTANG_2","SSB","","5359","SSB-TRAVERSESTANG_2-D","TRAVERSESTANG_2","D"
"http://digitalbuildingdata.tech/nlcs/def/6a3003b6-2532-4eb7-b095-1ff2959eb2a6","SOORTAANDUIDING","SGR","","536","SGR-SOORTAANDUIDING-SO","SOORTAANDUIDING","SO"
"http://digitalbuildingdata.tech/nlcs/def/f1f37a3e-7cf5-44b2-8dad-cd1c122802e2","VERKANTING","SSB","","5360","SSB-VERKANTING_LINKS-SO","VERKANTING_LINKS","SO"
"http://digitalbuildingdata.tech/nlcs/def/a6d95104-8a44-4ccf-9517-7a997737f5aa","VERKANTING","SSB","","5361","SSB-VERKANTING_RECHTS-SO","VERKANTING_RECHTS","SO"
"http://digitalbuildingdata.tech/nlcs/def/dbc74047-5bb1-4bc1-b686-46a20c19479c","WISSEL_BAK_HW","SSB","","5362","SSB-WISSEL_BAK_HW40_R100","WISSEL_BAK_HW40_R100",""
"http://digitalbuildingdata.tech/nlcs/def/2467c9f2-fd75-4aa4-a2c0-83daa6cb3a67","WISSEL_BAK_HW","SSB","","5363","SSB-WISSEL_BAK_HW40_R50","WISSEL_BAK_HW40_R50",""
"http://digitalbuildingdata.tech/nlcs/def/a44a02a9-5ad5-461b-a13e-4db162299903","WISSEL_BAK_HW","SSB","","5364","SSB-WISSEL_BAK_HW61_R100","WISSEL_BAK_HW61_R100",""
"http://digitalbuildingdata.tech/nlcs/def/50550cfb-c8c5-4b5f-aca1-903d2f2f0777","WISSEL_BAK_HW","SSB","","5365","SSB-WISSEL_BAK_HW61_R25","WISSEL_BAK_HW61_R25",""
"http://digitalbuildingdata.tech/nlcs/def/90ca882e-e7ad-4f42-8ec0-e6dd8a8f779f","WISSEL_BAK_HW","SSB","","5366","SSB-WISSEL_BAK_HW61_R50","WISSEL_BAK_HW61_R50",""
"http://digitalbuildingdata.tech/nlcs/def/3bf08c92-9932-4c48-9374-273bfc73e27c","WISSEL_BAK_HW","SSB","V","5367","V-SSB-WISSEL_BAK_HW40_R100","WISSEL_BAK_HW40_R100",""
"http://digitalbuildingdata.tech/nlcs/def/b603da62-91d5-416e-b792-0fa0b27f40fa","WISSEL_BAK_HW","SSB","V","5368","V-SSB-WISSEL_BAK_HW40_R50","WISSEL_BAK_HW40_R50",""
"http://digitalbuildingdata.tech/nlcs/def/2c601a6f-ecd6-40c5-ba2c-9252b08f84b9","WISSEL_BAK_HW","SSB","V","5369","V-SSB-WISSEL_BAK_HW61_R100","WISSEL_BAK_HW61_R100",""
"http://digitalbuildingdata.tech/nlcs/def/d9251120-6f74-4b2b-9fd5-44d09e63bde9","STRUWEEL","SGR","","537","SGR-STRUWEEL-SO","STRUWEEL","SO"
"http://digitalbuildingdata.tech/nlcs/def/71696aaf-5f75-4b85-a768-84c3a60ab215","WISSEL_BAK_HW","SSB","V","5370","V-SSB-WISSEL_BAK_HW61_R25","WISSEL_BAK_HW61_R25",""
"http://digitalbuildingdata.tech/nlcs/def/aadc415e-c18b-4014-9d78-ed108c160f76","WISSEL_BAK_HW","SSB","V","5371","V-SSB-WISSEL_BAK_HW61_R50","WISSEL_BAK_HW61_R50",""
"http://digitalbuildingdata.tech/nlcs/def/b8ca9053-4b08-4c7c-a35e-5faa8514a95d","WISSEL_BAK_VS","SSB","","5372","SSB-WISSEL_BAK_VS20_R100","WISSEL_BAK_VS20_R100",""
"http://digitalbuildingdata.tech/nlcs/def/f8272a68-880e-4c72-aa69-1c7fa240ae73","WISSEL_BAK_VS","SSB","","5373","SSB-WISSEL_BAK_VS20_R25","WISSEL_BAK_VS20_R25",""
"http://digitalbuildingdata.tech/nlcs/def/ff855ba8-363e-4f8e-b18b-079f3e3de019","WISSEL_BAK_VS","SSB","","5374","SSB-WISSEL_BAK_VS20_R50","WISSEL_BAK_VS20_R50",""
"http://digitalbuildingdata.tech/nlcs/def/2642cc3a-53fe-4a66-8379-8237a43e750a","WISSEL_BAK_VS","SSB","V","5375","V-SSB-WISSEL_BAK_VS20_R100","WISSEL_BAK_VS20_R100",""
"http://digitalbuildingdata.tech/nlcs/def/85f046ae-34cd-47d7-80e5-f825eaafd1c6","WISSEL_BAK_VS","SSB","V","5376","V-SSB-WISSEL_BAK_VS20_R25","WISSEL_BAK_VS20_R25",""
"http://digitalbuildingdata.tech/nlcs/def/ef6b705f-400d-4643-bfda-425ffc1495fa","WISSEL_BAK_VS","SSB","V","5377","V-SSB-WISSEL_BAK_VS20_R50","WISSEL_BAK_VS20_R50",""
"http://digitalbuildingdata.tech/nlcs/def/883d0e2f-46fb-4026-96eb-c0c673b815a2","WISSEL_TONGSTUK","SSB","","5378","SSB-WISSEL_TONGSTUK_R100","WISSEL_TONGSTUK_R100",""
"http://digitalbuildingdata.tech/nlcs/def/b1bd55da-91b1-42f9-8ba1-955b3e301420","WISSEL_TONGSTUK","SSB","","5379","SSB-WISSEL_TONGSTUK_R25","WISSEL_TONGSTUK_R25",""
"http://digitalbuildingdata.tech/nlcs/def/647bcf55-a2fe-4ef4-8c15-dcfbeed9d53a","TEELGROND","SGR","","538","SGR-TEELGROND_01-SO","TEELGROND_01","SO"
"http://digitalbuildingdata.tech/nlcs/def/95a6ac40-e7c7-4a20-94d1-cb2fb6c3026c","WISSEL_TONGSTUK","SSB","","5380","SSB-WISSEL_TONGSTUK_R50","WISSEL_TONGSTUK_R50",""
"http://digitalbuildingdata.tech/nlcs/def/fb092414-f97f-49cc-a62e-c982a2ffa3a3","WISSEL_TONGSTUK","SSB","V","5381","V-SSB-WISSEL_TONGSTUK_R100","WISSEL_TONGSTUK_R100",""
"http://digitalbuildingdata.tech/nlcs/def/b009b624-ec33-4552-ace5-0c267f7f925d","WISSEL_TONGSTUK","SSB","V","5382","V-SSB-WISSEL_TONGSTUK_R25","WISSEL_TONGSTUK_R25",""
"http://digitalbuildingdata.tech/nlcs/def/bdfcfce8-3743-4e05-89f0-9189754fd49c","WISSEL_TONGSTUK","SSB","V","5383","V-SSB-WISSEL_TONGSTUK_R50","WISSEL_TONGSTUK_R50",""
"http://digitalbuildingdata.tech/nlcs/def/f5ef57fa-1a17-4fb8-a5e7-f1b06a866d78","WISSEL_VERWARMING","SSB","","5384","SSB-WISSEL_VERWARMING_R100","WISSEL_VERWARMING_R100",""
"http://digitalbuildingdata.tech/nlcs/def/a28d8cb9-8e42-44f0-946a-c5fd47df3412","WISSEL_VERWARMING","SSB","","5385","SSB-WISSEL_VERWARMING_R25","WISSEL_VERWARMING_R25",""
"http://digitalbuildingdata.tech/nlcs/def/c85093a8-cb3e-4dc2-8408-ecc752f41da9","WISSEL_VERWARMING","SSB","","5386","SSB-WISSEL_VERWARMING_R50","WISSEL_VERWARMING_R50",""
"http://digitalbuildingdata.tech/nlcs/def/cd261364-4622-4bcc-bbf6-e1dbc8b237ab","WISSEL_VERWARMING","SSB","V","5387","V-SSB-WISSEL_VERWARMING_R100","WISSEL_VERWARMING_R100",""
"http://digitalbuildingdata.tech/nlcs/def/125e870a-86dd-4e02-bbc6-e4c6c9aa7426","WISSEL_VERWARMING","SSB","V","5388","V-SSB-WISSEL_VERWARMING_R25","WISSEL_VERWARMING_R25",""
"http://digitalbuildingdata.tech/nlcs/def/8bcc3f7e-ab51-44e5-81e8-d36de28629e2","WISSEL_VERWARMING","SSB","V","5389","V-SSB-WISSEL_VERWARMING_R50","WISSEL_VERWARMING_R50",""
"http://digitalbuildingdata.tech/nlcs/def/7bf317b9-8693-439b-9884-44e4330493ac","TEELGROND","SGR","","539","SGR-TEELGROND_02-SO","TEELGROND_02","SO"
"http://digitalbuildingdata.tech/nlcs/def/4d34240f-9402-4af5-8c69-e8311946deb7","AANKLEDING","SAL","","54","SAL-AANKLEDING_BUSJE1_ACHTERAANZICHT-D","AANKLEDING_BUSJE1_ACHTERAANZICHT","D"
"http://digitalbuildingdata.tech/nlcs/def/af39e903-55d4-441e-bdb6-2d8c881bd10c","TYPEAANDUIDING","SGR","","540","SGR-TYPEAANDUIDING-SO","TYPEAANDUIDING","SO"
"http://digitalbuildingdata.tech/nlcs/def/551d30c7-bdb1-4f5e-891c-9b5e4087c5ed","VASTEPLANTEN","SGR","","541","SGR-VASTEPLANTEN-SO","VASTEPLANTEN","SO"
"http://digitalbuildingdata.tech/nlcs/def/4bd567c5-8447-4800-8ef0-a280c0b039fe","WATERPLANTEN","SGR","","542","SGR-WATERPLANTEN-SO","WATERPLANTEN","SO"
"http://digitalbuildingdata.tech/nlcs/def/5a44c5f4-8ea8-4589-8c9b-25780a4a48d3","WISSELBEPLANTING","SGR","","543","SGR-WISSELBEPLANTING-SO","WISSELBEPLANTING","SO"
"http://digitalbuildingdata.tech/nlcs/def/002303b3-0ac1-4e31-9400-9573423ed61f","BOOM","SGR","","544","SGR-BOOM_S01_A_ZIJ-D","BOOM_S01_A_ZIJ","D"
"http://digitalbuildingdata.tech/nlcs/def/76fb0528-f996-4646-9c6d-3460a4214683","BOOM","SGR","","545","SGR-BOOM_S01_B_ZIJ-D","BOOM_S01_B_ZIJ","D"
"http://digitalbuildingdata.tech/nlcs/def/1686dc89-4591-4854-8bcc-c0087f17905a","BOOM","SGR","","546","SGR-BOOM_S01_C_ZIJ-D","BOOM_S01_C_ZIJ","D"
"http://digitalbuildingdata.tech/nlcs/def/ab091922-6129-400b-8a1f-56b9af40b81b","BOOM","SGR","","547","SGR-BOOM_S01_D_ZIJ-D","BOOM_S01_D_ZIJ","D"
"http://digitalbuildingdata.tech/nlcs/def/25b9f4a1-41a9-4697-9293-e469fec7b99b","BOOM","SGR","","548","SGR-BOOM_S01_E_ZIJ-D","BOOM_S01_E_ZIJ","D"
"http://digitalbuildingdata.tech/nlcs/def/11b7d054-90c6-4fcc-af8b-ad38ba6d9c50","BOOM","SGR","","549","SGR-BOOM_S01_F_ZIJ-D","BOOM_S01_F_ZIJ","D"
"http://digitalbuildingdata.tech/nlcs/def/5b3a3fab-fbb7-4a16-b4b5-f7a5b53e1021","AANKLEDING","SAL","","55","SAL-AANKLEDING_BUSJE1_BOVENAANZICHT","AANKLEDING_BUSJE1_BOVENAANZICHT",""
"http://digitalbuildingdata.tech/nlcs/def/d3a65abd-d079-451e-bf5e-3488d8bb82ce","BOOM","SGR","","550","SGR-BOOM_S01_G_ZIJ-D","BOOM_S01_G_ZIJ","D"
"http://digitalbuildingdata.tech/nlcs/def/ef375103-6189-4b30-a052-cea68796a63f","BOOM","SGR","","551","SGR-BOOM_S01_H_ZIJ-D","BOOM_S01_H_ZIJ","D"
"http://digitalbuildingdata.tech/nlcs/def/c62b15ba-e85e-4cef-9f7a-8bf4bd729b3b","BOOM","SGR","","552","SGR-BOOM_S01_I_ZIJ-D","BOOM_S01_I_ZIJ","D"
"http://digitalbuildingdata.tech/nlcs/def/ead0ce38-043f-418f-ae09-87da59e115d4","BOOM","SGR","","553","SGR-BOOM_S01_J_ZIJ-D","BOOM_S01_J_ZIJ","D"
"http://digitalbuildingdata.tech/nlcs/def/8c9ccb87-e3b8-4c9e-baf6-1d027101a9ad","BOOM","SGR","","554","SGR-BOOM_S01_K_ZIJ-D","BOOM_S01_K_ZIJ","D"
"http://digitalbuildingdata.tech/nlcs/def/71f91d99-a418-4b14-93dd-afc0ca0f5372","BOOM","SGR","","555","SGR-BOOM_S01_L_ZIJ-D","BOOM_S01_L_ZIJ","D"
"http://digitalbuildingdata.tech/nlcs/def/bff661a8-4415-4b33-97fa-c08416a283e1","BOOM","SGR","","556","SGR-BOOM_S01_M_ZIJ-D","BOOM_S01_M_ZIJ","D"
"http://digitalbuildingdata.tech/nlcs/def/4fabe817-9931-4a22-a679-38c1091bfdee","BOOM","SGR","","557","SGR-BOOM_S01_N_ZIJ-D","BOOM_S01_N_ZIJ","D"
"http://digitalbuildingdata.tech/nlcs/def/b736f5a6-aa16-4bac-b5ad-ad95ba8cdf89","BOOM","SGR","","558","SGR-BOOM_S01_O_ZIJ-D","BOOM_S01_O_ZIJ","D"
"http://digitalbuildingdata.tech/nlcs/def/15fc69ad-7faf-46ac-bdd9-10c81b5ee49f","BOOM","SGR","","559","SGR-BOOM_S01_P_ZIJ-D","BOOM_S01_P_ZIJ","D"
"http://digitalbuildingdata.tech/nlcs/def/5927314f-10fb-4076-b7ad-3d082fe210e6","AANKLEDING","SAL","","56","SAL-AANKLEDING_BUSJE1_VOORAANZICHT-D","AANKLEDING_BUSJE1_VOORAANZICHT","D"
"http://digitalbuildingdata.tech/nlcs/def/c2d29fa7-5977-4025-a9e0-13f973c5d86a","BOOM","SGR","","560","SGR-BOOM_S01_Q_ZIJ-D","BOOM_S01_Q_ZIJ","D"
"http://digitalbuildingdata.tech/nlcs/def/cf04d15b-9ac8-4445-9085-e1fd1c909c0b","BOOM","SGR","","561","SGR-BOOM_S01_R_ZIJ-D","BOOM_S01_R_ZIJ","D"
"http://digitalbuildingdata.tech/nlcs/def/5fdd9fbd-1005-4ea4-a0f7-0b6ffc4c6931","BOOM","SGR","","562","SGR-BOOM_S01_S_ZIJ-D","BOOM_S01_S_ZIJ","D"
"http://digitalbuildingdata.tech/nlcs/def/a3080032-d4f8-4526-8c9f-a8ab4d71cb9d","BOOM","SGR","","563","SGR-BOOM_S01_T_ZIJ-D","BOOM_S01_T_ZIJ","D"
"http://digitalbuildingdata.tech/nlcs/def/3346c75f-6652-4fe9-a4e5-deb6cbe6a18e","BOOM","SGR","","564","SGR-BOOM_S01_U_ZIJ-D","BOOM_S01_U_ZIJ","D"
"http://digitalbuildingdata.tech/nlcs/def/45f44c01-3303-4885-b594-900135397512","BOOM","SGR","","565","SGR-BOOM_S01_V_ZIJ-D","BOOM_S01_V_ZIJ","D"
"http://digitalbuildingdata.tech/nlcs/def/bc84da44-0f76-4de4-ba7c-8773fa4b5d44","BOOM","SGR","","566","SGR-BOOM_S01_W_ZIJ-D","BOOM_S01_W_ZIJ","D"
"http://digitalbuildingdata.tech/nlcs/def/b47489df-c3c5-4b0d-9a94-10c78b8409e7","BOOM","SGR","","567","SGR-BOOM_S01_X_ZIJ-D","BOOM_S01_X_ZIJ","D"
"http://digitalbuildingdata.tech/nlcs/def/7bb9ac9f-f0b6-433f-80a9-c5294d140d5f","BOOM","SGR","","568","SGR-BOOM_S01_Y_ZIJ-D","BOOM_S01_Y_ZIJ","D"
"http://digitalbuildingdata.tech/nlcs/def/9302be99-9ab2-4c3d-ad7b-97cab9c55c0f","BOOM","SGR","","569","SGR-BOOM_S02_A_ZIJ-D","BOOM_S02_A_ZIJ","D"
"http://digitalbuildingdata.tech/nlcs/def/6f2a602d-c1bc-4b92-8ed0-e6e8a9a4f1d8","AANKLEDING","SAL","","57","SAL-AANKLEDING_BUSJE1_ZIJAANZICHT-D","AANKLEDING_BUSJE1_ZIJAANZICHT","D"
"http://digitalbuildingdata.tech/nlcs/def/04970d10-82ec-4b8a-978b-0e88c6488996","BOOM","SGR","","570","SGR-BOOM_S02_B_ZIJ-D","BOOM_S02_B_ZIJ","D"
"http://digitalbuildingdata.tech/nlcs/def/85f658a0-dc07-446b-a4ba-0d954a06c7e2","BOOM","SGR","","571","SGR-BOOM_S02_C_ZIJ-D","BOOM_S02_C_ZIJ","D"
"http://digitalbuildingdata.tech/nlcs/def/218cf0d3-cf2c-44c3-ba0f-a5f5056d8da5","BOOM","SGR","","572","SGR-BOOM_S02_D_ZIJ-D","BOOM_S02_D_ZIJ","D"
"http://digitalbuildingdata.tech/nlcs/def/920ac971-23ac-4e87-a610-cea2c067fd29","BOOM","SGR","","573","SGR-BOOM_S02_E_ZIJ-D","BOOM_S02_E_ZIJ","D"
"http://digitalbuildingdata.tech/nlcs/def/6d493666-ff16-4f92-a17e-bfcc577abcd0","BOOM","SGR","","574","SGR-BOOM_S02_F_ZIJ-D","BOOM_S02_F_ZIJ","D"
"http://digitalbuildingdata.tech/nlcs/def/3b743f74-e2b4-4d78-840b-c06865519c00","BOOM","SGR","","575","SGR-BOOM_S02_G_ZIJ-D","BOOM_S02_G_ZIJ","D"
"http://digitalbuildingdata.tech/nlcs/def/65de8d69-b25b-460c-b537-d422625949bc","BOOM","SGR","","576","SGR-BOOM_S03_A_ZIJ-D","BOOM_S03_A_ZIJ","D"
"http://digitalbuildingdata.tech/nlcs/def/4ad1cb38-4cb1-43ef-bf41-b432fc8941e0","BOOM","SGR","","577","SGR-BOOM_S03_B_ZIJ-D","BOOM_S03_B_ZIJ","D"
"http://digitalbuildingdata.tech/nlcs/def/f1b5aafc-3b2e-4e21-b966-e011c0edbd56","BOOM","SGR","","578","SGR-BOOM_S03_C_ZIJ-D","BOOM_S03_C_ZIJ","D"
"http://digitalbuildingdata.tech/nlcs/def/f91bbc5f-e02d-453a-bcd7-88e8f85b2c6b","BOOM","SGR","","579","SGR-BOOM_S03_D_ZIJ-D","BOOM_S03_D_ZIJ","D"
"http://digitalbuildingdata.tech/nlcs/def/1fd85260-4963-45ac-8d6f-64788ef496fd","AANKLEDING","SAL","","58","SAL-AANKLEDING_FIETSER_BOVENAANZICHT","AANKLEDING_FIETSER_BOVENAANZICHT",""
"http://digitalbuildingdata.tech/nlcs/def/9910b70c-00b4-497e-a4ea-981a10960874","BOOM","SGR","","580","SGR-BOOM_S04_A_ZIJ-D","BOOM_S04_A_ZIJ","D"
"http://digitalbuildingdata.tech/nlcs/def/d037b698-a8eb-4378-9d95-5e1e18474e39","BOOM","SGR","","581","SGR-BOOM_S04_B_ZIJ-D","BOOM_S04_B_ZIJ","D"
"http://digitalbuildingdata.tech/nlcs/def/4c8f1060-8807-4eea-86e6-9fa408112735","BOOM","SGR","","582","SGR-BOOM_S04_C_ZIJ-D","BOOM_S04_C_ZIJ","D"
"http://digitalbuildingdata.tech/nlcs/def/1357caf0-ddc6-4b38-adc3-5ae62b6cad2d","BOOM","SGR","","583","SGR-BOOM_S05_A_ZIJ-D","BOOM_S05_A_ZIJ","D"
"http://digitalbuildingdata.tech/nlcs/def/d9c81383-0434-404c-8c9f-e7fce8fdb6c2","BOOM","SGR","","584","SGR-BOOM_S05_B_ZIJ-D","BOOM_S05_B_ZIJ","D"
"http://digitalbuildingdata.tech/nlcs/def/2b815c8b-a131-4825-a35c-b9c080cfe03a","BOOM","SGR","","585","SGR-BOOM_S05_C_ZIJ-D","BOOM_S05_C_ZIJ","D"
"http://digitalbuildingdata.tech/nlcs/def/5fae5593-33b9-402c-9499-450254637326","BOOM","SGR","","586","SGR-BOOM_S05_D_ZIJ-D","BOOM_S05_D_ZIJ","D"
"http://digitalbuildingdata.tech/nlcs/def/99cf6e14-0d86-4e7b-90ea-906cddbb2f62","BOOM","SGR","","587","SGR-BOOM_S05_E_ZIJ-D","BOOM_S05_E_ZIJ","D"
"http://digitalbuildingdata.tech/nlcs/def/0837cf2c-586f-4e46-9cbc-96f2f54dcc34","BOOM","SGR","","588","SGR-BOOM_S05_F_ZIJ-D","BOOM_S05_F_ZIJ","D"
"http://digitalbuildingdata.tech/nlcs/def/995e1117-e58c-4515-8cdf-a759e267cdc0","BOOM","SGR","","589","SGR-BOOM_S05_G_ZIJ-D","BOOM_S05_G_ZIJ","D"
"http://digitalbuildingdata.tech/nlcs/def/7265788b-a2b7-45cd-b93e-aae998fd3a07","AANKLEDING","SAL","","59","SAL-AANKLEDING_FIETSER_ZIJAANZICHT-D","AANKLEDING_FIETSER_ZIJAANZICHT","D"
"http://digitalbuildingdata.tech/nlcs/def/96c55c63-0023-48e9-b795-2e8421ed5292","BOOM","SGR","","590","SGR-BOOM_S05_H_ZIJ-D","BOOM_S05_H_ZIJ","D"
"http://digitalbuildingdata.tech/nlcs/def/ffc91ee1-3adb-4b9c-9714-b1afaf2125db","TEKENBLAD","SAL","","6","SAL-TEKENBLAD_A0_841X1890-SO","TEKENBLAD_A0_841X1890","SO"
"http://digitalbuildingdata.tech/nlcs/def/f060a051-b7ef-476c-a956-57258426d44b","AANKLEDING","SAL","","60","SAL-AANKLEDING_FIETSTER_ACHTERAANZICHT-D","AANKLEDING_FIETSTER_ACHTERAANZICHT","D"
"http://digitalbuildingdata.tech/nlcs/def/15bc1919-0131-4e5e-ba98-b3aa1c28a816","BOOM","SGR","","602","SGR-BOOM_S07_B_ZIJ-D","BOOM_S07_B_ZIJ","D"
"http://digitalbuildingdata.tech/nlcs/def/57770c17-f340-48c2-9df2-2cd282c2d43c","BOOM","SGR","","603","SGR-BOOM_S07_C_ZIJ-D","BOOM_S07_C_ZIJ","D"
"http://digitalbuildingdata.tech/nlcs/def/4006a88a-1afb-4908-9d26-501c94aaa6e3","BOOM","SGR","","605","SGR-BOOM_S07_E_ZIJ-D","BOOM_S07_E_ZIJ","D"
"http://digitalbuildingdata.tech/nlcs/def/f5eb5f9d-09ee-4b14-a366-19672eb65ab2","BOOM","SGR","","606","SGR-BOOM_S08_A_ZIJ-D","BOOM_S08_A_ZIJ","D"
"http://digitalbuildingdata.tech/nlcs/def/4034a3b4-949a-47ce-ba8a-bd1bef66ce44","BOOM","SGR","","607","SGR-BOOM_S08_B_ZIJ-D","BOOM_S08_B_ZIJ","D"
"http://digitalbuildingdata.tech/nlcs/def/d140f657-1c8c-40b0-8a54-b11aa3377c2b","BOOM","SGR","","608","SGR-BOOM_S08_C_ZIJ-D","BOOM_S08_C_ZIJ","D"
"http://digitalbuildingdata.tech/nlcs/def/86664898-db35-42b0-9790-9333fffc9924","BOOM","SGR","","609","SGR-BOOM_S08_D_ZIJ-D","BOOM_S08_D_ZIJ","D"
"http://digitalbuildingdata.tech/nlcs/def/6daa28a2-2acd-4912-a5f3-ba9d362a572c","AANKLEDING","SAL","","61","SAL-AANKLEDING_FIETSTER_VOORAANZICHT-D","AANKLEDING_FIETSTER_VOORAANZICHT","D"
"http://digitalbuildingdata.tech/nlcs/def/ec25cd3b-277e-4179-9639-402471b62bab","BOOM","SGR","","610","SGR-BOOM_S09_A_ZIJ-D","BOOM_S09_A_ZIJ","D"
"http://digitalbuildingdata.tech/nlcs/def/a60d35cd-4a52-4980-9cab-d2fbb84eba9a","BOOM","SGR","","611","SGR-BOOM_S09_B_ZIJ-D","BOOM_S09_B_ZIJ","D"
"http://digitalbuildingdata.tech/nlcs/def/2784c25a-cf11-4573-a2e0-57606606d7d6","BOOM","SGR","","612","SGR-BOOM_S09_C_ZIJ-D","BOOM_S09_C_ZIJ","D"
"http://digitalbuildingdata.tech/nlcs/def/2060c557-caf8-4861-a70c-f290849391b1","BOOM","SGR","","613","SGR-BOOM_S09_D_ZIJ-D","BOOM_S09_D_ZIJ","D"
"http://digitalbuildingdata.tech/nlcs/def/b9d93430-95e0-4bcf-b796-93559eef5f57","BOOM","SGR","","614","SGR-BOOM_S09_E_ZIJ-D","BOOM_S09_E_ZIJ","D"
"http://digitalbuildingdata.tech/nlcs/def/7314d7d6-93eb-4497-948f-1fe43830b6be","BOOM","SGR","","615","SGR-BOOM_S09_F_ZIJ-D","BOOM_S09_F_ZIJ","D"
"http://digitalbuildingdata.tech/nlcs/def/aae3c45d-fee4-4bba-ada2-afaf5d4bc3b8","BOOM","SGR","","616","SGR-BOOM_S10_A_ZIJ-D","BOOM_S10_A_ZIJ","D"
"http://digitalbuildingdata.tech/nlcs/def/df47857a-d75b-41f7-b7be-c1263ac4224a","BOOM","SGR","","617","SGR-BOOM_S10_B_ZIJ-D","BOOM_S10_B_ZIJ","D"
"http://digitalbuildingdata.tech/nlcs/def/d8beba55-d71a-4abf-9d21-5e49e0f0b635","BOOM","SGR","","618","SGR-BOOM_S11_A_ZIJ-D","BOOM_S11_A_ZIJ","D"
"http://digitalbuildingdata.tech/nlcs/def/d45891ad-9876-4b09-8538-88cf23d0aade","BOOM","SGR","","619","SGR-BOOM_S11_B_ZIJ-D","BOOM_S11_B_ZIJ","D"
"http://digitalbuildingdata.tech/nlcs/def/97cd95f9-c50d-4f2c-a8a2-257f7ffac8ec","AANKLEDING","SAL","","62","SAL-AANKLEDING_MOTOR_ACHTERAANZICHT-D","AANKLEDING_MOTOR_ACHTERAANZICHT","D"
"http://digitalbuildingdata.tech/nlcs/def/0375b066-461c-4b0c-bfd7-ac9c05b154eb","BOOM","SGR","","620","SGR-BOOM_S12_A_ZIJ-D","BOOM_S12_A_ZIJ","D"
"http://digitalbuildingdata.tech/nlcs/def/e2093380-bbd1-4d4a-8a15-45f7d85c351f","BOOM","SGR","","621","SGR-BOOM_S12_B_ZIJ-D","BOOM_S12_B_ZIJ","D"
"http://digitalbuildingdata.tech/nlcs/def/5861fd4e-3731-421a-9ee8-894b92de4abc","HEESTER","SGR","","622","SGR-HEESTER_S01_A_ZIJ-D","HEESTER_S01_A_ZIJ","D"
"http://digitalbuildingdata.tech/nlcs/def/374199f3-43fb-4244-97c6-e74afbfabcce","HEESTER","SGR","","623","SGR-HEESTER_S01_B_ZIJ-D","HEESTER_S01_B_ZIJ","D"
"http://digitalbuildingdata.tech/nlcs/def/253f3541-2b74-430c-828c-b46d27e33111","HEESTER","SGR","","624","SGR-HEESTER_S01_C_ZIJ-D","HEESTER_S01_C_ZIJ","D"
"http://digitalbuildingdata.tech/nlcs/def/3c119806-9752-4b46-9de8-24b2ad40c6a5","HEESTER","SGR","","625","SGR-HEESTER_S01_E_ZIJ-D","HEESTER_S01_E_ZIJ","D"
"http://digitalbuildingdata.tech/nlcs/def/486f7e21-68ee-48fd-a3a2-87c1830f96d5","HEESTER","SGR","","626","SGR-HEESTER_S01_F_ZIJ-D","HEESTER_S01_F_ZIJ","D"
"http://digitalbuildingdata.tech/nlcs/def/03120fb8-5dec-418b-b6e2-49675abdc7e6","HEESTER","SGR","","627","SGR-HEESTER_S01_G_ZIJ-D","HEESTER_S01_G_ZIJ","D"
"http://digitalbuildingdata.tech/nlcs/def/40514293-b332-4774-9039-d381986c7fe0","WEG","SIE","","628","SIE-WEG_ABRI-SO","WEG_ABRI","SO"
"http://digitalbuildingdata.tech/nlcs/def/4bd76452-2431-466f-b0b1-a7a529a44d2f","AANKLEDING","SAL","","63","SAL-AANKLEDING_MOTOR_BOVENAANZICHT","AANKLEDING_MOTOR_BOVENAANZICHT",""
"http://digitalbuildingdata.tech/nlcs/def/983ae987-6775-4b37-8bac-6def4f70d314","WEG","SIE","","630","SIE-WEG_AFVALBAK_01-SO","WEG_AFVALBAK_01","SO"
"http://digitalbuildingdata.tech/nlcs/def/fb7bf9b7-5024-4770-a5db-c74964287837","WEG","SIE","","631","SIE-WEG_AFVALBAK_02-SO","WEG_AFVALBAK_02","SO"
"http://digitalbuildingdata.tech/nlcs/def/1861f827-89b8-42a8-8b69-121641413a67","WEG","SIE","","633","SIE-WEG_ANTENNE-SO","WEG_ANTENNE","SO"
"http://digitalbuildingdata.tech/nlcs/def/ea5f82b3-2326-463a-957e-a57da6f0c604","WATER","SIE","","634","SIE-WATER_BOLDER-SO","WATER_BOLDER","SO"
"http://digitalbuildingdata.tech/nlcs/def/dc2fda9f-dd95-4c79-b962-d7924aa8503a","BOOMKRANS","SVH","","636","SVH-BOOMKRANS_ELEMENT_LATERAAL_1200X1200","BOOMKRANS_ELEMENT_LATERAAL_1200X1200",""
"http://digitalbuildingdata.tech/nlcs/def/233afa6c-5fa8-45d9-ad0e-06f149f0a34b","BOOMKRANS","SVH","","637","SVH-BOOMKRANS_ELEMENT_LATERAAL_1500X1500","BOOMKRANS_ELEMENT_LATERAAL_1500X1500",""
"http://digitalbuildingdata.tech/nlcs/def/60a8e1cf-e073-4913-bcb1-4b8b3be0ef7f","BOOMKRANS","SVH","","638","SVH-BOOMKRANS_ELEMENT_WEGA_1500X1500","BOOMKRANS_ELEMENT_WEGA_1500X1500",""
"http://digitalbuildingdata.tech/nlcs/def/4e657071-8d8f-4140-ab39-766bc9b5a5b7","BOOMKRANS","SVH","","639","SVH-BOOMKRANS_ELEMENT_WEGA_2250X2250","BOOMKRANS_ELEMENT_WEGA_2250X2250",""
"http://digitalbuildingdata.tech/nlcs/def/738118c7-5b90-452f-b611-9832b2c4cb93","AANKLEDING","SAL","","64","SAL-AANKLEDING_MOTOR_VOORAANZICHT-D","AANKLEDING_MOTOR_VOORAANZICHT","D"
"http://digitalbuildingdata.tech/nlcs/def/12e2e415-b553-40b2-979b-4db3426e1ca6","WEG","SIE","","640","SIE-WEG_BOOMROOSTER_STAAL_1900X1900","WEG_BOOMROOSTER_STAAL_1900X1900",""
"http://digitalbuildingdata.tech/nlcs/def/49b27e8d-fcc3-49ed-8b55-9e3834e2a32c","WEG","SIE","","641","SIE-WEG_BESCHERMBEUGEL_RECHT","WEG_BESCHERMBEUGEL_RECHT",""
"http://digitalbuildingdata.tech/nlcs/def/836243fe-46f5-418d-a378-a379770ccf12","WEG","SIE","","642","SIE-WEG_BRIEVENBUS-SO","WEG_BRIEVENBUS","SO"
"http://digitalbuildingdata.tech/nlcs/def/02daf658-5b22-4a76-a31a-f1233c3af212","WEG","SIE","","643","SIE-WEG_CAMERA_ROODLICHT-SO","WEG_CAMERA_ROODLICHT","SO"
"http://digitalbuildingdata.tech/nlcs/def/ec473cf4-a1a7-45cc-bb0d-559ffa401850","WEG","SIE","","644","SIE-WEG_CAMERA_SNELHEID-SO","WEG_CAMERA_SNELHEID","SO"
"http://digitalbuildingdata.tech/nlcs/def/d238619d-c905-4c6d-be69-66dcc7a659d1","WEG","SIE","","645","SIE-WEG_CONTAINER_AFVAL-SO","WEG_CONTAINER_AFVAL","SO"
"http://digitalbuildingdata.tech/nlcs/def/3c339520-7660-486d-bcb9-10246d69623f","WEG","SIE","","646","SIE-WEG_CONTAINER_ALGEMEEN-SO","WEG_CONTAINER_ALGEMEEN","SO"
"http://digitalbuildingdata.tech/nlcs/def/e737427d-8bde-4303-a848-f22b60d3b923","WEG","SIE","","647","SIE-WEG_CONTAINER_GLAS-SO","WEG_CONTAINER_GLAS","SO"
"http://digitalbuildingdata.tech/nlcs/def/adc8c911-a37b-4c1d-8b31-1ee096ac8556","WEG","SIE","","648","SIE-WEG_CONTAINER_GROFVUIL-SO","WEG_CONTAINER_GROFVUIL","SO"
"http://digitalbuildingdata.tech/nlcs/def/aeedee03-cf1b-48d6-9cf5-a29d5478ac1e","WEG","SIE","","649","SIE-WEG_CONTAINER_HUISVUIL_OPSTELPLAATS-SO","WEG_CONTAINER_HUISVUIL_OPSTELPLAATS","SO"
"http://digitalbuildingdata.tech/nlcs/def/dd793086-f677-44f3-b500-9d147ced5efd","AANKLEDING","SAL","","65","SAL-AANKLEDING_MOTOR_ZIJAANZICHT-D","AANKLEDING_MOTOR_ZIJAANZICHT","D"
"http://digitalbuildingdata.tech/nlcs/def/1e7380c8-65b0-4a96-b63e-a7108ee101e9","WEG","SIE","","650","SIE-WEG_CONTAINER_PAPIER-SO","WEG_CONTAINER_PAPIER","SO"
"http://digitalbuildingdata.tech/nlcs/def/ebecb9dc-cd79-449f-b300-c4939319856a","TEGEL","SVH","","651","SVH-TEGEL_CONTAINERTEGEL","TEGEL_CONTAINERTEGEL",""
"http://digitalbuildingdata.tech/nlcs/def/070ebc81-24b3-47c1-8e3d-1c3138b2eaaa","WEG","SIE","","652","SIE-WEG_CONTAINER_TEXTIEL-SO","WEG_CONTAINER_TEXTIEL","SO"
"http://digitalbuildingdata.tech/nlcs/def/5343b18c-ca94-4b58-b8ed-38c1b3f042d2","TERREINAFSCHEIDING","SIE","","653","SIE-TERREINAFSCHEIDING_DOORGANG_DRAAIPOORT-SO","TERREINAFSCHEIDING_DOORGANG_DRAAIPOORT","SO"
"http://digitalbuildingdata.tech/nlcs/def/5f4851ec-9a31-4494-827c-c66364f35eb8","TERREINAFSCHEIDING","SIE","","654","SIE-TERREINAFSCHEIDING_DOORGANG_SCHUIFPOORT-SO","TERREINAFSCHEIDING_DOORGANG_SCHUIFPOORT","SO"
"http://digitalbuildingdata.tech/nlcs/def/868b68be-bdbd-4db5-85dd-ac025ac49148","WATER","SIE","","655","SIE-WATER_DUKDALF-SO","WATER_DUKDALF","SO"
"http://digitalbuildingdata.tech/nlcs/def/d7681555-3114-48f2-9527-32f4f82bbbe8","WEG","SIE","","656","SIE-WEG_FIETSKLEM_RECHT","WEG_FIETSKLEM_RECHT",""
"http://digitalbuildingdata.tech/nlcs/def/94f1b32c-38d8-4f33-8eb9-edb5fce16de4","WEG","SIE","","657","SIE-WEG_FIETSKLEM_SCHUIN","WEG_FIETSKLEM_SCHUIN",""
"http://digitalbuildingdata.tech/nlcs/def/996173f5-66fb-41d2-bbc9-f5989233b4b5","WEG","SIE","","658","SIE-WEG_GLASBOLREFLECTOR-SO","WEG_GLASBOLREFLECTOR","SO"
"http://digitalbuildingdata.tech/nlcs/def/9e1ec22d-004f-4afb-bcfc-36ddf3cf2a6e","GRONDSPOT","SOV","","659","SOV-GRONDSPOT_01-SO","GRONDSPOT_01","SO"
"http://digitalbuildingdata.tech/nlcs/def/4a59769b-b809-4237-b8b5-dd0313fc6c21","AANKLEDING","SAL","","66","SAL-AANKLEDING_TRACTOR_ACHTERAANZICHT-D","AANKLEDING_TRACTOR_ACHTERAANZICHT","D"
"http://digitalbuildingdata.tech/nlcs/def/62e0ca71-870d-43a9-8df0-978be17ccfa0","GRONDSPOT","SOV","","660","SOV-GRONDSPOT_02-SO","GRONDSPOT_02","SO"
"http://digitalbuildingdata.tech/nlcs/def/4fbf9adc-1bc1-4d47-8392-c58411c138d9","WEG","SIE","","661","SIE-WEG_GRONDSPOT-SO","WEG_GRONDSPOT","SO"
"http://digitalbuildingdata.tech/nlcs/def/a23acbb1-ef71-4b56-b7d0-7ef2ec7bc446","WEG","SIE","","662","SIE-WEG_INGANGSCONTROLE_CAMERA-SO","WEG_INGANGSCONTROLE_CAMERA","SO"
"http://digitalbuildingdata.tech/nlcs/def/ea67fa0d-8e02-4cdb-81c3-10cd4950ebc2","WEG","SIE","","663","SIE-WEG_INGANGSCONTROLE_STOPLICHT-SO","WEG_INGANGSCONTROLE_STOPLICHT","SO"
"http://digitalbuildingdata.tech/nlcs/def/41ab0c60-e45c-49de-9fcc-ccd1b611077f","WEG","SIE","","664","SIE-WEG_INGANGSCONTROLE_ZUIL-SO","WEG_INGANGSCONTROLE_ZUIL","SO"
"http://digitalbuildingdata.tech/nlcs/def/a34f2eb2-d991-49b8-86a5-8cd6a3bd56df","WEG","SIE","","667","SIE-WEG_BESCHERMBEUGEL_ROND","WEG_BESCHERMBEUGEL_ROND",""
"http://digitalbuildingdata.tech/nlcs/def/945771b7-97f0-48fb-a43a-faccdd832c5a","AANKLEDING","SAL","","67","SAL-AANKLEDING_TRACTOR_BOVENAANZICHT","AANKLEDING_TRACTOR_BOVENAANZICHT",""
"http://digitalbuildingdata.tech/nlcs/def/5bb40887-5bf2-494b-aaf4-d66a663369fd","WEG","SIE","","671","SIE-WEG_HOOGSPANNINGSMAST-SO","WEG_HOOGSPANNINGSMAST","SO"
"http://digitalbuildingdata.tech/nlcs/def/740b3433-5757-4884-bdf0-35ea47c9bd1a","WATER","SIE","","672","SIE-WATER_MEERPAAL-SO","WATER_MEERPAAL","SO"
"http://digitalbuildingdata.tech/nlcs/def/c5e51807-2786-43ab-8313-e64bb322797f","WATER","SIE","","673","SIE-WATER_MEERSTOEL-SO","WATER_MEERSTOEL","SO"
"http://digitalbuildingdata.tech/nlcs/def/3464819d-bd21-4880-983b-148a84acf734","WATER","SIE","","674","SIE-WATER_MERKPAAL_LEIDING-SO","WATER_MERKPAAL_LEIDING","SO"
"http://digitalbuildingdata.tech/nlcs/def/588b006d-c785-4f0f-a963-3ecee33ad209","WEG","SIE","","675","SIE-WEG_PAAL_ALGEMEEN-SO","WEG_PAAL_ALGEMEEN","SO"
"http://digitalbuildingdata.tech/nlcs/def/86aa9369-f316-4ee9-a905-d217e1dda5d1","WEG","SIE","","676","SIE-WEG_PAAL_ALGEMEEN_01-SO","WEG_PAAL_ALGEMEEN_01","SO"
"http://digitalbuildingdata.tech/nlcs/def/5041c486-04e7-4b98-8e6a-d339081a7262","SPOORSTAAF_59R2","SSB","V","6766","V-SSB-SPOORSTAAF_59R2-D","SPOORSTAAF_59R2","D"
"http://digitalbuildingdata.tech/nlcs/def/02b34fca-45ca-4cd0-b00a-3a1a9df888f5","WEG","SIE","","677","SIE-WEG_PAAL_BETON-SO","WEG_PAAL_BETON","SO"
"http://digitalbuildingdata.tech/nlcs/def/100192d3-c25d-40fb-b959-8c77584d654a","WEG","SIE","","678","SIE-WEG_PAAL_CONISCH-SO","WEG_PAAL_CONISCH","SO"
"http://digitalbuildingdata.tech/nlcs/def/ac75aa2d-fbe8-4ece-99d2-e04e7d65d566","RAILAANSLUITBAK","SIS","","6783","SIS-RAILAANSLUITBAK_01","RAILAANSLUITBAK_01",""
"http://digitalbuildingdata.tech/nlcs/def/366b8f9b-80f7-4241-b966-72c7e9ac5415","RAILAANSLUITBAK","SIS","V","6784","V-SIS-RAILAANSLUITBAK_02","RAILAANSLUITBAK_02",""
"http://digitalbuildingdata.tech/nlcs/def/91c32cdd-ec30-41b0-ae25-9011f3fee63d","WEG","SIE","","679","SIE-WEG_PAAL_CONISCH_AFNEEMBAAR-SO","WEG_PAAL_CONISCH_AFNEEMBAAR","SO"
"http://digitalbuildingdata.tech/nlcs/def/673b8406-6b99-4cbd-88aa-dbd0413f472f","AANKLEDING","SAL","","68","SAL-AANKLEDING_TRACTOR_VOORAANZICHT-D","AANKLEDING_TRACTOR_VOORAANZICHT","D"
"http://digitalbuildingdata.tech/nlcs/def/398d128d-7b28-4405-83a3-4e4ffc52db68","WEG","SIE","","680","SIE-WEG_PAAL_GRENSPAAL-SO","WEG_PAAL_GRENSPAAL","SO"
"http://digitalbuildingdata.tech/nlcs/def/af555975-4cb5-44f0-b689-0f77c2897292","WEG","SIE","","681","SIE-WEG_PAAL_HOUT-SO","WEG_PAAL_HOUT","SO"
"http://digitalbuildingdata.tech/nlcs/def/c7b15d19-dc75-46bc-a29e-fa82277e9d09","WEG","SIE","","682","SIE-WEG_PAAL_KLAPPAAL-SO","WEG_PAAL_KLAPPAAL","SO"
"http://digitalbuildingdata.tech/nlcs/def/9cbf0b6f-7b72-441e-a84c-80584ab936c6","WEG","SIE","","683","SIE-WEG_PAAL_KUNSTSTOF-SO","WEG_PAAL_KUNSTSTOF","SO"
"http://digitalbuildingdata.tech/nlcs/def/7d0ce991-06f1-49dc-b28f-4e3263444195","WEG","SIE","","684","SIE-WEG_PAAL_UITNEEMBAAR-SO","WEG_PAAL_UITNEEMBAAR","SO"
"http://digitalbuildingdata.tech/nlcs/def/ce640b2a-9285-4a44-91c5-fa671549efd6","WEG","SIE","","685","SIE-WEG_PAAL_VAST-SO","WEG_PAAL_VAST","SO"
"http://digitalbuildingdata.tech/nlcs/def/39bc7f4d-3a59-4dbf-9b1e-e14bb71fa94d","WEG","SIE","","686","SIE-WEG_PARKEERAUTOMAAT-SO","WEG_PARKEERAUTOMAAT","SO"
"http://digitalbuildingdata.tech/nlcs/def/97878834-e4ec-4fa2-97bd-719fd0bcaf81","WEG","SIE","","687","SIE-WEG_PARKEERMAATREGEL_BETONBOL","WEG_PARKEERMAATREGEL_BETONBOL",""
"http://digitalbuildingdata.tech/nlcs/def/e9b31fc6-8d38-4ff8-9cff-eddcbbcbff78","WEG","SIE","","688","SIE-WEG_PARKEERMAATREGEL_BETONBOL_PYRAMIDE","WEG_PARKEERMAATREGEL_BETONBOL_PYRAMIDE",""
"http://digitalbuildingdata.tech/nlcs/def/097c3176-08b2-4312-9c7e-0bed5b3c9170","WEG","SIE","","689","SIE-WEG_PARKEERMAATREGEL_BETONBOL_VIERKANTENVOET","WEG_PARKEERMAATREGEL_BETONBOL_VIERKANTENVOET",""
"http://digitalbuildingdata.tech/nlcs/def/59de9f7d-df6c-4aaf-9a7d-c7301c18e9af","AANKLEDING","SAL","","69","SAL-AANKLEDING_TRACTOR_ZIJAANZICHT-D","AANKLEDING_TRACTOR_ZIJAANZICHT","D"
"http://digitalbuildingdata.tech/nlcs/def/d10d295f-677a-45c1-8927-79e1343bd6aa","WEG","SIE","","690","SIE-WEG_PARKEERMAATREGEL_BETONCARRE_300X300","WEG_PARKEERMAATREGEL_BETONCARRE_300X300",""
"http://digitalbuildingdata.tech/nlcs/def/cce3107a-7d09-4e2c-a046-ad5d4a7fcd0f","WEG","SIE","","691","SIE-WEG_PARKEERMAATREGEL_GENIEBLOK","WEG_PARKEERMAATREGEL_GENIEBLOK",""
"http://digitalbuildingdata.tech/nlcs/def/f52a484d-2714-4dfb-939b-66e83383a082","WEG","SIE","","692","SIE-WEG_PARKEERMAATREGEL_HUNNENBED","WEG_PARKEERMAATREGEL_HUNNENBED",""
"http://digitalbuildingdata.tech/nlcs/def/3d6ba91b-62ac-4ace-89c2-69bcdff6e573","WEG","SIE","","693","SIE-WEG_PARKEERMAATREGEL_POEF_ROND","WEG_PARKEERMAATREGEL_POEF_ROND",""
"http://digitalbuildingdata.tech/nlcs/def/582fac51-2b40-4f18-a27e-393e2c673cae","WEG","SIE","","694","SIE-WEG_PARKEERMAATREGEL_POEF_VIERKANT","WEG_PARKEERMAATREGEL_POEF_VIERKANT",""
"http://digitalbuildingdata.tech/nlcs/def/e3e4193c-5a40-4e69-a1ac-845652093de0","WEG","SIE","","695","SIE-WEG_PARKEERMAATREGEL_SCHAMPBLOK_650X450X400","WEG_PARKEERMAATREGEL_SCHAMPBLOK_650X450X400",""
"http://digitalbuildingdata.tech/nlcs/def/ababfb50-70ca-451b-b697-13a4191f6039","WEG","SIE","","696","SIE-WEG_PARKEERMAATREGEL_SCHAMPBLOK_650X500X400","WEG_PARKEERMAATREGEL_SCHAMPBLOK_650X500X400",""
"http://digitalbuildingdata.tech/nlcs/def/e5e9a87c-bb6a-4913-b55a-e6326d91ff85","STOOTBAND","SVH","","697","SVH-STOOTBAND_ROND_VLAK_1000X200_DUBBEL","STOOTBAND_ROND_VLAK_1000X200_DUBBEL",""
"http://digitalbuildingdata.tech/nlcs/def/c6c3a93d-255c-4224-8bd0-7504e394eef1","STOOTBAND","SVH","","699","SVH-STOOTBAND_ROND_VLAK_750X200_DUBBEL","STOOTBAND_ROND_VLAK_750X200_DUBBEL",""
"http://digitalbuildingdata.tech/nlcs/def/91f4c78c-d817-4300-af19-307123131315","TEKENBLAD","SAL","","7","SAL-TEKENBLAD_A0_841X2100-SO","TEKENBLAD_A0_841X2100","SO"
"http://digitalbuildingdata.tech/nlcs/def/b253eb91-4f8a-4898-82cb-b54b25e62b2b","AANKLEDING","SAL","","70","SAL-AANKLEDING_TRAM_VOORAANZICHT-D","AANKLEDING_TRAM_VOORAANZICHT","D"
"http://digitalbuildingdata.tech/nlcs/def/f97214e8-9923-4ca6-8e1e-954b58ac2617","STOOTBAND","SVH","","700","SVH-STOOTBAND_ROND_VLAK_900X200_DUBBEL","STOOTBAND_ROND_VLAK_900X200_DUBBEL",""
"http://digitalbuildingdata.tech/nlcs/def/359a6158-b6b8-485f-9699-b98311c1c286","TEGEL","SVH","","701","SVH-TEGEL_PARKEERTEGEL","TEGEL_PARKEERTEGEL",""
"http://digitalbuildingdata.tech/nlcs/def/3cdb168b-c5c2-43ae-ad9b-f2f7db9d22fd","WEG","SIE","","702","SIE-WEG_PEUKENPAAL-SO","WEG_PEUKENPAAL","SO"
"http://digitalbuildingdata.tech/nlcs/def/a01fef58-aac4-4421-bd75-071d1bce5896","WEG","SIE","","703","SIE-WEG_PICKNICKSET","WEG_PICKNICKSET",""
"http://digitalbuildingdata.tech/nlcs/def/0f2f445e-d581-4d3c-bc1f-f4e067f1dd30","WEG","SIE","","704","SIE-WEG_PRAATPAAL-SO","WEG_PRAATPAAL","SO"
"http://digitalbuildingdata.tech/nlcs/def/69de1eb6-7f45-4331-8620-755cc41e68ba","WEG","SIE","","705","SIE-WEG_RECLAMEZUIL-SO","WEG_RECLAMEZUIL","SO"
"http://digitalbuildingdata.tech/nlcs/def/97132641-a209-4a41-a1eb-f8b74a2d4a36","WEG","SIE","","707","SIE-WEG_SCHIJNWERPER-SO","WEG_SCHIJNWERPER","SO"
"http://digitalbuildingdata.tech/nlcs/def/c4b891f7-0abf-4278-a6a5-37f25249f33c","WEG","SIE","","708","SIE-WEG_SCHRIKHEK-SO","WEG_SCHRIKHEK","SO"
"http://digitalbuildingdata.tech/nlcs/def/aa068ae5-4026-4e79-a75b-d05cf7fdfb29","WEG","SIE","","709","SIE-WEG_SLAGBOOM-SO","WEG_SLAGBOOM","SO"
"http://digitalbuildingdata.tech/nlcs/def/fa094828-81c7-4593-9229-0ee403fbeffe","AANKLEDING","SAL","","71","SAL-AANKLEDING_TREIN1_VOORAANZICHT-D","AANKLEDING_TREIN1_VOORAANZICHT","D"
"http://digitalbuildingdata.tech/nlcs/def/96039def-0706-4e95-9b72-39ef738bed7f","WEG","SIE","","710","SIE-WEG_SNUFFELPAAL-SO","WEG_SNUFFELPAAL","SO"
"http://digitalbuildingdata.tech/nlcs/def/7aacd8dd-dffc-410a-9626-c54fcf3e55df","WEG","SIE","","711","SIE-WEG_SPEELTOESTEL-SO","WEG_SPEELTOESTEL","SO"
"http://digitalbuildingdata.tech/nlcs/def/2ddc2878-1f24-40cd-bd2a-b074bc0dece3","WEG","SIE","","712","SIE-WEG_VERKEERSBORD_STRAATNAAMBORD_PAAL-SO","WEG_VERKEERSBORD_STRAATNAAMBORD_PAAL","SO"
"http://digitalbuildingdata.tech/nlcs/def/9b031801-d2bb-4517-b799-e4bf08e69e7b","WEG","SIE","","713","SIE-WEG_STRAATPOT_BRANDKRAAN-SO","WEG_STRAATPOT_BRANDKRAAN","SO"
"http://digitalbuildingdata.tech/nlcs/def/3fd6b18f-d1b2-47ec-a83e-dbb128c39b76","WEG","SIE","","714","SIE-WEG_STRAATPOT_GAS-SO","WEG_STRAATPOT_GAS","SO"
"http://digitalbuildingdata.tech/nlcs/def/84c9b375-791c-45b3-a5dc-d90b91e68ff6","WEG","SIE","","715","SIE-WEG_STRAATPOT_WATER-SO","WEG_STRAATPOT_WATER","SO"
"http://digitalbuildingdata.tech/nlcs/def/2aa5f155-fe09-4f39-b0e1-c993979f6cdb","WEG","SIE","","716","SIE-WEG_TANK-SO","WEG_TANK","SO"
"http://digitalbuildingdata.tech/nlcs/def/8dd9a7f9-fa7f-4551-a6ff-a779f6b50830","WEG","SIE","","717","SIE-WEG_TELEFOONCEL-SO","WEG_TELEFOONCEL","SO"
"http://digitalbuildingdata.tech/nlcs/def/c6988054-a1f5-4abd-9392-446b35243e71","WEG","SIE","","718","SIE-WEG_TRAP-SO","WEG_TRAP","SO"
"http://digitalbuildingdata.tech/nlcs/def/24cfa53f-8775-4f7a-ad4d-5316223c1fe8","WEG","SIE","","719","SIE-WEG_VERKEERSBORD_PAAL-SO","WEG_VERKEERSBORD_PAAL","SO"
"http://digitalbuildingdata.tech/nlcs/def/39f328a1-d36b-4453-ae8b-0a1082e0b910","AANKLEDING","SAL","","72","SAL-AANKLEDING_TREIN2_VOORAANZICHT-D","AANKLEDING_TREIN2_VOORAANZICHT","D"
"http://digitalbuildingdata.tech/nlcs/def/943acf0b-80c1-4f05-9461-11d1a0b4465c","WEG","SIE","","720","SIE-WEG_VERKEERSBORD-SO","WEG_VERKEERSBORD","SO"
"http://digitalbuildingdata.tech/nlcs/def/a207ddae-11a0-4ebe-9c1e-e25b0779ee30","WEG","SIE","","721","SIE-WEG_VERKEERSLICHT-SO","WEG_VERKEERSLICHT","SO"
"http://digitalbuildingdata.tech/nlcs/def/c652467e-7be7-41b0-8485-7121c4237384","WEG","SIE","","723","SIE-WEG_WEGWIJZER-SO","WEG_WEGWIJZER","SO"
"http://digitalbuildingdata.tech/nlcs/def/8760bf92-18a1-4203-89e1-48d26947d5f0","WEG","SIE","","724","SIE-WEG_WINDZAK-SO","WEG_WINDZAK","SO"
"http://digitalbuildingdata.tech/nlcs/def/f0251db4-2614-4ee8-8853-80db3b698545","WEG","SIE","","725","SIE-WEG_ZITBANK_MET_LEUNING","WEG_ZITBANK_MET_LEUNING",""
"http://digitalbuildingdata.tech/nlcs/def/29c40852-2dd2-4855-98eb-978107fb0a89","WEG","SIE","","726","SIE-WEG_ZITBANK_ZONDER_LEUNING","WEG_ZITBANK_ZONDER_LEUNING",""
"http://digitalbuildingdata.tech/nlcs/def/4478af30-5217-42fe-b47d-70816e36631d","WEG","SIE","V","727","V-SIE-WEG_ABRI-SO","WEG_ABRI","SO"
"http://digitalbuildingdata.tech/nlcs/def/99ad10a6-af96-4035-974f-27536c91c967","WEG","SIE","V","729","V-SIE-WEG_AFVALBAK_01-SO","WEG_AFVALBAK_01","SO"
"http://digitalbuildingdata.tech/nlcs/def/0b94821b-630a-4198-b595-2e9bbaa003f9","AANKLEDING","SAL","","73","SAL-AANKLEDING_TREIN3_VOORAANZICHT-D","AANKLEDING_TREIN3_VOORAANZICHT","D"
"http://digitalbuildingdata.tech/nlcs/def/14214676-81b8-4752-a06a-e14b04be2896","WEG","SIE","V","730","V-SIE-WEG_AFVALBAK_02-SO","WEG_AFVALBAK_02","SO"
"http://digitalbuildingdata.tech/nlcs/def/ade58fe8-4d1f-44c7-8f66-fb3e7e162a36","WEG","SIE","V","732","V-SIE-WEG_ANTENNE-SO","WEG_ANTENNE","SO"
"http://digitalbuildingdata.tech/nlcs/def/9cdf60da-4774-4396-be3d-108f4f68307e","WATER","SIE","V","733","V-SIE-WATER_BOLDER-SO","WATER_BOLDER","SO"
"http://digitalbuildingdata.tech/nlcs/def/e267c579-41a6-4d96-9ada-a7343a3a071a","BOOMKRANSBAND","SVH","V","734","V-SVH-BOOMKRANSBAND_1200X1200","BOOMKRANSBAND_1200X1200",""
"http://digitalbuildingdata.tech/nlcs/def/560fd7e3-be4d-4698-ad2a-145b42088b61","BOOMKRANS","SVH","V","735","V-SVH-BOOMKRANS_ELEMENT_LATERAAL_1200X1200","BOOMKRANS_ELEMENT_LATERAAL_1200X1200",""
"http://digitalbuildingdata.tech/nlcs/def/e84dae24-a72e-46ea-8b58-1dcd9ce55106","BOOMKRANS","SVH","V","736","V-SVH-BOOMKRANS_ELEMENT_LATERAAL_1500X1500","BOOMKRANS_ELEMENT_LATERAAL_1500X1500",""
"http://digitalbuildingdata.tech/nlcs/def/8ff2778c-572d-4b0a-88e1-a78bd1cd37e3","BOOMKRANS","SVH","V","737","V-SVH-BOOMKRANS_ELEMENT_WEGA_1500X1500","BOOMKRANS_ELEMENT_WEGA_1500X1500",""
"http://digitalbuildingdata.tech/nlcs/def/268703dd-e7e9-4640-96ae-d84df8a67367","BOOMKRANS","SVH","V","738","V-SVH-BOOMKRANS_ELEMENT_WEGA_2250X2250","BOOMKRANS_ELEMENT_WEGA_2250X2250",""
"http://digitalbuildingdata.tech/nlcs/def/e850529c-f547-4839-9c04-733841b498e7","WEG","SIE","V","739","V-SIE-WEG_BOOMROOSTER_STAAL_1900X1900","WEG_BOOMROOSTER_STAAL_1900X1900",""
"http://digitalbuildingdata.tech/nlcs/def/7a2cbbac-2d26-4d8d-a164-7f47d34d38ae","AANKLEDING","SAL","","74","SAL-AANKLEDING_VRACHTAUTO_VOORAANZICHT-D","AANKLEDING_VRACHTAUTO_VOORAANZICHT","D"
"http://digitalbuildingdata.tech/nlcs/def/a96adb4c-b30a-413d-9378-e6cf15213ffd","WEG","SIE","V","740","V-SIE-WEG_BESCHERMBEUGEL_RECHT","WEG_BESCHERMBEUGEL_RECHT",""
"http://digitalbuildingdata.tech/nlcs/def/30a90167-af7e-4e46-ad1e-769c726c3197","WEG","SIE","V","741","V-SIE-WEG_BRIEVENBUS-SO","WEG_BRIEVENBUS","SO"
"http://digitalbuildingdata.tech/nlcs/def/915de499-8ac3-4c43-9574-3a3497f4dad7","WEG","SIE","V","742","V-SIE-WEG_CAMERA_ROODLICHT-SO","WEG_CAMERA_ROODLICHT","SO"
"http://digitalbuildingdata.tech/nlcs/def/23f0a971-7620-46f9-9f11-4457d43491f7","WEG","SIE","V","743","V-SIE-WEG_CAMERA_SNELHEID-SO","WEG_CAMERA_SNELHEID","SO"
"http://digitalbuildingdata.tech/nlcs/def/c4206716-f889-4d2d-988e-34a1a549a09e","WEG","SIE","V","744","V-SIE-WEG_CONTAINER_AFVAL-SO","WEG_CONTAINER_AFVAL","SO"
"http://digitalbuildingdata.tech/nlcs/def/6d66afdb-9c00-4428-acea-db7464d97717","WEG","SIE","V","745","V-SIE-WEG_CONTAINER_ALGEMEEN-SO","WEG_CONTAINER_ALGEMEEN","SO"
"http://digitalbuildingdata.tech/nlcs/def/d49f4765-7b23-446a-a80a-9a42f15ebafb","WEG","SIE","V","746","V-SIE-WEG_CONTAINER_GLAS-SO","WEG_CONTAINER_GLAS","SO"
"http://digitalbuildingdata.tech/nlcs/def/f8665e8c-0930-4d17-ba13-ff5fbb45602c","WEG","SIE","V","747","V-SIE-WEG_CONTAINER_GROFVUIL-SO","WEG_CONTAINER_GROFVUIL","SO"
"http://digitalbuildingdata.tech/nlcs/def/a66e92dd-9b16-4aae-85fd-e67e6d57bfe7","WEG","SIE","V","748","V-SIE-WEG_CONTAINER_HUISVUIL_OPSTELPLAATS-SO","WEG_CONTAINER_HUISVUIL_OPSTELPLAATS","SO"
"http://digitalbuildingdata.tech/nlcs/def/ae1b0ced-62a2-4a03-8e2c-d37151530d08","WEG","SIE","V","749","V-SIE-WEG_CONTAINER_PAPIER-SO","WEG_CONTAINER_PAPIER","SO"
"http://digitalbuildingdata.tech/nlcs/def/233a40b7-c248-406e-ab48-d4e52e5065a8","AANKLEDING","SAL","","75","SAL-AANKLEDING_VRACHTAUTO_ACHTERAANZICHT-D","AANKLEDING_VRACHTAUTO_ACHTERAANZICHT","D"
"http://digitalbuildingdata.tech/nlcs/def/1a17d876-4ed6-4ab5-a09b-656855d70b73","TEGEL","SVH","V","750","V-SVH-TEGEL_CONTAINERTEGEL","TEGEL_CONTAINERTEGEL",""
"http://digitalbuildingdata.tech/nlcs/def/65f7421a-14f3-4fb6-8e3d-ab6ea8de9449","WEG","SIE","V","751","V-SIE-WEG_CONTAINER_TEXTIEL-SO","WEG_CONTAINER_TEXTIEL","SO"
"http://digitalbuildingdata.tech/nlcs/def/096aff49-4f7c-43e2-aec4-c96a44435956","TERREINAFSCHEIDING","SIE","V","752","V-SIE-TERREINAFSCHEIDING_DOORGANG_DRAAIPOORT-SO","TERREINAFSCHEIDING_DOORGANG_DRAAIPOORT","SO"
"http://digitalbuildingdata.tech/nlcs/def/33c16bf6-81ec-4e45-ba2e-c1559ba4052f","TERREINAFSCHEIDING","SIE","V","753","V-SIE-TERREINAFSCHEIDING_DOORGANG_SCHUIFPOORT-SO","TERREINAFSCHEIDING_DOORGANG_SCHUIFPOORT","SO"
"http://digitalbuildingdata.tech/nlcs/def/6855fcff-ba38-4d12-a42d-08f2f4ba7a67","WATER","SIE","V","754","V-SIE-WATER_DUKDALF-SO","WATER_DUKDALF","SO"
"http://digitalbuildingdata.tech/nlcs/def/4eef49a7-5e65-442b-ae68-e8b1cb3211ab","WEG","SIE","V","755","V-SIE-WEG_FIETSKLEM_RECHT","WEG_FIETSKLEM_RECHT",""
"http://digitalbuildingdata.tech/nlcs/def/cfb925bf-213d-438a-9c7f-9a946e46e585","WEG","SIE","V","756","V-SIE-WEG_FIETSKLEM_SCHUIN","WEG_FIETSKLEM_SCHUIN",""
"http://digitalbuildingdata.tech/nlcs/def/9974e8d6-f0da-42a7-984a-2e21af2f2624","WEG","SIE","V","757","V-SIE-WEG_GLASBOLREFLECTOR-SO","WEG_GLASBOLREFLECTOR","SO"
"http://digitalbuildingdata.tech/nlcs/def/4301ec6a-b330-4618-95e1-624322935e47","GRONDSPOT","SOV","V","758","V-SOV-GRONDSPOT_01-SO","SOGRONDSPOT_01","SO"
"http://digitalbuildingdata.tech/nlcs/def/5cd8136d-0c28-44c7-9cf5-3408a3d6ab7b","GRONDSPOT","SOV","V","759","V-SOV-GRONDSPOT_02-SO","SOGRONDSPOT_02","SO"
"http://digitalbuildingdata.tech/nlcs/def/ae3f0d67-e28f-4ff6-b696-98abad0266b1","AANKLEDING","SAL","","76","SAL-AANKLEDING_VRACHTAUTO_BOVENAANZICHT_9.5","AANKLEDING_VRACHTAUTO_BOVENAANZICHT_9.5",""
"http://digitalbuildingdata.tech/nlcs/def/dddb8e46-ee05-44a5-b52c-84df8df47777","WEG","SIE","V","760","V-SIE-WEG_GRONDSPOT-SO","WEG_GRONDSPOT","SO"
"http://digitalbuildingdata.tech/nlcs/def/5e35ddf1-d4b6-46d4-a098-ac555f06e07c","WEG","SIE","V","761","V-SIE-WEG_INGANGSCONTROLE_CAMERA-SO","WEG_INGANGSCONTROLE_CAMERA","SO"
"http://digitalbuildingdata.tech/nlcs/def/e5c83932-54d1-49f7-9fb7-e55fbeb701f6","WEG","SIE","V","762","V-SIE-WEG_INGANGSCONTROLE_STOPLICHT-SO","WEG_INGANGSCONTROLE_STOPLICHT","SO"
"http://digitalbuildingdata.tech/nlcs/def/89ea6d47-99f0-430d-8d59-56c46d1f09a5","WEG","SIE","V","763","V-SIE-WEG_INGANGSCONTROLE_ZUIL-SO","WEG_INGANGSCONTROLE_ZUIL","SO"
"http://digitalbuildingdata.tech/nlcs/def/3242968e-10fc-450a-87e3-f4938bb5748b","WEG","SIE","V","765","V-SIE-WEG_LICHTMAST-SO","WEG_LICHTMAST","SO"
"http://digitalbuildingdata.tech/nlcs/def/d4bc41ef-284a-4295-be3a-ca9b8033c5ac","WEG","SIE","V","766","V-SIE-WEG_BESCHERMBEUGEL_ROND","WEG_BESCHERMBEUGEL_ROND",""
"http://digitalbuildingdata.tech/nlcs/def/bde58c16-683d-48d0-ac0a-2d63faf84309","LICHTMAST","SOV","V","767","V-SOV-LICHTMAST_3UITHOUDER-SO","SOLICHTMAST_3UITHOUDER","SO"
"http://digitalbuildingdata.tech/nlcs/def/d78ea9e1-f462-40f1-8490-a3f9378d6e49","LICHTMAST","SOV","V","768","V-SOV-LICHTMAST_2UITHOUDER-SO","SOLICHTMAST_2UITHOUDER","SO"
"http://digitalbuildingdata.tech/nlcs/def/c5388920-7070-4794-af3f-8506caceedaf","LICHTMAST","SOV","V","769","V-SOV-LICHTMAST_1UITHOUDER-SO","SOLICHTMAST_1UITHOUDER","SO"
"http://digitalbuildingdata.tech/nlcs/def/379321ef-b2a5-4d6f-8294-c329b077ea0a","AANKLEDING","SAL","","77","SAL-AANKLEDING_VRACHTAUTO_ZIJAANZICHT_9.5-D","AANKLEDING_VRACHTAUTO_ZIJAANZICHT_9.5","D"
"http://digitalbuildingdata.tech/nlcs/def/8e2623ab-9d51-44de-b21c-f118afd8fbea","WEG","SIE","V","770","V-SIE-WEG_HOOGSPANNINGSMAST-SO","WEG_HOOGSPANNINGSMAST","SO"
"http://digitalbuildingdata.tech/nlcs/def/d5e1fbd6-50c4-4f0f-84da-85c5ff4e10a1","WATER","SIE","V","771","V-SIE-WATER_MEERPAAL-SO","WATER_MEERPAAL","SO"
"http://digitalbuildingdata.tech/nlcs/def/ca86efcd-f6b2-4d27-836c-aa28147c974d","WATER","SIE","V","772","V-SIE-WATER_MEERSTOEL-SO","WATER_MEERSTOEL","SO"
"http://digitalbuildingdata.tech/nlcs/def/d4fc38ac-3ff0-4e3b-8f43-89a65f278576","WATER","SIE","V","773","V-SIE-WATER_MERKPAAL_LEIDING-SO","WATER_MERKPAAL_LEIDING","SO"
"http://digitalbuildingdata.tech/nlcs/def/1e9c3849-ca30-40d0-a1be-2b604463eb4b","WEG","SIE","V","774","V-SIE-WEG_PAAL_ALGEMEEN-SO","WEG_PAAL_ALGEMEEN","SO"
"http://digitalbuildingdata.tech/nlcs/def/4c0d8cb7-2997-4d04-b4f5-a365d5c17614","WEG","SIE","V","775","V-SIE-WEG_PAAL_ALGEMEEN_01-SO","WEG_PAAL_ALGEMEEN_01","SO"
"http://digitalbuildingdata.tech/nlcs/def/cb767b5d-8687-4230-bddf-f7d998e80285","WEG","SIE","V","776","V-SIE-WEG_PAAL_BETON-SO","WEG_PAAL_BETON","SO"
"http://digitalbuildingdata.tech/nlcs/def/5193676b-c67c-45b3-8c0b-f614d964b7ba","WEG","SIE","V","777","V-SIE-WEG_PAAL_CONISCH-SO","WEG_PAAL_CONISCH","SO"
"http://digitalbuildingdata.tech/nlcs/def/3d1e1226-a0cd-465f-b4d0-66a1fcce3500","WEG","SIE","V","778","V-SIE-WEG_PAAL_CONISCH_AFNEEMBAAR-SO","WEG_PAAL_CONISCH_AFNEEMBAAR","SO"
"http://digitalbuildingdata.tech/nlcs/def/6b753cfd-f89e-4b1f-99d8-492369ce3895","WEG","SIE","V","779","V-SIE-WEG_PAAL_GRENSPAAL-SO","WEG_PAAL_GRENSPAAL","SO"
"http://digitalbuildingdata.tech/nlcs/def/afd1de67-23dc-4e63-b897-ca790ad76dbf","AANKLEDING","SAL","","78","SAL-AANKLEDING_VRACHTAUTO_BOVENAANZICHT_17.5","AANKLEDING_VRACHTAUTO_BOVENAANZICHT_17.5",""
"http://digitalbuildingdata.tech/nlcs/def/7d5b5560-4939-4142-9354-c44f0fca80e4","WEG","SIE","V","780","V-SIE-WEG_PAAL_HOUT-SO","WEG_PAAL_HOUT","SO"
"http://digitalbuildingdata.tech/nlcs/def/7f242d72-c97e-47cb-ba69-554c64983c0c","WEG","SIE","V","781","V-SIE-WEG_PAAL_KLAPPAAL-SO","WEG_PAAL_KLAPPAAL","SO"
"http://digitalbuildingdata.tech/nlcs/def/6470cd9d-7b36-4d4d-b7f3-c86becd9a39a","WEG","SIE","V","782","V-SIE-WEG_PAAL_KUNSTSTOF-SO","WEG_PAAL_KUNSTSTOF","SO"
"http://digitalbuildingdata.tech/nlcs/def/a432f59e-ac49-4ffb-84a9-9bb18babdbc6","WEG","SIE","V","783","V-SIE-WEG_PAAL_UITNEEMBAAR-SO","WEG_PAAL_UITNEEMBAAR","SO"
"http://digitalbuildingdata.tech/nlcs/def/e48bf94b-1e20-43c4-9b74-4b8ae640322a","WEG","SIE","V","784","V-SIE-WEG_PAAL_VAST-SO","WEG_PAAL_VAST","SO"
"http://digitalbuildingdata.tech/nlcs/def/f824651b-bab2-43c2-95be-a92c03c8908d","WEG","SIE","V","785","V-SIE-WEG_PARKEERAUTOMAAT-SO","WEG_PARKEERAUTOMAAT","SO"
"http://digitalbuildingdata.tech/nlcs/def/a3456f89-8491-4ea6-9a4f-8fd27e365457","WEG","SIE","V","786","V-SIE-WEG_PARKEERMAATREGEL_BETONBOL","WEG_PARKEERMAATREGEL_BETONBOL",""
"http://digitalbuildingdata.tech/nlcs/def/f0a59d97-2882-443f-b7fe-e7dc84fdef1a","WEG","SIE","V","787","V-SIE-WEG_PARKEERMAATREGEL_BETONBOL_PYRAMIDE","WEG_PARKEERMAATREGEL_BETONBOL_PYRAMIDE",""
"http://digitalbuildingdata.tech/nlcs/def/ce7b45e5-fbb7-431f-9bce-95a35a5bbf55","WEG","SIE","V","788","V-SIE-WEG_PARKEERMAATREGEL_BETONBOL_VIERKANTENVOET","WEG_PARKEERMAATREGEL_BETONBOL_VIERKANTENVOET",""
"http://digitalbuildingdata.tech/nlcs/def/edbe784a-6881-4313-952d-3c6116ae480d","WEG","SIE","V","789","V-SIE-WEG_PARKEERMAATREGEL_BETONCARRE_300X300","WEG_PARKEERMAATREGEL_BETONCARRE_300X300",""
"http://digitalbuildingdata.tech/nlcs/def/ce8d4b2e-fc98-4ace-8fb6-d31403426800","AANKLEDING","SAL","","79","SAL-AANKLEDING_VRACHTAUTO_ZIJAANZICHT_17.5-D","AANKLEDING_VRACHTAUTO_ZIJAANZICHT_17.5","D"
"http://digitalbuildingdata.tech/nlcs/def/c396ff2a-6481-450e-8c66-96ddda762998","WEG","SIE","V","790","V-SIE-WEG_PARKEERMAATREGEL_GENIEBLOK","WEG_PARKEERMAATREGEL_GENIEBLOK",""
"http://digitalbuildingdata.tech/nlcs/def/12b68f19-3744-40a6-b268-4a240299b946","WEG","SIE","V","791","V-SIE-WEG_PARKEERMAATREGEL_HUNNENBED","WEG_PARKEERMAATREGEL_HUNNENBED",""
"http://digitalbuildingdata.tech/nlcs/def/76eeb782-26a9-4c5b-a805-64a3bcee282e","WEG","SIE","V","792","V-SIE-WEG_PARKEERMAATREGEL_POEF_ROND","WEG_PARKEERMAATREGEL_POEF_ROND",""
"http://digitalbuildingdata.tech/nlcs/def/23d47dff-6146-4318-9882-e157d82d945a","WEG","SIE","V","793","V-SIE-WEG_PARKEERMAATREGEL_POEF_VIERKANT","WEG_PARKEERMAATREGEL_POEF_VIERKANT",""
"http://digitalbuildingdata.tech/nlcs/def/0e686f08-1f38-4674-ba48-1fc37ba512f6","WEG","SIE","V","794","V-SIE-WEG_PARKEERMAATREGEL_SCHAMPBLOK_650X450X400","WEG_PARKEERMAATREGEL_SCHAMPBLOK_650X450X400",""
"http://digitalbuildingdata.tech/nlcs/def/ad4043b7-5230-4786-aac3-e3226ead7b54","WEG","SIE","V","795","V-SIE-WEG_PARKEERMAATREGEL_SCHAMPBLOK_650X500X400","WEG_PARKEERMAATREGEL_SCHAMPBLOK_650X500X400",""
"http://digitalbuildingdata.tech/nlcs/def/00352018-2944-4ffc-bade-ec01197637ff","STOOTBAND","SVH","V","796","V-SVH-STOOTBAND_ROND_VLAK_1000X200_DUBBEL","STOOTBAND_ROND_VLAK_1000X200_DUBBEL",""
"http://digitalbuildingdata.tech/nlcs/def/278bc972-b5c2-4c91-98ec-58bf48aba945","STOOTBAND","SVH","V","798","V-SVH-STOOTBAND_ROND_VLAK_750X200_DUBBEL","STOOTBAND_ROND_VLAK_750X200_DUBBEL",""
"http://digitalbuildingdata.tech/nlcs/def/e706dd3d-6f03-4eca-89d8-f76e0f6e001d","STOOTBAND","SVH","V","799","V-SVH-STOOTBAND_ROND_VLAK_900X200_DUBBEL","STOOTBAND_ROND_VLAK_900X200_DUBBEL",""
"http://digitalbuildingdata.tech/nlcs/def/f34443c2-4c99-407c-a4a3-c6e1e3bf2a37","TEKENBLAD","SAL","","8","SAL-TEKENBLAD_A0_841X841-SO","TEKENBLAD_A0_841X841","SO"
"http://digitalbuildingdata.tech/nlcs/def/a0c8033a-1c04-422b-9ff6-43905c3ef3d4","AANKLEDING","SAL","","80","SAL-AANKLEDING_VRACHTAUTO_BOVENAANZICHT_18.5","AANKLEDING_VRACHTAUTO_BOVENAANZICHT_18.5",""
"http://digitalbuildingdata.tech/nlcs/def/223dac07-6c48-4a45-b569-3ac86c2d6e3b","TEGEL","SVH","V","800","V-SVH-TEGEL_PARKEERTEGEL","TEGEL_PARKEERTEGEL",""
"http://digitalbuildingdata.tech/nlcs/def/75d71e8c-f40b-43f6-b64c-2307eebf1c58","WEG","SIE","V","801","V-SIE-WEG_PEUKENPAAL-SO","WEG_PEUKENPAAL","SO"
"http://digitalbuildingdata.tech/nlcs/def/9dac7a67-ff86-47b8-8278-45aa8895167e","WEG","SIE","V","802","V-SIE-WEG_PICKNICKSET","WEG_PICKNICKSET",""
"http://digitalbuildingdata.tech/nlcs/def/bdf6580d-e3df-4407-95b8-abf5a4b43b37","WEG","SIE","V","803","V-SIE-WEG_PRAATPAAL-SO","WEG_PRAATPAAL","SO"
"http://digitalbuildingdata.tech/nlcs/def/b830f4d1-b05c-471d-b1ce-c4fc424df033","WEG","SIE","V","804","V-SIE-WEG_RECLAMEZUIL-SO","WEG_RECLAMEZUIL","SO"
"http://digitalbuildingdata.tech/nlcs/def/c7363071-0312-4a6e-94f7-aa043eb93ea3","WEG","SIE","V","806","V-SIE-WEG_SCHIJNWERPER-SO","WEG_SCHIJNWERPER","SO"
"http://digitalbuildingdata.tech/nlcs/def/58292861-c7fa-44d3-85fb-78eeebc908b9","WEG","SIE","V","807","V-SIE-WEG_SCHRIKHEK-SO","WEG_SCHRIKHEK","SO"
"http://digitalbuildingdata.tech/nlcs/def/ebff76b9-8cca-48eb-a50c-d9a75a458693","WEG","SIE","V","808","V-SIE-WEG_SLAGBOOM-SO","WEG_SLAGBOOM","SO"
"http://digitalbuildingdata.tech/nlcs/def/fa4595cc-a00b-4e58-a8d2-c111f66a6194","WEG","SIE","V","809","V-SIE-WEG_SNUFFELPAAL-SO","WEG_SNUFFELPAAL","SO"
"http://digitalbuildingdata.tech/nlcs/def/48a89e35-48f6-4f46-a9a8-bea1b6b121d5","AANKLEDING","SAL","","81","SAL-AANKLEDING_VRACHTAUTO_ZIJAANZICHT_18.5-D","AANKLEDING_VRACHTAUTO_ZIJAANZICHT_18.5","D"
"http://digitalbuildingdata.tech/nlcs/def/da5badee-a19f-4752-a16d-b50f350eda5a","WEG","SIE","V","810","V-SIE-WEG_SPEELTOESTEL-SO","WEG_SPEELTOESTEL","SO"
"http://digitalbuildingdata.tech/nlcs/def/a2c8f7db-10b6-4ccc-a061-f820842284af","WEG","SIE","V","811","V-SIE-WEG_VERKEERSBORD_STRAATNAAMBORD_PAAL-SO","WEG_VERKEERSBORD_STRAATNAAMBORD_PAAL","SO"
"http://digitalbuildingdata.tech/nlcs/def/0cd60cc3-3003-4b56-bec2-e3a6f5ce67a6","WEG","SIE","V","812","V-SIE-WEG_STRAATPOT_BRANDKRAAN-SO","WEG_STRAATPOT_BRANDKRAAN","SO"
"http://digitalbuildingdata.tech/nlcs/def/ae1198b0-0d15-461b-ac8c-78eb539ca7ec","WEG","SIE","V","813","V-SIE-WEG_STRAATPOT_GAS-SO","WEG_STRAATPOT_GAS","SO"
"http://digitalbuildingdata.tech/nlcs/def/bc917ab1-4fd7-4359-8cc9-307210e102f6","WEG","SIE","V","814","V-SIE-WEG_STRAATPOT_WATER-SO","WEG_STRAATPOT_WATER","SO"
"http://digitalbuildingdata.tech/nlcs/def/621d9c7e-d2ac-48d7-add3-4825b94c71f8","WEG","SIE","V","815","V-SIE-WEG_TELEFOONCEL-SO","WEG_TELEFOONCEL","SO"
"http://digitalbuildingdata.tech/nlcs/def/098bfd67-cfe7-4f72-bcf3-84478ed0052e","WEG","SIE","V","816","V-SIE-WEG_TANK-SO","WEG_TANK","SO"
"http://digitalbuildingdata.tech/nlcs/def/8eb057de-64ba-4af5-97a3-c3f30f172e69","WEG","SIE","V","817","V-SIE-WEG_TRAP-SO","WEG_TRAP","SO"
"http://digitalbuildingdata.tech/nlcs/def/377f6cce-89be-4f47-b24d-85c7e38c5838","WEG","SIE","V","818","V-SIE-WEG_VERKEERSBORD_PAAL-SO","WEG_VERKEERSBORD_PAAL","SO"
"http://digitalbuildingdata.tech/nlcs/def/dbfce9a9-8031-482e-960e-c10a626b0d50","WEG","SIE","V","819","V-SIE-WEG_VERKEERSBORD-SO","WEG_VERKEERSBORD","SO"
"http://digitalbuildingdata.tech/nlcs/def/f7b2290f-ceca-43ae-8ecc-ece5382026a8","ORIENTATIE","SAL","","82","SAL-ORIENTATIE_NOORDPIJL-SO","ORIENTATIE_NOORDPIJL","SO"
"http://digitalbuildingdata.tech/nlcs/def/980e6c9a-e222-49a6-a2f2-a90d51590d38","WEG","SIE","V","820","V-SIE-WEG_VERKEERSLICHT-SO","WEG_VERKEERSLICHT","SO"
"http://digitalbuildingdata.tech/nlcs/def/f82872d8-34b8-44e4-b4ef-64af665a0777","WEG","SIE","V","822","V-SIE-WEG_WEGWIJZER-SO","WEG_WEGWIJZER","SO"
"http://digitalbuildingdata.tech/nlcs/def/2db97109-910d-46f8-b1f7-08f9416b2611","WEG","SIE","V","823","V-SIE-WEG_WINDZAK-SO","WEG_WINDZAK","SO"
"http://digitalbuildingdata.tech/nlcs/def/988f62ab-d35f-48fe-9c81-5e8f17a83b59","WEG","SIE","V","824","V-SIE-WEG_ZITBANK_MET_LEUNING","WEG_ZITBANK_MET_LEUNING",""
"http://digitalbuildingdata.tech/nlcs/def/624ef7b2-8604-46a0-80cb-1359b587f5b7","WEG","SIE","V","825","V-SIE-WEG_ZITBANK_ZONDER_LEUNING","WEG_ZITBANK_ZONDER_LEUNING",""
"http://digitalbuildingdata.tech/nlcs/def/04070bf7-8481-4919-aa80-8248b01864f3","KADASTRAAL","SKG","","826","SKG-KADASTRAAL_NOK_PLAT-SO","KADASTRAAL_NOK_PLAT","SO"
"http://digitalbuildingdata.tech/nlcs/def/8bac80f0-462c-4d7d-b883-c23ae50da62a","KADASTRAAL","SKG","","827","SKG-KADASTRAAL_NOK_PUNT-SO","KADASTRAAL_NOK_PUNT","SO"
"http://digitalbuildingdata.tech/nlcs/def/f46209ab-c5a1-4d95-9a6d-9a1a88daa9c3","KADASTRAAL","SKG","","828","SKG-KADASTRAAL_GRENSPAAL-SO","KADASTRAAL_GRENSPAAL","SO"
"http://digitalbuildingdata.tech/nlcs/def/080d404a-82d5-419c-95a7-cb9f42898f98","BEREGENING","SKL","","829","SKL-BEREGENING_SPROEIER-SO","BEREGENING_SPROEIER","SO"
"http://digitalbuildingdata.tech/nlcs/def/bb9ea04f-caea-4cb1-90d1-9c5fa4a89e54","ORIENTATIE","SAL","","83","SAL-ORIENTATIE_RUITKRUIS-SO","ORIENTATIE_RUITKRUIS","SO"
"http://digitalbuildingdata.tech/nlcs/def/d88ec150-bc9b-4d8a-ac90-9f8d4361572f","DATA","SKL","","830","SKL-DATA_HULP_MOF-SO","DATA_HULP_MOF","SO"
"http://digitalbuildingdata.tech/nlcs/def/564b0a41-be32-4c94-8863-6a039bd18fad","DATA","SKL","","831","SKL-DATA_KABELROL-SO","DATA_KABELROL","SO"
"http://digitalbuildingdata.tech/nlcs/def/56d16d53-6223-4844-ac7a-4b0158bf784f","DATA","SKL","","832","SKL-DATA_TERREINKAST-SO","DATA_TERREINKAST","SO"
"http://digitalbuildingdata.tech/nlcs/def/87c219bc-1eb7-4f08-be1e-df120870cb8b","ET","SKL","","833","SKL-ET_AARDING-SO","ET_AARDING","SO"
"http://digitalbuildingdata.tech/nlcs/def/cfe967d8-1f7d-4a2b-bba8-4c7f5956e472","ET","SKL","","834","SKL-ET_AARDING_AARDELECTRODE-SO","ET_AARDING_AARDELECTRODE","SO"
"http://digitalbuildingdata.tech/nlcs/def/3088ca1c-26ed-414c-94e6-8e83123bc606","ET","SKL","","835","SKL-ET_AARDING_AARDRAIL-SO","ET_AARDING_AARDRAIL","SO"
"http://digitalbuildingdata.tech/nlcs/def/c883145d-f2c0-40df-9b6e-11c2533c82b9","ET","SKL","","836","SKL-ET_AARDING_BLIKSEMAFLEIDER-SO","ET_AARDING_BLIKSEMAFLEIDER","SO"
"http://digitalbuildingdata.tech/nlcs/def/5111e459-922f-476b-8d5d-bca79946677a","ET","SKL","","837","SKL-ET_AARDING_BLIKSEMAFLEIDER_VANGMAST-SO","ET_AARDING_BLIKSEMAFLEIDER_VANGMAST","SO"
"http://digitalbuildingdata.tech/nlcs/def/5d6cf2b5-e738-48b1-bd1f-213c9f227e73","ET","SKL","","838","SKL-ET_AARDING_GALVANISCHE_SCHEIDING-SO","ET_AARDING_GALVANISCHE_SCHEIDING","SO"
"http://digitalbuildingdata.tech/nlcs/def/f3871238-b41a-4f91-946d-2713a973fbdb","ET","SKL","","839","SKL-ET_HS_MAST-SO","ET_HS_MAST","SO"
"http://digitalbuildingdata.tech/nlcs/def/0146e8e0-356c-4830-8f63-1e67a392ae6d","VERWIJZING","SAL","","84","SAL-VERWIJZING_AANZICHT_BOVEN-SO","VERWIJZING_AANZICHT_BOVEN","SO"
"http://digitalbuildingdata.tech/nlcs/def/db2c62ea-c19e-42c4-bc5c-e38bdac046fa","ET","SKL","","840","SKL-ET_HULP_AANSLUITPUNT-SO","ET_HULP_AANSLUITPUNT","SO"
"http://digitalbuildingdata.tech/nlcs/def/ea177d4c-ea6b-4364-9717-ad5f5e079633","ET","SKL","","841","SKL-ET_HULP_MOF-SO","ET_HULP_MOF","SO"
"http://digitalbuildingdata.tech/nlcs/def/84022441-b149-4bea-97b0-d84f8faed2e5","ET","SKL","","842","SKL-ET_KABELROL-SO","ET_KABELROL","SO"
"http://digitalbuildingdata.tech/nlcs/def/9f7468ed-464b-490e-8cd7-612108872f5f","ET","SKL","","843","SKL-ET_LICHTGEVOELIGE CEL-SO","ET_LICHTGEVOELIGE CEL","SO"
"http://digitalbuildingdata.tech/nlcs/def/3131135e-1a73-471f-89e2-c5a27fbcc66b","ARMATUUR","SOV","","844","SOV-ARMATUUR-SO","ARMATUUR","SO"
"http://digitalbuildingdata.tech/nlcs/def/1e5db787-791f-4d73-ad3c-fc0002968f1b","ARMATUUR","SOV","","848","SOV-ARMATUUR_BOLDER-SO","ARMATUUR_BOLDER","SO"
"http://digitalbuildingdata.tech/nlcs/def/5d36c258-d966-48bc-8150-6d5aca7c5a12","ARMATUUR","SOV","","849","SOV-ARMATUUR_SCHIJNWERPER-SO","ARMATUUR_SCHIJNWERPER","SO"
"http://digitalbuildingdata.tech/nlcs/def/180eaa04-5616-4cee-a1da-f5142ccff681","VERWIJZING","SAL","","85","SAL-VERWIJZING_AANZICHT_ONDER-SO","VERWIJZING_AANZICHT_ONDER","SO"
"http://digitalbuildingdata.tech/nlcs/def/96a8283e-7831-435b-beb1-c434f87f3300","ARMATUUR","SOV","","850","SOV-ARMATUUR_SPOT_01-SO","ARMATUUR_SPOT_01","SO"
"http://digitalbuildingdata.tech/nlcs/def/1777f899-c249-47ba-bdaa-7fbb730715ee","ARMATUUR","SOV","","851","SOV-ARMATUUR_SPOT_02-SO","ARMATUUR_SPOT_02","SO"
"http://digitalbuildingdata.tech/nlcs/def/5169aa3c-be05-4a27-b217-b000aab5ff21","KAST","SOV","","852","SOV-KAST_PUTKAST-SO","KAST_PUTKAST","SO"
"http://digitalbuildingdata.tech/nlcs/def/1c5c5933-11b4-4c4c-a8e9-d8ea785c7786","ET","SKL","","853","SKL-ET_TERREINKAST-SO","ET_TERREINKAST","SO"
"http://digitalbuildingdata.tech/nlcs/def/c83ff42b-6ef5-4245-b3cd-7a2821bce517","ET","SKL","","854","SKL-ET_TRANSFORMATORSTATION-SO","ET_TRANSFORMATORSTATION","SO"
"http://digitalbuildingdata.tech/nlcs/def/b2f8a37b-09ae-43db-abe6-ab9c63acdd05","GAS","SKL","","855","SKL-GAS_STRAATPOT-SO","GAS_STRAATPOT","SO"
"http://digitalbuildingdata.tech/nlcs/def/e478f418-3fd3-43c5-981d-d41fd5826909","LEIDINGMERKPAAL","SKL","","856","SKL-LEIDINGMERKPAAL-SO","LEIDINGMERKPAAL","SO"
"http://digitalbuildingdata.tech/nlcs/def/7b46baaa-64e2-40bf-8aa8-ef33164293f8","TANK","SKL","","857","SKL-TANK-SO","TANK","SO"
"http://digitalbuildingdata.tech/nlcs/def/b10bf0c3-0347-4648-a864-ce7fac13cc74","TELECOM","SKL","","858","SKL-TELECOM_TERREINKAST-SO","TELECOM_TERREINKAST","SO"
"http://digitalbuildingdata.tech/nlcs/def/367cfe9c-0d96-4c4e-84cb-edab7a5ad32c","WATER","SKL","","859","SKL-WATER_BRANDHYDRANT-SO","WATER_BRANDHYDRANT","SO"
"http://digitalbuildingdata.tech/nlcs/def/1ab56e92-a9c6-4d86-8447-9f5fcadf5dc6","VERWIJZING","SAL","","86","SAL-VERWIJZING_AANZICHT_LINKS-SO","VERWIJZING_AANZICHT_LINKS","SO"
"http://digitalbuildingdata.tech/nlcs/def/a8cf7113-024d-464a-887e-76dd8c14a834","WATER","SKL","","860","SKL-WATER_STRAATPOT-SO","WATER_STRAATPOT","SO"
"http://digitalbuildingdata.tech/nlcs/def/95792be4-c64c-4dbc-83ab-f7687f041f4e","WTB","SKL","","861","SKL-WTB_HULP_AANSLUITPUNT-SO","WTB_HULP_AANSLUITPUNT","SO"
"http://digitalbuildingdata.tech/nlcs/def/549e269f-855d-4726-aa63-24dbdc39bd17","WTB","SKL","","862","SKL-WTB_HULP_AFSLUITER-SO","WTB_HULP_AFSLUITER","SO"
"http://digitalbuildingdata.tech/nlcs/def/4c104a93-0619-410a-8f5c-691fd131eb89","WTB","SKL","","863","SKL-WTB_HULP_AFSLUITER_DRIEWEG-SO","WTB_HULP_AFSLUITER_DRIEWEG","SO"
"http://digitalbuildingdata.tech/nlcs/def/d42903fb-81fd-40f8-a5bb-72e7e863ce4f","WTB","SKL","","864","SKL-WTB_HULP_AFSLUITER_HAAKS-SO","WTB_HULP_AFSLUITER_HAAKS","SO"
"http://digitalbuildingdata.tech/nlcs/def/c7c58560-4dc4-473d-962c-527d7bbb20a3","WTB","SKL","","865","SKL-WTB_HULP_AFSLUITER_HANDB-SO","WTB_HULP_AFSLUITER_HANDB","SO"
"http://digitalbuildingdata.tech/nlcs/def/bae3168d-e6e1-4c3f-bde5-217a614b1e58","WTB","SKL","","866","SKL-WTB_HULP_AFSLUITER_KLEP-SO","WTB_HULP_AFSLUITER_KLEP","SO"
"http://digitalbuildingdata.tech/nlcs/def/e3b173f7-76b8-4cb0-8e84-b395d08d3f93","WTB","SKL","","867","SKL-WTB_HULP_AFSLUITER_KOGEL-SO","WTB_HULP_AFSLUITER_KOGEL","SO"
"http://digitalbuildingdata.tech/nlcs/def/f3add5ef-ad82-42c2-a3d1-bd5dc7b72a3a","WTB","SKL","","868","SKL-WTB_HULP_AFSLUITER_SPINDEL-SO","WTB_HULP_AFSLUITER_SPINDEL","SO"
"http://digitalbuildingdata.tech/nlcs/def/1d0fce37-77a9-46af-a74c-102f4a7d0713","WTB","SKL","","869","SKL-WTB_HULP_ANODE BEDRADING-SO","WTB_HULP_ANODE BEDRADING","SO"
"http://digitalbuildingdata.tech/nlcs/def/ae3c8b96-587d-4de3-a1e9-770c95a95b7d","VERWIJZING","SAL","","87","SAL-VERWIJZING_AANZICHT_RECHTS-SO","VERWIJZING_AANZICHT_RECHTS","SO"
"http://digitalbuildingdata.tech/nlcs/def/0f3fd803-2909-4489-8975-a079b6bc1dc1","WTB","SKL","","870","SKL-WTB_HULP_BELUCHTING-SO","WTB_HULP_BELUCHTING","SO"
"http://digitalbuildingdata.tech/nlcs/def/041e2e45-45fc-4385-b7fe-bdb21d6cda32","WTB","SKL","","871","SKL-WTB_HULP_BELUCHTING_ONTLUCHTING-SO","WTB_HULP_BELUCHTING_ONTLUCHTING","SO"
"http://digitalbuildingdata.tech/nlcs/def/8c248048-5698-4c69-9383-d8e8ac4ce434","WTB","SKL","","872","SKL-WTB_HULP_BOB-SO","WTB_HULP_BOB","SO"
"http://digitalbuildingdata.tech/nlcs/def/90e31824-4a22-402c-a676-6dbbfb6217da","WTB","SKL","","873","SKL-WTB_HULP_DEMARCATIE-SO","WTB_HULP_DEMARCATIE","SO"
"http://digitalbuildingdata.tech/nlcs/def/be532360-0919-4e27-a734-17eb71e1154a","WTB","SKL","","874","SKL-WTB_HULP_EINDKAP-SO","WTB_HULP_EINDKAP","SO"
"http://digitalbuildingdata.tech/nlcs/def/e99cb530-cc9f-409b-a083-d0be438fa5f0","WTB","SKL","","875","SKL-WTB_HULP_EXPANSIESTUK-SO","WTB_HULP_EXPANSIESTUK","SO"
"http://digitalbuildingdata.tech/nlcs/def/f4086c3e-51bd-429f-bf7f-b601da57b9bf","WTB","SKL","","876","SKL-WTB_HULP_EXPANSIESTUK_GOLF-SO","WTB_HULP_EXPANSIESTUK_GOLF","SO"
"http://digitalbuildingdata.tech/nlcs/def/fcde186f-7196-4fcb-ba0d-5f2db14ecd41","WTB","SKL","","877","SKL-WTB_HULP_EXPANSIESTUK_SCHUIF-SO","WTB_HULP_EXPANSIESTUK_SCHUIF","SO"
"http://digitalbuildingdata.tech/nlcs/def/132fcb55-7de5-47fe-a4df-6050e17a42b2","WTB","SKL","","878","SKL-WTB_HULP_KEERKLEP-SO","WTB_HULP_KEERKLEP","SO"
"http://digitalbuildingdata.tech/nlcs/def/785eab5e-5d10-47be-94f2-4a2ea27477d2","WTB","SKL","","879","SKL-WTB_HULP_LEIDINGMERKPAAL-SO","WTB_HULP_LEIDINGMERKPAAL","SO"
"http://digitalbuildingdata.tech/nlcs/def/76df29db-89e9-4773-bded-a53eebf96196","VERWIJZING","SAL","","88","SAL-VERWIJZING_DETAIL_LINKSBOVEN-SO","VERWIJZING_DETAIL_LINKSBOVEN","SO"
"http://digitalbuildingdata.tech/nlcs/def/881e102a-8c13-42fb-adf3-75488fec8230","WTB","SKL","","880","SKL-WTB_HULP_LINT_ANODE_MANTELBUIS-SO","WTB_HULP_LINT_ANODE_MANTELBUIS","SO"
"http://digitalbuildingdata.tech/nlcs/def/7cf8aa13-6662-4086-99a4-a2dd99d795f3","WTB","SKL","","881","SKL-WTB_HULP_MATERIAAL-SO","WTB_HULP_MATERIAAL","SO"
"http://digitalbuildingdata.tech/nlcs/def/db3f29d0-4e1b-4224-b770-3ff47b66bdb0","WTB","SKL","","882","SKL-WTB_HULP_METER_DRUK-SO","WTB_HULP_METER_DRUK","SO"
"http://digitalbuildingdata.tech/nlcs/def/6e30ea86-f1fd-4831-af1b-3e8c48362100","WTB","SKL","","883","SKL-WTB_HULP_METER_HOEVEELHEID-SO","WTB_HULP_METER_HOEVEELHEID","SO"
"http://digitalbuildingdata.tech/nlcs/def/935b725f-021d-4500-8ddc-f71016c69a17","WTB","SKL","","884","SKL-WTB_HULP_METER_KATHODISCHE BESCHERMING-SO","WTB_HULP_METER_KATHODISCHE BESCHERMING","SO"
"http://digitalbuildingdata.tech/nlcs/def/b413aaec-d21f-4b80-8dcf-c73d233ce9a4","WTB","SKL","","885","SKL-WTB_HULP_ONTLUCHTING-SO","WTB_HULP_ONTLUCHTING","SO"
"http://digitalbuildingdata.tech/nlcs/def/838ecc0f-71d9-4623-b9d9-695a5dfa88ca","WTB","SKL","","886","SKL-WTB_HULP_SCHOONMAAKSTUK-SO","WTB_HULP_SCHOONMAAKSTUK","SO"
"http://digitalbuildingdata.tech/nlcs/def/39d863a9-788a-4e08-aabb-a9ab8fbdf0c5","WTB","SKL","","887","SKL-WTB_HULP_SPUIKRAAN-SO","WTB_HULP_SPUIKRAAN","SO"
"http://digitalbuildingdata.tech/nlcs/def/225cdc47-b07a-4ff6-8fee-a01b756e0607","WTB","SKL","","888","SKL-WTB_HULP_STROOMRICHTING-SO","WTB_HULP_STROOMRICHTING","SO"
"http://digitalbuildingdata.tech/nlcs/def/5caefe27-7627-427d-9740-aa8854c059bb","WTB","SKL","","889","SKL-WTB_HULP_TERREINKAST_GAS-SO","WTB_HULP_TERREINKAST_GAS","SO"
"http://digitalbuildingdata.tech/nlcs/def/6a693763-095f-4899-ab8c-5f4c27c26146","VERWIJZING","SAL","","89","SAL-VERWIJZING_DETAIL_RECHTSBOVEN-SO","VERWIJZING_DETAIL_RECHTSBOVEN","SO"
"http://digitalbuildingdata.tech/nlcs/def/2e0f9c54-c6d6-454b-927d-71edacca0a43","WTB","SKL","","890","SKL-WTB_HULP_TERREINKAST_WATER-SO","WTB_HULP_TERREINKAST_WATER","SO"
"http://digitalbuildingdata.tech/nlcs/def/1ccbd20d-5aef-40de-8482-4f1aca9baca4","WTB","SKL","","891","SKL-WTB_HULP_VERLOOPSTUK-SO","WTB_HULP_VERLOOPSTUK","SO"
"http://digitalbuildingdata.tech/nlcs/def/6df39f37-1e7b-416a-8385-abb9e30baf7d","WTB","SKL","","893","SKL-WTB_HULP_VLINDERKLEP-SO","WTB_HULP_VLINDERKLEP","SO"
"http://digitalbuildingdata.tech/nlcs/def/df6ab3ce-6491-446b-bd2a-9eefbb0fefb8","WTB","SKL","","894","SKL-WTB_INKOOPPUNT-SO","WTB_INKOOPPUNT","SO"
"http://digitalbuildingdata.tech/nlcs/def/68cd2677-52c1-4716-8e35-5803491ddf2d","WTB","SKL","","895","SKL-WTB_KOUDENET_BRONPUT-SO","WTB_KOUDENET_BRONPUT","SO"
"http://digitalbuildingdata.tech/nlcs/def/8a4a6a9f-929e-4a7a-80ac-6e4bf5411514","WTB","SKL","","896","SKL-WTB_KOUDENET_PUT-SO","WTB_KOUDENET_PUT","SO"
"http://digitalbuildingdata.tech/nlcs/def/fa0482e6-daa3-4b91-a550-7db712b794ad","WTB","SKL","","897","SKL-WTB_POMPPUT-SO","WTB_POMPPUT","SO"
"http://digitalbuildingdata.tech/nlcs/def/6aa1ebb2-4bc2-4ceb-ae50-467c1e321073","WTB","SKL","","898","SKL-WTB_PUT-SO","WTB_PUT","SO"
"http://digitalbuildingdata.tech/nlcs/def/20575ac4-1c9d-4af4-8d08-d633266092ec","WTB","SKL","","899","SKL-WTB_WARMTENET_BRONPUT-SO","WTB_WARMTENET_BRONPUT","SO"
"http://digitalbuildingdata.tech/nlcs/def/5192bc41-0aea-4bf0-a149-6e6ddaafba4f","TEKENBLAD","SAL","","9","SAL-TEKENBLAD_A0_1189X841-SO","TEKENBLAD_A0_1189X841","SO"
"http://digitalbuildingdata.tech/nlcs/def/a326fe15-9b0d-4ced-a360-0179b5ef4c83","VERWIJZING","SAL","","90","SAL-VERWIJZING_DETAIL_LINKSONDER-SO","VERWIJZING_DETAIL_LINKSONDER","SO"
"http://digitalbuildingdata.tech/nlcs/def/6e41fb18-1bb1-438a-8fd3-d58f31fa4cf0","WTB","SKL","","900","SKL-WTB_WARMTENET_PUT-SO","WTB_WARMTENET_PUT","SO"
"http://digitalbuildingdata.tech/nlcs/def/f0a4960a-9169-4d7b-899e-ceb5a1a12a1b","BODEM","SMO","B","901","B-SMO-BODEM_BORING_DERDEN-SO","BODEM_BORING_DERDEN","SO"
"http://digitalbuildingdata.tech/nlcs/def/63b24d3f-3c7f-4b48-b260-98d575aa37f5","BODEM","SMO","B","902","B-SMO-BODEM_PEILBUIS_1FILTER_DERDEN-SO","BODEM_PEILBUIS_1FILTER_DERDEN","SO"
"http://digitalbuildingdata.tech/nlcs/def/ea8fa1cc-ac35-4c63-82ed-9172ba2f457c","BODEM","SMO","B","903","B-SMO-BODEM_PEILBUIS_2FILTER_DERDEN-SO","BODEM_PEILBUIS_2FILTER_DERDEN","SO"
"http://digitalbuildingdata.tech/nlcs/def/bf4e059a-b2f7-4526-b503-07dbd7cbf7c0","BODEM","SMO","B","904","B-SMO-BODEM_PEILBUIS_3FILTER_DERDEN-SO","BODEM_PEILBUIS_3FILTER_DERDEN","SO"
"http://digitalbuildingdata.tech/nlcs/def/3afc5187-d693-4e73-b64d-10cea4502066","BODEM","SMO","B","905","B-SMO-BODEM_SONDERING_DERDEN-SO","BODEM_SONDERING_DERDEN","SO"
"http://digitalbuildingdata.tech/nlcs/def/6a90ffe8-3fa8-41da-8a36-f76e37aa6cdf","BODEM","SMO","B","906","B-SMO-BODEM_SONDERING_DERDEN_KLEEF-SO","BODEM_SONDERING_DERDEN_KLEEF","SO"
"http://digitalbuildingdata.tech/nlcs/def/313214f1-e898-4b29-8842-db3bced71949","BODEM","SMO","B","907","B-SMO-BODEM_ZAKBAAK_DERDEN-SO","BODEM_ZAKBAAK_DERDEN","SO"
"http://digitalbuildingdata.tech/nlcs/def/fe0dbec0-5fa7-45db-b5fb-d13506040a56","BODEM","SMO","","908","SMO-BODEM_ASBESTGAT-SO","BODEM_ASBESTGAT","SO"
"http://digitalbuildingdata.tech/nlcs/def/c182df20-63cb-4cba-bd13-ced522e32d1e","BODEM","SMO","","909","SMO-BODEM_ASBESTGAT_BORING-SO","BODEM_ASBESTGAT_BORING","SO"
"http://digitalbuildingdata.tech/nlcs/def/bd2e7848-64d2-4e52-849b-8ded8f910fd0","VERWIJZING","SAL","","91","SAL-VERWIJZING_DETAIL_RECHTSONDER-SO","VERWIJZING_DETAIL_RECHTSONDER","SO"
"http://digitalbuildingdata.tech/nlcs/def/a0ff0faa-6974-4226-aded-356f009d4fc5","BODEM","SMO","","910","SMO-BODEM_ASBESTGAT_PEILBUIS-SO","BODEM_ASBESTGAT_PEILBUIS","SO"
"http://digitalbuildingdata.tech/nlcs/def/e0972a54-1554-4b86-a3be-9306b64b7d59","BODEM","SMO","","911","SMO-BODEM_BORING-SO","BODEM_BORING","SO"
"http://digitalbuildingdata.tech/nlcs/def/f7daa4a7-6804-400f-82fe-3dac7b33b2af","BODEM","SMO","","912","SMO-BODEM_BORING_01-SO","BODEM_BORING_01","SO"
"http://digitalbuildingdata.tech/nlcs/def/bc7486bc-52df-406e-b257-419881b5278d","BODEM","SMO","","913","SMO-BODEM_BORING_02-SO","BODEM_BORING_02","SO"
"http://digitalbuildingdata.tech/nlcs/def/72625671-312a-4e99-befe-1177e0a40092","BODEM","SMO","","914","SMO-BODEM_BORING_03-SO","BODEM_BORING_03","SO"
"http://digitalbuildingdata.tech/nlcs/def/7eb27f7b-56fd-454b-84eb-8a67839cd165","BODEM","SMO","","915","SMO-BODEM_BORING_04-SO","BODEM_BORING_04","SO"
"http://digitalbuildingdata.tech/nlcs/def/97c26e77-5b2f-41c9-9b51-2260c2d13cb9","BODEM","SMO","","916","SMO-BODEM_BORING_05-SO","BODEM_BORING_05","SO"
"http://digitalbuildingdata.tech/nlcs/def/ed8cebfd-4f59-4438-9890-a3ed5fc3f2d3","BODEM","SMO","","917","SMO-BODEM_BORING_06-SO","BODEM_BORING_06","SO"
"http://digitalbuildingdata.tech/nlcs/def/d4258c64-a9c3-4a96-bebd-07be6f728c7c","BODEM","SMO","","918","SMO-BODEM_BORING_GESTUIT-SO","BODEM_BORING_GESTUIT","SO"
"http://digitalbuildingdata.tech/nlcs/def/0d833e33-22fa-425a-b37d-5ec30a6b2375","BODEM","SMO","","919","SMO-BODEM_BORING_NIET UITGEVOERD-SO","BODEM_BORING_NIET UITGEVOERD","SO"
"http://digitalbuildingdata.tech/nlcs/def/177e0a60-127c-45a0-ade6-90fcf817dbd8","VERWIJZING","SAL","","92","SAL-VERWIJZING_WIJZIGING_LINKS-SO","VERWIJZING_WIJZIGING_LINKS","SO"
"http://digitalbuildingdata.tech/nlcs/def/64a2ab32-4b05-4ee3-aa08-22585546ee62","BODEM","SMO","","920","SMO-BODEM_PEILBUIS_1FILTER-SO","BODEM_PEILBUIS_1FILTER","SO"
"http://digitalbuildingdata.tech/nlcs/def/65c91ce4-1063-4ddd-861d-d948b009ec94","BODEM","SMO","","921","SMO-BODEM_PEILBUIS_2FILTER-SO","BODEM_PEILBUIS_2FILTER","SO"
"http://digitalbuildingdata.tech/nlcs/def/57fb1c1f-da31-4284-ace3-007c3bab6dea","BODEM","SMO","","922","SMO-BODEM_PEILBUIS_3FILTER-SO","BODEM_PEILBUIS_3FILTER","SO"
"http://digitalbuildingdata.tech/nlcs/def/4774f3a1-53f7-4811-b287-a445ae511886","BODEM","SMO","","923","SMO-BODEM_BORING_SCHUIN-SO","BODEM_BORING_SCHUIN","SO"
"http://digitalbuildingdata.tech/nlcs/def/9b387e80-1668-4644-8230-f2bc6eb35624","BODEM","SMO","","924","SMO-BODEM_BORING_HANDMATIG-SO","BODEM_BORING_HANDMATIG","SO"
"http://digitalbuildingdata.tech/nlcs/def/3a22790d-ab5f-4030-86ac-fcf3f3c46ba7","BODEM","SMO","","925","SMO-BODEM_BORING_HANDMATIG_PEILBUIS_1FILTER-SO","BODEM_BORING_HANDMATIG_PEILBUIS_1FILTER","SO"
"http://digitalbuildingdata.tech/nlcs/def/f8f8d53b-ed53-485c-934e-af0374ee57f7","BODEM","SMO","","926","SMO-BODEM_GEHALTE-SO","BODEM_GEHALTE","SO"
"http://digitalbuildingdata.tech/nlcs/def/17f7dbe4-e161-4225-b40e-3262aec15421","BODEM","SMO","","927","SMO-BODEM_HELLINGMETERBUIS-SO","BODEM_HELLINGMETERBUIS","SO"
"http://digitalbuildingdata.tech/nlcs/def/167fec21-c8d6-4414-b32e-86022d9fc4b8","BODEM","SMO","","928","SMO-BODEM_MINIFILTER-SO","BODEM_MINIFILTER","SO"
"http://digitalbuildingdata.tech/nlcs/def/95653609-6010-4305-8f7a-3814cb932a09","BODEM","SMO","","929","SMO-BODEM_MONSTER_D1-SO","BODEM_MONSTER_D1","SO"
"http://digitalbuildingdata.tech/nlcs/def/07d64357-4ee2-4513-805b-0756636e84fa","VERWIJZING","SAL","","93","SAL-VERWIJZING_WIJZIGING_RECHTS-SO","VERWIJZING_WIJZIGING_RECHTS","SO"
"http://digitalbuildingdata.tech/nlcs/def/7872a1f2-f392-41b7-a2fa-79ded724e83b","BODEM","SMO","","930","SMO-BODEM_MONSTER_D2-SO","BODEM_MONSTER_D2","SO"
"http://digitalbuildingdata.tech/nlcs/def/8605f5c0-8392-411f-a8b7-c1a32f195622","BODEM","SMO","","931","SMO-BODEM_NULPUNT-SO","BODEM_NULPUNT","SO"
"http://digitalbuildingdata.tech/nlcs/def/d2b17a50-8153-465c-a8c6-0ea4b5b35bcb","BODEM","SMO","","932","SMO-BODEM_PROEFSLEUF-SO","BODEM_PROEFSLEUF","SO"
"http://digitalbuildingdata.tech/nlcs/def/2b108961-ff42-405c-a8d5-f4a7b000772e","BODEM","SMO","","933","SMO-BODEM_SLIBMONSTER-SO","BODEM_SLIBMONSTER","SO"
"http://digitalbuildingdata.tech/nlcs/def/627fde7d-51cb-453d-be89-a2a781800be4","BODEM","SMO","","934","SMO-BODEM_SONDERING_SLAGSONDERING-SO","BODEM_SONDERING_SLAGSONDERING","SO"
"http://digitalbuildingdata.tech/nlcs/def/c49ee6f6-08b3-4dae-abe6-ff563118251f","BODEM","SMO","","935","SMO-BODEM_SONDERING-SO","BODEM_SONDERING","SO"
"http://digitalbuildingdata.tech/nlcs/def/a9f9101e-9673-49cd-896a-0d1a9eb9f131","BODEM","SMO","","936","SMO-BODEM_SONDERING_GESTUIT-SO","BODEM_SONDERING_GESTUIT","SO"
"http://digitalbuildingdata.tech/nlcs/def/3ee8e4e9-b7b0-4a8d-bf5e-0c5442fb47ce","BODEM","SMO","","937","SMO-BODEM_SONDERING_KLEEF-SO","BODEM_SONDERING_KLEEF","SO"
"http://digitalbuildingdata.tech/nlcs/def/91394f51-ea58-4dd8-be7c-92b746480093","BODEM","SMO","","938","SMO-BODEM_SONDERING_KLEEF_GESTUIT-SO","BODEM_SONDERING_KLEEF_GESTUIT","SO"
"http://digitalbuildingdata.tech/nlcs/def/818ffd06-49aa-40cf-aa34-c9f8e28d37bd","BODEM","SMO","","939","SMO-BODEM_SONDERING_KLEEF_NIET UITGEVOERD-SO","BODEM_SONDERING_KLEEF_NIET UITGEVOERD","SO"
"http://digitalbuildingdata.tech/nlcs/def/beccdae4-53ac-4296-b742-3f2a1d029724","VERWIJZING","SAL","","94","SAL-VERWIJZING_DOORSNEDE_RECHTS-SO","VERWIJZING_DOORSNEDE_RECHTS","SO"
"http://digitalbuildingdata.tech/nlcs/def/178ed6d5-532e-4e3a-8548-6ad2edc9aaec","BODEM","SMO","","940","SMO-BODEM_SONDERING_MIDDELZWAAR-SO","BODEM_SONDERING_MIDDELZWAAR","SO"
"http://digitalbuildingdata.tech/nlcs/def/179df67f-1044-4bbf-bc79-501bfd090bb8","BODEM","SMO","","941","SMO-BODEM_SONDERING_MIDDELZWAAR_KLEEF-SO","BODEM_SONDERING_MIDDELZWAAR_KLEEF","SO"
"http://digitalbuildingdata.tech/nlcs/def/a0f26c1f-7a48-4998-8706-226f65f95567","BODEM","SMO","","942","SMO-BODEM_SONDERING_NIET UITGEVOERD-SO","BODEM_SONDERING_NIET UITGEVOERD","SO"
"http://digitalbuildingdata.tech/nlcs/def/9ad81266-348b-4f00-88cb-2075d888c245","BODEM","SMO","","943","SMO-BODEM_SONDERING_ZWAAR-SO","BODEM_SONDERING_ZWAAR","SO"
"http://digitalbuildingdata.tech/nlcs/def/683b391e-9c2f-43f0-a300-227d0921703e","BODEM","SMO","","944","SMO-BODEM_SONDERING_ZWAAR_KLEEF-SO","BODEM_SONDERING_ZWAAR_KLEEF","SO"
"http://digitalbuildingdata.tech/nlcs/def/f9a0c86f-7c76-4473-af1f-7c17fe6116b2","BODEM","SMO","","946","SMO-BODEM_WATERSPANNINGSMETER-SO","BODEM_WATERSPANNINGSMETER","SO"
"http://digitalbuildingdata.tech/nlcs/def/afc0d7ef-1f7a-410b-941b-8abadc6b600c","BODEM","SMO","","947","SMO-BODEM_ZAKBAAK-SO","BODEM_ZAKBAAK","SO"
"http://digitalbuildingdata.tech/nlcs/def/538ed54c-dcb0-445b-9158-c7190082a1d9","GRONDWATER","SMO","","948","SMO-GRONDWATER_FILTER_01-SO","GRONDWATER_FILTER_01","SO"
"http://digitalbuildingdata.tech/nlcs/def/99b47055-2c3a-4ef4-9138-83f3d6aee55f","GRONDWATER","SMO","","949","SMO-GRONDWATER_FILTER_02-SO","GRONDWATER_FILTER_02","SO"
"http://digitalbuildingdata.tech/nlcs/def/228be51a-a5b3-478c-a8b5-15dfc637fd82","VERWIJZING","SAL","","95","SAL-VERWIJZING_DOORSNEDE_LINKS-SO","VERWIJZING_DOORSNEDE_LINKS","SO"
"http://digitalbuildingdata.tech/nlcs/def/507418a3-b044-4442-8978-211cc3b04af8","GRONDWATER","SMO","","950","SMO-GRONDWATER_GEHALTE-SO","GRONDWATER_GEHALTE","SO"
"http://digitalbuildingdata.tech/nlcs/def/26f2140f-2806-4873-a3da-253ba7f21ad7","HOOGTEPUNT","SOG","","951","SOG-HOOGTEPUNT-SO","HOOGTEPUNT","SO"
"http://digitalbuildingdata.tech/nlcs/def/50814c80-d6c1-46e3-9ce0-71b875236c0b","ERF","SOG","","952","SOG-ERFGRENS_RECHTS-D","ERFGRENS_RECHTS","D"
"http://digitalbuildingdata.tech/nlcs/def/9395717b-1958-4261-b892-e2ba6abc06a9","ERF","SOG","","953","SOG-ERFGRENS_LINKS-D","ERFGRENS_LINKS","D"
"http://digitalbuildingdata.tech/nlcs/def/98875561-a6bf-458d-83ea-8fc69a1fbc10","GEVEL","SOG","","954","SOG-GEVEL_LINKS-D","GEVEL_LINKS","D"
"http://digitalbuildingdata.tech/nlcs/def/eb836fd8-54d1-48a7-b145-b334e20158d2","GEVEL","SOG","","955","SOG-GEVEL_RECHTS-D","GEVEL_RECHTS","D"
"http://digitalbuildingdata.tech/nlcs/def/951b17ee-6673-4088-86a9-5e646dc1bc3a","HAAG","SGR","","956","SGR-HAAG-D","HAAG","D"
"http://digitalbuildingdata.tech/nlcs/def/d2bd0f52-8c5b-4f5b-a467-03474893eaa8","HEK","SOG","","957","SOG-HEK-D","HEK","D"
"http://digitalbuildingdata.tech/nlcs/def/66f8becf-40ce-4346-8f6d-6d96e5cbb1b9","LICHTMAST","SOV","","958","SOV-LICHTMAST-D","LICHTMAST","D"
"http://digitalbuildingdata.tech/nlcs/def/36ca39bb-3130-4f2d-b7c7-8552e8b0a778","MAAIVELD","SGW","","959","SGW-MAAIVELD-D","MAAIVELD","D"
"http://digitalbuildingdata.tech/nlcs/def/e5360994-795e-4c3b-8a33-3438bda1be98","VERWIJZING","SAL","","96","SAL-VERWIJZING_DOORSNEDE_BOVEN-SO","VERWIJZING_DOORSNEDE_BOVEN","SO"
"http://digitalbuildingdata.tech/nlcs/def/4e7dfb55-a5b8-4c8c-b339-f107fa2bb9b7","WATER","SOG","","960","SOG-WATERLIJN-D","WATERLIJN","D"
"http://digitalbuildingdata.tech/nlcs/def/8ff7ba85-3fde-4bf3-b603-db6653882d3c","WATER","SOG","","961","SOG-WATER-SO","WATER","SO"
"http://digitalbuildingdata.tech/nlcs/def/96660636-7e24-4429-a048-afe3a67cb788","AFSCHEIDER","SRI","","962","SRI-AFSCHEIDER_IBA-SO","AFSCHEIDER_IBA","SO"
"http://digitalbuildingdata.tech/nlcs/def/fcc20a83-1ee4-40c7-883c-31a4c63f2f3d","AFSCHEIDER","SRI","","963","SRI-AFSCHEIDER_OLIE_BENZINE-SO","AFSCHEIDER_OLIE_BENZINE","SO"
"http://digitalbuildingdata.tech/nlcs/def/9933bb59-d481-4bc8-9089-bb0bfbb70954","AFSCHEIDER","SRI","","964","SRI-AFSCHEIDER_SLIBVANGPUT-SO","AFSCHEIDER_SLIBVANGPUT","SO"
"http://digitalbuildingdata.tech/nlcs/def/ce922656-3fbf-4bcf-8ffd-082da60b55f9","AFSCHEIDER","SRI","","965","SRI-AFSCHEIDER_VET-SO","AFSCHEIDER_VET","SO"
"http://digitalbuildingdata.tech/nlcs/def/3649c021-19a1-433e-8c66-d10e976c81d3","AFSCHEIDER","SRI","","966","SRI-AFSCHEIDER_ZETMEEL-SO","AFSCHEIDER_ZETMEEL","SO"
"http://digitalbuildingdata.tech/nlcs/def/61967d4a-33b7-47dc-af59-1bbd476e7efb","AFSCHEIDER","SRI","","967","SRI-AFSCHEIDER-SO","AFSCHEIDER","SO"
"http://digitalbuildingdata.tech/nlcs/def/45d348fa-901c-4c30-ba3b-4281e62b4629","BOB","SRI","","968","SRI-BOB-SO","BOB","SO"
"http://digitalbuildingdata.tech/nlcs/def/f16412cc-bd2a-46f0-88d4-b40ae3873911","VERWIJZING","SAL","","97","SAL-VERWIJZING_DOORSNEDE_ONDER-SO","VERWIJZING_DOORSNEDE_ONDER","SO"
"http://digitalbuildingdata.tech/nlcs/def/967b6c79-f8fb-4561-acd5-5dd1787e002b","PUT","SRI","","970","SRI-PUT_DRAIN_DOORSPUIT-SO","PUT_DRAIN_DOORSPUIT","SO"
"http://digitalbuildingdata.tech/nlcs/def/69bc2214-88cb-4de8-8a0b-282f1ba12d29","PUT","SRI","","971","SRI-PUT_DRAIN-SO","PUT_DRAIN","SO"
"http://digitalbuildingdata.tech/nlcs/def/15985e56-8f4c-4295-832d-fc8af1302584","DRAIN","SRI","","972","SRI-DRAIN_TALUDGOOT-SO","DRAIN_TALUDGOOT","SO"
"http://digitalbuildingdata.tech/nlcs/def/e023c716-c33d-40cc-899a-46798f43bf70","GEMAAL","SRI","","973","SRI-GEMAAL-SO","GEMAAL","SO"
"http://digitalbuildingdata.tech/nlcs/def/ce42ab68-787a-46d6-aeb7-fb7cdc11d3a5","HULP","SRI","","974","SRI-HULP_AFSLUITER-SO","HULP_AFSLUITER","SO"
"http://digitalbuildingdata.tech/nlcs/def/af30ab08-f003-4220-a62c-07b81ecae98b","HULP","SRI","","975","SRI-HULP_AFSLUITER_DRIEWEG-SO","HULP_AFSLUITER_DRIEWEG","SO"
"http://digitalbuildingdata.tech/nlcs/def/2055a84a-e308-4f4d-a242-eab3d4658c4a","HULP","SRI","","976","SRI-HULP_AFSLUITER_HAAKS-SO","HULP_AFSLUITER_HAAKS","SO"
"http://digitalbuildingdata.tech/nlcs/def/c3773673-804b-4abc-90a2-982c56f15bd2","HULP","SRI","","977","SRI-HULP_AFSLUITER_HANDB-SO","HULP_AFSLUITER_HANDB","SO"
"http://digitalbuildingdata.tech/nlcs/def/a8a54156-64b4-415f-b96e-83f2245cc146","HULP","SRI","","978","SRI-HULP_AFSLUITER_KLEP-SO","HULP_AFSLUITER_KLEP","SO"
"http://digitalbuildingdata.tech/nlcs/def/37939d1f-b9f4-46de-b628-04ed18b904f7","HULP","SRI","","979","SRI-HULP_AFSLUITER_KOGEL-SO","HULP_AFSLUITER_KOGEL","SO"
"http://digitalbuildingdata.tech/nlcs/def/5386fae8-6765-421a-b6e8-cb7e781c26b1","VERWIJZING","SAL","","98","SAL-VERWIJZING_ONDERSCHRIFT-SO","VERWIJZING_ONDERSCHRIFT","SO"
"http://digitalbuildingdata.tech/nlcs/def/76a26ab3-ed7e-4be4-905a-2ea6878a28a8","HULP","SRI","","980","SRI-HULP_AFSLUITER_SPINDEL-SO","HULP_AFSLUITER_SPINDEL","SO"
"http://digitalbuildingdata.tech/nlcs/def/2356bdd8-802b-4a4d-9dca-57d372af684c","HULP","SRI","","981","SRI-HULP_BELUCHTING-SO","HULP_BELUCHTING","SO"
"http://digitalbuildingdata.tech/nlcs/def/f8788971-5011-4a18-9ff5-970daf8cf2a7","HULP","SRI","","982","SRI-HULP_BELUCHTING_ONTLUCHTING-SO","HULP_BELUCHTING_ONTLUCHTING","SO"
"http://digitalbuildingdata.tech/nlcs/def/5d7db845-1e08-42f3-bf42-1257352d1d8b","HULP","SRI","","983","SRI-HULP_EINDKAP-SO","HULP_EINDKAP","SO"
"http://digitalbuildingdata.tech/nlcs/def/77009ca3-b52d-42eb-b9f2-4a72c93a1c9f","HULP","SRI","","984","SRI-HULP_INLAAT-SO","HULP_INLAAT","SO"
"http://digitalbuildingdata.tech/nlcs/def/b68d62a1-ef80-43e4-bc95-70f27cc47c4c","HULP","SRI","","986","SRI-HULP_INLAAT_KOLK-SO","HULP_INLAAT_KOLK","SO"
"http://digitalbuildingdata.tech/nlcs/def/75b59f59-f997-4e7c-841f-34c4ade66a6f","HULP","SRI","","987","SRI-HULP_KEERKLEP-SO","HULP_KEERKLEP","SO"
"http://digitalbuildingdata.tech/nlcs/def/2cbaca77-9706-4f44-8580-935cddba6b8b","HULP","SRI","","988","SRI-HULP_ONTLUCHTING-SO","HULP_ONTLUCHTING","SO"
"http://digitalbuildingdata.tech/nlcs/def/3b17c3aa-a60d-4b8c-826c-71935bad41b6","HULP","SRI","","989","SRI-HULP_ONTSTOP-SO","HULP_ONTSTOP","SO"
"http://digitalbuildingdata.tech/nlcs/def/d9a030f5-a048-4199-a3d3-53c5fa126d2e","HOOGTELABEL","SZZ","","99","SZZ-HOOGTELABEL_01-SO","HOOGTELABEL_01","SO"
"http://digitalbuildingdata.tech/nlcs/def/6ca6e54e-7adc-4f4a-9a56-4ec6def53575","HULP","SRI","","990","SRI-HULP_SCHOONMAAKSTUK-SO","HULP_SCHOONMAAKSTUK","SO"
"http://digitalbuildingdata.tech/nlcs/def/a8057122-4eed-4c61-a0ac-99abc0ba126d","HULP","SRI","","991","SRI-HULP_SPUIKRAAN-SO","HULP_SPUIKRAAN","SO"
"http://digitalbuildingdata.tech/nlcs/def/1b48d7e2-87dd-4604-bec3-91e06c1da9c6","HULP","SRI","","992","SRI-HULP_VERLOOPSTUK-SO","HULP_VERLOOPSTUK","SO"
"http://digitalbuildingdata.tech/nlcs/def/ac7b7fff-d35e-434d-83ce-f17c2056f4c2","HULP","SRI","","993","SRI-HULP_VLINDERKLEP-SO","HULP_VLINDERKLEP","SO"