"omschrijving","status","underscore","discipline","underscore2","hoofdgroep","underscore3","object","underscore4","subobject01","underscore5","subobject02","underscore6","subobject03","underscore7","subobject04","underscore8","subobject05","streepje","bewerking","streepje3","element","streepje2","aobject","sobject","laagnaam","lw_b","kl_b","kl_b_a","kl_b_gd","kl_b_gn","kl_b_v","lt_b","lw_n","kl_n","kl_n_a","kl_n_gd","kl_n_gn","kl_n_v","lt_n","lw_v","kl_v","kl_v_a","kl_v_gd","kl_v_gn","kl_v_v","lt_v","lw_t","kl_t","kl_t_a","kl_t_gd","kl_t_gn","kl_t_v","lt_t","vrkl_kort","vrkl_lang","id_nummer","kind_van","objectURI","kind_vanURI"
"BOOM_MEERSTAMMIG_IN CONTAINER_1E GROOTTE","*","_","**","_","GR","_","BOOM","_","MEERSTAMMIG","_","IN CONTAINER","_","1E GROOTTE","_","","_","","'-","","'-","G/S","'-","","SGR-BOOM","*_**_GR_BOOM_MEERSTAMMIG_IN CONTAINER_1E GROOTTE","0.18","80","82","80","80","253","CONTINUOUS","0.35","80","82","80","80","253","CONTINUOUS","0.35","80","82","80","80","253","V-CONTINUOUS-SO","0.35","80","82","80","80","253","CONTINUOUS","","","4272","4265","http://digitalbuildingdata.tech/nlcs/def/1181d51c-3577-4746-b5b9-119597365711","http://digitalbuildingdata.tech/nlcs/def/1e601309-18ae-4681-bb32-cbe968e99d8d"
"BOOM_LAAGSTAM_ZONDER KLUIT_3E GROOTTE","*","_","**","_","GR","_","BOOM","_","LAAGSTAM","_","ZONDER KLUIT","_","3E GROOTTE","_","","_","","'-","","'-","G/S","'-","","SGR-BOOM","*_**_GR_BOOM_LAAGSTAM_ZONDER KLUIT_3E GROOTTE","0.18","80","82","80","80","253","CONTINUOUS","0.35","80","82","80","80","253","CONTINUOUS","0.35","80","82","80","80","253","V-CONTINUOUS-SO","0.35","80","82","80","80","253","CONTINUOUS","","","4249","4246","http://digitalbuildingdata.tech/nlcs/def/56ec5ac9-2975-4b7d-b118-5f26ef6aa0b6","http://digitalbuildingdata.tech/nlcs/def/088a182d-5494-41cb-aa65-a5fc109711d9"
"BOOM_KNOT_MET KLUIT_2E GROOTTE","*","_","**","_","GR","_","BOOM","_","KNOT","_","MET KLUIT","_","2E GROOTTE","_","","_","","'-","","'-","G/S","'-","","SGR-BOOM","*_**_GR_BOOM_KNOT_MET KLUIT_2E GROOTTE","0.18","80","80","80","80","253","CONTINUOUS","0.35","80","80","80","80","253","CONTINUOUS","0.35","80","80","80","80","253","V-CONTINUOUS-SO","0.35","80","80","80","80","253","CONTINUOUS","","","4224","4222","http://digitalbuildingdata.tech/nlcs/def/2d7abf25-83b6-44fd-99a6-fb116f690852","http://digitalbuildingdata.tech/nlcs/def/16ec50c0-9832-4862-8e34-936ead86f5ef"
"BOOM_KNOT_STAAK_2E GROOTTE","*","_","**","_","GR","_","BOOM","_","KNOT","_","STAAK","_","2E GROOTTE","_","","_","","'-","","'-","G/S","'-","","SGR-BOOM","*_**_GR_BOOM_KNOT_STAAK_2E GROOTTE","0.18","80","80","80","80","253","CONTINUOUS","0.35","80","80","80","80","253","CONTINUOUS","0.35","80","80","80","80","253","V-CONTINUOUS-SO","0.35","80","80","80","80","253","CONTINUOUS","","","4228","4226","http://digitalbuildingdata.tech/nlcs/def/9f50bd30-46cd-4f00-bd5c-f0ed1a0bfa1c","http://digitalbuildingdata.tech/nlcs/def/7a6e535a-fda2-4f6c-ab50-a2cba540be9e"
"BOOM_KNOT_STAAK_1E GROOTTE","*","_","**","_","GR","_","BOOM","_","KNOT","_","STAAK","_","1E GROOTTE","_","","_","","'-","","'-","G/S","'-","","SGR-BOOM","*_**_GR_BOOM_KNOT_STAAK_1E GROOTTE","0.18","80","80","80","80","253","CONTINUOUS","0.35","80","80","80","80","253","CONTINUOUS","0.35","80","80","80","80","253","V-CONTINUOUS-SO","0.35","80","80","80","80","253","CONTINUOUS","","","4227","4226","http://digitalbuildingdata.tech/nlcs/def/35688bc1-2013-45d0-8302-f71dbeae491c","http://digitalbuildingdata.tech/nlcs/def/7a6e535a-fda2-4f6c-ab50-a2cba540be9e"
"BOOM_HOOGSTAM_MET KLUIT_2E GROOTTE","*","_","**","_","GR","_","BOOM","_","HOOGSTAM","_","MET KLUIT","_","2E GROOTTE","_","","_","","'-","","'-","G/S","'-","","SGR-BOOM","*_**_GR_BOOM_HOOGSTAM_MET KLUIT_2E GROOTTE","0.18","80","82","80","80","253","CONTINUOUS","0.35","80","82","80","80","253","CONTINUOUS","0.35","80","82","80","80","253","V-CONTINUOUS-SO","0.35","80","82","80","80","253","CONTINUOUS","","","4207","4205","http://digitalbuildingdata.tech/nlcs/def/984a5845-fcf1-40a5-a54c-6a77291a11ce","http://digitalbuildingdata.tech/nlcs/def/6712e741-a772-473a-a1ed-3d71dada2347"
"BOOM_KNOT_MET KLUIT_3E GROOTTE","*","_","**","_","GR","_","BOOM","_","KNOT","_","MET KLUIT","_","3E GROOTTE","_","","_","","'-","","'-","G/S","'-","","SGR-BOOM","*_**_GR_BOOM_KNOT_MET KLUIT_3E GROOTTE","0.18","80","80","80","80","253","CONTINUOUS","0.35","80","80","80","80","253","CONTINUOUS","0.35","80","80","80","80","253","V-CONTINUOUS-SO","0.35","80","80","80","80","253","CONTINUOUS","","","4225","4222","http://digitalbuildingdata.tech/nlcs/def/7c1c540e-62d1-4629-abaa-76720f09c4ee","http://digitalbuildingdata.tech/nlcs/def/16ec50c0-9832-4862-8e34-936ead86f5ef"
"BOOM_MEERSTAMMIG_ZONDER KLUIT_3E GROOTTE","*","_","**","_","GR","_","BOOM","_","MEERSTAMMIG","_","ZONDER KLUIT","_","3E GROOTTE","_","","_","","'-","","'-","G/S","'-","","SGR-BOOM","*_**_GR_BOOM_MEERSTAMMIG_ZONDER KLUIT_3E GROOTTE","0.18","80","82","80","80","253","CONTINUOUS","0.35","80","82","80","80","253","CONTINUOUS","0.35","80","82","80","80","253","V-CONTINUOUS-SO","0.35","80","82","80","80","253","CONTINUOUS","","","4280","4277","http://digitalbuildingdata.tech/nlcs/def/c57ac714-be0b-4fcd-b73f-62149d3c4824","http://digitalbuildingdata.tech/nlcs/def/04820fea-91d8-4c78-827d-36df859e9d88"
"BOOM_LEI_ZONDER KLUIT_2E GROOTTE","*","_","**","_","GR","_","BOOM","_","LEI","_","ZONDER KLUIT","_","2E GROOTTE","_","","_","","'-","","'-","G/S","'-","","SGR-BOOM","*_**_GR_BOOM_LEI_ZONDER KLUIT_2E GROOTTE","0.18","80","80","80","80","253","CONTINUOUS","0.35","80","80","80","80","253","CONTINUOUS","0.35","80","80","80","80","253","V-CONTINUOUS-SO","0.35","80","80","80","80","253","CONTINUOUS","","","4263","4261","http://digitalbuildingdata.tech/nlcs/def/de92f2ca-61dd-4a21-a038-f19dabfd0f99","http://digitalbuildingdata.tech/nlcs/def/abd7aacf-250b-4e96-880b-7ac7f26dfc0a"
"BOOM_LEI_IN CONTAINER_1E GROOTTE","*","_","**","_","GR","_","BOOM","_","LEI","_","IN CONTAINER","_","1E GROOTTE","_","","_","","'-","","'-","G/S","'-","","SGR-BOOM","*_**_GR_BOOM_LEI_IN CONTAINER_1E GROOTTE","0.18","80","80","80","80","253","CONTINUOUS","0.35","80","80","80","80","253","CONTINUOUS","0.35","80","80","80","80","253","V-CONTINUOUS-SO","0.35","80","80","80","80","253","CONTINUOUS","","","4254","4253","http://digitalbuildingdata.tech/nlcs/def/614f8c1f-f9ad-45a1-bbef-427215eafaef","http://digitalbuildingdata.tech/nlcs/def/12144cc9-efb9-4dd9-8fca-47f1b2f6c3fc"
"BOOM_BEVEERD_IN CONTAINER_3E GROOTTE","*","_","**","_","GR","_","BOOM","_","BEVEERD","_","IN CONTAINER","_","3E GROOTTE","_","","_","","'-","","'-","G/S","'-","","SGR-BOOM","*_**_GR_BOOM_BEVEERD_IN CONTAINER_3E GROOTTE","0.18","80","82","80","80","253","CONTINUOUS","0.35","80","82","80","80","253","CONTINUOUS","0.35","80","82","80","80","253","V-CONTINUOUS-SO","0.35","80","82","80","80","253","CONTINUOUS","","","4188","4185","http://digitalbuildingdata.tech/nlcs/def/edf973b6-e78d-40c6-a3cf-4a7d2379eba3","http://digitalbuildingdata.tech/nlcs/def/92b6a8b3-d17a-4069-8f5c-b978e031ae1a"
"BOOM_LAAGSTAM_ZONDER KLUIT_2E GROOTTE","*","_","**","_","GR","_","BOOM","_","LAAGSTAM","_","ZONDER KLUIT","_","2E GROOTTE","_","","_","","'-","","'-","G/S","'-","","SGR-BOOM","*_**_GR_BOOM_LAAGSTAM_ZONDER KLUIT_2E GROOTTE","0.18","80","82","80","80","253","CONTINUOUS","0.35","80","82","80","80","253","CONTINUOUS","0.35","80","82","80","80","253","V-CONTINUOUS-SO","0.35","80","82","80","80","253","CONTINUOUS","","","4248","4246","http://digitalbuildingdata.tech/nlcs/def/2fcaee76-3c0e-4f02-b1f9-0fb308244ee7","http://digitalbuildingdata.tech/nlcs/def/088a182d-5494-41cb-aa65-a5fc109711d9"
"BOOM_HOOGSTAM_MET KLUIT_3E GROOTTE","*","_","**","_","GR","_","BOOM","_","HOOGSTAM","_","MET KLUIT","_","3E GROOTTE","_","","_","","'-","","'-","G/S","'-","","SGR-BOOM","*_**_GR_BOOM_HOOGSTAM_MET KLUIT_3E GROOTTE","0.18","80","82","80","80","253","CONTINUOUS","0.35","80","82","80","80","253","CONTINUOUS","0.35","80","82","80","80","253","V-CONTINUOUS-SO","0.35","80","82","80","80","253","CONTINUOUS","","","4208","4205","http://digitalbuildingdata.tech/nlcs/def/8e1c97d1-cd5b-4ca2-ac33-a230254b677d","http://digitalbuildingdata.tech/nlcs/def/6712e741-a772-473a-a1ed-3d71dada2347"
"BOOM_MEERSTAMMIG_MET KLUIT_2E GROOTTE","*","_","**","_","GR","_","BOOM","_","MEERSTAMMIG","_","MET KLUIT","_","2E GROOTTE","_","","_","","'-","","'-","G/S","'-","","SGR-BOOM","*_**_GR_BOOM_MEERSTAMMIG_MET KLUIT_2E GROOTTE","0.18","80","82","80","80","253","CONTINUOUS","0.35","80","82","80","80","253","CONTINUOUS","0.35","80","82","80","80","253","V-CONTINUOUS-SO","0.35","80","82","80","80","253","CONTINUOUS","","","4275","4273","http://digitalbuildingdata.tech/nlcs/def/749ba9bf-0af8-4599-870f-422e17e62ee0","http://digitalbuildingdata.tech/nlcs/def/e7794fd9-9fe6-474a-970d-e4ef9271b8fe"
"BOOM_LEI_MET KLUIT_2E GROOTTE","*","_","**","_","GR","_","BOOM","_","LEI","_","MET KLUIT","_","2E GROOTTE","_","","_","","'-","","'-","G/S","'-","","SGR-BOOM","*_**_GR_BOOM_LEI_MET KLUIT_2E GROOTTE","0.18","80","80","80","80","253","CONTINUOUS","0.35","80","80","80","80","253","CONTINUOUS","0.35","80","80","80","80","253","V-CONTINUOUS-SO","0.35","80","80","80","80","253","CONTINUOUS","","","4259","4257","http://digitalbuildingdata.tech/nlcs/def/d7105233-58ae-4db0-98a0-e806bed32c0c","http://digitalbuildingdata.tech/nlcs/def/cfac943a-73d0-4afe-8456-2bfee047fd49"
"BOOM_LEI_MET KLUIT_3E GROOTTE","*","_","**","_","GR","_","BOOM","_","LEI","_","MET KLUIT","_","3E GROOTTE","_","","_","","'-","","'-","G/S","'-","","SGR-BOOM","*_**_GR_BOOM_LEI_MET KLUIT_3E GROOTTE","0.18","80","80","80","80","253","CONTINUOUS","0.35","80","80","80","80","253","CONTINUOUS","0.35","80","80","80","80","253","V-CONTINUOUS-SO","0.35","80","80","80","80","253","CONTINUOUS","","","4260","4257","http://digitalbuildingdata.tech/nlcs/def/16543f29-d753-4034-a2e1-2f981ceae106","http://digitalbuildingdata.tech/nlcs/def/cfac943a-73d0-4afe-8456-2bfee047fd49"
"BOOM_MEERSTAMMIG_IN CONTAINER_3E GROOTTE","*","_","**","_","GR","_","BOOM","_","MEERSTAMMIG","_","IN CONTAINER","_","3E GROOTTE","_","","_","","'-","","'-","G/S","'-","","SGR-BOOM","*_**_GR_BOOM_MEERSTAMMIG_IN CONTAINER_3E GROOTTE","0.18","80","82","80","80","253","CONTINUOUS","0.35","80","82","80","80","253","CONTINUOUS","0.35","80","82","80","80","253","V-CONTINUOUS-SO","0.35","80","82","80","80","253","CONTINUOUS","","","4271","4269","http://digitalbuildingdata.tech/nlcs/def/b923c5d3-580c-49ae-907c-8bd67d7e65c5","http://digitalbuildingdata.tech/nlcs/def/cfc3ff62-3970-40ee-bf5d-4c5723fd623b"
"BOOM_VORM_ZONDER KLUIT_2E GROOTTE","*","_","**","_","GR","_","BOOM","_","VORM","_","ZONDER KLUIT","_","2E GROOTTE","_","","_","","'-","","'-","G/S","'-","","SGR-BOOM","*_**_GR_BOOM_VORM_ZONDER KLUIT_2E GROOTTE","0.18","80","82","80","80","253","CONTINUOUS","0.35","80","82","80","80","253","CONTINUOUS","0.35","80","82","80","80","253","V-CONTINUOUS-SO","0.35","80","82","80","80","253","CONTINUOUS","","","4295","4293","http://digitalbuildingdata.tech/nlcs/def/6092b6b6-6b61-4c18-9459-5a15326d78c0","http://digitalbuildingdata.tech/nlcs/def/c9e8dcc5-35bc-4f7e-b142-ef43f2ecde5d"
"BOOM_BEVEERD_IN CONTAINER_2E GROOTTE","*","_","**","_","GR","_","BOOM","_","BEVEERD","_","IN CONTAINER","_","2E GROOTTE","_","","_","","'-","","'-","G/S","'-","","SGR-BOOM","*_**_GR_BOOM_BEVEERD_IN CONTAINER_2E GROOTTE","0.18","80","82","80","80","253","CONTINUOUS","0.35","80","82","80","80","253","CONTINUOUS","0.35","80","82","80","80","253","V-CONTINUOUS-SO","0.35","80","82","80","80","253","CONTINUOUS","","","4187","4185","http://digitalbuildingdata.tech/nlcs/def/c5f4d6be-a65c-4c3e-bbfd-2efd9a1e857b","http://digitalbuildingdata.tech/nlcs/def/92b6a8b3-d17a-4069-8f5c-b978e031ae1a"
"BOOM_MEERSTAMMIG_ZONDER KLUIT_2E GROOTTE","*","_","**","_","GR","_","BOOM","_","MEERSTAMMIG","_","ZONDER KLUIT","_","2E GROOTTE","_","","_","","'-","","'-","G/S","'-","","SGR-BOOM","*_**_GR_BOOM_MEERSTAMMIG_ZONDER KLUIT_2E GROOTTE","0.18","80","82","80","80","253","CONTINUOUS","0.35","80","82","80","80","253","CONTINUOUS","0.35","80","82","80","80","253","V-CONTINUOUS-SO","0.35","80","82","80","80","253","CONTINUOUS","","","4279","4277","http://digitalbuildingdata.tech/nlcs/def/1db9f4d1-1d03-444b-8f84-6e60eac155cd","http://digitalbuildingdata.tech/nlcs/def/04820fea-91d8-4c78-827d-36df859e9d88"
"BOOM_LEI_ZONDER KLUIT_1E GROOTTE","*","_","**","_","GR","_","BOOM","_","LEI","_","ZONDER KLUIT","_","1E GROOTTE","_","","_","","'-","","'-","G/S","'-","","SGR-BOOM","*_**_GR_BOOM_LEI_ZONDER KLUIT_1E GROOTTE","0.18","80","80","80","80","253","CONTINUOUS","0.35","80","80","80","80","253","CONTINUOUS","0.35","80","80","80","80","253","V-CONTINUOUS-SO","0.35","80","80","80","80","253","CONTINUOUS","","","4262","4261","http://digitalbuildingdata.tech/nlcs/def/1c79f1bf-214e-4043-a693-c38d2443893a","http://digitalbuildingdata.tech/nlcs/def/abd7aacf-250b-4e96-880b-7ac7f26dfc0a"
"BOOM_LAAGSTAM_MET KLUIT_1E GROOTTE","*","_","**","_","GR","_","BOOM","_","LAAGSTAM","_","MET KLUIT","_","1E GROOTTE","_","","_","","'-","","'-","G/S","'-","","SGR-BOOM","*_**_GR_BOOM_LAAGSTAM_MET KLUIT_1E GROOTTE","0.18","80","82","80","80","253","CONTINUOUS","0.35","80","82","80","80","253","CONTINUOUS","0.35","80","82","80","80","253","V-CONTINUOUS-SO","0.35","80","82","80","80","253","CONTINUOUS","","","4243","4242","http://digitalbuildingdata.tech/nlcs/def/092f1814-3fa6-4c61-8a63-aa868b26301c","http://digitalbuildingdata.tech/nlcs/def/2d596e9c-afe5-4af9-92d4-2b8ec79f3c08"
"BOOM_BEVEERD_ZONDER KLUIT_3E GROOTTE","*","_","**","_","GR","_","BOOM","_","BEVEERD","_","ZONDER KLUIT","_","3E GROOTTE","_","","_","","'-","","'-","G/S","'-","","SGR-BOOM","*_**_GR_BOOM_BEVEERD_ZONDER KLUIT_3E GROOTTE","0.18","80","82","80","80","253","CONTINUOUS","0.35","80","82","80","80","253","CONTINUOUS","0.35","80","82","80","80","253","V-CONTINUOUS-SO","0.35","80","82","80","80","253","CONTINUOUS","","","4196","4193","http://digitalbuildingdata.tech/nlcs/def/6c9a5e84-363d-4e51-9f16-c894981730ec","http://digitalbuildingdata.tech/nlcs/def/41e426a5-1d62-445f-b87b-e6bd85f2d83e"
"BOOM_BEVEERD_ZONDER KLUIT_2E GROOTTE","*","_","**","_","GR","_","BOOM","_","BEVEERD","_","ZONDER KLUIT","_","2E GROOTTE","_","","_","","'-","","'-","G/S","'-","","SGR-BOOM","*_**_GR_BOOM_BEVEERD_ZONDER KLUIT_2E GROOTTE","0.18","80","82","80","80","253","CONTINUOUS","0.35","80","82","80","80","253","CONTINUOUS","0.35","80","82","80","80","253","V-CONTINUOUS-SO","0.35","80","82","80","80","253","CONTINUOUS","","","4195","4193","http://digitalbuildingdata.tech/nlcs/def/3401cf77-c355-4e0f-8ea3-39ce8de790e9","http://digitalbuildingdata.tech/nlcs/def/41e426a5-1d62-445f-b87b-e6bd85f2d83e"
"BOOM_LEI_IN CONTAINER_2E GROOTTE","*","_","**","_","GR","_","BOOM","_","LEI","_","IN CONTAINER","_","2E GROOTTE","_","","_","","'-","","'-","G/S","'-","","SGR-BOOM","*_**_GR_BOOM_LEI_IN CONTAINER_2E GROOTTE","0.18","80","80","80","80","253","CONTINUOUS","0.35","80","80","80","80","253","CONTINUOUS","0.35","80","80","80","80","253","V-CONTINUOUS-SO","0.35","80","80","80","80","253","CONTINUOUS","","","4255","4253","http://digitalbuildingdata.tech/nlcs/def/d1bbc29b-dd73-453c-846e-2311c907420d","http://digitalbuildingdata.tech/nlcs/def/12144cc9-efb9-4dd9-8fca-47f1b2f6c3fc"
"BOOM_HOOGSTAM_IN CONTAINER_3E GROOTTE","*","_","**","_","GR","_","BOOM","_","HOOGSTAM","_","IN CONTAINER","_","3E GROOTTE","_","","_","","'-","","'-","G/S","'-","","SGR-BOOM","*_**_GR_BOOM_HOOGSTAM_IN CONTAINER_3E GROOTTE","0.18","80","82","80","80","253","CONTINUOUS","0.35","80","82","80","80","253","CONTINUOUS","0.35","80","82","80","80","253","V-CONTINUOUS-SO","0.35","80","82","80","80","253","CONTINUOUS","","","4204","4201","http://digitalbuildingdata.tech/nlcs/def/dec386ff-9ad5-4005-88b1-ebcfd75d6d77","http://digitalbuildingdata.tech/nlcs/def/ed8242ec-e56e-4670-bd7f-cfba4130a27e"
"BOOM_LAAGSTAM_MET KLUIT_3E GROOTTE","*","_","**","_","GR","_","BOOM","_","LAAGSTAM","_","MET KLUIT","_","3E GROOTTE","_","","_","","'-","","'-","G/S","'-","","SGR-BOOM","*_**_GR_BOOM_LAAGSTAM_MET KLUIT_3E GROOTTE","0.18","80","82","80","80","253","CONTINUOUS","0.35","80","82","80","80","253","CONTINUOUS","0.35","80","82","80","80","253","V-CONTINUOUS-SO","0.35","80","82","80","80","253","CONTINUOUS","","","4245","4242","http://digitalbuildingdata.tech/nlcs/def/58959031-c301-4a54-8609-a8ff6bc46079","http://digitalbuildingdata.tech/nlcs/def/2d596e9c-afe5-4af9-92d4-2b8ec79f3c08"
"BOOM_KNOT_STAAK_3E GROOTTE","*","_","**","_","GR","_","BOOM","_","KNOT","_","STAAK","_","3E GROOTTE","_","","_","","'-","","'-","G/S","'-","","SGR-BOOM","*_**_GR_BOOM_KNOT_STAAK_3E GROOTTE","0.18","80","80","80","80","253","CONTINUOUS","0.35","80","80","80","80","253","CONTINUOUS","0.35","80","80","80","80","253","V-CONTINUOUS-SO","0.35","80","80","80","80","253","CONTINUOUS","","","4229","4226","http://digitalbuildingdata.tech/nlcs/def/9fd30ba9-3051-40f5-b507-2947a1f5a002","http://digitalbuildingdata.tech/nlcs/def/7a6e535a-fda2-4f6c-ab50-a2cba540be9e"
"BOOM_LAAGSTAM_IN CONTAINER_3E GROOTTE","*","_","**","_","GR","_","BOOM","_","LAAGSTAM","_","IN CONTAINER","_","3E GROOTTE","_","","_","","'-","","'-","G/S","'-","","SGR-BOOM","*_**_GR_BOOM_LAAGSTAM_IN CONTAINER_3E GROOTTE","0.18","80","82","80","80","253","CONTINUOUS","0.35","80","82","80","80","253","CONTINUOUS","0.35","80","82","80","80","253","V-CONTINUOUS-SO","0.35","80","82","80","80","253","CONTINUOUS","","","4241","4238","http://digitalbuildingdata.tech/nlcs/def/4356c541-33fb-4b95-ad3a-e1b8c2dac735","http://digitalbuildingdata.tech/nlcs/def/6db5cda3-9bce-4604-97be-4f44893137df"
"BOOM_HOOGSTAM_MET KLUIT_1E GROOTTE","*","_","**","_","GR","_","BOOM","_","HOOGSTAM","_","MET KLUIT","_","1E GROOTTE","_","","_","","'-","","'-","G/S","'-","","SGR-BOOM","*_**_GR_BOOM_HOOGSTAM_MET KLUIT_1E GROOTTE","0.18","80","82","80","80","253","CONTINUOUS","0.35","80","82","80","80","253","CONTINUOUS","0.35","80","82","80","80","253","V-CONTINUOUS-SO","0.35","80","82","80","80","253","CONTINUOUS","","","4206","4205","http://digitalbuildingdata.tech/nlcs/def/6b3a6699-d731-4b55-bedc-d56bf004cc0c","http://digitalbuildingdata.tech/nlcs/def/6712e741-a772-473a-a1ed-3d71dada2347"
"BOOM_KNOT_IN CONTAINER_1E GROOTTE","*","_","**","_","GR","_","BOOM","_","KNOT","_","IN CONTAINER","_","1E GROOTTE","_","","_","","'-","","'-","G/S","'-","","SGR-BOOM","*_**_GR_BOOM_KNOT_IN CONTAINER_1E GROOTTE","0.18","80","80","80","80","253","CONTINUOUS","0.35","80","80","80","80","253","CONTINUOUS","0.35","80","80","80","80","253","V-CONTINUOUS-SO","0.35","80","80","80","80","253","CONTINUOUS","","","4219","4218","http://digitalbuildingdata.tech/nlcs/def/953a68a7-6194-41b8-8086-4d08c4c5b8d6","http://digitalbuildingdata.tech/nlcs/def/e2d64ccc-0d80-4943-93eb-bf35ae47c8ab"
"BOOM_BEVEERD_ZONDER KLUIT_1E GROOTTE","*","_","**","_","GR","_","BOOM","_","BEVEERD","_","ZONDER KLUIT","_","1E GROOTTE","_","","_","","'-","","'-","G/S","'-","","SGR-BOOM","*_**_GR_BOOM_BEVEERD_ZONDER KLUIT_1E GROOTTE","0.18","80","82","80","80","253","CONTINUOUS","0.35","80","82","80","80","253","CONTINUOUS","0.35","80","82","80","80","253","V-CONTINUOUS-SO","0.35","80","82","80","80","253","CONTINUOUS","","","4194","4193","http://digitalbuildingdata.tech/nlcs/def/3ed3c7df-157f-4ab5-a278-376ab0ba0193","http://digitalbuildingdata.tech/nlcs/def/41e426a5-1d62-445f-b87b-e6bd85f2d83e"
"BOOM_MEERSTAMMIG_MET KLUIT_1E GROOTTE","*","_","**","_","GR","_","BOOM","_","MEERSTAMMIG","_","MET KLUIT","_","1E GROOTTE","_","","_","","'-","","'-","G/S","'-","","SGR-BOOM","*_**_GR_BOOM_MEERSTAMMIG_MET KLUIT_1E GROOTTE","0.18","80","82","80","80","253","CONTINUOUS","0.35","80","82","80","80","253","CONTINUOUS","0.35","80","82","80","80","253","V-CONTINUOUS-SO","0.35","80","82","80","80","253","CONTINUOUS","","","4274","4273","http://digitalbuildingdata.tech/nlcs/def/f1fe4ae6-9622-43b6-be27-4c48e7d23a31","http://digitalbuildingdata.tech/nlcs/def/e7794fd9-9fe6-474a-970d-e4ef9271b8fe"
"BOOM_VORM_IN CONTAINER_1E GROOTTE","*","_","**","_","GR","_","BOOM","_","VORM","_","IN CONTAINER","_","1E GROOTTE","_","","_","","'-","","'-","G/S","'-","","SGR-BOOM","*_**_GR_BOOM_VORM_IN CONTAINER_1E GROOTTE","0.18","80","82","80","80","253","CONTINUOUS","0.35","80","82","80","80","253","CONTINUOUS","0.35","80","82","80","80","253","V-CONTINUOUS-SO","0.35","80","82","80","80","253","CONTINUOUS","","","4286","4285","http://digitalbuildingdata.tech/nlcs/def/702a6c96-19aa-4887-ae11-3b64e6e6d4fe","http://digitalbuildingdata.tech/nlcs/def/03437e1c-b492-4bad-ad9a-4b6d42ffe02e"
"BOOM_LAAGSTAM_IN CONTAINER_2E GROOTTE","*","_","**","_","GR","_","BOOM","_","LAAGSTAM","_","IN CONTAINER","_","2E GROOTTE","_","","_","","'-","","'-","G/S","'-","","SGR-BOOM","*_**_GR_BOOM_LAAGSTAM_IN CONTAINER_2E GROOTTE","0.18","80","82","80","80","253","CONTINUOUS","0.35","80","82","80","80","253","CONTINUOUS","0.35","80","82","80","80","253","V-CONTINUOUS-SO","0.35","80","82","80","80","253","CONTINUOUS","","","4240","4238","http://digitalbuildingdata.tech/nlcs/def/2b3ff3d1-582b-4e1b-8248-20f6d4208d8c","http://digitalbuildingdata.tech/nlcs/def/6db5cda3-9bce-4604-97be-4f44893137df"
"BOOM_LAAGSTAM_MET KLUIT_2E GROOTTE","*","_","**","_","GR","_","BOOM","_","LAAGSTAM","_","MET KLUIT","_","2E GROOTTE","_","","_","","'-","","'-","G/S","'-","","SGR-BOOM","*_**_GR_BOOM_LAAGSTAM_MET KLUIT_2E GROOTTE","0.18","80","82","80","80","253","CONTINUOUS","0.35","80","82","80","80","253","CONTINUOUS","0.35","80","82","80","80","253","V-CONTINUOUS-SO","0.35","80","82","80","80","253","CONTINUOUS","","","4244","4242","http://digitalbuildingdata.tech/nlcs/def/e0eef58b-3e30-4a6c-b62c-a9ab4b05d5d3","http://digitalbuildingdata.tech/nlcs/def/2d596e9c-afe5-4af9-92d4-2b8ec79f3c08"
"BOOM_BEVEERD_MET KLUIT_2E GROOTTE","*","_","**","_","GR","_","BOOM","_","BEVEERD","_","MET KLUIT","_","2E GROOTTE","_","","_","","'-","","'-","G/S","'-","","SGR-BOOM","*_**_GR_BOOM_BEVEERD_MET KLUIT_2E GROOTTE","0.18","80","82","80","80","253","CONTINUOUS","0.35","80","82","80","80","253","CONTINUOUS","0.35","80","82","80","80","253","V-CONTINUOUS-SO","0.35","80","82","80","80","253","CONTINUOUS","","","4191","4189","http://digitalbuildingdata.tech/nlcs/def/c8953b50-d3bf-4b75-89e2-cbc026f9296c","http://digitalbuildingdata.tech/nlcs/def/38a170e5-b1a8-481c-bf76-57df0e67706c"
"BOOM_VORM_MET KLUIT_1E GROOTTE","*","_","**","_","GR","_","BOOM","_","VORM","_","MET KLUIT","_","1E GROOTTE","_","","_","","'-","","'-","G/S","'-","","SGR-BOOM","*_**_GR_BOOM_VORM_MET KLUIT_1E GROOTTE","0.18","80","82","80","80","253","CONTINUOUS","0.35","80","82","80","80","253","CONTINUOUS","0.35","80","82","80","80","253","V-CONTINUOUS-SO","0.35","80","82","80","80","253","CONTINUOUS","","","4290","4289","http://digitalbuildingdata.tech/nlcs/def/69365966-724a-4660-a968-6ac2f4f8597f","http://digitalbuildingdata.tech/nlcs/def/0bcc6881-f1dc-40de-891d-fc925e87d710"
"BOOM_KNOT_ZONDER KLUIT_1E GROOTTE","*","_","**","_","GR","_","BOOM","_","KNOT","_","ZONDER KLUIT","_","1E GROOTTE","_","","_","","'-","","'-","G/S","'-","","SGR-BOOM","*_**_GR_BOOM_KNOT_ZONDER KLUIT_1E GROOTTE","0.18","80","80","80","80","253","CONTINUOUS","0.35","80","80","80","80","253","CONTINUOUS","0.35","80","80","80","80","253","V-CONTINUOUS-SO","0.35","80","80","80","80","253","CONTINUOUS","","","4231","4230","http://digitalbuildingdata.tech/nlcs/def/8087f4dd-31d5-4639-aa2a-a805b66e57e7","http://digitalbuildingdata.tech/nlcs/def/d61061f4-5dcc-4a5f-88f2-e1cce77df7c7"
"BOOM_KNOT_IN CONTAINER_2E GROOTTE","*","_","**","_","GR","_","BOOM","_","KNOT","_","IN CONTAINER","_","2E GROOTTE","_","","_","","'-","","'-","G/S","'-","","SGR-BOOM","*_**_GR_BOOM_KNOT_IN CONTAINER_2E GROOTTE","0.18","80","80","80","80","253","CONTINUOUS","0.35","80","80","80","80","253","CONTINUOUS","0.35","80","80","80","80","253","V-CONTINUOUS-SO","0.35","80","80","80","80","253","CONTINUOUS","","","4220","4218","http://digitalbuildingdata.tech/nlcs/def/780a9ac8-fcb6-48d0-a82a-4453c9abd086","http://digitalbuildingdata.tech/nlcs/def/e2d64ccc-0d80-4943-93eb-bf35ae47c8ab"
"BOOM_BEVEERD_MET KLUIT_1E GROOTTE","*","_","**","_","GR","_","BOOM","_","BEVEERD","_","MET KLUIT","_","1E GROOTTE","_","","_","","'-","","'-","G/S","'-","","SGR-BOOM","*_**_GR_BOOM_BEVEERD_MET KLUIT_1E GROOTTE","0.18","80","82","80","80","253","CONTINUOUS","0.35","80","82","80","80","253","CONTINUOUS","0.35","80","82","80","80","253","V-CONTINUOUS-SO","0.35","80","82","80","80","253","CONTINUOUS","","","4190","4189","http://digitalbuildingdata.tech/nlcs/def/ec84969b-cac6-4b8f-a89d-12941bb9926c","http://digitalbuildingdata.tech/nlcs/def/38a170e5-b1a8-481c-bf76-57df0e67706c"
"BOOM_HOOGSTAM_IN CONTAINER_2E GROOTTE","*","_","**","_","GR","_","BOOM","_","HOOGSTAM","_","IN CONTAINER","_","2E GROOTTE","_","","_","","'-","","'-","G/S","'-","","SGR-BOOM","*_**_GR_BOOM_HOOGSTAM_IN CONTAINER_2E GROOTTE","0.18","80","82","80","80","253","CONTINUOUS","0.35","80","82","80","80","253","CONTINUOUS","0.35","80","82","80","80","253","V-CONTINUOUS-SO","0.35","80","82","80","80","253","CONTINUOUS","","","4203","4201","http://digitalbuildingdata.tech/nlcs/def/086394b5-00e9-4924-8c6b-4c8385830361","http://digitalbuildingdata.tech/nlcs/def/ed8242ec-e56e-4670-bd7f-cfba4130a27e"
"BOOM_HOOGSTAM_IN CONTAINER_1E GROOTTE","*","_","**","_","GR","_","BOOM","_","HOOGSTAM","_","IN CONTAINER","_","1E GROOTTE","_","","_","","'-","","'-","G/S","'-","","SGR-BOOM","*_**_GR_BOOM_HOOGSTAM_IN CONTAINER_1E GROOTTE","0.18","80","82","80","80","253","CONTINUOUS","0.35","80","82","80","80","253","CONTINUOUS","0.35","80","82","80","80","253","V-CONTINUOUS-SO","0.35","80","82","80","80","253","CONTINUOUS","","","4202","4201","http://digitalbuildingdata.tech/nlcs/def/25a9264b-71a6-420b-8bd1-bca850698565","http://digitalbuildingdata.tech/nlcs/def/ed8242ec-e56e-4670-bd7f-cfba4130a27e"
"BOOM_HOOGSTAM_ZONDER KLUIT_3E GROOTTE","*","_","**","_","GR","_","BOOM","_","HOOGSTAM","_","ZONDER KLUIT","_","3E GROOTTE","_","","_","","'-","","'-","G/S","'-","","SGR-BOOM","*_**_GR_BOOM_HOOGSTAM_ZONDER KLUIT_3E GROOTTE","0.18","80","82","80","80","253","CONTINUOUS","0.35","80","82","80","80","253","CONTINUOUS","0.35","80","82","80","80","253","V-CONTINUOUS-SO","0.35","80","82","80","80","253","CONTINUOUS","","","4212","4209","http://digitalbuildingdata.tech/nlcs/def/53ed7933-ca9c-46a4-a06c-1543a93fa638","http://digitalbuildingdata.tech/nlcs/def/2a9cb348-15e4-4048-a69b-2fe078ca3e3e"
"BOOM_VORM_ZONDER KLUIT_1E GROOTTE","*","_","**","_","GR","_","BOOM","_","VORM","_","ZONDER KLUIT","_","1E GROOTTE","_","","_","","'-","","'-","G/S","'-","","SGR-BOOM","*_**_GR_BOOM_VORM_ZONDER KLUIT_1E GROOTTE","0.18","80","82","80","80","253","CONTINUOUS","0.35","80","82","80","80","253","CONTINUOUS","0.35","80","82","80","80","253","V-CONTINUOUS-SO","0.35","80","82","80","80","253","CONTINUOUS","","","4294","4293","http://digitalbuildingdata.tech/nlcs/def/284a1be5-8551-46ae-afde-dcb0a3eb7ed6","http://digitalbuildingdata.tech/nlcs/def/c9e8dcc5-35bc-4f7e-b142-ef43f2ecde5d"
"BOOM_LEI_ZONDER KLUIT_3E GROOTTE","*","_","**","_","GR","_","BOOM","_","LEI","_","ZONDER KLUIT","_","3E GROOTTE","_","","_","","'-","","'-","G/S","'-","","SGR-BOOM","*_**_GR_BOOM_LEI_ZONDER KLUIT_3E GROOTTE","0.18","80","80","80","80","253","CONTINUOUS","0.35","80","80","80","80","253","CONTINUOUS","0.35","80","80","80","80","253","V-CONTINUOUS-SO","0.35","80","80","80","80","253","CONTINUOUS","","","4264","4261","http://digitalbuildingdata.tech/nlcs/def/6c2d7a9f-e365-4483-b1fe-c527260db26d","http://digitalbuildingdata.tech/nlcs/def/abd7aacf-250b-4e96-880b-7ac7f26dfc0a"
"BOOM_KNOT_MET KLUIT_1E GROOTTE","*","_","**","_","GR","_","BOOM","_","KNOT","_","MET KLUIT","_","1E GROOTTE","_","","_","","'-","","'-","G/S","'-","","SGR-BOOM","*_**_GR_BOOM_KNOT_MET KLUIT_1E GROOTTE","0.18","80","80","80","80","253","CONTINUOUS","0.35","80","80","80","80","253","CONTINUOUS","0.35","80","80","80","80","253","V-CONTINUOUS-SO","0.35","80","80","80","80","253","CONTINUOUS","","","4223","4222","http://digitalbuildingdata.tech/nlcs/def/1247acf8-67b9-4868-8935-0e98781fb3f8","http://digitalbuildingdata.tech/nlcs/def/16ec50c0-9832-4862-8e34-936ead86f5ef"
"BOOM_KNOT_ZONDER KLUIT_3E GROOTTE","*","_","**","_","GR","_","BOOM","_","KNOT","_","ZONDER KLUIT","_","3E GROOTTE","_","","_","","'-","","'-","G/S","'-","","SGR-BOOM","*_**_GR_BOOM_KNOT_ZONDER KLUIT_3E GROOTTE","0.18","80","80","80","80","253","CONTINUOUS","0.35","80","80","80","80","253","CONTINUOUS","0.35","80","80","80","80","253","V-CONTINUOUS-SO","0.35","80","80","80","80","253","CONTINUOUS","","","4233","4230","http://digitalbuildingdata.tech/nlcs/def/b7b582a7-8dbe-400b-970c-074be749ed81","http://digitalbuildingdata.tech/nlcs/def/d61061f4-5dcc-4a5f-88f2-e1cce77df7c7"
"BOOM_MEERSTAMMIG_MET KLUIT_3E GROOTTE","*","_","**","_","GR","_","BOOM","_","MEERSTAMMIG","_","MET KLUIT","_","3E GROOTTE","_","","_","","'-","","'-","G/S","'-","","SGR-BOOM","*_**_GR_BOOM_MEERSTAMMIG_MET KLUIT_3E GROOTTE","0.18","80","82","80","80","253","CONTINUOUS","0.35","80","82","80","80","253","CONTINUOUS","0.35","80","82","80","80","253","V-CONTINUOUS-SO","0.35","80","82","80","80","253","CONTINUOUS","","","4276","4273","http://digitalbuildingdata.tech/nlcs/def/324fddf4-6f54-44eb-88f7-6443d51107de","http://digitalbuildingdata.tech/nlcs/def/e7794fd9-9fe6-474a-970d-e4ef9271b8fe"
"BOOM_KNOT_IN CONTAINER_3E GROOTTE","*","_","**","_","GR","_","BOOM","_","KNOT","_","IN CONTAINER","_","3E GROOTTE","_","","_","","'-","","'-","G/S","'-","","SGR-BOOM","*_**_GR_BOOM_KNOT_IN CONTAINER_3E GROOTTE","0.18","80","80","80","80","253","CONTINUOUS","0.35","80","80","80","80","253","CONTINUOUS","0.35","80","80","80","80","253","V-CONTINUOUS-SO","0.35","80","80","80","80","253","CONTINUOUS","","","4221","4218","http://digitalbuildingdata.tech/nlcs/def/086de6b4-5bc3-4139-9028-0ac12d8bf4e0","http://digitalbuildingdata.tech/nlcs/def/e2d64ccc-0d80-4943-93eb-bf35ae47c8ab"
"BOOM_VORM_IN CONTAINER_2E GROOTTE","*","_","**","_","GR","_","BOOM","_","VORM","_","IN CONTAINER","_","2E GROOTTE","_","","_","","'-","","'-","G/S","'-","","SGR-BOOM","*_**_GR_BOOM_VORM_IN CONTAINER_2E GROOTTE","0.18","80","82","80","80","253","CONTINUOUS","0.35","80","82","80","80","253","CONTINUOUS","0.35","80","82","80","80","253","V-CONTINUOUS-SO","0.35","80","82","80","80","253","CONTINUOUS","","","4287","4285","http://digitalbuildingdata.tech/nlcs/def/eaa2008c-1c71-4876-b0a8-7e7cfcd39c20","http://digitalbuildingdata.tech/nlcs/def/03437e1c-b492-4bad-ad9a-4b6d42ffe02e"
"BOOM_BEVEERD_IN CONTAINER_1E GROOTTE","*","_","**","_","GR","_","BOOM","_","BEVEERD","_","IN CONTAINER","_","1E GROOTTE","_","","_","","'-","","'-","G/S","'-","","SGR-BOOM","*_**_GR_BOOM_BEVEERD_IN CONTAINER_1E GROOTTE","0.18","80","82","80","80","253","CONTINUOUS","0.35","80","82","80","80","253","CONTINUOUS","0.35","80","82","80","80","253","V-CONTINUOUS-SO","0.35","80","82","80","80","253","CONTINUOUS","","","4186","4185","http://digitalbuildingdata.tech/nlcs/def/c681eef6-f6e6-42c1-8fe8-d9c15e3679ac","http://digitalbuildingdata.tech/nlcs/def/92b6a8b3-d17a-4069-8f5c-b978e031ae1a"
"BOOM_MEERSTAMMIG_IN CONTAINER_2E GROOTTE","*","_","**","_","GR","_","BOOM","_","MEERSTAMMIG","_","IN CONTAINER","_","2E GROOTTE","_","","_","","'-","","'-","G/S","'-","","SGR-BOOM","*_**_GR_BOOM_MEERSTAMMIG_IN CONTAINER_2E GROOTTE","0.18","80","82","80","80","253","CONTINUOUS","0.35","80","82","80","80","253","CONTINUOUS","0.35","80","82","80","80","253","V-CONTINUOUS-SO","0.35","80","82","80","80","253","CONTINUOUS","","","4270","4269","http://digitalbuildingdata.tech/nlcs/def/5024b6c1-746d-48a1-8356-8651a588433d","http://digitalbuildingdata.tech/nlcs/def/cfc3ff62-3970-40ee-bf5d-4c5723fd623b"
"BOOM_VORM_ZONDER KLUIT_3E GROOTTE","*","_","**","_","GR","_","BOOM","_","VORM","_","ZONDER KLUIT","_","3E GROOTTE","_","","_","","'-","","'-","G/S","'-","","SGR-BOOM","*_**_GR_BOOM_VORM_ZONDER KLUIT_3E GROOTTE","0.18","80","82","80","80","253","CONTINUOUS","0.35","80","82","80","80","253","CONTINUOUS","0.35","80","82","80","80","253","V-CONTINUOUS-SO","0.35","80","82","80","80","253","CONTINUOUS","","","4296","4293","http://digitalbuildingdata.tech/nlcs/def/b935565c-25f6-4877-ab6c-e6ddc7f00ab6","http://digitalbuildingdata.tech/nlcs/def/c9e8dcc5-35bc-4f7e-b142-ef43f2ecde5d"
"BOOM_KNOT_ZONDER KLUIT_2E GROOTTE","*","_","**","_","GR","_","BOOM","_","KNOT","_","ZONDER KLUIT","_","2E GROOTTE","_","","_","","'-","","'-","G/S","'-","","SGR-BOOM","*_**_GR_BOOM_KNOT_ZONDER KLUIT_2E GROOTTE","0.18","80","80","80","80","253","CONTINUOUS","0.35","80","80","80","80","253","CONTINUOUS","0.35","80","80","80","80","253","V-CONTINUOUS-SO","0.35","80","80","80","80","253","CONTINUOUS","","","4232","4230","http://digitalbuildingdata.tech/nlcs/def/3f188679-bbeb-45ce-827a-e81417181a9d","http://digitalbuildingdata.tech/nlcs/def/d61061f4-5dcc-4a5f-88f2-e1cce77df7c7"
"BOOM_BEVEERD_MET KLUIT_3E GROOTTE","*","_","**","_","GR","_","BOOM","_","BEVEERD","_","MET KLUIT","_","3E GROOTTE","_","","_","","'-","","'-","G/S","'-","","SGR-BOOM","*_**_GR_BOOM_BEVEERD_MET KLUIT_3E GROOTTE","0.18","80","82","80","80","253","CONTINUOUS","0.35","80","82","80","80","253","CONTINUOUS","0.35","80","82","80","80","253","V-CONTINUOUS-SO","0.35","80","82","80","80","253","CONTINUOUS","","","4192","4189","http://digitalbuildingdata.tech/nlcs/def/2bda1e47-3381-401c-8d14-ce113e56b16a","http://digitalbuildingdata.tech/nlcs/def/38a170e5-b1a8-481c-bf76-57df0e67706c"
"BOOM_LAAGSTAM_IN CONTAINER_1E GROOTTE","*","_","**","_","GR","_","BOOM","_","LAAGSTAM","_","IN CONTAINER","_","1E GROOTTE","_","","_","","'-","","'-","G/S","'-","","SGR-BOOM","*_**_GR_BOOM_LAAGSTAM_IN CONTAINER_1E GROOTTE","0.18","80","82","80","80","253","CONTINUOUS","0.35","80","82","80","80","253","CONTINUOUS","0.35","80","82","80","80","253","V-CONTINUOUS-SO","0.35","80","82","80","80","253","CONTINUOUS","","","4239","4238","http://digitalbuildingdata.tech/nlcs/def/bf94c5a7-984b-4d6d-9fa2-7a8169dacb93","http://digitalbuildingdata.tech/nlcs/def/6db5cda3-9bce-4604-97be-4f44893137df"
"BOOM_MEERSTAMMIG_ZONDER KLUIT_1E GROOTTE","*","_","**","_","GR","_","BOOM","_","MEERSTAMMIG","_","ZONDER KLUIT","_","1E GROOTTE","_","","_","","'-","","'-","G/S","'-","","SGR-BOOM","*_**_GR_BOOM_MEERSTAMMIG_ZONDER KLUIT_1E GROOTTE","0.18","80","82","80","80","253","CONTINUOUS","0.35","80","82","80","80","253","CONTINUOUS","0.35","80","82","80","80","253","V-CONTINUOUS-SO","0.35","80","82","80","80","253","CONTINUOUS","","","4278","4277","http://digitalbuildingdata.tech/nlcs/def/82f31bd2-d7c3-4126-8756-89e1667ebc4c","http://digitalbuildingdata.tech/nlcs/def/04820fea-91d8-4c78-827d-36df859e9d88"
"BOOM_HOOGSTAM_ZONDER KLUIT_1E GROOTTE","*","_","**","_","GR","_","BOOM","_","HOOGSTAM","_","ZONDER KLUIT","_","1E GROOTTE","_","","_","","'-","","'-","G/S","'-","","SGR-BOOM","*_**_GR_BOOM_HOOGSTAM_ZONDER KLUIT_1E GROOTTE","0.18","80","82","80","80","253","CONTINUOUS","0.35","80","82","80","80","253","CONTINUOUS","0.35","80","82","80","80","253","V-CONTINUOUS-SO","0.35","80","82","80","80","253","CONTINUOUS","","","4210","4209","http://digitalbuildingdata.tech/nlcs/def/d203be5c-78a7-46dd-9d0e-b7eeaf8038ea","http://digitalbuildingdata.tech/nlcs/def/2a9cb348-15e4-4048-a69b-2fe078ca3e3e"
"BOOM_VORM_MET KLUIT_2E GROOTTE","*","_","**","_","GR","_","BOOM","_","VORM","_","MET KLUIT","_","2E GROOTTE","_","","_","","'-","","'-","G/S","'-","","SGR-BOOM","*_**_GR_BOOM_VORM_MET KLUIT_2E GROOTTE","0.18","80","82","80","80","253","CONTINUOUS","0.35","80","82","80","80","253","CONTINUOUS","0.35","80","82","80","80","253","V-CONTINUOUS-SO","0.35","80","82","80","80","253","CONTINUOUS","","","4291","4289","http://digitalbuildingdata.tech/nlcs/def/a5f947c5-f298-4d3a-8076-af6007698461","http://digitalbuildingdata.tech/nlcs/def/0bcc6881-f1dc-40de-891d-fc925e87d710"
"BOOM_VORM_IN CONTAINER_3E GROOTTE","*","_","**","_","GR","_","BOOM","_","VORM","_","IN CONTAINER","_","3E GROOTTE","_","","_","","'-","","'-","G/S","'-","","SGR-BOOM","*_**_GR_BOOM_VORM_IN CONTAINER_3E GROOTTE","0.18","80","82","80","80","253","CONTINUOUS","0.35","80","82","80","80","253","CONTINUOUS","0.35","80","82","80","80","253","V-CONTINUOUS-SO","0.35","80","82","80","80","253","CONTINUOUS","","","4288","4285","http://digitalbuildingdata.tech/nlcs/def/0b113c38-a011-4cdb-b435-9db128502552","http://digitalbuildingdata.tech/nlcs/def/03437e1c-b492-4bad-ad9a-4b6d42ffe02e"
"BOOM_HOOGSTAM_ZONDER KLUIT_2E GROOTTE","*","_","**","_","GR","_","BOOM","_","HOOGSTAM","_","ZONDER KLUIT","_","2E GROOTTE","_","","_","","'-","","'-","G/S","'-","","SGR-BOOM","*_**_GR_BOOM_HOOGSTAM_ZONDER KLUIT_2E GROOTTE","0.18","80","82","80","80","253","CONTINUOUS","0.35","80","82","80","80","253","CONTINUOUS","0.35","80","82","80","80","253","V-CONTINUOUS-SO","0.35","80","82","80","80","253","CONTINUOUS","","","4211","4209","http://digitalbuildingdata.tech/nlcs/def/a59141c7-3b88-4030-ac02-2d2d94f6688f","http://digitalbuildingdata.tech/nlcs/def/2a9cb348-15e4-4048-a69b-2fe078ca3e3e"
"BOOM_VORM_MET KLUIT_3E GROOTTE","*","_","**","_","GR","_","BOOM","_","VORM","_","MET KLUIT","_","3E GROOTTE","_","","_","","'-","","'-","G/S","'-","","SGR-BOOM","*_**_GR_BOOM_VORM_MET KLUIT_3E GROOTTE","0.18","80","82","80","80","253","CONTINUOUS","0.35","80","82","80","80","253","CONTINUOUS","0.35","80","82","80","80","253","V-CONTINUOUS-SO","0.35","80","82","80","80","253","CONTINUOUS","","","4292","4289","http://digitalbuildingdata.tech/nlcs/def/0964df3a-90b2-4cfc-b602-ad4ef30a39ca","http://digitalbuildingdata.tech/nlcs/def/0bcc6881-f1dc-40de-891d-fc925e87d710"
"BOOM_LEI_IN CONTAINER_3E GROOTTE","*","_","**","_","GR","_","BOOM","_","LEI","_","IN CONTAINER","_","3E GROOTTE","_","","_","","'-","","'-","G/S","'-","","SGR-BOOM","*_**_GR_BOOM_LEI_IN CONTAINER_3E GROOTTE","0.18","80","80","80","80","253","CONTINUOUS","0.35","80","80","80","80","253","CONTINUOUS","0.35","80","80","80","80","253","V-CONTINUOUS-SO","0.35","80","80","80","80","253","CONTINUOUS","","","4256","4253","http://digitalbuildingdata.tech/nlcs/def/624a020c-ec60-419c-b684-2d1be994ea65","http://digitalbuildingdata.tech/nlcs/def/12144cc9-efb9-4dd9-8fca-47f1b2f6c3fc"
"BOOM_LEI_MET KLUIT_1E GROOTTE","*","_","**","_","GR","_","BOOM","_","LEI","_","MET KLUIT","_","1E GROOTTE","_","","_","","'-","","'-","G/S","'-","","SGR-BOOM","*_**_GR_BOOM_LEI_MET KLUIT_1E GROOTTE","0.18","80","80","80","80","253","CONTINUOUS","0.35","80","80","80","80","253","CONTINUOUS","0.35","80","80","80","80","253","V-CONTINUOUS-SO","0.35","80","80","80","80","253","CONTINUOUS","","","4258","4257","http://digitalbuildingdata.tech/nlcs/def/fb95e59b-4aeb-49a2-90cf-334e8273c5f1","http://digitalbuildingdata.tech/nlcs/def/cfac943a-73d0-4afe-8456-2bfee047fd49"
"BOOM_LAAGSTAM_ZONDER KLUIT_1E GROOTTE","*","_","**","_","GR","_","BOOM","_","LAAGSTAM","_","ZONDER KLUIT","_","1E GROOTTE","_","","_","","'-","","'-","G/S","'-","","SGR-BOOM","*_**_GR_BOOM_LAAGSTAM_ZONDER KLUIT_1E GROOTTE","0.18","80","82","80","80","253","CONTINUOUS","0.35","80","82","80","80","253","CONTINUOUS","0.35","80","82","80","80","253","V-CONTINUOUS-SO","0.35","80","82","80","80","253","CONTINUOUS","","","4247","4246","http://digitalbuildingdata.tech/nlcs/def/8183cde4-a184-4898-bc89-66d9b08e73b4","http://digitalbuildingdata.tech/nlcs/def/088a182d-5494-41cb-aa65-a5fc109711d9"
"BEPLANTING_NATUUR_BOS","*","_","**","_","GR","_","BEPLANTING","_","NATUUR","_","BOS","_","","_","","_","","'-","","'-","G/A/S","'-","AGR-BEPLANTING","SGR-BEPLANTING","*_**_GR_BEPLANTING_NATUUR_BOS","0.18","90","92","90","90","253","CONTINUOUS","0.35","90","92","90","90","253","CONTINUOUS","0.35","90","92","90","90","253","V-CONTINUOUS-SO","0.35","90","92","90","90","253","CONTINUOUS","","","2898","2896","http://digitalbuildingdata.tech/nlcs/def/6101ce5d-16a9-4b71-8550-20b6e6643561","http://digitalbuildingdata.tech/nlcs/def/d2277e4e-0bc3-4636-b443-4a742dcdcc31"
"BEPLANTING_CULTUUR_WATERPLANT","*","_","**","_","GR","_","BEPLANTING","_","CULTUUR","_","WATERPLANT","_","","_","","_","","'-","","'-","G/A/S","'-","AGR-WATERPLANTEN","SGR-WATERPLANTEN","*_**_GR_BEPLANTING_CULTUUR_WATERPLANT","0.18","90","92","90","90","253","CONTINUOUS","0.35","90","92","90","90","253","CONTINUOUS","0.35","90","92","90","90","253","V-CONTINUOUS-SO","0.35","90","92","90","90","253","CONTINUOUS","","","2892","2886","http://digitalbuildingdata.tech/nlcs/def/ca227598-9351-4a3c-8af4-45e29521881c","http://digitalbuildingdata.tech/nlcs/def/c835d8ea-decb-46bc-9997-2e7babfd861c"
"BEPLANTING_CULTUUR_WISSELPERK","*","_","**","_","GR","_","BEPLANTING","_","CULTUUR","_","WISSELPERK","_","","_","","_","","'-","","'-","G/A/S","'-","AGR-WISSELBEPLANTING","SGR-WISSELBEPLANTING","*_**_GR_BEPLANTING_CULTUUR_WISSELPERK","0.18","90","92","90","90","253","CONTINUOUS","0.35","90","92","90","90","253","CONTINUOUS","0.35","90","92","90","90","253","V-CONTINUOUS-SO","0.35","90","92","90","90","253","CONTINUOUS","","","2894","2886","http://digitalbuildingdata.tech/nlcs/def/b193d114-3ee6-4567-a0f5-26627ffb43c9","http://digitalbuildingdata.tech/nlcs/def/c835d8ea-decb-46bc-9997-2e7babfd861c"
"BEPLANTING_NATUUR_BOSPLANTSOEN","*","_","**","_","GR","_","BEPLANTING","_","NATUUR","_","BOSPLANTSOEN","_","","_","","_","","'-","","'-","G/A/S","'-","AGR-BEPLANTING","SGR-BEPLANTING","*_**_GR_BEPLANTING_NATUUR_BOSPLANTSOEN","0.18","90","92","90","90","253","GR-PLANTSOEN-SO","0.35","90","92","90","90","253","GR-PLANTSOEN-SO","0.35","90","92","90","90","253","V-GR-PLANTSOEN-SO","0.35","90","92","90","90","253","GR-PLANTSOEN-SO","","","2897","2896","http://digitalbuildingdata.tech/nlcs/def/0ccc7150-7468-4ae5-bd36-adc0368d5a87","http://digitalbuildingdata.tech/nlcs/def/d2277e4e-0bc3-4636-b443-4a742dcdcc31"
"BEPLANTING_CULTUUR_VASTE PLANTENVAK","*","_","**","_","GR","_","BEPLANTING","_","CULTUUR","_","VASTE PLANTENVAK","_","","_","","_","","'-","","'-","G/A/S","'-","AGR-VASTEPLANTEN","SGR-VASTEPLANTEN","*_**_GR_BEPLANTING_CULTUUR_VASTE PLANTENVAK","0.18","90","92","90","90","140,168,0","CONTINUOUS","0.35","90","92","90","90","253","CONTINUOUS","0.35","90","92","90","90","253","V-CONTINUOUS-SO","0.35","90","92","90","90","253","CONTINUOUS","","","2893","2886","http://digitalbuildingdata.tech/nlcs/def/62701e5e-a6da-457e-9437-22b5c29fcec3","http://digitalbuildingdata.tech/nlcs/def/c835d8ea-decb-46bc-9997-2e7babfd861c"
"FRUITTEELT_BOOMGAARD_WIJN","*","_","**","_","GR","_","FRUITTEELT","_","BOOMGAARD","_","WIJN","_","","_","","_","","'-","","'-","G/S","'-","","SGR-BOOMGAARD","*_**_GR_FRUITTEELT_BOOMGAARD_WIJN","0.13","210","212","210","210","253","CONTINUOUS","0.35","210","212","210","210","253","CONTINUOUS","0.35","210","212","210","210","253","V-CONTINUOUS-SO","0.35","210","212","210","210","253","CONTINUOUS","","","3374","3371","http://digitalbuildingdata.tech/nlcs/def/29107171-68c6-4362-8555-aaa910232274","http://digitalbuildingdata.tech/nlcs/def/524d3d32-f00d-4414-ba52-42cba88b3f94"
"FRUITTEELT_BOOMGAARD_LAAGSTAM","*","_","**","_","GR","_","FRUITTEELT","_","BOOMGAARD","_","LAAGSTAM","_","","_","","_","","'-","","'-","G/S","'-","","SGR-BOOMGAARD","*_**_GR_FRUITTEELT_BOOMGAARD_LAAGSTAM","0.13","90","92","90","90","253","CONTINUOUS","0.35","90","92","90","90","253","CONTINUOUS","0.35","90","92","90","90","253","V-CONTINUOUS-SO","0.35","90","92","90","90","253","CONTINUOUS","","","3372","3371","http://digitalbuildingdata.tech/nlcs/def/f556facd-21ad-4d18-9ccb-7d4fd48030b2","http://digitalbuildingdata.tech/nlcs/def/524d3d32-f00d-4414-ba52-42cba88b3f94"
"BEPLANTING_CULTUUR_BOSPLANTSOEN","*","_","**","_","GR","_","BEPLANTING","_","CULTUUR","_","BOSPLANTSOEN","_","","_","","_","","'-","","'-","G/A/S","'-","AGR-BEPLANTING","SGR-BEPLANTING","*_**_GR_BEPLANTING_CULTUUR_BOSPLANTSOEN","0.18","90","92","90","90","140,168,0","GR-PLANTSOEN-SO","0.35","90","92","90","90","253","GR-PLANTSOEN-SO","0.35","90","92","90","90","253","V-GR-PLANTSOEN-SO","0.35","90","92","90","90","253","GR-PLANTSOEN-SO","","","2887","2886","http://digitalbuildingdata.tech/nlcs/def/62124d7f-8f57-44a8-8998-83d28f1db5b7","http://digitalbuildingdata.tech/nlcs/def/c835d8ea-decb-46bc-9997-2e7babfd861c"
"BEPLANTING_CULTUUR_BOTANISCHE ROOS","*","_","**","_","GR","_","BEPLANTING","_","CULTUUR","_","BOTANISCHE ROOS","_","","_","","_","","'-","","'-","G/A","'-","AGR-BEPLANTING","","*_**_GR_BEPLANTING_CULTUUR_BOTANISCHE ROOS","0.18","90","92","90","90","253","CONTINUOUS","0.35","90","92","90","90","253","CONTINUOUS","0.35","90","92","90","90","253","V-CONTINUOUS-SO","0.35","90","92","90","90","253","CONTINUOUS","","","2895","2886","http://digitalbuildingdata.tech/nlcs/def/484bdb71-60f1-462a-b0ea-3096118abb8a","http://digitalbuildingdata.tech/nlcs/def/c835d8ea-decb-46bc-9997-2e7babfd861c"
"BEPLANTING_CULTUUR_EENJARIGEPLANT","*","_","**","_","GR","_","BEPLANTING","_","CULTUUR","_","EENJARIGEPLANT","_","","_","","_","","'-","","'-","G/A","'-","AGR-BEPLANTING","","*_**_GR_BEPLANTING_CULTUUR_EENJARIGEPLANT","0.18","90","92","90","90","253","CONTINUOUS","0.35","90","92","90","90","253","CONTINUOUS","0.35","90","92","90","90","253","V-CONTINUOUS-SO","0.35","90","92","90","90","253","CONTINUOUS","","","2891","2886","http://digitalbuildingdata.tech/nlcs/def/a59d6ef4-555c-45ac-ba03-c0d9fb6bf9b9","http://digitalbuildingdata.tech/nlcs/def/c835d8ea-decb-46bc-9997-2e7babfd861c"
"FRUITTEELT_BOOMGAARD_KLEIN FRUIT","*","_","**","_","GR","_","FRUITTEELT","_","BOOMGAARD","_","KLEIN FRUIT","_","","_","","_","","'-","","'-","G/S","'-","","SGR-BOOMGAARD","*_**_GR_FRUITTEELT_BOOMGAARD_KLEIN FRUIT","0.13","20","22","20","20","253","CONTINUOUS","0.35","20","22","20","20","253","CONTINUOUS","0.35","20","22","20","20","253","V-CONTINUOUS-SO","0.35","20","22","20","20","253","CONTINUOUS","","","3375","3371","http://digitalbuildingdata.tech/nlcs/def/6bc733f7-fc36-4bb5-8268-97db5672bb67","http://digitalbuildingdata.tech/nlcs/def/524d3d32-f00d-4414-ba52-42cba88b3f94"
"BEPLANTING_CULTUUR_ROOS","*","_","**","_","GR","_","BEPLANTING","_","CULTUUR","_","ROOS","_","","_","","_","","'-","","'-","G/A/S","'-","AGR-BEPLANTING","SGR-ROOS","*_**_GR_BEPLANTING_CULTUUR_ROOS","0.18","90","92","90","90","140,168,0","CONTINUOUS","0.35","90","92","90","90","253","CONTINUOUS","0.35","90","92","90","90","253","V-CONTINUOUS-SO","0.35","90","92","90","90","253","CONTINUOUS","","","2890","2886","http://digitalbuildingdata.tech/nlcs/def/f8a84cec-7364-46c5-a21b-3c63c827c7db","http://digitalbuildingdata.tech/nlcs/def/c835d8ea-decb-46bc-9997-2e7babfd861c"
"FRUITTEELT_BOOMGAARD_HOOGSTAM","*","_","**","_","GR","_","FRUITTEELT","_","BOOMGAARD","_","HOOGSTAM","_","","_","","_","","'-","","'-","G/S","'-","","SGR-BOOMGAARD","*_**_GR_FRUITTEELT_BOOMGAARD_HOOGSTAM","0.13","60","62","60","60","253","CONTINUOUS","0.35","60","62","60","60","253","CONTINUOUS","0.35","60","62","60","60","253","V-CONTINUOUS-SO","0.35","60","62","60","60","253","CONTINUOUS","","","3373","3371","http://digitalbuildingdata.tech/nlcs/def/a91a97a1-909f-4be2-859e-2a23e5a21771","http://digitalbuildingdata.tech/nlcs/def/524d3d32-f00d-4414-ba52-42cba88b3f94"
"BEPLANTING_CULTUUR_BODEMBEDEKKER","*","_","**","_","GR","_","BEPLANTING","_","CULTUUR","_","BODEMBEDEKKER","_","","_","","_","","'-","","'-","G/A/S","'-","AGR-BEPLANTING","SGR-BODEMBEDEKKER","*_**_GR_BEPLANTING_CULTUUR_BODEMBEDEKKER","0.18","90","92","90","90","140,168,0","CONTINUOUS","0.35","90","92","90","90","253","CONTINUOUS","0.35","90","92","90","90","253","V-CONTINUOUS-SO","0.35","90","92","90","90","253","CONTINUOUS","","","2889","2886","http://digitalbuildingdata.tech/nlcs/def/1ae2d002-4a85-4d03-adc2-f1c486507c8a","http://digitalbuildingdata.tech/nlcs/def/c835d8ea-decb-46bc-9997-2e7babfd861c"
"BOOM_VORM_ZONDER KLUIT","*","_","**","_","GR","_","BOOM","_","VORM","_","ZONDER KLUIT","_","","_","","_","","'-","","'-","G/S","'-","","SGR-BOOM","*_**_GR_BOOM_VORM_ZONDER KLUIT","0.18","80","82","80","80","253","CONTINUOUS","0.35","80","82","80","80","253","CONTINUOUS","0.35","80","82","80","80","253","V-CONTINUOUS-SO","0.35","80","82","80","80","253","CONTINUOUS","","","4293","4281","http://digitalbuildingdata.tech/nlcs/def/c9e8dcc5-35bc-4f7e-b142-ef43f2ecde5d","http://digitalbuildingdata.tech/nlcs/def/f38505b5-670b-486c-8866-8a397c772676"
"BOOM_HOOGSTAM_3E GROOTTE","*","_","**","_","GR","_","BOOM","_","HOOGSTAM","_","3E GROOTTE","_","","_","","_","","'-","","'-","G/S","'-","","SGR-BOOM","*_**_GR_BOOM_HOOGSTAM_3E GROOTTE","0.18","80","82","80","80","253","CONTINUOUS","0.35","80","82","80","80","253","CONTINUOUS","0.35","80","82","80","80","253","V-CONTINUOUS-SO","0.35","80","82","80","80","253","CONTINUOUS","","","4200","4197","http://digitalbuildingdata.tech/nlcs/def/a4b0b1f1-b311-47e3-9611-91fe74a064fb","http://digitalbuildingdata.tech/nlcs/def/b4471de0-2035-47b6-946e-55779cf59559"
"BOOM_VORM_MET KLUIT","*","_","**","_","GR","_","BOOM","_","VORM","_","MET KLUIT","_","","_","","_","","'-","","'-","G/S","'-","","SGR-BOOM","*_**_GR_BOOM_VORM_MET KLUIT","0.18","80","82","80","80","253","CONTINUOUS","0.35","80","82","80","80","253","CONTINUOUS","0.35","80","82","80","80","253","V-CONTINUOUS-SO","0.35","80","82","80","80","253","CONTINUOUS","","","4289","4281","http://digitalbuildingdata.tech/nlcs/def/0bcc6881-f1dc-40de-891d-fc925e87d710","http://digitalbuildingdata.tech/nlcs/def/f38505b5-670b-486c-8866-8a397c772676"
"BOOM_MEERSTAMMIG_IN CONTAINER","*","_","**","_","GR","_","BOOM","_","MEERSTAMMIG","_","IN CONTAINER","_","","_","","_","","'-","","'-","G/S","'-","","SGR-BOOM","*_**_GR_BOOM_MEERSTAMMIG_IN CONTAINER","0.18","80","82","80","80","253","CONTINUOUS","0.35","80","82","80","80","253","CONTINUOUS","0.35","80","82","80","80","253","V-CONTINUOUS-SO","0.35","80","82","80","80","253","CONTINUOUS","","","4269","4265","http://digitalbuildingdata.tech/nlcs/def/cfc3ff62-3970-40ee-bf5d-4c5723fd623b","http://digitalbuildingdata.tech/nlcs/def/1e601309-18ae-4681-bb32-cbe968e99d8d"
"BOOM_KNOT_STAAK","*","_","**","_","GR","_","BOOM","_","KNOT","_","STAAK","_","","_","","_","","'-","","'-","G/S","'-","","SGR-BOOM","*_**_GR_BOOM_KNOT_STAAK","0.18","80","80","80","80","253","CONTINUOUS","0.35","80","80","80","80","253","CONTINUOUS","0.35","80","80","80","80","253","V-CONTINUOUS-SO","0.35","80","80","80","80","253","CONTINUOUS","","","4226","2905","http://digitalbuildingdata.tech/nlcs/def/7a6e535a-fda2-4f6c-ab50-a2cba540be9e","http://digitalbuildingdata.tech/nlcs/def/1a408910-2481-4b40-a6ee-ca211ba9201d"
"BOOM_KNOT_2E GROOTTE","*","_","**","_","GR","_","BOOM","_","KNOT","_","2E GROOTTE","_","","_","","_","","'-","","'-","G/S","'-","","SGR-BOOM","*_**_GR_BOOM_KNOT_2E GROOTTE","0.18","80","80","80","80","253","CONTINUOUS","0.35","80","80","80","80","253","CONTINUOUS","0.35","80","80","80","80","253","V-CONTINUOUS-SO","0.35","80","80","80","80","253","CONTINUOUS","","","4216","2905","http://digitalbuildingdata.tech/nlcs/def/a5ca5cd3-2cfe-48f0-811d-537c2e48e8e4","http://digitalbuildingdata.tech/nlcs/def/1a408910-2481-4b40-a6ee-ca211ba9201d"
"BOOM_BEVEERD_ZONDER KLUIT","*","_","**","_","GR","_","BOOM","_","BEVEERD","_","ZONDER KLUIT","_","","_","","_","","'-","","'-","G/S","'-","","SGR-BOOM","*_**_GR_BOOM_BEVEERD_ZONDER KLUIT","0.18","80","82","80","80","253","CONTINUOUS","0.35","80","82","80","80","253","CONTINUOUS","0.35","80","82","80","80","253","V-CONTINUOUS-SO","0.35","80","82","80","80","253","CONTINUOUS","","","4193","4181","http://digitalbuildingdata.tech/nlcs/def/41e426a5-1d62-445f-b87b-e6bd85f2d83e","http://digitalbuildingdata.tech/nlcs/def/26611083-ab76-4708-8b92-2d76503fc5d6"
"BOOM_LEI_3E GROOTTE","*","_","**","_","GR","_","BOOM","_","LEI","_","3E GROOTTE","_","","_","","_","","'-","","'-","G/S","'-","","SGR-BOOM","*_**_GR_BOOM_LEI_3E GROOTTE","0.18","80","80","80","80","253","CONTINUOUS","0.35","80","80","80","80","253","CONTINUOUS","0.35","80","80","80","80","253","V-CONTINUOUS-SO","0.35","80","80","80","80","253","CONTINUOUS","","","4252","2904","http://digitalbuildingdata.tech/nlcs/def/2b7bfa82-e2ec-4c19-a67d-7ac355634751","http://digitalbuildingdata.tech/nlcs/def/2bb65eda-c600-4a46-a37c-aa3ac0e33d77"
"BOOM_LEI_1E GROOTTE","*","_","**","_","GR","_","BOOM","_","LEI","_","1E GROOTTE","_","","_","","_","","'-","","'-","G/S","'-","","SGR-BOOM","*_**_GR_BOOM_LEI_1E GROOTTE","0.18","80","80","80","80","253","CONTINUOUS","0.35","80","80","80","80","253","CONTINUOUS","0.35","80","80","80","80","253","V-CONTINUOUS-SO","0.35","80","80","80","80","253","CONTINUOUS","","","4251","2904","http://digitalbuildingdata.tech/nlcs/def/600b7968-ce0a-45d3-beb7-f436a1dff14a","http://digitalbuildingdata.tech/nlcs/def/2bb65eda-c600-4a46-a37c-aa3ac0e33d77"
"BOOM_KNOT_ZONDER KLUIT","*","_","**","_","GR","_","BOOM","_","KNOT","_","ZONDER KLUIT","_","","_","","_","","'-","","'-","G/S","'-","","SGR-BOOM","*_**_GR_BOOM_KNOT_ZONDER KLUIT","0.18","80","80","80","80","253","CONTINUOUS","0.35","80","80","80","80","253","CONTINUOUS","0.35","80","80","80","80","253","V-CONTINUOUS-SO","0.35","80","80","80","80","253","CONTINUOUS","","","4230","2905","http://digitalbuildingdata.tech/nlcs/def/d61061f4-5dcc-4a5f-88f2-e1cce77df7c7","http://digitalbuildingdata.tech/nlcs/def/1a408910-2481-4b40-a6ee-ca211ba9201d"
"BOOM_VORM_2E GROOTTE","*","_","**","_","GR","_","BOOM","_","VORM","_","2E GROOTTE","_","","_","","_","","'-","","'-","G/S","'-","","SGR-BOOM","*_**_GR_BOOM_VORM_2E GROOTTE","0.18","80","82","80","80","253","CONTINUOUS","0.35","80","82","80","80","253","CONTINUOUS","0.35","80","82","80","80","253","V-CONTINUOUS-SO","0.35","80","82","80","80","253","CONTINUOUS","","","4283","4281","http://digitalbuildingdata.tech/nlcs/def/f28c59d3-ae5b-493f-8111-091ad2e10f91","http://digitalbuildingdata.tech/nlcs/def/f38505b5-670b-486c-8866-8a397c772676"
"BOOM_MEERSTAMMIG_3E GROOTTE","*","_","**","_","GR","_","BOOM","_","MEERSTAMMIG","_","3E GROOTTE","_","","_","","_","","'-","","'-","G/S","'-","","SGR-BOOM","*_**_GR_BOOM_MEERSTAMMIG_3E GROOTTE","0.18","80","82","80","80","253","CONTINUOUS","0.35","80","82","80","80","253","CONTINUOUS","0.35","80","82","80","80","253","V-CONTINUOUS-SO","0.35","80","82","80","80","253","CONTINUOUS","","","4268","4265","http://digitalbuildingdata.tech/nlcs/def/64f816ae-1d29-4f7a-841d-f09ad2265fb2","http://digitalbuildingdata.tech/nlcs/def/1e601309-18ae-4681-bb32-cbe968e99d8d"
"BOOM_LAAGSTAM_3E GROOTTE","*","_","**","_","GR","_","BOOM","_","LAAGSTAM","_","3E GROOTTE","_","","_","","_","","'-","","'-","G/S","'-","","SGR-BOOM","*_**_GR_BOOM_LAAGSTAM_3E GROOTTE","0.18","80","82","80","80","253","CONTINUOUS","0.35","80","82","80","80","253","CONTINUOUS","0.35","80","82","80","80","253","V-CONTINUOUS-SO","0.35","80","82","80","80","253","CONTINUOUS","","","4237","4234","http://digitalbuildingdata.tech/nlcs/def/17affaa8-cf88-4339-891c-b35ad6b373c7","http://digitalbuildingdata.tech/nlcs/def/87c7cd76-0b80-4f15-aee9-8a021ebc1735"
"BOOM_VORM_1E GROOTTE","*","_","**","_","GR","_","BOOM","_","VORM","_","1E GROOTTE","_","","_","","_","","'-","","'-","G/S","'-","","SGR-BOOM","*_**_GR_BOOM_VORM_1E GROOTTE","0.18","80","82","80","80","253","CONTINUOUS","0.35","80","82","80","80","253","CONTINUOUS","0.35","80","82","80","80","253","V-CONTINUOUS-SO","0.35","80","82","80","80","253","CONTINUOUS","","","4282","4281","http://digitalbuildingdata.tech/nlcs/def/9760d0e4-6809-4875-9de4-0d967cd41b67","http://digitalbuildingdata.tech/nlcs/def/f38505b5-670b-486c-8866-8a397c772676"
"BOOM_MEERSTAMMIG_2E GROOTTE","*","_","**","_","GR","_","BOOM","_","MEERSTAMMIG","_","2E GROOTTE","_","","_","","_","","'-","","'-","G/S","'-","","SGR-BOOM","*_**_GR_BOOM_MEERSTAMMIG_2E GROOTTE","0.18","80","82","80","80","253","CONTINUOUS","0.35","80","82","80","80","253","CONTINUOUS","0.35","80","82","80","80","253","V-CONTINUOUS-SO","0.35","80","82","80","80","253","CONTINUOUS","","","4267","4265","http://digitalbuildingdata.tech/nlcs/def/26a58f40-687d-49f5-b8ec-009cbc10ccc1","http://digitalbuildingdata.tech/nlcs/def/1e601309-18ae-4681-bb32-cbe968e99d8d"
"BOOM_BEVEERD_MET KLUIT","*","_","**","_","GR","_","BOOM","_","BEVEERD","_","MET KLUIT","_","","_","","_","","'-","","'-","G/S","'-","","SGR-BOOM","*_**_GR_BOOM_BEVEERD_MET KLUIT","0.18","80","82","80","80","253","CONTINUOUS","0.35","80","82","80","80","253","CONTINUOUS","0.35","80","82","80","80","253","V-CONTINUOUS-SO","0.35","80","82","80","80","253","CONTINUOUS","","","4189","4181","http://digitalbuildingdata.tech/nlcs/def/38a170e5-b1a8-481c-bf76-57df0e67706c","http://digitalbuildingdata.tech/nlcs/def/26611083-ab76-4708-8b92-2d76503fc5d6"
"BOOM_BEVEERD_IN CONTAINER","*","_","**","_","GR","_","BOOM","_","BEVEERD","_","IN CONTAINER","_","","_","","_","","'-","","'-","G/S","'-","","SGR-BOOM","*_**_GR_BOOM_BEVEERD_IN CONTAINER","0.18","80","82","80","80","253","CONTINUOUS","0.35","80","82","80","80","253","CONTINUOUS","0.35","80","82","80","80","253","V-CONTINUOUS-SO","0.35","80","82","80","80","253","CONTINUOUS","","","4185","4181","http://digitalbuildingdata.tech/nlcs/def/92b6a8b3-d17a-4069-8f5c-b978e031ae1a","http://digitalbuildingdata.tech/nlcs/def/26611083-ab76-4708-8b92-2d76503fc5d6"
"BOOM_LAAGSTAM_MET KLUIT","*","_","**","_","GR","_","BOOM","_","LAAGSTAM","_","MET KLUIT","_","","_","","_","","'-","","'-","G/S","'-","","SGR-BOOM","*_**_GR_BOOM_LAAGSTAM_MET KLUIT","0.18","80","82","80","80","253","CONTINUOUS","0.35","80","82","80","80","253","CONTINUOUS","0.35","80","82","80","80","253","V-CONTINUOUS-SO","0.35","80","82","80","80","253","CONTINUOUS","","","4242","4234","http://digitalbuildingdata.tech/nlcs/def/2d596e9c-afe5-4af9-92d4-2b8ec79f3c08","http://digitalbuildingdata.tech/nlcs/def/87c7cd76-0b80-4f15-aee9-8a021ebc1735"
"BOOM_LAAGSTAM_IN CONTAINER","*","_","**","_","GR","_","BOOM","_","LAAGSTAM","_","IN CONTAINER","_","","_","","_","","'-","","'-","G/S","'-","","SGR-BOOM","*_**_GR_BOOM_LAAGSTAM_IN CONTAINER","0.18","80","82","80","80","253","CONTINUOUS","0.35","80","82","80","80","253","CONTINUOUS","0.35","80","82","80","80","253","V-CONTINUOUS-SO","0.35","80","82","80","80","253","CONTINUOUS","","","4238","4234","http://digitalbuildingdata.tech/nlcs/def/6db5cda3-9bce-4604-97be-4f44893137df","http://digitalbuildingdata.tech/nlcs/def/87c7cd76-0b80-4f15-aee9-8a021ebc1735"
"BOOM_KNOT_IN CONTAINER","*","_","**","_","GR","_","BOOM","_","KNOT","_","IN CONTAINER","_","","_","","_","","'-","","'-","G/S","'-","","SGR-BOOM","*_**_GR_BOOM_KNOT_IN CONTAINER","0.18","80","80","80","80","253","CONTINUOUS","0.35","80","80","80","80","253","CONTINUOUS","0.35","80","80","80","80","253","V-CONTINUOUS-SO","0.35","80","80","80","80","253","CONTINUOUS","","","4218","2905","http://digitalbuildingdata.tech/nlcs/def/e2d64ccc-0d80-4943-93eb-bf35ae47c8ab","http://digitalbuildingdata.tech/nlcs/def/1a408910-2481-4b40-a6ee-ca211ba9201d"
"BOOM_VORM_IN CONTAINER","*","_","**","_","GR","_","BOOM","_","VORM","_","IN CONTAINER","_","","_","","_","","'-","","'-","G/S","'-","","SGR-BOOM","*_**_GR_BOOM_VORM_IN CONTAINER","0.18","80","82","80","80","253","CONTINUOUS","0.35","80","82","80","80","253","CONTINUOUS","0.35","80","82","80","80","253","V-CONTINUOUS-SO","0.35","80","82","80","80","253","CONTINUOUS","","","4285","4281","http://digitalbuildingdata.tech/nlcs/def/03437e1c-b492-4bad-ad9a-4b6d42ffe02e","http://digitalbuildingdata.tech/nlcs/def/f38505b5-670b-486c-8866-8a397c772676"
"BOOM_HOOGSTAM_IN CONTAINER","*","_","**","_","GR","_","BOOM","_","HOOGSTAM","_","IN CONTAINER","_","","_","","_","","'-","","'-","G/S","'-","","SGR-BOOM","*_**_GR_BOOM_HOOGSTAM_IN CONTAINER","0.18","80","82","80","80","253","CONTINUOUS","0.35","80","82","80","80","253","CONTINUOUS","0.35","80","82","80","80","253","V-CONTINUOUS-SO","0.35","80","82","80","80","253","CONTINUOUS","","","4201","4197","http://digitalbuildingdata.tech/nlcs/def/ed8242ec-e56e-4670-bd7f-cfba4130a27e","http://digitalbuildingdata.tech/nlcs/def/b4471de0-2035-47b6-946e-55779cf59559"
"BOOM_VORM_3E GROOTTE","*","_","**","_","GR","_","BOOM","_","VORM","_","3E GROOTTE","_","","_","","_","","'-","","'-","G/S","'-","","SGR-BOOM","*_**_GR_BOOM_VORM_3E GROOTTE","0.18","80","82","80","80","253","CONTINUOUS","0.35","80","82","80","80","253","CONTINUOUS","0.35","80","82","80","80","253","V-CONTINUOUS-SO","0.35","80","82","80","80","253","CONTINUOUS","","","4284","4281","http://digitalbuildingdata.tech/nlcs/def/5fa5fc8a-c1e6-4670-a49a-511e76799ec0","http://digitalbuildingdata.tech/nlcs/def/f38505b5-670b-486c-8866-8a397c772676"
"BOOM_LEI_1E GROOTTE","*","_","**","_","GR","_","BOOM","_","LEI","_","1E GROOTTE","_","","_","","_","","'-","","'-","G/S","'-","","SGR-BOOM","*_**_GR_BOOM_LEI_1E GROOTTE","0.18","80","80","80","80","253","CONTINUOUS","0.35","80","80","80","80","253","CONTINUOUS","0.35","80","80","80","80","253","V-CONTINUOUS-SO","0.35","80","80","80","80","253","CONTINUOUS","","","4250","2904","http://digitalbuildingdata.tech/nlcs/def/90cc0d77-dcc2-4cd4-9fa9-4cba8a96f485","http://digitalbuildingdata.tech/nlcs/def/2bb65eda-c600-4a46-a37c-aa3ac0e33d77"
"BOOM_BEVEERD_3E GROOTTE","*","_","**","_","GR","_","BOOM","_","BEVEERD","_","3E GROOTTE","_","","_","","_","","'-","","'-","G/S","'-","","SGR-BOOM","*_**_GR_BOOM_BEVEERD_3E GROOTTE","0.18","80","82","80","80","253","CONTINUOUS","0.35","80","82","80","80","253","CONTINUOUS","0.35","80","82","80","80","253","V-CONTINUOUS-SO","0.35","80","82","80","80","253","CONTINUOUS","","","4184","4181","http://digitalbuildingdata.tech/nlcs/def/935126f4-9a33-4ded-b944-b2a032efafc0","http://digitalbuildingdata.tech/nlcs/def/26611083-ab76-4708-8b92-2d76503fc5d6"
"BOOM_MEERSTAMMIG_ZONDER KLUIT","*","_","**","_","GR","_","BOOM","_","MEERSTAMMIG","_","ZONDER KLUIT","_","","_","","_","","'-","","'-","G/S","'-","","SGR-BOOM","*_**_GR_BOOM_MEERSTAMMIG_ZONDER KLUIT","0.18","80","82","80","80","253","CONTINUOUS","0.35","80","82","80","80","253","CONTINUOUS","0.35","80","82","80","80","253","V-CONTINUOUS-SO","0.35","80","82","80","80","253","CONTINUOUS","","","4277","4265","http://digitalbuildingdata.tech/nlcs/def/04820fea-91d8-4c78-827d-36df859e9d88","http://digitalbuildingdata.tech/nlcs/def/1e601309-18ae-4681-bb32-cbe968e99d8d"
"BOOM_BEVEERD_1E GROOTTE","*","_","**","_","GR","_","BOOM","_","BEVEERD","_","1E GROOTTE","_","","_","","_","","'-","","'-","G/S","'-","","SGR-BOOM","*_**_GR_BOOM_BEVEERD_1E GROOTTE","0.18","80","82","80","80","253","CONTINUOUS","0.35","80","82","80","80","253","CONTINUOUS","0.35","80","82","80","80","253","V-CONTINUOUS-SO","0.35","80","82","80","80","253","CONTINUOUS","","","4182","4181","http://digitalbuildingdata.tech/nlcs/def/85aec2da-183c-443b-9814-dc6e3c398d8b","http://digitalbuildingdata.tech/nlcs/def/26611083-ab76-4708-8b92-2d76503fc5d6"
"BOOM_HOOGSTAM_2E GROOTTE","*","_","**","_","GR","_","BOOM","_","HOOGSTAM","_","2E GROOTTE","_","","_","","_","","'-","","'-","G/S","'-","","SGR-BOOM","*_**_GR_BOOM_HOOGSTAM_2E GROOTTE","0.18","80","82","80","80","253","CONTINUOUS","0.35","80","82","80","80","253","CONTINUOUS","0.35","80","82","80","80","253","V-CONTINUOUS-SO","0.35","80","82","80","80","253","CONTINUOUS","","","4199","4197","http://digitalbuildingdata.tech/nlcs/def/a2132238-57b9-4507-8697-2791db033e4b","http://digitalbuildingdata.tech/nlcs/def/b4471de0-2035-47b6-946e-55779cf59559"
"BOOM_LEI_MET KLUIT","*","_","**","_","GR","_","BOOM","_","LEI","_","MET KLUIT","_","","_","","_","","'-","","'-","G/S","'-","","SGR-BOOM","*_**_GR_BOOM_LEI_MET KLUIT","0.18","80","80","80","80","253","CONTINUOUS","0.35","80","80","80","80","253","CONTINUOUS","0.35","80","80","80","80","253","V-CONTINUOUS-SO","0.35","80","80","80","80","253","CONTINUOUS","","","4257","2904","http://digitalbuildingdata.tech/nlcs/def/cfac943a-73d0-4afe-8456-2bfee047fd49","http://digitalbuildingdata.tech/nlcs/def/2bb65eda-c600-4a46-a37c-aa3ac0e33d77"
"BOOM_KNOT_3E GROOTTE","*","_","**","_","GR","_","BOOM","_","KNOT","_","3E GROOTTE","_","","_","","_","","'-","","'-","G/S","'-","","SGR-BOOM","*_**_GR_BOOM_KNOT_3E GROOTTE","0.18","80","80","80","80","253","CONTINUOUS","0.35","80","80","80","80","253","CONTINUOUS","0.35","80","80","80","80","253","V-CONTINUOUS-SO","0.35","80","80","80","80","253","CONTINUOUS","","","4217","2905","http://digitalbuildingdata.tech/nlcs/def/a2c54d76-c8da-4725-be5c-6bae5c863cba","http://digitalbuildingdata.tech/nlcs/def/1a408910-2481-4b40-a6ee-ca211ba9201d"
"BOOM_LEI_ZONDER KLUIT","*","_","**","_","GR","_","BOOM","_","LEI","_","ZONDER KLUIT","_","","_","","_","","'-","","'-","G/S","'-","","SGR-BOOM","*_**_GR_BOOM_LEI_ZONDER KLUIT","0.18","80","80","80","80","253","CONTINUOUS","0.35","80","80","80","80","253","CONTINUOUS","0.35","80","80","80","80","253","V-CONTINUOUS-SO","0.35","80","80","80","80","253","CONTINUOUS","","","4261","2904","http://digitalbuildingdata.tech/nlcs/def/abd7aacf-250b-4e96-880b-7ac7f26dfc0a","http://digitalbuildingdata.tech/nlcs/def/2bb65eda-c600-4a46-a37c-aa3ac0e33d77"
"BOOM_MEERSTAMMIG_MET KLUIT","*","_","**","_","GR","_","BOOM","_","MEERSTAMMIG","_","MET KLUIT","_","","_","","_","","'-","","'-","G/S","'-","","SGR-BOOM","*_**_GR_BOOM_MEERSTAMMIG_MET KLUIT","0.18","80","82","80","80","253","CONTINUOUS","0.35","80","82","80","80","253","CONTINUOUS","0.35","80","82","80","80","253","V-CONTINUOUS-SO","0.35","80","82","80","80","253","CONTINUOUS","","","4273","4265","http://digitalbuildingdata.tech/nlcs/def/e7794fd9-9fe6-474a-970d-e4ef9271b8fe","http://digitalbuildingdata.tech/nlcs/def/1e601309-18ae-4681-bb32-cbe968e99d8d"
"BOOM_LAAGSTAM_ZONDER KLUIT","*","_","**","_","GR","_","BOOM","_","LAAGSTAM","_","ZONDER KLUIT","_","","_","","_","","'-","","'-","G/S","'-","","SGR-BOOM","*_**_GR_BOOM_LAAGSTAM_ZONDER KLUIT","0.18","80","82","80","80","253","CONTINUOUS","0.35","80","82","80","80","253","CONTINUOUS","0.35","80","82","80","80","253","V-CONTINUOUS-SO","0.35","80","82","80","80","253","CONTINUOUS","","","4246","4234","http://digitalbuildingdata.tech/nlcs/def/088a182d-5494-41cb-aa65-a5fc109711d9","http://digitalbuildingdata.tech/nlcs/def/87c7cd76-0b80-4f15-aee9-8a021ebc1735"
"BOOM_BEVEERD_2E GROOTTE","*","_","**","_","GR","_","BOOM","_","BEVEERD","_","2E GROOTTE","_","","_","","_","","'-","","'-","G/S","'-","","SGR-BOOM","*_**_GR_BOOM_BEVEERD_2E GROOTTE","0.18","80","82","80","80","253","CONTINUOUS","0.35","80","82","80","80","253","CONTINUOUS","0.35","80","82","80","80","253","V-CONTINUOUS-SO","0.35","80","82","80","80","253","CONTINUOUS","","","4183","4181","http://digitalbuildingdata.tech/nlcs/def/7a0485e8-0a75-4de6-8d84-8df88f65b70b","http://digitalbuildingdata.tech/nlcs/def/26611083-ab76-4708-8b92-2d76503fc5d6"
"BOOM_LAAGSTAM_2E GROOTTE","*","_","**","_","GR","_","BOOM","_","LAAGSTAM","_","2E GROOTTE","_","","_","","_","","'-","","'-","G/S","'-","","SGR-BOOM","*_**_GR_BOOM_LAAGSTAM_2E GROOTTE","0.18","80","82","80","80","253","CONTINUOUS","0.35","80","82","80","80","253","CONTINUOUS","0.35","80","82","80","80","253","V-CONTINUOUS-SO","0.35","80","82","80","80","253","CONTINUOUS","","","4236","4234","http://digitalbuildingdata.tech/nlcs/def/726939e7-d669-48f2-8614-c9f7ee24a4e4","http://digitalbuildingdata.tech/nlcs/def/87c7cd76-0b80-4f15-aee9-8a021ebc1735"
"BOOM_LEI_IN CONTAINER","*","_","**","_","GR","_","BOOM","_","LEI","_","IN CONTAINER","_","","_","","_","","'-","","'-","G/S","'-","","SGR-BOOM","*_**_GR_BOOM_LEI_IN CONTAINER","0.18","80","80","80","80","253","CONTINUOUS","0.35","80","80","80","80","253","CONTINUOUS","0.35","80","80","80","80","253","V-CONTINUOUS-SO","0.35","80","80","80","80","253","CONTINUOUS","","","4253","2904","http://digitalbuildingdata.tech/nlcs/def/12144cc9-efb9-4dd9-8fca-47f1b2f6c3fc","http://digitalbuildingdata.tech/nlcs/def/2bb65eda-c600-4a46-a37c-aa3ac0e33d77"
"BOOM_KNOT_MET KLUIT","*","_","**","_","GR","_","BOOM","_","KNOT","_","MET KLUIT","_","","_","","_","","'-","","'-","G/S","'-","","SGR-BOOM","*_**_GR_BOOM_KNOT_MET KLUIT","0.18","80","80","80","80","253","CONTINUOUS","0.35","80","80","80","80","253","CONTINUOUS","0.35","80","80","80","80","253","V-CONTINUOUS-SO","0.35","80","80","80","80","253","CONTINUOUS","","","4222","2905","http://digitalbuildingdata.tech/nlcs/def/16ec50c0-9832-4862-8e34-936ead86f5ef","http://digitalbuildingdata.tech/nlcs/def/1a408910-2481-4b40-a6ee-ca211ba9201d"
"BOOM_HOOGSTAM_MET KLUIT","*","_","**","_","GR","_","BOOM","_","HOOGSTAM","_","MET KLUIT","_","","_","","_","","'-","","'-","G/S","'-","","SGR-BOOM","*_**_GR_BOOM_HOOGSTAM_MET KLUIT","0.18","80","82","80","80","253","CONTINUOUS","0.35","80","82","80","80","253","CONTINUOUS","0.35","80","82","80","80","253","V-CONTINUOUS-SO","0.35","80","82","80","80","253","CONTINUOUS","","","4205","4197","http://digitalbuildingdata.tech/nlcs/def/6712e741-a772-473a-a1ed-3d71dada2347","http://digitalbuildingdata.tech/nlcs/def/b4471de0-2035-47b6-946e-55779cf59559"
"BOOM_HOOGSTAM_1E GROOTTE","*","_","**","_","GR","_","BOOM","_","HOOGSTAM","_","1E GROOTTE","_","","_","","_","","'-","","'-","G/S","'-","","SGR-BOOM","*_**_GR_BOOM_HOOGSTAM_1E GROOTTE","0.18","80","82","80","80","253","CONTINUOUS","0.35","80","82","80","80","253","CONTINUOUS","0.35","80","82","80","80","253","V-CONTINUOUS-SO","0.35","80","82","80","80","253","CONTINUOUS","","","4198","4197","http://digitalbuildingdata.tech/nlcs/def/e40d755b-5f15-4713-ae54-ddd44003de02","http://digitalbuildingdata.tech/nlcs/def/b4471de0-2035-47b6-946e-55779cf59559"
"BOOM_HOOGSTAM_ZONDER KLUIT","*","_","**","_","GR","_","BOOM","_","HOOGSTAM","_","ZONDER KLUIT","_","","_","","_","","'-","","'-","G/S","'-","","SGR-BOOM","*_**_GR_BOOM_HOOGSTAM_ZONDER KLUIT","0.18","80","82","80","80","253","CONTINUOUS","0.35","80","82","80","80","253","CONTINUOUS","0.35","80","82","80","80","253","V-CONTINUOUS-SO","0.35","80","82","80","80","253","CONTINUOUS","","","4209","4197","http://digitalbuildingdata.tech/nlcs/def/2a9cb348-15e4-4048-a69b-2fe078ca3e3e","http://digitalbuildingdata.tech/nlcs/def/b4471de0-2035-47b6-946e-55779cf59559"
"BOOM_MEERSTAMMIG_1E GROOTTE","*","_","**","_","GR","_","BOOM","_","MEERSTAMMIG","_","1E GROOTTE","_","","_","","_","","'-","","'-","G/S","'-","","SGR-BOOM","*_**_GR_BOOM_MEERSTAMMIG_1E GROOTTE","0.18","80","82","80","80","253","CONTINUOUS","0.35","80","82","80","80","253","CONTINUOUS","0.35","80","82","80","80","253","V-CONTINUOUS-SO","0.35","80","82","80","80","253","CONTINUOUS","","","4266","4265","http://digitalbuildingdata.tech/nlcs/def/3b46dcca-b2a6-475f-83f0-5e64540ec827","http://digitalbuildingdata.tech/nlcs/def/1e601309-18ae-4681-bb32-cbe968e99d8d"
"BOOM_LAAGSTAM_1E GROOTTE","*","_","**","_","GR","_","BOOM","_","LAAGSTAM","_","1E GROOTTE","_","","_","","_","","'-","","'-","G/S","'-","","SGR-BOOM","*_**_GR_BOOM_LAAGSTAM_1E GROOTTE","0.18","80","82","80","80","253","CONTINUOUS","0.35","80","82","80","80","253","CONTINUOUS","0.35","80","82","80","80","253","V-CONTINUOUS-SO","0.35","80","82","80","80","253","CONTINUOUS","","","4235","4234","http://digitalbuildingdata.tech/nlcs/def/02e0eb53-ef39-4fd5-be18-c70c1cddb9aa","http://digitalbuildingdata.tech/nlcs/def/87c7cd76-0b80-4f15-aee9-8a021ebc1735"
"BOOM_KNOT_1E GROOTTE","*","_","**","_","GR","_","BOOM","_","KNOT","_","1E GROOTTE","_","","_","","_","","'-","","'-","G/S","'-","","SGR-BOOM","*_**_GR_BOOM_KNOT_1E GROOTTE","0.18","80","80","80","80","253","CONTINUOUS","0.35","80","80","80","80","253","CONTINUOUS","0.35","80","80","80","80","253","V-CONTINUOUS-SO","0.35","80","80","80","80","253","CONTINUOUS","","","4215","2905","http://digitalbuildingdata.tech/nlcs/def/254aafc1-c37e-405a-8423-0baa7341fde0","http://digitalbuildingdata.tech/nlcs/def/1a408910-2481-4b40-a6ee-ca211ba9201d"
"BEPLANTING_CULTUUR","*","_","**","_","GR","_","BEPLANTING","_","CULTUUR","_","","_","","_","","_","","'-","","'-","G/A/S","'-","AGR-BEPLANTING","SGR-BEPLANTING","*_**_GR_BEPLANTING_CULTUUR","0.18","90","92","90","90","253","CONTINUOUS","0.35","90","92","90","90","253","CONTINUOUS","0.35","90","92","90","90","253","V-CONTINUOUS-SO","0.35","90","92","90","90","253","CONTINUOUS","","","2886","2885","http://digitalbuildingdata.tech/nlcs/def/c835d8ea-decb-46bc-9997-2e7babfd861c","http://digitalbuildingdata.tech/nlcs/def/96e08737-0fc0-4fa0-8b7e-f28369b8cd0a"
"GRAS_GRAFVELD","*","_","**","_","GR","_","GRAS","_","GRAFVELD","_","","_","","_","","_","","'-","","'-","G/A/S","'-","AGR-GRAS","SGR-GRAS","*_**_GR_GRAS_GRAFVELD","0.18","80","80","80","80","253","CONTINUOUS","0.35","80","80","80","80","253","CONTINUOUS","0.35","80","80","80","80","253","V-CONTINUOUS-SO","0.35","80","80","80","80","253","CONTINUOUS","","","2902","401","http://digitalbuildingdata.tech/nlcs/def/d830e3a4-1933-48a0-8ed0-b00a15a63a3f","http://digitalbuildingdata.tech/nlcs/def/cc940334-64c4-42fc-a846-a38b7435777a"
"BOS_NAALD","*","_","**","_","GR","_","BOS","_","NAALD","_","","_","","_","","_","","'-","","'-","G/A/S","'-","AGR-BOS","SGR-BOS","*_**_GR_BOS_NAALD","0.13","40","42","40","40","253","CONTINUOUS","0.35","40","42","40","40","253","CONTINUOUS","0.35","40","42","40","40","253","V-CONTINUOUS-SO","0.35","40","42","40","40","253","CONTINUOUS","","","359","356","http://digitalbuildingdata.tech/nlcs/def/c182e200-52c9-4779-87c4-1ff5f23e0e5e","http://digitalbuildingdata.tech/nlcs/def/d58f6876-6e3a-4a04-9903-a6b8707eb036"
"HOUTOPSTAND_GEMENGD","*","_","**","_","GR","_","HOUTOPSTAND","_","GEMENGD","_","","_","","_","","_","","'-","","'-","G/A/S","'-","AGR-HOUTOPSTAND","SGR-HOUTOPSTAND","*_**_GR_HOUTOPSTAND_GEMENGD","0.13","40","42","40","40","253","CONTINUOUS","0.35","40","42","40","40","253","CONTINUOUS","0.35","40","42","40","40","253","V-CONTINUOUS-SO","0.35","40","42","40","40","253","CONTINUOUS","","","369","368","http://digitalbuildingdata.tech/nlcs/def/c62c7e2d-b640-4d15-85b3-96207c46dcb0","http://digitalbuildingdata.tech/nlcs/def/027c3e40-32b1-48ed-8f74-30ce1424286c"
"GRAS_GESTABILISEERD","*","_","**","_","GR","_","GRAS","_","GESTABILISEERD","_","","_","","_","","_","","'-","","'-","G/A/S","'-","AGR-GRAS","SGR-GRAS","*_**_GR_GRAS_GESTABILISEERD","0.13","60","62","90","90","253","CONTINUOUS","0.35","60","62","90","90","253","CONTINUOUS","0.35","60","62","90","90","253","V-CONTINUOUS-SO","0.35","60","62","90","90","253","CONTINUOUS","","","405","401","http://digitalbuildingdata.tech/nlcs/def/3de200ac-4bc8-4a4e-8d5c-852fe281f259","http://digitalbuildingdata.tech/nlcs/def/cc940334-64c4-42fc-a846-a38b7435777a"
"HEESTER_SOLITAIR","*","_","**","_","GR","_","HEESTER","_","SOLITAIR","_","","_","","_","","_","","'-","","'-","G/A/S","'-","AGR-HEESTERS","SGR-HEESTER","*_**_GR_HEESTER_SOLITAIR","0.13","90","92","90","90","253","CONTINUOUS","0.35","90","92","90","90","253","CONTINUOUS","0.35","90","92","90","90","253","V-CONTINUOUS-SO","0.35","90","92","90","90","253","CONTINUOUS","","","385","384","http://digitalbuildingdata.tech/nlcs/def/a5a2bb7f-2c3d-495f-a980-22ff3607e555","http://digitalbuildingdata.tech/nlcs/def/6b06a598-55d5-431b-bb9c-b4e74e712a97"
"GRAS_NATUURLIJKE OEVER","*","_","**","_","GR","_","GRAS","_","NATUURLIJKE OEVER","_","","_","","_","","_","","'-","","'-","G/A/S","'-","AGR-GRAS","SGR-GRAS","*_**_GR_GRAS_NATUURLIJKE OEVER","0.18","80","80","80","80","253","CONTINUOUS","0.35","80","80","80","80","253","CONTINUOUS","0.35","80","80","80","80","253","V-CONTINUOUS-SO","0.35","80","80","80","80","253","CONTINUOUS","","","2901","401","http://digitalbuildingdata.tech/nlcs/def/dc7d0138-68f0-4f0f-b8ec-c4f2664e07ac","http://digitalbuildingdata.tech/nlcs/def/cc940334-64c4-42fc-a846-a38b7435777a"
"HOUTOPSTAND_LOOF","*","_","**","_","GR","_","HOUTOPSTAND","_","LOOF","_","","_","","_","","_","","'-","","'-","G/A/S","'-","AGR-HOUTOPSTAND","SGR-HOUTOPSTAND","*_**_GR_HOUTOPSTAND_LOOF","0.13","40","42","40","40","253","CONTINUOUS","0.35","40","42","40","40","253","CONTINUOUS","0.35","40","42","40","40","253","V-CONTINUOUS-SO","0.35","40","42","40","40","253","CONTINUOUS","","","370","368","http://digitalbuildingdata.tech/nlcs/def/845b7c21-288c-4026-a8bd-d5e2f415d298","http://digitalbuildingdata.tech/nlcs/def/027c3e40-32b1-48ed-8f74-30ce1424286c"
"BOS_GEMENGD","*","_","**","_","GR","_","BOS","_","GEMENGD","_","","_","","_","","_","","'-","","'-","G/A/S","'-","AGR-BOS","SGR-BOS","*_**_GR_BOS_GEMENGD","0.13","40","42","40","40","253","CONTINUOUS","0.35","40","42","40","40","253","CONTINUOUS","0.35","40","42","40","40","253","V-CONTINUOUS-SO","0.35","40","42","40","40","253","CONTINUOUS","","","357","356","http://digitalbuildingdata.tech/nlcs/def/e7e199b9-27c1-43ae-ade0-0893ac09cb9d","http://digitalbuildingdata.tech/nlcs/def/d58f6876-6e3a-4a04-9903-a6b8707eb036"
"BEPLANTING_NATUUR","*","_","**","_","GR","_","BEPLANTING","_","NATUUR","_","","_","","_","","_","","'-","","'-","G/A/S","'-","AGR-BEPLANTING","SGR-BEPLANTING","*_**_GR_BEPLANTING_NATUUR","0.18","90","92","90","90","253","CONTINUOUS","0.35","90","92","90","90","253","CONTINUOUS","0.35","90","92","90","90","253","V-CONTINUOUS-SO","0.35","90","92","90","90","253","CONTINUOUS","","","2896","2885","http://digitalbuildingdata.tech/nlcs/def/d2277e4e-0bc3-4636-b443-4a742dcdcc31","http://digitalbuildingdata.tech/nlcs/def/96e08737-0fc0-4fa0-8b7e-f28369b8cd0a"
"GRAS_RUIGGRAS","*","_","**","_","GR","_","GRAS","_","RUIGGRAS","_","","_","","_","","_","","'-","","'-","G/A/S","'-","AGR-GRAS","SGR-GRAS","*_**_GR_GRAS_RUIGGRAS","0.13","60","62","90","90","253","CONTINUOUS","0.35","60","62","90","90","253","CONTINUOUS","0.35","60","62","90","90","253","V-CONTINUOUS-SO","0.35","60","62","90","90","253","CONTINUOUS","","","403","401","http://digitalbuildingdata.tech/nlcs/def/038a6929-380b-4771-801d-6d642802d3c9","http://digitalbuildingdata.tech/nlcs/def/cc940334-64c4-42fc-a846-a38b7435777a"
"BOS_LOOF","*","_","**","_","GR","_","BOS","_","LOOF","_","","_","","_","","_","","'-","","'-","G/A/S","'-","AGR-BOS","SGR-BOS","*_**_GR_BOS_LOOF","0.13","40","42","90","40","253","CONTINUOUS","0.35","40","42","90","40","253","CONTINUOUS","0.35","40","42","90","40","253","V-CONTINUOUS-SO","0.35","40","42","90","40","253","CONTINUOUS","","","358","356","http://digitalbuildingdata.tech/nlcs/def/bbdc8e80-ccca-4db3-bd34-9932cf735318","http://digitalbuildingdata.tech/nlcs/def/d58f6876-6e3a-4a04-9903-a6b8707eb036"
"HOUTOPSTAND_NAALD","*","_","**","_","GR","_","HOUTOPSTAND","_","NAALD","_","","_","","_","","_","","'-","","'-","G/A/S","'-","AGR-HOUTOPSTAND","SGR-HOUTOPSTAND","*_**_GR_HOUTOPSTAND_NAALD","0.13","40","42","40","40","253","CONTINUOUS","0.35","40","42","40","40","253","CONTINUOUS","0.35","40","42","40","40","253","V-CONTINUOUS-SO","0.35","40","42","40","40","253","CONTINUOUS","","","371","368","http://digitalbuildingdata.tech/nlcs/def/0c26a70a-305b-439e-8a5c-3c748e8eee38","http://digitalbuildingdata.tech/nlcs/def/027c3e40-32b1-48ed-8f74-30ce1424286c"
"GRAS_KUNSTGRAS","*","_","**","_","GR","_","GRAS","_","KUNSTGRAS","_","","_","","_","","_","","'-","","'-","G/A/S","'-","AGR-GRAS","SGR-GRAS","*_**_GR_GRAS_KUNSTGRAS","0.13","60","62","90","90","253","CONTINUOUS","0.35","60","62","90","90","253","CONTINUOUS","0.35","60","62","90","90","253","V-CONTINUOUS-SO","0.35","60","62","90","90","253","CONTINUOUS","","","404","401","http://digitalbuildingdata.tech/nlcs/def/9c428e2f-0f07-4164-8682-da2abe9775f0","http://digitalbuildingdata.tech/nlcs/def/cc940334-64c4-42fc-a846-a38b7435777a"
"GRAS_GAZON","*","_","**","_","GR","_","GRAS","_","GAZON","_","","_","","_","","_","","'-","","'-","G/A/S","'-","AGR-GRAS","SGR-GRAS","*_**_GR_GRAS_GAZON","0.13","60","62","90","90","253","CONTINUOUS","0.35","60","62","90","90","253","CONTINUOUS","0.35","60","62","90","90","253","V-CONTINUOUS-SO","0.35","60","62","90","90","253","CONTINUOUS","","","402","401","http://digitalbuildingdata.tech/nlcs/def/ebdcef5f-e2ff-4211-bfa2-fcf2de998116","http://digitalbuildingdata.tech/nlcs/def/cc940334-64c4-42fc-a846-a38b7435777a"
"GRAS_BERM","*","_","**","_","GR","_","GRAS","_","BERM","_","","_","","_","","_","","'-","","'-","G/A/S","'-","AGR-GRAS","SGR-GRAS","*_**_GR_GRAS_BERM","0.18","80","80","80","80","253","CONTINUOUS","0.35","80","80","80","80","253","CONTINUOUS","0.35","80","80","80","80","253","V-CONTINUOUS-SO","0.35","80","80","80","80","253","CONTINUOUS","","","2900","401","http://digitalbuildingdata.tech/nlcs/def/e925d808-e700-4b0d-9856-2f60185e3a77","http://digitalbuildingdata.tech/nlcs/def/cc940334-64c4-42fc-a846-a38b7435777a"
"BEPLANTING_KLIMPLANTEN","*","_","**","_","GR","_","BEPLANTING","_","KLIMPLANTEN","_","","_","","_","","_","","'-","","'-","G/A/S","'-","AGR-BEPLANTING","SGR-BEPLANTING","*_**_GR_BEPLANTING_KLIMPLANTEN","0.18","90","92","90","90","253","CONTINUOUS","0.35","90","92","90","90","253","CONTINUOUS","0.35","90","92","90","90","253","V-CONTINUOUS-SO","0.35","90","92","90","90","253","CONTINUOUS","","","4141","2885","http://digitalbuildingdata.tech/nlcs/def/83f7aa18-f258-4ee8-9df1-679fc8ef7a2b","http://digitalbuildingdata.tech/nlcs/def/96e08737-0fc0-4fa0-8b7e-f28369b8cd0a"
"PLANTGATVERBETERING_BEMESTEN","*","_","**","_","GR","_","PLANTGATVERBETERING","_","BEMESTEN","_","","_","","_","","_","","'-","","'-","G/A/S","'-","AGR-PLANTGATVERBETERING","SGR-PLANTGATVERBETERING","*_**_GR_PLANTGATVERBETERING_BEMESTEN","0.13","90","92","90","90","253","CONTINUOUS","0.35","90","92","90","90","253","CONTINUOUS","0.35","90","92","90","90","253","V-CONTINUOUS-SO","0.35","90","92","90","90","253","CONTINUOUS","","","4772","364","http://digitalbuildingdata.tech/nlcs/def/27f3418f-5e19-47b0-98a4-9b2b44aeba1b","http://digitalbuildingdata.tech/nlcs/def/9f807563-95bc-404e-9120-933181c1a2cc"
"GRAS_BLOEMRIJK","*","_","**","_","GR","_","GRAS","_","BLOEMRIJK","_","","_","","_","","_","","'-","","'-","G/A/S","'-","AGR-GRAS","SGR-GRAS","*_**_GR_GRAS_BLOEMRIJK","0.13","60","62","90","90","253","CONTINUOUS","0.35","60","62","90","90","253","CONTINUOUS","0.35","60","62","90","90","253","V-CONTINUOUS-SO","0.35","60","62","90","90","253","CONTINUOUS","","","4753","401","http://digitalbuildingdata.tech/nlcs/def/39690380-6c7d-40df-bea1-13982c05b9c6","http://digitalbuildingdata.tech/nlcs/def/cc940334-64c4-42fc-a846-a38b7435777a"
"PLANTGATVERBETERING_BOMENZAND","*","_","**","_","GR","_","PLANTGATVERBETERING","_","BOMENZAND","_","","_","","_","","_","","'-","","'-","G/A/S","'-","AGR-PLANTGATVERBETERING","SGR-PLANTGATVERBETERING","*_**_GR_PLANTGATVERBETERING_BOMENZAND","0.13","90","92","90","90","253","CONTINUOUS","0.35","90","92","90","90","253","CONTINUOUS","0.35","90","92","90","90","253","V-CONTINUOUS-SO","0.35","90","92","90","90","253","CONTINUOUS","","","4775","364","http://digitalbuildingdata.tech/nlcs/def/a9abc187-d510-4c53-935a-12423dde0639","http://digitalbuildingdata.tech/nlcs/def/9f807563-95bc-404e-9120-933181c1a2cc"
"PLANTGATVERBETERING_BOMENGRANULAAT","*","_","**","_","GR","_","PLANTGATVERBETERING","_","BOMENGRANULAAT","_","","_","","_","","_","","'-","","'-","G/A/S","'-","AGR-PLANTGATVERBETERING","SGR-PLANTGATVERBETERING","*_**_GR_PLANTGATVERBETERING_BOMENGRANULAAT","0.13","90","92","90","90","253","CONTINUOUS","0.35","90","92","90","90","253","CONTINUOUS","0.35","90","92","90","90","253","V-CONTINUOUS-SO","0.35","90","92","90","90","253","CONTINUOUS","","","4773","364","http://digitalbuildingdata.tech/nlcs/def/ae65448b-688a-4f09-a145-4ed1da9b9fdb","http://digitalbuildingdata.tech/nlcs/def/9f807563-95bc-404e-9120-933181c1a2cc"
"PLANTGATVERBETERING_SANDWICHCONSTRUCTIE","*","_","**","_","GR","_","PLANTGATVERBETERING","_","SANDWICHCONSTRUCTIE","_","","_","","_","","_","","'-","","'-","G/A/S","'-","AGR-PLANTGATVERBETERING","SGR-PLANTGATVERBETERING","*_**_GR_PLANTGATVERBETERING_SANDWICHCONSTRUCTIE","0.13","90","92","90","90","253","CONTINUOUS","0.35","90","92","90","90","253","CONTINUOUS","0.35","90","92","90","90","253","V-CONTINUOUS-SO","0.35","90","92","90","90","253","CONTINUOUS","","","5219","364","http://digitalbuildingdata.tech/nlcs/def/617349d4-2a3d-45c9-ac8b-28085d9fa5b6","http://digitalbuildingdata.tech/nlcs/def/9f807563-95bc-404e-9120-933181c1a2cc"
"BEPLANTING_OEVERBEPLANTING","*","_","**","_","GR","_","BEPLANTING","_","OEVERBEPLANTING","_","","_","","_","","_","","'-","","'-","G/A/S","'-","AGR-BEPLANTING","SGR-BEPLANTING","*_**_GR_BEPLANTING_OEVERBEPLANTING","0.18","90","92","90","90","253","CONTINUOUS","0.35","90","92","90","90","253","CONTINUOUS","0.35","90","92","90","90","253","V-CONTINUOUS-SO","0.35","90","92","90","90","253","CONTINUOUS","","","4142","2885","http://digitalbuildingdata.tech/nlcs/def/0bea9db7-ca7e-4014-adcb-b7038f5efdae","http://digitalbuildingdata.tech/nlcs/def/96e08737-0fc0-4fa0-8b7e-f28369b8cd0a"
"BEPLANTING_CULTUUR_HEESTERS","*","_","**","_","GR","_","BEPLANTING","_","CULTUUR","_","HEESTERS","_","","_","","_","","'-","","'-","G/A","'-","AGR-BEPLANTING","","*_**_GR_BEPLANTING_CULTUUR_HEESTERS","0.18","90","92","90","90","140,168,0","CONTINUOUS","0.35","90","92","90","90","253","CONTINUOUS","0.35","90","92","90","90","253","V-CONTINUOUS-SO","0.35","90","92","90","90","253","CONTINUOUS","","","2888","2886","http://digitalbuildingdata.tech/nlcs/def/a56e9175-0a93-4af5-9a36-da7aeb877c7b","http://digitalbuildingdata.tech/nlcs/def/c835d8ea-decb-46bc-9997-2e7babfd861c"
"BOUWLAND_AKKERBOUW","*","_","**","_","GR","_","BOUWLAND","_","AKKERBOUW","_","","_","","_","","_","","'-","","'-","G/S","'-","","SGR-BOUWLAND","*_**_GR_BOUWLAND_AKKERBOUW","0.13","80","82","80","80","253","CONTINUOUS","0.35","80","82","80","80","253","CONTINUOUS","0.35","80","82","80","80","253","V-CONTINUOUS-SO","0.35","80","82","80","80","253","CONTINUOUS","","","3378","3377","http://digitalbuildingdata.tech/nlcs/def/82520f76-64a6-43a7-a62b-10b839e934ed","http://digitalbuildingdata.tech/nlcs/def/64d4f082-c537-4e4c-9280-6f5fecab3ca1"
"HAAG_01","*","_","**","_","GR","_","HAAG","_","01","_","","_","","_","","_","","'-","","'-","G/S","'-","","SGR-HAAG","*_**_GR_HAAG_01","0.13","90","92","90","90","253","GR-HAAG1-SO","0.35","90","92","90","90","253","GR-HAAG1-SO","0.35","90","92","90","90","253","V-GR-HAAG1-SO","0.35","90","92","90","90","253","GR-HAAG1-SO","","","381","380","http://digitalbuildingdata.tech/nlcs/def/17aa0a36-a471-4642-8f35-79f3daf6b8d4","http://digitalbuildingdata.tech/nlcs/def/3fb6e2f6-b5e6-4b61-9a5c-13b1ea2c85ee"
"FRUITTEELT_BOOMGAARD","*","_","**","_","GR","_","FRUITTEELT","_","BOOMGAARD","_","","_","","_","","_","","'-","","'-","G/S","'-","","SGR-BOOMGAARD","*_**_GR_FRUITTEELT_BOOMGAARD","0.13","90","92","90","90","253","CONTINUOUS","0.35","90","92","90","90","253","CONTINUOUS","0.35","90","92","90","90","253","V-CONTINUOUS-SO","0.35","90","92","90","90","253","CONTINUOUS","","","3371","3370","http://digitalbuildingdata.tech/nlcs/def/524d3d32-f00d-4414-ba52-42cba88b3f94","http://digitalbuildingdata.tech/nlcs/def/1b395a4e-b3e2-4d76-9fba-55dc9117ebfc"
"BOUWLAND_BOLLENTEELT","*","_","**","_","GR","_","BOUWLAND","_","BOLLENTEELT","_","","_","","_","","_","","'-","","'-","G/S","'-","","SGR-BOUWLAND","*_**_GR_BOUWLAND_BOLLENTEELT","0.13","220","222","220","220","253","CONTINUOUS","0.35","220","222","220","220","253","CONTINUOUS","0.35","220","222","220","220","253","V-CONTINUOUS-SO","0.35","220","222","220","220","253","CONTINUOUS","","","3381","3377","http://digitalbuildingdata.tech/nlcs/def/4e3f7c5b-4c58-4f75-bf9b-ded265365c14","http://digitalbuildingdata.tech/nlcs/def/64d4f082-c537-4e4c-9280-6f5fecab3ca1"
"DUIN_OPEN VEGETATIE","*","_","**","_","GR","_","DUIN","_","OPEN VEGETATIE","_","","_","","_","","_","","'-","","'-","G/S","'-","","SGR-VEGETATIE_OPEN-SO","*_**_GR_DUIN_OPEN VEGETATIE","0.13","40","42","40","40","253","CONTINUOUS","0.35","40","42","40","40","253","CONTINUOUS","0.35","40","42","40","40","253","V-CONTINUOUS-SO","0.35","40","42","40","40","253","CONTINUOUS","","","3367","3366","http://digitalbuildingdata.tech/nlcs/def/a3e4c69f-6357-4684-8cd9-b265b1f44bbc","http://digitalbuildingdata.tech/nlcs/def/c53d6dfd-cc8d-42f7-99b3-16224daddda9"
"SPORTVELD_NATUURGRAS","*","_","**","_","GR","_","SPORTVELD","_","NATUURGRAS","_","","_","","_","","_","","'-","","'-","G/A/S","'-","AGR-SPORTVELD","","*_**_GR_SPORTVELD_NATUURGRAS","0.13","60","62","90","90","253","CONTINUOUS","0.35","60","62","90","90","253","CONTINUOUS","0.35","60","62","90","90","253","V-CONTINUOUS-SO","0.35","60","62","90","90","253","CONTINUOUS","","","408","406","http://digitalbuildingdata.tech/nlcs/def/7a976026-499f-4e43-a10e-e5ac3bbf4e97","http://digitalbuildingdata.tech/nlcs/def/8a2155d5-95af-425d-b74f-436c61fd0429"
"HAAG_RUW","*","_","**","_","GR","_","HAAG","_","RUW","_","","_","","_","","_","","'-","","'-","G/S","'-","","SGR-HAAG","*_**_GR_HAAG_RUW","0.13","90","92","90","90","253","CONTINUOUS","0.35","90","92","90","90","253","CONTINUOUS","0.35","90","92","90","90","253","V-CONTINUOUS-SO","0.35","90","92","90","90","253","CONTINUOUS","","","3095","380","http://digitalbuildingdata.tech/nlcs/def/a816653e-339a-487a-afed-47920f4cf85e","http://digitalbuildingdata.tech/nlcs/def/3fb6e2f6-b5e6-4b61-9a5c-13b1ea2c85ee"
"DUIN_GESLOTEN VEGETATIE","*","_","**","_","GR","_","DUIN","_","GESLOTEN VEGETATIE","_","","_","","_","","_","","'-","","'-","G/S","'-","","SGR-VEGETATIE_GESLOTEN-SO","*_**_GR_DUIN_GESLOTEN VEGETATIE","0.13","40","42","40","40","253","CONTINUOUS","0.35","40","42","40","40","253","CONTINUOUS","0.35","40","42","40","40","253","V-CONTINUOUS-SO","0.35","40","42","40","40","253","CONTINUOUS","","","3368","3366","http://digitalbuildingdata.tech/nlcs/def/caa79cc1-c628-4270-a1c7-a97ed228c49e","http://digitalbuildingdata.tech/nlcs/def/c53d6dfd-cc8d-42f7-99b3-16224daddda9"
"BOUWLAND_VOLLEGRONDTEELT","*","_","**","_","GR","_","BOUWLAND","_","VOLLEGRONDTEELT","_","","_","","_","","_","","'-","","'-","G/S","'-","","SGR-BOUWLAND","*_**_GR_BOUWLAND_VOLLEGRONDTEELT","0.13","40","42","40","40","253","CONTINUOUS","0.35","40","42","40","40","253","CONTINUOUS","0.35","40","42","40","40","253","V-CONTINUOUS-SO","0.35","40","42","40","40","253","CONTINUOUS","","","3380","3377","http://digitalbuildingdata.tech/nlcs/def/f78c4da0-35b2-440d-80aa-05672be942b1","http://digitalbuildingdata.tech/nlcs/def/64d4f082-c537-4e4c-9280-6f5fecab3ca1"
"HAAG_02","*","_","**","_","GR","_","HAAG","_","02","_","","_","","_","","_","","'-","","'-","G/S","'-","","SGR-HAAG","*_**_GR_HAAG_02","0.13","90","92","90","90","253","GR-HAAG2-SO","0.35","90","92","90","90","253","GR-HAAG2-SO","0.35","90","92","90","90","253","V-GR-HAAG2-SO","0.35","90","92","90","90","253","GR-HAAG2-SO","","","382","380","http://digitalbuildingdata.tech/nlcs/def/bb321adb-569e-4d0c-bfeb-2e80a46c7ceb","http://digitalbuildingdata.tech/nlcs/def/3fb6e2f6-b5e6-4b61-9a5c-13b1ea2c85ee"
"BOOM_RIJ","*","_","**","_","GR","_","BOOM","_","RIJ","_","","_","","_","","_","","'-","","'-","G/S","'-","","SGR-BOOM","*_**_GR_BOOM_RIJ","0.18","80","82","80","80","253","CONTINUOUS","0.35","80","80","80","80","253","CONTINUOUS","0.35","80","80","80","80","253","V-CONTINUOUS-SO","0.35","80","80","80","80","253","CONTINUOUS","","","3094","360","http://digitalbuildingdata.tech/nlcs/def/3661493e-f518-4497-8785-db1c163aa3d7","http://digitalbuildingdata.tech/nlcs/def/58a908d1-a966-4cc0-9318-93222d8567ea"
"BOOM_KNOT","*","_","**","_","GR","_","BOOM","_","KNOT","_","","_","","_","","_","","'-","","'-","G/S","'-","","SGR-BOOM","*_**_GR_BOOM_KNOT","0.18","80","80","80","80","253","CONTINUOUS","0.35","80","80","80","80","253","CONTINUOUS","0.35","80","80","80","80","253","V-CONTINUOUS-SO","0.35","80","80","80","80","253","CONTINUOUS","","","2905","360","http://digitalbuildingdata.tech/nlcs/def/1a408910-2481-4b40-a6ee-ca211ba9201d","http://digitalbuildingdata.tech/nlcs/def/58a908d1-a966-4cc0-9318-93222d8567ea"
"BOOM_LEI","*","_","**","_","GR","_","BOOM","_","LEI","_","","_","","_","","_","","'-","","'-","G/S","'-","","SGR-BOOM","*_**_GR_BOOM_LEI","0.18","80","80","80","80","253","CONTINUOUS","0.35","80","80","80","80","253","CONTINUOUS","0.35","80","80","80","80","253","V-CONTINUOUS-SO","0.35","80","80","80","80","253","CONTINUOUS","","","2904","360","http://digitalbuildingdata.tech/nlcs/def/2bb65eda-c600-4a46-a37c-aa3ac0e33d77","http://digitalbuildingdata.tech/nlcs/def/58a908d1-a966-4cc0-9318-93222d8567ea"
"BOOM_LAANBEPLANTING","*","_","**","_","GR","_","BOOM","_","LAANBEPLANTING","_","","_","","_","","_","","'-","","'-","G/S","'-","","SGR-BOOM","*_**_GR_BOOM_LAANBEPLANTING","0.18","80","82","80","80","253","CONTINUOUS","0.35","80","82","80","80","253","CONTINUOUS","0.35","80","82","80","80","253","V-CONTINUOUS-SO","0.35","80","82","80","80","253","CONTINUOUS","","","361","360","http://digitalbuildingdata.tech/nlcs/def/e1308d52-3bc4-44c8-8fc4-d586af817aad","http://digitalbuildingdata.tech/nlcs/def/58a908d1-a966-4cc0-9318-93222d8567ea"
"BOOM_INVERHARDING","*","_","**","_","GR","_","BOOM","_","INVERHARDING","_","","_","","_","","_","","'-","","'-","G/S","'-","","SGR-BOOM","*_**_GR_BOOM_INVERHARDING","0.18","80","82","80","80","253","CONTINUOUS","0.35","80","82","80","80","253","CONTINUOUS","0.35","80","82","80","80","253","V-CONTINUOUS-SO","0.35","80","82","80","80","253","CONTINUOUS","","","362","360","http://digitalbuildingdata.tech/nlcs/def/e857e6e1-dffa-4abb-b41a-0495f294ec8f","http://digitalbuildingdata.tech/nlcs/def/58a908d1-a966-4cc0-9318-93222d8567ea"
"GRAS_KRUIDENRIJK","*","_","**","_","GR","_","GRAS","_","KRUIDENRIJK","_","","_","","_","","_","","'-","","'-","G/A/S","'-","AGR-GRAS","SGR-GRAS","*_**_GR_GRAS_KRUIDENRIJK","0.18","80","80","80","80","140,168,0","CONTINUOUS","0.35","80","80","80","80","253","CONTINUOUS","0.35","80","80","80","80","253","V-CONTINUOUS-SO","0.35","80","80","80","80","253","CONTINUOUS","","","2899","401","http://digitalbuildingdata.tech/nlcs/def/ab439496-2405-4b72-9e0d-f1168ba7a3db","http://digitalbuildingdata.tech/nlcs/def/cc940334-64c4-42fc-a846-a38b7435777a"
"HAAG_03","*","_","**","_","GR","_","HAAG","_","03","_","","_","","_","","_","","'-","","'-","G/S","'-","","SGR-HAAG","*_**_GR_HAAG_03","0.13","90","92","90","90","253","GR-HAAG3-SO","0.35","90","92","90","90","253","GR-HAAG3-SO","0.35","90","92","90","90","253","V-GR-HAAG3-SO","0.35","90","92","90","90","253","GR-HAAG3-SO","","","383","380","http://digitalbuildingdata.tech/nlcs/def/6d0eebd8-eb01-484a-aeb8-66c62a92dc6c","http://digitalbuildingdata.tech/nlcs/def/3fb6e2f6-b5e6-4b61-9a5c-13b1ea2c85ee"
"BOOM_GROEP","*","_","**","_","GR","_","BOOM","_","GROEP","_","","_","","_","","_","","'-","","'-","G/S","'-","","SGR-BOOM","*_**_GR_BOOM_GROEP","0.18","80","80","80","80","253","CONTINUOUS","0.35","80","80","80","80","253","CONTINUOUS","0.35","80","80","80","80","253","V-CONTINUOUS-SO","0.35","80","80","80","80","253","CONTINUOUS","","","2906","360","http://digitalbuildingdata.tech/nlcs/def/2d2cd8a8-449c-44e8-a08d-e735af497eeb","http://digitalbuildingdata.tech/nlcs/def/58a908d1-a966-4cc0-9318-93222d8567ea"
"BOOM_INVOLLEGROND","*","_","**","_","GR","_","BOOM","_","INVOLLEGROND","_","","_","","_","","_","","'-","","'-","G/S","'-","","SGR-BOOM","*_**_GR_BOOM_INVOLLEGROND","0.18","80","82","80","80","253","CONTINUOUS","0.35","80","82","80","80","253","CONTINUOUS","0.35","80","82","80","80","253","V-CONTINUOUS-SO","0.35","80","82","80","80","253","CONTINUOUS","","","363","360","http://digitalbuildingdata.tech/nlcs/def/8ce1dbbf-dce2-486a-8a23-c587dd9374fd","http://digitalbuildingdata.tech/nlcs/def/58a908d1-a966-4cc0-9318-93222d8567ea"
"BOUWLAND_BRAAKLIGGEND","*","_","**","_","GR","_","BOUWLAND","_","BRAAKLIGGEND","_","","_","","_","","_","","'-","","'-","G/S","'-","","SGR-BOUWLAND","*_**_GR_BOUWLAND_BRAAKLIGGEND","0.13","200","202","200","200","253","CONTINUOUS","0.35","200","202","200","200","253","CONTINUOUS","0.35","200","202","200","200","253","V-CONTINUOUS-SO","0.35","200","202","200","200","253","CONTINUOUS","","","3379","3377","http://digitalbuildingdata.tech/nlcs/def/16061095-f909-4c25-b590-1b518a2704d1","http://digitalbuildingdata.tech/nlcs/def/64d4f082-c537-4e4c-9280-6f5fecab3ca1"
"BOOM_BOSPLANTSOEN","*","_","**","_","GR","_","BOOM","_","BOSPLANTSOEN","_","","_","","_","","_","","'-","","'-","G/S","'-","","SGR-BOOM","*_**_GR_BOOM_BOSPLANTSOEN","0.18","80","80","80","80","253","CONTINUOUS","0.35","80","80","80","80","253","CONTINUOUS","0.35","80","80","80","80","253","V-CONTINUOUS-SO","0.35","80","80","80","80","253","CONTINUOUS","","","2907","360","http://digitalbuildingdata.tech/nlcs/def/ea3f5e44-8747-43b8-bd26-54e4385399ee","http://digitalbuildingdata.tech/nlcs/def/58a908d1-a966-4cc0-9318-93222d8567ea"
"HAAG_STRAK","*","_","**","_","GR","_","HAAG","_","STRAK","_","","_","","_","","_","","'-","","'-","G/S","'-","","SGR-HAAG","*_**_GR_HAAG_STRAK","0.13","90","92","90","90","253","CONTINUOUS","0.35","90","92","90","90","253","CONTINUOUS","0.35","90","92","90","90","253","V-CONTINUOUS-SO","0.35","90","92","90","90","253","CONTINUOUS","","","3096","380","http://digitalbuildingdata.tech/nlcs/def/802d5995-d792-4a07-ba26-665b37b7f656","http://digitalbuildingdata.tech/nlcs/def/3fb6e2f6-b5e6-4b61-9a5c-13b1ea2c85ee"
"BOOM_SOLITAIR","*","_","**","_","GR","_","BOOM","_","SOLITAIR","_","","_","","_","","_","","'-","","'-","G/S","'-","","SGR-BOOM","*_**_GR_BOOM_SOLITAIR","0.18","80","80","80","80","253","CONTINUOUS","0.35","80","80","80","80","253","CONTINUOUS","0.35","80","80","80","80","253","V-CONTINUOUS-SO","0.35","80","80","80","80","253","CONTINUOUS","","","2903","360","http://digitalbuildingdata.tech/nlcs/def/53973818-66e1-405e-9cf3-0d006a8da073","http://digitalbuildingdata.tech/nlcs/def/58a908d1-a966-4cc0-9318-93222d8567ea"
"SPORTVELD_KUNSTGRAS","*","_","**","_","GR","_","SPORTVELD","_","KUNSTGRAS","_","","_","","_","","_","","'-","","'-","G/A/S","'-","AGR-SPORTVELD","","*_**_GR_SPORTVELD_KUNSTGRAS","0.13","90","92","90","90","253","CONTINUOUS","0.35","90","92","90","90","253","CONTINUOUS","0.35","90","92","90","90","253","V-CONTINUOUS-SO","0.35","90","92","90","90","253","CONTINUOUS","","","409","406","http://digitalbuildingdata.tech/nlcs/def/5ef82bdf-15b9-4306-a673-d3cd4f511ac9","http://digitalbuildingdata.tech/nlcs/def/8a2155d5-95af-425d-b74f-436c61fd0429"
"BOOM_HOOGSTAM","*","_","**","_","GR","_","BOOM","_","HOOGSTAM","_","","_","","_","","_","","'-","","'-","G/S","'-","","SGR-BOOM","*_**_GR_BOOM_HOOGSTAM","0.18","80","82","80","80","253","CONTINUOUS","0.35","80","82","80","80","253","CONTINUOUS","0.35","80","82","80","80","253","V-CONTINUOUS-SO","0.35","80","82","80","80","253","CONTINUOUS","","","4197","360","http://digitalbuildingdata.tech/nlcs/def/b4471de0-2035-47b6-946e-55779cf59559","http://digitalbuildingdata.tech/nlcs/def/58a908d1-a966-4cc0-9318-93222d8567ea"
"BOOM_MEERSTAMMIG","*","_","**","_","GR","_","BOOM","_","MEERSTAMMIG","_","","_","","_","","_","","'-","","'-","G/S","'-","","SGR-BOOM","*_**_GR_BOOM_MEERSTAMMIG","0.18","80","82","80","80","253","CONTINUOUS","0.35","80","82","80","80","253","CONTINUOUS","0.35","80","82","80","80","253","V-CONTINUOUS-SO","0.35","80","82","80","80","253","CONTINUOUS","","","4265","360","http://digitalbuildingdata.tech/nlcs/def/1e601309-18ae-4681-bb32-cbe968e99d8d","http://digitalbuildingdata.tech/nlcs/def/58a908d1-a966-4cc0-9318-93222d8567ea"
"PLANTGATVERBETERING_BOMENGROND","*","_","**","_","GR","_","PLANTGATVERBETERING","_","BOMENGROND","_","","_","","_","","_","","'-","","'-","G/A/S","'-","AGR-PLANTGATVERBETERING","","*_**_GR_PLANTGATVERBETERING_BOMENGROND","0.13","90","92","90","90","253","CONTINUOUS","0.35","90","92","90","90","253","CONTINUOUS","0.35","90","92","90","90","253","V-CONTINUOUS-SO","0.35","90","92","90","90","253","CONTINUOUS","","","4774","364","http://digitalbuildingdata.tech/nlcs/def/bf18fdf9-68d6-4a92-9a85-95c0a732ae74","http://digitalbuildingdata.tech/nlcs/def/9f807563-95bc-404e-9120-933181c1a2cc"
"BOOM_BEVEERD","*","_","**","_","GR","_","BOOM","_","BEVEERD","_","","_","","_","","_","","'-","","'-","G/S","'-","","SGR-BOOM","*_**_GR_BOOM_BEVEERD","0.18","80","82","80","80","253","CONTINUOUS","0.35","80","82","80","80","253","CONTINUOUS","0.35","80","82","80","80","253","V-CONTINUOUS-SO","0.35","80","82","80","80","253","CONTINUOUS","","","4181","360","http://digitalbuildingdata.tech/nlcs/def/26611083-ab76-4708-8b92-2d76503fc5d6","http://digitalbuildingdata.tech/nlcs/def/58a908d1-a966-4cc0-9318-93222d8567ea"
"BOOM_VORM","*","_","**","_","GR","_","BOOM","_","VORM","_","","_","","_","","_","","'-","","'-","G/S","'-","","SGR-BOOM","*_**_GR_BOOM_VORM","0.18","80","82","80","80","253","CONTINUOUS","0.35","80","82","80","80","253","CONTINUOUS","0.35","80","82","80","80","253","V-CONTINUOUS-SO","0.35","80","82","80","80","253","CONTINUOUS","","","4281","360","http://digitalbuildingdata.tech/nlcs/def/f38505b5-670b-486c-8866-8a397c772676","http://digitalbuildingdata.tech/nlcs/def/58a908d1-a966-4cc0-9318-93222d8567ea"
"BOOM_LAAGSTAM","*","_","**","_","GR","_","BOOM","_","LAAGSTAM","_","","_","","_","","_","","'-","","'-","G/S","'-","","SGR-BOOM","*_**_GR_BOOM_LAAGSTAM","0.18","80","82","80","80","253","CONTINUOUS","0.35","80","82","80","80","253","CONTINUOUS","0.35","80","82","80","80","253","V-CONTINUOUS-SO","0.35","80","82","80","80","253","CONTINUOUS","","","4234","360","http://digitalbuildingdata.tech/nlcs/def/87c7cd76-0b80-4f15-aee9-8a021ebc1735","http://digitalbuildingdata.tech/nlcs/def/58a908d1-a966-4cc0-9318-93222d8567ea"
"BOOM_KROON","*","_","**","_","GR","_","BOOM","_","KROON","_","","_","","_","","_","","'-","","'-","G","'-","","","*_**_GR_BOOM_KROON","0.18","90","92","90","90","253","CONTINUOUS","0.35","90","92","90","90","253","CONTINUOUS","0.35","90","92","90","90","253","V-CONTINUOUS-SO","0.35","90","92","90","90","253","CONTINUOUS","","","3503","360","http://digitalbuildingdata.tech/nlcs/def/7da650bd-0068-4445-9352-090dfdd5d3fb","http://digitalbuildingdata.tech/nlcs/def/58a908d1-a966-4cc0-9318-93222d8567ea"
"SPORTVELD_BELIJNING","*","_","**","_","GR","_","SPORTVELD","_","BELIJNING","_","","_","","_","","_","","'-","","'-","G","'-","","","*_**_GR_SPORTVELD_BELIJNING","0.13","7","7","7","7","253","CONTINUOUS","0.35","7","7","7","7","253","CONTINUOUS","0.35","7","7","7","7","253","V-CONTINUOUS-SO","0.35","7","7","7","7","253","CONTINUOUS","","","407","406","http://digitalbuildingdata.tech/nlcs/def/c86eb98c-8dec-4ad5-880a-2dae51316a2b","http://digitalbuildingdata.tech/nlcs/def/8a2155d5-95af-425d-b74f-436c61fd0429"
"HAAG_DRAAD","*","_","**","_","GR","_","HAAG","_","DRAAD","_","","_","","_","","_","","'-","","'-","G","'-","","","*_**_GR_HAAG_DRAAD","0.13","90","92","90","90","253","GR-HAAG_DRAAD-SO","0.35","90","92","90","90","253","GR-HAAG_DRAAD-SO","0.35","90","92","90","90","253","V-GR-HAAG_DRAAD-SO","0.35","90","92","90","90","253","GR-HAAG_DRAAD-SO","","","4817","380","http://digitalbuildingdata.tech/nlcs/def/a546017d-b617-4a32-b992-e91696490aa2","http://digitalbuildingdata.tech/nlcs/def/3fb6e2f6-b5e6-4b61-9a5c-13b1ea2c85ee"
"HAAG_RASTER","*","_","**","_","GR","_","HAAG","_","RASTER","_","","_","","_","","_","","'-","","'-","G","'-","","","*_**_GR_HAAG_RASTER","0.13","90","92","90","90","253","GR-HAAG_RASTER-SO","0.35","90","92","90","90","253","GR-HAAG_RASTER-SO","0.35","90","92","90","90","253","V-GR-HAAG_RASTER-SO","0.35","90","92","90","90","253","GR-HAAG_RASTER-SO","","","4818","380","http://digitalbuildingdata.tech/nlcs/def/608b65bb-0b13-433f-9d7e-dda6bbbc637b","http://digitalbuildingdata.tech/nlcs/def/3fb6e2f6-b5e6-4b61-9a5c-13b1ea2c85ee"
"HOUTOPSTAND","*","_","**","_","GR","_","HOUTOPSTAND","_","","_","","_","","_","","_","","'-","","'-","G/A/S","'-","AGR-HOUTOPSTAND","SGR-HOUTOPSTAND","*_**_GR_HOUTOPSTAND","0.13","40","42","40","40","253","CONTINUOUS","0.35","40","42","40","40","253","CONTINUOUS","0.35","40","42","40","40","253","V-CONTINUOUS-SO","0.35","40","42","40","40","253","CONTINUOUS","","","368","","http://digitalbuildingdata.tech/nlcs/def/027c3e40-32b1-48ed-8f74-30ce1424286c",""
"STRUWEEL","*","_","**","_","GR","_","STRUWEEL","_","","_","","_","","_","","_","","'-","","'-","G/A/S","'-","AGR-STRUWEEL","SGR-STRUWEEL","*_**_GR_STRUWEEL","0.13","90","92","90","90","253","CONTINUOUS","0.35","90","92","90","90","253","CONTINUOUS","0.35","90","92","90","90","253","V-CONTINUOUS-SO","0.35","90","92","90","90","253","CONTINUOUS","","","372","","http://digitalbuildingdata.tech/nlcs/def/65fe9f15-6053-4ffc-a536-7ad4d0943f85",""
"BOS","*","_","**","_","GR","_","BOS","_","","_","","_","","_","","_","","'-","","'-","G/A/S","'-","AGR-BOS","SGR-BOS","*_**_GR_BOS","0.13","40","42","40","40","253","CONTINUOUS","0.35","40","42","40","40","253","CONTINUOUS","0.35","40","42","40","40","253","V-CONTINUOUS-SO","0.35","40","42","40","40","253","CONTINUOUS","","","356","","http://digitalbuildingdata.tech/nlcs/def/d58f6876-6e3a-4a04-9903-a6b8707eb036",""
"GRAS","*","_","**","_","GR","_","GRAS","_","","_","","_","","_","","_","","'-","","'-","G/A/S","'-","AGR-GRAS","SGR-GRAS","*_**_GR_GRAS","0.13","60","62","90","90","253","CONTINUOUS","0.35","60","62","90","90","253","CONTINUOUS","0.35","60","62","90","90","253","V-CONTINUOUS-SO","0.35","60","62","90","90","253","CONTINUOUS","","","401","","http://digitalbuildingdata.tech/nlcs/def/cc940334-64c4-42fc-a846-a38b7435777a",""
"SPORTVELD","*","_","**","_","GR","_","SPORTVELD","_","","_","","_","","_","","_","","'-","","'-","G/A/S","'-","AGR-SPORTVELD","SGR-SPORTVELD","*_**_GR_SPORTVELD","0.13","60","62","90","90","253","CONTINUOUS","0.35","60","62","90","90","253","CONTINUOUS","0.35","60","62","90","90","253","V-CONTINUOUS-SO","0.35","60","62","90","90","253","CONTINUOUS","","","406","","http://digitalbuildingdata.tech/nlcs/def/8a2155d5-95af-425d-b74f-436c61fd0429",""
"MAAIVELD","*","_","**","_","GR","_","MAAIVELD","_","","_","","_","","_","","_","","'-","","'-","G/A/S","'-","AGR-MAAIVELD","SGR-MAAIVELD","*_**_GR_MAAIVELD","0.13","90","92","90","90","253","CONTINUOUS","0.35","90","92","90","90","253","CONTINUOUS","0.35","90","92","90","90","253","V-CONTINUOUS-SO","0.35","90","92","90","90","253","CONTINUOUS","","","374","","http://digitalbuildingdata.tech/nlcs/def/4d4c49ac-28ce-405e-84da-1e3d0a19e52a",""
"BOLLEN","*","_","**","_","GR","_","BOLLEN","_","","_","","_","","_","","_","","'-","","'-","G/A/S","'-","AGR-BOLLEN","SGR-BOLLEN","*_**_GR_BOLLEN","0.13","90","92","90","90","253","CONTINUOUS","0.35","90","92","90","90","253","CONTINUOUS","0.35","90","92","90","90","253","V-CONTINUOUS-SO","0.35","90","92","90","90","253","CONTINUOUS","","","396","","http://digitalbuildingdata.tech/nlcs/def/9f974f0d-5b4a-4331-a2f3-9f5796bceaf3",""
"PLANTGATVERBETERING","*","_","**","_","GR","_","PLANTGATVERBETERING","_","","_","","_","","_","","_","","'-","","'-","G/A/S","'-","AGR-PLANTGATVERBETERING","SGR-PLANTGATVERBETERING","*_**_GR_PLANTGATVERBETERING","0.13","90","92","90","90","253","CONTINUOUS","0.35","90","92","90","90","253","CONTINUOUS","0.35","90","92","90","90","253","V-CONTINUOUS-SO","0.35","90","92","90","90","253","CONTINUOUS","","","364","","http://digitalbuildingdata.tech/nlcs/def/9f807563-95bc-404e-9120-933181c1a2cc",""
"HEESTER","*","_","**","_","GR","_","HEESTER","_","","_","","_","","_","","_","","'-","","'-","G/A/S","'-","AGR-HEESTERS","SGR-HEESTER","*_**_GR_HEESTER","0.13","90","92","90","90","253","CONTINUOUS","0.35","90","92","90","90","253","CONTINUOUS","0.35","90","92","90","90","253","V-CONTINUOUS-SO","0.35","90","92","90","90","253","CONTINUOUS","","","384","","http://digitalbuildingdata.tech/nlcs/def/6b06a598-55d5-431b-bb9c-b4e74e712a97",""
"BEPLANTING","*","_","**","_","GR","_","BEPLANTING","_","","_","","_","","_","","_","","'-","","'-","G/A/S","'-","AGR-BEPLANTING","SGR-BEPLANTING","*_**_GR_BEPLANTING","0.18","90","92","90","90","253","CONTINUOUS","0.35","90","92","90","90","253","CONTINUOUS","0.35","90","92","90","90","253","V-CONTINUOUS-SO","0.35","90","92","90","90","253","CONTINUOUS","","","2885","","http://digitalbuildingdata.tech/nlcs/def/96e08737-0fc0-4fa0-8b7e-f28369b8cd0a",""
"KRUIDEN","*","_","**","_","GR","_","KRUIDEN","_","","_","","_","","_","","_","","'-","","'-","G/A/S","'-","AGR-KRUIDEN","SGR-KRUIDEN","*_**_GR_KRUIDEN","0.13","90","92","90","90","253","CONTINUOUS","0.35","90","92","90","90","253","CONTINUOUS","0.35","90","92","90","90","253","V-CONTINUOUS-SO","0.35","90","92","90","90","253","CONTINUOUS","","","397","","http://digitalbuildingdata.tech/nlcs/def/793d7aa3-447a-489e-8550-90c9cfa22635",""
"MOERAS","*","_","**","_","GR","_","MOERAS","_","","_","","_","","_","","_","","'-","","'-","G/A/S","'-","AGR-MOERAS","SGR-MOERAS","*_**_GR_MOERAS","0.13","120","122","120","120","253","CONTINUOUS","0.35","120","122","120","120","253","CONTINUOUS","0.35","120","122","120","120","253","V-CONTINUOUS-SO","0.35","120","122","120","120","253","CONTINUOUS","","","412","","http://digitalbuildingdata.tech/nlcs/def/1e580ff4-9465-4193-8499-743cc55d76bf",""
"BOUWLAND","*","_","**","_","GR","_","BOUWLAND","_","","_","","_","","_","","_","","'-","","'-","G/S","'-","","SGR-BOUWLAND","*_**_GR_BOUWLAND","0.13","80","82","80","80","253","CONTINUOUS","0.35","80","82","80","80","253","CONTINUOUS","0.35","80","82","80","80","253","V-CONTINUOUS-SO","0.35","80","82","80","80","253","CONTINUOUS","","","3377","","http://digitalbuildingdata.tech/nlcs/def/64d4f082-c537-4e4c-9280-6f5fecab3ca1",""
"RIET","*","_","**","_","GR","_","RIET","_","","_","","_","","_","","_","","'-","","'-","G/A/S","'-","AGR-RIET","SGR-RIETLAND","*_**_GR_RIET","0.13","120","122","120","120","201,235,112","CONTINUOUS","0.35","120","122","120","120","253","CONTINUOUS","0.35","120","122","120","120","253","V-CONTINUOUS-SO","0.35","120","122","120","120","253","CONTINUOUS","","","411","","http://digitalbuildingdata.tech/nlcs/def/f02dd52d-f522-4849-afac-1af0a1d69124",""
"BLOEMBAK","*","_","**","_","GR","_","BLOEMBAK","_","","_","","_","","_","","_","","'-","","'-","G/S","'-","","SGR-BLOEMBAK","*_**_GR_BLOEMBAK","0.13","80","82","80","80","253","CONTINUOUS","0.35","80","82","80","80","253","CONTINUOUS","0.35","80","82","80","80","253","V-CONTINUOUS-SO","0.35","80","82","80","80","253","CONTINUOUS","","","3502","","http://digitalbuildingdata.tech/nlcs/def/fb6c991e-855b-41ab-a5be-80b9e35e1bfa",""
"BOOM","*","_","**","_","GR","_","BOOM","_","","_","","_","","_","","_","","'-","","'-","G/S","'-","","SGR-BOOM","*_**_GR_BOOM","0.18","80","82","80","80","253","CONTINUOUS","0.35","80","82","80","80","253","CONTINUOUS","0.35","80","82","80","80","253","V-CONTINUOUS-SO","0.35","80","82","80","80","253","CONTINUOUS","","","360","","http://digitalbuildingdata.tech/nlcs/def/58a908d1-a966-4cc0-9318-93222d8567ea",""
"BOOMTEELT","*","_","**","_","GR","_","BOOMTEELT","_","","_","","_","","_","","_","","'-","","'-","G/S","'-","","SGR-BOOMTEELT","*_**_GR_BOOMTEELT","0.13","110","112","110","110","253","CONTINUOUS","0.35","110","112","110","110","253","CONTINUOUS","0.35","110","112","110","110","253","V-CONTINUOUS-SO","0.35","110","112","110","110","253","CONTINUOUS","","","3376","","http://digitalbuildingdata.tech/nlcs/def/b79ca41e-ce40-4090-878c-20d2aafa7040",""
"HAAG","*","_","**","_","GR","_","HAAG","_","","_","","_","","_","","_","","'-","","'-","G/S","'-","","SGR-HAAG","*_**_GR_HAAG","0.13","90","92","90","90","253","CONTINUOUS","0.35","90","92","90","90","253","CONTINUOUS","0.35","90","92","90","90","253","V-CONTINUOUS-SO","0.35","90","92","90","90","253","CONTINUOUS","","","380","","http://digitalbuildingdata.tech/nlcs/def/3fb6e2f6-b5e6-4b61-9a5c-13b1ea2c85ee",""
"FRUITTEELT","*","_","**","_","GR","_","FRUITTEELT","_","","_","","_","","_","","_","","'-","","'-","G/S","'-","","SGR-FRUITTEELT","*_**_GR_FRUITTEELT","0.13","40","42","40","40","253","CONTINUOUS","0.35","40","42","40","40","253","CONTINUOUS","0.35","40","42","40","40","253","V-CONTINUOUS-SO","0.35","40","42","40","40","253","CONTINUOUS","","","3370","","http://digitalbuildingdata.tech/nlcs/def/1b395a4e-b3e2-4d76-9fba-55dc9117ebfc",""
"SOORTAANDUIDING","*","_","**","_","GR","_","SOORTAANDUIDING","_","","_","","_","","_","","_","","'-","","'-","S","'-","","SGR-SOORTAANDUIDING","*_**_GR_SOORTAANDUIDING","0.13","7","7","7","7","253","CONTINUOUS","0.35","7","7","7","7","253","CONTINUOUS","0.35","7","7","7","7","253","V-CONTINUOUS-SO","0.35","7","7","7","7","253","CONTINUOUS","","","354","","http://digitalbuildingdata.tech/nlcs/def/6347eecf-77ba-4abc-bb73-72b1abe299e8",""
"DUIN","*","_","**","_","GR","_","DUIN","_","","_","","_","","_","","_","","'-","","'-","G/S","'-","","SGR-DUIN","*_**_GR_DUIN","0.13","40","42","40","40","253","CONTINUOUS","0.35","40","42","40","40","253","CONTINUOUS","0.35","40","42","40","40","253","V-CONTINUOUS-SO","0.35","40","42","40","40","253","CONTINUOUS","","","3366","","http://digitalbuildingdata.tech/nlcs/def/c53d6dfd-cc8d-42f7-99b3-16224daddda9",""
"BOMENRIJ","*","_","**","_","GR","_","BOMENRIJ","_","","_","","_","","_","","_","","'-","","'-","G/S","'-","","SGR-BOMENRIJ","*_**_GR_BOMENRIJ","0.13","80","82","80","80","253","CONTINUOUS","0.35","80","82","80","80","253","CONTINUOUS","0.35","80","82","80","80","253","V-CONTINUOUS-SO","0.35","80","82","80","80","253","CONTINUOUS","","","3384","","http://digitalbuildingdata.tech/nlcs/def/e467bfd9-2765-4701-a26c-c72eebe21365",""
"CONIFEER","*","_","**","_","GR","_","CONIFEER","_","","_","","_","","_","","_","","'-","","'-","G/S","'-","","SGR-CONIFEER","*_**_GR_CONIFEER","0.13","90","92","90","90","253","CONTINUOUS","0.35","90","92","90","90","253","CONTINUOUS","0.35","90","92","90","90","253","V-CONTINUOUS-SO","0.35","90","92","90","90","253","CONTINUOUS","","","386","","http://digitalbuildingdata.tech/nlcs/def/a83995f2-57cd-4cb7-b13d-3c618b72ffeb",""
"VERWIJDEREN","*","_","**","_","GR","_","VERWIJDEREN","_","","_","","_","","_","","_","","'-","","'-","A","'-","AGR-VERWIJDEREN","","*_**_GR_VERWIJDEREN","0.13","10","12","10","10","253","CONTINUOUS","0.35","10","12","10","10","253","CONTINUOUS","0.35","10","12","10","10","253","V-CONTINUOUS-SO","0.35","10","12","10","10","253","CONTINUOUS","","","355","","http://digitalbuildingdata.tech/nlcs/def/62eb4af6-84fd-4c4c-8f44-7d79b6bbab1e",""
"DOORWORTELBARE RUIMTE","*","_","**","_","GR","_","DOORWORTELBARE RUIMTE","_","","_","","_","","_","","_","","'-","","'-","G/S","'-","","SGR-DOORWORTELBARE RUIMTE","*_**_GR_DOORWORTELBARE RUIMTE","0.13","80","82","80","80","253","CONTINUOUS","0.35","80","82","80","80","253","CONTINUOUS","0.35","80","82","80","80","253","V-CONTINUOUS-SO","0.35","80","82","80","80","253","CONTINUOUS","","","3383","","http://digitalbuildingdata.tech/nlcs/def/07d2bc07-1c45-4aa6-bdfc-319639d68c34",""
"PLANTENBAK","*","_","**","_","GR","_","PLANTENBAK","_","","_","","_","","_","","_","","'-","","'-","G/S","'-","","SGR-PLANTENBAK","*_**_GR_PLANTENBAK","0.13","90","92","90","90","253","CONTINUOUS","0.25","90","92","90","90","253","CONTINUOUS","0.25","90","92","90","90","253","V-CONTINUOUS-SO","0.25","90","92","90","90","253","CONTINUOUS","","","398","","http://digitalbuildingdata.tech/nlcs/def/a59f4b72-3c5d-4e49-9038-91775522c10f",""
"HEIDE","*","_","**","_","GR","_","HEIDE","_","","_","","_","","_","","_","","'-","","'-","G/S","'-","","SGR-HEIDE","*_**_GR_HEIDE","0.13","200","202","200","200","253","CONTINUOUS","0.35","200","202","200","200","253","CONTINUOUS","0.35","200","202","200","200","253","V-CONTINUOUS-SO","0.35","200","202","200","200","253","CONTINUOUS","","","410","","http://digitalbuildingdata.tech/nlcs/def/47943596-9c3d-488f-9742-a58735d6756f",""
"KWELDER","*","_","**","_","GR","_","KWELDER","_","","_","","_","","_","","_","","'-","","'-","G/S","'-","","SGR-KWELDER","*_**_GR_KWELDER","0.13","40","42","40","40","253","CONTINUOUS","0.35","40","42","40","40","253","CONTINUOUS","0.35","40","42","40","40","253","V-CONTINUOUS-SO","0.35","40","42","40","40","253","CONTINUOUS","","","3369","","http://digitalbuildingdata.tech/nlcs/def/63ed4dd8-7afa-4f87-8ede-407bdedae94e",""
"SIERPLANTSOEN","*","_","**","_","GR","_","SIERPLANTSOEN","_","","_","","_","","_","","_","","'-","","'-","G/S","'-","","SGR-SIERPLANTSOEN","*_**_GR_SIERPLANTSOEN","0.18","90","92","90","90","253","CONTINUOUS","0.35","90","92","90","90","253","CONTINUOUS","0.35","90","92","90","90","253","V-CONTINUOUS-SO","0.35","90","92","90","90","253","CONTINUOUS","","","3040","","http://digitalbuildingdata.tech/nlcs/def/1fc12ce7-05c4-4c73-b215-01bdf9c73f67",""
"TYPEAANDUIDING","*","_","**","_","GR","_","TYPEAANDUIDING","_","","_","","_","","_","","_","","'-","","'-","S","'-","","SGR-TYPEAANDUIDING","*_**_GR_TYPEAANDUIDING","0.13","7","7","7","7","253","CONTINUOUS","0.35","7","7","7","7","253","CONTINUOUS","0.35","7","7","7","7","253","V-CONTINUOUS-SO","0.35","7","7","7","7","253","CONTINUOUS","","","353","","http://digitalbuildingdata.tech/nlcs/def/8a7fd75d-acf7-49ca-b09b-0a00f193b9d4",""
"HOUTWAL","*","_","**","_","GR","_","HOUTWAL","_","","_","","_","","_","","_","","'-","","'-","G/S","'-","","SGR-HOUTWAL","*_**_GR_HOUTWAL","0.13","40","42","40","40","253","CONTINUOUS","0.35","40","42","40","40","253","CONTINUOUS","0.35","40","42","40","40","253","V-CONTINUOUS-SO","0.35","40","42","40","40","253","CONTINUOUS","","","367","","http://digitalbuildingdata.tech/nlcs/def/3147d68a-3c6b-47be-940e-acb7796ff732",""
"HONDENTOILET","*","_","**","_","GR","_","HONDENTOILET","_","","_","","_","","_","","_","","'-","","'-","G/S","'-","","SGR-HONDENTOILET","*_**_GR_HONDENTOILET","0.13","30","32","120","120","253","CONTINUOUS","0.35","30","32","120","120","253","CONTINUOUS","0.35","30","32","120","120","253","V-CONTINUOUS-SO","0.35","30","32","120","120","253","CONTINUOUS","","","413","","http://digitalbuildingdata.tech/nlcs/def/0983063d-314c-456d-9ae2-02653b369d88",""
"GRIEND","*","_","**","_","GR","_","GRIEND","_","","_","","_","","_","","_","","'-","","'-","G","'-","","","*_**_GR_GRIEND","0.18","40","40","40","40","253","CONTINUOUS","0.35","40","40","40","40","253","CONTINUOUS","0.35","40","40","40","40","253","V-CONTINUOUS-SO","0.35","40","40","40","40","253","CONTINUOUS","","","2884","","http://digitalbuildingdata.tech/nlcs/def/0c731fee-1b95-42af-996f-fa0df2827ec2",""
"PERK","*","_","**","_","GR","_","PERK","_","","_","","_","","_","","_","","'-","","'-","G","'-","","","*_**_GR_PERK","0.13","90","92","90","90","253","CONTINUOUS","0.35","90","92","90","90","253","CONTINUOUS","0.35","90","92","90","90","253","V-CONTINUOUS-SO","0.35","90","92","90","90","253","CONTINUOUS","","","378","","http://digitalbuildingdata.tech/nlcs/def/39a088ac-f00e-42f1-818f-ed043f20a9a2",""
"STRUIK","*","_","**","_","GR","_","STRUIK","_","","_","","_","","_","","_","","'-","","'-","G","'-","","","*_**_GR_STRUIK","0.13","90","92","90","90","253","CONTINUOUS","0.35","90","92","90","90","253","CONTINUOUS","0.35","90","92","90","90","253","V-CONTINUOUS-SO","0.35","90","92","90","90","253","CONTINUOUS","","","373","","http://digitalbuildingdata.tech/nlcs/def/13ea8557-cbab-4d6f-939a-4a9ddeb7261d",""
"HAKHOUT","*","_","**","_","GR","_","HAKHOUT","_","","_","","_","","_","","_","","'-","","'-","G","'-","","","*_**_GR_HAKHOUT","0.18","40","40","40","40","253","CONTINUOUS","0.35","40","40","40","40","253","CONTINUOUS","0.35","40","40","40","40","253","V-CONTINUOUS-SO","0.35","40","40","40","40","253","CONTINUOUS","","","2883","","http://digitalbuildingdata.tech/nlcs/def/aeab7f2a-f823-46ee-b822-df7e6e20aa2b",""
"GROENSTROOK","*","_","**","_","GR","_","GROENSTROOK","_","","_","","_","","_","","_","","'-","","'-","G","'-","","","*_**_GR_GROENSTROOK","0.13","90","92","90","90","253","CONTINUOUS","0.35","90","92","90","90","253","CONTINUOUS","0.35","90","92","90","90","253","V-CONTINUOUS-SO","0.35","90","92","90","90","253","CONTINUOUS","","","379","","http://digitalbuildingdata.tech/nlcs/def/8103e478-e744-4023-9cfc-035fbb51cdb3",""
"GROENVOORZIENING","*","_","**","_","GR","_","GROENVOORZIENING","_","","_","","_","","_","","_","","'-","","'-","G","'-","","","*_**_GR_GROENVOORZIENING","0.18","80","80","80","80","140,168,0","CONTINUOUS","0.35","80","80","80","80","253","CONTINUOUS","0.35","80","80","80","80","253","V-CONTINUOUS-SO","0.35","80","80","80","80","253","CONTINUOUS","","","2882","","http://digitalbuildingdata.tech/nlcs/def/6c537109-02f7-4e2a-8c50-7fd1e2633798",""